symbol,series,trade_date,prev_close,open_price,high_price,low_price,last_price,close_price,average_price,total_traded_quantity,turnover_inr,no_of_trades,deliverable_qty,deliverable_pct,daily_return
HDFCBANK,EQ,2021-09-13,1568.6,1562.0,1584.0,1553.65,1555.75,1555.55,1560.43,4479582,6990094956.85,162851,3354836,74.89,
HDFCBANK,EQ,2021-09-14,1555.55,1560.0,1564.5,1546.6,1550.0,1548.55,1552.26,4879253,7573882023.65,152737,3748148,76.82,-0.004500016071485979
HDFCBANK,EQ,2021-09-15,1548.55,1535.0,1554.8,1535.0,1546.75,1546.8,1543.76,7411499,11441551323.5,196864,5419693,73.13,-0.0011300894385070093
HDFCBANK,EQ,2021-09-16,1546.8,1537.75,1564.3,1536.3,1561.0,1559.95,1551.38,5130275,7958996358.25,158542,2478795,48.32,0.008501422291181893
HDFCBANK,EQ,2021-09-17,1559.95,1569.0,1589.0,1559.2,1585.55,1582.15,1576.23,10249051,16154811176.7,203624,6160971,60.11,0.014231225359787159
HDFCBANK,EQ,2021-09-20,1582.15,1564.0,1581.7,1558.0,1559.75,1559.85,1569.06,4390805,6889437483.3,144006,2618610,59.64,-0.014094744493252986
HDFCBANK,EQ,2021-09-21,1559.85,1562.0,1568.65,1528.95,1553.5,1551.95,1544.53,7387498,11410202963.4,162406,4642760,62.85,-0.005064589543866349
HDFCBANK,EQ,2021-09-22,1551.95,1549.0,1550.15,1530.0,1536.05,1533.7,1536.98,5291101,8132332795.9,204046,3043041,57.51,-0.011759399465189002
HDFCBANK,EQ,2021-09-23,1533.7,1542.0,1572.0,1542.0,1571.6,1570.0,1561.26,6832152,10666787042.0,221318,4366722,63.91,0.023668253243789517
HDFCBANK,EQ,2021-09-24,1570.0,1579.0,1607.95,1575.0,1599.5,1601.55,1593.03,10403351,16572894842.45,285125,6212213,59.71,0.020095541401273787
HDFCBANK,EQ,2021-09-27,1601.55,1615.7,1635.5,1608.0,1625.0,1625.1,1626.52,8207731,13350052031.55,245375,5061617,61.67,0.014704505010770808
HDFCBANK,EQ,2021-09-28,1625.1,1632.0,1632.0,1582.0,1606.8,1615.05,1605.07,6386895,10251417507.15,193041,3472588,54.37,-0.006184234816319023
HDFCBANK,EQ,2021-09-29,1615.05,1597.0,1606.6,1585.15,1594.85,1593.85,1595.02,8131518,12969942389.35,180383,5400885,66.42,-0.013126528590446163
HDFCBANK,EQ,2021-09-30,1593.85,1586.0,1606.35,1583.1,1592.85,1594.95,1594.87,7987674,12739278381.65,216914,4213557,52.75,0.0006901527747278369
HDFCBANK,EQ,2021-10-01,1594.95,1583.0,1589.0,1565.25,1585.65,1582.7,1577.48,5564298,8777582941.65,145318,3862291,69.41,-0.007680491551459334
HDFCBANK,EQ,2021-10-04,1582.7,1589.0,1601.35,1583.6,1588.0,1585.75,1591.34,3525514,5610300755.65,141789,2240254,63.54,0.0019270866241232198
HDFCBANK,EQ,2021-10-05,1585.75,1592.0,1597.5,1576.25,1593.8,1595.45,1589.01,5128589,8149378134.45,154894,3346622,65.25,0.006116979347311924
HDFCBANK,EQ,2021-10-06,1595.45,1596.0,1626.85,1587.0,1613.0,1614.9,1614.91,9300415,15019364575.35,198719,6227027,66.95,0.012190917922843214
HDFCBANK,EQ,2021-10-07,1614.9,1626.6,1627.7,1607.0,1610.4,1610.5,1617.47,5632862,9110970657.3,179258,3460296,61.43,-0.0027246269118831323
HDFCBANK,EQ,2021-10-08,1610.5,1612.0,1622.0,1600.15,1607.0,1602.65,1612.01,3622781,5839965046.25,180918,2298470,63.44,-0.004874262651350492
HDFCBANK,EQ,2021-10-11,1602.65,1599.9,1645.0,1599.0,1633.1,1633.8,1631.24,6540424,10669009659.45,199109,4288726,65.57,0.01943655820048029
HDFCBANK,EQ,2021-10-12,1633.8,1625.0,1641.55,1625.0,1630.0,1629.6,1632.78,4088473,6675577153.9,127205,2149685,52.58,-0.0025706940874036244
HDFCBANK,EQ,2021-10-13,1629.6,1637.0,1648.0,1630.0,1637.0,1639.4,1638.14,3112822,5099233631.5,121391,1798733,57.78,0.006013745704467555
HDFCBANK,EQ,2021-10-14,1639.4,1638.0,1690.0,1638.0,1687.0,1687.4,1668.19,7378644,12308970465.55,218094,3835435,51.98,0.029279004513846463
HDFCBANK,EQ,2021-10-18,1687.4,1705.0,1725.0,1667.05,1674.5,1670.3,1690.0,14428228,24383700241.85,413049,8220482,56.97,-0.010133933862747524
HDFCBANK,EQ,2021-10-19,1670.3,1675.45,1692.45,1671.0,1687.6,1688.7,1685.37,4493770,7573646982.9,146669,2218411,49.37,0.011015985152367902
HDFCBANK,EQ,2021-10-20,1688.7,1689.1,1698.75,1664.45,1675.6,1673.85,1676.16,5454284,9142241514.6,187374,3521937,64.57,-0.00879374666903543
HDFCBANK,EQ,2021-10-21,1673.85,1671.8,1681.95,1660.85,1680.0,1676.3,1672.14,4869095,8141831326.95,181241,2926337,60.1,0.0014636914896795084
HDFCBANK,EQ,2021-10-22,1676.3,1680.1,1708.0,1670.75,1683.0,1680.75,1692.82,6087777,10305520528.65,173531,3171466,52.1,0.002654656087812457
HDFCBANK,EQ,2021-10-25,1680.75,1690.0,1690.0,1613.8,1657.3,1657.0,1654.95,8213383,13592747672.7,230480,4006629,48.78,-0.014130596459913769
HDFCBANK,EQ,2021-10-26,1657.0,1650.0,1673.85,1646.35,1655.45,1652.75,1656.8,6045328,10015873516.45,167665,4294683,71.04,-0.0025648762824381777
HDFCBANK,EQ,2021-10-27,1652.75,1652.75,1665.05,1637.3,1642.7,1642.8,1649.62,6624821,10928433828.3,159662,4849303,73.2,-0.006020269248222632
HDFCBANK,EQ,2021-10-28,1642.8,1650.0,1650.0,1587.15,1592.4,1593.6,1617.53,8898875,14394211074.4,197678,5321326,59.8,-0.02994886778670569
HDFCBANK,EQ,2021-10-29,1593.6,1590.0,1602.0,1560.0,1587.9,1582.85,1584.16,6203437,9827217126.8,187391,3509518,56.57,-0.006745732931726867
HDFCBANK,EQ,2021-11-01,1582.85,1585.0,1611.0,1583.55,1609.0,1605.3,1594.91,4061160,6477168351.5,154509,2186450,53.84,0.014183277000347605
HDFCBANK,EQ,2021-11-02,1605.3,1606.0,1622.0,1600.05,1605.0,1606.75,1610.07,6618861,10656813765.4,190992,4327632,65.38,0.0009032579580141586
HDFCBANK,EQ,2021-11-03,1606.75,1605.1,1609.9,1575.55,1582.0,1581.45,1596.24,5103669,8146688582.9,171297,3013031,59.04,-0.015746071261864003
HDFCBANK,EQ,2021-11-04,1581.45,1595.0,1597.85,1590.1,1595.2,1593.95,1594.17,548404,874247081.1,41400,327517,59.72,0.007904138606974698
HDFCBANK,EQ,2021-11-08,1593.95,1592.1,1604.7,1570.45,1600.0,1600.25,1586.02,9471790,15022453102.5,201396,7415309,78.29,0.003952445183349473
HDFCBANK,EQ,2021-11-09,1600.25,1594.6,1594.6,1569.05,1573.0,1572.25,1576.98,6347738,10010275270.5,240815,4613239,72.68,-0.017497266052179383
HDFCBANK,EQ,2021-11-10,1572.25,1568.0,1569.0,1550.0,1555.0,1555.25,1556.97,6857063,10676261141.35,233747,5316027,77.53,-0.010812529813960858
HDFCBANK,EQ,2021-11-11,1555.25,1550.05,1554.9,1535.6,1549.6,1548.3,1543.95,3999702,6175323288.3,157896,2359811,59.0,-0.004468734930075602
HDFCBANK,EQ,2021-11-12,1548.3,1550.0,1559.05,1545.05,1554.45,1553.0,1551.65,7457046,11570722042.8,170825,6028992,80.85,0.003035587418458885
HDFCBANK,EQ,2021-11-15,1553.0,1562.1,1571.85,1554.4,1555.0,1557.25,1561.48,4766797,7443240911.85,231105,3348551,70.25,0.00273663876368313
HDFCBANK,EQ,2021-11-16,1557.25,1555.0,1557.2,1541.6,1547.55,1548.0,1548.02,4122703,6382046601.15,139578,3120847,75.7,-0.005939958259752798
HDFCBANK,EQ,2021-11-17,1548.0,1536.9,1544.0,1528.5,1531.2,1530.8,1535.47,3799439,5833910234.85,145953,2426211,63.86,-0.011111111111111183
HDFCBANK,EQ,2021-11-18,1530.8,1526.05,1543.5,1525.25,1538.5,1539.4,1536.6,4576437,7032168198.55,181690,2775777,60.65,0.005617977528090012
HDFCBANK,EQ,2021-11-22,1539.4,1546.0,1552.7,1499.05,1520.95,1515.35,1524.17,7630636,11630387262.15,222669,5181802,67.91,-0.015622969988307256
HDFCBANK,EQ,2021-11-23,1515.35,1502.0,1527.8,1496.35,1517.0,1515.55,1517.4,5617607,8524161069.85,164898,3430808,61.07,0.00013198271026504393
HDFCBANK,EQ,2021-11-24,1515.55,1524.0,1536.35,1514.05,1516.95,1518.05,1524.49,15401143,23478856200.4,141801,13238732,85.96,0.0016495661640989479
HDFCBANK,EQ,2021-11-25,1518.05,1514.8,1533.3,1507.0,1522.8,1525.95,1518.57,5125826,7783949039.15,138468,3449892,67.3,0.005204044662560525
HDFCBANK,EQ,2021-11-26,1525.95,1500.0,1506.7,1485.0,1489.5,1489.9,1497.04,9312468,13941134793.15,250716,7121233,76.47,-0.023624627281365718
HDFCBANK,EQ,2021-11-29,1489.9,1494.8,1507.65,1462.0,1499.05,1501.25,1489.0,6495498,9671797937.9,202157,4000943,61.6,0.007617960936975532
HDFCBANK,EQ,2021-11-30,1501.25,1495.0,1529.0,1486.55,1490.8,1493.55,1508.6,12610771,19024641550.1,257120,9136547,72.45,-0.005129059117402246
HDFCBANK,EQ,2021-12-01,1493.55,1495.0,1507.05,1489.1,1506.4,1504.65,1500.08,4338817,6508562416.95,162233,2602790,59.99,0.007431957416892621
HDFCBANK,EQ,2021-12-02,1504.65,1504.5,1528.8,1500.0,1526.0,1525.75,1519.11,5601555,8509395043.85,187845,3834955,68.46,0.014023194762901703
HDFCBANK,EQ,2021-12-03,1525.75,1525.8,1535.95,1507.05,1514.0,1513.55,1522.48,4062347,6184845154.85,143318,2722337,67.01,-0.007996067507783033
HDFCBANK,EQ,2021-12-06,1513.55,1513.0,1518.8,1497.35,1504.7,1503.8,1507.25,3514766,5297635143.4,141743,1870296,53.21,-0.0064418089921046695
HDFCBANK,EQ,2021-12-07,1503.8,1513.95,1532.0,1509.9,1524.65,1525.7,1523.82,6213767,9468635108.15,148533,4333305,69.74,0.014563106796116498
HDFCBANK,EQ,2021-12-08,1525.7,1536.0,1555.05,1534.0,1553.5,1553.8,1545.2,7647767,11817305888.55,229215,5641750,73.77,0.018417775447335583
HDFCBANK,EQ,2021-12-09,1553.8,1545.2,1554.7,1522.0,1526.0,1526.85,1530.57,5873872,8990397300.15,148558,3900369,66.4,-0.017344574591324546
HDFCBANK,EQ,2021-12-10,1526.85,1524.9,1528.0,1508.45,1524.0,1522.55,1521.33,3889692,5917512516.45,123564,2503457,64.36,-0.002816255689818914
HDFCBANK,EQ,2021-12-13,1522.55,1526.0,1537.65,1507.2,1513.2,1511.15,1523.63,5161071,7863562721.05,143473,3012915,58.38,-0.007487438836162874
HDFCBANK,EQ,2021-12-14,1511.15,1502.5,1516.0,1497.05,1504.0,1502.45,1505.1,4595550,6916756665.4,175566,2780047,60.49,-0.00575720477781827
HDFCBANK,EQ,2021-12-15,1502.45,1503.0,1523.35,1495.65,1500.0,1500.0,1504.12,5057574,7607173782.9,133205,3207512,63.42,-0.0016306699058205032
HDFCBANK,EQ,2021-12-16,1500.0,1512.8,1517.0,1494.0,1503.35,1500.1,1505.13,6605216,9941739913.65,179348,4327258,65.51,6.666666666665932e-05
HDFCBANK,EQ,2021-12-17,1500.1,1497.0,1506.0,1467.7,1476.0,1473.05,1479.06,7497384,11089043997.5,194713,4384118,58.48,-0.01803213119125391
HDFCBANK,EQ,2021-12-20,1473.05,1452.0,1458.0,1414.1,1424.5,1425.65,1426.64,10578334,15091475327.05,411439,6130252,57.95,-0.03217813380401202
HDFCBANK,EQ,2021-12-21,1425.65,1439.5,1450.75,1430.0,1444.65,1441.8,1441.88,4559375,6574078457.0,171631,2926685,64.19,0.011328166099673798
HDFCBANK,EQ,2021-12-22,1441.8,1452.3,1456.0,1435.7,1447.5,1445.2,1443.59,4288742,6191198173.75,167203,2621782,61.13,0.002358163406852576
HDFCBANK,EQ,2021-12-23,1445.2,1453.25,1457.8,1436.85,1438.7,1444.1,1449.12,4889583,7085601869.05,162623,3488706,71.35,-0.000761140326598464
HDFCBANK,EQ,2021-12-24,1444.1,1445.5,1452.0,1428.0,1439.45,1438.9,1438.31,2780512,3999233572.85,110788,1333057,47.94,-0.003600858666297224
HDFCBANK,EQ,2021-12-27,1438.9,1428.9,1454.0,1422.15,1453.0,1450.8,1440.89,2352549,3389765991.15,102204,1059977,45.06,0.008270206407672509
HDFCBANK,EQ,2021-12-28,1450.8,1460.7,1466.9,1453.4,1460.95,1460.8,1460.32,2725339,3979861736.65,115091,1537103,56.4,0.006892748828232653
HDFCBANK,EQ,2021-12-29,1460.8,1456.05,1461.0,1447.4,1451.0,1453.85,1455.12,3834351,5579443240.75,114258,2699942,70.41,-0.004757667031763502
HDFCBANK,EQ,2021-12-30,1453.85,1458.5,1466.85,1445.0,1464.0,1461.5,1459.33,3607959,5265199026.3,97583,2172466,60.21,0.005261890841558703
HDFCBANK,EQ,2021-12-31,1461.5,1461.5,1484.8,1461.5,1481.0,1479.4,1478.42,3162868,4676036651.65,123205,2213965,70.0,0.012247690728703464
HDFCBANK,EQ,2022-01-03,1479.4,1485.0,1523.0,1480.5,1519.8,1519.65,1507.81,4534592,6837317353.95,149449,2547793,56.19,0.02720697580100051
HDFCBANK,EQ,2022-01-04,1519.65,1520.0,1532.9,1507.8,1528.05,1528.55,1521.68,4428676,6739031718.85,134455,2290497,51.72,0.005856611719803784
HDFCBANK,EQ,2022-01-05,1528.55,1536.8,1572.0,1528.1,1562.1,1564.85,1554.91,7166319,11142988763.2,208851,4330325,60.43,0.02374799646724024
HDFCBANK,EQ,2022-01-06,1564.85,1543.0,1554.75,1530.05,1540.0,1539.75,1540.71,4814465,7417694108.65,143958,2610792,54.23,-0.01603987602645618
HDFCBANK,EQ,2022-01-07,1539.75,1544.0,1566.75,1535.9,1552.75,1550.55,1552.05,5589692,8675465609.4,166966,3318463,59.37,0.00701412566975157
HDFCBANK,EQ,2022-01-10,1550.55,1558.0,1572.0,1545.5,1561.0,1559.15,1556.89,4428248,6894310964.25,159643,2724323,61.52,0.005546419012608439
HDFCBANK,EQ,2022-01-11,1559.15,1561.55,1568.7,1547.8,1566.0,1565.9,1558.68,4194599,6538055144.4,166520,2692404,64.19,0.0043292819805662575
HDFCBANK,EQ,2022-01-12,1565.9,1568.0,1576.65,1552.0,1556.15,1556.65,1564.75,10542765,16496787237.55,239760,8472922,80.37,-0.0059071460501948225
HDFCBANK,EQ,2022-01-13,1556.65,1555.0,1555.0,1520.4,1529.0,1528.0,1532.69,20981948,32158717522.45,259715,13411804,63.92,-0.018404907975460127
HDFCBANK,EQ,2022-01-14,1528.0,1530.0,1548.7,1519.0,1543.8,1545.15,1535.22,5604484,8604102722.25,149071,3241415,57.84,0.01122382198952887
HDFCBANK,EQ,2022-01-17,1545.15,1530.0,1556.0,1519.15,1523.5,1521.5,1530.58,11494686,17593533649.05,294100,7079977,61.59,-0.015305957350419064
HDFCBANK,EQ,2022-01-18,1521.5,1533.0,1550.9,1523.0,1528.1,1529.25,1536.97,6170576,9483960773.9,202364,2641844,42.81,0.005093657574761767
HDFCBANK,EQ,2022-01-19,1529.25,1534.0,1539.75,1513.35,1519.1,1518.45,1525.22,7158813,10918735959.45,227709,4233848,59.14,-0.007062285434036308
HDFCBANK,EQ,2022-01-20,1518.45,1528.45,1528.5,1500.1,1512.0,1509.0,1512.74,7598923,11495222004.6,187879,5245213,69.03,-0.006223451545984471
HDFCBANK,EQ,2022-01-21,1509.0,1500.0,1529.8,1485.6,1527.7,1521.6,1509.69,5768847,8709164177.35,184858,3548919,61.52,0.008349900596421378
HDFCBANK,EQ,2022-01-24,1521.6,1509.95,1521.25,1467.55,1484.6,1486.65,1493.6,5934254,8863401561.75,211145,3547344,59.78,-0.02296924290220803
HDFCBANK,EQ,2022-01-25,1486.65,1458.65,1495.0,1444.0,1490.25,1488.05,1467.17,6797124,9972548095.6,307977,3519095,51.77,0.0009417145932129056
HDFCBANK,EQ,2022-01-27,1488.05,1450.0,1485.0,1435.0,1482.0,1474.95,1454.91,14308919,20818170830.0,398704,9049568,63.24,-0.008803467625415728
HDFCBANK,EQ,2022-01-28,1474.95,1477.5,1486.7,1460.0,1463.25,1463.25,1475.5,12462604,18388622965.7,310264,9179509,73.66,-0.00793247228719618
HDFCBANK,EQ,2022-01-31,1463.25,1472.75,1491.55,1466.8,1484.55,1485.7,1479.18,6421273,9498216296.1,178623,3981352,62.0,0.01534255937126261
HDFCBANK,EQ,2022-02-01,1485.7,1508.5,1517.0,1473.45,1500.0,1497.0,1500.43,7369742,11057783148.0,209907,3575266,48.51,0.007605842363868742
HDFCBANK,EQ,2022-02-02,1497.0,1511.95,1535.0,1505.6,1535.0,1531.2,1526.26,6984645,10660387041.25,182857,4695614,67.23,0.022845691382765487
HDFCBANK,EQ,2022-02-03,1531.2,1528.75,1539.95,1509.0,1510.4,1515.35,1527.81,5282381,8070475923.25,280078,3547783,67.16,-0.010351358411703315
HDFCBANK,EQ,2022-02-04,1515.35,1528.4,1532.85,1514.1,1521.1,1524.0,1523.56,5789979,8821362879.95,168452,3967301,68.52,0.00570825221895932
HDFCBANK,EQ,2022-02-07,1524.0,1512.1,1519.0,1460.0,1471.05,1468.15,1478.57,6134021,9069579092.75,263901,3793237,61.84,-0.036646981627296515
HDFCBANK,EQ,2022-02-08,1468.15,1476.4,1478.45,1444.55,1458.0,1461.85,1459.69,6990565,10204065680.95,217552,4197709,60.05,-0.004291114668119822
HDFCBANK,EQ,2022-02-09,1461.85,1474.0,1499.7,1467.0,1498.4,1497.6,1487.26,5654171,8409211754.95,152404,3379878,59.78,0.024455313472654616
HDFCBANK,EQ,2022-02-10,1497.6,1514.0,1535.5,1501.65,1523.6,1525.1,1523.34,7157265,10902940455.85,213562,4616913,64.51,0.018362713675213582
HDFCBANK,EQ,2022-02-11,1525.1,1500.25,1525.0,1499.5,1516.0,1518.85,1514.35,5355552,8110162062.9,143617,3704108,69.16,-0.004098091928398162
HDFCBANK,EQ,2022-02-14,1518.85,1490.0,1499.45,1469.3,1472.0,1473.7,1479.38,7328310,10841372315.75,228169,5409143,73.81,-0.029726437765414504
HDFCBANK,EQ,2022-02-15,1473.7,1476.0,1524.9,1473.05,1519.45,1517.8,1499.93,6567533,9850825873.15,213639,4145769,63.13,0.029924679378435126
HDFCBANK,EQ,2022-02-16,1517.8,1534.35,1534.75,1507.0,1512.5,1515.75,1521.07,5016132,7629865425.35,142489,2924735,58.31,-0.0013506390828831316
HDFCBANK,EQ,2022-02-17,1515.75,1513.1,1522.0,1502.0,1504.45,1506.5,1511.79,3675604,5556743520.45,124317,1787207,48.62,-0.006102589477156473
HDFCBANK,EQ,2022-02-18,1506.5,1498.3,1517.0,1490.45,1511.0,1512.35,1505.99,3898064,5870462943.2,135186,2221655,56.99,0.0038831729173580687
HDFCBANK,EQ,2022-02-21,1512.35,1504.0,1530.7,1495.55,1523.45,1522.1,1518.53,3734033,5670227018.0,148113,1843676,49.37,0.006446920355737795
HDFCBANK,EQ,2022-02-22,1522.1,1489.8,1522.1,1487.95,1508.0,1510.7,1508.83,4768098,7194245650.2,238977,2362526,49.55,-0.007489652453846585
HDFCBANK,EQ,2022-02-23,1510.7,1525.1,1525.7,1495.65,1500.0,1500.9,1511.14,4514781,6822487865.95,182373,2897494,64.18,-0.006487058979281146
HDFCBANK,EQ,2022-02-24,1500.9,1449.9,1474.95,1407.15,1410.2,1419.4,1448.27,11815383,17111812498.0,364952,7159199,60.59,-0.05430075288160441
HDFCBANK,EQ,2022-02-25,1419.4,1439.95,1465.9,1432.85,1456.3,1456.1,1454.62,9159327,13323309790.05,204609,6257959,68.32,0.02585599549105244
HDFCBANK,EQ,2022-02-28,1456.1,1426.0,1438.55,1414.05,1428.8,1426.25,1424.95,12440416,17726991025.25,337515,9206870,74.01,-0.020499965661698982
HDFCBANK,EQ,2022-03-02,1426.25,1386.5,1398.4,1354.4,1378.55,1374.25,1372.96,19252780,26433316653.6,590118,13593351,70.6,-0.036459246275197144
HDFCBANK,EQ,2022-03-03,1374.25,1381.0,1392.0,1362.9,1373.35,1371.0,1377.34,8763961,12070939839.35,355777,5607536,63.98,-0.0023649263234492013
HDFCBANK,EQ,2022-03-04,1371.0,1360.0,1386.0,1336.9,1364.95,1366.5,1359.66,10609682,14425584670.8,351310,7005918,66.03,-0.003282275711159688
HDFCBANK,EQ,2022-03-07,1366.5,1318.5,1332.35,1297.05,1326.0,1324.8,1314.7,13527229,17784238071.95,426139,8418793,62.24,-0.030515916575192148
HDFCBANK,EQ,2022-03-08,1324.8,1302.2,1334.0,1292.0,1333.0,1327.8,1305.18,19606246,25589677980.15,527016,11934591,60.87,0.0022644927536232817
HDFCBANK,EQ,2022-03-09,1327.8,1330.0,1374.7,1318.85,1371.05,1371.15,1347.62,11567347,15588358448.15,330592,7459892,64.49,0.03264798915499334
HDFCBANK,EQ,2022-03-10,1371.15,1427.0,1427.0,1380.25,1388.9,1392.7,1404.82,11136603,15644870615.7,277256,5815424,52.22,0.015716734128286447
HDFCBANK,EQ,2022-03-11,1392.7,1388.0,1408.95,1372.7,1396.0,1396.8,1396.47,7575390,10578797843.2,204283,4434451,58.54,0.002943921878365785
HDFCBANK,EQ,2022-03-14,1396.8,1415.0,1450.0,1415.0,1442.25,1442.55,1433.68,12509063,17933940554.75,344549,7220428,57.72,0.03275343642611683
HDFCBANK,EQ,2022-03-15,1442.55,1443.5,1449.5,1411.75,1422.0,1424.0,1435.02,9433964,13537948637.95,277249,6025245,63.87,-0.012859172992270573
HDFCBANK,EQ,2022-03-16,1424.0,1447.0,1455.0,1436.2,1445.95,1448.15,1446.5,6682054,9665623348.95,223791,4412774,66.04,0.016959269662921495
HDFCBANK,EQ,2022-03-17,1448.15,1472.0,1489.8,1470.55,1477.95,1480.05,1482.21,7411977,10986072825.8,237930,4437033,59.86,0.022028104823395234
HDFCBANK,EQ,2022-03-21,1480.05,1487.0,1493.65,1472.8,1487.4,1486.5,1484.44,6128938,9098011072.35,204348,4058527,66.22,0.004357960879699974
HDFCBANK,EQ,2022-03-22,1486.5,1481.3,1498.0,1457.2,1496.8,1494.15,1478.67,5230907,7734791215.15,217951,2596078,49.63,0.005146316851665
HDFCBANK,EQ,2022-03-23,1494.15,1507.0,1518.8,1473.6,1479.15,1479.25,1481.7,15594128,23105806046.35,201491,12617083,80.91,-0.009972225010875801
HDFCBANK,EQ,2022-03-24,1479.25,1466.0,1469.65,1434.55,1442.9,1442.65,1449.15,10080022,14607432713.3,247575,5645030,56.0,-0.024742268041237025
HDFCBANK,EQ,2022-03-25,1442.65,1451.0,1452.0,1419.0,1436.8,1430.9,1430.95,8183231,11709762372.25,223085,5210224,63.67,-0.008144733649880442
HDFCBANK,EQ,2022-03-28,1430.9,1430.9,1438.0,1401.6,1436.0,1432.8,1417.35,7877443,11165074398.95,263045,4659853,59.15,0.001327835627926488
HDFCBANK,EQ,2022-03-29,1432.8,1441.0,1460.25,1430.0,1458.0,1451.8,1442.08,6188724,8924654172.95,203589,3947381,63.78,0.013260748185371263
HDFCBANK,EQ,2022-03-30,1451.8,1472.0,1482.75,1454.05,1476.0,1476.95,1468.52,10054871,14765780325.45,225951,7090115,70.51,0.017323322771731764
HDFCBANK,EQ,2022-03-31,1476.95,1471.0,1484.7,1465.9,1470.0,1470.35,1473.98,7147857,10535800362.9,175701,3977915,55.65,-0.00446866853989647
HDFCBANK,EQ,2022-04-01,1470.35,1476.4,1510.0,1470.3,1507.5,1506.0,1494.73,7284278,10888017388.8,225554,4798533,65.88,0.02424592784031021
HDFCBANK,EQ,2022-04-04,1506.0,1580.0,1722.1,1562.55,1654.1,1656.8,1651.17,48725485,80453972718.55,920761,19554980,40.13,0.100132802124834
HDFCBANK,EQ,2022-04-05,1656.8,1666.7,1666.7,1602.0,1604.95,1608.25,1619.67,15461291,25042197750.45,440413,6783757,43.88,-0.029303476581361676
HDFCBANK,EQ,2022-04-06,1608.25,1587.7,1589.8,1547.35,1550.5,1550.85,1564.33,13513930,21140225559.2,414144,7882128,58.33,-0.03569096844396091
HDFCBANK,EQ,2022-04-07,1550.85,1541.3,1541.35,1513.7,1521.0,1516.75,1525.08,20390866,31097618185.95,431701,14578431,71.49,-0.021987942096269752
HDFCBANK,EQ,2022-04-08,1516.75,1512.1,1525.75,1497.3,1516.55,1514.65,1510.81,20628161,31165185145.3,371256,13323404,64.59,-0.0013845393110267779
HDFCBANK,EQ,2022-04-11,1514.65,1506.0,1510.0,1493.25,1495.4,1496.15,1501.19,10399533,15611707406.6,385962,6962013,66.95,-0.012214042848182727
HDFCBANK,EQ,2022-04-12,1496.15,1484.0,1506.85,1480.15,1494.9,1493.5,1492.32,13717701,20471205729.1,365154,9237043,67.34,-0.001771212779467346
HDFCBANK,EQ,2022-04-13,1493.5,1490.0,1502.3,1462.65,1464.0,1464.95,1477.78,14446260,21348437343.8,399313,9061541,62.73,-0.01911617007030464
HDFCBANK,EQ,2022-04-18,1464.95,1418.85,1431.65,1390.05,1397.5,1395.45,1408.02,22810188,32117257835.45,650936,16293702,71.43,-0.04744189221475137
HDFCBANK,EQ,2022-04-19,1395.45,1380.9,1389.55,1327.0,1335.0,1342.2,1361.49,37048011,50440428788.55,961819,24520385,66.19,-0.0381597334193271
HDFCBANK,EQ,2022-04-20,1342.2,1354.45,1359.9,1335.35,1356.0,1354.3,1349.57,24662868,33284192237.45,424453,16264587,65.95,0.009015049918045026
HDFCBANK,EQ,2022-04-21,1354.3,1365.0,1379.8,1353.3,1377.7,1374.35,1363.26,26223135,35748942819.35,288746,20153852,76.86,0.014804696152994179
HDFCBANK,EQ,2022-04-22,1374.35,1360.0,1375.35,1349.15,1353.35,1355.6,1360.9,10329574,14057509231.75,317119,5312415,51.43,-0.013642812966129458
HDFCBANK,EQ,2022-04-25,1355.6,1350.0,1370.65,1322.25,1369.95,1365.75,1352.5,10467744,14157639113.95,302713,5026963,48.02,0.007487459427559795
HDFCBANK,EQ,2022-04-26,1365.75,1372.0,1381.95,1357.15,1370.45,1372.05,1371.84,8508421,11672225925.5,295807,4436263,52.14,0.004612850082372333
HDFCBANK,EQ,2022-04-27,1372.05,1360.0,1379.0,1356.1,1372.0,1372.55,1370.67,9027167,12373229228.55,256736,5474691,60.65,0.00036441820633359434
HDFCBANK,EQ,2022-04-28,1372.55,1372.0,1379.0,1362.1,1372.5,1371.35,1369.11,10386861,14220708700.25,182049,7386475,71.11,-0.0008742850897963672
HDFCBANK,EQ,2022-04-29,1371.35,1380.35,1404.75,1371.55,1382.0,1384.6,1390.53,14200738,19746533797.3,262069,8454095,59.53,0.009662011886097721
HDFCBANK,EQ,2022-05-02,1384.6,1362.05,1406.45,1362.05,1400.25,1403.7,1390.41,9747158,13552559643.9,221031,6127912,62.87,0.013794597717752488
HDFCBANK,EQ,2022-05-04,1403.7,1400.0,1403.6,1350.0,1358.1,1356.0,1376.57,14527958,19998748922.05,323211,9319443,64.15,-0.033981620004274404
HDFCBANK,EQ,2022-05-05,1356.0,1375.0,1375.0,1346.5,1349.0,1352.95,1362.2,8931456,12166464277.3,216825,5345763,59.85,-0.0022492625368730756
HDFCBANK,EQ,2022-05-06,1352.95,1330.0,1335.0,1313.0,1321.05,1317.6,1321.98,13365634,17669093791.95,353439,8813715,65.94,-0.02612809046897535
HDFCBANK,EQ,2022-05-09,1317.6,1300.0,1326.5,1295.5,1321.75,1319.85,1305.53,16381217,21386230365.4,315707,11437293,69.82,0.0017076502732240595
HDFCBANK,EQ,2022-05-10,1319.85,1315.05,1353.0,1315.05,1339.0,1341.05,1334.92,10056906,13425132837.95,204894,5675153,56.43,0.016062431336894445
HDFCBANK,EQ,2022-05-11,1341.05,1353.0,1355.0,1328.65,1349.45,1348.6,1343.69,8551462,11490550846.5,325879,4909202,57.41,0.00562991685619485
HDFCBANK,EQ,2022-05-12,1348.6,1321.1,1326.8,1293.0,1302.5,1303.05,1307.63,11191145,14633865531.95,411521,6836437,61.09,-0.03377576746255373
HDFCBANK,EQ,2022-05-13,1303.05,1310.05,1318.0,1287.0,1292.5,1291.35,1301.55,8384119,10912331002.7,278869,4443428,53.0,-0.008978934039369224
HDFCBANK,EQ,2022-05-16,1291.35,1299.0,1312.0,1285.3,1308.0,1305.1,1301.12,4902178,6378342592.45,165187,2097397,42.79,0.010647771711774556
HDFCBANK,EQ,2022-05-17,1305.1,1312.6,1317.0,1298.2,1316.0,1314.0,1309.07,8320722,10892432064.4,204025,4812774,57.84,0.006819400812198451
HDFCBANK,EQ,2022-05-18,1314.0,1324.05,1333.3,1310.0,1315.85,1313.9,1321.44,7866192,10394668975.65,206774,4572201,58.12,-7.610350076092676e-05
HDFCBANK,EQ,2022-05-19,1313.9,1286.2,1296.4,1278.3,1290.45,1287.05,1286.32,10268753,13208858469.15,271471,6551034,63.8,-0.020435345155643603
HDFCBANK,EQ,2022-05-20,1287.05,1303.0,1324.2,1292.35,1323.45,1320.95,1311.98,6959675,9130982889.25,168094,4013046,57.66,0.026339303057379304
HDFCBANK,EQ,2022-05-23,1320.95,1314.0,1329.95,1299.1,1301.3,1304.0,1319.39,9743160,12855045365.5,189598,6380092,65.48,-0.012831674173890084
HDFCBANK,EQ,2022-05-24,1304.0,1300.0,1325.0,1296.9,1320.0,1318.95,1313.26,6435398,8451379583.55,172378,3528928,54.84,0.011464723926380316
HDFCBANK,EQ,2022-05-25,1318.95,1330.0,1335.95,1323.2,1327.5,1328.8,1329.41,6443556,8566144702.45,212264,3860760,59.92,0.007468061715758756
HDFCBANK,EQ,2022-05-26,1328.8,1342.15,1371.0,1340.0,1369.0,1366.7,1355.58,13496214,18295260027.75,380760,7943634,58.86,0.02852197471402773
HDFCBANK,EQ,2022-05-27,1366.7,1371.8,1394.7,1370.75,1393.4,1392.05,1384.2,12015859,16632315263.75,196266,8405082,69.95,0.01854832808955864
HDFCBANK,EQ,2022-05-30,1392.05,1410.25,1420.5,1398.45,1401.0,1401.55,1409.32,6312337,8896129502.8,191283,3770222,59.73,0.006824467511942878
HDFCBANK,EQ,2022-05-31,1401.55,1395.9,1404.8,1380.0,1384.0,1388.95,1396.23,6742694,9414334821.1,178695,4400633,65.27,-0.008990046733973078
HDFCBANK,EQ,2022-06-01,1388.95,1380.0,1400.45,1379.15,1396.1,1394.85,1391.06,6045948,8410276065.05,152770,3461082,57.25,0.004247813096223574
HDFCBANK,EQ,2022-06-02,1394.85,1387.25,1388.0,1378.6,1385.2,1385.1,1383.53,5737510,7938005254.7,160429,3458109,60.27,-0.006989998924615604
HDFCBANK,EQ,2022-06-03,1385.1,1398.3,1400.75,1376.3,1379.0,1380.3,1388.75,3478622,4830949975.05,174541,1879231,54.02,-0.0034654537578513445
HDFCBANK,EQ,2022-06-06,1380.3,1376.3,1387.0,1360.65,1377.0,1378.45,1380.25,3086633,4260332744.2,126359,1388767,44.99,-0.001340288343113727
HDFCBANK,EQ,2022-06-07,1378.45,1362.0,1374.3,1354.1,1362.15,1362.6,1362.41,5126983,6985065721.75,133385,3414627,66.6,-0.011498422140810427
HDFCBANK,EQ,2022-06-08,1362.6,1373.3,1381.0,1357.0,1366.0,1367.4,1369.67,2993294,4099830912.8,108646,1245470,41.61,0.003522677234698568
HDFCBANK,EQ,2022-06-09,1367.4,1362.25,1382.05,1357.15,1379.6,1377.7,1368.42,3655908,5002826094.5,149498,1966831,53.8,0.0075325435132367335
HDFCBANK,EQ,2022-06-10,1377.7,1360.1,1367.95,1343.6,1348.75,1351.1,1351.94,4577715,6188800152.6,159998,2841114,62.06,-0.01930754155476533
HDFCBANK,EQ,2022-06-13,1351.1,1323.6,1330.0,1308.3,1329.0,1326.6,1318.54,5446286,7181145207.65,269494,3534036,64.89,-0.018133372807342174
HDFCBANK,EQ,2022-06-14,1326.6,1311.25,1326.0,1305.0,1314.0,1312.0,1316.04,5935178,7810916645.65,247100,3617141,60.94,-0.011005578169757224
HDFCBANK,EQ,2022-06-15,1312.0,1301.65,1315.8,1298.4,1308.45,1307.45,1307.49,5905235,7721044050.45,239871,3262631,55.25,-0.0034679878048780033
HDFCBANK,EQ,2022-06-16,1307.45,1310.0,1320.55,1278.0,1279.45,1281.3,1297.76,6084596,7896314988.4,269747,3065105,50.37,-0.020000764847604158
HDFCBANK,EQ,2022-06-17,1281.3,1275.0,1299.0,1271.6,1296.7,1289.75,1282.59,7361961,9442347329.35,293741,4404126,59.82,0.0065948645906501735
HDFCBANK,EQ,2022-06-20,1289.75,1304.7,1325.0,1294.15,1321.95,1322.15,1313.17,7968420,10463910206.85,214315,5178660,64.99,0.025121147509207242
HDFCBANK,EQ,2022-06-21,1322.15,1336.9,1354.0,1324.05,1333.7,1336.55,1341.22,6610342,8865941646.1,190833,3837013,58.05,0.010891351208259126
HDFCBANK,EQ,2022-06-22,1336.55,1332.25,1336.95,1323.2,1325.9,1330.25,1329.7,4079849,5424972795.2,144197,2278477,55.85,-0.0047136283715536464
HDFCBANK,EQ,2022-06-23,1330.25,1330.5,1348.0,1318.5,1336.6,1335.15,1336.91,7686122,10275634335.15,224102,2899363,37.72,0.0036835181356889013
HDFCBANK,EQ,2022-06-24,1335.15,1338.55,1361.65,1338.55,1355.0,1353.8,1354.94,4006716,5428848372.95,265751,2154728,53.78,0.013968467962401032
HDFCBANK,EQ,2022-06-27,1353.8,1370.0,1376.0,1352.0,1355.9,1356.25,1362.63,4902082,6679721013.6,153532,2820551,57.54,0.0018097207859359976
HDFCBANK,EQ,2022-06-28,1356.25,1344.0,1351.0,1338.4,1349.9,1345.9,1344.55,4885287,6568495136.05,170596,2978267,60.96,-0.0076313364055299315
HDFCBANK,EQ,2022-06-29,1345.9,1331.25,1350.75,1331.25,1343.8,1343.95,1343.41,4997023,6713040907.65,155488,3198246,64.0,-0.00144884463927486
HDFCBANK,EQ,2022-06-30,1343.95,1336.0,1354.0,1336.0,1344.0,1348.0,1346.87,6237911,8401664068.5,153516,3385436,54.27,0.003013504966702607
HDFCBANK,EQ,2022-07-01,1348.0,1343.95,1360.0,1330.05,1354.95,1353.75,1346.28,5736226,7722538774.5,147092,4059233,70.76,0.004265578635014755
HDFCBANK,EQ,2022-07-04,1353.75,1353.7,1360.2,1342.25,1356.55,1355.65,1352.23,4243740,5738508714.75,122056,2687132,63.32,0.0014035087719299622
HDFCBANK,EQ,2022-07-05,1355.65,1364.0,1379.35,1348.3,1349.05,1352.6,1366.82,7162859,9790334619.55,175254,4457746,62.23,-0.0022498432486262043
HDFCBANK,EQ,2022-07-06,1352.6,1348.0,1373.4,1347.1,1371.55,1371.25,1365.48,7524539,10274605412.4,175408,5292401,70.34,0.013788259648085166
HDFCBANK,EQ,2022-07-07,1371.25,1380.0,1398.0,1374.45,1395.0,1395.8,1387.53,8871571,12309603700.5,177340,6252423,70.48,0.017903372835004427
HDFCBANK,EQ,2022-07-08,1395.8,1410.0,1410.0,1394.75,1395.8,1397.1,1402.07,6237015,8744724388.5,122217,4698117,75.33,0.0009313655251468322
HDFCBANK,EQ,2022-07-11,1397.1,1394.0,1409.9,1393.25,1403.2,1406.15,1403.07,3731440,5235481481.55,115690,2385267,63.92,0.006477703815045643
HDFCBANK,EQ,2022-07-12,1406.15,1405.25,1405.25,1389.4,1391.2,1391.8,1395.12,4938487,6889788254.6,107652,3382902,68.5,-0.010205170145432652
HDFCBANK,EQ,2022-07-13,1391.8,1390.0,1394.2,1354.25,1359.55,1357.85,1371.2,7972805,10932296276.95,185857,5063094,63.5,-0.024392872539158006
HDFCBANK,EQ,2022-07-14,1357.85,1362.0,1372.65,1349.25,1352.0,1351.05,1359.74,5186205,7051894375.95,156703,2992747,57.71,-0.0050079169274956925
HDFCBANK,EQ,2022-07-15,1351.05,1353.0,1364.9,1346.8,1364.0,1362.05,1357.6,6797823,9228735489.2,126512,4710365,69.29,0.008141815624884252
HDFCBANK,EQ,2022-07-18,1362.05,1348.0,1366.1,1342.05,1348.2,1347.55,1347.82,10166110,13702125272.85,291810,7199900,70.82,-0.0106457178517676
HDFCBANK,EQ,2022-07-19,1347.55,1337.0,1358.55,1337.0,1348.2,1348.05,1349.05,7896269,10652452469.15,141741,5088248,64.44,0.0003710437460575644
HDFCBANK,EQ,2022-07-20,1348.05,1359.9,1371.1,1355.25,1363.55,1365.05,1364.16,10173931,13878862594.9,279863,7741686,76.09,0.01261080820444338
HDFCBANK,EQ,2022-07-21,1365.05,1360.55,1369.5,1358.1,1363.0,1360.75,1363.06,6320139,8614710412.0,158369,4183622,66.2,-0.0031500677630855733
HDFCBANK,EQ,2022-07-22,1360.75,1366.0,1397.0,1362.4,1394.4,1392.5,1384.48,6364796,8811947079.7,190910,3533143,55.51,0.02333272092595995
HDFCBANK,EQ,2022-07-25,1392.5,1395.0,1404.6,1383.3,1394.0,1396.6,1393.4,5071563,7066700506.25,156586,2580137,50.87,0.00294434470377003
HDFCBANK,EQ,2022-07-26,1396.6,1396.0,1402.0,1386.3,1390.6,1393.75,1395.38,4263982,5949886417.25,115649,2570760,60.29,-0.0020406701990547393
HDFCBANK,EQ,2022-07-27,1393.75,1388.9,1406.0,1384.25,1404.4,1404.4,1399.8,4606389,6448018339.8,131184,2774857,60.24,0.007641255605381314
HDFCBANK,EQ,2022-07-28,1404.4,1415.05,1424.0,1411.0,1416.0,1416.85,1419.21,8710203,12361605197.85,213161,5745696,65.97,0.00886499572771271
HDFCBANK,EQ,2022-07-29,1416.85,1438.0,1438.6,1415.3,1436.4,1434.2,1428.73,10009868,14301385368.8,241020,6624853,66.18,0.012245474115114563
HDFCBANK,EQ,2022-08-01,1434.2,1439.0,1448.45,1430.05,1442.9,1446.15,1440.76,6596518,9504016259.35,146180,4524404,68.59,0.008332171245293507
HDFCBANK,EQ,2022-08-02,1446.15,1442.0,1444.6,1423.05,1424.95,1430.25,1431.6,7518255,10763137989.2,165021,5215624,69.37,-0.01099471009231412
HDFCBANK,EQ,2022-08-03,1430.25,1424.95,1435.75,1417.0,1433.25,1433.6,1427.43,5487749,7833355196.55,206821,3365558,61.33,0.0023422478587658002
HDFCBANK,EQ,2022-08-04,1433.6,1440.0,1446.7,1412.95,1429.35,1431.9,1431.33,6006103,8596734035.35,228173,3872371,64.47,-0.0011858258928569843
HDFCBANK,EQ,2022-08-05,1431.9,1433.0,1436.95,1421.15,1426.05,1427.05,1429.21,4634491,6623649945.65,121554,2754688,59.44,-0.003387108038270914
HDFCBANK,EQ,2022-08-08,1427.05,1428.0,1464.5,1427.1,1461.35,1462.05,1454.57,7678868,11169457261.65,207907,4139183,53.9,0.024526120318138833
HDFCBANK,EQ,2022-08-10,1462.05,1461.35,1471.5,1449.05,1465.0,1466.3,1464.71,8676551,12708637823.2,219403,6312330,72.75,0.0029068773297766803
HDFCBANK,EQ,2022-08-11,1466.3,1486.5,1491.0,1474.55,1480.0,1485.7,1483.63,9150883,13576483134.0,236473,6990323,76.39,0.013230580372365797
HDFCBANK,EQ,2022-08-12,1485.7,1485.0,1489.3,1475.95,1483.95,1485.15,1484.0,4425185,6566982475.55,175766,3283921,74.21,-0.00037019586726794174
HDFCBANK,EQ,2022-08-16,1485.15,1494.8,1508.5,1488.05,1501.8,1502.15,1501.93,6281878,9434964816.8,172125,4682614,74.54,0.011446655220011426
HDFCBANK,EQ,2022-08-17,1502.15,1500.0,1512.75,1485.75,1507.1,1509.9,1503.31,6192175,9308743851.9,190873,4499905,72.67,0.005159271710548197
HDFCBANK,EQ,2022-08-18,1509.9,1500.0,1513.9,1499.65,1511.0,1511.7,1507.5,4171069,6287879823.1,126031,2900950,69.55,0.0011921319292667043
HDFCBANK,EQ,2022-08-19,1511.7,1510.0,1512.0,1490.0,1492.35,1493.05,1498.24,4031851,6040684835.5,147346,2298218,57.0,-0.012337103922736015
HDFCBANK,EQ,2022-08-22,1493.05,1484.8,1488.35,1467.7,1468.7,1470.35,1474.4,4117033,6070140731.7,122931,2591613,62.95,-0.015203777502427962
HDFCBANK,EQ,2022-08-23,1470.35,1453.3,1475.95,1450.4,1471.5,1465.8,1461.68,7483442,10938431495.85,144071,4737698,63.31,-0.003094501309212072
HDFCBANK,EQ,2022-08-24,1465.8,1461.9,1475.5,1459.2,1475.0,1472.85,1467.34,6727760,9871897938.5,140656,4689197,69.7,0.004809660253786374
HDFCBANK,EQ,2022-08-25,1472.85,1479.9,1486.8,1457.0,1462.95,1464.85,1477.82,5911520,8736166442.2,127054,3693897,62.49,-0.005431646128254752
HDFCBANK,EQ,2022-08-26,1464.85,1472.05,1481.8,1461.2,1466.0,1465.1,1471.45,3853088,5669634958.8,128698,2285799,59.32,0.00017066593849190959
HDFCBANK,EQ,2022-08-29,1465.1,1437.0,1446.0,1428.6,1442.0,1439.4,1438.69,4326589,6224608203.95,187389,2493343,57.63,-0.017541464746433588
HDFCBANK,EQ,2022-08-30,1439.4,1446.45,1489.95,1443.1,1483.65,1486.1,1468.87,5067700,7443785303.75,192942,2948334,58.18,0.03244407391968873
HDFCBANK,EQ,2022-09-01,1486.1,1464.75,1489.45,1459.0,1471.0,1472.15,1469.61,11201568,16461981807.55,182041,6146956,54.88,-0.009386986070923808
HDFCBANK,EQ,2022-09-02,1472.15,1472.15,1490.5,1465.2,1482.0,1485.5,1477.45,6019043,8892860828.1,119285,3665208,60.89,0.009068369391705966
HDFCBANK,EQ,2022-09-05,1485.5,1486.1,1499.0,1484.1,1494.0,1495.05,1493.54,6065966,9059754660.0,128519,4337890,71.51,0.006428811847862592
HDFCBANK,EQ,2022-09-06,1495.05,1498.9,1506.65,1486.45,1489.0,1489.35,1497.95,6119348,9166492283.65,115379,4161011,68.0,-0.0038125815190127588
HDFCBANK,EQ,2022-09-07,1489.35,1471.3,1490.0,1471.3,1483.05,1482.3,1483.04,4888103,7249268552.2,89838,3379255,69.13,-0.004733608621210528
HDFCBANK,EQ,2022-09-08,1482.3,1490.1,1500.0,1482.15,1496.65,1497.6,1491.81,5582345,8327793778.2,105543,3067771,54.95,0.01032179720704307
HDFCBANK,EQ,2022-09-09,1497.6,1496.2,1509.0,1494.05,1498.0,1498.6,1501.98,7564444,11361670171.7,159222,5060078,66.89,0.0006677350427350959
HDFCBANK,EQ,2022-09-12,1498.6,1500.0,1504.0,1490.0,1491.6,1493.55,1498.08,5540246,8299719758.65,158509,4020172,72.56,-0.003369811824369351
HDFCBANK,EQ,2022-09-13,1493.55,1498.9,1515.9,1498.55,1514.35,1513.1,1509.49,6500983,9813139426.55,178976,4395012,67.61,0.013089618693716387
HDFCBANK,EQ,2022-09-14,1513.1,1494.05,1538.9,1492.35,1525.1,1528.65,1519.3,10109880,15359982950.0,266662,6755553,66.82,0.010276914942832782
HDFCBANK,EQ,2022-09-15,1528.65,1530.0,1540.95,1512.0,1520.5,1520.7,1525.41,6769686,10326531542.6,209664,4103802,60.62,-0.005200667255421454
HDFCBANK,EQ,2022-09-16,1520.7,1503.1,1514.7,1483.0,1497.5,1492.75,1499.18,10280023,15411585013.35,204150,7353883,71.54,-0.018379693562175392
HDFCBANK,EQ,2022-09-19,1492.75,1489.0,1514.0,1480.0,1504.25,1502.6,1501.17,6038019,9064064674.3,123407,3981527,65.94,0.006598559705242035
HDFCBANK,EQ,2022-09-20,1502.6,1514.0,1524.0,1509.9,1517.55,1520.7,1518.57,5390834,8186358426.6,125775,3384983,62.79,0.012045787302009892
HDFCBANK,EQ,2022-09-21,1520.7,1508.0,1521.5,1505.0,1517.4,1518.35,1515.55,4536152,6874779529.4,129113,2789254,61.49,-0.0015453409613994662
HDFCBANK,EQ,2022-09-22,1518.35,1502.0,1510.15,1482.75,1486.2,1486.0,1494.95,6024072,9005666828.65,130337,3337049,55.4,-0.02130602298547757
HDFCBANK,EQ,2022-09-23,1486.0,1472.35,1475.0,1437.0,1447.0,1446.15,1451.15,7903126,11468624906.55,254765,4730527,59.86,-0.026816958277254277
HDFCBANK,EQ,2022-09-26,1446.15,1425.35,1436.45,1418.0,1429.8,1426.65,1426.27,4461743,6363659216.05,183001,2489197,55.79,-0.01348407841510213
HDFCBANK,EQ,2022-09-27,1426.65,1432.4,1440.0,1407.0,1414.65,1413.85,1423.81,6319850,8998292829.25,181595,3874624,61.31,-0.008972067430694453
HDFCBANK,EQ,2022-09-28,1413.85,1406.0,1410.6,1385.9,1387.0,1389.55,1397.25,5908066,8255059324.45,215474,3384446,57.29,-0.01718711320154187
HDFCBANK,EQ,2022-09-29,1389.55,1396.3,1402.2,1378.8,1381.5,1382.35,1387.85,7205194,9999718372.7,258296,4737741,65.75,-0.005181533590011167
HDFCBANK,EQ,2022-09-30,1382.35,1378.8,1431.45,1365.0,1422.05,1421.35,1407.93,7890878,11109799543.35,181624,4709460,59.68,0.028212825984736067
HDFCBANK,EQ,2022-10-03,1421.35,1409.95,1417.85,1401.1,1411.0,1413.2,1410.01,5770556,8136520348.45,147339,3823032,66.25,-0.005733985295669486
HDFCBANK,EQ,2022-10-04,1413.2,1429.5,1458.0,1426.15,1456.15,1453.0,1448.36,5769263,8355997412.35,130624,3944499,68.37,0.028163034248513963
HDFCBANK,EQ,2022-10-06,1453.0,1459.95,1462.6,1434.2,1436.0,1437.0,1449.04,6274599,9092118877.7,170441,4251575,67.76,-0.0110116999311769
HDFCBANK,EQ,2022-10-07,1437.0,1430.25,1434.95,1420.35,1431.0,1430.8,1427.47,6648997,9491276053.8,160989,4865856,73.18,-0.0043145441892832315
HDFCBANK,EQ,2022-10-10,1430.8,1408.0,1426.0,1398.2,1415.95,1415.0,1409.21,6554651,9236903280.05,215487,4189926,63.92,-0.011042773273692963
HDFCBANK,EQ,2022-10-11,1415.0,1401.1,1417.0,1399.45,1401.75,1400.65,1406.63,7260810,10213263445.8,134054,5147322,70.89,-0.010141342756183724
HDFCBANK,EQ,2022-10-12,1400.65,1403.2,1414.85,1397.3,1410.75,1409.8,1406.74,4612525,6488607643.5,112637,2969793,64.39,0.006532681255131401
HDFCBANK,EQ,2022-10-13,1409.8,1402.05,1406.25,1384.0,1396.0,1393.6,1392.46,7357117,10244525589.7,219960,4956624,67.37,-0.011490991630018432
HDFCBANK,EQ,2022-10-14,1393.6,1417.0,1447.0,1415.25,1446.0,1439.0,1434.65,6424960,9217592931.3,149782,3114030,48.47,0.0325774971297359
HDFCBANK,EQ,2022-10-17,1439.0,1435.0,1457.6,1427.0,1445.45,1446.55,1443.39,9205250,13286764094.4,185541,4371481,47.49,0.00524669909659492
HDFCBANK,EQ,2022-10-18,1446.55,1458.05,1462.9,1440.0,1442.85,1443.85,1449.88,5280554,7656144753.65,144735,3226764,61.11,-0.0018665099720023282
HDFCBANK,EQ,2022-10-19,1443.85,1464.0,1477.4,1453.4,1459.95,1458.65,1464.96,6483520,9498087668.1,186569,3543870,54.66,0.010250372268587604
HDFCBANK,EQ,2022-10-20,1458.65,1444.0,1452.9,1442.5,1449.05,1448.8,1447.55,3949039,5716441334.25,149480,2511393,63.6,-0.006752819387790154
HDFCBANK,EQ,2022-10-21,1448.8,1452.0,1457.65,1434.0,1442.3,1438.6,1446.76,5246303,7590143970.3,112584,3357945,64.01,-0.007040309221424623
HDFCBANK,EQ,2022-10-24,1438.6,1454.3,1463.0,1454.3,1458.85,1461.05,1460.44,1083897,1582962572.75,44924,466892,43.08,0.015605449742805533
HDFCBANK,EQ,2022-10-25,1461.05,1461.1,1467.8,1445.0,1447.4,1450.9,1456.91,6886697,10033274401.0,174010,5086954,73.87,-0.0069470586222236674
HDFCBANK,EQ,2022-10-27,1450.9,1464.5,1467.35,1451.25,1456.0,1454.4,1457.9,7968638,11617489645.45,167453,6190681,77.69,0.002412295816389909
HDFCBANK,EQ,2022-10-28,1454.4,1450.0,1467.0,1447.4,1459.95,1458.7,1459.47,5237139,7643452528.1,142985,3296642,62.95,0.00295654565456549
HDFCBANK,EQ,2022-10-31,1458.7,1472.0,1498.0,1467.25,1495.9,1496.7,1487.44,6415264,9542306136.5,197801,3899406,60.78,0.026050592993761557
HDFCBANK,EQ,2022-11-01,1496.7,1503.5,1529.0,1498.9,1513.5,1513.25,1519.63,9536878,14492530604.2,209190,6682068,70.07,0.011057660185741947
HDFCBANK,EQ,2022-11-02,1513.25,1517.0,1528.25,1511.6,1514.95,1514.2,1520.14,6360203,9668407272.05,134056,4316158,67.86,0.0006277878737817044
HDFCBANK,EQ,2022-11-03,1514.2,1497.7,1520.25,1497.0,1507.45,1507.55,1511.46,5166176,7808453715.85,158632,2959149,57.28,-0.004391758024039127
HDFCBANK,EQ,2022-11-04,1507.55,1503.2,1516.1,1489.6,1497.1,1497.15,1497.96,5409030,8102528471.55,150429,3593837,66.44,-0.006898610328015531
HDFCBANK,EQ,2022-11-07,1497.15,1510.0,1512.0,1492.1,1510.25,1508.8,1501.97,4917917,7386587082.6,123611,3104244,63.12,0.0077814514243728095
HDFCBANK,EQ,2022-11-09,1508.8,1515.05,1517.95,1504.0,1508.0,1508.35,1511.66,4634895,7006381268.25,99843,2945729,63.56,-0.0002982502651113217
HDFCBANK,EQ,2022-11-10,1508.35,1497.1,1527.0,1495.05,1527.0,1524.75,1511.37,6387091,9653235507.4,139631,4274394,66.92,0.010872808035270465
HDFCBANK,EQ,2022-11-11,1524.75,1545.0,1637.0,1538.0,1611.9,1611.15,1599.68,28361169,45368789544.6,611619,15317967,54.01,0.05666502705361531
HDFCBANK,EQ,2022-11-14,1611.15,1612.0,1628.0,1598.0,1615.0,1615.05,1613.89,9597695,15489657292.1,254705,6343124,66.09,0.0024206312261427776
HDFCBANK,EQ,2022-11-15,1615.05,1623.15,1623.15,1605.25,1622.0,1619.0,1614.94,5515101,8906572969.0,158707,3470935,62.94,0.0024457447137860022
HDFCBANK,EQ,2022-11-16,1619.0,1618.65,1642.0,1612.0,1630.0,1632.9,1630.44,6789075,11069179609.25,208132,3954055,58.24,0.008585546633724572
HDFCBANK,EQ,2022-11-17,1632.9,1618.1,1631.55,1613.9,1617.0,1618.15,1623.76,6050465,9824511118.7,133033,3855491,63.72,-0.00903300875742541
HDFCBANK,EQ,2022-11-18,1618.15,1621.0,1623.0,1605.25,1612.05,1613.9,1611.71,5229616,8428647397.7,155906,3617158,69.17,-0.0026264561381824647
HDFCBANK,EQ,2022-11-21,1613.9,1607.65,1612.0,1590.2,1597.1,1597.35,1597.33,4172408,6664713134.4,156009,2591643,62.11,-0.01025466261850183
HDFCBANK,EQ,2022-11-22,1597.35,1600.0,1604.35,1591.0,1597.0,1595.0,1596.15,4273157,6820613224.25,159221,2871575,67.2,-0.0014711866528938078
HDFCBANK,EQ,2022-11-23,1595.0,1605.0,1605.0,1594.0,1596.8,1599.15,1598.79,5092869,8142453343.3,124888,3738575,73.41,0.0026018808777430458
HDFCBANK,EQ,2022-11-24,1599.15,1605.95,1632.0,1599.15,1627.6,1625.15,1614.59,8598980,13883849723.65,161678,5965589,69.38,0.016258637401119325
HDFCBANK,EQ,2022-11-25,1625.15,1629.7,1631.7,1614.1,1617.0,1617.65,1620.31,4205248,6813792904.55,117799,2666082,63.4,-0.004614958619204357
HDFCBANK,EQ,2022-11-28,1617.65,1602.9,1607.45,1594.05,1600.5,1600.25,1600.57,8052990,12889397052.7,165436,5841703,72.54,-0.010756344079374425
HDFCBANK,EQ,2022-11-29,1600.25,1597.25,1612.35,1592.85,1600.0,1597.85,1602.17,6319118,10124273482.9,186705,4609779,72.95,-0.0014997656616154709
HDFCBANK,EQ,2022-11-30,1597.85,1597.1,1612.9,1597.1,1611.9,1608.45,1603.75,7592403,12176299410.4,137140,6030327,79.43,0.006633914322370815
HDFCBANK,EQ,2022-12-01,1608.45,1622.0,1637.0,1615.0,1618.0,1619.5,1625.06,10223183,16613268315.75,223935,7212087,70.55,0.006869967981597114
HDFCBANK,EQ,2022-12-02,1619.5,1610.0,1618.6,1605.15,1607.75,1607.1,1609.97,3905539,6287798248.0,157768,2675200,68.5,-0.007656684161778338
HDFCBANK,EQ,2022-12-05,1607.1,1609.95,1614.6,1596.2,1613.0,1612.95,1604.77,5796311,9301737289.5,198169,3767906,65.01,0.003640097069255166
HDFCBANK,EQ,2022-12-06,1612.95,1601.0,1613.7,1600.0,1612.95,1611.15,1607.2,6176546,9926951123.55,152759,4767748,77.19,-0.001115967636938553
HDFCBANK,EQ,2022-12-07,1611.15,1614.15,1618.6,1604.45,1611.0,1610.45,1610.02,5837360,9398261261.05,175386,4580110,78.46,-0.0004344722713589544
HDFCBANK,EQ,2022-12-08,1610.45,1610.0,1626.0,1605.0,1620.0,1619.5,1615.97,7401817,11961138033.6,162638,5444038,73.55,0.005619547331491059
HDFCBANK,EQ,2022-12-09,1619.5,1626.0,1634.85,1620.0,1630.15,1631.05,1626.86,5981692,9731403133.75,142195,4469120,74.71,0.00713183081197899
HDFCBANK,EQ,2022-12-12,1631.05,1625.0,1653.6,1621.4,1642.8,1643.75,1643.67,7217404,11863026689.8,191429,4984206,69.06,0.007786395266852653
HDFCBANK,EQ,2022-12-13,1643.75,1650.0,1657.0,1645.0,1645.3,1648.3,1651.67,8515851,14065339215.85,165451,5491823,64.49,0.00276806083650194
HDFCBANK,EQ,2022-12-14,1648.3,1653.0,1665.5,1650.0,1660.0,1662.25,1658.28,7113820,11796681944.4,183221,4989446,70.14,0.00846326518230911
HDFCBANK,EQ,2022-12-15,1662.25,1657.05,1669.4,1627.05,1630.0,1631.8,1659.58,9091324,15087760729.0,145032,5407373,59.48,-0.018318544141976312
HDFCBANK,EQ,2022-12-16,1631.8,1620.05,1645.1,1609.0,1635.2,1639.65,1634.08,7323979,11968001262.3,177618,5236766,71.5,0.004810638558647051
HDFCBANK,EQ,2022-12-19,1639.65,1644.0,1646.65,1626.2,1645.9,1644.75,1636.95,4802271,7861087915.35,111511,2999960,62.47,0.0031104199066873672
HDFCBANK,EQ,2022-12-20,1644.75,1620.2,1636.4,1620.2,1635.0,1633.4,1630.1,3587349,5847749606.55,94981,2013155,56.12,-0.006900744794041569
HDFCBANK,EQ,2022-12-21,1633.4,1641.0,1644.8,1606.55,1620.0,1617.6,1625.86,4634599,7535206897.25,155853,2968950,64.06,-0.009673074568385065
HDFCBANK,EQ,2022-12-22,1617.6,1622.2,1627.5,1609.0,1612.85,1612.05,1617.13,4873548,7881152431.2,156615,3242753,66.54,-0.0034310089020771484
HDFCBANK,EQ,2022-12-23,1612.05,1587.0,1604.15,1585.45,1599.0,1597.65,1596.11,5346576,8533738599.5,161132,3205816,59.96,-0.008932725411742726
HDFCBANK,EQ,2022-12-26,1597.65,1599.5,1639.0,1590.0,1628.95,1629.45,1617.09,4953661,8010532444.25,127280,3052548,61.62,0.019904234344193084
HDFCBANK,EQ,2022-12-27,1629.45,1633.0,1635.95,1613.5,1630.9,1631.1,1622.27,3963386,6429669607.95,101780,2207068,55.69,0.0010126116174167255
HDFCBANK,EQ,2022-12-28,1631.1,1623.1,1633.0,1623.1,1628.5,1629.8,1628.46,4345935,7077164442.15,143232,3211265,73.89,-0.0007970081540065177
HDFCBANK,EQ,2022-12-29,1629.8,1620.1,1643.5,1611.0,1639.1,1641.3,1629.83,5506448,8974549942.25,204767,3685001,66.92,0.007056080500674966
HDFCBANK,EQ,2022-12-30,1641.3,1645.0,1645.0,1620.0,1630.0,1628.15,1632.15,3561320,5812610084.2,138629,2217017,62.25,-0.008011941753487961
HDFCBANK,EQ,2023-01-02,1628.15,1627.0,1639.75,1618.55,1628.15,1628.7,1629.49,2190689,3569697184.0,89456,1036063,47.29,0.00033780671314054267
HDFCBANK,EQ,2023-01-03,1628.7,1622.2,1643.0,1622.2,1640.5,1639.35,1634.63,4189015,6847495805.65,102047,2754739,65.76,0.006538957450727523
HDFCBANK,EQ,2023-01-04,1639.35,1635.0,1645.75,1607.0,1610.3,1610.05,1622.71,5175800,8398837748.0,164250,3271719,63.21,-0.01787293744471896
HDFCBANK,EQ,2023-01-05,1610.05,1615.0,1618.05,1589.4,1599.95,1599.7,1602.26,5470718,8765509490.95,193143,3582675,65.49,-0.006428371789695908
HDFCBANK,EQ,2023-01-06,1599.7,1602.0,1609.1,1578.2,1594.05,1594.4,1592.77,4546231,7241079692.35,147775,2919025,64.21,-0.003313121210226866
HDFCBANK,EQ,2023-01-09,1594.4,1596.0,1611.55,1590.0,1597.95,1597.5,1601.83,5364670,8593288222.1,164427,3632471,67.71,0.0019443050677370177
HDFCBANK,EQ,2023-01-10,1597.5,1600.0,1600.0,1565.0,1570.0,1568.3,1572.13,8185883,12869232604.25,290553,6300941,76.97,-0.018278560250391318
HDFCBANK,EQ,2023-01-11,1568.3,1567.95,1598.0,1560.0,1589.0,1590.9,1585.27,7597899,12044752262.45,263176,5479706,72.12,0.01441050819358547
HDFCBANK,EQ,2023-01-12,1590.9,1587.8,1603.9,1584.15,1597.0,1599.4,1593.76,4625035,7371203643.65,160323,2796561,60.47,0.005342887673643881
HDFCBANK,EQ,2023-01-13,1599.4,1598.75,1609.9,1586.0,1601.0,1600.65,1598.66,4622273,7389463181.3,149441,3009511,65.11,0.000781543078654412
HDFCBANK,EQ,2023-01-16,1600.65,1615.0,1621.3,1580.3,1585.8,1585.3,1600.14,7374047,11799532275.45,216647,3669896,49.77,-0.009589854121763164
HDFCBANK,EQ,2023-01-17,1585.3,1589.8,1611.0,1577.5,1607.45,1608.9,1602.4,5393177,8642051691.35,136682,3202706,59.38,0.014886772219769195
HDFCBANK,EQ,2023-01-18,1608.9,1605.0,1641.6,1599.7,1637.15,1637.3,1631.33,9545321,15571575456.3,273645,5789503,60.65,0.0176518117968798
HDFCBANK,EQ,2023-01-19,1637.3,1637.0,1650.0,1633.0,1640.1,1644.1,1643.36,5586081,9179947870.95,212074,3694351,66.13,0.0041531790142306235
HDFCBANK,EQ,2023-01-20,1644.1,1644.1,1669.0,1643.4,1659.25,1660.95,1661.6,9421702,15655096016.05,183678,6761155,71.76,0.010248768323094737
HDFCBANK,EQ,2023-01-23,1660.95,1666.25,1682.6,1661.4,1671.9,1673.1,1674.88,7722200,12933789977.65,302449,5785548,74.92,0.007315090761311316
HDFCBANK,EQ,2023-01-24,1673.1,1675.05,1702.4,1675.0,1693.0,1695.5,1692.57,12491970,21143517490.3,229064,8997454,72.03,0.013388321080628929
HDFCBANK,EQ,2023-01-25,1695.5,1691.4,1692.95,1645.3,1649.7,1648.65,1657.89,7352071,12188918619.35,190090,4900092,66.65,-0.027631966971394806
HDFCBANK,EQ,2023-01-27,1648.65,1632.0,1637.0,1589.95,1614.8,1615.8,1614.04,17589974,28390935612.35,364306,12593316,71.59,-0.019925393503775868
HDFCBANK,EQ,2023-01-30,1615.8,1595.0,1625.3,1582.0,1617.4,1614.15,1603.35,9256411,14841278614.15,282514,5645620,60.99,-0.0010211659858893052
HDFCBANK,EQ,2023-01-31,1614.15,1619.7,1622.7,1595.0,1605.8,1603.5,1606.73,9298122,14939588504.95,313012,5880193,63.24,-0.006597899823436504
HDFCBANK,EQ,2023-02-01,1603.5,1624.0,1665.0,1606.0,1625.5,1627.55,1633.55,8651395,14132476806.6,230246,4677377,54.07,0.01499844091050817
HDFCBANK,EQ,2023-02-02,1627.55,1608.1,1624.5,1588.75,1605.7,1603.35,1601.95,8748553,14014786208.0,272747,5288239,60.45,-0.014868974839482685
HDFCBANK,EQ,2023-02-03,1603.35,1611.0,1660.5,1607.0,1658.25,1658.8,1641.97,7205550,11831279561.5,296046,4461313,61.91,0.034583840084822404
HDFCBANK,EQ,2023-02-06,1658.8,1660.0,1669.4,1646.2,1650.0,1651.75,1656.81,5583836,9251344923.6,160975,3912306,70.06,-0.004250060284543
HDFCBANK,EQ,2023-02-07,1651.75,1659.4,1664.9,1632.6,1652.0,1654.2,1650.73,5132294,8472010812.25,154701,3367728,65.62,0.0014832753140607835
HDFCBANK,EQ,2023-02-08,1654.2,1654.25,1668.2,1650.0,1652.0,1654.0,1658.26,4222413,7001861740.25,122581,2806902,66.48,-0.00012090436464762266
HDFCBANK,EQ,2023-02-09,1654.0,1660.0,1661.65,1635.55,1650.2,1650.55,1646.47,5888668,9695534662.35,156658,3903281,66.28,-0.0020858524788391897
HDFCBANK,EQ,2023-02-10,1650.55,1648.8,1658.5,1642.2,1652.3,1657.1,1652.8,4086058,6753456557.5,112380,2680657,65.6,0.0039683741783040904
HDFCBANK,EQ,2023-02-13,1657.1,1655.0,1661.75,1644.55,1658.8,1658.35,1653.05,2868472,4741728896.75,128413,1603818,55.91,0.0007543298533583265
HDFCBANK,EQ,2023-02-14,1658.35,1665.0,1677.5,1657.95,1672.0,1673.7,1667.58,5454296,9095501854.7,188196,3284370,60.22,0.009256188380016406
HDFCBANK,EQ,2023-02-15,1673.7,1678.0,1678.0,1656.75,1670.0,1670.3,1666.6,5719356,9531863377.0,131147,3576018,62.52,-0.0020314273764713286
HDFCBANK,EQ,2023-02-16,1670.3,1673.2,1681.9,1661.0,1663.45,1664.25,1674.01,4031250,6748366478.8,112501,1610834,39.96,-0.003622103813686106
HDFCBANK,EQ,2023-02-17,1664.25,1661.0,1668.15,1642.95,1656.0,1655.9,1654.92,4478135,7410951450.25,116571,2122264,47.39,-0.0050172750488207685
HDFCBANK,EQ,2023-02-20,1655.9,1660.0,1669.45,1634.8,1640.5,1640.35,1653.1,4043353,6684047187.45,161532,1657241,40.99,-0.009390663687420808
HDFCBANK,EQ,2023-02-21,1640.35,1640.0,1662.35,1634.0,1649.95,1646.5,1647.5,6194648,10205667202.4,167166,2741753,44.26,0.003749199865882291
HDFCBANK,EQ,2023-02-22,1646.5,1639.0,1641.95,1609.05,1614.2,1614.2,1622.7,5179551,8404852589.05,139134,2838734,54.81,-0.01961737017916787
HDFCBANK,EQ,2023-02-23,1614.2,1613.0,1618.85,1592.1,1604.0,1603.25,1603.0,13941005,22347475793.5,227065,4610082,33.07,-0.006783546028992671
HDFCBANK,EQ,2023-02-24,1603.25,1617.9,1617.9,1585.2,1588.5,1588.95,1594.44,8530870,13601992894.9,179066,4456233,52.24,-0.008919382504288142
HDFCBANK,EQ,2023-02-27,1588.95,1585.9,1599.0,1577.3,1598.65,1592.9,1590.06,7156486,11379244627.25,143487,3381817,47.26,0.0024859183737688806
HDFCBANK,EQ,2023-02-28,1592.9,1592.0,1605.3,1588.7,1603.0,1599.6,1597.73,9496996,15173665803.8,128911,2849154,30.0,0.004206164856550787
HDFCBANK,EQ,2023-03-01,1599.6,1612.0,1613.0,1595.75,1599.0,1598.05,1601.75,7068628,11322167673.75,170088,3098750,43.84,-0.0009689922480620172
HDFCBANK,EQ,2023-03-02,1598.05,1594.0,1605.95,1582.0,1583.9,1584.45,1591.8,8695907,13842164334.75,145929,2665184,30.65,-0.00851037201589433
HDFCBANK,EQ,2023-03-03,1584.45,1596.0,1620.0,1588.0,1615.25,1615.9,1610.57,7493117,12068176740.3,147003,2799132,37.36,0.01984915901416895
HDFCBANK,EQ,2023-03-06,1615.9,1620.0,1639.45,1618.05,1628.35,1627.3,1631.52,13502355,22029357861.45,170565,4025512,29.81,0.0070548920106441315
HDFCBANK,EQ,2023-03-08,1627.3,1620.0,1639.5,1620.0,1630.0,1630.55,1628.76,10049887,16368828094.5,169090,3031735,30.17,0.001997173231733651
HDFCBANK,EQ,2023-03-09,1630.55,1629.95,1645.95,1627.0,1630.0,1630.7,1636.24,10350083,16935218497.4,138340,3412703,32.97,9.199349912614174e-05
HDFCBANK,EQ,2023-03-10,1630.7,1610.45,1613.75,1585.0,1588.1,1588.65,1594.45,13693500,21833568464.5,216265,3755232,27.42,-0.02578647206721041
HDFCBANK,EQ,2023-03-13,1588.65,1587.9,1603.8,1564.95,1571.5,1568.55,1584.5,13221775,20949879575.0,164259,2648118,20.03,-0.012652251912000811
HDFCBANK,EQ,2023-03-14,1568.55,1570.25,1583.6,1559.3,1568.0,1564.35,1570.59,16592806,26060511633.95,193032,3328303,20.06,-0.0026776322080902526
HDFCBANK,EQ,2023-03-15,1564.35,1578.0,1582.9,1536.6,1542.95,1541.9,1559.54,18632377,29058023463.95,209694,6834871,36.68,-0.014351008406047083
HDFCBANK,EQ,2023-03-16,1541.9,1539.0,1559.1,1532.05,1552.1,1551.9,1547.23,10876671,16828724100.65,225162,4621863,42.49,0.0064855048965561934
HDFCBANK,EQ,2023-03-17,1551.9,1557.5,1579.2,1540.0,1578.65,1572.65,1555.94,11475438,17855050758.6,177856,5656689,49.29,0.01337070687544295
HDFCBANK,EQ,2023-03-20,1572.65,1567.95,1568.1,1545.4,1563.0,1561.75,1554.24,13251557,20596124335.4,194499,3255441,24.57,-0.006930976377452103
HDFCBANK,EQ,2023-03-21,1561.75,1571.95,1582.5,1556.2,1577.3,1579.45,1566.2,16525247,25881767757.5,166646,2246766,13.6,0.011333440051224608
HDFCBANK,EQ,2023-03-22,1579.45,1584.0,1586.05,1565.3,1573.7,1575.8,1573.31,7088662,11152657442.95,139019,2151120,30.35,-0.0023109310202918953
HDFCBANK,EQ,2023-03-23,1575.8,1567.75,1590.35,1558.55,1561.0,1563.15,1576.46,14182089,22357556930.9,171995,2216559,15.63,-0.00802766848584835
HDFCBANK,EQ,2023-03-24,1563.15,1560.0,1573.9,1554.95,1559.65,1560.65,1565.66,15738874,24641790955.35,171286,2565670,16.3,-0.001599334676774422
HDFCBANK,EQ,2023-03-27,1560.65,1562.2,1579.45,1558.9,1560.7,1567.45,1569.43,15936003,25010512320.0,171004,2209533,13.87,0.004357158876109324
HDFCBANK,EQ,2023-03-28,1567.45,1565.7,1582.9,1564.1,1581.6,1580.2,1574.78,19638151,30925814365.9,195952,4346740,22.13,0.008134230756961847
HDFCBANK,EQ,2023-03-29,1580.2,1584.0,1602.0,1581.9,1593.0,1587.8,1591.4,19881806,31639848468.25,208681,4771362,24.0,0.004809517782559114
HDFCBANK,EQ,2023-03-31,1587.8,1595.6,1612.95,1592.4,1609.0,1609.55,1601.95,17355614,27802879066.75,213559,4927372,28.39,0.013698198765587533
HDFCBANK,EQ,2023-04-03,1609.55,1607.55,1615.7,1602.75,1609.9,1610.55,1608.28,20012699,32185970936.5,165016,2356666,11.78,0.0006212916653722811
HDFCBANK,EQ,2023-04-05,1610.55,1618.6,1656.0,1616.0,1654.0,1653.75,1647.03,21682696,35712051912.4,285701,5985667,27.61,0.026823134953897876
HDFCBANK,EQ,2023-04-06,1653.75,1648.55,1669.2,1647.1,1666.0,1666.35,1659.15,22318672,37029976857.6,233336,4416527,19.79,0.007619047619047636
HDFCBANK,EQ,2023-04-10,1666.35,1663.25,1671.0,1654.0,1655.15,1658.45,1662.14,15906643,26439042028.15,138726,1735856,10.91,-0.004740900771146417
HDFCBANK,EQ,2023-04-11,1658.45,1659.0,1669.4,1651.1,1664.95,1663.3,1662.57,21180771,35214468680.05,200423,6403988,30.23,0.0029244173776719062
HDFCBANK,EQ,2023-04-12,1663.3,1668.0,1688.2,1667.8,1685.0,1684.9,1679.14,13477752,22630971070.95,183654,3749528,27.82,0.012986232189021951
HDFCBANK,EQ,2023-04-13,1684.9,1688.3,1697.05,1678.15,1695.0,1692.45,1686.7,17665043,29795708472.95,177271,2563024,14.51,0.004480978099590471
HDFCBANK,EQ,2023-04-17,1692.45,1720.0,1720.0,1653.3,1665.05,1666.65,1669.13,16202574,27044165347.35,242646,5576536,34.42,-0.015244172649118148
HDFCBANK,EQ,2023-04-18,1666.65,1670.0,1677.25,1656.4,1660.35,1659.6,1666.9,14818613,24701210477.55,198013,4753066,32.07,-0.00423004230042312
HDFCBANK,EQ,2023-04-19,1659.6,1665.0,1670.3,1657.15,1668.7,1665.7,1664.28,12370584,20588090646.2,142796,1894807,15.32,0.003675584478187499
HDFCBANK,EQ,2023-04-20,1665.7,1671.7,1677.45,1666.4,1673.0,1671.9,1671.1,16461358,27508541645.25,171106,4249514,25.82,0.0037221588521343385
HDFCBANK,EQ,2023-04-21,1671.9,1669.0,1676.95,1663.25,1672.0,1674.6,1670.1,10064309,16808390125.1,159632,3768485,37.44,0.0016149291225551199
HDFCBANK,EQ,2023-04-24,1674.6,1687.0,1691.45,1674.1,1689.5,1688.15,1681.2,17837926,29989117787.95,181877,6644555,37.25,0.008091484533620186
HDFCBANK,EQ,2023-04-25,1688.15,1687.7,1687.7,1661.9,1663.6,1664.15,1671.96,25176534,42094115747.5,230940,7869001,31.26,-0.014216746142226677
HDFCBANK,EQ,2023-04-26,1664.15,1660.0,1675.0,1655.0,1675.0,1671.8,1666.08,13696375,22819300576.9,184866,4028705,29.41,0.0045969413814859195
HDFCBANK,EQ,2023-04-27,1671.8,1670.5,1685.25,1665.85,1680.0,1681.0,1673.65,23895196,39992303899.7,258905,4254912,17.81,0.005503050604139359
HDFCBANK,EQ,2023-04-28,1681.0,1684.7,1691.0,1670.0,1687.15,1687.6,1678.51,13958136,23428939295.55,182365,3410418,24.43,0.003926234384294958
HDFCBANK,EQ,2023-05-02,1687.6,1688.7,1699.0,1682.0,1682.9,1687.25,1692.45,16110592,27266377374.55,185905,3444446,21.38,-0.00020739511732636995
HDFCBANK,EQ,2023-05-03,1687.25,1684.95,1696.0,1679.65,1693.95,1693.15,1687.29,14703635,24809269719.05,176478,2987497,20.32,0.0034968143428657505
HDFCBANK,EQ,2023-05-04,1693.15,1687.1,1734.45,1687.1,1729.0,1727.8,1712.72,28427319,48687968070.25,255713,6563905,23.09,0.02046481410388923
HDFCBANK,EQ,2023-05-05,1727.8,1639.0,1660.95,1622.1,1626.95,1625.65,1640.31,31385208,51481396583.7,697018,17089608,54.45,-0.0591214260909827
HDFCBANK,EQ,2023-05-08,1625.65,1635.0,1650.35,1630.0,1646.75,1644.45,1645.52,18622262,30643251208.65,240839,4862261,26.11,0.011564604927259747
HDFCBANK,EQ,2023-05-09,1644.45,1649.9,1656.0,1639.95,1642.75,1644.5,1649.29,21844469,36027943472.75,270463,5728006,26.22,3.0405302684721747e-05
HDFCBANK,EQ,2023-05-10,1644.5,1644.5,1654.65,1633.1,1652.3,1652.1,1644.49,23170275,38103310084.95,228151,5086170,21.95,0.004621465491030596
HDFCBANK,EQ,2023-05-11,1652.1,1665.15,1688.0,1649.25,1655.0,1653.2,1656.04,17867309,29588945347.95,219658,3988602,22.32,0.0006658192603354873
HDFCBANK,EQ,2023-05-12,1653.2,1647.0,1672.8,1644.25,1667.95,1667.8,1662.68,11239380,18687507675.25,200542,3011860,26.8,0.008831357367529602
HDFCBANK,EQ,2023-05-15,1667.8,1672.0,1680.75,1665.1,1677.0,1675.8,1676.61,9256130,15518920431.5,204219,3246381,35.07,0.004796738218011853
HDFCBANK,EQ,2023-05-16,1675.8,1671.8,1671.8,1644.0,1646.0,1647.3,1654.31,16361043,27066315642.35,236552,4693548,28.69,-0.017006802721088454
HDFCBANK,EQ,2023-05-17,1647.3,1650.0,1650.0,1625.35,1640.85,1638.45,1638.82,15233434,24964917751.7,224112,3209871,21.07,-0.005372427608814401
HDFCBANK,EQ,2023-05-18,1638.45,1648.0,1653.95,1640.0,1644.5,1645.0,1646.05,24823471,40860559448.95,278185,4876002,19.64,0.003997680734840747
HDFCBANK,EQ,2023-05-19,1645.0,1648.0,1650.0,1631.55,1646.5,1646.9,1641.5,15230166,25000335648.35,197258,3531945,23.19,0.001155015197568554
HDFCBANK,EQ,2023-05-22,1646.9,1645.0,1652.9,1632.7,1638.45,1641.05,1641.7,14167016,23257923466.55,204936,2896707,20.45,-0.0035521282409376465
HDFCBANK,EQ,2023-05-23,1641.05,1649.0,1649.6,1633.45,1634.05,1637.2,1641.32,11235037,18440300706.25,198675,2142827,19.07,-0.002346058925687733
HDFCBANK,EQ,2023-05-24,1637.2,1627.55,1634.75,1613.6,1615.0,1615.8,1624.67,16794056,27284871539.45,298545,5875912,34.99,-0.013071096994869302
HDFCBANK,EQ,2023-05-25,1615.8,1615.7,1620.05,1597.35,1613.35,1609.6,1606.52,14888465,23918572885.9,318672,4945842,33.22,-0.0038371085530387594
HDFCBANK,EQ,2023-05-26,1609.6,1619.0,1619.0,1602.25,1617.0,1615.8,1611.17,13317533,21456849112.15,247378,5658462,42.49,0.0038518886679921316
HDFCBANK,EQ,2023-05-29,1615.8,1628.5,1641.0,1624.85,1630.0,1635.5,1636.2,10908146,17847915681.45,207071,3151605,28.89,0.012192102983042519
HDFCBANK,EQ,2023-05-30,1635.5,1633.6,1642.65,1628.55,1640.8,1636.75,1633.96,18562964,30331162063.85,264829,3453800,18.61,0.000764292265362343
HDFCBANK,EQ,2023-05-31,1636.75,1629.9,1634.95,1604.65,1611.2,1610.85,1613.25,21667135,34954511959.6,291055,6642898,30.66,-0.015824041545746237
HDFCBANK,EQ,2023-06-01,1610.85,1619.9,1619.9,1600.0,1601.0,1604.0,1612.23,25183469,40601423757.55,282772,5495345,21.82,-0.004252413322159088
HDFCBANK,EQ,2023-06-02,1604.0,1612.45,1614.8,1601.0,1605.5,1606.5,1607.62,8929855,14355801663.75,316938,3288557,36.83,0.0015586034912717928
HDFCBANK,EQ,2023-06-05,1606.5,1614.5,1616.5,1602.45,1604.05,1604.4,1610.46,9348621,15055621088.8,153663,2890771,30.92,-0.0013071895424836555
HDFCBANK,EQ,2023-06-06,1604.4,1607.65,1609.85,1592.25,1605.0,1599.4,1598.09,16091426,25715616381.45,233706,5098265,31.68,-0.0031164298180005323
HDFCBANK,EQ,2023-06-07,1599.4,1603.45,1612.55,1596.0,1611.5,1607.7,1602.11,12474513,19985540209.25,176230,3934644,31.54,0.0051894460422658995
HDFCBANK,EQ,2023-06-08,1607.7,1603.25,1626.0,1603.25,1608.35,1608.7,1617.05,18697761,30235256021.3,268888,5330369,28.51,0.0006220065932698304
HDFCBANK,EQ,2023-06-09,1608.7,1615.9,1618.5,1607.0,1609.5,1610.6,1613.79,9106289,14695639541.25,185235,2948383,32.38,0.0011810778889786988
HDFCBANK,EQ,2023-06-12,1610.6,1612.55,1615.8,1599.45,1600.9,1600.8,1604.34,6704146,10755748258.6,156138,3188691,47.56,-0.006084688935800275
HDFCBANK,EQ,2023-06-13,1600.8,1590.1,1609.0,1590.1,1607.95,1603.5,1602.57,13963054,22376805987.05,184386,6179907,44.26,0.0016866566716642328
HDFCBANK,EQ,2023-06-14,1603.5,1610.45,1612.0,1600.2,1601.75,1601.75,1606.76,10056984,16159116681.25,174004,4418111,43.93,-0.001091362644215832
HDFCBANK,EQ,2023-06-15,1601.75,1604.0,1605.95,1579.0,1580.55,1582.05,1590.41,17688738,28132406376.2,271848,5965872,33.73,-0.01229904791634151
HDFCBANK,EQ,2023-06-16,1582.05,1587.15,1609.2,1584.0,1602.5,1602.75,1598.25,7889636,12609594950.0,181546,4248458,53.85,0.013084289371385172
HDFCBANK,EQ,2023-06-19,1602.75,1611.0,1614.25,1598.35,1604.9,1604.15,1606.0,12414573,19937759557.1,162051,4383742,35.31,0.0008734986741538719
HDFCBANK,EQ,2023-06-20,1604.15,1604.15,1611.0,1590.65,1609.4,1607.5,1599.68,10002813,16001291895.2,287119,4273291,42.72,0.0020883333852819153
HDFCBANK,EQ,2023-06-21,1607.5,1616.0,1637.25,1611.0,1635.55,1635.6,1628.22,12154473,19790144100.5,276058,5696387,46.87,0.017480559875583168
HDFCBANK,EQ,2023-06-22,1635.6,1640.0,1657.55,1639.05,1644.8,1643.6,1646.7,28298070,46598524688.1,367511,10015810,35.39,0.004891171435558839
HDFCBANK,EQ,2023-06-23,1643.6,1637.55,1659.9,1634.05,1642.9,1643.5,1649.49,10669609,17599409604.4,248242,4758035,44.59,-6.084205402767662e-05
HDFCBANK,EQ,2023-06-26,1643.5,1645.0,1650.75,1628.7,1635.7,1635.55,1637.33,8065157,13205320442.4,199872,4328332,53.67,-0.004837237602677291
HDFCBANK,EQ,2023-06-27,1635.55,1642.95,1672.9,1638.55,1658.25,1658.6,1654.06,16915932,27979920820.4,314003,8517518,50.35,0.014093118522821024
HDFCBANK,EQ,2023-06-28,1658.6,1670.0,1679.9,1660.5,1673.1,1676.15,1673.3,29781475,49833244547.95,439006,16887785,56.71,0.010581213071265028
HDFCBANK,EQ,2023-06-30,1676.15,1704.0,1708.8,1683.25,1700.75,1701.4,1698.7,20349508,34567675938.75,326058,14789780,72.68,0.015064284222772395
HDFCBANK,EQ,2023-07-03,1701.4,1712.5,1757.5,1710.0,1721.0,1719.8,1733.31,22052058,38223161666.5,540520,11512012,52.2,0.010814623251439892
HDFCBANK,EQ,2023-07-04,1719.8,1723.45,1747.0,1713.8,1725.0,1728.2,1731.04,19397594,33577954092.4,379487,7795269,40.19,0.004884288870798947
HDFCBANK,EQ,2023-07-05,1728.2,1716.25,1720.0,1668.55,1676.6,1673.3,1681.63,18582877,31249528816.15,477385,9431298,50.75,-0.031767156579099676
HDFCBANK,EQ,2023-07-06,1673.3,1673.0,1687.85,1660.4,1674.8,1675.0,1674.63,26078272,43671547685.5,377109,7930745,30.41,0.0010159564931573328
HDFCBANK,EQ,2023-07-07,1675.0,1665.0,1675.0,1656.3,1659.9,1660.4,1663.54,9963168,16574155973.95,320533,3863511,38.78,-0.008716417910447749
HDFCBANK,EQ,2023-07-10,1660.4,1661.0,1676.75,1649.7,1658.0,1656.45,1659.09,19199221,31853162737.15,317755,3919467,20.41,-0.0023789448325705065
HDFCBANK,EQ,2023-07-11,1656.45,1663.0,1676.0,1645.5,1650.0,1648.4,1664.9,25335213,42180475745.65,379237,7417565,29.28,-0.004859790515862161
HDFCBANK,EQ,2023-07-12,1648.4,1655.35,1666.3,1627.15,1636.0,1632.95,1643.87,35479179,58323200837.3,498866,20020165,56.43,-0.009372725066731369
HDFCBANK,EQ,2023-07-13,1632.95,1656.7,1657.45,1638.05,1644.55,1641.1,1648.62,20956773,34549848532.65,432632,5498771,26.24,0.004990967267828106
HDFCBANK,EQ,2023-07-14,1641.1,1653.6,1653.6,1635.0,1645.6,1644.5,1642.71,12363607,20309876686.3,462491,6276284,50.76,0.002071781122418015
HDFCBANK,EQ,2023-07-17,1644.5,1650.0,1682.0,1633.0,1678.35,1678.9,1660.51,24626464,40892507962.1,435163,9984310,40.54,0.020918212222560184
HDFCBANK,EQ,2023-07-18,1678.9,1698.0,1704.0,1670.0,1678.0,1677.5,1683.83,40538409,68259872564.3,704526,16599436,40.95,-0.0008338793257490762
HDFCBANK,EQ,2023-07-19,1677.5,1681.1,1688.75,1675.0,1684.75,1685.1,1682.45,16467567,27705915264.2,427479,6304659,38.29,0.004530551415797168
HDFCBANK,EQ,2023-07-20,1685.1,1681.15,1692.0,1680.0,1688.9,1688.75,1686.08,28105474,47388096303.3,433278,13178804,46.89,0.0021660435582457893
HDFCBANK,EQ,2023-07-21,1688.75,1680.0,1689.8,1673.25,1677.75,1675.75,1680.8,21077124,35426465573.7,337174,11344016,53.82,-0.007698001480384908
HDFCBANK,EQ,2023-07-24,1675.75,1678.5,1684.65,1670.1,1679.5,1678.4,1677.75,16089722,26994570123.7,296190,9094607,56.52,0.0015813814709833007
HDFCBANK,EQ,2023-07-25,1678.4,1684.65,1699.0,1678.4,1694.55,1696.6,1692.19,27996298,47375021905.75,534396,10139007,36.22,0.010843660629170637
HDFCBANK,EQ,2023-07-26,1696.6,1699.6,1699.6,1688.0,1689.3,1690.7,1692.97,12397179,20988022760.35,251108,5793581,46.73,-0.003477543321937948
HDFCBANK,EQ,2023-07-27,1690.7,1699.9,1703.0,1667.45,1676.95,1673.15,1681.08,29870651,50214860523.75,506283,14226217,47.63,-0.010380315845507804
HDFCBANK,EQ,2023-07-28,1673.15,1661.5,1668.9,1641.1,1642.9,1643.5,1649.58,20507842,33829321793.55,422378,13510158,65.88,-0.01772106505692861
HDFCBANK,EQ,2023-07-31,1643.5,1650.05,1656.8,1638.7,1650.0,1651.2,1649.01,17282503,28499054865.3,434555,9457401,54.72,0.004685123212655906
HDFCBANK,EQ,2023-08-01,1651.2,1654.45,1667.45,1650.0,1660.0,1662.25,1659.39,17697094,29366453399.3,385496,5758362,32.54,0.006692102713178327
HDFCBANK,EQ,2023-08-02,1662.25,1642.0,1651.5,1633.15,1641.9,1640.5,1644.34,14058161,23116346478.45,380609,6588171,46.86,-0.013084674387125905
HDFCBANK,EQ,2023-08-03,1640.5,1640.0,1651.35,1623.0,1632.6,1628.65,1633.08,28836973,47093113412.85,439722,9606761,33.31,-0.007223407497714107
HDFCBANK,EQ,2023-08-04,1628.65,1635.15,1656.5,1629.25,1652.85,1652.2,1641.73,18694152,30690712012.15,310206,5785079,30.95,0.014459828692475307
HDFCBANK,EQ,2023-08-07,1652.2,1663.1,1663.1,1647.55,1651.0,1651.25,1653.09,14150459,23391943678.55,256889,5647029,39.91,-0.0005749909211960613
HDFCBANK,EQ,2023-08-08,1651.25,1651.7,1655.6,1642.05,1649.0,1649.9,1650.13,21886914,36116274511.3,300979,7401918,33.82,-0.0008175624526872705
HDFCBANK,EQ,2023-08-09,1649.9,1653.0,1654.5,1631.1,1652.7,1650.5,1640.24,16680618,27360230365.0,228397,5546894,33.25,0.00036365840353957957
HDFCBANK,EQ,2023-08-10,1650.5,1647.05,1654.25,1631.0,1638.0,1635.85,1638.99,25390559,41614959546.45,332263,6835898,26.92,-0.00887609815207513
HDFCBANK,EQ,2023-08-11,1635.85,1638.4,1638.4,1616.2,1620.9,1618.8,1625.76,14112911,22944247784.1,271050,5968867,42.29,-0.010422716019194866
HDFCBANK,EQ,2023-08-14,1618.8,1611.0,1615.0,1600.25,1608.5,1610.9,1608.96,15652205,25183794816.5,349385,6296942,40.23,-0.004880158141833402
HDFCBANK,EQ,2023-08-16,1610.9,1583.1,1609.65,1581.3,1604.35,1606.2,1596.67,17068771,27253151750.9,300850,7482636,43.84,-0.0029176236886212514
HDFCBANK,EQ,2023-08-17,1606.2,1597.6,1609.9,1594.0,1595.0,1597.3,1600.21,26442020,42312860300.1,400922,9405436,35.57,-0.00554102851450633
HDFCBANK,EQ,2023-08-18,1597.3,1587.55,1596.3,1585.5,1588.7,1590.75,1590.59,12816683,20386133002.3,282239,5830172,45.49,-0.0041006698804232355
HDFCBANK,EQ,2023-08-21,1590.75,1600.5,1600.5,1587.0,1587.8,1589.5,1593.07,10918635,17394109160.45,241780,4967663,45.5,-0.0007857928650008006
HDFCBANK,EQ,2023-08-22,1589.5,1596.35,1598.0,1580.0,1581.45,1582.7,1588.09,16136785,25626713594.35,420291,6803467,42.16,-0.004278074866310155
HDFCBANK,EQ,2023-08-23,1582.7,1580.0,1590.55,1573.25,1588.5,1586.6,1581.99,18249294,28870123207.45,329674,10307529,56.48,0.002464143552157516
HDFCBANK,EQ,2023-08-24,1586.6,1593.3,1596.2,1576.15,1579.6,1579.3,1583.6,21572896,34162775004.65,397769,7352169,34.08,-0.004601033656876363
HDFCBANK,EQ,2023-08-25,1579.3,1574.55,1577.5,1558.4,1559.2,1561.5,1564.93,15034878,23528489943.8,350735,8764737,58.3,-0.011270816184385413
HDFCBANK,EQ,2023-08-28,1561.5,1561.5,1582.65,1561.5,1578.0,1577.75,1574.43,14433619,22724692200.7,289068,8043360,55.73,0.01040666026256809
HDFCBANK,EQ,2023-08-29,1577.75,1589.7,1592.65,1581.45,1591.25,1590.3,1588.37,17769466,28224420149.05,341561,9226802,51.93,0.007954365393756824
HDFCBANK,EQ,2023-08-30,1590.3,1603.95,1603.95,1573.7,1579.0,1578.7,1589.56,14042102,22320781696.1,297743,7465190,53.16,-0.007294221216122665
HDFCBANK,EQ,2023-08-31,1578.7,1579.0,1583.15,1563.1,1577.0,1571.45,1570.99,50037886,78608931136.2,419748,27344438,54.65,-0.004592386140495397
HDFCBANK,EQ,2023-09-01,1571.45,1571.0,1579.0,1559.35,1573.75,1574.7,1569.33,21613388,33918508405.3,450304,11712682,54.19,0.0020681536160871428
HDFCBANK,EQ,2023-09-04,1574.7,1590.0,1591.45,1574.9,1584.5,1584.55,1582.03,12536819,19833666505.3,236702,6878890,54.87,0.0062551597129612
HDFCBANK,EQ,2023-09-05,1584.55,1588.4,1588.4,1570.6,1575.0,1574.9,1576.27,19356041,30510314620.1,407651,7319213,37.81,-0.006090057114007008
HDFCBANK,EQ,2023-09-06,1574.9,1576.8,1600.0,1574.9,1599.0,1595.5,1588.41,28160455,44730393184.3,394705,10222093,36.3,0.013080195567972464
HDFCBANK,EQ,2023-09-07,1595.5,1595.5,1614.0,1587.15,1611.0,1610.85,1601.67,17104171,27395255131.15,282493,6302758,36.85,0.009620808523973512
HDFCBANK,EQ,2023-09-08,1610.85,1608.3,1632.9,1607.6,1623.2,1623.4,1619.68,17251105,27941256455.4,263597,7088173,41.09,0.007790917838408351
HDFCBANK,EQ,2023-09-11,1623.4,1628.9,1636.5,1624.0,1633.0,1631.8,1631.32,15786511,25752884037.25,290843,11794625,74.71,0.005174325489712972
HDFCBANK,EQ,2023-09-12,1631.8,1640.0,1642.9,1625.05,1636.0,1636.9,1635.47,19516670,31918959857.45,310906,8420128,43.14,0.0031253830126241056
HDFCBANK,EQ,2023-09-13,1636.9,1631.3,1651.6,1628.6,1641.6,1643.9,1643.76,23210047,38151741645.9,353522,10913856,47.02,0.0042763760767303705
HDFCBANK,EQ,2023-09-14,1643.9,1644.25,1650.0,1635.1,1643.0,1642.9,1642.38,11769424,19329882409.25,269108,4594361,39.04,-0.0006083095078776024
HDFCBANK,EQ,2023-09-15,1642.9,1650.0,1670.0,1650.0,1657.0,1661.75,1660.63,86705601,143986131583.85,485971,62176243,71.71,0.011473613731815657
HDFCBANK,EQ,2023-09-18,1661.75,1653.75,1655.0,1626.1,1629.65,1629.05,1636.5,18528144,30321224693.3,292658,7632991,41.2,-0.019678050248232326
HDFCBANK,EQ,2023-09-20,1629.05,1599.0,1599.0,1560.4,1566.0,1563.7,1570.63,57737324,90684080075.6,977717,35268822,61.08,-0.04011540468371133
HDFCBANK,EQ,2023-09-21,1563.7,1553.0,1568.95,1537.05,1554.5,1553.35,1555.34,36420721,56646657569.55,614240,20439570,56.12,-0.006618916671995989
HDFCBANK,EQ,2023-09-22,1553.35,1559.0,1564.4,1523.75,1530.2,1529.65,1544.59,30852125,47653955740.5,548206,20433576,66.23,-0.015257347024173473
HDFCBANK,EQ,2023-09-25,1529.65,1525.0,1540.7,1525.0,1528.9,1531.0,1533.28,20104377,30825720275.3,338863,14295701,71.11,0.0008825548328048605
HDFCBANK,EQ,2023-09-26,1531.0,1525.0,1540.0,1525.0,1538.0,1537.65,1535.23,13787654,21167197917.55,303026,7908660,57.36,0.004343566296538315
HDFCBANK,EQ,2023-09-27,1537.65,1523.0,1532.5,1515.0,1527.45,1526.85,1524.39,19669269,29983598526.15,384553,13595388,69.12,-0.00702370500438998
HDFCBANK,EQ,2023-09-28,1526.85,1534.0,1537.6,1518.35,1518.4,1523.7,1526.61,27677094,42252070128.65,324684,13638761,49.28,-0.0020630710285881593
HDFCBANK,EQ,2023-09-29,1523.7,1523.7,1535.45,1522.3,1525.85,1526.3,1529.2,16026891,24508375856.5,274764,9339695,58.28,0.0017063726455337491
HDFCBANK,EQ,2023-10-03,1526.3,1527.0,1527.0,1506.0,1508.0,1508.05,1511.94,19485847,29461459601.05,466405,12869902,66.05,-0.011957020245036976
HDFCBANK,EQ,2023-10-04,1508.05,1495.0,1535.0,1489.25,1532.0,1529.55,1519.36,27324715,41515975722.85,465424,15548264,56.9,0.014256821723417579
HDFCBANK,EQ,2023-10-05,1529.55,1535.05,1551.55,1532.6,1535.85,1535.75,1540.76,24256337,37373176644.2,360029,17451398,71.95,0.004053479781635172
HDFCBANK,EQ,2023-10-06,1535.75,1544.0,1545.0,1529.85,1535.0,1534.05,1539.1,8879678,13666672813.35,221516,5938403,66.88,-0.0011069510011395556
HDFCBANK,EQ,2023-10-09,1534.05,1528.0,1530.0,1512.0,1516.0,1516.25,1517.69,8227486,12486790439.8,219643,5637607,68.52,-0.011603272383559848
HDFCBANK,EQ,2023-10-10,1516.25,1520.55,1529.0,1515.2,1526.0,1524.85,1523.15,16633146,25334854412.75,375460,10296948,61.91,0.005671887881286031
HDFCBANK,EQ,2023-10-11,1524.85,1530.1,1542.15,1528.5,1542.0,1539.6,1534.92,15666680,24047140129.1,282864,9531878,60.84,0.009673082598288252
HDFCBANK,EQ,2023-10-12,1539.6,1536.1,1552.0,1531.6,1548.0,1549.85,1541.66,11012668,16977844444.8,239200,7092056,64.4,0.0066575733956872885
HDFCBANK,EQ,2023-10-13,1549.85,1540.0,1548.8,1529.95,1533.5,1535.75,1539.45,19872650,30592884042.2,256367,13887161,69.88,-0.009097654611736616
HDFCBANK,EQ,2023-10-16,1535.75,1531.5,1534.45,1520.5,1532.0,1529.6,1529.19,8928042,13652681917.0,223477,5332772,59.73,-0.004004558033534167
HDFCBANK,EQ,2023-10-17,1529.6,1555.75,1555.75,1535.0,1542.5,1541.2,1542.46,16451279,25375468422.15,382090,9911443,60.25,0.007583682008368342
HDFCBANK,EQ,2023-10-18,1541.2,1541.2,1541.2,1518.1,1519.0,1519.75,1524.62,15608100,23796358906.9,342915,9049826,57.98,-0.013917726446924461
HDFCBANK,EQ,2023-10-19,1519.75,1505.4,1526.25,1503.2,1514.5,1514.95,1516.62,15126182,22940629736.4,331067,9183556,60.71,-0.0031584142128638915
HDFCBANK,EQ,2023-10-20,1514.95,1505.0,1527.0,1505.0,1523.4,1522.8,1519.35,10547005,16024569217.4,267376,6903339,65.45,0.005181689164658776
HDFCBANK,EQ,2023-10-23,1522.8,1523.5,1528.75,1500.1,1507.0,1506.05,1520.08,11188068,17006738603.7,249005,6365030,56.89,-0.010999474651956942
HDFCBANK,EQ,2023-10-25,1506.05,1521.0,1522.8,1491.45,1494.2,1496.5,1505.86,14155998,21316945153.1,372043,10078087,71.19,-0.006341090933235871
HDFCBANK,EQ,2023-10-26,1496.5,1491.25,1492.0,1460.25,1462.45,1463.4,1469.55,27780899,40825480054.7,624140,16371972,58.93,-0.022118275977280222
HDFCBANK,EQ,2023-10-27,1463.4,1469.5,1478.0,1466.9,1472.55,1469.15,1470.94,15970266,23491378766.1,283464,11120498,69.63,0.003929205958726145
HDFCBANK,EQ,2023-10-30,1469.15,1463.25,1489.95,1461.9,1487.85,1485.1,1479.49,11655491,17244138134.55,269734,7157538,61.41,0.010856617772181165
HDFCBANK,EQ,2023-10-31,1485.1,1504.0,1504.0,1474.0,1475.0,1476.5,1482.03,16317412,24182840370.9,422644,7350202,45.05,-0.005790855834623909
HDFCBANK,EQ,2023-11-01,1476.5,1462.25,1477.45,1462.25,1477.0,1474.5,1469.2,16938733,24886425534.8,340052,7038967,41.56,-0.0013545546901455596
HDFCBANK,EQ,2023-11-02,1474.5,1485.0,1490.5,1467.15,1478.7,1476.75,1472.27,22612577,33291873290.7,260964,15705946,69.46,0.0015259409969481386
HDFCBANK,EQ,2023-11-03,1476.75,1488.0,1491.4,1481.65,1484.5,1483.75,1487.25,9047670,13456152900.7,226806,5928328,65.52,0.004740138818351003
HDFCBANK,EQ,2023-11-06,1483.75,1498.0,1498.0,1483.0,1493.8,1494.5,1488.25,12796865,19044945751.7,386836,9045785,70.69,0.007245155855096774
HDFCBANK,EQ,2023-11-07,1494.5,1494.0,1494.0,1477.2,1490.0,1487.25,1484.48,20976424,31139051244.05,585794,9347401,44.56,-0.00485112077617933
HDFCBANK,EQ,2023-11-08,1487.25,1483.95,1493.45,1481.0,1491.8,1491.55,1489.03,15699773,23377406572.3,499216,6062315,38.61,0.002891242225584012
HDFCBANK,EQ,2023-11-09,1491.55,1486.0,1492.6,1483.5,1486.5,1485.65,1487.69,11058370,16451404289.6,281527,6263802,56.64,-0.0039556166404075555
HDFCBANK,EQ,2023-11-10,1485.65,1480.1,1496.0,1480.05,1495.0,1491.5,1486.67,7007593,10417971067.75,181055,3924576,56.0,0.003937670379968283
HDFCBANK,EQ,2023-11-12,1491.5,1500.0,1502.0,1496.15,1499.0,1500.0,1499.5,1975463,2962207492.65,85801,772458,39.1,0.005698960777740458
HDFCBANK,EQ,2023-11-13,1500.0,1492.1,1495.95,1485.9,1489.0,1488.8,1490.72,10302957,15358848457.45,318892,5382293,52.24,-0.0074666666666667325
HDFCBANK,EQ,2023-11-15,1488.8,1504.1,1510.95,1500.55,1504.8,1504.4,1505.7,20622730,31051566881.5,331586,11254599,54.57,0.010478237506716948
HDFCBANK,EQ,2023-11-16,1504.4,1509.7,1519.0,1503.75,1508.0,1508.35,1511.01,14856919,22449002896.9,270257,9211530,62.0,0.0026256314809889325
HDFCBANK,EQ,2023-11-17,1508.35,1490.0,1507.5,1489.0,1505.0,1505.1,1502.48,11850937,17805835559.3,298602,7924052,66.86,-0.0021546723240627452
HDFCBANK,EQ,2023-11-20,1505.1,1513.0,1513.0,1501.55,1505.9,1505.2,1505.46,9665726,14551379677.65,200480,5702845,59.0,6.644076805528698e-05
HDFCBANK,EQ,2023-11-21,1505.2,1519.0,1522.0,1512.1,1518.25,1517.95,1517.79,12479986,18941939824.75,291918,7556905,60.55,0.008470635131544002
HDFCBANK,EQ,2023-11-22,1517.95,1520.0,1520.0,1503.55,1512.9,1512.55,1513.24,14561825,22035595098.85,261084,4991663,34.28,-0.00355742942784687
HDFCBANK,EQ,2023-11-23,1512.55,1508.5,1523.85,1508.5,1521.7,1521.3,1519.21,6523110,9909995976.95,170796,3834686,58.79,0.005784932729496539
HDFCBANK,EQ,2023-11-24,1521.3,1521.2,1533.15,1519.85,1531.4,1532.1,1529.01,8234596,12590757692.8,191494,5771108,70.08,0.007099191480970157
HDFCBANK,EQ,2023-11-28,1532.1,1535.2,1537.25,1525.8,1530.95,1528.65,1531.88,14244669,21821167498.85,254566,10373959,72.83,-0.0022518112394751544
HDFCBANK,EQ,2023-11-29,1528.65,1533.9,1563.0,1533.0,1560.3,1559.15,1547.46,17021244,26339738845.55,314977,12573984,73.87,0.019952245445327588
HDFCBANK,EQ,2023-11-30,1559.15,1569.15,1572.45,1542.15,1556.6,1558.8,1555.55,34745720,54048690749.35,352886,24127159,69.44,-0.00022448128788132848
HDFCBANK,EQ,2023-12-01,1558.8,1557.9,1565.75,1552.1,1552.35,1555.4,1559.16,11076768,17270479586.7,299721,7816765,70.57,-0.0021811649987169
HDFCBANK,EQ,2023-12-04,1555.4,1588.0,1612.0,1573.65,1609.15,1609.4,1592.26,25331228,40333820531.2,441679,18992621,74.98,0.034717757490034806
HDFCBANK,EQ,2023-12-05,1609.4,1636.5,1639.0,1616.5,1622.0,1623.7,1626.07,26115410,42465536275.85,397106,15152680,58.02,0.008885298869143687
HDFCBANK,EQ,2023-12-06,1623.7,1638.45,1638.45,1616.65,1626.3,1627.8,1627.41,19306530,31419573681.05,340998,11206777,58.05,0.0025250970006773787
HDFCBANK,EQ,2023-12-07,1627.8,1625.0,1634.0,1616.2,1630.5,1630.45,1628.48,10225193,16651513307.4,219921,6993493,68.39,0.001627964123356751
HDFCBANK,EQ,2023-12-08,1630.45,1630.45,1655.0,1630.45,1653.0,1653.2,1648.92,16864019,27807418190.95,372167,12503238,74.14,0.013953203103437728
HDFCBANK,EQ,2023-12-11,1653.2,1650.05,1663.7,1647.0,1650.0,1651.0,1653.0,11593810,19164609234.9,376768,8095762,69.83,-0.001330752480038777
HDFCBANK,EQ,2023-12-12,1651.0,1654.2,1656.25,1631.85,1634.45,1634.6,1645.41,18290738,30095821186.8,386854,12547290,68.6,-0.009933373712901372
HDFCBANK,EQ,2023-12-13,1634.6,1632.45,1636.0,1615.1,1633.8,1630.9,1628.14,14673457,23890410498.9,352315,7926681,54.02,-0.002263550715771334
HDFCBANK,EQ,2023-12-14,1630.9,1646.0,1658.95,1645.0,1650.45,1650.15,1651.03,17586183,29035347300.8,345239,12401147,70.52,0.011803298792077976
HDFCBANK,EQ,2023-12-15,1650.15,1650.0,1668.0,1646.6,1656.05,1656.55,1655.35,69418565,114912065107.8,420832,49573293,71.41,0.0038784352937610844
HDFCBANK,EQ,2023-12-18,1656.55,1660.7,1664.7,1650.95,1652.5,1655.7,1657.78,9007377,14932277614.85,258215,5729288,63.61,-0.0005131146056562841
HDFCBANK,EQ,2023-12-19,1655.7,1650.0,1658.65,1644.05,1650.5,1652.9,1651.23,12004223,19821702426.65,257002,6861842,57.16,-0.0016911276197378866
HDFCBANK,EQ,2023-12-20,1652.9,1658.0,1668.95,1644.45,1644.75,1657.0,1662.23,17116260,28451245154.05,415287,11401194,66.61,0.0024804888378002765
HDFCBANK,EQ,2023-12-21,1657.0,1657.0,1689.75,1650.25,1685.0,1686.7,1672.87,18294620,30604491502.45,385913,10506095,57.43,0.017923958961979514
HDFCBANK,EQ,2023-12-22,1686.7,1683.6,1685.9,1667.1,1668.7,1670.85,1675.74,24289425,40702711527.5,450284,17151697,70.61,-0.009397047489180133
HDFCBANK,EQ,2023-12-26,1670.85,1673.25,1685.95,1668.55,1684.1,1682.45,1678.46,9022928,15144582177.45,243596,5004732,55.47,0.006942574138911306
HDFCBANK,EQ,2023-12-27,1682.45,1681.5,1706.5,1678.6,1702.1,1703.3,1695.87,13504539,22901880536.75,321373,9179567,67.97,0.012392641683259376
HDFCBANK,EQ,2023-12-28,1703.3,1709.3,1721.4,1702.0,1708.85,1705.25,1711.26,22038235,37713047859.0,423062,15056267,68.32,0.0011448364938648758
HDFCBANK,EQ,2023-12-29,1705.25,1697.0,1714.9,1696.0,1708.65,1709.25,1707.51,12505713,21353650105.25,264143,9195603,73.53,0.0023456971118605008
HDFCBANK,EQ,2024-01-01,1709.25,1706.0,1709.15,1692.0,1692.9,1698.1,1701.52,7119843,12114568489.3,258349,4416670,62.03,-0.00652332894544394
HDFCBANK,EQ,2024-01-02,1698.1,1698.8,1702.8,1688.7,1697.5,1699.1,1697.43,14621046,24818149211.1,334886,8690628,59.44,0.0005888934691713477
HDFCBANK,EQ,2024-01-03,1699.1,1702.0,1704.7,1668.95,1674.6,1672.9,1681.27,14194881,23865412912.55,426015,8613392,60.68,-0.015419928197280774
HDFCBANK,EQ,2024-01-04,1672.9,1678.0,1694.95,1670.7,1690.85,1690.85,1681.98,13367028,22483129792.5,335934,9457028,70.75,0.010729870285133503
HDFCBANK,EQ,2024-01-05,1690.85,1687.15,1704.9,1668.1,1679.0,1682.2,1679.44,15944735,26778251761.45,426162,9617611,60.32,-0.005115770174764056
HDFCBANK,EQ,2024-01-08,1682.2,1678.5,1682.35,1660.0,1662.9,1663.45,1671.84,8999235,15045304192.3,368430,5643830,62.71,-0.011146118178575692
HDFCBANK,EQ,2024-01-09,1663.45,1667.15,1677.8,1646.75,1650.95,1650.5,1660.84,12663444,21031958360.5,269602,6528474,51.55,-0.007785025098440035
HDFCBANK,EQ,2024-01-10,1650.5,1643.0,1659.95,1641.4,1656.0,1655.95,1653.21,8057912,13321422833.2,173498,5376758,66.73,0.003302029687973329
HDFCBANK,EQ,2024-01-11,1655.95,1660.0,1662.9,1643.0,1649.3,1649.0,1653.3,9157005,15139271150.7,230772,6716094,73.34,-0.00419698662399226
HDFCBANK,EQ,2024-01-12,1649.0,1652.0,1656.0,1633.6,1643.95,1641.2,1645.1,9886776,16264760030.85,278690,5997002,60.66,-0.004730139478471784
HDFCBANK,EQ,2024-01-15,1641.2,1647.7,1680.9,1643.6,1679.7,1672.8,1666.61,14160178,23599525731.75,414759,9781433,69.08,0.019254204240799266
HDFCBANK,EQ,2024-01-16,1672.8,1673.0,1683.65,1658.1,1678.0,1679.15,1672.44,12661250,21175143184.95,347404,7075982,55.89,0.0037960306073649974
HDFCBANK,EQ,2024-01-17,1679.15,1570.0,1596.8,1528.4,1542.15,1537.5,1565.65,85072618,133193618859.55,2098772,53380592,62.75,-0.08435815740106611
HDFCBANK,EQ,2024-01-18,1537.5,1494.0,1515.0,1480.05,1490.0,1486.15,1495.03,80535465,120402678844.55,1582497,55933202,69.45,-0.03339837398373979
HDFCBANK,EQ,2024-01-19,1486.15,1505.95,1510.25,1468.4,1474.9,1470.65,1483.88,54800269,81316862185.55,1275220,40988837,74.8,-0.010429633617064171
HDFCBANK,EQ,2024-01-20,1470.65,1483.2,1495.7,1476.0,1480.65,1478.85,1483.92,12920293,19172637247.3,403196,4771146,36.93,0.005575765817835476
HDFCBANK,EQ,2024-01-23,1478.85,1465.0,1474.7,1425.0,1430.95,1427.35,1442.66,57734701,83291508720.05,1415782,37949562,65.73,-0.03482435676370155
HDFCBANK,EQ,2024-01-24,1427.35,1380.25,1458.45,1380.25,1456.3,1455.9,1435.74,43002202,61740125439.0,817417,27474718,63.89,0.020002101797036653
HDFCBANK,EQ,2024-01-25,1455.9,1452.5,1457.35,1419.4,1440.7,1434.9,1434.16,49470926,70949159079.5,787699,31535782,63.75,-0.014424067587059497
HDFCBANK,EQ,2024-01-29,1434.9,1448.05,1462.8,1445.8,1456.8,1454.65,1454.14,32822749,47728790185.85,694082,23704142,72.22,0.013764025367621446
HDFCBANK,EQ,2024-01-30,1454.65,1454.55,1463.2,1440.9,1444.7,1444.3,1447.91,20864384,30209849168.35,451375,11258264,53.96,-0.007115113601209977
HDFCBANK,EQ,2024-01-31,1444.3,1439.5,1474.95,1436.8,1462.65,1462.55,1462.25,32880520,48079551289.5,548526,19899886,60.52,0.012635878972512726
HDFCBANK,EQ,2024-02-01,1462.55,1465.05,1473.6,1456.05,1466.5,1466.35,1465.35,16345370,23951731259.2,395148,10441607,63.88,0.00259820177087966
HDFCBANK,EQ,2024-02-02,1466.35,1475.0,1480.85,1442.05,1445.9,1446.15,1461.81,22433877,32794141061.4,547098,11894099,53.02,-0.013775701571930199
HDFCBANK,EQ,2024-02-05,1446.15,1446.0,1451.9,1434.05,1443.05,1444.85,1442.08,19302523,27835769812.35,487034,9505231,49.24,-0.0008989385610069789
HDFCBANK,EQ,2024-02-06,1444.85,1445.55,1449.7,1432.6,1443.55,1444.1,1442.11,20537870,29617940997.4,410774,12354485,60.15,-0.0005190850261272972
HDFCBANK,EQ,2024-02-07,1444.1,1453.0,1453.8,1426.65,1430.0,1429.95,1435.86,27418543,39369092511.05,523984,17664287,64.42,-0.009798490409251293
HDFCBANK,EQ,2024-02-08,1429.95,1429.85,1438.95,1400.5,1407.25,1403.05,1415.51,34553062,48910244009.15,797559,22315085,64.58,-0.018811846568061896
HDFCBANK,EQ,2024-02-09,1403.05,1392.15,1414.2,1387.0,1408.0,1403.6,1402.42,28321062,39717943985.6,512854,18921440,66.81,0.00039200313602516523
HDFCBANK,EQ,2024-02-12,1403.6,1399.65,1413.65,1383.35,1392.4,1390.0,1394.91,17223906,24025725748.7,486804,11102019,64.46,-0.009689370190937519
HDFCBANK,EQ,2024-02-13,1390.0,1391.95,1404.35,1384.35,1391.95,1394.45,1394.82,28790497,40157678244.65,445958,16199067,56.27,0.00320143884892099
HDFCBANK,EQ,2024-02-14,1394.45,1376.0,1391.5,1363.55,1384.95,1384.05,1373.2,45660405,62700916687.85,883690,24952955,54.65,-0.007458137616981664
HDFCBANK,EQ,2024-02-15,1384.05,1385.0,1415.5,1384.35,1414.65,1414.05,1402.53,20792472,29162128685.1,533782,10560634,50.79,0.021675517502980357
HDFCBANK,EQ,2024-02-16,1414.05,1423.9,1427.7,1408.45,1417.05,1419.9,1417.97,16087871,22812194900.15,402453,8820734,54.83,0.00413705314522117
HDFCBANK,EQ,2024-02-19,1419.9,1429.0,1429.0,1415.2,1419.0,1417.1,1420.94,17225878,24476880448.95,296087,12172296,70.66,-0.0019719698570322963
HDFCBANK,EQ,2024-02-20,1417.1,1415.0,1457.25,1411.8,1453.0,1454.3,1443.09,28066754,40502822506.55,518597,17963922,64.0,0.02625079387481488
HDFCBANK,EQ,2024-02-21,1454.3,1464.0,1464.0,1435.0,1436.0,1439.15,1446.29,22946568,33187313941.5,493970,14741892,64.24,-0.010417382933369912
HDFCBANK,EQ,2024-02-22,1439.15,1417.75,1428.8,1412.2,1422.0,1419.55,1419.78,25280441,35892743575.45,477326,14239980,56.33,-0.013619150192822227
HDFCBANK,EQ,2024-02-23,1419.55,1422.55,1433.9,1418.0,1419.45,1420.6,1425.27,14916726,21260419308.0,335851,9640709,64.63,0.0007396710225071601
HDFCBANK,EQ,2024-02-26,1420.6,1413.55,1434.85,1413.55,1421.95,1422.3,1426.02,11753435,16760578868.05,381979,7160171,60.92,0.0011966774602281127
HDFCBANK,EQ,2024-02-27,1422.3,1413.55,1426.7,1413.05,1421.9,1420.15,1419.95,16043575,22781119940.6,384714,10238487,63.82,-0.0015116360824016795
HDFCBANK,EQ,2024-02-28,1420.15,1420.15,1424.2,1404.0,1406.15,1409.4,1414.58,12660993,17910038294.1,302672,8285620,65.44,-0.007569622927155573
HDFCBANK,EQ,2024-02-29,1409.4,1402.1,1410.4,1397.3,1407.8,1403.4,1403.21,26647850,37392569225.7,567422,16904852,63.44,-0.004257130693912314
HDFCBANK,EQ,2024-03-01,1403.4,1400.0,1432.75,1400.0,1429.3,1430.75,1419.53,17369449,24656507108.45,430030,10939226,62.98,0.019488385349864634
HDFCBANK,EQ,2024-03-02,1430.75,1434.55,1436.0,1428.1,1430.95,1430.75,1431.16,895265,1281270465.1,27274,514675,57.49,0.0
HDFCBANK,EQ,2024-03-04,1430.75,1430.95,1437.0,1424.3,1432.0,1432.7,1430.81,17808237,25480270998.65,320401,13514118,75.89,0.0013629215446444576
HDFCBANK,EQ,2024-03-05,1432.7,1422.0,1443.0,1421.65,1439.2,1440.85,1432.7,18995836,27215248874.45,345780,13054500,68.72,0.005688560061422487
HDFCBANK,EQ,2024-03-06,1440.85,1433.55,1452.85,1433.55,1442.85,1442.6,1444.3,21204765,30625970319.2,429803,11003451,51.89,0.0012145608494986693
HDFCBANK,EQ,2024-03-07,1442.6,1445.5,1451.05,1441.4,1446.0,1446.1,1445.23,24674023,35659521740.4,301040,20866170,84.57,0.002426174961874361
HDFCBANK,EQ,2024-03-11,1446.1,1430.0,1445.95,1423.0,1427.0,1427.8,1431.56,25265547,36169185792.1,400746,18964859,75.06,-0.01265472650577415
HDFCBANK,EQ,2024-03-12,1427.8,1434.0,1464.0,1429.25,1460.75,1459.55,1455.21,32709227,47598903857.45,563469,16384302,50.09,0.022237007984311497
HDFCBANK,EQ,2024-03-13,1459.55,1465.5,1471.6,1450.1,1459.7,1460.4,1461.57,31533727,46088810985.45,555367,17816086,56.5,0.0005823712788188828
HDFCBANK,EQ,2024-03-14,1460.4,1462.1,1466.0,1444.3,1457.0,1455.45,1452.98,26216079,38091465327.1,355538,14505354,55.33,-0.003389482333607252
HDFCBANK,EQ,2024-03-15,1455.45,1450.0,1459.3,1442.25,1454.7,1452.65,1452.16,71806902,104275232909.4,423259,50794310,70.74,-0.0019238036346146403
HDFCBANK,EQ,2024-03-18,1452.65,1447.0,1456.0,1435.8,1445.75,1446.05,1447.44,10718928,15514993593.4,298423,5692012,53.1,-0.004543420645028107
HDFCBANK,EQ,2024-03-19,1446.05,1435.5,1452.4,1435.5,1449.95,1449.35,1445.73,18091797,26155872952.15,357501,11320260,62.57,0.002282078766294271
HDFCBANK,EQ,2024-03-20,1449.35,1449.05,1451.65,1424.65,1432.0,1431.05,1435.82,21803047,31305142954.85,391871,12357309,56.68,-0.012626349742988152
HDFCBANK,EQ,2024-03-21,1431.05,1442.6,1451.25,1438.3,1445.4,1445.75,1445.43,14461430,20903015204.35,261033,8947572,61.87,0.010272177771566415
HDFCBANK,EQ,2024-03-22,1445.75,1441.0,1450.75,1437.75,1442.55,1442.85,1443.79,22990163,33192980386.6,408312,14585298,63.44,-0.002005879301400726
HDFCBANK,EQ,2024-03-26,1442.85,1427.2,1437.95,1422.15,1424.9,1425.4,1430.24,28422145,40650467046.25,519149,20503182,72.14,-0.012094119277818116
HDFCBANK,EQ,2024-03-27,1425.4,1423.55,1447.95,1421.25,1443.65,1440.7,1436.27,31084334,44645417268.5,412302,19782418,63.64,0.010733829100603387
HDFCBANK,EQ,2024-03-28,1440.7,1440.7,1460.5,1440.7,1447.0,1447.9,1451.6,27796071,40348658115.25,370836,16828698,60.54,0.004997570625390413
HDFCBANK,EQ,2024-04-01,1447.9,1458.0,1473.8,1455.6,1470.0,1470.5,1466.67,12599785,18479761763.45,266085,8431758,66.92,0.015608812763312274
HDFCBANK,EQ,2024-04-02,1470.5,1465.15,1494.85,1463.25,1479.55,1480.15,1483.23,20612723,30573359203.2,315849,10960586,53.17,0.006562393743624773
HDFCBANK,EQ,2024-04-03,1480.15,1472.1,1495.65,1471.4,1484.5,1482.3,1485.06,22792193,33847785699.15,381267,13684601,60.04,0.0014525554842412802
HDFCBANK,EQ,2024-04-04,1482.3,1504.0,1530.0,1504.0,1529.0,1527.6,1520.65,44467533,67619706935.1,638189,25619874,57.61,0.030560615260068813
HDFCBANK,EQ,2024-04-05,1527.6,1539.0,1554.5,1530.15,1550.05,1549.55,1545.34,29527951,45630707255.45,446260,21164256,71.68,0.014368944749934665
HDFCBANK,EQ,2024-04-08,1549.55,1554.95,1557.25,1541.55,1545.0,1546.6,1546.8,10241470,15841481181.95,282686,7670253,74.89,-0.0019037785163434906
HDFCBANK,EQ,2024-04-09,1546.6,1554.85,1554.85,1540.3,1544.4,1548.55,1547.47,10942247,16932784193.35,286447,6814594,62.28,0.001260830208198671
HDFCBANK,EQ,2024-04-10,1548.55,1549.9,1549.9,1532.95,1534.95,1536.35,1539.41,13903700,21403551158.35,264951,7697580,55.36,-0.007878337799877344
HDFCBANK,EQ,2024-04-12,1536.35,1521.0,1529.85,1513.45,1516.25,1518.95,1520.13,20542104,31226729837.45,353957,12801265,62.32,-0.011325544309564783
HDFCBANK,EQ,2024-04-15,1518.95,1497.55,1510.0,1492.05,1493.0,1494.7,1501.19,11707624,17575373460.4,303733,6869481,58.68,-0.015964975805655257
HDFCBANK,EQ,2024-04-16,1494.7,1487.0,1512.9,1482.25,1512.0,1509.25,1499.45,10372443,15552984303.1,254321,5676628,54.73,0.00973439486184513
HDFCBANK,EQ,2024-04-18,1509.25,1509.8,1518.85,1491.05,1496.8,1494.7,1503.85,17117442,25741997797.45,400151,9061937,52.94,-0.009640549942024124
HDFCBANK,EQ,2024-04-19,1494.7,1486.55,1534.95,1480.25,1534.2,1531.3,1514.56,17288217,26184017914.35,385294,9542891,55.2,0.02448651903391985
HDFCBANK,EQ,2024-04-22,1531.3,1557.4,1557.4,1508.3,1514.35,1512.2,1519.66,21149219,32139720597.85,531868,11996190,56.72,-0.01247306210409449
HDFCBANK,EQ,2024-04-23,1512.2,1526.3,1526.5,1503.25,1507.5,1507.6,1510.64,13413530,20262998928.7,292429,8515775,63.49,-0.003041925671207646
HDFCBANK,EQ,2024-04-24,1507.6,1515.0,1521.75,1509.05,1512.9,1511.7,1514.5,11220790,16993856319.65,270693,6429367,57.3,0.002719554258424184
HDFCBANK,EQ,2024-04-25,1511.7,1506.25,1519.7,1506.25,1513.8,1510.75,1512.64,17722602,26807994509.45,412279,9776931,55.17,-0.0006284315671098994
HDFCBANK,EQ,2024-04-26,1510.75,1519.8,1528.0,1505.55,1511.0,1509.8,1515.19,12427347,18829791289.85,307546,6447334,51.88,-0.0006288267416846294
HDFCBANK,EQ,2024-04-29,1509.8,1515.0,1534.45,1506.55,1528.55,1529.5,1521.15,18046675,27451636250.7,346924,8862484,49.11,0.013048085839183932
HDFCBANK,EQ,2024-04-30,1529.5,1529.2,1539.5,1514.9,1515.45,1520.1,1528.27,26153691,39969810062.5,396483,10415468,39.82,-0.006145799280810826
HDFCBANK,EQ,2024-05-02,1520.1,1522.0,1537.0,1520.35,1532.9,1532.25,1531.6,16737503,25635147567.95,367994,7761502,46.37,0.00799289520426294
HDFCBANK,EQ,2024-05-03,1532.25,1533.25,1540.6,1507.2,1515.65,1519.6,1521.12,15932621,24235495414.8,309946,7382850,46.34,-0.008255832925436524
HDFCBANK,EQ,2024-05-06,1519.6,1522.0,1534.5,1517.15,1523.75,1522.65,1525.73,14396698,21965419859.1,290222,9672086,67.18,0.0020071071334561985
HDFCBANK,EQ,2024-05-07,1522.65,1521.95,1524.05,1504.15,1505.1,1506.15,1510.7,14240301,21512820634.1,344750,8356783,58.68,-0.01083637080090627
HDFCBANK,EQ,2024-05-08,1506.15,1495.95,1496.95,1480.35,1483.5,1482.65,1486.59,20843931,30986422880.6,465848,13594981,65.22,-0.015602695614646667
HDFCBANK,EQ,2024-05-09,1482.65,1474.95,1486.75,1445.3,1450.8,1447.5,1461.55,23140639,33821148758.2,669580,17883266,77.28,-0.02370755066940955
HDFCBANK,EQ,2024-05-10,1447.5,1439.0,1451.95,1426.8,1439.85,1437.9,1440.93,13638304,19651868794.15,368755,8290712,60.79,-0.006632124352331514
HDFCBANK,EQ,2024-05-13,1437.9,1432.0,1459.8,1430.3,1456.5,1455.25,1447.14,13523601,19570507197.6,463000,7820181,57.83,0.012066207663954387
HDFCBANK,EQ,2024-05-14,1455.25,1452.25,1465.5,1450.3,1461.6,1460.95,1459.59,12832571,18730307625.4,315935,8309204,64.75,0.003916852774437318
HDFCBANK,EQ,2024-05-15,1460.95,1459.7,1459.7,1435.8,1440.8,1438.5,1443.04,19465998,28090223298.3,393567,10640101,54.66,-0.015366713439885049
HDFCBANK,EQ,2024-05-16,1438.5,1446.05,1462.55,1435.5,1459.75,1460.25,1449.96,17472618,25334516598.7,382855,8839279,50.59,0.015119916579770631
HDFCBANK,EQ,2024-05-17,1460.25,1446.2,1468.0,1446.2,1463.0,1464.1,1461.22,10460095,15284549919.5,268477,6040042,57.74,0.0026365348399246535
HDFCBANK,EQ,2024-05-18,1464.1,1466.0,1467.1,1463.05,1466.35,1466.05,1465.57,528557,774636045.3,15995,276670,52.34,0.0013318762379619375
HDFCBANK,EQ,2024-05-21,1466.05,1450.1,1469.7,1450.1,1457.2,1458.8,1460.08,21884989,31953790444.8,413346,15685407,71.67,-0.004945261075679497
HDFCBANK,EQ,2024-05-22,1458.8,1457.85,1465.6,1448.15,1463.75,1459.2,1456.24,19998139,29122160427.5,394368,11501213,57.51,0.00027419797093508613
HDFCBANK,EQ,2024-05-23,1459.2,1458.65,1495.65,1457.05,1492.85,1492.6,1477.1,20430960,30178506688.95,337200,11592193,56.74,0.022889254385964897
HDFCBANK,EQ,2024-05-24,1492.6,1487.5,1519.9,1486.0,1516.5,1517.2,1507.33,15530103,23408982967.8,325557,8925912,57.47,0.016481307785073174
HDFCBANK,EQ,2024-05-27,1517.2,1523.35,1545.0,1519.05,1528.0,1527.7,1533.69,14692720,22534043945.55,360983,8578854,58.39,0.006920643290271533
HDFCBANK,EQ,2024-05-28,1527.7,1530.1,1536.05,1524.8,1528.6,1530.5,1531.14,13954452,21366245980.65,287323,8258977,59.19,0.0018328205799567066
HDFCBANK,EQ,2024-05-29,1530.5,1518.0,1523.85,1501.25,1506.0,1508.3,1510.22,17573853,26540404866.5,324703,10269574,58.44,-0.01450506370467175
HDFCBANK,EQ,2024-05-30,1508.3,1499.2,1523.6,1497.65,1518.3,1514.85,1513.96,16877675,25552206595.8,409393,10163087,60.22,0.004342637406351546
HDFCBANK,EQ,2024-05-31,1514.85,1519.0,1536.0,1514.0,1525.95,1531.55,1528.77,37039794,56625243621.65,474591,24561027,66.31,0.011024193814569205
HDFCBANK,EQ,2024-06-03,1531.55,1599.0,1599.0,1550.0,1573.0,1572.2,1567.87,36318628,56942988275.8,584235,20967682,57.73,0.026541738761385547
HDFCBANK,EQ,2024-06-04,1572.2,1557.0,1559.0,1454.0,1489.75,1483.15,1504.91,44765620,67368418218.55,786620,15339068,34.27,-0.0566403765424246
HDFCBANK,EQ,2024-06-05,1483.15,1494.05,1559.6,1482.35,1545.85,1551.8,1523.83,40815825,62196352485.4,650501,17226690,42.21,0.04628661969456882
HDFCBANK,EQ,2024-06-06,1551.8,1564.9,1565.45,1546.6,1559.5,1559.7,1557.0,23211435,36140249317.55,599204,12528131,53.97,0.005090862224513604
HDFCBANK,EQ,2024-06-07,1559.7,1561.05,1584.35,1552.05,1575.0,1573.35,1572.47,18356108,28864483389.9,416517,8558942,46.63,0.008751683015964629
HDFCBANK,EQ,2024-06-10,1573.35,1574.0,1580.65,1557.6,1559.55,1561.3,1566.93,11227029,17591912808.65,314062,7535938,67.12,-0.0076588171735468835
HDFCBANK,EQ,2024-06-11,1561.3,1556.0,1571.0,1552.2,1563.05,1564.8,1564.24,14772663,23107928769.2,458802,8360761,56.6,0.0022417216422212505
HDFCBANK,EQ,2024-06-12,1564.8,1575.0,1588.3,1566.4,1569.0,1574.15,1576.98,19640218,30972287118.05,341079,9569983,48.73,0.005975204498977593
HDFCBANK,EQ,2024-06-13,1574.15,1581.75,1585.7,1574.0,1581.2,1580.75,1581.85,12060096,19077228502.15,281276,7852775,65.11,0.004192738938474605
HDFCBANK,EQ,2024-06-14,1580.75,1584.0,1599.0,1577.7,1595.6,1596.9,1592.12,12770277,20331873861.15,320179,7875479,61.67,0.010216669302546277
HDFCBANK,EQ,2024-06-18,1596.9,1596.9,1610.5,1589.45,1608.0,1607.8,1604.04,16207857,25998073833.5,353540,9280334,57.26,0.006825724841881042
HDFCBANK,EQ,2024-06-19,1607.8,1613.4,1669.9,1604.0,1657.0,1657.85,1644.44,45065598,74107587437.4,709705,24850893,55.14,0.031129493718124124
HDFCBANK,EQ,2024-06-20,1657.85,1669.8,1681.45,1652.0,1667.25,1669.35,1667.89,20704371,34532604621.85,465827,12930152,62.45,0.006936695117169878
HDFCBANK,EQ,2024-06-21,1669.35,1672.85,1672.85,1643.15,1661.65,1665.75,1658.68,25815388,42819437838.9,408577,13592741,52.65,-0.0021565279899361522
HDFCBANK,EQ,2024-06-24,1665.75,1647.0,1675.1,1645.75,1671.0,1672.4,1664.93,14272497,23762644259.6,387580,8066775,56.52,0.003992195707639201
HDFCBANK,EQ,2024-06-25,1672.4,1671.1,1716.95,1671.1,1707.0,1711.35,1705.04,37260774,63531128010.5,690683,19231430,51.61,0.023289882803157136
HDFCBANK,EQ,2024-06-26,1711.35,1707.95,1710.9,1691.1,1693.5,1701.5,1703.01,23798333,40528870562.05,424591,15083364,63.38,-0.005755689952376741
HDFCBANK,EQ,2024-06-27,1701.5,1696.1,1713.0,1686.6,1696.45,1696.15,1697.92,27537325,46756142645.9,586504,14620093,53.09,-0.0031442844548926763
HDFCBANK,EQ,2024-06-28,1696.15,1697.6,1706.6,1679.0,1685.0,1683.8,1692.59,13238023,22406574604.55,312550,7702121,58.18,-0.007281195648969785
HDFCBANK,EQ,2024-07-01,1683.8,1680.0,1707.3,1680.0,1704.2,1705.2,1699.74,10593512,18006189828.25,355235,6250644,59.0,0.012709347903551604
HDFCBANK,EQ,2024-07-02,1705.2,1715.0,1734.9,1702.75,1728.0,1730.6,1722.46,22960845,39549118301.05,486972,10299873,44.86,0.014895613417780895
HDFCBANK,EQ,2024-07-03,1730.6,1791.0,1794.0,1764.65,1767.7,1768.65,1776.87,61608901,109470877766.9,846404,38698242,62.81,0.021986594244770785
HDFCBANK,EQ,2024-07-04,1768.65,1759.75,1759.75,1724.85,1728.0,1727.15,1735.22,22924329,39778717290.5,405416,15488873,67.57,-0.02346422412574567
HDFCBANK,EQ,2024-07-05,1727.15,1685.0,1685.0,1642.2,1649.4,1648.1,1656.79,41121274,68129239005.75,1117072,26657099,64.83,-0.04576904148452665
HDFCBANK,EQ,2024-07-08,1648.1,1645.3,1654.95,1627.15,1636.35,1635.35,1640.07,19543900,32053306234.35,324769,14297454,73.16,-0.007736181056974711
HDFCBANK,EQ,2024-07-09,1635.35,1625.0,1646.7,1620.35,1638.8,1636.5,1638.53,24275439,39776084749.7,442487,16711437,68.84,0.000703213379398937
HDFCBANK,EQ,2024-07-10,1636.5,1629.95,1640.0,1620.75,1628.7,1626.1,1627.6,22753591,37033758498.9,405034,14977914,65.83,-0.0063550259700581035
HDFCBANK,EQ,2024-07-11,1626.1,1623.95,1625.85,1601.0,1623.0,1621.9,1612.69,22088537,35621865220.1,483343,14712286,66.61,-0.002582866982350329
HDFCBANK,EQ,2024-07-12,1621.9,1622.0,1638.4,1611.15,1627.55,1622.7,1624.06,28024980,45514220345.85,332780,16663973,59.46,0.0004932486589801499
HDFCBANK,EQ,2024-07-15,1622.7,1623.5,1629.8,1615.2,1623.0,1622.1,1622.0,16687847,27067666840.4,217738,9595558,57.5,-0.00036975411351458654
HDFCBANK,EQ,2024-07-16,1622.1,1620.75,1627.0,1616.8,1621.0,1619.75,1621.84,14475162,23476341772.45,269979,8509090,58.78,-0.0014487392885764727
HDFCBANK,EQ,2024-07-18,1619.75,1608.0,1623.95,1599.15,1615.0,1614.8,1613.29,16858532,27197655556.65,332318,9444621,56.02,-0.0030560271646858927
HDFCBANK,EQ,2024-07-19,1614.8,1616.0,1623.0,1603.5,1605.0,1607.3,1609.91,13001076,20930535372.85,276983,8118699,62.45,-0.004644538023284572
HDFCBANK,EQ,2024-07-22,1607.3,1617.0,1651.0,1612.65,1642.0,1642.55,1637.66,26872411,44007904357.7,548620,16599256,61.77,0.021931188950413683
HDFCBANK,EQ,2024-07-23,1642.55,1647.55,1647.8,1605.0,1616.6,1618.4,1623.96,26001076,42224780773.65,449509,10215610,39.29,-0.014702748774770846
HDFCBANK,EQ,2024-07-24,1618.4,1608.15,1621.0,1588.05,1608.35,1604.05,1604.13,30864103,49509947077.3,432932,15418875,49.96,-0.008866782006920482
HDFCBANK,EQ,2024-07-25,1604.05,1593.0,1625.0,1593.0,1616.75,1616.6,1613.59,12767866,20602046896.3,279974,6858515,53.72,0.007823945637604801
HDFCBANK,EQ,2024-07-26,1616.6,1605.0,1621.75,1596.45,1616.3,1618.15,1609.37,21905270,35253630971.05,355180,13865974,63.3,0.0009588024248423643
HDFCBANK,EQ,2024-07-29,1618.15,1615.0,1631.85,1598.3,1605.0,1605.05,1611.97,25500574,41106152746.35,472326,12491496,48.99,-0.008095664802397873
HDFCBANK,EQ,2024-07-30,1605.05,1602.0,1634.75,1599.0,1614.2,1615.55,1615.74,27297917,44106424811.4,455812,10836941,39.7,0.006541852278745264
HDFCBANK,EQ,2024-07-31,1615.55,1614.0,1627.9,1609.2,1617.95,1615.75,1617.31,18910242,30583806061.7,334519,9952915,52.63,0.00012379684937013913
HDFCBANK,EQ,2024-08-01,1615.75,1622.9,1650.05,1617.95,1647.65,1638.8,1632.59,13107587,21399347523.9,287915,8608562,65.68,0.014265820826241615
HDFCBANK,EQ,2024-08-02,1638.8,1631.0,1670.5,1631.0,1658.05,1659.15,1658.62,22059619,36588623126.1,457935,12383195,56.14,0.012417622650720217
HDFCBANK,EQ,2024-08-05,1659.15,1640.1,1646.0,1601.0,1616.05,1615.75,1622.77,20666817,33537431288.7,464696,12112310,58.61,-0.026157972455775558
HDFCBANK,EQ,2024-08-06,1615.75,1630.0,1632.95,1593.3,1602.7,1601.2,1608.02,22558025,36273837922.85,388854,14545393,64.48,-0.00900510598793125
HDFCBANK,EQ,2024-08-07,1601.2,1617.0,1630.0,1602.2,1628.5,1623.5,1617.23,21173132,34241847264.5,337720,12068956,57.0,0.013927054708968267
HDFCBANK,EQ,2024-08-08,1623.5,1624.0,1653.3,1619.25,1640.2,1642.7,1638.73,16988475,27839562575.6,327468,9472859,55.76,0.011826301201108835
HDFCBANK,EQ,2024-08-09,1642.7,1652.0,1662.55,1645.8,1650.0,1650.2,1655.58,13322309,22056157155.5,291916,9226887,69.26,0.004565654106045036
HDFCBANK,EQ,2024-08-12,1650.2,1652.0,1675.95,1647.35,1660.0,1660.1,1664.63,19658098,32723506965.0,363538,12628587,64.24,0.0059992728154161234
HDFCBANK,EQ,2024-08-13,1660.1,1628.0,1632.4,1601.15,1605.9,1603.2,1613.32,27027521,43604163966.1,601558,15122063,55.95,-0.034275043672067906
HDFCBANK,EQ,2024-08-14,1603.2,1606.5,1613.7,1603.2,1607.8,1607.8,1607.97,16167214,25996412110.4,259067,8419023,52.07,0.0028692614770458036
HDFCBANK,EQ,2024-08-16,1607.8,1628.5,1634.15,1611.0,1631.5,1632.1,1624.71,13924623,22623479529.55,302506,7629703,54.79,0.01511382012688145
HDFCBANK,EQ,2024-08-19,1632.1,1637.65,1637.65,1623.7,1632.75,1631.55,1628.46,9751082,15879278800.8,166314,5371807,55.09,-0.0003369891550762949
HDFCBANK,EQ,2024-08-20,1631.55,1627.45,1646.0,1627.45,1634.0,1637.7,1639.14,15567247,25516952644.85,240802,7159684,45.99,0.003769421715546617
HDFCBANK,EQ,2024-08-21,1637.7,1628.1,1634.55,1617.8,1628.0,1625.8,1624.85,23815452,38696527016.25,323415,14602427,61.31,-0.007266288086951289
HDFCBANK,EQ,2024-08-22,1625.8,1632.0,1638.3,1628.0,1628.95,1631.3,1632.58,10650319,17387521802.75,272441,6904642,64.83,0.003382949932341006
HDFCBANK,EQ,2024-08-23,1631.3,1634.0,1634.0,1623.0,1625.2,1625.05,1627.63,10166711,16547668751.15,212238,7212100,70.94,-0.003831300190032527
HDFCBANK,EQ,2024-08-26,1625.05,1632.2,1647.95,1632.2,1640.0,1639.95,1642.31,11182133,18364486559.55,275112,7846052,70.17,0.009168948647733988
HDFCBANK,EQ,2024-08-27,1639.95,1643.4,1647.4,1632.2,1634.45,1637.75,1639.59,17886622,29326792469.0,292507,11020707,61.61,-0.0013415043141559169
HDFCBANK,EQ,2024-08-28,1637.75,1637.75,1639.75,1630.2,1635.95,1637.1,1636.29,13460594,22025391586.45,275424,8541633,63.46,-0.00039688597160747463
HDFCBANK,EQ,2024-08-29,1637.1,1642.0,1644.4,1631.15,1639.95,1638.55,1637.56,24526302,40163206501.15,432962,18760652,76.49,0.0008857125404679866
HDFCBANK,EQ,2024-08-30,1638.55,1656.0,1662.0,1621.15,1625.75,1636.9,1638.34,222671050,364811305104.2,564643,154380134,69.33,-0.0010069878856304726
HDFCBANK,EQ,2024-09-02,1636.9,1646.8,1646.8,1623.2,1626.0,1626.95,1631.94,17024840,27783483803.95,375245,12018518,70.59,-0.006078563137638215
HDFCBANK,EQ,2024-09-03,1626.95,1634.0,1639.95,1624.6,1638.0,1637.35,1632.11,18641430,30424819912.05,292439,12551277,67.33,0.006392329204953917
HDFCBANK,EQ,2024-09-04,1637.35,1639.0,1644.8,1632.0,1641.05,1641.8,1639.54,12341372,20234215559.05,294496,6268023,50.79,0.0027178062112560575
HDFCBANK,EQ,2024-09-05,1641.8,1646.0,1649.9,1642.0,1644.4,1645.45,1645.43,11438159,18820712001.8,245493,8688322,75.96,0.0022231696918018073
HDFCBANK,EQ,2024-09-06,1645.45,1638.3,1647.75,1634.1,1638.15,1636.95,1639.77,13014801,21341304566.1,296891,8562105,65.79,-0.005165760126409236
HDFCBANK,EQ,2024-09-09,1636.95,1638.0,1648.5,1630.1,1644.85,1646.5,1640.85,11896457,19520244474.05,258547,7816428,65.7,0.005834020587067279
HDFCBANK,EQ,2024-09-10,1646.5,1654.0,1654.0,1638.0,1650.8,1650.35,1648.2,13303323,21926534318.85,306124,6978769,52.46,0.0023382933495292857
HDFCBANK,EQ,2024-09-11,1650.35,1650.4,1652.5,1639.2,1650.0,1643.9,1645.85,11113342,18290901279.5,248100,4560477,41.04,-0.003908261883842745
HDFCBANK,EQ,2024-09-12,1643.9,1654.0,1670.0,1647.05,1661.45,1666.6,1659.83,16212023,26909182591.25,266121,9274830,57.21,0.013808625828821697
HDFCBANK,EQ,2024-09-13,1666.6,1674.0,1674.0,1657.05,1664.8,1665.95,1663.66,11930266,19847946539.35,275521,7079723,59.34,-0.0003900156006239053
HDFCBANK,EQ,2024-09-16,1665.95,1667.0,1677.8,1664.05,1670.0,1670.95,1670.83,7586410,12675630406.45,214575,5258278,69.31,0.003001290554938585
HDFCBANK,EQ,2024-09-17,1670.95,1678.0,1678.0,1664.15,1668.3,1668.8,1668.9,10063561,16795097219.15,273207,5693003,56.57,-0.0012866931984799601
HDFCBANK,EQ,2024-09-18,1668.8,1671.85,1698.9,1671.1,1692.95,1694.8,1691.3,20458671,34601683780.25,447311,12237216,59.81,0.015580057526366264
HDFCBANK,EQ,2024-09-19,1694.8,1699.2,1719.0,1699.15,1707.7,1708.5,1710.95,15325888,26221770150.4,347649,9714192,63.38,0.008083549681378255
HDFCBANK,EQ,2024-09-20,1708.5,1716.5,1744.95,1707.55,1737.2,1741.2,1734.6,30311693,52578627456.0,519608,17465531,57.62,0.019139596136962256
HDFCBANK,EQ,2024-09-23,1741.2,1749.0,1766.35,1740.25,1757.0,1759.8,1756.93,13482675,23688096929.7,449232,8794661,65.23,0.010682288077188185
HDFCBANK,EQ,2024-09-24,1759.8,1765.0,1781.65,1754.25,1766.7,1768.05,1768.8,16519518,29219757725.3,404809,9425560,57.06,0.004688032730992164
HDFCBANK,EQ,2024-09-25,1768.05,1760.15,1788.0,1760.15,1779.85,1779.1,1778.97,15982656,28432592068.7,498237,9863354,61.71,0.006249823251604836
HDFCBANK,EQ,2024-09-26,1779.1,1773.05,1788.0,1768.05,1778.0,1783.45,1778.51,15949822,28366959862.95,343553,10985707,68.88,0.002445056489236208
HDFCBANK,EQ,2024-09-27,1783.45,1777.0,1778.2,1750.0,1753.0,1752.65,1759.73,17806751,31335062628.8,339917,13002178,73.02,-0.017269898230956815
HDFCBANK,EQ,2024-09-30,1752.65,1748.8,1751.45,1724.4,1732.0,1732.05,1734.57,13191767,22882063615.1,343613,9541132,72.33,-0.011753630217099853
HDFCBANK,EQ,2024-10-01,1732.05,1724.0,1742.0,1720.1,1728.3,1726.2,1725.83,12286142,21203853820.45,237679,6953201,56.59,-0.0033775006495192494
HDFCBANK,EQ,2024-10-03,1726.2,1715.65,1726.15,1673.35,1681.0,1682.0,1694.79,24236699,41076220098.05,520129,17610464,72.66,-0.025605375970339517
HDFCBANK,EQ,2024-10-04,1682.0,1674.5,1690.65,1653.0,1661.25,1657.65,1673.77,24341616,40742181439.25,419392,13673903,56.18,-0.014476813317479187
HDFCBANK,EQ,2024-10-07,1657.65,1652.2,1659.0,1613.0,1623.05,1617.8,1631.55,47229148,77056814750.1,535347,28014374,59.32,-0.024040056706783774
HDFCBANK,EQ,2024-10-08,1617.8,1630.0,1656.8,1622.0,1651.25,1651.05,1645.56,14867203,24464906859.05,357296,9503807,63.92,0.02055260229941891
HDFCBANK,EQ,2024-10-09,1651.05,1649.5,1656.75,1628.7,1638.0,1633.15,1640.12,20562821,33725505661.6,442682,9564097,46.51,-0.01084158565761173
HDFCBANK,EQ,2024-10-10,1633.15,1639.0,1665.45,1632.5,1661.0,1662.4,1649.38,10877383,17940924970.4,244906,5165604,47.49,0.017910173590913292
HDFCBANK,EQ,2024-10-11,1662.4,1664.45,1664.45,1643.25,1651.5,1651.0,1651.51,11836297,19547719278.0,186378,8529644,72.06,-0.006857555341674759
HDFCBANK,EQ,2024-10-14,1651.0,1656.05,1692.05,1654.0,1689.0,1688.1,1682.72,9263754,15588285093.55,261742,6120592,66.07,0.022471229557843753
HDFCBANK,EQ,2024-10-15,1688.1,1694.0,1698.0,1675.5,1686.0,1684.1,1684.09,9825565,16547093800.1,195771,5937555,60.43,-0.0023695278715716306
HDFCBANK,EQ,2024-10-16,1684.1,1680.1,1707.95,1680.1,1700.45,1699.8,1698.75,10235341,17387334812.9,244836,6262690,61.19,0.009322486788195583
HDFCBANK,EQ,2024-10-17,1699.8,1694.95,1697.65,1665.2,1672.7,1673.15,1676.22,7347866,12316627212.9,199044,4717214,64.2,-0.01567831509589357
HDFCBANK,EQ,2024-10-18,1673.15,1663.1,1691.0,1654.1,1684.8,1681.85,1674.9,12404862,20776848848.9,232916,8255525,66.55,0.005199772883483167
HDFCBANK,EQ,2024-10-21,1681.85,1715.0,1748.15,1711.05,1725.0,1728.7,1732.82,23274177,40330032735.8,574448,12767823,54.86,0.027856229747004857
HDFCBANK,EQ,2024-10-22,1728.7,1730.05,1740.0,1710.7,1714.8,1714.55,1721.78,19437640,33467338354.45,411821,10390546,53.46,-0.00818534158616302
HDFCBANK,EQ,2024-10-23,1714.55,1705.05,1746.5,1705.05,1736.2,1735.8,1736.32,19018045,33021503108.55,386048,12309362,64.72,0.012393922603598506
HDFCBANK,EQ,2024-10-24,1735.8,1738.1,1768.65,1738.1,1750.5,1749.65,1755.99,15416129,27070510755.6,342755,10527020,68.29,0.007979029842147822
HDFCBANK,EQ,2024-10-25,1749.65,1755.0,1757.85,1728.7,1745.8,1743.4,1740.64,13065239,22741861620.4,337950,7865650,60.2,-0.003572143000028616
HDFCBANK,EQ,2024-10-28,1743.4,1742.0,1751.0,1728.9,1737.0,1734.2,1738.17,11006071,19130422535.5,334425,6998364,63.59,-0.005277044854881341
HDFCBANK,EQ,2024-10-29,1734.2,1726.15,1764.0,1725.1,1749.75,1751.85,1744.14,17897463,31215711397.75,381375,10658618,59.55,0.010177603505939326
HDFCBANK,EQ,2024-10-30,1751.85,1742.0,1754.75,1724.2,1737.0,1734.6,1736.38,16357862,28403432611.95,350916,9806297,59.95,-0.009846733453206635
HDFCBANK,EQ,2024-10-31,1734.6,1728.0,1738.9,1719.4,1734.3,1735.7,1731.49,11447956,19822046508.9,277300,8152758,71.22,0.0006341519658712436
HDFCBANK,EQ,2024-11-01,1735.7,1733.0,1744.1,1726.1,1737.0,1737.3,1738.79,879846,1529870165.6,69860,311374,35.39,0.0009218182865702307
HDFCBANK,EQ,2024-11-04,1737.3,1745.0,1745.0,1710.9,1716.8,1714.1,1723.47,14044624,24205513156.95,342162,9628154,68.55,-0.013354055143038113
HDFCBANK,EQ,2024-11-05,1714.1,1703.0,1762.7,1697.9,1753.5,1757.85,1736.4,22116203,38402543188.05,362395,12508130,56.56,0.025523598389825652
HDFCBANK,EQ,2024-11-06,1757.85,1771.5,1771.5,1745.35,1756.0,1755.25,1753.58,13893955,24364201740.05,249677,8170849,58.81,-0.001479079557413887
HDFCBANK,EQ,2024-11-07,1755.25,1744.3,1760.95,1738.0,1743.5,1746.55,1746.6,9447728,16501384112.8,315964,5681231,60.13,-0.004956558894744334
HDFCBANK,EQ,2024-11-08,1746.55,1752.0,1761.8,1745.85,1751.9,1754.45,1754.62,9951493,17461070459.45,253333,6688588,67.21,0.0045232028856889706
HDFCBANK,EQ,2024-11-11,1754.45,1754.55,1782.8,1751.2,1763.9,1766.3,1768.85,12282681,21726235735.65,366875,7456943,60.71,0.006754253469748228
HDFCBANK,EQ,2024-11-12,1766.3,1772.0,1775.0,1708.65,1719.0,1718.2,1731.71,15697703,27183831491.15,410691,7410508,47.21,-0.02723206703278036
HDFCBANK,EQ,2024-11-13,1718.2,1716.75,1729.4,1673.0,1688.15,1681.35,1699.7,17864250,30363947641.3,384592,9878595,55.3,-0.021446862996158833
HDFCBANK,EQ,2024-11-14,1681.35,1673.1,1704.85,1672.1,1692.4,1692.75,1692.96,13573235,22978907908.45,331159,7307878,53.84,0.0067802658577929
HDFCBANK,EQ,2024-11-18,1692.75,1700.0,1718.9,1695.0,1708.3,1705.1,1707.94,13540984,23127123855.1,291631,9562272,70.62,0.007295820410574416
HDFCBANK,EQ,2024-11-19,1705.1,1714.0,1753.75,1702.7,1736.0,1742.25,1739.1,25490636,44330862947.85,458303,19018449,74.61,0.021787578441147204
HDFCBANK,EQ,2024-11-21,1742.25,1749.4,1759.0,1734.2,1739.95,1741.2,1743.63,17858256,31138162734.4,368837,11902796,66.65,-0.0006026689625483472
HDFCBANK,EQ,2024-11-22,1741.2,1743.55,1754.3,1729.55,1742.1,1745.6,1743.57,12386806,21597223792.5,260956,8137880,65.7,0.0025269928784745765
HDFCBANK,EQ,2024-11-25,1745.6,1785.05,1803.55,1764.9,1778.95,1785.6,1784.46,213868637,381639143690.1,600228,174212666,81.46,0.0229147571035746
HDFCBANK,EQ,2024-11-26,1785.6,1810.0,1810.0,1769.8,1786.4,1785.55,1784.75,15467783,27606061237.4,261322,9010084,58.25,-2.800179211470688e-05
HDFCBANK,EQ,2024-11-27,1785.55,1789.9,1817.35,1785.15,1809.5,1812.3,1801.57,16357488,29469224217.6,330771,8740131,53.43,0.01498137828680246
HDFCBANK,EQ,2024-11-28,1812.3,1819.0,1836.1,1788.0,1793.0,1793.15,1808.45,17861196,32301109888.9,379898,10098151,56.54,-0.010566683220217366
HDFCBANK,EQ,2024-11-29,1793.15,1801.3,1804.6,1782.9,1795.5,1796.05,1793.91,13834768,24818389358.55,377555,9143382,66.09,0.0016172657056017226
HDFCBANK,EQ,2024-12-02,1796.05,1803.5,1808.15,1775.0,1805.95,1804.7,1791.81,7555438,13537940498.05,219254,4945801,65.46,0.00481612427270961
HDFCBANK,EQ,2024-12-03,1804.7,1822.7,1837.4,1816.1,1825.3,1826.3,1827.25,21705121,39660723545.25,304635,15804923,72.82,0.011968748268410101
HDFCBANK,EQ,2024-12-04,1826.3,1838.0,1865.0,1831.15,1856.8,1860.1,1854.85,22334542,41427249107.9,436235,15776554,70.64,0.0185073646169851
HDFCBANK,EQ,2024-12-05,1860.1,1860.0,1879.95,1835.2,1864.85,1865.75,1862.43,19841357,36953040114.3,436462,11728370,59.11,0.0030374711037042257
HDFCBANK,EQ,2024-12-06,1865.75,1857.0,1864.2,1844.0,1855.45,1855.85,1856.73,8891578,16509303748.1,306905,5545799,62.37,-0.005306177140560142
HDFCBANK,EQ,2024-12-09,1855.85,1853.65,1880.0,1849.0,1867.55,1870.0,1871.09,13473956,25211039597.45,234236,10115077,75.07,0.007624538621117116
HDFCBANK,EQ,2024-12-10,1870.0,1877.7,1877.7,1858.55,1867.65,1868.1,1867.3,6662740,12441343169.15,231195,4095005,61.46,-0.0010160427807487382
HDFCBANK,EQ,2024-12-11,1868.1,1861.7,1871.9,1856.75,1862.5,1863.1,1864.0,7022713,13090328471.35,233801,4031962,57.41,-0.0026765162464535974
HDFCBANK,EQ,2024-12-12,1863.1,1851.0,1868.65,1848.7,1858.0,1859.25,1858.38,8646895,16069241440.6,201479,4630670,53.55,-0.0020664483924641708
HDFCBANK,EQ,2024-12-13,1859.25,1862.5,1875.0,1829.25,1873.3,1871.75,1858.29,9504501,17662074120.8,218405,4985509,52.45,0.006723141051499182
HDFCBANK,EQ,2024-12-16,1871.75,1865.1,1869.95,1855.25,1862.0,1865.2,1863.37,6553541,12211702096.0,177602,3729437,56.91,-0.0034993989581941776
HDFCBANK,EQ,2024-12-17,1865.2,1856.35,1862.35,1826.5,1829.9,1833.25,1840.34,10539766,19396785094.9,273231,5930094,56.26,-0.017129530345271315
HDFCBANK,EQ,2024-12-18,1833.25,1829.85,1836.0,1807.15,1812.0,1810.7,1817.52,11711156,21285273596.85,235785,7999429,68.31,-0.01230055911632344
HDFCBANK,EQ,2024-12-19,1810.7,1799.6,1801.1,1779.0,1794.0,1793.5,1791.37,12690385,22733148296.1,226833,8648980,68.15,-0.009499088750207108
HDFCBANK,EQ,2024-12-20,1793.5,1782.2,1797.55,1767.05,1777.1,1771.5,1778.49,12846174,22846837948.65,248859,7700019,59.94,-0.012266517981600278
HDFCBANK,EQ,2024-12-23,1771.5,1782.0,1806.0,1781.3,1802.0,1801.0,1798.41,5522296,9931339240.15,196041,2993179,54.2,0.01665255433248669
HDFCBANK,EQ,2024-12-24,1801.0,1802.05,1808.7,1789.55,1799.65,1798.1,1798.76,7242917,13028270259.6,186401,3268593,45.13,-0.0016102165463631746
HDFCBANK,EQ,2024-12-26,1798.1,1798.55,1812.0,1780.75,1792.5,1790.75,1793.76,5240839,9400810018.35,206346,2716334,51.83,-0.00408764807296591
HDFCBANK,EQ,2024-12-27,1790.75,1794.8,1805.95,1789.1,1801.0,1798.25,1796.11,3629665,6519260348.4,118374,1901649,52.39,0.004188189306156609
HDFCBANK,EQ,2024-12-30,1798.25,1792.2,1815.0,1771.0,1784.0,1777.9,1785.2,11111109,19835603545.9,242576,6185214,55.67,-0.011316557764493251
HDFCBANK,EQ,2024-12-31,1777.9,1770.3,1781.8,1765.6,1772.0,1772.85,1773.08,7058618,12515466451.75,178863,4299418,60.91,-0.0028404297204568385
HDFCBANK,EQ,2025-01-01,1772.85,1773.45,1794.0,1761.1,1784.95,1782.75,1781.22,3656903,6513766065.7,137050,1646509,45.02,0.005584228784161205
HDFCBANK,EQ,2025-01-02,1782.75,1777.1,1803.45,1773.0,1792.35,1793.75,1792.0,9279288,16628452536.95,207825,5804214,62.55,0.006170242602720588
HDFCBANK,EQ,2025-01-03,1793.75,1791.0,1795.25,1746.3,1748.4,1749.2,1758.6,12213097,21477958569.15,331392,7452366,61.02,-0.024836236933797884
HDFCBANK,EQ,2025-01-06,1749.2,1740.1,1757.2,1705.8,1711.0,1710.5,1725.21,9408174,16231088938.6,286152,5639127,59.94,-0.022124399725588884
HDFCBANK,EQ,2025-01-07,1710.5,1715.0,1721.0,1700.0,1712.95,1713.4,1712.76,6763953,11585014112.5,183035,4379489,64.75,0.0016954106986262207
HDFCBANK,EQ,2025-01-08,1713.4,1708.25,1711.65,1683.35,1694.2,1694.3,1694.07,9869095,16718930725.7,333259,7359145,74.57,-0.011147426170188046
HDFCBANK,EQ,2025-01-09,1694.3,1684.15,1689.0,1658.1,1668.8,1667.8,1668.1,20210111,33712559507.35,484900,15902698,78.69,-0.01564067756595644
HDFCBANK,EQ,2025-01-10,1667.8,1671.0,1674.9,1654.0,1657.0,1656.75,1664.65,8726640,14526837756.8,215325,6098530,69.88,-0.006625494663628717
HDFCBANK,EQ,2025-01-13,1656.75,1640.0,1646.75,1624.3,1632.1,1630.85,1634.5,10834533,17709048137.7,275849,7359117,67.92,-0.015633016447864856
HDFCBANK,EQ,2025-01-14,1630.85,1639.9,1656.2,1637.0,1650.75,1646.6,1646.85,13330716,21953639202.1,315905,9362523,70.23,0.009657540546340826
HDFCBANK,EQ,2025-01-15,1646.6,1656.5,1662.7,1636.3,1645.7,1643.05,1648.56,7011446,11558819066.05,207907,4547576,64.86,-0.0021559577310822364
HDFCBANK,EQ,2025-01-16,1643.05,1652.85,1660.55,1642.85,1654.85,1652.05,1650.92,10606227,17510025478.45,215124,6779516,63.92,0.005477617844861671
HDFCBANK,EQ,2025-01-17,1652.05,1643.5,1650.5,1628.5,1636.7,1636.75,1636.01,11556038,18905738551.0,214237,8358047,72.33,-0.009261220907357481
HDFCBANK,EQ,2025-01-20,1636.75,1626.0,1660.95,1626.0,1652.85,1651.25,1646.81,8778809,14457009775.1,226533,5964056,67.94,0.008859019398197665
HDFCBANK,EQ,2025-01-21,1651.25,1658.25,1661.05,1633.05,1645.75,1642.4,1645.24,15579072,25631380761.95,270722,7211191,46.29,-0.005359576078728168
HDFCBANK,EQ,2025-01-22,1642.4,1642.4,1671.9,1625.45,1671.9,1666.05,1653.85,15309653,25319845164.8,367130,7697124,50.28,0.014399659035557733
HDFCBANK,EQ,2025-01-23,1666.05,1687.0,1687.0,1651.25,1665.0,1664.9,1665.84,17454579,29076566202.7,445411,11872698,68.02,-0.0006902553944958534
HDFCBANK,EQ,2025-01-24,1664.9,1660.0,1670.3,1644.5,1645.0,1649.8,1658.68,12118100,20100037678.05,271994,9052586,74.7,-0.009069613790618103
HDFCBANK,EQ,2025-01-27,1649.8,1641.1,1643.6,1626.0,1629.5,1629.8,1632.37,11402083,18612439467.95,277125,8546424,74.95,-0.01212268153715601
HDFCBANK,EQ,2025-01-28,1629.8,1647.0,1684.3,1647.0,1673.3,1670.4,1670.57,15089656,25208271808.85,350835,8576705,56.84,0.02491103202846978
HDFCBANK,EQ,2025-01-29,1670.4,1675.0,1681.15,1668.85,1676.0,1677.3,1675.45,6309945,10571994646.45,196187,4346810,68.89,0.004130747126436685
HDFCBANK,EQ,2025-01-30,1677.3,1681.0,1697.9,1672.55,1693.1,1691.5,1685.73,12872423,21699404205.05,263161,7227795,56.15,0.008465987002921338
HDFCBANK,EQ,2025-01-31,1691.5,1687.25,1704.7,1683.95,1699.5,1698.75,1696.52,7910843,13420873179.4,215938,5543535,70.08,0.004286136565178733
HDFCBANK,EQ,2025-02-01,1698.75,1697.5,1713.0,1676.05,1692.0,1690.95,1694.22,2793764,4733238897.95,88839,1039250,37.2,-0.0045916114790286455
HDFCBANK,EQ,2025-02-03,1690.95,1670.0,1686.8,1663.45,1679.6,1678.0,1679.49,10138270,17027093333.7,230780,7893988,77.86,-0.007658416866258677
HDFCBANK,EQ,2025-02-04,1678.0,1688.7,1725.8,1680.05,1716.3,1720.9,1710.93,14308251,24480395914.25,342091,10300349,71.99,0.025566150178784275
HDFCBANK,EQ,2025-02-05,1720.9,1733.0,1744.2,1718.9,1734.8,1737.8,1733.84,11837753,20524785237.35,275185,9425082,79.62,0.009820442791562467
HDFCBANK,EQ,2025-02-06,1737.8,1735.5,1749.0,1724.0,1746.5,1743.85,1735.75,13380358,23225008521.55,225108,8694892,64.98,0.0034814132811600285
HDFCBANK,EQ,2025-02-07,1743.85,1750.0,1767.0,1725.0,1732.0,1732.75,1744.99,11754800,20512007682.55,326327,7964834,67.76,-0.006365226366946697
HDFCBANK,EQ,2025-02-10,1732.75,1717.3,1723.45,1708.5,1716.6,1715.75,1715.57,8597975,14750390095.15,175150,6364813,74.03,-0.009810994084547664
HDFCBANK,EQ,2025-02-11,1715.75,1703.0,1711.0,1688.7,1700.95,1701.4,1700.06,11362352,19316630388.15,182730,7806510,68.71,-0.008363689348681258
HDFCBANK,EQ,2025-02-12,1701.4,1693.0,1712.0,1681.2,1710.65,1706.8,1696.59,11404785,19349271431.55,286053,8133575,71.32,0.0031738568237920095
HDFCBANK,EQ,2025-02-13,1706.8,1699.0,1714.25,1693.55,1698.95,1697.7,1702.88,6301217,10730216799.15,200278,3580241,56.82,-0.0053316147176001305
HDFCBANK,EQ,2025-02-14,1697.7,1701.9,1701.9,1680.0,1694.4,1694.85,1690.46,9979946,16870660139.45,309031,7805589,78.21,-0.0016787418271779764
HDFCBANK,EQ,2025-02-17,1694.85,1685.2,1720.0,1681.25,1719.0,1717.35,1702.14,6469473,11011975039.0,262946,4202038,64.95,0.013275511107177618
HDFCBANK,EQ,2025-02-18,1717.35,1713.05,1731.55,1706.15,1723.0,1723.05,1721.09,8175455,14070671116.4,322226,5895356,72.11,0.003319067167438128
HDFCBANK,EQ,2025-02-19,1723.05,1717.0,1737.9,1712.45,1725.05,1727.2,1727.42,5942056,10264454339.75,300603,4027432,67.78,0.002408519775978668
HDFCBANK,EQ,2025-02-20,1727.2,1711.0,1714.7,1685.3,1685.95,1687.1,1695.04,13195255,22366435828.3,246655,9394627,71.2,-0.023216767021769447
HDFCBANK,EQ,2025-02-21,1687.1,1680.9,1694.95,1677.25,1690.0,1692.5,1686.23,7840470,13220829593.15,292907,5281578,67.36,0.0032007586983582303
HDFCBANK,EQ,2025-02-24,1692.5,1681.1,1684.2,1661.1,1677.0,1677.1,1672.34,10346823,17303402535.1,245559,7739708,74.8,-0.009098966026587996
HDFCBANK,EQ,2025-02-25,1677.1,1671.1,1688.0,1671.1,1680.85,1682.35,1681.8,12069354,20298255600.95,222521,7140142,59.16,0.0031304036730068763
HDFCBANK,EQ,2025-02-27,1682.35,1682.55,1710.75,1682.55,1698.25,1700.7,1701.04,17893400,30437323745.0,333728,13247979,74.04,0.010907361726157028
HDFCBANK,EQ,2025-02-28,1700.7,1685.0,1737.25,1685.0,1730.15,1732.4,1721.14,27258364,46915554649.05,439035,19548687,71.72,0.018639383783148222
HDFCBANK,EQ,2025-03-03,1732.4,1739.8,1743.05,1694.1,1703.55,1701.55,1709.27,10602682,18122815702.35,298350,7174359,67.67,-0.017807665666128014
HDFCBANK,EQ,2025-03-04,1701.55,1698.0,1714.3,1693.25,1711.3,1710.0,1706.3,9960479,16995592810.65,323741,7276857,73.06,0.004966060356733637
HDFCBANK,EQ,2025-03-05,1710.0,1701.95,1710.8,1688.25,1692.1,1690.0,1695.97,10791936,18302795483.0,361183,7758409,71.89,-0.011695906432748537
HDFCBANK,EQ,2025-03-06,1690.0,1687.0,1699.9,1672.25,1692.4,1691.2,1686.14,16483044,27792685275.85,399697,10038498,60.9,0.0007100591715976101
HDFCBANK,EQ,2025-03-07,1691.2,1682.0,1701.15,1677.6,1688.0,1689.25,1690.66,6686457,11304555576.9,191461,4333273,64.81,-0.0011530274361400972
HDFCBANK,EQ,2025-03-10,1689.25,1689.0,1699.9,1683.05,1688.7,1687.5,1689.67,7802025,13182846005.05,284969,5764864,73.89,-0.0010359627053425635
HDFCBANK,EQ,2025-03-11,1687.5,1682.4,1694.0,1670.05,1687.9,1685.5,1685.65,9949215,16770918814.65,272484,7071075,71.07,-0.001185185185185178
HDFCBANK,EQ,2025-03-12,1685.5,1691.55,1718.5,1691.55,1711.8,1711.15,1710.44,9392053,16064564334.1,277146,6780880,72.2,0.015218036191041229
HDFCBANK,EQ,2025-03-13,1711.15,1716.05,1720.8,1700.05,1705.0,1706.6,1711.11,7868132,13463215400.7,185351,5238428,66.58,-0.0026590304765802264
HDFCBANK,EQ,2025-03-17,1706.6,1705.0,1724.0,1705.0,1710.5,1710.4,1711.13,9475957,16214635449.55,365060,7111163,75.04,0.0022266494784952684
HDFCBANK,EQ,2025-03-18,1710.4,1728.0,1737.4,1715.05,1735.6,1732.2,1729.28,10953589,18941785563.7,248631,6834573,62.4,0.012745556594948582
HDFCBANK,EQ,2025-03-19,1732.2,1735.0,1751.0,1732.2,1743.95,1744.1,1743.72,7610703,13270934759.25,201878,5811993,76.37,0.006869876457683777
HDFCBANK,EQ,2025-03-20,1744.1,1754.0,1774.0,1749.3,1766.6,1768.75,1760.62,8916989,15699398473.15,218030,5904489,66.22,0.014133363912619767
HDFCBANK,EQ,2025-03-21,1768.75,1755.55,1774.1,1755.55,1772.5,1770.35,1766.98,16754132,29604196148.95,210244,12849014,76.69,0.0009045936395759568
HDFCBANK,EQ,2025-03-24,1770.35,1779.0,1804.4,1773.65,1802.8,1800.0,1794.28,8696868,15604655158.8,286856,5767323,66.31,0.016748100658062093
HDFCBANK,EQ,2025-03-25,1800.0,1804.9,1843.7,1801.5,1816.0,1821.45,1825.84,19550708,35696516139.2,407401,11974103,61.25,0.011916666666666798
HDFCBANK,EQ,2025-03-26,1821.45,1825.0,1827.5,1802.0,1803.0,1806.55,1814.11,12239221,22203311052.1,265431,8782277,71.76,-0.008180295918087332
HDFCBANK,EQ,2025-03-27,1806.55,1800.0,1841.0,1798.1,1821.2,1825.35,1827.55,20829050,38066130418.3,416415,14816314,71.13,0.0104065760704104
HDFCBANK,EQ,2025-03-28,1825.35,1829.0,1836.0,1805.85,1825.5,1828.2,1821.88,14386824,26211031845.9,276619,10330293,71.8,0.0015613443997042342
HDFCBANK,EQ,2025-04-01,1828.2,1802.0,1809.9,1765.35,1769.9,1767.85,1781.74,14255503,25399632617.35,409481,9301658,65.25,-0.03301061153046725
HDFCBANK,EQ,2025-04-02,1767.85,1770.7,1799.2,1770.7,1798.9,1796.9,1791.24,5786782,10365535361.9,144509,3778623,65.3,0.016432389625816723
HDFCBANK,EQ,2025-04-03,1796.9,1781.1,1804.0,1777.0,1792.8,1794.85,1794.09,5625019,10091817304.1,147618,3722325,66.17,-0.0011408536924704116
HDFCBANK,EQ,2025-04-04,1794.85,1813.0,1841.95,1811.1,1816.8,1817.3,1824.22,16770227,30592639918.2,316416,11518395,68.68,0.01250800902582383
HDFCBANK,EQ,2025-04-07,1817.3,1762.8,1779.85,1738.2,1760.05,1757.7,1759.15,18997725,33419875202.0,374557,12250901,64.49,-0.03279590601441695
HDFCBANK,EQ,2025-04-08,1757.7,1765.0,1782.0,1750.3,1770.15,1769.15,1769.16,17781936,31459003790.15,355184,10250737,57.65,0.0065141946862377065
HDFCBANK,EQ,2025-04-09,1769.15,1765.0,1775.0,1753.5,1765.3,1765.0,1761.66,11227304,19778728957.55,207950,7675538,68.36,-0.0023457592629229085
HDFCBANK,EQ,2025-04-11,1765.0,1774.75,1819.4,1774.75,1805.2,1806.75,1803.31,16387883,29552499474.85,395826,11367066,69.36,0.023654390934844116
HDFCBANK,EQ,2025-04-15,1806.75,1865.0,1876.8,1855.0,1865.6,1864.9,1866.76,24649172,46014108976.0,360194,17986230,72.97,0.032184862321848584
HDFCBANK,EQ,2025-04-16,1864.9,1883.8,1883.8,1860.5,1875.9,1878.0,1874.15,9568410,17932665363.9,252887,6023703,62.95,0.007024505335406772
HDFCBANK,EQ,2025-04-17,1878.0,1882.0,1919.7,1876.7,1905.8,1906.7,1901.41,17851542,33943168763.2,394807,11300117,63.3,0.015282215122470744
HDFCBANK,EQ,2025-04-21,1906.7,1924.0,1950.7,1910.0,1925.2,1927.1,1930.83,17123649,33062832499.3,411337,11600626,67.75,0.010699113651859271
HDFCBANK,EQ,2025-04-22,1927.1,1935.0,1970.6,1935.0,1960.0,1961.7,1957.16,22980875,44977215852.4,512026,16513580,71.86,0.01795443931295737
HDFCBANK,EQ,2025-04-23,1961.7,1978.9,1978.9,1920.5,1920.7,1923.9,1939.04,15285321,29638923676.1,247823,11159514,73.01,-0.01926900137635723
HDFCBANK,EQ,2025-04-24,1923.9,1910.0,1923.9,1905.1,1914.9,1916.8,1916.73,12965877,24852091752.8,227034,7662734,59.1,-0.0036904205000261037
HDFCBANK,EQ,2025-04-25,1916.8,1924.8,1933.0,1891.8,1908.0,1911.2,1911.37,9250439,17681017343.8,201781,5999133,64.85,-0.002921535893155247
HDFCBANK,EQ,2025-04-28,1911.2,1911.2,1929.7,1908.4,1921.0,1920.2,1922.17,6960246,13378745824.7,155527,4859663,69.82,0.004709083298451322
HDFCBANK,EQ,2025-04-29,1920.2,1918.8,1928.8,1900.2,1906.0,1908.8,1909.52,9459154,18062438512.3,186299,6019766,63.64,-0.005936881574835962
HDFCBANK,EQ,2025-04-30,1908.8,1913.0,1936.9,1910.3,1920.1,1925.0,1925.02,15968435,30739492241.2,275126,11378694,71.26,0.008487007544006664
HDFCBANK,EQ,2025-05-02,1925.0,1929.8,1941.9,1920.0,1923.5,1925.0,1930.63,11406024,22020820771.5,236285,8647253,75.81,0.0
HDFCBANK,EQ,2025-05-05,1925.0,1939.0,1952.0,1932.3,1935.8,1936.8,1940.79,7534012,14621940034.0,160044,4772438,63.35,0.006129870129870207
HDFCBANK,EQ,2025-05-06,1936.8,1930.0,1940.1,1924.3,1928.6,1931.7,1931.89,8745078,16894488689.1,140830,6377477,72.93,-0.0026332094175960385
HDFCBANK,EQ,2025-05-07,1931.7,1934.0,1948.7,1922.4,1945.0,1945.6,1939.91,10710389,20777145511.0,178998,7816814,72.98,0.007195734327276382
HDFCBANK,EQ,2025-05-08,1945.6,1954.8,1954.8,1919.1,1921.5,1928.5,1933.8,17401715,33651432174.3,280256,11992864,68.92,-0.0087890625
HDFCBANK,EQ,2025-05-09,1928.5,1910.1,1919.0,1886.8,1893.3,1889.7,1894.97,8594398,16286144558.6,292155,6418433,74.68,-0.020119263676432464
HDFCBANK,EQ,2025-05-12,1889.7,1917.6,1959.9,1912.3,1956.4,1957.2,1948.86,9309486,18142865391.2,207249,6484427,69.65,0.035719955548499716
HDFCBANK,EQ,2025-05-13,1957.2,1950.0,1961.7,1920.0,1924.9,1922.6,1930.6,12121051,23400936924.4,234495,8111085,66.92,-0.017678315961577873
HDFCBANK,EQ,2025-05-14,1922.6,1922.1,1930.2,1903.0,1913.5,1910.6,1914.76,7722654,14787000374.5,189542,5324638,68.95,-0.006241547903880207
HDFCBANK,EQ,2025-05-15,1910.6,1913.5,1944.8,1897.0,1933.8,1933.8,1923.01,16120729,31000329957.9,224596,8875200,55.05,0.012142782372029703
HDFCBANK,EQ,2025-05-16,1933.8,1933.8,1943.8,1928.4,1934.5,1934.7,1933.5,7934005,15340426257.0,175140,5821408,73.37,0.00046540490226498754
HDFCBANK,EQ,2025-05-19,1934.7,1937.0,1945.0,1931.0,1937.1,1938.7,1938.13,5101482,9887338159.2,156815,3240362,63.52,0.0020675040057889227
HDFCBANK,EQ,2025-05-20,1938.7,1928.1,1934.6,1913.0,1917.1,1914.9,1918.55,11939545,22906655882.1,176524,8268352,69.25,-0.01227626760200129
HDFCBANK,EQ,2025-05-21,1914.9,1927.0,1946.9,1921.1,1925.2,1926.8,1930.42,7566020,14605582585.7,205548,4481751,59.24,0.006214423729698604
HDFCBANK,EQ,2025-05-22,1926.8,1915.2,1924.2,1905.2,1924.0,1919.9,1914.84,10653335,20399411133.4,255429,6993511,65.65,-0.0035810670541830403
HDFCBANK,EQ,2025-05-23,1919.9,1920.1,1937.0,1914.5,1933.5,1933.6,1929.98,4783036,9231150800.4,116301,3324907,69.51,0.007135788322308434
HDFCBANK,EQ,2025-05-26,1933.6,1935.0,1949.9,1926.9,1940.3,1940.2,1939.47,5401430,10475911940.9,201842,3386064,62.69,0.003413322300372501
HDFCBANK,EQ,2025-05-27,1940.2,1931.6,1948.0,1916.3,1926.8,1926.3,1927.12,13081074,25208751300.7,202672,7560818,57.8,-0.007164209875270666
HDFCBANK,EQ,2025-05-28,1926.3,1920.2,1934.5,1917.7,1928.4,1923.5,1922.92,9078797,17457806722.1,179687,6653105,73.28,-0.0014535638270258833
HDFCBANK,EQ,2025-05-29,1923.5,1928.0,1940.8,1907.3,1937.6,1927.5,1921.28,14458897,27779560938.6,215462,8083688,55.91,0.0020795425006499
HDFCBANK,EQ,2025-05-30,1927.5,1931.9,1948.8,1925.4,1941.5,1944.9,1939.36,14374039,27876395261.1,152055,10680728,74.31,0.009027237354085615
HDFCBANK,EQ,2025-06-02,1944.9,1930.1,1936.0,1908.0,1931.0,1932.1,1924.65,7334411,14116152681.3,202297,4806505,65.53,-0.0065813152347165005
HDFCBANK,EQ,2025-06-03,1932.1,1938.0,1952.0,1920.0,1923.5,1924.6,1933.85,12188792,23571332796.7,202204,8884330,72.89,-0.003881786657005337
HDFCBANK,EQ,2025-06-04,1924.6,1921.0,1943.3,1920.9,1939.5,1941.2,1935.52,6480771,12543693178.6,205372,4648807,71.73,0.00862516886625797
HDFCBANK,EQ,2025-06-05,1941.2,1948.0,1958.9,1940.2,1952.0,1949.6,1950.15,11127709,21700698216.2,216860,6248672,56.15,0.00432722027611776
HDFCBANK,EQ,2025-06-06,1949.6,1944.0,1996.3,1942.7,1978.0,1978.7,1976.03,15063504,29765991590.3,354572,9208623,61.13,0.014926138695116942
HDFCBANK,EQ,2025-06-09,1978.7,1995.0,1995.0,1975.9,1980.1,1978.9,1982.15,6601294,13084780209.8,203285,4310858,65.3,0.00010107646434520667
HDFCBANK,EQ,2025-06-10,1978.9,1982.8,1982.8,1961.1,1962.8,1965.3,1967.94,7766563,15284154944.5,281306,5433094,69.95,-0.006872504926979661
HDFCBANK,EQ,2025-06-11,1965.3,1967.6,1967.6,1947.0,1947.9,1950.4,1956.28,5548197,10853832767.0,181762,4381595,78.97,-0.007581539714038521
HDFCBANK,EQ,2025-06-12,1950.4,1950.0,1961.0,1935.3,1940.0,1943.4,1945.18,8174565,15901014848.9,179174,4709228,57.61,-0.0035890073831008618
HDFCBANK,EQ,2025-06-13,1943.4,1920.0,1933.0,1913.0,1919.5,1917.6,1920.08,6058881,11633522704.6,187789,4157664,68.62,-0.013275702377277043
HDFCBANK,EQ,2025-06-16,1917.6,1924.0,1938.9,1920.1,1936.9,1935.4,1933.31,8256873,15963122374.7,199177,6755556,81.82,0.00928243637880688
HDFCBANK,EQ,2025-06-17,1935.4,1937.0,1941.6,1919.1,1926.0,1929.6,1927.55,8489368,16363691276.8,219738,5836894,68.76,-0.0029967965278496767
HDFCBANK,EQ,2025-06-18,1929.6,1917.0,1936.3,1917.0,1932.5,1933.9,1928.12,9216908,17771302525.4,251910,7313289,79.35,0.0022284411276949356
HDFCBANK,EQ,2025-06-19,1933.9,1933.9,1946.8,1925.6,1933.1,1935.3,1937.61,8438110,16349732658.7,202215,5083169,60.24,0.0007239257459019655
HDFCBANK,EQ,2025-06-20,1935.3,1931.6,1969.9,1931.6,1963.1,1964.7,1960.39,16450204,32248839586.4,261970,13234979,80.45,0.015191443187102749
HDFCBANK,EQ,2025-06-23,1964.7,1948.4,1957.9,1941.8,1948.1,1948.4,1948.19,5869759,11435395881.1,176324,4136205,70.47,-0.008296432025245548
HDFCBANK,EQ,2025-06-24,1948.4,1965.0,1979.0,1955.6,1963.7,1960.9,1964.12,11312661,22219442191.5,231814,5590603,49.42,0.006415520427017096
HDFCBANK,EQ,2025-06-25,1960.9,1966.0,1982.0,1963.9,1980.0,1980.2,1977.13,9202966,18195446515.7,206190,6856865,74.51,0.009842419297261484
HDFCBANK,EQ,2025-06-26,1980.2,1981.4,2027.1,1980.0,2017.7,2021.8,2011.21,25042415,50365656414.5,343662,17082370,68.21,0.021007978992021004
HDFCBANK,EQ,2025-06-27,2021.8,2013.0,2019.8,1993.4,2011.5,2014.9,2011.75,14106692,28379071385.7,226961,11790269,83.58,-0.0034128004748243956
HDFCBANK,EQ,2025-06-30,2014.9,2011.5,2013.8,1995.5,2000.0,2001.5,2001.16,6824510,13656939181.0,199780,5025817,73.64,-0.006650454116829629
HDFCBANK,EQ,2025-07-01,2001.5,2005.0,2016.0,2004.0,2011.1,2012.1,2010.15,7194693,14462421818.6,169976,4895516,68.04,0.005296027979015738
HDFCBANK,EQ,2025-07-02,2012.1,2019.9,2019.9,1977.9,1985.5,1986.0,1990.25,9439125,18786219250.6,268429,6516626,69.04,-0.012971522290144533
HDFCBANK,EQ,2025-07-03,1986.0,1994.9,2008.0,1984.3,1985.9,1987.1,1993.22,8430253,16803371805.6,182242,4021259,47.7,0.0005538771399797859
HDFCBANK,EQ,2025-07-04,1987.1,1987.1,2003.5,1980.0,1992.7,1989.3,1987.51,3931972,7814832915.6,150676,2386234,60.69,0.0011071410598360032
HDFCBANK,EQ,2025-07-07,1989.3,1989.0,1998.4,1983.8,1985.5,1987.4,1989.37,5674713,11289078543.0,163393,3580127,63.09,-0.0009551098376312517
HDFCBANK,EQ,2025-07-08,1987.4,1977.0,2005.0,1977.0,1999.4,2001.4,1992.88,7612158,15170095365.5,199823,4719470,62.0,0.007044379591425898
HDFCBANK,EQ,2025-07-09,2001.4,2007.0,2013.8,1998.1,2008.5,2011.2,2007.1,6930714,13910645549.4,151284,4775873,68.91,0.004896572399320398
HDFCBANK,EQ,2025-07-10,2011.2,2016.0,2017.0,2000.0,2002.8,2006.2,2008.54,8515155,17103052403.8,184619,4603926,54.07,-0.0024860779634049424
HDFCBANK,EQ,2025-07-11,2006.2,1998.0,2004.8,1980.9,1983.0,1983.7,1987.41,6258461,12438153798.2,125871,4958892,79.24,-0.011215232778386985
HDFCBANK,EQ,2025-07-14,1983.7,1983.0,1988.7,1970.6,1982.9,1983.0,1978.8,6544425,12950097345.9,132854,4932484,75.37,-0.00035287593890209745
HDFCBANK,EQ,2025-07-15,1983.0,1973.0,2003.6,1973.0,1998.0,1995.5,1993.02,7249084,14447599382.1,157806,4070577,56.15,0.006303580433686395
HDFCBANK,EQ,2025-07-16,1995.5,2018.0,2022.7,1992.6,1996.0,1996.3,2005.54,8997306,18044432313.4,216845,5265661,58.52,0.0004009020295665522
HDFCBANK,EQ,2025-07-17,1996.3,2004.0,2004.8,1982.7,1986.0,1986.9,1991.85,11264579,22437406105.6,256020,6366220,56.52,-0.004708711115563702
HDFCBANK,EQ,2025-07-18,1986.9,1986.9,1997.0,1953.0,1956.0,1957.4,1968.8,8064723,15877808287.5,221823,5524936,68.51,-0.014847249484120972
HDFCBANK,EQ,2025-07-21,1957.4,1978.2,2002.0,1976.5,2001.5,2000.5,1993.45,11154539,22236041336.4,275691,6536125,58.6,0.0220190048022888
HDFCBANK,EQ,2025-07-22,2000.5,2013.1,2018.0,2003.0,2005.0,2007.1,2009.05,7418407,14903939836.3,226727,5286787,71.27,0.0032991752061983792
HDFCBANK,EQ,2025-07-23,2007.1,2011.0,2029.8,2003.0,2024.5,2024.3,2019.97,6817458,13771089884.7,191989,4887186,71.69,0.008569577998106759
HDFCBANK,EQ,2025-07-24,2024.3,2037.7,2037.7,2008.4,2011.7,2014.2,2019.12,9553588,19289876404.2,183573,5946175,62.24,-0.0049893790446079445
HDFCBANK,EQ,2025-07-25,2014.2,2015.0,2015.0,1999.0,2005.0,2004.6,2005.63,4653299,9332802398.8,163735,2670096,57.38,-0.00476616026213883
HDFCBANK,EQ,2025-07-28,2004.6,2003.0,2021.4,2000.5,2009.9,2008.5,2011.08,6029790,12126412272.8,219624,4269112,70.8,0.0019455252918287869
HDFCBANK,EQ,2025-07-29,2008.5,1999.9,2026.5,1996.3,2023.0,2021.6,2015.07,9947848,20045635384.9,234546,6912288,69.49,0.0065222803086879555
HDFCBANK,EQ,2025-07-30,2021.6,2028.0,2032.6,2017.0,2025.9,2025.8,2023.94,7577018,15335457713.7,152763,5292067,69.84,0.0020775623268698418
HDFCBANK,EQ,2025-07-31,2025.8,2014.6,2031.4,2008.0,2018.0,2018.2,2020.81,11091516,22413795872.2,199191,4663953,42.05,-0.0037516043044723
HDFCBANK,EQ,2025-08-01,2018.2,2014.0,2028.3,2009.3,2016.9,2012.2,2015.24,5658629,11403473962.3,138595,3877981,68.53,-0.0029729461896739195
HDFCBANK,EQ,2025-08-04,2012.2,2010.1,2018.5,1988.1,1994.4,1992.0,1997.96,6966973,13919756957.2,248150,5392274,77.4,-0.010038763542391416
HDFCBANK,EQ,2025-08-05,1992.0,1986.5,1994.4,1965.5,1981.0,1977.6,1975.61,11989029,23685633703.6,194332,8686084,72.45,-0.0072289156626506035
HDFCBANK,EQ,2025-08-06,1977.6,1971.1,1988.0,1970.0,1987.0,1985.3,1978.39,7040102,13928074705.9,211058,5193296,73.77,0.00389360841423958
HDFCBANK,EQ,2025-08-07,1985.3,1980.1,2001.6,1976.8,1998.0,1995.4,1986.09,6540593,12990237207.7,223527,3957541,60.51,0.005087392333652518
HDFCBANK,EQ,2025-08-08,1995.4,1987.1,1992.8,1970.0,1972.0,1973.9,1978.99,6947632,13749288126.4,178320,4921047,70.83,-0.010774781998596827
HDFCBANK,EQ,2025-08-11,1973.9,1975.9,1997.6,1973.1,1992.0,1995.6,1986.89,4552927,9046155578.7,165998,2893629,63.56,0.010993464714524448
HDFCBANK,EQ,2025-08-12,1995.6,1991.9,1996.0,1967.5,1969.7,1969.9,1978.54,6468901,12798999218.2,237925,3763379,58.18,-0.01287833233112834
HDFCBANK,EQ,2025-08-13,1969.9,1994.0,1994.0,1969.1,1979.9,1980.3,1977.14,6788698,13422176534.1,177703,4659295,68.63,0.005279455809939604
HDFCBANK,EQ,2025-08-14,1980.3,1978.0,1996.0,1971.2,1989.5,1991.1,1990.18,8755858,17425742818.7,174342,5399734,61.67,0.005453719133464707
HDFCBANK,EQ,2025-08-18,1991.1,2010.0,2026.6,1995.6,2005.0,2003.6,2008.73,9642398,19368989917.9,220027,5890386,61.09,0.006277936818843921
HDFCBANK,EQ,2025-08-19,2003.6,1998.3,2006.1,1986.7,1990.0,1991.1,1995.49,6176219,12324574114.9,170899,3356794,54.35,-0.006238770213615519
HDFCBANK,EQ,2025-08-20,1991.1,1987.0,1992.0,1979.0,1988.3,1988.2,1985.13,4975114,9876263155.3,173424,3262221,65.57,-0.0014564813419717382
HDFCBANK,EQ,2025-08-21,1988.2,1997.5,1997.5,1983.2,1990.5,1991.2,1991.62,6219925,12387722464.0,160599,3938606,63.32,0.0015089025248968824
HDFCBANK,EQ,2025-08-22,1991.2,1989.9,1996.0,1957.1,1965.5,1964.6,1968.66,9916751,19522714269.1,253318,7296028,73.57,-0.013358778625954248
HDFCBANK,EQ,2025-08-25,1964.6,1960.2,1977.4,1957.0,1969.2,1964.1,1967.27,8759022,17231388424.4,217503,6285996,71.77,-0.0002545047337880746
HDFCBANK,EQ,2025-08-26,1964.1,979.5,985.7,968.0,972.3,973.4,973.26,16917731,16465410030.9,296302,11117324,65.71,-0.5044040527468052
HDFCBANK,EQ,2025-08-28,973.4,967.0,972.2,955.0,961.8,957.8,962.09,25438255,24473886027.8,377835,14779593,58.1,-0.01602629956852275
HDFCBANK,EQ,2025-08-29,957.8,954.0,963.3,950.1,953.4,951.6,955.24,14823813,14160314228.1,260839,10921593,73.68,-0.006473167675923874
HDFCBANK,EQ,2025-09-01,951.6,949.6,957.45,946.35,950.8,950.6,950.62,20178344,19181919082.15,410933,15470566,76.67,-0.0010508617065994041
HDFCBANK,EQ,2025-09-02,950.6,951.0,954.8,944.0,944.7,944.5,948.8,14196320,13469417784.7,343637,8559801,60.3,-0.006416999789606637
HDFCBANK,EQ,2025-09-03,944.5,945.0,956.3,940.0,953.95,954.45,947.66,16083481,15241746460.65,288240,11088091,68.94,0.010534674430915825
HDFCBANK,EQ,2025-09-04,954.45,960.2,965.7,956.25,960.95,961.25,961.34,17597657,16917300954.6,212281,9825135,55.83,0.007124521976006992
HDFCBANK,EQ,2025-09-05,961.25,967.5,967.5,954.05,962.6,963.4,960.7,11602111,11146202039.65,210037,8025866,69.18,0.0022366710013004276
HDFCBANK,EQ,2025-09-08,963.4,969.0,973.15,960.45,967.35,966.0,967.58,11711307,11331677355.7,193535,7723748,65.95,0.002698775171268375
HDFCBANK,EQ,2025-09-09,966.0,974.0,974.4,962.7,966.45,965.15,967.81,13985539,13535396477.2,181800,8674252,62.02,-0.0008799171842650555
HDFCBANK,EQ,2025-09-10,965.15,973.9,973.9,961.7,965.5,965.9,966.21,18091100,17479779505.3,218336,13233607,73.15,0.0007770812827021523
HDFCBANK,EQ,2025-09-11,965.9,960.3,969.25,959.9,966.5,967.8,965.95,15113633,14598945433.15,220801,7824117,51.77,0.001967077337198475
HDFCBANK,EQ,2025-09-12,967.8,969.9,970.75,962.25,966.9,967.3,966.65,14363519,13884430847.5,265851,10837642,75.45,-0.000516635668526555
HDFCBANK,EQ,2025-09-15,967.3,969.6,972.35,965.0,966.1,967.05,968.58,14486377,14031209535.6,198502,9376182,64.72,-0.000258451359454126
HDFCBANK,EQ,2025-09-16,967.05,961.2,969.35,961.2,966.3,966.85,966.32,18661794,18033279292.75,201920,13372765,71.66,-0.00020681453906201686
HDFCBANK,EQ,2025-09-17,966.85,965.15,974.4,964.35,967.0,966.5,968.39,17361476,16812655777.9,269236,12477258,71.87,-0.00036200031028599255
HDFCBANK,EQ,2025-09-18,966.5,973.3,979.65,969.25,976.0,976.9,974.66,17791598,17340847521.6,267040,9572957,53.81,0.010760475944128212
HDFCBANK,EQ,2025-09-19,976.9,974.9,976.7,962.1,967.0,966.9,967.22,31243267,30219230008.15,220137,23282508,74.52,-0.010236462278636504
HDFCBANK,EQ,2025-09-22,966.9,964.0,971.2,961.95,965.4,964.2,966.4,10854415,10489724995.75,139126,6152391,56.68,-0.002792429413589703
HDFCBANK,EQ,2025-09-23,964.2,967.0,968.2,955.5,958.45,957.2,960.1,21022298,20183427172.9,190721,11319285,53.84,-0.0072599045841111876
HDFCBANK,EQ,2025-09-24,957.2,952.2,956.45,943.0,951.0,951.05,949.21,15117220,14349411269.75,248417,9795696,64.8,-0.006424989552862637
HDFCBANK,EQ,2025-09-25,951.05,952.5,958.0,947.4,951.2,949.85,952.03,31413279,29906381362.7,256060,20833726,66.32,-0.0012617633142315565
HDFCBANK,EQ,2025-09-26,949.85,945.1,951.45,941.3,944.25,945.05,945.96,14874656,14070786048.15,209563,9035935,60.75,-0.0050534294888667786
HDFCBANK,EQ,2025-09-29,945.05,946.05,956.8,939.1,953.4,950.3,950.17,32398179,30783888581.8,296694,22819747,70.44,0.00555526162636899
HDFCBANK,EQ,2025-09-30,950.3,958.05,960.0,946.3,952.5,951.0,951.48,28296687,26923671201.95,254597,16506431,58.33,0.0007366094917395927
HDFCBANK,EQ,2025-10-01,951.0,952.7,969.6,946.0,965.8,965.25,961.75,25350832,24381070597.7,284713,16742115,66.04,0.014984227129337446
HDFCBANK,EQ,2025-10-03,965.25,952.0,966.75,952.0,963.7,965.15,960.81,26658296,25613477189.5,262320,18018739,67.59,-0.00010360010360010996
HDFCBANK,EQ,2025-10-06,965.15,971.9,977.4,962.0,973.9,973.45,973.33,18542683,18048185820.2,242243,11419980,61.59,0.00859969952857087
HDFCBANK,EQ,2025-10-07,973.45,974.0,989.85,971.0,981.8,982.5,983.54,25535736,25115433186.6,246182,15458605,60.54,0.009296830859314653
HDFCBANK,EQ,2025-10-08,982.5,976.0,985.9,974.55,977.2,978.7,979.57,15939710,15613997664.15,209764,9771789,61.3,-0.0038676844783714914
HDFCBANK,EQ,2025-10-09,978.7,974.5,979.0,970.15,975.0,977.1,976.0,15370950,15001996973.25,213008,8147055,53.0,-0.001634821702258149
HDFCBANK,EQ,2025-10-10,977.1,979.0,986.2,978.1,981.45,980.9,982.56,13757080,13517176056.05,237034,8499509,61.78,0.003889059461672284
HDFCBANK,EQ,2025-10-13,980.9,974.3,981.0,972.0,977.1,977.0,977.15,18634254,18208400781.7,280003,11986144,64.32,-0.003975940462840222
HDFCBANK,EQ,2025-10-14,977.0,970.0,980.45,967.0,976.25,977.15,975.43,22934382,22370980681.75,217173,12964881,56.53,0.00015353121801431335
HDFCBANK,EQ,2025-10-15,977.15,975.0,984.9,973.35,978.5,978.25,979.29,23310447,22827742875.95,251500,15931470,68.34,0.0011257227651844115
HDFCBANK,EQ,2025-10-16,978.25,982.65,996.6,981.5,993.6,994.35,989.28,22936566,22690615843.35,362882,14825575,64.64,0.016457960644007175
HDFCBANK,EQ,2025-10-17,994.35,993.95,1009.0,986.0,1000.6,1002.55,1001.76,25210511,25254761309.8,371430,14088788,55.88,0.008246593251872936
HDFCBANK,EQ,2025-10-20,1002.55,997.0,1020.0,997.0,1003.6,1002.95,1005.08,22195202,22307932790.7,416206,11949161,53.84,0.00039898259438442274
HDFCBANK,EQ,2025-10-21,1002.95,1006.0,1010.0,1004.0,1004.0,1007.7,1008.15,3471600,3499906215.35,88749,2208820,63.63,0.004736028715289997
HDFCBANK,EQ,2025-10-23,1007.7,1016.0,1020.5,1006.0,1006.6,1008.8,1013.19,43526526,44100430667.15,518216,29430278,67.61,0.0010915947206509014
HDFCBANK,EQ,2025-10-24,1008.8,1011.0,1011.95,991.3,995.9,994.75,999.4,17707768,17697089817.3,362016,10325814,58.31,-0.013927438540840553
HDFCBANK,EQ,2025-10-27,994.75,996.5,1009.05,996.2,1003.5,1002.95,1003.92,15700796,15762265430.25,297938,10876558,69.27,0.008243277205328026
HDFCBANK,EQ,2025-10-28,1002.95,997.65,1008.0,995.0,1004.9,1003.55,1001.18,33904289,33944177651.4,423621,17802447,52.51,0.0005982352061417728
HDFCBANK,EQ,2025-10-29,1003.55,1004.9,1012.5,1000.0,1008.5,1007.85,1007.89,17769445,17909676109.65,281715,10183404,57.31,0.004284788999053379
HDFCBANK,EQ,2025-10-30,1007.85,1000.0,1009.5,997.1,999.95,998.15,1001.53,19962917,19993506579.25,365104,11016753,55.19,-0.009624448082552028
HDFCBANK,EQ,2025-10-31,998.15,994.0,1004.45,981.15,987.95,987.3,989.37,23221330,22974558984.15,454775,14530695,62.57,-0.010870109702950437
HDFCBANK,EQ,2025-11-03,987.3,985.0,994.55,983.3,993.4,992.65,991.15,16607180,16460236700.55,288032,9995580,60.19,0.005418819001316688
HDFCBANK,EQ,2025-11-04,992.65,987.0,997.0,983.7,985.7,985.25,990.21,20024544,19828527608.75,302828,10792510,53.9,-0.007454792726540038
HDFCBANK,EQ,2025-11-06,985.25,981.0,991.05,974.0,987.5,984.65,984.48,22279516,21933818395.9,278532,11400343,51.17,-0.0006089824917533404
HDFCBANK,EQ,2025-11-07,984.65,980.0,984.9,974.75,984.3,982.3,979.96,15004568,14703832279.8,315369,10669610,71.11,-0.0023866348448687846
HDFCBANK,EQ,2025-11-10,982.3,982.3,990.95,980.2,984.6,984.5,986.19,15988262,15767386584.0,373004,11329554,70.86,0.002239641657334923
HDFCBANK,EQ,2025-11-11,984.5,983.5,993.5,978.0,992.0,991.7,987.26,10200530,10070524484.25,229810,5178183,50.76,0.007313357034027579
HDFCBANK,EQ,2025-11-12,991.7,998.8,999.0,987.7,990.25,989.5,992.14,13137263,13034039694.95,166500,9064648,69.0,-0.002218412826459626
HDFCBANK,EQ,2025-11-13,989.5,984.0,990.1,982.6,985.75,986.65,986.34,14124839,13931855903.95,289471,8400766,59.48,-0.0028802425467407966
HDFCBANK,EQ,2025-11-14,986.65,976.05,991.65,976.05,989.0,989.6,984.95,21386965,21065033481.45,301431,15669091,73.26,0.00298991537019222
HDFCBANK,EQ,2025-11-17,989.6,991.25,997.95,985.6,996.45,996.55,993.87,18396408,18283667280.45,197155,12483495,67.86,0.007023039611964377
HDFCBANK,EQ,2025-11-18,996.55,997.65,999.0,990.0,990.85,992.45,994.68,20002640,19896287879.55,217914,13276284,66.37,-0.004114193969193658
HDFCBANK,EQ,2025-11-19,992.45,990.0,996.55,984.0,994.8,994.6,989.67,19813847,19609199278.35,201324,14380578,72.58,0.0021663559877072025
HDFCBANK,EQ,2025-11-20,994.6,995.3,1011.6,992.45,1008.6,1008.85,1003.81,19850865,19926417239.25,254686,12310443,62.01,0.014327367786044709
HDFCBANK,EQ,2025-11-21,1008.85,1003.1,1008.3,996.55,998.0,998.05,1001.07,17499897,17518694760.0,271649,11781873,67.33,-0.01070525846260606
HDFCBANK,EQ,2025-11-24,998.05,1000.0,1011.45,993.6,997.85,999.15,1001.79,32204053,32261618761.75,280226,23158827,71.91,0.0011021491909222192
HDFCBANK,EQ,2025-11-25,999.15,1004.0,1006.1,988.4,989.45,989.8,995.08,24989383,24866505641.8,275451,14345733,57.41,-0.009357954261121959
HDFCBANK,EQ,2025-11-26,989.8,981.3,1006.95,981.3,1005.0,1003.9,999.58,19494356,19486197443.7,207998,10553283,54.14,0.01424530208122854
HDFCBANK,EQ,2025-11-27,1003.9,1002.1,1016.8,1001.0,1009.05,1009.5,1010.95,25536848,25816356116.1,313073,16830504,65.91,0.005578244845104052
HDFCBANK,EQ,2025-11-28,1009.5,1007.0,1012.05,1004.2,1006.7,1007.6,1008.93,15988807,16131518093.4,178196,11179507,69.92,-0.0018821198613174772
HDFCBANK,EQ,2025-12-01,1007.6,1017.5,1017.5,999.3,1002.9,1002.1,1005.66,16746566,16841329243.2,282719,10412743,62.18,-0.00545851528384278
HDFCBANK,EQ,2025-12-02,1002.1,988.0,994.4,985.0,991.4,989.8,990.24,27316662,27050186723.2,363303,18025565,65.99,-0.012274224129328437
HDFCBANK,EQ,2025-12-03,989.8,986.0,1002.3,986.0,1000.1,1000.5,993.84,15448777,15353618863.9,222651,10662697,69.02,0.010810264699939509
HDFCBANK,EQ,2025-12-04,1000.5,1000.0,1004.7,993.0,998.5,997.2,998.28,14528169,14503248744.0,241847,10117111,69.64,-0.003298350824587626
HDFCBANK,EQ,2025-12-05,997.2,992.0,1008.0,990.2,1001.2,1003.3,1000.86,12843366,12854350197.3,192024,7782512,60.6,0.0061171279582830085
HDFCBANK,EQ,2025-12-08,1003.3,1000.0,1006.5,997.5,1001.8,1003.1,1002.21,12901022,12929480947.9,219872,8540982,66.2,-0.00019934217083616979
HDFCBANK,EQ,2025-12-09,1003.1,994.9,1002.8,994.0,997.0,997.1,998.68,15294322,15274186067.4,206598,8851628,57.88,-0.005981457481806451
HDFCBANK,EQ,2025-12-10,997.1,997.5,998.5,985.3,990.4,989.8,990.9,15322830,15183409188.4,275347,10399067,67.87,-0.007321231571557618
HDFCBANK,EQ,2025-12-11,989.8,990.0,1002.7,988.5,999.9,1000.3,996.96,11844809,11808832354.3,177935,7553960,63.77,0.010608203677510586
HDFCBANK,EQ,2025-12-12,1000.3,1003.0,1004.7,998.2,1002.9,1001.5,1001.52,11988618,12006883854.1,153825,8974647,74.86,0.0011996401079676922
HDFCBANK,EQ,2025-12-15,1001.5,992.0,1001.8,992.0,995.0,996.1,995.95,9790060,9750388373.6,182612,5689455,58.11,-0.0053919121318022345
HDFCBANK,EQ,2025-12-16,996.1,990.1,998.7,990.1,994.2,994.3,994.74,20049088,19943698733.6,307140,10578543,52.76,-0.0018070474851923368
HDFCBANK,EQ,2025-12-17,994.3,996.0,996.0,980.8,985.2,984.0,985.22,19080922,18798880243.8,288605,13749573,72.06,-0.010359046565422858
HDFCBANK,EQ,2025-12-18,984.0,973.3,987.4,973.3,980.0,979.7,981.48,14912404,14636196743.0,412559,9559809,64.11,-0.004369918699186903
HDFCBANK,EQ,2025-12-19,979.7,987.0,988.0,978.7,985.2,985.5,984.91,25952384,25560667946.0,246675,19002918,73.22,0.00592017964683067
HDFCBANK,EQ,2025-12-22,985.5,988.0,992.9,983.9,987.2,987.7,987.63,13540411,13372875582.7,253393,8188244,60.47,0.002232369355657182
HDFCBANK,EQ,2025-12-23,987.7,990.5,998.9,987.7,997.0,996.6,994.81,17927849,17834864449.3,227121,9434296,52.62,0.009010833248962236
HDFCBANK,EQ,2025-12-24,996.6,993.0,999.4,993.0,995.3,997.2,996.34,13699996,13649827358.4,203107,6062889,44.25,0.0006020469596628164
HDFCBANK,EQ,2025-12-26,997.2,996.0,997.2,987.7,992.0,992.1,992.32,9360853,9288952052.7,196688,7031168,75.11,-0.005114320096269553
HDFCBANK,EQ,2025-12-29,992.1,993.1,997.4,987.2,992.8,991.7,991.31,13545749,13427999756.0,190711,8436541,62.28,-0.000403185162786035
HDFCBANK,EQ,2025-12-30,991.7,990.2,995.0,982.2,995.0,990.9,989.16,33155849,32796279701.4,393869,22177609,66.89,-0.0008066955732580761
HDFCBANK,EQ,2025-12-31,990.9,991.0,997.6,987.6,992.9,991.2,992.61,10963454,10882483821.4,193549,7039332,64.21,0.0003027550711474092
HDFCBANK,EQ,2026-01-01,991.2,993.5,997.55,989.5,991.15,991.15,991.88,7132074,7074147525.95,126886,2485813,34.85,-5.044390637620744e-05
HDFCBANK,EQ,2026-01-02,991.15,991.15,1003.2,988.8,1000.25,1001.6,998.46,11751459,11733333129.85,178613,7814202,66.5,0.010543308278262664
HDFCBANK,EQ,2026-01-05,1001.6,1005.75,1006.4,976.3,978.5,977.5,984.33,27647379,27214119283.5,382990,20956352,75.8,-0.024061501597444135
HDFCBANK,EQ,2026-01-06,977.5,962.7,966.7,956.0,962.95,962.2,962.45,31988783,30787569132.7,459604,22650555,70.81,-0.01565217391304341
HDFCBANK,EQ,2026-01-07,962.2,956.0,956.45,946.0,950.25,949.05,950.1,52884712,50245738779.65,414168,43998886,83.2,-0.013666597381001955
HDFCBANK,EQ,2026-01-08,949.05,944.7,953.0,941.4,948.0,946.7,947.59,21928849,20779638865.45,316595,14341808,65.4,-0.0024761603708971514
HDFCBANK,EQ,2026-01-09,946.7,945.0,950.6,933.3,939.0,939.0,940.91,38183839,35927536459.55,324301,30938163,81.02,-0.008133516425477993
HDFCBANK,EQ,2026-01-12,939.0,937.5,942.0,929.6,936.4,936.95,936.87,21071666,19741346998.05,282222,15911209,75.51,-0.002183173588924392
HDFCBANK,EQ,2026-01-13,936.95,947.7,947.7,932.6,934.75,937.35,940.27,32042827,30129021006.45,348726,19682550,61.43,0.00042691712471309984
HDFCBANK,EQ,2026-01-14,937.35,930.0,940.05,920.2,925.0,925.45,929.85,36688248,34114424012.75,306076,27700155,75.5,-0.01269536459166798
HDFCBANK,EQ,2026-01-16,925.45,922.0,935.95,919.2,930.55,931.1,929.18,37780235,35104452366.25,361119,27960990,74.01,0.006105138040952918
HDFCBANK,EQ,2026-01-19,931.1,935.9,936.15,919.5,925.95,927.9,927.58,38191942,35426072965.65,432335,25589700,67.0,-0.0034367951884868297
HDFCBANK,EQ,2026-01-20,927.9,929.3,934.5,919.6,930.5,931.2,930.12,36022727,33505544795.3,357134,25387797,70.48,0.003556417717426541
HDFCBANK,EQ,2026-01-21,931.2,925.0,932.15,915.5,921.0,920.35,924.64,32766854,30297528335.75,351406,18490570,56.43,-0.011651632302405512
HDFCBANK,EQ,2026-01-22,920.35,928.0,928.3,913.2,921.0,918.7,918.56,44444755,40825301054.65,572341,27990021,62.98,-0.001792796218829773
HDFCBANK,EQ,2026-01-23,918.7,920.0,926.1,909.25,915.8,916.1,916.45,30985247,28396480018.55,335766,20036841,64.67,-0.0028300859910743714
HDFCBANK,EQ,2026-01-27,916.1,906.0,931.2,905.0,928.0,926.4,917.11,44753093,41043445636.3,483204,24863244,55.56,0.011243314048684505
HDFCBANK,EQ,2026-01-28,926.4,932.5,941.45,928.4,932.4,932.7,934.95,35347138,33047787224.5,272519,25768276,72.9,0.00680051813471505
HDFCBANK,EQ,2026-01-29,932.7,930.1,939.3,924.35,935.0,935.5,933.24,37175628,34693741736.2,420812,23337389,62.78,0.0030020370966012955
HDFCBANK,EQ,2026-01-30,935.5,930.0,938.9,927.75,929.0,929.25,931.84,29691233,27667370875.05,251637,21792184,73.4,-0.00668091929449488
HDFCBANK,EQ,2026-02-01,929.25,932.0,939.65,912.65,918.05,922.1,929.2,9856486,9158689990.9,146417,4558330,46.25,-0.007694377185902601
HDFCBANK,EQ,2026-02-02,922.1,915.0,929.8,909.3,928.1,928.1,924.14,28032106,25905516822.8,387552,17929669,63.96,0.00650688645483144
HDFCBANK,EQ,2026-02-03,928.1,983.75,994.0,945.0,947.65,948.7,954.45,50336968,48043934757.85,490165,33991872,67.53,0.022195884064217353
HDFCBANK,EQ,2026-02-04,948.7,952.5,957.2,947.95,949.0,953.1,952.91,24366770,23219430282.65,251099,18291924,75.07,0.004637925582375857
HDFCBANK,EQ,2026-02-05,953.1,956.0,956.05,946.7,949.7,949.7,950.22,28103169,26704314508.9,372775,19789477,70.42,-0.0035673066834539524
HDFCBANK,EQ,2026-02-06,949.7,945.0,948.1,937.6,941.0,941.1,941.73,18120272,17064339108.7,423858,11328454,62.52,-0.009055491207749844
HDFCBANK,EQ,2026-02-09,941.1,945.0,950.0,935.35,938.8,937.25,938.27,23947829,22469573398.45,274371,17666012,73.77,-0.004090957390287975
HDFCBANK,EQ,2026-02-10,937.25,930.0,940.9,929.95,932.6,932.4,933.93,31525385,29442615462.9,408707,18244866,57.87,-0.005174713256868468
HDFCBANK,EQ,2026-02-11,932.4,931.25,936.0,925.3,926.8,927.1,928.91,24869804,23101739084.15,368828,16876206,67.86,-0.005684255684255679
HDFCBANK,EQ,2026-02-12,927.1,927.0,928.6,918.5,919.75,920.6,922.37,33872203,31242614792.65,425115,20680584,61.05,-0.007011109912630764
HDFCBANK,EQ,2026-02-13,920.6,913.0,928.2,901.0,903.9,903.9,912.26,50188359,45784829506.25,361977,39907545,79.52,-0.018140343254399394
HDFCBANK,EQ,2026-02-16,903.9,903.9,929.5,902.1,925.5,925.8,922.18,18806989,17343514574.6,309517,10541147,56.05,0.02422834384334549
HDFCBANK,EQ,2026-02-17,925.8,923.0,928.1,918.6,926.45,925.7,925.32,22599629,20911878079.6,337196,8883355,39.31,-0.00010801468999777075
HDFCBANK,EQ,2026-02-18,925.7,923.2,925.5,919.55,923.7,924.7,922.79,12738702,11755117113.45,217327,7177757,56.35,-0.001080263584314567
HDFCBANK,EQ,2026-02-19,924.7,929.0,929.2,912.45,914.3,915.6,918.86,21209234,19488260011.45,297364,8557551,40.35,-0.009841029523088629
HDFCBANK,EQ,2026-02-20,915.6,911.0,917.85,908.4,913.15,911.85,913.52,22654907,20695810498.85,295931,12808207,56.54,-0.004095674967234619
HDFCBANK,EQ,2026-02-23,911.85,916.5,925.65,915.25,924.1,923.6,921.17,23270122,21435660334.0,228672,14988411,64.41,0.01288589131984419
HDFCBANK,EQ,2026-02-24,923.6,927.95,927.95,909.15,911.5,910.5,915.33,31313985,28662510212.4,298283,16994295,54.27,-0.014183629276743215
HDFCBANK,EQ,2026-02-25,910.5,910.55,916.0,903.1,907.4,907.6,909.0,27884303,25346943106.45,323744,20213660,72.49,-0.003185063152114198
HDFCBANK,EQ,2026-02-26,907.6,912.0,912.0,895.0,896.0,898.6,901.32,41165937,37103636109.45,502649,24028758,58.37,-0.009916262670780052
HDFCBANK,EQ,2026-02-27,898.6,898.6,898.95,885.0,887.45,887.75,889.69,34620755,30801652275.45,411801,26765937,77.31,-0.01207433785889167
HDFCBANK,EQ,2026-03-02,887.75,876.2,887.75,871.55,882.1,879.4,879.38,38378924,33749754117.7,401981,19491777,50.79,-0.00940580118276546
HDFCBANK,EQ,2026-03-04,879.4,848.0,879.3,848.0,869.0,868.65,866.0,39862322,34520891227.9,456224,22363360,56.1,-0.012224243802592683
HDFCBANK,EQ,2026-03-05,868.65,873.85,881.4,863.5,875.1,877.75,873.44,31324582,27360019475.0,281674,13520710,43.16,0.010476026017383289
HDFCBANK,EQ,2026-03-06,877.75,868.05,871.7,855.1,857.2,857.05,862.5,34439647,29704205809.35,706964,21629001,62.8,-0.023583024779265216
HDFCBANK,EQ,2026-03-09,857.05,825.0,842.45,821.5,839.1,840.7,833.63,35592613,29670987891.55,420429,18686662,52.5,-0.019077066682223753
HDFCBANK,EQ,2026-03-10,840.7,850.05,856.8,840.6,849.0,849.45,849.47,52866024,44907944293.6,475796,29796626,56.36,0.010407993338884314
HDFCBANK,EQ,2026-03-11,849.45,845.0,848.85,827.6,834.4,833.95,834.32,42261076,35259318337.5,580385,26728940,63.25,-0.018247101065395288
HDFCBANK,EQ,2026-03-12,833.95,820.1,836.4,820.1,833.3,832.75,831.86,46107561,38354969893.0,683178,27587429,59.83,-0.0014389351879610102
HDFCBANK,EQ,2026-03-13,832.75,820.0,823.8,812.0,816.7,817.0,817.73,41700464,34099871018.1,542628,22692726,54.42,-0.018913239267487225
HDFCBANK,EQ,2026-03-16,817.0,817.0,844.5,815.65,838.8,840.6,832.0,52182605,43415902026.8,497371,28889106,55.36,0.02888616891064877
HDFCBANK,EQ,2026-03-17,840.6,847.7,848.9,835.1,842.8,845.35,843.42,38826979,32747578708.05,457590,20071710,51.7,0.005650725672138979
HDFCBANK,EQ,2026-03-18,845.35,845.35,846.8,831.6,842.0,843.05,840.38,23507063,19754916389.35,294181,13548006,57.63,-0.0027207665464009656
HDFCBANK,EQ,2026-03-19,843.05,770.0,815.65,770.0,800.0,798.2,801.78,171637393,137615084047.35,1439390,99628149,58.05,-0.053199691595990695
HDFCBANK,EQ,2026-03-20,798.2,785.0,793.75,778.2,781.0,780.45,784.12,103129469,80865860514.3,963682,66111622,64.11,-0.022237534452518193
HDFCBANK,EQ,2026-03-23,780.45,763.15,768.7,741.05,742.3,744.15,752.37,72341738,54427519734.6,872248,44105103,60.97,-0.04651162790697683
HDFCBANK,EQ,2026-03-24,744.15,755.0,772.75,747.7,766.5,764.9,761.63,61269986,46665356241.25,626314,34473827,56.27,0.027884163139151985
HDFCBANK,EQ,2026-03-25,764.9,768.2,794.8,768.2,780.1,782.3,785.22,59230640,46508923123.65,628380,35852906,60.53,0.02274807164335213
HDFCBANK,EQ,2026-03-27,782.3,773.2,774.9,754.55,757.95,756.2,761.3,65485199,49853660404.55,699107,41929255,64.03,-0.0333631599130767
HDFCBANK,EQ,2026-03-30,756.2,745.2,751.0,726.65,735.0,731.55,737.88,103500135,76370180749.45,787374,62423108,60.31,-0.03259719650886017
HDFCBANK,EQ,2026-04-01,731.55,743.0,755.9,739.1,744.0,742.25,745.52,78862761,58794104725.5,617196,50017843,63.42,0.014626478026108947
HDFCBANK,EQ,2026-04-02,742.25,730.0,755.0,726.65,751.0,750.9,740.56,49310300,36517173048.1,618264,23804482,48.27,0.011653755473223226
HDFCBANK,EQ,2026-04-06,750.9,759.0,772.75,745.0,770.9,771.0,759.21,42976659,32628140429.95,626168,24018015,55.89,0.026767878545745027
HDFCBANK,EQ,2026-04-07,771.0,766.0,774.0,761.0,772.4,772.0,768.18,51309793,39415068155.95,777553,27329359,53.26,0.0012970168612191912
HDFCBANK,EQ,2026-04-08,772.0,800.0,817.8,796.0,817.5,816.1,809.87,70269512,56909358152.4,561769,41791230,59.47,0.05712435233160629
HDFCBANK,EQ,2026-04-09,816.1,815.0,819.0,793.1,798.0,797.7,800.68,48879392,39136741055.4,532333,21426068,43.83,-0.022546256586202684
HDFCBANK,EQ,2026-04-10,797.7,804.0,812.25,801.0,810.1,810.3,809.15,38156026,30873943034.35,384976,20635660,54.08,0.01579541180895072
HDFCBANK,EQ,2026-04-13,810.3,791.5,798.5,787.35,793.0,794.7,792.47,47549328,37681570377.55,428978,18934176,39.82,-0.01925212884116978
HDFCBANK,EQ,2026-04-15,794.7,804.95,814.8,804.0,810.0,809.9,809.73,39769515,32202517376.6,468104,18963852,47.68,0.019126714483452822
HDFCBANK,EQ,2026-04-16,809.9,818.0,820.05,792.2,794.0,795.45,802.59,62861293,50452084027.0,512745,26540350,42.22,-0.01784170885294467
HDFCBANK,EQ,2026-04-17,795.45,790.1,803.95,788.2,800.0,799.9,799.4,37282544,29803842840.25,329801,23296927,62.49,0.005594317681815175
HDFCBANK,EQ,2026-04-20,799.9,797.1,809.95,790.0,795.2,795.45,796.95,52148044,41559315742.55,550200,27375949,52.5,-0.005563195399424847
HDFCBANK,EQ,2026-04-21,795.45,795.2,814.9,795.2,812.0,811.75,808.97,49135752,39749281377.25,386140,23901902,48.64,0.02049154566597511
HDFCBANK,EQ,2026-04-22,811.75,810.0,813.05,798.0,799.4,799.9,804.11,23876412,19199237337.7,278743,15059392,63.07,-0.014598090545118625
HDFCBANK,EQ,2026-04-23,799.9,792.0,796.65,782.5,783.9,784.35,788.13,37677616,29694861381.85,490484,21701707,57.6,-0.019439929991248883
HDFCBANK,EQ,2026-04-24,784.35,777.3,787.6,777.0,785.15,784.85,782.99,27720358,21704772419.3,363338,16602584,59.89,0.0006374705169884809
HDFCBANK,EQ,2026-04-27,784.85,787.5,793.0,785.0,790.0,789.8,789.16,18115375,14295937140.45,278374,10324992,57.0,0.006306937631394449
HDFCBANK,EQ,2026-04-28,789.8,785.0,794.5,778.3,782.35,782.55,786.39,35366803,27812242540.6,333592,18808136,53.18,-0.00917953912382885
HDFCBANK,EQ,2026-04-29,782.55,785.5,790.0,777.35,778.3,779.0,783.9,25799963,20224713818.45,468032,15285775,59.25,-0.004536451344961945
HDFCBANK,EQ,2026-04-30,779.0,770.0,778.8,762.25,774.75,771.7,770.36,47998755,36976352716.85,568313,22915732,47.74,-0.00937098844672657
HDFCBANK,EQ,2026-05-04,771.7,772.6,786.6,772.6,779.5,779.4,779.72,29028060,22633711388.45,382758,17025706,58.65,0.009977970714007967
HDFCBANK,EQ,2026-05-05,779.4,774.4,776.9,763.7,773.2,772.3,771.31,38887657,29994377836.65,491093,17920543,46.08,-0.009109571465229727
HDFCBANK,EQ,2026-05-06,772.3,775.15,798.95,773.5,796.0,796.55,785.36,35530831,27904417066.5,402081,17953925,50.53,0.031399715136605
HDFCBANK,EQ,2026-05-07,796.55,794.0,801.55,788.55,795.55,796.05,795.15,46137553,36686370164.65,369255,19762031,42.83,-0.0006277069863787066
HDFCBANK,EQ,2026-05-08,796.05,784.0,788.75,777.2,781.0,780.85,781.63,38016841,29715255302.0,386448,25403985,66.82,-0.019094277997613096
HDFCBANK,EQ,2026-05-11,780.85,771.95,774.85,761.9,766.25,763.65,769.2,41123422,31632311080.15,446831,26175868,63.65,-0.02202727796631876
HDFCBANK,EQ,2026-05-12,763.65,756.6,759.7,747.8,755.0,750.45,753.71,43937132,33115812661.0,782428,19036053,43.33,-0.01728540561775671
HDFCBANK,EQ,2026-05-13,750.45,752.0,759.95,747.35,749.15,749.6,752.96,28960919,21806358980.45,395816,15486806,53.47,-0.0011326537410887294
HDFCBANK,EQ,2026-05-14,749.6,751.0,778.3,747.0,770.1,769.55,767.26,50992358,39124647345.1,521121,26923055,52.8,0.026614194236926236
HDFCBANK,EQ,2026-05-15,769.55,773.0,781.9,765.4,770.0,767.5,774.13,24347873,18848426198.2,268604,15434589,63.39,-0.00266389448378912
HDFCBANK,EQ,2026-05-18,767.5,759.0,774.1,751.35,768.8,768.65,765.63,29812079,22825015390.55,396597,17324667,58.11,0.001498371335504789
HDFCBANK,EQ,2026-05-19,768.65,766.7,770.8,760.25,762.8,762.45,765.85,40307830,30869653333.95,414780,20036484,49.71,-0.00806608989787283
HDFCBANK,EQ,2026-05-20,762.45,759.6,762.25,755.15,760.1,759.5,759.21,24013451,18231201059.0,334493,15200147,63.3,-0.00386910617089653
HDFCBANK,EQ,2026-05-21,759.5,767.0,768.25,755.15,758.8,759.15,760.54,34664725,26363966148.4,300382,16778236,48.4,-0.0004608294930875667
HDFCBANK,EQ,2026-05-22,759.15,759.15,775.0,759.15,769.0,766.8,768.46,25604071,19675629937.4,254373,15356926,59.98,0.010077059869590954
HDFCBANK,EQ,2026-05-25,766.8,776.0,787.85,775.2,787.45,786.85,783.84,26043952,20414323481.9,340237,17199873,66.04,0.02614762649973934
HDFCBANK,EQ,2026-05-26,786.85,784.05,790.85,776.75,780.25,778.9,783.86,31528062,24713457734.45,268365,12977242,41.16,-0.010103577556078047
HDFCBANK,EQ,2026-05-27,778.9,769.5,773.9,756.9,759.15,758.65,762.18,63680153,48535704652.8,603423,36818001,57.82,-0.02599820259340091
HDFCBANK,EQ,2026-05-29,758.65,746.05,760.5,737.75,747.25,744.55,747.79,101299431,75750325248.25,582913,69804226,68.91,-0.018585645554603625
HDFCBANK,EQ,2026-06-01,744.55,749.0,752.35,739.2,742.5,742.7,743.7,47996441,35695084062.85,364744,19302413,40.22,-0.0024847223154924603
HDFCBANK,EQ,2026-06-02,742.7,737.0,753.6,733.15,749.15,748.25,745.07,47314447,35252489656.4,423085,19891849,42.04,0.007472734616938093
HDFCBANK,EQ,2026-06-03,748.25,744.45,756.9,742.6,753.0,753.65,748.83,36109480,27039736378.55,555057,19128489,52.97,0.007216839291680488
HDFCBANK,EQ,2026-06-04,753.65,749.15,757.3,745.0,753.25,754.2,751.95,42673538,32088355961.35,385239,19985833,46.83,0.0007297817289193542
HDFCBANK,EQ,2026-06-05,754.2,753.95,758.7,744.65,748.2,747.05,750.42,22116568,16596636748.9,214858,12516185,56.59,-0.009480243967117552
HDFCBANK,EQ,2026-06-08,747.05,738.0,741.5,734.5,738.0,738.65,738.38,21550700,15912698807.25,307762,9097681,42.22,-0.01124422729402308
HDFCBANK,EQ,2026-06-09,738.65,739.45,743.95,732.3,739.7,738.35,738.36,38539563,28456251128.8,346855,15214315,39.48,-0.00040614634806734884
HDFCBANK,EQ,2026-06-10,738.35,736.5,755.95,736.4,747.8,746.85,744.98,44458159,33120648229.85,323114,23670967,53.24,0.01151215548181761
HDFCBANK,EQ,2026-06-11,746.85,743.0,756.0,740.1,745.3,744.6,746.84,32632007,24370845118.65,262963,16955815,51.96,-0.003012653143201427
HDFCBANK,EQ,2026-06-12,744.6,754.7,774.45,753.1,771.95,772.45,764.47,36088159,27588217228.1,424418,22190749,61.49,0.03740263228579099
HDFCBANK,EQ,2026-06-15,772.45,790.0,793.5,775.6,777.45,777.35,783.75,39990334,31342600344.4,410968,25553938,63.9,0.006343452650656944
HDFCBANK,EQ,2026-06-16,777.35,780.5,787.7,779.45,784.75,784.9,784.34,27820970,21821164302.2,334802,12995866,46.71,0.009712484723740866
HDFCBANK,EQ,2026-06-17,784.9,787.65,794.3,783.1,787.0,787.1,788.39,32405604,25548397540.45,466023,21508982,66.37,0.002802904828640651
HDFCBANK,EQ,2026-06-18,787.1,786.5,802.95,786.2,800.8,799.0,797.21,41492071,33077950871.0,386510,20063205,48.35,0.015118790496760237
HDFCBANK,EQ,2026-06-19,799.0,788.7,789.05,776.2,781.0,779.8,780.8,33798761,26389948086.3,342920,21270632,62.93,-0.02403003754693367
HDFCBANK,EQ,2026-06-22,779.8,789.9,789.9,783.1,785.6,786.4,786.71,25194765,19820893965.3,257091,17480801,69.38,0.008463708643241974
HDFCBANK,EQ,2026-06-23,786.4,783.05,790.9,772.55,772.6,774.65,781.94,28289062,22120296631.6,273325,15568384,55.03,-0.014941505595116977
HDFCBANK,EQ,2026-06-24,774.65,773.0,794.9,772.65,792.8,793.2,788.6,34701292,27365290725.1,320163,21486006,61.92,0.023946298328277438
HDFCBANK,EQ,2026-06-25,793.2,798.5,804.45,794.75,796.0,796.3,799.35,46707966,37336168879.3,467329,30031159,64.3,0.003908219868885343
HDFCBANK,EQ,2026-06-29,796.3,800.0,805.9,793.3,797.05,798.9,799.29,46695977,37323637057.7,421982,30919361,66.21,0.003265101092553069
HDFCBANK,EQ,2026-06-30,798.9,806.1,806.1,792.75,800.45,797.95,798.65,45778356,36561096124.85,507833,27708562,60.53,-0.0011891350607083906
HDFCBANK,EQ,2026-07-01,797.95,793.5,802.25,793.5,796.0,796.15,797.89,26094378,20820485429.5,265057,17813540,68.27,-0.0022557804373708468
HDFCBANK,EQ,2026-07-02,796.15,795.0,805.45,794.0,794.95,795.9,798.17,34143823,27252482310.7,367026,20198744,59.16,-0.00031401117879792384
HDFCBANK,EQ,2026-07-03,795.9,803.0,807.0,798.55,801.5,801.05,802.89,25871958,20772233463.35,225856,18315362,70.79,0.006470662143485351
HDFCBANK,EQ,2026-07-06,801.05,805.0,831.5,805.0,828.0,829.85,824.42,63203327,52105954194.0,731245,43310150,68.53,0.03595281193433619
HDFCBANK,EQ,2026-07-07,829.85,843.0,843.0,826.1,827.5,829.3,834.07,57611729,48052350466.8,500541,38196928,66.3,-0.0006627703801892482
HDFCBANK,EQ,2026-07-08,829.3,825.9,834.35,806.95,809.3,810.3,821.95,38754632,31854245392.45,392366,22453892,57.94,-0.022910888701314414
HDFCBANK,EQ,2026-07-09,810.3,813.0,822.85,812.3,817.0,817.55,818.64,39891798,32656870500.6,336701,21911701,54.93,0.00894730346785133
HDFCBANK,EQ,2026-07-10,817.55,824.0,827.7,820.3,824.5,824.95,824.61,23595785,19457353746.75,296453,16977137,71.95,0.009051434163048322
HDFCBANK,EQ,2026-07-13,824.95,817.0,821.95,811.0,817.5,817.95,817.72,21741736,17778697986.0,242082,11894060,54.71,-0.008485362749257486
HDFCBANK,EQ,2026-07-14,817.95,811.4,818.4,807.0,809.0,809.4,811.9,25605395,20789113493.0,292714,12189945,47.61,-0.010452961672474004
HDFCBANK,EQ,2026-07-15,809.4,811.0,819.7,809.7,815.0,815.45,815.46,21488739,17523229835.8,250860,13642307,63.49,0.007474672596985421
HDFCBANK,EQ,2026-07-16,815.45,814.5,818.0,806.5,808.35,808.3,810.8,18698186,15160491649.4,181496,10473082,56.01,-0.00876816481697229
HDFCBANK,EQ,2026-07-17,808.3,810.0,823.7,808.5,820.8,819.6,817.91,17415322,14244131598.8,252225,10883338,62.49,0.013979957936409937
HDFCBANK,EQ,2026-07-20,819.6,790.0,790.0,774.55,777.95,777.6,780.64,56061789,43763898766.6,979171,34725639,61.94,-0.051244509516837455
HDFCBANK,EQ,2026-07-21,777.6,769.15,772.5,760.1,761.5,761.45,765.46,42246009,32337826325.5,644512,26485261,62.69,-0.02076903292181065
HDFCBANK,EQ,2026-07-22,761.45,760.25,761.35,750.35,753.9,753.15,753.56,23385446,17622236888.0,396951,15379763,65.77,-0.010900256090354055
HDFCBANK,EQ,2026-07-23,753.15,749.4,751.0,743.25,745.85,747.25,746.39,32532090,24281738985.55,415811,21273440,65.39,-0.007833764854278669
HDFCBANK,EQ,2026-07-24,747.25,738.5,748.25,737.25,743.5,742.8,742.56,23837859,17701080022.35,385478,15523990,65.12,-0.005955168952827106
HDFCBANK,EQ,2026-07-27,742.8,746.1,747.95,738.1,740.25,739.55,740.88,29678752,21988422477.7,333807,20696690,69.74,-0.004375336564351073
HDFCBANK,EQ,2026-07-28,739.55,732.0,740.25,732.0,736.75,735.4,736.47,33886037,24956102852.9,438835,22542741,66.53,-0.005611520519234636
HDFCBANK,EQ,2026-07-29,735.4,743.0,751.25,740.8,748.3,748.2,747.8,20460659,15300401444.85,256480,13846743,67.67,0.01740549360892052
HDFCBANK,EQ,2026-07-30,748.2,752.8,757.9,745.5,753.4,753.95,750.92,35844392,26916353128.7,356030,20668475,57.66,0.007685110932905692
HDFCBANK,EQ,2026-07-31,753.95,753.95,757.55,747.2,748.0,748.15,749.63,25522483,19132330689.35,296777,19081002,74.76,-0.007692817826115861
HDFCBANK,EQ,2026-08-03,748.15,753.05,756.85,750.05,753.0,753.0,752.96,14827841,11164788358.5,392396,9318631,62.85,0.006482657221145605
HDFCBANK,EQ,2026-08-04,753.0,753.2,753.2,738.0,742.0,742.0,742.63,31559802,23437341270.35,423043,19491117,61.76,-0.014608233731739695
HDFCBANK,EQ,2026-08-05,742.0,733.8,741.95,732.6,735.0,735.0,736.21,60050538,44210001665.45,453005,42940980,71.51,-0.009433962264150941
HDFCBANK,EQ,2026-08-06,735.0,739.0,740.5,733.55,734.3,734.3,735.7,44772122,32938832886.35,392473,29490980,65.87,-0.0009523809523810378
HDFCBANK,EQ,2026-08-07,734.3,733.0,736.0,728.2,731.0,731.0,732.24,19382042,14192225193.55,314352,13185891,68.03,-0.004494075990739366
HDFCBANK,EQ,2026-08-10,731.0,731.5,737.55,728.5,731.0,731.0,732.79,23660590,17338317737.15,375251,15810637,66.82,0.0
HDFCBANK,EQ,2026-08-11,731.0,730.5,730.85,726.55,729.0,729.0,728.77,29154365,21246816101.75,386461,16648262,57.1,-0.002735978112175075
HDFCBANK,EQ,2026-08-12,729.0,729.0,730.65,722.0,729.0,729.0,725.18,26993177,19574777188.0,525619,17623358,65.29,0.0
HDFCBANK,EQ,2026-08-13,729.0,726.9,729.0,724.5,725.0,725.0,726.89,22129893,16086058551.35,290871,13265986,59.95,-0.005486968449931462
HDFCBANK,EQ,2026-08-14,725.0,725.0,729.6,723.5,727.0,727.0,726.97,20364131,14804079006.05,242796,14796227,72.66,0.0027586206896552667
HDFCBANK,EQ,2026-08-17,727.0,727.05,732.1,724.5,729.0,729.0,727.62,14823722,10785963097.5,215237,9931639,67.0,0.0027510316368637433
HDFCBANK,EQ,2026-08-18,729.0,726.3,729.0,723.0,723.0,723.0,724.7,17916507,12984034098.1,256567,10569314,58.99,-0.008230452674897082
HDFCBANK,EQ,2026-08-19,723.0,724.0,725.4,715.1,720.0,720.0,718.98,21342651,15345027068.05,291728,13254077,62.1,-0.004149377593360981
HDFCBANK,EQ,2026-08-20,720.0,725.5,728.3,724.3,725.05,725.05,726.11,17603805,12782234279.05,210154,12270042,69.7,0.007013888888888875
HDFCBANK,EQ,2026-08-21,725.05,728.3,732.8,726.6,726.95,726.95,730.4,26029811,19012184361.2,205927,17199226,66.08,0.0026205089304187634
HDFCBANK,EQ,2026-08-24,726.95,732.5,734.4,724.1,729.0,729.0,727.99,11408345,8305209859.5,191412,6724175,58.94,0.002820001375610337
HDFCBANK,EQ,2026-08-25,729.0,726.6,728.7,722.0,727.5,727.5,725.08,17511874,12697554251.3,193712,7685248,43.89,-0.002057613168724326
HDFCBANK,EQ,2026-08-26,727.5,728.0,731.0,724.15,727.2,727.2,727.5,21156463,15391307909.1,214223,14135347,66.81,-0.0004123711340205949
HDFCBANK,EQ,2026-08-27,727.2,728.15,728.15,710.0,711.0,711.0,715.81,46515020,33295843038.85,640207,26654212,57.3,-0.022277227722772297
HDFCBANK,EQ,2026-08-28,711.0,710.85,720.3,707.0,720.3,720.3,715.16,16494301,11796010616.7,221663,8735071,52.96,0.013080168776371304
HDFCBANK,EQ,2026-08-31,720.3,723.05,739.75,704.15,709.0,709.0,720.91,78157067,56344122962.2,763649,41701133,53.36,-0.015687907816187674
HDFCBANK,EQ,2026-09-01,709.0,705.05,715.45,698.5,711.9,711.9,707.88,44417092,31442010162.85,509180,18568849,41.81,0.004090267983074769
HDFCBANK,EQ,2026-09-02,711.9,702.3,705.65,700.0,700.8,700.8,702.22,36950338,25947121981.35,475283,22751679,61.57,-0.015592077538980176
HDFCBANK,EQ,2026-09-03,700.8,705.0,712.6,705.0,706.65,706.65,708.33,27770641,19670639968.7,293146,16590339,59.74,0.008347602739726012
HDFCBANK,EQ,2026-09-04,706.65,708.35,716.5,708.35,712.1,712.1,713.56,14488024,10338145691.25,202544,8371615,57.78,0.007712446048255828
HDFCBANK,EQ,2026-09-07,712.1,712.1,713.0,707.05,710.5,710.5,710.44,12180390,8653415620.75,190729,7666610,62.94,-0.0022468754388429435
HDFCBANK,EQ,2026-09-08,710.5,707.1,708.9,703.0,703.0,703.0,704.77,19883515,14013351184.5,248573,13264353,66.71,-0.010555946516537684
HDFCBANK,EQ,2026-09-09,703.0,698.0,700.0,687.1,687.1,687.1,693.47,39173990,27166163430.35,525234,26163697,66.79,-0.02261735419630151
HDFCBANK,EQ,2026-09-10,687.1,687.1,694.5,686.2,693.8,693.8,690.29,27108053,18712539671.55,435920,17074185,62.99,0.00975112792897681
HDFCBANK,EQ,2026-09-11,693.8,683.9,709.0,681.9,708.25,708.25,693.3,31411934,21777965303.5,414216,13408691,47.31,0.020827327760161607
