symbol,series,trade_date,prev_close,open_price,high_price,low_price,last_price,close_price,average_price,total_traded_quantity,turnover_inr,no_of_trades,deliverable_qty,deliverable_pct,daily_return
ICICIBANK,EQ,2021-09-13,720.25,717.9,717.9,705.2,707.5,707.4,708.93,6967906,4939747736.5,156480,3567117,51.19,
ICICIBANK,EQ,2021-09-14,707.4,713.25,714.0,706.5,707.95,707.45,709.65,5241865,3719874440.35,109788,2897308,55.27,7.068136839127881e-05
ICICIBANK,EQ,2021-09-15,707.45,707.1,716.0,706.3,713.0,714.35,710.85,5936741,4220157103.35,128714,3192052,53.77,0.009753339458618893
ICICIBANK,EQ,2021-09-16,714.35,720.0,729.4,712.85,726.9,727.2,722.79,13557169,9798997589.45,189602,6664432,49.16,0.017988381045705992
ICICIBANK,EQ,2021-09-17,727.2,732.9,734.4,714.0,722.35,720.15,724.14,17075003,12364737709.1,165525,10644923,62.34,-0.009694719471947333
ICICIBANK,EQ,2021-09-20,720.15,710.0,720.4,706.5,706.65,710.0,713.7,7943459,5669226550.9,160953,4501482,56.67,-0.014094285912657045
ICICIBANK,EQ,2021-09-21,710.0,711.15,714.5,694.4,713.95,711.85,704.45,10009615,7051240148.85,216828,5258825,52.54,0.0026056338028168646
ICICIBANK,EQ,2021-09-22,711.85,715.0,715.0,702.25,703.5,703.35,706.98,9740470,6886320738.05,209079,5715053,58.67,-0.011940717847861215
ICICIBANK,EQ,2021-09-23,703.35,711.0,720.0,707.15,717.0,717.0,715.87,10412491,7454013880.0,190580,5200674,49.95,0.019407123053956088
ICICIBANK,EQ,2021-09-24,717.0,722.6,724.6,716.55,722.0,722.95,721.01,11780868,8494169635.7,173981,7743735,65.73,0.008298465829846613
ICICIBANK,EQ,2021-09-27,722.95,724.5,731.75,722.3,730.0,730.0,727.97,7712240,5614304501.2,156197,4214717,54.65,0.009751711736634583
ICICIBANK,EQ,2021-09-28,730.0,734.1,735.4,706.6,715.9,717.15,718.17,13491839,9689377167.8,173925,8806092,65.27,-0.01760273972602744
ICICIBANK,EQ,2021-09-29,717.15,707.35,711.95,701.3,709.4,709.5,706.04,11453404,8086540022.05,219084,6662029,58.17,-0.010667224430035538
ICICIBANK,EQ,2021-09-30,709.5,709.6,713.9,698.8,701.9,700.85,704.11,18487517,13017169266.3,179908,7609329,41.16,-0.012191684284707516
ICICIBANK,EQ,2021-10-01,700.85,693.0,694.85,687.9,692.4,692.35,691.72,10935810,7564521450.8,225142,6651302,60.82,-0.012128130127702086
ICICIBANK,EQ,2021-10-04,692.35,697.05,703.35,694.05,700.2,700.2,699.33,8976533,6277518234.05,178167,5015925,55.88,0.011338195999133438
ICICIBANK,EQ,2021-10-05,700.2,693.0,699.0,691.85,697.95,697.1,695.51,7497208,5214417734.85,189189,4564359,60.88,-0.004427306483861804
ICICIBANK,EQ,2021-10-06,697.1,696.6,705.0,688.35,689.35,689.5,696.67,13200810,9196559604.55,170064,8588736,65.06,-0.010902309568211144
ICICIBANK,EQ,2021-10-07,689.5,697.55,704.95,693.45,701.05,702.2,699.44,10041549,7023436461.25,228947,5948632,59.24,0.01841914430746927
ICICIBANK,EQ,2021-10-08,702.2,706.0,710.0,698.3,704.05,703.4,703.57,9383924,6602255829.4,169255,5239311,55.83,0.0017089148390769804
ICICIBANK,EQ,2021-10-11,703.4,702.0,719.4,700.3,712.0,713.3,712.15,9337637,6649837044.35,199278,5309336,56.86,0.014074495308501467
ICICIBANK,EQ,2021-10-12,713.3,706.5,713.0,704.4,709.6,708.6,708.0,7376091,5222304007.45,137527,3717844,50.4,-0.006589092948268482
ICICIBANK,EQ,2021-10-13,708.6,713.85,715.9,707.95,708.9,709.95,712.42,6357766,4529394998.5,128473,3747784,58.95,0.0019051651143100479
ICICIBANK,EQ,2021-10-14,709.95,710.25,729.8,709.05,726.4,727.3,720.5,8950350,6448768887.0,176051,4203698,46.97,0.024438340728220265
ICICIBANK,EQ,2021-10-18,727.3,739.0,748.9,732.05,743.5,745.45,742.83,15345601,11399241962.0,257813,8490176,55.33,0.024955314175718613
ICICIBANK,EQ,2021-10-19,745.45,755.0,755.0,738.75,746.65,747.45,748.61,11349799,8496521802.3,155597,6646953,58.56,0.0026829431886779
ICICIBANK,EQ,2021-10-20,747.45,746.75,757.45,741.9,746.75,745.85,750.52,12762996,9578822545.0,180985,7059185,55.31,-0.0021406114121346187
ICICIBANK,EQ,2021-10-21,745.85,748.9,759.85,737.4,758.2,755.5,748.78,12166996,9110365742.55,185401,6282195,51.63,0.012938258362941601
ICICIBANK,EQ,2021-10-22,755.5,758.5,765.85,753.35,758.0,759.3,760.42,13248928,10074695190.4,181107,6007101,45.34,0.00502978160158829
ICICIBANK,EQ,2021-10-25,759.3,800.0,867.0,798.4,846.75,841.7,831.93,96124084,79968862078.85,891780,37060732,38.56,0.10852100618991178
ICICIBANK,EQ,2021-10-26,841.7,828.7,841.7,822.35,831.8,829.4,830.18,16925115,14050864477.2,383583,9004644,53.2,-0.014613282642271685
ICICIBANK,EQ,2021-10-27,829.4,828.75,849.0,824.2,832.9,835.0,839.93,22898400,19233076534.25,323390,12382215,54.07,0.006751868820834339
ICICIBANK,EQ,2021-10-28,835.0,830.1,831.95,796.25,801.8,798.7,811.09,18750423,15208262727.95,273726,10538030,56.2,-0.04347305389221556
ICICIBANK,EQ,2021-10-29,798.7,798.0,808.75,783.9,806.5,802.05,799.49,15701200,12552925365.0,270217,7200394,45.86,0.00419431576311502
ICICIBANK,EQ,2021-11-01,802.05,807.7,809.7,793.0,805.95,803.9,801.26,11406421,9139503038.6,256061,6351045,55.68,0.00230658936475292
ICICIBANK,EQ,2021-11-02,803.9,809.0,810.0,798.0,799.7,800.95,803.5,9452457,7595038624.4,183122,5566645,58.89,-0.00366961064809046
ICICIBANK,EQ,2021-11-03,800.95,806.0,806.0,780.45,784.5,785.95,792.45,11839149,9381939743.0,207366,6088839,51.43,-0.018727760784068903
ICICIBANK,EQ,2021-11-04,785.95,788.5,789.0,779.0,780.0,782.1,784.28,3149310,2469950508.05,103495,1714644,54.45,-0.004898530440867743
ICICIBANK,EQ,2021-11-08,782.1,793.0,793.0,773.15,781.95,780.15,780.38,13967995,10900279641.4,271573,8529301,61.06,-0.002493287303413916
ICICIBANK,EQ,2021-11-09,780.15,784.0,788.6,779.2,787.9,786.55,784.82,10084357,7914376897.25,182757,6631077,65.76,0.008203550599243714
ICICIBANK,EQ,2021-11-10,786.55,782.55,784.3,773.1,780.9,780.9,777.66,9507347,7393475364.05,173605,5428909,57.1,-0.007183268705104551
ICICIBANK,EQ,2021-11-11,780.9,776.7,777.0,766.1,771.25,771.45,771.69,9221059,7115804054.35,189648,5077147,55.06,-0.012101421436803594
ICICIBANK,EQ,2021-11-12,771.45,772.7,779.9,771.2,777.6,776.6,775.65,15380106,11929554753.2,149605,12092189,78.62,0.0066757404886901295
ICICIBANK,EQ,2021-11-15,776.6,777.0,784.55,771.55,772.95,773.3,777.22,10934583,8498572067.25,165917,6911628,63.21,-0.00424929178470268
ICICIBANK,EQ,2021-11-16,773.3,773.3,775.75,762.0,762.35,764.05,767.52,12785837,9813353301.5,221709,9279733,72.58,-0.011961722488038284
ICICIBANK,EQ,2021-11-17,764.05,760.9,771.95,756.3,759.95,761.3,764.78,11657214,8915156891.2,175725,7726267,66.28,-0.003599240887376509
ICICIBANK,EQ,2021-11-18,761.3,764.9,767.5,756.4,761.2,762.9,762.26,20644385,15736422334.9,261386,14256159,69.06,0.0021016681991330444
ICICIBANK,EQ,2021-11-22,762.9,768.3,770.45,740.25,756.35,752.0,755.06,20403786,15405990461.0,304519,13631128,66.81,-0.014287586839690669
ICICIBANK,EQ,2021-11-23,752.0,740.95,757.95,731.2,753.0,751.85,746.7,24913042,18602573811.95,333977,16590502,66.59,-0.00019946808510640235
ICICIBANK,EQ,2021-11-24,751.85,750.25,772.25,746.7,758.0,760.2,762.29,23186419,17674666964.25,336623,15743117,67.9,0.011105938684577987
ICICIBANK,EQ,2021-11-25,760.2,754.9,754.95,745.3,752.6,751.05,750.35,17749726,13318539671.75,252561,10601182,59.73,-0.012036306235201355
ICICIBANK,EQ,2021-11-26,751.05,739.0,742.05,718.6,720.45,722.2,729.89,18987552,13858808906.3,328322,12429525,65.46,-0.038412888622594954
ICICIBANK,EQ,2021-11-29,722.2,726.75,727.75,710.5,718.25,718.4,720.84,15878074,11445480673.9,280903,8800221,55.42,-0.005261700360011168
ICICIBANK,EQ,2021-11-30,718.4,716.75,732.3,711.1,712.0,714.35,719.11,23965914,17234095070.85,283945,13912442,58.05,-0.005637527839643552
ICICIBANK,EQ,2021-12-01,714.35,716.4,732.75,715.0,727.05,727.7,725.68,15214913,11041156334.05,267019,7894858,51.89,0.018688318051375497
ICICIBANK,EQ,2021-12-02,727.7,724.6,727.1,715.2,723.5,722.4,721.16,21924640,15811142521.0,396183,14440469,65.86,-0.00728322110759938
ICICIBANK,EQ,2021-12-03,722.4,720.5,729.5,715.1,717.15,716.3,722.33,20130259,14540695393.25,363633,12487845,62.04,-0.0084440753045405
ICICIBANK,EQ,2021-12-06,716.3,719.0,726.8,707.5,708.95,709.55,717.87,20129080,14450100739.9,350214,10498972,52.16,-0.009423425938852481
ICICIBANK,EQ,2021-12-07,709.55,717.0,740.95,712.0,734.15,734.65,730.19,30513303,22280542268.7,379455,15351235,50.31,0.035374533154816534
ICICIBANK,EQ,2021-12-08,734.65,747.9,758.8,744.1,753.55,753.4,751.77,33432411,25133481383.8,362183,21182842,63.36,0.02552235758524457
ICICIBANK,EQ,2021-12-09,753.4,759.05,763.0,748.4,754.3,755.0,755.98,16007459,12101308616.85,220895,9391329,58.67,0.00212370586673738
ICICIBANK,EQ,2021-12-10,755.0,756.5,759.8,751.05,757.35,758.0,755.25,7627774,5760908575.5,117956,4067793,53.33,0.003973509933774766
ICICIBANK,EQ,2021-12-13,758.0,763.0,769.7,752.5,754.85,754.0,761.71,16855546,12838969674.65,229658,11412488,67.71,-0.00527704485488123
ICICIBANK,EQ,2021-12-14,754.0,751.05,764.35,746.3,757.8,758.65,756.34,17488089,13227025251.8,236748,10928783,62.49,0.00616710875331572
ICICIBANK,EQ,2021-12-15,758.65,757.6,759.5,750.9,751.55,752.25,755.2,7358740,5557341088.65,145351,4341683,59.0,-0.008436037698543397
ICICIBANK,EQ,2021-12-16,752.25,757.9,757.9,738.95,741.95,741.15,746.16,14123215,10538128058.5,209571,8485515,60.08,-0.014755732801595256
ICICIBANK,EQ,2021-12-17,741.15,742.0,742.0,726.05,729.2,728.3,731.28,13227787,9673196333.25,202468,7582126,57.32,-0.017337920798758732
ICICIBANK,EQ,2021-12-20,728.3,718.1,720.2,698.2,710.0,709.95,708.41,16900016,11972204502.9,377207,9735934,57.61,-0.025195661128655678
ICICIBANK,EQ,2021-12-21,709.95,720.0,728.95,716.15,721.0,720.35,723.36,14563335,10534552281.4,190336,7951950,54.6,0.014648918937953281
ICICIBANK,EQ,2021-12-22,720.35,726.25,734.95,720.05,733.7,732.8,727.56,9843359,7161672551.7,152755,5696246,57.87,0.017283265079475196
ICICIBANK,EQ,2021-12-23,732.8,739.05,739.5,727.95,728.8,731.3,734.17,9994049,7337357874.4,173446,5810585,58.14,-0.0020469432314410563
ICICIBANK,EQ,2021-12-24,731.3,733.9,733.9,719.6,728.0,727.1,725.74,8800690,6387037609.75,201257,4489317,51.01,-0.00574319704635573
ICICIBANK,EQ,2021-12-27,727.1,724.0,738.75,716.1,736.5,736.0,730.51,7955163,5811333268.75,157237,3331561,41.88,0.012240407096685502
ICICIBANK,EQ,2021-12-28,736.0,740.4,742.45,732.5,736.5,735.8,737.61,17833655,13154200658.05,149087,13277660,74.45,-0.0002717391304348782
ICICIBANK,EQ,2021-12-29,735.8,738.0,744.95,731.9,732.85,735.7,739.52,7143073,5282469404.85,119283,3652101,51.13,-0.00013590649633044016
ICICIBANK,EQ,2021-12-30,735.7,733.3,740.5,729.0,736.0,735.7,736.01,14326182,10544252583.85,173530,9311437,65.0,0.0
ICICIBANK,EQ,2021-12-31,735.7,736.55,746.25,736.55,740.8,740.15,741.65,6973055,5171551586.05,170712,3750876,53.79,0.006048661139051115
ICICIBANK,EQ,2022-01-03,740.15,743.05,766.0,743.0,765.5,764.7,756.87,9653095,7306129276.45,245297,4347071,45.03,0.033168952239410965
ICICIBANK,EQ,2022-01-04,764.7,767.95,778.0,763.6,773.45,772.85,772.69,12114437,9360694598.65,249942,5133092,42.37,0.010657774290571354
ICICIBANK,EQ,2022-01-05,772.85,773.0,795.85,771.2,787.0,788.05,786.85,19741360,15533584419.45,328782,11296296,57.22,0.019667464579155025
ICICIBANK,EQ,2022-01-06,788.05,775.05,792.5,774.0,786.8,785.05,781.94,13018067,10179410575.9,216014,6596234,50.67,-0.003806865046634078
ICICIBANK,EQ,2022-01-07,785.05,792.2,802.3,786.25,794.5,793.25,795.26,12250210,9742137042.85,191092,5784799,47.22,0.010445194573594163
ICICIBANK,EQ,2022-01-10,793.25,800.25,812.8,799.0,809.55,810.75,805.84,10905080,8787751845.5,207026,6277915,57.57,0.022061140876142415
ICICIBANK,EQ,2022-01-11,810.75,809.75,814.7,801.9,810.0,810.65,808.9,9982061,8074488825.2,196523,5594718,56.05,-0.00012334258402713072
ICICIBANK,EQ,2022-01-12,810.65,818.6,825.45,812.05,823.3,823.75,821.46,13034848,10707618220.85,197467,7876265,60.42,0.016159871707888795
ICICIBANK,EQ,2022-01-13,823.75,821.0,828.0,817.4,824.0,824.7,824.04,9372244,7723100104.05,210731,5759769,61.46,0.001153262518968079
ICICIBANK,EQ,2022-01-14,824.7,821.0,822.0,811.6,818.35,820.0,816.95,7552844,6170324363.2,137003,2851946,37.76,-0.005699042075906435
ICICIBANK,EQ,2022-01-17,820.0,820.0,828.9,814.55,820.3,819.3,820.82,6722700,5518147261.3,156099,3544304,52.72,-0.0008536585365853666
ICICIBANK,EQ,2022-01-18,819.3,821.0,836.0,818.2,823.0,823.1,827.77,10835146,8968989845.8,208473,4931444,45.51,0.004638105699987793
ICICIBANK,EQ,2022-01-19,823.1,816.0,821.0,803.25,809.8,808.6,811.33,16416144,13318915834.85,224243,11410648,69.51,-0.017616328514153845
ICICIBANK,EQ,2022-01-20,808.6,803.0,812.95,795.4,811.6,810.25,806.12,13567654,10937112632.0,177566,8368009,61.68,0.002040563937669937
ICICIBANK,EQ,2022-01-21,810.25,803.0,811.35,795.5,810.65,804.5,802.84,12078277,9696933532.8,218577,5972827,49.45,-0.007096575131132377
ICICIBANK,EQ,2022-01-24,804.5,813.0,816.7,783.3,792.0,798.45,803.26,29612316,23786340972.4,424239,10516091,35.51,-0.007520198881292628
ICICIBANK,EQ,2022-01-25,798.45,789.0,804.3,786.05,800.5,801.65,798.31,19513184,15577635109.65,330519,7998285,40.99,0.00400776504477407
ICICIBANK,EQ,2022-01-27,801.65,786.9,801.5,781.05,797.5,794.65,790.93,23984679,18970171408.7,345466,12840082,53.53,-0.00873199027006799
ICICIBANK,EQ,2022-01-28,794.65,803.75,805.85,778.5,782.0,781.15,792.77,14072314,11156041081.65,250672,7787681,55.34,-0.016988611338325077
ICICIBANK,EQ,2022-01-31,781.15,788.95,798.7,784.0,789.0,788.8,791.23,14824509,11729532549.2,307444,8997468,60.69,0.009793253536452662
ICICIBANK,EQ,2022-02-01,788.8,802.05,812.85,789.3,811.3,810.3,807.03,20031583,16166004973.85,298272,9318655,46.52,0.02725659229208932
ICICIBANK,EQ,2022-02-02,810.3,815.0,818.7,808.85,815.7,813.75,813.88,11214375,9127153471.45,262592,5509324,49.13,0.004257682339874114
ICICIBANK,EQ,2022-02-03,813.75,814.05,818.4,806.0,807.0,808.95,811.39,9755335,7915363352.7,225774,4787466,49.08,-0.005898617511520654
ICICIBANK,EQ,2022-02-04,808.95,809.8,812.0,795.8,803.5,805.05,803.51,10314067,8287450807.0,233121,5646806,54.75,-0.004821064342666492
ICICIBANK,EQ,2022-02-07,805.05,798.05,805.0,781.45,785.2,786.4,790.77,14659368,11592237165.85,332005,8884191,60.6,-0.023166262965033213
ICICIBANK,EQ,2022-02-08,786.4,790.0,795.7,774.3,790.0,792.5,784.25,14642455,11483335931.3,296476,7532297,51.44,0.0077568667344862785
ICICIBANK,EQ,2022-02-09,792.5,797.25,804.25,794.2,803.0,802.8,799.57,8855292,7080458432.5,194125,5006434,56.54,0.012996845425867543
ICICIBANK,EQ,2022-02-10,802.8,805.95,808.8,796.3,804.45,805.5,804.24,13159771,10583671275.75,248496,7276067,55.29,0.0033632286995515237
ICICIBANK,EQ,2022-02-11,805.5,796.85,797.4,787.9,789.5,790.8,792.81,13138408,10416294335.75,206865,7556702,57.52,-0.018249534450651805
ICICIBANK,EQ,2022-02-14,790.8,772.0,773.95,751.15,752.5,753.7,760.87,16170656,12303770681.05,364618,7610916,47.07,-0.046914516944865814
ICICIBANK,EQ,2022-02-15,753.7,752.95,778.0,743.2,775.0,776.05,759.35,18880659,14337091356.5,290494,9770306,51.75,0.029653708372031184
ICICIBANK,EQ,2022-02-16,776.05,775.7,777.55,760.4,762.6,764.05,769.64,10549784,8119582235.0,184247,4772378,45.24,-0.015462921203530655
ICICIBANK,EQ,2022-02-17,764.05,766.5,767.25,746.3,747.6,750.35,755.04,16683808,12596960313.5,206647,9627392,57.71,-0.01793076369347546
ICICIBANK,EQ,2022-02-18,750.35,746.85,756.8,745.55,747.95,748.9,751.25,8945567,6720317163.35,160575,3529595,39.46,-0.0019324315319517726
ICICIBANK,EQ,2022-02-21,748.9,746.25,762.9,740.0,754.05,754.45,754.67,10967164,8276543734.4,164619,3983760,36.32,0.007410869274936616
ICICIBANK,EQ,2022-02-22,754.45,738.4,759.75,737.75,750.25,751.3,748.94,13156371,9853383430.5,203813,6980318,53.06,-0.0041752269865465985
ICICIBANK,EQ,2022-02-23,751.3,754.6,756.4,742.7,744.5,744.6,748.37,11624282,8699303346.6,225116,6083374,52.33,-0.008917875682150855
ICICIBANK,EQ,2022-02-24,744.6,712.9,727.1,702.3,706.0,707.4,717.06,28023104,20094236747.75,378036,17110265,61.06,-0.049959709911361894
ICICIBANK,EQ,2022-02-25,707.4,724.95,739.3,720.25,731.8,730.05,731.9,16935750,12395343765.7,258610,9297653,54.9,0.032018659881255296
ICICIBANK,EQ,2022-02-28,730.05,722.95,744.75,715.4,741.7,742.7,734.66,20547432,15095290265.85,204063,12988412,63.21,0.01732758030271908
ICICIBANK,EQ,2022-03-02,742.7,717.0,724.95,707.75,717.5,714.85,713.82,25252492,18025808291.3,450140,13237743,52.42,-0.037498316951662836
ICICIBANK,EQ,2022-03-03,714.85,717.6,721.95,693.45,699.65,698.3,705.85,23190595,16369189921.85,444480,12498168,53.89,-0.02315171014898243
ICICIBANK,EQ,2022-03-04,698.3,691.0,706.55,685.0,688.0,688.05,693.72,18697223,12970601369.6,326057,8444168,45.16,-0.014678504940569992
ICICIBANK,EQ,2022-03-07,688.05,663.5,667.0,642.15,654.5,653.75,653.29,27799873,18161314302.85,487777,14914192,53.65,-0.04985102826829435
ICICIBANK,EQ,2022-03-08,653.75,643.3,669.45,643.0,664.0,665.0,654.86,26716975,17495827759.85,436225,11978462,44.83,0.017208413001912115
ICICIBANK,EQ,2022-03-09,665.0,664.7,674.5,658.0,670.0,667.45,665.91,33728639,22460304690.6,350200,19988301,59.26,0.0036842105263159564
ICICIBANK,EQ,2022-03-10,667.45,693.95,701.0,673.65,675.5,676.6,689.69,35959638,24801024786.35,410463,19616307,54.55,0.013708892051839117
ICICIBANK,EQ,2022-03-11,676.6,674.65,684.7,670.6,678.0,677.9,677.53,20546724,13921089798.65,258581,10885366,52.98,0.0019213715637007578
ICICIBANK,EQ,2022-03-14,677.9,678.1,698.45,677.25,697.5,696.15,691.15,24648981,17036263738.7,294081,16668546,67.62,0.02692137483404622
ICICIBANK,EQ,2022-03-15,696.15,701.5,708.1,688.0,694.95,697.35,699.51,27714580,19386668042.95,392031,17606360,63.53,0.0017237664296487765
ICICIBANK,EQ,2022-03-16,697.35,706.9,711.4,701.25,706.6,708.0,706.68,14621688,10332920737.3,227926,8314947,56.87,0.015272101527210147
ICICIBANK,EQ,2022-03-17,708.0,717.8,725.0,716.2,719.45,720.1,720.5,18329844,13206739944.5,201059,11389149,62.13,0.01709039548022595
ICICIBANK,EQ,2022-03-21,720.1,721.0,722.9,705.5,712.0,710.75,712.37,12866839,9165920656.9,227837,7567140,58.81,-0.012984307735036782
ICICIBANK,EQ,2022-03-22,710.75,708.65,721.0,699.5,720.85,718.2,710.64,11761758,8358321103.95,224938,6139017,52.19,0.010481885332395358
ICICIBANK,EQ,2022-03-23,718.2,725.0,726.8,714.25,716.65,718.3,720.32,7140403,5143376628.8,113577,2599108,36.4,0.00013923698134221674
ICICIBANK,EQ,2022-03-24,718.3,702.45,712.7,698.0,704.25,704.2,705.87,17727969,12513564218.4,267821,7950743,44.85,-0.019629681191702497
ICICIBANK,EQ,2022-03-25,704.2,705.0,706.1,696.65,701.55,699.25,700.66,15263007,10694150314.2,229582,8784841,57.56,-0.007029253053109974
ICICIBANK,EQ,2022-03-28,699.25,702.0,713.4,695.65,710.5,710.35,705.39,13806166,9738669255.85,240223,7770817,56.29,0.015874150875938575
ICICIBANK,EQ,2022-03-29,710.35,714.3,716.95,705.85,715.65,715.3,712.64,11489374,8187779164.4,262014,5716259,49.75,0.00696839586119502
ICICIBANK,EQ,2022-03-30,715.3,721.05,731.75,719.1,729.45,730.9,727.15,20154520,14655314533.2,441930,13967546,69.3,0.02180903117573041
ICICIBANK,EQ,2022-03-31,730.9,739.9,739.9,727.8,730.7,730.3,732.05,16046383,11746834413.35,215611,10454707,65.15,-0.0008209057326583613
ICICIBANK,EQ,2022-04-01,730.3,725.0,738.3,723.1,736.0,736.25,732.49,12658848,9272488843.5,227312,6540160,51.66,0.008147336710940811
ICICIBANK,EQ,2022-04-04,736.25,742.0,749.8,725.0,745.15,746.6,742.4,17192197,12763481384.4,196009,8818007,51.29,0.014057724957555306
ICICIBANK,EQ,2022-04-05,746.6,746.8,755.45,738.0,739.25,741.8,747.59,12290391,9188125354.45,215134,6739260,54.83,-0.006429145459416086
ICICIBANK,EQ,2022-04-06,741.8,732.3,744.9,732.1,739.55,741.6,739.21,13518142,9992682773.2,199736,7649180,56.58,-0.0002696144513345544
ICICIBANK,EQ,2022-04-07,741.6,737.1,757.8,737.1,748.9,748.55,749.8,15087175,11312289247.2,277671,8736241,57.91,0.009371628910463725
ICICIBANK,EQ,2022-04-08,748.55,749.85,756.0,743.6,754.3,754.3,751.07,15480705,11627136097.6,244539,9254974,59.78,0.007681517600694576
ICICIBANK,EQ,2022-04-11,754.3,752.3,765.45,751.65,760.5,759.6,760.61,13216391,10052525613.2,214119,7748582,58.63,0.007026382076097182
ICICIBANK,EQ,2022-04-12,759.6,757.0,768.9,750.25,764.0,763.85,759.11,14020000,10642668401.3,311639,8212347,58.58,0.00559505002632954
ICICIBANK,EQ,2022-04-13,763.85,769.6,772.55,760.7,761.55,762.25,766.95,16119956,12363241052.6,246413,10867093,67.41,-0.0020946520913792677
ICICIBANK,EQ,2022-04-18,762.25,751.0,762.9,749.2,759.0,757.8,756.1,17651530,13346374641.85,327929,12321755,69.81,-0.005837979665464177
ICICIBANK,EQ,2022-04-19,757.8,761.8,777.9,757.0,759.85,766.3,769.6,31088359,23925507986.9,279125,23005104,74.0,0.011216679862760648
ICICIBANK,EQ,2022-04-20,766.3,766.8,770.0,753.8,756.7,755.55,760.35,15984202,12153512822.65,260447,10676808,66.8,-0.014028448388359704
ICICIBANK,EQ,2022-04-21,755.55,759.05,764.2,751.2,763.65,762.35,759.27,8953098,6797795739.1,149668,4299122,48.02,0.009000066176957366
ICICIBANK,EQ,2022-04-22,762.35,757.0,758.85,745.9,747.0,747.65,751.55,14411607,10831059862.8,242371,9329530,64.74,-0.01928248179969838
ICICIBANK,EQ,2022-04-25,747.65,747.65,762.2,744.0,754.95,752.2,755.81,35417460,26768751127.25,462108,11806107,33.33,0.006085735303952511
ICICIBANK,EQ,2022-04-26,752.2,768.0,768.55,751.65,753.65,753.75,757.66,18727514,14189039414.35,322505,9809754,52.38,0.002060622174953508
ICICIBANK,EQ,2022-04-27,753.75,749.0,750.0,732.55,736.8,736.7,739.22,21441480,15850002613.0,361066,14471550,67.49,-0.02262023217247089
ICICIBANK,EQ,2022-04-28,736.7,739.1,751.9,734.65,747.5,747.15,743.82,18649559,13871852697.9,214320,10869911,58.29,0.014184878512284449
ICICIBANK,EQ,2022-04-29,747.15,750.1,759.95,740.1,743.05,743.3,751.78,19560317,14705099372.55,278705,12299715,62.88,-0.005152914408084075
ICICIBANK,EQ,2022-05-02,743.3,732.0,743.8,731.1,741.05,741.0,738.77,10903446,8055114368.75,236797,6561901,60.18,-0.003094309161845721
ICICIBANK,EQ,2022-05-04,741.0,746.2,747.0,721.15,726.0,724.25,734.19,12212165,8966040565.4,288430,6959246,56.99,-0.022604588394062097
ICICIBANK,EQ,2022-05-05,724.25,730.8,743.0,726.5,727.2,728.8,734.16,9121547,6696703759.8,227919,4746607,52.04,0.006282361063168818
ICICIBANK,EQ,2022-05-06,728.8,716.25,723.0,710.3,721.0,719.25,716.39,12455025,8922616152.35,338768,7220274,57.97,-0.013103732162458748
ICICIBANK,EQ,2022-05-09,719.25,705.3,720.0,704.45,711.1,710.35,712.39,13055889,9300841142.3,184930,7662368,58.69,-0.012374000695168585
ICICIBANK,EQ,2022-05-10,710.35,705.0,720.0,705.0,709.4,711.3,711.23,12797419,9101862375.05,226554,7724741,60.36,0.0013373689026534574
ICICIBANK,EQ,2022-05-11,711.3,718.0,719.8,707.15,716.7,714.2,714.34,13516852,9655684320.15,237100,7654536,56.63,0.004077042035709466
ICICIBANK,EQ,2022-05-12,714.2,707.55,710.7,693.3,696.0,695.8,701.29,16685166,11701140985.75,302970,8990120,53.88,-0.02576309157098866
ICICIBANK,EQ,2022-05-13,695.8,702.4,702.4,675.0,676.4,677.35,689.67,15717043,10839506087.3,312889,8610043,54.78,-0.0265162402989364
ICICIBANK,EQ,2022-05-16,677.35,676.7,690.95,675.75,683.3,683.0,684.29,9025623,6176185167.95,129681,4682052,51.88,0.008341330183804452
ICICIBANK,EQ,2022-05-17,683.0,686.1,712.0,685.15,711.65,710.0,703.33,12765052,8978026583.05,240721,7734389,60.59,0.039531478770131745
ICICIBANK,EQ,2022-05-18,710.0,712.35,717.0,706.1,708.35,707.35,711.44,11835013,8419951402.2,191768,7484068,63.24,-0.0037323943661971004
ICICIBANK,EQ,2022-05-19,707.35,693.1,698.7,685.6,690.4,690.3,692.41,16661023,11536184441.05,208897,11581153,69.51,-0.024104050328691673
ICICIBANK,EQ,2022-05-20,690.3,694.8,711.9,693.7,710.0,709.55,705.43,11695528,8250382525.5,166487,7524231,64.33,0.02788642619151105
ICICIBANK,EQ,2022-05-23,709.55,709.55,725.95,707.45,709.0,711.05,718.01,17438451,12520925059.45,174401,11705804,67.13,0.0021140159255865765
ICICIBANK,EQ,2022-05-24,711.05,711.05,717.35,706.05,708.75,708.15,711.23,13779981,9800795238.35,138256,9296031,67.46,-0.004078475493987765
ICICIBANK,EQ,2022-05-25,708.15,712.05,720.85,711.6,714.3,713.35,716.18,10457589,7489565195.7,160029,5639350,53.93,0.00734307703170245
ICICIBANK,EQ,2022-05-26,713.35,723.0,733.0,715.45,732.0,728.5,722.78,14028733,10139735434.95,190588,7202565,51.34,0.021237821546225444
ICICIBANK,EQ,2022-05-27,728.5,733.55,741.2,731.25,740.0,739.8,737.09,8110620,5978279333.55,139564,4201520,51.8,0.015511324639670532
ICICIBANK,EQ,2022-05-30,739.8,748.75,751.95,744.3,749.5,748.5,748.5,7628515,5709909173.2,145824,4519178,59.24,0.01175993511759943
ICICIBANK,EQ,2022-05-31,748.5,741.0,756.7,740.5,748.5,752.85,752.17,20272212,15248188599.7,150537,15358824,75.76,0.005811623246493092
ICICIBANK,EQ,2022-06-01,752.85,748.0,755.6,744.2,752.95,752.65,751.0,10102092,7586655389.8,181213,6399061,63.34,-0.00026565716942295037
ICICIBANK,EQ,2022-06-02,752.65,751.05,751.75,743.2,750.9,749.75,747.47,10949759,8184621800.05,142491,6699007,61.18,-0.0038530525476648814
ICICIBANK,EQ,2022-06-03,749.75,756.15,757.0,741.2,744.95,744.3,750.04,8563791,6423225748.15,112182,5667141,66.18,-0.007269089696565589
ICICIBANK,EQ,2022-06-06,744.3,740.2,750.95,739.6,746.75,746.75,746.9,9107831,6802672801.9,128668,4635911,50.9,0.003291683460970196
ICICIBANK,EQ,2022-06-07,746.75,741.0,742.95,732.35,735.0,735.25,737.02,9938912,7325140864.7,126022,6076335,61.14,-0.015400066956812841
ICICIBANK,EQ,2022-06-08,735.25,736.6,741.0,726.45,727.7,729.5,733.36,9369224,6871044601.8,150198,5297473,56.54,-0.007820469228153715
ICICIBANK,EQ,2022-06-09,729.5,725.0,734.1,722.15,732.25,732.75,728.7,7444368,5424687221.1,115608,4430301,59.51,0.0044551062371487316
ICICIBANK,EQ,2022-06-10,732.75,724.75,728.3,718.0,720.2,720.0,722.41,7990818,5772616113.0,146181,5081915,63.6,-0.017400204708290734
ICICIBANK,EQ,2022-06-13,720.0,702.25,702.3,682.1,688.0,688.0,688.3,16622521,11441347875.85,333111,10824414,65.12,-0.0444444444444444
ICICIBANK,EQ,2022-06-14,688.0,682.4,694.65,680.65,684.95,685.5,688.18,13348598,9186213617.45,222689,8494430,63.64,-0.003633720930232509
ICICIBANK,EQ,2022-06-15,685.5,687.5,696.35,686.1,688.0,687.25,691.05,9199591,6357344112.65,137784,5628187,61.18,0.0025528811086799053
ICICIBANK,EQ,2022-06-16,687.25,700.0,700.05,676.3,678.0,678.5,688.36,13237239,9111965722.85,183912,7576433,57.24,-0.012731902510003668
ICICIBANK,EQ,2022-06-17,678.5,671.25,692.65,669.95,689.0,686.85,682.87,16335613,11155053062.5,230515,9184818,56.23,0.012306558585114313
ICICIBANK,EQ,2022-06-20,686.85,686.0,687.8,677.6,685.7,685.95,683.78,10981042,7508595408.6,145020,5455705,49.68,-0.0013103297663245028
ICICIBANK,EQ,2022-06-21,685.95,690.55,708.0,688.6,695.5,696.1,698.88,13319648,9308806644.95,212532,7847958,58.92,0.014796996865660716
ICICIBANK,EQ,2022-06-22,696.1,694.25,698.9,685.1,687.2,686.6,690.3,6838249,4720421863.45,116347,3596751,52.6,-0.013647464444763724
ICICIBANK,EQ,2022-06-23,686.6,690.2,706.0,687.0,699.95,699.15,699.36,14960412,10462647701.3,198477,6246539,41.75,0.01827847363821733
ICICIBANK,EQ,2022-06-24,699.15,710.9,715.25,706.55,714.25,713.45,711.44,10856736,7723925004.0,151815,6514710,60.01,0.020453407709361437
ICICIBANK,EQ,2022-06-27,713.45,728.85,728.85,716.1,718.25,717.35,720.12,8285225,5966357490.3,136976,4845235,58.48,0.005466395682949043
ICICIBANK,EQ,2022-06-28,717.35,711.05,717.3,707.0,712.0,710.3,711.76,8339931,5935990106.75,158748,4831275,57.93,-0.009827838572524006
ICICIBANK,EQ,2022-06-29,710.3,704.95,706.7,700.95,702.5,702.75,703.5,9570557,6732909412.95,157875,6514448,68.07,-0.010629311558496335
ICICIBANK,EQ,2022-06-30,702.75,702.75,711.9,701.2,706.2,707.2,707.62,11970404,8470549046.8,169767,5941264,49.63,0.006332266097474282
ICICIBANK,EQ,2022-07-01,707.2,703.45,706.75,694.1,706.0,703.9,700.56,9884899,6924952031.05,180274,5051161,51.1,-0.0046662895927602754
ICICIBANK,EQ,2022-07-04,703.9,704.85,721.1,704.85,720.55,720.1,714.38,8303732,5932002858.2,197203,4350116,52.39,0.02301463276033533
ICICIBANK,EQ,2022-07-05,720.1,723.05,732.15,718.1,718.1,719.45,726.29,11460367,8323607106.8,182824,7679739,67.01,-0.0009026524093875832
ICICIBANK,EQ,2022-07-06,719.45,723.0,731.9,722.0,727.4,725.95,726.69,12163533,8839120914.0,286323,7030388,57.8,0.009034679268886014
ICICIBANK,EQ,2022-07-07,725.95,735.95,744.0,733.0,741.3,742.0,738.05,10374018,7656576843.9,166184,5987770,57.72,0.022108960672222455
ICICIBANK,EQ,2022-07-08,742.0,751.3,757.5,744.55,756.25,755.7,751.53,9797700,7363222598.45,174920,5854203,59.75,0.018463611859838247
ICICIBANK,EQ,2022-07-11,755.7,755.0,771.55,755.0,769.55,769.5,764.57,12440573,9511697762.55,168953,8388501,67.43,0.01826121476776499
ICICIBANK,EQ,2022-07-12,769.5,765.35,767.45,757.7,759.0,759.9,762.47,10219829,7792357201.55,175502,6167161,60.35,-0.012475633528265084
ICICIBANK,EQ,2022-07-13,759.9,764.75,764.75,749.9,753.2,753.2,757.28,8674121,6568757637.5,117989,4864678,56.08,-0.00881694959863133
ICICIBANK,EQ,2022-07-14,753.2,750.0,759.5,748.8,749.55,752.4,752.71,7044542,5302506198.75,115464,4174626,59.26,-0.0010621348911312722
ICICIBANK,EQ,2022-07-15,752.4,753.25,759.0,744.2,751.55,751.2,749.1,6358018,4762765419.2,86230,3664603,57.64,-0.0015948963317383713
ICICIBANK,EQ,2022-07-18,751.2,759.25,773.15,757.85,772.0,772.0,766.17,8045363,6164124843.05,168195,5326095,66.2,0.027689030883919052
ICICIBANK,EQ,2022-07-19,772.0,767.8,782.0,767.15,779.5,780.65,775.91,12825591,9951447327.7,167734,8153325,63.57,0.011204663212435184
ICICIBANK,EQ,2022-07-20,780.65,789.5,789.55,780.3,781.25,783.1,784.92,8152179,6398831064.95,177137,5137239,63.02,0.003138410299109884
ICICIBANK,EQ,2022-07-21,783.1,784.9,788.95,780.1,785.05,786.0,785.55,8312338,6529766850.9,178974,5279112,63.51,0.003703230749585007
ICICIBANK,EQ,2022-07-22,786.0,789.1,803.9,789.1,799.6,800.05,797.68,12267898,9785903281.0,243865,7770271,63.34,0.01787531806615772
ICICIBANK,EQ,2022-07-25,800.05,803.0,817.8,797.1,800.0,800.9,805.25,21034148,16937819655.65,284955,9709224,46.16,0.0010624335979001476
ICICIBANK,EQ,2022-07-26,800.9,801.6,802.8,791.65,795.9,796.3,797.45,7374145,5880494834.7,155059,3767022,51.08,-0.0057435385191659805
ICICIBANK,EQ,2022-07-27,796.3,795.0,803.8,794.65,800.5,800.5,800.02,9536564,7629429245.85,156226,6154090,64.53,0.005274394072585675
ICICIBANK,EQ,2022-07-28,800.5,806.95,815.5,805.3,813.05,814.6,810.7,11124518,9018672407.0,234427,7094602,63.77,0.017613991255465367
ICICIBANK,EQ,2022-07-29,814.6,820.65,823.4,808.0,818.7,818.6,815.68,11095993,9050771454.2,180910,7212288,65.0,0.004910385465259015
ICICIBANK,EQ,2022-08-01,818.6,820.7,825.0,817.3,824.45,823.4,822.56,7974903,6559854903.4,143635,4645204,58.25,0.00586366967994123
ICICIBANK,EQ,2022-08-02,823.4,820.0,822.0,812.2,814.8,817.75,817.32,11106772,9077814094.15,209129,6906789,62.19,-0.00686179256740338
ICICIBANK,EQ,2022-08-03,817.75,817.75,828.0,811.55,826.95,824.8,818.65,11073975,9065694975.8,189053,7604666,68.67,0.00862121675328642
ICICIBANK,EQ,2022-08-04,824.8,824.0,829.95,808.35,818.9,820.25,819.09,11113742,9103124551.8,221570,6856925,61.7,-0.005516488845780709
ICICIBANK,EQ,2022-08-05,820.25,823.1,840.9,823.1,837.0,838.2,834.94,16056522,13406218176.65,197153,9933579,61.87,0.021883572081682567
ICICIBANK,EQ,2022-08-08,838.2,836.6,842.3,831.15,837.2,836.95,836.46,12142951,10157138986.25,141151,7607407,62.65,-0.0014912908613695652
ICICIBANK,EQ,2022-08-10,836.95,842.15,853.0,842.15,849.15,848.75,849.24,23658553,20091783366.75,221875,11795642,49.86,0.01409881115956746
ICICIBANK,EQ,2022-08-11,848.75,860.05,866.5,858.1,859.8,859.7,863.17,22787391,19669332999.55,221299,13046334,57.25,0.012901325478645198
ICICIBANK,EQ,2022-08-12,859.7,863.95,877.25,858.5,876.85,874.4,867.38,10792853,9361537720.35,230632,6406566,59.36,0.01709898801907639
ICICIBANK,EQ,2022-08-16,874.4,881.45,884.5,876.4,881.15,879.25,879.32,13804836,12138846388.8,246867,9467397,68.58,0.0055466605672460645
ICICIBANK,EQ,2022-08-17,879.25,881.8,885.5,878.4,882.6,883.25,881.12,9058040,7981256354.65,188417,5381930,59.42,0.004549331816889435
ICICIBANK,EQ,2022-08-18,883.25,880.55,887.65,875.05,886.2,885.1,880.18,13137856,11563737457.55,183462,8263442,62.9,0.002094537220492576
ICICIBANK,EQ,2022-08-19,885.1,885.0,886.9,864.3,868.0,870.4,872.65,10787199,9413402164.05,173808,7325116,67.91,-0.016608292848265815
ICICIBANK,EQ,2022-08-22,870.4,865.55,867.4,849.6,854.0,852.25,854.9,13848023,11838705024.65,319703,10454063,75.49,-0.02085248161764708
ICICIBANK,EQ,2022-08-23,852.25,845.35,868.0,842.8,867.05,863.9,855.38,13254855,11337941282.35,268301,7723480,58.27,0.013669697858609497
ICICIBANK,EQ,2022-08-24,863.9,857.05,875.35,857.05,873.05,873.3,868.06,10494109,9109516505.2,198776,7024489,66.94,0.010880888991781523
ICICIBANK,EQ,2022-08-25,873.3,873.3,881.45,866.7,868.65,872.35,876.91,9827829,8618092128.15,186684,6270546,63.8,-0.0010878277796861902
ICICIBANK,EQ,2022-08-26,872.35,874.15,877.5,867.3,872.35,870.85,871.73,5976725,5210061333.95,116572,3056926,51.15,-0.0017194933226342135
ICICIBANK,EQ,2022-08-29,870.85,850.05,861.0,847.0,858.35,855.85,856.05,7755134,6638782713.6,191595,4591536,59.21,-0.017224550726301913
ICICIBANK,EQ,2022-08-30,855.85,860.5,890.75,859.1,889.0,887.3,878.34,12544701,11018500867.85,196584,8161039,65.06,0.03674709353274519
ICICIBANK,EQ,2022-09-01,887.3,863.0,885.7,863.0,875.45,874.35,875.85,15877583,13906346391.0,365650,8873913,55.89,-0.01459483827341368
ICICIBANK,EQ,2022-09-02,874.35,874.1,881.3,867.0,871.5,872.4,873.53,8401284,7338754903.55,133746,5014400,59.69,-0.0022302281694973614
ICICIBANK,EQ,2022-09-05,872.4,871.55,885.9,871.55,881.25,882.45,882.67,8744999,7718912945.4,166896,5712501,65.32,0.011519944979367258
ICICIBANK,EQ,2022-09-06,882.45,882.5,889.95,878.1,884.0,883.65,885.28,9879326,8745970096.6,138740,5998607,60.72,0.0013598504164540337
ICICIBANK,EQ,2022-09-07,883.65,878.55,882.65,872.5,876.9,876.2,876.73,8814960,7728334707.35,156786,5641576,64.0,-0.00843093985175114
ICICIBANK,EQ,2022-09-08,876.2,885.5,900.8,885.5,899.6,898.8,896.74,12163106,10907179000.6,195229,6303272,51.82,0.02579319790002277
ICICIBANK,EQ,2022-09-09,898.8,910.15,911.95,897.7,901.75,901.25,903.27,9936230,8975058998.3,229382,6035958,60.75,0.00272585669781944
ICICIBANK,EQ,2022-09-12,901.25,905.05,908.9,902.8,907.0,907.2,905.92,6016978,5450905106.0,185502,3806298,63.26,0.0066019417475728925
ICICIBANK,EQ,2022-09-13,907.2,913.95,913.95,905.3,909.2,910.0,908.67,10400475,9450645891.55,143712,7730067,74.32,0.0030864197530864335
ICICIBANK,EQ,2022-09-14,910.0,898.25,922.25,898.05,919.0,918.1,915.39,14712947,13468057510.15,228766,9304663,63.24,0.008901098901098914
ICICIBANK,EQ,2022-09-15,918.1,920.0,936.65,915.75,917.0,917.6,923.17,16253099,15004384616.2,312531,10430661,64.18,-0.0005446029844243805
ICICIBANK,EQ,2022-09-16,917.6,914.9,917.6,905.2,911.35,909.1,910.26,11966860,10892964390.55,199108,8408878,70.27,-0.009263295553618156
ICICIBANK,EQ,2022-09-19,909.1,904.95,912.5,895.35,902.0,899.2,903.11,11235656,10147048716.25,187181,7405236,65.91,-0.010889891101088955
ICICIBANK,EQ,2022-09-20,899.2,909.2,922.5,907.35,916.1,916.75,918.54,12090663,11105792368.85,190619,8624950,71.34,0.019517348754448438
ICICIBANK,EQ,2022-09-21,916.75,912.0,917.0,905.65,916.75,915.25,913.17,8917640,8143309882.25,133616,5779904,64.81,-0.001636214889555454
ICICIBANK,EQ,2022-09-22,915.25,906.0,911.7,895.3,902.75,903.4,904.27,11125669,10060577917.6,168936,7437921,66.85,-0.012947282163343399
ICICIBANK,EQ,2022-09-23,903.4,901.7,904.9,878.75,883.9,882.25,888.24,15927517,14147416773.2,256991,10633901,66.76,-0.02341155634270531
ICICIBANK,EQ,2022-09-26,882.25,870.0,877.9,859.2,861.0,861.05,866.07,14208640,12305637953.95,327078,9857802,69.38,-0.024029470104845574
ICICIBANK,EQ,2022-09-27,861.05,864.95,874.85,848.6,858.0,852.55,857.64,12493809,10715153529.5,214752,8317892,66.58,-0.009871668311944748
ICICIBANK,EQ,2022-09-28,852.55,844.0,863.25,844.0,848.9,849.5,854.48,11411458,9750826226.65,185710,6899411,60.46,-0.0035775027857603003
ICICIBANK,EQ,2022-09-29,849.5,858.0,861.6,841.1,844.0,843.9,847.83,13803629,11703134585.85,287382,9476368,68.65,-0.006592113007651612
ICICIBANK,EQ,2022-09-30,843.9,843.9,867.05,837.5,866.8,862.0,855.84,13175031,11275779669.25,245257,7911537,60.05,0.021448038867164287
ICICIBANK,EQ,2022-10-03,862.0,859.7,860.95,845.7,846.45,848.35,851.72,8232026,7011416757.0,170509,5439994,66.08,-0.015835266821345728
ICICIBANK,EQ,2022-10-04,848.35,865.0,872.65,860.1,868.0,867.65,867.99,8975095,7790275639.05,150804,6102225,67.99,0.022750044203453612
ICICIBANK,EQ,2022-10-06,867.65,873.05,891.7,873.05,885.4,885.45,884.75,12116698,10720289234.0,231402,7422223,61.26,0.020515184694289257
ICICIBANK,EQ,2022-10-07,885.45,877.2,884.5,872.8,883.25,882.55,878.09,9705750,8522516082.95,152298,6945671,71.56,-0.003275170817098716
ICICIBANK,EQ,2022-10-10,882.55,872.0,889.8,870.7,881.8,881.75,880.14,7357588,6475691854.35,138552,4241871,57.65,-0.0009064642229901221
ICICIBANK,EQ,2022-10-11,881.75,883.25,883.25,865.45,866.55,870.6,875.95,11130051,9749341477.6,161261,7571458,68.03,-0.012645307626878322
ICICIBANK,EQ,2022-10-12,870.6,867.95,871.7,861.5,867.85,868.35,865.03,14557532,12592710781.6,193111,8965377,61.59,-0.0025844245348035644
ICICIBANK,EQ,2022-10-13,868.35,862.35,865.45,850.5,854.0,853.6,858.89,11563124,9931465584.75,140406,6325596,54.7,-0.016986238267979514
ICICIBANK,EQ,2022-10-14,853.6,883.8,883.8,868.55,872.0,870.25,872.33,8199540,7152730568.25,142205,4561607,55.63,0.019505623242736636
ICICIBANK,EQ,2022-10-17,870.25,872.0,887.5,868.55,886.5,885.2,881.18,8936947,7875066442.95,170160,4347350,48.64,0.017178971559896672
ICICIBANK,EQ,2022-10-18,885.2,896.05,900.7,891.15,896.4,896.9,895.57,8097552,7251949045.75,143886,4261945,52.63,0.013217352010844952
ICICIBANK,EQ,2022-10-19,896.9,900.05,900.65,885.55,891.15,892.1,892.22,5529462,4933522965.65,114646,2747453,49.69,-0.0053517671981268
ICICIBANK,EQ,2022-10-20,892.1,889.7,893.3,880.1,891.5,888.65,885.65,8107159,7180142054.15,160085,4999234,61.66,-0.003867279452976158
ICICIBANK,EQ,2022-10-21,888.65,888.0,910.0,885.7,909.8,907.15,902.83,17022807,15368760177.85,227093,11281801,66.27,0.020818094862994352
ICICIBANK,EQ,2022-10-24,907.15,925.0,933.5,917.6,933.25,926.3,924.36,4390050,4057980845.85,71954,1466761,33.41,0.021110069999448866
ICICIBANK,EQ,2022-10-25,926.3,942.05,943.25,922.95,924.0,925.05,931.85,15838120,14758688905.35,249408,9168086,57.89,-0.0013494548202526158
ICICIBANK,EQ,2022-10-27,925.05,926.05,933.7,920.25,924.0,924.4,926.31,16080842,14895863319.95,255886,11305647,70.31,-0.0007026647208259185
ICICIBANK,EQ,2022-10-28,924.4,918.0,927.5,901.0,909.25,907.85,909.8,9854094,8965214205.1,202171,6039032,61.28,-0.017903504976200746
ICICIBANK,EQ,2022-10-31,907.85,912.6,917.05,904.6,908.75,908.7,908.96,9000840,8181433290.85,133238,6099509,67.77,0.0009362780194965836
ICICIBANK,EQ,2022-11-01,908.7,921.0,921.0,899.55,908.25,908.6,908.9,9823761,8928768972.2,164172,6098487,62.08,-0.00011004732034780584
ICICIBANK,EQ,2022-11-02,908.6,920.6,920.75,902.35,904.0,904.7,907.25,7690974,6977621950.4,109846,4661671,60.61,-0.00429231785163986
ICICIBANK,EQ,2022-11-03,904.7,901.05,913.85,897.05,909.0,908.65,906.69,9022366,8180480595.1,182971,5075752,56.26,0.004366088206035013
ICICIBANK,EQ,2022-11-04,908.65,906.3,913.4,900.2,907.1,905.3,905.98,7099336,6431850112.45,139696,4635901,65.3,-0.0036867880922247798
ICICIBANK,EQ,2022-11-07,905.3,910.25,920.1,903.45,917.3,917.5,911.72,11100219,10120250714.55,162745,7992154,72.0,0.013476195736220165
ICICIBANK,EQ,2022-11-09,917.5,920.0,921.9,905.75,907.45,910.5,911.38,11590409,10563212738.35,175038,7082974,61.11,-0.007629427792915533
ICICIBANK,EQ,2022-11-10,910.5,907.55,912.95,903.95,910.0,910.7,908.1,10009741,9089881670.65,191241,7089188,70.82,0.00021965952773217445
ICICIBANK,EQ,2022-11-11,910.7,925.9,928.0,903.5,907.35,906.55,911.75,17921457,16339858260.1,258767,12396851,69.17,-0.00455693422641934
ICICIBANK,EQ,2022-11-14,906.55,905.0,906.55,891.25,894.1,894.95,895.92,12641308,11325565904.75,258453,8910658,70.49,-0.012795764160829393
ICICIBANK,EQ,2022-11-15,894.95,900.55,913.65,898.8,913.2,911.7,907.0,15176911,13765421493.5,217251,10743670,70.79,0.018716129392703396
ICICIBANK,EQ,2022-11-16,911.7,912.55,918.1,908.1,912.75,913.6,912.91,13008311,11875476243.8,189926,8943872,68.76,0.002084018865855075
ICICIBANK,EQ,2022-11-17,913.6,913.0,922.3,910.35,919.0,919.8,919.26,12584194,11568199753.85,181213,9141828,72.65,0.006786339754816018
ICICIBANK,EQ,2022-11-18,919.8,919.8,922.0,910.55,921.0,920.35,915.43,10874061,9954473141.4,227721,7809313,71.82,0.0005979560774083126
ICICIBANK,EQ,2022-11-21,920.35,914.05,924.8,914.05,921.0,921.4,921.41,9245704,8519092468.35,161261,6517725,70.49,0.0011408703210733506
ICICIBANK,EQ,2022-11-22,921.4,923.75,926.5,920.4,922.65,923.7,924.17,11256509,10402963206.05,173058,8663053,76.96,0.0024962014326026516
ICICIBANK,EQ,2022-11-23,923.7,927.0,931.85,923.7,926.5,927.45,927.21,10959704,10161973011.95,145719,8711945,79.49,0.004059759662228046
ICICIBANK,EQ,2022-11-24,927.45,927.55,940.65,927.55,939.0,938.85,934.54,10844395,10134561085.3,164966,7599527,70.08,0.012291767750282956
ICICIBANK,EQ,2022-11-25,938.85,940.3,942.9,927.5,930.0,930.3,933.39,9815055,9161251493.1,135171,7260705,73.98,-0.00910688608403909
ICICIBANK,EQ,2022-11-28,930.3,924.0,943.8,923.95,936.25,937.4,937.26,9381474,8792894852.0,176335,6880685,73.34,0.007631946683865465
ICICIBANK,EQ,2022-11-29,937.4,933.55,949.9,933.55,946.85,946.75,947.15,13096845,12404681919.65,244003,9804723,74.86,0.009974397269042035
ICICIBANK,EQ,2022-11-30,946.75,948.05,958.2,941.0,952.5,952.9,949.62,20858573,19807799762.1,280362,15610880,74.84,0.006495907050435568
ICICIBANK,EQ,2022-12-01,952.9,956.0,957.0,936.25,939.45,940.2,943.02,15920653,15013557080.95,357956,11004525,69.12,-0.013327736383670796
ICICIBANK,EQ,2022-12-02,940.2,928.25,934.5,926.1,929.0,930.6,929.76,14228874,13229370582.8,285525,10640084,74.78,-0.010210593490746711
ICICIBANK,EQ,2022-12-05,930.6,937.0,937.0,928.4,933.9,933.6,932.34,10984608,10241403399.55,252201,8258310,75.18,0.003223726627981982
ICICIBANK,EQ,2022-12-06,933.6,925.0,929.75,920.2,922.3,922.65,923.5,18220912,16826984129.25,297290,14802682,81.24,-0.011728791773778946
ICICIBANK,EQ,2022-12-07,922.65,922.0,933.2,920.65,923.0,922.15,925.1,15675663,14501590969.3,293451,11326139,72.25,-0.0005419173034194591
ICICIBANK,EQ,2022-12-08,922.15,925.0,933.55,923.8,933.2,931.9,928.62,10136870,9413260723.95,230964,7241231,71.43,0.01057311717182663
ICICIBANK,EQ,2022-12-09,931.9,932.0,934.8,925.05,930.25,929.9,929.77,9575331,8902841019.45,198805,7070548,73.84,-0.0021461530207104174
ICICIBANK,EQ,2022-12-12,929.9,925.05,933.9,925.05,931.45,930.3,929.49,8493863,7894965642.05,186060,5906509,69.54,0.00043015377997623894
ICICIBANK,EQ,2022-12-13,930.3,929.5,935.9,927.8,932.65,932.95,932.16,10415140,9708526755.65,214803,7690955,73.84,0.0028485434805978205
ICICIBANK,EQ,2022-12-14,932.95,936.0,936.05,920.0,921.0,921.75,926.88,12319827,11418977888.25,251119,9322349,75.67,-0.01200493059649499
ICICIBANK,EQ,2022-12-15,921.75,916.0,919.9,905.0,905.75,908.8,915.06,8929748,8171268105.35,223689,5783490,64.77,-0.014049362625440764
ICICIBANK,EQ,2022-12-16,908.8,905.5,913.7,899.65,904.8,902.0,904.37,9157260,8281555244.65,164054,5674148,61.96,-0.0074823943661971315
ICICIBANK,EQ,2022-12-19,902.0,908.0,910.6,901.15,906.95,906.45,905.59,7015083,6352814383.75,171206,4360753,62.16,0.004933481152993302
ICICIBANK,EQ,2022-12-20,906.45,906.0,912.45,895.7,910.3,909.7,902.5,6384331,5761875439.25,170377,3753703,58.8,0.0035854156324122144
ICICIBANK,EQ,2022-12-21,909.7,910.25,915.85,887.0,893.6,892.25,899.25,11341147,10198507174.85,204493,7060069,62.25,-0.019182147960866258
ICICIBANK,EQ,2022-12-22,892.25,900.5,903.85,886.35,890.4,890.65,891.61,9788367,8727387624.6,193085,5677336,58.0,-0.0017932193891846415
ICICIBANK,EQ,2022-12-23,890.65,883.05,889.65,875.3,877.6,878.9,882.07,11059215,9754983095.1,212266,6606945,59.74,-0.01319261213720313
ICICIBANK,EQ,2022-12-26,878.9,881.1,897.0,875.25,893.5,893.2,886.9,6943159,6157893509.2,164660,3797589,54.7,0.016270337922403177
ICICIBANK,EQ,2022-12-27,893.2,897.7,902.75,888.2,902.4,900.65,894.77,4994381,4468825838.65,140858,2362626,47.31,0.008340797133900457
ICICIBANK,EQ,2022-12-28,900.65,896.0,903.95,895.8,898.55,898.95,900.03,8980300,8082499124.05,172803,5711195,63.6,-0.0018875256759006698
ICICIBANK,EQ,2022-12-29,898.95,897.9,923.35,889.35,908.0,908.05,901.32,11994220,10810676472.85,185537,8493964,70.82,0.010122921185827805
ICICIBANK,EQ,2022-12-30,908.05,908.5,908.5,888.55,892.95,890.85,895.26,9688527,8673718142.55,171992,6662775,68.77,-0.018941688233026777
ICICIBANK,EQ,2023-01-02,890.85,894.0,907.0,894.0,902.9,902.45,902.29,4315403,3893736998.3,111275,1686057,39.07,0.013021271819049218
ICICIBANK,EQ,2023-01-03,902.45,898.5,905.95,896.75,902.25,901.35,901.33,5846855,5269963293.45,143214,3301312,56.46,-0.001218904094409723
ICICIBANK,EQ,2023-01-04,901.35,899.0,907.9,894.8,897.65,899.1,900.4,12454582,11214098871.85,190863,8832116,70.91,-0.0024962556165751826
ICICIBANK,EQ,2023-01-05,899.1,900.9,903.0,872.0,878.7,879.15,882.76,16547196,14607251958.95,315266,11944691,72.19,-0.022188855522188855
ICICIBANK,EQ,2023-01-06,879.15,878.95,878.95,860.5,870.5,870.1,867.75,14804613,12846729988.4,348623,10880703,73.5,-0.01029403401012341
ICICIBANK,EQ,2023-01-09,870.1,874.25,878.75,862.3,872.6,873.35,871.82,16811853,14656950878.55,327857,11603423,69.02,0.003735202850247088
ICICIBANK,EQ,2023-01-10,873.35,875.4,878.4,856.6,862.95,861.35,864.58,13470142,11646033495.35,215543,9812958,72.85,-0.013740195797790067
ICICIBANK,EQ,2023-01-11,861.35,862.9,870.85,854.85,864.8,866.3,864.28,15558460,13446933979.35,197478,11163263,71.75,0.005746792825216174
ICICIBANK,EQ,2023-01-12,866.3,865.5,869.35,854.95,862.75,860.65,859.42,16659001,14317157904.2,259039,11768553,70.64,-0.006521990072723027
ICICIBANK,EQ,2023-01-13,860.65,864.7,874.9,858.3,871.0,873.45,866.61,11223103,9726068090.25,225250,7017342,62.53,0.014872480102248398
ICICIBANK,EQ,2023-01-16,873.45,877.25,877.45,861.05,865.0,865.25,868.11,8319812,7222529787.9,159291,5208807,62.61,-0.009388058847100589
ICICIBANK,EQ,2023-01-17,865.25,866.95,867.95,858.1,867.0,865.15,863.24,12624859,10898250398.6,196226,8830415,69.94,-0.0001155735336608732
ICICIBANK,EQ,2023-01-18,865.15,864.45,872.0,858.65,870.25,869.5,866.74,11313898,9806232660.85,211640,7787299,68.83,0.005028029821418256
ICICIBANK,EQ,2023-01-19,869.5,868.0,870.55,862.0,865.1,866.15,865.9,6694679,5796899732.4,147146,4427953,66.14,-0.00385278895917196
ICICIBANK,EQ,2023-01-20,866.15,873.5,876.5,865.55,871.65,870.35,870.69,8127162,7076227350.1,164516,4395392,54.08,0.004849044622755816
ICICIBANK,EQ,2023-01-23,870.35,882.0,883.3,864.6,869.6,871.7,873.36,16882379,14744434016.05,330840,9919200,58.75,0.0015511001321306672
ICICIBANK,EQ,2023-01-24,871.7,879.0,881.7,868.0,871.95,870.75,873.2,11504090,10045411021.55,242240,8244152,71.66,-0.0010898244808994484
ICICIBANK,EQ,2023-01-25,870.75,873.3,876.8,848.0,856.5,855.3,857.85,14918485,12797796474.7,339880,9429007,63.2,-0.01774332472006901
ICICIBANK,EQ,2023-01-27,855.3,839.15,843.0,813.1,818.25,817.2,823.5,39718683,32708502959.15,533517,30454164,76.67,-0.0445457734128375
ICICIBANK,EQ,2023-01-30,817.2,800.0,826.25,796.0,824.45,823.5,812.34,36301441,29489195521.9,448334,24551150,67.63,0.007709251101321479
ICICIBANK,EQ,2023-01-31,823.5,826.0,838.3,814.1,835.0,831.9,827.51,27291226,22583783062.65,350859,18891874,69.22,0.010200364298724951
ICICIBANK,EQ,2023-02-01,831.9,843.45,875.2,823.15,850.05,847.95,853.18,39237711,33476849764.25,379335,26616067,67.83,0.019293184276956366
ICICIBANK,EQ,2023-02-02,847.95,828.4,860.6,826.1,857.05,857.9,846.44,16798190,14218722020.65,270719,9881479,58.82,0.01173418244000235
ICICIBANK,EQ,2023-02-03,857.9,864.65,872.65,852.1,862.5,863.8,863.15,14914366,12873394076.3,258409,9911583,66.46,0.0068772584217273725
ICICIBANK,EQ,2023-02-06,863.8,861.5,867.8,849.65,856.3,853.7,855.18,8463833,7238082471.85,172873,5307080,62.7,-0.011692521416994617
ICICIBANK,EQ,2023-02-07,853.7,855.0,856.0,847.2,852.1,852.75,851.64,9337066,7951799843.0,159808,6215861,66.57,-0.0011128030924212329
ICICIBANK,EQ,2023-02-08,852.75,852.5,860.7,851.9,856.55,859.1,857.02,8082983,6927305066.3,151665,5315932,65.77,0.0074464966285547884
ICICIBANK,EQ,2023-02-09,859.1,858.5,864.9,851.6,860.5,860.8,859.62,6299265,5414977210.15,114269,4282673,67.99,0.0019788150389941084
ICICIBANK,EQ,2023-02-10,860.8,855.55,861.9,852.0,855.4,853.85,856.06,8656405,7410435746.5,299200,5987802,69.17,-0.008073884758364236
ICICIBANK,EQ,2023-02-13,853.85,853.4,859.3,849.35,849.5,850.65,853.79,9394365,8020854846.1,153234,6142206,65.38,-0.00374773086607727
ICICIBANK,EQ,2023-02-14,850.65,853.9,867.3,852.1,865.0,865.3,859.91,13402934,11525283230.7,237450,8229963,61.4,0.017222124257920468
ICICIBANK,EQ,2023-02-15,865.3,866.4,873.25,860.6,872.4,870.8,865.09,12070288,10441897134.05,194686,8171234,67.7,0.006356177048422618
ICICIBANK,EQ,2023-02-16,870.8,875.95,877.8,864.85,866.85,869.45,872.17,10715685,9345945594.45,294581,7347668,68.57,-0.0015502985760219579
ICICIBANK,EQ,2023-02-17,869.45,867.55,867.55,855.15,862.0,862.65,861.24,9990618,8604355548.4,166073,4082732,40.87,-0.007821036287308125
ICICIBANK,EQ,2023-02-20,862.65,862.65,866.55,850.25,853.15,852.1,857.7,9013430,7730821931.2,183409,4003795,44.42,-0.012229757143685127
ICICIBANK,EQ,2023-02-21,852.1,854.4,859.45,846.85,854.85,854.2,853.57,11704445,9990567240.3,233352,4401063,37.6,0.002464499471892978
ICICIBANK,EQ,2023-02-22,854.2,851.25,854.1,834.75,837.45,839.25,844.61,13880984,11724069965.1,190655,6533847,47.07,-0.017501756029033033
ICICIBANK,EQ,2023-02-23,839.25,836.55,844.45,833.55,840.7,839.75,838.7,11743574,9849307806.7,165727,5435929,46.29,0.0005957700327674509
ICICIBANK,EQ,2023-02-24,839.75,843.95,845.6,835.55,839.95,839.7,840.26,8246139,6928911922.7,174647,4666288,56.59,-5.954153021725528e-05
ICICIBANK,EQ,2023-02-27,839.7,833.55,858.3,833.55,857.9,856.4,848.93,14422574,12243799621.55,205067,7200717,49.93,0.019888055257829995
ICICIBANK,EQ,2023-02-28,856.4,854.9,858.0,850.0,854.15,854.85,853.72,19600146,16733073110.85,208771,10412171,53.12,-0.001809901914992973
ICICIBANK,EQ,2023-03-01,854.85,864.0,864.0,851.85,856.1,856.3,857.22,11015843,9443055261.2,217804,5069489,46.02,0.0016962040123997824
ICICIBANK,EQ,2023-03-02,856.3,853.0,861.85,851.1,852.1,854.0,858.06,12327141,10577465279.1,186314,4975761,40.36,-0.002685974541632552
ICICIBANK,EQ,2023-03-03,854.0,856.75,873.0,849.85,866.5,868.55,866.99,12823098,11117545319.0,200269,5929044,46.24,0.017037470725995263
ICICIBANK,EQ,2023-03-06,868.55,871.75,876.85,865.35,868.6,867.75,870.34,13904231,12101444323.3,188956,4998588,35.95,-0.0009210753554774742
ICICIBANK,EQ,2023-03-08,867.75,866.65,873.65,861.5,872.0,872.1,866.21,16144568,13984506148.35,211371,6397127,39.62,0.005012964563526401
ICICIBANK,EQ,2023-03-09,872.1,867.2,869.8,854.15,856.4,855.95,862.74,10624440,9166163272.8,174754,5313701,50.01,-0.01851851851851849
ICICIBANK,EQ,2023-03-10,855.95,844.7,845.35,836.25,842.15,842.65,842.84,17273189,14558564028.95,222667,6890905,39.89,-0.015538290788013387
ICICIBANK,EQ,2023-03-13,842.65,841.45,855.3,823.95,830.0,828.4,841.1,16413159,13805160212.15,265017,6081479,37.05,-0.016910935738444155
ICICIBANK,EQ,2023-03-14,828.4,827.0,834.45,818.25,832.5,830.35,825.99,15456802,12767098939.3,263294,6553158,42.4,0.002353935296958154
ICICIBANK,EQ,2023-03-15,830.35,836.45,843.95,822.2,823.4,825.9,833.09,12914488,10758985936.3,191124,3184487,24.66,-0.005359185885470019
ICICIBANK,EQ,2023-03-16,825.9,829.7,831.3,810.3,825.55,823.9,821.2,14987868,12308061095.5,421367,7437607,49.62,-0.002421600678048197
ICICIBANK,EQ,2023-03-17,823.9,831.8,838.4,818.65,838.0,836.25,828.45,11104490,9199538620.0,231625,5046765,45.45,0.014989683213982197
ICICIBANK,EQ,2023-03-20,836.25,837.0,837.8,825.0,836.85,836.45,830.52,14838651,12323776072.3,278069,5693751,38.37,0.00023916292974601738
ICICIBANK,EQ,2023-03-21,836.45,843.0,854.5,839.05,851.75,852.4,846.11,18755854,15869462815.95,224691,6640570,35.41,0.019068683125111896
ICICIBANK,EQ,2023-03-22,852.4,857.65,862.55,851.0,858.15,860.2,856.36,17431520,14927607314.9,156728,7101324,40.74,0.009150633505396577
ICICIBANK,EQ,2023-03-23,860.2,857.0,867.45,852.8,854.1,855.45,862.06,17920621,15448661801.95,214120,7575584,42.27,-0.005521971634503631
ICICIBANK,EQ,2023-03-24,855.45,852.5,860.0,849.15,851.45,852.4,854.95,17295696,14786927519.65,198327,3872814,22.39,-0.003565374948857447
ICICIBANK,EQ,2023-03-27,852.4,854.95,856.4,844.05,846.9,848.7,849.34,17047675,14479194037.9,218983,3375671,19.8,-0.004340685124354704
ICICIBANK,EQ,2023-03-28,848.7,855.55,858.9,848.2,856.9,854.75,853.35,24469018,20880709975.3,208296,5246179,21.44,0.007128549546364882
ICICIBANK,EQ,2023-03-29,854.75,857.05,862.1,848.0,855.0,851.0,854.88,34881515,29819416000.65,285499,14767286,42.34,-0.004387247733255384
ICICIBANK,EQ,2023-03-31,851.0,861.95,881.0,858.5,876.9,877.25,874.98,25739021,22521029030.15,279968,7590353,29.49,0.030846063454759154
ICICIBANK,EQ,2023-04-03,877.25,880.2,887.1,868.85,884.5,883.8,877.16,26416933,23171877331.15,227883,5160214,19.53,0.007466514676546021
ICICIBANK,EQ,2023-04-05,883.8,886.6,887.75,874.0,885.0,884.6,881.05,21068934,18562712710.8,198760,4737031,22.48,0.0009051821679113559
ICICIBANK,EQ,2023-04-06,884.6,882.0,890.1,872.7,875.0,875.0,879.57,26042745,22906329314.65,254836,4220954,16.21,-0.010852362649785285
ICICIBANK,EQ,2023-04-10,875.0,880.05,882.8,864.4,867.4,868.45,871.82,30906205,26944542002.85,200100,6618750,21.42,-0.007485714285714207
ICICIBANK,EQ,2023-04-11,868.45,873.7,885.6,865.0,882.9,881.9,879.62,39504022,34748690519.1,273420,11096870,28.09,0.015487362542460525
ICICIBANK,EQ,2023-04-12,881.9,883.45,892.0,880.3,891.0,890.15,885.61,22686032,20090985489.55,174718,3966206,17.48,0.009354802131760875
ICICIBANK,EQ,2023-04-13,890.15,891.1,901.65,886.5,898.0,899.0,893.75,34439635,30780277208.2,227426,5118927,14.86,0.009942144582373746
ICICIBANK,EQ,2023-04-17,899.0,917.3,917.3,893.15,899.6,901.3,900.34,29957514,26971974096.8,218944,6639181,22.16,0.0025583982202446176
ICICIBANK,EQ,2023-04-18,901.3,907.95,907.95,894.1,896.0,896.85,900.06,26699379,24030981838.1,211374,5040657,18.88,-0.004937312770442626
ICICIBANK,EQ,2023-04-19,896.85,895.9,896.9,887.25,892.1,891.9,891.12,24377956,21723699310.75,186782,4894724,20.08,-0.005519317611640817
ICICIBANK,EQ,2023-04-20,891.9,892.25,899.3,889.2,894.1,894.4,893.52,16999919,15189825560.9,142458,2179716,12.82,0.0028030048211682423
ICICIBANK,EQ,2023-04-21,894.4,894.55,900.7,882.4,887.6,885.65,892.06,29578071,26385557760.9,191343,9190263,31.07,-0.00978309481216455
ICICIBANK,EQ,2023-04-24,885.65,905.0,906.5,895.0,905.3,904.75,901.44,30881665,27837892551.7,314794,8615384,27.9,0.02156608140913452
ICICIBANK,EQ,2023-04-25,904.75,906.3,916.0,903.1,913.2,913.45,910.82,41383839,37693089217.55,348026,8918146,21.55,0.009615915998894664
ICICIBANK,EQ,2023-04-26,913.45,911.45,916.95,905.75,916.0,914.95,911.65,30371555,27688322157.8,203559,5125999,16.88,0.001642126005802158
ICICIBANK,EQ,2023-04-27,914.95,909.5,919.9,908.55,917.6,918.35,915.76,25835108,23658735545.7,201239,3469422,13.43,0.0037160500573800714
ICICIBANK,EQ,2023-04-28,918.35,915.1,920.45,910.25,919.3,917.65,914.7,20381002,18642498731.8,206736,5322207,26.11,-0.0007622366200250585
ICICIBANK,EQ,2023-05-02,917.65,924.0,925.8,918.7,921.95,922.1,922.52,17515017,16158017786.15,171814,4873474,27.82,0.004849343431591713
ICICIBANK,EQ,2023-05-03,922.1,919.55,923.85,911.55,921.7,922.85,917.93,18715142,17179260633.2,193633,4806434,25.68,0.0008133608068539022
ICICIBANK,EQ,2023-05-04,922.85,920.0,923.9,911.8,920.1,921.7,917.17,20485002,18788228239.4,182779,3968637,19.37,-0.0012461396760036214
ICICIBANK,EQ,2023-05-05,921.7,925.0,942.45,923.45,927.0,926.95,933.17,19002035,17732172083.15,233042,6586561,34.66,0.005695996528154446
ICICIBANK,EQ,2023-05-08,926.95,927.0,941.7,927.0,937.85,937.9,938.29,18623913,17474548902.45,173542,4306643,23.12,0.011812934894007254
ICICIBANK,EQ,2023-05-09,937.9,941.0,945.0,931.8,934.0,934.4,939.45,21507610,20205219030.0,197816,5537901,25.75,-0.003731741123787158
ICICIBANK,EQ,2023-05-10,934.4,934.6,941.0,928.25,936.6,936.05,933.75,25910923,24194253986.15,210957,7146365,27.58,0.0017658390410959512
ICICIBANK,EQ,2023-05-11,936.05,940.05,947.0,933.85,939.65,939.2,940.72,20027372,18840164285.9,213605,4433797,22.14,0.003365204850168446
ICICIBANK,EQ,2023-05-12,939.2,939.75,948.0,935.1,943.5,943.9,940.76,13873480,13051598098.95,197789,4040266,29.12,0.005004258943781759
ICICIBANK,EQ,2023-05-15,943.9,943.75,949.0,938.2,944.15,945.75,944.97,10453762,9878468196.25,164481,3309735,31.66,0.00195995338489241
ICICIBANK,EQ,2023-05-16,945.75,950.0,952.2,943.0,944.3,946.35,948.71,19612293,18606305163.9,226076,6510403,33.2,0.0006344171292624878
ICICIBANK,EQ,2023-05-17,946.35,947.3,948.4,935.8,942.4,939.35,941.45,19273344,18144912091.25,249139,6632984,34.42,-0.0073968404924182884
ICICIBANK,EQ,2023-05-18,939.35,947.95,952.25,942.1,946.5,946.5,947.09,21550141,20409847199.75,209338,5163840,23.96,0.007611646351200374
ICICIBANK,EQ,2023-05-19,946.5,951.45,956.0,941.6,954.0,954.3,948.41,15427412,14631454419.2,256936,4457516,28.89,0.008240887480190029
ICICIBANK,EQ,2023-05-22,954.3,951.05,954.25,946.15,948.5,950.35,950.48,15509525,14741519452.5,174326,2918539,18.82,-0.0041391595934191505
ICICIBANK,EQ,2023-05-23,950.35,952.0,958.85,945.0,951.0,953.4,954.55,16579935,15826384807.3,179712,5976229,36.04,0.0032093439259219814
ICICIBANK,EQ,2023-05-24,953.4,946.7,953.85,938.5,941.1,940.65,948.39,18049620,17118111862.45,156440,5058988,28.03,-0.013373190685965985
ICICIBANK,EQ,2023-05-25,940.65,937.0,941.6,932.95,939.4,939.85,937.68,19328582,18124113002.95,165933,5434226,28.11,-0.0008504757348641867
ICICIBANK,EQ,2023-05-26,939.85,939.8,952.45,935.55,950.5,950.7,944.9,10957182,10353399956.05,116316,2842350,25.94,0.011544395382241834
ICICIBANK,EQ,2023-05-29,950.7,953.85,957.6,946.8,948.15,948.15,951.73,12108079,11523605997.05,154665,4163616,34.39,-0.0026822341432629626
ICICIBANK,EQ,2023-05-30,948.15,945.35,952.3,944.65,951.35,949.95,948.19,18483624,17525924428.0,165705,5095077,27.57,0.0018984337921215122
ICICIBANK,EQ,2023-05-31,949.95,949.5,952.0,940.5,951.3,949.15,946.37,27254425,25792657193.2,196047,12163846,44.63,-0.0008421495868203843
ICICIBANK,EQ,2023-06-01,949.15,954.25,954.25,932.8,936.45,936.1,946.03,21650700,20482235167.7,199559,4344533,20.07,-0.013749143970921307
ICICIBANK,EQ,2023-06-02,936.1,943.0,944.65,935.05,936.6,938.15,939.61,12494376,11739902972.45,202054,4900317,39.22,0.0021899369725455475
ICICIBANK,EQ,2023-06-05,938.15,943.0,951.8,943.0,947.0,946.75,948.39,10751684,10196745923.25,124104,2500361,23.26,0.009166977562223622
ICICIBANK,EQ,2023-06-06,946.75,946.5,947.8,938.1,942.6,942.1,941.11,11894330,11193869092.55,140147,3828216,32.19,-0.004911539477158722
ICICIBANK,EQ,2023-06-07,942.1,944.35,945.85,933.8,940.0,940.2,937.88,16486469,15462369201.45,201193,5562271,33.74,-0.002016771043413579
ICICIBANK,EQ,2023-06-08,940.2,936.6,950.5,935.2,938.95,937.9,943.61,17608140,16615268439.75,191521,4467667,25.37,-0.0024462880238247386
ICICIBANK,EQ,2023-06-09,937.9,941.4,944.0,936.2,939.0,938.05,939.36,12253128,11510047267.8,160590,5041613,41.15,0.0001599317624481067
ICICIBANK,EQ,2023-06-12,938.05,938.0,943.5,933.3,936.7,935.95,938.6,10520125,9874219363.85,163744,4495674,42.73,-0.0022386866371727487
ICICIBANK,EQ,2023-06-13,935.95,935.9,946.25,934.1,943.75,943.55,940.17,13528776,12719334878.3,184244,5123245,37.87,0.008120091885250202
ICICIBANK,EQ,2023-06-14,943.55,946.05,946.95,936.25,939.15,939.8,938.69,13489262,12662298905.9,161261,7133576,52.88,-0.003974352180594609
ICICIBANK,EQ,2023-06-15,939.8,940.7,942.95,924.35,927.0,926.6,932.03,19366819,18050535655.75,196189,6380876,32.95,-0.0140455416045967
ICICIBANK,EQ,2023-06-16,926.6,929.3,937.75,927.0,934.05,934.2,932.02,11249387,10484657237.25,166192,6355075,56.49,0.008202028922944082
ICICIBANK,EQ,2023-06-19,934.2,933.5,933.95,918.7,922.35,923.15,923.17,19351375,17864588448.55,282056,7525806,38.89,-0.011828302290730064
ICICIBANK,EQ,2023-06-20,923.15,920.95,928.55,914.8,928.2,925.55,919.93,15212286,13994175555.45,287355,7046483,46.32,0.0025997941829605242
ICICIBANK,EQ,2023-06-21,925.55,928.0,928.4,920.0,925.0,924.7,923.8,9210553,8508710895.75,157330,3766988,40.9,-0.0009183728593807894
ICICIBANK,EQ,2023-06-22,924.7,924.4,935.55,920.7,925.7,925.75,930.42,27291569,25392594584.0,215747,5486085,20.1,0.001135503406510141
ICICIBANK,EQ,2023-06-23,925.75,926.05,931.9,919.0,923.9,923.5,924.42,8767733,8105050233.05,155655,2961310,33.78,-0.002430461787739646
ICICIBANK,EQ,2023-06-26,923.5,927.1,931.8,923.2,927.0,927.45,926.74,11749040,10888355748.15,195374,7729710,65.79,0.004277206280454804
ICICIBANK,EQ,2023-06-27,927.45,930.0,939.95,922.2,939.5,936.1,929.69,13422726,12478987767.95,212409,8471994,63.12,0.009326648336837495
ICICIBANK,EQ,2023-06-28,936.1,944.0,944.0,934.3,939.95,937.45,938.91,25708001,24137627542.55,315439,12389281,48.19,0.0014421536160666992
ICICIBANK,EQ,2023-06-30,937.45,940.5,942.2,930.65,934.0,934.6,934.58,13843218,12937538588.05,238313,9740979,70.37,-0.0030401621419808844
ICICIBANK,EQ,2023-07-03,934.6,937.0,945.75,936.5,942.95,942.55,942.96,12350359,11645937223.35,280788,7191470,58.23,0.008506312861116916
ICICIBANK,EQ,2023-07-04,942.55,947.25,951.3,942.0,944.55,944.7,946.5,14041699,13290439502.7,230684,5567115,39.65,0.0022810460983502256
ICICIBANK,EQ,2023-07-05,944.7,942.05,964.75,941.0,959.4,958.0,959.34,13817767,13256000056.3,236282,5835096,42.23,0.014078543452948011
ICICIBANK,EQ,2023-07-06,958.0,954.7,963.9,954.0,958.0,959.4,959.75,16334427,15676948689.65,265389,6951795,42.56,0.0014613778705636626
ICICIBANK,EQ,2023-07-07,959.4,953.0,955.05,943.8,944.95,946.4,949.99,8593807,8163998786.25,205348,4772725,55.54,-0.013550135501354976
ICICIBANK,EQ,2023-07-10,946.4,946.0,952.9,941.35,947.75,948.4,948.81,12069184,11451380722.1,239717,5431652,45.0,0.0021132713440406015
ICICIBANK,EQ,2023-07-11,948.4,948.4,952.7,941.9,945.9,944.95,948.14,16977595,16097205936.2,274418,6071134,35.76,-0.003637705609447428
ICICIBANK,EQ,2023-07-12,944.95,948.4,951.15,941.25,944.0,944.4,945.5,21511161,20338709528.85,341763,11147680,51.82,-0.0005820413778507838
ICICIBANK,EQ,2023-07-13,944.4,947.7,959.25,942.2,956.5,955.7,953.88,23222286,22151217019.2,320781,5269391,22.69,0.011965268953833208
ICICIBANK,EQ,2023-07-14,955.7,959.75,965.0,951.35,964.8,960.05,958.54,12871569,12337973703.65,233201,5246174,40.76,0.004551637543162013
ICICIBANK,EQ,2023-07-17,960.05,962.9,973.8,952.85,972.05,968.7,959.83,16290763,15636381792.45,227824,4101652,25.18,0.009009947398573193
ICICIBANK,EQ,2023-07-18,968.7,978.0,987.95,971.15,975.95,975.45,978.45,29709508,29069204304.05,402173,4362080,14.68,0.006968101579436281
ICICIBANK,EQ,2023-07-19,975.45,980.0,980.0,967.55,973.55,973.45,972.26,15994261,15550541577.95,228514,2650920,16.57,-0.0020503357424778157
ICICIBANK,EQ,2023-07-20,973.45,976.05,998.15,972.1,994.75,995.6,985.69,26487838,26108832396.35,299493,8281653,31.27,0.022754121937438976
ICICIBANK,EQ,2023-07-21,995.6,995.3,1001.45,988.8,1000.45,997.0,994.46,16903003,16809434509.7,255812,6324995,37.42,0.0014061872237847162
ICICIBANK,EQ,2023-07-24,997.0,1004.95,1008.7,990.1,991.95,992.0,997.52,21687719,21633951939.75,358444,7769554,35.82,-0.005015045135406182
ICICIBANK,EQ,2023-07-25,992.0,999.0,999.0,988.25,993.9,994.7,992.39,29325327,29102078261.1,365896,7973286,27.19,0.002721774193548354
ICICIBANK,EQ,2023-07-26,994.7,993.1,997.75,990.0,996.15,996.45,993.76,12780537,12700781383.7,211486,4177342,32.69,0.0017593244194229474
ICICIBANK,EQ,2023-07-27,996.45,1002.55,1006.5,987.2,994.1,990.25,993.54,25932395,25764883809.1,320992,7928081,30.57,-0.006222088413869287
ICICIBANK,EQ,2023-07-28,990.25,988.0,998.7,977.05,995.55,996.2,986.6,12584130,12415548731.2,286623,5531491,43.96,0.006008583690987113
ICICIBANK,EQ,2023-07-31,996.2,996.0,999.4,988.6,997.0,998.3,995.23,14303116,14234904667.9,232761,5782607,40.43,0.0021080104396706822
ICICIBANK,EQ,2023-08-01,998.3,1001.65,1003.7,990.45,995.65,994.55,995.03,15508569,15431416863.2,233652,3062074,19.74,-0.003756385855955169
ICICIBANK,EQ,2023-08-02,994.55,985.25,994.1,977.5,986.05,986.95,985.15,15787996,15553548909.85,243935,5845658,37.03,-0.007641646976019212
ICICIBANK,EQ,2023-08-03,986.95,976.55,983.0,960.05,966.5,965.0,968.6,30994707,30021543110.85,409313,11492374,37.08,-0.02224023506763262
ICICIBANK,EQ,2023-08-04,965.0,968.65,976.0,961.25,970.85,970.5,969.48,20582882,19954679141.05,296882,7476579,36.32,0.0056994818652849055
ICICIBANK,EQ,2023-08-07,970.5,970.95,981.5,968.2,975.0,975.65,976.6,16686062,16295685155.95,224562,7309302,43.8,0.005306543019062415
ICICIBANK,EQ,2023-08-08,975.65,975.75,986.6,972.3,981.0,979.9,980.5,23784778,23321034820.05,298758,6414691,26.97,0.004356070312099725
ICICIBANK,EQ,2023-08-09,979.9,974.95,975.3,963.6,973.0,972.7,969.34,19317331,18725102116.35,196780,5005743,25.91,-0.007347688539646846
ICICIBANK,EQ,2023-08-10,972.7,971.55,973.65,959.45,963.35,964.1,965.21,24858441,23993561281.3,336041,5615817,22.59,-0.008841369384188336
ICICIBANK,EQ,2023-08-11,964.1,963.4,963.5,950.0,954.35,952.85,955.69,17162177,16401688668.6,194985,8184004,47.69,-0.011668914013069132
ICICIBANK,EQ,2023-08-14,952.85,949.0,962.9,946.0,959.0,959.55,956.4,19026691,18197049210.4,245849,6687043,35.15,0.0070315369680431505
ICICIBANK,EQ,2023-08-16,959.55,954.45,959.8,946.6,956.0,956.5,954.56,17930805,17116068426.3,189193,5228649,29.16,-0.003178573289562725
ICICIBANK,EQ,2023-08-17,956.5,956.95,957.8,946.45,950.0,951.65,951.03,27077611,25751522550.55,332152,7867476,29.06,-0.005070569785676993
ICICIBANK,EQ,2023-08-18,951.65,947.9,955.0,946.0,948.95,950.65,951.53,13257508,12614874160.35,215725,5553198,41.89,-0.0010508064939841466
ICICIBANK,EQ,2023-08-21,950.65,950.7,959.3,948.4,952.85,955.2,955.23,13358017,12759968175.35,253434,6586890,49.31,0.0047861989165307595
ICICIBANK,EQ,2023-08-22,955.2,956.4,956.95,949.3,950.0,952.0,953.54,16872719,16088743644.25,284535,5543301,32.85,-0.003350083752093891
ICICIBANK,EQ,2023-08-23,952.0,954.0,968.05,949.85,967.0,966.85,960.41,14707331,14125049768.25,331761,5647028,38.4,0.015598739495798375
ICICIBANK,EQ,2023-08-24,966.85,972.5,982.4,966.75,968.8,968.95,972.6,28389740,27611944070.65,343063,5639523,19.86,0.0021720018617159553
ICICIBANK,EQ,2023-08-25,968.95,962.95,972.6,960.2,969.85,970.4,968.49,10275758,9951995362.2,196217,3908857,38.04,0.0014964652458846484
ICICIBANK,EQ,2023-08-28,970.4,969.95,975.0,965.05,971.4,970.55,970.17,10481574,10168926507.6,245681,4841265,46.19,0.00015457543281116592
ICICIBANK,EQ,2023-08-29,970.55,973.3,977.25,965.65,967.7,967.75,970.16,13209913,12815756159.75,220782,4065107,30.77,-0.0028849621348718824
ICICIBANK,EQ,2023-08-30,967.75,970.45,975.9,955.4,958.5,958.9,966.84,13936165,13474025378.85,277019,5838998,41.9,-0.009144923792301807
ICICIBANK,EQ,2023-08-31,958.9,960.0,966.2,954.05,959.85,958.75,959.09,36675400,35174833652.85,365627,15461131,42.16,-0.00015642924183956186
ICICIBANK,EQ,2023-09-01,958.75,956.9,973.05,952.8,967.6,968.7,961.63,16268147,15643884506.15,269894,7206654,44.3,0.010378096479791488
ICICIBANK,EQ,2023-09-04,968.7,968.7,969.05,960.55,967.0,967.35,964.6,9512956,9176182299.3,209738,4430060,46.57,-0.0013936203158873006
ICICIBANK,EQ,2023-09-05,967.35,964.1,970.0,962.25,969.5,968.4,965.27,16623486,16046141015.75,259236,4904307,29.5,0.0010854396030390845
ICICIBANK,EQ,2023-09-06,968.4,962.55,969.5,950.8,960.05,957.5,957.94,30802100,29506413588.7,436476,9661765,31.37,-0.011255679471292801
ICICIBANK,EQ,2023-09-07,957.5,957.4,969.5,954.7,962.95,965.65,961.62,13462347,12945641821.95,244409,4441841,32.99,0.008511749347258402
ICICIBANK,EQ,2023-09-08,965.65,967.5,975.0,961.25,971.8,970.55,968.42,13086915,12673695006.9,219318,5029816,38.43,0.005074302283436083
ICICIBANK,EQ,2023-09-11,970.55,974.95,982.0,969.35,982.0,978.25,974.06,7894110,7689302117.05,213561,4147416,52.54,0.007933645870898065
ICICIBANK,EQ,2023-09-12,978.25,990.1,995.15,982.65,989.55,990.5,988.45,20959591,20717509808.35,297925,8702966,41.52,0.012522361359570633
ICICIBANK,EQ,2023-09-13,990.5,989.8,994.85,980.55,989.95,989.8,988.38,21997553,21742027080.55,363734,7127182,32.4,-0.0007067137809187996
ICICIBANK,EQ,2023-09-14,989.8,992.3,992.9,982.25,987.75,987.7,987.17,11464188,11317106954.4,215342,5042479,43.98,-0.0021216407355020284
ICICIBANK,EQ,2023-09-15,987.7,990.35,997.5,988.6,991.95,992.45,992.53,13307980,13208589294.85,197327,7110193,53.43,0.004809152576693343
ICICIBANK,EQ,2023-09-18,992.45,990.1,996.25,987.3,989.45,990.2,992.03,16713222,16579990394.95,232525,6279996,37.58,-0.002267116731321517
ICICIBANK,EQ,2023-09-20,990.2,981.55,996.0,980.65,988.1,987.15,986.34,25741856,25390113398.5,471565,10335867,40.15,-0.0030801858210462996
ICICIBANK,EQ,2023-09-21,987.15,979.95,982.5,957.45,959.4,959.3,965.36,19742813,19058980867.15,397438,7107994,36.0,-0.028212531023653953
ICICIBANK,EQ,2023-09-22,959.3,956.5,960.9,947.4,951.5,950.3,955.04,12701888,12130824852.4,285137,5462713,43.01,-0.009381840925674956
ICICIBANK,EQ,2023-09-25,950.3,950.3,961.2,941.5,957.0,956.35,951.5,8997098,8560757897.1,216411,4457784,49.55,0.006366410607176798
ICICIBANK,EQ,2023-09-26,956.35,958.95,958.95,947.1,949.5,948.7,951.89,10521409,10015250645.2,285454,5284772,50.23,-0.007999163486171357
ICICIBANK,EQ,2023-09-27,948.7,946.3,946.5,934.4,942.0,943.1,940.81,15152973,14256060103.9,275468,8726495,57.59,-0.005902814377569343
ICICIBANK,EQ,2023-09-28,943.1,945.5,947.25,934.75,942.75,942.6,940.64,25991282,24448458324.4,298964,11783578,45.34,-0.0005301664722723309
ICICIBANK,EQ,2023-09-29,942.6,946.7,956.0,943.7,953.0,951.9,952.41,10447334,9950104904.1,197973,5166164,49.45,0.009866327180140022
ICICIBANK,EQ,2023-10-03,951.9,951.6,951.6,939.0,939.85,940.3,942.49,11131636,10491463492.05,287297,6605618,59.34,-0.012186154007773897
ICICIBANK,EQ,2023-10-04,940.3,935.0,935.5,925.0,932.25,930.05,928.86,17334739,16101559184.7,331953,8001032,46.16,-0.01090077634797404
ICICIBANK,EQ,2023-10-05,930.05,935.2,943.95,934.55,939.35,940.85,939.94,10478856,9849541968.9,258254,6155130,58.74,0.011612278909736151
ICICIBANK,EQ,2023-10-06,940.85,946.0,946.55,938.0,945.1,945.2,942.83,6355755,5992381430.7,211853,3883614,61.1,0.004623478769198108
ICICIBANK,EQ,2023-10-09,945.2,940.25,942.05,936.3,939.4,938.6,939.59,6725306,6319020565.15,164572,4766205,70.87,-0.006982649174777866
ICICIBANK,EQ,2023-10-10,938.6,940.4,957.5,940.35,951.8,951.2,950.77,11452715,10888905072.3,312706,6170364,53.88,0.01342424888131255
ICICIBANK,EQ,2023-10-11,951.2,954.9,962.05,950.75,952.9,953.1,954.48,12233117,11676233151.1,250829,5270609,43.08,0.0019974768713204583
ICICIBANK,EQ,2023-10-12,953.1,952.85,960.1,948.4,954.75,954.25,955.21,7836818,7485823584.0,198184,4343257,55.42,0.0012065890252859202
ICICIBANK,EQ,2023-10-13,954.25,949.95,957.4,944.55,949.5,951.3,949.15,6650442,6312242596.05,185229,3046532,45.81,-0.0030914330626146125
ICICIBANK,EQ,2023-10-16,951.3,948.5,954.85,946.15,950.5,951.4,951.09,5763024,5481129890.3,171124,3684553,63.93,0.00010511931041734535
ICICIBANK,EQ,2023-10-17,951.4,955.4,960.95,951.5,954.5,953.9,955.05,7747527,7399301380.75,171383,3351417,43.26,0.0026277065377338094
ICICIBANK,EQ,2023-10-18,953.9,949.2,950.65,939.1,943.5,943.75,944.12,12000153,11329585673.05,265905,6097921,50.82,-0.01064052835727014
ICICIBANK,EQ,2023-10-19,943.75,936.0,945.0,934.0,934.85,935.75,938.38,8612676,8081944861.8,224163,4203331,48.8,-0.008476821192052952
ICICIBANK,EQ,2023-10-20,935.75,932.0,940.0,930.0,934.0,932.75,934.41,6586576,6154589020.6,211005,3678744,55.85,-0.0032059845044082325
ICICIBANK,EQ,2023-10-23,932.75,942.0,944.8,925.4,931.1,929.95,938.81,11856890,11131359569.6,280316,5400962,45.55,-0.0030018761726078314
ICICIBANK,EQ,2023-10-25,929.95,926.05,933.8,911.4,917.4,916.1,921.17,12593434,11600643622.95,366568,7869741,62.49,-0.014893273831926512
ICICIBANK,EQ,2023-10-26,916.1,914.3,916.6,899.0,910.0,908.65,905.65,21693345,19646681777.2,401566,11847343,54.61,-0.00813229996725251
ICICIBANK,EQ,2023-10-27,908.65,916.0,918.15,911.3,914.0,912.75,913.92,8645505,7901304895.55,247992,5640911,65.25,0.004512188411379459
ICICIBANK,EQ,2023-10-30,912.75,909.1,926.3,908.2,924.25,924.9,919.45,7687791,7068566838.35,218361,4280229,55.68,0.0133114215283483
ICICIBANK,EQ,2023-10-31,924.9,929.3,931.0,914.1,916.3,915.35,920.82,17211107,15848409572.2,294816,8918681,51.82,-0.010325440588171642
ICICIBANK,EQ,2023-11-01,915.35,913.8,917.6,909.3,914.45,914.05,913.35,12927203,11807026467.3,258010,4576322,35.4,-0.0014202217730923117
ICICIBANK,EQ,2023-11-02,914.05,920.05,924.8,912.8,920.25,919.95,918.74,9747311,8955253577.45,209580,3952072,40.55,0.006454789125321492
ICICIBANK,EQ,2023-11-03,919.95,928.55,934.5,926.8,933.0,933.8,931.58,7146961,6657998287.8,158826,4224067,59.1,0.015055166041632706
ICICIBANK,EQ,2023-11-06,933.8,941.0,947.75,937.4,947.5,945.45,942.4,10338367,9742886548.95,211428,7029089,67.99,0.012475904904690527
ICICIBANK,EQ,2023-11-07,945.45,943.6,950.45,930.45,948.35,948.1,938.19,15704942,14734190070.9,447032,4381797,27.9,0.0028028980908560985
ICICIBANK,EQ,2023-11-08,948.1,948.45,948.45,934.1,935.7,935.75,936.99,17606074,16496734862.35,441034,5852195,33.24,-0.013026052104208485
ICICIBANK,EQ,2023-11-09,935.75,934.0,942.35,933.0,936.5,937.35,938.01,9406117,8823005431.45,207920,4042029,42.97,0.001709858402351161
ICICIBANK,EQ,2023-11-10,937.35,934.9,941.45,932.4,940.5,938.6,937.49,9560455,8962808080.0,160920,4853719,50.77,0.0013335467008055435
ICICIBANK,EQ,2023-11-12,938.6,942.0,943.2,939.6,942.15,942.35,941.88,1561479,1470722401.4,34082,485784,31.11,0.0039953121670572855
ICICIBANK,EQ,2023-11-13,942.35,940.9,940.9,932.0,934.1,934.45,934.34,11470096,10717018281.95,249856,6234815,54.36,-0.008383297076457796
ICICIBANK,EQ,2023-11-15,934.45,944.4,944.4,938.75,942.0,941.1,941.23,19492138,18346502448.5,291251,11993070,61.53,0.007116485633260172
ICICIBANK,EQ,2023-11-16,941.1,939.0,946.2,934.0,935.0,936.0,939.28,19706373,18509828840.85,287113,12453084,63.19,-0.005419190309212674
ICICIBANK,EQ,2023-11-17,936.0,926.55,938.4,920.15,920.8,921.85,927.68,10956653,10164255599.15,264468,7231791,66.0,-0.015117521367521314
ICICIBANK,EQ,2023-11-20,921.85,922.0,926.75,917.5,920.95,921.45,922.71,10562301,9745970504.05,217769,6694180,63.38,-0.0004339100721375555
ICICIBANK,EQ,2023-11-21,921.45,924.4,928.05,922.0,927.45,926.1,924.98,8989572,8315132428.0,255397,4532420,50.42,0.0050463942699006115
ICICIBANK,EQ,2023-11-22,926.1,923.25,925.2,914.75,923.2,922.75,920.02,12197979,11222427797.35,231742,5013740,41.1,-0.0036173199438506165
ICICIBANK,EQ,2023-11-23,922.75,923.0,925.35,918.5,923.05,923.0,921.82,5534614,5101943695.1,154622,3264680,58.99,0.00027092928745586775
ICICIBANK,EQ,2023-11-24,923.0,921.5,930.4,920.2,929.0,929.4,925.03,7452002,6893360153.95,164564,4442551,59.62,0.0069339111592632285
ICICIBANK,EQ,2023-11-28,929.4,928.9,931.05,921.7,930.1,925.5,925.0,14231987,13164522353.65,331592,8755751,61.52,-0.004196255648805658
ICICIBANK,EQ,2023-11-29,925.5,930.9,941.1,926.0,940.25,939.6,932.37,11680078,10890142789.3,243844,7940152,67.98,0.015235008103727798
ICICIBANK,EQ,2023-11-30,939.6,938.95,940.85,928.2,935.1,934.95,934.14,23950292,22372841520.7,350540,13981742,58.38,-0.004948914431673002
ICICIBANK,EQ,2023-12-01,934.95,935.95,952.0,933.0,947.5,946.7,945.05,16986046,16052598307.45,303858,10970897,64.59,0.012567516979517634
ICICIBANK,EQ,2023-12-04,946.7,963.7,994.85,961.4,991.0,991.2,977.0,33131257,32369280671.9,451348,22076125,66.63,0.04700538713425573
ICICIBANK,EQ,2023-12-05,991.2,1002.5,1015.75,995.05,1011.0,1013.45,1008.77,31378461,31653782357.9,447529,15162845,48.32,0.02244753833736879
ICICIBANK,EQ,2023-12-06,1013.45,1014.0,1016.25,1000.25,1002.7,1003.25,1004.35,18786590,18868401905.05,310120,8699665,46.31,-0.010064630716858258
ICICIBANK,EQ,2023-12-07,1003.25,996.35,1002.2,988.15,996.95,999.0,997.02,11841945,11806639948.45,234487,7158556,60.45,-0.0042362322452030865
ICICIBANK,EQ,2023-12-08,999.0,994.5,1012.85,993.25,1011.5,1010.85,1004.16,16116363,16183373034.15,252795,10774765,66.86,0.011861861861861778
ICICIBANK,EQ,2023-12-11,1010.85,1007.1,1020.0,1004.65,1015.35,1017.1,1015.52,11714606,11896421687.6,328196,7256063,61.94,0.006182915368254438
ICICIBANK,EQ,2023-12-12,1017.1,1017.1,1021.0,1008.6,1014.0,1015.7,1014.31,12380856,12558035033.4,274254,6033113,48.73,-0.0013764624913971124
ICICIBANK,EQ,2023-12-13,1015.7,1014.8,1020.7,1009.2,1013.3,1013.9,1013.53,15887040,16101952737.0,267603,8082472,50.87,-0.0017721768238654345
ICICIBANK,EQ,2023-12-14,1013.9,1022.25,1040.0,1021.25,1034.05,1033.65,1033.94,16317672,16871539889.3,316845,10416442,63.84,0.01947923858368683
ICICIBANK,EQ,2023-12-15,1033.65,1043.65,1043.7,1025.7,1034.1,1037.4,1034.57,14306067,14800627972.5,247584,9640057,67.38,0.0036279204759832595
ICICIBANK,EQ,2023-12-18,1037.4,1029.95,1029.95,1018.0,1024.95,1021.45,1022.18,8592711,8783339398.05,323894,4622730,53.8,-0.015374975901291776
ICICIBANK,EQ,2023-12-19,1021.45,1025.5,1025.5,1012.6,1014.0,1015.45,1017.14,10094256,10267241982.35,273477,5264619,52.15,-0.005874002643301179
ICICIBANK,EQ,2023-12-20,1015.45,1022.0,1022.0,1002.0,1003.9,1006.65,1010.88,16490281,16669747974.95,314770,8316896,50.44,-0.0086661086217934
ICICIBANK,EQ,2023-12-21,1006.65,996.55,1010.9,989.2,1004.7,1004.4,998.76,18064916,18042561316.1,284015,10878799,60.22,-0.002235136343316957
ICICIBANK,EQ,2023-12-22,1004.4,1002.95,1009.55,991.6,994.75,994.3,999.72,20881976,20876052963.25,459822,11063508,52.98,-0.010055754679410667
ICICIBANK,EQ,2023-12-26,994.3,994.9,997.5,989.9,995.75,995.1,993.91,14339699,14252368734.05,431341,9193636,64.11,0.0008045861410037602
ICICIBANK,EQ,2023-12-27,995.1,997.95,1004.9,992.0,1003.3,1002.25,999.11,12996468,12984956515.15,258434,8373654,64.43,0.0071852075168323815
ICICIBANK,EQ,2023-12-28,1002.25,1008.0,1011.7,999.1,1005.55,1005.9,1004.75,24915990,25034418852.1,332414,14470506,58.08,0.0036418059366425393
ICICIBANK,EQ,2023-12-29,1005.9,1004.05,1008.55,993.7,998.4,996.6,997.94,12280140,12254823841.85,261570,7889939,64.25,-0.009245451834178353
ICICIBANK,EQ,2024-01-01,996.6,991.55,1004.85,991.0,994.0,999.4,999.54,7683792,7680242979.25,179252,4134924,53.81,0.0028095524784266246
ICICIBANK,EQ,2024-01-02,999.4,997.0,997.65,980.25,982.2,982.25,986.5,16263825,16044246136.2,299393,8987680,55.26,-0.017160296177706647
ICICIBANK,EQ,2024-01-03,982.25,984.7,988.0,975.1,986.35,984.05,982.04,16826752,16524592371.55,288368,9463080,56.24,0.0018325273606514259
ICICIBANK,EQ,2024-01-04,984.05,986.4,989.15,981.9,988.65,987.15,985.6,22789140,22461089129.1,309334,16967479,74.45,0.0031502464305674938
ICICIBANK,EQ,2024-01-05,987.15,988.0,998.3,983.8,992.55,993.7,990.9,14875499,14740093870.25,312189,9332205,62.74,0.006635263131236524
ICICIBANK,EQ,2024-01-08,993.7,994.0,998.2,980.3,983.0,982.0,989.45,8393164,8304657336.65,196576,4175907,49.75,-0.011774177317097734
ICICIBANK,EQ,2024-01-09,982.0,986.25,995.0,975.4,978.0,979.75,984.62,14660414,14434925887.7,202344,5515197,37.62,-0.0022912423625254252
ICICIBANK,EQ,2024-01-10,979.75,974.3,994.95,974.3,992.5,993.05,989.28,9409181,9308354597.1,183064,5749186,61.1,0.013574891553967738
ICICIBANK,EQ,2024-01-11,993.05,995.3,998.5,986.85,990.4,991.15,991.28,6451345,6395101765.1,205605,3996181,61.94,-0.0019132974170484873
ICICIBANK,EQ,2024-01-12,991.15,994.8,1008.7,991.75,1001.95,1003.5,1002.83,12255743,12290375605.85,255004,8277142,67.54,0.012460273419764967
ICICIBANK,EQ,2024-01-15,1003.5,1003.5,1011.65,999.25,1010.0,1009.85,1007.04,12388044,12475200079.75,339028,7485540,60.43,0.0063278525161933885
ICICIBANK,EQ,2024-01-16,1009.85,1006.1,1015.8,1004.6,1007.65,1009.05,1010.56,11505126,11626570821.35,286201,6625571,57.59,-0.0007921968609200247
ICICIBANK,EQ,2024-01-17,1009.05,987.9,1007.8,976.75,979.5,981.75,989.71,41914771,41483325173.95,580135,17595246,41.98,-0.027055150884495283
ICICIBANK,EQ,2024-01-18,981.75,973.95,994.3,970.15,987.5,986.35,984.56,17902484,17626126346.95,405442,11114591,62.08,0.004685510567863593
ICICIBANK,EQ,2024-01-19,986.35,991.3,1010.9,987.55,1000.0,999.2,1002.64,23271148,23332513523.6,373845,16874233,72.51,0.013027829877832353
ICICIBANK,EQ,2024-01-20,999.2,1005.95,1014.7,995.3,1011.5,1008.7,1005.17,8788873,8834323616.8,172248,1752682,19.94,0.009507606084868003
ICICIBANK,EQ,2024-01-23,1008.7,1059.1,1059.4,1021.2,1027.9,1029.05,1035.82,50797448,52616782751.05,669065,31661624,62.33,0.020174482006543037
ICICIBANK,EQ,2024-01-24,1029.05,1029.45,1035.95,996.65,998.3,999.2,1006.0,34578943,34786249969.95,341150,23014320,66.56,-0.029007336864097844
ICICIBANK,EQ,2024-01-25,999.2,998.4,1015.1,988.15,1009.0,1009.95,1002.34,28315035,28381251257.0,342997,14229052,50.25,0.010758606885508337
ICICIBANK,EQ,2024-01-29,1009.95,1020.0,1032.0,1010.0,1018.15,1016.4,1020.75,14078922,14371068911.45,288152,8312982,59.05,0.006386454774988781
ICICIBANK,EQ,2024-01-30,1016.4,1014.95,1023.85,1008.0,1014.9,1016.9,1015.16,16085742,16329641195.2,272053,8212652,51.06,0.0004919323101140183
ICICIBANK,EQ,2024-01-31,1016.9,1016.8,1039.0,1003.25,1024.7,1028.15,1027.23,25627447,26325196239.65,384552,12571213,49.05,0.011063034713344688
ICICIBANK,EQ,2024-02-01,1028.15,1033.95,1033.95,1017.4,1024.7,1025.15,1025.68,13058880,13394253293.6,240963,7066624,54.11,-0.0029178621796430715
ICICIBANK,EQ,2024-02-02,1025.15,1037.1,1050.0,1021.65,1023.5,1024.0,1037.09,14774650,15322579057.0,298259,5533876,37.46,-0.0011217870555528808
ICICIBANK,EQ,2024-02-05,1024.0,1022.5,1026.45,1012.1,1021.5,1023.5,1020.49,12948430,13213806903.0,252161,5063778,39.11,-0.00048828125
ICICIBANK,EQ,2024-02-06,1023.5,1023.55,1034.9,1016.7,1027.75,1026.4,1027.06,12886927,13235660038.15,203228,6089164,47.25,0.0028334147532975695
ICICIBANK,EQ,2024-02-07,1026.4,1028.0,1031.55,1013.0,1022.85,1022.15,1020.41,16410895,16745900269.85,302775,7554837,46.04,-0.004140685892439655
ICICIBANK,EQ,2024-02-08,1022.15,1024.1,1028.25,985.25,991.9,989.3,1003.64,20565502,20640320782.2,332222,11867524,57.71,-0.03213814019468764
ICICIBANK,EQ,2024-02-09,989.3,988.85,1013.75,985.5,1010.95,1010.7,1005.08,12799837,12864802516.9,307855,7247647,56.62,0.021631456585464504
ICICIBANK,EQ,2024-02-12,1010.7,1010.4,1012.2,985.25,994.1,996.1,996.95,8050066,8025492595.25,231523,3223949,40.05,-0.014445433857722345
ICICIBANK,EQ,2024-02-13,996.1,1006.0,1027.05,1000.3,1018.55,1019.8,1016.0,18706292,19005585172.8,294962,6389610,34.16,0.023792791888364473
ICICIBANK,EQ,2024-02-14,1019.8,1009.55,1035.7,1007.55,1020.5,1022.7,1023.3,17878720,18295210771.65,333327,6229040,34.84,0.0028436948421259878
ICICIBANK,EQ,2024-02-15,1022.7,1022.85,1026.65,1006.6,1019.1,1016.65,1013.82,10069878,10209072761.8,238688,4072687,40.44,-0.0059157133079105195
ICICIBANK,EQ,2024-02-16,1016.65,1023.2,1026.2,1016.9,1022.95,1023.25,1022.11,7159395,7317724030.4,228404,3842449,53.67,0.006491909703437715
ICICIBANK,EQ,2024-02-19,1023.25,1023.35,1046.0,1023.35,1041.05,1043.75,1039.05,9388255,9754860639.6,223270,5147259,54.83,0.020034204739799666
ICICIBANK,EQ,2024-02-20,1043.75,1041.05,1052.65,1033.25,1049.75,1048.75,1046.56,11293528,11819391718.9,251413,4991710,44.2,0.004790419161676551
ICICIBANK,EQ,2024-02-21,1048.75,1056.8,1064.0,1048.0,1049.35,1051.95,1056.03,15946325,16839758063.3,285074,8400930,52.68,0.0030512514898688448
ICICIBANK,EQ,2024-02-22,1051.95,1056.0,1066.0,1040.3,1061.55,1062.7,1054.56,13432573,14165481752.55,289172,4966739,36.98,0.010219116878178669
ICICIBANK,EQ,2024-02-23,1062.7,1070.0,1070.0,1057.65,1061.25,1061.3,1063.91,13142759,13982766720.4,217544,8343213,63.48,-0.0013173990778206912
ICICIBANK,EQ,2024-02-26,1061.3,1053.1,1062.3,1050.5,1053.75,1054.2,1055.62,7875941,8313978243.65,187011,5027751,63.84,-0.0066899086026570576
ICICIBANK,EQ,2024-02-27,1054.2,1050.75,1066.2,1046.5,1061.5,1060.2,1057.17,10580973,11185895021.2,203486,5898487,55.75,0.00569151963574277
ICICIBANK,EQ,2024-02-28,1060.2,1063.0,1064.85,1042.15,1046.6,1046.2,1051.19,7730332,8126074219.15,175450,3965568,51.3,-0.013205055649877395
ICICIBANK,EQ,2024-02-29,1046.2,1043.05,1060.7,1038.5,1054.95,1052.2,1051.47,20944844,22022802548.35,343777,10421268,49.76,0.00573504110112788
ICICIBANK,EQ,2024-03-01,1052.2,1055.0,1089.95,1054.0,1085.0,1086.9,1079.42,14909562,16093696257.8,315463,9592724,64.34,0.03297852119368949
ICICIBANK,EQ,2024-03-02,1086.9,1087.25,1089.45,1080.5,1083.9,1084.65,1084.38,481475,522100593.2,14375,180404,37.47,-0.002070107645597563
ICICIBANK,EQ,2024-03-04,1084.65,1081.0,1095.0,1080.1,1090.9,1092.35,1090.04,11424581,12453254625.85,251185,7785048,68.14,0.00709906421426254
ICICIBANK,EQ,2024-03-05,1092.35,1086.2,1099.5,1076.5,1087.85,1088.05,1089.6,9222544,10048890642.95,258890,4745297,51.45,-0.003936467249507913
ICICIBANK,EQ,2024-03-06,1088.05,1080.3,1113.55,1080.3,1099.0,1097.1,1101.61,21796484,24011191501.45,364582,10180700,46.71,0.008317632461743552
ICICIBANK,EQ,2024-03-07,1097.1,1094.95,1095.0,1082.7,1086.5,1087.95,1088.3,9963926,10843732033.05,262108,5743168,57.64,-0.008340169537872422
ICICIBANK,EQ,2024-03-11,1087.95,1087.95,1087.95,1076.75,1077.5,1078.7,1081.06,13310362,14389279964.5,250456,9577327,71.95,-0.00850222896272812
ICICIBANK,EQ,2024-03-12,1078.7,1077.05,1094.8,1055.65,1075.05,1076.85,1077.9,21785435,23482625405.85,304992,10142990,46.56,-0.0017150273477335443
ICICIBANK,EQ,2024-03-13,1076.85,1077.15,1089.65,1073.15,1082.0,1083.95,1084.38,24855870,26953204669.15,361717,13165624,52.97,0.006593304545665646
ICICIBANK,EQ,2024-03-14,1083.95,1080.0,1097.1,1075.05,1084.35,1083.6,1086.03,14231421,15455740913.55,259807,6207330,43.62,-0.00032289312237665513
ICICIBANK,EQ,2024-03-15,1083.6,1072.0,1086.25,1070.0,1073.9,1080.35,1080.17,66192734,71499718294.1,347312,49077479,74.14,-0.002999261720191937
ICICIBANK,EQ,2024-03-18,1080.35,1075.05,1084.8,1060.05,1082.1,1081.2,1076.61,8769440,9441285942.75,253537,4101264,46.77,0.0007867820613691734
ICICIBANK,EQ,2024-03-19,1081.2,1078.45,1088.75,1075.25,1081.45,1083.95,1082.6,16708715,18088899237.65,367746,10342948,61.9,0.002543470218276056
ICICIBANK,EQ,2024-03-20,1083.95,1080.0,1090.0,1067.5,1087.0,1084.5,1081.24,18725251,20246525010.95,365151,8233921,43.97,0.0005074034780201409
ICICIBANK,EQ,2024-03-21,1084.5,1092.0,1100.0,1079.15,1081.5,1081.8,1086.38,19992607,21719605114.85,252414,13607650,68.06,-0.0024896265560165887
ICICIBANK,EQ,2024-03-22,1081.8,1081.15,1093.7,1078.7,1089.5,1090.3,1089.91,17214415,18762240505.05,258317,10440853,60.65,0.007857274912183465
ICICIBANK,EQ,2024-03-26,1090.3,1081.0,1089.15,1076.95,1083.4,1083.7,1083.24,13367635,14480333014.75,213520,7584977,56.74,-0.006053379803723669
ICICIBANK,EQ,2024-03-27,1083.7,1083.7,1092.5,1079.55,1085.0,1083.75,1085.29,26907245,29202142587.1,318363,13797010,51.28,4.613823013754903e-05
ICICIBANK,EQ,2024-03-28,1083.75,1085.0,1105.05,1085.0,1096.05,1093.3,1098.05,22070566,24234485223.65,369595,11950777,54.15,0.008811995386389881
ICICIBANK,EQ,2024-04-01,1093.3,1096.05,1102.95,1094.45,1098.7,1099.65,1098.49,10848191,11916581584.35,191651,7348389,67.74,0.005808103905607043
ICICIBANK,EQ,2024-04-02,1099.65,1094.45,1094.45,1079.25,1083.15,1081.2,1083.39,14380396,15579539289.95,226080,7380311,51.32,-0.016778065748192628
ICICIBANK,EQ,2024-04-03,1081.2,1075.0,1083.65,1072.25,1077.35,1077.2,1078.5,15477184,16692070515.2,237385,7647513,49.41,-0.0036995930447650816
ICICIBANK,EQ,2024-04-04,1077.2,1084.75,1085.8,1063.45,1080.55,1078.85,1074.52,21419689,23015858480.35,405986,8750884,40.85,0.0015317489788337912
ICICIBANK,EQ,2024-04-05,1078.85,1070.0,1086.0,1067.45,1084.0,1083.4,1073.64,15340637,16470380648.6,208528,10597870,69.08,0.004217453770218427
ICICIBANK,EQ,2024-04-08,1083.4,1078.35,1091.75,1076.3,1087.0,1087.15,1086.22,8023461,8715249008.2,182575,5067692,63.16,0.003461325456894926
ICICIBANK,EQ,2024-04-09,1087.15,1091.95,1115.25,1088.3,1107.7,1107.05,1106.16,12298463,13604116450.75,250588,6986882,56.81,0.018304741755967413
ICICIBANK,EQ,2024-04-10,1107.05,1110.95,1116.55,1105.15,1108.8,1109.4,1110.24,10598000,11766295607.5,209324,5038453,47.54,0.002122758682986392
ICICIBANK,EQ,2024-04-12,1109.4,1103.5,1111.85,1095.8,1103.0,1104.4,1103.24,12216657,13477844384.65,233873,5816469,47.61,-0.004506940688660532
ICICIBANK,EQ,2024-04-15,1104.4,1100.2,1106.15,1076.6,1077.6,1078.35,1085.46,10526597,11426239543.0,276339,6130101,58.23,-0.023587468308584048
ICICIBANK,EQ,2024-04-16,1078.35,1070.55,1074.6,1062.7,1068.75,1067.05,1067.53,11278092,12039721950.35,245846,7147384,63.37,-0.010478972504288864
ICICIBANK,EQ,2024-04-18,1067.05,1074.0,1078.05,1050.45,1055.3,1055.45,1061.02,16564216,17575027387.85,256438,9592696,57.91,-0.010871093200880866
ICICIBANK,EQ,2024-04-19,1055.45,1052.95,1072.0,1048.1,1068.0,1067.25,1062.04,11284433,11984483579.2,226385,5943916,52.67,0.011180065374958525
ICICIBANK,EQ,2024-04-22,1067.25,1078.8,1088.7,1070.35,1087.45,1086.65,1081.11,10346714,11185892977.85,233249,6324415,61.12,0.018177559147341427
ICICIBANK,EQ,2024-04-23,1086.65,1100.0,1100.0,1082.7,1089.35,1090.25,1089.76,9848215,10732159786.3,225694,6022904,61.16,0.0033129342474575996
ICICIBANK,EQ,2024-04-24,1090.25,1092.25,1098.4,1089.0,1096.0,1096.75,1095.26,5461309,5981531726.8,163749,2839358,51.99,0.005961935335932145
ICICIBANK,EQ,2024-04-25,1096.75,1090.0,1125.65,1089.95,1110.9,1113.75,1111.16,19905338,22117948129.1,432523,11021596,55.37,0.015500341919306937
ICICIBANK,EQ,2024-04-26,1113.75,1112.15,1120.0,1102.75,1110.75,1107.9,1108.32,14190059,15727185878.25,256262,7591720,53.5,-0.005252525252525175
ICICIBANK,EQ,2024-04-29,1107.9,1108.0,1163.45,1107.9,1156.4,1160.15,1145.94,28578063,32748745656.25,452808,12193669,42.67,0.04716129614586162
ICICIBANK,EQ,2024-04-30,1160.15,1159.95,1169.55,1146.75,1150.25,1150.4,1158.79,29568491,34263639032.05,409690,13001458,43.97,-0.00840408567857609
ICICIBANK,EQ,2024-05-02,1150.4,1143.0,1155.5,1133.25,1139.5,1139.45,1142.46,25118334,28696770052.6,378404,13848713,55.13,-0.009518428372739973
ICICIBANK,EQ,2024-05-03,1139.45,1141.3,1157.4,1135.45,1139.9,1142.05,1142.35,19933604,22771068634.85,335319,11284333,56.61,0.0022818026240729594
ICICIBANK,EQ,2024-05-06,1142.05,1141.55,1158.45,1138.1,1149.0,1146.3,1148.75,14970524,17197390735.3,293643,8840014,59.05,0.003721378223370264
ICICIBANK,EQ,2024-05-07,1146.3,1147.95,1152.75,1126.3,1130.8,1131.9,1133.89,15097728,17119126238.5,276170,8277553,54.83,-0.012562156503532984
ICICIBANK,EQ,2024-05-08,1131.9,1126.55,1132.0,1116.05,1126.5,1123.0,1121.94,19913090,22341334413.55,236817,12253880,61.54,-0.007862885413905896
ICICIBANK,EQ,2024-05-09,1123.0,1120.55,1128.85,1110.0,1113.75,1115.7,1116.17,12229853,13650562748.75,340525,8044806,65.78,-0.006500445235975039
ICICIBANK,EQ,2024-05-10,1115.7,1118.0,1128.9,1112.05,1118.3,1117.05,1118.62,8573656,9590623686.25,201833,4608865,53.76,0.0012100026888948179
ICICIBANK,EQ,2024-05-13,1117.05,1112.4,1130.65,1106.7,1126.65,1128.0,1118.74,9707983,10860681696.7,310812,5335513,54.96,0.009802605075869497
ICICIBANK,EQ,2024-05-14,1128.0,1125.9,1127.9,1118.55,1120.6,1120.55,1122.22,8944262,10037433196.2,211368,5244926,58.64,-0.006604609929078076
ICICIBANK,EQ,2024-05-15,1120.55,1122.1,1127.8,1113.5,1125.1,1124.35,1120.74,10743423,12040556800.25,200613,4434922,41.28,0.0033911918254427853
ICICIBANK,EQ,2024-05-16,1124.35,1133.0,1136.55,1112.8,1129.0,1131.05,1124.26,14265565,16038189930.75,288251,5282654,37.03,0.005958998532485493
ICICIBANK,EQ,2024-05-17,1131.05,1131.05,1144.0,1120.6,1130.5,1130.5,1129.46,8641784,9760545932.65,184425,4687091,54.24,-0.0004862738163652347
ICICIBANK,EQ,2024-05-18,1130.5,1131.0,1133.0,1126.9,1132.0,1130.75,1129.46,312750,353237131.2,7213,86644,27.7,0.0002211410880141873
ICICIBANK,EQ,2024-05-21,1130.75,1122.2,1133.8,1116.25,1119.2,1120.95,1123.77,10452900,11746662509.9,303384,7532194,72.06,-0.008666814061463635
ICICIBANK,EQ,2024-05-22,1120.95,1125.0,1125.9,1098.1,1114.65,1111.1,1111.52,17527411,19482088013.75,297269,8984502,51.26,-0.008787189437530762
ICICIBANK,EQ,2024-05-23,1111.1,1115.55,1137.0,1111.4,1136.5,1134.5,1127.3,13787687,15542815997.35,356486,6665714,48.35,0.021060210602106055
ICICIBANK,EQ,2024-05-24,1134.5,1130.0,1135.0,1124.15,1132.4,1131.95,1128.96,6312670,7126733318.7,168952,2612181,41.38,-0.002247686205376742
ICICIBANK,EQ,2024-05-27,1131.95,1131.9,1147.8,1121.55,1129.55,1129.8,1136.51,11599857,13183347631.65,232724,6378103,54.98,-0.0018993771809709958
ICICIBANK,EQ,2024-05-28,1129.8,1132.5,1135.2,1125.0,1126.0,1126.95,1128.55,9311718,10508731133.3,183922,5183835,55.67,-0.0025225703664364385
ICICIBANK,EQ,2024-05-29,1126.95,1115.05,1123.55,1098.5,1104.0,1102.0,1105.33,19268547,21298039298.25,278017,11455727,59.45,-0.022139402812902165
ICICIBANK,EQ,2024-05-30,1102.0,1097.0,1121.0,1096.9,1118.0,1113.7,1112.39,15255387,16969873875.3,288897,8724082,57.19,0.010617059891107061
ICICIBANK,EQ,2024-05-31,1113.7,1118.0,1130.6,1111.25,1121.85,1121.05,1121.14,26197718,29371225814.9,372763,12492870,47.69,0.006599622878692646
ICICIBANK,EQ,2024-06-03,1121.05,1170.0,1173.0,1136.3,1164.9,1160.0,1153.68,25699977,29649582413.3,404461,10675854,41.54,0.034744213014584524
ICICIBANK,EQ,2024-06-04,1160.0,1157.9,1159.4,1053.55,1076.0,1071.45,1100.42,43476837,47842667620.9,736743,14054035,32.33,-0.07633620689655174
ICICIBANK,EQ,2024-06-05,1071.45,1085.0,1123.25,1051.05,1102.95,1108.65,1088.83,42172104,45918290524.45,495916,16453850,39.02,0.0347193056138877
ICICIBANK,EQ,2024-06-06,1108.65,1118.0,1118.0,1096.6,1111.75,1110.4,1108.24,18574162,20584551019.2,322991,7101228,38.23,0.001578496369458282
ICICIBANK,EQ,2024-06-07,1110.4,1110.4,1128.3,1103.6,1121.0,1121.7,1121.0,17197635,19278488358.35,259981,8562893,49.79,0.010176512968299578
ICICIBANK,EQ,2024-06-10,1121.7,1116.0,1133.2,1115.1,1119.8,1123.8,1125.65,10851455,12214952684.85,266869,6865455,63.27,0.0018721583311045453
ICICIBANK,EQ,2024-06-11,1123.8,1119.75,1129.05,1111.0,1117.0,1118.2,1121.15,12250002,13734101150.75,260793,5176869,42.26,-0.004983093077059908
ICICIBANK,EQ,2024-06-12,1118.2,1121.0,1133.4,1112.0,1116.8,1119.55,1122.44,16096514,18067358887.55,252614,8359873,51.94,0.001207297442317845
ICICIBANK,EQ,2024-06-13,1119.55,1122.2,1123.2,1105.0,1110.3,1107.35,1113.06,12494254,13906865822.3,242344,8138481,65.14,-0.010897235496404867
ICICIBANK,EQ,2024-06-14,1107.35,1114.0,1114.0,1099.45,1105.05,1105.65,1106.42,11377979,12588866450.9,254117,6328869,55.62,-0.0015351966406284001
ICICIBANK,EQ,2024-06-18,1105.65,1113.95,1135.05,1101.2,1125.75,1122.85,1116.84,18306176,20445019555.65,395048,12278243,67.07,0.015556460000904382
ICICIBANK,EQ,2024-06-19,1122.85,1127.95,1165.55,1126.15,1144.4,1144.45,1145.3,34309514,39294754455.05,411691,13123207,38.25,0.019236763592643813
ICICIBANK,EQ,2024-06-20,1144.45,1154.05,1160.0,1135.5,1156.6,1156.8,1148.53,15475933,17774609753.75,290565,8378463,54.14,0.010791209751408903
ICICIBANK,EQ,2024-06-21,1156.8,1163.55,1169.9,1150.65,1157.5,1158.65,1158.43,69259425,80232244391.8,364312,45343258,65.47,0.0015992392807746558
ICICIBANK,EQ,2024-06-24,1158.65,1154.65,1175.65,1152.65,1169.5,1170.1,1167.04,12210295,14249961881.65,334746,5727261,46.91,0.009882190480300146
ICICIBANK,EQ,2024-06-25,1170.1,1170.25,1206.0,1167.65,1204.0,1197.95,1189.12,27309845,32474729413.3,340752,10698273,39.17,0.023801384497051714
ICICIBANK,EQ,2024-06-26,1197.95,1202.0,1222.85,1193.85,1211.0,1218.0,1213.68,25403461,30831720749.55,338144,12022888,47.33,0.0167369255812011
ICICIBANK,EQ,2024-06-27,1218.0,1228.35,1235.0,1209.1,1216.5,1219.9,1223.4,20516632,25100065333.5,333951,10272054,50.07,0.0015599343185550563
ICICIBANK,EQ,2024-06-28,1219.9,1227.0,1227.0,1196.35,1197.25,1199.6,1205.22,12507092,15073852025.65,239920,6947558,55.55,-0.01664070825477515
ICICIBANK,EQ,2024-07-01,1199.6,1199.6,1215.35,1192.05,1208.05,1211.85,1207.5,8636894,10429024972.3,216109,4544835,52.62,0.010211737245748642
ICICIBANK,EQ,2024-07-02,1211.85,1217.0,1217.0,1185.55,1191.9,1190.6,1194.64,16153925,19298185249.15,288672,7137154,44.18,-0.0175351734950695
ICICIBANK,EQ,2024-07-03,1190.6,1196.85,1215.85,1179.45,1200.0,1201.6,1201.88,22330897,26839117475.35,322655,6091710,27.28,0.009239039139929517
ICICIBANK,EQ,2024-07-04,1201.6,1229.0,1234.95,1214.3,1231.95,1233.0,1226.12,15275791,18729947538.2,352519,8814442,57.7,0.02613182423435423
ICICIBANK,EQ,2024-07-05,1233.0,1225.0,1242.6,1220.85,1231.85,1233.4,1230.96,9535575,11737894586.9,222003,4273527,44.82,0.00032441200324417885
ICICIBANK,EQ,2024-07-08,1233.4,1228.9,1239.5,1216.9,1237.0,1235.05,1232.84,6617190,8157945587.7,141803,3801598,57.45,0.0013377655261876953
ICICIBANK,EQ,2024-07-09,1235.05,1234.95,1250.2,1229.3,1245.75,1248.25,1242.29,13366874,16605489307.5,225750,7605247,56.9,0.010687826403789291
ICICIBANK,EQ,2024-07-10,1248.25,1252.75,1252.75,1236.35,1242.0,1243.2,1243.64,18226503,22667118261.75,237867,9100069,49.93,-0.004045663929501231
ICICIBANK,EQ,2024-07-11,1243.2,1246.35,1257.8,1225.05,1240.0,1238.45,1238.32,11307116,14001786280.2,254070,6090422,53.86,-0.0038207850707850932
ICICIBANK,EQ,2024-07-12,1238.45,1235.9,1252.9,1230.1,1234.5,1232.9,1238.33,12208290,15117865256.9,270991,6008473,49.22,-0.004481408211877702
ICICIBANK,EQ,2024-07-15,1232.9,1233.1,1238.45,1224.05,1231.0,1229.95,1231.32,15612671,19224214819.8,425864,7608509,48.73,-0.0023927325817179046
ICICIBANK,EQ,2024-07-16,1229.95,1230.0,1245.0,1229.0,1238.65,1239.9,1239.36,12320605,15269644738.05,234578,6477523,52.57,0.008089759746331193
ICICIBANK,EQ,2024-07-18,1239.9,1234.9,1256.45,1231.7,1248.85,1250.3,1246.19,10999632,13707637498.2,260080,5809291,52.81,0.008387773207516602
ICICIBANK,EQ,2024-07-19,1250.3,1244.0,1250.5,1240.25,1249.65,1248.65,1246.51,7958817,9920755411.1,166403,4667555,58.65,-0.0013196832760136168
ICICIBANK,EQ,2024-07-22,1248.65,1240.0,1245.3,1232.9,1243.0,1241.15,1239.95,9958965,12348652027.55,212302,6123697,61.49,-0.006006487005966399
ICICIBANK,EQ,2024-07-23,1241.15,1241.15,1248.65,1212.5,1227.0,1226.75,1233.33,19369832,23889418788.45,334507,8090724,41.77,-0.011602143173669699
ICICIBANK,EQ,2024-07-24,1226.75,1225.0,1233.65,1202.05,1226.6,1223.0,1217.43,20122521,24497689858.5,303947,7559944,37.57,-0.0030568575504381634
ICICIBANK,EQ,2024-07-25,1223.0,1205.5,1218.25,1190.6,1196.8,1197.9,1199.56,14154461,16979148793.5,288588,7879760,55.67,-0.020523303352412037
ICICIBANK,EQ,2024-07-26,1197.9,1190.0,1220.0,1185.95,1217.0,1207.2,1201.61,19309265,23202284062.95,257813,12340898,63.91,0.007763586275982837
ICICIBANK,EQ,2024-07-29,1207.2,1215.15,1242.75,1204.15,1210.55,1212.7,1223.16,28458261,34809114390.95,465385,8896090,31.26,0.00455599734923795
ICICIBANK,EQ,2024-07-30,1212.7,1213.0,1230.85,1204.4,1206.75,1209.45,1216.09,23972277,29152365084.55,326807,9397526,39.2,-0.0026799703141749953
ICICIBANK,EQ,2024-07-31,1209.45,1219.0,1224.65,1211.0,1216.1,1214.9,1216.75,22297629,27130602886.6,278794,11848714,53.14,0.00450618049526641
ICICIBANK,EQ,2024-08-01,1214.9,1212.5,1222.65,1206.9,1208.45,1210.1,1213.22,8725046,10585369513.15,166589,5162505,59.17,-0.003950942464400531
ICICIBANK,EQ,2024-08-02,1210.1,1197.0,1201.65,1190.1,1197.3,1196.55,1196.16,10735395,12841271847.1,267701,6615453,61.62,-0.011197421700685828
ICICIBANK,EQ,2024-08-05,1196.55,1182.0,1188.9,1167.0,1171.85,1172.6,1173.69,14306771,16791669195.4,303083,8928367,62.41,-0.020015878985416458
ICICIBANK,EQ,2024-08-06,1172.6,1175.0,1187.7,1161.5,1167.7,1166.85,1169.06,13575619,15870778423.2,269178,6142127,45.24,-0.0049036329524134725
ICICIBANK,EQ,2024-08-07,1166.85,1178.95,1179.8,1161.6,1173.5,1172.45,1170.37,15753644,18437524153.2,268848,6449023,40.94,0.004799245832797894
ICICIBANK,EQ,2024-08-08,1172.45,1166.95,1174.4,1158.9,1164.7,1164.6,1166.37,10806438,12604262739.9,240108,5792396,53.6,-0.006695381466160666
ICICIBANK,EQ,2024-08-09,1164.6,1176.55,1180.95,1169.0,1170.95,1171.6,1173.65,8687307,10195833284.65,161291,6055216,69.7,0.00601064743259494
ICICIBANK,EQ,2024-08-12,1171.6,1171.0,1178.25,1156.0,1172.5,1172.8,1170.54,10860455,12712620911.4,206013,5648835,52.01,0.001024240355069983
ICICIBANK,EQ,2024-08-13,1172.8,1183.2,1189.25,1163.6,1170.45,1168.35,1172.48,13117927,15380495808.3,260022,6008482,45.8,-0.0037943383356071614
ICICIBANK,EQ,2024-08-14,1168.35,1167.0,1170.05,1153.0,1161.2,1161.65,1159.56,13431801,15575000780.5,232399,7107910,52.92,-0.005734582958873524
ICICIBANK,EQ,2024-08-16,1161.65,1170.0,1193.0,1165.65,1188.5,1187.25,1181.45,10961370,12950302290.6,233289,5454731,49.76,0.022037618904144907
ICICIBANK,EQ,2024-08-19,1187.25,1191.0,1195.75,1173.3,1177.7,1175.9,1181.33,6686394,7898845446.25,123110,3030789,45.33,-0.00955990734891543
ICICIBANK,EQ,2024-08-20,1175.9,1174.2,1189.8,1170.0,1177.3,1179.45,1181.26,10427061,12317105974.95,179266,4919341,47.18,0.0030189641976359205
ICICIBANK,EQ,2024-08-21,1179.45,1177.0,1178.65,1165.1,1175.65,1174.85,1172.27,17234142,20203111541.65,232318,8263320,47.95,-0.003900122938657935
ICICIBANK,EQ,2024-08-22,1174.85,1182.0,1192.6,1176.6,1190.85,1191.1,1187.45,8564142,10169462494.05,248029,5412334,63.2,0.013831552964208127
ICICIBANK,EQ,2024-08-23,1191.1,1193.0,1205.0,1188.55,1204.6,1203.5,1199.93,7518309,9021422625.6,173481,4757508,63.28,0.010410544874485783
ICICIBANK,EQ,2024-08-26,1203.5,1205.55,1214.95,1201.05,1213.8,1213.3,1211.0,10920226,13224400323.25,149344,7750510,70.97,0.00814291649356047
ICICIBANK,EQ,2024-08-27,1213.3,1213.3,1232.5,1208.9,1221.4,1226.35,1222.91,16295325,19927790422.65,196362,9162721,56.23,0.010755789994230547
ICICIBANK,EQ,2024-08-28,1226.35,1222.65,1226.4,1217.3,1221.0,1223.85,1223.2,12291305,15034780643.15,189822,6070412,49.39,-0.002038569739470808
ICICIBANK,EQ,2024-08-29,1223.85,1218.95,1235.0,1217.0,1222.75,1221.9,1225.43,10806748,13242885244.55,234393,5998619,55.51,-0.0015933325162396095
ICICIBANK,EQ,2024-08-30,1221.9,1230.0,1235.55,1218.9,1232.0,1229.2,1228.19,21211148,26051302724.15,280420,13086144,61.69,0.0059743023160652164
ICICIBANK,EQ,2024-09-02,1229.2,1239.0,1239.2,1222.5,1229.05,1229.95,1229.7,12516759,15391898359.8,303615,8125381,64.92,0.0006101529450048826
ICICIBANK,EQ,2024-09-03,1229.95,1227.2,1250.95,1220.4,1247.0,1247.7,1236.45,19114907,23634702771.55,241160,11369194,59.48,0.0144314809545103
ICICIBANK,EQ,2024-09-04,1247.7,1239.85,1243.7,1232.8,1234.8,1236.35,1237.93,13505843,16719275265.8,239189,8181463,60.58,-0.009096737997916327
ICICIBANK,EQ,2024-09-05,1236.35,1238.0,1244.85,1231.3,1235.35,1235.95,1235.75,9142811,11298202305.6,160981,6036567,66.03,-0.00032353298014309306
ICICIBANK,EQ,2024-09-06,1235.95,1225.95,1233.9,1205.0,1209.45,1208.15,1217.46,10170479,12382167972.95,347361,5377433,52.87,-0.0224928192888062
ICICIBANK,EQ,2024-09-09,1208.15,1202.9,1238.3,1200.45,1233.45,1235.0,1225.45,13863250,16988666399.95,241629,9068199,65.41,0.02222406158175705
ICICIBANK,EQ,2024-09-10,1235.0,1236.95,1241.35,1227.0,1237.7,1237.3,1235.85,15545130,19211436678.4,323300,9422327,60.61,0.001862348178137685
ICICIBANK,EQ,2024-09-11,1237.3,1231.5,1239.3,1226.4,1238.0,1236.35,1234.69,11993242,14807986266.1,183989,5249210,43.77,-0.0007678008567041372
ICICIBANK,EQ,2024-09-12,1236.35,1238.0,1257.0,1226.35,1246.0,1252.15,1243.23,15376442,19116492463.75,211567,8928331,58.06,0.012779552715655118
ICICIBANK,EQ,2024-09-13,1252.15,1252.0,1255.95,1242.05,1248.5,1250.35,1249.5,9877288,12341663943.3,268203,6746373,68.3,-0.001437527452781362
ICICIBANK,EQ,2024-09-16,1250.35,1251.0,1265.6,1244.7,1263.9,1262.85,1257.5,8973335,11284007408.7,165577,6415744,71.5,0.009997200783780524
ICICIBANK,EQ,2024-09-17,1262.85,1259.95,1272.25,1258.4,1266.2,1268.1,1267.18,11513121,14589189437.25,204010,6596446,57.3,0.004157263332937422
ICICIBANK,EQ,2024-09-18,1268.1,1262.0,1295.35,1262.0,1285.6,1288.35,1286.46,12466597,16037767362.2,240630,6157977,49.4,0.015968772178850177
ICICIBANK,EQ,2024-09-19,1288.35,1288.35,1300.0,1285.35,1292.6,1292.0,1293.4,13172268,17036955554.9,210277,8351796,63.4,0.0028330810726899802
ICICIBANK,EQ,2024-09-20,1292.0,1295.0,1362.35,1291.55,1349.8,1338.45,1331.38,73257767,97533734303.1,544641,44237266,60.39,0.035952012383901
ICICIBANK,EQ,2024-09-23,1338.45,1331.0,1331.8,1308.5,1322.0,1321.9,1320.13,11380409,15023616031.4,309380,5927910,52.09,-0.012365049123986616
ICICIBANK,EQ,2024-09-24,1321.9,1321.0,1331.4,1315.45,1320.0,1318.6,1320.74,13886037,18339847790.4,250464,8691426,62.59,-0.002496406687344077
ICICIBANK,EQ,2024-09-25,1318.6,1310.75,1327.75,1310.1,1326.0,1323.85,1322.81,8728019,11545532561.7,174582,4283291,49.08,0.003981495525557488
ICICIBANK,EQ,2024-09-26,1323.85,1320.0,1333.35,1316.9,1325.45,1329.05,1326.63,11100869,14726692627.25,278312,6623851,59.67,0.003927937455149744
ICICIBANK,EQ,2024-09-27,1329.05,1333.0,1333.0,1303.85,1306.5,1306.6,1312.54,17117379,22467183500.85,289431,12510425,73.09,-0.01689176479440202
ICICIBANK,EQ,2024-09-30,1306.6,1292.1,1296.8,1270.9,1273.95,1273.0,1278.52,12622212,16137780831.8,240013,8513213,67.45,-0.02571559773457821
ICICIBANK,EQ,2024-10-01,1273.0,1269.8,1280.25,1267.6,1277.0,1274.4,1274.08,10972413,13979758159.0,191587,6791453,61.9,0.0010997643362138376
ICICIBANK,EQ,2024-10-03,1274.4,1253.6,1265.75,1248.15,1257.85,1256.35,1253.97,17648551,22130753423.9,337808,13813366,78.27,-0.014163527934714537
ICICIBANK,EQ,2024-10-04,1256.35,1247.1,1264.4,1236.2,1240.95,1239.75,1248.43,13488887,16839882681.7,326830,6370212,47.23,-0.013212878576829623
ICICIBANK,EQ,2024-10-07,1239.75,1241.55,1262.95,1225.0,1236.0,1233.9,1242.75,20667247,25684216795.9,439173,8701660,42.1,-0.004718693284936459
ICICIBANK,EQ,2024-10-08,1233.9,1241.0,1247.8,1229.75,1236.7,1236.6,1238.7,12219259,15135972486.95,257858,8000568,65.48,0.00218818380743957
ICICIBANK,EQ,2024-10-09,1236.6,1243.05,1265.1,1232.65,1247.2,1244.15,1246.69,14765997,18408662575.6,260234,5044864,34.17,0.006105450428594672
ICICIBANK,EQ,2024-10-10,1244.15,1246.75,1254.7,1238.0,1244.0,1243.5,1244.67,9118195,11349142276.1,265371,4326130,47.45,-0.0005224450428004124
ICICIBANK,EQ,2024-10-11,1243.5,1237.0,1240.8,1222.0,1223.3,1223.0,1228.1,8472512,10405084855.95,284576,5141282,60.68,-0.016485725774024962
ICICIBANK,EQ,2024-10-14,1223.0,1221.0,1237.9,1217.4,1234.2,1231.75,1232.07,11833929,14580270211.55,230853,8812918,74.47,0.007154538021259205
ICICIBANK,EQ,2024-10-15,1231.75,1238.95,1258.3,1235.4,1256.0,1255.5,1251.17,11657338,14585323470.45,216309,7761367,66.58,0.01928151004668166
ICICIBANK,EQ,2024-10-16,1255.5,1248.5,1254.95,1241.6,1245.0,1243.15,1247.54,7869727,9817809931.2,207420,4923400,62.56,-0.009836718438868908
ICICIBANK,EQ,2024-10-17,1243.15,1249.45,1256.95,1224.4,1232.0,1231.25,1235.01,8459497,10447582321.9,160363,5549943,65.61,-0.009572457064714657
ICICIBANK,EQ,2024-10-18,1231.25,1227.95,1268.9,1225.25,1267.0,1264.5,1256.38,11018126,13842929408.2,229878,6902716,62.65,0.02700507614213188
ICICIBANK,EQ,2024-10-21,1264.5,1264.5,1272.35,1250.55,1257.55,1259.05,1260.14,7742775,9756942032.15,155332,4567006,58.98,-0.004310003954132058
ICICIBANK,EQ,2024-10-22,1259.05,1266.6,1284.9,1259.75,1268.35,1267.5,1273.05,20090801,25576570325.35,408613,9703216,48.3,0.006711409395973256
ICICIBANK,EQ,2024-10-23,1267.5,1261.0,1267.95,1243.05,1253.5,1251.6,1251.59,14055447,17591629567.8,319605,8271068,58.85,-0.01254437869822489
ICICIBANK,EQ,2024-10-24,1251.6,1250.25,1260.45,1241.05,1254.7,1252.75,1252.73,12223031,15312132847.55,313840,8917637,72.96,0.0009188239054012115
ICICIBANK,EQ,2024-10-25,1252.75,1247.25,1268.9,1234.2,1259.6,1255.45,1250.04,13546055,16933102486.65,370555,7506753,55.42,0.0021552584314508128
ICICIBANK,EQ,2024-10-28,1255.45,1285.5,1307.8,1280.6,1294.4,1292.85,1296.93,24096412,31251379929.3,619071,14032225,58.23,0.029790115098171865
ICICIBANK,EQ,2024-10-29,1292.85,1301.35,1335.35,1299.25,1331.65,1331.85,1321.25,20656117,27291948603.05,436897,11909218,57.65,0.030165912518853588
ICICIBANK,EQ,2024-10-30,1331.85,1324.0,1330.9,1305.6,1313.0,1312.15,1312.8,15055031,19764232516.2,285240,8189838,54.4,-0.014791455494237216
ICICIBANK,EQ,2024-10-31,1312.15,1307.25,1318.95,1288.55,1294.8,1292.25,1296.28,23497314,30459066088.4,250950,17937069,76.34,-0.015165949014975477
ICICIBANK,EQ,2024-11-01,1292.25,1289.95,1296.2,1286.25,1291.9,1291.8,1292.11,1007022,1301180367.65,40161,340097,33.77,-0.00034822983168891763
ICICIBANK,EQ,2024-11-04,1291.8,1290.1,1291.8,1270.05,1275.4,1277.2,1276.5,14309121,18265649923.8,268956,9268857,64.78,-0.011302059142281995
ICICIBANK,EQ,2024-11-05,1277.2,1273.0,1301.3,1263.1,1291.6,1296.7,1284.33,16431920,21104080468.9,262702,8353299,50.84,0.0152677732539932
ICICIBANK,EQ,2024-11-06,1296.7,1300.25,1315.0,1292.7,1305.0,1302.35,1306.97,12037405,15732582044.35,201411,7356098,61.11,0.004357214467494375
ICICIBANK,EQ,2024-11-07,1302.35,1297.15,1302.8,1275.25,1279.75,1278.7,1282.48,9909035,12708118911.4,185720,7049271,71.14,-0.018159480938303774
ICICIBANK,EQ,2024-11-08,1278.7,1270.0,1275.0,1252.7,1259.0,1258.85,1260.33,11195808,14110419237.85,233807,7881177,70.39,-0.015523578634550783
ICICIBANK,EQ,2024-11-11,1258.85,1262.0,1275.9,1246.65,1268.65,1269.3,1266.04,8387780,10619276125.0,193310,4438244,52.91,0.008301227310640646
ICICIBANK,EQ,2024-11-12,1269.3,1276.15,1295.0,1264.5,1269.0,1270.6,1276.01,13486168,17208486809.7,251685,5842950,43.33,0.0010241865595208566
ICICIBANK,EQ,2024-11-13,1270.6,1270.6,1276.25,1250.0,1258.0,1253.7,1261.05,12260404,15460965858.0,258070,5557092,45.33,-0.013300802770344622
ICICIBANK,EQ,2024-11-14,1253.7,1253.75,1267.7,1243.05,1258.95,1256.95,1255.26,9506892,11933598279.7,224597,5310528,55.86,0.002592326712929749
ICICIBANK,EQ,2024-11-18,1256.95,1260.0,1262.6,1249.4,1252.25,1253.45,1254.62,6195554,7773053428.25,204301,3775521,60.94,-0.0027845180794781044
ICICIBANK,EQ,2024-11-19,1253.45,1257.05,1261.0,1240.85,1244.0,1249.1,1251.54,11537317,14439401407.2,233269,7049513,61.1,-0.0034704216362839713
ICICIBANK,EQ,2024-11-21,1249.1,1248.55,1256.9,1232.55,1255.85,1250.55,1247.38,9593870,11967189179.0,209109,4862632,50.68,0.0011608358017773934
ICICIBANK,EQ,2024-11-22,1250.55,1258.0,1281.4,1256.0,1278.0,1278.05,1275.03,11604338,14795857555.95,214688,6844834,58.99,0.02199032425732672
ICICIBANK,EQ,2024-11-25,1278.05,1296.0,1311.2,1290.0,1303.0,1300.95,1302.41,22717581,29587514842.45,205883,16520496,72.72,0.01791792183404417
ICICIBANK,EQ,2024-11-26,1300.95,1310.6,1314.25,1302.45,1304.8,1304.95,1306.1,7646955,9987688168.25,164865,4396342,57.49,0.003074676198162818
ICICIBANK,EQ,2024-11-27,1304.95,1298.5,1310.85,1297.85,1301.25,1300.7,1302.15,21938082,28566603156.6,222370,16717483,76.2,-0.003256829763592428
ICICIBANK,EQ,2024-11-28,1300.7,1301.05,1310.5,1282.3,1287.5,1286.35,1292.68,22803745,29477962300.3,275436,17693973,77.59,-0.01103252095025764
ICICIBANK,EQ,2024-11-29,1286.35,1283.1,1303.25,1283.1,1298.7,1300.1,1296.93,11397228,14781429160.6,242391,7815536,68.57,0.010689159249037905
ICICIBANK,EQ,2024-12-02,1300.1,1299.9,1310.55,1289.15,1303.45,1304.65,1303.46,9626400,12547591627.65,225242,7281438,75.64,0.0034997307899393704
ICICIBANK,EQ,2024-12-03,1304.65,1303.95,1312.8,1296.1,1306.75,1308.4,1306.89,11509276,15041301418.2,235915,8693306,75.53,0.0028743341125971877
ICICIBANK,EQ,2024-12-04,1308.4,1302.6,1320.0,1301.7,1315.6,1316.05,1313.28,11570281,15195002837.45,247575,7517045,64.97,0.005846835830021213
ICICIBANK,EQ,2024-12-05,1316.05,1316.25,1342.9,1308.6,1336.55,1336.5,1329.38,19210697,25538293421.05,281891,12163323,63.32,0.015538923293187956
ICICIBANK,EQ,2024-12-06,1336.5,1342.5,1347.1,1326.7,1329.0,1328.75,1334.62,8942672,11935098947.85,208546,5623078,62.88,-0.005798728020950272
ICICIBANK,EQ,2024-12-09,1328.75,1322.1,1329.05,1320.25,1323.5,1322.3,1323.57,8000764,10589599383.15,148025,5650135,70.62,-0.004854186265286997
ICICIBANK,EQ,2024-12-10,1322.3,1319.0,1332.0,1315.25,1331.35,1330.45,1327.71,8218214,10911393630.45,157320,5774561,70.27,0.006163502987219349
ICICIBANK,EQ,2024-12-11,1330.45,1324.7,1331.25,1316.0,1328.0,1327.5,1325.69,8138066,10788513650.25,177570,4405607,54.14,-0.0022172949002217113
ICICIBANK,EQ,2024-12-12,1327.5,1321.55,1338.75,1321.55,1330.6,1329.25,1330.74,9076896,12079025779.5,189489,4608892,50.78,0.0013182674199623268
ICICIBANK,EQ,2024-12-13,1329.25,1325.35,1347.15,1313.5,1345.45,1344.9,1334.68,13536684,18067155840.1,226965,8805261,65.05,0.011773556516832873
ICICIBANK,EQ,2024-12-16,1344.9,1344.9,1350.45,1340.05,1343.6,1346.1,1345.53,9071006,12205296470.75,237730,6071850,66.94,0.0008922596475573474
ICICIBANK,EQ,2024-12-17,1346.1,1342.0,1348.1,1326.05,1334.0,1333.75,1333.43,9879257,13173306009.95,208644,5938122,60.11,-0.009174652700393637
ICICIBANK,EQ,2024-12-18,1333.75,1325.25,1334.95,1307.45,1316.9,1314.15,1316.49,8510595,11204088446.2,197721,5190721,60.99,-0.01469540768509836
ICICIBANK,EQ,2024-12-19,1314.15,1286.0,1303.0,1284.45,1289.5,1286.9,1290.73,11517304,14865736643.05,241978,7257591,63.01,-0.020735836852718514
ICICIBANK,EQ,2024-12-20,1286.9,1283.95,1297.75,1272.4,1292.0,1288.4,1287.83,58491181,75326711266.25,287315,40910784,69.94,0.0011655917320692044
ICICIBANK,EQ,2024-12-23,1288.4,1294.65,1307.0,1287.05,1297.35,1296.8,1295.12,6827512,8842449619.05,208282,4051955,59.35,0.006519714374417784
ICICIBANK,EQ,2024-12-24,1296.8,1296.8,1304.5,1290.25,1298.95,1297.25,1295.88,7138516,9250648957.45,125187,2937569,41.15,0.0003470080197409686
ICICIBANK,EQ,2024-12-26,1297.25,1307.0,1312.75,1289.2,1297.0,1297.35,1296.86,7338444,9516953866.75,191694,4519925,61.59,7.7086143765559e-05
ICICIBANK,EQ,2024-12-27,1297.35,1298.55,1315.95,1298.55,1307.55,1307.55,1306.98,4756066,6216064274.2,109355,2608276,54.84,0.007862180598913193
ICICIBANK,EQ,2024-12-30,1307.55,1304.95,1326.5,1289.45,1293.45,1294.65,1303.69,14207425,18522089560.05,258242,7953292,55.98,-0.009865779511299633
ICICIBANK,EQ,2024-12-31,1294.65,1286.9,1289.95,1280.1,1283.5,1281.65,1282.67,8449607,10838026946.5,147036,5620362,66.52,-0.010041323909937061
ICICIBANK,EQ,2025-01-01,1281.65,1281.65,1293.0,1267.1,1283.85,1283.65,1283.92,4705399,6041347562.15,152286,2565278,54.52,0.001560488432879481
ICICIBANK,EQ,2025-01-02,1283.65,1285.1,1293.4,1278.4,1291.0,1290.6,1288.34,7433222,9576523020.85,289378,4605861,61.96,0.005414248432204838
ICICIBANK,EQ,2025-01-03,1290.6,1286.2,1288.0,1262.25,1265.6,1265.05,1269.4,11194997,14210918649.7,219218,7316000,65.35,-0.019796993646366
ICICIBANK,EQ,2025-01-06,1265.05,1268.05,1277.75,1257.0,1266.0,1264.1,1265.34,7504047,9495149142.2,236168,4480448,59.71,-0.0007509584601399499
ICICIBANK,EQ,2025-01-07,1264.1,1266.5,1288.95,1266.5,1280.6,1279.25,1280.35,7539758,9653565084.15,153173,4147624,55.01,0.011984811328217715
ICICIBANK,EQ,2025-01-08,1279.25,1280.55,1285.0,1252.35,1265.0,1263.75,1264.7,7566309,9569113937.25,186833,4748418,62.76,-0.012116474496775442
ICICIBANK,EQ,2025-01-09,1263.75,1258.0,1264.75,1248.1,1263.5,1262.4,1257.24,8684920,10919031736.8,161005,5342972,61.52,-0.001068249258160181
ICICIBANK,EQ,2025-01-10,1262.4,1259.0,1264.95,1243.1,1251.35,1249.85,1250.93,7854524,9825430299.9,228905,5635376,71.75,-0.009941381495564117
ICICIBANK,EQ,2025-01-13,1249.85,1234.9,1243.95,1224.9,1230.9,1229.75,1232.97,9669336,11922019625.6,204083,7095479,73.38,-0.016081929831579744
ICICIBANK,EQ,2025-01-14,1229.75,1233.35,1244.85,1227.45,1242.95,1240.3,1236.06,10342698,12784218741.0,210917,6654720,64.34,0.008578979467371406
ICICIBANK,EQ,2025-01-15,1240.3,1234.0,1244.4,1230.0,1238.9,1238.25,1237.19,5355382,6625607806.6,133555,3158847,58.98,-0.0016528259292106773
ICICIBANK,EQ,2025-01-16,1238.25,1245.1,1255.5,1239.65,1252.95,1249.1,1247.22,11895924,14836843996.05,181488,6551666,55.07,0.00876236624268123
ICICIBANK,EQ,2025-01-17,1249.1,1243.35,1249.0,1218.0,1225.15,1225.45,1226.59,9790533,12008937114.35,157327,6522583,66.62,-0.01893363221519484
ICICIBANK,EQ,2025-01-20,1225.45,1223.9,1241.75,1215.25,1232.55,1232.95,1229.43,7676418,9437603015.1,240948,5250077,68.39,0.0061202007425844585
ICICIBANK,EQ,2025-01-21,1232.95,1236.95,1238.95,1192.7,1197.95,1196.15,1207.07,20520898,24770261514.45,297691,12518909,61.01,-0.02984711464374057
ICICIBANK,EQ,2025-01-22,1196.15,1201.0,1207.5,1191.8,1198.6,1200.45,1199.65,10377123,12448945781.3,269148,6984683,67.31,0.0035948668645235937
ICICIBANK,EQ,2025-01-23,1200.45,1197.25,1207.9,1186.0,1202.4,1201.75,1201.27,8770650,10535875098.8,211991,4999956,57.01,0.0010829272356198683
ICICIBANK,EQ,2025-01-24,1201.75,1203.1,1218.0,1202.0,1213.7,1209.2,1209.19,9216792,11144844611.2,221872,5975238,64.83,0.006199292698148673
ICICIBANK,EQ,2025-01-27,1209.2,1195.0,1234.65,1193.1,1225.25,1227.95,1224.23,16164687,19789327544.65,324795,8628844,53.38,0.015506119748594172
ICICIBANK,EQ,2025-01-28,1227.95,1247.35,1264.0,1236.0,1247.5,1246.9,1252.87,18066499,22634905165.95,356462,9642421,53.37,0.015432224439105857
ICICIBANK,EQ,2025-01-29,1246.9,1252.0,1255.8,1243.05,1251.4,1251.65,1249.62,7666777,9580525136.65,219085,4809292,62.73,0.003809447429625523
ICICIBANK,EQ,2025-01-30,1251.65,1250.0,1259.85,1239.5,1258.55,1255.6,1250.26,11921041,14904352647.05,331765,5832933,48.93,0.0031558342987254573
ICICIBANK,EQ,2025-01-31,1255.6,1254.5,1256.0,1239.1,1252.95,1252.8,1247.43,10195417,12718079791.9,209906,7197902,70.6,-0.0022300095571837764
ICICIBANK,EQ,2025-02-01,1252.8,1251.15,1261.35,1233.8,1254.5,1255.55,1250.34,3011914,3765927780.55,91971,892242,29.62,0.002195083014048471
ICICIBANK,EQ,2025-02-03,1255.55,1246.85,1260.0,1237.8,1252.95,1253.0,1250.06,6176831,7721438599.85,165087,3759034,60.86,-0.0020309824379753927
ICICIBANK,EQ,2025-02-04,1253.0,1262.8,1280.5,1260.0,1266.75,1268.2,1270.45,14839077,18852369674.65,259371,10433968,70.31,0.012130885873902653
ICICIBANK,EQ,2025-02-05,1268.2,1270.2,1277.75,1265.15,1268.2,1267.7,1270.65,6840709,8692168613.1,183398,4879392,71.33,-0.0003942595805077609
ICICIBANK,EQ,2025-02-06,1267.7,1275.0,1279.0,1263.2,1272.0,1272.4,1270.57,8396554,10668440486.05,226596,4000579,47.65,0.003707501774868005
ICICIBANK,EQ,2025-02-07,1272.4,1272.0,1275.0,1249.55,1257.0,1256.9,1258.99,7382039,9293877445.05,191355,4663416,63.17,-0.012181703866708582
ICICIBANK,EQ,2025-02-10,1256.9,1257.2,1265.0,1249.35,1259.6,1262.6,1257.56,5740361,7218836541.2,180650,3847424,67.02,0.00453496698225786
ICICIBANK,EQ,2025-02-11,1262.6,1255.85,1261.85,1248.4,1248.55,1252.75,1254.67,6586627,8264043638.7,174408,3648485,55.39,-0.007801362268335055
ICICIBANK,EQ,2025-02-12,1252.75,1257.2,1269.75,1244.65,1252.85,1251.8,1252.33,8809352,11032200057.65,320587,6044738,68.62,-0.0007583316703253518
ICICIBANK,EQ,2025-02-13,1251.8,1252.55,1266.0,1245.9,1248.5,1248.9,1254.61,7263785,9113247793.4,261567,4745078,65.33,-0.0023166640038343456
ICICIBANK,EQ,2025-02-14,1248.9,1252.1,1263.5,1244.45,1259.0,1260.1,1254.48,10368438,13006959974.75,289728,7971893,76.89,0.008967891744735113
ICICIBANK,EQ,2025-02-17,1260.1,1251.15,1258.15,1233.25,1251.65,1251.15,1244.89,8386151,10439844806.35,294062,5324814,63.5,-0.007102610903896411
ICICIBANK,EQ,2025-02-18,1251.15,1252.9,1257.6,1237.05,1242.55,1243.05,1242.37,8135042,10106708536.6,257996,5687676,69.92,-0.0064740438796307975
ICICIBANK,EQ,2025-02-19,1243.05,1234.85,1264.45,1230.25,1261.5,1261.65,1253.91,10683412,13396072372.5,164771,7477934,70.0,0.01496319536623636
ICICIBANK,EQ,2025-02-20,1261.65,1255.35,1264.0,1246.75,1248.15,1249.95,1252.3,8398849,10517847931.9,204041,6174805,73.52,-0.009273570324574987
ICICIBANK,EQ,2025-02-21,1249.95,1241.1,1244.7,1224.55,1232.0,1232.95,1233.19,7786428,9602112287.65,178759,5472721,70.29,-0.013600544021760919
ICICIBANK,EQ,2025-02-24,1232.95,1226.7,1231.9,1210.25,1219.7,1218.35,1217.57,11522480,14029388111.95,206398,9047110,78.52,-0.011841518309745003
ICICIBANK,EQ,2025-02-25,1218.35,1226.6,1231.65,1221.0,1225.8,1224.15,1225.0,11059417,13547735420.8,199168,6566578,59.38,0.004760536791562409
ICICIBANK,EQ,2025-02-27,1224.15,1225.15,1234.85,1218.45,1220.0,1222.45,1226.56,12008162,14728753125.0,234248,7967265,66.35,-0.0013887187027733505
ICICIBANK,EQ,2025-02-28,1222.45,1216.0,1225.0,1200.1,1201.1,1204.1,1208.91,20215075,24438200772.65,268866,14561465,72.03,-0.015010838889116251
ICICIBANK,EQ,2025-03-03,1204.1,1210.5,1217.0,1204.15,1208.7,1206.2,1209.49,8158881,9868073967.35,208311,5309533,65.08,0.001744041192592194
ICICIBANK,EQ,2025-03-04,1206.2,1207.15,1216.65,1206.25,1212.8,1210.4,1210.78,9574490,11592601922.9,169550,6412051,66.97,0.003482009616978976
ICICIBANK,EQ,2025-03-05,1210.4,1217.0,1225.95,1211.3,1215.0,1215.7,1216.73,9052846,11014865217.65,199811,6365861,70.32,0.004378717779246477
ICICIBANK,EQ,2025-03-06,1215.7,1227.95,1227.95,1209.0,1219.8,1218.05,1217.04,11949475,14543033343.2,250155,7620093,63.77,0.001933042691453446
ICICIBANK,EQ,2025-03-07,1218.05,1211.1,1217.85,1206.3,1213.4,1214.55,1213.63,6620284,8034543520.35,118643,4345177,65.63,-0.0028734452608677463
ICICIBANK,EQ,2025-03-10,1214.55,1208.0,1225.8,1208.0,1212.9,1214.85,1218.5,7363437,8972340771.15,152261,4988564,67.75,0.00024700506360386676
ICICIBANK,EQ,2025-03-11,1214.85,1217.2,1248.0,1217.2,1244.15,1245.4,1238.81,10927950,13537605281.45,238907,6476305,59.26,0.02514713750668829
ICICIBANK,EQ,2025-03-12,1245.4,1246.95,1251.95,1235.3,1244.45,1243.95,1243.37,11548372,14358854881.85,197340,8766966,75.92,-0.0011642845672074076
ICICIBANK,EQ,2025-03-13,1243.95,1251.05,1255.6,1245.3,1248.65,1250.05,1250.96,8132940,10173984588.65,190526,5169165,63.56,0.00490373407291278
ICICIBANK,EQ,2025-03-17,1250.05,1257.05,1273.95,1254.75,1268.65,1269.0,1267.47,11164882,14151149490.55,226414,7629505,68.33,0.015159393624255113
ICICIBANK,EQ,2025-03-18,1269.0,1285.5,1313.85,1280.65,1311.5,1309.85,1299.54,15645427,20331886817.15,337230,9819575,62.76,0.03219070133963742
ICICIBANK,EQ,2025-03-19,1309.85,1305.6,1318.3,1302.15,1316.0,1313.1,1311.61,11278014,14792332058.7,244205,8148226,72.25,0.0024812001374203696
ICICIBANK,EQ,2025-03-20,1313.1,1320.0,1324.25,1311.05,1318.55,1321.7,1319.08,10886735,14360481637.45,252535,8648648,79.44,0.006549386946919533
ICICIBANK,EQ,2025-03-21,1321.7,1316.0,1349.0,1311.6,1337.95,1343.1,1341.59,60494318,81158565386.5,344744,49106116,81.17,0.016191268820458404
ICICIBANK,EQ,2025-03-24,1343.1,1355.95,1373.0,1345.05,1361.2,1358.15,1358.95,9352280,12709278600.9,203054,6262107,66.96,0.011205420296329427
ICICIBANK,EQ,2025-03-25,1358.15,1359.0,1363.8,1330.05,1341.95,1343.7,1345.81,16419207,22097082282.1,326362,9662194,58.85,-0.010639472812281392
ICICIBANK,EQ,2025-03-26,1343.7,1344.05,1358.0,1331.5,1335.45,1335.9,1341.51,10859639,14568352861.7,197579,6386435,58.81,-0.005804867157847671
ICICIBANK,EQ,2025-03-27,1335.9,1333.15,1351.5,1333.15,1339.0,1336.65,1340.7,15109614,20257403852.9,187305,9779521,64.72,0.0005614192679093133
ICICIBANK,EQ,2025-03-28,1336.65,1336.0,1357.95,1327.2,1348.0,1348.35,1345.9,8266544,11125900933.9,142133,5424044,65.61,0.008753226349455634
ICICIBANK,EQ,2025-04-01,1348.35,1340.0,1352.35,1315.4,1318.15,1318.45,1326.83,14288024,18957734985.95,206118,9751637,68.25,-0.022175251232988358
ICICIBANK,EQ,2025-04-02,1318.45,1322.15,1337.95,1322.15,1330.85,1331.25,1330.74,8042214,10702134959.6,127734,5847254,72.71,0.009708369676514117
ICICIBANK,EQ,2025-04-03,1331.25,1321.95,1333.0,1321.25,1328.95,1329.55,1328.6,4591008,6099629464.8,127085,2900720,63.18,-0.0012769953051643412
ICICIBANK,EQ,2025-04-04,1329.55,1329.55,1338.55,1322.1,1335.0,1335.3,1331.6,8648542,11516414124.3,166068,5768811,66.7,0.004324771539242711
ICICIBANK,EQ,2025-04-07,1335.3,1295.25,1325.0,1265.0,1294.1,1287.55,1290.47,19185012,24757611797.9,515573,12055212,62.84,-0.0357597543623156
ICICIBANK,EQ,2025-04-08,1287.55,1299.85,1310.05,1287.35,1300.05,1299.9,1298.35,13085762,16989934735.7,171223,6242577,47.71,0.00959186051027161
ICICIBANK,EQ,2025-04-09,1299.9,1304.95,1305.1,1284.5,1304.0,1300.8,1296.12,13005622,16856903289.7,237174,8758800,67.35,0.0006923609508422413
ICICIBANK,EQ,2025-04-11,1300.8,1305.1,1325.0,1305.1,1312.05,1311.65,1314.61,13064247,17174325317.9,224885,8823752,67.54,0.008341020910209274
ICICIBANK,EQ,2025-04-15,1311.65,1351.0,1354.3,1336.2,1350.4,1350.2,1347.7,15202603,20488528370.7,222333,10576959,69.57,0.029390462394693673
ICICIBANK,EQ,2025-04-16,1350.2,1357.0,1359.7,1342.9,1358.0,1356.4,1350.44,14039073,18958940775.0,180990,10703064,76.24,0.00459191230928746
ICICIBANK,EQ,2025-04-17,1356.4,1362.0,1408.9,1360.1,1407.0,1406.7,1391.92,17490424,24345198635.1,294006,10291194,58.84,0.037083456207608334
ICICIBANK,EQ,2025-04-21,1406.7,1436.0,1436.0,1404.7,1408.1,1409.8,1416.7,16882426,23917404930.6,291654,8826072,52.28,0.0022037392478850837
ICICIBANK,EQ,2025-04-22,1409.8,1412.8,1418.8,1398.9,1414.0,1416.5,1410.65,16135274,22761177353.9,275616,10389426,64.39,0.004752447155624839
ICICIBANK,EQ,2025-04-23,1416.5,1429.0,1429.9,1411.3,1422.0,1424.4,1421.06,13990764,19881670203.6,220724,11054767,79.01,0.005577126720790693
ICICIBANK,EQ,2025-04-24,1424.4,1416.3,1421.2,1398.8,1401.0,1402.7,1407.84,15678099,22072210947.6,210098,9875876,62.99,-0.015234484695310302
ICICIBANK,EQ,2025-04-25,1402.7,1410.0,1414.8,1388.4,1403.0,1404.8,1400.91,11705093,16397782261.9,234552,6967494,59.53,0.0014971127111997884
ICICIBANK,EQ,2025-04-28,1404.8,1405.6,1435.0,1403.8,1428.0,1428.8,1427.33,10948561,15627194700.7,192819,7494044,68.45,0.017084282460136713
ICICIBANK,EQ,2025-04-29,1428.8,1428.8,1438.3,1422.6,1425.5,1429.8,1428.52,10786910,15409265024.5,223499,6392864,59.27,0.0006998880179172051
ICICIBANK,EQ,2025-04-30,1429.8,1433.0,1433.7,1400.0,1424.3,1427.0,1427.91,14192027,20264976307.3,238248,10600497,74.69,-0.001958315848370362
ICICIBANK,EQ,2025-05-02,1427.0,1426.9,1446.6,1424.6,1429.0,1432.4,1436.51,10763492,15461819959.1,170242,7347476,68.26,0.003784162578836847
ICICIBANK,EQ,2025-05-05,1432.4,1440.0,1446.8,1426.0,1427.4,1429.4,1432.29,4565705,6539397953.4,115354,2952560,64.67,-0.002094387042725465
ICICIBANK,EQ,2025-05-06,1429.4,1429.0,1433.7,1420.4,1430.0,1431.6,1428.23,6301690,9000265687.1,133476,3973156,63.05,0.0015391073177555281
ICICIBANK,EQ,2025-05-07,1431.6,1425.0,1442.0,1421.0,1437.1,1435.4,1431.25,10480453,15000167610.7,166481,7671334,73.2,0.0026543727298129483
ICICIBANK,EQ,2025-05-08,1435.4,1438.6,1448.9,1426.1,1427.3,1435.5,1439.49,15306490,22033510832.0,182407,11022294,72.01,6.966699177923807e-05
ICICIBANK,EQ,2025-05-09,1435.5,1415.2,1419.9,1387.0,1389.0,1388.9,1394.54,13491197,18814033148.0,248736,9814195,72.75,-0.03246255660048758
ICICIBANK,EQ,2025-05-12,1388.9,1409.4,1453.0,1404.0,1451.5,1448.5,1436.69,9925445,14259837185.1,180758,6650816,67.01,0.04291165670674624
ICICIBANK,EQ,2025-05-13,1448.5,1440.1,1447.9,1427.4,1430.8,1430.6,1432.31,12475424,17868617217.5,209013,7683857,61.59,-0.012357611322057371
ICICIBANK,EQ,2025-05-14,1430.6,1429.9,1440.7,1417.3,1427.4,1426.2,1427.87,8026837,11461311035.0,143054,5721715,71.28,-0.0030756326017055136
ICICIBANK,EQ,2025-05-15,1426.2,1425.9,1456.5,1415.5,1451.0,1450.8,1438.96,18209264,26202383268.6,211899,10202410,56.03,0.01724863273033228
ICICIBANK,EQ,2025-05-16,1450.8,1453.3,1458.7,1447.0,1452.4,1454.0,1454.25,6439208,9364246054.9,145344,4516729,70.14,0.0022056796250344846
ICICIBANK,EQ,2025-05-19,1454.0,1446.5,1459.7,1443.8,1447.0,1449.0,1451.29,6005334,8715502198.1,139810,3954297,65.85,-0.00343878954607979
ICICIBANK,EQ,2025-05-20,1449.0,1450.2,1459.0,1435.5,1439.5,1438.2,1440.54,11352383,16353593402.1,128816,8054354,70.95,-0.007453416149068248
ICICIBANK,EQ,2025-05-21,1438.2,1442.9,1451.3,1438.5,1445.4,1444.7,1445.11,5510460,7963242254.5,106396,3293659,59.77,0.004519538311778648
ICICIBANK,EQ,2025-05-22,1444.7,1441.1,1445.3,1427.8,1440.0,1442.1,1435.62,7245933,10402374075.4,147665,4114985,56.79,-0.001799681594794822
ICICIBANK,EQ,2025-05-23,1442.1,1442.2,1451.8,1434.4,1450.5,1449.8,1446.83,5203706,7528852323.3,113699,3606983,69.32,0.005339435545385296
ICICIBANK,EQ,2025-05-26,1449.8,1458.0,1471.6,1455.0,1460.5,1460.6,1460.94,5608725,8193994503.7,189038,3892907,69.41,0.00744930335218652
ICICIBANK,EQ,2025-05-27,1460.6,1452.5,1463.0,1435.7,1445.3,1446.4,1445.59,14842959,21456811800.6,221484,9079508,61.17,-0.009722032041626583
ICICIBANK,EQ,2025-05-28,1446.4,1447.6,1458.0,1442.5,1452.9,1453.8,1452.83,8618343,12521029815.6,135239,6094510,70.72,0.005116150442477707
ICICIBANK,EQ,2025-05-29,1453.8,1456.6,1462.9,1445.0,1461.0,1456.5,1452.26,15545514,22576188990.2,210205,9168097,58.98,0.0018572018159306314
ICICIBANK,EQ,2025-05-30,1456.5,1459.9,1460.9,1444.3,1446.1,1445.8,1449.04,11803975,17104465533.3,155611,9243942,78.31,-0.0073463783041538555
ICICIBANK,EQ,2025-06-02,1445.8,1442.0,1460.0,1432.8,1447.7,1450.5,1442.4,9458990,13643623560.3,178241,7185061,75.96,0.0032507954073870415
ICICIBANK,EQ,2025-06-03,1450.5,1454.9,1455.0,1432.0,1437.0,1437.9,1438.02,11167345,16058876541.3,225871,7883352,70.59,-0.008686659772492167
ICICIBANK,EQ,2025-06-04,1437.9,1437.4,1440.1,1426.4,1431.1,1431.0,1430.63,8025388,11481343481.9,147312,6399272,79.74,-0.004798664719382506
ICICIBANK,EQ,2025-06-05,1431.0,1430.9,1459.0,1427.3,1456.3,1454.8,1448.79,11385668,16495394104.4,176086,7490464,65.79,0.0166317260656883
ICICIBANK,EQ,2025-06-06,1454.8,1448.6,1461.4,1442.1,1460.0,1459.7,1455.63,11580994,16857621605.2,215279,7527051,64.99,0.0033681605719000363
ICICIBANK,EQ,2025-06-09,1459.7,1465.0,1466.8,1433.4,1434.5,1434.8,1441.92,11022031,15892838386.7,337749,8311411,75.41,-0.01705829965061323
ICICIBANK,EQ,2025-06-10,1434.8,1439.0,1441.7,1416.5,1421.8,1422.9,1422.89,12905272,18362844057.1,376346,9233091,71.55,-0.008293838862559189
ICICIBANK,EQ,2025-06-11,1422.9,1421.8,1434.5,1418.6,1430.3,1431.0,1430.07,7136877,10206208002.7,234139,5213787,73.05,0.005692599620493288
ICICIBANK,EQ,2025-06-12,1431.0,1430.5,1436.5,1420.0,1424.5,1425.2,1425.62,7953247,11338280353.6,184161,4407166,55.41,-0.004053109713487046
ICICIBANK,EQ,2025-06-13,1425.2,1403.6,1421.5,1403.6,1417.7,1416.1,1413.67,7573103,10705843818.3,188584,5409567,71.43,-0.006385068762279067
ICICIBANK,EQ,2025-06-16,1416.1,1416.6,1429.0,1414.2,1427.9,1426.9,1423.44,5451137,7759340748.4,89237,4310245,79.07,0.0076265800437822495
ICICIBANK,EQ,2025-06-17,1426.9,1426.9,1429.8,1417.8,1422.0,1423.2,1423.27,6970098,9920298395.0,193761,4384261,62.9,-0.002593033849604076
ICICIBANK,EQ,2025-06-18,1423.2,1417.0,1432.0,1410.2,1413.0,1412.6,1415.55,6751745,9557444212.1,162388,4930918,73.03,-0.007448004496908522
ICICIBANK,EQ,2025-06-19,1412.6,1408.0,1414.7,1404.7,1410.0,1411.3,1409.62,8849883,12474998015.5,342983,6010461,67.92,-0.0009202888291094391
ICICIBANK,EQ,2025-06-20,1411.3,1411.3,1433.3,1410.2,1426.4,1427.1,1426.55,12408178,17700887653.8,160865,9969784,80.35,0.01119535180330189
ICICIBANK,EQ,2025-06-23,1427.1,1417.0,1423.2,1411.9,1419.1,1420.1,1417.98,5514384,7819302210.2,160229,4193235,76.04,-0.004905052203769911
ICICIBANK,EQ,2025-06-24,1420.1,1427.7,1435.9,1416.5,1424.0,1424.1,1425.61,11188438,15950352718.8,188014,6401057,57.21,0.002816703049081104
ICICIBANK,EQ,2025-06-25,1424.1,1422.0,1428.9,1415.3,1424.5,1425.8,1423.08,7527388,10712047350.9,147548,5401581,71.76,0.0011937363949161561
ICICIBANK,EQ,2025-06-26,1425.8,1424.8,1447.5,1421.7,1440.0,1439.1,1436.85,13617435,19566210028.9,220490,7893044,57.96,0.009328096507223993
ICICIBANK,EQ,2025-06-27,1439.1,1438.9,1466.0,1437.1,1457.9,1462.2,1457.56,22532899,32843085618.2,217058,18874040,83.76,0.016051698978528428
ICICIBANK,EQ,2025-06-30,1462.2,1461.8,1461.9,1442.3,1449.0,1445.8,1449.97,6325073,9171182603.2,187773,4806135,75.99,-0.011215975926685884
ICICIBANK,EQ,2025-07-01,1445.8,1445.7,1447.6,1429.6,1431.7,1432.0,1435.52,7761449,11141735649.7,185345,5716616,73.65,-0.009544888642965765
ICICIBANK,EQ,2025-07-02,1432.0,1432.2,1451.0,1422.6,1427.8,1427.8,1430.58,13372280,19130157807.7,213176,10579732,79.12,-0.0029329608938547524
ICICIBANK,EQ,2025-07-03,1427.8,1432.1,1446.1,1423.7,1427.0,1425.9,1429.96,10177738,14553751194.8,181095,6408115,62.96,-0.0013307185880374606
ICICIBANK,EQ,2025-07-04,1425.9,1427.0,1444.4,1421.1,1443.0,1442.8,1433.52,5066503,7262913585.5,127265,3620455,71.46,0.01185216354583063
ICICIBANK,EQ,2025-07-07,1442.8,1437.0,1440.9,1429.6,1435.9,1435.7,1433.38,5177477,7421312203.1,127818,3743907,72.31,-0.004920986969780938
ICICIBANK,EQ,2025-07-08,1435.7,1432.0,1445.0,1430.0,1443.0,1442.0,1440.56,5315847,7657790478.1,123124,3368849,63.37,0.004388103364212581
ICICIBANK,EQ,2025-07-09,1442.0,1436.2,1438.7,1426.6,1430.8,1431.9,1431.91,8827347,12639971093.5,120088,6924214,78.44,-0.007004160887655986
ICICIBANK,EQ,2025-07-10,1431.9,1436.8,1439.0,1422.1,1424.0,1424.1,1426.47,7795964,11120735791.1,158233,4717314,60.51,-0.005447307772889265
ICICIBANK,EQ,2025-07-11,1424.1,1422.0,1428.0,1414.6,1422.0,1421.9,1420.14,7158015,10165411225.4,154732,5738193,80.16,-0.00154483533459715
ICICIBANK,EQ,2025-07-14,1421.9,1424.9,1424.9,1416.1,1421.9,1423.0,1421.21,5846154,8308587601.3,113668,4583607,78.4,0.0007736127716435615
ICICIBANK,EQ,2025-07-15,1423.0,1421.1,1433.8,1419.0,1432.0,1430.8,1426.47,6041457,8617966324.9,175820,3807070,63.02,0.005481377371749696
ICICIBANK,EQ,2025-07-16,1430.8,1426.0,1429.2,1419.1,1425.9,1426.4,1425.18,5649093,8050995851.4,121488,4149153,73.45,-0.0030752026838131163
ICICIBANK,EQ,2025-07-17,1426.4,1421.0,1423.2,1409.5,1418.4,1418.7,1416.65,12927394,18313603998.4,234109,8338800,64.5,-0.005398205272013512
ICICIBANK,EQ,2025-07-18,1418.7,1415.8,1429.0,1408.5,1426.7,1425.8,1418.92,11297246,16029882215.2,205005,8549688,75.68,0.005004581659265428
ICICIBANK,EQ,2025-07-21,1425.8,1448.0,1467.7,1437.0,1464.5,1465.8,1457.79,13867136,20215422421.3,232151,8215574,59.24,0.02805442558563609
ICICIBANK,EQ,2025-07-22,1465.8,1474.1,1482.0,1469.7,1471.6,1473.6,1474.9,8930165,13171093377.9,233507,6249670,69.98,0.005321326238231672
ICICIBANK,EQ,2025-07-23,1473.6,1482.9,1490.0,1472.6,1486.6,1488.6,1483.02,11974174,17757890209.5,184240,10069740,84.1,0.0101791530944626
ICICIBANK,EQ,2025-07-24,1488.6,1487.7,1488.7,1478.1,1480.9,1483.4,1484.44,6700578,9946614738.3,137503,5077005,75.77,-0.003493215101437519
ICICIBANK,EQ,2025-07-25,1483.4,1500.0,1500.0,1473.6,1477.9,1477.1,1481.47,8696077,12883011018.6,193064,6264138,72.03,-0.004247000134825485
ICICIBANK,EQ,2025-07-28,1477.1,1477.1,1493.8,1477.1,1488.0,1488.4,1487.05,7507479,11164017329.7,199416,5825229,77.59,0.0076501252454135305
ICICIBANK,EQ,2025-07-29,1488.4,1479.9,1489.8,1475.4,1484.9,1486.2,1483.47,9776027,14502489122.8,230759,7299615,74.67,-0.001478097285675939
ICICIBANK,EQ,2025-07-30,1486.2,1487.7,1488.5,1477.3,1480.1,1482.4,1483.4,7238625,10737774608.0,176359,4892549,67.59,-0.0025568564123267246
ICICIBANK,EQ,2025-07-31,1482.4,1469.9,1494.5,1464.0,1485.1,1481.4,1481.12,12406146,18375022495.4,306162,6656686,53.66,-0.000674581759309234
ICICIBANK,EQ,2025-08-01,1481.4,1480.4,1485.1,1469.8,1470.1,1471.6,1474.75,4416771,6513645513.8,142277,2567168,58.12,-0.0066153638450116015
ICICIBANK,EQ,2025-08-04,1471.6,1476.8,1478.8,1461.3,1463.1,1463.2,1466.67,6140054,9005448862.6,135797,4439749,72.31,-0.0057080728458819285
ICICIBANK,EQ,2025-08-05,1463.2,1453.0,1461.5,1441.0,1445.0,1444.4,1445.77,14799343,21396397537.4,156234,11697809,79.04,-0.012848551120831053
ICICIBANK,EQ,2025-08-06,1444.4,1442.3,1454.0,1441.6,1443.5,1443.6,1446.52,7805252,11290438379.5,121663,5971810,76.51,-0.0005538631957907603
ICICIBANK,EQ,2025-08-07,1443.6,1441.1,1447.9,1429.1,1441.0,1440.3,1435.71,7432535,10670930441.9,151043,5220885,70.24,-0.0022859517871985924
ICICIBANK,EQ,2025-08-08,1440.3,1445.9,1447.6,1432.0,1432.0,1435.9,1436.99,5415511,7782061616.9,102913,4355697,80.43,-0.0030549191140734067
ICICIBANK,EQ,2025-08-11,1435.9,1427.9,1438.4,1420.4,1437.3,1436.6,1428.92,8492484,12135055891.3,182653,5821304,68.55,0.00048749912946566276
ICICIBANK,EQ,2025-08-12,1436.6,1431.0,1433.8,1420.1,1421.4,1422.0,1425.1,5913947,8427986637.0,199744,2757317,46.62,-0.01016288458861192
ICICIBANK,EQ,2025-08-13,1422.0,1424.6,1427.7,1415.2,1421.8,1420.8,1421.23,9009465,12804539647.1,158523,6650525,73.82,-0.0008438818565401629
ICICIBANK,EQ,2025-08-14,1420.8,1412.0,1431.1,1412.0,1427.6,1427.3,1426.41,7577793,10809059788.7,146431,4736884,62.51,0.004574887387387427
ICICIBANK,EQ,2025-08-18,1427.3,1450.0,1452.4,1431.0,1436.3,1434.6,1440.6,6908844,9952855665.5,150892,3820563,55.3,0.005114551951236557
ICICIBANK,EQ,2025-08-19,1434.6,1431.1,1438.5,1426.3,1436.9,1436.3,1434.78,6709554,9626706605.9,161273,4433271,66.07,0.0011849993029415806
ICICIBANK,EQ,2025-08-20,1436.3,1432.6,1435.9,1423.0,1430.0,1430.6,1429.9,5817858,8318955912.5,153109,4029390,69.26,-0.003968530251340252
ICICIBANK,EQ,2025-08-21,1430.6,1440.1,1447.8,1436.4,1444.7,1446.0,1442.76,6238645,9000876523.4,161682,3899947,62.51,0.010764714105969686
ICICIBANK,EQ,2025-08-22,1446.0,1444.3,1446.0,1429.4,1435.9,1436.4,1436.69,6657207,9564347160.1,161483,4761843,71.53,-0.00663900414937757
ICICIBANK,EQ,2025-08-25,1436.4,1435.9,1435.9,1424.0,1430.9,1433.2,1430.14,6738427,9636918576.0,142654,4833119,71.72,-0.002227791701475912
ICICIBANK,EQ,2025-08-26,1433.2,1427.9,1427.9,1413.1,1415.0,1416.6,1417.47,8720155,12360595794.0,201100,5082079,58.28,-0.011582472788166487
ICICIBANK,EQ,2025-08-28,1416.6,1408.0,1411.8,1396.3,1397.6,1399.1,1403.02,12990789,18226341926.4,241173,7211605,55.51,-0.012353522518706805
ICICIBANK,EQ,2025-08-29,1399.1,1392.1,1405.0,1392.1,1396.2,1397.8,1399.82,8519507,11925741661.0,183125,6309784,74.06,-0.0009291687513400815
ICICIBANK,EQ,2025-09-01,1397.8,1398.1,1412.4,1398.1,1411.0,1411.0,1406.76,4927348,6931617328.7,137472,2926501,59.39,0.009443411074545827
ICICIBANK,EQ,2025-09-02,1411.0,1413.9,1413.9,1390.0,1391.0,1394.2,1401.96,7163073,10042341320.3,207579,3376919,47.14,-0.011906449326718582
ICICIBANK,EQ,2025-09-03,1394.2,1389.0,1400.0,1384.2,1396.6,1397.0,1392.24,9813382,13662618272.4,215122,6783241,69.12,0.002008320183617851
ICICIBANK,EQ,2025-09-04,1397.0,1409.9,1415.1,1401.9,1408.0,1405.5,1408.38,10564859,14879368496.7,178722,4439781,42.02,0.006084466714388004
ICICIBANK,EQ,2025-09-05,1405.5,1411.0,1411.5,1387.7,1402.3,1402.8,1397.54,6621077,9253243890.3,129950,4086124,61.71,-0.0019210245464248432
ICICIBANK,EQ,2025-09-08,1402.8,1402.2,1410.6,1397.6,1403.0,1402.7,1404.56,5880943,8260153082.3,133142,3652150,62.1,-7.128599942962666e-05
ICICIBANK,EQ,2025-09-09,1402.7,1399.0,1407.5,1395.2,1402.4,1403.7,1401.81,6470679,9070676168.9,129854,2829800,43.73,0.0007129108148571373
ICICIBANK,EQ,2025-09-10,1403.7,1410.0,1413.7,1402.1,1403.3,1403.9,1407.17,7452347,10486722637.7,216180,5146529,69.06,0.00014248058702004407
ICICIBANK,EQ,2025-09-11,1403.9,1398.0,1408.0,1396.0,1401.6,1401.6,1403.25,10192026,14301923215.8,181447,4247846,41.68,-0.001638293325735618
ICICIBANK,EQ,2025-09-12,1401.6,1405.1,1419.7,1400.1,1417.5,1417.7,1412.86,7770038,10977991343.8,165154,5730841,73.76,0.011486872146118765
ICICIBANK,EQ,2025-09-15,1417.7,1422.0,1426.8,1416.3,1418.0,1419.4,1421.99,5845637,8312411904.6,130816,3403396,58.22,0.0011991253438667915
ICICIBANK,EQ,2025-09-16,1419.4,1414.0,1424.9,1413.7,1422.4,1421.6,1420.63,8213151,11667859743.8,139536,4747325,57.8,0.0015499506833871468
ICICIBANK,EQ,2025-09-17,1421.6,1420.1,1426.1,1416.4,1417.2,1419.2,1420.85,7484283,10634007393.7,131200,4734134,63.25,-0.0016882386043892694
ICICIBANK,EQ,2025-09-18,1419.2,1431.1,1432.8,1415.3,1423.0,1421.7,1422.48,8130537,11565563636.6,165955,3794140,46.67,0.0017615558060879444
ICICIBANK,EQ,2025-09-19,1421.7,1416.1,1418.0,1400.2,1402.5,1402.2,1404.18,13457344,18896559650.8,172737,9780490,72.68,-0.013715973834142248
ICICIBANK,EQ,2025-09-22,1402.2,1403.9,1409.9,1397.2,1402.2,1401.5,1403.29,8847948,12416209740.2,113260,5527113,62.47,-0.0004992155184709857
ICICIBANK,EQ,2025-09-23,1401.5,1391.0,1403.3,1391.0,1396.1,1394.3,1396.75,12827524,17916801862.9,197247,6510966,50.76,-0.0051373528362469445
ICICIBANK,EQ,2025-09-24,1394.3,1386.4,1390.9,1376.5,1383.0,1382.7,1382.2,9735678,13456684266.1,210851,6368751,65.42,-0.008319586889478536
ICICIBANK,EQ,2025-09-25,1382.7,1377.0,1391.5,1371.8,1373.7,1375.8,1378.32,21613389,29790090966.1,196991,13957730,64.58,-0.004990236493816469
ICICIBANK,EQ,2025-09-26,1375.8,1368.0,1372.7,1357.0,1362.5,1359.6,1363.33,18342280,25006644406.5,183369,13653656,74.44,-0.011774967291757532
ICICIBANK,EQ,2025-09-29,1359.6,1359.6,1366.5,1346.2,1350.0,1348.1,1352.69,20563163,27815685218.2,277001,14672392,71.35,-0.008458370108855529
ICICIBANK,EQ,2025-09-30,1348.1,1353.7,1356.6,1342.6,1348.9,1348.0,1349.21,20166871,27209326360.4,214277,11428934,56.67,-7.41784734069606e-05
ICICIBANK,EQ,2025-10-01,1348.0,1348.0,1379.4,1347.1,1372.0,1372.0,1368.92,20952632,28682559363.9,490279,14434125,68.89,0.017804154302670572
ICICIBANK,EQ,2025-10-03,1372.0,1371.9,1371.9,1361.3,1365.0,1365.2,1366.86,12163695,16626122666.1,192526,7843803,64.49,-0.004956268221574356
ICICIBANK,EQ,2025-10-06,1365.2,1371.0,1372.6,1359.1,1363.9,1363.4,1364.15,14314283,19526828804.4,200684,9035178,63.12,-0.0013184881336067988
ICICIBANK,EQ,2025-10-07,1363.4,1363.6,1383.1,1363.6,1375.0,1375.9,1377.91,16126464,22220830751.1,217688,10640042,65.98,0.009168255831010663
ICICIBANK,EQ,2025-10-08,1375.9,1372.3,1381.6,1364.3,1367.8,1370.3,1372.13,8100832,11115359090.3,176755,5031422,62.11,-0.004070063231339627
ICICIBANK,EQ,2025-10-09,1370.3,1369.8,1378.7,1365.1,1374.0,1376.2,1374.5,7909575,10871677779.1,175558,4032443,50.98,0.004305626505144877
ICICIBANK,EQ,2025-10-10,1376.2,1370.3,1385.0,1370.3,1380.4,1380.3,1380.18,7673816,10591267726.7,136734,4462862,58.16,0.0029792181368986093
ICICIBANK,EQ,2025-10-13,1380.3,1373.1,1386.4,1373.1,1381.0,1379.4,1379.11,8923018,12305847453.3,295408,4835907,54.2,-0.0006520321669201135
ICICIBANK,EQ,2025-10-14,1379.4,1389.0,1389.0,1375.1,1384.8,1384.1,1381.47,10610855,14658607710.7,126104,4424316,41.7,0.0034072785268957073
ICICIBANK,EQ,2025-10-15,1384.1,1386.5,1400.4,1385.5,1399.0,1398.4,1394.81,8988550,12537342798.3,244373,5428366,60.39,0.010331623437612958
ICICIBANK,EQ,2025-10-16,1398.4,1401.0,1418.9,1399.4,1417.4,1417.3,1412.88,12185032,17215999886.5,233599,8088526,66.38,0.013515446224256156
ICICIBANK,EQ,2025-10-17,1417.3,1412.0,1439.6,1410.9,1436.6,1436.6,1427.77,17037215,24325273729.9,326926,11074634,65.0,0.013617441614337089
ICICIBANK,EQ,2025-10-20,1436.6,1442.0,1445.0,1389.2,1393.0,1390.3,1401.64,23330227,32700479176.4,670783,14944729,64.06,-0.03222887372963945
ICICIBANK,EQ,2025-10-21,1390.3,1384.5,1387.6,1375.9,1381.3,1382.0,1383.19,3415560,4724355077.4,93955,1802781,52.79,-0.005969934546500744
ICICIBANK,EQ,2025-10-23,1382.0,1385.0,1389.8,1360.1,1364.3,1363.7,1375.57,21124942,29058772536.5,401439,13499084,63.9,-0.013241678726483297
ICICIBANK,EQ,2025-10-24,1363.7,1368.1,1381.6,1368.1,1378.0,1377.7,1376.15,10570263,14546256446.3,254633,5912429,55.93,0.010266187577913088
ICICIBANK,EQ,2025-10-27,1377.7,1382.1,1386.8,1374.0,1379.6,1377.6,1379.13,11499836,15859716513.7,296317,8934314,77.69,-7.25847426872317e-05
ICICIBANK,EQ,2025-10-28,1377.6,1373.0,1375.8,1356.2,1366.2,1363.1,1361.81,26477914,36057949499.5,480704,15059288,56.87,-0.010525551684088308
ICICIBANK,EQ,2025-10-29,1363.1,1364.6,1371.7,1358.4,1371.6,1370.4,1365.15,16129382,22019031340.9,353776,11270741,69.88,0.005355439806324025
ICICIBANK,EQ,2025-10-30,1370.4,1362.4,1370.2,1361.3,1362.4,1362.4,1364.23,9324401,12720637741.3,301933,5047355,54.13,-0.00583771161704616
ICICIBANK,EQ,2025-10-31,1362.4,1357.0,1362.0,1343.3,1345.5,1345.3,1349.3,15926798,21489988727.8,309384,11877794,74.58,-0.012551379917792205
ICICIBANK,EQ,2025-11-03,1345.3,1340.5,1351.6,1337.9,1349.0,1346.4,1344.89,11071450,14889921391.0,301531,6986020,63.1,0.0008176614881441058
ICICIBANK,EQ,2025-11-04,1346.4,1342.6,1349.8,1333.2,1336.9,1336.9,1337.49,15211183,20344838007.0,276007,9647498,63.42,-0.007055852644087923
ICICIBANK,EQ,2025-11-06,1336.9,1330.0,1342.2,1317.4,1320.3,1320.4,1324.61,24221853,32084516054.8,368806,17512617,72.3,-0.012341985189617821
ICICIBANK,EQ,2025-11-07,1320.4,1320.4,1344.3,1318.6,1342.6,1343.0,1337.7,7719245,10326029497.0,149776,5017225,65.0,0.017116025446834326
ICICIBANK,EQ,2025-11-10,1343.0,1342.9,1349.6,1341.0,1346.8,1348.0,1345.91,8542340,11497241405.3,155442,6119354,71.64,0.0037230081906181045
ICICIBANK,EQ,2025-11-11,1348.0,1349.0,1360.4,1346.2,1359.0,1358.3,1354.89,8305184,11252612832.3,208140,5315504,64.0,0.007640949554896137
ICICIBANK,EQ,2025-11-12,1358.3,1370.0,1370.0,1355.4,1358.5,1358.9,1361.79,9736761,13259441993.5,168204,6821183,70.06,0.00044172863137759144
ICICIBANK,EQ,2025-11-13,1358.9,1358.9,1390.4,1358.5,1385.4,1385.9,1383.47,18296626,25312823046.7,239327,13863137,75.77,0.01986901170064015
ICICIBANK,EQ,2025-11-14,1385.9,1374.0,1381.2,1363.2,1373.2,1373.0,1370.92,9694498,13290412846.7,190956,6715125,69.27,-0.009308030882459128
ICICIBANK,EQ,2025-11-17,1373.0,1375.1,1382.5,1373.6,1379.1,1379.0,1378.91,7660717,10563473675.8,109085,5884501,76.81,0.004369992716678706
ICICIBANK,EQ,2025-11-18,1379.0,1380.2,1382.8,1369.1,1370.0,1373.4,1374.73,9529560,13100617263.5,143242,5696159,59.77,-0.004060913705583702
ICICIBANK,EQ,2025-11-19,1373.4,1373.5,1384.0,1371.6,1383.1,1383.1,1379.61,10393918,14339582068.9,152320,8255745,79.43,0.007062763943497696
ICICIBANK,EQ,2025-11-20,1383.1,1380.1,1388.3,1375.4,1382.0,1383.0,1381.32,10131863,13995331858.3,199484,6088338,60.09,-7.230135203517563e-05
ICICIBANK,EQ,2025-11-21,1383.0,1373.0,1376.0,1364.6,1369.0,1369.5,1369.27,11483595,15724108014.6,171633,8258055,71.91,-0.009761388286334105
ICICIBANK,EQ,2025-11-24,1369.5,1373.3,1377.0,1361.5,1366.0,1368.4,1369.72,15896003,21773146809.9,192513,10497061,66.04,-0.0008032128514056103
ICICIBANK,EQ,2025-11-25,1368.4,1365.0,1376.9,1354.3,1356.9,1357.8,1362.23,12235000,16666909341.5,217159,6815799,55.71,-0.0077462730195849705
ICICIBANK,EQ,2025-11-26,1357.8,1360.0,1377.0,1359.9,1375.0,1375.0,1369.92,9659004,13232068784.9,140169,6155439,63.73,0.01266755044925616
ICICIBANK,EQ,2025-11-27,1375.0,1379.0,1394.0,1375.7,1393.9,1392.2,1388.89,15158741,21053799768.4,232290,10606393,69.97,0.012509090909091025
ICICIBANK,EQ,2025-11-28,1392.2,1392.0,1398.5,1385.6,1388.4,1388.8,1390.33,7683986,10683252227.0,198302,5935156,77.24,-0.002442177848010374
ICICIBANK,EQ,2025-12-01,1388.8,1394.0,1400.0,1385.4,1390.2,1390.1,1393.22,8867593,12354467146.1,225630,6105611,68.85,0.0009360599078340748
ICICIBANK,EQ,2025-12-02,1390.1,1381.8,1381.8,1370.6,1373.8,1373.0,1374.68,12126396,16669881069.6,335552,7884547,65.02,-0.012301273289691328
ICICIBANK,EQ,2025-12-03,1373.0,1367.0,1394.2,1367.0,1392.0,1391.5,1383.0,7955933,11003040759.7,182044,5349782,67.24,0.013474144209759675
ICICIBANK,EQ,2025-12-04,1391.5,1387.0,1391.6,1379.9,1386.0,1386.7,1385.21,7373909,10214431633.6,189163,5194119,70.44,-0.0034495149119654345
ICICIBANK,EQ,2025-12-05,1386.7,1381.0,1395.3,1381.0,1392.5,1392.5,1390.49,4942638,6872704506.9,130513,3022563,61.15,0.004182591764620991
ICICIBANK,EQ,2025-12-08,1392.5,1387.0,1394.9,1383.3,1387.5,1389.6,1388.87,7826227,10869628559.2,177670,5253093,67.12,-0.0020825852782765386
ICICIBANK,EQ,2025-12-09,1389.6,1379.9,1384.3,1373.4,1375.0,1375.2,1377.4,10492030,14451676568.3,175866,6508576,62.03,-0.01036269430051806
ICICIBANK,EQ,2025-12-10,1375.2,1377.9,1379.4,1357.9,1364.5,1363.6,1366.49,8725381,11923188503.5,164913,6617328,75.84,-0.008435136707388158
ICICIBANK,EQ,2025-12-11,1363.6,1363.7,1366.6,1352.8,1361.0,1360.0,1360.4,6734750,9161934313.7,166103,4575945,67.95,-0.0026400704018773036
ICICIBANK,EQ,2025-12-12,1360.0,1368.0,1370.7,1363.3,1366.0,1366.0,1366.43,3890885,5316635958.2,113064,2917482,74.98,0.004411764705882337
ICICIBANK,EQ,2025-12-15,1366.0,1356.1,1370.0,1356.1,1365.0,1365.2,1364.54,5342530,7290105034.9,267792,3570527,66.83,-0.0005856515373352522
ICICIBANK,EQ,2025-12-16,1365.2,1364.0,1368.7,1355.5,1366.6,1366.0,1363.69,12359741,16854916855.0,345540,5395046,43.65,0.0005859947260473675
ICICIBANK,EQ,2025-12-17,1366.0,1365.0,1365.0,1343.1,1353.5,1352.4,1350.59,9440391,12750064577.5,199498,5714275,60.53,-0.009956076134699732
ICICIBANK,EQ,2025-12-18,1352.4,1346.3,1369.5,1345.5,1357.0,1356.8,1360.11,7314573,9948607088.4,207464,3541972,48.42,0.0032534753031645547
ICICIBANK,EQ,2025-12-19,1356.8,1354.0,1360.4,1350.8,1354.3,1354.1,1354.21,14318512,19390242360.8,224715,11321180,79.07,-0.001989976415094352
ICICIBANK,EQ,2025-12-22,1354.1,1358.0,1371.3,1354.8,1367.5,1368.5,1365.67,9375294,12803546328.8,204189,5879943,62.72,0.010634369692046342
ICICIBANK,EQ,2025-12-23,1368.5,1361.1,1365.0,1357.0,1362.4,1363.0,1361.81,9105467,12399897178.6,231134,4435940,48.72,-0.004018998903909443
ICICIBANK,EQ,2025-12-24,1363.0,1363.8,1368.2,1357.6,1359.0,1359.8,1362.26,8955140,12199271454.0,163168,4398930,49.12,-0.0023477622890683003
ICICIBANK,EQ,2025-12-26,1359.8,1356.5,1362.0,1348.5,1351.0,1350.4,1353.25,2812144,3805533190.0,92194,1854240,65.94,-0.006912781291366299
ICICIBANK,EQ,2025-12-29,1350.4,1352.1,1355.7,1341.5,1343.6,1343.3,1346.07,6057201,8153410855.4,145962,3788268,62.54,-0.005257701421801042
ICICIBANK,EQ,2025-12-30,1343.3,1343.3,1347.1,1338.1,1347.0,1342.5,1341.94,18621277,24988603546.5,261375,12833261,68.92,-0.0005955482766321074
ICICIBANK,EQ,2025-12-31,1342.5,1342.8,1350.0,1339.5,1343.0,1342.9,1344.37,6150634,8268715778.6,133779,3809816,61.94,0.0002979515828678281
ICICIBANK,EQ,2026-01-01,1342.9,1343.9,1348.4,1336.0,1337.6,1338.0,1340.3,4179311,5601512243.1,92659,1320425,31.59,-0.0036488197185197135
ICICIBANK,EQ,2026-01-02,1338.0,1338.0,1356.9,1336.3,1355.1,1355.4,1348.97,8226205,11096863710.8,123080,5710169,69.41,0.01300448430493284
ICICIBANK,EQ,2026-01-05,1355.4,1354.2,1375.5,1352.6,1372.0,1371.5,1369.03,6920565,9474470607.3,251280,4515341,65.25,0.011878412276818517
ICICIBANK,EQ,2026-01-06,1371.5,1372.0,1413.6,1366.0,1409.9,1411.2,1404.16,17260416,24236360970.1,338562,11908090,68.99,0.02894640904119572
ICICIBANK,EQ,2026-01-07,1411.2,1408.0,1429.9,1404.2,1425.6,1427.7,1421.98,15813795,22486967388.8,263196,12127276,76.69,0.011692176870748305
ICICIBANK,EQ,2026-01-08,1427.7,1429.0,1442.2,1423.3,1434.9,1435.0,1435.94,14861699,21340484627.5,290412,10579816,71.19,0.005113119002591482
ICICIBANK,EQ,2026-01-09,1435.0,1427.1,1429.5,1401.5,1405.0,1404.3,1407.82,12555636,17676064959.3,176569,8994277,71.64,-0.021393728222996566
ICICIBANK,EQ,2026-01-12,1404.3,1399.9,1424.3,1391.7,1420.0,1413.1,1409.1,10923811,15392757596.1,213429,7393741,67.68,0.006266467279071319
ICICIBANK,EQ,2026-01-13,1413.1,1420.0,1441.8,1411.1,1436.5,1437.0,1432.77,14295581,20482294150.0,324654,7660517,53.59,0.016913169627061242
ICICIBANK,EQ,2026-01-14,1437.0,1425.6,1443.9,1414.9,1416.6,1418.4,1425.59,13832255,19719079329.9,258446,7806913,56.44,-0.012943632567849583
ICICIBANK,EQ,2026-01-16,1418.4,1417.9,1429.0,1400.2,1413.0,1410.8,1413.4,12530886,17711165102.7,310123,8685738,69.31,-0.0053581500282008365
ICICIBANK,EQ,2026-01-19,1410.8,1399.9,1400.0,1360.0,1377.7,1380.6,1374.22,23302883,32023323446.3,443246,15034912,64.52,-0.021406294301105744
ICICIBANK,EQ,2026-01-20,1380.6,1374.7,1387.8,1371.5,1375.6,1375.8,1380.38,15012785,20723399138.7,348185,9317390,62.06,-0.0034767492394610633
ICICIBANK,EQ,2026-01-21,1375.8,1367.5,1371.5,1339.5,1346.9,1349.0,1353.06,21766068,29450824904.3,325494,12437359,57.14,-0.01947957551969759
ICICIBANK,EQ,2026-01-22,1349.0,1355.1,1358.0,1338.0,1347.0,1345.5,1345.43,17179765,23114175406.1,376183,9688821,56.4,-0.0025945144551520194
ICICIBANK,EQ,2026-01-23,1345.5,1340.5,1355.2,1335.7,1346.0,1343.4,1345.35,14056524,18910909222.0,266966,9621091,68.45,-0.0015607580824971157
ICICIBANK,EQ,2026-01-27,1343.4,1340.0,1369.1,1328.6,1367.1,1361.4,1351.83,25263634,34152185794.4,397382,14668037,58.06,0.013398838767306742
ICICIBANK,EQ,2026-01-28,1361.4,1362.6,1380.4,1362.6,1368.3,1367.7,1369.75,13242696,18139117842.7,214114,10032094,75.76,0.004627589246364083
ICICIBANK,EQ,2026-01-29,1367.7,1359.0,1387.7,1354.4,1385.0,1383.6,1375.36,23118234,31795880950.8,316133,15957952,69.03,0.01162535643781526
ICICIBANK,EQ,2026-01-30,1383.6,1368.2,1381.9,1353.2,1357.0,1355.0,1365.39,24013717,32788049343.3,174668,16316633,67.95,-0.020670714079213615
ICICIBANK,EQ,2026-02-01,1355.0,1352.0,1365.9,1328.8,1334.0,1334.2,1349.72,4969610,6707590848.9,73049,1643438,33.07,-0.015350553505535047
ICICIBANK,EQ,2026-02-02,1334.2,1329.9,1354.4,1329.1,1351.0,1352.8,1345.43,12800245,17221871131.7,296520,9546419,74.58,0.013940938390046398
ICICIBANK,EQ,2026-02-03,1352.8,1412.0,1417.0,1373.4,1388.0,1389.7,1391.76,24896698,34650222974.7,362321,16091194,64.63,0.02727675931401552
ICICIBANK,EQ,2026-02-04,1389.7,1387.0,1414.0,1386.9,1406.1,1408.4,1406.84,11080683,15588750561.4,191128,7168642,64.69,0.01345614161329789
ICICIBANK,EQ,2026-02-05,1408.4,1414.0,1414.0,1393.2,1394.6,1396.5,1402.07,8982761,12594468388.5,179749,4632508,51.57,-0.008449304174950378
ICICIBANK,EQ,2026-02-06,1396.5,1396.7,1410.5,1394.7,1408.0,1406.1,1402.67,10851190,15220680762.5,167764,6921748,63.79,0.006874328678839969
ICICIBANK,EQ,2026-02-09,1406.1,1413.5,1414.0,1388.8,1395.1,1396.3,1396.52,7889742,11018192537.5,201425,5573517,70.64,-0.006969632316335961
ICICIBANK,EQ,2026-02-10,1396.3,1401.0,1409.5,1395.5,1404.1,1406.5,1403.57,16497628,23155653318.5,290456,9390267,56.92,0.007305020411086494
ICICIBANK,EQ,2026-02-11,1406.5,1407.4,1413.0,1400.4,1409.0,1406.1,1405.32,8551341,12017347016.7,233720,5235374,61.22,-0.0002843938855314754
ICICIBANK,EQ,2026-02-12,1406.1,1406.1,1433.0,1405.3,1432.0,1430.0,1426.52,19646265,28025718740.7,359078,11634990,59.22,0.01699736860820722
ICICIBANK,EQ,2026-02-13,1430.0,1425.3,1434.4,1410.7,1415.5,1414.6,1417.7,12228083,17335809677.4,331274,9346512,76.43,-0.010769230769230864
ICICIBANK,EQ,2026-02-16,1414.6,1404.0,1414.0,1400.5,1413.0,1411.6,1408.85,5000042,7044301759.4,162024,2763183,55.26,-0.0021207408454686494
ICICIBANK,EQ,2026-02-17,1411.6,1406.2,1413.6,1393.6,1405.0,1407.5,1404.65,11756187,16513361505.9,181342,4271702,36.34,-0.002904505525644585
ICICIBANK,EQ,2026-02-18,1407.5,1410.1,1412.3,1398.9,1406.0,1408.2,1403.95,4758071,6680116792.3,107958,2718133,57.13,0.0004973357015987112
ICICIBANK,EQ,2026-02-19,1408.2,1408.5,1412.3,1384.8,1388.7,1388.8,1394.99,14323091,19980613931.7,172043,7145103,49.89,-0.013776452208493217
ICICIBANK,EQ,2026-02-20,1388.8,1388.5,1403.7,1384.0,1394.0,1394.5,1396.03,10337877,14432024508.8,125352,6632857,64.16,0.004104262672811165
ICICIBANK,EQ,2026-02-23,1394.5,1400.0,1408.3,1395.3,1399.0,1399.4,1400.86,10728445,15029032958.6,137169,7108232,66.26,0.0035138042309073025
ICICIBANK,EQ,2026-02-24,1399.4,1400.9,1400.9,1382.3,1385.5,1384.8,1388.5,18274784,25374556219.0,178572,10740431,58.77,-0.010433042732599818
ICICIBANK,EQ,2026-02-25,1384.8,1391.8,1407.4,1388.2,1398.1,1400.5,1399.92,16297015,22814495610.0,219690,11372305,69.78,0.011337377238590518
ICICIBANK,EQ,2026-02-26,1400.5,1405.1,1410.0,1392.1,1401.6,1404.9,1403.62,27288792,38303170835.6,275171,15050672,55.15,0.0031417350946092437
ICICIBANK,EQ,2026-02-27,1404.9,1400.0,1402.2,1376.7,1379.4,1378.9,1385.66,15096898,20919149418.3,171296,11527766,76.36,-0.018506655277955697
ICICIBANK,EQ,2026-03-02,1378.9,1355.0,1379.2,1355.0,1374.8,1374.0,1369.59,16928683,23185356350.4,308886,8352909,49.34,-0.0035535571832621127
ICICIBANK,EQ,2026-03-04,1374.0,1326.0,1376.0,1326.0,1368.5,1365.4,1355.31,20009132,27118532926.0,502432,12565957,62.8,-0.006259097525473045
ICICIBANK,EQ,2026-03-05,1365.4,1368.9,1370.8,1347.6,1353.3,1357.6,1356.94,17590491,23869237214.5,214379,7633505,43.4,-0.005712611688882485
ICICIBANK,EQ,2026-03-06,1357.6,1339.0,1357.6,1310.4,1315.1,1313.4,1322.85,22778852,30132894838.8,396209,13681690,60.06,-0.03255745433117252
ICICIBANK,EQ,2026-03-09,1313.4,1272.7,1282.7,1251.1,1275.0,1278.4,1271.54,16116652,20492913753.0,321194,9226113,57.25,-0.026648393482564314
ICICIBANK,EQ,2026-03-10,1278.4,1287.6,1315.0,1285.6,1312.8,1311.9,1304.25,19136143,24958313823.4,318391,9104535,47.58,0.02620463078848556
ICICIBANK,EQ,2026-03-11,1311.9,1300.0,1306.5,1290.9,1292.0,1294.6,1297.44,13224259,17157729375.1,265729,6977904,52.77,-0.01318698071499369
ICICIBANK,EQ,2026-03-12,1294.6,1275.7,1280.5,1258.3,1269.9,1266.5,1270.55,19676187,24999530425.9,335143,10259179,52.14,-0.021705546114629937
ICICIBANK,EQ,2026-03-13,1266.5,1251.9,1262.3,1248.7,1255.0,1254.8,1254.83,17344394,21764218501.6,248517,10565554,60.92,-0.009238057639163078
ICICIBANK,EQ,2026-03-16,1254.8,1255.0,1276.8,1240.1,1267.6,1272.9,1261.0,22740688,28675965063.5,264944,13112471,57.66,0.014424609499521956
ICICIBANK,EQ,2026-03-17,1272.9,1278.9,1294.4,1273.0,1287.0,1288.7,1285.58,22303102,28672515530.3,242007,9699357,43.49,0.012412601146987168
ICICIBANK,EQ,2026-03-18,1288.7,1286.0,1297.1,1270.8,1292.0,1289.3,1287.83,12961135,16691703269.0,224259,8074954,62.3,0.0004655854737332099
ICICIBANK,EQ,2026-03-19,1289.3,1267.6,1285.9,1243.7,1259.7,1250.1,1258.87,14422899,18156625895.6,285591,6590960,45.7,-0.030404095245482043
ICICIBANK,EQ,2026-03-20,1250.1,1258.4,1274.0,1241.7,1249.8,1245.4,1256.05,16421006,20625609488.5,320542,11685036,71.16,-0.003759699224061941
ICICIBANK,EQ,2026-03-23,1245.4,1226.6,1234.9,1218.1,1225.0,1222.7,1225.36,17049534,20891771051.1,279421,11639598,68.27,-0.018227075638349133
ICICIBANK,EQ,2026-03-24,1222.7,1237.1,1253.9,1223.7,1252.6,1251.2,1242.48,20617782,25617206863.5,241682,11475766,55.66,0.023309070090782757
ICICIBANK,EQ,2026-03-25,1251.2,1258.9,1272.9,1254.4,1258.4,1259.7,1262.48,17290030,21828349228.1,245636,8656583,50.07,0.006793478260869623
ICICIBANK,EQ,2026-03-27,1259.7,1256.0,1260.9,1230.1,1237.9,1233.8,1241.91,23630905,29347500695.0,280968,16867704,71.38,-0.02056045090100822
ICICIBANK,EQ,2026-03-30,1233.8,1216.5,1222.6,1200.4,1211.8,1205.9,1211.37,23952775,29015783813.0,224335,9392575,39.21,-0.022613065326633097
ICICIBANK,EQ,2026-04-01,1205.9,1228.1,1234.0,1210.0,1213.0,1212.7,1219.58,25472333,31065455922.5,256306,16773079,65.85,0.005638941869143377
ICICIBANK,EQ,2026-04-02,1212.7,1196.0,1222.1,1187.6,1216.5,1215.8,1204.91,20851722,25124402749.5,346186,9640544,46.23,0.0025562793765976366
ICICIBANK,EQ,2026-04-06,1215.8,1213.0,1234.4,1200.5,1228.6,1231.4,1218.09,10058414,12252023145.8,131870,5872971,58.39,0.012831057739759899
ICICIBANK,EQ,2026-04-07,1231.4,1229.0,1250.4,1216.6,1248.5,1245.5,1235.01,25600557,31617031068.7,212038,15805155,61.74,0.011450381679389166
ICICIBANK,EQ,2026-04-08,1245.5,1310.0,1333.5,1292.4,1309.1,1309.2,1307.02,25148651,32869793000.9,267068,14746595,58.64,0.05114411882778014
ICICIBANK,EQ,2026-04-09,1309.2,1299.9,1308.0,1275.9,1283.5,1281.3,1287.04,22923062,29502799668.9,295814,10338289,45.1,-0.021310724106324508
ICICIBANK,EQ,2026-04-10,1281.3,1289.0,1324.0,1288.5,1322.8,1321.9,1317.23,18174755,23940399460.2,265455,10695254,58.85,0.03168656832904082
ICICIBANK,EQ,2026-04-13,1321.9,1304.9,1357.0,1296.7,1347.0,1351.1,1336.01,30572141,40844687271.3,391182,18870489,61.72,0.022089416748619195
ICICIBANK,EQ,2026-04-15,1351.1,1358.0,1364.8,1338.0,1347.0,1348.1,1348.45,23827473,32130112128.2,367877,13238363,55.56,-0.0022204129968174113
ICICIBANK,EQ,2026-04-16,1348.1,1352.0,1366.9,1340.2,1343.9,1345.5,1351.63,24017236,32462401733.8,369800,7248933,30.18,-0.0019286403085824189
ICICIBANK,EQ,2026-04-17,1345.5,1347.0,1352.9,1334.0,1352.8,1346.8,1341.32,18151993,24347556255.2,212763,10717365,59.04,0.0009661835748790981
ICICIBANK,EQ,2026-04-20,1346.8,1364.7,1376.4,1353.0,1354.3,1356.2,1362.59,21551520,29365907872.8,320334,10567077,49.03,0.006979506979507111
ICICIBANK,EQ,2026-04-21,1356.2,1368.0,1393.1,1360.0,1385.6,1388.4,1382.63,23312455,32232421315.5,249510,8935665,38.33,0.023742810794868063
ICICIBANK,EQ,2026-04-22,1388.4,1380.0,1380.1,1365.0,1367.8,1367.6,1370.33,13613487,18654924562.1,210901,8876042,65.2,-0.014981273408239848
ICICIBANK,EQ,2026-04-23,1367.6,1348.4,1354.0,1343.5,1347.0,1348.0,1348.93,20111792,27129405927.9,180688,12748765,63.39,-0.014331675928634047
ICICIBANK,EQ,2026-04-24,1348.0,1336.3,1348.8,1324.0,1325.8,1326.2,1332.36,14056743,18728638323.0,192491,11027327,78.45,-0.016172106824925758
ICICIBANK,EQ,2026-04-27,1326.2,1327.9,1335.9,1310.9,1316.6,1314.1,1319.21,15385625,20296818470.5,221899,10123366,65.8,-0.00912381239632043
ICICIBANK,EQ,2026-04-28,1314.1,1314.3,1317.7,1286.7,1289.1,1292.0,1300.34,16774778,21812894339.1,197497,8021364,47.82,-0.0168175937904268
ICICIBANK,EQ,2026-04-29,1292.0,1294.7,1296.8,1276.2,1279.5,1281.0,1287.47,11716030,15084008549.0,191545,7165480,61.16,-0.008513931888544879
ICICIBANK,EQ,2026-04-30,1281.0,1261.0,1272.2,1259.0,1265.7,1263.4,1264.67,17740110,22435414841.1,261998,8202254,46.24,-0.013739266198282474
ICICIBANK,EQ,2026-05-04,1263.4,1264.3,1282.2,1264.3,1269.0,1270.8,1273.13,14597051,18583884989.9,178442,9584278,65.66,0.0058572107012822006
ICICIBANK,EQ,2026-05-05,1270.8,1264.0,1266.7,1245.5,1250.9,1251.3,1252.12,24447935,30611850377.0,257742,12474285,51.02,-0.015344664778092487
ICICIBANK,EQ,2026-05-06,1251.3,1262.0,1282.8,1252.1,1279.6,1279.5,1268.87,22909586,29069305516.6,288318,14357538,62.67,0.022536561975545544
ICICIBANK,EQ,2026-05-07,1279.5,1284.7,1294.0,1273.2,1279.0,1279.0,1282.68,25028552,32103738356.8,322972,8764222,35.02,-0.0003907776475186031
ICICIBANK,EQ,2026-05-08,1279.0,1279.6,1279.6,1261.2,1267.8,1264.8,1266.0,11137424,14099955630.0,185392,7574037,68.01,-0.01110242376856918
ICICIBANK,EQ,2026-05-11,1264.8,1259.4,1275.7,1252.0,1267.2,1266.4,1267.94,18980488,24066115479.6,537303,12590590,66.33,0.0012650221378875948
ICICIBANK,EQ,2026-05-12,1266.4,1256.0,1259.9,1236.3,1244.5,1240.3,1244.35,21110708,26269040947.3,380833,8970204,42.49,-0.020609602021478324
ICICIBANK,EQ,2026-05-13,1240.3,1238.3,1249.2,1227.2,1236.1,1235.6,1238.85,19490295,24145579380.3,286906,12949692,66.44,-0.0037894057889220623
ICICIBANK,EQ,2026-05-14,1235.6,1239.1,1256.7,1236.0,1248.7,1246.0,1248.25,16535600,20640495752.3,356567,7636964,46.18,0.008416963418582224
ICICIBANK,EQ,2026-05-15,1246.0,1246.6,1258.0,1242.0,1247.9,1244.5,1247.98,11745614,14658250228.7,221105,7703623,65.59,-0.0012038523274477964
ICICIBANK,EQ,2026-05-18,1244.5,1235.5,1253.7,1232.0,1251.7,1251.1,1243.71,13918850,17311046029.3,242335,9092626,65.33,0.005303334672559279
ICICIBANK,EQ,2026-05-19,1251.1,1251.1,1256.3,1229.8,1242.5,1240.8,1236.56,38929053,48138272774.7,283791,26199158,67.3,-0.008232755175445527
ICICIBANK,EQ,2026-05-20,1240.8,1230.0,1239.7,1223.3,1236.5,1237.3,1232.55,14953103,18430375623.0,196646,10326267,69.06,-0.0028207607994842343
ICICIBANK,EQ,2026-05-21,1237.3,1245.3,1248.3,1234.4,1244.4,1242.8,1242.5,14394386,17884996507.3,179763,6472295,44.96,0.004445162854602724
ICICIBANK,EQ,2026-05-22,1242.8,1242.0,1270.8,1242.0,1267.2,1264.3,1264.35,11601085,14667824476.7,163057,8081560,69.66,0.017299645960733745
ICICIBANK,EQ,2026-05-25,1264.3,1271.0,1293.5,1270.9,1293.5,1291.8,1282.46,13853923,17767046157.9,230176,9700400,70.02,0.0217511666534842
ICICIBANK,EQ,2026-05-26,1291.8,1290.0,1301.8,1276.2,1280.7,1279.1,1287.57,18400405,23691757179.0,233183,8032540,43.65,-0.009831243226505637
ICICIBANK,EQ,2026-05-27,1279.1,1286.0,1293.4,1266.7,1272.5,1272.7,1277.96,18366272,23471339315.5,199046,7601863,41.39,-0.005003518098663062
ICICIBANK,EQ,2026-05-29,1272.7,1275.1,1287.8,1247.9,1260.5,1256.4,1263.53,31007884,39179479642.8,392957,21843321,70.44,-0.01280741730179924
ICICIBANK,EQ,2026-06-01,1256.4,1257.1,1261.9,1235.9,1238.6,1239.7,1245.36,9911975,12343958316.5,179104,4668973,47.1,-0.013291945240369363
ICICIBANK,EQ,2026-06-02,1239.7,1233.0,1237.7,1220.7,1230.7,1226.6,1229.0,17920892,22024848172.5,251540,6015568,33.57,-0.010567072678874023
ICICIBANK,EQ,2026-06-03,1226.6,1219.9,1248.3,1213.7,1243.4,1242.0,1231.5,13934754,17160589675.9,373364,6710297,48.16,0.012555030164682845
ICICIBANK,EQ,2026-06-04,1242.0,1232.2,1262.3,1232.2,1253.0,1251.7,1251.91,19461560,24364121089.3,272388,9460712,48.61,0.007809983896940542
ICICIBANK,EQ,2026-06-05,1251.7,1257.0,1265.0,1250.0,1261.0,1262.1,1258.93,10166393,12798754410.3,232444,6097001,59.97,0.008308700167771743
ICICIBANK,EQ,2026-06-08,1262.1,1246.4,1254.0,1243.1,1250.0,1250.2,1249.97,10714196,13392435061.7,165598,6148727,57.39,-0.009428729894619958
ICICIBANK,EQ,2026-06-09,1250.2,1255.0,1279.9,1252.7,1276.0,1275.0,1271.49,22368579,28441491850.7,295130,12042919,53.84,0.01983682610782278
ICICIBANK,EQ,2026-06-10,1275.0,1271.3,1306.0,1271.3,1293.0,1293.3,1294.82,25951584,33602725418.6,317951,17041675,65.67,0.014352941176470457
ICICIBANK,EQ,2026-06-11,1293.3,1286.5,1333.0,1286.5,1313.9,1317.0,1316.68,35919374,47294430919.8,462944,24033028,66.91,0.018325214567385784
ICICIBANK,EQ,2026-06-12,1317.0,1330.0,1344.3,1318.7,1340.0,1340.8,1333.0,18339846,24447033214.6,237916,14026255,76.48,0.018071374335611123
ICICIBANK,EQ,2026-06-15,1340.8,1354.6,1362.7,1325.3,1328.0,1327.6,1339.75,16172921,21667694953.8,231944,11052408,68.34,-0.009844868735083612
ICICIBANK,EQ,2026-06-16,1327.6,1331.9,1337.3,1326.3,1335.5,1334.3,1331.53,13069159,17401991209.8,209525,5509490,42.16,0.005046700813498006
ICICIBANK,EQ,2026-06-17,1334.3,1342.0,1346.0,1333.4,1336.5,1336.8,1338.65,8026424,10744544350.0,154630,4704112,58.61,0.0018736416098328323
ICICIBANK,EQ,2026-06-18,1336.8,1333.6,1346.9,1331.4,1341.5,1342.3,1340.81,13467985,18058046131.1,166446,6036352,44.82,0.004114302812687098
ICICIBANK,EQ,2026-06-19,1342.3,1340.5,1352.3,1332.0,1347.8,1346.5,1346.35,9057322,12194367731.9,141850,5876183,64.88,0.0031289577590702944
ICICIBANK,EQ,2026-06-22,1346.5,1353.0,1362.7,1348.4,1351.0,1352.4,1355.63,4814845,6527149141.9,111040,2714882,56.39,0.004381730412179818
ICICIBANK,EQ,2026-06-23,1352.4,1358.0,1369.1,1331.5,1335.5,1338.3,1352.91,11884879,16079139867.9,166170,6420307,54.02,-0.01042590949423261
ICICIBANK,EQ,2026-06-24,1338.3,1340.6,1377.6,1340.6,1373.0,1373.6,1369.98,16440708,22523378860.9,284060,10967448,66.71,0.026376746618844704
ICICIBANK,EQ,2026-06-25,1373.6,1381.9,1404.0,1380.1,1387.0,1387.5,1390.64,17173209,23881728053.4,323911,10490930,61.09,0.01011939429237052
ICICIBANK,EQ,2026-06-29,1387.5,1390.0,1402.0,1383.2,1388.0,1387.6,1389.31,13249405,18407550527.8,238572,10075322,76.04,7.207207207193811e-05
ICICIBANK,EQ,2026-06-30,1387.6,1402.0,1402.0,1366.1,1379.9,1375.2,1377.88,18398057,25350231179.7,238982,8942551,48.61,-0.008936292879792362
ICICIBANK,EQ,2026-07-01,1375.2,1371.4,1385.1,1367.7,1377.6,1379.8,1377.17,11948034,16454477473.2,198943,7838052,65.6,0.003344968004653781
ICICIBANK,EQ,2026-07-02,1379.8,1381.9,1405.0,1376.8,1401.0,1400.0,1395.35,15779429,22017871341.3,202269,9746817,61.77,0.014639802869981233
ICICIBANK,EQ,2026-07-03,1400.0,1414.0,1420.0,1405.9,1412.7,1411.4,1412.3,12901785,18221250388.9,242670,9666469,74.92,0.00814285714285723
ICICIBANK,EQ,2026-07-06,1411.4,1412.0,1431.6,1411.6,1426.5,1426.9,1425.91,12306949,17548556220.7,215378,8785953,71.39,0.010982003684285147
ICICIBANK,EQ,2026-07-07,1426.9,1431.6,1433.0,1410.0,1412.0,1414.7,1421.4,15664178,22265014594.5,270831,9647392,61.59,-0.008550003504099846
ICICIBANK,EQ,2026-07-08,1414.7,1410.3,1418.3,1375.9,1383.1,1380.6,1396.85,10573142,14769092852.5,279456,5920791,56.0,-0.024104050328691673
ICICIBANK,EQ,2026-07-09,1380.6,1382.9,1403.6,1377.3,1384.0,1380.7,1386.99,13948838,19346861582.2,313842,6826230,48.94,7.243227582209855e-05
ICICIBANK,EQ,2026-07-10,1380.7,1389.7,1408.2,1389.6,1401.2,1401.2,1402.11,6409645,8987046054.6,132249,4093220,63.86,0.014847541102339434
ICICIBANK,EQ,2026-07-13,1401.2,1393.5,1413.0,1386.3,1407.8,1409.5,1403.36,10091437,14161908061.5,205509,5684221,56.33,0.005923494147873187
ICICIBANK,EQ,2026-07-14,1409.5,1400.0,1411.8,1392.0,1406.4,1407.7,1404.33,14133017,19847483412.5,172884,7896949,55.88,-0.0012770485987938507
ICICIBANK,EQ,2026-07-15,1407.7,1412.9,1428.0,1409.2,1411.1,1416.2,1418.03,12961648,18380061223.5,203709,8843263,68.23,0.006038218370391313
ICICIBANK,EQ,2026-07-16,1416.2,1420.1,1423.7,1406.2,1418.0,1418.2,1413.86,10165264,14372270891.7,133649,5516502,54.27,0.0014122299110295167
ICICIBANK,EQ,2026-07-17,1418.2,1422.1,1455.1,1419.7,1454.0,1444.3,1438.3,11112550,15983233304.0,199474,6835725,61.51,0.018403610210125487
ICICIBANK,EQ,2026-07-20,1444.3,1444.5,1480.0,1439.5,1461.0,1460.2,1457.49,22236415,32409455230.5,293168,13622393,61.26,0.01100879318701109
ICICIBANK,EQ,2026-07-21,1460.2,1470.0,1473.9,1456.6,1463.1,1463.1,1463.91,18269907,26745465548.1,186971,12974619,71.02,0.0019860293110531835
ICICIBANK,EQ,2026-07-22,1463.1,1466.4,1466.4,1438.4,1439.7,1440.7,1444.85,8345136,12057481788.8,212805,6143864,73.62,-0.015309958307702765
ICICIBANK,EQ,2026-07-23,1440.7,1432.5,1446.0,1426.6,1433.4,1434.6,1435.23,12409328,17810297603.8,166912,8491180,68.43,-0.004234052890955908
ICICIBANK,EQ,2026-07-24,1434.6,1428.0,1440.0,1415.4,1436.0,1432.9,1428.15,10870914,15525253507.7,215086,8246114,75.85,-0.0011849993029414696
ICICIBANK,EQ,2026-07-27,1432.9,1435.7,1449.0,1428.8,1445.5,1445.7,1439.49,10608300,15270561725.5,195530,7110516,67.03,0.008932933212366434
ICICIBANK,EQ,2026-07-28,1445.7,1442.3,1445.9,1417.6,1417.6,1430.8,1431.3,19486209,27890707962.2,245191,10305281,52.88,-0.010306425952825715
ICICIBANK,EQ,2026-07-29,1430.8,1442.5,1448.5,1428.5,1437.8,1437.9,1438.32,10856166,15614604535.7,155779,7381756,68.0,0.004962258876153314
ICICIBANK,EQ,2026-07-30,1437.9,1431.1,1442.2,1422.6,1430.0,1433.9,1430.78,14141173,20232971620.0,180054,6425371,45.44,-0.0027818346199318666
ICICIBANK,EQ,2026-07-31,1433.9,1434.3,1441.9,1431.4,1433.9,1435.4,1434.95,8752440,12559302182.9,100099,5861291,66.97,0.0010460980542577047
ICICIBANK,EQ,2026-08-03,1435.4,1442.0,1460.0,1433.0,1460.0,1460.0,1445.87,7706747,11142959295.9,185170,5215640,67.68,0.017138079977706555
ICICIBANK,EQ,2026-08-04,1460.0,1452.0,1454.6,1430.8,1454.6,1454.6,1441.86,11458963,16522216613.9,141775,5522328,48.19,-0.0036986301369863472
ICICIBANK,EQ,2026-08-05,1454.6,1454.6,1454.6,1431.2,1450.1,1450.1,1442.5,11723296,16910829557.2,169434,5881584,50.17,-0.0030936339887254194
ICICIBANK,EQ,2026-08-06,1450.1,1460.0,1460.0,1448.3,1457.5,1457.5,1455.71,14954726,21769766618.4,191250,8826942,59.02,0.005103096338183732
ICICIBANK,EQ,2026-08-07,1457.5,1451.0,1455.0,1418.2,1421.0,1421.0,1433.17,14395789,20631553752.1,155386,10066071,69.92,-0.025042881646655246
ICICIBANK,EQ,2026-08-10,1421.0,1428.1,1441.9,1415.5,1431.8,1431.8,1426.2,12749354,18183153808.0,142995,8608372,67.52,0.007600281491907168
ICICIBANK,EQ,2026-08-11,1431.8,1432.1,1434.0,1412.2,1429.6,1429.6,1421.41,10471914,14884871301.5,218784,5257604,50.21,-0.0015365274479676172
ICICIBANK,EQ,2026-08-12,1429.6,1429.4,1435.0,1418.6,1431.7,1431.7,1425.7,8201733,11693209005.1,131055,4500597,54.87,0.0014689423614997477
ICICIBANK,EQ,2026-08-13,1431.7,1429.0,1429.0,1406.4,1406.8,1406.8,1411.89,11408206,16107093271.2,161325,7032860,61.65,-0.017391911713347863
ICICIBANK,EQ,2026-08-14,1406.8,1403.0,1417.8,1401.0,1417.0,1417.0,1409.86,6097934,8597221380.5,118817,3843826,63.03,0.007250497583167537
ICICIBANK,EQ,2026-08-17,1417.0,1418.0,1423.6,1407.0,1415.3,1415.3,1416.27,5605603,7939052356.4,106272,3196498,57.02,-0.0011997177134792647
ICICIBANK,EQ,2026-08-18,1415.3,1410.0,1416.6,1406.3,1412.0,1412.0,1410.79,8345198,11773283117.6,116562,4667622,55.93,-0.002331661131915408
ICICIBANK,EQ,2026-08-19,1412.0,1412.0,1416.0,1391.5,1402.0,1402.0,1398.73,10304210,14412844395.9,133658,7130460,69.2,-0.007082152974504208
ICICIBANK,EQ,2026-08-20,1402.0,1407.8,1413.0,1403.3,1411.9,1411.9,1408.57,8425049,11867275973.2,108431,5969067,70.85,0.0070613409415121176
ICICIBANK,EQ,2026-08-21,1411.9,1417.0,1420.0,1411.2,1420.0,1420.0,1417.2,4565280,6469928366.1,100376,2895268,63.42,0.005736950208938163
ICICIBANK,EQ,2026-08-24,1420.0,1420.5,1425.5,1408.7,1415.0,1415.0,1415.58,5307113,7512641856.4,134604,2825622,53.24,-0.0035211267605633756
ICICIBANK,EQ,2026-08-25,1415.0,1408.0,1424.9,1408.0,1422.7,1422.7,1420.44,7983249,11339758033.5,106893,2825788,35.4,0.0054416961130743235
ICICIBANK,EQ,2026-08-26,1422.7,1423.1,1446.0,1423.1,1430.0,1430.0,1437.4,4177066,6004120360.6,87376,2252563,53.93,0.005131088774864567
ICICIBANK,EQ,2026-08-27,1430.0,1445.0,1453.8,1433.1,1443.0,1443.0,1444.93,11539716,16674063062.0,193417,6260117,54.25,0.009090909090909038
ICICIBANK,EQ,2026-08-28,1443.0,1435.0,1439.8,1418.9,1422.8,1422.8,1427.61,8625738,12314180817.7,87869,5211279,60.42,-0.013998613998614018
ICICIBANK,EQ,2026-08-31,1422.8,1422.8,1454.0,1419.0,1454.0,1454.0,1435.85,15331697,22014009456.3,184414,11993976,78.23,0.02192859150969917
ICICIBANK,EQ,2026-09-01,1454.0,1442.9,1446.7,1422.8,1438.0,1438.0,1432.7,10627608,15226197713.1,143205,4530058,42.63,-0.011004126547455306
ICICIBANK,EQ,2026-09-02,1438.0,1425.1,1436.0,1420.7,1426.5,1426.5,1426.34,8515824,12146450397.7,148174,5724353,67.22,-0.007997218358831715
ICICIBANK,EQ,2026-09-03,1426.5,1438.3,1452.0,1430.0,1430.0,1430.0,1440.14,10503351,15126298838.4,167924,5967194,56.81,0.002453557658604888
ICICIBANK,EQ,2026-09-04,1430.0,1432.1,1438.3,1421.4,1423.2,1423.2,1429.2,6693889,9566874557.4,100896,4537805,67.79,-0.004755244755244692
ICICIBANK,EQ,2026-09-07,1423.2,1428.0,1434.4,1422.6,1427.5,1427.5,1426.82,8035111,11464682346.3,126269,5190287,64.6,0.0030213603147835055
ICICIBANK,EQ,2026-09-08,1427.5,1424.0,1424.9,1396.3,1399.4,1399.4,1403.1,12123411,17010302757.7,385562,8057952,66.47,-0.019684763572679453
ICICIBANK,EQ,2026-09-09,1399.4,1395.9,1402.5,1385.5,1389.1,1389.1,1392.76,14229080,19817681421.5,151758,10068827,70.76,-0.0073602972702587754
ICICIBANK,EQ,2026-09-10,1389.1,1385.9,1393.0,1373.9,1384.5,1384.5,1381.8,10580641,14620337290.6,154389,7526499,71.13,-0.0033114966525087386
ICICIBANK,EQ,2026-09-11,1384.5,1371.6,1389.0,1367.6,1379.3,1379.3,1379.59,7064417,9746029753.5,119432,4097434,63.26,-0.003755868544600971
