symbol,series,trade_date,prev_close,open_price,high_price,low_price,last_price,close_price,average_price,total_traded_quantity,turnover_inr,no_of_trades,deliverable_qty,deliverable_pct,daily_return
INFY,EQ,2021-09-13,1691.6,1683.0,1701.5,1675.2,1690.85,1691.9,1689.36,4662374,7876437378.3,187031,3223515,69.14,
INFY,EQ,2021-09-14,1691.9,1695.95,1695.95,1678.6,1686.5,1686.15,1688.38,4945167,8349299076.4,207112,3829313,77.44,-0.0033985460133577616
INFY,EQ,2021-09-15,1686.15,1693.25,1715.1,1690.2,1710.2,1711.45,1705.03,4062344,6926434283.0,187441,2528172,62.23,0.01500459626960815
INFY,EQ,2021-09-16,1711.45,1715.2,1719.25,1691.45,1702.05,1702.25,1701.12,3246568,5522817876.3,159668,2179368,67.13,-0.005375558736743669
INFY,EQ,2021-09-17,1702.25,1697.0,1718.0,1684.45,1692.0,1691.3,1696.56,7454864,12647632623.5,123572,4936266,66.22,-0.006432662652371857
INFY,EQ,2021-09-20,1691.3,1685.0,1707.7,1677.95,1687.4,1687.85,1695.88,5660743,9599964334.2,136341,3898202,68.86,-0.0020398510021877314
INFY,EQ,2021-09-21,1687.85,1700.0,1726.75,1684.65,1717.7,1718.45,1707.5,4672222,7977838674.6,138846,2854317,61.09,0.01812957312557395
INFY,EQ,2021-09-22,1718.45,1717.0,1738.9,1713.05,1715.65,1716.9,1727.0,4553892,7864586458.9,162450,2565643,56.34,-0.0009019756175623339
INFY,EQ,2021-09-23,1716.9,1732.0,1745.0,1721.1,1742.1,1742.55,1733.04,3826090,6630769717.8,151039,2542806,66.46,0.01493971693167917
INFY,EQ,2021-09-24,1742.55,1758.0,1788.0,1752.45,1763.8,1763.85,1772.2,8280446,14674577075.85,231499,4249574,51.32,0.012223465610742945
INFY,EQ,2021-09-27,1763.85,1768.75,1769.0,1718.1,1723.0,1721.15,1732.17,5045337,8739379305.2,227547,3353897,66.48,-0.024208407744422566
INFY,EQ,2021-09-28,1721.15,1710.0,1710.0,1675.0,1686.3,1687.1,1687.94,6557197,11068146871.1,321289,4432200,67.59,-0.019783284431920678
INFY,EQ,2021-09-29,1687.1,1659.25,1701.4,1655.0,1688.55,1692.25,1683.09,7792548,13115587857.25,252164,5097015,65.41,0.0030525754252861415
INFY,EQ,2021-09-30,1692.25,1703.0,1703.0,1670.1,1679.5,1675.2,1682.12,6914031,11630225539.25,155817,4013029,58.04,-0.010075343477618515
INFY,EQ,2021-10-01,1675.2,1665.1,1678.95,1661.25,1665.6,1665.15,1670.32,5733906,9577431061.45,166006,4139955,72.2,-0.005999283667621702
INFY,EQ,2021-10-04,1665.15,1672.5,1688.0,1665.4,1681.9,1678.75,1678.53,2947154,4946872978.25,122901,1900709,64.49,0.008167432363450633
INFY,EQ,2021-10-05,1678.75,1671.0,1702.95,1663.0,1691.7,1692.8,1677.62,4373310,7336751142.35,174119,2453697,56.11,0.008369322412509206
INFY,EQ,2021-10-06,1692.8,1702.1,1709.0,1670.0,1672.65,1673.55,1682.79,4271698,7188385186.55,168805,2859420,66.94,-0.011371691871455591
INFY,EQ,2021-10-07,1673.55,1687.0,1704.2,1676.65,1690.35,1691.0,1693.19,5476108,9272107761.25,142352,3855195,70.4,0.01042693675121753
INFY,EQ,2021-10-08,1691.0,1705.25,1731.5,1698.4,1723.85,1723.85,1719.42,4738376,8147261439.5,223183,2484109,52.43,0.019426374926079237
INFY,EQ,2021-10-11,1723.85,1682.0,1730.0,1663.7,1693.0,1690.95,1698.64,8840633,15017023820.95,264208,4763503,53.88,-0.01908518722626673
INFY,EQ,2021-10-12,1690.95,1677.0,1689.0,1662.0,1688.0,1685.15,1677.23,7439300,12477416052.15,258781,3823146,51.39,-0.0034300245424169207
INFY,EQ,2021-10-13,1685.15,1695.95,1713.65,1680.05,1705.0,1709.2,1697.94,7104171,12062453914.35,273495,4375894,61.6,0.014271726552532282
INFY,EQ,2021-10-14,1709.2,1754.0,1783.6,1698.2,1714.0,1715.75,1738.12,19655776,34164007327.25,428428,9689787,49.3,0.00383220219985958
INFY,EQ,2021-10-18,1715.75,1740.0,1799.0,1740.0,1798.0,1792.15,1770.72,13438109,23795103034.9,310783,9274584,69.02,0.04452863179367639
INFY,EQ,2021-10-19,1792.15,1814.0,1834.5,1782.3,1823.5,1822.15,1818.83,10324260,18778087117.05,236442,6341209,61.42,0.01673967022849654
INFY,EQ,2021-10-20,1822.15,1829.4,1848.0,1794.05,1797.4,1802.35,1819.25,5876115,10690134351.8,193075,3320472,56.51,-0.010866284334440146
INFY,EQ,2021-10-21,1802.35,1814.0,1814.0,1746.85,1757.0,1753.65,1768.17,8779629,15523851574.25,227646,5699645,64.92,-0.02702027908008975
INFY,EQ,2021-10-22,1753.65,1749.9,1763.2,1707.0,1717.85,1719.8,1728.28,7369809,12737099864.85,231471,4865170,66.01,-0.019302597439626035
INFY,EQ,2021-10-25,1719.8,1722.05,1729.75,1687.2,1708.4,1707.55,1700.04,5905209,10039080678.05,175289,4000395,67.74,-0.0071229212699150946
INFY,EQ,2021-10-26,1707.55,1710.05,1726.6,1695.9,1707.95,1703.7,1704.53,5871709,10008498840.25,163478,3860399,65.75,-0.0022546923955374387
INFY,EQ,2021-10-27,1703.7,1709.1,1734.15,1701.15,1726.55,1728.95,1718.39,5090259,8747027004.7,174841,3107757,61.05,0.01482068439279205
INFY,EQ,2021-10-28,1728.95,1719.35,1724.75,1692.05,1705.85,1703.9,1710.08,5329972,9114701909.05,194339,3591576,67.38,-0.01448856242227936
INFY,EQ,2021-10-29,1703.9,1699.0,1712.6,1661.05,1671.0,1667.75,1687.51,5875091,9914259072.9,212408,3201958,54.5,-0.02121603380480075
INFY,EQ,2021-11-01,1667.75,1677.5,1707.2,1676.0,1701.35,1700.05,1695.58,3636806,6166483835.7,156714,2022059,55.6,0.01936741118273111
INFY,EQ,2021-11-02,1700.05,1695.0,1706.45,1686.35,1699.0,1697.9,1696.02,3471772,5888203296.25,132426,2454078,70.69,-0.001264668686214998
INFY,EQ,2021-11-03,1697.9,1709.0,1717.45,1699.0,1703.6,1702.5,1707.08,3530713,6027214982.0,159185,2377721,67.34,0.0027092290476471437
INFY,EQ,2021-11-04,1702.5,1715.0,1717.0,1705.0,1705.5,1708.7,1710.56,483407,826894810.3,45697,328812,68.02,0.0036417033773861185
INFY,EQ,2021-11-08,1708.7,1730.0,1741.0,1703.0,1740.0,1737.5,1727.82,5245903,9063983393.5,194006,3687695,70.3,0.016854918944226638
INFY,EQ,2021-11-09,1737.5,1734.75,1750.0,1726.0,1740.7,1742.5,1741.18,4016134,6992803829.65,141964,2760097,68.73,0.0028776978417266452
INFY,EQ,2021-11-10,1742.5,1726.0,1750.95,1721.95,1742.0,1740.15,1737.49,4780368,8305852157.15,115801,3420233,71.55,-0.0013486370157819172
INFY,EQ,2021-11-11,1740.15,1732.95,1739.75,1709.0,1735.0,1733.3,1723.79,4731349,8155869538.3,128994,3365758,71.14,-0.0039364422607247596
INFY,EQ,2021-11-12,1733.3,1743.0,1782.85,1738.05,1779.5,1780.2,1766.51,5069009,8954436975.4,142273,3421192,67.49,0.027058212657935732
INFY,EQ,2021-11-15,1780.2,1782.1,1800.0,1775.5,1785.0,1787.15,1793.71,4354074,7809957008.85,154854,2972173,68.26,0.0039040557240759277
INFY,EQ,2021-11-16,1787.15,1790.0,1808.95,1777.0,1791.4,1792.3,1797.43,6034233,10846091248.7,173120,4449743,73.74,0.002881683126765955
INFY,EQ,2021-11-17,1792.3,1792.55,1802.0,1780.7,1790.55,1787.45,1792.6,4732492,8483456713.5,195585,3566579,75.36,-0.0027060201975115383
INFY,EQ,2021-11-18,1787.45,1781.6,1789.45,1759.0,1774.0,1779.4,1773.94,4326924,7675682400.0,154647,3096489,71.56,-0.00450362247895042
INFY,EQ,2021-11-22,1779.4,1784.0,1785.4,1751.15,1760.25,1759.4,1766.39,6621839,11696747300.55,170729,5212759,78.72,-0.011239743733842844
INFY,EQ,2021-11-23,1759.4,1735.1,1747.25,1710.0,1727.5,1736.9,1732.65,8436160,14616871616.0,228363,6315371,74.86,-0.012788450608161916
INFY,EQ,2021-11-24,1736.9,1740.0,1740.5,1688.0,1690.2,1696.0,1712.88,7333061,12560636398.7,261744,4858944,66.26,-0.023547699925154042
INFY,EQ,2021-11-25,1696.0,1700.0,1726.2,1696.95,1722.5,1722.4,1715.34,4476260,7678310603.8,141756,2859354,63.88,0.015566037735849081
INFY,EQ,2021-11-26,1722.4,1702.55,1718.35,1684.0,1689.55,1691.65,1701.47,4494181,7646702666.25,189716,2981159,66.33,-0.017852995819786388
INFY,EQ,2021-11-29,1691.65,1691.0,1712.0,1669.15,1696.2,1696.35,1694.69,3942776,6681771091.15,187081,2268845,57.54,0.0027783524960836026
INFY,EQ,2021-11-30,1696.35,1704.55,1729.9,1700.05,1717.0,1712.65,1713.8,14808963,25379600677.05,209403,10710732,72.33,0.009608866094850788
INFY,EQ,2021-12-01,1712.65,1715.0,1741.9,1713.0,1717.0,1714.9,1726.72,5193264,8967308949.6,204083,3492968,67.26,0.0013137535398359823
INFY,EQ,2021-12-02,1714.9,1715.0,1750.5,1711.35,1748.0,1748.25,1737.73,5559574,9661020145.95,173258,3879791,69.79,0.01944719808735207
INFY,EQ,2021-12-03,1748.25,1771.1,1786.65,1732.55,1737.6,1735.55,1758.49,6754012,11876876753.6,172077,3834641,56.78,-0.007264407264407247
INFY,EQ,2021-12-06,1735.55,1730.0,1733.95,1691.5,1694.95,1695.3,1705.47,3991449,6807306903.9,170662,2340393,58.64,-0.023191495491342806
INFY,EQ,2021-12-07,1695.3,1701.1,1724.9,1694.0,1711.45,1711.65,1711.29,4202122,7191049985.5,113379,2241173,53.33,0.009644310741461659
INFY,EQ,2021-12-08,1711.65,1733.0,1759.8,1732.6,1752.4,1753.35,1749.49,3029169,5299514521.95,101838,1536940,50.74,0.024362457278064964
INFY,EQ,2021-12-09,1753.35,1759.0,1769.4,1742.0,1758.0,1763.45,1757.23,2082171,3658856607.4,90007,1086606,52.19,0.005760401517096003
INFY,EQ,2021-12-10,1763.45,1760.0,1763.75,1746.0,1757.05,1759.25,1754.36,1823469,3199026984.6,114797,953570,52.29,-0.002381694972922399
INFY,EQ,2021-12-13,1759.25,1767.05,1771.35,1738.8,1747.0,1744.65,1751.26,4040584,7076097488.25,138705,2868075,70.98,-0.008298991047321236
INFY,EQ,2021-12-14,1744.65,1730.9,1763.0,1710.35,1743.75,1752.15,1746.72,4768144,8328622415.4,178424,3402482,71.36,0.004298856504169946
INFY,EQ,2021-12-15,1752.15,1745.0,1747.95,1721.2,1734.9,1734.2,1732.61,3053149,5289916760.45,123458,1973169,64.63,-0.01024455668749824
INFY,EQ,2021-12-16,1734.2,1762.65,1777.6,1758.0,1777.0,1771.6,1768.37,4481031,7924136141.65,161944,2245376,50.11,0.021566140006919587
INFY,EQ,2021-12-17,1771.6,1820.0,1842.0,1806.75,1823.0,1820.85,1822.81,18887243,34427916211.1,398575,10058333,53.25,0.027799729058478162
INFY,EQ,2021-12-20,1820.85,1801.7,1829.65,1787.3,1800.7,1798.9,1805.2,5773891,10423053263.25,220523,3292406,57.02,-0.012054809566960367
INFY,EQ,2021-12-21,1798.9,1801.0,1838.0,1801.0,1814.7,1811.6,1821.91,5353584,9753723500.15,204777,2973665,55.55,0.007059869920506889
INFY,EQ,2021-12-22,1811.6,1825.0,1829.15,1812.35,1824.0,1824.7,1820.18,4156428,7565456224.4,121978,2781158,66.91,0.007231176860234223
INFY,EQ,2021-12-23,1824.7,1831.25,1861.6,1827.0,1856.15,1857.6,1849.59,4112933,7607253609.15,160898,2253794,54.8,0.018030361155258356
INFY,EQ,2021-12-24,1857.6,1872.95,1875.75,1854.0,1863.4,1863.5,1864.33,3780347,7047796921.3,119651,1799119,47.59,0.0031761412575366244
INFY,EQ,2021-12-27,1863.5,1860.0,1874.5,1845.05,1869.4,1866.15,1863.95,2647733,4935229849.6,141608,1572478,59.39,0.001422055272336964
INFY,EQ,2021-12-28,1866.15,1880.7,1895.9,1878.4,1885.2,1888.0,1887.13,3340933,6304763251.35,147835,2012911,60.25,0.0117085979154945
INFY,EQ,2021-12-29,1888.0,1883.5,1893.8,1876.4,1883.25,1885.55,1885.99,3236635,6104257383.9,94918,2379206,73.51,-0.0012976694915254328
INFY,EQ,2021-12-30,1885.55,1884.5,1909.8,1874.35,1897.0,1892.85,1895.39,4584738,8689853629.65,127547,3155534,68.83,0.0038715494152898877
INFY,EQ,2021-12-31,1892.85,1890.0,1898.35,1871.65,1893.0,1887.75,1887.2,4619420,8717788085.6,132766,3135757,67.88,-0.002694349789999162
INFY,EQ,2022-01-03,1887.75,1887.75,1914.05,1887.75,1899.0,1898.45,1904.82,3329616,6342326137.5,128107,1973673,59.28,0.005668123427360561
INFY,EQ,2022-01-04,1898.45,1898.45,1906.65,1878.0,1901.0,1899.15,1888.87,3921999,7408140297.05,120603,2372696,60.5,0.00036872185203717933
INFY,EQ,2022-01-05,1899.15,1900.0,1902.9,1840.0,1848.0,1844.65,1857.54,6995719,12994844600.2,289755,4414732,63.11,-0.028697048679672488
INFY,EQ,2022-01-06,1844.65,1828.0,1828.0,1800.0,1820.5,1817.8,1812.08,6449205,11686479371.1,232721,3508211,54.4,-0.014555606754668937
INFY,EQ,2022-01-07,1817.8,1815.45,1836.0,1806.8,1816.0,1814.3,1818.56,4834389,8791606623.05,148117,2754254,56.97,-0.0019254043349102856
INFY,EQ,2022-01-10,1814.3,1815.0,1869.9,1813.0,1852.1,1850.75,1852.3,7857560,14554564594.35,227924,4191623,53.35,0.020090392989031702
INFY,EQ,2022-01-11,1850.75,1855.0,1870.0,1850.15,1860.0,1855.6,1860.06,5142287,9564958557.25,189308,3368155,65.5,0.0026205592327435134
INFY,EQ,2022-01-12,1855.6,1868.9,1889.0,1860.0,1875.8,1877.45,1874.25,5362535,10050718588.0,195948,2936017,54.75,0.011775167061866876
INFY,EQ,2022-01-13,1877.45,1905.0,1912.5,1866.35,1895.3,1896.8,1894.19,14277630,27044612998.4,390078,7175021,50.25,0.010306532797144996
INFY,EQ,2022-01-14,1896.8,1882.0,1933.0,1881.0,1925.0,1929.35,1912.85,7688506,14706988627.3,225842,4088757,53.18,0.01716048080978494
INFY,EQ,2022-01-17,1929.35,1938.55,1953.9,1930.5,1938.6,1939.5,1941.46,5262464,10216874399.25,177946,3092026,58.76,0.005260839142716467
INFY,EQ,2022-01-18,1939.5,1922.1,1945.0,1911.45,1918.0,1920.75,1924.08,3690315,7100450832.4,209492,2370177,64.23,-0.00966744006187159
INFY,EQ,2022-01-19,1920.75,1916.0,1916.0,1862.85,1865.0,1867.05,1880.01,5747770,10805850965.55,177957,3909158,68.01,-0.02795782897305743
INFY,EQ,2022-01-20,1867.05,1844.0,1848.0,1815.5,1825.2,1823.7,1827.81,5533463,10114140157.35,267078,3214748,58.1,-0.02321844621193858
INFY,EQ,2022-01-21,1823.7,1795.0,1808.0,1776.0,1788.0,1785.7,1789.19,8252758,14765723986.9,363701,5524065,66.94,-0.020836760432088597
INFY,EQ,2022-01-24,1785.7,1765.0,1768.65,1728.0,1734.0,1736.8,1744.48,7116712,12414981412.5,261123,4382090,61.57,-0.027384219073752658
INFY,EQ,2022-01-25,1736.8,1726.6,1740.0,1700.5,1721.95,1722.15,1719.33,9137653,15710645707.4,370958,6214482,68.01,-0.008435052970981016
INFY,EQ,2022-01-27,1722.15,1702.0,1709.7,1665.0,1686.95,1678.6,1681.31,11231734,18884048987.0,495160,7723452,68.76,-0.025288157245303977
INFY,EQ,2022-01-28,1678.6,1681.0,1727.55,1679.5,1685.8,1686.2,1701.31,10998502,18711813888.65,336935,7661273,69.66,0.004527582509233907
INFY,EQ,2022-01-31,1686.2,1718.0,1749.5,1715.35,1737.85,1736.2,1736.84,8788872,15264864508.8,313682,5882867,66.94,0.029652473016249514
INFY,EQ,2022-02-01,1736.2,1766.1,1780.0,1734.7,1773.0,1772.05,1766.97,5119935,9046788138.4,186159,2894768,56.54,0.020648542794608815
INFY,EQ,2022-02-02,1772.05,1789.0,1792.8,1772.0,1787.65,1787.1,1785.72,4253717,7595951820.0,146941,2786527,65.51,0.008492988346829877
INFY,EQ,2022-02-03,1787.1,1779.0,1779.0,1734.0,1736.3,1738.55,1755.15,3832922,6727366646.3,183506,2209861,57.65,-0.027166918471266288
INFY,EQ,2022-02-04,1738.55,1732.0,1753.95,1710.15,1740.0,1741.1,1736.2,4700077,8160294996.2,193857,2276923,48.44,0.0014667395243161963
INFY,EQ,2022-02-07,1741.1,1722.2,1732.0,1695.4,1713.0,1715.0,1714.37,4310209,7389275044.25,254813,2500420,58.01,-0.014990523232439212
INFY,EQ,2022-02-08,1715.0,1710.0,1725.0,1696.0,1708.6,1717.3,1712.06,6053401,10363805939.55,222044,4052016,66.94,0.0013411078717200375
INFY,EQ,2022-02-09,1717.3,1735.0,1743.0,1725.0,1739.0,1737.3,1736.09,3867244,6713900255.4,178730,2358994,61.0,0.011646188784720124
INFY,EQ,2022-02-10,1737.3,1755.65,1773.9,1748.75,1771.6,1769.6,1760.55,4334630,7631331627.45,206904,2830975,65.31,0.018592068151729757
INFY,EQ,2022-02-11,1769.6,1740.0,1745.95,1713.0,1719.65,1721.35,1720.68,7551371,12993527942.15,430200,5283038,69.96,-0.02726604882459316
INFY,EQ,2022-02-14,1721.35,1690.0,1718.55,1678.25,1684.0,1682.2,1698.58,7459637,12670785135.65,280769,5340084,71.59,-0.02274377668690264
INFY,EQ,2022-02-15,1682.2,1699.0,1746.75,1690.45,1742.3,1738.25,1721.75,4669915,8040412171.15,188794,2821157,60.41,0.03331946260848895
INFY,EQ,2022-02-16,1738.25,1738.25,1755.45,1726.85,1731.5,1733.3,1740.74,5350642,9314065942.9,162198,3844416,71.85,-0.0028476916438947564
INFY,EQ,2022-02-17,1733.3,1744.0,1749.0,1720.3,1723.7,1724.8,1731.45,3937950,6818374503.7,110732,2479087,62.95,-0.004903940460393441
INFY,EQ,2022-02-18,1724.8,1710.0,1722.5,1703.5,1705.95,1706.95,1711.87,5602215,9590289595.6,159019,4009595,71.57,-0.010349025974025872
INFY,EQ,2022-02-21,1706.95,1701.0,1737.3,1691.5,1729.5,1730.7,1718.04,5120890,8797869134.3,205567,3280628,64.06,0.013913705732446768
INFY,EQ,2022-02-22,1730.7,1699.9,1751.0,1691.05,1733.0,1734.35,1721.17,8878515,15281431404.9,227885,6148656,69.25,0.0021089732478187795
INFY,EQ,2022-02-23,1734.35,1750.0,1758.25,1733.4,1742.8,1742.85,1742.56,5478811,9547154732.2,191067,3712420,67.76,0.004900971545535704
INFY,EQ,2022-02-24,1742.85,1690.1,1714.95,1670.5,1674.8,1678.15,1689.92,13592379,22970021733.65,376409,9349789,68.79,-0.0371231029635366
INFY,EQ,2022-02-25,1678.15,1715.0,1728.15,1677.0,1696.0,1694.6,1698.96,9737281,16543242534.4,305050,5913267,60.73,0.00980246104341087
INFY,EQ,2022-02-28,1694.6,1682.2,1728.05,1665.0,1719.0,1715.6,1709.44,15076542,25772414334.9,330427,8905012,59.07,0.012392304968724233
INFY,EQ,2022-03-02,1715.6,1710.0,1714.4,1691.0,1702.55,1702.8,1703.13,6771489,11532701358.8,301403,4673594,69.02,-0.007460946607600771
INFY,EQ,2022-03-03,1702.8,1720.2,1733.9,1705.55,1721.75,1720.85,1722.78,7344147,12652331996.15,262571,4775991,65.03,0.010600187925769333
INFY,EQ,2022-03-04,1720.85,1695.25,1736.0,1681.0,1721.9,1723.3,1714.49,9074499,15558102517.75,317226,5315522,58.58,0.0014237150245517416
INFY,EQ,2022-03-07,1723.3,1697.0,1751.0,1696.0,1740.0,1739.85,1734.13,9742588,16894926797.5,317768,6671605,68.48,0.009603667382347858
INFY,EQ,2022-03-08,1739.85,1718.45,1800.0,1718.45,1775.2,1778.2,1771.93,10984500,19463755936.5,320286,6670845,60.73,0.022042130068684163
INFY,EQ,2022-03-09,1778.2,1791.0,1831.6,1791.0,1817.8,1813.35,1818.64,10193515,18538320340.55,290276,4998155,49.03,0.019767180294679942
INFY,EQ,2022-03-10,1813.35,1844.75,1844.75,1810.2,1822.1,1825.9,1823.68,6547182,11939977607.05,195637,4239162,64.75,0.006920892271210732
INFY,EQ,2022-03-11,1825.9,1814.0,1831.4,1811.0,1823.3,1822.0,1822.73,4758657,8673758339.5,148439,3194954,67.14,-0.00213593296456549
INFY,EQ,2022-03-14,1822.0,1831.55,1895.0,1831.55,1891.0,1890.7,1872.1,10289724,19263377771.2,271878,6666093,64.78,0.03770581778265636
INFY,EQ,2022-03-15,1890.7,1888.35,1888.35,1830.0,1838.0,1839.3,1852.89,7140443,13230484534.1,224849,4846167,67.87,-0.02718569841857521
INFY,EQ,2022-03-16,1839.3,1865.0,1893.95,1849.0,1889.0,1889.4,1874.83,5233979,9812820161.45,154465,3133488,59.87,0.027238623389332917
INFY,EQ,2022-03-17,1889.4,1923.3,1923.3,1833.05,1869.6,1854.6,1869.74,17731459,33153300056.8,251465,10858451,61.24,-0.018418545570022316
INFY,EQ,2022-03-21,1854.6,1861.0,1886.9,1841.1,1854.95,1853.05,1858.7,8362085,15542599265.7,171756,5524788,66.07,-0.0008357597325568955
INFY,EQ,2022-03-22,1853.05,1850.0,1890.0,1839.0,1887.0,1887.4,1873.62,5709382,10697206780.6,202175,3561539,62.38,0.01853700655675783
INFY,EQ,2022-03-23,1887.4,1897.0,1900.0,1857.0,1869.45,1872.4,1878.22,6192824,11631503049.55,161491,3993516,64.49,-0.007947440924022442
INFY,EQ,2022-03-24,1872.4,1856.15,1894.6,1856.15,1881.85,1886.7,1883.95,3784303,7129425933.5,114815,2362068,62.42,0.007637256996368302
INFY,EQ,2022-03-25,1886.7,1892.0,1894.0,1858.0,1878.0,1876.55,1874.13,3438588,6444362804.25,130194,1983079,57.67,-0.005379763608416854
INFY,EQ,2022-03-28,1876.55,1866.0,1880.9,1852.65,1870.65,1873.9,1867.81,4008555,7487212706.7,131939,2332195,58.18,-0.0014121659428205646
INFY,EQ,2022-03-29,1873.9,1873.9,1889.4,1860.55,1887.9,1886.0,1875.61,3917785,7348234593.9,115629,2407715,61.46,0.006457121511286523
INFY,EQ,2022-03-30,1886.0,1910.0,1919.0,1895.0,1899.75,1903.95,1906.67,7795839,14864126250.15,178770,5920998,75.95,0.009517497348886517
INFY,EQ,2022-03-31,1903.95,1900.0,1913.0,1894.2,1908.2,1906.85,1904.15,5399145,10280780471.25,131746,3591226,66.51,0.0015231492423644077
INFY,EQ,2022-04-01,1906.85,1886.85,1910.3,1878.3,1906.8,1903.55,1894.62,6171518,11692698941.5,154230,4430437,71.79,-0.001730602826651273
INFY,EQ,2022-04-04,1903.55,1889.75,1893.0,1873.0,1882.0,1882.95,1884.52,7364074,13877776218.4,287232,4941200,67.1,-0.010821885424601385
INFY,EQ,2022-04-05,1882.95,1883.8,1889.6,1857.15,1860.5,1861.1,1871.26,5472024,10239606829.25,203468,3352920,61.27,-0.0116041318144402
INFY,EQ,2022-04-06,1861.1,1855.0,1857.5,1822.15,1830.0,1828.85,1835.98,5407453,9927969801.4,208906,3476927,64.3,-0.017328461662457717
INFY,EQ,2022-04-07,1828.85,1821.05,1828.15,1807.55,1816.0,1811.0,1816.28,5797544,10529983626.05,236348,4092499,70.59,-0.009760231839680666
INFY,EQ,2022-04-08,1811.0,1823.0,1838.0,1808.0,1820.05,1814.6,1821.62,5131446,9347538868.7,171076,3156419,61.51,0.0019878520154610335
INFY,EQ,2022-04-11,1814.6,1814.0,1814.0,1762.55,1769.8,1766.55,1775.12,8248407,14641918534.85,374415,4839162,58.67,-0.02647966493993159
INFY,EQ,2022-04-12,1766.55,1757.5,1757.5,1727.75,1737.9,1742.45,1741.39,6456184,11242708991.75,268976,3981647,61.67,-0.013642410347853073
INFY,EQ,2022-04-13,1742.45,1754.95,1757.5,1732.0,1751.0,1748.55,1747.21,6257693,10933526247.95,223033,3469663,55.45,0.00350081781399747
INFY,EQ,2022-04-18,1748.55,1605.5,1650.0,1590.0,1622.3,1621.4,1625.94,30523965,49630097106.35,1443330,18430699,60.38,-0.07271739441251313
INFY,EQ,2022-04-19,1621.4,1636.65,1636.65,1550.0,1565.0,1562.0,1589.69,17044923,27096225126.2,763964,10801702,63.37,-0.03663500678426057
INFY,EQ,2022-04-20,1562.0,1575.0,1596.3,1563.0,1592.2,1587.7,1583.99,10678747,16915009921.65,391296,7239099,67.79,0.01645326504481437
INFY,EQ,2022-04-21,1587.7,1595.0,1627.2,1589.25,1616.8,1618.8,1615.82,7766514,12549264894.2,256268,5245595,67.54,0.019588083391068878
INFY,EQ,2022-04-22,1618.8,1604.35,1610.7,1582.4,1587.65,1585.45,1596.27,8134245,12984469892.15,418900,5623477,69.13,-0.020601680256980393
INFY,EQ,2022-04-25,1585.45,1572.8,1572.8,1554.1,1564.9,1561.1,1561.35,7000570,10930323719.85,394157,5207166,74.38,-0.015358415591787855
INFY,EQ,2022-04-26,1561.1,1577.2,1592.0,1566.55,1576.0,1581.0,1582.67,5345435,8460056311.05,181573,3676891,68.79,0.012747421689834226
INFY,EQ,2022-04-27,1581.0,1572.75,1572.75,1550.35,1556.35,1552.8,1557.11,8819356,13732718003.55,296887,6772146,76.79,-0.01783681214421251
INFY,EQ,2022-04-28,1552.8,1570.0,1601.8,1557.45,1581.0,1582.6,1581.64,9245177,14622527486.5,234468,6541922,70.76,0.019191138588356527
INFY,EQ,2022-04-29,1582.6,1590.0,1597.3,1560.8,1568.0,1567.55,1576.89,9831395,15502990987.65,263325,6913315,70.32,-0.0095096676355364
INFY,EQ,2022-05-02,1567.55,1550.9,1552.75,1531.0,1544.95,1541.0,1538.24,7072627,10879371919.35,301415,5072832,71.72,-0.016937258779624265
INFY,EQ,2022-05-04,1541.0,1547.25,1570.0,1530.15,1536.7,1535.55,1548.21,6220959,9631379024.5,234262,3885290,62.45,-0.0035366645035691535
INFY,EQ,2022-05-05,1535.55,1560.05,1589.4,1557.45,1586.0,1585.15,1581.05,6144870,9715361525.55,217185,3912363,63.67,0.032301129888313795
INFY,EQ,2022-05-06,1585.15,1550.0,1561.85,1535.05,1545.0,1542.85,1543.57,6171472,9526090604.9,257203,3919307,63.51,-0.0266851717503076
INFY,EQ,2022-05-09,1542.85,1540.0,1586.8,1522.15,1573.15,1570.35,1565.89,6832202,10698465306.75,265549,3673248,53.76,0.017824156593317486
INFY,EQ,2022-05-10,1570.35,1558.0,1569.15,1546.05,1551.0,1553.0,1558.97,6212545,9685176738.3,214384,4390025,70.66,-0.01104849237431138
INFY,EQ,2022-05-11,1553.0,1549.95,1549.95,1511.6,1531.0,1526.75,1525.18,7846080,11966677214.05,291699,5249131,66.9,-0.016902768834513804
INFY,EQ,2022-05-12,1526.75,1514.0,1527.5,1504.3,1509.7,1508.8,1514.29,7034979,10653003624.85,242670,4816162,68.46,-0.01175700016374659
INFY,EQ,2022-05-13,1508.8,1519.3,1529.25,1498.1,1501.9,1504.4,1516.02,6723761,10193367339.6,203286,4266241,63.45,-0.002916224814421997
INFY,EQ,2022-05-16,1504.4,1510.0,1511.85,1478.65,1492.9,1489.1,1491.82,6145331,9167743366.55,253982,3963067,64.49,-0.010170167508641414
INFY,EQ,2022-05-17,1489.1,1494.9,1525.0,1480.9,1521.0,1518.45,1508.46,6516378,9829715300.65,228982,4345825,66.69,0.01970989188100214
INFY,EQ,2022-05-18,1518.45,1522.0,1549.7,1505.3,1514.55,1509.2,1525.79,6594126,10061219715.75,200417,4062967,61.61,-0.006091738285751935
INFY,EQ,2022-05-19,1509.2,1481.0,1484.7,1417.65,1431.0,1427.15,1437.53,16561140,23807174900.0,659166,11827263,71.42,-0.054366551815531405
INFY,EQ,2022-05-20,1427.15,1453.0,1466.75,1446.7,1459.0,1455.15,1456.73,10488908,15279529309.85,266730,7870656,75.04,0.01961952142381662
INFY,EQ,2022-05-23,1455.15,1455.1,1488.0,1450.05,1469.55,1468.4,1474.06,5887569,8678630195.35,194715,3777004,64.15,0.009105590488952986
INFY,EQ,2022-05-24,1468.4,1468.6,1469.55,1435.25,1444.0,1441.0,1446.72,5693167,8236426021.4,176635,3670932,64.48,-0.018659765731408373
INFY,EQ,2022-05-25,1441.0,1435.0,1442.5,1399.25,1418.0,1410.45,1418.99,9630092,13664990144.7,262121,6532130,67.83,-0.02120055517002084
INFY,EQ,2022-05-26,1410.45,1418.0,1430.0,1407.05,1427.95,1423.95,1419.06,13040065,18504582625.65,305186,8236068,63.16,0.009571413378708815
INFY,EQ,2022-05-27,1423.95,1443.95,1467.0,1437.4,1466.5,1461.35,1451.94,8284860,12029156202.15,213654,4728826,57.08,0.026264967168790898
INFY,EQ,2022-05-30,1461.35,1487.0,1530.0,1485.0,1529.0,1526.8,1519.01,10904213,16563555827.95,251321,7351138,67.42,0.04478735415882573
INFY,EQ,2022-05-31,1526.8,1510.7,1518.0,1488.15,1510.0,1503.6,1503.66,16033857,24109458123.65,208356,10278901,64.11,-0.015195179460309127
INFY,EQ,2022-06-01,1503.6,1513.0,1514.75,1472.1,1487.0,1478.55,1491.29,8738508,13031629592.15,250909,5418165,62.0,-0.016660015961691865
INFY,EQ,2022-06-02,1478.55,1484.0,1513.85,1475.6,1508.0,1508.0,1497.25,7205840,10788940908.75,181247,4429957,61.48,0.01991816306516525
INFY,EQ,2022-06-03,1508.0,1524.9,1555.0,1518.0,1522.75,1521.7,1540.73,9395707,14476219586.75,214669,5566374,59.24,0.009084880636604842
INFY,EQ,2022-06-06,1521.7,1516.0,1536.6,1493.0,1531.0,1530.05,1518.42,6624883,10059323384.5,210472,4058647,61.26,0.005487283958730327
INFY,EQ,2022-06-07,1530.05,1519.85,1519.85,1502.6,1506.6,1506.7,1509.44,4904592,7403178927.0,126118,3134730,63.91,-0.015260939184993938
INFY,EQ,2022-06-08,1506.7,1520.2,1520.2,1492.0,1498.5,1500.0,1502.54,4697608,7058362387.95,170475,2824244,60.12,-0.004446804274241711
INFY,EQ,2022-06-09,1500.0,1485.0,1516.95,1481.5,1514.5,1515.0,1504.92,4361061,6563050773.85,145083,2587777,59.34,0.010000000000000009
INFY,EQ,2022-06-10,1515.0,1486.1,1493.95,1473.6,1475.0,1476.8,1482.27,6516436,9659116721.85,234283,4421702,67.85,-0.0252145214521452
INFY,EQ,2022-06-13,1476.8,1443.6,1443.6,1411.7,1428.85,1424.5,1426.23,6987685,9966035592.45,327403,4712888,67.45,-0.03541440953412778
INFY,EQ,2022-06-14,1424.5,1410.0,1448.9,1403.15,1440.95,1440.55,1437.63,6090247,8755549345.35,201978,3990459,65.52,0.011267111267111218
INFY,EQ,2022-06-15,1440.55,1440.2,1446.4,1418.85,1421.3,1422.2,1430.55,4651958,6654855561.25,150561,2806543,60.33,-0.012738190274547811
INFY,EQ,2022-06-16,1422.2,1438.0,1443.75,1392.0,1398.25,1397.2,1410.57,6641772,9368700309.05,286168,4286299,64.54,-0.017578399662494748
INFY,EQ,2022-06-17,1397.2,1391.05,1396.95,1367.15,1394.85,1387.3,1384.61,9692047,13419695918.45,405928,6114925,63.09,-0.007085599770970563
INFY,EQ,2022-06-20,1387.3,1390.05,1422.35,1382.0,1418.55,1414.15,1403.98,4595194,6451550707.85,143018,2572187,55.98,0.019354141137461367
INFY,EQ,2022-06-21,1414.15,1424.0,1456.0,1422.75,1448.9,1449.9,1446.99,6270787,9073788040.65,191713,4225211,67.38,0.02528020365590633
INFY,EQ,2022-06-22,1449.9,1436.05,1459.6,1435.0,1436.9,1437.25,1445.29,6253366,9037920246.75,172406,3610368,57.73,-0.008724739637216428
INFY,EQ,2022-06-23,1437.25,1439.8,1458.0,1433.0,1457.9,1452.45,1446.47,6254281,9046655357.5,196616,3583909,57.3,0.01057575230474872
INFY,EQ,2022-06-24,1452.45,1458.0,1467.5,1428.9,1441.3,1441.1,1442.06,6114340,8817269189.35,260872,3370353,55.12,-0.00781438259492595
INFY,EQ,2022-06-27,1441.1,1468.05,1484.0,1465.15,1476.65,1474.6,1476.34,4511097,6659914554.25,188158,2644348,58.62,0.023246131427381966
INFY,EQ,2022-06-28,1474.6,1469.0,1488.25,1453.0,1486.0,1480.15,1468.85,4412178,6480818446.05,143516,2856516,64.74,0.0037637325376373987
INFY,EQ,2022-06-29,1480.15,1464.7,1477.0,1457.0,1464.0,1463.25,1468.07,5060038,7428509395.5,143914,3907677,77.23,-0.011417761713339969
INFY,EQ,2022-06-30,1463.25,1465.05,1482.0,1455.0,1459.5,1461.9,1465.35,9165177,13430202954.15,237326,5769830,62.95,-0.0009226037929266351
INFY,EQ,2022-07-01,1461.9,1454.0,1485.0,1442.35,1481.0,1479.4,1461.94,4651635,6800417469.7,177961,2586263,55.6,0.011970723031671016
INFY,EQ,2022-07-04,1479.4,1480.25,1492.25,1462.0,1486.6,1488.0,1478.79,4800224,7098545533.35,220885,3073970,64.04,0.00581316750033789
INFY,EQ,2022-07-05,1488.0,1498.8,1509.95,1472.0,1476.9,1475.95,1495.61,7379669,11037088108.2,249546,5105329,69.18,-0.008098118279569855
INFY,EQ,2022-07-06,1475.95,1482.2,1500.0,1470.0,1491.9,1491.65,1485.98,5209162,7740736357.5,156085,3161700,60.69,0.01063721670788298
INFY,EQ,2022-07-07,1491.65,1503.05,1513.95,1495.7,1497.85,1498.7,1503.51,3323472,4996860163.1,121073,1937247,58.29,0.004726309791170724
INFY,EQ,2022-07-08,1498.7,1515.0,1516.95,1499.95,1515.0,1514.45,1508.56,3652582,5510122803.55,155962,2467042,67.54,0.010509107893507785
INFY,EQ,2022-07-11,1514.45,1495.0,1499.9,1466.4,1470.5,1473.15,1474.75,4702815,6935483773.75,188382,2856326,60.74,-0.027270626299976897
INFY,EQ,2022-07-12,1473.15,1461.8,1468.6,1436.0,1437.05,1438.6,1450.62,4710356,6832944704.15,181598,3012822,63.96,-0.02345314462206849
INFY,EQ,2022-07-13,1438.6,1450.0,1460.0,1438.6,1447.9,1444.45,1447.72,5264025,7620819405.9,147896,3532089,67.1,0.004066453496454958
INFY,EQ,2022-07-14,1444.45,1451.0,1452.95,1414.0,1433.0,1428.85,1434.46,6157606,8832840289.85,144148,3938343,63.96,-0.010799958461698345
INFY,EQ,2022-07-15,1428.85,1446.0,1446.0,1410.65,1434.85,1430.35,1424.89,5620018,8007893440.15,170216,3549456,63.16,0.0010497952899184426
INFY,EQ,2022-07-18,1430.35,1450.0,1493.6,1448.05,1490.7,1489.9,1481.63,5835171,8645565248.8,162450,3026158,51.86,0.04163316670744943
INFY,EQ,2022-07-19,1489.9,1471.55,1486.85,1470.1,1483.8,1484.15,1478.79,3418540,5055304449.0,114499,1881917,55.05,-0.0038593194174105783
INFY,EQ,2022-07-20,1484.15,1501.25,1525.8,1500.0,1512.0,1515.3,1515.63,5079392,7698482417.2,158381,3115026,61.33,0.020988444564228548
INFY,EQ,2022-07-21,1515.3,1517.0,1535.45,1503.1,1532.0,1532.9,1527.42,5008061,7649415941.05,157115,2912634,58.16,0.011614861743549199
INFY,EQ,2022-07-22,1532.9,1534.0,1540.0,1492.15,1506.0,1506.3,1507.6,7020642,10584325682.3,215051,3986383,56.78,-0.017352730119381654
INFY,EQ,2022-07-25,1506.3,1480.1,1517.15,1480.1,1502.0,1503.6,1500.15,7859626,11790653830.55,212233,4086661,52.0,-0.0017924716191993761
INFY,EQ,2022-07-26,1503.6,1496.65,1496.65,1445.0,1450.85,1451.15,1461.09,7268273,10619587082.45,265599,4016496,55.26,-0.0348829475924447
INFY,EQ,2022-07-27,1451.15,1451.0,1473.0,1445.0,1468.2,1471.05,1460.89,4517285,6599237909.6,160787,2681133,59.35,0.01371326189573785
INFY,EQ,2022-07-28,1471.05,1496.4,1524.45,1489.85,1517.2,1517.4,1511.74,6636841,10033186128.9,252053,3810803,57.42,0.03150810645457325
INFY,EQ,2022-07-29,1517.4,1532.8,1555.7,1528.0,1546.0,1549.7,1547.25,7009465,10845376720.4,246805,4342842,61.96,0.021286410966126157
INFY,EQ,2022-08-01,1549.7,1564.0,1564.0,1537.9,1551.5,1551.05,1550.21,2983249,4624672839.8,149288,1750031,58.66,0.0008711363489706248
INFY,EQ,2022-08-02,1551.05,1546.55,1547.0,1528.35,1539.9,1543.6,1538.18,4374635,6728992376.1,171243,2572133,58.8,-0.004803197833725625
INFY,EQ,2022-08-03,1543.6,1549.0,1570.0,1539.9,1569.9,1566.1,1558.25,6011955,9368113437.55,188692,3820039,63.54,0.014576315107540871
INFY,EQ,2022-08-04,1566.1,1587.5,1603.85,1574.95,1599.05,1599.9,1593.76,7402209,11797374600.35,237197,4145082,56.0,0.021582274439690963
INFY,EQ,2022-08-05,1599.9,1608.4,1625.7,1602.3,1617.0,1616.65,1616.48,5361971,8667507626.5,175709,3561833,66.43,0.010469404337771104
INFY,EQ,2022-08-08,1616.65,1617.0,1622.0,1596.0,1617.05,1619.4,1609.77,3763409,6058238545.7,169613,2112134,56.12,0.0017010484644170987
INFY,EQ,2022-08-10,1619.4,1621.2,1621.2,1588.1,1600.0,1602.45,1599.27,4423829,7074914444.1,155928,2443115,55.23,-0.010466839570211217
INFY,EQ,2022-08-11,1602.45,1630.0,1631.35,1616.0,1619.0,1619.95,1621.28,3462090,5613033930.8,130406,2039456,58.91,0.010920777559362271
INFY,EQ,2022-08-12,1619.95,1613.3,1614.0,1590.15,1593.75,1594.1,1598.82,3562286,5695442291.9,151120,2323110,65.21,-0.015957282632180103
INFY,EQ,2022-08-16,1594.1,1609.0,1609.0,1591.1,1595.0,1596.45,1598.37,3004430,4802176270.65,116646,2004898,66.73,0.001474186061100502
INFY,EQ,2022-08-17,1596.45,1596.45,1612.0,1585.0,1607.2,1606.25,1602.88,4067324,6519451947.6,139693,2278315,56.02,0.0061386200632653765
INFY,EQ,2022-08-18,1606.25,1594.1,1598.2,1574.0,1585.0,1582.95,1583.57,4635706,7340980025.95,151600,2914298,62.87,-0.014505836575875453
INFY,EQ,2022-08-19,1582.95,1585.3,1604.9,1585.1,1591.0,1597.1,1596.83,4739884,7568803663.4,163412,2477938,52.28,0.008939006285732187
INFY,EQ,2022-08-22,1597.1,1586.0,1599.0,1574.0,1577.0,1575.65,1586.15,3950555,6266191900.9,108149,2565726,64.95,-0.013430592949721265
INFY,EQ,2022-08-23,1575.65,1548.0,1554.5,1533.0,1548.2,1542.4,1542.45,5551574,8563038003.9,205150,3176755,57.22,-0.02110240218322601
INFY,EQ,2022-08-24,1542.4,1535.0,1546.0,1531.0,1538.0,1537.5,1538.48,2888426,4443785545.05,154990,1701606,58.91,-0.0031768672199170567
INFY,EQ,2022-08-25,1537.5,1548.0,1548.7,1513.75,1520.0,1518.15,1532.79,4331088,6638650734.65,167891,2604870,60.14,-0.012585365853658437
INFY,EQ,2022-08-26,1518.15,1535.15,1544.95,1517.45,1526.8,1521.55,1530.22,3079136,4711766478.45,101529,1722219,55.93,0.0022395678951354636
INFY,EQ,2022-08-29,1521.55,1468.55,1468.55,1450.0,1463.5,1461.75,1458.38,8079050,11782306780.85,361066,5224496,64.67,-0.039302027537708284
INFY,EQ,2022-08-30,1461.75,1473.1,1496.1,1466.0,1489.9,1492.95,1485.72,6725875,9992739411.25,185187,4053627,60.27,0.021344279117496257
INFY,EQ,2022-09-01,1492.95,1460.05,1468.1,1451.05,1467.0,1464.2,1460.62,8140604,11890304297.9,319918,5886083,72.31,-0.019257175391004355
INFY,EQ,2022-09-02,1464.2,1478.0,1478.0,1448.0,1452.95,1453.0,1456.4,5175653,7537834806.45,199570,3067071,59.26,-0.007649228247507245
INFY,EQ,2022-09-05,1453.0,1451.0,1467.0,1446.35,1461.25,1461.3,1459.87,3669352,5356763254.65,133172,2344738,63.9,0.005712319339298055
INFY,EQ,2022-09-06,1461.3,1461.3,1470.0,1445.45,1456.65,1455.1,1456.32,3428442,4992913121.3,129028,2036640,59.4,-0.004242797509067309
INFY,EQ,2022-09-07,1455.1,1440.0,1465.75,1438.05,1462.0,1457.65,1453.03,3600574,5231731491.1,137578,1812558,50.34,0.0017524568758162662
INFY,EQ,2022-09-08,1457.65,1475.0,1481.1,1463.6,1475.05,1475.9,1473.4,4061475,5984186689.8,147100,2350228,57.87,0.01252015229993475
INFY,EQ,2022-09-09,1475.9,1488.0,1520.0,1480.0,1512.0,1511.65,1499.38,4816910,7222390189.1,157963,2629475,54.59,0.024222508300020262
INFY,EQ,2022-09-12,1511.65,1525.8,1545.9,1521.15,1534.4,1536.2,1538.61,5494819,8454360840.7,157389,3472880,63.2,0.016240531869149644
INFY,EQ,2022-09-13,1536.2,1551.9,1553.0,1541.3,1545.0,1544.95,1547.66,4947158,7656540764.1,113762,3303570,66.78,0.005695872933211721
INFY,EQ,2022-09-14,1544.95,1497.0,1498.95,1472.0,1475.0,1475.4,1480.69,14332197,21221602847.55,431674,8873219,61.91,-0.04501763811126569
INFY,EQ,2022-09-15,1475.4,1475.0,1475.2,1429.05,1432.0,1432.8,1442.26,12784100,18438008294.0,502967,8079385,63.2,-0.028873525823505553
INFY,EQ,2022-09-16,1432.8,1425.0,1425.0,1368.35,1377.0,1377.05,1388.01,20464045,28404270084.5,603746,12404429,60.62,-0.03890982691233946
INFY,EQ,2022-09-19,1377.05,1392.0,1406.0,1380.6,1391.2,1390.3,1392.54,6595241,9184142465.45,234193,3643053,55.24,0.009622018082132033
INFY,EQ,2022-09-20,1390.3,1407.95,1413.55,1385.1,1388.0,1388.55,1399.75,7219797,10105898809.35,212073,4573076,63.34,-0.0012587211393224607
INFY,EQ,2022-09-21,1388.55,1379.9,1388.8,1368.4,1380.4,1377.25,1378.58,7917054,10914326538.0,304433,4918936,62.13,-0.0081379856685031
INFY,EQ,2022-09-22,1377.25,1366.35,1383.95,1360.0,1368.0,1367.95,1371.4,9168498,12573695052.5,289781,6369324,69.47,-0.006752586676347816
INFY,EQ,2022-09-23,1367.95,1367.5,1394.8,1362.0,1367.95,1365.45,1377.01,10426200,14357016787.7,306005,6033837,57.87,-0.0018275521766146774
INFY,EQ,2022-09-26,1365.45,1360.0,1399.45,1355.0,1383.0,1380.25,1380.76,9414587,12999291293.2,283295,4801178,51.0,0.010838917572961293
INFY,EQ,2022-09-27,1380.25,1393.45,1406.5,1378.0,1398.25,1393.55,1393.26,8561254,11928032958.8,234333,5697364,66.55,0.009635935518927718
INFY,EQ,2022-09-28,1393.55,1379.0,1405.85,1377.0,1394.45,1394.7,1396.79,7022098,9808375442.85,235532,4802889,68.4,0.0008252305263536375
INFY,EQ,2022-09-29,1394.7,1404.9,1409.85,1393.0,1401.5,1398.65,1399.14,6119965,8562686107.45,189378,4347261,71.03,0.0028321502832151513
INFY,EQ,2022-09-30,1398.65,1388.95,1419.3,1376.0,1413.8,1413.45,1399.71,8120130,11365839916.45,235225,5072307,62.47,0.010581632288277909
INFY,EQ,2022-10-03,1413.45,1412.0,1412.0,1386.0,1393.75,1393.75,1398.82,4943169,6914590029.8,164361,2890909,58.48,-0.013937528741731264
INFY,EQ,2022-10-04,1393.75,1419.7,1432.25,1414.0,1428.0,1429.4,1426.65,6631341,9460607735.95,165041,4239879,63.94,0.025578475336322848
INFY,EQ,2022-10-06,1429.4,1445.0,1459.8,1444.1,1454.0,1455.15,1453.3,6180672,8982353045.35,186110,4257208,68.88,0.018014551560095127
INFY,EQ,2022-10-07,1455.15,1446.35,1457.85,1440.15,1452.0,1451.2,1449.16,3994466,5788640009.75,163553,2504702,62.7,-0.0027144967872728687
INFY,EQ,2022-10-10,1451.2,1426.35,1465.0,1426.35,1465.0,1462.65,1449.12,5274677,7643648786.6,202762,3428076,64.99,0.00789002205071676
INFY,EQ,2022-10-11,1462.65,1462.65,1479.65,1420.1,1425.0,1423.8,1450.42,12824774,18601299291.8,357001,7613537,59.37,-0.026561378320172357
INFY,EQ,2022-10-12,1423.8,1437.0,1441.1,1413.55,1430.0,1428.7,1430.73,5481467,7842489842.8,161320,3246449,59.23,0.003441494591937211
INFY,EQ,2022-10-13,1428.7,1431.0,1437.95,1415.0,1422.0,1419.9,1423.15,4821514,6861725912.15,137929,3000082,62.22,-0.00615944564989146
INFY,EQ,2022-10-14,1419.9,1485.0,1494.0,1467.25,1477.0,1474.25,1480.83,14990688,22198728911.8,388421,6427583,42.88,0.03827734347489242
INFY,EQ,2022-10-17,1474.25,1476.9,1495.0,1475.5,1491.0,1489.95,1488.47,4286396,6380187690.05,176595,2150807,50.18,0.010649482787858267
INFY,EQ,2022-10-18,1489.95,1510.0,1510.95,1497.25,1504.0,1503.7,1503.95,4692004,7056526673.6,119660,2634690,56.15,0.009228497600590524
INFY,EQ,2022-10-19,1503.7,1504.0,1504.95,1481.3,1488.0,1485.45,1489.02,3553171,5290752776.4,112770,1890043,53.19,-0.012136729400811341
INFY,EQ,2022-10-20,1485.45,1475.0,1504.0,1474.2,1501.35,1500.9,1496.1,4583939,6858028457.0,140049,2901475,63.3,0.010400888619610305
INFY,EQ,2022-10-21,1500.9,1500.3,1506.0,1491.35,1500.6,1500.5,1499.85,3594485,5391188978.5,98291,2370366,65.94,-0.0002665067626091977
INFY,EQ,2022-10-24,1500.5,1518.5,1521.8,1511.0,1518.2,1517.85,1518.55,982837,1492489542.85,56514,635594,64.67,0.011562812395867983
INFY,EQ,2022-10-25,1517.85,1528.1,1532.9,1521.05,1526.0,1526.3,1526.88,3914341,5976717984.9,119608,2565830,65.55,0.0055670850215765455
INFY,EQ,2022-10-27,1526.3,1530.8,1534.9,1512.5,1525.55,1523.95,1523.65,6760137,10300114909.65,168640,4368210,64.62,-0.0015396711000458252
INFY,EQ,2022-10-28,1523.95,1526.0,1527.95,1507.0,1512.5,1513.25,1515.77,3053981,4629123565.05,147417,1949433,63.83,-0.007021227730568569
INFY,EQ,2022-10-31,1513.25,1530.25,1546.4,1530.25,1539.25,1537.65,1537.8,4542336,6985210435.6,136286,2526360,55.62,0.016124235916074703
INFY,EQ,2022-11-01,1537.65,1553.05,1575.0,1547.1,1572.0,1573.0,1561.63,4542692,7094018928.95,158171,2715922,59.79,0.022989627028257242
INFY,EQ,2022-11-02,1573.0,1572.0,1572.75,1545.0,1553.05,1553.3,1553.19,2938906,4564665624.4,116831,1625301,55.3,-0.012523839796567127
INFY,EQ,2022-11-03,1553.3,1538.75,1543.9,1521.65,1530.8,1530.75,1531.83,3174027,4862085395.75,131708,1673434,52.72,-0.01451747891585653
INFY,EQ,2022-11-04,1530.75,1520.45,1520.45,1501.15,1516.0,1514.0,1509.47,4509682,6807247315.1,155259,2356424,52.25,-0.010942348521966405
INFY,EQ,2022-11-07,1514.0,1521.4,1527.9,1491.1,1507.0,1507.45,1506.07,4898592,7377630657.1,175332,2938456,59.99,-0.004326287978863919
INFY,EQ,2022-11-09,1507.45,1529.0,1529.0,1501.1,1509.6,1511.2,1515.75,3334755,5054651934.85,101945,1845609,55.34,0.002487644698000002
INFY,EQ,2022-11-10,1511.2,1485.0,1512.0,1485.0,1503.0,1501.95,1501.42,3435763,5158511137.7,114576,1995097,58.07,-0.00612096347273694
INFY,EQ,2022-11-11,1501.95,1546.65,1573.5,1546.65,1570.7,1570.1,1563.49,7214098,11279201381.35,233749,4255303,58.99,0.04537434668264573
INFY,EQ,2022-11-14,1570.1,1575.15,1591.4,1568.45,1582.0,1585.3,1583.45,4908813,7772857521.6,134054,3045948,62.05,0.009680912043818823
INFY,EQ,2022-11-15,1585.3,1577.85,1597.85,1572.75,1596.0,1594.0,1585.55,3497614,5545624935.75,122547,2390003,68.33,0.005487920267457369
INFY,EQ,2022-11-16,1594.0,1597.15,1609.0,1593.5,1601.0,1602.8,1602.6,4497697,7208007205.85,176176,2901588,64.51,0.005520702634880692
INFY,EQ,2022-11-17,1602.8,1597.2,1602.8,1582.95,1585.6,1587.4,1592.58,3469515,5525464430.5,107072,2230119,64.28,-0.009608185675068492
INFY,EQ,2022-11-18,1587.4,1591.7,1598.0,1575.5,1594.4,1593.4,1586.37,3126064,4959081574.45,123526,1930218,61.75,0.00377976565452931
INFY,EQ,2022-11-21,1593.4,1582.1,1587.85,1564.05,1567.0,1568.2,1571.24,3071764,4826480055.75,127843,1989342,64.76,-0.015815237856156683
INFY,EQ,2022-11-22,1568.2,1569.0,1588.0,1562.0,1586.9,1585.05,1576.03,3399329,5357454857.5,132533,2451044,72.1,0.010744802958806199
INFY,EQ,2022-11-23,1585.05,1588.9,1592.0,1579.3,1582.55,1583.15,1585.17,3245067,5143987144.95,99116,2167879,66.81,-0.0011987003564555287
INFY,EQ,2022-11-24,1583.15,1589.0,1636.0,1584.75,1635.0,1629.8,1614.88,5282215,8530167324.35,154105,3050333,57.75,0.02946656981334672
INFY,EQ,2022-11-25,1629.8,1631.4,1644.0,1613.8,1630.05,1635.65,1627.35,4563255,7426019017.25,181147,2585653,56.66,0.003589397472082645
INFY,EQ,2022-11-28,1635.65,1628.0,1653.5,1620.0,1621.2,1623.4,1637.55,3825766,6264902015.65,144926,2086038,54.53,-0.007489377311772127
INFY,EQ,2022-11-29,1623.4,1621.2,1638.75,1615.05,1626.8,1629.05,1627.46,3131710,5096717761.5,116838,1733630,55.36,0.003480349882961642
INFY,EQ,2022-11-30,1629.05,1619.95,1645.75,1613.15,1639.0,1634.95,1630.66,11868134,19352938429.15,157980,7845626,66.11,0.003621742733495026
INFY,EQ,2022-12-01,1634.95,1656.2,1672.6,1652.3,1655.75,1657.1,1660.59,5407928,8980336641.45,214832,2911901,53.85,0.013547814917887369
INFY,EQ,2022-12-02,1657.1,1656.0,1661.8,1633.95,1640.95,1637.9,1642.69,4283343,7036188257.6,144010,2883697,67.32,-0.011586506547582975
INFY,EQ,2022-12-05,1637.9,1638.0,1644.85,1623.3,1638.65,1639.75,1634.5,3824966,6251921099.2,133011,2527285,66.07,0.001129495085169907
INFY,EQ,2022-12-06,1639.75,1625.0,1626.0,1607.55,1614.0,1612.9,1614.65,4822398,7786470439.3,162481,3140900,65.13,-0.016374447324287167
INFY,EQ,2022-12-07,1612.9,1608.0,1623.8,1596.7,1602.0,1605.5,1612.56,4898087,7898460952.45,150548,3042096,62.11,-0.004588009176018426
INFY,EQ,2022-12-08,1605.5,1605.5,1623.9,1598.5,1619.5,1620.15,1611.67,4206837,6780022875.8,156038,2885575,68.59,0.009124883213952106
INFY,EQ,2022-12-09,1620.15,1628.0,1628.0,1561.1,1570.2,1569.3,1581.54,8880658,14045108335.7,324427,5884957,66.27,-0.03138598277937232
INFY,EQ,2022-12-12,1569.3,1550.0,1565.95,1530.05,1545.2,1547.2,1545.76,8037679,12424327971.9,252048,4932699,61.37,-0.014082712037214007
INFY,EQ,2022-12-13,1547.2,1547.2,1577.5,1541.15,1571.0,1572.15,1563.52,6135067,9592274371.7,156994,3687457,60.1,0.016125904860393003
INFY,EQ,2022-12-14,1572.15,1582.0,1588.5,1573.0,1574.0,1579.4,1581.49,4976020,7869515572.65,143293,3413371,68.6,0.004611519257068375
INFY,EQ,2022-12-15,1579.4,1569.3,1570.0,1535.25,1539.95,1540.5,1549.15,6443866,9982526579.7,185365,4484423,69.59,-0.02462960617956189
INFY,EQ,2022-12-16,1540.5,1525.0,1549.5,1512.05,1521.5,1522.2,1526.77,9630453,14703523653.25,191749,5420140,56.28,-0.011879259980525747
INFY,EQ,2022-12-19,1522.2,1507.95,1516.9,1495.05,1510.0,1507.35,1507.63,6222740,9381570380.6,208003,3934980,63.24,-0.009755616870319339
INFY,EQ,2022-12-20,1507.35,1501.0,1516.0,1482.45,1505.9,1507.3,1499.43,7396259,11090163957.45,252252,4595686,62.14,-3.317079643083698e-05
INFY,EQ,2022-12-21,1507.3,1515.0,1521.0,1502.35,1512.1,1509.55,1511.41,6236361,9425717455.45,168630,4044708,64.86,0.0014927353546074773
INFY,EQ,2022-12-22,1509.55,1521.5,1529.95,1511.75,1518.0,1522.05,1521.35,6302640,9588515437.25,162243,3744916,59.42,0.008280613427842809
INFY,EQ,2022-12-23,1522.05,1508.7,1509.9,1493.0,1498.3,1497.1,1501.85,6283822,9437376869.85,209853,4097699,65.21,-0.016392365559607103
INFY,EQ,2022-12-26,1497.1,1500.5,1509.9,1496.35,1500.35,1502.4,1504.05,4115459,6189868085.4,128273,2817731,68.47,0.0035401776768420046
INFY,EQ,2022-12-27,1502.4,1509.95,1521.45,1497.5,1516.4,1514.85,1509.99,4860076,7338689836.7,151234,3575077,73.56,0.00828674121405748
INFY,EQ,2022-12-28,1514.85,1505.1,1524.95,1498.5,1510.0,1510.15,1510.98,5029860,7600016720.25,138568,3181202,63.25,-0.0031026174208665935
INFY,EQ,2022-12-29,1510.15,1504.0,1521.3,1501.0,1519.0,1517.55,1511.51,4624745,6990342622.05,116090,3061244,66.19,0.0049001754792570296
INFY,EQ,2022-12-30,1517.55,1528.0,1530.4,1504.05,1508.6,1508.2,1518.27,5060544,7683272019.95,123954,3433267,67.84,-0.006161246746400395
INFY,EQ,2023-01-02,1508.2,1514.0,1526.5,1504.05,1524.4,1524.0,1518.62,3801140,5772495934.15,103834,2587911,68.08,0.010476064182469047
INFY,EQ,2023-01-03,1524.0,1519.85,1532.65,1515.1,1521.0,1522.55,1526.71,4551130,6948267864.8,118266,3255898,71.54,-0.0009514435695537893
INFY,EQ,2023-01-04,1522.55,1521.0,1521.0,1491.1,1494.95,1494.8,1501.49,7059590,10599936790.8,213900,5091489,72.12,-0.018226002430133614
INFY,EQ,2023-01-05,1494.8,1505.9,1505.9,1469.25,1475.6,1475.2,1481.4,9868404,14619077864.8,294920,7577717,76.79,-0.01311212202301304
INFY,EQ,2023-01-06,1475.2,1470.0,1475.0,1446.5,1449.8,1448.5,1457.41,6443714,9391109271.15,254921,4527609,70.26,-0.018099240780911074
INFY,EQ,2023-01-09,1448.5,1448.2,1489.35,1448.2,1485.5,1484.45,1477.72,11498717,16991917374.85,269942,8401110,73.06,0.024818778046254764
INFY,EQ,2023-01-10,1484.45,1482.0,1483.9,1454.05,1470.8,1469.75,1464.41,7158624,10483179205.7,171260,4872974,68.07,-0.009902657549934357
INFY,EQ,2023-01-11,1469.75,1470.0,1494.0,1464.0,1471.05,1471.25,1478.13,6173092,9124651920.2,200568,3745814,60.68,0.0010205817315869226
INFY,EQ,2023-01-12,1471.25,1481.95,1485.0,1455.0,1482.95,1480.6,1472.52,6591385,9705952016.2,218505,3811007,57.82,0.006355140186915742
INFY,EQ,2023-01-13,1480.6,1483.5,1519.4,1468.0,1504.0,1503.65,1496.44,11610426,17374277548.0,297370,5758849,49.6,0.015568012967715816
INFY,EQ,2023-01-16,1503.65,1510.0,1528.0,1502.3,1523.9,1525.5,1520.3,6073063,9232897461.8,181302,3887055,64.0,0.014531307152595208
INFY,EQ,2023-01-17,1525.5,1527.0,1542.2,1524.0,1538.8,1539.5,1536.08,5922644,9097680231.45,186504,4251629,71.79,0.009177318911832266
INFY,EQ,2023-01-18,1539.5,1544.75,1551.85,1539.6,1545.0,1545.4,1546.6,5843098,9036913833.95,148114,4141047,70.87,0.003832413121143352
INFY,EQ,2023-01-19,1545.4,1539.9,1549.55,1526.15,1534.0,1538.9,1540.29,6165284,9496329847.2,133347,4306263,69.85,-0.004206030801087057
INFY,EQ,2023-01-20,1538.9,1538.0,1545.0,1524.0,1527.1,1525.55,1531.56,6496429,9949678360.5,156478,5166082,79.52,-0.008675027617129238
INFY,EQ,2023-01-23,1525.55,1535.0,1553.3,1528.1,1548.0,1548.0,1542.98,4855020,7491177763.05,142861,3609723,74.35,0.014716004064108112
INFY,EQ,2023-01-24,1548.0,1560.0,1568.8,1549.75,1551.0,1551.9,1559.78,5200802,8112123939.6,133921,3536071,67.99,0.0025193798449612004
INFY,EQ,2023-01-25,1551.9,1547.0,1556.0,1538.75,1542.0,1543.0,1546.58,4158617,6431644720.05,99299,2890049,69.5,-0.00573490559958767
INFY,EQ,2023-01-27,1543.0,1546.0,1550.95,1507.4,1518.6,1519.15,1529.67,6209955,9499158228.85,200961,4343997,69.95,-0.015456902138690776
INFY,EQ,2023-01-30,1519.15,1528.8,1544.0,1520.0,1538.0,1538.8,1534.34,6964719,10686269253.8,187399,4835871,69.43,0.012934864891551046
INFY,EQ,2023-01-31,1538.8,1548.9,1548.9,1513.0,1534.0,1533.75,1526.42,9448126,14421780538.55,213737,6784098,71.8,-0.003281778008837999
INFY,EQ,2023-02-01,1533.75,1542.2,1555.05,1528.05,1545.15,1551.1,1542.7,6194199,9555789510.4,157639,4291328,69.28,0.011312143439282663
INFY,EQ,2023-02-02,1551.1,1552.0,1586.95,1552.0,1581.0,1583.75,1577.61,6916834,10912094672.75,196421,4657339,67.33,0.02104957771903826
INFY,EQ,2023-02-03,1583.75,1597.5,1604.65,1573.0,1595.65,1599.4,1593.62,7040194,11219369732.75,191136,4844776,68.82,0.009881610102604688
INFY,EQ,2023-02-06,1599.4,1598.0,1598.0,1561.6,1565.0,1569.85,1570.72,4570612,7179133169.9,154367,2890524,63.24,-0.018475678379392346
INFY,EQ,2023-02-07,1569.85,1569.0,1576.05,1555.1,1563.1,1562.4,1567.15,4336238,6795552061.5,122034,3070813,70.82,-0.004745676338503535
INFY,EQ,2023-02-08,1562.4,1565.5,1603.0,1565.5,1590.0,1590.5,1594.11,7983338,12726341119.9,193218,5949971,74.53,0.017985151049667136
INFY,EQ,2023-02-09,1590.5,1596.2,1619.75,1586.05,1617.0,1617.0,1605.3,6904911,11084460708.85,187813,5171300,74.89,0.016661427224143432
INFY,EQ,2023-02-10,1617.0,1612.95,1616.3,1596.45,1608.55,1608.55,1608.2,4786762,7698059397.1,155297,3563865,74.45,-0.005225726654298102
INFY,EQ,2023-02-13,1608.55,1597.0,1597.0,1566.0,1567.35,1567.45,1572.36,4001199,6291330890.45,135515,2526135,63.13,-0.025550962046563597
INFY,EQ,2023-02-14,1567.45,1584.7,1596.0,1578.15,1591.15,1593.25,1591.44,5043736,8026783623.85,144115,3466252,68.72,0.01645985517879356
INFY,EQ,2023-02-15,1593.25,1584.0,1599.0,1576.0,1597.0,1597.05,1591.35,3465747,5515218754.9,121895,2304377,66.49,0.0023850619802290307
INFY,EQ,2023-02-16,1597.05,1600.0,1614.45,1597.85,1601.0,1601.8,1606.62,4290289,6892884421.45,202392,3027313,70.56,0.002974233743464616
INFY,EQ,2023-02-17,1601.8,1594.0,1595.0,1575.5,1585.0,1583.8,1586.26,2857734,4533097645.7,115187,1792327,62.72,-0.011237357972281203
INFY,EQ,2023-02-20,1583.8,1584.95,1603.0,1582.5,1595.95,1592.45,1593.99,2417716,3853813484.6,92760,1349852,55.83,0.005461548175274666
INFY,EQ,2023-02-21,1592.45,1598.7,1601.65,1576.0,1581.0,1579.5,1586.47,2723288,4320425602.15,99334,1819074,66.8,-0.008132123457565421
INFY,EQ,2023-02-22,1579.5,1563.0,1575.0,1555.3,1561.8,1561.8,1565.17,3656244,5722649682.0,145415,2756511,75.39,-0.011206077872744524
INFY,EQ,2023-02-23,1561.8,1569.85,1569.85,1548.15,1551.0,1550.7,1557.16,4766854,7422770441.75,202345,3617296,75.88,-0.007107184018440238
INFY,EQ,2023-02-24,1550.7,1560.0,1569.0,1545.0,1548.0,1550.65,1554.49,2790986,4338555110.95,109535,1899968,68.08,-3.2243502934181656e-05
INFY,EQ,2023-02-27,1550.65,1540.0,1540.0,1502.0,1510.65,1509.3,1509.98,4920268,7429509645.7,209158,3317010,67.42,-0.026666236739431914
INFY,EQ,2023-02-28,1509.3,1515.6,1524.0,1481.3,1490.0,1487.55,1494.67,9679811,14468139110.4,237105,6282158,64.9,-0.014410653945537644
INFY,EQ,2023-03-01,1487.55,1492.4,1500.85,1481.5,1496.95,1496.05,1494.12,5125043,7657408377.75,215581,3324328,64.86,0.005714093643911067
INFY,EQ,2023-03-02,1496.05,1485.0,1488.6,1467.3,1471.75,1472.15,1474.05,4644499,6846226930.7,245727,2749420,59.2,-0.015975401891647922
INFY,EQ,2023-03-03,1472.15,1486.75,1489.8,1473.0,1480.9,1479.3,1479.6,4615015,6828389778.3,198050,2930265,63.49,0.004856842033760023
INFY,EQ,2023-03-06,1479.3,1494.55,1520.4,1493.15,1506.6,1507.45,1509.37,6561742,9904087794.2,195359,4225831,64.4,0.019029270600960047
INFY,EQ,2023-03-08,1507.45,1490.55,1496.0,1481.1,1493.0,1492.7,1489.55,4137080,6162390404.4,151252,2661416,64.33,-0.009784735812133127
INFY,EQ,2023-03-09,1492.7,1495.0,1498.35,1474.6,1480.6,1480.4,1485.3,5104656,7581963844.8,158728,3266428,63.99,-0.00824010182890067
INFY,EQ,2023-03-10,1480.4,1460.0,1474.3,1457.65,1473.95,1471.55,1467.74,3699580,5430029458.1,219851,2660153,71.9,-0.005978114023237002
INFY,EQ,2023-03-13,1471.55,1464.2,1478.3,1428.0,1438.95,1435.1,1444.94,8798403,12713135353.35,378220,5629025,63.98,-0.02476980055044009
INFY,EQ,2023-03-14,1435.1,1441.0,1448.35,1411.0,1421.15,1420.0,1422.68,7402784,10531785841.7,372984,5042901,68.12,-0.010521914849139336
INFY,EQ,2023-03-15,1420.0,1438.0,1442.85,1416.85,1421.0,1419.65,1423.38,7556182,10755299509.85,469861,5753128,76.14,-0.0002464788732393641
INFY,EQ,2023-03-16,1419.65,1417.8,1417.8,1398.7,1407.0,1404.1,1406.4,7323117,10299198276.25,344114,5020178,68.55,-0.010953404008030243
INFY,EQ,2023-03-17,1404.1,1430.0,1442.9,1411.4,1423.65,1420.7,1426.69,9090018,12968634618.2,221212,5975144,65.73,0.011822519763549755
INFY,EQ,2023-03-20,1420.7,1419.7,1419.7,1384.85,1406.0,1403.65,1399.76,8221829,11508578317.75,258614,5744126,69.86,-0.012001126205391621
INFY,EQ,2023-03-21,1403.65,1399.0,1405.0,1390.0,1392.0,1390.7,1394.66,8536755,11905855384.7,311684,6571749,76.98,-0.009225946639119464
INFY,EQ,2023-03-22,1390.7,1403.0,1407.25,1382.15,1390.7,1389.25,1389.72,8356487,11613161656.7,245942,6236213,74.63,-0.0010426403969224785
INFY,EQ,2023-03-23,1389.25,1383.95,1383.95,1370.0,1376.05,1374.55,1376.21,7607718,10469839628.5,339878,5801036,76.25,-0.010581248875292437
INFY,EQ,2023-03-24,1374.55,1388.0,1398.95,1377.5,1378.95,1380.65,1388.97,7559127,10499401208.95,204870,4757124,62.93,0.0044378160125133626
INFY,EQ,2023-03-27,1380.65,1386.25,1395.75,1374.1,1388.2,1388.95,1388.84,4170193,5791747773.55,214904,2594183,62.21,0.0060116611740845816
INFY,EQ,2023-03-28,1388.95,1392.1,1398.0,1375.85,1378.6,1377.6,1382.99,6633366,9173851091.35,154855,4843490,73.02,-0.008171640447820372
INFY,EQ,2023-03-29,1377.6,1379.0,1389.9,1364.55,1388.6,1383.55,1377.31,8813966,12139574639.95,235693,6348499,72.03,0.004319105691056979
INFY,EQ,2023-03-31,1383.55,1404.0,1429.95,1393.9,1425.7,1427.95,1416.85,8711975,12343557621.55,228023,6312000,72.45,0.03209135918470607
INFY,EQ,2023-04-03,1427.95,1435.0,1435.0,1405.15,1410.0,1410.85,1412.65,5242764,7406174019.45,181180,3588575,68.45,-0.01197520921600903
INFY,EQ,2023-04-05,1410.85,1400.0,1427.5,1400.0,1425.85,1423.55,1420.13,7506334,10660003784.65,142387,5334485,71.07,0.00900166566254379
INFY,EQ,2023-04-06,1423.55,1416.0,1428.4,1410.35,1422.35,1421.9,1419.78,6948465,9865266278.35,229597,2229924,32.09,-0.0011590741456217746
INFY,EQ,2023-04-10,1421.9,1423.95,1434.0,1415.0,1427.0,1427.6,1427.3,4993788,7127632332.5,129744,2425191,48.56,0.004008720725789283
INFY,EQ,2023-04-11,1427.6,1428.9,1433.35,1389.0,1402.3,1406.15,1409.62,6942255,9785970823.85,182219,3951872,56.92,-0.015025217147660253
INFY,EQ,2023-04-12,1406.15,1413.05,1431.5,1400.0,1429.0,1428.3,1419.34,5831169,8276400910.7,136836,3112201,53.37,0.015752231269779093
INFY,EQ,2023-04-13,1428.3,1409.75,1411.05,1383.0,1383.4,1389.2,1394.12,11267238,15707860354.85,345857,7035510,62.44,-0.027375201288244666
INFY,EQ,2023-04-17,1389.2,1250.3,1261.15,1185.3,1259.0,1258.3,1239.97,53171705,65931104710.55,1324241,30938494,58.19,-0.0942268931759287
INFY,EQ,2023-04-18,1258.3,1269.95,1269.95,1253.1,1259.0,1259.35,1260.58,12430884,15670147000.65,454051,6505768,52.34,0.0008344591909719146
INFY,EQ,2023-04-19,1259.35,1254.35,1254.35,1229.4,1230.95,1232.2,1238.18,11307230,14000360449.75,403650,6594608,58.32,-0.021558740620161054
INFY,EQ,2023-04-20,1232.2,1230.7,1237.85,1221.4,1223.5,1223.4,1227.55,8621249,10582996524.25,296296,4314626,50.05,-0.007141697776334999
INFY,EQ,2023-04-21,1223.4,1228.1,1233.25,1220.0,1227.0,1227.35,1226.45,8691352,10659541176.7,209013,6169479,70.98,0.0032287068824585763
INFY,EQ,2023-04-24,1227.35,1228.0,1230.0,1218.0,1228.85,1226.3,1223.22,8313774,10169581098.4,274139,6113775,73.54,-0.0008555016906343083
INFY,EQ,2023-04-25,1226.3,1225.95,1235.5,1215.0,1227.0,1224.9,1226.05,6808576,8347624194.35,210989,4364272,64.1,-0.001141645600587049
INFY,EQ,2023-04-26,1224.9,1228.0,1233.0,1220.55,1227.0,1227.55,1226.74,5680192,6968097179.25,166360,3669872,64.61,0.0021634419136253857
INFY,EQ,2023-04-27,1227.55,1230.0,1247.8,1225.4,1247.0,1246.25,1237.22,8020704,9923408235.75,206555,5309591,66.2,0.015233595372897257
INFY,EQ,2023-04-28,1246.25,1255.7,1259.0,1244.95,1252.95,1252.75,1252.17,10118277,12669777883.05,240556,6923379,68.42,0.005215646940822438
INFY,EQ,2023-05-02,1252.75,1254.55,1279.75,1254.55,1278.1,1277.45,1272.67,8886401,11309440091.6,278371,5673140,63.84,0.01971662342845737
INFY,EQ,2023-05-03,1277.45,1266.0,1272.5,1262.1,1268.0,1269.15,1268.21,5549783,7038285252.9,138772,3896287,70.21,-0.006497318877451086
INFY,EQ,2023-05-04,1269.15,1268.95,1275.8,1262.5,1272.5,1273.55,1271.17,4505401,5727114799.7,157671,2554254,56.69,0.0034668872867666956
INFY,EQ,2023-05-05,1273.55,1279.0,1279.0,1254.25,1260.4,1259.1,1262.94,5373791,6786776239.3,175015,3198203,59.51,-0.011346236896863093
INFY,EQ,2023-05-08,1259.1,1262.45,1270.3,1255.2,1266.5,1265.6,1264.62,5260842,6652949232.95,175093,3637949,69.15,0.005162417599873015
INFY,EQ,2023-05-09,1265.6,1266.0,1272.0,1260.7,1271.55,1270.7,1268.61,4969897,6304837447.5,149093,3549859,71.43,0.004029709228824396
INFY,EQ,2023-05-10,1270.7,1276.4,1276.4,1259.15,1264.0,1263.25,1264.19,6515734,8237132025.55,251732,4646788,71.32,-0.005862910206972605
INFY,EQ,2023-05-11,1263.25,1270.25,1275.9,1253.05,1257.95,1256.1,1263.79,6888461,8705578132.05,292712,4049454,58.79,-0.005660003958044779
INFY,EQ,2023-05-12,1256.1,1253.35,1256.0,1239.05,1247.0,1245.2,1247.46,8292212,10344238724.75,358335,6198401,74.75,-0.008677653053100753
INFY,EQ,2023-05-15,1245.2,1249.9,1268.9,1245.65,1258.4,1258.35,1261.92,5534710,6984373569.4,292801,3526028,63.71,0.010560552521683197
INFY,EQ,2023-05-16,1258.35,1265.0,1273.95,1262.75,1263.15,1264.3,1268.45,5236469,6642219899.6,226514,3812472,72.81,0.0047284141931895896
INFY,EQ,2023-05-17,1264.3,1260.6,1260.95,1242.45,1248.4,1246.9,1248.69,10465667,13068346605.8,325651,7499480,71.66,-0.01376255635529533
INFY,EQ,2023-05-18,1246.9,1258.6,1259.65,1242.45,1249.95,1246.0,1251.78,6948732,8698306736.25,196055,3669257,52.8,-0.0007217900392975096
INFY,EQ,2023-05-19,1246.0,1256.05,1273.3,1252.8,1269.0,1268.9,1267.85,11094136,14065670107.5,226582,8041939,72.49,0.01837881219903692
INFY,EQ,2023-05-22,1268.9,1272.95,1295.6,1270.25,1291.8,1292.8,1286.85,7625947,9813424557.3,185776,4767064,62.51,0.018835211600598756
INFY,EQ,2023-05-23,1292.8,1299.2,1314.15,1297.05,1300.8,1300.05,1306.71,7436031,9716702068.3,222142,4704959,63.27,0.005607982673267342
INFY,EQ,2023-05-24,1300.05,1296.3,1305.0,1291.3,1299.9,1298.65,1299.49,4824077,6268859654.15,125041,2851490,59.11,-0.0010768816583976992
INFY,EQ,2023-05-25,1298.65,1294.5,1307.0,1289.25,1306.0,1304.35,1298.27,4334121,5626853058.25,108453,2227626,51.4,0.00438917337234801
INFY,EQ,2023-05-26,1304.35,1306.0,1323.45,1306.0,1316.0,1317.45,1317.45,5521606,7274438393.35,167863,3951713,71.57,0.01004331659447244
INFY,EQ,2023-05-29,1317.45,1332.7,1332.7,1309.85,1315.0,1314.4,1316.49,4419365,5818035563.65,160816,2373446,53.71,-0.00231507837109568
INFY,EQ,2023-05-30,1314.4,1315.0,1326.4,1309.15,1322.4,1323.85,1318.5,6274719,8273197083.6,167284,3562594,56.78,0.007189592209372986
INFY,EQ,2023-05-31,1323.85,1319.85,1331.1,1314.15,1317.8,1318.3,1320.55,17800782,23506891088.2,180184,12903356,72.49,-0.004192317860784778
INFY,EQ,2023-06-01,1318.3,1322.55,1329.5,1318.1,1320.55,1319.5,1322.9,4277841,5659176889.55,189819,2751545,64.32,0.0009102632177804271
INFY,EQ,2023-06-02,1319.5,1309.0,1312.9,1296.05,1299.7,1299.0,1302.59,10909311,14210401347.45,325917,8390762,76.91,-0.015536187949981017
INFY,EQ,2023-06-05,1299.0,1304.0,1309.45,1297.3,1306.0,1304.5,1305.52,5002553,6530940466.45,146088,3558662,71.14,0.004234026173979943
INFY,EQ,2023-06-06,1304.5,1288.6,1288.6,1273.0,1281.0,1279.0,1278.94,10008100,12799783085.8,429482,6933560,69.28,-0.019547719432732813
INFY,EQ,2023-06-07,1279.0,1290.5,1294.0,1282.5,1288.8,1288.95,1288.3,5397578,6953703730.4,216607,3338682,61.86,0.007779515246286284
INFY,EQ,2023-06-08,1288.95,1286.2,1292.0,1281.1,1283.3,1282.8,1286.41,5034942,6476975763.9,194917,3236384,64.28,-0.004771325497498036
INFY,EQ,2023-06-09,1282.8,1282.5,1282.5,1264.0,1266.6,1265.95,1268.53,5339073,6772791477.4,230254,3535776,66.22,-0.01313532896788272
INFY,EQ,2023-06-12,1265.95,1273.5,1295.7,1273.0,1292.65,1291.95,1288.72,4785588,6167263779.8,205416,2773671,57.96,0.020537935937438245
INFY,EQ,2023-06-13,1291.95,1299.9,1306.5,1297.05,1304.9,1304.85,1303.05,4846587,6315361306.7,238816,3431593,70.8,0.009984906536630644
INFY,EQ,2023-06-14,1304.85,1306.35,1306.7,1293.2,1302.0,1300.4,1298.26,3457981,4489368747.25,154625,1980277,57.27,-0.003410353680499578
INFY,EQ,2023-06-15,1300.4,1293.95,1293.95,1282.65,1287.0,1286.8,1287.49,6161155,7932447626.7,190175,3645764,59.17,-0.010458320516764208
INFY,EQ,2023-06-16,1286.8,1287.0,1301.5,1281.05,1290.0,1291.65,1290.23,8536287,11013781162.55,185318,5791502,67.85,0.003769039477774516
INFY,EQ,2023-06-19,1291.65,1294.0,1299.5,1287.05,1292.5,1294.0,1292.58,4451787,5754281563.9,123872,2997527,67.33,0.001819378314558806
INFY,EQ,2023-06-20,1294.0,1294.0,1305.0,1291.1,1304.5,1303.4,1299.8,4009180,5211150582.55,129677,2696387,67.26,0.007264296754250443
INFY,EQ,2023-06-21,1303.4,1299.95,1303.8,1295.0,1298.5,1299.35,1300.26,4041529,5255042672.85,133363,2544545,62.96,-0.0031072579407703804
INFY,EQ,2023-06-22,1299.35,1289.4,1289.4,1273.5,1283.0,1281.55,1282.51,6676607,8562829405.9,219932,4369639,65.45,-0.013699157270943174
INFY,EQ,2023-06-23,1281.55,1276.45,1279.35,1263.35,1265.7,1265.0,1270.07,7239467,9194654166.5,252153,5313677,73.4,-0.012914049393312754
INFY,EQ,2023-06-26,1265.0,1270.25,1274.0,1262.25,1270.7,1270.35,1270.02,3403244,4322179502.7,149079,2332680,68.54,0.0042292490118576165
INFY,EQ,2023-06-27,1270.35,1280.0,1282.0,1274.2,1278.95,1279.15,1278.39,3240024,4142000392.6,135123,2250216,69.45,0.006927224780572505
INFY,EQ,2023-06-28,1279.15,1290.0,1296.7,1281.4,1296.0,1293.35,1291.75,5662358,7314358363.9,170226,3971353,70.14,0.011101121838720918
INFY,EQ,2023-06-30,1293.35,1308.2,1338.9,1304.45,1337.85,1335.5,1326.14,12821692,17003296938.75,345935,8359716,65.2,0.03258978621409536
INFY,EQ,2023-07-03,1335.5,1330.0,1346.0,1328.45,1333.0,1333.7,1335.46,7732412,10326358178.05,261409,5317689,68.77,-0.0013478098090602408
INFY,EQ,2023-07-04,1333.7,1344.3,1346.0,1331.4,1344.65,1345.15,1338.62,5797775,7760991788.6,202818,3888566,67.07,0.00858513908675107
INFY,EQ,2023-07-05,1345.15,1357.85,1357.95,1341.0,1346.0,1347.3,1347.09,5414936,7294431158.15,155589,3756154,69.37,0.0015983347582053664
INFY,EQ,2023-07-06,1347.3,1342.55,1347.45,1337.15,1342.95,1343.9,1342.72,5963897,8007836151.7,156641,4116187,69.02,-0.002523565649818038
INFY,EQ,2023-07-07,1343.9,1334.0,1345.8,1325.35,1329.0,1330.2,1334.21,6295647,8399692964.05,171241,4187050,66.51,-0.010194210878785692
INFY,EQ,2023-07-10,1330.2,1336.55,1341.9,1319.3,1328.5,1329.15,1331.62,3940315,5246983834.9,170676,2374388,60.26,-0.0007893549842128422
INFY,EQ,2023-07-11,1329.15,1333.45,1350.9,1327.0,1347.0,1348.6,1345.07,6126128,8240092451.05,209092,4674592,76.31,0.014633412331188866
INFY,EQ,2023-07-12,1348.6,1351.0,1351.9,1327.0,1333.0,1333.3,1335.03,8102770,10817433938.75,239051,5834461,72.01,-0.011345098620791916
INFY,EQ,2023-07-13,1333.3,1334.9,1376.8,1330.85,1365.1,1365.1,1365.21,9977644,13621594105.55,302367,6314123,63.28,0.023850596264906487
INFY,EQ,2023-07-14,1365.1,1380.65,1430.0,1380.65,1426.0,1425.95,1406.74,12833381,18053268378.1,368638,7542542,58.77,0.04457548897516683
INFY,EQ,2023-07-17,1425.95,1425.95,1458.95,1414.3,1424.55,1422.95,1436.15,11569884,16616097231.4,387899,6600078,57.05,-0.0021038605841720015
INFY,EQ,2023-07-18,1422.95,1434.0,1477.95,1429.0,1476.0,1475.2,1457.82,16743977,24409744726.8,334573,9569644,57.15,0.03671949119786366
INFY,EQ,2023-07-19,1475.2,1486.0,1498.8,1460.7,1476.0,1474.95,1477.19,13687062,20218383563.7,339400,8962447,65.48,-0.00016946854663779654
INFY,EQ,2023-07-20,1474.95,1471.0,1471.0,1440.7,1442.75,1449.5,1449.79,8347221,12101679686.35,265215,4234742,50.73,-0.01725482219736263
INFY,EQ,2023-07-21,1449.5,1320.2,1350.0,1305.0,1337.45,1331.6,1333.24,45548305,60726622128.55,1308356,27489981,60.35,-0.08133839254915498
INFY,EQ,2023-07-24,1331.6,1341.0,1349.9,1334.25,1336.0,1336.6,1338.2,8859789,11856166389.25,477371,5702682,64.37,0.003754881345749528
INFY,EQ,2023-07-25,1336.6,1337.0,1342.85,1324.25,1335.65,1334.6,1335.03,6801982,9080834436.6,363645,4869004,71.58,-0.0014963339817447574
INFY,EQ,2023-07-26,1334.6,1343.0,1350.0,1339.4,1347.45,1348.85,1345.3,5528885,7437986216.2,291888,3890037,70.36,0.010677356511314295
INFY,EQ,2023-07-27,1348.85,1358.6,1363.8,1347.05,1354.5,1353.15,1355.95,9191861,12463676253.3,291560,6632199,72.15,0.003187900804389132
INFY,EQ,2023-07-28,1353.15,1353.85,1363.85,1336.0,1340.6,1340.5,1344.94,6122735,8234688150.7,207337,3998866,65.31,-0.009348557070539165
INFY,EQ,2023-07-31,1340.5,1348.75,1357.5,1333.25,1354.8,1355.7,1350.3,7902180,10670332937.25,173177,5909684,74.79,0.011339052592316268
INFY,EQ,2023-08-01,1355.7,1362.0,1369.0,1357.0,1365.05,1365.2,1363.65,6064652,8270079930.95,193367,4499852,74.2,0.007007450025816819
INFY,EQ,2023-08-02,1365.2,1369.3,1371.95,1348.45,1356.0,1356.85,1357.84,7419145,10074045254.05,245081,5734898,77.3,-0.006116319953120564
INFY,EQ,2023-08-03,1356.85,1350.0,1366.55,1349.0,1364.0,1364.3,1357.25,6503741,8827222280.6,209748,4284709,65.88,0.005490658510520774
INFY,EQ,2023-08-04,1364.3,1368.9,1385.9,1362.0,1377.9,1378.35,1377.87,5712345,7870881966.6,166998,3449422,60.39,0.010298321483544592
INFY,EQ,2023-08-07,1378.35,1387.9,1395.0,1377.0,1393.8,1393.0,1385.83,3729093,5167898529.55,132041,2518019,67.52,0.010628650197700207
INFY,EQ,2023-08-08,1393.0,1392.85,1393.55,1384.4,1389.25,1390.2,1389.34,4161877,5782280835.25,136200,3120315,74.97,-0.0020100502512562235
INFY,EQ,2023-08-09,1390.2,1384.0,1396.0,1382.5,1395.0,1394.4,1390.67,4090828,5688974530.1,144670,2967229,72.53,0.0030211480362538623
INFY,EQ,2023-08-10,1394.4,1391.6,1395.8,1385.6,1391.0,1389.1,1390.73,3873025,5386328012.5,163971,2637919,68.11,-0.0038009179575445584
INFY,EQ,2023-08-11,1389.1,1392.0,1396.85,1367.05,1372.95,1371.85,1376.57,5783517,7961442924.85,151268,3356158,58.03,-0.012418112446908047
INFY,EQ,2023-08-14,1371.85,1371.85,1395.0,1365.6,1392.95,1393.55,1384.14,4304135,5957519188.7,165734,2584744,60.05,0.015818055909902817
INFY,EQ,2023-08-16,1393.55,1410.8,1419.95,1405.4,1417.9,1418.5,1415.36,7735313,10948246416.2,246211,4839342,62.56,0.017903914463061943
INFY,EQ,2023-08-17,1418.5,1420.0,1420.0,1406.0,1410.5,1411.55,1413.24,5618346,7940072970.95,160656,3933795,70.02,-0.0048995417694748244
INFY,EQ,2023-08-18,1411.55,1403.7,1408.7,1386.15,1387.0,1388.8,1391.8,5134103,7145629601.3,189102,2800493,54.55,-0.016117034465658264
INFY,EQ,2023-08-21,1388.8,1389.75,1407.0,1387.15,1404.5,1405.4,1400.57,3032722,4247553400.1,108762,2106554,69.46,0.01195276497695863
INFY,EQ,2023-08-22,1405.4,1404.7,1406.05,1396.65,1404.0,1403.75,1401.36,2890714,4050930669.1,103697,1936370,66.99,-0.001174042977088452
INFY,EQ,2023-08-23,1403.75,1416.0,1416.6,1405.65,1407.0,1407.95,1409.22,2559125,3606378738.9,109292,1541725,60.24,0.0029919857524487448
INFY,EQ,2023-08-24,1407.95,1421.5,1425.05,1414.45,1424.0,1423.6,1420.47,5171963,7346609246.85,192387,3925956,75.91,0.011115451543023402
INFY,EQ,2023-08-25,1423.6,1413.0,1422.5,1411.4,1416.55,1420.1,1417.89,4307172,6107113235.85,165554,2992651,69.48,-0.002458555774093818
INFY,EQ,2023-08-28,1420.1,1420.1,1424.8,1411.4,1416.15,1415.65,1417.15,3133464,4440584610.25,112136,2265849,72.31,-0.0031335821421025756
INFY,EQ,2023-08-29,1415.65,1424.0,1424.4,1415.3,1418.0,1417.65,1419.44,3074444,4363979784.6,111666,2396108,77.94,0.0014127785822766192
INFY,EQ,2023-08-30,1417.65,1427.0,1436.65,1424.0,1433.4,1435.15,1431.3,3070887,4395353658.35,108717,2076840,67.63,0.012344372729517161
INFY,EQ,2023-08-31,1435.15,1435.15,1444.9,1428.65,1436.5,1435.45,1437.31,9792735,14075209330.6,156538,7054020,72.03,0.00020903738285182882
INFY,EQ,2023-09-01,1435.45,1430.95,1446.0,1428.2,1442.0,1443.85,1439.9,3582133,5157907934.5,155076,2406579,67.18,0.0058518234699918015
INFY,EQ,2023-09-04,1443.85,1443.0,1470.0,1434.7,1468.5,1465.1,1453.48,4609014,6699108919.4,149765,2874026,62.36,0.014717595318073151
INFY,EQ,2023-09-05,1465.1,1465.0,1480.05,1456.5,1477.3,1478.9,1474.94,5496840,8107502478.25,183671,4092711,74.46,0.009419152276295195
INFY,EQ,2023-09-06,1478.9,1481.9,1482.9,1463.3,1475.8,1477.45,1472.98,5075786,7476534609.0,186641,3850824,75.87,-0.000980458448847199
INFY,EQ,2023-09-07,1477.45,1470.6,1473.4,1462.05,1467.3,1466.2,1467.29,4411743,6473290821.15,134781,2538174,57.53,-0.0076144708788791204
INFY,EQ,2023-09-08,1466.2,1463.5,1474.75,1460.2,1468.45,1469.6,1469.26,3125838,4592675942.5,113333,1701109,54.42,0.0023189196562540815
INFY,EQ,2023-09-11,1469.6,1469.6,1478.05,1464.5,1475.0,1476.45,1473.49,4182226,6162482962.9,139464,3160591,75.57,0.004661132280892932
INFY,EQ,2023-09-12,1476.45,1482.5,1504.0,1477.1,1501.0,1501.1,1492.48,6793161,10138668745.0,223119,4451584,65.53,0.016695451928612437
INFY,EQ,2023-09-13,1501.1,1505.0,1505.0,1488.65,1495.1,1498.35,1497.72,4804686,7196063245.95,157756,3271764,68.1,-0.001831989874092388
INFY,EQ,2023-09-14,1498.35,1505.0,1512.55,1499.15,1505.55,1506.95,1505.99,6444213,9704889706.65,211776,3351289,52.0,0.005739646944972865
INFY,EQ,2023-09-15,1506.95,1518.0,1518.4,1509.0,1512.0,1511.6,1512.25,8657816,13092775477.55,185595,5674517,65.54,0.003085702909850996
INFY,EQ,2023-09-18,1511.6,1504.9,1504.9,1488.0,1490.0,1491.8,1493.78,3991916,5963027755.0,141817,2866845,71.82,-0.013098703360677422
INFY,EQ,2023-09-20,1491.8,1476.2,1495.1,1476.2,1492.25,1490.25,1485.72,4169337,6194484928.4,137453,2684049,64.38,-0.0010390132725566215
INFY,EQ,2023-09-21,1490.25,1486.55,1504.55,1476.0,1500.0,1501.75,1493.2,6779195,10122712262.45,197654,3845169,56.72,0.00771682603589996
INFY,EQ,2023-09-22,1501.75,1491.9,1506.95,1485.2,1495.0,1496.15,1498.04,5455613,8172750781.15,207641,2732362,50.08,-0.00372898285333767
INFY,EQ,2023-09-25,1496.15,1489.85,1489.85,1471.55,1475.4,1474.15,1478.07,4217863,6234296799.3,165240,2757566,65.38,-0.014704407980483225
INFY,EQ,2023-09-26,1474.15,1479.15,1479.9,1459.0,1460.5,1460.65,1465.23,3996528,5855838858.7,154610,2739301,68.54,-0.009157819760539976
INFY,EQ,2023-09-27,1460.65,1456.0,1469.6,1450.05,1469.0,1467.0,1462.3,3863586,5649738071.45,142755,2338942,60.54,0.004347379591277845
INFY,EQ,2023-09-28,1467.0,1467.9,1472.6,1435.0,1444.0,1439.45,1448.56,5814602,8422808365.5,167609,3072913,52.85,-0.018779822767552745
INFY,EQ,2023-09-29,1439.45,1432.1,1446.8,1416.0,1429.65,1435.45,1432.83,6068968,8695777966.65,214627,3078641,50.73,-0.002778839139949252
INFY,EQ,2023-10-03,1435.45,1436.05,1437.0,1420.3,1429.65,1434.0,1430.54,4181867,5982333579.75,167151,2755553,65.89,-0.0010101361942248532
INFY,EQ,2023-10-04,1434.0,1425.0,1449.95,1418.2,1449.5,1444.35,1431.51,4510406,6456691190.85,186022,3099409,68.72,0.007217573221757201
INFY,EQ,2023-10-05,1444.35,1452.0,1475.65,1450.2,1461.1,1463.45,1463.54,7384621,10807713923.7,315883,3748162,50.76,0.013223941565410069
INFY,EQ,2023-10-06,1463.45,1469.5,1484.5,1463.3,1479.2,1478.7,1476.25,3598672,5312535565.05,159979,1837693,51.07,0.010420581502613713
INFY,EQ,2023-10-09,1478.7,1464.9,1491.0,1462.2,1475.75,1475.45,1480.76,3567552,5282688692.2,173179,1845921,51.74,-0.002197876513153396
INFY,EQ,2023-10-10,1475.45,1483.9,1497.0,1469.1,1495.25,1495.15,1489.67,5688951,8474687374.45,180174,3849365,67.66,0.013351858754956147
INFY,EQ,2023-10-11,1495.15,1497.0,1518.25,1481.45,1490.75,1494.4,1501.73,7220129,10842661483.8,255570,4570876,63.31,-0.0005016219108450182
INFY,EQ,2023-10-12,1494.4,1491.9,1504.4,1452.0,1452.3,1465.5,1480.03,11081662,16401229152.35,304763,6610411,59.65,-0.019338865096359847
INFY,EQ,2023-10-13,1465.5,1405.0,1438.0,1400.0,1432.85,1431.15,1426.51,17973439,25639235717.3,467156,10016627,55.73,-0.023439099283520948
INFY,EQ,2023-10-16,1431.15,1432.1,1443.6,1430.0,1432.95,1434.15,1438.44,4850745,6977526909.4,197297,3231162,66.61,0.00209621632952528
INFY,EQ,2023-10-17,1434.15,1440.25,1453.35,1438.05,1443.0,1442.45,1444.93,3923764,5669574246.0,137943,2648888,67.51,0.005787400202210247
INFY,EQ,2023-10-18,1442.45,1442.0,1454.0,1438.35,1441.25,1440.55,1446.44,4264837,6168831848.85,184522,2819859,66.12,-0.001317203369267661
INFY,EQ,2023-10-19,1440.55,1426.1,1439.65,1426.1,1434.0,1433.65,1434.77,6795691,9750232109.0,326099,4803117,70.68,-0.004789837214952519
INFY,EQ,2023-10-20,1433.65,1430.0,1438.5,1425.25,1428.0,1427.25,1430.32,3928622,5619191744.0,180553,2449173,62.34,-0.004464130017786783
INFY,EQ,2023-10-23,1427.25,1425.6,1432.35,1405.25,1409.0,1408.65,1417.66,2636516,3737681221.95,154127,1574405,59.72,-0.013032054650551683
INFY,EQ,2023-10-25,1408.65,1399.0,1402.55,1361.3,1372.0,1370.05,1377.15,6940777,9558470846.45,311500,4553720,65.61,-0.027402122599652246
INFY,EQ,2023-10-26,1370.05,1355.05,1374.0,1353.1,1360.0,1359.45,1362.57,6357656,8662778308.65,249756,3628009,57.07,-0.007736943907156624
INFY,EQ,2023-10-27,1359.45,1363.65,1385.0,1363.65,1381.05,1380.35,1379.97,4634358,6395268362.3,160477,3050496,65.82,0.015373864430468176
INFY,EQ,2023-10-30,1380.35,1380.35,1380.35,1363.1,1379.9,1377.05,1374.57,2667696,3666930263.25,119502,1542504,57.82,-0.0023906980113739262
INFY,EQ,2023-10-31,1377.05,1379.95,1381.15,1363.0,1370.25,1368.4,1368.99,3451595,4725210925.85,159180,2167399,62.79,-0.0062815438800333245
INFY,EQ,2023-11-01,1368.4,1373.05,1377.45,1351.65,1354.8,1354.15,1361.99,3090672,4209455990.15,143436,2160789,69.91,-0.010413621748026847
INFY,EQ,2023-11-02,1354.15,1370.0,1376.3,1361.65,1372.5,1370.15,1368.74,3758060,5143812211.55,146001,1470397,39.13,0.011815530037292854
INFY,EQ,2023-11-03,1370.15,1380.05,1392.0,1377.75,1388.0,1389.05,1386.28,3349045,4642717150.25,148758,1703832,50.88,0.013794110133926951
INFY,EQ,2023-11-06,1389.05,1393.9,1407.25,1390.8,1404.05,1403.3,1397.26,2736381,3823436234.45,97586,1947084,71.16,0.010258809978042516
INFY,EQ,2023-11-07,1403.3,1400.0,1405.9,1394.85,1404.5,1404.3,1401.76,2272209,3185082415.9,102779,1381718,60.81,0.0007126060001425571
INFY,EQ,2023-11-08,1404.3,1405.0,1405.0,1386.45,1390.5,1391.0,1397.84,3550635,4963220499.25,105192,2467126,69.48,-0.009470910774051045
INFY,EQ,2023-11-09,1391.0,1395.9,1397.5,1370.05,1377.0,1374.8,1380.21,5498051,7588483905.6,215986,2936461,53.41,-0.01164629762760605
INFY,EQ,2023-11-10,1374.8,1369.95,1373.15,1361.0,1370.4,1368.85,1366.16,2943649,4021487680.45,126698,1966148,66.79,-0.004327902240325865
INFY,EQ,2023-11-12,1368.85,1380.05,1389.1,1380.05,1389.0,1388.2,1386.21,572298,793325412.1,41383,314654,54.98,0.014135953537641077
INFY,EQ,2023-11-13,1388.2,1379.85,1382.45,1370.85,1373.75,1373.55,1375.99,3462092,4763794426.75,153816,2516782,72.7,-0.010553234404264589
INFY,EQ,2023-11-15,1373.55,1399.0,1414.0,1393.0,1412.0,1410.5,1401.79,8551860,11987924650.6,213458,6723599,78.62,0.02690109570092103
INFY,EQ,2023-11-16,1410.5,1416.1,1453.4,1410.6,1445.0,1444.9,1438.5,6673907,9600447548.95,205547,3202360,47.98,0.024388514711095377
INFY,EQ,2023-11-17,1444.9,1441.05,1451.0,1435.05,1437.2,1437.55,1440.6,4901251,7060746836.6,155046,3097753,63.2,-0.005086857221953123
INFY,EQ,2023-11-20,1437.55,1442.0,1452.0,1433.65,1437.45,1436.6,1439.72,3584210,5160251818.8,160690,2593529,72.36,-0.0006608465792494744
INFY,EQ,2023-11-21,1436.6,1442.0,1450.0,1436.75,1439.4,1439.0,1441.14,3793135,5466431358.05,137793,2781972,73.34,0.0016706111652513567
INFY,EQ,2023-11-22,1439.0,1436.2,1458.95,1436.2,1457.3,1457.8,1448.39,3108786,4502747300.2,112434,2120633,68.21,0.013064628214037421
INFY,EQ,2023-11-23,1457.8,1467.9,1467.9,1447.7,1450.75,1449.25,1455.48,3186928,4638517071.4,102139,1625171,50.99,-0.005865002057895419
INFY,EQ,2023-11-24,1449.25,1445.55,1452.65,1433.85,1437.0,1437.4,1440.18,2973195,4281944525.2,92376,1834753,61.71,-0.008176643091253988
INFY,EQ,2023-11-28,1437.4,1444.0,1445.0,1427.05,1442.65,1442.7,1435.92,3755373,5392424299.0,166202,2610674,69.52,0.0036872130235146017
INFY,EQ,2023-11-29,1442.7,1451.1,1460.7,1449.8,1459.2,1459.6,1456.94,3875778,5646790254.25,150433,2708182,69.87,0.011714147085325921
INFY,EQ,2023-11-30,1459.6,1453.25,1460.65,1449.55,1455.0,1455.15,1455.41,10120867,14730043834.95,181568,7339597,72.52,-0.0030487804878047697
INFY,EQ,2023-12-01,1455.15,1459.9,1459.9,1446.15,1451.5,1452.3,1450.95,3489187,5062651361.85,130850,2073907,59.44,-0.0019585609730956577
INFY,EQ,2023-12-04,1452.3,1460.45,1471.9,1449.3,1464.9,1464.35,1462.41,5511948,8060745711.4,172254,3593504,65.19,0.008297183777456363
INFY,EQ,2023-12-05,1464.35,1465.8,1466.9,1442.0,1454.9,1453.95,1449.86,5123039,7427670191.25,190424,3219898,62.85,-0.007102127223682753
INFY,EQ,2023-12-06,1453.95,1456.75,1477.0,1451.05,1475.0,1474.3,1466.59,5269178,7727707099.8,175001,3180072,60.35,0.013996354757728868
INFY,EQ,2023-12-07,1474.3,1472.85,1472.85,1461.8,1468.5,1465.9,1466.24,4424453,6487293482.65,137173,2760236,62.39,-0.005697619209116045
INFY,EQ,2023-12-08,1465.9,1470.4,1494.7,1466.25,1491.0,1491.15,1481.11,6323433,9365681016.1,202289,3568775,56.44,0.017224913022716448
INFY,EQ,2023-12-11,1491.15,1490.0,1498.0,1482.0,1489.5,1488.5,1490.33,3862018,5755686043.5,147641,2580495,66.82,-0.0017771518626563676
INFY,EQ,2023-12-12,1488.5,1477.5,1490.0,1467.65,1476.0,1476.05,1477.51,6103494,9018001007.8,184795,3805035,62.34,-0.00836412495801142
INFY,EQ,2023-12-13,1476.05,1476.0,1476.05,1433.15,1449.95,1449.0,1446.8,8549258,12369077225.9,337694,5509110,64.44,-0.01832593746824296
INFY,EQ,2023-12-14,1449.0,1463.4,1511.0,1461.35,1506.0,1501.45,1492.04,12489858,18635369658.15,315316,7209269,57.72,0.03619737750172547
INFY,EQ,2023-12-15,1501.45,1523.05,1588.55,1521.0,1576.55,1578.4,1561.19,18395389,28718690705.75,453100,10346750,56.25,0.05125045789070559
INFY,EQ,2023-12-18,1578.4,1567.95,1593.0,1560.3,1563.0,1564.35,1572.19,6467243,10167742673.65,261709,3841944,59.41,-0.008901419158641732
INFY,EQ,2023-12-19,1564.35,1570.1,1573.95,1543.25,1555.0,1558.3,1557.15,4221721,6573862521.35,164124,2166832,51.33,-0.0038674209735672926
INFY,EQ,2023-12-20,1558.3,1565.05,1583.5,1530.0,1531.0,1536.4,1561.35,6592367,10293014666.5,313361,3999159,60.66,-0.014053776551369968
INFY,EQ,2023-12-21,1536.4,1521.25,1546.65,1521.25,1540.05,1536.0,1536.05,5319038,8170301358.7,234678,2741399,51.54,-0.0002603488674824961
INFY,EQ,2023-12-22,1536.0,1534.95,1566.0,1523.0,1560.6,1562.9,1544.96,6741060,10414664838.55,248721,2938241,43.59,0.017513020833333393
INFY,EQ,2023-12-26,1562.9,1535.0,1548.0,1523.0,1546.0,1543.95,1539.75,6878067,10590506115.85,306708,2712704,39.44,-0.01212489602661726
INFY,EQ,2023-12-27,1543.95,1544.0,1570.0,1544.0,1568.6,1567.1,1560.67,4225849,6595135370.2,182574,2494979,59.04,0.014994008873344233
INFY,EQ,2023-12-28,1567.1,1568.95,1568.95,1555.0,1566.0,1562.65,1561.64,5702253,8904844135.2,236913,3390265,59.45,-0.0028396400995468474
INFY,EQ,2023-12-29,1562.65,1541.05,1559.45,1540.0,1542.65,1542.9,1544.62,4388990,6779338989.4,218692,2543904,57.96,-0.012638786676479108
INFY,EQ,2024-01-01,1542.9,1539.0,1557.0,1535.25,1548.0,1551.35,1548.27,2808451,4348239185.3,144697,1447369,51.54,0.005476699721303824
INFY,EQ,2024-01-02,1551.35,1546.0,1549.15,1523.0,1533.0,1534.4,1533.27,5396313,8273980868.2,235015,3802441,70.46,-0.010925967705546658
INFY,EQ,2024-01-03,1534.4,1519.95,1519.95,1488.0,1492.0,1490.0,1499.65,7550363,11322898630.3,303866,5444109,72.1,-0.028936392075078254
INFY,EQ,2024-01-04,1490.0,1504.95,1519.75,1492.9,1513.0,1512.7,1508.26,7056038,10642369199.2,202211,4228964,59.93,0.01523489932885913
INFY,EQ,2024-01-05,1512.7,1506.75,1539.7,1506.25,1531.0,1532.55,1530.26,8895403,13612315790.95,219641,5150237,57.9,0.013122231771005355
INFY,EQ,2024-01-08,1532.55,1528.95,1536.0,1513.25,1520.0,1522.8,1523.73,4440136,6765559618.55,159896,2530960,57.0,-0.006361945776646727
INFY,EQ,2024-01-09,1522.8,1541.9,1553.0,1525.85,1530.05,1529.3,1541.86,4412074,6802782136.25,142604,2415178,54.74,0.004268452850013205
INFY,EQ,2024-01-10,1529.3,1524.95,1535.45,1505.0,1519.95,1519.9,1519.11,4096845,6223556847.75,144590,2084021,50.87,-0.006146603020989905
INFY,EQ,2024-01-11,1519.9,1524.9,1525.0,1486.6,1520.3,1494.2,1499.59,11296088,16939511689.75,311866,7072608,62.61,-0.016909007171524437
INFY,EQ,2024-01-12,1494.2,1562.0,1618.0,1555.4,1615.0,1612.75,1597.81,26754401,42748463414.7,707055,12575224,47.0,0.07934011511176542
INFY,EQ,2024-01-15,1612.75,1644.95,1664.95,1636.0,1652.0,1652.1,1648.8,13228305,21810781228.5,332165,8942618,67.6,0.02439931793520378
INFY,EQ,2024-01-16,1652.1,1644.8,1648.5,1625.0,1626.0,1631.55,1637.98,6500917,10648351664.5,270528,4710032,72.45,-0.012438714363537273
INFY,EQ,2024-01-17,1631.55,1620.25,1647.5,1620.25,1641.0,1640.2,1639.02,9209876,15095210616.95,295426,6966637,75.64,0.005301706965768815
INFY,EQ,2024-01-18,1640.2,1642.65,1649.0,1628.25,1646.65,1642.6,1639.29,6375464,10451208678.0,227265,4315690,67.69,0.001463236190708317
INFY,EQ,2024-01-19,1642.6,1651.6,1665.5,1644.15,1657.85,1659.2,1657.08,4522736,7494549930.5,189909,2762887,61.09,0.010105929623767329
INFY,EQ,2024-01-20,1659.2,1665.55,1669.25,1645.0,1649.45,1648.85,1652.55,1158144,1913895855.1,41544,623773,53.86,-0.006237945998071481
INFY,EQ,2024-01-23,1648.85,1650.1,1674.7,1637.7,1642.0,1642.15,1658.08,9401255,15588046050.3,241104,6739466,71.69,-0.0040634381538646736
INFY,EQ,2024-01-24,1642.15,1659.9,1680.0,1645.0,1673.0,1675.4,1662.71,8999681,14963838639.25,288491,6345346,70.51,0.020247845811892873
INFY,EQ,2024-01-25,1675.4,1672.95,1680.55,1658.0,1666.0,1669.1,1669.03,8865304,14796464532.6,238696,5860225,66.1,-0.0037602960487048698
INFY,EQ,2024-01-29,1669.1,1665.15,1679.35,1647.6,1651.05,1656.6,1658.53,4253785,7055050164.1,169843,2936126,69.02,-0.007489065963693031
INFY,EQ,2024-01-30,1656.6,1662.45,1690.0,1648.25,1653.0,1651.45,1667.0,4995943,8328252976.3,171051,3178389,63.62,-0.0031087770131593695
INFY,EQ,2024-01-31,1651.45,1648.25,1667.25,1638.1,1656.75,1660.9,1655.75,6763779,11199094787.8,181217,4912606,72.63,0.005722244088528283
INFY,EQ,2024-02-01,1660.9,1659.55,1677.0,1650.35,1655.0,1657.05,1662.81,5760011,9577804761.6,169224,3199270,55.54,-0.0023180203504125085
INFY,EQ,2024-02-02,1657.05,1666.05,1718.5,1665.0,1693.3,1693.35,1697.4,7858483,13339026486.55,259562,3921749,49.9,0.021906399927582143
INFY,EQ,2024-02-05,1693.35,1694.75,1700.75,1681.85,1683.4,1687.2,1690.95,3634135,6145132559.05,137014,2554793,70.3,-0.003631854017184799
INFY,EQ,2024-02-06,1687.2,1686.75,1733.0,1673.95,1728.0,1729.45,1717.32,7694265,13213481875.4,250855,5132644,66.71,0.025041488857278305
INFY,EQ,2024-02-07,1729.45,1729.0,1729.0,1686.85,1695.0,1693.75,1699.46,4613877,7841102727.05,273680,3023295,65.53,-0.020642400763248414
INFY,EQ,2024-02-08,1693.75,1698.0,1706.35,1682.8,1693.0,1692.1,1692.5,5919715,10019145488.0,237027,3327271,56.21,-0.0009741697416975059
INFY,EQ,2024-02-09,1692.1,1684.7,1692.9,1659.8,1670.0,1669.35,1669.56,4600004,7680000364.95,228352,2255319,49.03,-0.013444831865728979
INFY,EQ,2024-02-12,1669.35,1670.35,1692.95,1670.35,1677.2,1680.1,1684.63,3555808,5990236481.55,172951,2324220,65.36,0.006439632192170697
INFY,EQ,2024-02-13,1680.1,1683.0,1689.1,1663.5,1681.5,1684.55,1676.31,2696481,4520135184.85,143586,1836216,68.1,0.0026486518659603053
INFY,EQ,2024-02-14,1684.55,1660.2,1669.45,1635.5,1666.8,1666.2,1648.69,3768579,6213215180.9,162385,2046752,54.31,-0.010893116856133589
INFY,EQ,2024-02-15,1666.2,1677.0,1687.75,1661.6,1680.0,1676.35,1673.73,4834391,8091476059.5,191636,2881563,59.61,0.006091705677589543
INFY,EQ,2024-02-16,1676.35,1689.0,1709.0,1687.95,1698.65,1701.65,1699.4,4880654,8294163221.15,161141,3029407,62.07,0.01509231365764907
INFY,EQ,2024-02-19,1701.65,1705.0,1711.5,1687.7,1699.0,1699.75,1702.16,3690993,6282664069.35,100191,2543379,68.91,-0.0011165633355860738
INFY,EQ,2024-02-20,1699.75,1685.0,1694.25,1668.75,1685.4,1685.25,1680.6,3706389,6228968391.5,158582,2412465,65.09,-0.008530666274452092
INFY,EQ,2024-02-21,1685.25,1674.0,1674.0,1645.3,1652.0,1655.55,1659.26,4300508,7135669393.95,199597,2582366,60.05,-0.017623497997329762
INFY,EQ,2024-02-22,1655.55,1665.0,1684.6,1644.4,1678.25,1681.35,1664.73,5841277,9724135539.35,201360,2313481,39.61,0.01558394491256676
INFY,EQ,2024-02-23,1681.35,1697.0,1698.45,1671.9,1675.05,1676.85,1680.38,5373072,9028806812.45,159253,3187718,59.33,-0.002676420733339291
INFY,EQ,2024-02-26,1676.85,1674.95,1674.95,1645.0,1660.0,1660.15,1656.14,2782438,4608093160.55,138789,1694781,60.91,-0.009959149595968553
INFY,EQ,2024-02-27,1660.15,1661.0,1671.1,1652.8,1664.5,1663.6,1660.89,5159088,8568654402.45,177632,3976932,77.09,0.002078125470589942
INFY,EQ,2024-02-28,1663.6,1670.0,1687.8,1662.05,1666.0,1671.25,1673.95,3188916,5338082989.15,168195,1723575,54.05,0.0045984611685501164
INFY,EQ,2024-02-29,1671.25,1665.0,1682.25,1653.3,1674.0,1673.9,1669.82,7814722,13049188571.25,199180,4812766,61.59,0.0015856394913986716
INFY,EQ,2024-03-01,1673.9,1669.0,1671.95,1651.0,1653.8,1654.7,1662.37,6387291,10618054258.6,268042,4421453,69.22,-0.0114702192484617
INFY,EQ,2024-03-02,1654.7,1658.85,1665.0,1654.05,1655.2,1656.3,1659.64,292153,484868460.9,9759,162983,55.79,0.0009669426482141752
INFY,EQ,2024-03-04,1656.3,1657.85,1664.45,1633.65,1635.75,1637.2,1641.87,4445156,7298368189.55,193640,3402124,76.54,-0.011531727344080145
INFY,EQ,2024-03-05,1637.2,1634.0,1637.35,1602.0,1604.0,1606.5,1610.57,4596579,7403097435.55,241650,3021130,65.73,-0.01875152699731253
INFY,EQ,2024-03-06,1606.5,1602.8,1620.15,1576.0,1618.5,1617.55,1596.53,6420684,10250800224.9,243568,3922499,61.09,0.006878306878306928
INFY,EQ,2024-03-07,1617.55,1616.6,1628.45,1604.2,1612.0,1616.45,1616.64,6348359,10263036188.75,244687,4008257,63.14,-0.0006800408024481008
INFY,EQ,2024-03-11,1616.45,1608.15,1613.8,1588.0,1600.0,1600.6,1600.8,6752895,10810022836.75,243001,4592019,68.0,-0.009805437842185127
INFY,EQ,2024-03-12,1600.6,1600.0,1625.0,1597.65,1614.1,1612.95,1616.23,4614222,7457666086.0,207553,2874045,62.29,0.007715856553792477
INFY,EQ,2024-03-13,1612.95,1612.9,1624.5,1598.55,1613.0,1611.4,1611.41,5688997,9167281916.8,195986,3741349,65.76,-0.0009609721318081244
INFY,EQ,2024-03-14,1611.4,1614.4,1657.75,1608.0,1649.95,1653.3,1643.02,8803799,14464850154.75,224912,5279254,59.97,0.0260022340821644
INFY,EQ,2024-03-15,1653.3,1641.1,1645.8,1618.35,1631.45,1634.0,1631.78,11809997,19271370665.0,285667,8333981,70.57,-0.01167362245206549
INFY,EQ,2024-03-18,1634.0,1630.0,1632.65,1598.85,1601.8,1602.65,1614.01,4958904,8003700121.25,201320,3451750,69.61,-0.019186046511627808
INFY,EQ,2024-03-19,1602.65,1592.35,1599.0,1558.0,1566.5,1561.45,1573.88,6870411,10813185653.45,247678,4805662,69.95,-0.025707422082176468
INFY,EQ,2024-03-20,1561.45,1563.0,1574.95,1552.35,1555.8,1554.95,1561.46,4759059,7431059606.05,235538,3492171,73.38,-0.004162797399852702
INFY,EQ,2024-03-21,1554.95,1564.0,1576.95,1543.4,1555.5,1554.7,1556.7,11062497,17221025530.5,223612,7170906,64.82,-0.0001607768738545179
INFY,EQ,2024-03-22,1554.7,1521.0,1528.9,1498.2,1511.45,1508.85,1513.2,14673890,22204570809.45,512162,7329137,49.95,-0.02949122017109418
INFY,EQ,2024-03-26,1508.85,1492.0,1507.45,1487.9,1495.0,1492.65,1495.68,8351081,12490545025.35,307407,5858829,70.16,-0.010736653742916658
INFY,EQ,2024-03-27,1492.65,1496.0,1499.0,1481.55,1487.15,1483.85,1489.96,6857402,10217237548.9,227899,4885357,71.24,-0.0058955548856062245
INFY,EQ,2024-03-28,1483.85,1487.15,1511.8,1487.15,1495.25,1498.05,1502.78,12499530,18784020019.0,288652,6551454,52.41,0.009569700441419249
INFY,EQ,2024-04-01,1498.05,1525.0,1529.95,1492.8,1497.5,1495.45,1505.46,6580002,9905917258.2,233368,3780879,57.46,-0.0017355895998130144
INFY,EQ,2024-04-02,1495.45,1484.85,1493.15,1480.85,1483.9,1482.85,1484.83,7279400,10808700023.3,216472,5502486,75.59,-0.008425557524491034
INFY,EQ,2024-04-03,1482.85,1479.0,1495.1,1475.0,1480.6,1480.65,1485.37,8736248,12976530261.3,206909,5905070,67.59,-0.0014836294972517816
INFY,EQ,2024-04-04,1480.65,1490.55,1495.65,1468.0,1489.0,1486.7,1481.8,11186915,16576757070.95,313152,5287105,47.26,0.004086043291797514
INFY,EQ,2024-04-05,1486.7,1480.05,1486.7,1476.05,1480.4,1479.1,1480.24,5072482,7508474798.8,151929,2939200,57.94,-0.005111993004641269
INFY,EQ,2024-04-08,1479.1,1483.0,1490.95,1474.1,1475.5,1476.7,1480.51,6610887,9787517054.25,182211,5152016,77.93,-0.0016226083429111693
INFY,EQ,2024-04-09,1476.7,1490.0,1513.8,1487.3,1497.25,1494.85,1501.1,9423230,14145182659.45,221885,5671574,60.19,0.012290918940881523
INFY,EQ,2024-04-10,1494.85,1500.35,1509.85,1484.55,1506.5,1506.8,1500.18,6744595,10118134819.35,231665,4277073,63.41,0.007994113121717827
INFY,EQ,2024-04-12,1506.8,1504.0,1506.8,1479.5,1484.85,1484.75,1491.9,12275616,18313954690.15,329470,7444467,60.64,-0.014633660737987775
INFY,EQ,2024-04-15,1484.75,1480.0,1491.95,1461.05,1467.25,1468.15,1471.43,8531224,12553072127.8,279992,5094820,59.72,-0.011180333389459451
INFY,EQ,2024-04-16,1468.15,1451.0,1455.15,1413.05,1415.2,1414.45,1426.6,16173541,23073144617.7,498463,11370535,70.3,-0.036576644075877796
INFY,EQ,2024-04-18,1414.45,1421.1,1444.7,1407.5,1429.5,1419.25,1422.24,22107945,31442852348.5,380213,12759873,57.72,0.0033935451942450623
INFY,EQ,2024-04-19,1419.25,1385.0,1426.85,1378.75,1411.95,1411.25,1400.77,20603621,28860939169.9,491788,11459010,55.62,-0.005636779989431018
INFY,EQ,2024-04-22,1411.25,1419.9,1436.85,1413.05,1434.5,1432.75,1423.2,5859087,8338645897.9,194813,3924563,66.98,0.015234720992028272
INFY,EQ,2024-04-23,1432.75,1443.0,1446.85,1433.0,1439.45,1442.4,1441.38,4856174,6999604667.85,155079,3368597,69.37,0.006735299249694737
INFY,EQ,2024-04-24,1442.4,1444.3,1444.3,1427.05,1433.55,1430.75,1433.9,4268213,6120174208.45,188856,2969152,69.56,-0.008076816417082688
INFY,EQ,2024-04-25,1430.75,1420.0,1444.9,1420.0,1438.3,1438.45,1436.68,9089398,13058570636.85,213914,5307048,58.39,0.00538179276603179
INFY,EQ,2024-04-26,1438.45,1439.7,1445.4,1427.0,1432.0,1430.25,1435.15,8062444,11570821186.6,331963,5111560,63.4,-0.005700580485939799
INFY,EQ,2024-04-29,1430.25,1429.95,1439.8,1428.25,1436.0,1434.75,1434.76,5055957,7254071794.35,172407,3710352,73.39,0.0031463030938647663
INFY,EQ,2024-04-30,1434.75,1434.7,1436.55,1417.55,1421.75,1420.55,1427.0,6936588,9898542475.0,257285,5510877,79.45,-0.00989719463321137
INFY,EQ,2024-05-02,1420.55,1413.0,1424.0,1411.85,1417.45,1414.45,1417.48,10076354,14283072270.8,541169,5736028,56.93,-0.004294111435711456
INFY,EQ,2024-05-03,1414.45,1422.1,1424.8,1403.2,1415.75,1416.3,1412.37,8842345,12488625513.05,275760,4861319,54.98,0.0013079288769486386
INFY,EQ,2024-05-06,1416.3,1420.0,1445.7,1417.1,1427.4,1425.9,1433.2,6445422,9237548653.0,153619,3932601,61.01,0.006778224952340706
INFY,EQ,2024-05-07,1425.9,1424.95,1443.35,1415.6,1438.0,1440.95,1429.44,6080661,8691954830.5,165156,4033908,66.34,0.010554737358861033
INFY,EQ,2024-05-08,1440.95,1435.25,1439.75,1425.6,1428.0,1427.3,1432.51,6234983,8931679104.4,212505,4569519,73.29,-0.009472917172698603
INFY,EQ,2024-05-09,1427.3,1427.55,1449.95,1424.85,1434.15,1439.55,1439.59,6088406,8764817592.9,296655,3174592,52.14,0.008582638548308097
INFY,EQ,2024-05-10,1439.55,1435.05,1435.95,1413.0,1425.9,1424.9,1421.71,8777481,12479037534.7,274606,6121260,69.74,-0.010176791358410542
INFY,EQ,2024-05-13,1424.9,1425.0,1425.0,1411.2,1423.75,1423.45,1418.38,3735954,5299006122.2,189679,2639198,70.64,-0.0010176152712471076
INFY,EQ,2024-05-14,1423.45,1426.4,1433.75,1418.05,1425.45,1424.7,1423.77,3463230,4930826754.15,137743,2356758,68.05,0.0008781481611577213
INFY,EQ,2024-05-15,1424.7,1426.0,1431.8,1418.55,1420.0,1419.95,1422.38,4327544,6155430094.4,186636,3104530,71.74,-0.003334035235488142
INFY,EQ,2024-05-16,1419.95,1433.95,1455.75,1427.0,1450.9,1453.35,1444.18,9249145,13357445779.85,254894,4332678,46.84,0.023521954998415362
INFY,EQ,2024-05-17,1453.35,1457.0,1457.0,1439.25,1445.0,1444.3,1445.43,7542860,10902658147.9,170369,5428897,71.97,-0.006226992809715504
INFY,EQ,2024-05-18,1444.3,1445.0,1450.0,1442.0,1444.3,1443.65,1445.13,318277,459952847.9,13136,201491,63.31,-0.0004500450045004101
INFY,EQ,2024-05-21,1443.65,1430.0,1444.7,1428.4,1435.55,1434.15,1435.51,6752663,9693516261.3,204780,5085153,75.31,-0.006580542375229426
INFY,EQ,2024-05-22,1434.15,1428.75,1459.95,1428.0,1454.2,1454.8,1450.92,7173285,10407881536.7,226692,5066600,70.63,0.014398772792246106
INFY,EQ,2024-05-23,1454.8,1454.7,1478.15,1450.0,1471.05,1472.4,1469.37,8641428,12697420682.2,300489,4664587,53.98,0.012097882870497845
INFY,EQ,2024-05-24,1472.4,1468.25,1475.5,1460.0,1462.6,1465.1,1467.29,5277938,7744283255.4,173496,3535961,67.0,-0.00495789187720741
INFY,EQ,2024-05-27,1465.1,1471.85,1479.6,1460.25,1471.0,1471.35,1470.82,5821844,8562895961.6,209335,4082361,70.12,0.004265920414988633
INFY,EQ,2024-05-28,1471.35,1475.5,1476.0,1460.3,1463.0,1467.05,1471.0,6186922,9100958068.45,178525,4723117,76.34,-0.002922486152173165
INFY,EQ,2024-05-29,1467.05,1465.4,1465.5,1450.0,1455.0,1450.95,1454.96,7401634,10769091064.9,245143,5485547,74.11,-0.01097440441702735
INFY,EQ,2024-05-30,1450.95,1442.8,1449.85,1421.55,1434.95,1427.45,1431.84,9663150,13836120754.0,269401,5848165,60.52,-0.01619628519246008
INFY,EQ,2024-05-31,1427.45,1409.8,1436.75,1400.0,1407.0,1406.9,1414.33,37113815,52491266228.35,480522,22566239,60.8,-0.014396301096360586
INFY,EQ,2024-06-03,1406.9,1440.0,1440.0,1404.0,1408.3,1405.9,1410.56,10589244,14936754676.45,276536,7974682,75.31,-0.0007107825716113902
INFY,EQ,2024-06-04,1405.9,1409.0,1415.0,1358.35,1400.05,1393.65,1394.53,13736134,19155447817.95,389770,8113166,59.06,-0.008713279749626546
INFY,EQ,2024-06-05,1393.65,1400.15,1438.0,1400.15,1429.95,1430.1,1422.55,9233424,13135040249.8,275273,6563777,71.09,0.026154342912495743
INFY,EQ,2024-06-06,1430.1,1444.95,1474.3,1437.5,1473.0,1472.25,1460.72,12660930,18494014220.35,427537,6844746,54.06,0.02947346339416823
INFY,EQ,2024-06-07,1472.25,1481.0,1539.7,1477.25,1531.0,1533.6,1523.28,24075302,36673507939.55,671586,15535234,64.53,0.04167091186958727
INFY,EQ,2024-06-10,1533.6,1525.3,1529.8,1497.3,1498.1,1499.75,1504.76,6810606,10248320789.2,215749,4275279,62.77,-0.022072248304642605
INFY,EQ,2024-06-11,1499.75,1500.05,1506.45,1493.95,1496.0,1495.75,1500.46,4853054,7281790761.15,196731,3309314,68.19,-0.0026671111851975793
INFY,EQ,2024-06-12,1495.75,1507.0,1508.75,1482.75,1486.4,1485.2,1493.28,9564320,14282218151.55,208574,7179724,75.07,-0.007053317733578424
INFY,EQ,2024-06-13,1485.2,1495.0,1505.0,1489.35,1494.0,1493.95,1495.78,7307565,10930515249.65,191937,4415299,60.42,0.005891462429302496
INFY,EQ,2024-06-14,1493.95,1503.7,1503.7,1486.05,1488.5,1488.9,1489.97,4237727,6314088833.2,161152,2508255,59.19,-0.003380300545533621
INFY,EQ,2024-06-18,1488.9,1497.0,1507.0,1495.4,1499.0,1498.2,1500.33,5420939,8133182879.15,193064,3941258,72.7,0.006246222043118976
INFY,EQ,2024-06-19,1498.2,1505.0,1515.65,1496.7,1510.25,1511.35,1508.16,5493456,8285025892.1,184453,3488587,63.5,0.00877719930583365
INFY,EQ,2024-06-20,1511.35,1516.3,1517.5,1499.1,1516.1,1515.4,1510.8,7927010,11976110388.75,166148,4840779,61.07,0.0026797234260762526
INFY,EQ,2024-06-21,1515.4,1545.0,1557.75,1523.7,1525.1,1532.7,1538.98,17301941,26627264655.05,386255,8801952,50.87,0.011416127755048189
INFY,EQ,2024-06-24,1532.7,1524.55,1529.1,1515.4,1526.0,1527.15,1524.12,5564989,8481716683.9,191438,4093833,73.56,-0.003621060872969206
INFY,EQ,2024-06-25,1527.15,1526.0,1543.9,1520.35,1540.0,1541.95,1536.34,4551525,6992669447.3,162269,3362525,73.88,0.009691254952034711
INFY,EQ,2024-06-26,1541.95,1541.0,1548.85,1535.0,1540.15,1540.7,1541.97,4851004,7480090346.65,133969,3506433,72.28,-0.0008106618243133301
INFY,EQ,2024-06-27,1540.7,1538.45,1578.4,1532.05,1571.0,1573.35,1562.84,14757754,23064065426.25,335798,9396366,63.67,0.021191666125786934
INFY,EQ,2024-06-28,1573.35,1572.55,1588.5,1564.25,1566.65,1566.75,1573.0,8197544,12894721249.45,247411,4919176,60.01,-0.004194870817046392
INFY,EQ,2024-07-01,1566.75,1559.5,1599.9,1559.5,1586.0,1590.8,1588.6,6801771,10805277301.65,244645,4605695,67.71,0.01535024732726975
INFY,EQ,2024-07-02,1590.8,1596.2,1633.8,1586.5,1620.0,1621.05,1618.8,10493173,16986388682.3,392727,6707345,63.92,0.019015589640432484
INFY,EQ,2024-07-03,1621.05,1625.0,1636.0,1606.0,1629.25,1627.4,1621.6,7269965,11789003344.75,157551,5108087,70.26,0.003917214151321735
INFY,EQ,2024-07-04,1627.4,1628.2,1660.0,1628.0,1648.95,1650.65,1652.82,8008311,13236297146.75,226165,5065095,63.25,0.014286592110114293
INFY,EQ,2024-07-05,1650.65,1651.45,1665.85,1633.35,1641.1,1647.45,1652.13,7065022,11672361071.65,197833,4184004,59.22,-0.0019386302365734798
INFY,EQ,2024-07-08,1647.45,1643.1,1666.0,1640.0,1660.95,1661.65,1656.59,5880533,9741654630.55,180580,4142205,70.44,0.008619381468329967
INFY,EQ,2024-07-09,1661.65,1659.9,1666.75,1651.0,1656.2,1657.15,1659.82,5191182,8616414737.65,180329,3964038,76.36,-0.002708151536123693
INFY,EQ,2024-07-10,1657.15,1657.0,1674.0,1637.55,1645.0,1648.25,1652.95,9852770,16286153350.05,212673,6918154,70.22,-0.005370666505747912
INFY,EQ,2024-07-11,1648.25,1656.0,1665.0,1642.05,1652.0,1652.7,1654.43,8857679,14654403571.1,229626,5954171,67.22,0.0026998331563778954
INFY,EQ,2024-07-12,1652.7,1680.0,1719.75,1666.65,1706.35,1711.75,1702.02,17078316,29067635670.15,424229,10631638,62.25,0.03572941247655348
INFY,EQ,2024-07-15,1711.75,1726.2,1728.0,1702.65,1709.0,1707.05,1715.63,6942230,11910304891.25,177986,4776950,68.81,-0.0027457280560829744
INFY,EQ,2024-07-16,1707.05,1718.6,1737.9,1700.0,1725.1,1726.05,1723.79,6886281,11870510393.35,227602,4448421,64.6,0.011130312527459552
INFY,EQ,2024-07-18,1726.05,1719.0,1765.4,1719.0,1764.05,1758.05,1747.57,11248896,19658277359.25,341763,5970209,53.07,0.018539439761304788
INFY,EQ,2024-07-19,1758.05,1844.0,1844.0,1786.45,1789.35,1792.95,1810.54,29819116,53988794114.7,644673,13869085,46.51,0.01985154005858769
INFY,EQ,2024-07-22,1792.95,1800.15,1823.0,1792.95,1810.0,1810.85,1810.74,8462126,15322728881.1,286478,5936380,70.15,0.009983546668897558
INFY,EQ,2024-07-23,1810.85,1810.0,1839.95,1783.25,1832.9,1836.9,1817.22,7113056,12926022858.9,284929,4433183,62.32,0.014385509567330423
INFY,EQ,2024-07-24,1836.9,1837.5,1842.35,1819.6,1835.7,1833.95,1830.65,6002845,10989083504.35,182691,4283644,71.36,-0.0016059665741194884
INFY,EQ,2024-07-25,1833.95,1820.0,1830.9,1812.0,1826.35,1824.85,1823.35,5815599,10603890936.7,126746,3697613,63.58,-0.0049619673382590435
INFY,EQ,2024-07-26,1824.85,1825.35,1883.0,1825.35,1880.0,1878.9,1871.89,11369047,21281566352.95,313143,7009771,61.66,0.0296188727840645
INFY,EQ,2024-07-29,1878.9,1893.6,1903.0,1864.0,1874.95,1871.1,1877.26,4635931,8702853106.45,208557,3086678,66.58,-0.004151365160466325
INFY,EQ,2024-07-30,1871.1,1871.1,1879.95,1860.0,1875.2,1877.15,1870.2,2721265,5089317285.25,160022,1721228,63.25,0.0032333921222811313
INFY,EQ,2024-07-31,1877.15,1877.0,1885.15,1865.05,1869.0,1868.25,1870.34,5004209,9359589029.4,252105,3508928,70.12,-0.004741230056202306
INFY,EQ,2024-08-01,1868.25,1856.1,1867.9,1845.1,1847.65,1852.6,1854.74,7475014,13864207889.1,287435,4092451,54.75,-0.00837682323029576
INFY,EQ,2024-08-02,1852.6,1843.0,1859.5,1816.15,1819.0,1821.2,1829.19,7400938,13537736459.15,244351,4497093,60.76,-0.016949152542372836
INFY,EQ,2024-08-05,1821.2,1784.95,1797.5,1718.55,1751.45,1751.9,1748.15,10736703,18769378971.85,357150,7707641,71.79,-0.03805183395563361
INFY,EQ,2024-08-06,1751.9,1760.2,1796.95,1744.85,1756.0,1751.1,1762.7,7690163,13555453181.95,229956,4534327,58.96,-0.00045664706889669837
INFY,EQ,2024-08-07,1751.1,1796.0,1797.9,1762.1,1792.0,1791.65,1782.2,5094329,9079119381.9,189924,3036663,59.61,0.023156872822797103
INFY,EQ,2024-08-08,1791.65,1779.95,1779.95,1727.1,1739.0,1743.15,1748.61,6227910,10890209220.55,237457,3258191,52.32,-0.02707001925599306
INFY,EQ,2024-08-09,1743.15,1771.25,1780.75,1756.0,1770.7,1770.75,1766.78,4258524,7523890127.9,130511,2853488,67.01,0.015833405042595228
INFY,EQ,2024-08-12,1770.75,1773.05,1803.5,1768.1,1793.3,1797.4,1793.12,4315329,7737916018.35,138899,2803139,64.96,0.015050120005647427
INFY,EQ,2024-08-13,1797.4,1810.0,1810.0,1789.05,1795.95,1797.45,1799.3,4176918,7515536069.05,152390,2797011,66.96,2.7817959274534232e-05
INFY,EQ,2024-08-14,1797.45,1802.0,1825.0,1797.45,1820.0,1823.25,1813.72,7450718,13513504750.8,195413,5099465,68.44,0.014353667695902406
INFY,EQ,2024-08-16,1823.25,1850.0,1861.85,1829.5,1856.95,1858.95,1844.85,7335657,13533180793.15,218353,4622977,63.02,0.019580419580419672
INFY,EQ,2024-08-19,1858.95,1860.0,1867.55,1849.2,1865.0,1864.8,1862.3,2585989,4815890949.8,140168,1682024,65.04,0.0031469377874606685
INFY,EQ,2024-08-20,1864.8,1880.0,1885.7,1868.2,1871.0,1872.2,1875.2,3870333,7257635525.75,141879,2795587,72.23,0.003968253968253954
INFY,EQ,2024-08-21,1872.2,1875.1,1879.0,1867.1,1872.6,1872.7,1871.57,1966902,3681187613.5,116979,1393116,70.83,0.00026706548445676326
INFY,EQ,2024-08-22,1872.7,1884.0,1893.65,1869.7,1879.95,1880.25,1880.39,4300287,8086221002.75,185241,2815163,65.46,0.004031612110855898
INFY,EQ,2024-08-23,1880.25,1878.2,1882.6,1857.0,1865.95,1862.1,1864.29,5015935,9351150975.1,158876,3349976,66.79,-0.009652971679298017
INFY,EQ,2024-08-26,1862.1,1870.0,1888.75,1864.0,1878.0,1876.15,1879.7,3728589,7008612072.55,164417,2632742,70.61,0.007545244616293578
INFY,EQ,2024-08-27,1876.15,1876.15,1902.75,1873.9,1898.0,1900.1,1895.32,3830679,7260360446.0,169020,2434852,63.56,0.012765503824321067
INFY,EQ,2024-08-28,1900.1,1906.9,1951.0,1897.4,1938.0,1939.1,1935.93,6514531,12611699907.1,239601,3559202,54.63,0.02052523551392027
INFY,EQ,2024-08-29,1939.1,1933.0,1950.5,1920.9,1930.2,1933.35,1936.08,7228284,13994572218.8,251568,3992413,55.23,-0.0029652931772471414
INFY,EQ,2024-08-30,1933.35,1938.0,1950.0,1928.0,1949.85,1943.7,1940.67,13466759,26134516922.15,246824,8968520,66.6,0.005353402125843898
INFY,EQ,2024-09-02,1943.7,1943.35,1975.75,1942.8,1959.5,1964.5,1961.02,5573739,10930227192.05,231832,3672534,65.89,0.010701239903277315
INFY,EQ,2024-09-03,1964.5,1967.0,1967.0,1936.45,1940.9,1941.25,1952.15,4694322,9164003289.55,146119,3528063,75.16,-0.011835072537541347
INFY,EQ,2024-09-04,1941.25,1921.1,1927.2,1900.05,1920.7,1922.45,1913.05,4778310,9141125232.25,178663,2861788,59.89,-0.009684481648422394
INFY,EQ,2024-09-05,1922.45,1926.25,1940.0,1909.6,1933.0,1933.15,1924.01,4081810,7853428072.45,148492,2515420,61.63,0.00556581445551263
INFY,EQ,2024-09-06,1933.15,1922.0,1936.5,1896.85,1904.0,1901.85,1908.09,5848106,11158720885.65,190652,2937129,50.22,-0.016191190543931033
INFY,EQ,2024-09-09,1901.85,1890.0,1920.85,1889.0,1903.0,1894.65,1905.13,4772612,9092431539.8,186509,3152860,66.06,-0.0037857875226752213
INFY,EQ,2024-09-10,1894.65,1904.9,1935.0,1896.0,1914.15,1912.3,1920.51,6909600,13269985403.85,265300,4764583,68.96,0.009315704747578701
INFY,EQ,2024-09-11,1912.3,1914.7,1926.0,1905.0,1912.95,1910.15,1915.8,5312946,10178552300.9,254659,3683394,69.33,-0.001124300580452764
INFY,EQ,2024-09-12,1910.15,1925.0,1956.4,1910.8,1943.8,1950.45,1933.56,8555092,16541770366.05,219622,5012053,58.59,0.021097819542967855
INFY,EQ,2024-09-13,1950.45,1950.45,1958.6,1935.65,1943.0,1944.1,1948.85,3843127,7489665426.75,120139,2159217,56.18,-0.003255658950498619
INFY,EQ,2024-09-16,1944.1,1945.75,1952.0,1933.05,1946.0,1950.25,1943.67,1570181,3051912524.4,72563,806120,51.34,0.0031634175196748604
INFY,EQ,2024-09-17,1950.25,1947.75,1958.45,1942.15,1950.0,1952.55,1951.76,2793127,5451501004.5,142203,2101774,75.25,0.0011793359825662542
INFY,EQ,2024-09-18,1952.55,1938.75,1938.75,1881.3,1892.35,1892.15,1898.2,6385468,12120891191.9,252266,4141671,64.86,-0.03093390694220377
INFY,EQ,2024-09-19,1892.15,1910.6,1924.9,1878.8,1897.0,1894.2,1894.84,7976570,15114309893.55,219801,5195192,65.13,0.0010834236186347823
INFY,EQ,2024-09-20,1894.2,1905.0,1915.0,1867.4,1910.0,1905.75,1902.04,15242974,28992778817.95,346786,8354395,54.81,0.0060975609756097615
INFY,EQ,2024-09-23,1905.75,1909.0,1918.9,1878.45,1895.0,1896.45,1890.26,3636672,6874260634.45,133793,2304184,63.36,-0.0048799685163321005
INFY,EQ,2024-09-24,1896.45,1888.0,1910.9,1871.4,1900.0,1898.6,1888.94,7277616,13746948535.65,181532,5676045,77.99,0.001133697171030068
INFY,EQ,2024-09-25,1898.6,1886.35,1901.6,1876.8,1900.0,1895.3,1889.52,4268341,8065107237.85,173033,3149517,73.79,-0.0017381228273464222
INFY,EQ,2024-09-26,1895.3,1897.8,1917.95,1893.0,1894.0,1900.25,1902.94,8952803,17036613838.85,204902,5993852,66.95,0.0026117237376668268
INFY,EQ,2024-09-27,1900.25,1932.1,1974.6,1903.3,1908.0,1906.75,1926.62,14908931,28723892455.0,301305,8983190,60.25,0.003420602552295815
INFY,EQ,2024-09-30,1906.75,1880.0,1901.25,1870.5,1877.6,1875.6,1881.3,6986955,13144582073.9,225929,5119815,73.28,-0.016336698570866726
INFY,EQ,2024-10-01,1875.6,1875.0,1908.95,1875.0,1906.0,1904.35,1898.99,4029072,7651153333.05,153975,2238191,55.55,0.015328428236297764
INFY,EQ,2024-10-03,1904.35,1889.5,1911.85,1881.0,1889.0,1893.4,1895.02,7503887,14220032273.75,279836,4577700,61.0,-0.005749993436080403
INFY,EQ,2024-10-04,1893.4,1889.55,1954.1,1886.0,1922.0,1918.15,1926.6,10001483,19268903580.4,317341,4933263,49.33,0.013071722826661025
INFY,EQ,2024-10-07,1918.15,1923.2,1942.0,1916.05,1930.15,1934.3,1932.07,6112575,11809911119.45,232953,3586241,58.67,0.008419570940750187
INFY,EQ,2024-10-08,1934.3,1937.9,1957.95,1906.35,1945.95,1948.55,1937.77,5637391,10923947722.8,301214,3481309,61.75,0.007367006152096289
INFY,EQ,2024-10-09,1948.55,1952.55,1977.0,1945.1,1959.0,1952.75,1961.35,4857163,9526613749.45,240629,2544632,52.39,0.002155448923558456
INFY,EQ,2024-10-10,1952.75,1957.9,1964.0,1914.1,1917.55,1919.0,1934.31,4782119,9250080166.0,187711,2180497,45.6,-0.017283318397132263
INFY,EQ,2024-10-11,1919.0,1918.0,1947.0,1910.1,1935.0,1935.1,1932.54,4709431,9101157285.95,209438,2707269,57.49,0.008389786347055672
INFY,EQ,2024-10-14,1935.1,1932.15,1969.5,1931.1,1966.0,1958.9,1957.08,3751378,7341734867.25,242164,2457354,65.51,0.012299105989354686
INFY,EQ,2024-10-15,1958.9,1960.0,1991.45,1951.75,1960.0,1959.3,1965.59,5353705,10523164056.35,184609,3191676,59.62,0.00020419623257939
INFY,EQ,2024-10-16,1959.3,1955.0,1959.55,1916.35,1918.1,1920.1,1937.33,3111512,6028023137.55,139457,1736836,55.82,-0.020007145409074667
INFY,EQ,2024-10-17,1920.1,1935.2,1978.0,1930.15,1974.55,1968.1,1957.7,8162822,15980388201.05,295717,4019395,49.24,0.024998697984480067
INFY,EQ,2024-10-18,1968.1,1893.8,1936.85,1869.25,1885.0,1879.6,1891.59,10526196,19911246940.1,335832,4916524,46.71,-0.04496722727503688
INFY,EQ,2024-10-21,1879.6,1891.1,1898.8,1838.0,1850.1,1852.75,1856.08,4654601,8639326330.6,185546,2343503,50.35,-0.01428495424558407
INFY,EQ,2024-10-22,1852.75,1858.2,1877.8,1846.95,1853.55,1851.6,1858.27,4125240,7665799770.25,189972,2494370,60.47,-0.0006206989610039182
INFY,EQ,2024-10-23,1851.6,1845.25,1886.0,1844.0,1868.3,1873.4,1872.18,4311910,8072663538.05,177546,2416683,56.05,0.011773601209764673
INFY,EQ,2024-10-24,1873.4,1861.4,1884.0,1860.0,1863.6,1863.35,1866.54,2906475,5425065456.8,137718,1892942,65.13,-0.005364577773033119
INFY,EQ,2024-10-25,1863.35,1863.45,1876.35,1846.4,1866.0,1862.05,1861.41,4689120,8728392271.0,181283,2597591,55.4,-0.0006976681782809857
INFY,EQ,2024-10-28,1862.05,1859.7,1881.9,1857.0,1865.0,1865.35,1872.16,7018940,13140601455.55,157551,5571125,79.37,0.0017722402728175268
INFY,EQ,2024-10-29,1865.35,1846.0,1851.6,1829.0,1839.95,1839.3,1840.82,4621252,8506871719.8,157581,3187422,68.97,-0.013965207601790541
INFY,EQ,2024-10-30,1839.3,1832.0,1839.0,1796.35,1798.8,1802.1,1813.08,5919715,10732932366.35,221376,4229513,71.45,-0.020225085630402928
INFY,EQ,2024-10-31,1802.1,1787.9,1787.9,1746.5,1762.95,1757.25,1759.11,7395236,13009050347.4,283103,4822516,65.21,-0.024887631097053386
INFY,EQ,2024-11-01,1757.25,1764.5,1766.0,1752.05,1755.6,1760.85,1761.68,371966,655284656.85,29613,177843,47.81,0.0020486555697822872
INFY,EQ,2024-11-04,1760.85,1724.5,1767.0,1718.0,1763.05,1763.65,1742.2,7336722,12782053575.35,237541,4546264,61.97,0.0015901411250249797
INFY,EQ,2024-11-05,1763.65,1760.0,1768.45,1745.0,1753.0,1754.2,1754.19,3160880,5544781198.4,168160,1886454,59.68,-0.005358205993252652
INFY,EQ,2024-11-06,1754.2,1764.0,1827.2,1762.65,1821.0,1823.7,1809.14,10421494,18853955667.25,305870,6633255,63.65,0.03961919963516136
INFY,EQ,2024-11-07,1823.7,1812.95,1825.7,1787.0,1802.85,1803.05,1802.49,4550965,8203053863.7,274916,2945745,64.73,-0.011323134287437697
INFY,EQ,2024-11-08,1803.05,1818.0,1840.6,1813.15,1825.95,1829.95,1832.23,4210960,7715446613.7,199379,2076350,49.31,0.014919164748620428
INFY,EQ,2024-11-11,1829.95,1829.0,1868.0,1822.55,1859.05,1860.1,1855.73,3804234,7059643882.45,240025,2440014,64.14,0.016475859996174735
INFY,EQ,2024-11-12,1860.1,1871.1,1881.0,1861.0,1861.0,1868.8,1871.65,5012450,9381550004.5,182346,3341498,66.66,0.004677167894199252
INFY,EQ,2024-11-13,1868.8,1861.1,1873.2,1856.3,1869.0,1868.4,1866.77,4257495,7947752333.85,187205,3107684,72.99,-0.00021404109589029385
INFY,EQ,2024-11-14,1868.4,1865.6,1876.0,1856.0,1865.0,1864.55,1865.97,4311431,8045009313.65,206703,2841321,65.9,-0.0020605865981588867
INFY,EQ,2024-11-18,1864.55,1849.2,1849.2,1795.0,1815.05,1811.45,1813.82,4839244,8777530199.2,207559,2993164,61.85,-0.028478721407310004
INFY,EQ,2024-11-19,1811.45,1825.5,1859.7,1820.55,1822.5,1824.75,1839.98,4669769,8592282283.6,142990,3229861,69.17,0.00734218443788115
INFY,EQ,2024-11-21,1824.75,1842.0,1867.0,1820.6,1834.0,1834.05,1836.76,5436504,9985580026.6,232740,2600161,47.83,0.005096588573777261
INFY,EQ,2024-11-22,1834.05,1854.1,1914.05,1834.0,1889.2,1902.25,1880.71,6301486,11851297771.15,185473,3723656,59.09,0.0371854638641258
INFY,EQ,2024-11-25,1902.25,1916.0,1919.3,1882.0,1891.0,1889.7,1890.66,12764638,24133584391.95,196770,9070318,71.06,-0.006597450387698767
INFY,EQ,2024-11-26,1889.7,1904.95,1938.6,1897.3,1920.2,1924.15,1926.35,6850495,13196471061.7,312960,4264818,62.26,0.018230406942901123
INFY,EQ,2024-11-27,1924.15,1930.1,1941.4,1911.75,1927.0,1924.5,1926.81,4447143,8568781533.8,146524,2756729,61.99,0.0001818985006365459
INFY,EQ,2024-11-28,1924.5,1914.9,1914.9,1851.65,1860.3,1856.65,1869.78,8468790,15834748613.3,284687,5657358,66.8,-0.035255910626136644
INFY,EQ,2024-11-29,1856.65,1851.1,1877.0,1845.0,1856.95,1857.85,1859.93,5244346,9754122115.25,217020,2906341,55.42,0.0006463253709636518
INFY,EQ,2024-12-02,1857.85,1859.0,1882.8,1835.2,1877.45,1879.8,1868.92,2868263,5360564446.55,143774,1534907,53.51,0.01181473208278394
INFY,EQ,2024-12-03,1879.8,1887.0,1899.75,1871.15,1890.0,1892.1,1891.36,4715792,8919259125.8,165988,3206192,67.99,0.00654324928183847
INFY,EQ,2024-12-04,1892.1,1884.0,1913.95,1875.0,1892.0,1889.25,1895.14,4705573,8917717924.9,215259,2551444,54.22,-0.0015062628825114333
INFY,EQ,2024-12-05,1889.25,1900.0,1949.9,1888.95,1935.0,1934.85,1925.05,9050038,17421767118.35,300510,4450530,49.18,0.024136562127828443
INFY,EQ,2024-12-06,1934.85,1932.8,1937.95,1912.4,1919.0,1922.4,1921.54,3573331,6866314025.75,133773,2167743,60.66,-0.006434607333901776
INFY,EQ,2024-12-09,1922.4,1924.2,1930.2,1897.2,1926.95,1923.65,1912.43,4274645,8174959449.55,169220,2796004,65.41,0.0006502288805658729
INFY,EQ,2024-12-10,1923.65,1939.0,1965.6,1932.0,1947.1,1948.55,1947.08,6174921,12023085384.0,219707,3769961,61.05,0.012944142645491485
INFY,EQ,2024-12-11,1948.55,1955.0,1978.0,1952.0,1967.3,1974.15,1968.23,5025612,9891578979.6,201273,2925094,58.2,0.013137974391214113
INFY,EQ,2024-12-12,1974.15,1975.2,1998.8,1970.55,1985.1,1987.0,1989.23,6462130,12854635035.9,286504,3297440,51.03,0.006509130511865857
INFY,EQ,2024-12-13,1987.0,1969.75,2006.45,1953.8,1999.0,1999.7,1985.4,5362693,10647066758.55,243211,2730177,50.91,0.006391545042778057
INFY,EQ,2024-12-16,1999.7,1995.45,1999.6,1977.6,1979.2,1980.05,1985.38,3119221,6192834340.7,158954,1847676,59.24,-0.009826473971095706
INFY,EQ,2024-12-17,1980.05,1968.0,1982.0,1958.0,1974.0,1976.6,1971.86,5811050,11458571096.45,243202,3152209,54.25,-0.0017423802429231694
INFY,EQ,2024-12-18,1976.6,1966.8,1984.95,1961.6,1979.0,1979.15,1976.08,3064095,6054911475.2,138618,1896034,61.88,0.0012900941009814648
INFY,EQ,2024-12-19,1979.15,1934.0,1959.75,1920.0,1948.5,1946.2,1940.72,5323592,10331627136.2,197114,2924678,54.94,-0.016648561251042082
INFY,EQ,2024-12-20,1946.2,1975.15,1979.95,1911.25,1927.8,1922.15,1932.55,11056720,21367688611.4,270540,6160693,55.72,-0.012357414448669224
INFY,EQ,2024-12-23,1922.15,1930.05,1940.0,1909.0,1921.0,1924.3,1923.61,2781793,5351092778.15,127723,1466327,52.71,0.001118539135863461
INFY,EQ,2024-12-24,1924.3,1927.05,1942.0,1840.0,1903.35,1909.05,1918.59,2360544,4528921027.25,93412,1362344,57.71,-0.007924959725614467
INFY,EQ,2024-12-26,1909.05,1909.05,1919.75,1902.3,1909.0,1907.4,1908.04,3623321,6913442832.95,123979,2585611,71.36,-0.0008643042350906516
INFY,EQ,2024-12-27,1907.4,1909.4,1924.15,1903.9,1917.0,1916.75,1912.07,3937500,7528776747.25,108688,2585416,65.66,0.004901960784313708
INFY,EQ,2024-12-30,1916.75,1915.7,1916.0,1886.5,1898.45,1906.0,1903.27,7789055,14824704664.65,180342,5788727,74.32,-0.005608451806443204
INFY,EQ,2024-12-31,1906.0,1892.3,1897.0,1845.05,1885.65,1880.0,1872.77,3613063,6766428350.5,150014,2123769,58.78,-0.01364113326337879
INFY,EQ,2025-01-01,1880.0,1874.0,1892.95,1874.0,1885.0,1882.5,1884.95,1838368,3465223831.85,69020,812809,44.21,0.0013297872340425343
INFY,EQ,2025-01-02,1882.5,1887.0,1962.65,1885.3,1954.75,1957.85,1944.51,7083645,13774239233.15,239506,4111627,58.04,0.04002656042496677
INFY,EQ,2025-01-03,1957.85,1952.95,1952.95,1922.0,1939.1,1938.75,1936.53,6218003,12041366929.8,226724,4134046,66.49,-0.009755599254284042
INFY,EQ,2025-01-06,1938.75,1952.0,1973.0,1928.0,1939.0,1937.85,1943.77,7164403,13925986567.85,247931,4418088,61.67,-0.0004642166344294152
INFY,EQ,2025-01-07,1937.85,1945.0,1958.55,1923.65,1929.0,1930.85,1936.28,4294832,8315996332.75,250125,2671982,62.21,-0.0036122506901978824
INFY,EQ,2025-01-08,1930.85,1930.0,1938.6,1888.75,1932.75,1933.15,1916.14,5482050,10504391305.45,210525,3467575,63.25,0.001191185229303171
INFY,EQ,2025-01-09,1933.15,1934.05,1951.85,1910.55,1920.1,1917.3,1928.12,6833503,13175834552.9,228829,4146705,60.68,-0.008199053358508235
INFY,EQ,2025-01-10,1917.3,1937.0,1977.8,1932.25,1965.8,1966.95,1961.18,8036913,15761835256.95,351137,4825704,60.04,0.025895790956032005
INFY,EQ,2025-01-13,1966.95,1956.0,1982.8,1949.0,1963.0,1962.2,1965.87,5804152,11410182349.85,224017,3736459,64.38,-0.0024149063270545446
INFY,EQ,2025-01-14,1962.2,1968.85,1971.8,1931.1,1938.0,1940.05,1943.92,5792162,11259472879.0,267855,3570363,61.64,-0.011288349811436227
INFY,EQ,2025-01-15,1940.05,1947.0,1958.05,1937.1,1951.65,1949.65,1949.16,2985439,5819096239.5,153629,1890937,63.34,0.004948326074070364
INFY,EQ,2025-01-16,1949.65,1965.95,1966.95,1916.85,1920.05,1928.45,1939.38,7533579,14610485616.25,233848,4419678,58.67,-0.010873746569897147
INFY,EQ,2025-01-17,1928.45,1851.0,1858.0,1812.0,1817.5,1815.45,1824.17,16409953,29934601377.85,503030,9959925,60.69,-0.058596281988125165
INFY,EQ,2025-01-20,1815.45,1822.95,1827.95,1793.15,1813.0,1813.3,1809.37,4333011,7840006233.8,192938,2434695,56.19,-0.0011842793797681717
INFY,EQ,2025-01-21,1813.3,1819.05,1831.65,1793.05,1804.0,1800.7,1814.25,7169109,13006582697.55,252390,3533749,49.29,-0.006948657144432713
INFY,EQ,2025-01-22,1800.7,1807.4,1865.8,1805.15,1855.0,1856.45,1846.53,8373913,15462699193.55,493438,4746138,56.68,0.03096018215138563
INFY,EQ,2025-01-23,1856.45,1858.0,1879.55,1852.7,1864.8,1865.45,1868.88,5907471,11040365439.1,305255,3382069,57.25,0.004847962509090031
INFY,EQ,2025-01-24,1865.45,1865.5,1894.9,1864.25,1875.0,1875.45,1881.56,4887027,9195242026.1,294925,3214944,65.79,0.005360636843656952
INFY,EQ,2025-01-27,1875.45,1848.75,1863.0,1812.0,1823.0,1822.0,1838.09,7652371,14065747508.9,242782,5395441,70.51,-0.02849982670825668
INFY,EQ,2025-01-28,1822.0,1830.0,1863.5,1824.9,1831.0,1829.75,1842.44,6999495,12896153068.9,343851,4074581,58.21,0.004253567508232692
INFY,EQ,2025-01-29,1829.75,1845.0,1888.65,1840.5,1877.55,1881.25,1867.04,5145155,9606185635.05,208458,2981332,57.94,0.028145921573985433
INFY,EQ,2025-01-30,1881.25,1873.15,1887.2,1844.0,1868.4,1859.95,1859.61,7336056,13642183045.25,203038,4867698,66.35,-0.011322259136212653
INFY,EQ,2025-01-31,1859.95,1871.0,1897.45,1871.0,1882.95,1879.8,1881.49,5820470,10951149690.2,181998,4133792,71.02,0.01067232990134137
INFY,EQ,2025-02-01,1879.8,1880.3,1890.6,1846.0,1863.0,1851.35,1862.44,1701402,3168763954.0,70335,762694,44.83,-0.015134588786041125
INFY,EQ,2025-02-03,1851.35,1836.0,1876.55,1832.4,1864.1,1863.3,1858.62,4823228,8964553565.4,177156,2913963,60.42,0.006454749237043256
INFY,EQ,2025-02-04,1863.3,1889.0,1911.2,1875.0,1894.85,1898.8,1892.32,7334787,13879756408.55,254137,4813522,65.63,0.019052219181022956
INFY,EQ,2025-02-05,1898.8,1906.0,1919.7,1894.3,1899.15,1897.05,1901.79,4996744,9502754311.35,170651,3551507,71.08,-0.0009216347166631778
INFY,EQ,2025-02-06,1897.05,1917.0,1924.0,1900.0,1913.75,1915.65,1910.66,4765255,9104791357.4,151924,2669914,56.03,0.009804696766031462
INFY,EQ,2025-02-07,1915.65,1919.3,1923.7,1889.45,1901.1,1903.65,1902.44,4126260,7849962358.05,155494,3034536,73.54,-0.006264192310703964
INFY,EQ,2025-02-10,1903.65,1905.0,1905.0,1878.6,1880.0,1880.3,1885.89,3828734,7220570924.25,151607,2927900,76.47,-0.012265910225093934
INFY,EQ,2025-02-11,1880.3,1883.1,1903.0,1870.0,1879.0,1875.65,1883.68,4411601,8310066406.3,160934,2291728,51.95,-0.0024730096261234014
INFY,EQ,2025-02-12,1875.65,1885.0,1894.6,1847.0,1864.0,1863.15,1866.72,5633947,10516984029.1,222006,3885198,68.96,-0.006664356356463119
INFY,EQ,2025-02-13,1863.15,1868.5,1873.5,1835.65,1840.65,1843.25,1851.21,5237744,9696150378.65,192119,3447995,65.83,-0.01068083621823257
INFY,EQ,2025-02-14,1843.25,1854.0,1859.3,1828.35,1853.0,1856.4,1845.06,5292961,9765818737.55,179989,3437540,64.95,0.007134138071341445
INFY,EQ,2025-02-17,1856.4,1838.55,1852.75,1822.15,1843.05,1842.3,1838.63,4428956,8143213452.3,149656,2709194,61.17,-0.007595345830640032
INFY,EQ,2025-02-18,1842.3,1842.3,1861.65,1837.6,1848.0,1851.95,1848.81,4365260,8070546827.05,100362,3118509,71.44,0.005238017695272212
INFY,EQ,2025-02-19,1851.95,1847.4,1849.2,1805.9,1810.85,1810.8,1820.83,4611411,8396592012.2,214412,3311722,71.82,-0.022219822349415552
INFY,EQ,2025-02-20,1810.8,1805.55,1831.0,1805.55,1826.0,1825.15,1822.29,2218020,4041874473.4,116360,1205878,54.37,0.007924674177159252
INFY,EQ,2025-02-21,1825.15,1821.8,1829.85,1806.2,1815.0,1815.0,1817.56,3379879,6143129066.35,101664,2368505,70.08,-0.005561186751773861
INFY,EQ,2025-02-24,1815.0,1800.05,1808.0,1750.25,1763.0,1764.1,1766.73,7594720,13417827673.25,362392,5577218,73.44,-0.028044077134986245
INFY,EQ,2025-02-25,1764.1,1745.15,1778.45,1745.15,1766.75,1767.7,1766.12,5092963,8994761660.15,192822,2777072,54.53,0.0020407006405533945
INFY,EQ,2025-02-27,1767.7,1755.2,1775.85,1751.1,1763.0,1764.3,1763.43,5757079,10152184052.3,168385,3678871,63.9,-0.0019234032924139166
INFY,EQ,2025-02-28,1764.3,1755.05,1755.1,1682.45,1693.0,1687.7,1694.54,12182167,20643137452.85,460200,8716304,71.55,-0.04341665249674087
INFY,EQ,2025-03-03,1687.7,1692.3,1728.6,1692.3,1711.0,1708.6,1711.06,7504969,12841455573.45,286660,5518645,73.53,0.012383717485334955
INFY,EQ,2025-03-04,1708.6,1695.0,1699.0,1670.0,1684.0,1688.3,1686.14,6759673,11397744323.6,244487,4461420,66.0,-0.01188107222287249
INFY,EQ,2025-03-05,1688.3,1692.45,1732.95,1692.45,1707.0,1711.5,1714.51,8180782,14026024448.6,184308,5525919,67.55,0.01374163359592484
INFY,EQ,2025-03-06,1711.5,1715.0,1722.3,1691.1,1712.0,1715.85,1709.66,10610547,18140399842.7,236281,7237730,68.21,0.0025416301489920023
INFY,EQ,2025-03-07,1715.85,1703.1,1705.0,1675.5,1685.0,1686.0,1686.32,8019331,13523183544.05,234031,5711906,71.23,-0.017396625579158997
INFY,EQ,2025-03-10,1686.0,1686.0,1719.0,1676.2,1700.05,1701.45,1703.14,7558981,12874009178.0,184536,5309363,70.24,0.00916370106761577
INFY,EQ,2025-03-11,1701.45,1680.0,1680.0,1637.05,1667.0,1661.6,1655.07,12671234,20971794102.35,259181,9549899,75.37,-0.023421199565076933
INFY,EQ,2025-03-12,1661.6,1636.9,1636.9,1563.8,1590.05,1590.85,1586.51,14870008,23591364599.5,491121,9342131,62.83,-0.04257944150216664
INFY,EQ,2025-03-13,1590.85,1599.25,1606.05,1570.3,1579.0,1579.85,1582.31,7822888,12378247563.85,258464,5166521,66.04,-0.006914542540151447
INFY,EQ,2025-03-17,1579.85,1545.15,1594.0,1545.15,1590.0,1590.05,1581.7,7526032,11903959172.65,220262,4376533,58.15,0.00645630914327322
INFY,EQ,2025-03-18,1590.05,1597.65,1612.9,1582.35,1608.2,1609.35,1602.43,6298054,10092166910.7,157097,4025438,63.92,0.012137983082292969
INFY,EQ,2025-03-19,1609.35,1603.0,1603.0,1572.8,1589.1,1586.55,1583.14,7387068,11694751809.1,250311,4820415,65.25,-0.014167210364432803
INFY,EQ,2025-03-20,1586.55,1592.0,1631.9,1592.0,1609.05,1615.55,1616.31,7186750,11616004800.3,229276,4326447,60.2,0.018278654943115535
INFY,EQ,2025-03-21,1615.55,1577.95,1603.9,1563.65,1595.4,1592.55,1591.34,10074677,16032262527.35,241185,5870110,58.27,-0.014236637677571107
INFY,EQ,2025-03-24,1592.55,1597.95,1607.1,1572.7,1593.95,1592.75,1588.76,8857726,14072823625.15,250512,4736908,53.48,0.00012558475401092117
INFY,EQ,2025-03-25,1592.75,1605.0,1636.15,1605.0,1619.25,1628.45,1626.09,9890140,16082264118.35,266112,5416666,54.77,0.022414063726259537
INFY,EQ,2025-03-26,1628.45,1626.0,1637.75,1595.0,1599.0,1599.45,1610.78,6651302,10713771940.1,222554,4150616,62.4,-0.01780834535908382
INFY,EQ,2025-03-27,1599.45,1595.55,1619.95,1586.0,1605.0,1603.55,1601.41,9426573,15095808795.9,201020,5807993,61.61,0.002563381162274503
INFY,EQ,2025-03-28,1603.55,1590.0,1598.45,1560.0,1569.0,1570.65,1576.42,6799047,10718160396.85,217515,4152763,61.08,-0.02051697795516194
INFY,EQ,2025-04-01,1570.65,1539.25,1547.4,1517.85,1530.2,1526.5,1529.41,12680733,19394047386.75,328764,8367272,65.98,-0.028109381466271954
INFY,EQ,2025-04-02,1526.5,1535.2,1555.65,1535.2,1550.0,1550.15,1547.09,6193478,9581859877.35,183381,3886506,62.75,0.015492957746478853
INFY,EQ,2025-04-03,1550.15,1534.65,1534.65,1485.05,1495.8,1496.5,1499.79,10459504,15687069999.2,390507,6606750,63.17,-0.03460955391413745
INFY,EQ,2025-04-04,1496.5,1460.5,1472.0,1448.0,1456.1,1451.65,1458.65,9590254,13988855633.45,245192,6170307,64.34,-0.02996992983628466
INFY,EQ,2025-04-07,1451.65,1352.0,1405.9,1307.0,1404.9,1396.75,1365.23,21715252,29646233824.9,445720,13350769,61.48,-0.03781903351358806
INFY,EQ,2025-04-08,1396.75,1431.0,1456.5,1415.0,1428.0,1428.8,1435.73,12805001,18384491521.0,254762,6752942,52.74,0.022946124932879952
INFY,EQ,2025-04-09,1428.8,1405.05,1409.45,1381.9,1402.0,1403.7,1396.23,8546854,11933354452.15,220436,4600141,53.82,-0.017567189249720006
INFY,EQ,2025-04-11,1403.7,1411.25,1438.8,1397.05,1416.8,1409.45,1418.1,12567440,17821840695.45,262867,8016523,63.79,0.004096316876825545
INFY,EQ,2025-04-15,1409.45,1445.6,1447.7,1409.0,1430.4,1426.0,1424.37,10178530,14497963348.8,258203,6533725,64.19,0.011742168931143215
INFY,EQ,2025-04-16,1426.0,1425.0,1427.5,1396.8,1412.2,1413.1,1409.87,12022740,16950524011.3,331555,7411100,61.64,-0.009046283309957937
INFY,EQ,2025-04-17,1413.1,1398.0,1429.8,1378.3,1427.7,1419.5,1400.17,14264227,19972355994.0,349779,8263644,57.93,0.004529049607246538
INFY,EQ,2025-04-21,1419.5,1410.0,1471.8,1410.0,1449.0,1451.0,1452.45,15648970,22729378761.1,271048,7851537,50.17,0.022190912293061027
INFY,EQ,2025-04-22,1451.0,1440.0,1440.0,1419.3,1423.0,1422.8,1425.14,9399738,13395956021.3,245817,5102605,54.28,-0.019434872501722933
INFY,EQ,2025-04-23,1422.8,1446.0,1487.8,1439.6,1476.2,1474.9,1471.47,11136642,16387181464.5,249560,6032751,54.17,0.036617936463311906
INFY,EQ,2025-04-24,1474.9,1469.9,1482.9,1461.5,1473.0,1471.4,1471.62,7114292,10469560317.2,175991,4414774,62.06,-0.0023730422401518902
INFY,EQ,2025-04-25,1471.4,1475.5,1501.7,1463.5,1480.0,1480.2,1484.47,8329979,12365598001.8,199876,3656613,43.9,0.005980698654342698
INFY,EQ,2025-04-28,1480.2,1480.2,1489.6,1465.3,1481.0,1482.1,1478.19,5886253,8701029482.7,146345,3383796,57.49,0.0012836103229292295
INFY,EQ,2025-04-29,1482.1,1482.0,1509.8,1474.1,1498.0,1497.5,1495.87,8056743,12051862382.6,207221,4600292,57.1,0.010390661898657338
INFY,EQ,2025-04-30,1497.5,1496.8,1508.8,1482.6,1491.5,1500.1,1499.93,7704183,11555716056.4,128359,5424565,70.41,0.001736227045075145
INFY,EQ,2025-05-02,1500.1,1499.7,1523.2,1496.2,1502.0,1506.8,1509.45,8733014,13182067260.5,235475,5090091,58.29,0.004466368908739415
INFY,EQ,2025-05-05,1506.8,1515.0,1523.0,1502.8,1507.0,1508.6,1509.96,4282493,6466387044.7,130549,2583603,60.33,0.0011945845500398455
INFY,EQ,2025-05-06,1508.6,1506.0,1515.6,1499.1,1511.0,1511.5,1509.58,4270530,6446698483.9,105354,2438354,57.1,0.001922312077422772
INFY,EQ,2025-05-07,1511.5,1500.0,1518.8,1496.6,1508.8,1508.3,1509.03,5691799,8589104210.9,144103,3746480,65.82,-0.0021171022163414266
INFY,EQ,2025-05-08,1508.3,1508.0,1516.5,1501.2,1506.0,1511.4,1508.8,8424409,12710783626.5,217543,4624643,54.9,0.0020552940396474373
INFY,EQ,2025-05-09,1511.4,1500.7,1511.4,1494.1,1507.2,1507.6,1504.2,4478653,6736782019.2,144158,2995090,66.87,-0.0025142252216489025
INFY,EQ,2025-05-12,1507.6,1537.0,1632.0,1532.0,1623.5,1626.9,1593.89,11372857,18127126262.5,290108,6667113,58.62,0.07913239586097132
INFY,EQ,2025-05-13,1626.9,1609.0,1612.2,1564.6,1567.9,1568.6,1579.63,12846210,20292258361.3,335293,7362230,57.31,-0.03583502366463842
INFY,EQ,2025-05-14,1568.6,1574.0,1595.0,1569.5,1592.8,1592.4,1588.83,4870057,7737687686.0,144908,3098691,63.63,0.015172765523396858
INFY,EQ,2025-05-15,1592.4,1589.8,1618.6,1571.0,1609.5,1613.0,1600.37,11151167,17846028418.3,226053,5705420,51.16,0.012936448128610945
INFY,EQ,2025-05-16,1613.0,1612.6,1612.6,1581.5,1589.4,1589.9,1591.32,4576751,7283067573.4,132211,2596001,56.72,-0.014321140731556103
INFY,EQ,2025-05-19,1589.9,1576.5,1585.0,1555.7,1557.9,1559.8,1565.44,8855798,13863231180.1,186064,5456677,61.62,-0.018932008302409042
INFY,EQ,2025-05-20,1559.8,1570.0,1583.5,1558.0,1563.5,1560.6,1566.97,7143998,11194455092.9,160169,4221467,59.09,0.0005128862674701473
INFY,EQ,2025-05-21,1560.6,1567.9,1571.0,1552.1,1566.9,1568.5,1566.02,4157309,6510414089.9,112304,2650877,63.76,0.0050621555811867225
INFY,EQ,2025-05-22,1568.5,1555.5,1560.8,1540.0,1551.0,1547.5,1548.79,6158990,9538994454.7,162974,3066603,49.79,-0.013388587822760645
INFY,EQ,2025-05-23,1547.5,1550.0,1587.2,1550.0,1566.1,1564.8,1573.82,5038421,7929581517.5,119392,2852197,56.61,0.011179321486268101
INFY,EQ,2025-05-26,1564.8,1566.6,1583.8,1562.7,1582.0,1580.5,1577.54,3170102,5000973812.7,84853,1872239,59.06,0.010033231083844685
INFY,EQ,2025-05-27,1580.5,1579.9,1582.9,1556.4,1570.9,1570.1,1567.8,7775714,12190751506.2,206543,4301312,55.32,-0.0065801961404619025
INFY,EQ,2025-05-28,1570.1,1581.0,1587.7,1570.0,1571.8,1571.8,1576.59,3623370,5712574459.0,136660,2213676,61.09,0.001082733583848139
INFY,EQ,2025-05-29,1571.8,1589.0,1608.9,1576.6,1586.5,1585.6,1588.46,8609500,13675817253.9,194291,4161862,48.34,0.008779742969843518
INFY,EQ,2025-05-30,1585.6,1571.0,1572.0,1555.1,1561.9,1562.7,1563.06,13148092,20551263119.0,167400,9205070,70.01,-0.014442482341069596
INFY,EQ,2025-06-02,1562.7,1560.0,1560.0,1539.0,1551.0,1553.8,1550.25,4374509,6781587274.0,131906,2583543,59.06,-0.00569527100531142
INFY,EQ,2025-06-03,1553.8,1559.0,1567.3,1535.6,1543.0,1543.0,1546.37,6853403,10597870232.1,195003,4183164,61.04,-0.006950701505985313
INFY,EQ,2025-06-04,1543.0,1543.0,1557.3,1541.4,1550.0,1551.2,1550.49,4548307,7052104860.6,118648,3140523,69.05,0.005314322747893785
INFY,EQ,2025-06-05,1551.2,1547.9,1567.7,1541.6,1554.5,1554.3,1554.78,6948539,10803474457.1,128309,3483095,50.13,0.0019984528107270805
INFY,EQ,2025-06-06,1554.3,1554.7,1568.9,1543.1,1568.0,1563.8,1557.14,3960020,6166293295.0,90826,2376954,60.02,0.006112076175770476
INFY,EQ,2025-06-09,1563.8,1578.0,1588.0,1571.0,1572.0,1572.9,1577.22,2903202,4578975981.4,113233,1528864,52.66,0.005819158460161233
INFY,EQ,2025-06-10,1572.9,1584.0,1607.5,1577.5,1594.0,1596.0,1595.07,8591925,13704698707.8,222769,4655959,54.19,0.014686248331108098
INFY,EQ,2025-06-11,1596.0,1590.1,1634.6,1590.1,1628.0,1631.1,1617.71,10597410,17143554884.6,219452,7578232,71.51,0.021992481203007452
INFY,EQ,2025-06-12,1631.1,1617.0,1628.0,1598.1,1605.0,1608.6,1612.28,10483574,16902414982.0,316383,6174237,58.89,-0.013794371896266311
INFY,EQ,2025-06-13,1608.6,1576.0,1609.0,1570.2,1605.0,1602.0,1598.18,6968315,11136653004.6,216576,4544327,65.21,-0.0041029466616933075
INFY,EQ,2025-06-16,1602.0,1600.0,1634.8,1597.1,1622.1,1623.8,1621.63,5591842,9067922727.7,138140,3682856,65.86,0.013607990012484361
INFY,EQ,2025-06-17,1623.8,1620.7,1647.4,1615.6,1638.0,1639.9,1637.98,7622083,12484837334.9,212796,4750675,62.33,0.009915014164306069
INFY,EQ,2025-06-18,1639.9,1621.0,1644.7,1621.0,1632.0,1632.9,1631.66,5629707,9185742882.6,140846,3633595,64.54,-0.004268552960546401
INFY,EQ,2025-06-19,1632.9,1623.9,1630.0,1611.5,1616.9,1618.4,1618.85,5147760,8333449709.6,162048,2482106,48.22,-0.00887990691407925
INFY,EQ,2025-06-20,1618.4,1619.0,1630.7,1608.9,1618.0,1622.9,1621.3,9202821,14920507153.7,135603,6969842,75.74,0.0027805239742955123
INFY,EQ,2025-06-23,1622.9,1601.0,1601.0,1575.4,1584.7,1584.0,1585.78,7943676,12596945674.4,206475,4345407,54.7,-0.023969437426828555
INFY,EQ,2025-06-24,1584.0,1601.0,1609.0,1576.6,1579.6,1581.6,1590.26,8083992,12855608766.6,157878,4318249,53.42,-0.0015151515151515804
INFY,EQ,2025-06-25,1581.6,1590.0,1619.9,1585.1,1612.5,1614.9,1608.74,7813533,12569966638.7,187869,5329529,68.21,0.021054628224582927
INFY,EQ,2025-06-26,1614.9,1608.8,1624.0,1606.6,1614.2,1616.0,1615.17,6519233,10529669764.0,143707,3455193,53.0,0.0006811567279707553
INFY,EQ,2025-06-27,1616.0,1619.0,1629.6,1602.4,1611.0,1608.0,1611.01,8912268,14357711409.2,176021,6843722,76.79,-0.004950495049504955
INFY,EQ,2025-06-30,1608.0,1615.0,1615.0,1594.1,1603.4,1601.8,1603.36,6294505,10092387934.0,183538,4365366,69.35,-0.0038557213930348055
INFY,EQ,2025-07-01,1601.8,1609.0,1617.7,1600.5,1603.0,1606.8,1607.18,4178937,6716311825.1,151406,2669320,63.88,0.0031214883256336368
INFY,EQ,2025-07-02,1606.8,1618.0,1649.0,1603.4,1609.6,1610.5,1622.6,8653641,14041432376.7,174866,3880391,44.84,0.0023027134677620076
INFY,EQ,2025-07-03,1610.5,1618.5,1632.4,1615.0,1616.9,1618.7,1622.33,5259695,8532944662.1,157372,2432464,46.25,0.0050915864638312325
INFY,EQ,2025-07-04,1618.7,1625.0,1643.4,1612.3,1639.7,1640.7,1631.46,4411273,7196824362.2,113037,3183630,72.17,0.013591153394699518
INFY,EQ,2025-07-07,1640.7,1640.0,1644.0,1623.0,1626.9,1627.0,1630.54,3294523,5371840769.7,127270,2078408,63.09,-0.008350094471871738
INFY,EQ,2025-07-08,1627.0,1628.0,1646.2,1621.5,1638.5,1638.7,1635.98,4590681,7510264528.1,131513,3216433,70.06,0.00719114935464038
INFY,EQ,2025-07-09,1638.7,1637.8,1638.0,1623.6,1632.7,1633.7,1630.89,4580828,7470823010.3,171713,3212790,70.14,-0.003051199121254622
INFY,EQ,2025-07-10,1633.7,1638.9,1638.9,1607.1,1618.8,1615.8,1617.52,5330179,8621669458.8,147697,3208942,60.2,-0.010956724000734552
INFY,EQ,2025-07-11,1615.8,1579.1,1607.1,1563.0,1594.5,1594.9,1590.33,11391755,18116597961.4,424033,6845235,60.09,-0.012934769154598236
INFY,EQ,2025-07-14,1594.9,1591.8,1591.8,1559.8,1570.5,1570.3,1569.39,9173426,14396657160.9,334884,6621085,72.18,-0.015424164524421635
INFY,EQ,2025-07-15,1570.3,1565.1,1603.6,1564.0,1587.2,1585.6,1586.28,7614807,12079252385.6,208916,4562656,59.92,0.009743361141183238
INFY,EQ,2025-07-16,1585.6,1579.0,1612.0,1578.5,1609.0,1607.9,1601.98,6223491,9969927355.9,144773,4314184,69.32,0.014064076690212035
INFY,EQ,2025-07-17,1607.9,1598.0,1610.0,1580.1,1581.0,1583.5,1590.26,7374814,11727838015.5,171441,4891751,66.33,-0.015175073076683976
INFY,EQ,2025-07-18,1583.5,1592.1,1599.3,1580.0,1588.2,1586.1,1586.74,5161833,8190510577.6,113626,3410952,66.08,0.0016419324281653491
INFY,EQ,2025-07-21,1586.1,1580.0,1589.0,1566.8,1585.6,1584.3,1579.48,3682661,5816701900.1,123969,2204654,59.87,-0.001134859088329887
INFY,EQ,2025-07-22,1584.3,1565.0,1585.8,1565.0,1575.0,1570.9,1574.26,8473741,13339859186.7,176472,5903590,69.67,-0.008457994066780161
INFY,EQ,2025-07-23,1570.9,1576.3,1591.9,1550.0,1558.9,1574.5,1580.42,8035026,12698718376.8,173368,5648616,70.3,0.002291679928703161
INFY,EQ,2025-07-24,1574.5,1580.0,1582.0,1548.2,1553.0,1552.5,1557.81,14169664,22073617144.5,270970,8607462,60.75,-0.013972689742775435
INFY,EQ,2025-07-25,1552.5,1543.4,1549.5,1511.3,1518.5,1515.7,1523.67,10851259,16533725148.1,241673,7836226,72.21,-0.02370370370370367
INFY,EQ,2025-07-28,1515.7,1513.9,1519.3,1482.5,1514.9,1516.0,1508.3,6439855,9713223437.6,209764,4108515,63.8,0.00019792834993737074
INFY,EQ,2025-07-29,1516.0,1512.9,1517.2,1496.1,1513.5,1513.7,1509.14,7070448,10670296870.5,229718,5250641,74.26,-0.0015171503957783772
INFY,EQ,2025-07-30,1513.7,1519.9,1521.7,1506.0,1518.0,1519.0,1515.04,5719051,8664575239.6,117771,4245214,74.23,0.0035013542974169365
INFY,EQ,2025-07-31,1519.0,1509.7,1527.1,1497.0,1508.9,1509.0,1510.45,6851407,10348681107.7,244747,4449459,64.94,-0.006583278472679366
INFY,EQ,2025-08-01,1509.0,1493.9,1498.7,1465.5,1468.3,1469.6,1479.8,8702978,12878642442.3,245779,6175548,70.96,-0.026110006626905324
INFY,EQ,2025-08-04,1469.6,1461.5,1482.8,1451.0,1480.7,1480.5,1469.55,8610216,12653181879.4,203292,6199318,72.0,0.007416984213391542
INFY,EQ,2025-08-05,1480.5,1478.7,1478.7,1455.0,1460.0,1460.3,1461.05,10213323,14922202900.2,259533,8324578,81.51,-0.013644039175954137
INFY,EQ,2025-08-06,1460.3,1452.0,1456.1,1430.3,1433.0,1436.7,1440.41,10566934,15220682581.7,324361,8402195,79.51,-0.016161062795315928
INFY,EQ,2025-08-07,1436.7,1430.0,1442.0,1414.2,1441.0,1436.9,1428.81,9892020,14133771799.7,274685,6976762,70.53,0.0001392079070090535
INFY,EQ,2025-08-08,1436.9,1425.0,1433.2,1417.1,1424.0,1423.1,1424.44,10048009,14312781899.7,310037,7318471,72.84,-0.00960400862968902
INFY,EQ,2025-08-11,1423.1,1419.9,1433.4,1414.0,1426.0,1428.2,1425.61,6625368,9445185928.9,287957,4805556,72.53,0.003583725669313642
INFY,EQ,2025-08-12,1428.2,1428.2,1441.0,1421.0,1425.8,1424.1,1431.09,9899184,14166600704.2,296874,6395956,64.61,-0.0028707463940625955
INFY,EQ,2025-08-13,1424.1,1425.0,1434.0,1422.4,1426.4,1426.6,1427.16,10318063,14725570609.0,282240,8002958,77.56,0.0017554946984059683
INFY,EQ,2025-08-14,1426.6,1426.2,1470.0,1426.2,1448.0,1447.7,1451.87,12902347,18732583333.6,216803,7359040,57.04,0.014790410766858386
INFY,EQ,2025-08-18,1447.7,1464.7,1464.7,1429.6,1436.0,1435.8,1438.72,7254561,10437279703.7,182842,5265537,72.58,-0.008219935069420536
INFY,EQ,2025-08-19,1435.8,1432.7,1449.4,1432.7,1442.5,1440.0,1442.34,3986094,5749306331.6,147879,2339803,58.7,0.0029251984956122357
INFY,EQ,2025-08-20,1440.0,1440.7,1499.0,1440.7,1495.1,1496.2,1482.74,10413061,15439823972.4,307308,6106477,58.64,0.03902777777777788
INFY,EQ,2025-08-21,1496.2,1508.0,1508.0,1484.3,1495.5,1496.4,1497.17,6565539,9829715323.0,208499,4217557,64.24,0.00013367196898816935
INFY,EQ,2025-08-22,1496.4,1498.1,1504.3,1486.1,1487.9,1487.5,1492.1,5543397,8271310707.6,181180,4216371,76.06,-0.005947607591553106
INFY,EQ,2025-08-25,1487.5,1506.7,1539.0,1506.7,1533.3,1532.1,1529.98,10694531,16362427034.3,293354,7184403,67.18,0.029983193277310916
INFY,EQ,2025-08-26,1532.1,1523.0,1538.4,1518.6,1525.8,1529.6,1528.71,15994798,24451397801.6,229265,12224013,76.42,-0.0016317472749820539
INFY,EQ,2025-08-28,1529.6,1529.6,1529.6,1498.0,1503.0,1500.1,1505.61,5443364,8195606188.2,191326,2991520,54.96,-0.019286087866108748
INFY,EQ,2025-08-29,1500.1,1501.9,1501.9,1467.7,1469.0,1469.6,1479.78,8169075,12088473402.6,180969,5202956,63.69,-0.020331977868142115
INFY,EQ,2025-09-01,1469.6,1476.7,1503.4,1476.2,1500.6,1499.4,1497.49,4546057,6807659263.5,251323,2442325,53.72,0.020277626565051943
INFY,EQ,2025-09-02,1499.4,1499.4,1512.8,1486.3,1494.0,1498.7,1501.52,5218763,7836067856.9,230255,2590726,49.64,-0.00046685340802987696
INFY,EQ,2025-09-03,1498.7,1500.0,1501.9,1473.0,1480.0,1479.1,1479.49,4623483,6840388121.3,194968,2929170,63.35,-0.01307800093414302
INFY,EQ,2025-09-04,1479.1,1484.0,1484.0,1460.1,1461.5,1463.0,1469.07,5787724,8502579414.8,187871,2616216,45.2,-0.010884997633696103
INFY,EQ,2025-09-05,1463.0,1470.0,1472.7,1433.0,1446.0,1444.6,1445.24,5466487,7900395050.8,166130,2917689,53.37,-0.01257689678742313
INFY,EQ,2025-09-08,1444.6,1451.0,1458.0,1428.3,1436.1,1432.9,1436.94,3811567,5476995827.2,151828,2124706,55.74,-0.008099127786238225
INFY,EQ,2025-09-09,1432.9,1481.0,1507.2,1472.5,1502.4,1504.3,1495.04,13072640,19544174524.9,302959,4926732,37.69,0.04982901807523188
INFY,EQ,2025-09-10,1504.3,1510.1,1534.9,1509.3,1532.0,1532.6,1528.49,7281071,11129062219.7,209861,4186447,57.5,0.01881273682111284
INFY,EQ,2025-09-11,1532.6,1523.9,1527.5,1506.5,1512.2,1509.7,1512.35,8003662,12104367139.3,225605,3763481,47.02,-0.01494192874853184
INFY,EQ,2025-09-12,1509.7,1537.0,1542.9,1521.1,1524.1,1525.6,1529.87,12856963,19669425031.1,332492,7255565,56.43,0.010531893753725763
INFY,EQ,2025-09-15,1525.6,1525.6,1527.5,1501.2,1508.5,1508.4,1509.78,6167414,9311410949.8,173954,3857286,62.54,-0.01127425275301508
INFY,EQ,2025-09-16,1508.4,1508.4,1514.0,1503.5,1513.5,1511.3,1507.82,8923112,13454416476.3,202258,6005480,67.3,0.0019225669583664562
INFY,EQ,2025-09-17,1511.3,1516.9,1526.7,1514.0,1521.5,1522.4,1521.42,4795698,7296293565.9,137197,2869131,59.83,0.007344670151525179
INFY,EQ,2025-09-18,1522.4,1550.0,1555.0,1538.5,1541.1,1540.6,1545.13,9331945,14419061402.3,341731,4943336,52.97,0.011954808197582656
INFY,EQ,2025-09-19,1540.6,1544.6,1551.3,1520.1,1543.9,1540.2,1536.05,12988129,19950422136.7,152059,9358468,72.05,-0.00025963910164861215
INFY,EQ,2025-09-22,1540.2,1482.7,1514.7,1482.0,1500.9,1499.5,1499.71,15655204,23478311082.4,436891,9898677,63.23,-0.026425139592260782
INFY,EQ,2025-09-23,1499.5,1493.0,1513.0,1493.0,1500.6,1497.5,1500.6,9832164,14754126838.7,164451,5882928,59.83,-0.0013337779259753324
INFY,EQ,2025-09-24,1497.5,1487.2,1496.7,1482.7,1494.9,1494.6,1490.99,4937004,7361023173.7,143787,3049963,61.78,-0.0019365609348915847
INFY,EQ,2025-09-25,1494.6,1489.0,1502.7,1476.5,1491.2,1484.8,1487.92,9491867,14123154812.7,185456,6451951,67.97,-0.006556938311253813
INFY,EQ,2025-09-26,1484.8,1475.0,1478.7,1441.2,1452.2,1448.9,1457.7,8597058,12531971834.7,445150,6148956,71.52,-0.024178340517241326
INFY,EQ,2025-09-29,1448.9,1460.0,1465.0,1436.5,1449.2,1441.8,1447.06,10513117,15213102142.1,181113,6388417,60.77,-0.004900269169715088
INFY,EQ,2025-09-30,1441.8,1443.0,1452.2,1438.1,1442.6,1441.8,1443.52,7556305,10907707364.4,247554,4580587,60.62,0.0
INFY,EQ,2025-10-01,1441.8,1446.0,1449.5,1427.4,1447.9,1445.8,1439.54,6250692,8998133310.6,194062,3286095,52.57,0.0027743098904147168
INFY,EQ,2025-10-03,1445.8,1439.0,1448.3,1433.2,1445.5,1446.6,1442.27,6877533,9919277058.4,156026,4465453,64.93,0.0005533268778530331
INFY,EQ,2025-10-06,1446.6,1446.6,1478.8,1442.3,1474.9,1476.0,1465.66,4630590,6786847790.9,105537,2660451,57.45,0.020323517212774922
INFY,EQ,2025-10-07,1476.0,1477.7,1482.9,1454.0,1458.1,1458.5,1463.53,5570320,8152322227.9,171449,2286466,41.05,-0.01185636856368566
INFY,EQ,2025-10-08,1458.5,1457.0,1498.0,1455.0,1492.0,1495.0,1489.22,4657192,6935605075.6,125936,1876820,40.3,0.025025711347274493
INFY,EQ,2025-10-09,1495.0,1502.0,1514.0,1487.0,1509.7,1509.3,1504.17,7028753,10572416602.7,177885,3244728,46.16,0.009565217391304337
INFY,EQ,2025-10-10,1509.3,1510.0,1521.7,1498.8,1511.9,1514.9,1513.91,3738353,5659544676.2,112569,1711232,45.78,0.0037103292917246566
INFY,EQ,2025-10-13,1514.9,1497.0,1504.7,1483.4,1492.4,1493.2,1492.35,5859355,8744211054.5,144645,3127396,53.37,-0.01432437784672258
INFY,EQ,2025-10-14,1493.2,1499.0,1514.4,1486.5,1488.0,1489.9,1494.67,5600789,8371348792.6,136364,2370380,42.32,-0.0022100187516742587
INFY,EQ,2025-10-15,1489.9,1483.9,1488.6,1467.5,1474.4,1474.4,1475.22,6986098,10306028748.9,164747,3718910,53.23,-0.010403382777367631
INFY,EQ,2025-10-16,1474.4,1473.9,1474.5,1460.5,1470.9,1471.5,1468.35,8005748,11755232719.6,178279,4585026,57.27,-0.001966901790558917
INFY,EQ,2025-10-17,1471.5,1454.9,1458.4,1434.0,1440.9,1441.1,1444.15,16959378,24491895479.5,408253,10229755,60.32,-0.020659191301393154
INFY,EQ,2025-10-20,1441.1,1453.7,1467.0,1450.0,1462.7,1460.9,1460.15,6994246,10212638243.4,218283,3673328,52.52,0.01373950454513917
INFY,EQ,2025-10-21,1460.9,1478.0,1486.0,1470.0,1471.0,1472.4,1476.04,1698704,2507352685.6,42723,731718,43.08,0.007871859812444315
INFY,EQ,2025-10-23,1472.4,1510.0,1546.0,1506.0,1525.0,1528.5,1530.64,20358624,31161687039.2,458468,10572517,51.93,0.03810105949470244
INFY,EQ,2025-10-24,1528.5,1539.5,1543.0,1518.0,1523.9,1525.4,1525.75,8652257,13201169899.7,217512,5208574,60.2,-0.0020281321557081844
INFY,EQ,2025-10-27,1525.4,1510.0,1515.3,1498.1,1504.9,1504.5,1506.5,7273211,10957113552.6,131339,4852179,66.71,-0.013701324242821666
INFY,EQ,2025-10-28,1504.5,1499.7,1506.5,1490.5,1502.2,1500.2,1497.66,8211019,12297345650.3,185479,4280959,52.14,-0.0028580923894981902
INFY,EQ,2025-10-29,1500.2,1500.2,1520.2,1496.9,1511.5,1510.4,1510.57,4884976,7379112106.4,177757,3324050,68.05,0.006799093454206151
INFY,EQ,2025-10-30,1510.4,1507.0,1508.2,1489.1,1495.0,1493.8,1494.92,5608867,8384810481.6,158047,3318844,59.17,-0.010990466101694962
INFY,EQ,2025-10-31,1493.8,1490.0,1497.1,1480.7,1481.9,1482.3,1485.71,4819814,7160828351.2,185234,3019368,62.64,-0.007698487079930372
INFY,EQ,2025-11-03,1482.3,1482.3,1491.4,1474.2,1486.0,1485.5,1482.11,5470600,8108037412.1,166500,3175928,58.05,0.002158807258989537
INFY,EQ,2025-11-04,1485.5,1479.7,1481.9,1462.9,1468.0,1467.9,1470.61,8691330,12781568402.8,250131,6004186,69.08,-0.01184786267250082
INFY,EQ,2025-11-06,1467.9,1478.6,1483.0,1461.9,1466.5,1466.7,1471.99,7944752,11694618273.5,288667,5296745,66.67,-0.0008174943797262246
INFY,EQ,2025-11-07,1466.7,1470.0,1480.9,1449.1,1478.0,1476.8,1466.5,8765759,12855016020.6,254091,5814986,66.34,0.006886207131655997
INFY,EQ,2025-11-10,1476.8,1490.1,1520.0,1490.0,1515.0,1513.5,1510.83,9787975,14787962928.5,223666,5871349,59.99,0.024851029252437762
INFY,EQ,2025-11-11,1513.5,1525.0,1533.4,1511.1,1531.1,1530.3,1523.87,13692989,20866299929.1,255611,9354527,68.32,0.011100099108027672
INFY,EQ,2025-11-12,1530.3,1540.0,1559.2,1538.1,1550.6,1551.7,1551.22,14635417,22702769740.9,394127,10902389,74.49,0.013984186107299346
INFY,EQ,2025-11-13,1551.7,1557.1,1557.5,1530.3,1542.0,1541.8,1546.18,19655689,30391136875.0,384451,15342199,78.05,-0.006380099245988369
INFY,EQ,2025-11-14,1541.8,1520.0,1530.0,1488.8,1505.8,1502.8,1502.86,9739549,14637169031.7,236102,5702326,58.55,-0.025295109612141653
INFY,EQ,2025-11-17,1502.8,1496.0,1510.2,1492.5,1507.0,1507.6,1502.37,7910354,11884261119.2,271436,4894475,61.87,0.0031940377961139355
INFY,EQ,2025-11-18,1507.6,1506.0,1506.0,1483.2,1486.8,1486.4,1489.33,7525119,11207398254.7,164811,3499941,46.51,-0.01406208543380194
INFY,EQ,2025-11-19,1486.4,1490.5,1543.0,1490.5,1542.0,1541.1,1531.48,10981126,16817387454.2,212749,5416586,49.33,0.03680032292787927
INFY,EQ,2025-11-20,1541.1,1555.0,1555.0,1534.0,1536.3,1536.5,1539.6,7387584,11373929222.9,174272,3669775,49.67,-0.002984880929206346
INFY,EQ,2025-11-21,1536.5,1531.0,1551.5,1526.3,1544.1,1545.0,1543.83,9186302,14182074317.8,227357,6477046,70.51,0.0055320533680442985
INFY,EQ,2025-11-24,1545.0,1563.6,1585.0,1541.0,1546.2,1548.0,1558.71,19270381,30036994341.4,267249,11831028,61.39,0.001941747572815622
INFY,EQ,2025-11-25,1548.0,1549.0,1550.6,1525.9,1530.2,1530.6,1532.04,8107952,12421720830.6,170664,4456829,54.97,-0.011240310077519466
INFY,EQ,2025-11-26,1530.6,1532.1,1560.3,1532.1,1557.3,1557.9,1550.71,7575038,11746721789.0,122796,4546624,60.02,0.017836142689141576
INFY,EQ,2025-11-27,1557.9,1564.0,1574.3,1552.2,1565.0,1566.4,1563.46,7552252,11807663907.2,168875,4672092,61.86,0.00545606264843701
INFY,EQ,2025-11-28,1566.4,1565.0,1568.4,1557.0,1558.1,1560.1,1561.93,4453221,6955603409.7,115190,2581298,57.96,-0.0040219611848826275
INFY,EQ,2025-12-01,1560.1,1562.5,1574.0,1556.0,1563.5,1564.0,1564.42,5341800,8356820751.0,189364,3036715,56.85,0.002499839753862032
INFY,EQ,2025-12-02,1564.0,1567.0,1579.9,1556.1,1563.0,1561.0,1564.22,6335969,9910827669.4,243238,3350493,52.88,-0.0019181585677748858
INFY,EQ,2025-12-03,1561.0,1555.1,1586.0,1554.1,1575.6,1578.7,1574.15,12895312,20299183597.6,339751,8287934,64.27,0.011338885329916781
INFY,EQ,2025-12-04,1578.7,1568.0,1599.0,1568.0,1593.2,1597.6,1591.52,12609619,20068424408.5,325755,7983181,63.31,0.01197187559384294
INFY,EQ,2025-12-05,1597.6,1610.0,1631.8,1600.0,1613.9,1616.2,1617.78,10344725,16735528909.2,327955,6276473,60.67,0.011642463695543448
INFY,EQ,2025-12-08,1616.2,1617.1,1630.0,1600.2,1608.0,1610.8,1616.8,7550413,12207531800.5,302234,4714448,62.44,-0.003341170647197189
INFY,EQ,2025-12-09,1610.8,1601.2,1606.9,1582.4,1597.0,1599.0,1596.28,6957599,11106255546.9,156650,3500119,50.31,-0.007325552520486722
INFY,EQ,2025-12-10,1599.0,1608.0,1608.0,1582.8,1584.8,1584.8,1590.84,5116140,8138964777.0,191185,3515380,68.71,-0.008880550343964955
INFY,EQ,2025-12-11,1584.8,1598.0,1607.4,1580.5,1596.2,1598.0,1592.84,5159319,8217952937.0,154906,2549319,49.41,0.00832912670368513
INFY,EQ,2025-12-12,1598.0,1601.4,1601.8,1582.6,1597.5,1598.2,1593.93,4633912,7386137017.5,144042,3098128,66.86,0.00012515644555688432
INFY,EQ,2025-12-15,1598.2,1585.0,1610.8,1585.0,1607.0,1606.8,1603.88,4190558,6721134417.8,163737,2678830,63.93,0.005381053685395987
INFY,EQ,2025-12-16,1606.8,1600.0,1603.0,1585.6,1592.6,1592.9,1591.77,5499258,8753533458.7,220591,2734561,49.73,-0.008650734378889635
INFY,EQ,2025-12-17,1592.9,1587.2,1606.9,1586.0,1602.0,1602.0,1600.21,4817628,7709207454.9,155044,2477747,51.43,0.00571285077531547
INFY,EQ,2025-12-18,1602.0,1610.5,1630.0,1606.7,1627.1,1626.8,1623.68,6577293,10679409219.4,288341,3452858,52.5,0.01548064918851444
INFY,EQ,2025-12-19,1626.8,1650.0,1654.9,1629.8,1638.0,1638.7,1640.02,13149023,21564629614.1,201281,8571381,65.19,0.0073149741824440895
INFY,EQ,2025-12-22,1638.7,1664.0,1693.2,1664.0,1686.0,1689.6,1682.86,23098923,38872218965.5,412335,17433819,75.47,0.03106120705437232
INFY,EQ,2025-12-23,1689.6,1679.0,1679.0,1656.4,1664.6,1668.3,1666.35,6593060,10986362727.7,228310,2882141,43.71,-0.01260653409090906
INFY,EQ,2025-12-24,1668.3,1661.0,1667.6,1652.5,1667.0,1663.4,1660.54,4271167,7092430849.4,142602,1654750,38.74,-0.0029371216208115003
INFY,EQ,2025-12-26,1663.4,1663.4,1668.8,1651.7,1657.0,1656.1,1657.89,2006491,3326544399.9,97220,1136350,56.63,-0.004388601659252256
INFY,EQ,2025-12-29,1656.1,1658.0,1673.1,1637.1,1645.0,1644.7,1647.3,4062817,6692675971.0,103013,2063179,50.78,-0.006883642292132008
INFY,EQ,2025-12-30,1644.7,1647.0,1647.9,1616.8,1623.5,1621.6,1625.72,9395937,15275131268.3,150131,6731182,71.64,-0.014045114610567344
INFY,EQ,2025-12-31,1621.6,1621.0,1628.6,1609.2,1617.9,1615.4,1616.58,6538656,10570270246.2,102413,4819875,73.71,-0.003823384311790745
INFY,EQ,2026-01-01,1615.4,1615.4,1639.6,1614.1,1629.5,1629.8,1630.77,3658165,5965615873.2,96560,1356702,37.09,0.00891420081713501
INFY,EQ,2026-01-02,1629.8,1635.9,1643.5,1627.5,1642.1,1640.4,1638.65,2524526,4136808012.6,86514,1586098,62.83,0.006503865504970063
INFY,EQ,2026-01-05,1640.4,1637.0,1637.0,1583.1,1604.1,1606.4,1602.81,5917885,9485245520.4,220171,3120876,52.74,-0.02072665203608881
INFY,EQ,2026-01-06,1606.4,1600.1,1619.9,1599.0,1605.0,1612.2,1612.25,4466729,7201500282.7,132512,2559970,57.31,0.003610557768924272
INFY,EQ,2026-01-07,1612.2,1615.0,1642.0,1615.0,1640.0,1639.0,1633.23,4508079,7362715155.0,129457,2395056,53.13,0.01662324773601287
INFY,EQ,2026-01-08,1639.0,1638.9,1644.3,1608.6,1612.6,1613.3,1619.65,3942131,6384866730.4,130780,1942792,49.28,-0.015680292861500966
INFY,EQ,2026-01-09,1613.3,1610.0,1631.3,1607.0,1616.9,1614.1,1616.35,6816681,11018132001.7,131498,4725239,69.32,0.0004958780140085217
INFY,EQ,2026-01-12,1614.1,1610.1,1613.3,1592.6,1597.6,1595.9,1599.67,6985362,11174299825.4,210446,4891397,70.02,-0.011275633479957747
INFY,EQ,2026-01-13,1595.9,1618.0,1618.0,1586.4,1600.0,1599.0,1595.24,8080618,12890513857.4,176411,3987983,49.35,0.0019424775988470255
INFY,EQ,2026-01-14,1599.0,1588.0,1617.0,1583.1,1608.9,1599.8,1598.47,7557157,12079866717.3,157399,4015848,53.14,0.0005003126954346016
INFY,EQ,2026-01-16,1599.8,1663.7,1694.0,1653.4,1689.1,1689.8,1679.42,19335957,32473241076.5,404792,10328756,53.42,0.056257032129016116
INFY,EQ,2026-01-19,1689.8,1685.0,1685.0,1666.5,1679.9,1681.2,1678.98,5104958,8571126563.3,144195,2976398,58.3,-0.005089359687536987
INFY,EQ,2026-01-20,1681.2,1673.0,1680.2,1652.9,1654.4,1658.9,1664.2,6406503,10661723561.2,190297,3375861,52.69,-0.013264334998810301
INFY,EQ,2026-01-21,1658.9,1651.0,1657.0,1631.2,1655.1,1654.4,1648.33,6224582,10260152588.0,195264,3365346,54.07,-0.002712640906624819
INFY,EQ,2026-01-22,1654.4,1666.0,1671.2,1653.8,1662.8,1663.5,1661.08,6228892,10346690586.5,184046,3191901,51.24,0.00550048355899424
INFY,EQ,2026-01-23,1663.5,1667.2,1675.7,1662.2,1672.0,1670.8,1668.83,5869137,9794571597.0,152342,3940873,67.15,0.0043883378418996255
INFY,EQ,2026-01-27,1670.8,1685.8,1689.4,1661.1,1687.4,1682.7,1679.04,10673087,17920591239.0,223960,7217960,67.63,0.007122336605219104
INFY,EQ,2026-01-28,1682.7,1680.0,1688.8,1650.0,1666.0,1666.5,1662.8,8588664,14281257133.2,180512,5218768,60.76,-0.009627384560527696
INFY,EQ,2026-01-29,1666.5,1658.0,1666.5,1642.1,1661.0,1659.5,1655.78,4749582,7864268075.7,159472,2167216,45.63,-0.00420042004200416
INFY,EQ,2026-01-30,1659.5,1655.0,1655.0,1618.1,1642.7,1641.0,1634.5,9207926,15050341851.3,167212,6283488,68.24,-0.01114793612533893
INFY,EQ,2026-02-01,1641.0,1630.0,1677.3,1604.0,1642.0,1654.5,1643.3,6241188,10256130696.2,156229,2534721,40.61,0.00822669104204743
INFY,EQ,2026-02-02,1654.5,1662.0,1662.0,1618.0,1627.0,1629.4,1631.44,6784887,11069132917.0,221651,4284565,63.15,-0.015170746449078232
INFY,EQ,2026-02-03,1629.4,1727.2,1728.0,1653.0,1654.7,1656.0,1673.77,8805868,14739039549.5,213721,4693760,53.3,0.016325027617527965
INFY,EQ,2026-02-04,1656.0,1574.0,1584.9,1510.1,1534.0,1535.8,1539.37,28828622,44377956079.3,708823,15615829,54.17,-0.07258454106280199
INFY,EQ,2026-02-05,1535.8,1534.0,1551.0,1515.7,1520.0,1520.2,1528.44,10628127,16244489094.3,321300,5571534,52.42,-0.010157572600599019
INFY,EQ,2026-02-06,1520.2,1522.1,1525.0,1480.0,1505.7,1507.1,1500.77,13900866,20861938490.9,378234,8307735,59.76,-0.008617287199052859
INFY,EQ,2026-02-09,1507.1,1522.1,1528.0,1493.0,1497.0,1497.2,1501.27,8294615,12452482086.6,217667,5553334,66.95,-0.006568907172715743
INFY,EQ,2026-02-10,1497.2,1500.0,1515.9,1491.0,1495.0,1497.8,1501.34,8657000,12997137147.0,193569,4028941,46.54,0.0004007480630510152
INFY,EQ,2026-02-11,1497.8,1501.2,1505.9,1469.0,1471.0,1471.9,1482.71,7934411,11764423683.4,215446,4381775,55.22,-0.017292028308185214
INFY,EQ,2026-02-12,1471.9,1428.9,1435.7,1380.5,1384.1,1386.0,1398.59,26048896,36431834029.5,697120,14378387,55.2,-0.05835994293090574
INFY,EQ,2026-02-13,1386.0,1293.9,1377.3,1281.5,1369.0,1369.1,1335.86,45785709,61163453152.0,866417,20879125,45.6,-0.012193362193362312
INFY,EQ,2026-02-16,1369.1,1373.7,1376.0,1338.3,1370.0,1365.6,1350.57,14621891,19747951582.0,265381,6886286,47.1,-0.0025564239281279377
INFY,EQ,2026-02-17,1365.6,1370.0,1431.0,1367.0,1391.3,1391.2,1405.93,25347684,35636967386.4,437387,8513708,33.59,0.018746338605741153
INFY,EQ,2026-02-18,1391.2,1390.9,1401.0,1345.3,1372.0,1373.7,1366.92,20241373,27668363802.9,332674,9098442,44.95,-0.012579068430132234
INFY,EQ,2026-02-19,1373.7,1385.0,1402.0,1363.2,1366.5,1370.5,1385.83,14574228,20197352996.4,284487,5899630,40.48,-0.0023294751401324865
INFY,EQ,2026-02-20,1370.5,1359.2,1365.0,1338.2,1353.0,1353.2,1354.72,12633552,17114983625.4,228342,5753712,45.54,-0.012623130244436287
INFY,EQ,2026-02-23,1353.2,1352.0,1352.0,1318.0,1328.0,1327.5,1330.99,12887826,17153540701.1,298012,6902219,53.56,-0.01899201891812008
INFY,EQ,2026-02-24,1327.5,1301.0,1303.6,1264.1,1280.2,1275.5,1277.7,27839061,35569925009.7,675579,15953772,57.31,-0.03917137476459509
INFY,EQ,2026-02-25,1275.5,1286.2,1323.6,1286.2,1289.9,1290.1,1302.76,16669618,21716539259.2,282845,7719120,46.31,0.01144649157193256
INFY,EQ,2026-02-26,1290.1,1305.5,1314.0,1286.3,1291.0,1289.1,1296.59,11493914,14902944240.5,218393,4428173,38.53,-0.0007751337105650347
INFY,EQ,2026-02-27,1289.1,1326.3,1335.0,1294.2,1298.9,1300.1,1304.82,23141724,30195765196.9,252495,14652215,63.32,0.008533085098130444
INFY,EQ,2026-03-02,1300.1,1291.0,1298.8,1273.0,1288.9,1288.9,1286.79,9700361,12482305603.8,273789,3364327,34.68,-0.008614721944465664
INFY,EQ,2026-03-04,1288.9,1292.0,1317.0,1292.0,1306.1,1307.4,1305.61,15154950,19786382739.5,300021,7784554,51.37,0.014353324540305579
INFY,EQ,2026-03-05,1307.4,1320.0,1320.0,1290.1,1305.3,1305.8,1301.28,10362147,13484030416.6,191689,4769562,46.03,-0.0012238029677222872
INFY,EQ,2026-03-06,1305.8,1303.0,1327.2,1303.0,1311.0,1308.4,1313.84,8724291,11462328914.0,178932,4657152,53.38,0.0019911165568999856
INFY,EQ,2026-03-09,1308.4,1290.0,1318.0,1282.5,1316.0,1315.0,1300.34,10068514,13092520668.1,219959,5364924,53.28,0.005044328951390842
INFY,EQ,2026-03-10,1315.0,1320.0,1321.0,1284.1,1296.5,1295.6,1295.54,9600171,12437387150.1,233660,2782988,28.99,-0.014752851711026693
INFY,EQ,2026-03-11,1295.6,1288.0,1299.5,1271.3,1275.8,1276.3,1283.2,7868891,10097331387.1,199350,3601915,45.77,-0.014896573016363046
INFY,EQ,2026-03-12,1276.3,1272.5,1278.6,1258.0,1265.9,1265.8,1268.31,7599940,9639108719.0,246055,3360894,44.22,-0.008226905899866854
INFY,EQ,2026-03-13,1265.8,1251.0,1269.6,1242.6,1250.4,1248.3,1253.62,7366098,9234298649.0,219682,3476334,47.19,-0.013825248854479333
INFY,EQ,2026-03-16,1248.3,1240.2,1254.3,1224.2,1245.5,1249.8,1240.47,12314450,15275703036.9,229608,6170064,50.1,0.0012016342225427135
INFY,EQ,2026-03-17,1249.8,1245.0,1245.0,1215.1,1234.0,1232.9,1231.34,11223276,13819636472.4,310645,5064325,45.12,-0.01352216354616731
INFY,EQ,2026-03-18,1232.9,1238.0,1290.8,1234.9,1266.7,1267.1,1273.96,12365381,15752943986.6,250603,6063376,49.04,0.027739476032119237
INFY,EQ,2026-03-19,1267.1,1244.2,1255.0,1215.1,1226.0,1220.8,1229.3,9156461,11256074115.0,216034,3927850,42.9,-0.03654013100781306
INFY,EQ,2026-03-20,1220.8,1242.0,1264.8,1229.2,1256.0,1255.9,1252.63,27299975,34196897254.4,284225,13670533,50.08,0.028751638269987057
INFY,EQ,2026-03-23,1255.9,1238.2,1261.1,1227.4,1253.0,1256.8,1250.8,12420293,15535285076.7,307309,7350402,59.18,0.0007166175650925588
INFY,EQ,2026-03-24,1256.8,1269.0,1297.0,1251.0,1280.0,1278.3,1281.37,13613495,17443991145.5,318400,7579038,55.67,0.017106938255887938
INFY,EQ,2026-03-25,1278.3,1270.0,1290.6,1257.1,1278.6,1279.1,1280.38,10824030,13858842535.0,214173,5551632,51.29,0.0006258311820386275
INFY,EQ,2026-03-27,1279.1,1285.2,1294.8,1263.2,1267.5,1269.7,1275.47,13092541,16699080590.0,254408,6653171,50.82,-0.007348917207411376
INFY,EQ,2026-03-30,1269.7,1250.0,1265.5,1243.0,1247.8,1250.6,1252.83,14108486,17675594507.3,186753,6991018,49.55,-0.01504292352524228
INFY,EQ,2026-04-01,1250.6,1290.0,1303.0,1269.5,1279.0,1275.7,1285.76,8137156,10462432396.2,165242,3325634,40.87,0.020070366224212544
INFY,EQ,2026-04-02,1275.7,1260.0,1305.4,1259.8,1297.5,1300.8,1285.35,12873492,16546933791.6,270496,5472993,42.51,0.019675472289723217
INFY,EQ,2026-04-06,1300.8,1301.4,1320.0,1299.0,1307.0,1306.2,1308.79,10208682,13360981079.3,178362,6063879,59.4,0.004151291512915156
INFY,EQ,2026-04-07,1306.2,1302.0,1345.1,1293.5,1340.0,1339.4,1329.8,15355792,20420115727.0,286203,7561995,49.25,0.025417240851324463
INFY,EQ,2026-04-08,1339.4,1349.0,1376.9,1331.0,1346.9,1346.2,1344.07,16030133,21545688181.8,358674,8577549,53.51,0.005076900104524329
INFY,EQ,2026-04-09,1346.2,1329.9,1337.5,1314.0,1331.5,1331.6,1325.55,14894607,19743554159.0,253395,6880666,46.2,-0.010845342445401918
INFY,EQ,2026-04-10,1331.6,1318.0,1318.9,1283.3,1291.4,1292.5,1292.69,19233369,24862718008.9,400593,10137268,52.71,-0.029363172123760828
INFY,EQ,2026-04-13,1292.5,1272.0,1289.0,1265.7,1276.0,1276.8,1274.61,10366082,13212754169.5,239931,3488997,33.66,-0.012147001934236012
INFY,EQ,2026-04-15,1276.8,1306.3,1322.5,1300.5,1305.0,1305.3,1307.53,12098912,15819728646.7,244777,6397523,52.88,0.022321428571428603
INFY,EQ,2026-04-16,1305.3,1322.1,1331.0,1309.0,1316.0,1319.2,1318.24,18527029,24423115279.4,257560,7627528,41.17,0.01064889297479521
INFY,EQ,2026-04-17,1319.2,1313.0,1328.3,1306.1,1320.0,1318.7,1314.73,12064048,15860972369.8,259325,7221032,59.86,-0.00037901758641600836
INFY,EQ,2026-04-20,1318.7,1320.0,1324.9,1308.1,1310.0,1312.6,1315.09,7172300,9432244509.9,247560,3764728,52.49,-0.0046257678016229375
INFY,EQ,2026-04-21,1312.6,1310.0,1325.0,1299.3,1314.5,1313.2,1313.32,10057440,13208588335.2,258765,4226621,42.02,0.00045710802986453913
INFY,EQ,2026-04-22,1313.2,1295.0,1297.7,1255.9,1268.8,1268.6,1269.3,20088378,25498272367.7,477139,10962883,54.57,-0.03396283886689011
INFY,EQ,2026-04-23,1268.6,1254.0,1265.7,1226.0,1231.8,1240.6,1250.48,14792854,18498235558.9,301379,7821073,52.87,-0.02207157496452783
INFY,EQ,2026-04-24,1240.6,1200.0,1223.9,1152.2,1154.8,1154.6,1176.27,42078914,49495991824.8,853322,24267713,57.67,-0.06932129614702565
INFY,EQ,2026-04-27,1154.6,1154.6,1179.9,1154.5,1172.9,1170.3,1172.14,19579883,22950422792.3,369480,12726126,65.0,0.013597782781915813
INFY,EQ,2026-04-28,1170.3,1162.7,1169.4,1149.8,1151.0,1152.1,1155.41,12720276,14697131325.4,324704,6123998,48.14,-0.015551567974023794
INFY,EQ,2026-04-29,1152.1,1158.5,1178.2,1156.8,1167.1,1167.5,1170.79,8303109,9721182659.7,195759,4421835,53.26,0.013366895234788734
INFY,EQ,2026-04-30,1167.5,1167.5,1189.8,1159.6,1182.6,1181.8,1178.22,12205669,14381016153.8,274308,5251658,43.03,0.01224839400428257
INFY,EQ,2026-05-04,1181.8,1195.0,1195.0,1165.2,1168.0,1168.4,1175.3,7735811,9091929599.2,192293,4258976,55.06,-0.011338635979014966
INFY,EQ,2026-05-05,1168.4,1169.5,1185.2,1160.1,1177.6,1178.1,1174.9,8164108,9591973587.0,162395,3179505,38.94,0.008301951386511242
INFY,EQ,2026-05-06,1178.1,1187.0,1191.5,1164.1,1170.5,1167.2,1172.21,9856963,11554382987.3,202253,5753750,58.37,-0.009252185722773865
INFY,EQ,2026-05-07,1167.2,1173.0,1175.4,1159.2,1165.9,1162.7,1166.46,12013987,14013785057.4,193359,6795220,56.56,-0.0038553803975325263
INFY,EQ,2026-05-08,1162.7,1161.0,1183.5,1158.8,1179.5,1179.2,1174.01,7582770,8902253764.7,148760,4285714,56.52,0.014191106906338735
INFY,EQ,2026-05-11,1179.2,1176.0,1187.0,1172.1,1176.0,1177.0,1180.51,7336288,8660545241.4,154970,4503512,61.39,-0.001865671641791078
INFY,EQ,2026-05-12,1177.0,1162.0,1162.0,1123.0,1139.7,1140.3,1137.2,16891948,19209476661.9,359355,8694986,51.47,-0.031180968564146205
INFY,EQ,2026-05-13,1140.3,1136.6,1142.6,1121.0,1123.4,1123.1,1128.99,6664111,7523746916.2,229143,3533941,53.03,-0.01508374989037975
INFY,EQ,2026-05-14,1123.1,1119.8,1121.9,1089.0,1094.1,1095.0,1098.25,16914842,18576654825.5,561427,9437024,55.79,-0.02502003383492113
INFY,EQ,2026-05-15,1095.0,1102.0,1133.2,1101.6,1116.0,1119.0,1120.63,17482450,19591303917.7,243995,10852181,62.07,0.021917808219177992
INFY,EQ,2026-05-18,1119.0,1119.0,1146.1,1118.0,1145.6,1142.5,1134.98,12096377,13729112433.3,322692,6058529,50.09,0.021000893655049202
INFY,EQ,2026-05-19,1142.5,1162.0,1198.4,1162.0,1194.0,1196.9,1190.55,32175705,38306860777.5,377426,22102537,68.69,0.04761487964989075
INFY,EQ,2026-05-20,1196.9,1187.0,1206.9,1184.9,1190.0,1193.7,1195.38,15121010,18075335888.5,180970,10510891,69.51,-0.0026735733979447174
INFY,EQ,2026-05-21,1193.7,1196.1,1201.8,1177.0,1178.2,1181.2,1185.68,10021033,11881771275.1,192009,5205193,51.94,-0.010471642791321067
INFY,EQ,2026-05-22,1181.2,1182.5,1191.8,1172.5,1175.0,1174.5,1179.3,8803066,10381417170.7,152471,5807661,65.97,-0.005672197764984843
INFY,EQ,2026-05-25,1174.5,1183.0,1185.0,1166.1,1168.0,1168.5,1173.45,5856136,6871886851.0,102287,3285372,56.1,-0.005108556832694733
INFY,EQ,2026-05-26,1168.5,1166.3,1180.7,1162.9,1166.0,1167.7,1172.18,8005767,9384192190.6,151193,4323399,54.0,-0.0006846384253316184
INFY,EQ,2026-05-27,1167.7,1161.0,1167.3,1155.0,1162.0,1159.9,1160.5,6371871,7394529529.5,135727,2585058,40.57,-0.006679797893294426
INFY,EQ,2026-05-29,1159.9,1182.0,1210.0,1153.6,1156.4,1160.9,1169.5,69085430,80795333060.8,392999,47911031,69.35,0.0008621432882145452
INFY,EQ,2026-06-01,1160.9,1175.0,1217.0,1173.7,1203.5,1202.5,1205.22,19439331,23428614350.3,261853,8238710,42.38,0.035834266517357216
INFY,EQ,2026-06-02,1202.5,1232.5,1278.9,1232.5,1270.0,1270.8,1263.28,36032600,45519112148.8,497139,20983487,58.23,0.05679833679833668
INFY,EQ,2026-06-03,1270.8,1242.1,1249.9,1216.0,1220.5,1222.6,1225.95,18534303,22722120449.4,353815,10626302,57.33,-0.037928863707900606
INFY,EQ,2026-06-04,1222.6,1208.0,1215.2,1196.2,1204.4,1201.3,1203.46,12755957,15351298787.8,206266,5934118,46.52,-0.017421887780140644
INFY,EQ,2026-06-05,1201.3,1220.0,1223.8,1194.3,1199.0,1197.5,1201.93,8692290,10447514955.6,138390,4902149,56.4,-0.0031632398235245107
INFY,EQ,2026-06-08,1197.5,1177.5,1200.7,1176.5,1187.0,1187.6,1189.58,8631711,10268142160.1,164182,4735993,54.87,-0.008267223382045996
INFY,EQ,2026-06-09,1187.6,1193.6,1193.6,1167.3,1181.7,1180.3,1176.06,10984054,12917903889.0,190190,5396204,49.13,-0.006146850791512226
INFY,EQ,2026-06-10,1180.3,1160.1,1171.4,1143.3,1144.0,1145.3,1154.24,8887626,10258450697.6,174623,4258395,47.91,-0.029653477929340033
INFY,EQ,2026-06-11,1145.3,1129.7,1133.7,1109.0,1119.5,1114.6,1116.74,9372176,10466292643.1,245811,4116938,43.93,-0.02680520387671359
INFY,EQ,2026-06-12,1114.6,1120.0,1123.3,1111.5,1118.5,1116.4,1116.4,8075333,9015314182.3,151562,4956397,61.38,0.001614929122555342
INFY,EQ,2026-06-15,1116.4,1130.0,1151.0,1123.0,1135.6,1134.9,1135.97,7856192,8924377450.2,129357,3964378,50.46,0.016571121461841587
INFY,EQ,2026-06-16,1134.9,1136.9,1153.8,1123.2,1145.0,1143.6,1140.85,10456090,11928804188.9,162431,5098711,48.76,0.007665873645254839
INFY,EQ,2026-06-17,1143.6,1149.0,1162.5,1148.0,1156.0,1157.7,1157.38,5995119,6938601945.2,125573,2818504,47.01,0.012329485834207787
INFY,EQ,2026-06-18,1157.7,1142.9,1142.9,1125.3,1127.4,1127.5,1130.34,16781447,18968761942.2,213308,9621856,57.34,-0.026086205407273133
INFY,EQ,2026-06-19,1127.5,1062.3,1066.0,1030.0,1054.2,1051.4,1043.82,45665442,47666665585.6,765616,22506869,49.29,-0.06749445676274934
INFY,EQ,2026-06-22,1051.4,1055.0,1080.3,1055.0,1065.0,1065.4,1067.86,10178505,10869191699.8,190156,4236224,41.62,0.013315579227696439
INFY,EQ,2026-06-23,1065.4,1053.8,1055.3,1026.0,1029.0,1029.3,1034.72,19323064,19994016676.9,404611,9757180,50.49,-0.03388398723484154
INFY,EQ,2026-06-24,1029.3,1040.9,1065.5,1037.7,1056.0,1056.6,1050.65,12346266,12971600161.4,216180,5558437,45.02,0.026522879626930784
INFY,EQ,2026-06-25,1056.6,1065.0,1068.0,1039.1,1042.9,1041.2,1048.0,15866779,16628460525.5,275365,9112752,57.43,-0.014575052053757198
INFY,EQ,2026-06-29,1041.2,1037.1,1046.6,1029.1,1034.0,1036.7,1035.17,15080892,15611216315.1,248692,8909976,59.08,-0.0043219362274299344
INFY,EQ,2026-06-30,1036.7,1030.0,1030.4,996.0,1006.0,1000.4,1007.28,24128263,24303960220.5,440240,13058140,54.12,-0.035014951287740015
INFY,EQ,2026-07-01,1000.4,1006.0,1014.0,982.4,986.0,985.3,993.98,13037982,12959456154.7,301193,6941533,53.24,-0.015093962415034023
INFY,EQ,2026-07-02,985.3,1006.4,1045.0,1006.0,1042.6,1040.9,1034.09,18741111,19379913697.5,318388,7999570,42.68,0.056429513853648805
INFY,EQ,2026-07-03,1040.9,1063.0,1068.7,1042.0,1047.1,1047.2,1051.35,11653534,12251984529.0,306437,5680079,48.74,0.006052454606590318
INFY,EQ,2026-07-06,1047.2,1050.1,1053.0,1033.0,1043.8,1042.2,1039.08,5559747,5777024579.7,120352,2925455,52.62,-0.004774637127578307
INFY,EQ,2026-07-07,1042.2,1040.6,1087.5,1040.6,1071.9,1071.8,1074.93,18866296,20279930819.6,332585,9228289,48.91,0.02840145845327191
INFY,EQ,2026-07-08,1071.8,1071.9,1079.7,1064.4,1069.0,1069.3,1070.65,13022221,13942182222.5,213848,8051297,61.83,-0.002332524724762086
INFY,EQ,2026-07-09,1069.3,1062.7,1062.7,1040.4,1055.3,1050.8,1052.44,9003333,9475452928.9,174766,3345409,37.16,-0.01730103806228378
INFY,EQ,2026-07-10,1050.8,1075.0,1091.3,1064.7,1068.7,1068.0,1071.86,9747266,10447688759.1,223565,4865063,49.91,0.016368481157213566
INFY,EQ,2026-07-13,1068.0,1057.1,1114.9,1057.1,1102.6,1102.6,1095.6,20994760,23001958436.3,338475,10937818,52.1,0.03239700374531829
INFY,EQ,2026-07-14,1102.6,1107.8,1113.5,1090.0,1092.1,1092.9,1099.29,14819413,16290905496.6,264399,7471404,50.42,-0.00879738799201868
INFY,EQ,2026-07-15,1092.9,1079.0,1088.1,1073.0,1077.4,1076.3,1079.35,8501933,9176560288.4,175275,3760766,44.23,-0.015188946838686213
INFY,EQ,2026-07-16,1076.3,1082.5,1097.3,1077.9,1085.0,1082.4,1088.27,8592146,9350544952.2,173656,4547577,52.93,0.005667564805351688
INFY,EQ,2026-07-17,1082.4,1105.0,1116.8,1092.0,1094.2,1096.5,1102.0,12547728,13827561159.3,170273,6130365,48.86,0.013026607538802581
INFY,EQ,2026-07-20,1096.5,1102.0,1103.8,1083.2,1087.6,1087.1,1091.72,6372645,6957162725.0,155749,3375183,52.96,-0.008572731418148738
INFY,EQ,2026-07-21,1087.1,1080.0,1094.5,1067.2,1070.6,1073.5,1074.7,9485229,10193802082.3,187625,5421121,57.15,-0.012510348633980262
INFY,EQ,2026-07-22,1073.5,1064.0,1069.3,1046.2,1052.0,1052.1,1054.05,7517203,7923524641.5,207323,4234284,56.33,-0.019934792734047635
INFY,EQ,2026-07-23,1052.1,1046.9,1058.5,1032.0,1052.9,1047.4,1045.5,13794578,14422243163.2,212403,7135991,51.73,-0.004467255964261785
INFY,EQ,2026-07-24,1047.4,1028.0,1043.4,1013.9,1039.0,1040.9,1030.11,29036900,29911299063.8,390894,16078498,55.37,-0.006205843039908343
INFY,EQ,2026-07-27,1040.9,1065.0,1082.0,1057.4,1078.3,1079.2,1075.47,15956349,17160507472.6,241917,8371338,52.46,0.03679508117974817
INFY,EQ,2026-07-28,1079.2,1097.0,1118.5,1097.0,1105.0,1105.7,1108.56,28100895,31151507286.7,316063,16512178,58.76,0.02455522609340255
INFY,EQ,2026-07-29,1105.7,1147.0,1164.5,1128.4,1153.5,1155.6,1152.38,34400369,39642172401.8,459638,20131710,58.52,0.045129782038527466
INFY,EQ,2026-07-30,1155.6,1168.0,1187.7,1151.3,1155.0,1155.1,1173.03,22630218,26545897058.2,413605,12457743,55.05,-0.00043267566632054777
INFY,EQ,2026-07-31,1155.1,1118.9,1139.3,1107.2,1129.9,1130.1,1128.12,14367075,16207771804.1,271437,7032188,48.95,-0.021643147779413008
INFY,EQ,2026-08-03,1130.1,1145.1,1180.0,1138.1,1180.0,1180.0,1160.88,8582270,9962989189.5,157993,4222831,49.2,0.044155384479249715
INFY,EQ,2026-08-04,1180.0,1168.0,1175.7,1153.3,1167.5,1167.5,1160.52,9243589,10727410174.0,130401,5031857,54.44,-0.010593220338983023
INFY,EQ,2026-08-05,1167.5,1174.7,1177.5,1162.3,1174.0,1174.0,1168.01,9964155,11638259746.1,132200,5186041,52.05,0.005567451820128522
INFY,EQ,2026-08-06,1174.0,1174.1,1185.8,1163.0,1165.0,1165.0,1169.3,8521064,9963700971.8,175674,4355569,51.12,-0.0076660988074956915
INFY,EQ,2026-08-07,1165.0,1160.0,1183.0,1155.6,1175.1,1175.1,1175.23,7581410,8909896939.8,176650,4182909,55.17,0.00866952789699571
INFY,EQ,2026-08-10,1175.1,1178.1,1195.0,1175.2,1183.0,1183.0,1185.17,9377001,11113317655.6,158965,4963541,52.93,0.006722832099395948
INFY,EQ,2026-08-11,1183.0,1188.0,1193.5,1182.0,1190.7,1190.7,1188.94,10160091,12079753116.3,169719,5703511,56.14,0.0065088757396449815
INFY,EQ,2026-08-12,1190.7,1185.6,1190.4,1163.3,1176.1,1176.1,1173.38,7529777,8835293993.2,171090,4513205,59.94,-0.01226169480137751
INFY,EQ,2026-08-13,1176.1,1170.0,1175.0,1157.0,1175.0,1175.0,1166.54,6234215,7272456244.7,125625,3369872,54.05,-0.0009352946178045052
INFY,EQ,2026-08-14,1175.0,1170.4,1174.1,1158.9,1169.2,1169.2,1166.93,5844763,6820453891.5,136821,3493653,59.77,-0.0049361702127659335
INFY,EQ,2026-08-17,1169.2,1163.9,1166.5,1129.7,1139.9,1139.9,1142.87,5817153,6648263350.2,147213,2849720,48.99,-0.025059869996578832
INFY,EQ,2026-08-18,1139.9,1124.5,1131.9,1112.5,1115.0,1115.0,1116.78,8851110,9884751133.5,197181,5321015,60.12,-0.02184402140538655
INFY,EQ,2026-08-19,1115.0,1125.6,1134.7,1113.8,1119.8,1119.8,1120.37,8408573,9420746982.0,244109,5374031,63.91,0.00430493273542587
INFY,EQ,2026-08-20,1119.8,1143.0,1144.7,1125.7,1130.0,1130.0,1134.18,8559841,9708437176.3,170960,4201639,49.09,0.00910876942311134
INFY,EQ,2026-08-21,1130.0,1133.0,1133.5,1118.0,1121.0,1121.0,1126.04,6094967,6863158941.3,120734,3789460,62.17,-0.007964601769911539
INFY,EQ,2026-08-24,1121.0,1126.5,1144.5,1122.0,1130.0,1130.0,1133.16,8565354,9705945957.7,170563,4644257,54.22,0.00802854594112401
INFY,EQ,2026-08-25,1130.0,1132.0,1144.0,1119.9,1144.0,1144.0,1126.97,8121237,9152354371.6,130691,5321320,65.52,0.012389380530973382
INFY,EQ,2026-08-26,1144.0,1142.0,1142.0,1118.3,1120.0,1120.0,1125.69,6323984,7118876913.1,88562,3570273,56.46,-0.020979020979020935
INFY,EQ,2026-08-27,1120.0,1120.0,1130.7,1107.2,1110.8,1110.8,1112.52,6933998,7714183978.3,132760,3739281,53.93,-0.00821428571428573
INFY,EQ,2026-08-28,1110.8,1123.6,1145.0,1123.3,1144.0,1144.0,1139.38,9621969,10963088036.2,147819,5905963,61.38,0.029888368743248073
INFY,EQ,2026-08-31,1144.0,1138.6,1143.9,1111.1,1133.8,1133.8,1125.02,8808120,9909313175.8,118949,5822176,66.1,-0.008916083916084006
INFY,EQ,2026-09-01,1133.8,1128.0,1156.0,1125.6,1156.0,1156.0,1145.4,13516123,15481378653.4,163276,5909583,43.72,0.019580172869994694
INFY,EQ,2026-09-02,1156.0,1137.7,1147.8,1118.6,1140.0,1140.0,1134.99,8564358,9720500603.1,192466,4696289,54.84,-0.01384083044982698
INFY,EQ,2026-09-03,1140.0,1144.0,1144.0,1122.5,1130.3,1130.3,1130.6,5786250,6541960761.6,172536,3086150,53.34,-0.008508771929824577
INFY,EQ,2026-09-04,1130.3,1133.0,1146.7,1125.4,1130.0,1130.0,1132.09,5881388,6658277427.9,109162,3829599,65.11,-0.00026541626116960426
INFY,EQ,2026-09-07,1130.0,1109.5,1109.9,1085.0,1087.5,1087.5,1094.17,7668346,8390499184.0,195551,3794091,49.48,-0.03761061946902655
INFY,EQ,2026-09-08,1087.5,1095.0,1095.0,1078.9,1082.0,1082.0,1084.29,6269037,6797433881.6,151673,3627483,57.86,-0.005057471264367841
INFY,EQ,2026-09-09,1082.0,1059.0,1059.0,1026.5,1035.0,1035.0,1038.28,13530457,14048385874.8,248758,8043809,59.45,-0.043438077634011085
INFY,EQ,2026-09-10,1035.0,1039.6,1046.6,1027.3,1036.5,1036.5,1035.09,8998529,9314245718.7,132817,5250417,58.35,0.0014492753623187582
INFY,EQ,2026-09-11,1036.5,1032.0,1047.3,1029.7,1037.7,1037.7,1039.69,6168088,6412929953.1,145206,3109903,56.59,0.0011577424023154759
