symbol,series,trade_date,prev_close,open_price,high_price,low_price,last_price,close_price,average_price,total_traded_quantity,turnover_inr,no_of_trades,deliverable_qty,deliverable_pct,daily_return
LT,EQ,2021-09-13,1670.05,1662.05,1675.65,1660.5,1670.55,1671.7,1670.34,1578773,2637088836.25,105701,1052445,66.66,
LT,EQ,2021-09-14,1671.7,1676.0,1698.8,1675.4,1696.5,1696.45,1689.28,1407269,2377277666.65,107526,756723,53.77,0.014805288030149022
LT,EQ,2021-09-15,1696.45,1700.0,1724.6,1697.0,1716.45,1717.0,1715.08,2757989,4730179293.9,140008,1614127,58.53,0.012113531197500693
LT,EQ,2021-09-16,1717.0,1709.6,1728.5,1709.25,1721.0,1721.25,1721.91,2128381,3664882460.05,75616,1501395,70.54,0.0024752475247524774
LT,EQ,2021-09-17,1721.25,1724.0,1741.7,1706.1,1720.0,1716.2,1725.09,3473932,5992834402.85,112543,2288360,65.87,-0.002933914306463281
LT,EQ,2021-09-20,1716.2,1700.2,1735.0,1699.95,1700.0,1704.35,1715.87,1820374,3123526279.25,76514,1019543,56.01,-0.006904789651555832
LT,EQ,2021-09-21,1704.35,1698.6,1730.75,1692.4,1730.0,1720.9,1710.29,2029747,3471457099.8,104138,1208878,59.56,0.009710446797899674
LT,EQ,2021-09-22,1720.9,1720.9,1730.0,1706.0,1707.0,1710.9,1717.92,1487933,2556143469.7,69608,910453,61.19,-0.00581091289441571
LT,EQ,2021-09-23,1710.9,1718.3,1775.0,1715.05,1774.55,1769.7,1757.75,3702946,6508857949.4,132272,2263739,61.13,0.03436787655619855
LT,EQ,2021-09-24,1769.7,1780.0,1810.0,1750.0,1765.2,1768.75,1782.4,3612494,6438912518.95,147579,2027802,56.13,-0.000536814149290854
LT,EQ,2021-09-27,1768.75,1772.0,1782.75,1737.0,1738.35,1739.6,1749.72,1650711,2888288434.9,90386,1067444,64.67,-0.016480565371024825
LT,EQ,2021-09-28,1739.6,1745.3,1759.05,1719.0,1734.0,1737.15,1737.8,1442615,2506981197.4,72629,695266,48.19,-0.0014083697401700013
LT,EQ,2021-09-29,1737.15,1732.0,1742.0,1716.6,1720.0,1721.0,1728.03,1698747,2935480056.9,86217,1030722,60.68,-0.009296836772875183
LT,EQ,2021-09-30,1721.0,1719.95,1734.25,1697.0,1704.0,1702.95,1712.73,1792078,3069342358.0,81210,1034808,57.74,-0.010488088320743771
LT,EQ,2021-10-01,1702.95,1697.5,1712.5,1687.5,1695.5,1696.9,1697.77,1563937,2655202827.8,58789,894542,57.2,-0.0035526586218033174
LT,EQ,2021-10-04,1696.9,1696.5,1723.95,1684.05,1715.0,1715.25,1712.96,1588493,2721018955.05,76623,895008,56.34,0.010813836996876658
LT,EQ,2021-10-05,1715.25,1714.5,1740.0,1706.0,1717.95,1716.7,1723.13,1705242,2938351690.45,73660,904018,53.01,0.0008453578195599665
LT,EQ,2021-10-06,1716.7,1716.7,1735.9,1690.0,1694.9,1695.05,1712.59,1845661,3160867375.7,69970,973530,52.75,-0.012611405603774717
LT,EQ,2021-10-07,1695.05,1710.0,1729.3,1700.0,1713.4,1712.45,1713.84,1378863,2363148582.55,67147,728040,52.8,0.010265183917878673
LT,EQ,2021-10-08,1712.45,1740.0,1741.0,1720.0,1729.1,1726.9,1728.77,1755402,3034678561.25,61883,893755,50.91,0.008438202575257625
LT,EQ,2021-10-11,1726.9,1733.75,1746.85,1715.0,1717.0,1716.9,1727.94,1528151,2640558152.25,66295,953825,62.42,-0.00579072326133534
LT,EQ,2021-10-12,1716.9,1710.5,1725.55,1700.0,1721.0,1718.2,1708.83,1671988,2857139806.3,92973,848223,50.73,0.0007571786359135135
LT,EQ,2021-10-13,1718.2,1727.0,1763.9,1724.05,1755.65,1752.05,1750.04,2105025,3683872444.2,107819,1008093,47.89,0.019700849726457914
LT,EQ,2021-10-14,1752.05,1775.0,1817.9,1767.45,1787.0,1789.3,1795.62,4440909,7974203668.3,169599,2229168,50.2,0.021260808766873085
LT,EQ,2021-10-18,1789.3,1807.15,1810.5,1782.0,1785.0,1788.45,1795.05,1918546,3443891387.65,87947,1076006,56.08,-0.00047504610741622155
LT,EQ,2021-10-19,1788.45,1809.8,1885.0,1802.05,1848.0,1846.05,1848.38,6639827,12272923800.7,219361,2703715,40.72,0.03220665939780254
LT,EQ,2021-10-20,1846.05,1855.0,1868.65,1796.3,1810.1,1806.7,1825.74,3295376,6016505839.9,114101,1634943,49.61,-0.021315782346090217
LT,EQ,2021-10-21,1806.7,1815.0,1826.5,1791.05,1808.0,1805.75,1804.46,2774633,5006720620.3,135343,1707435,61.54,-0.0005258205568162699
LT,EQ,2021-10-22,1805.75,1816.0,1831.5,1781.35,1789.15,1792.25,1804.79,1520637,2744425932.0,92608,569812,37.47,-0.007476117956527806
LT,EQ,2021-10-25,1792.25,1792.25,1812.8,1760.35,1784.8,1784.15,1792.45,2488386,4460303962.8,131422,1255677,50.46,-0.004519458780862018
LT,EQ,2021-10-26,1784.15,1785.0,1811.9,1781.55,1799.0,1796.25,1793.66,1930107,3461951156.9,83776,1104601,57.23,0.006781940980298717
LT,EQ,2021-10-27,1796.25,1801.0,1814.0,1775.1,1778.0,1784.55,1797.54,1408879,2532521812.85,63603,675138,47.92,-0.006513569937369512
LT,EQ,2021-10-28,1784.55,1799.55,1862.0,1791.0,1817.0,1814.25,1834.16,6379424,11700876913.9,204711,2666024,41.79,0.016642851138942705
LT,EQ,2021-10-29,1814.25,1822.0,1824.9,1735.8,1776.0,1766.65,1789.45,3984689,7130399117.25,173643,1899512,47.67,-0.026236736943640593
LT,EQ,2021-11-01,1766.65,1776.0,1805.0,1751.2,1799.95,1795.35,1779.09,2316925,4122011972.85,131885,1228502,53.02,0.016245436277700698
LT,EQ,2021-11-02,1795.35,1800.0,1824.45,1795.4,1817.0,1815.65,1810.6,1687119,3054699652.55,93436,925907,54.88,0.01130698749547454
LT,EQ,2021-11-03,1815.65,1818.0,1915.0,1818.0,1892.75,1889.5,1889.28,11580233,21878292052.25,247955,4767809,41.17,0.04067413873819281
LT,EQ,2021-11-04,1889.5,1900.0,1920.85,1900.0,1909.0,1908.95,1909.48,764191,1459204949.4,43858,291071,38.09,0.010293728499603194
LT,EQ,2021-11-08,1908.95,1944.55,1953.9,1912.2,1925.5,1924.55,1928.27,3674523,7085484670.0,160820,2059549,56.05,0.008172031745200092
LT,EQ,2021-11-09,1924.55,1933.5,1964.1,1930.3,1941.05,1943.6,1944.28,3550645,6903431914.1,135003,2047153,57.66,0.009898417811956106
LT,EQ,2021-11-10,1943.6,1932.7,1954.0,1932.0,1950.0,1950.15,1945.41,3208195,6241255522.95,85434,2042473,63.66,0.003370034986622805
LT,EQ,2021-11-11,1950.15,1947.85,1981.75,1925.65,1934.1,1931.7,1959.77,7061537,13839003506.8,186174,4177836,59.16,-0.009460810706868772
LT,EQ,2021-11-12,1931.7,1940.0,1965.0,1928.1,1962.0,1959.95,1946.26,2026320,3943746983.85,85379,1103355,54.45,0.014624424082414489
LT,EQ,2021-11-15,1959.95,1961.25,1974.5,1943.0,1948.8,1947.05,1955.0,1127678,2204614704.05,53758,622960,55.24,-0.006581800556136663
LT,EQ,2021-11-16,1947.05,1950.0,1979.95,1944.0,1950.0,1955.3,1955.51,2279531,4457656647.6,92032,1272250,55.81,0.0042371793225648435
LT,EQ,2021-11-17,1955.3,1949.0,1978.9,1943.55,1951.0,1952.9,1962.76,2166686,4252674129.4,74181,1162719,53.66,-0.0012274331304658048
LT,EQ,2021-11-18,1952.9,1952.9,1954.0,1893.0,1896.0,1897.0,1910.76,1883794,3599473509.9,108392,1101265,58.46,-0.028624097496031564
LT,EQ,2021-11-22,1897.0,1898.25,1900.0,1837.85,1865.4,1864.5,1866.37,2407464,4493211070.05,126797,1433202,59.53,-0.017132314180284713
LT,EQ,2021-11-23,1864.5,1850.0,1895.6,1844.5,1893.05,1886.35,1874.94,2028470,3803261071.6,83058,1259603,62.1,0.011718959506570092
LT,EQ,2021-11-24,1886.35,1894.0,1902.4,1845.95,1854.0,1862.5,1881.65,1361828,2562477186.7,71031,799118,58.68,-0.01264346489251722
LT,EQ,2021-11-25,1862.5,1855.0,1866.85,1838.2,1849.95,1849.9,1850.9,1930012,3572256725.65,76065,1335717,69.21,-0.006765100671140889
LT,EQ,2021-11-26,1849.9,1820.0,1841.75,1768.6,1781.0,1778.15,1797.95,2796595,5028137166.0,140633,1674813,59.89,-0.038785880317855015
LT,EQ,2021-11-29,1778.15,1778.0,1790.05,1735.15,1767.1,1767.25,1772.43,2111420,3742338305.4,109839,1115701,52.84,-0.006129966538256149
LT,EQ,2021-11-30,1767.25,1767.25,1798.9,1751.3,1764.0,1764.75,1768.65,3385628,5987979387.05,127241,2072473,61.21,-0.0014146272457207232
LT,EQ,2021-12-01,1764.75,1764.0,1794.0,1762.05,1790.05,1786.0,1783.74,1359786,2425501910.2,71955,622499,45.78,0.01204136563252578
LT,EQ,2021-12-02,1786.0,1785.95,1794.0,1763.0,1793.0,1789.2,1779.01,2813690,5005592325.1,100594,1754068,62.34,0.0017917133258678053
LT,EQ,2021-12-03,1789.2,1799.95,1844.8,1796.55,1800.0,1801.25,1819.28,3612772,6572656163.4,136583,1485294,41.11,0.0067348535658393605
LT,EQ,2021-12-06,1801.25,1799.0,1821.0,1778.0,1783.85,1782.65,1798.71,1566109,2816974801.9,100780,784633,50.1,-0.010326162387231053
LT,EQ,2021-12-07,1782.65,1790.2,1810.0,1772.1,1793.55,1798.1,1794.92,2097201,3764310667.4,93762,1227353,58.52,0.008666872352957489
LT,EQ,2021-12-08,1798.1,1802.0,1841.0,1802.0,1823.4,1825.05,1829.63,3433206,6281505102.3,82617,1658990,48.32,0.014988042934208412
LT,EQ,2021-12-09,1825.05,1835.0,1884.15,1827.95,1879.95,1879.8,1858.9,3791595,7048213942.5,106987,2250312,59.35,0.029999178104709534
LT,EQ,2021-12-10,1879.8,1879.8,1890.85,1861.05,1868.25,1873.4,1876.65,1771926,3325281211.05,62366,975041,55.03,-0.003404617512501207
LT,EQ,2021-12-13,1873.4,1893.7,1896.25,1855.05,1862.0,1861.5,1871.66,1857829,3477217468.05,106092,1176962,63.35,-0.006352087114337657
LT,EQ,2021-12-14,1861.5,1850.0,1874.0,1846.2,1870.15,1865.7,1860.58,1685243,3135531139.9,87874,1073720,63.71,0.002256244963738885
LT,EQ,2021-12-15,1865.7,1866.0,1898.75,1863.65,1880.45,1880.8,1880.41,2176709,4093097855.95,72406,1291174,59.32,0.00809347697914986
LT,EQ,2021-12-16,1880.8,1892.0,1908.0,1866.3,1874.15,1873.9,1880.47,2469902,4644582089.55,100836,1390116,56.28,-0.0036686516376009948
LT,EQ,2021-12-17,1873.9,1866.5,1874.7,1831.7,1846.0,1847.1,1847.72,2352938,4347570654.65,69332,1252644,53.24,-0.014301723677891176
LT,EQ,2021-12-20,1847.1,1821.0,1829.65,1771.5,1799.0,1799.35,1794.21,2488158,4464267127.8,104518,1311345,52.7,-0.02585133452438959
LT,EQ,2021-12-21,1799.35,1817.9,1852.2,1812.5,1830.0,1827.55,1831.63,2077840,3805828292.6,84117,1143912,55.05,0.0156723261177647
LT,EQ,2021-12-22,1827.55,1827.55,1879.55,1827.55,1876.0,1871.0,1855.62,1692505,3140637818.7,61603,920990,54.42,0.023774999316024115
LT,EQ,2021-12-23,1871.0,1883.0,1887.85,1862.1,1876.0,1878.45,1874.36,1677127,3143533359.9,73421,977095,58.26,0.003981827899518953
LT,EQ,2021-12-24,1878.45,1888.75,1888.75,1850.0,1860.0,1859.4,1860.4,1203991,2239900439.3,57327,667535,55.44,-0.010141339934520488
LT,EQ,2021-12-27,1859.4,1859.4,1875.65,1845.8,1868.0,1866.2,1863.4,1139744,2123802007.6,66560,698078,61.25,0.0036570936861353154
LT,EQ,2021-12-28,1866.2,1872.1,1909.0,1872.1,1897.8,1899.5,1898.3,1916098,3637337486.5,70957,978381,51.06,0.017843746650948455
LT,EQ,2021-12-29,1899.5,1895.0,1908.95,1890.05,1895.0,1894.85,1899.0,1287946,2445809490.4,56359,794830,61.71,-0.0024480126349040177
LT,EQ,2021-12-30,1894.85,1892.3,1901.7,1880.9,1887.15,1885.7,1888.06,1805349,3408613986.55,49950,1240217,68.7,-0.004828878275325188
LT,EQ,2021-12-31,1885.7,1887.35,1907.1,1887.3,1896.8,1895.9,1898.16,1145546,2174427188.9,47149,705848,61.62,0.005409131887362806
LT,EQ,2022-01-03,1895.9,1895.0,1937.45,1893.65,1924.0,1922.85,1923.55,1906676,3667582418.15,78718,974173,51.09,0.014214884751305279
LT,EQ,2022-01-04,1922.85,1922.85,1943.0,1914.55,1937.5,1937.55,1930.71,1643920,3173938386.6,61437,943982,57.42,0.007644902098447703
LT,EQ,2022-01-05,1937.55,1940.7,1951.0,1927.65,1945.8,1948.6,1939.88,1711667,3320421905.45,64313,1029751,60.16,0.005703078630228786
LT,EQ,2022-01-06,1948.6,1944.5,1953.0,1919.6,1924.5,1924.5,1931.24,1372015,2649686781.0,75564,733619,53.47,-0.012367853843785248
LT,EQ,2022-01-07,1924.5,1929.05,1934.95,1897.15,1906.0,1904.9,1911.48,1447123,2766141879.5,65033,926052,63.99,-0.010184463497012186
LT,EQ,2022-01-10,1904.9,1910.0,1959.95,1907.25,1952.95,1953.1,1932.01,2397846,4632669596.0,113910,1530736,63.84,0.025303165520499604
LT,EQ,2022-01-11,1953.1,1949.0,1970.0,1937.65,1960.0,1961.15,1957.29,2232435,4369533380.95,116361,1437673,64.4,0.004121652757155481
LT,EQ,2022-01-12,1961.15,1978.5,1984.0,1960.3,1967.45,1974.2,1972.68,1585970,3128617893.95,100678,925782,58.37,0.006654258980700156
LT,EQ,2022-01-13,1974.2,1975.55,2029.0,1975.55,2023.0,2018.4,2000.94,2373324,4748888278.75,114519,1143333,48.17,0.022388815722824473
LT,EQ,2022-01-14,2018.4,2014.0,2049.95,2007.0,2042.0,2044.75,2038.32,3124945,6369645018.55,110302,1738187,55.62,0.013054894966309849
LT,EQ,2022-01-17,2044.75,2044.75,2071.95,2042.0,2070.65,2069.4,2058.24,1858651,3825557931.2,73766,1063717,57.23,0.012055263479643141
LT,EQ,2022-01-18,2069.4,2075.65,2078.55,2010.55,2025.95,2022.2,2045.06,1460676,2987164610.55,87061,661714,45.3,-0.02280854353919015
LT,EQ,2022-01-19,2022.2,2019.9,2027.0,1987.0,2016.85,2020.9,2011.25,2336679,4699645889.3,97519,1360826,58.24,-0.0006428642072989765
LT,EQ,2022-01-20,2020.9,2020.0,2035.0,1984.1,2002.4,2003.5,2002.76,2031107,4067829372.9,88049,1217560,59.95,-0.00861002523628096
LT,EQ,2022-01-21,2003.5,1982.15,1994.8,1943.05,1963.5,1956.05,1965.56,2209132,4342182618.9,150766,1435214,64.97,-0.023683553780883493
LT,EQ,2022-01-24,1956.05,1955.0,1959.0,1881.55,1897.0,1899.9,1913.63,2307120,4414973871.8,121335,1327950,57.56,-0.02870581017867635
LT,EQ,2022-01-25,1899.9,1895.0,1931.3,1850.1,1919.35,1925.3,1899.52,2998042,5694826480.3,150876,1726331,57.58,0.013369124690773226
LT,EQ,2022-01-27,1925.3,1914.55,1922.0,1867.0,1913.2,1910.85,1896.79,2932713,5562738543.25,161007,1564122,53.33,-0.007505323845634515
LT,EQ,2022-01-28,1910.85,1916.1,1948.0,1891.3,1897.85,1897.55,1922.61,2233620,4294386759.65,108456,977043,43.74,-0.006960253290420493
LT,EQ,2022-01-31,1897.55,1890.2,1924.0,1850.45,1912.0,1909.2,1900.77,3161064,6008458244.1,133776,1305130,41.29,0.006139495665463457
LT,EQ,2022-02-01,1909.2,1928.65,1999.9,1917.0,1995.0,1990.5,1956.04,5392787,10548509358.05,182471,1859480,34.48,0.04258328095537389
LT,EQ,2022-02-02,1990.5,1995.1,2008.0,1970.6,1980.95,1982.7,1986.62,3579380,7110877534.1,150366,2198792,61.43,-0.003918613413715133
LT,EQ,2022-02-03,1982.7,1981.5,1985.0,1930.0,1931.2,1933.65,1947.7,2262217,4406120386.35,114638,1309045,57.87,-0.02473899228325005
LT,EQ,2022-02-04,1933.65,1948.0,1957.8,1923.3,1945.0,1947.95,1944.48,1440816,2801635503.25,85121,657575,45.64,0.007395340418379748
LT,EQ,2022-02-07,1947.95,1932.5,1947.5,1874.55,1878.75,1884.5,1895.32,2641464,5006422032.2,129248,1506561,57.04,-0.03257270463820938
LT,EQ,2022-02-08,1884.5,1890.0,1896.95,1848.0,1872.1,1875.6,1867.77,2040523,3811230145.85,108225,972675,47.67,-0.004722738126824111
LT,EQ,2022-02-09,1875.6,1884.5,1899.9,1875.6,1890.0,1888.8,1887.43,1390810,2625061091.7,74046,741730,53.33,0.00703774792066536
LT,EQ,2022-02-10,1888.8,1892.0,1911.0,1881.0,1898.0,1901.0,1901.71,1288856,2451025823.5,74334,610260,47.35,0.006459127488352312
LT,EQ,2022-02-11,1901.0,1889.0,1889.0,1850.0,1867.5,1871.25,1866.85,1744894,3257451964.7,104505,939148,53.82,-0.015649658074697537
LT,EQ,2022-02-14,1871.25,1843.25,1846.95,1795.0,1797.0,1799.0,1815.91,2290199,4158794979.0,157581,1206748,52.69,-0.038610554442217726
LT,EQ,2022-02-15,1799.0,1810.0,1882.0,1806.15,1870.85,1876.05,1845.36,2602134,4801876450.45,125591,1312479,50.44,0.04282934963868823
LT,EQ,2022-02-16,1876.05,1876.05,1887.3,1842.15,1859.0,1860.7,1858.26,1898439,3527787553.4,95311,955480,50.33,-0.008182084699235093
LT,EQ,2022-02-17,1860.7,1869.0,1884.9,1854.1,1863.1,1868.7,1870.26,1459905,2730401061.2,72851,606590,41.55,0.00429945719352931
LT,EQ,2022-02-18,1868.7,1870.0,1896.0,1865.15,1881.9,1883.1,1886.34,1912482,3607592094.4,100742,782603,40.92,0.007705891796435882
LT,EQ,2022-02-21,1883.1,1874.95,1883.9,1848.85,1855.0,1863.95,1868.33,1262585,2358920023.05,64254,490357,38.84,-0.010169401518772214
LT,EQ,2022-02-22,1863.95,1813.0,1855.0,1800.5,1837.1,1844.45,1828.73,2288298,4184679976.15,100077,982330,42.93,-0.010461654014324417
LT,EQ,2022-02-23,1844.45,1849.0,1852.0,1816.15,1819.95,1820.3,1831.36,1583872,2900635456.85,113830,960634,60.65,-0.013093334056222816
LT,EQ,2022-02-24,1820.3,1783.25,1800.0,1751.0,1757.75,1757.35,1776.32,3616355,6423797117.2,217872,2103661,58.17,-0.034582211723342304
LT,EQ,2022-02-25,1757.35,1782.0,1798.7,1765.0,1780.0,1777.05,1781.84,2476882,4413409130.75,163477,1458279,58.88,0.011210060602611982
LT,EQ,2022-02-28,1777.05,1764.9,1822.25,1752.8,1815.5,1816.75,1798.4,2553662,4592513516.45,109320,1480815,57.99,0.02234039559944856
LT,EQ,2022-03-02,1816.75,1800.0,1826.95,1768.5,1795.55,1784.5,1788.62,3152628,5638864084.7,147873,2118239,67.19,-0.017751479289940808
LT,EQ,2022-03-03,1784.5,1810.0,1813.55,1745.55,1757.5,1752.3,1770.66,2259979,4001652378.15,135995,1493013,66.06,-0.01804427010367049
LT,EQ,2022-03-04,1752.3,1740.0,1754.05,1703.0,1710.65,1711.75,1718.56,3906819,6714110383.15,175780,2524975,64.63,-0.023141014666438364
LT,EQ,2022-03-07,1711.75,1658.25,1666.8,1605.55,1640.0,1634.45,1627.93,6318251,10285674264.35,287087,4287873,67.86,-0.04515846356068354
LT,EQ,2022-03-08,1634.45,1627.9,1666.0,1595.0,1657.4,1658.5,1627.79,4421730,7197646250.1,161579,2685308,60.73,0.014714429930557715
LT,EQ,2022-03-09,1658.5,1676.5,1699.8,1650.05,1690.65,1690.95,1679.88,3306502,5554522730.1,107410,1886739,57.06,0.019565872776605486
LT,EQ,2022-03-10,1690.95,1740.0,1758.0,1707.0,1725.0,1728.2,1733.58,2776325,4812982965.0,137172,1547139,55.73,0.02202903693190228
LT,EQ,2022-03-11,1728.2,1720.0,1735.45,1705.8,1726.8,1728.65,1726.73,1577597,2724076300.9,102049,905737,57.41,0.000260386529336909
LT,EQ,2022-03-14,1728.65,1735.0,1754.0,1715.5,1753.25,1746.75,1737.41,1558334,2707460861.75,62543,792008,50.82,0.010470598443872436
LT,EQ,2022-03-15,1746.75,1748.0,1765.0,1726.6,1743.6,1743.45,1747.43,2062332,3603780730.95,91506,1241807,60.21,-0.0018892228424216562
LT,EQ,2022-03-16,1743.45,1761.0,1770.65,1746.2,1756.0,1756.2,1757.12,2101909,3693304374.95,79220,1300006,61.85,0.007313086122343604
LT,EQ,2022-03-17,1756.2,1781.15,1804.6,1768.45,1791.0,1787.9,1789.5,3383036,6053956464.8,107909,2111694,62.42,0.018050335952624952
LT,EQ,2022-03-21,1787.9,1805.0,1805.0,1745.0,1754.7,1756.3,1765.91,2301462,4064165465.85,92723,1353260,58.8,-0.01767436657531185
LT,EQ,2022-03-22,1756.3,1756.3,1777.0,1721.15,1774.85,1774.05,1746.78,3986030,6962726010.4,135555,2485984,62.37,0.010106473837043772
LT,EQ,2022-03-23,1774.05,1780.0,1791.55,1759.15,1765.0,1767.25,1771.67,1574226,2789003570.65,61568,761551,48.38,-0.003833037400298722
LT,EQ,2022-03-24,1767.25,1755.0,1779.7,1751.0,1766.9,1771.55,1768.34,1580887,2795540138.4,82549,885259,56.0,0.0024331588626396172
LT,EQ,2022-03-25,1771.55,1775.6,1777.9,1739.0,1752.55,1751.1,1754.24,1483897,2603114016.65,95988,824436,55.56,-0.011543563546047242
LT,EQ,2022-03-28,1751.1,1752.0,1755.0,1725.1,1740.05,1741.6,1739.14,1799629,3129814804.1,70676,1111705,61.77,-0.005425161327165751
LT,EQ,2022-03-29,1741.6,1748.7,1754.1,1733.0,1750.5,1746.65,1740.81,2071779,3606582553.65,95728,1420375,68.56,0.0028996325218191288
LT,EQ,2022-03-30,1746.65,1766.9,1777.05,1754.1,1774.15,1773.6,1767.48,1712835,3027398452.65,113982,1066004,62.24,0.015429536541379019
LT,EQ,2022-03-31,1773.6,1779.95,1781.35,1758.0,1767.85,1767.65,1767.17,1401916,2477424949.85,81927,902341,64.36,-0.0033547586829046905
LT,EQ,2022-04-01,1767.65,1759.0,1794.0,1759.0,1786.2,1790.1,1778.97,2050573,3647906688.7,43594,1485216,72.43,0.012700478035810203
LT,EQ,2022-04-04,1790.1,1784.0,1829.85,1776.6,1824.0,1826.35,1813.66,1955281,3546208298.6,105611,1055388,53.98,0.02025026534830454
LT,EQ,2022-04-05,1826.35,1840.0,1845.0,1827.0,1832.9,1836.05,1835.81,1718581,3154989270.9,93728,811980,47.25,0.005311139704875956
LT,EQ,2022-04-06,1836.05,1833.0,1858.0,1827.7,1851.0,1852.8,1849.43,2245496,4152897924.3,90034,1408236,62.71,0.00912284523841933
LT,EQ,2022-04-07,1852.8,1849.9,1855.85,1810.15,1825.0,1826.3,1826.66,2003954,3660546759.3,112500,934274,46.62,-0.014302677029360944
LT,EQ,2022-04-08,1826.3,1835.4,1838.9,1818.05,1832.0,1830.75,1828.52,1903321,3480251959.0,103538,1223284,64.27,0.0024366204895143184
LT,EQ,2022-04-11,1830.75,1820.25,1829.75,1779.0,1782.4,1781.5,1794.09,2262446,4059034790.2,118415,1476076,65.24,-0.02690154308343573
LT,EQ,2022-04-12,1781.5,1780.0,1781.5,1733.6,1751.75,1747.7,1744.41,4215141,7352930860.75,226919,3181016,75.47,-0.01897277575077183
LT,EQ,2022-04-13,1747.7,1754.2,1772.85,1747.1,1758.55,1760.8,1759.24,1673417,2943940083.3,73585,1053823,62.97,0.007495565600503573
LT,EQ,2022-04-18,1760.8,1746.3,1749.95,1715.0,1742.0,1738.35,1728.99,1808707,3127234731.5,124412,1096329,60.61,-0.012749886415265865
LT,EQ,2022-04-19,1738.35,1748.3,1760.75,1687.0,1700.0,1705.75,1723.92,2737766,4719684423.8,112453,1977723,72.24,-0.018753415595248346
LT,EQ,2022-04-20,1705.75,1709.95,1712.4,1671.35,1691.0,1691.6,1685.86,3832617,6461264244.65,193278,2584859,67.44,-0.00829547120035179
LT,EQ,2022-04-21,1691.6,1702.95,1725.8,1700.0,1718.0,1714.5,1715.39,1797489,3083386991.05,93366,1173908,65.31,0.013537479309529532
LT,EQ,2022-04-22,1714.5,1701.0,1716.4,1690.4,1695.0,1694.35,1701.8,1474689,2509618619.0,69621,901004,61.1,-0.011752697579469285
LT,EQ,2022-04-25,1694.35,1675.0,1675.0,1652.0,1660.0,1657.35,1663.24,1964344,3267184798.3,128275,1227948,62.51,-0.021837282733791707
LT,EQ,2022-04-26,1657.35,1680.0,1703.1,1664.0,1699.45,1699.95,1679.52,2440990,4099684690.9,86991,1570478,64.34,0.025703683591275395
LT,EQ,2022-04-27,1699.95,1675.0,1691.6,1666.7,1676.75,1677.05,1681.36,1346726,2264331284.95,80774,798662,59.3,-0.013470984440718925
LT,EQ,2022-04-28,1677.05,1690.0,1731.0,1680.0,1718.0,1719.25,1713.78,3117433,5342581337.6,91540,2019561,64.78,0.025163233058048462
LT,EQ,2022-04-29,1719.25,1731.0,1739.0,1687.15,1699.0,1694.35,1710.46,2404830,4113364580.4,86722,1534891,63.83,-0.014483059473607729
LT,EQ,2022-05-02,1694.35,1668.6,1685.95,1655.05,1679.7,1679.45,1667.92,1399802,2334759467.15,92949,749107,53.52,-0.008793932776580915
LT,EQ,2022-05-04,1679.45,1679.5,1681.9,1625.05,1638.95,1633.95,1651.18,1777673,2935252963.9,98388,998885,56.19,-0.02709220280448954
LT,EQ,2022-05-05,1633.95,1650.7,1671.2,1633.0,1636.1,1637.65,1650.68,1707752,2818946900.75,78608,883189,51.72,0.0022644511765965714
LT,EQ,2022-05-06,1637.65,1616.0,1633.0,1612.1,1624.0,1622.45,1620.55,1439520,2332809461.95,89127,712152,49.47,-0.00928159252587557
LT,EQ,2022-05-09,1622.45,1607.55,1629.85,1591.25,1619.0,1616.15,1613.07,1400010,2258320489.8,74724,612776,43.77,-0.0038830164257758204
LT,EQ,2022-05-10,1616.15,1611.0,1629.6,1601.0,1605.0,1607.95,1615.1,1176030,1899407872.05,78485,559372,47.56,-0.005073786467840291
LT,EQ,2022-05-11,1607.95,1600.5,1609.0,1557.35,1573.75,1570.8,1575.96,2988788,4710217931.6,174066,1684482,56.36,-0.02310395223732087
LT,EQ,2022-05-12,1570.8,1550.0,1554.95,1513.1,1532.0,1526.15,1529.96,3407191,5212867360.3,217128,2154482,63.23,-0.028425006366182726
LT,EQ,2022-05-13,1526.15,1530.0,1574.9,1502.0,1536.5,1534.5,1547.2,4328846,6697601638.25,185408,2235594,51.64,0.0054712839498083365
LT,EQ,2022-05-16,1534.5,1550.0,1567.5,1539.45,1553.0,1542.9,1549.72,1775914,2752176353.05,67805,958388,53.97,0.00547409579667657
LT,EQ,2022-05-17,1542.9,1545.0,1607.9,1545.0,1607.9,1604.1,1586.35,1608711,2551983870.2,67833,773218,48.06,0.03966556484542094
LT,EQ,2022-05-18,1604.1,1623.0,1623.0,1565.0,1576.15,1572.5,1594.68,2984009,4758548312.3,111306,1651306,55.34,-0.01969951998005104
LT,EQ,2022-05-19,1572.5,1550.0,1562.75,1540.35,1550.65,1547.95,1549.28,1798843,2786914238.2,83839,937011,52.09,-0.015612082670906191
LT,EQ,2022-05-20,1547.95,1569.4,1613.45,1561.05,1610.0,1610.1,1599.45,2175224,3479168125.3,61997,1185889,54.52,0.04014987564197803
LT,EQ,2022-05-23,1610.1,1629.0,1660.0,1605.6,1641.0,1644.15,1642.05,4177811,6860192543.9,125857,2493540,59.69,0.021147754797838703
LT,EQ,2022-05-24,1644.15,1644.8,1653.7,1610.1,1624.9,1626.3,1626.59,1970395,3205021250.0,89875,1082379,54.93,-0.010856673661162386
LT,EQ,2022-05-25,1626.3,1633.0,1639.7,1571.1,1579.0,1574.75,1601.93,1417130,2270148644.8,66784,728419,51.4,-0.031697718748078474
LT,EQ,2022-05-26,1574.75,1575.0,1588.9,1536.65,1570.0,1564.55,1556.99,3578710,5572014727.15,118334,2169664,60.63,-0.006477218606127932
LT,EQ,2022-05-27,1564.55,1575.2,1606.0,1574.0,1603.0,1600.3,1590.0,1279218,2033950505.4,68946,481150,37.61,0.022850020772746227
LT,EQ,2022-05-30,1600.3,1620.0,1663.7,1613.6,1662.5,1660.85,1649.22,2119326,3495239758.95,71048,1195161,56.39,0.03783665562706995
LT,EQ,2022-05-31,1660.85,1660.5,1674.4,1645.0,1648.4,1654.5,1658.33,3534742,5861783990.6,91334,2483096,70.25,-0.00382334346870572
LT,EQ,2022-06-01,1654.5,1653.55,1661.0,1638.45,1650.0,1648.0,1649.92,1425466,2351905112.2,79891,714066,50.09,-0.003928679359323062
LT,EQ,2022-06-02,1648.0,1632.0,1649.45,1623.7,1642.15,1637.15,1639.27,1852251,3036337157.4,73794,1009549,54.5,-0.006583737864077621
LT,EQ,2022-06-03,1637.15,1657.95,1673.7,1644.95,1650.05,1652.05,1660.81,2928263,4863294459.45,96245,1591594,54.35,0.009101181932015923
LT,EQ,2022-06-06,1652.05,1652.15,1662.3,1634.1,1637.95,1640.2,1643.96,1538005,2528417092.25,84378,916493,59.59,-0.007172906389031786
LT,EQ,2022-06-07,1640.2,1630.0,1638.4,1586.1,1589.9,1589.45,1600.17,2157491,3452362871.15,79851,1263865,58.58,-0.03094134861602249
LT,EQ,2022-06-08,1589.45,1595.0,1607.8,1570.1,1585.0,1584.55,1589.39,2122442,3373387356.1,97556,932196,43.92,-0.0030828273931234884
LT,EQ,2022-06-09,1584.55,1556.2,1600.0,1556.2,1596.0,1595.1,1579.53,1361104,2149911365.15,65082,577791,42.45,0.0066580417153134785
LT,EQ,2022-06-10,1595.1,1570.0,1594.5,1569.05,1584.95,1585.1,1581.63,1337799,2115904552.6,46033,785726,58.73,-0.006269199423233673
LT,EQ,2022-06-13,1585.1,1560.15,1565.95,1518.3,1535.0,1532.05,1530.26,2460367,3765011751.4,130645,1469071,59.71,-0.03346792000504695
LT,EQ,2022-06-14,1532.05,1532.05,1554.3,1525.2,1543.0,1544.65,1543.73,1983405,3061837534.7,64761,1210021,61.01,0.008224274664665021
LT,EQ,2022-06-15,1544.65,1547.95,1567.0,1539.05,1560.4,1560.35,1555.52,1461683,2273678228.75,49962,823011,56.31,0.010164114848023598
LT,EQ,2022-06-16,1560.35,1568.4,1575.0,1516.75,1525.0,1527.4,1539.79,2329325,3586675639.6,72290,1340068,57.53,-0.02111705707052891
LT,EQ,2022-06-17,1527.4,1522.0,1529.95,1481.4,1486.4,1489.95,1499.91,4548572,6822437937.05,138981,2776487,61.04,-0.024518790100824917
LT,EQ,2022-06-20,1489.95,1490.0,1497.85,1456.35,1473.65,1471.8,1469.55,1837431,2700194231.8,73889,993281,54.06,-0.01218161683277963
LT,EQ,2022-06-21,1471.8,1480.0,1515.2,1476.9,1499.0,1500.3,1498.89,1458922,2186767624.6,66735,673887,46.19,0.019364044027721183
LT,EQ,2022-06-22,1500.3,1490.0,1490.95,1468.0,1477.25,1478.75,1477.57,1906619,2817167694.45,75294,1198847,62.88,-0.014363793907885114
LT,EQ,2022-06-23,1478.75,1481.5,1511.75,1481.5,1496.05,1494.3,1499.35,1828491,2741553675.7,72732,927630,50.73,0.010515638207945877
LT,EQ,2022-06-24,1494.3,1501.75,1512.0,1489.0,1498.0,1494.85,1499.25,1731440,2595856290.45,62637,1053929,60.87,0.0003680653148632196
LT,EQ,2022-06-27,1494.85,1524.0,1544.7,1509.75,1539.2,1535.8,1532.7,2389778,3662805103.45,99618,1372476,57.43,0.027394052915008293
LT,EQ,2022-06-28,1535.8,1530.0,1557.5,1524.1,1551.5,1551.5,1540.52,2072405,3192573917.5,79951,1301049,62.78,0.01022268524547476
LT,EQ,2022-06-29,1551.5,1531.25,1554.0,1525.4,1548.0,1547.9,1545.96,1480197,2288328446.2,65704,882035,59.59,-0.0023203351595230126
LT,EQ,2022-06-30,1547.9,1549.05,1566.9,1542.1,1556.0,1558.25,1556.48,3308971,5150355644.1,126998,1991730,60.19,0.006686478454680511
LT,EQ,2022-07-01,1558.25,1560.95,1576.0,1534.6,1571.8,1572.15,1557.8,1294305,2016267347.85,51540,706223,54.56,0.00892026311567462
LT,EQ,2022-07-04,1572.15,1572.1,1587.45,1550.2,1579.65,1581.7,1570.39,1269969,1994343341.8,48587,735121,57.88,0.006074483986896917
LT,EQ,2022-07-05,1581.7,1584.0,1597.25,1561.6,1565.25,1564.9,1581.77,1445200,2285979667.35,60052,944834,65.38,-0.01062148321426315
LT,EQ,2022-07-06,1564.9,1565.55,1590.5,1551.8,1560.0,1556.15,1560.82,2422594,3781233047.85,70708,1532371,63.25,-0.0055914115917949925
LT,EQ,2022-07-07,1556.15,1565.9,1614.15,1565.65,1611.45,1611.1,1593.39,1697912,2705444316.25,63705,880956,51.88,0.035311505960222256
LT,EQ,2022-07-08,1611.1,1621.0,1702.0,1618.0,1685.7,1687.45,1676.43,6516138,10923823831.95,191813,2745345,42.13,0.047389981999875985
LT,EQ,2022-07-11,1687.45,1684.95,1688.85,1653.4,1661.1,1663.0,1666.53,1316037,2193220578.75,57002,386740,29.39,-0.014489318202020818
LT,EQ,2022-07-12,1663.0,1655.0,1672.9,1649.05,1652.0,1653.75,1661.47,781516,1298466812.6,38160,222466,28.47,-0.005562236921226704
LT,EQ,2022-07-13,1653.75,1664.0,1683.25,1644.4,1651.9,1647.25,1665.82,1914814,3189741012.55,72387,1077763,56.29,-0.003930461073318181
LT,EQ,2022-07-14,1647.25,1651.85,1667.35,1634.6,1646.0,1646.15,1647.2,1170472,1928005312.55,49254,635794,54.32,-0.0006677796327211327
LT,EQ,2022-07-15,1646.15,1653.9,1687.85,1649.2,1686.0,1684.85,1671.79,1345141,2248797885.55,57631,630842,46.9,0.023509400722898866
LT,EQ,2022-07-18,1684.85,1696.05,1734.6,1690.0,1724.5,1727.65,1725.27,3200640,5521976498.05,90393,2239555,69.97,0.025402854853547874
LT,EQ,2022-07-19,1727.65,1719.95,1734.95,1714.0,1729.0,1729.8,1725.26,1351783,2332176936.5,64259,834015,61.7,0.0012444650247445121
LT,EQ,2022-07-20,1729.8,1740.35,1746.85,1727.95,1740.5,1739.95,1738.07,1509911,2624326414.65,70606,926532,61.36,0.005867730373453561
LT,EQ,2022-07-21,1739.95,1726.9,1768.95,1715.1,1763.1,1765.15,1749.97,2827327,4947740637.95,104357,1798787,63.62,0.014483174803873622
LT,EQ,2022-07-22,1765.15,1765.5,1779.55,1752.55,1764.25,1767.75,1766.36,1495629,2641815394.15,81045,740755,49.53,0.0014729626377361082
LT,EQ,2022-07-25,1767.75,1765.0,1785.5,1760.05,1780.0,1782.45,1778.26,1916615,3408236765.4,66844,1049142,54.74,0.00831565549427249
LT,EQ,2022-07-26,1782.45,1780.75,1780.75,1741.9,1750.6,1751.25,1754.15,1585897,2781900213.65,71211,782942,49.37,-0.017503997307077412
LT,EQ,2022-07-27,1751.25,1754.0,1819.5,1750.0,1795.4,1796.65,1800.24,5369460,9666305173.35,174260,2135764,39.78,0.02592433975731634
LT,EQ,2022-07-28,1796.65,1805.0,1816.0,1786.95,1806.0,1801.25,1798.05,1831059,3292338734.6,109988,971050,53.03,0.002560320596665999
LT,EQ,2022-07-29,1801.25,1814.95,1832.5,1794.0,1804.05,1808.05,1810.06,1747781,3163589989.5,84274,966735,55.31,0.0037751561415684254
LT,EQ,2022-08-01,1808.05,1808.0,1817.85,1790.3,1813.0,1814.7,1805.49,1341943,2422863803.35,90109,770612,57.43,0.0036779956306518535
LT,EQ,2022-08-02,1814.7,1809.0,1811.65,1775.7,1786.95,1793.05,1792.43,1749346,3135583491.1,115061,956351,54.67,-0.011930346613765463
LT,EQ,2022-08-03,1793.05,1793.05,1804.0,1773.0,1790.0,1789.8,1785.34,1264299,2257207247.6,71487,724598,57.31,-0.001812554028052804
LT,EQ,2022-08-04,1789.8,1793.8,1814.8,1775.0,1780.5,1780.1,1792.4,1856927,3328356219.15,85703,1089652,58.68,-0.005419599955302279
LT,EQ,2022-08-05,1780.1,1782.95,1807.0,1775.3,1788.95,1787.45,1788.88,1430542,2559065566.15,70278,813044,56.83,0.004128981517892427
LT,EQ,2022-08-08,1787.45,1796.4,1832.05,1790.25,1826.5,1829.65,1818.07,2625195,4772785531.7,142257,1695494,64.59,0.02360905200145469
LT,EQ,2022-08-10,1829.65,1830.0,1867.0,1822.25,1853.0,1855.15,1852.76,3422074,6340295500.4,134010,2260823,66.07,0.013937091793512435
LT,EQ,2022-08-11,1855.15,1870.05,1878.8,1855.2,1863.3,1867.15,1870.38,1918049,3587481526.55,87767,1285544,67.02,0.006468479637765201
LT,EQ,2022-08-12,1867.15,1865.0,1869.0,1838.0,1849.85,1846.45,1851.09,1041383,1927692053.65,93062,602044,57.81,-0.011086415124655247
LT,EQ,2022-08-16,1846.45,1860.0,1864.0,1842.0,1848.2,1848.9,1852.65,1426893,2643532336.15,61314,1030418,72.21,0.0013268704811937315
LT,EQ,2022-08-17,1848.9,1861.45,1867.35,1850.05,1855.0,1855.7,1856.34,1748371,3245572272.5,110186,1305287,74.66,0.00367786251284552
LT,EQ,2022-08-18,1855.7,1857.0,1898.55,1850.0,1894.0,1894.55,1873.49,2519639,4720523503.5,102480,1624173,64.46,0.020935496039230506
LT,EQ,2022-08-19,1894.55,1894.1,1942.0,1892.75,1934.3,1936.05,1922.04,4134598,7946843779.7,120071,2464378,59.6,0.02190493784803782
LT,EQ,2022-08-22,1936.05,1937.1,1944.0,1875.0,1878.3,1880.65,1905.59,3175874,6051920758.3,135709,2061762,64.92,-0.028614963456522258
LT,EQ,2022-08-23,1880.65,1870.0,1911.95,1865.7,1882.0,1877.05,1892.53,1811509,3428337288.1,80261,855387,47.22,-0.0019142317815649124
LT,EQ,2022-08-24,1877.05,1876.0,1898.0,1851.6,1888.75,1893.35,1879.28,1534933,2884574154.9,73942,673571,43.88,0.00868383900269043
LT,EQ,2022-08-25,1893.35,1900.0,1918.0,1873.0,1875.9,1877.9,1900.71,1121363,2131380965.7,62989,515839,46.0,-0.008160139435392177
LT,EQ,2022-08-26,1877.9,1890.2,1912.0,1887.2,1905.4,1905.4,1901.02,1119310,2127826134.55,61344,486098,43.43,0.014644017253314878
LT,EQ,2022-08-29,1905.4,1870.0,1890.0,1861.0,1882.0,1881.5,1879.15,1183546,2224055772.2,71383,641455,54.2,-0.01254329799517162
LT,EQ,2022-08-30,1881.5,1893.9,1928.0,1889.15,1915.2,1922.5,1911.16,1394462,2665044863.95,66762,846209,60.68,0.02179112410310924
LT,EQ,2022-09-01,1922.5,1905.0,1930.5,1892.1,1915.65,1912.95,1904.56,2014905,3837503482.6,85107,1318623,65.44,-0.004967490247074102
LT,EQ,2022-09-02,1912.95,1900.5,1958.8,1900.25,1940.0,1940.5,1937.35,3201140,6201736690.8,114007,1992725,62.25,0.01440184008991352
LT,EQ,2022-09-05,1940.5,1947.95,1972.75,1942.1,1964.0,1968.35,1962.07,2474746,4855634861.8,103970,1694060,68.45,0.014351971141458364
LT,EQ,2022-09-06,1968.35,1973.8,1985.1,1951.3,1964.0,1962.3,1965.43,1172733,2304926348.8,68445,632098,53.9,-0.0030736403586760774
LT,EQ,2022-09-07,1962.3,1941.1,1961.35,1934.0,1957.0,1958.1,1950.92,1238549,2416308527.9,65175,694920,56.11,-0.002140345512918529
LT,EQ,2022-09-08,1958.1,1967.9,1977.0,1947.55,1971.0,1974.4,1967.37,1632797,3212308853.1,64707,1103284,67.57,0.008324396098258635
LT,EQ,2022-09-09,1974.4,1977.35,1987.4,1944.0,1950.95,1949.75,1957.85,980869,1920391555.7,66801,514777,52.48,-0.01248480551053488
LT,EQ,2022-09-12,1949.75,1949.75,1967.0,1947.9,1960.5,1961.9,1960.22,791708,1551924251.25,50832,474321,59.91,0.006231568149762889
LT,EQ,2022-09-13,1961.9,1968.9,1995.0,1963.1,1990.0,1991.35,1979.23,1761021,3485459351.55,94770,1064212,60.43,0.0150109587644629
LT,EQ,2022-09-14,1991.35,1964.65,1972.95,1949.4,1957.35,1953.9,1960.27,2322752,4553230745.4,75111,1497580,64.47,-0.01880633740929516
LT,EQ,2022-09-15,1953.9,1959.1,1984.7,1954.8,1959.0,1957.5,1963.83,1566565,3076467869.85,81252,958351,61.18,0.0018424689083371693
LT,EQ,2022-09-16,1957.5,1947.0,1956.9,1915.0,1925.5,1920.0,1925.59,3881617,7474386336.5,102140,2902418,74.77,-0.019157088122605415
LT,EQ,2022-09-19,1920.0,1921.1,1931.95,1905.0,1912.65,1910.7,1916.11,1755456,3363655068.6,89284,1233517,70.27,-0.0048437499999999245
LT,EQ,2022-09-20,1910.7,1931.0,1955.8,1925.0,1929.0,1932.7,1941.1,1666658,3235148422.8,75886,1003108,60.19,0.011514104778353573
LT,EQ,2022-09-21,1932.7,1921.1,1946.3,1891.6,1899.0,1895.65,1910.93,1618385,3092626081.25,89152,1033994,63.89,-0.019170072954933448
LT,EQ,2022-09-22,1895.65,1882.0,1905.6,1873.0,1887.7,1888.2,1889.95,1875115,3543872663.85,72109,1135677,60.57,-0.00393005037849814
LT,EQ,2022-09-23,1888.2,1890.0,1895.45,1852.55,1861.0,1856.85,1872.73,1948766,3649507319.15,85463,1251011,64.2,-0.01660311407689874
LT,EQ,2022-09-26,1856.85,1849.0,1876.8,1818.0,1855.8,1851.45,1845.2,1529101,2821494138.4,80553,805672,52.69,-0.002908150900718831
LT,EQ,2022-09-27,1851.45,1856.0,1864.0,1832.5,1846.0,1841.2,1843.98,1443698,2662148288.0,78852,867524,60.09,-0.005536201355694215
LT,EQ,2022-09-28,1841.2,1829.7,1856.0,1825.6,1831.05,1835.45,1838.15,1853503,3407014402.25,70554,1288439,69.51,-0.0031229632848142064
LT,EQ,2022-09-29,1835.45,1844.65,1857.4,1797.4,1816.6,1815.5,1818.11,2377718,4322949754.1,95828,1536254,64.61,-0.010869269116565494
LT,EQ,2022-09-30,1815.5,1823.95,1882.95,1816.05,1846.0,1847.7,1848.42,2339518,4324411522.55,97114,1453339,62.12,0.017736160837234838
LT,EQ,2022-10-03,1847.7,1852.0,1852.0,1814.0,1822.3,1819.3,1825.16,1850414,3377294312.55,105296,1196908,64.68,-0.015370460572603828
LT,EQ,2022-10-04,1819.3,1835.3,1880.95,1835.3,1873.0,1871.55,1866.69,1637532,3056760666.05,89225,1028072,62.78,0.028719837300060558
LT,EQ,2022-10-06,1871.55,1882.0,1919.0,1878.1,1910.05,1912.95,1908.69,2771898,5290690802.9,118371,1904787,68.72,0.02212070209184902
LT,EQ,2022-10-07,1912.95,1905.0,1928.95,1903.05,1924.0,1924.55,1918.25,1469264,2818421688.75,56959,889486,60.54,0.0060639326694371665
LT,EQ,2022-10-10,1924.55,1905.0,1917.0,1883.5,1910.0,1909.65,1900.0,1656954,3148210446.7,71154,1071626,64.67,-0.00774206957470569
LT,EQ,2022-10-11,1909.65,1923.8,1923.8,1871.25,1874.65,1878.95,1898.68,1047963,1989749582.5,69146,665968,63.55,-0.016076244337967727
LT,EQ,2022-10-12,1878.95,1880.0,1916.0,1858.05,1909.0,1911.25,1889.8,1907748,3605261354.25,86171,1314243,68.89,0.017190452114212773
LT,EQ,2022-10-13,1911.25,1901.0,1912.0,1868.25,1879.7,1876.15,1884.74,1303645,2457034059.95,64804,764469,58.64,-0.018364944408109873
LT,EQ,2022-10-14,1876.15,1900.0,1936.75,1898.45,1915.0,1911.6,1922.94,1819114,3498038048.1,81440,964522,53.02,0.01889507768568599
LT,EQ,2022-10-17,1911.6,1902.9,1914.0,1878.4,1884.4,1883.2,1888.4,2588147,4887452718.5,72718,1764952,68.19,-0.014856664574178668
LT,EQ,2022-10-18,1883.2,1893.1,1931.2,1893.1,1919.0,1918.1,1918.49,1401849,2689434310.8,72912,688505,49.11,0.018532285471537735
LT,EQ,2022-10-19,1918.1,1920.0,1947.0,1901.65,1903.0,1904.9,1917.04,1636141,3136546899.05,62715,816090,49.88,-0.006881810124602428
LT,EQ,2022-10-20,1904.9,1898.65,1917.8,1886.3,1903.6,1904.15,1904.45,1374019,2616754652.1,57551,779560,56.74,-0.00039372145519445123
LT,EQ,2022-10-21,1904.15,1913.7,1925.0,1867.1,1874.45,1876.75,1895.07,2225676,4217809348.95,83528,1543761,69.36,-0.014389622666281632
LT,EQ,2022-10-24,1876.75,1906.0,1919.9,1900.0,1910.65,1909.75,1912.92,269400,515341652.95,17096,113283,42.05,0.01758358865059284
LT,EQ,2022-10-25,1909.75,1915.0,1954.65,1891.55,1945.0,1949.1,1935.14,2136147,4133745568.6,67113,1331494,62.33,0.020604791203036932
LT,EQ,2022-10-27,1949.1,1952.1,1971.85,1949.9,1965.0,1964.05,1960.03,2245395,4401044504.05,102048,1490978,66.4,0.0076702067620952885
LT,EQ,2022-10-28,1964.05,1972.0,1986.0,1963.8,1976.8,1975.05,1977.14,2013794,3981559566.15,88886,1329250,66.01,0.005600672080649627
LT,EQ,2022-10-31,1975.05,1986.0,2034.65,1978.2,2031.45,2023.1,2008.32,3176507,6379442441.5,130454,1959878,61.7,0.024328498012708533
LT,EQ,2022-11-01,2023.1,2032.0,2056.0,1990.05,2021.0,2024.45,2022.17,4464211,9027384925.65,170291,1967064,44.06,0.0006672927685236196
LT,EQ,2022-11-02,2024.45,2036.5,2042.0,2000.0,2014.1,2013.3,2014.85,1889651,3807357637.45,65656,1203840,63.71,-0.005507668749537009
LT,EQ,2022-11-03,2013.3,2006.0,2022.5,1993.0,2005.0,2008.7,2006.19,1052241,2110990440.9,55079,633590,60.21,-0.0022848060398350523
LT,EQ,2022-11-04,2008.7,2010.0,2029.35,2004.75,2015.0,2015.1,2015.3,2312753,4660881969.1,57040,1778712,76.91,0.003186140289739514
LT,EQ,2022-11-07,2015.1,2021.4,2032.0,1993.0,2015.0,2017.65,2012.12,1395070,2807043166.3,66966,840758,60.27,0.0012654458835790194
LT,EQ,2022-11-09,2017.65,2025.05,2036.95,1996.25,1998.95,2003.5,2015.32,1301233,2622400693.3,52850,751339,57.74,-0.007013109310336274
LT,EQ,2022-11-10,2003.5,1995.0,2001.85,1970.2,1978.55,1977.65,1982.84,1261210,2500778677.2,75488,716353,56.8,-0.012902420763663547
LT,EQ,2022-11-11,1977.65,2003.6,2018.8,1991.95,2013.5,2011.1,2006.36,1203125,2413899459.35,64699,581400,48.32,0.01691401410765292
LT,EQ,2022-11-14,2011.1,2013.05,2021.9,1995.25,1999.55,1999.8,2003.29,1175155,2354172444.05,54858,763804,65.0,-0.005618815573566693
LT,EQ,2022-11-15,1999.8,2003.0,2017.0,1978.1,1998.0,1996.55,1992.69,1450841,2891079407.75,64460,878217,60.53,-0.0016251625162516659
LT,EQ,2022-11-16,1996.55,1986.0,2009.85,1985.05,2005.0,2003.6,2000.64,1195832,2392434223.8,84096,669723,56.0,0.003531091132203068
LT,EQ,2022-11-17,2003.6,2002.0,2059.0,2001.1,2029.0,2029.55,2041.87,3786182,7730889147.2,166566,1750699,46.24,0.012951686963465825
LT,EQ,2022-11-18,2029.55,2039.0,2050.95,2006.85,2022.0,2024.45,2021.37,1248459,2523598621.05,62869,567468,45.45,-0.002512872311596137
LT,EQ,2022-11-21,2024.45,2019.0,2033.0,2007.0,2011.0,2011.45,2015.0,714687,1440094725.55,48654,379735,53.13,-0.006421497196769543
LT,EQ,2022-11-22,2011.45,2021.55,2033.15,2019.6,2028.0,2029.8,2027.68,1337869,2712770565.7,83629,828059,61.89,0.009122772129558143
LT,EQ,2022-11-23,2029.8,2038.95,2044.0,2018.0,2023.05,2025.0,2025.59,1046988,2120770550.2,49707,683220,65.26,-0.0023647650014779753
LT,EQ,2022-11-24,2025.0,2030.5,2060.0,2028.4,2056.0,2052.2,2045.48,1611889,3297093632.9,79111,1032715,64.07,0.013432098765431943
LT,EQ,2022-11-25,2052.2,2061.0,2095.8,2058.45,2063.0,2062.75,2076.45,2652761,5508320057.25,86701,1338450,50.45,0.005140824481044914
LT,EQ,2022-11-28,2062.75,2064.35,2072.0,2052.0,2065.05,2064.45,2063.16,1105372,2280556183.45,82072,652257,59.01,0.0008241425281783066
LT,EQ,2022-11-29,2064.45,2070.0,2072.0,2038.6,2052.5,2050.55,2051.2,1413764,2899910586.55,54385,811351,57.39,-0.006733028167308364
LT,EQ,2022-11-30,2050.55,2053.0,2086.0,2045.0,2079.4,2074.85,2067.65,2104550,4351476185.0,93170,1468291,69.77,0.011850479139742909
LT,EQ,2022-12-01,2074.85,2085.25,2110.0,2079.45,2103.0,2104.25,2100.03,2614357,5490216314.45,170950,1813416,69.36,0.014169699014386694
LT,EQ,2022-12-02,2104.25,2096.1,2098.9,2069.15,2090.0,2085.5,2082.38,1957264,4075775938.5,119334,1358489,69.41,-0.008910538196507112
LT,EQ,2022-12-05,2085.5,2095.95,2096.8,2068.85,2088.6,2085.6,2082.63,1767537,3681129279.65,139331,1236426,69.95,4.795013186287278e-05
LT,EQ,2022-12-06,2085.6,2081.0,2100.0,2067.0,2095.0,2093.5,2084.45,1530731,3190738032.5,93923,970939,63.43,0.0037878787878788955
LT,EQ,2022-12-07,2093.5,2096.3,2144.0,2096.3,2125.0,2124.0,2125.63,3438327,7308598937.2,110877,2112859,61.45,0.014568903749701434
LT,EQ,2022-12-08,2124.0,2120.0,2175.0,2120.0,2165.0,2167.7,2151.53,3743754,8054804719.25,196918,2596859,69.37,0.02057438794726929
LT,EQ,2022-12-09,2167.7,2168.0,2194.35,2137.5,2150.0,2154.05,2168.51,2573609,5580909049.75,176599,1705031,66.25,-0.006296996816902545
LT,EQ,2022-12-12,2154.05,2148.9,2169.0,2134.55,2157.0,2163.7,2155.4,1536090,3310893106.4,143712,1073814,69.91,0.0044799331491838235
LT,EQ,2022-12-13,2163.7,2170.0,2175.7,2152.5,2168.0,2172.9,2163.77,1233124,2668196102.9,89348,712295,57.76,0.004251975782225026
LT,EQ,2022-12-14,2172.9,2176.95,2210.0,2175.05,2193.3,2195.45,2192.63,1516631,3325405260.25,84461,949280,62.59,0.010377836071609137
LT,EQ,2022-12-15,2195.45,2196.7,2209.0,2173.6,2179.7,2177.55,2190.57,1323412,2899027475.5,75193,830255,62.74,-0.008153225990115809
LT,EQ,2022-12-16,2177.55,2161.0,2211.6,2161.0,2170.0,2175.0,2185.09,2822390,6167165173.85,83635,1775296,62.9,-0.0011710408486602653
LT,EQ,2022-12-19,2175.0,2171.0,2187.45,2155.05,2184.85,2184.0,2170.38,1592779,3456936006.55,98420,967947,60.77,0.004137931034482678
LT,EQ,2022-12-20,2184.0,2179.9,2179.9,2138.0,2158.3,2163.25,2151.64,1747181,3759296481.1,83014,1132069,64.79,-0.009500915750915717
LT,EQ,2022-12-21,2163.25,2153.1,2174.95,2142.85,2147.0,2146.3,2155.04,1979681,4266301526.85,118119,1223325,61.79,-0.007835432797873465
LT,EQ,2022-12-22,2146.3,2144.0,2148.35,2096.9,2107.95,2109.95,2115.6,1993744,4217970340.1,123082,1289884,64.7,-0.016936122629641837
LT,EQ,2022-12-23,2109.95,2094.5,2104.15,2050.1,2063.0,2062.75,2072.91,2026125,4199977932.95,107760,1269811,62.67,-0.022370198345932235
LT,EQ,2022-12-26,2062.75,2052.75,2108.0,2051.0,2088.1,2091.05,2092.46,1154610,2415976881.55,74970,613672,53.15,0.013719549145558174
LT,EQ,2022-12-27,2091.05,2101.55,2128.0,2085.0,2121.0,2124.1,2111.04,1059351,2236329277.05,57659,535807,50.58,0.015805456588795064
LT,EQ,2022-12-28,2124.1,2129.0,2136.0,2113.65,2113.65,2121.1,2127.77,1153883,2455192247.85,70753,636937,55.2,-0.001412362883103424
LT,EQ,2022-12-29,2121.1,2109.65,2120.55,2094.15,2114.95,2110.9,2107.28,1517150,3197065508.45,99779,1042418,68.71,-0.004808825609353584
LT,EQ,2022-12-30,2110.9,2115.0,2133.0,2081.1,2086.15,2085.8,2103.37,1189427,2501802984.15,112712,714003,60.03,-0.011890662750485559
LT,EQ,2023-01-02,2085.8,2092.9,2097.6,2075.05,2092.05,2089.45,2089.1,807344,1686620365.65,63597,420718,52.11,0.0017499280851469567
LT,EQ,2023-01-03,2089.45,2088.0,2096.8,2067.95,2090.95,2088.95,2082.34,1260225,2624218252.15,62640,742485,58.92,-0.0002392974227667377
LT,EQ,2023-01-04,2088.95,2090.95,2101.45,2058.0,2069.0,2070.55,2070.22,1015547,2102406151.6,62520,543678,53.54,-0.008808252950046502
LT,EQ,2023-01-05,2070.55,2080.0,2099.2,2068.5,2089.5,2087.35,2080.7,1881403,3914641790.65,95733,1285361,68.32,0.008113786192074368
LT,EQ,2023-01-06,2087.35,2090.2,2121.7,2071.85,2088.0,2086.55,2093.65,1877917,3931694802.65,95076,975325,51.94,-0.0003832610726517416
LT,EQ,2023-01-09,2086.55,2108.0,2127.3,2100.75,2114.55,2121.7,2117.0,1844365,3904519265.85,147462,1201009,65.12,0.01684598979176144
LT,EQ,2023-01-10,2121.7,2131.9,2131.9,2097.2,2104.0,2106.65,2115.67,1425414,3015704811.25,130012,937059,65.74,-0.007093368525239119
LT,EQ,2023-01-11,2106.65,2106.1,2140.0,2097.1,2133.0,2125.35,2117.35,1455621,3082063520.1,96128,922263,63.36,0.00887665250516223
LT,EQ,2023-01-12,2125.35,2118.1,2164.65,2118.1,2160.5,2159.75,2152.89,2726901,5870712119.9,153582,1721376,63.13,0.016185569435622327
LT,EQ,2023-01-13,2159.75,2161.9,2164.85,2117.2,2150.05,2153.4,2139.94,2180210,4665521018.6,127575,1259841,57.79,-0.0029401551105451285
LT,EQ,2023-01-16,2153.4,2147.0,2161.0,2132.3,2132.35,2137.2,2144.74,1009649,2165434772.05,81451,576989,57.15,-0.007522986904430318
LT,EQ,2023-01-17,2137.2,2139.9,2217.8,2136.4,2216.9,2213.1,2198.93,4645453,10215009311.7,213937,2605697,56.09,0.03551375631667608
LT,EQ,2023-01-18,2213.1,2221.0,2274.8,2200.0,2265.05,2266.5,2240.43,4090049,9163476448.9,185845,2190580,53.56,0.024129049749220588
LT,EQ,2023-01-19,2266.5,2259.85,2283.8,2241.0,2270.0,2273.1,2265.54,2176835,4931700203.9,134246,1130398,51.93,0.0029119788219722498
LT,EQ,2023-01-20,2273.1,2282.45,2297.65,2238.45,2248.4,2249.95,2270.11,1962410,4454881808.55,126028,988540,50.37,-0.010184329769917788
LT,EQ,2023-01-23,2249.95,2255.0,2273.3,2227.0,2235.0,2233.5,2243.26,1466706,3290200925.8,78952,815502,55.6,-0.007311273583857303
LT,EQ,2023-01-24,2233.5,2244.7,2252.3,2200.0,2201.4,2207.5,2219.59,1036962,2301629112.9,70138,525045,50.63,-0.011640922319229863
LT,EQ,2023-01-25,2207.5,2201.0,2205.0,2155.0,2174.9,2174.7,2172.92,2134447,4637991515.4,111225,1244459,58.3,-0.014858437146092918
LT,EQ,2023-01-27,2174.7,2174.7,2195.0,2127.1,2159.9,2159.85,2150.76,1647900,3544244338.55,141766,962156,58.39,-0.006828528072837625
LT,EQ,2023-01-30,2159.85,2129.4,2173.25,2083.8,2122.05,2112.9,2120.67,3441304,7297862491.0,151330,2263080,65.76,-0.02173762066810192
LT,EQ,2023-01-31,2112.9,2119.95,2132.75,2072.65,2120.95,2124.4,2103.29,4516463,9499419709.55,212750,2767252,61.27,0.005442756401154769
LT,EQ,2023-02-01,2124.4,2133.0,2215.95,2080.3,2150.0,2145.55,2152.19,6868872,14783134230.9,256684,3106803,45.23,0.009955752212389424
LT,EQ,2023-02-02,2145.55,2135.6,2166.95,2107.85,2141.7,2144.9,2138.58,3488506,7460432936.9,152388,1827787,52.39,-0.0003029526228706114
LT,EQ,2023-02-03,2144.9,2176.95,2181.85,2131.05,2161.0,2166.55,2158.13,2045634,4414753237.65,112767,1056513,51.65,0.010093710662501865
LT,EQ,2023-02-06,2166.55,2164.25,2181.6,2142.3,2158.0,2156.1,2161.77,1332484,2880524522.85,88327,668816,50.19,-0.004823336641203935
LT,EQ,2023-02-07,2156.1,2162.25,2172.0,2150.05,2165.0,2165.3,2161.68,1089248,2354607994.15,78455,553852,50.85,0.004266963498910092
LT,EQ,2023-02-08,2165.3,2160.55,2175.25,2125.55,2133.25,2130.85,2144.06,1452145,3113490283.6,116062,790018,54.4,-0.015910035560892433
LT,EQ,2023-02-09,2130.85,2150.0,2151.95,2135.7,2148.6,2147.4,2145.92,1563181,3354461550.1,109089,857655,54.87,0.007766853603022428
LT,EQ,2023-02-10,2147.4,2140.2,2169.95,2137.55,2160.0,2163.85,2156.74,1454665,3137336843.7,107578,743797,51.13,0.007660426562354328
LT,EQ,2023-02-13,2163.85,2173.0,2210.4,2160.2,2203.5,2203.3,2194.52,2978938,6537350681.2,100580,1754014,58.88,0.018231393118746775
LT,EQ,2023-02-14,2203.3,2215.0,2216.0,2182.15,2189.35,2191.65,2196.73,1874906,4118665071.9,67427,1283513,68.46,-0.005287523260563698
LT,EQ,2023-02-15,2191.65,2186.0,2187.85,2157.25,2176.1,2175.05,2171.79,1946344,4227053104.4,98792,1200268,61.67,-0.007574202085186887
LT,EQ,2023-02-16,2175.05,2186.8,2202.3,2171.7,2175.9,2178.3,2184.11,2464602,5382955575.75,70544,1811902,73.52,0.0014942185237121208
LT,EQ,2023-02-17,2178.3,2169.8,2249.0,2160.0,2227.0,2226.35,2225.4,3753179,8352333197.15,181170,1926020,51.32,0.02205848597530169
LT,EQ,2023-02-20,2226.35,2233.7,2252.0,2215.0,2220.5,2225.5,2229.3,1779752,3967596563.75,62038,970060,54.51,-0.00038179082354516947
LT,EQ,2023-02-21,2225.5,2239.0,2262.0,2222.7,2235.35,2229.45,2242.03,1882604,4220863635.8,107550,1120041,59.49,0.0017748820489775774
LT,EQ,2023-02-22,2229.45,2229.0,2241.0,2182.05,2203.0,2194.75,2212.81,2103097,4653749371.3,106503,1298976,61.76,-0.015564376864248941
LT,EQ,2023-02-23,2194.75,2204.0,2208.2,2153.5,2154.0,2159.15,2178.14,2000556,4357497777.3,130397,1286174,64.29,-0.01622052625583781
LT,EQ,2023-02-24,2159.15,2160.0,2172.3,2118.75,2135.1,2134.05,2144.65,1479060,3172071254.65,122963,773206,52.28,-0.011624945001505127
LT,EQ,2023-02-27,2134.05,2134.05,2139.9,2082.1,2112.0,2113.7,2107.61,1398112,2946679217.05,91571,771584,55.19,-0.009535859047351436
LT,EQ,2023-02-28,2113.7,2115.0,2138.3,2085.0,2107.85,2109.15,2112.21,2108587,4453785082.85,103579,1276603,60.54,-0.0021526233618771595
LT,EQ,2023-03-01,2109.15,2100.0,2130.0,2100.0,2118.9,2115.3,2116.16,1389077,2939507302.45,101999,846118,60.91,0.0029158665813242557
LT,EQ,2023-03-02,2115.3,2129.95,2149.0,2107.55,2117.5,2121.6,2123.82,1727640,3669203061.9,122328,868979,50.3,0.002978300950219781
LT,EQ,2023-03-03,2121.6,2140.0,2159.9,2132.25,2153.0,2152.05,2148.43,1821066,3912441073.45,120711,1207557,66.31,0.014352375565610975
LT,EQ,2023-03-06,2152.05,2158.25,2184.85,2139.8,2140.0,2141.15,2156.71,1821012,3927395880.1,97995,1235805,67.86,-0.005064938082293691
LT,EQ,2023-03-08,2141.15,2152.0,2189.6,2140.6,2172.0,2170.8,2165.37,2965342,6421066011.75,165110,1680250,56.66,0.013847698666604513
LT,EQ,2023-03-09,2170.8,2174.95,2199.0,2171.5,2193.0,2193.2,2188.04,1873933,4100242263.65,101846,1278862,68.24,0.010318776487930448
LT,EQ,2023-03-10,2193.2,2171.5,2182.0,2133.0,2159.45,2157.85,2154.4,1900535,4094513559.4,91711,1215518,63.96,-0.0161180010942914
LT,EQ,2023-03-13,2157.85,2164.05,2178.95,2107.0,2142.0,2133.85,2143.96,2334468,5005016642.1,112226,1600867,68.58,-0.011122181801330067
LT,EQ,2023-03-14,2133.85,2144.35,2171.0,2134.4,2152.6,2144.2,2152.88,2871343,6181643761.8,113612,1757139,61.2,0.004850387796705435
LT,EQ,2023-03-15,2144.2,2164.2,2212.45,2160.0,2173.0,2176.65,2187.88,3044201,6660353576.2,160109,1644137,54.01,0.015133849454342041
LT,EQ,2023-03-16,2176.65,2184.9,2187.0,2132.0,2173.25,2173.6,2162.68,2946792,6372960405.6,162873,1969265,66.83,-0.0014012358440723682
LT,EQ,2023-03-17,2173.6,2186.7,2228.9,2186.7,2194.15,2195.75,2205.29,3286473,7247624234.9,153006,2016287,61.35,0.010190467427309668
LT,EQ,2023-03-20,2195.75,2191.1,2205.0,2152.0,2178.95,2177.55,2173.19,1996773,4339360704.5,138654,1090653,54.62,-0.008288739610611273
LT,EQ,2023-03-21,2177.55,2182.7,2227.0,2182.0,2205.25,2208.45,2209.27,3178680,7022570676.7,139983,1977001,62.2,0.014190259695529228
LT,EQ,2023-03-22,2208.45,2219.5,2246.25,2207.9,2209.0,2213.95,2227.88,1956033,4357807809.6,109021,1047883,53.57,0.0024904344676131007
LT,EQ,2023-03-23,2213.95,2214.0,2242.0,2200.55,2206.8,2206.65,2226.65,2455799,5468206648.4,98325,1558940,63.48,-0.003297274102847747
LT,EQ,2023-03-24,2206.65,2206.0,2219.35,2153.05,2174.0,2166.15,2185.98,1449544,3168670804.7,90023,738114,50.92,-0.018353612942695996
LT,EQ,2023-03-27,2166.15,2175.05,2190.0,2150.0,2150.9,2154.0,2168.9,1540581,3341359938.05,135796,938890,60.94,-0.00560902984557865
LT,EQ,2023-03-28,2154.0,2167.75,2169.8,2122.45,2135.4,2133.6,2135.52,1627243,3475008155.0,96673,1043922,64.15,-0.009470752089136503
LT,EQ,2023-03-29,2133.6,2137.65,2159.3,2121.0,2150.0,2147.45,2140.31,2372385,5077637507.8,104448,1489514,62.79,0.0064913760779901075
LT,EQ,2023-03-31,2147.45,2156.5,2176.95,2150.55,2165.05,2164.2,2163.61,1489542,3222785339.45,96841,907452,60.92,0.007799948776455734
LT,EQ,2023-04-03,2164.2,2180.0,2183.5,2155.0,2169.0,2170.15,2170.48,1231654,2673282675.3,78708,774566,62.89,0.002749283800018709
LT,EQ,2023-04-05,2170.15,2170.0,2262.5,2165.0,2259.0,2257.75,2233.05,2763363,6170736018.9,145375,1396896,50.55,0.040365873326728474
LT,EQ,2023-04-06,2257.75,2257.75,2291.65,2254.45,2276.2,2274.25,2274.83,2389899,5436612593.2,96838,1262673,52.83,0.0073081607795371095
LT,EQ,2023-04-10,2274.25,2284.9,2319.9,2278.05,2310.0,2309.7,2306.95,1955914,4512200198.15,89598,1067643,54.59,0.01558755633725406
LT,EQ,2023-04-11,2309.7,2320.0,2330.0,2287.3,2302.7,2301.5,2302.85,1342440,3091444178.5,92230,755288,56.26,-0.003550244620513454
LT,EQ,2023-04-12,2301.5,2304.0,2312.7,2281.95,2289.0,2288.5,2291.51,1165839,2671527010.45,59946,714170,61.26,-0.005648490115142346
LT,EQ,2023-04-13,2288.5,2294.8,2295.0,2242.45,2263.5,2258.75,2257.99,1956668,4418131174.25,104076,1386657,70.87,-0.01299978151627701
LT,EQ,2023-04-17,2258.75,2258.75,2273.8,2201.15,2213.0,2214.0,2217.64,4125850,9149653322.5,135338,3195858,77.46,-0.01981184283342552
LT,EQ,2023-04-18,2214.0,2220.0,2230.0,2188.0,2222.0,2216.6,2208.18,2848601,6290219457.25,159574,2033457,71.38,0.0011743450767840447
LT,EQ,2023-04-19,2216.6,2208.1,2235.0,2208.1,2218.0,2219.6,2224.31,1970015,4381923167.65,88619,1380480,70.07,0.001353424163132777
LT,EQ,2023-04-20,2219.6,2225.0,2251.45,2222.25,2236.35,2232.75,2234.99,1898996,4244231154.35,64047,1277612,67.28,0.005924490899261059
LT,EQ,2023-04-21,2232.75,2240.15,2243.0,2202.0,2214.9,2215.2,2214.16,1009316,2234791968.95,56949,624479,61.87,-0.007860262008733687
LT,EQ,2023-04-24,2215.2,2220.0,2232.7,2186.55,2232.5,2228.9,2210.17,1239073,2738563468.15,66820,670747,54.13,0.006184543156374289
LT,EQ,2023-04-25,2228.9,2231.05,2254.0,2218.1,2245.8,2247.95,2241.47,1350118,3026249576.45,83288,666945,49.4,0.008546816815469427
LT,EQ,2023-04-26,2247.95,2247.85,2287.3,2244.05,2276.0,2276.15,2271.49,1894812,4304048330.15,86235,1174764,62.0,0.012544763006294701
LT,EQ,2023-04-27,2276.15,2275.75,2310.0,2267.1,2305.5,2305.6,2294.66,1252989,2875179639.6,60784,697654,55.68,0.012938514597016892
LT,EQ,2023-04-28,2305.6,2312.3,2369.0,2312.3,2360.0,2364.4,2346.47,2884961,6769472231.4,109342,1799875,62.39,0.02550312283136713
LT,EQ,2023-05-02,2364.4,2373.2,2416.35,2373.2,2387.0,2384.45,2393.24,1840153,4403931558.4,101401,1009151,54.84,0.008479952630688459
LT,EQ,2023-05-03,2384.45,2384.1,2390.0,2348.5,2355.8,2356.3,2362.54,998235,2358370082.2,67794,501868,50.28,-0.011805657489148302
LT,EQ,2023-05-04,2356.3,2361.8,2381.65,2342.85,2363.0,2356.9,2357.79,1230912,2902234986.2,59655,710769,57.74,0.0002546365063871292
LT,EQ,2023-05-05,2356.9,2357.0,2406.95,2357.0,2379.45,2377.5,2389.07,2425866,5795571367.25,133605,1351161,55.7,0.008740294454580022
LT,EQ,2023-05-08,2377.5,2377.45,2385.0,2354.05,2368.0,2365.4,2368.84,1583576,3751236289.35,63374,1031293,65.12,-0.005089379600420552
LT,EQ,2023-05-09,2365.4,2367.65,2401.9,2367.65,2374.95,2374.35,2380.73,1417301,3374208041.2,102983,789444,55.7,0.003783715227868356
LT,EQ,2023-05-10,2374.35,2387.0,2388.95,2350.0,2372.8,2364.45,2362.84,1675409,3958730205.45,68774,1006405,60.07,-0.004169562195969423
LT,EQ,2023-05-11,2364.45,2300.0,2314.05,2237.35,2244.0,2242.15,2255.59,9470848,21362395284.8,517410,6449975,68.1,-0.05172450252701466
LT,EQ,2023-05-12,2242.15,2222.65,2235.0,2197.35,2226.0,2221.1,2216.56,5367292,11896941825.55,270385,3740432,69.69,-0.009388310327141491
LT,EQ,2023-05-15,2221.1,2220.9,2260.0,2215.0,2243.0,2246.85,2245.48,2662740,5979133304.65,189172,1613816,60.61,0.011593354644095166
LT,EQ,2023-05-16,2246.85,2254.6,2255.0,2223.1,2227.55,2227.2,2234.36,2528855,5650378608.0,204858,1668109,65.96,-0.008745577141331284
LT,EQ,2023-05-17,2227.2,2224.35,2244.0,2210.2,2217.5,2219.6,2223.69,1961004,4360662313.15,154051,1033393,52.7,-0.003412356321839005
LT,EQ,2023-05-18,2219.6,2230.0,2233.55,2181.0,2187.6,2188.2,2204.09,2290757,5049027902.95,90474,1314676,57.39,-0.014146693097855545
LT,EQ,2023-05-19,2188.2,2192.0,2199.05,2168.5,2194.0,2190.05,2183.81,1729803,3777564560.35,126536,1000821,57.86,0.0008454437437164231
LT,EQ,2023-05-22,2190.05,2190.0,2222.0,2178.4,2219.75,2216.6,2211.1,1112099,2458966165.5,79757,466229,41.92,0.012123010890162211
LT,EQ,2023-05-23,2216.6,2225.6,2228.6,2194.0,2196.0,2197.65,2203.51,2265389,4991800513.0,148396,1492247,65.87,-0.008549129297121594
LT,EQ,2023-05-24,2197.65,2200.0,2208.5,2176.0,2190.0,2185.15,2189.9,2648479,5799912291.0,177358,1981266,74.81,-0.005687893886651696
LT,EQ,2023-05-25,2185.15,2190.0,2207.3,2178.0,2205.55,2204.7,2190.71,1689521,3701256865.8,110789,995242,58.91,0.008946754227398435
LT,EQ,2023-05-26,2204.7,2209.0,2220.75,2201.0,2218.0,2218.45,2213.0,1249128,2764318879.35,59656,665160,53.25,0.006236676191772039
LT,EQ,2023-05-29,2218.45,2225.0,2241.8,2220.2,2227.3,2224.55,2230.23,1369656,3054642456.65,62359,758099,55.35,0.002749667560684399
LT,EQ,2023-05-30,2224.55,2230.0,2237.0,2207.2,2212.5,2210.8,2215.65,1716729,3803668166.15,63987,1217068,70.89,-0.006181025375918692
LT,EQ,2023-05-31,2210.8,2201.1,2224.0,2200.0,2212.5,2205.65,2207.16,2809284,6200544991.75,72450,2131481,75.87,-0.0023294734937580053
LT,EQ,2023-06-01,2205.65,2217.0,2222.0,2202.15,2209.4,2207.8,2211.72,1049488,2321170531.55,77153,588404,56.07,0.0009747693423707293
LT,EQ,2023-06-02,2207.8,2221.0,2237.3,2212.15,2236.0,2234.55,2228.04,1399950,3119146915.75,117300,999878,71.42,0.012116133707763321
LT,EQ,2023-06-05,2234.55,2245.0,2272.8,2240.0,2269.5,2268.3,2260.72,2344944,5301254467.75,132166,1410174,60.14,0.015103712156810056
LT,EQ,2023-06-06,2268.3,2269.0,2280.7,2263.7,2278.1,2277.95,2272.28,1677680,3812165166.35,98810,1208031,72.01,0.0042542873517610325
LT,EQ,2023-06-07,2277.95,2278.0,2318.0,2278.0,2316.0,2315.5,2304.52,2128603,4905399392.2,122375,1470071,69.06,0.016484119493404226
LT,EQ,2023-06-08,2315.5,2316.95,2345.05,2312.75,2340.4,2340.3,2336.61,2556995,5974708032.0,71004,1882185,73.61,0.010710429712805114
LT,EQ,2023-06-09,2340.3,2345.0,2368.85,2338.25,2363.25,2363.0,2360.07,2501720,5904244190.05,71065,1940724,77.58,0.009699611160962185
LT,EQ,2023-06-12,2363.0,2365.0,2370.0,2333.1,2340.05,2339.95,2342.03,1172382,2745752288.65,45800,738906,63.03,-0.009754549301735138
LT,EQ,2023-06-13,2339.95,2345.85,2357.9,2327.1,2352.0,2354.4,2348.25,1688768,3965656922.25,111296,1296051,76.75,0.0061753456270434715
LT,EQ,2023-06-14,2354.4,2352.9,2360.0,2340.0,2355.0,2355.05,2351.52,1013564,2383416827.05,56151,672053,66.31,0.000276078831124682
LT,EQ,2023-06-15,2355.05,2355.0,2369.5,2349.0,2358.4,2361.3,2363.11,2561534,6053183578.6,77879,2160742,84.35,0.002653871467697133
LT,EQ,2023-06-16,2361.3,2363.75,2380.0,2352.25,2363.15,2366.8,2367.08,1794542,4247829339.05,86400,1346918,75.06,0.0023292254266717993
LT,EQ,2023-06-19,2366.8,2379.0,2419.9,2361.0,2365.0,2366.35,2387.28,3111256,7427437381.0,106255,2031497,65.3,-0.00019013013351376618
LT,EQ,2023-06-20,2366.35,2364.95,2389.65,2354.45,2388.0,2382.0,2375.25,1771306,4207298020.8,82474,1295751,73.15,0.006613560969425558
LT,EQ,2023-06-21,2382.0,2382.0,2412.0,2382.0,2394.0,2394.45,2399.93,1607299,3857408949.95,70345,1093927,68.06,0.005226700251889094
LT,EQ,2023-06-22,2394.45,2394.6,2424.0,2380.0,2418.0,2416.25,2405.52,1741775,4189872511.6,73734,868261,49.85,0.009104387228799915
LT,EQ,2023-06-23,2416.25,2418.95,2427.0,2383.25,2392.9,2389.55,2402.41,1212955,2914013127.3,82586,587927,48.47,-0.011050181065700881
LT,EQ,2023-06-26,2389.55,2398.1,2403.85,2367.95,2375.0,2377.55,2379.97,793572,1888673789.8,67473,410423,51.72,-0.0050218660417233885
LT,EQ,2023-06-27,2377.55,2387.45,2396.95,2371.55,2389.0,2388.05,2387.44,1012317,2416846489.15,79667,664903,65.68,0.004416310908287979
LT,EQ,2023-06-28,2388.05,2400.0,2432.9,2390.05,2424.0,2421.45,2418.46,1734938,4195872072.2,118169,1127673,65.0,0.013986306819371297
LT,EQ,2023-06-30,2421.45,2420.0,2483.5,2415.05,2475.0,2475.55,2453.41,2690699,6601379350.05,127547,1894147,70.4,0.02234198517417263
LT,EQ,2023-07-03,2475.55,2478.2,2492.4,2448.0,2456.0,2454.05,2464.64,1078456,2658008200.35,77218,635450,58.92,-0.008684938700490807
LT,EQ,2023-07-04,2454.05,2458.2,2484.4,2458.2,2463.0,2461.85,2468.7,1441581,3558836405.1,92291,1054452,73.15,0.003178419347608985
LT,EQ,2023-07-05,2461.85,2461.0,2484.95,2454.35,2472.0,2470.8,2469.27,1191896,2943109995.05,78418,810382,67.99,0.0036354773848936706
LT,EQ,2023-07-06,2470.8,2468.1,2499.95,2467.55,2487.0,2488.6,2489.92,1796824,4473950531.6,87551,1005484,55.96,0.007204144406669721
LT,EQ,2023-07-07,2488.6,2482.75,2504.0,2444.6,2452.0,2449.35,2463.95,1837661,4527902781.45,105241,1347700,73.34,-0.01577191995499483
LT,EQ,2023-07-10,2449.35,2450.0,2463.35,2420.0,2445.1,2438.75,2436.66,1178479,2871549715.85,75892,749377,63.59,-0.004327678771919086
LT,EQ,2023-07-11,2438.75,2447.2,2479.0,2447.2,2478.35,2474.55,2469.28,1219658,3011679718.55,83552,798632,65.48,0.014679651460789422
LT,EQ,2023-07-12,2474.55,2480.3,2485.95,2447.8,2455.0,2454.95,2462.68,1822435,4488079945.35,98685,1350744,74.12,-0.007920632034107311
LT,EQ,2023-07-13,2454.95,2466.0,2484.9,2446.25,2458.3,2450.15,2465.52,1141663,2814795698.5,98237,640077,56.07,-0.0019552333041404912
LT,EQ,2023-07-14,2450.15,2450.25,2477.05,2448.65,2475.0,2472.25,2464.74,845623,2084241353.5,61308,519618,61.45,0.009019855927188125
LT,EQ,2023-07-17,2472.25,2475.0,2494.0,2465.0,2474.0,2468.8,2476.42,878697,2176024418.05,75714,465760,53.01,-0.0013954899383151753
LT,EQ,2023-07-18,2468.8,2469.0,2489.95,2468.1,2479.0,2474.7,2476.79,720865,1785433516.25,61896,379227,52.61,0.0023898250162019963
LT,EQ,2023-07-19,2474.7,2474.6,2502.95,2466.4,2497.0,2494.15,2489.72,1431080,3562986689.45,122951,872498,60.97,0.007859538529922938
LT,EQ,2023-07-20,2494.15,2494.0,2495.7,2469.05,2490.1,2489.7,2484.26,1045704,2597799460.05,73092,521628,49.88,-0.0017841749694286202
LT,EQ,2023-07-21,2489.7,2522.0,2595.0,2521.1,2587.0,2586.25,2566.56,4610417,11832913691.9,241210,2055666,44.59,0.03877977266337318
LT,EQ,2023-07-24,2586.25,2637.65,2638.0,2583.9,2607.0,2605.25,2611.42,2155297,5628390254.05,109705,1111895,51.59,0.007346544224262841
LT,EQ,2023-07-25,2605.25,2616.0,2617.75,2553.0,2565.0,2560.9,2578.92,2068876,5335456329.5,126959,1415312,68.41,-0.017023318299587364
LT,EQ,2023-07-26,2560.9,2591.0,2673.85,2585.0,2652.0,2646.25,2654.97,5820099,15452214090.35,248160,2446470,42.03,0.03332812683041109
LT,EQ,2023-07-27,2646.25,2668.95,2676.35,2646.45,2661.95,2660.2,2661.87,2117794,5637296979.4,134044,1113786,52.59,0.005271610769957524
LT,EQ,2023-07-28,2660.2,2660.15,2668.15,2625.0,2649.0,2649.55,2650.01,1325724,3513183483.15,117262,766772,57.84,-0.004003458386587333
LT,EQ,2023-07-31,2649.55,2655.0,2690.0,2631.1,2682.0,2681.35,2658.32,1284981,3415895227.95,95837,774447,60.27,0.012002038081938338
LT,EQ,2023-08-01,2681.35,2681.35,2689.0,2655.35,2670.0,2666.65,2668.58,1298745,3465799252.6,104647,897296,69.09,-0.005482313013966733
LT,EQ,2023-08-02,2666.65,2638.0,2644.95,2602.7,2616.0,2622.15,2626.5,1479486,3885873944.55,122202,959784,64.87,-0.016687604297526804
LT,EQ,2023-08-03,2622.15,2615.0,2642.75,2586.3,2598.5,2598.1,2614.34,1612618,4215928369.8,114777,899221,55.76,-0.009171862784356444
LT,EQ,2023-08-04,2598.1,2605.0,2635.0,2598.5,2628.0,2626.9,2621.35,1101278,2886834664.8,76843,636060,57.76,0.01108502367114439
LT,EQ,2023-08-07,2626.9,2628.0,2654.0,2623.1,2638.1,2635.9,2640.44,1163125,3071161493.95,80262,616516,53.01,0.0034260915908486123
LT,EQ,2023-08-08,2635.9,2639.05,2649.5,2628.3,2635.0,2632.2,2638.44,767310,2024500774.15,108359,526849,68.66,-0.0014036951325924196
LT,EQ,2023-08-09,2632.2,2635.0,2655.0,2615.25,2648.1,2651.6,2635.47,906865,2390012952.95,67153,523153,57.69,0.007370260618493996
LT,EQ,2023-08-10,2651.6,2640.1,2661.6,2621.65,2641.85,2643.5,2638.91,1040041,2744572068.5,134752,652012,62.69,-0.0030547593905566606
LT,EQ,2023-08-11,2643.5,2642.05,2656.9,2631.25,2637.05,2638.5,2643.44,1320121,3489664834.15,78462,908209,68.8,-0.001891431813883071
LT,EQ,2023-08-14,2638.5,2637.0,2663.55,2616.0,2658.0,2659.9,2644.73,1364413,3608505516.1,104864,908820,66.61,0.008110668940686017
LT,EQ,2023-08-16,2659.9,2669.0,2695.0,2652.05,2689.2,2691.05,2677.57,1703875,4562252046.7,72956,1156834,67.89,0.011710966577690884
LT,EQ,2023-08-17,2691.05,2691.05,2691.05,2642.0,2649.0,2652.5,2656.9,1629067,4328265285.0,112323,1119213,68.7,-0.01432526337303286
LT,EQ,2023-08-18,2652.5,2650.0,2674.7,2632.75,2634.75,2641.95,2659.94,1898966,5051126737.6,106941,1180461,62.16,-0.003977379830348848
LT,EQ,2023-08-21,2641.95,2641.85,2666.6,2623.45,2656.15,2662.25,2641.98,1376318,3636198567.6,86473,904888,65.75,0.0076837184655274005
LT,EQ,2023-08-22,2662.25,2668.0,2685.65,2662.0,2679.0,2678.8,2677.38,1497180,4008520632.95,83673,1057729,70.65,0.006216546154568681
LT,EQ,2023-08-23,2678.8,2689.55,2726.0,2682.45,2718.1,2717.6,2712.78,1990672,5400260419.8,92469,1201253,60.34,0.014484097357025494
LT,EQ,2023-08-24,2717.6,2747.5,2766.8,2680.6,2688.65,2688.15,2724.37,2619182,7135628594.9,130987,1115073,42.57,-0.010836767736237762
LT,EQ,2023-08-25,2688.15,2677.45,2682.7,2631.0,2632.0,2638.4,2647.37,1408427,3728626143.5,90518,799158,56.74,-0.01850715175864437
LT,EQ,2023-08-28,2638.4,2653.55,2700.0,2650.05,2694.0,2695.35,2677.63,1551734,4154967223.6,82613,895886,57.73,0.021585051546391787
LT,EQ,2023-08-29,2695.35,2710.0,2722.1,2696.3,2716.95,2718.95,2710.46,1101830,2986464903.55,75845,635263,57.66,0.008755820208878218
LT,EQ,2023-08-30,2718.95,2722.95,2737.65,2707.0,2710.8,2709.0,2728.5,1920079,5238930029.5,86352,1459615,76.02,-0.00365950091027778
LT,EQ,2023-08-31,2709.0,2720.0,2724.6,2678.35,2716.0,2702.7,2698.55,2439625,6583451196.9,125071,1570166,64.36,-0.0023255813953488857
LT,EQ,2023-09-01,2702.7,2710.0,2715.95,2688.3,2705.0,2702.1,2703.79,1263430,3416045543.25,93775,796524,63.04,-0.00022200022200014047
LT,EQ,2023-09-04,2702.1,2733.0,2742.0,2705.0,2713.0,2711.1,2716.79,1548282,4206362223.6,95478,973357,62.87,0.003330742755634608
LT,EQ,2023-09-05,2711.1,2720.5,2739.0,2720.0,2735.0,2732.95,2732.22,1066447,2913763783.05,68146,715660,67.11,0.008059459260078894
LT,EQ,2023-09-06,2732.95,2740.0,2742.8,2712.0,2731.3,2730.45,2726.52,1747425,4764389224.6,100311,1309997,74.97,-0.000914762436195371
LT,EQ,2023-09-07,2730.45,2733.0,2855.95,2730.0,2846.1,2846.4,2806.61,4100519,11508577287.35,176598,1744045,42.53,0.04246552766027589
LT,EQ,2023-09-08,2846.4,2888.0,2928.7,2872.45,2900.0,2901.6,2902.97,3638510,10562494449.8,165172,1556878,42.79,0.019392917369308593
LT,EQ,2023-09-11,2901.6,2905.0,2926.0,2890.05,2896.5,2894.2,2908.25,1545803,4495577385.2,116993,1008061,65.21,-0.0025503170664461505
LT,EQ,2023-09-12,2894.2,2951.6,3009.0,2932.45,2948.5,2944.1,2980.82,7788759,23216896335.55,228017,4168770,53.52,0.01724137931034475
LT,EQ,2023-09-13,2944.1,2943.5,2943.7,2888.45,2912.0,2906.75,2914.12,2458417,7164131653.75,136168,1670141,67.94,-0.012686389728609693
LT,EQ,2023-09-14,2906.75,2924.9,2931.65,2906.0,2914.0,2918.6,2917.49,1910041,5572516827.65,131030,860502,45.05,0.004076717984002665
LT,EQ,2023-09-15,2918.6,2933.0,2934.95,2900.0,2906.95,2908.55,2913.25,1655275,4822228344.0,99318,1011520,61.11,-0.0034434317823612837
LT,EQ,2023-09-18,2908.55,2910.0,2930.0,2907.0,2920.3,2919.85,2920.17,736631,2151088308.8,77082,492362,66.84,0.0038850973852950776
LT,EQ,2023-09-20,2919.85,2926.95,2944.95,2886.05,2889.0,2890.0,2912.55,1399240,4075360092.2,99332,874572,62.5,-0.010223127900405804
LT,EQ,2023-09-21,2890.0,2885.05,2905.1,2846.05,2901.6,2899.35,2872.38,2444711,7022145824.05,143950,1342072,54.9,0.003235294117647003
LT,EQ,2023-09-22,2899.35,2908.7,2936.45,2902.25,2924.85,2918.5,2920.64,1965569,5740725173.5,163032,1258465,64.03,0.0066049286909135585
LT,EQ,2023-09-25,2918.5,2917.95,2923.8,2871.0,2910.05,2902.5,2890.51,1049532,3033683244.0,95811,599414,57.11,-0.005482268288504399
LT,EQ,2023-09-26,2902.5,2915.0,2944.0,2910.0,2911.2,2912.55,2923.88,953456,2787789493.15,67249,400990,42.06,0.003462532299741694
LT,EQ,2023-09-27,2912.55,2922.0,2994.9,2911.65,2971.0,2965.05,2962.27,2903693,8601508694.25,140969,1592092,54.83,0.01802544162331987
LT,EQ,2023-09-28,2965.05,2989.0,3050.5,2978.25,3025.45,3010.0,3020.21,4081102,12325765250.8,203630,1517639,37.19,0.015159946712534289
LT,EQ,2023-09-29,3010.0,3040.0,3058.35,3005.25,3026.0,3023.55,3032.62,2698016,8182044860.35,171335,1597492,59.21,0.004501661129568069
LT,EQ,2023-10-03,3023.55,3040.5,3077.45,2995.1,3074.0,3073.25,3044.59,3254492,9908583375.8,175833,2125318,65.3,0.01643763126126574
LT,EQ,2023-10-04,3073.25,3064.1,3064.1,2990.05,3027.0,3027.75,3022.81,3100946,9373579502.55,177894,2083793,67.2,-0.014805173676075811
LT,EQ,2023-10-05,3027.75,3032.55,3114.9,3032.55,3090.0,3096.05,3074.7,3413447,10495332572.95,197263,1612139,47.23,0.02255800511931305
LT,EQ,2023-10-06,3096.05,3114.95,3114.95,3073.15,3095.0,3093.7,3091.63,1898118,5868272319.5,121454,1086690,57.25,-0.0007590316693852905
LT,EQ,2023-10-09,3093.7,3075.0,3085.0,3055.55,3070.5,3074.7,3068.46,1181760,3626182059.2,99685,679550,57.5,-0.006141513398196352
LT,EQ,2023-10-10,3074.7,3073.85,3099.0,3072.15,3075.0,3076.0,3086.11,1551789,4788988638.2,122031,1166374,75.16,0.0004228054769570555
LT,EQ,2023-10-11,3076.0,3090.0,3110.0,3084.4,3087.2,3088.7,3097.38,2066921,6402030884.85,88805,1535119,74.27,0.00412873862158647
LT,EQ,2023-10-12,3088.7,3094.0,3105.05,3067.05,3082.95,3081.75,3080.04,1870280,5760541448.35,148950,1083898,57.95,-0.00225013759834225
LT,EQ,2023-10-13,3081.75,3067.75,3099.0,3063.5,3090.0,3089.6,3082.24,1437808,4431663157.95,164036,806160,56.07,0.0025472539952948736
LT,EQ,2023-10-16,3089.6,3098.95,3113.25,3074.7,3098.2,3101.9,3094.06,818794,2533401165.1,80754,430562,52.58,0.00398109787674783
LT,EQ,2023-10-17,3101.9,3109.9,3114.2,3063.0,3068.0,3066.3,3076.66,1847182,5683146686.7,76344,1365980,73.95,-0.01147683677745892
LT,EQ,2023-10-18,3066.3,3068.65,3079.15,3037.15,3044.75,3045.6,3048.72,1350839,4118323336.2,92252,818257,60.57,-0.006750807161725936
LT,EQ,2023-10-19,3045.6,3025.6,3069.9,3007.15,3055.0,3054.4,3043.34,1599104,4866615367.25,125551,753691,47.13,0.0028894142369320086
LT,EQ,2023-10-20,3054.4,3039.95,3056.25,2977.3,3017.0,3012.35,3013.38,1667471,5024716358.2,153002,917915,55.05,-0.013767024620220059
LT,EQ,2023-10-23,3012.35,3003.0,3006.9,2949.0,2961.5,2958.3,2974.68,1614030,4801223909.2,119364,1081955,67.03,-0.017942802131226343
LT,EQ,2023-10-25,2958.3,2959.0,2965.5,2910.3,2919.95,2916.1,2934.72,2108353,6187427022.45,163245,1428452,67.75,-0.014264949464219412
LT,EQ,2023-10-26,2916.1,2906.0,2916.15,2857.05,2864.45,2864.6,2874.72,3286109,9446652077.6,284482,2316267,70.49,-0.0176605740543877
LT,EQ,2023-10-27,2864.6,2864.65,2910.55,2857.65,2909.0,2901.9,2893.54,2399538,6943149814.4,159869,1708475,71.2,0.013021015150457282
LT,EQ,2023-10-30,2901.9,2899.2,2932.0,2856.15,2927.35,2926.35,2910.87,1693052,4928257289.0,106664,1025189,60.55,0.008425514318205263
LT,EQ,2023-10-31,2926.35,2929.95,2951.55,2907.95,2923.0,2929.05,2925.45,1556467,4553361115.3,120033,746961,47.99,0.0009226510841151558
LT,EQ,2023-11-01,2929.05,2947.45,2983.15,2871.05,2894.0,2895.3,2919.87,3875595,11316250112.1,246412,1892864,48.84,-0.01152250729758797
LT,EQ,2023-11-02,2895.3,2935.0,2937.85,2903.2,2921.0,2918.1,2915.22,1451606,4231749361.0,113151,619420,42.67,0.007874831623665868
LT,EQ,2023-11-03,2918.1,2934.0,2948.05,2905.0,2918.9,2911.25,2921.04,1136175,3318815498.85,103154,616149,54.23,-0.0023474178403755097
LT,EQ,2023-11-06,2911.25,2933.0,2979.0,2927.25,2971.7,2975.45,2962.32,1235499,3659942862.6,102669,723380,58.55,0.022052382996994302
LT,EQ,2023-11-07,2975.45,2970.0,2983.6,2956.1,2963.0,2961.3,2969.65,1112206,3302858116.85,95718,792667,71.27,-0.004755583189097301
LT,EQ,2023-11-08,2961.3,2974.7,3002.75,2961.0,2998.0,2996.45,2983.72,1013438,3023816500.1,80527,638345,62.99,0.011869786917907632
LT,EQ,2023-11-09,2996.45,3003.0,3028.7,2997.0,3026.45,3024.85,3018.81,1719911,5192086619.6,124752,794096,46.17,0.009477882160556783
LT,EQ,2023-11-10,3024.85,3021.05,3044.0,3005.25,3030.55,3033.25,3028.87,947753,2870618749.7,77016,558411,58.92,0.002776997206473064
LT,EQ,2023-11-12,3033.25,3054.95,3060.0,3044.0,3052.0,3052.0,3053.31,256389,782834657.8,23797,127801,49.85,0.006181488502431387
LT,EQ,2023-11-13,3052.0,3050.0,3054.35,3031.65,3041.85,3048.5,3043.91,531769,1618657587.55,60874,356158,66.98,-0.0011467889908256534
LT,EQ,2023-11-15,3048.5,3062.35,3071.05,3055.0,3063.0,3064.95,3064.04,1160184,3554847097.2,87513,894714,77.12,0.0053960964408725776
LT,EQ,2023-11-16,3064.95,3057.95,3082.1,3045.0,3050.0,3051.15,3061.15,1597607,4890510637.0,123277,939923,58.83,-0.004502520432633439
LT,EQ,2023-11-17,3051.15,3050.0,3115.45,3045.15,3106.25,3109.0,3084.02,1325050,4086481461.95,118480,769320,58.06,0.01896006423807406
LT,EQ,2023-11-20,3109.0,3095.1,3111.95,3076.2,3087.0,3088.8,3088.51,1231164,3802461160.45,108214,801074,65.07,-0.006497266001929791
LT,EQ,2023-11-21,3088.8,3088.5,3099.0,3062.45,3075.0,3074.85,3078.23,1884782,5801793867.5,119729,1335802,70.87,-0.004516317016317051
LT,EQ,2023-11-22,3074.85,3074.85,3088.65,3062.5,3080.5,3082.3,3078.17,1104208,3398934900.4,92685,712030,64.48,0.0024228824170284824
LT,EQ,2023-11-23,3082.3,3080.0,3088.0,3031.05,3051.15,3045.65,3052.05,1514688,4622900408.75,115869,884009,58.36,-0.011890471401226343
LT,EQ,2023-11-24,3045.65,3050.0,3067.0,3039.6,3051.8,3054.25,3054.65,915121,2795374360.6,92885,400331,43.75,0.002823699374517652
LT,EQ,2023-11-28,3054.25,3054.0,3059.15,3035.0,3053.0,3050.0,3047.65,1210508,3689201964.25,118447,945446,78.1,-0.0013915036424654303
LT,EQ,2023-11-29,3050.0,3050.0,3089.9,3049.0,3080.95,3083.75,3069.07,1801107,5527719695.65,164191,1367738,75.94,0.011065573770491888
LT,EQ,2023-11-30,3083.75,3076.3,3124.55,3058.7,3119.8,3109.2,3100.6,3131624,9709916076.1,129023,2280466,72.82,0.008252938792055131
LT,EQ,2023-12-01,3109.2,3129.95,3197.95,3121.05,3184.15,3190.65,3180.47,2112908,6720044602.1,144549,951128,45.02,0.02619644924739495
LT,EQ,2023-12-04,3190.65,3285.0,3347.55,3250.0,3316.05,3313.55,3303.15,3095974,10226461999.6,221889,1529641,49.41,0.0385187971103067
LT,EQ,2023-12-05,3313.55,3319.05,3325.0,3279.05,3319.0,3315.45,3302.14,1659309,5479277569.9,136656,1106671,66.69,0.000573403147681395
LT,EQ,2023-12-06,3315.45,3330.0,3401.0,3321.0,3387.0,3392.3,3368.39,2057233,6929558413.9,153461,1416155,68.84,0.023179357251655208
LT,EQ,2023-12-07,3392.3,3392.3,3409.9,3337.05,3372.0,3355.6,3363.6,2128823,7160511364.3,150669,1174373,55.17,-0.010818618636323496
LT,EQ,2023-12-08,3355.6,3377.0,3430.0,3366.0,3380.0,3378.45,3394.19,2428891,8244126175.55,173664,1267077,52.17,0.0068095124567886245
LT,EQ,2023-12-11,3378.45,3377.95,3405.0,3360.0,3381.95,3385.8,3381.94,1534238,5188707144.1,94181,1143527,74.53,0.002175553878257963
LT,EQ,2023-12-12,3385.8,3375.0,3375.0,3332.0,3345.0,3342.4,3348.94,1888423,6324222801.75,147602,1393760,73.81,-0.012818240888416321
LT,EQ,2023-12-13,3342.4,3352.95,3410.0,3346.2,3395.0,3399.8,3378.34,1509107,5098278098.2,111338,975676,64.65,0.017173288654858787
LT,EQ,2023-12-14,3399.8,3425.95,3440.0,3400.1,3436.0,3433.1,3421.15,2425646,8298493111.0,188077,1528266,63.0,0.009794693805517785
LT,EQ,2023-12-15,3433.1,3435.15,3498.9,3432.85,3491.35,3488.0,3469.47,2632935,9134880376.5,145130,1665154,63.24,0.015991378054819316
LT,EQ,2023-12-18,3488.0,3496.0,3506.0,3466.0,3486.0,3491.6,3479.2,1767429,6149237941.3,112884,1314811,74.39,0.0010321100917431991
LT,EQ,2023-12-19,3491.6,3488.95,3525.0,3476.05,3498.1,3498.95,3504.81,1311700,4597262401.7,123795,802334,61.17,0.0021050521251002596
LT,EQ,2023-12-20,3498.95,3505.0,3514.6,3412.55,3416.8,3418.5,3472.45,1876048,6514483827.75,140702,1297137,69.14,-0.022992612069335006
LT,EQ,2023-12-21,3418.5,3390.05,3439.95,3333.0,3438.5,3424.15,3382.29,2292802,7754921287.85,159960,953818,41.6,0.0016527716834868755
LT,EQ,2023-12-22,3424.15,3424.0,3496.0,3408.6,3472.0,3477.95,3463.59,1681707,5824743988.1,130843,643518,38.27,0.015711928507804673
LT,EQ,2023-12-26,3477.95,3477.95,3508.35,3477.95,3491.0,3490.05,3491.26,1072263,3743553171.65,89263,710068,66.22,0.0034790609410717543
LT,EQ,2023-12-27,3490.05,3510.0,3549.0,3504.15,3545.0,3544.0,3529.8,1389266,4903827561.5,122452,647305,46.59,0.015458231257431843
LT,EQ,2023-12-28,3544.0,3545.0,3559.95,3500.5,3523.0,3518.05,3528.63,3371121,11895433081.75,181724,2427585,72.01,-0.0073222347629796625
LT,EQ,2023-12-29,3518.05,3531.0,3540.0,3495.0,3520.0,3526.0,3517.41,968577,3406879763.3,106590,512769,52.94,0.0022597745910375444
LT,EQ,2024-01-01,3526.0,3538.0,3538.0,3496.05,3509.1,3525.45,3518.05,777080,2733804517.85,99652,428707,55.17,-0.0001559841179807897
LT,EQ,2024-01-02,3525.45,3525.05,3525.45,3432.0,3440.9,3438.1,3455.21,1511464,5222423704.45,199417,969027,64.11,-0.0247769788253982
LT,EQ,2024-01-03,3438.1,3433.0,3465.85,3411.6,3440.0,3440.35,3438.35,1283859,4414362339.55,147403,814620,63.45,0.0006544312265495122
LT,EQ,2024-01-04,3440.35,3441.05,3480.1,3423.0,3459.95,3458.7,3457.46,1651616,5710400919.6,155242,974234,58.99,0.005333759646547476
LT,EQ,2024-01-05,3458.7,3464.95,3555.0,3460.0,3548.6,3521.9,3497.02,2069018,7235390724.65,211563,1123090,54.28,0.0182727614421605
LT,EQ,2024-01-08,3521.9,3540.0,3559.95,3490.0,3510.0,3501.1,3519.92,1993855,7018215617.0,244999,1319026,66.15,-0.005905903063687212
LT,EQ,2024-01-09,3501.1,3527.45,3593.75,3520.1,3560.0,3555.95,3564.35,1807271,6441743425.35,136843,958324,53.03,0.015666504812773097
LT,EQ,2024-01-10,3555.95,3549.95,3558.95,3520.0,3548.0,3545.5,3537.36,1534821,5429221814.5,101151,956420,62.31,-0.0029387364839212893
LT,EQ,2024-01-11,3545.5,3545.5,3559.55,3500.55,3507.0,3504.85,3523.56,1105348,3894755496.85,113992,664576,60.12,-0.01146523762515872
LT,EQ,2024-01-12,3504.85,3505.05,3578.65,3494.05,3568.0,3568.8,3540.61,1782631,6311596272.35,140965,987229,55.38,0.0182461446281581
LT,EQ,2024-01-15,3568.8,3576.1,3605.7,3538.05,3546.9,3543.05,3565.61,1783518,6359326466.35,138184,1086370,60.91,-0.007215310468504765
LT,EQ,2024-01-16,3543.05,3548.0,3589.0,3538.0,3578.0,3573.5,3568.44,1791818,6393998654.8,166759,1185193,66.14,0.008594290230168777
LT,EQ,2024-01-17,3573.5,3555.0,3614.45,3547.7,3575.05,3570.95,3576.8,2699076,9654042587.35,164051,1661113,61.54,-0.0007135861200504579
LT,EQ,2024-01-18,3570.95,3570.8,3616.95,3525.0,3603.0,3596.0,3592.24,2148898,7719357081.85,183094,1269966,59.1,0.007014940001960346
LT,EQ,2024-01-19,3596.0,3603.0,3655.85,3603.0,3646.0,3646.0,3636.43,1913923,6959843129.05,196916,1114564,58.23,0.013904338153504003
LT,EQ,2024-01-20,3646.0,3667.0,3670.0,3621.05,3637.4,3634.5,3644.77,468514,1707627966.3,52470,222049,47.39,-0.0031541415249588534
LT,EQ,2024-01-23,3634.5,3637.6,3661.35,3536.2,3547.0,3551.0,3602.16,1742142,6275472696.8,166563,1164704,66.85,-0.02297427431558674
LT,EQ,2024-01-24,3551.0,3570.0,3617.95,3521.7,3600.0,3589.2,3586.69,3711521,13312062950.35,192912,2731075,73.58,0.010757533089270632
LT,EQ,2024-01-25,3589.2,3599.9,3618.25,3564.8,3584.0,3593.45,3594.44,2206540,7931267641.2,164879,1368503,62.02,0.001184107879193208
LT,EQ,2024-01-29,3593.45,3604.0,3733.85,3600.1,3710.0,3708.0,3687.07,2072982,7643238960.1,166432,1271712,61.35,0.03187744368225531
LT,EQ,2024-01-30,3708.0,3715.95,3737.9,3624.9,3639.85,3633.3,3675.49,1454989,5347791328.15,133031,747324,51.36,-0.02014563106796108
LT,EQ,2024-01-31,3633.3,3520.0,3538.0,3387.05,3480.0,3479.75,3459.48,9637606,33341119439.35,545802,5405947,56.09,-0.04226185561335427
LT,EQ,2024-02-01,3479.75,3480.0,3493.75,3371.0,3398.0,3398.0,3414.16,6149780,20996347650.9,350563,3976225,64.66,-0.02349306703067744
LT,EQ,2024-02-02,3398.0,3402.7,3436.35,3361.0,3380.6,3376.05,3399.28,7579802,25765855679.15,360278,4774809,62.99,-0.006459682165979919
LT,EQ,2024-02-05,3376.05,3375.5,3407.95,3318.45,3340.95,3341.75,3362.8,2954238,9934501679.35,415549,2036923,68.95,-0.010159802135631946
LT,EQ,2024-02-06,3341.75,3346.0,3427.75,3337.55,3419.0,3424.25,3398.53,2545192,8649919158.85,187126,1682140,66.09,0.02468766364928565
LT,EQ,2024-02-07,3424.25,3445.0,3447.0,3389.0,3396.0,3394.7,3413.73,2099940,7168631397.95,188731,1298307,61.83,-0.008629626925604206
LT,EQ,2024-02-08,3394.7,3413.0,3417.8,3293.85,3356.0,3335.5,3350.08,3471727,11630563825.4,310823,2063516,59.44,-0.017438948949833555
LT,EQ,2024-02-09,3335.5,3336.25,3390.0,3308.95,3324.0,3324.55,3327.86,3121873,10389152101.4,181824,1698995,54.42,-0.003282866137010898
LT,EQ,2024-02-12,3324.55,3330.0,3339.15,3287.0,3301.55,3299.55,3308.84,1922273,6360497577.7,186795,1268822,66.01,-0.007519814711765549
LT,EQ,2024-02-13,3299.55,3312.0,3338.55,3284.1,3316.25,3321.5,3319.88,2151493,7142703813.4,169600,1480228,68.8,0.006652422300010619
LT,EQ,2024-02-14,3321.5,3290.05,3316.95,3263.05,3312.95,3309.0,3287.26,2502138,8225169971.75,216456,1703191,68.07,-0.0037633599277434593
LT,EQ,2024-02-15,3309.0,3309.0,3321.95,3290.2,3303.95,3300.3,3302.95,1999189,6603220230.75,166096,1239531,62.0,-0.002629193109700778
LT,EQ,2024-02-16,3300.3,3304.95,3398.0,3304.05,3382.8,3386.75,3369.15,2768329,9326927305.1,183986,1595267,57.63,0.026194588370754168
LT,EQ,2024-02-19,3386.75,3400.55,3408.0,3335.5,3341.15,3339.85,3352.09,1216447,4077637549.3,97105,628180,51.64,-0.013848084446741016
LT,EQ,2024-02-20,3339.85,3339.85,3367.75,3328.45,3362.5,3356.75,3347.47,1578162,5282854808.3,119394,1022526,64.79,0.005060107489857302
LT,EQ,2024-02-21,3356.75,3356.9,3356.9,3290.05,3299.0,3296.4,3323.77,2430672,8079005922.8,147651,1662420,68.39,-0.0179786996350636
LT,EQ,2024-02-22,3296.4,3310.0,3369.0,3276.95,3363.0,3363.75,3323.23,2521388,8379147529.45,188283,1207847,47.9,0.020431379686931095
LT,EQ,2024-02-23,3363.75,3363.75,3399.9,3340.75,3375.0,3387.95,3376.68,2107176,7115252255.55,150790,1181507,56.07,0.007194351542177513
LT,EQ,2024-02-26,3387.95,3400.0,3491.65,3393.0,3470.35,3470.15,3464.62,4122419,14282618156.15,198475,2316176,56.18,0.024262459599462938
LT,EQ,2024-02-27,3470.15,3475.0,3512.0,3451.9,3496.5,3506.45,3492.62,2122286,7412332300.7,137026,1411733,66.52,0.010460642911689577
LT,EQ,2024-02-28,3506.45,3505.0,3513.0,3446.15,3463.05,3470.2,3474.86,1666903,5792254903.9,144188,1018370,61.09,-0.010338091231872681
LT,EQ,2024-02-29,3470.2,3485.0,3496.0,3436.45,3481.0,3477.55,3469.2,2119512,7353004193.2,132525,1279016,60.34,0.0021180335427353203
LT,EQ,2024-03-01,3477.55,3501.65,3658.35,3500.0,3628.85,3633.5,3594.5,4407803,15843845019.95,274913,2011254,45.63,0.04484479015398768
LT,EQ,2024-03-02,3633.5,3647.9,3690.0,3646.2,3652.9,3655.25,3665.31,246957,905174073.4,18973,139581,56.52,0.005985963946607997
LT,EQ,2024-03-04,3655.25,3670.0,3679.8,3622.05,3639.0,3644.45,3642.69,1307501,4762819651.2,120856,778458,59.54,-0.0029546542644142137
LT,EQ,2024-03-05,3644.45,3631.2,3644.45,3590.3,3618.0,3612.6,3616.74,1981370,7166108372.95,120484,1426257,71.98,-0.008739315946164727
LT,EQ,2024-03-06,3612.6,3618.0,3652.45,3586.05,3649.0,3642.2,3617.07,1500196,5426317443.8,134403,901810,60.11,0.008193544815368492
LT,EQ,2024-03-07,3642.2,3660.75,3705.15,3643.25,3679.0,3676.95,3679.75,2344401,8626812543.35,148815,1462607,62.39,0.009540936796441635
LT,EQ,2024-03-11,3676.95,3700.0,3700.0,3631.45,3638.85,3640.6,3650.08,1748541,6382307502.05,128768,1206532,69.0,-0.009885910877221571
LT,EQ,2024-03-12,3640.6,3639.05,3672.0,3613.15,3622.0,3621.65,3642.79,1470377,5356269272.75,139831,912434,62.05,-0.005205185958358505
LT,EQ,2024-03-13,3621.65,3634.9,3636.8,3511.9,3537.0,3538.55,3551.51,2503293,8890469106.5,184262,1531057,61.16,-0.022945342592464724
LT,EQ,2024-03-14,3538.55,3527.05,3636.0,3522.0,3600.0,3608.2,3601.93,4528490,16311319982.3,232700,3004786,66.35,0.019683203572084418
LT,EQ,2024-03-15,3608.2,3598.0,3603.0,3524.05,3541.55,3537.15,3545.99,4054210,14376180273.9,228044,3007135,74.17,-0.019691258799401257
LT,EQ,2024-03-18,3537.15,3537.15,3572.2,3526.7,3560.0,3561.2,3557.46,1354787,4819599392.8,122348,895552,66.1,0.006799259290671822
LT,EQ,2024-03-19,3561.2,3541.0,3549.5,3481.0,3504.0,3501.7,3506.62,1447405,5075498906.35,120334,972272,67.17,-0.01670785128608332
LT,EQ,2024-03-20,3501.7,3502.75,3524.95,3487.75,3513.2,3509.7,3511.18,1442811,5065963257.8,120211,1045547,72.47,0.0022846046206128623
LT,EQ,2024-03-21,3509.7,3525.15,3596.0,3525.15,3562.0,3560.0,3569.15,2504962,8940592592.8,158916,1276212,50.95,0.01433170926290006
LT,EQ,2024-03-22,3560.0,3546.2,3647.3,3546.2,3610.0,3617.8,3609.22,3020545,10901801227.85,216381,1493155,49.43,0.016235955056179918
LT,EQ,2024-03-26,3617.8,3605.0,3676.9,3600.0,3670.0,3670.1,3653.95,2320963,8480683349.1,167326,1665899,71.78,0.014456299408480255
LT,EQ,2024-03-27,3670.1,3683.0,3727.2,3670.1,3704.0,3706.4,3707.53,2387693,8852446126.5,160348,1482880,62.11,0.009890738671970878
LT,EQ,2024-03-28,3706.4,3706.55,3813.35,3697.55,3764.9,3763.9,3767.16,4278668,16118435648.65,211392,1984940,46.39,0.015513706022016072
LT,EQ,2024-04-01,3763.9,3780.85,3851.85,3780.85,3840.2,3838.0,3831.67,1905190,7300059452.85,110296,1182730,62.08,0.01968702675416445
LT,EQ,2024-04-02,3838.0,3849.8,3860.0,3771.25,3811.8,3807.4,3795.24,3608162,13693853103.3,122363,2754282,76.33,-0.007972902553413208
LT,EQ,2024-04-03,3807.4,3799.7,3799.7,3770.15,3783.0,3782.45,3781.8,1684618,6370895627.6,102022,1180089,70.05,-0.006553028313284748
LT,EQ,2024-04-04,3782.45,3804.9,3819.75,3731.05,3810.0,3797.85,3779.76,2339529,8842853337.25,170785,630370,26.94,0.0040714351809012506
LT,EQ,2024-04-05,3797.85,3770.1,3790.0,3716.25,3744.0,3743.1,3743.0,1645597,6159461644.15,118994,694698,42.22,-0.014416051186855738
LT,EQ,2024-04-08,3743.1,3745.0,3819.8,3743.1,3811.05,3807.85,3787.21,1083395,4103040560.3,87260,539924,49.84,0.017298495899121136
LT,EQ,2024-04-09,3807.85,3820.0,3827.95,3775.0,3781.0,3785.25,3793.72,1997057,7576271478.8,89699,1562788,78.25,-0.005935107737962353
LT,EQ,2024-04-10,3785.25,3800.0,3800.0,3750.1,3758.8,3753.2,3765.13,1951581,7347962875.95,116783,1386347,71.04,-0.00846707615084874
LT,EQ,2024-04-12,3753.2,3749.95,3802.1,3663.5,3687.0,3679.25,3722.02,3437544,12794599828.35,225321,1568253,45.62,-0.019703186614089208
LT,EQ,2024-04-15,3679.25,3626.05,3679.85,3586.2,3605.45,3600.8,3627.82,1719910,6239522111.15,164970,904940,52.62,-0.02132228035605077
LT,EQ,2024-04-16,3600.8,3580.05,3598.15,3529.45,3555.0,3543.45,3555.15,2291042,8145000756.35,161892,1442329,62.96,-0.01592701621861814
LT,EQ,2024-04-18,3543.45,3561.95,3617.65,3539.7,3554.0,3550.95,3571.29,3273257,11689757625.85,200764,1539206,47.02,0.0021165812978876097
LT,EQ,2024-04-19,3550.95,3525.0,3542.9,3472.4,3512.9,3518.35,3509.76,2759031,9683545965.8,161797,1449220,52.53,-0.009180641800081601
LT,EQ,2024-04-22,3518.35,3568.75,3620.0,3540.95,3620.0,3612.7,3587.21,2605754,9347387248.85,157999,1705659,65.46,0.026816547529381562
LT,EQ,2024-04-23,3612.7,3632.75,3632.75,3588.0,3606.0,3610.15,3604.41,1434580,5170809324.9,125329,909676,63.41,-0.0007058432751126942
LT,EQ,2024-04-24,3610.15,3616.55,3654.95,3601.1,3640.3,3634.85,3636.62,1501234,5459422387.25,104466,1007359,67.1,0.006841820976967616
LT,EQ,2024-04-25,3634.85,3616.1,3666.0,3611.6,3642.0,3652.3,3646.8,2420380,8826635615.35,138913,1031256,42.61,0.004800748311484693
LT,EQ,2024-04-26,3652.3,3652.0,3660.9,3585.0,3608.0,3605.2,3614.36,1973113,7131546088.05,155188,967785,49.05,-0.01289598335295572
LT,EQ,2024-04-29,3605.2,3606.1,3649.9,3605.2,3634.0,3634.3,3633.23,1396979,5075551037.65,104169,864466,61.88,0.008071674248308014
LT,EQ,2024-04-30,3634.3,3639.0,3648.95,3584.05,3591.95,3594.3,3622.81,1571996,5695043780.5,147602,1164682,74.09,-0.011006246044630297
LT,EQ,2024-05-02,3594.3,3590.05,3634.15,3576.05,3599.75,3599.5,3600.92,3748847,13499305908.6,339498,1657551,44.21,0.0014467351083660152
LT,EQ,2024-05-03,3599.5,3610.0,3622.0,3488.45,3500.0,3499.8,3525.94,4079696,14384759936.65,336644,2374338,58.2,-0.027698291429365085
LT,EQ,2024-05-06,3499.8,3522.8,3527.0,3441.1,3468.0,3463.3,3469.51,2614667,9071608497.05,200066,1562297,59.75,-0.010429167380993198
LT,EQ,2024-05-07,3463.3,3479.4,3496.0,3425.0,3429.1,3427.75,3451.2,3376013,11651304132.4,170591,2435550,72.14,-0.010264776369358741
LT,EQ,2024-05-08,3427.75,3429.0,3497.4,3367.8,3482.75,3486.85,3422.63,4116670,14089833172.55,206007,1934299,46.99,0.017241630807380837
LT,EQ,2024-05-09,3486.85,3312.75,3377.0,3266.65,3289.95,3275.45,3310.59,12120574,40126195141.05,642552,7485198,61.76,-0.06062778725784024
LT,EQ,2024-05-10,3275.45,3281.6,3306.15,3234.6,3276.9,3271.45,3263.22,4132191,13484247758.5,272803,2417633,58.51,-0.0012212062464699303
LT,EQ,2024-05-13,3271.45,3267.05,3315.0,3225.2,3300.0,3293.85,3280.38,3557067,11668526808.25,205393,2309198,64.92,0.006847116721942825
LT,EQ,2024-05-14,3293.85,3300.0,3384.9,3293.4,3375.0,3379.45,3348.66,2870328,9611746752.45,176256,1843187,64.22,0.025987825796560227
LT,EQ,2024-05-15,3379.45,3390.0,3417.4,3353.15,3415.0,3411.3,3386.15,2718682,9205869368.6,185374,1589809,58.48,0.00942461051354515
LT,EQ,2024-05-16,3411.3,3428.95,3468.5,3378.7,3460.0,3460.6,3413.98,3398714,11603135146.3,229058,1452663,42.74,0.014451968457772635
LT,EQ,2024-05-17,3460.6,3475.95,3475.95,3412.15,3454.15,3450.75,3440.74,2676919,9210579941.25,175513,1368223,51.11,-0.0028463272264924733
LT,EQ,2024-05-18,3450.75,3452.0,3468.0,3445.8,3467.5,3464.2,3458.37,141462,489228073.75,9811,86537,61.17,0.0038977033978120357
LT,EQ,2024-05-21,3464.2,3458.0,3470.3,3434.0,3435.05,3440.95,3450.64,2100848,7249274176.2,147630,1566592,74.57,-0.006711506264072464
LT,EQ,2024-05-22,3440.95,3450.05,3472.7,3435.05,3464.75,3460.85,3459.49,1409992,4877846791.15,118328,864451,61.31,0.005783286592365489
LT,EQ,2024-05-23,3460.85,3460.9,3601.65,3455.0,3577.0,3585.4,3551.2,4525637,16071452309.5,274666,2099034,46.38,0.0359882687779014
LT,EQ,2024-05-24,3585.4,3586.0,3659.0,3582.3,3621.0,3625.9,3627.82,2740360,9941541702.45,192630,1261878,46.05,0.011295810788196636
LT,EQ,2024-05-27,3625.9,3644.9,3695.0,3600.0,3647.0,3652.0,3653.01,2570708,9390809807.35,182366,1483924,57.72,0.0071982128574974436
LT,EQ,2024-05-28,3652.0,3652.0,3685.25,3646.05,3657.0,3658.2,3661.34,1440187,5273012668.2,119953,896227,62.23,0.0016976998904709717
LT,EQ,2024-05-29,3658.2,3611.0,3661.85,3610.35,3628.15,3634.8,3635.48,1506146,5475566341.05,97277,920248,61.1,-0.006396588486140664
LT,EQ,2024-05-30,3634.8,3626.05,3643.95,3607.75,3643.0,3634.7,3630.63,2701849,9809413541.4,174916,1796320,66.48,-2.751183008709024e-05
LT,EQ,2024-05-31,3634.7,3636.4,3744.8,3636.4,3678.5,3669.3,3693.33,6432341,23756740901.05,244010,3287022,51.1,0.009519355104960603
LT,EQ,2024-06-03,3669.3,3855.4,3919.9,3801.1,3900.45,3897.15,3880.45,5767666,22381147733.0,246551,4070243,70.57,0.062096312648189045
LT,EQ,2024-06-04,3897.15,3852.0,3898.0,3320.0,3415.0,3403.2,3539.43,9920882,35114240230.6,560360,5614725,56.6,-0.12674646857318816
LT,EQ,2024-06-05,3403.2,3441.5,3441.5,3175.05,3399.95,3409.0,3303.53,10372458,34265705434.5,562189,5442813,52.47,0.0017042783262812833
LT,EQ,2024-06-06,3409.0,3438.0,3538.2,3385.3,3496.0,3482.55,3480.8,8374602,29150343332.1,371459,4246127,50.7,0.021575242006453665
LT,EQ,2024-06-07,3482.55,3465.05,3548.0,3446.0,3527.85,3532.5,3514.12,5879660,20661821710.2,299277,3089803,52.55,0.014342938364129587
LT,EQ,2024-06-10,3532.5,3521.05,3585.0,3521.05,3541.95,3543.75,3552.73,3151257,11195550287.7,172023,1807547,57.36,0.0031847133757962887
LT,EQ,2024-06-11,3543.75,3570.0,3639.0,3551.2,3600.0,3598.7,3609.24,2548176,9196976162.95,169264,1115060,43.76,0.01550617283950606
LT,EQ,2024-06-12,3598.7,3615.0,3648.95,3578.0,3630.0,3630.3,3630.27,2242274,8140054289.95,106476,1279517,57.06,0.008780948675910949
LT,EQ,2024-06-13,3630.3,3665.5,3715.9,3635.0,3702.0,3703.65,3683.7,2965500,10924017088.5,248839,1558091,52.54,0.020204941740352034
LT,EQ,2024-06-14,3703.65,3718.0,3720.0,3675.0,3681.1,3687.8,3689.66,1746508,6444027620.65,116358,884829,50.66,-0.004279562053649766
LT,EQ,2024-06-18,3687.8,3708.0,3710.0,3675.0,3689.0,3689.2,3694.7,1936792,7155863443.9,125205,1251363,64.61,0.00037963013178576865
LT,EQ,2024-06-19,3689.2,3690.0,3699.0,3575.0,3606.95,3589.95,3622.88,2936151,10637325627.1,174218,1851650,63.06,-0.02690285156673533
LT,EQ,2024-06-20,3589.95,3584.95,3613.3,3564.6,3598.4,3594.45,3587.54,2618715,9394746481.05,168275,1254150,47.89,0.0012534993523587445
LT,EQ,2024-06-21,3594.45,3604.05,3610.0,3516.0,3524.0,3535.0,3546.79,4508508,15990734726.95,208119,2238904,49.66,-0.016539387110684478
LT,EQ,2024-06-24,3535.0,3520.35,3567.0,3505.0,3541.0,3531.6,3540.3,2330559,8250882779.9,127028,1524290,65.4,-0.0009618104667610261
LT,EQ,2024-06-25,3531.6,3556.5,3591.95,3528.0,3588.45,3587.8,3563.39,2158039,7689939971.35,139316,1266735,58.7,0.01591346698380347
LT,EQ,2024-06-26,3587.8,3601.0,3624.9,3592.25,3604.0,3602.95,3605.48,2480187,8942256279.25,137475,1820682,73.41,0.004222643402642223
LT,EQ,2024-06-27,3602.95,3597.45,3601.3,3550.0,3563.0,3564.4,3568.52,5519875,19697763049.0,267353,3463648,62.75,-0.010699565633716768
LT,EQ,2024-06-28,3564.4,3540.0,3575.95,3538.1,3545.7,3548.45,3558.07,3141514,11177724726.2,211665,2118610,67.44,-0.004474806419032751
LT,EQ,2024-07-01,3548.45,3535.2,3541.4,3514.0,3528.2,3526.55,3524.97,2961120,10437845854.2,156318,2252145,76.06,-0.006171708774253437
LT,EQ,2024-07-02,3526.55,3535.05,3634.0,3535.05,3623.0,3626.5,3595.51,5087748,18293039442.05,217762,2846840,55.95,0.028342147424536668
LT,EQ,2024-07-03,3626.5,3650.35,3650.5,3605.0,3615.0,3614.35,3619.87,1923801,6963914656.15,97998,1060812,55.14,-0.0033503377912588173
LT,EQ,2024-07-04,3614.35,3616.1,3644.0,3565.8,3581.65,3573.3,3603.24,1851947,6673015817.35,104858,964141,52.06,-0.011357505498914011
LT,EQ,2024-07-05,3573.3,3573.3,3638.0,3568.0,3621.0,3627.15,3620.27,1635209,5919905675.0,129124,636407,38.92,0.015070103265888646
LT,EQ,2024-07-08,3627.15,3640.1,3645.7,3594.0,3631.9,3632.0,3620.24,1706210,6176885528.55,101380,790773,46.35,0.001337137973340008
LT,EQ,2024-07-09,3632.0,3650.0,3685.0,3646.1,3665.95,3666.1,3667.3,2425176,8893858175.85,147128,1356860,55.95,0.009388766519823788
LT,EQ,2024-07-10,3666.1,3685.05,3694.0,3601.0,3650.0,3650.05,3645.25,2231438,8134142568.6,155613,1211321,54.28,-0.004377949319440244
LT,EQ,2024-07-11,3650.05,3660.0,3684.6,3603.0,3629.0,3621.1,3636.68,2942924,10702486723.35,174550,1636340,55.6,-0.007931398200024753
LT,EQ,2024-07-12,3621.1,3630.0,3667.7,3612.7,3654.45,3649.35,3643.26,2001185,7290841853.8,128210,834472,41.7,0.007801496782745554
LT,EQ,2024-07-15,3649.35,3670.0,3674.0,3637.0,3647.0,3651.6,3651.36,943302,3444337698.6,81792,495595,52.54,0.0006165481524107452
LT,EQ,2024-07-16,3651.6,3646.1,3651.6,3621.0,3640.0,3636.55,3635.15,2220953,8073490865.9,94436,1548716,69.73,-0.004121480994632387
LT,EQ,2024-07-18,3636.55,3640.0,3679.25,3598.65,3647.0,3656.2,3649.3,3240772,11826560025.2,167559,1890032,58.32,0.0054034730720049495
LT,EQ,2024-07-19,3656.2,3651.0,3658.95,3610.0,3618.0,3618.5,3632.53,2432533,8836242253.25,148075,1520940,62.52,-0.010311252119687087
LT,EQ,2024-07-22,3618.5,3617.9,3661.85,3567.6,3651.0,3651.45,3609.78,3639057,13136187987.05,132791,2624540,72.12,0.009105983142186025
LT,EQ,2024-07-23,3651.45,3669.6,3714.0,3460.0,3542.0,3538.05,3566.85,6957691,24817009549.05,377078,3525396,50.67,-0.031056155773733662
LT,EQ,2024-07-24,3538.05,3549.0,3557.95,3501.0,3522.0,3519.45,3522.81,3184060,11216851553.1,200120,2089193,65.61,-0.0052571331665749454
LT,EQ,2024-07-25,3519.45,3539.0,3630.9,3532.05,3622.0,3619.15,3594.69,4691483,16864428820.65,224931,1714741,36.55,0.028328289931665473
LT,EQ,2024-07-26,3619.15,3629.0,3701.0,3596.1,3699.0,3679.9,3658.21,2617659,9575959118.45,172197,1329241,50.78,0.016785709351643252
LT,EQ,2024-07-29,3679.9,3701.0,3790.0,3686.6,3775.0,3774.95,3760.82,4159919,15644694863.5,162580,2581956,62.07,0.025829506236582533
LT,EQ,2024-07-30,3774.95,3774.85,3795.0,3738.6,3778.25,3784.65,3783.19,1979989,7490670959.95,111800,1147323,57.95,0.0025695704578869716
LT,EQ,2024-07-31,3784.65,3777.05,3822.0,3763.1,3815.0,3815.0,3798.06,2703636,10268559318.5,133518,1598344,59.12,0.00801923559642237
LT,EQ,2024-08-01,3815.0,3810.0,3838.95,3765.85,3770.0,3779.3,3795.42,1998663,7585756151.6,113449,1063063,53.19,-0.009357798165137599
LT,EQ,2024-08-02,3779.3,3730.35,3748.9,3657.1,3657.9,3665.7,3688.92,2512525,9268499167.85,180833,1309768,52.13,-0.030058476437435644
LT,EQ,2024-08-05,3665.7,3597.0,3607.9,3511.5,3530.0,3528.0,3547.86,2900685,10291225584.9,195790,1626717,56.08,-0.03756444880923149
LT,EQ,2024-08-06,3528.0,3548.0,3634.9,3546.0,3588.0,3576.2,3598.72,2125532,7649192775.9,122533,1152576,54.23,0.013662131519274423
LT,EQ,2024-08-07,3576.2,3630.0,3655.75,3610.35,3641.2,3638.25,3634.09,1613097,5862138962.45,93561,937848,58.14,0.01735081930540794
LT,EQ,2024-08-08,3638.25,3621.0,3628.75,3547.45,3558.0,3553.55,3574.92,2038088,7286005508.95,149101,1082518,53.11,-0.023280423280423235
LT,EQ,2024-08-09,3553.55,3600.0,3605.55,3575.7,3594.0,3592.05,3591.14,848232,3046121443.1,83218,426982,50.34,0.010834236186348933
LT,EQ,2024-08-12,3592.05,3579.0,3611.0,3563.0,3573.0,3571.95,3584.31,1965035,7043299073.45,121950,1247326,63.48,-0.00559569048315034
LT,EQ,2024-08-13,3571.95,3580.0,3607.0,3545.2,3551.0,3551.8,3573.19,1316218,4703098657.5,85677,828185,62.92,-0.005641176388247238
LT,EQ,2024-08-14,3551.8,3558.95,3578.7,3536.5,3540.05,3545.2,3556.86,1584372,5635385430.6,86539,1101066,69.5,-0.0018582127372037682
LT,EQ,2024-08-16,3545.2,3578.0,3580.9,3533.0,3569.0,3568.35,3561.97,2808865,10005082527.0,149879,1902807,67.74,0.006529955996840808
LT,EQ,2024-08-19,3568.35,3599.85,3599.9,3547.0,3558.1,3555.05,3561.38,1898535,6761408510.4,98035,1256733,66.19,-0.00372721285748312
LT,EQ,2024-08-20,3555.05,3562.0,3580.0,3548.0,3579.0,3572.7,3568.41,1285569,4587442113.55,78801,917563,71.37,0.004964768428010746
LT,EQ,2024-08-21,3572.7,3590.0,3615.3,3581.9,3593.75,3596.05,3599.68,1714248,6170748515.65,74473,975413,56.9,0.006535673300305245
LT,EQ,2024-08-22,3596.05,3607.05,3612.15,3583.95,3602.3,3606.5,3603.84,1734927,6252403568.8,84632,1149687,66.27,0.0029059662685446686
LT,EQ,2024-08-23,3606.5,3606.5,3622.0,3587.05,3598.25,3598.55,3602.56,1825180,6575312026.1,79918,1045735,57.29,-0.0022043532510743757
LT,EQ,2024-08-26,3598.55,3611.0,3648.0,3594.7,3638.0,3641.9,3628.56,1606911,5830777895.9,73397,1072873,66.77,0.012046518736713363
LT,EQ,2024-08-27,3641.9,3642.65,3737.0,3636.0,3700.1,3702.7,3706.72,3315435,12289383661.35,131931,1682903,50.76,0.016694582498146593
LT,EQ,2024-08-28,3702.7,3705.0,3724.4,3685.0,3690.0,3689.05,3700.41,1278175,4729767635.1,82201,776094,60.72,-0.0036864990412400767
LT,EQ,2024-08-29,3689.05,3690.5,3710.0,3651.55,3690.0,3683.45,3684.34,2165489,7978391207.1,132112,1165697,53.83,-0.001518005990702287
LT,EQ,2024-08-30,3683.45,3718.35,3745.0,3666.4,3707.0,3704.65,3700.93,2592912,9596196230.95,133375,1393909,53.76,0.005755473808521927
LT,EQ,2024-09-02,3704.65,3706.0,3721.95,3666.35,3677.8,3683.1,3689.2,1277813,4714112302.85,115019,803605,62.89,-0.005817013752986155
LT,EQ,2024-09-03,3683.1,3693.95,3713.95,3666.9,3686.3,3690.15,3690.76,1211993,4473174177.0,93945,731753,60.38,0.0019141484075915205
LT,EQ,2024-09-04,3690.15,3650.0,3681.0,3631.1,3654.0,3650.8,3646.74,1930121,7038650188.8,124315,1335787,69.21,-0.010663523163014998
LT,EQ,2024-09-05,3650.8,3668.0,3668.0,3608.4,3625.0,3624.15,3626.07,2958770,10728699384.2,172903,2266937,76.62,-0.00729976991344361
LT,EQ,2024-09-06,3624.15,3615.1,3623.8,3536.2,3572.9,3574.75,3568.94,3096557,11051417112.8,202312,2038272,65.82,-0.013630782390353646
LT,EQ,2024-09-09,3574.75,3584.0,3594.0,3553.85,3576.0,3578.3,3577.27,1454589,5203451218.15,116687,991689,68.18,0.0009930764389118885
LT,EQ,2024-09-10,3578.3,3585.0,3625.0,3571.0,3600.0,3596.15,3598.83,1203483,4331129794.85,93770,683318,56.78,0.004988402313947926
LT,EQ,2024-09-11,3596.15,3595.0,3603.95,3516.4,3540.0,3536.95,3561.46,1865165,6642707258.4,126237,1230622,65.98,-0.0164620496920318
LT,EQ,2024-09-12,3536.95,3558.0,3638.05,3534.0,3620.05,3622.0,3579.25,3751523,13427637791.7,189229,2103474,56.07,0.02404614144955408
LT,EQ,2024-09-13,3622.0,3622.0,3634.75,3600.05,3608.35,3613.0,3611.45,1752455,6328901570.0,100344,1080608,61.66,-0.002484815019326292
LT,EQ,2024-09-16,3613.0,3619.15,3670.0,3613.0,3657.85,3662.25,3651.58,1045964,3819418658.45,73047,573422,54.82,0.013631331303625815
LT,EQ,2024-09-17,3662.25,3668.0,3705.0,3659.7,3686.0,3695.2,3684.21,1289060,4749171727.5,116988,813270,63.09,0.00899720117414149
LT,EQ,2024-09-18,3695.2,3689.0,3757.95,3684.2,3726.05,3730.45,3729.67,2249929,8391486009.75,107286,1421684,63.19,0.009539402468066616
LT,EQ,2024-09-19,3730.45,3750.0,3750.4,3674.0,3689.0,3683.7,3693.71,1711564,6322017894.5,122388,916050,53.52,-0.012532000160838552
LT,EQ,2024-09-20,3683.7,3700.0,3809.9,3680.25,3793.0,3793.9,3773.54,5401701,20383510292.55,252442,2502587,46.33,0.029915574015256574
LT,EQ,2024-09-23,3793.9,3800.0,3838.8,3749.0,3785.0,3787.7,3779.3,1937874,7323809212.65,133184,1049822,54.17,-0.0016342022720683413
LT,EQ,2024-09-24,3787.7,3787.7,3831.8,3775.0,3792.9,3791.6,3808.0,2676546,10192281538.95,147710,1964769,73.41,0.0010296485994139015
LT,EQ,2024-09-25,3791.6,3787.55,3813.2,3778.0,3793.0,3793.85,3793.35,2113862,8018617548.2,126389,1447695,68.49,0.0005934170271124639
LT,EQ,2024-09-26,3793.85,3801.0,3802.95,3736.4,3760.0,3762.15,3766.72,2750597,10360735141.55,154596,1732018,62.97,-0.00835562818772484
LT,EQ,2024-09-27,3762.15,3738.0,3738.0,3651.0,3705.0,3705.65,3698.43,4095425,15146633646.5,244106,2624665,64.09,-0.015018008319710785
LT,EQ,2024-09-30,3705.65,3699.0,3715.65,3665.0,3680.0,3675.55,3677.99,1837697,6759038580.45,132958,1326527,72.18,-0.008122731504594305
LT,EQ,2024-10-01,3675.55,3667.0,3724.0,3639.35,3647.0,3653.5,3672.74,1674100,6148527670.4,109900,1045848,62.47,-0.005999102175184734
LT,EQ,2024-10-03,3653.5,3582.5,3617.0,3485.4,3505.5,3497.65,3535.43,5315877,18793904808.1,402180,3826671,71.99,-0.04265772546872859
LT,EQ,2024-10-04,3497.65,3515.0,3553.55,3468.5,3505.0,3493.95,3499.42,3445879,12058561847.9,243711,1715384,49.78,-0.0010578531299587635
LT,EQ,2024-10-07,3493.95,3505.0,3512.95,3429.0,3475.0,3468.35,3461.8,2304227,7976771660.6,170269,1437499,62.39,-0.0073269508722219046
LT,EQ,2024-10-08,3468.35,3492.95,3538.5,3469.0,3533.1,3532.4,3511.48,2249452,7898900834.1,153720,1412503,62.79,0.018466994392146274
LT,EQ,2024-10-09,3532.4,3542.05,3557.7,3481.0,3491.8,3487.1,3516.48,1645791,5787387384.1,154726,1054128,64.05,-0.012824142226248503
LT,EQ,2024-10-10,3487.1,3515.0,3554.9,3455.5,3461.85,3460.35,3491.73,2686116,9379183252.55,165856,1684251,62.7,-0.007671130739009491
LT,EQ,2024-10-11,3460.35,3469.4,3497.1,3447.0,3491.9,3482.55,3479.84,1280465,4455814669.1,95819,632277,49.38,0.006415536000693667
LT,EQ,2024-10-14,3482.55,3510.0,3573.85,3501.3,3552.75,3555.05,3550.86,1974378,7010736483.3,101616,1114162,56.43,0.02081807870669472
LT,EQ,2024-10-15,3555.05,3570.0,3570.0,3520.15,3545.0,3551.9,3545.95,1231552,4367018655.8,86576,795565,64.6,-0.0008860634871521444
LT,EQ,2024-10-16,3551.9,3550.0,3581.9,3513.55,3531.0,3532.6,3536.55,1961835,6938125640.0,109635,1244339,63.43,-0.005433711534671648
LT,EQ,2024-10-17,3532.6,3549.9,3583.0,3521.8,3566.0,3570.3,3555.58,2968537,10554879515.55,194714,1917213,64.58,0.010672026269603174
LT,EQ,2024-10-18,3570.3,3569.95,3592.45,3540.25,3579.25,3577.8,3575.1,2102609,7517044754.05,210857,1334248,63.46,0.002100663809763814
LT,EQ,2024-10-21,3577.8,3580.0,3621.95,3571.3,3577.0,3585.6,3595.64,1750549,6294352702.05,162386,1133452,64.75,0.0021801106825423133
LT,EQ,2024-10-22,3585.6,3585.0,3591.65,3500.0,3504.0,3511.9,3531.83,1363574,4815905253.4,125455,835341,61.26,-0.020554439982150785
LT,EQ,2024-10-23,3511.9,3501.05,3513.95,3443.0,3449.0,3455.4,3478.9,2125268,7393598650.3,173225,1300799,61.21,-0.01608815740767111
LT,EQ,2024-10-24,3455.4,3444.0,3474.6,3416.75,3449.9,3442.65,3440.98,1924421,6621896969.8,139822,1300648,67.59,-0.0036898767147074407
LT,EQ,2024-10-25,3442.65,3425.0,3435.0,3315.05,3337.0,3326.4,3343.8,3236774,10823121242.9,256194,1828655,56.5,-0.03376759182606426
LT,EQ,2024-10-28,3326.4,3316.0,3373.0,3262.55,3360.0,3340.8,3320.79,2991674,9934727536.3,206122,1868784,62.47,0.0043290043290042934
LT,EQ,2024-10-29,3340.8,3316.0,3384.4,3316.0,3381.9,3380.9,3363.3,2253467,7579088509.1,138485,1404511,62.33,0.01200311302681989
LT,EQ,2024-10-30,3380.9,3379.95,3438.4,3353.0,3402.0,3408.35,3407.65,1785128,6083090227.5,108896,993055,55.63,0.008119139873997927
LT,EQ,2024-10-31,3408.35,3530.0,3654.95,3508.35,3620.75,3622.3,3615.13,7637083,27609020401.8,368713,3160810,41.39,0.06277230918186216
LT,EQ,2024-11-01,3622.3,3624.95,3641.9,3620.0,3627.0,3626.35,3630.71,212796,772600597.4,21833,102915,48.36,0.0011180741517820003
LT,EQ,2024-11-04,3626.35,3624.95,3624.95,3530.9,3575.9,3574.45,3568.33,1724189,6152478903.35,182630,997916,57.88,-0.014311911426089674
LT,EQ,2024-11-05,3574.45,3556.0,3585.0,3541.9,3566.0,3574.8,3562.86,1251506,4458941638.55,137797,667217,53.31,9.791716208096268e-05
LT,EQ,2024-11-06,3574.8,3594.0,3659.9,3557.4,3648.0,3645.45,3622.22,1819732,6591465491.25,137085,1027524,56.47,0.019763343403826683
LT,EQ,2024-11-07,3645.45,3647.35,3663.0,3620.0,3642.0,3646.55,3643.1,1581009,5759776547.0,97553,873412,55.24,0.0003017460121521598
LT,EQ,2024-11-08,3646.55,3640.4,3667.0,3620.65,3650.05,3660.3,3656.21,1622142,5930893373.2,125639,1089533,67.17,0.0037706873620271253
LT,EQ,2024-11-11,3660.3,3646.0,3661.0,3606.0,3625.0,3628.85,3640.18,926127,3371267442.5,104290,498618,53.84,-0.00859219189683913
LT,EQ,2024-11-12,3628.85,3650.0,3651.0,3580.0,3585.05,3591.35,3612.49,1116206,4032282495.5,95427,579753,51.94,-0.010333852322361059
LT,EQ,2024-11-13,3591.35,3585.0,3604.85,3535.65,3548.95,3547.95,3565.63,1568694,5593385891.15,121033,981620,62.58,-0.012084592145015116
LT,EQ,2024-11-14,3547.95,3558.0,3565.75,3500.15,3535.0,3526.25,3524.68,1291765,4553057913.3,138758,607127,47.0,-0.006116207951070263
LT,EQ,2024-11-18,3526.25,3521.1,3568.3,3510.85,3538.05,3542.15,3539.95,1233217,4365529595.7,119934,786814,63.8,0.004509039347749155
LT,EQ,2024-11-19,3542.15,3559.9,3607.0,3495.0,3511.2,3505.9,3561.83,1826460,6505545221.1,138984,1217157,66.64,-0.01023389749163639
LT,EQ,2024-11-21,3505.9,3530.0,3530.55,3452.45,3490.05,3483.5,3481.48,1510581,5259063798.6,172452,748315,49.54,-0.006389229584414902
LT,EQ,2024-11-22,3483.5,3500.0,3613.5,3473.1,3605.0,3603.5,3558.59,2534018,9017542904.75,148535,1622199,64.02,0.03444811253050095
LT,EQ,2024-11-25,3603.5,3660.0,3761.0,3654.0,3757.0,3753.0,3741.78,4753829,17787793454.4,247339,3083411,64.86,0.04148744276397953
LT,EQ,2024-11-26,3753.0,3754.9,3754.9,3690.0,3700.0,3702.6,3712.45,1141534,4237885362.35,104955,611066,53.53,-0.01342925659472427
LT,EQ,2024-11-27,3702.6,3704.0,3720.0,3685.0,3697.0,3698.7,3701.27,971816,3596957750.15,77237,484837,49.89,-0.0010533138875384873
LT,EQ,2024-11-28,3698.7,3700.0,3720.5,3648.0,3667.0,3666.05,3677.58,2124283,7812227210.7,179728,1286542,60.56,-0.008827425852326432
LT,EQ,2024-11-29,3666.05,3635.1,3750.0,3635.1,3722.0,3724.8,3722.73,2094305,7796535083.2,143088,1173010,56.01,0.01602542245741323
LT,EQ,2024-12-02,3724.8,3706.85,3717.85,3672.9,3716.0,3704.05,3695.08,1158369,4280265838.15,104160,687750,59.37,-0.005570768900343692
LT,EQ,2024-12-03,3704.05,3721.0,3798.85,3701.5,3773.0,3787.05,3761.27,3252670,12234160548.85,285639,2168186,66.66,0.02240790486089561
LT,EQ,2024-12-04,3787.05,3775.0,3835.0,3758.05,3805.0,3789.9,3799.1,2510166,9536368353.35,178083,1514629,60.34,0.0007525646611479253
LT,EQ,2024-12-05,3789.9,3810.0,3884.0,3760.0,3828.0,3831.55,3824.55,2765170,10575533572.8,211606,1284366,46.45,0.01098973587693619
LT,EQ,2024-12-06,3831.55,3832.0,3883.95,3800.0,3861.2,3866.7,3856.47,1856562,7159770118.0,147414,1073408,57.82,0.00917383304406827
LT,EQ,2024-12-09,3866.7,3867.5,3959.0,3867.5,3954.75,3947.3,3938.78,3332753,13126969162.15,214643,1938046,58.15,0.020844647890966517
LT,EQ,2024-12-10,3947.3,3955.0,3963.5,3901.3,3922.95,3923.15,3927.94,2349493,9228665089.7,131218,1661742,70.73,-0.0061181060471715565
LT,EQ,2024-12-11,3923.15,3923.15,3947.65,3902.0,3913.15,3916.75,3920.3,1237958,4853162175.95,133277,833110,67.3,-0.0016313421612734746
LT,EQ,2024-12-12,3916.75,3930.0,3959.0,3846.95,3863.2,3859.9,3867.89,1899867,7348471534.05,169801,1227602,64.62,-0.014514584796068153
LT,EQ,2024-12-13,3859.9,3859.0,3898.0,3794.2,3889.25,3887.0,3852.29,2300361,8861656006.6,166323,1002507,43.58,0.007020907277390576
LT,EQ,2024-12-16,3887.0,3882.0,3914.4,3857.25,3872.3,3877.85,3877.81,918660,3562389173.3,81821,521166,56.73,-0.0023540005145356035
LT,EQ,2024-12-17,3877.85,3863.05,3875.4,3797.0,3802.95,3807.2,3818.67,1690180,6454242086.4,116461,1127973,66.74,-0.018218858388024284
LT,EQ,2024-12-18,3807.2,3807.2,3819.0,3745.0,3760.4,3758.15,3763.15,1318341,4961115143.3,120658,784839,59.53,-0.012883483925194339
LT,EQ,2024-12-19,3758.15,3702.15,3762.2,3700.0,3713.15,3716.35,3724.67,1856838,6916114961.4,142412,1229869,66.23,-0.011122493780184484
LT,EQ,2024-12-20,3716.35,3716.35,3725.0,3607.1,3629.0,3629.85,3654.85,2796593,10221132562.15,154712,1588176,56.79,-0.02327552571743785
LT,EQ,2024-12-23,3629.85,3670.0,3700.0,3617.05,3642.9,3640.5,3644.9,1217612,4438075173.95,107539,585248,48.07,0.00293400553741896
LT,EQ,2024-12-24,3640.5,3647.95,3679.0,3632.4,3633.0,3639.75,3651.5,627922,2292860072.1,71920,316352,50.38,-0.00020601565718991743
LT,EQ,2024-12-26,3639.75,3658.0,3665.15,3610.35,3632.4,3629.5,3634.04,1124705,4087219624.3,80516,683487,60.77,-0.002816127481283015
LT,EQ,2024-12-27,3629.5,3632.4,3643.65,3603.5,3610.65,3608.1,3617.13,1309122,4735258789.05,75927,921459,70.39,-0.005896128943380652
LT,EQ,2024-12-30,3608.1,3607.9,3623.0,3566.0,3590.0,3578.95,3590.43,1591690,5714856382.3,99927,1057495,66.44,-0.00807904437238438
LT,EQ,2024-12-31,3578.95,3562.55,3620.6,3550.0,3609.95,3607.65,3593.79,1267628,4555587428.95,98165,807113,63.67,0.008019111750653174
LT,EQ,2025-01-01,3607.65,3600.0,3689.0,3599.95,3670.1,3667.5,3660.22,1202029,4399695427.05,92010,496316,41.29,0.016589746788075344
LT,EQ,2025-01-02,3667.5,3676.6,3724.1,3650.05,3706.8,3713.5,3701.57,1882900,6969687399.55,119634,1173346,62.32,0.012542603953646925
LT,EQ,2025-01-03,3713.5,3708.0,3719.9,3651.45,3660.0,3659.9,3679.46,1290107,4746891680.45,104812,669753,51.91,-0.0144338225393833
LT,EQ,2025-01-06,3659.9,3684.75,3692.25,3585.5,3607.15,3603.2,3626.01,1212012,4394771181.95,131815,665041,54.87,-0.015492226563567413
LT,EQ,2025-01-07,3603.2,3607.1,3649.85,3595.7,3640.1,3643.3,3623.73,1453540,5267240240.4,110429,830053,57.11,0.011128996447602235
LT,EQ,2025-01-08,3643.3,3662.0,3663.85,3590.0,3596.5,3596.35,3612.93,1813201,6550964744.05,147106,1096791,60.49,-0.012886668679493951
LT,EQ,2025-01-09,3596.35,3599.9,3606.3,3486.0,3535.0,3527.9,3526.53,2921681,10303398615.25,231251,1739651,59.54,-0.019033186425125415
LT,EQ,2025-01-10,3527.9,3499.95,3552.2,3492.3,3542.0,3536.15,3527.93,1794238,6329954565.2,113478,1161297,64.72,0.002338501658210257
LT,EQ,2025-01-13,3536.15,3505.55,3534.5,3448.6,3470.0,3464.3,3492.05,2137212,7463255880.3,134759,1446498,67.68,-0.02031870819959558
LT,EQ,2025-01-14,3464.3,3465.85,3491.95,3448.6,3465.0,3462.6,3467.21,2924491,10139829760.7,176125,2138494,73.12,-0.000490719625898528
LT,EQ,2025-01-15,3462.6,3471.3,3526.15,3471.3,3505.7,3501.4,3500.92,1155446,4045128629.7,116492,680328,58.88,0.011205452550106854
LT,EQ,2025-01-16,3501.4,3535.0,3543.45,3483.75,3515.0,3507.9,3513.22,2305460,8099590396.0,152224,1331865,57.77,0.0018564002970240523
LT,EQ,2025-01-17,3507.9,3524.0,3579.85,3511.95,3570.85,3568.65,3555.86,1600246,5690244161.85,126909,948080,59.25,0.01731805353630378
LT,EQ,2025-01-20,3568.65,3574.9,3617.15,3556.5,3588.9,3593.0,3585.81,1593334,5713398004.8,117677,984770,61.81,0.006823308534039452
LT,EQ,2025-01-21,3593.0,3612.75,3643.3,3528.1,3553.0,3541.1,3581.6,2576596,9228331774.35,177605,1228188,47.67,-0.01444475368772613
LT,EQ,2025-01-22,3541.1,3563.0,3582.35,3490.1,3520.8,3518.2,3521.51,1626055,5726173067.1,118201,992123,61.01,-0.006466917059670729
LT,EQ,2025-01-23,3518.2,3492.0,3527.8,3460.6,3504.85,3503.25,3501.3,1993204,6978796103.15,126865,1082618,54.32,-0.004249332044795606
LT,EQ,2025-01-24,3503.25,3514.5,3521.1,3446.05,3459.8,3458.2,3480.76,1206454,4199371221.4,91930,703021,58.27,-0.012859487618639864
LT,EQ,2025-01-27,3458.2,3447.2,3493.9,3401.15,3472.9,3457.65,3446.21,1552938,5351754018.2,110592,785618,50.59,-0.0001590422763286803
LT,EQ,2025-01-28,3457.65,3464.95,3482.15,3404.05,3423.45,3413.9,3436.05,1657689,5695903565.45,154969,837092,50.5,-0.012653102540743033
LT,EQ,2025-01-29,3413.9,3431.0,3455.0,3412.0,3448.9,3449.7,3437.37,1238704,4257884243.7,103001,708307,57.18,0.010486540320454596
LT,EQ,2025-01-30,3449.7,3455.0,3517.8,3395.0,3432.5,3420.95,3438.04,2717740,9343690877.75,180276,1401632,51.57,-0.008334058034031977
LT,EQ,2025-01-31,3420.95,3501.05,3590.0,3481.05,3564.0,3567.4,3555.03,3995513,14204181890.25,217688,1686791,42.22,0.04280974583083652
LT,EQ,2025-02-01,3567.4,3578.0,3629.2,3402.0,3458.25,3447.5,3473.36,4752505,16507148387.25,265997,2206095,46.42,-0.03360991198071428
LT,EQ,2025-02-03,3447.5,3420.0,3420.0,3270.0,3285.95,3289.2,3300.78,6077580,20060746789.85,393333,4171335,68.63,-0.045917331399565
LT,EQ,2025-02-04,3289.2,3316.0,3449.0,3307.25,3427.1,3439.15,3410.23,4742516,16173066528.3,305987,2809172,59.23,0.045588592970935204
LT,EQ,2025-02-05,3439.15,3444.65,3450.95,3379.45,3386.45,3383.2,3415.32,2670316,9119976072.0,184191,1864522,69.82,-0.016268554730093254
LT,EQ,2025-02-06,3383.2,3404.0,3404.0,3342.7,3355.9,3352.75,3359.7,2874856,9658666091.1,166262,1895899,65.95,-0.00900035469378102
LT,EQ,2025-02-07,3352.75,3367.0,3369.95,3311.1,3330.0,3336.9,3340.69,1722789,5755303413.2,137338,1078126,62.58,-0.004727462530758286
LT,EQ,2025-02-10,3336.9,3347.8,3349.0,3294.05,3324.3,3328.65,3315.61,1236663,4100291228.3,88934,756828,61.2,-0.002472354580598801
LT,EQ,2025-02-11,3328.65,3360.95,3361.0,3231.0,3247.0,3239.65,3263.98,2593537,8465250358.55,145087,1653752,63.76,-0.026737566280624292
LT,EQ,2025-02-12,3239.65,3259.0,3300.0,3222.25,3292.0,3289.65,3268.46,1632415,5335487216.0,138219,838565,51.37,0.015433765993239978
LT,EQ,2025-02-13,3289.65,3289.65,3314.9,3252.95,3255.0,3263.65,3277.74,2127644,6973855847.1,156667,1225352,57.59,-0.00790357636830663
LT,EQ,2025-02-14,3263.65,3275.05,3285.8,3221.55,3231.05,3237.65,3246.05,1378340,4474159814.5,125280,868058,62.98,-0.007966540529774968
LT,EQ,2025-02-17,3237.65,3213.55,3239.4,3194.55,3222.0,3221.85,3217.09,1966689,6327017871.4,142527,1292641,65.73,-0.004880082776087646
LT,EQ,2025-02-18,3221.85,3227.0,3241.0,3183.0,3220.0,3220.15,3213.88,2428215,7803995072.7,107311,1674200,68.95,-0.0005276471592408072
LT,EQ,2025-02-19,3220.15,3220.15,3302.85,3211.6,3268.95,3275.9,3269.6,1677978,5486325100.05,144994,914338,54.49,0.0173128580966726
LT,EQ,2025-02-20,3275.9,3260.05,3285.45,3247.75,3275.55,3275.8,3274.46,1236693,4049500999.0,93085,735617,59.48,-3.0525962330885115e-05
LT,EQ,2025-02-21,3275.8,3275.8,3324.9,3270.9,3315.5,3315.1,3306.08,1706850,5642987960.8,113093,1024169,60.0,0.011997069418157258
LT,EQ,2025-02-24,3315.1,3289.7,3325.5,3250.0,3251.0,3257.7,3289.89,1512844,4977086569.6,162651,940378,62.16,-0.017314711471750455
LT,EQ,2025-02-25,3257.7,3233.0,3248.95,3206.4,3229.0,3225.9,3227.37,2529084,8162286346.25,133515,1610923,63.7,-0.0097614881664978
LT,EQ,2025-02-27,3225.9,3238.0,3258.5,3184.0,3210.0,3209.5,3209.83,2572065,8255891425.4,132651,1740649,67.68,-0.005083852568275593
LT,EQ,2025-02-28,3209.5,3199.8,3199.8,3141.0,3170.0,3163.85,3168.5,2494680,7904404674.55,175923,1577446,63.23,-0.014223399283377458
LT,EQ,2025-03-03,3163.85,3165.95,3227.0,3160.0,3198.2,3197.3,3195.59,1352460,4321913462.85,132374,752673,55.65,0.010572561910330958
LT,EQ,2025-03-04,3197.3,3171.05,3221.0,3167.8,3211.0,3213.0,3203.15,1442098,4619256245.9,93358,930531,64.53,0.004910393144215375
LT,EQ,2025-03-05,3213.0,3213.0,3245.0,3187.85,3243.0,3239.65,3226.6,1945855,6278501228.35,134346,1203196,61.83,0.008294428882664295
LT,EQ,2025-03-06,3239.65,3250.1,3266.45,3215.0,3258.0,3259.9,3247.81,1854837,6024166642.7,134338,924111,49.82,0.006250675227262192
LT,EQ,2025-03-07,3259.9,3259.9,3289.0,3240.1,3246.0,3244.7,3257.65,930240,3030394882.8,96014,533770,57.38,-0.0046627197153287225
LT,EQ,2025-03-10,3244.7,3246.0,3246.3,3169.05,3177.8,3177.7,3201.45,1777752,5691390324.1,106319,1069491,60.16,-0.02064905846457299
LT,EQ,2025-03-11,3177.7,3170.3,3204.4,3161.1,3203.8,3195.45,3184.34,1274649,4058918929.95,81156,671406,52.67,0.005585801051074757
LT,EQ,2025-03-12,3195.45,3205.0,3221.95,3153.05,3190.0,3193.65,3180.42,1360149,4325851450.4,78130,824697,60.63,-0.000563300943528966
LT,EQ,2025-03-13,3193.65,3202.25,3233.15,3178.05,3189.0,3187.3,3203.74,1414376,4531291301.85,83033,866126,61.24,-0.0019883205736382914
LT,EQ,2025-03-17,3187.3,3190.0,3240.05,3159.0,3175.55,3173.45,3187.76,2805790,8944176882.1,122254,1805739,64.36,-0.004345370689925798
LT,EQ,2025-03-18,3173.45,3194.0,3278.65,3189.3,3271.0,3270.7,3248.31,2029984,6594015430.45,123494,1205472,59.38,0.030644881753296938
LT,EQ,2025-03-19,3270.7,3275.0,3326.6,3268.5,3318.0,3319.55,3307.23,1616312,5345520793.35,88804,1155694,71.5,0.014935640688537699
LT,EQ,2025-03-20,3319.55,3335.25,3358.9,3276.9,3352.5,3351.05,3327.53,2434722,8101621701.3,97496,1687515,69.31,0.009489237999126487
LT,EQ,2025-03-21,3351.05,3357.0,3455.0,3332.75,3415.05,3415.95,3416.15,3042073,10392174228.35,145340,2062731,67.81,0.01936706405455002
LT,EQ,2025-03-24,3415.95,3449.0,3517.0,3446.0,3483.05,3481.85,3483.78,1955564,6812754571.9,115273,1153502,58.99,0.01929185146152612
LT,EQ,2025-03-25,3481.85,3505.0,3525.0,3435.35,3452.85,3469.6,3474.74,4235900,14718650807.85,174082,2886969,68.15,-0.0035182446113416477
LT,EQ,2025-03-26,3469.6,3473.0,3496.8,3418.5,3451.0,3444.8,3458.66,2315715,8009267716.35,152200,1380214,59.6,-0.0071477980170624456
LT,EQ,2025-03-27,3444.8,3460.0,3528.0,3451.0,3510.05,3501.6,3505.96,3467864,12158179075.0,171894,2139737,61.7,0.016488620529493625
LT,EQ,2025-03-28,3501.6,3509.9,3514.0,3472.55,3488.0,3492.3,3490.61,1348143,4705836932.1,78826,805620,59.76,-0.0026559287183001157
LT,EQ,2025-04-01,3492.3,3480.0,3501.6,3430.0,3438.3,3436.8,3451.17,1935147,6678517222.55,114580,1068906,55.24,-0.015892105489219155
LT,EQ,2025-04-02,3436.8,3433.0,3457.75,3408.0,3426.0,3419.9,3429.08,1338839,4590982045.3,73369,892450,66.66,-0.004917364990689066
LT,EQ,2025-04-03,3419.9,3400.0,3463.0,3393.0,3419.0,3420.15,3432.72,1200631,4121427952.2,84197,710175,59.15,7.310155267692409e-05
LT,EQ,2025-04-04,3420.15,3400.0,3403.8,3237.3,3259.0,3260.15,3275.65,2366979,7753393787.4,156827,1446954,61.13,-0.0467815739075772
LT,EQ,2025-04-07,3260.15,3049.05,3090.6,2965.3,3087.0,3068.5,3047.0,4953864,15094428193.5,422707,2860181,57.74,-0.058785638697606
LT,EQ,2025-04-08,3068.5,3124.95,3193.9,3092.7,3164.6,3161.1,3147.02,2877816,9056534927.0,140046,1155284,40.14,0.030177611210689292
LT,EQ,2025-04-09,3161.1,3158.8,3158.8,3048.0,3062.0,3054.15,3083.63,4451381,13726393450.75,256046,3393437,76.23,-0.03383315934326647
LT,EQ,2025-04-11,3054.15,3114.0,3157.0,3100.15,3119.25,3115.95,3123.53,3979116,12428907356.35,132571,2981651,74.93,0.02023476253622114
LT,EQ,2025-04-15,3115.95,3180.0,3272.0,3176.1,3259.0,3257.6,3247.57,2161492,7019590562.6,113498,1298477,60.07,0.04545965114972961
LT,EQ,2025-04-16,3257.6,3270.0,3276.8,3224.1,3231.4,3227.7,3248.34,1578260,5126724530.2,112383,888042,56.27,-0.009178536345776034
LT,EQ,2025-04-17,3227.7,3214.1,3249.9,3162.4,3244.9,3247.3,3206.57,3209331,10290935838.2,168832,1769268,55.13,0.006072435480373173
LT,EQ,2025-04-21,3247.3,3249.5,3290.0,3225.1,3279.9,3280.5,3273.52,1643003,5378395835.5,101664,913309,55.59,0.010223878298894373
LT,EQ,2025-04-22,3280.5,3280.0,3285.0,3248.0,3254.0,3257.8,3266.83,2060322,6730718857.0,100788,1336329,64.86,-0.006919676878524572
LT,EQ,2025-04-23,3257.8,3275.4,3315.0,3266.7,3296.0,3301.0,3291.24,2381699,7838735592.4,103277,1436616,60.32,0.013260482534225515
LT,EQ,2025-04-24,3301.0,3307.0,3307.0,3280.0,3298.2,3300.6,3293.25,1993448,6564919205.1,72609,1296467,65.04,-0.00012117540139355842
LT,EQ,2025-04-25,3300.6,3310.0,3335.7,3230.1,3268.0,3272.1,3272.54,2004819,6560849672.9,133465,1201395,59.93,-0.008634793673877428
LT,EQ,2025-04-28,3272.1,3260.0,3350.8,3254.8,3325.0,3327.3,3317.89,1689485,5605519110.1,82707,943227,55.83,0.01686990006417899
LT,EQ,2025-04-29,3327.3,3335.0,3376.4,3315.0,3321.3,3322.3,3338.97,1843861,6156587711.7,120139,1050758,56.99,-0.0015027199230607247
LT,EQ,2025-04-30,3322.3,3324.0,3355.0,3303.3,3330.0,3341.0,3341.49,1930714,6451459506.3,113823,1314833,68.1,0.00562863076784148
LT,EQ,2025-05-02,3341.0,3325.0,3374.9,3321.5,3324.0,3329.8,3347.85,1665574,5576084084.5,84477,923013,55.42,-0.003352289733612679
LT,EQ,2025-05-05,3329.8,3350.0,3350.0,3300.7,3332.0,3330.2,3324.66,1947332,6474212018.4,107073,1322685,67.92,0.00012012733497490657
LT,EQ,2025-05-06,3330.2,3346.0,3353.0,3302.8,3332.0,3334.0,3330.5,1695516,5646918314.4,96917,1004059,59.22,0.001141072608251914
LT,EQ,2025-05-07,3334.0,3332.0,3339.8,3284.1,3327.0,3321.4,3318.68,2422707,8040179595.2,171780,1580441,65.23,-0.003779244151169703
LT,EQ,2025-05-08,3321.4,3310.1,3366.0,3299.8,3312.0,3323.9,3337.85,3204333,10695569358.9,129057,1850678,57.76,0.0007526946468356943
LT,EQ,2025-05-09,3323.9,3331.0,3477.0,3331.0,3451.4,3443.9,3438.6,5637694,19385778797.2,311155,2386081,42.32,0.03610216913866249
LT,EQ,2025-05-12,3443.9,3513.0,3602.8,3490.0,3588.0,3587.2,3566.54,3147384,11225276507.4,186489,1919267,60.98,0.041609802839803534
LT,EQ,2025-05-13,3587.2,3587.2,3606.0,3545.0,3570.5,3567.0,3571.75,2374439,8480910370.4,168486,1147243,48.32,-0.005631132917038317
LT,EQ,2025-05-14,3567.0,3587.0,3617.0,3567.0,3576.0,3573.1,3585.42,2440116,8748830534.8,110493,1629530,66.78,0.0017101205494813865
LT,EQ,2025-05-15,3573.1,3594.0,3648.7,3543.0,3620.0,3618.2,3603.28,3720879,13407382227.4,173281,2019951,54.29,0.012622092860541168
LT,EQ,2025-05-16,3618.2,3642.0,3642.0,3600.0,3608.0,3604.7,3609.4,1278520,4614691788.6,79444,781481,61.12,-0.0037311370294621504
LT,EQ,2025-05-19,3604.7,3604.7,3619.9,3587.0,3596.6,3600.2,3601.06,1519244,5470889248.3,94112,1060955,69.83,-0.0012483701833717609
LT,EQ,2025-05-20,3600.2,3630.0,3634.0,3556.0,3575.0,3567.8,3585.64,1532347,5494446090.6,106300,897460,58.57,-0.008999500027776164
LT,EQ,2025-05-21,3567.8,3565.7,3610.5,3555.0,3587.0,3589.0,3581.09,1563885,5600416305.9,93765,1111692,71.09,0.005942037109703424
LT,EQ,2025-05-22,3589.0,3585.0,3592.0,3536.9,3553.4,3551.4,3555.56,1597159,5678796121.9,95436,881106,55.17,-0.010476455837280518
LT,EQ,2025-05-23,3551.4,3570.0,3631.6,3551.2,3600.0,3599.9,3600.2,1119217,4029409610.2,76094,651561,58.22,0.013656586135045279
LT,EQ,2025-05-26,3599.9,3615.8,3672.5,3608.4,3646.0,3648.7,3647.48,1678934,6123879986.1,107922,883972,52.65,0.013555932109225122
LT,EQ,2025-05-27,3648.7,3648.7,3665.0,3603.0,3645.0,3640.0,3627.62,2013954,7305863175.1,148792,871579,43.28,-0.0023844108860689994
LT,EQ,2025-05-28,3640.0,3660.0,3663.0,3620.0,3643.0,3646.3,3642.32,1293244,4710411400.6,75956,864463,66.84,0.0017307692307693134
LT,EQ,2025-05-29,3646.3,3663.9,3668.9,3618.0,3661.9,3655.3,3644.27,1972248,7187402190.4,88440,1294081,65.61,0.002468255491868465
LT,EQ,2025-05-30,3655.3,3655.3,3695.3,3654.5,3672.0,3675.1,3673.72,2571304,9446249581.7,126244,1803804,70.15,0.0054167920553716
LT,EQ,2025-06-02,3675.1,3675.1,3697.3,3605.6,3669.0,3679.6,3659.9,1954517,7153337054.8,107310,1285591,65.78,0.0012244564773746802
LT,EQ,2025-06-03,3679.6,3655.0,3669.2,3615.3,3642.3,3644.8,3638.44,2472483,8995968771.6,142790,1259704,50.95,-0.009457549733666637
LT,EQ,2025-06-04,3644.8,3645.0,3661.7,3615.3,3621.0,3626.5,3633.5,1086783,3948821084.9,67057,693204,63.78,-0.005020851624231826
LT,EQ,2025-06-05,3626.5,3629.9,3677.4,3612.0,3641.2,3642.6,3647.41,1466416,5348618989.7,116020,793588,54.12,0.004439542258375839
LT,EQ,2025-06-06,3642.6,3645.0,3667.0,3623.0,3653.0,3656.3,3653.89,1172711,4284959310.5,83150,619399,52.82,0.0037610497995936853
LT,EQ,2025-06-09,3656.3,3664.0,3708.9,3662.2,3679.0,3678.9,3684.31,898170,3309135600.3,67640,473515,52.72,0.006181112053168514
LT,EQ,2025-06-10,3678.9,3704.0,3704.0,3667.2,3675.0,3679.8,3681.54,1454535,5354923368.6,83562,966119,66.42,0.0002446383429830501
LT,EQ,2025-06-11,3679.8,3689.9,3692.0,3656.1,3685.0,3684.8,3681.96,1265737,4660392611.8,50574,823638,65.07,0.0013587694983423493
LT,EQ,2025-06-12,3684.8,3684.8,3708.0,3585.0,3598.6,3603.9,3627.63,2335718,8473130704.7,126484,1189468,50.93,-0.021955058619192336
LT,EQ,2025-06-13,3603.9,3501.2,3596.0,3485.9,3586.2,3587.4,3562.24,1981445,7058392168.3,109875,1104375,55.74,-0.0045783734287855316
LT,EQ,2025-06-16,3587.4,3575.5,3653.7,3561.8,3627.0,3628.7,3631.62,1322630,4803294516.5,84025,744455,56.29,0.011512516028321373
LT,EQ,2025-06-17,3628.7,3622.0,3627.6,3602.0,3620.0,3622.3,3615.69,930603,3364773433.5,73746,551840,59.3,-0.0017637170336483043
LT,EQ,2025-06-18,3622.3,3622.0,3639.1,3587.2,3600.8,3601.5,3605.23,743311,2679808741.3,60898,394465,53.07,-0.005742207989399062
LT,EQ,2025-06-19,3601.5,3607.0,3643.0,3591.1,3615.6,3621.1,3620.89,1580819,5723970604.3,97791,773255,48.91,0.0054421768707482165
LT,EQ,2025-06-20,3621.1,3614.0,3669.9,3614.0,3658.0,3662.0,3656.5,2575277,9416501920.0,119108,1863469,72.36,0.011294910386346668
LT,EQ,2025-06-23,3662.0,3645.0,3660.0,3574.6,3579.0,3583.7,3598.86,1867977,6722585294.9,135563,1178760,63.1,-0.02138175860185698
LT,EQ,2025-06-24,3583.7,3637.1,3684.0,3597.0,3612.0,3604.8,3636.16,2751637,10005400885.0,152946,1221697,44.4,0.005887769623573513
LT,EQ,2025-06-25,3604.8,3640.0,3642.0,3608.9,3623.9,3619.8,3622.1,1405262,5089995337.4,84597,770681,54.84,0.004161118508655193
LT,EQ,2025-06-26,3619.8,3620.1,3669.0,3620.1,3660.3,3659.6,3647.42,2578926,9406435506.4,118158,1523653,59.08,0.010995082601248596
LT,EQ,2025-06-27,3659.6,3665.0,3731.4,3665.0,3678.9,3679.2,3695.03,2720600,10052685084.1,132720,1581675,58.14,0.00535577658760511
LT,EQ,2025-06-30,3679.2,3682.0,3717.5,3652.7,3671.0,3669.8,3680.8,1508882,5553892750.4,108176,895912,59.38,-0.0025549032398346494
LT,EQ,2025-07-01,3669.8,3669.8,3678.9,3645.0,3665.0,3666.7,3664.57,1054380,3863844558.5,77782,619159,58.72,-0.0008447326829801316
LT,EQ,2025-07-02,3666.7,3666.6,3674.2,3583.9,3593.8,3596.8,3611.63,1330176,4804109982.2,100999,817842,61.48,-0.019063463059426633
LT,EQ,2025-07-03,3596.8,3605.0,3625.0,3576.0,3581.4,3582.9,3595.2,1229034,4418622664.8,77121,667609,54.32,-0.0038645462633452032
LT,EQ,2025-07-04,3582.9,3590.0,3600.0,3570.1,3595.0,3594.6,3587.51,696402,2498348963.6,61642,356813,51.24,0.0032655111780959256
LT,EQ,2025-07-07,3594.6,3599.9,3609.8,3575.1,3580.0,3581.4,3587.72,719539,2581506596.8,70912,455711,63.33,-0.0036721749290602457
LT,EQ,2025-07-08,3581.4,3580.0,3614.0,3560.0,3607.0,3606.4,3589.92,1513912,5434829255.1,73277,1008999,66.65,0.006980510414921648
LT,EQ,2025-07-09,3606.4,3605.0,3605.1,3568.2,3581.0,3579.7,3580.27,1008876,3612050199.9,73760,613030,60.76,-0.007403504880213019
LT,EQ,2025-07-10,3579.7,3575.0,3589.9,3569.0,3573.8,3574.7,3578.59,1063910,3807300848.5,59582,786512,73.93,-0.0013967650920467811
LT,EQ,2025-07-11,3574.7,3575.0,3586.6,3535.5,3537.0,3540.6,3550.71,1439747,5112119676.9,126459,986607,68.53,-0.009539262035974994
LT,EQ,2025-07-14,3540.6,3540.6,3548.7,3488.0,3493.9,3495.9,3498.73,1358844,4754231386.8,104044,961684,70.77,-0.012624978817149635
LT,EQ,2025-07-15,3495.9,3519.0,3521.0,3481.7,3495.5,3494.0,3498.33,1585193,5545521828.0,96670,1119154,70.6,-0.0005434938070311146
LT,EQ,2025-07-16,3494.0,3504.0,3516.0,3477.0,3505.1,3503.8,3496.46,1266964,4429884889.6,87927,851819,67.23,0.002804808242701906
LT,EQ,2025-07-17,3503.8,3515.0,3515.0,3467.5,3478.6,3474.0,3486.82,2217275,7731237608.8,85889,1605858,72.42,-0.008505051658199703
LT,EQ,2025-07-18,3474.0,3489.0,3499.0,3450.0,3468.7,3464.8,3462.4,1818696,6297044981.9,101524,1287731,70.81,-0.002648244099021202
LT,EQ,2025-07-21,3464.8,3467.6,3508.1,3444.9,3503.0,3502.8,3491.55,1521623,5312822362.8,77895,1008566,66.28,0.010967444008312066
LT,EQ,2025-07-22,3502.8,3502.0,3507.6,3454.1,3468.0,3464.6,3470.7,2586522,8977037344.0,82376,2168191,83.83,-0.010905561265273533
LT,EQ,2025-07-23,3464.6,3476.2,3490.0,3458.6,3483.3,3484.9,3470.5,1192261,4137739256.4,59744,923989,77.5,0.0058592622524966664
LT,EQ,2025-07-24,3484.9,3484.9,3493.4,3461.0,3477.9,3477.5,3472.14,1083671,3762660752.6,55991,776185,71.63,-0.0021234468707853615
LT,EQ,2025-07-25,3477.5,3470.0,3477.0,3437.4,3442.0,3442.9,3454.4,1338744,4624553661.1,75006,914390,68.3,-0.009949676491732506
LT,EQ,2025-07-28,3442.9,3430.1,3446.1,3405.1,3421.5,3422.2,3424.05,2256080,7724940517.2,87996,1588791,70.42,-0.006012373289959072
LT,EQ,2025-07-29,3422.2,3418.0,3504.3,3406.5,3488.0,3495.6,3462.01,1241060,4296560618.6,95304,623061,50.2,0.021448191222021018
LT,EQ,2025-07-30,3495.6,3622.0,3685.3,3590.0,3659.2,3665.1,3645.37,8760659,31935832700.7,427790,5063512,57.8,0.048489529694472955
LT,EQ,2025-07-31,3665.1,3625.0,3662.9,3621.0,3628.5,3636.5,3646.85,1927627,7029771788.9,107576,1047227,54.33,-0.007803334151864849
LT,EQ,2025-08-01,3636.5,3636.0,3636.0,3578.1,3595.2,3587.3,3602.61,1205945,4344549401.3,83517,735692,61.01,-0.013529492644025809
LT,EQ,2025-08-04,3587.3,3595.2,3636.8,3577.0,3630.0,3631.1,3621.92,1033049,3741615734.1,110335,695739,67.35,0.012209739915814088
LT,EQ,2025-08-05,3631.1,3630.0,3657.7,3608.3,3650.0,3652.6,3637.79,1158433,4214132130.3,89832,735527,63.49,0.00592107074991044
LT,EQ,2025-08-06,3652.6,3650.0,3671.0,3622.2,3633.0,3628.4,3637.58,931383,3387981547.8,60406,590877,63.44,-0.0066254175108141355
LT,EQ,2025-08-07,3628.4,3610.3,3649.0,3599.2,3641.8,3641.6,3615.09,1211790,4380734335.5,72219,762885,62.96,0.0036379671480541997
LT,EQ,2025-08-08,3641.6,3641.6,3662.3,3600.0,3610.0,3607.6,3628.12,1337067,4851043230.0,59130,948514,70.94,-0.009336555360281218
LT,EQ,2025-08-11,3607.6,3610.0,3676.9,3600.0,3672.0,3668.4,3651.77,1822410,6655022511.2,118763,1212722,66.54,0.01685330967956533
LT,EQ,2025-08-12,3668.4,3680.0,3727.9,3673.1,3679.8,3686.1,3699.97,2280103,8436303381.3,139129,1335582,58.58,0.004824991822047764
LT,EQ,2025-08-13,3686.1,3696.0,3716.0,3681.3,3692.0,3693.7,3702.13,1227196,4543245201.1,72453,780889,63.63,0.002061799734136338
LT,EQ,2025-08-14,3693.7,3700.0,3708.5,3641.7,3672.1,3677.0,3669.6,1769702,6494100710.3,84392,1169250,66.07,-0.004521211793052982
LT,EQ,2025-08-18,3677.0,3699.0,3701.5,3621.7,3640.0,3635.1,3642.97,1950151,7104345277.1,101347,1222553,62.69,-0.01139515909708999
LT,EQ,2025-08-19,3635.1,3648.9,3654.0,3608.2,3618.0,3613.0,3626.55,1352944,4906513767.7,73994,911307,67.36,-0.006079612665401246
LT,EQ,2025-08-20,3613.0,3613.5,3619.9,3580.0,3593.0,3592.3,3594.63,1325096,4763230931.8,88284,781175,58.95,-0.005729310822031541
LT,EQ,2025-08-21,3592.3,3599.0,3648.0,3588.0,3619.5,3612.6,3619.84,1624009,5878653828.4,142344,861298,53.04,0.005650975698020755
LT,EQ,2025-08-22,3612.6,3610.0,3634.5,3582.0,3592.0,3595.8,3602.77,1060447,3820544836.8,95017,658148,62.06,-0.0046503903006144265
LT,EQ,2025-08-25,3595.8,3616.0,3617.9,3584.3,3604.4,3603.1,3597.84,980393,3527298090.5,64094,683916,69.76,0.0020301462817731153
LT,EQ,2025-08-26,3603.1,3599.0,3600.0,3531.0,3552.0,3541.3,3557.82,1787363,6359111540.5,131444,981688,54.92,-0.017151896977602554
LT,EQ,2025-08-28,3541.3,3540.0,3576.9,3537.2,3564.1,3560.1,3560.11,1695226,6035189848.2,143098,833469,49.17,0.005308784909496378
LT,EQ,2025-08-29,3560.1,3575.6,3615.0,3540.2,3605.0,3601.0,3593.7,1678055,6030431708.5,114553,935775,55.77,0.011488441335917532
LT,EQ,2025-09-01,3601.0,3601.0,3628.6,3581.9,3595.0,3598.4,3598.46,1094155,3937270954.1,90441,568797,51.99,-0.0007220216606498298
LT,EQ,2025-09-02,3598.4,3598.4,3619.9,3560.0,3575.0,3574.9,3588.36,1230950,4417089601.1,110116,451242,36.66,-0.006530680302356595
LT,EQ,2025-09-03,3574.9,3594.0,3606.3,3560.0,3601.0,3600.8,3584.19,1314831,4712600627.2,73413,796758,60.6,0.00724495790092039
LT,EQ,2025-09-04,3600.8,3622.9,3624.9,3572.5,3592.6,3592.6,3593.13,1434998,5156132286.2,105262,584243,40.71,-0.002277271717396223
LT,EQ,2025-09-05,3592.6,3592.8,3609.1,3549.1,3553.7,3553.6,3565.84,830812,2962540547.6,79991,400990,48.26,-0.010855647720313999
LT,EQ,2025-09-08,3553.6,3570.0,3579.9,3525.0,3532.0,3529.6,3544.5,1039999,3686277127.7,86765,538271,51.76,-0.006753714542998668
LT,EQ,2025-09-09,3529.6,3547.2,3550.0,3516.4,3527.5,3525.0,3529.28,1522116,5371978298.2,94051,739598,48.59,-0.0013032638259292684
LT,EQ,2025-09-10,3525.0,3559.0,3577.4,3541.1,3556.0,3550.0,3553.11,1136732,4038937830.4,90275,636468,55.99,0.007092198581560183
LT,EQ,2025-09-11,3550.0,3548.0,3564.7,3533.0,3542.5,3539.7,3541.53,1177793,4171194610.8,110651,461338,39.17,-0.0029014084507043014
LT,EQ,2025-09-12,3539.7,3556.4,3595.4,3548.1,3579.0,3579.8,3581.99,1146873,4108090597.8,94504,663288,57.83,0.011328643670367677
LT,EQ,2025-09-15,3579.8,3581.0,3607.0,3575.5,3588.6,3586.2,3594.53,1177076,4231040710.3,88666,719992,61.17,0.0017878093748253665
LT,EQ,2025-09-16,3586.2,3603.9,3674.0,3593.1,3670.0,3667.8,3646.4,2928060,10676878746.5,193641,1464986,50.03,0.022753889911326874
LT,EQ,2025-09-17,3667.8,3672.0,3704.0,3662.7,3684.6,3685.5,3689.4,1610471,5941671243.9,114979,995772,61.83,0.004825781122198558
LT,EQ,2025-09-18,3685.5,3691.0,3700.0,3672.5,3685.0,3686.0,3687.31,1270148,4683428851.1,97311,672138,52.92,0.0001356668023335672
LT,EQ,2025-09-19,3686.0,3679.0,3705.0,3671.0,3684.0,3675.4,3681.61,2227521,8200861020.5,109853,1698619,76.26,-0.0028757460661964496
LT,EQ,2025-09-22,3675.4,3693.6,3693.6,3633.9,3645.9,3644.5,3656.59,839430,3069450140.7,58734,480226,57.21,-0.008407248190673178
LT,EQ,2025-09-23,3644.5,3646.9,3673.5,3613.2,3660.0,3657.6,3649.8,1262120,4606489164.5,80055,506329,40.12,0.003594457401564055
LT,EQ,2025-09-24,3657.6,3657.6,3709.2,3637.1,3674.2,3673.8,3683.93,1745130,6428942601.1,104811,896476,51.37,0.00442913385826782
LT,EQ,2025-09-25,3673.8,3684.0,3704.0,3635.7,3650.0,3644.4,3661.64,1999071,7319870218.3,120159,1062082,53.13,-0.008002613098154532
LT,EQ,2025-09-26,3644.4,3664.0,3794.9,3661.0,3743.0,3729.5,3741.34,5870301,21962819514.9,278037,2857571,48.68,0.023350894523104015
LT,EQ,2025-09-29,3729.5,3738.0,3740.0,3679.6,3704.3,3688.4,3700.4,2599630,9619661207.1,155433,1483724,57.07,-0.01102024400053625
LT,EQ,2025-09-30,3688.4,3695.0,3696.6,3648.0,3665.3,3659.0,3662.67,1676302,6139742188.7,147074,1029130,61.39,-0.007970935907168464
LT,EQ,2025-10-01,3659.0,3658.9,3688.0,3615.0,3685.0,3670.3,3656.15,2005028,7330684925.6,130858,1193741,59.54,0.003088275485105374
LT,EQ,2025-10-03,3670.3,3690.0,3746.0,3666.3,3742.9,3733.1,3701.79,1959124,7252260366.0,113550,1261279,64.38,0.01711031795766016
LT,EQ,2025-10-06,3733.1,3720.0,3767.0,3703.0,3745.1,3737.0,3742.06,1581506,5918083899.3,109875,936248,59.2,0.0010447081514024514
LT,EQ,2025-10-07,3737.0,3748.0,3766.0,3725.0,3730.5,3729.7,3740.08,1673945,6260695648.3,97367,820642,49.02,-0.001953438587101952
LT,EQ,2025-10-08,3729.7,3730.0,3760.0,3715.0,3728.0,3729.8,3737.53,1424633,5324607989.3,97577,836552,58.72,2.681180792030169e-05
LT,EQ,2025-10-09,3729.8,3735.5,3796.4,3730.1,3764.1,3769.2,3769.21,1827249,6887282091.0,102873,907664,49.67,0.010563569092176373
LT,EQ,2025-10-10,3769.2,3765.0,3799.0,3760.0,3779.0,3784.0,3786.11,1129678,4277079829.5,77989,621407,55.01,0.003926562665817812
LT,EQ,2025-10-13,3784.0,3780.0,3784.0,3745.0,3765.5,3769.5,3764.19,1191248,4484088111.6,95051,582524,48.9,-0.003831923890063371
LT,EQ,2025-10-14,3769.5,3775.0,3786.8,3730.2,3736.0,3744.3,3753.88,1364583,5122480119.4,111937,641852,47.04,-0.006685236768802172
LT,EQ,2025-10-15,3744.3,3747.0,3843.9,3744.3,3823.6,3828.7,3822.77,2575918,9847145842.8,140670,1650837,64.09,0.022540928878562072
LT,EQ,2025-10-16,3828.7,3830.3,3885.9,3830.0,3862.0,3861.8,3862.85,2330283,9001539845.1,188365,1464465,62.84,0.008645232063102526
LT,EQ,2025-10-17,3861.8,3860.0,3869.5,3830.1,3838.0,3839.4,3848.44,1337364,5146771465.4,90733,754551,56.42,-0.005800403956704114
LT,EQ,2025-10-20,3839.4,3862.0,3887.6,3845.4,3872.0,3872.7,3869.95,1223232,4733841332.7,137333,536337,43.85,0.00867323019221744
LT,EQ,2025-10-21,3872.7,3892.0,3895.0,3877.2,3887.0,3888.2,3888.65,260327,1012320055.6,20939,156908,60.28,0.004002375603584074
LT,EQ,2025-10-23,3888.2,3890.0,3966.2,3890.0,3916.0,3918.7,3935.74,2815778,11082169549.7,195910,1491493,52.97,0.007844246695128954
LT,EQ,2025-10-24,3918.7,3929.3,3939.9,3897.5,3905.0,3904.9,3917.19,1146636,4491587430.6,117912,530105,46.23,-0.003521576032867957
LT,EQ,2025-10-27,3904.9,3912.0,3948.0,3907.0,3921.7,3923.8,3929.55,1057688,4156235571.8,74849,623201,58.92,0.004840072729135114
LT,EQ,2025-10-28,3923.8,3922.1,3986.0,3917.3,3981.6,3972.8,3954.06,3391806,13411395778.4,166102,1690854,49.85,0.012487894388093279
LT,EQ,2025-10-29,3972.8,3988.0,4016.7,3920.0,3957.3,3958.1,3960.74,2563641,10153914748.7,131435,1287777,50.23,-0.003700161095449128
LT,EQ,2025-10-30,3958.1,3980.0,4062.6,3975.6,3989.4,3987.5,4018.51,4959400,19929380105.2,314012,2206390,44.49,0.0074278062706854
LT,EQ,2025-10-31,3987.5,4001.1,4045.9,3980.2,4028.0,4030.9,4024.92,2328183,9370742553.4,173498,1469636,63.12,0.010884012539184917
LT,EQ,2025-11-03,4030.9,4030.0,4041.0,3974.9,3980.9,3980.5,4004.5,1154072,4621486438.2,119302,678636,58.8,-0.012503411148874988
LT,EQ,2025-11-04,3980.5,3985.0,3990.0,3916.8,3925.0,3924.4,3938.35,2042881,8045586217.1,120854,1193640,58.43,-0.014093706820751173
LT,EQ,2025-11-06,3924.4,3945.0,3978.0,3872.1,3893.0,3881.6,3905.55,1749063,6831060755.1,199865,831032,47.51,-0.010906125777188969
LT,EQ,2025-11-07,3881.6,3877.1,3892.9,3831.1,3882.1,3882.5,3866.22,1577294,6098158162.8,88564,982949,62.32,0.0002318631492168599
LT,EQ,2025-11-10,3882.5,3895.0,3943.8,3894.0,3916.8,3918.5,3926.38,1397176,5485845784.9,112929,804202,57.56,0.009272376046361774
LT,EQ,2025-11-11,3918.5,3929.0,3966.8,3897.0,3954.0,3955.0,3943.73,1775462,7001938505.5,91807,923586,52.02,0.00931478882225334
LT,EQ,2025-11-12,3955.0,3970.0,3973.8,3936.9,3955.0,3954.6,3952.55,981350,3878837240.1,61125,671317,68.41,-0.00010113780025289287
LT,EQ,2025-11-13,3954.6,3954.6,4022.9,3925.6,4005.0,4002.5,3993.68,1834962,7328246306.3,100532,1197533,65.26,0.012112476609517975
LT,EQ,2025-11-14,4002.5,4002.0,4011.5,3971.6,4004.0,4004.4,3994.47,1916910,7657038797.5,108120,1379792,71.98,0.0004747033104310905
LT,EQ,2025-11-17,4004.4,4004.4,4030.0,4000.1,4025.0,4027.7,4017.12,1206133,4845177771.0,93147,763641,63.31,0.0058185995405053426
LT,EQ,2025-11-18,4027.7,4020.0,4026.8,3978.9,3998.9,3999.6,4001.54,1748928,6998401702.7,104985,768346,43.93,-0.0069766864463589595
LT,EQ,2025-11-19,3999.6,4007.0,4026.5,3980.3,4018.4,4019.6,4011.22,923032,3702486075.6,66571,542129,58.73,0.0050005000500050745
LT,EQ,2025-11-20,4019.6,4035.0,4048.0,4007.7,4035.1,4037.4,4031.15,1463574,5899888196.0,107944,675287,46.14,0.004428301323514905
LT,EQ,2025-11-21,4037.4,4026.0,4057.0,4015.2,4025.0,4024.9,4031.54,1241149,5003740550.1,98448,705351,56.83,-0.0030960519145984966
LT,EQ,2025-11-24,4024.9,4025.0,4038.0,4003.7,4006.5,4013.3,4016.71,1584741,6365441341.2,78477,1141787,72.05,-0.002882059181594565
LT,EQ,2025-11-25,4013.3,4013.0,4055.5,3981.6,3982.2,3996.7,4023.11,1749083,7036744650.4,111665,797907,45.62,-0.004136246978795555
LT,EQ,2025-11-26,3996.7,3999.0,4074.6,3998.0,4060.0,4062.0,4053.14,2058237,8342331440.6,144192,1184804,57.56,0.01633847924537757
LT,EQ,2025-11-27,4062.0,4071.0,4140.0,4059.6,4080.0,4081.3,4103.11,2225064,9129684712.5,160848,1097959,49.35,0.0047513540128016896
LT,EQ,2025-11-28,4081.3,4085.0,4104.2,4054.7,4080.0,4069.6,4076.06,1318133,5372795390.0,112407,797023,60.47,-0.002866733638791641
LT,EQ,2025-12-01,4069.6,4087.0,4103.4,4050.0,4067.0,4073.2,4071.67,1251770,5096798928.2,116745,720227,57.54,0.0008846078238646804
LT,EQ,2025-12-02,4073.2,4066.5,4088.6,4023.8,4034.9,4030.5,4040.9,1490917,6024648608.6,115931,790822,53.04,-0.010483158204851128
LT,EQ,2025-12-03,4030.5,4032.0,4046.9,3970.1,3995.5,3988.0,3988.6,1123990,4483145217.1,93872,713170,63.45,-0.01054459744448577
LT,EQ,2025-12-04,3988.0,3990.0,4009.2,3961.7,3991.0,3983.6,3992.23,1026968,4099891373.1,87986,577767,56.26,-0.0011033099297893534
LT,EQ,2025-12-05,3983.6,3999.0,4048.0,3975.1,4039.0,4038.2,4026.21,1073758,4323178153.1,73212,495467,46.14,0.013706195401144594
LT,EQ,2025-12-08,4038.2,4047.0,4047.9,3976.9,3999.5,3996.7,4000.97,1127841,4512460149.6,85324,575007,50.98,-0.010276856024961645
LT,EQ,2025-12-09,3996.7,3990.0,4019.9,3949.1,3994.5,3997.5,3995.83,1788464,7146399199.9,109657,842252,47.09,0.00020016513623755117
LT,EQ,2025-12-10,3997.5,4000.0,4030.0,3970.0,3990.6,3991.3,4005.14,957277,3834023953.4,78323,547600,57.2,-0.0015509693558473092
LT,EQ,2025-12-11,3991.3,3993.2,4015.0,3984.6,4003.0,4003.9,4002.75,841371,3367798580.6,70935,435445,51.75,0.003156866183950058
LT,EQ,2025-12-12,4003.9,4061.0,4114.0,4048.6,4072.8,4074.1,4079.28,2207898,9006632921.3,117889,1230441,55.73,0.017532905417218192
LT,EQ,2025-12-15,4074.1,4072.8,4096.0,4063.8,4090.0,4092.3,4082.07,1064975,4347307061.0,99196,711671,66.83,0.0044672442993545225
LT,EQ,2025-12-16,4092.3,4083.7,4103.8,4051.2,4060.0,4063.8,4063.44,2199214,8936379899.4,90672,1559697,70.92,-0.006964298805072988
LT,EQ,2025-12-17,4063.8,4079.0,4079.0,4040.0,4060.1,4062.4,4057.12,1087334,4411446580.9,69688,624752,57.46,-0.0003445051429696866
LT,EQ,2025-12-18,4062.4,4067.0,4071.8,4023.4,4028.4,4031.1,4042.18,1004303,4059569191.9,104514,504610,50.24,-0.007704805041354956
LT,EQ,2025-12-19,4031.1,4040.1,4091.5,4040.1,4075.0,4073.5,4077.08,1327935,5414096999.2,98050,831050,62.58,0.010518220833023229
LT,EQ,2025-12-22,4073.5,4081.0,4098.5,4068.5,4073.0,4072.4,4077.39,764774,3118281882.1,79255,415588,54.34,-0.0002700380508162681
LT,EQ,2025-12-23,4072.4,4089.0,4095.0,4053.3,4070.0,4058.8,4071.48,1867147,7602046990.8,148137,954800,51.14,-0.0033395540713092586
LT,EQ,2025-12-24,4058.8,4065.0,4080.7,4048.1,4052.0,4053.6,4057.61,1021436,4144592456.2,95816,502918,49.24,-0.0012811668473441395
LT,EQ,2025-12-26,4053.6,4052.0,4061.5,4030.2,4051.0,4047.3,4040.73,594330,2401529162.4,46406,363869,61.22,-0.001554174067495473
LT,EQ,2025-12-29,4047.3,4053.0,4061.1,4033.4,4039.0,4038.7,4043.97,952143,3850441734.3,63280,593213,62.3,-0.0021248733723717717
LT,EQ,2025-12-30,4038.7,4039.0,4063.9,4006.2,4056.0,4052.0,4047.07,1362208,5512957239.3,89322,796676,58.48,0.003293138881323321
LT,EQ,2025-12-31,4052.0,4058.0,4094.5,4048.0,4083.0,4083.5,4075.9,1160164,4728716010.6,88267,764219,65.87,0.007773938795656576
LT,EQ,2026-01-01,4083.5,4090.0,4146.8,4088.3,4136.0,4140.4,4132.19,1360716,5622734970.8,103110,663745,48.78,0.013934125137749387
LT,EQ,2026-01-02,4140.4,4138.1,4172.7,4127.1,4164.7,4163.4,4155.35,984027,4088971711.1,82278,543323,55.21,0.00555501883875964
LT,EQ,2026-01-05,4163.4,4162.9,4195.0,4132.8,4149.0,4150.4,4163.02,1167460,4860154233.8,89730,763912,65.43,-0.003122447999231448
LT,EQ,2026-01-06,4150.4,4153.0,4185.0,4129.9,4141.0,4140.6,4150.71,1205337,5003005633.6,85290,648094,53.77,-0.0023612181958363454
LT,EQ,2026-01-07,4140.6,4106.0,4180.0,4094.0,4150.1,4157.0,4136.92,1213160,5018748896.7,100608,776950,64.04,0.003960778631116213
LT,EQ,2026-01-08,4157.0,4160.0,4169.9,3991.3,4044.7,4028.4,4076.57,2328813,9493566831.9,155478,1334775,57.32,-0.03093577098869371
LT,EQ,2026-01-09,4028.4,4029.0,4094.0,4006.2,4019.8,4025.2,4036.45,1718127,6935141081.5,88250,868326,50.54,-0.0007943600436898235
LT,EQ,2026-01-12,4025.2,4026.0,4026.9,3944.3,4024.0,4019.0,3989.1,1386513,5530934380.2,95355,701479,50.59,-0.0015402961343535804
LT,EQ,2026-01-13,4019.0,4028.0,4028.0,3837.0,3890.0,3887.4,3896.1,4978634,19397250659.5,257347,2223057,44.65,-0.032744463796964385
LT,EQ,2026-01-14,3887.4,3900.0,3904.9,3856.6,3868.0,3865.8,3878.74,1914244,7424857238.0,126414,978315,51.11,-0.005556413026701623
LT,EQ,2026-01-16,3865.8,3890.0,3914.0,3848.7,3857.0,3856.4,3875.35,1807300,7003928746.2,126699,1104280,61.1,-0.0024315794919551603
LT,EQ,2026-01-19,3856.4,3820.0,3878.4,3808.5,3863.7,3869.8,3841.62,1709380,6566792241.7,88630,898758,52.58,0.003474743283891746
LT,EQ,2026-01-20,3869.8,3858.0,3874.3,3800.0,3808.0,3810.5,3826.2,1658119,6344292993.4,119992,892942,53.85,-0.01532378934311851
LT,EQ,2026-01-21,3810.5,3800.0,3830.0,3722.0,3770.0,3766.5,3762.25,2537185,9545531064.7,169934,1497775,59.03,-0.011547041070725572
LT,EQ,2026-01-22,3766.5,3798.9,3801.3,3755.1,3797.9,3793.8,3779.3,1856812,7017449924.1,99239,870224,46.87,0.007248108323377078
LT,EQ,2026-01-23,3793.8,3798.0,3799.4,3720.1,3750.0,3743.8,3747.94,1898703,7116215566.8,87816,1256731,66.19,-0.013179397965100925
LT,EQ,2026-01-27,3743.8,3743.8,3815.0,3739.0,3804.5,3787.8,3772.11,2162193,8156024331.9,112278,1133348,52.42,0.011752764570756913
LT,EQ,2026-01-28,3787.8,3804.3,3828.2,3769.1,3796.9,3794.0,3797.75,2111741,8019871592.2,108273,1226290,58.07,0.0016368340461481168
LT,EQ,2026-01-29,3794.0,3860.0,3960.9,3843.6,3938.0,3932.9,3922.3,4227139,16580123312.9,186910,1955557,46.26,0.036610437532946793
LT,EQ,2026-01-30,3932.9,3902.5,3942.4,3891.8,3935.0,3932.3,3923.36,2208465,8664602346.1,120197,1579119,71.5,-0.0001525591802487014
LT,EQ,2026-02-01,3932.3,3953.0,4042.8,3756.0,3800.0,3814.0,3927.7,2654727,10426966161.9,141332,1094146,41.22,-0.03008417465605373
LT,EQ,2026-02-02,3814.0,3830.7,3934.8,3825.0,3914.0,3921.3,3906.67,3034613,11855225523.1,170586,1778487,58.61,0.02813319349764032
LT,EQ,2026-02-03,3921.3,4117.0,4122.0,4030.6,4038.0,4038.8,4061.32,3742190,15198241301.2,258219,2194084,58.63,0.029964552571851266
LT,EQ,2026-02-04,4038.8,4029.0,4107.0,4016.9,4080.2,4087.1,4083.65,1403373,5730883489.7,113811,838870,59.78,0.011958997722095521
LT,EQ,2026-02-05,4087.1,4088.0,4088.5,4035.9,4060.0,4063.3,4060.81,1433240,5820117635.5,128802,831946,58.05,-0.005823199823835945
LT,EQ,2026-02-06,4063.3,4055.0,4078.0,4042.3,4065.4,4068.1,4062.59,1630836,6625414356.4,87660,1020140,62.55,0.0011813058351586303
LT,EQ,2026-02-09,4068.1,4073.9,4124.7,4062.4,4109.0,4113.6,4108.26,1830267,7519221108.3,92278,1274824,69.65,0.011184582483223293
LT,EQ,2026-02-10,4113.6,4140.0,4174.6,4122.4,4168.0,4169.0,4157.31,1890409,7859007266.7,92437,1056385,55.88,0.013467522364838391
LT,EQ,2026-02-11,4169.0,4172.9,4187.7,4140.3,4170.0,4170.4,4164.75,1689489,7036298541.1,86964,1249211,73.94,0.0003358119453105157
LT,EQ,2026-02-12,4170.4,4187.9,4199.0,4160.9,4180.0,4185.9,4186.53,2006458,8400096341.8,89895,1342616,66.91,0.0037166698638020357
LT,EQ,2026-02-13,4185.9,4174.1,4199.0,4134.1,4172.0,4173.9,4175.19,2234376,9328934649.8,147111,1698283,76.01,-0.0028667670035117387
LT,EQ,2026-02-16,4173.9,4170.0,4206.0,4135.3,4200.0,4201.5,4182.21,852552,3565548595.4,51800,548119,64.29,0.006612520664127208
LT,EQ,2026-02-17,4201.5,4210.1,4287.0,4190.1,4275.8,4279.8,4251.49,1763048,7495581288.4,93683,941131,53.38,0.018636201356658333
LT,EQ,2026-02-18,4279.8,4290.5,4335.0,4261.1,4310.0,4325.9,4300.66,2042626,8784647123.9,111448,1413063,69.18,0.010771531379971
LT,EQ,2026-02-19,4325.9,4326.1,4334.0,4261.9,4273.9,4280.5,4294.14,2007080,8618686134.3,108010,1205316,60.05,-0.010494925911370911
LT,EQ,2026-02-20,4280.5,4267.1,4390.0,4267.1,4380.1,4380.6,4359.84,2542442,11084634648.7,143149,1639728,64.49,0.023385118560915963
LT,EQ,2026-02-23,4380.6,4395.6,4431.6,4371.7,4419.0,4418.1,4402.62,2122782,9345791882.9,109789,1399460,65.93,0.00856047116833314
LT,EQ,2026-02-24,4418.1,4415.5,4440.0,4228.1,4271.0,4259.2,4317.04,3673070,15856802500.6,166929,2434445,66.28,-0.03596568660736532
LT,EQ,2026-02-25,4259.2,4270.0,4344.9,4254.2,4302.0,4298.5,4305.28,2481469,10683430729.9,145176,1528229,61.59,0.00922708489857249
LT,EQ,2026-02-26,4298.5,4304.9,4340.0,4278.3,4290.0,4286.5,4304.38,2370148,10202007351.1,146788,1164589,49.14,-0.0027916715133186054
LT,EQ,2026-02-27,4286.5,4288.9,4304.7,4254.4,4270.0,4278.3,4282.4,2357853,10097269460.1,109719,1664003,70.57,-0.0019129826198529543
LT,EQ,2026-03-02,4278.3,4061.0,4141.4,3975.4,4054.0,4066.7,4053.82,6542141,26520681088.1,436388,3528625,53.94,-0.04945889722553354
LT,EQ,2026-03-04,4066.7,3950.0,3959.0,3760.0,3882.0,3882.6,3827.67,7635350,29225594445.6,489192,4031671,52.8,-0.045270120736715214
LT,EQ,2026-03-05,3882.6,3924.2,4072.9,3908.9,4027.0,4038.7,3992.61,4996312,19948310886.4,263610,2606988,52.18,0.040205017256477626
LT,EQ,2026-03-06,4038.7,4015.0,4015.0,3941.0,3949.0,3949.8,3961.11,2379314,9424723564.9,158659,1161565,48.82,-0.02201203357516024
LT,EQ,2026-03-09,3949.8,3850.0,3852.0,3743.0,3836.5,3842.1,3791.51,4248784,16109287723.1,243130,2427298,57.13,-0.027267203402704054
LT,EQ,2026-03-10,3842.1,3936.0,3972.0,3851.0,3881.5,3876.0,3880.02,3330102,12920868078.2,183996,1674864,50.29,0.008823299757944936
LT,EQ,2026-03-11,3876.0,3879.7,3896.7,3832.0,3836.0,3838.8,3859.76,2066473,7976091844.6,130657,1217140,58.9,-0.009597523219814219
LT,EQ,2026-03-12,3838.8,3825.0,3830.0,3704.9,3713.0,3719.5,3760.74,4255443,16003610914.2,262924,2320855,54.54,-0.031077420027091796
LT,EQ,2026-03-13,3719.5,3696.0,3697.0,3424.5,3445.0,3439.0,3511.18,10778730,37846037016.9,507723,7112796,65.99,-0.075413362011023
LT,EQ,2026-03-16,3439.0,3453.5,3494.8,3396.6,3460.0,3469.4,3445.58,8459233,29146950471.7,369512,5087391,60.14,0.008839779005524795
LT,EQ,2026-03-17,3469.4,3478.0,3550.0,3450.0,3536.5,3542.8,3501.41,5003418,17519020700.0,309529,2952728,59.01,0.021156395918602744
LT,EQ,2026-03-18,3542.8,3569.0,3638.8,3555.0,3602.0,3607.9,3605.55,4190485,15108994988.3,200293,2486460,59.34,0.018375296375747974
LT,EQ,2026-03-19,3607.9,3526.7,3528.3,3422.0,3444.0,3434.5,3457.2,4898518,16935147771.9,310251,2624249,53.57,-0.04806119903545003
LT,EQ,2026-03-20,3434.5,3475.0,3524.0,3410.0,3438.1,3434.8,3452.81,4743217,16377420679.3,227003,2948775,62.17,8.734895909157103e-05
LT,EQ,2026-03-23,3434.8,3405.1,3409.9,3288.1,3341.9,3342.4,3327.17,5645839,18784649604.2,319335,3221419,57.06,-0.026901129614533614
LT,EQ,2026-03-24,3342.4,3440.0,3547.1,3390.5,3515.1,3516.8,3478.27,6037848,21001269047.3,305220,3007866,49.82,0.0521780756342749
LT,EQ,2026-03-25,3516.8,3569.9,3660.0,3546.0,3659.0,3649.3,3621.06,5090205,18431952036.2,320240,2585519,50.79,0.037676296633303075
LT,EQ,2026-03-27,3649.3,3640.0,3640.0,3547.0,3570.0,3564.1,3572.11,3991388,14257674750.7,174878,2421908,60.68,-0.02334694324939035
LT,EQ,2026-03-30,3564.1,3500.0,3543.6,3491.1,3505.0,3504.1,3515.48,3549203,12477161389.8,244514,2029284,57.18,-0.016834544485283764
LT,EQ,2026-04-01,3504.1,3655.0,3682.9,3597.3,3621.0,3607.5,3630.24,4099786,14883199721.6,187793,2110095,51.47,0.02950829028851909
LT,EQ,2026-04-02,3607.5,3539.3,3629.0,3470.0,3610.0,3613.1,3548.95,4121638,14627504388.2,201362,2005604,48.66,0.001552321552321434
LT,EQ,2026-04-06,3613.1,3616.6,3737.0,3577.0,3727.0,3727.7,3669.5,3353246,12304727860.4,160528,1723099,51.39,0.031717915363538296
LT,EQ,2026-04-07,3727.7,3680.0,3736.2,3658.0,3722.0,3723.3,3711.01,3083714,11443682343.4,150098,1676088,54.35,-0.001180352496177206
LT,EQ,2026-04-08,3723.3,3948.0,4032.0,3931.0,4010.0,4005.9,3994.91,7368477,29436371223.8,316063,4148816,56.3,0.0759004109257917
LT,EQ,2026-04-09,4005.9,3988.0,3988.0,3885.6,3890.3,3896.2,3921.44,4415151,17313769812.8,251770,2160784,48.94,-0.027384607703637154
LT,EQ,2026-04-10,3896.2,3932.0,3965.0,3915.6,3961.0,3959.9,3949.07,2822017,11144342524.8,101522,1497129,53.05,0.016349263384836554
LT,EQ,2026-04-13,3959.9,3825.0,3971.7,3815.6,3953.0,3954.3,3931.25,4897563,19253554839.1,218793,2289531,46.75,-0.0014141771256849234
LT,EQ,2026-04-15,3954.3,4045.4,4104.0,4031.1,4073.0,4076.3,4080.46,4562142,18615660353.7,203281,2718727,59.59,0.03085248969476262
LT,EQ,2026-04-16,4076.3,4128.0,4149.0,4089.0,4117.0,4119.8,4122.94,5092608,20996520699.0,172822,2942796,57.79,0.010671442239285733
LT,EQ,2026-04-17,4119.8,4134.0,4142.9,4072.8,4105.0,4096.1,4103.42,2796673,11475931109.7,124829,1715312,61.33,-0.005752706442060274
LT,EQ,2026-04-20,4096.1,4100.0,4130.0,4024.0,4039.0,4051.0,4065.75,3545024,14413170512.0,196896,2152283,60.71,-0.011010473377114915
LT,EQ,2026-04-21,4051.0,4039.0,4091.8,4032.0,4070.0,4075.4,4075.65,2426718,9890442123.9,103366,1630553,67.19,0.006023204147124206
LT,EQ,2026-04-22,4075.4,4070.0,4070.0,4011.0,4016.0,4021.1,4032.92,2178082,8784020558.7,134572,1341444,61.59,-0.013323845512096977
LT,EQ,2026-04-23,4021.1,4009.9,4064.0,3978.5,4050.0,4054.1,4037.69,2229134,9000542064.3,118245,1244175,55.81,0.008206709606823903
LT,EQ,2026-04-24,4054.1,4072.0,4088.1,3983.2,4012.0,4014.3,4011.61,2162213,8673953816.6,158647,1319504,61.03,-0.009817222071483167
LT,EQ,2026-04-27,4014.3,4058.0,4089.5,4030.2,4055.0,4053.6,4066.36,2000348,8134143442.5,107696,1267088,63.34,0.009790000747328165
LT,EQ,2026-04-28,4053.6,4060.0,4087.9,4023.9,4040.0,4037.7,4047.65,1750237,7084343755.4,79769,1001621,57.23,-0.00392243931320313
LT,EQ,2026-04-29,4037.7,4060.0,4126.0,4051.3,4083.0,4096.1,4099.83,2175030,8917252744.5,120234,1212773,55.76,0.014463679817718234
LT,EQ,2026-04-30,4096.1,4083.0,4100.0,3990.0,4021.0,4014.0,4014.69,2569328,10315053586.3,132029,1251896,48.72,-0.020043455970313317
LT,EQ,2026-05-04,4014.0,4026.0,4139.5,4026.0,4099.8,4100.8,4108.5,2173027,8927878795.4,157535,1134489,52.21,0.021624314897857655
LT,EQ,2026-05-05,4100.8,4085.0,4090.0,4024.0,4075.0,4054.5,4051.78,3849402,15596931847.3,149503,2024544,52.59,-0.011290479906359785
LT,EQ,2026-05-06,4054.5,3974.0,4021.0,3900.0,4012.6,4008.5,3947.37,9540104,37658355470.3,446949,5019264,52.61,-0.011345418670612895
LT,EQ,2026-05-07,4008.5,4028.0,4065.8,3991.0,4023.0,4023.0,4018.59,3477185,13973389828.2,179869,1634352,47.0,0.0036173132094299287
LT,EQ,2026-05-08,4023.0,4010.0,4014.0,3960.0,3978.0,3974.5,3978.94,1620273,6446967378.2,115318,889072,54.87,-0.012055679840914713
LT,EQ,2026-05-11,3974.5,3948.0,3953.5,3886.1,3940.0,3940.2,3924.07,2027769,7957113948.0,129831,1036346,51.11,-0.008630016354258419
LT,EQ,2026-05-12,3940.2,3925.1,3940.0,3847.0,3865.0,3856.5,3882.66,2255075,8755686405.3,123663,1105714,49.03,-0.021242576518958334
LT,EQ,2026-05-13,3856.5,3848.0,3953.0,3848.0,3919.0,3915.8,3901.34,2486330,9700021625.1,173744,1342508,54.0,0.015376636846881953
LT,EQ,2026-05-14,3915.8,3942.0,3988.0,3925.0,3934.0,3940.4,3954.4,2982228,11792933946.7,140484,1231081,41.28,0.0062822411767708974
LT,EQ,2026-05-15,3940.4,3949.4,3949.4,3893.0,3905.1,3909.0,3920.0,1339185,5249609370.0,74123,787194,58.78,-0.007968734138666167
LT,EQ,2026-05-18,3909.0,3873.9,3924.7,3852.0,3911.0,3917.8,3892.6,1771638,6896272872.5,96200,961472,54.27,0.002251215144538188
LT,EQ,2026-05-19,3917.8,3940.9,3960.0,3900.0,3910.0,3921.0,3935.19,2318170,9122438639.1,135345,898633,38.76,0.0008167849303180041
LT,EQ,2026-05-20,3921.0,3901.6,3943.5,3883.1,3912.0,3910.7,3917.87,1972259,7727052711.1,144367,1212852,61.5,-0.0026268808977302216
LT,EQ,2026-05-21,3910.7,3970.0,3970.0,3912.7,3931.0,3928.5,3936.41,1624945,6396454575.8,95809,562577,34.62,0.0045516148004194346
LT,EQ,2026-05-22,3928.5,3907.0,3960.0,3900.1,3933.0,3926.6,3939.21,1330428,5240833468.5,84923,768352,57.75,-0.0004836451571846867
LT,EQ,2026-05-25,3926.6,3970.0,4038.4,3961.5,4035.0,4033.4,4018.97,2099927,8439541397.8,120589,1255662,59.8,0.02719910355014532
LT,EQ,2026-05-26,4033.4,4029.6,4052.9,4014.2,4037.0,4037.8,4035.91,1552847,6267151122.3,71157,847218,54.56,0.0010908910596518773
LT,EQ,2026-05-27,4037.8,4043.0,4069.9,4017.9,4050.0,4047.5,4048.8,1607028,6506535895.7,108831,782120,48.67,0.0024022982812421656
LT,EQ,2026-05-29,4047.5,4045.8,4128.0,4045.0,4090.0,4076.5,4091.74,4882940,19979711789.2,162803,3554389,72.79,0.007164916615194583
LT,EQ,2026-06-01,4076.5,4089.0,4105.8,4002.1,4012.0,4010.8,4040.54,1409388,5694692850.6,87534,719522,51.05,-0.016116766834294083
LT,EQ,2026-06-02,4010.8,3980.0,4017.0,3923.5,4010.0,4000.9,3971.45,2085054,8280680051.0,147330,854855,41.0,-0.0024683354941658076
LT,EQ,2026-06-03,4000.9,4000.9,4008.0,3894.0,3946.9,3953.2,3941.52,1872929,7382193870.2,138677,849027,45.33,-0.011922317478567424
LT,EQ,2026-06-04,3953.2,3945.0,3974.9,3930.1,3948.0,3942.1,3948.09,1398297,5520602360.1,106941,646759,46.25,-0.0028078518668420704
LT,EQ,2026-06-05,3942.1,3960.0,3978.0,3923.9,3962.1,3953.2,3955.9,1278243,5056602151.8,92273,582084,45.54,0.0028157580984753405
LT,EQ,2026-06-08,3953.2,3901.1,3916.7,3863.1,3870.5,3875.5,3890.93,1678709,6531741589.3,121974,938465,55.9,-0.01965496306789427
LT,EQ,2026-06-09,3875.5,3924.9,3924.9,3885.0,3904.0,3900.6,3902.93,1506501,5879768577.6,86389,764030,50.72,0.006476583666623625
LT,EQ,2026-06-10,3900.6,3904.0,3962.8,3900.0,3931.0,3917.5,3935.66,2033070,8001482230.2,114568,1274884,62.71,0.0043326667692149545
LT,EQ,2026-06-11,3917.5,3900.0,3909.8,3854.4,3871.7,3862.0,3875.05,2224659,8620661661.1,144434,1299477,58.41,-0.014167198468410969
LT,EQ,2026-06-12,3862.0,3930.0,4059.8,3921.0,4050.0,4049.3,3993.73,3065790,12243938238.0,174646,1466169,47.82,0.04849818746763335
LT,EQ,2026-06-15,4049.3,4130.0,4214.9,4130.0,4171.0,4169.8,4179.4,3978153,16626290920.8,195557,2109148,53.02,0.029758229817499426
LT,EQ,2026-06-16,4169.8,4205.0,4235.4,4177.1,4182.0,4186.4,4200.45,2647549,11120909780.4,131798,1401665,52.94,0.003981006283274802
LT,EQ,2026-06-17,4186.4,4200.1,4214.7,4172.0,4205.0,4207.7,4197.74,1312925,5511324275.9,94040,710994,54.15,0.005087903688133055
LT,EQ,2026-06-18,4207.7,4207.7,4244.9,4165.6,4196.0,4190.0,4195.92,1485427,6232737957.6,103911,603046,40.6,-0.004206573662570934
LT,EQ,2026-06-19,4190.0,4190.0,4217.5,4161.6,4210.0,4209.4,4196.08,1397746,5865057216.4,82723,757034,54.16,0.004630071599045271
LT,EQ,2026-06-22,4209.4,4228.0,4235.4,4190.0,4198.3,4201.3,4207.06,1169466,4920016317.0,111518,752293,64.33,-0.0019242647408180824
LT,EQ,2026-06-23,4201.3,4210.0,4242.4,4166.0,4169.8,4179.4,4204.88,2198497,9244418676.2,150168,1193093,54.27,-0.005212672268107621
LT,EQ,2026-06-24,4179.4,4176.5,4215.0,4170.0,4185.0,4181.7,4187.6,1367416,5726194889.1,124229,855905,62.59,0.0005503182274968488
LT,EQ,2026-06-25,4181.7,4207.0,4272.3,4187.1,4202.1,4216.4,4234.03,3104020,13142514330.1,159634,1663082,53.58,0.008298060597364598
LT,EQ,2026-06-29,4216.4,4225.0,4252.0,4157.8,4167.9,4165.2,4201.38,2706906,11372738684.0,148993,1694574,62.6,-0.012143060430699126
LT,EQ,2026-06-30,4165.2,4183.0,4193.8,4134.1,4143.8,4143.4,4158.06,1539094,6399641006.6,102065,684395,44.47,-0.005233842312494019
LT,EQ,2026-07-01,4143.4,4130.1,4142.8,4081.1,4092.0,4092.6,4102.97,1437109,5896420078.7,98249,774696,53.91,-0.012260462422165275
LT,EQ,2026-07-02,4092.6,4100.0,4110.0,4012.0,4057.0,4059.4,4039.8,2481554,10024988832.0,159389,1091886,44.0,-0.00811220251185063
LT,EQ,2026-07-03,4059.4,4080.0,4094.0,4019.0,4027.7,4026.6,4045.5,1505428,6090205231.0,109554,892165,59.26,-0.00808001182440754
LT,EQ,2026-07-06,4026.6,4027.7,4068.0,4016.5,4039.0,4041.0,4044.85,1252054,5064369919.3,79983,640057,51.12,0.0035762181493070866
LT,EQ,2026-07-07,4041.0,4044.5,4046.3,3975.0,3987.0,3991.9,3994.32,2442514,9756191440.2,189201,1365256,55.9,-0.01215045780747337
LT,EQ,2026-07-08,3991.9,3950.0,3988.0,3871.0,3900.1,3892.1,3929.44,2252308,8850299276.7,144516,1086272,48.23,-0.025000626268193105
LT,EQ,2026-07-09,3892.1,3916.0,3947.3,3867.8,3883.0,3886.0,3916.81,5117653,20044887228.3,165912,3639822,71.12,-0.0015672773053106992
LT,EQ,2026-07-10,3886.0,3905.0,3953.8,3905.0,3948.1,3945.8,3935.5,1283990,5053140964.9,70211,778296,60.62,0.015388574369531671
LT,EQ,2026-07-13,3945.8,3895.0,3939.0,3875.6,3928.9,3928.5,3920.99,1744547,6840345499.0,99579,933803,53.53,-0.004384408738405399
LT,EQ,2026-07-14,3928.5,3892.0,3897.9,3843.0,3845.7,3848.7,3859.74,2409089,9298463500.4,159864,1284154,53.3,-0.020313096601756397
LT,EQ,2026-07-15,3848.7,3868.0,3868.0,3778.6,3793.0,3783.9,3808.43,3602201,13718726469.7,192356,2570439,71.36,-0.016836854002650226
LT,EQ,2026-07-16,3783.9,3795.0,3802.0,3762.3,3779.8,3775.6,3776.65,2936753,11091094304.9,249543,1839704,62.64,-0.0021935040566611885
LT,EQ,2026-07-17,3775.6,3788.9,3828.9,3767.7,3817.9,3814.5,3799.37,1942610,7380686930.4,174206,1027247,52.88,0.010302998198961744
LT,EQ,2026-07-20,3814.5,3815.0,3850.0,3807.0,3838.1,3838.8,3829.9,1450930,5556911683.0,86235,838769,57.81,0.006370428627605174
LT,EQ,2026-07-21,3838.8,3839.0,3859.5,3815.7,3852.0,3846.6,3837.37,1393919,5348985631.3,81459,756989,54.31,0.002031884964051267
LT,EQ,2026-07-22,3846.6,3835.0,3843.3,3806.2,3818.0,3817.4,3822.48,1157406,4424166787.7,66568,716042,61.87,-0.007591119430146009
LT,EQ,2026-07-23,3817.4,3800.0,3827.6,3777.7,3791.0,3792.4,3799.5,1278355,4857112704.9,104872,713608,55.82,-0.006548960025148043
LT,EQ,2026-07-24,3792.4,3751.0,3805.0,3720.0,3787.9,3785.6,3763.74,1994087,7505228139.7,135397,1061331,53.22,-0.0017930598038181644
LT,EQ,2026-07-27,3785.6,3820.0,3837.3,3798.7,3808.0,3806.0,3818.44,1454211,5552810755.1,70922,795426,54.7,0.0053888419273036
LT,EQ,2026-07-28,3806.0,3812.0,3837.0,3793.0,3830.0,3832.0,3821.14,1702441,6505259791.7,130179,831795,48.86,0.006831318970047295
LT,EQ,2026-07-29,3832.0,3895.4,3978.2,3891.1,3927.0,3931.4,3944.0,3115802,12288732395.0,159622,1426048,45.77,0.025939457202505345
LT,EQ,2026-07-30,3931.4,3931.4,3951.7,3883.5,3940.5,3937.7,3928.95,2141252,8412878897.0,126759,1074083,50.16,0.001602482576181341
LT,EQ,2026-07-31,3937.7,3962.9,3973.1,3923.2,3938.0,3938.9,3941.05,1753377,6910137676.7,76155,1061009,60.51,0.00030474642557853926
LT,EQ,2026-08-03,3938.9,3974.0,4025.0,3962.5,4025.0,4025.0,3993.38,1890377,7548984805.7,92604,1096545,58.01,0.021858894615247815
LT,EQ,2026-08-04,4025.0,4007.2,4042.4,3988.2,3990.0,3990.0,4018.18,1827982,7345163030.5,99895,781964,42.78,-0.008695652173912993
LT,EQ,2026-08-05,3990.0,4025.0,4074.0,4024.8,4057.0,4057.0,4056.0,1910224,7747874548.4,98367,914527,47.88,0.01679197994987458
LT,EQ,2026-08-06,4057.0,4056.0,4070.0,4045.0,4061.8,4061.8,4058.89,1401341,5687883595.8,95461,762585,54.42,0.0011831402514173028
LT,EQ,2026-08-07,4061.8,4040.1,4062.0,4030.0,4056.0,4056.0,4045.6,901290,3646260796.6,63017,539650,59.88,-0.001427938352454583
LT,EQ,2026-08-10,4056.0,4055.7,4080.0,4025.8,4080.0,4080.0,4060.58,1082855,4397015623.0,73565,628745,58.06,0.00591715976331364
LT,EQ,2026-08-11,4080.0,4075.1,4075.5,4028.5,4037.4,4037.4,4045.36,1401285,5668707198.7,66909,619989,44.24,-0.010441176470588176
LT,EQ,2026-08-12,4037.4,4038.0,4044.1,3990.0,4020.0,4020.0,4003.05,2226623,8913293171.5,109760,1531311,68.77,-0.004309704265121117
LT,EQ,2026-08-13,4020.0,4010.0,4070.7,3990.0,4070.7,4070.7,4035.12,2299928,9280480632.2,157231,1291924,56.17,0.01261194029850743
LT,EQ,2026-08-14,4070.7,4068.7,4072.5,4033.1,4057.0,4057.0,4053.2,934044,3785871184.2,56246,594838,63.68,-0.003365514530670355
LT,EQ,2026-08-17,4057.0,4041.0,4086.7,4026.0,4086.7,4086.7,4056.64,1066164,4325040111.6,49368,552749,51.84,0.007320680305644478
LT,EQ,2026-08-18,4086.7,4068.0,4085.0,4050.0,4064.3,4064.3,4070.84,1355575,5518324232.2,68981,817973,60.34,-0.005481195096287861
LT,EQ,2026-08-19,4064.3,4064.0,4069.0,4024.8,4041.3,4041.3,4037.96,1190832,4808533721.5,71433,676290,56.79,-0.005659031075461951
LT,EQ,2026-08-20,4041.3,4050.5,4084.9,4048.3,4081.0,4081.0,4068.46,1056060,4296541317.2,66205,608156,57.59,0.009823571622992633
LT,EQ,2026-08-21,4081.0,4081.0,4100.0,4061.4,4093.0,4093.0,4082.24,1258912,5139185468.1,79449,834853,66.32,0.002940455770644501
LT,EQ,2026-08-24,4093.0,4100.0,4107.1,4077.7,4090.0,4090.0,4089.89,1369496,5601091714.7,80383,894318,65.3,-0.0007329587099926815
LT,EQ,2026-08-25,4090.0,4085.0,4125.3,4066.6,4119.0,4119.0,4094.46,1316074,5388612321.6,76173,793624,60.3,0.007090464547677255
LT,EQ,2026-08-26,4119.0,4114.0,4124.9,4038.1,4038.1,4038.1,4074.14,1384669,5641336564.8,75498,690215,49.85,-0.019640689487739782
LT,EQ,2026-08-27,4038.1,4058.0,4067.3,4023.0,4027.0,4027.0,4042.9,1161440,4695587957.4,73332,587698,50.6,-0.0027488175131868964
LT,EQ,2026-08-28,4027.0,4045.0,4060.0,4021.3,4045.8,4045.8,4037.13,893956,3609013321.2,52314,438037,49.0,0.004668487707971236
LT,EQ,2026-08-31,4045.8,4035.1,4044.9,3976.0,4044.9,4044.9,4013.91,1553171,6234281503.5,77234,1063417,68.47,-0.00022245291413314217
LT,EQ,2026-09-01,4044.9,4038.0,4038.0,3980.1,3980.1,3980.1,4012.65,944703,3790759519.3,56508,518405,54.87,-0.016020173551880235
LT,EQ,2026-09-02,3980.1,3966.0,4002.3,3956.7,3981.0,3981.0,3982.27,1307081,5205148125.6,96121,823690,63.02,0.00022612497173435386
LT,EQ,2026-09-03,3981.0,3999.8,4027.7,3975.0,3975.0,3975.0,3998.69,940768,3761839968.0,55179,486578,51.72,-0.0015071590052750938
LT,EQ,2026-09-04,3975.0,3981.0,3994.9,3964.1,3964.1,3964.1,3982.41,1319056,5253026930.5,98662,827413,62.73,-0.002742138364779878
LT,EQ,2026-09-07,3964.1,3962.0,4004.9,3960.9,3999.0,3999.0,3980.75,1256683,5002543634.6,62154,762595,60.68,0.008804016043994833
LT,EQ,2026-09-08,3999.0,3988.7,3988.7,3946.1,3946.1,3946.1,3968.79,1200872,4766003578.3,66908,679138,56.55,-0.013228307076769252
LT,EQ,2026-09-09,3946.1,3935.3,4020.2,3922.6,3922.6,3922.6,3977.82,2954721,11753343126.7,132430,2078693,70.35,-0.005955246952687454
LT,EQ,2026-09-10,3922.6,3949.4,3965.5,3910.0,3955.0,3955.0,3928.85,1376951,5409831188.6,71022,684483,49.71,0.008259827665324071
LT,EQ,2026-09-11,3955.0,3926.0,3948.0,3880.7,3930.7,3930.7,3914.82,1195489,4680119226.6,101926,525168,50.54,-0.0061441213653603555
