symbol,series,trade_date,prev_close,open_price,high_price,low_price,last_price,close_price,average_price,total_traded_quantity,turnover_inr,no_of_trades,deliverable_qty,deliverable_pct,daily_return
RELIANCE,EQ,2021-09-13,2425.6,2433.0,2433.0,2368.05,2369.8,2371.55,2381.94,7527598,17930286910.15,327407,4414702,58.65,
RELIANCE,EQ,2021-09-14,2371.55,2375.0,2394.0,2366.0,2370.5,2368.45,2377.55,4111205,9774584167.8,153291,2491875,60.61,-0.001307161982669669
RELIANCE,EQ,2021-09-15,2368.45,2368.5,2395.75,2368.5,2379.4,2378.3,2380.39,4186300,9965045382.75,168130,2310144,55.18,0.0041588380586461415
RELIANCE,EQ,2021-09-16,2378.3,2381.55,2436.75,2367.0,2424.0,2428.2,2408.55,6206657,14949050569.95,214010,2473588,39.85,0.020981373249800095
RELIANCE,EQ,2021-09-17,2428.2,2446.0,2455.85,2375.6,2387.0,2390.55,2410.13,16098099,38798580126.85,278098,9460717,58.77,-0.015505312577217545
RELIANCE,EQ,2021-09-20,2390.55,2372.1,2418.35,2370.0,2391.85,2394.35,2398.57,5436385,13039553487.25,171011,3042705,55.97,0.0015895923532240896
RELIANCE,EQ,2021-09-21,2394.35,2405.0,2416.6,2384.0,2400.0,2404.7,2401.93,4576111,10991510851.65,149803,2365643,51.7,0.004322676300457351
RELIANCE,EQ,2021-09-22,2404.7,2408.0,2442.0,2398.25,2430.8,2430.5,2426.47,5074612,12313409794.1,179090,2811116,55.4,0.010728989063084837
RELIANCE,EQ,2021-09-23,2430.5,2447.4,2497.0,2445.5,2488.1,2489.9,2475.75,7267883,17993432142.75,255176,3910090,53.8,0.024439415758074512
RELIANCE,EQ,2021-09-24,2489.9,2503.55,2505.45,2472.0,2479.0,2482.7,2488.36,7011181,17446321055.45,234214,4228344,60.31,-0.0028916823968835326
RELIANCE,EQ,2021-09-27,2482.7,2487.0,2529.9,2475.3,2527.0,2524.45,2510.93,7095022,17815116544.95,224209,4184695,58.98,0.016816369275385767
RELIANCE,EQ,2021-09-28,2524.45,2534.0,2564.9,2512.8,2545.0,2548.05,2539.99,8323269,21141019462.35,229286,4321030,51.92,0.009348570975856285
RELIANCE,EQ,2021-09-29,2548.05,2570.0,2570.0,2520.05,2530.0,2527.85,2536.91,4485721,11379866281.2,166259,2223603,49.57,-0.007927630933459051
RELIANCE,EQ,2021-09-30,2527.85,2525.0,2534.6,2500.35,2511.0,2519.25,2517.46,6272085,15789702474.85,173121,3408378,54.34,-0.0034021005993235542
RELIANCE,EQ,2021-10-01,2519.25,2501.95,2539.8,2495.0,2525.0,2523.7,2521.05,4134544,10423389476.2,144149,2032482,49.16,0.0017663987297806827
RELIANCE,EQ,2021-10-04,2523.7,2553.0,2574.85,2537.05,2558.0,2556.15,2556.97,5038910,12884346776.35,163519,2674027,53.07,0.0128581051630543
RELIANCE,EQ,2021-10-05,2556.15,2555.1,2612.0,2547.35,2610.25,2609.2,2582.03,6245770,16126767140.45,190163,3235964,51.81,0.020753868121980323
RELIANCE,EQ,2021-10-06,2609.2,2619.95,2619.95,2551.1,2554.0,2559.85,2585.47,4734472,12240833224.7,175209,2432010,51.37,-0.018913843323624113
RELIANCE,EQ,2021-10-07,2559.85,2595.0,2598.75,2567.7,2572.0,2572.4,2583.27,2924370,7554440823.0,122777,1479822,50.6,0.004902631013536052
RELIANCE,EQ,2021-10-08,2572.4,2585.25,2684.4,2581.5,2669.2,2671.25,2642.81,7279003,19237049930.2,253640,2953704,40.58,0.03842714974343031
RELIANCE,EQ,2021-10-11,2671.25,2701.4,2720.0,2645.35,2655.0,2652.65,2682.21,6815737,18281209273.0,247361,3863950,56.69,-0.006963032288254567
RELIANCE,EQ,2021-10-12,2652.65,2645.0,2683.0,2641.25,2668.0,2667.8,2661.5,3083747,8207402615.65,145888,1584484,51.38,0.005711269862213264
RELIANCE,EQ,2021-10-13,2667.8,2679.0,2719.5,2669.3,2698.0,2694.95,2691.35,4596429,12370607840.5,205663,2360789,51.36,0.010176924806956977
RELIANCE,EQ,2021-10-14,2694.95,2700.35,2717.45,2687.2,2701.0,2700.4,2700.84,3979730,10748597410.0,144964,2254495,56.65,0.0020223009703335126
RELIANCE,EQ,2021-10-18,2700.4,2668.6,2745.0,2662.3,2707.8,2707.6,2713.78,6273850,17025855506.65,274696,3527305,56.22,0.0026662716634571204
RELIANCE,EQ,2021-10-19,2707.6,2723.8,2751.35,2708.0,2730.8,2731.85,2733.67,4076617,11144119425.1,203192,1855378,45.51,0.00895627123651943
RELIANCE,EQ,2021-10-20,2731.85,2742.75,2742.75,2691.5,2703.5,2700.4,2710.54,5865926,15899837285.85,186061,3785182,64.53,-0.011512345114116695
RELIANCE,EQ,2021-10-21,2700.4,2727.4,2728.0,2603.2,2635.0,2622.5,2642.91,9613812,25408416389.2,356400,6238985,64.9,-0.02884757813657235
RELIANCE,EQ,2021-10-22,2622.5,2620.0,2664.9,2611.5,2625.75,2627.4,2635.21,5089178,13411067863.0,209472,2398678,47.13,0.0018684461391802465
RELIANCE,EQ,2021-10-25,2627.4,2680.0,2680.0,2570.0,2607.0,2601.8,2611.17,7937067,20725006859.3,317548,2950789,37.18,-0.00974347263454367
RELIANCE,EQ,2021-10-26,2601.8,2617.1,2668.9,2603.15,2666.3,2661.05,2635.7,4499706,11859859536.85,199021,2113316,46.97,0.022772695825966638
RELIANCE,EQ,2021-10-27,2661.05,2652.0,2676.8,2619.95,2622.3,2627.4,2652.28,4567140,12113330049.05,176020,2090011,45.76,-0.012645384340767785
RELIANCE,EQ,2021-10-28,2627.4,2620.0,2637.95,2590.5,2598.0,2598.6,2610.69,4562471,11911187008.75,170822,2460989,53.94,-0.010961406713861699
RELIANCE,EQ,2021-10-29,2598.6,2596.15,2596.15,2501.7,2540.0,2536.25,2548.04,6568539,16736893522.25,277855,3111491,47.37,-0.02399368890941278
RELIANCE,EQ,2021-11-01,2536.25,2536.25,2556.0,2494.1,2538.1,2537.8,2523.59,7144532,18029885097.9,273829,4144630,58.01,0.0006111384918678908
RELIANCE,EQ,2021-11-02,2537.8,2545.0,2548.0,2495.25,2503.05,2500.8,2510.1,4877652,12243384395.6,225933,2997092,61.45,-0.014579557096697893
RELIANCE,EQ,2021-11-03,2500.8,2506.05,2520.0,2461.0,2483.0,2483.6,2487.7,5533120,13764733320.45,240878,3207104,57.96,-0.006877799104286764
RELIANCE,EQ,2021-11-04,2483.6,2492.95,2504.9,2490.0,2503.0,2498.85,2497.33,787160,1965800892.45,63285,402932,51.19,0.00614028023836366
RELIANCE,EQ,2021-11-08,2498.85,2519.4,2520.0,2456.4,2502.9,2501.95,2483.27,9385607,23306981380.1,456493,6743994,71.85,0.0012405706625047142
RELIANCE,EQ,2021-11-09,2501.95,2505.0,2528.9,2487.05,2528.6,2521.7,2508.11,7237470,18152375051.0,205289,4623106,63.88,0.00789384280261407
RELIANCE,EQ,2021-11-10,2521.7,2516.7,2558.0,2503.65,2546.45,2549.9,2538.63,4731975,12012742203.0,168600,2429050,51.33,0.011182932148947167
RELIANCE,EQ,2021-11-11,2549.9,2540.05,2570.5,2535.55,2556.0,2554.55,2551.89,4948422,12627828736.25,216865,2846346,57.52,0.0018236009255265806
RELIANCE,EQ,2021-11-12,2554.55,2562.9,2598.75,2557.0,2588.0,2593.1,2582.61,4020744,10384009844.25,149602,2336224,58.1,0.015090720479144837
RELIANCE,EQ,2021-11-15,2593.1,2600.0,2602.2,2570.0,2574.5,2577.8,2581.57,2216708,5722594256.7,107475,1054022,47.55,-0.005900273803555511
RELIANCE,EQ,2021-11-16,2577.8,2572.05,2575.0,2495.0,2497.25,2517.9,2536.01,5232292,13269127406.1,209557,2660951,50.86,-0.02323686864768415
RELIANCE,EQ,2021-11-17,2517.9,2498.95,2498.95,2461.0,2462.8,2464.0,2479.92,4708235,11676042764.7,240722,2537105,53.89,-0.021406727828746197
RELIANCE,EQ,2021-11-18,2464.0,2460.0,2489.0,2450.05,2473.0,2473.3,2467.65,3925345,9686386834.65,218820,1573249,40.08,0.0037743506493508328
RELIANCE,EQ,2021-11-22,2473.3,2436.1,2449.0,2351.0,2365.65,2363.75,2380.24,11133364,26500112857.5,469744,6257212,56.2,-0.044293049771560344
RELIANCE,EQ,2021-11-23,2363.75,2333.05,2401.25,2309.0,2389.95,2385.85,2362.47,11688406,27613501135.6,393864,7161105,61.27,0.009349550502379733
RELIANCE,EQ,2021-11-24,2385.85,2380.0,2409.9,2343.55,2343.55,2351.4,2376.12,7762564,18444768823.8,291051,4345352,55.98,-0.01443929836326674
RELIANCE,EQ,2021-11-25,2351.4,2373.0,2502.0,2357.15,2501.0,2492.95,2452.67,19568487,47994998310.55,497536,9245255,47.25,0.06019817980777398
RELIANCE,EQ,2021-11-26,2492.95,2467.8,2477.6,2401.5,2405.1,2412.6,2433.36,7274686,17701896486.35,306992,2921250,40.16,-0.03223089111293842
RELIANCE,EQ,2021-11-29,2412.6,2439.1,2500.0,2399.1,2437.7,2441.5,2464.2,11226147,27663493598.0,375905,4117378,36.68,0.011978778081737529
RELIANCE,EQ,2021-11-30,2441.5,2468.0,2475.9,2388.85,2401.2,2405.4,2424.91,14847511,36003821297.3,381257,8601779,57.93,-0.01478599221789878
RELIANCE,EQ,2021-12-01,2405.4,2433.0,2474.0,2425.1,2467.75,2467.0,2449.6,4663276,11423147561.65,202787,1687324,36.18,0.025609046312463635
RELIANCE,EQ,2021-12-02,2467.0,2469.7,2496.2,2461.6,2481.95,2482.85,2482.51,5870468,14573515872.05,248052,3156679,53.77,0.00642480745845142
RELIANCE,EQ,2021-12-03,2482.85,2498.4,2498.5,2400.0,2413.15,2408.25,2436.1,8871172,21611045769.4,283259,4898098,55.21,-0.0300461163582173
RELIANCE,EQ,2021-12-06,2408.25,2416.0,2425.0,2357.15,2365.95,2362.6,2388.06,4768334,11387071064.7,210176,1750877,36.72,-0.01895567320668534
RELIANCE,EQ,2021-12-07,2362.6,2376.15,2404.0,2360.0,2382.0,2381.85,2387.87,5185007,12381107849.3,233720,2782548,53.67,0.008147803267586573
RELIANCE,EQ,2021-12-08,2381.85,2424.1,2431.8,2406.3,2420.95,2418.1,2418.81,4035437,9760953632.95,175071,1712929,42.45,0.01521926233809845
RELIANCE,EQ,2021-12-09,2418.1,2435.0,2474.9,2425.0,2453.0,2456.45,2453.15,6098050,14959457280.85,248350,2655912,43.55,0.015859559158016623
RELIANCE,EQ,2021-12-10,2456.45,2440.25,2466.0,2430.35,2457.25,2458.95,2443.62,3860176,9432810632.75,177038,1988951,51.52,0.0010177288363288906
RELIANCE,EQ,2021-12-13,2458.95,2473.5,2474.1,2404.0,2411.45,2409.65,2425.3,5954148,14440614208.2,240510,3289988,55.26,-0.020049207995282425
RELIANCE,EQ,2021-12-14,2409.65,2380.0,2406.0,2373.4,2382.5,2380.15,2386.78,5995586,14310134060.6,248926,3370468,56.22,-0.012242441848401175
RELIANCE,EQ,2021-12-15,2380.15,2384.0,2405.0,2361.1,2369.9,2373.2,2379.84,4322855,10287701638.5,199178,1991411,46.07,-0.0029199840346197936
RELIANCE,EQ,2021-12-16,2373.2,2405.7,2415.5,2368.65,2413.95,2403.9,2392.29,4504829,10776855117.15,187830,2041248,45.31,0.012936120006742158
RELIANCE,EQ,2021-12-17,2403.9,2398.05,2408.0,2320.0,2343.4,2340.45,2346.72,9714489,22797150333.5,301459,5156114,53.08,-0.026394608760763827
RELIANCE,EQ,2021-12-20,2340.45,2317.85,2317.85,2247.1,2276.8,2277.35,2277.67,6611376,15058513385.6,331211,3744186,56.63,-0.02696062722980619
RELIANCE,EQ,2021-12-21,2277.35,2311.35,2346.0,2292.2,2313.0,2311.25,2317.69,5924071,13730177504.2,241858,2954613,49.87,0.01488572244055586
RELIANCE,EQ,2021-12-22,2311.25,2324.9,2371.9,2322.0,2365.0,2366.1,2346.81,8149415,19125125458.7,222615,5325994,65.35,0.02373174689021096
RELIANCE,EQ,2021-12-23,2366.1,2374.0,2380.0,2358.05,2365.0,2365.25,2367.28,4186912,9911598013.55,173393,2364993,56.49,-0.0003592409450149381
RELIANCE,EQ,2021-12-24,2365.25,2370.0,2392.0,2337.55,2367.15,2372.8,2360.96,3639616,8592980567.85,159321,1160672,31.89,0.003192051580171329
RELIANCE,EQ,2021-12-27,2372.8,2361.55,2378.0,2348.1,2371.0,2370.25,2366.87,1853948,4388054040.05,89509,532328,28.71,-0.0010746797033042155
RELIANCE,EQ,2021-12-28,2370.25,2375.6,2404.85,2373.05,2404.0,2398.4,2389.02,2941883,7028226280.45,121810,1230092,41.81,0.011876384347642599
RELIANCE,EQ,2021-12-29,2398.4,2391.0,2419.0,2382.1,2398.0,2402.5,2400.08,7118779,17085610789.25,169024,4190091,58.86,0.0017094729819879806
RELIANCE,EQ,2021-12-30,2402.5,2400.0,2404.95,2345.6,2364.0,2359.1,2366.88,13537254,32041015240.7,226181,7709766,56.95,-0.01806451612903226
RELIANCE,EQ,2021-12-31,2359.1,2373.0,2383.9,2360.0,2368.5,2368.15,2370.53,4373768,10368136137.7,138728,2109083,48.22,0.003836208723665857
RELIANCE,EQ,2022-01-03,2368.15,2365.0,2407.95,2363.55,2407.95,2403.85,2392.64,2502073,5986568510.1,105190,1082865,43.28,0.015075058590038548
RELIANCE,EQ,2022-01-04,2403.85,2415.9,2461.0,2404.0,2460.0,2458.1,2437.26,5006225,12201491701.65,208647,2421857,48.38,0.022567963891257703
RELIANCE,EQ,2022-01-05,2458.1,2462.0,2477.0,2432.95,2461.85,2469.6,2455.69,5373618,13195934862.5,210976,2963957,55.16,0.004678410154184132
RELIANCE,EQ,2022-01-06,2469.6,2451.2,2454.0,2409.0,2419.15,2416.5,2423.21,6667483,16156735762.35,227953,3950375,59.25,-0.02150145772594747
RELIANCE,EQ,2022-01-07,2416.5,2430.95,2458.05,2411.55,2439.9,2436.0,2436.73,6051239,14745214277.8,191088,3342839,55.24,0.00806952203600253
RELIANCE,EQ,2022-01-10,2436.0,2452.0,2457.0,2416.05,2440.2,2438.0,2432.54,4267365,10380527641.0,214098,2152906,50.45,0.0008210180623973162
RELIANCE,EQ,2022-01-11,2438.0,2436.0,2474.95,2435.0,2455.8,2455.55,2459.51,7478681,18393912175.85,209712,4746648,63.47,0.007198523379819521
RELIANCE,EQ,2022-01-12,2455.55,2471.3,2524.95,2465.0,2518.0,2521.1,2505.89,6830402,17116227265.6,267056,3238315,47.41,0.026694630530838204
RELIANCE,EQ,2022-01-13,2521.1,2521.25,2541.0,2508.4,2536.25,2535.3,2525.55,5471871,13819465157.0,186278,3115794,56.94,0.005632462020546791
RELIANCE,EQ,2022-01-14,2535.3,2535.0,2567.3,2525.85,2537.0,2539.0,2545.66,9197773,23414360751.05,195865,5804124,63.1,0.0014593933656765756
RELIANCE,EQ,2022-01-17,2539.0,2538.0,2565.0,2537.0,2553.0,2552.25,2555.1,3708822,9476427091.05,160043,2207498,59.52,0.005218589996061507
RELIANCE,EQ,2022-01-18,2552.25,2554.75,2562.35,2515.75,2523.0,2521.8,2540.02,2868235,7285364914.75,158330,1312810,45.77,-0.011930649426976081
RELIANCE,EQ,2022-01-19,2521.8,2530.0,2542.0,2509.0,2521.4,2521.6,2522.72,4502155,11357696261.65,153189,2589631,57.52,-7.930843048631342e-05
RELIANCE,EQ,2022-01-20,2521.6,2500.05,2509.95,2455.0,2482.1,2477.45,2480.98,7612203,18885733850.8,251195,5220672,68.58,-0.01750872461928943
RELIANCE,EQ,2022-01-21,2477.45,2452.0,2502.25,2452.0,2476.05,2477.85,2475.83,6155759,15240631432.55,236838,3203303,52.04,0.0001614563361520549
RELIANCE,EQ,2022-01-24,2477.85,2475.0,2504.75,2355.1,2379.9,2377.9,2418.6,10092511,24409735846.55,399996,4847529,48.03,-0.04033738926892261
RELIANCE,EQ,2022-01-25,2377.9,2349.55,2388.65,2305.0,2368.1,2373.25,2343.88,11311456,26512743789.9,482175,6446850,56.99,-0.001955506959922637
RELIANCE,EQ,2022-01-27,2373.25,2336.0,2356.1,2311.05,2347.0,2338.1,2333.67,9239426,21561779760.1,315266,5271565,57.06,-0.014810913304540207
RELIANCE,EQ,2022-01-28,2338.1,2365.0,2375.9,2328.4,2336.0,2335.85,2347.94,6769154,15893536411.75,255535,4021895,59.42,-0.0009623198323425175
RELIANCE,EQ,2022-01-31,2335.85,2360.2,2406.4,2356.2,2384.05,2386.6,2388.27,5604308,13384612779.6,268776,2989691,53.35,0.021726566346297993
RELIANCE,EQ,2022-02-01,2386.6,2408.0,2420.6,2347.1,2382.8,2378.7,2394.79,6092033,14589169629.6,227599,2933488,48.15,-0.003310148328165674
RELIANCE,EQ,2022-02-02,2378.7,2407.0,2407.0,2375.1,2385.0,2383.55,2384.84,4623163,11025484207.55,153391,2821709,61.03,0.0020389288266702277
RELIANCE,EQ,2022-02-03,2383.55,2392.0,2401.45,2347.2,2348.45,2352.75,2367.01,4417864,10457143007.15,236441,2596474,58.77,-0.012921902204694802
RELIANCE,EQ,2022-02-04,2352.75,2341.0,2348.45,2321.1,2330.5,2331.3,2334.17,5104761,11915365723.15,230586,2346527,45.97,-0.009116990755498766
RELIANCE,EQ,2022-02-07,2331.3,2342.0,2356.8,2305.0,2319.4,2317.1,2330.89,4944725,11525587391.7,243702,2190778,44.31,-0.006091022176468175
RELIANCE,EQ,2022-02-08,2317.1,2330.65,2360.0,2310.0,2357.5,2356.05,2338.32,5566080,13015260812.95,186348,2963152,53.24,0.016809805360148644
RELIANCE,EQ,2022-02-09,2356.05,2371.15,2387.2,2358.0,2384.0,2383.5,2373.06,5300891,12579355094.55,180905,3104784,58.57,0.011650856306105517
RELIANCE,EQ,2022-02-10,2383.5,2395.7,2395.7,2365.1,2376.95,2381.05,2381.99,5752361,13702086540.0,210155,3608073,62.72,-0.0010279001468428417
RELIANCE,EQ,2022-02-11,2381.05,2373.25,2384.5,2344.1,2372.55,2376.4,2367.97,7357863,17423186717.85,283837,4905802,66.67,-0.0019529199302829037
RELIANCE,EQ,2022-02-14,2376.4,2340.25,2354.95,2313.0,2332.0,2338.55,2338.11,4947109,11566867666.2,219862,2751275,55.61,-0.015927453290691784
RELIANCE,EQ,2022-02-15,2338.55,2351.2,2423.9,2335.7,2415.1,2417.95,2381.19,5174646,12321814147.55,261746,2563105,49.53,0.03395266297492028
RELIANCE,EQ,2022-02-16,2417.95,2430.0,2433.0,2395.95,2407.65,2412.95,2417.77,4796294,11596325561.15,190438,2607957,54.37,-0.0020678674083417503
RELIANCE,EQ,2022-02-17,2412.95,2420.1,2454.9,2410.0,2441.0,2443.5,2439.61,5931774,14471212589.25,211881,2872619,48.43,0.012660850825752856
RELIANCE,EQ,2022-02-18,2443.5,2444.4,2456.4,2420.15,2427.3,2424.4,2440.25,3126873,7630367399.75,158691,1216161,38.89,-0.007816656435440938
RELIANCE,EQ,2022-02-21,2424.4,2412.0,2437.5,2384.6,2399.6,2399.9,2409.12,5125968,12349078484.55,226214,2888548,56.35,-0.0101055931364461
RELIANCE,EQ,2022-02-22,2399.9,2352.9,2395.9,2347.15,2389.75,2389.0,2372.16,6227901,14773584971.0,197401,3920789,62.96,-0.0045418559106630285
RELIANCE,EQ,2022-02-23,2389.0,2401.1,2406.55,2368.0,2371.25,2374.05,2391.23,3373615,8067102258.45,195350,1928054,57.15,-0.00625784847216404
RELIANCE,EQ,2022-02-24,2374.05,2305.0,2339.9,2243.4,2250.0,2255.75,2291.15,11466725,26272008237.55,493459,7266877,63.37,-0.04983045849918921
RELIANCE,EQ,2022-02-25,2255.75,2280.1,2307.95,2276.25,2283.0,2283.95,2290.84,6724094,15403844188.65,281047,3670287,54.58,0.012501385348553606
RELIANCE,EQ,2022-02-28,2283.95,2243.0,2367.35,2243.0,2355.0,2359.55,2328.64,9828768,22887683561.4,240020,5321030,54.14,0.03310054948663521
RELIANCE,EQ,2022-03-02,2359.55,2334.45,2401.0,2329.2,2399.25,2398.55,2376.69,9909226,23551157613.65,309328,6277829,63.35,0.016528575363946585
RELIANCE,EQ,2022-03-03,2398.55,2400.0,2414.85,2370.05,2382.0,2378.3,2392.27,4701183,11246476348.75,230143,2479449,52.74,-0.008442600737945893
RELIANCE,EQ,2022-03-04,2378.3,2353.0,2364.3,2320.35,2327.95,2325.55,2338.2,4986814,11660149352.95,219860,2754095,55.23,-0.022179708194929204
RELIANCE,EQ,2022-03-07,2325.55,2278.7,2312.1,2222.0,2240.05,2239.55,2256.84,8299295,18730168161.15,372828,4962748,59.8,-0.03698049923673974
RELIANCE,EQ,2022-03-08,2239.55,2211.5,2246.0,2180.0,2235.05,2235.5,2220.15,9825043,21813021864.7,428117,5602260,57.02,-0.0018083990087295332
RELIANCE,EQ,2022-03-09,2235.5,2236.0,2367.0,2234.15,2358.3,2354.1,2316.35,9421163,21822706477.9,325395,4647153,49.33,0.05305300827555359
RELIANCE,EQ,2022-03-10,2354.1,2400.0,2405.0,2360.0,2387.0,2392.25,2386.79,8297995,19805599252.7,278083,4102149,49.44,0.016205768658935416
RELIANCE,EQ,2022-03-11,2392.25,2376.05,2411.0,2376.05,2393.15,2399.15,2396.11,5656799,13554290818.7,199494,3028604,53.54,0.0028843139304002285
RELIANCE,EQ,2022-03-14,2399.15,2386.9,2424.4,2374.0,2422.2,2418.85,2401.52,3849222,9243998854.25,160500,1800381,46.77,0.00821124148135799
RELIANCE,EQ,2022-03-15,2418.85,2427.95,2427.95,2340.85,2362.0,2363.45,2386.09,7349740,17537136611.95,257511,3924279,53.39,-0.02290344585236792
RELIANCE,EQ,2022-03-16,2363.45,2382.0,2407.9,2377.1,2401.5,2403.35,2396.17,5145644,12329854279.3,185464,2824434,54.89,0.016882100319448368
RELIANCE,EQ,2022-03-17,2403.35,2432.75,2497.4,2415.1,2487.5,2481.7,2456.66,9886295,24287296550.4,274442,5961590,60.3,0.03260032870784535
RELIANCE,EQ,2022-03-21,2481.7,2444.0,2484.0,2439.0,2463.0,2467.4,2465.17,5537752,13651502305.15,235063,3019258,54.52,-0.005762179151388103
RELIANCE,EQ,2022-03-22,2467.4,2460.1,2534.95,2453.6,2528.0,2531.15,2508.41,10410082,26112751091.55,314410,5753732,55.27,0.02583691335008509
RELIANCE,EQ,2022-03-23,2531.15,2523.0,2564.85,2523.0,2535.0,2539.2,2546.52,7135797,18171479956.25,235853,4321837,60.57,0.003180372557928024
RELIANCE,EQ,2022-03-24,2539.2,2510.0,2584.15,2510.0,2572.0,2578.65,2557.8,6077153,15544115850.2,221309,3208900,52.8,0.015536389413988827
RELIANCE,EQ,2022-03-25,2578.65,2582.5,2616.0,2577.0,2600.9,2595.85,2596.66,6563676,17043606171.05,276908,3821279,58.22,0.0066701568650262555
RELIANCE,EQ,2022-03-28,2595.85,2610.0,2629.75,2586.5,2617.0,2621.95,2611.69,4564891,11922093056.05,183261,2149565,47.09,0.010054510083402413
RELIANCE,EQ,2022-03-29,2621.95,2638.0,2638.0,2607.4,2618.0,2622.55,2623.0,4007695,10512198455.7,203830,2280912,56.91,0.00022883731573841715
RELIANCE,EQ,2022-03-30,2622.55,2639.9,2688.0,2617.1,2658.7,2672.95,2661.36,7297028,19420019029.3,219316,4259734,58.38,0.019217936740958175
RELIANCE,EQ,2022-03-31,2672.95,2664.95,2669.7,2628.6,2636.0,2634.75,2642.0,6102744,16123465625.4,249443,3893403,63.8,-0.014291326062964127
RELIANCE,EQ,2022-04-01,2634.75,2636.0,2665.15,2622.0,2661.0,2655.85,2641.48,3656408,9658325026.6,163060,1845831,50.48,0.008008349938324333
RELIANCE,EQ,2022-04-04,2655.85,2655.45,2675.0,2641.65,2660.65,2663.7,2658.17,3659307,9727052260.3,167593,1859891,50.83,0.0029557392171997154
RELIANCE,EQ,2022-04-05,2663.7,2651.1,2669.9,2620.7,2626.0,2626.05,2636.9,6068663,16002466152.1,204933,3962890,65.3,-0.014134474602995661
RELIANCE,EQ,2022-04-06,2626.05,2587.1,2634.5,2587.1,2616.0,2619.05,2613.61,5656703,14784387493.6,163311,3640461,64.36,-0.0026656004264961064
RELIANCE,EQ,2022-04-07,2619.05,2595.1,2606.0,2567.0,2572.2,2572.85,2583.1,7151632,18473348627.45,233582,4936384,69.02,-0.017639983963651074
RELIANCE,EQ,2022-04-08,2572.85,2560.0,2625.0,2560.0,2617.95,2615.65,2602.86,6992874,18201444976.8,213226,4458242,63.75,0.016635248848553275
RELIANCE,EQ,2022-04-11,2615.65,2600.0,2638.55,2583.0,2610.95,2610.2,2606.45,4270816,11131687285.25,195602,2103573,49.25,-0.002083612104066046
RELIANCE,EQ,2022-04-12,2610.2,2587.0,2602.6,2555.4,2560.0,2561.05,2571.18,6099986,15684139811.0,277354,4019726,65.9,-0.018829974714581144
RELIANCE,EQ,2022-04-13,2561.05,2574.5,2592.6,2545.5,2551.9,2551.65,2565.29,4778478,12258158723.0,192467,3009160,62.97,-0.0036703695749790155
RELIANCE,EQ,2022-04-18,2551.65,2533.0,2559.8,2521.8,2540.2,2543.85,2538.38,4603103,11684440905.45,222881,3079230,66.89,-0.0030568455705132225
RELIANCE,EQ,2022-04-19,2543.85,2558.0,2668.0,2551.05,2626.0,2640.8,2628.35,12064446,31709558937.8,459863,6735937,55.83,0.03811152387129746
RELIANCE,EQ,2022-04-20,2640.8,2657.1,2734.0,2649.1,2717.5,2718.45,2710.69,11570835,31364925329.3,461685,5767347,49.84,0.029403968494395416
RELIANCE,EQ,2022-04-21,2718.45,2750.9,2789.0,2732.0,2782.0,2782.1,2773.48,10018531,27786222124.3,352010,5151153,51.42,0.023414077875259842
RELIANCE,EQ,2022-04-22,2782.1,2758.9,2802.0,2744.2,2762.0,2758.8,2768.55,6947490,19234486953.0,221036,3113096,44.81,-0.008374968548937711
RELIANCE,EQ,2022-04-25,2758.8,2742.4,2758.4,2663.65,2696.0,2695.0,2711.2,7874671,21349802724.25,282246,4210856,53.47,-0.02312599681020744
RELIANCE,EQ,2022-04-26,2695.0,2710.0,2795.0,2707.7,2788.2,2775.65,2744.48,5643066,15487283096.85,215190,2382379,42.22,0.029925788497217054
RELIANCE,EQ,2022-04-27,2775.65,2755.85,2828.0,2755.05,2776.0,2778.35,2794.98,8924920,24944937712.6,380463,4014016,44.98,0.0009727451227639072
RELIANCE,EQ,2022-04-28,2778.35,2809.95,2851.0,2786.1,2810.0,2819.85,2823.91,11820892,33381106175.2,361970,6937716,58.69,0.014936922993863178
RELIANCE,EQ,2022-04-29,2819.85,2856.15,2856.15,2777.3,2799.7,2790.25,2817.63,8406156,23685432933.45,231044,4308908,51.26,-0.01049701225242472
RELIANCE,EQ,2022-05-02,2790.25,2762.0,2805.5,2758.05,2780.9,2780.45,2783.29,4369022,12160268319.9,189251,1939501,44.39,-0.0035122300869098178
RELIANCE,EQ,2022-05-04,2780.45,2785.0,2790.0,2676.3,2692.0,2693.65,2728.03,8882792,24232482662.45,277638,4758487,53.57,-0.031217968314481426
RELIANCE,EQ,2022-05-05,2693.65,2723.5,2730.0,2632.0,2643.0,2640.9,2677.81,7942721,21269098539.05,256514,4135949,52.07,-0.01958309357191912
RELIANCE,EQ,2022-05-06,2640.9,2612.2,2659.0,2593.55,2628.0,2620.65,2619.88,9068448,23758282132.9,291431,4117945,45.41,-0.007667840508917445
RELIANCE,EQ,2022-05-09,2620.65,2574.95,2597.1,2507.0,2508.0,2518.3,2540.75,8345649,21204215137.35,344258,3496083,41.89,-0.03905519622994291
RELIANCE,EQ,2022-05-10,2518.3,2495.0,2526.6,2458.0,2461.7,2474.65,2495.14,9004636,22467846480.75,329083,4214002,46.8,-0.01733312155025224
RELIANCE,EQ,2022-05-11,2474.65,2472.65,2484.95,2421.95,2450.75,2449.3,2454.29,7681157,18851760949.05,325039,3471644,45.2,-0.010243872870910997
RELIANCE,EQ,2022-05-12,2449.3,2427.5,2434.85,2370.0,2403.5,2399.4,2400.6,9456280,22700752366.95,359540,5344949,56.52,-0.020373167843873774
RELIANCE,EQ,2022-05-13,2399.4,2426.0,2478.0,2415.35,2431.45,2426.6,2451.67,8910998,21846799849.4,408746,4652716,52.21,0.011336167375177064
RELIANCE,EQ,2022-05-16,2426.6,2434.45,2481.0,2416.65,2428.05,2427.2,2444.28,6201594,15158412714.25,244925,3089139,49.81,0.0002472595400972999
RELIANCE,EQ,2022-05-17,2427.2,2435.1,2539.9,2432.0,2533.5,2529.15,2501.03,7638666,19104526814.4,278980,4085578,53.49,0.04200313117996046
RELIANCE,EQ,2022-05-18,2529.15,2539.65,2570.0,2508.25,2542.25,2538.35,2535.87,7973235,20219114283.45,293806,3948750,49.53,0.0036375857501531605
RELIANCE,EQ,2022-05-19,2538.35,2484.0,2512.5,2466.05,2477.9,2479.85,2494.14,6783641,16919358308.2,266213,3713450,54.74,-0.023046467193255427
RELIANCE,EQ,2022-05-20,2479.85,2512.5,2644.4,2502.0,2628.85,2624.45,2569.3,10057508,25840801772.2,366921,5198311,51.69,0.05830997842611452
RELIANCE,EQ,2022-05-23,2624.45,2631.5,2653.55,2593.0,2602.5,2606.9,2617.9,7039144,18427794860.95,256879,3078691,43.74,-0.006687115395606624
RELIANCE,EQ,2022-05-24,2606.9,2607.0,2638.0,2597.7,2615.05,2615.85,2619.42,6243086,16353268081.5,238049,3094755,49.57,0.0034331965169358547
RELIANCE,EQ,2022-05-25,2615.85,2635.0,2656.7,2601.5,2613.4,2612.0,2625.82,5867760,15407680360.4,224077,2740033,46.7,-0.0014717969302521228
RELIANCE,EQ,2022-05-26,2612.0,2624.4,2634.9,2548.0,2589.0,2587.1,2587.3,8252551,21351851439.7,295460,3568836,43.25,-0.009532924961715206
RELIANCE,EQ,2022-05-27,2587.1,2593.05,2605.15,2540.1,2575.3,2575.1,2574.11,7624888,19627294687.95,223459,3519149,46.15,-0.0046383982064860385
RELIANCE,EQ,2022-05-30,2575.1,2615.0,2674.0,2594.2,2668.0,2664.8,2640.57,6393341,16882083950.05,176733,2716871,42.5,0.03483359869519642
RELIANCE,EQ,2022-05-31,2664.8,2641.4,2678.8,2615.7,2623.6,2632.65,2638.54,32591420,85993898870.0,309551,19734107,60.55,-0.012064695286700733
RELIANCE,EQ,2022-06-01,2632.65,2634.3,2655.2,2616.2,2635.0,2633.5,2638.15,4512079,11903542973.55,165071,2072536,45.93,0.00032286859248276123
RELIANCE,EQ,2022-06-02,2633.5,2634.0,2732.45,2634.0,2728.3,2724.3,2701.3,10211408,27584103887.4,297958,4788206,46.89,0.03447883045376887
RELIANCE,EQ,2022-06-03,2724.3,2744.0,2817.35,2742.0,2778.0,2779.5,2793.34,11048210,30861449556.9,353834,5136072,46.49,0.020262085673383945
RELIANCE,EQ,2022-06-06,2779.5,2780.0,2814.0,2751.8,2766.25,2767.55,2775.79,5119488,14210599849.75,217253,1680712,32.83,-0.004299334412664058
RELIANCE,EQ,2022-06-07,2767.55,2769.9,2791.1,2752.05,2767.05,2772.75,2773.03,5703333,15815485543.85,232290,2712556,47.56,0.001878918176726696
RELIANCE,EQ,2022-06-08,2772.75,2772.75,2781.0,2716.3,2722.0,2724.05,2741.07,5759172,15786294151.3,241691,3012536,52.31,-0.017563790460733864
RELIANCE,EQ,2022-06-09,2724.05,2710.0,2803.0,2710.0,2796.05,2798.75,2763.87,7973935,22038890334.1,281501,4301647,53.95,0.02742240414089303
RELIANCE,EQ,2022-06-10,2798.75,2771.9,2789.9,2701.5,2713.9,2714.25,2740.01,8349943,22878943836.3,278759,4608963,55.2,-0.030192050022331385
RELIANCE,EQ,2022-06-13,2714.25,2650.0,2672.8,2616.3,2668.0,2662.9,2646.3,8131998,21519668179.5,303540,4242241,52.17,-0.018918669982499692
RELIANCE,EQ,2022-06-14,2662.9,2650.05,2671.85,2613.45,2627.75,2628.1,2637.47,6790653,17910140469.65,237522,3299932,48.6,-0.013068459198618099
RELIANCE,EQ,2022-06-15,2628.1,2617.55,2637.3,2584.4,2595.8,2596.3,2613.39,5166738,13502708125.15,214934,1888736,36.56,-0.012099996194969598
RELIANCE,EQ,2022-06-16,2596.3,2623.0,2659.05,2554.0,2555.1,2560.0,2603.56,7896943,20560173723.7,282387,3664860,46.41,-0.01398143511920813
RELIANCE,EQ,2022-06-17,2560.0,2560.0,2624.85,2556.1,2605.05,2590.0,2592.42,11286988,29260639914.3,287827,5410573,47.94,0.01171875
RELIANCE,EQ,2022-06-20,2590.0,2605.0,2617.1,2521.1,2542.9,2543.05,2552.96,5568825,14216989371.65,228914,2410448,43.28,-0.01812741312741306
RELIANCE,EQ,2022-06-21,2543.05,2560.0,2593.4,2528.3,2582.0,2584.1,2562.46,5408801,13859827576.2,219641,1906058,35.24,0.016142034171565456
RELIANCE,EQ,2022-06-22,2584.1,2558.1,2558.3,2501.0,2502.0,2505.6,2524.18,4899839,12368075581.25,229961,2129069,43.45,-0.030378081343601204
RELIANCE,EQ,2022-06-23,2505.6,2515.05,2525.0,2445.0,2469.0,2464.95,2485.55,8974475,22306490549.05,400081,4049346,45.12,-0.016223659003831492
RELIANCE,EQ,2022-06-24,2464.95,2480.0,2511.0,2468.0,2497.55,2500.05,2491.97,6571866,16376908912.2,258066,3440303,52.35,0.014239639749285216
RELIANCE,EQ,2022-06-27,2500.05,2544.95,2544.95,2481.55,2495.6,2492.65,2511.81,7141493,17938104628.25,245447,4127406,57.79,-0.0029599408011840023
RELIANCE,EQ,2022-06-28,2492.65,2482.1,2533.95,2482.1,2530.0,2527.7,2515.75,6263867,15758339977.0,279432,2590698,41.36,0.014061340340601358
RELIANCE,EQ,2022-06-29,2527.7,2507.2,2597.0,2501.0,2576.0,2580.15,2559.16,8863172,22682290935.35,383990,3617967,40.82,0.02075008901372799
RELIANCE,EQ,2022-06-30,2580.15,2580.0,2615.9,2566.0,2589.0,2595.65,2596.11,10666627,27691790169.9,321110,5419202,50.81,0.006007402670387352
RELIANCE,EQ,2022-07-01,2595.65,2574.9,2592.0,2365.0,2406.0,2408.7,2434.35,37841671,92119994931.8,1165095,16124097,42.61,-0.07202434842910266
RELIANCE,EQ,2022-07-04,2408.7,2378.95,2442.0,2366.1,2413.0,2413.7,2412.08,19317335,46594929825.6,525122,8925205,46.2,0.0020758085274215077
RELIANCE,EQ,2022-07-05,2413.7,2423.0,2464.9,2417.1,2431.55,2433.25,2440.39,8144239,19875158179.6,351338,3241427,39.8,0.008099598127356389
RELIANCE,EQ,2022-07-06,2433.25,2420.1,2441.95,2388.0,2415.0,2411.85,2410.61,11050026,26637248724.35,392094,5356881,48.48,-0.008794821740470637
RELIANCE,EQ,2022-07-07,2411.85,2425.9,2433.25,2375.0,2391.0,2388.1,2392.12,10753423,25723462115.35,388023,6400200,59.52,-0.009847212720525689
RELIANCE,EQ,2022-07-08,2388.1,2418.0,2418.0,2382.55,2391.0,2391.4,2393.99,8773162,21002872434.25,310810,5266144,60.03,0.0013818516812529325
RELIANCE,EQ,2022-07-11,2391.4,2376.5,2428.8,2370.0,2421.5,2423.9,2400.92,6390604,15343320840.2,224208,2790542,43.67,0.013590365476290112
RELIANCE,EQ,2022-07-12,2423.9,2404.0,2439.7,2404.0,2418.8,2420.45,2424.68,4974502,12061561234.2,203393,2091493,42.04,-0.0014233260448039964
RELIANCE,EQ,2022-07-13,2420.45,2427.3,2434.0,2373.0,2379.0,2377.55,2398.49,6564435,15744718033.45,263635,3820557,58.2,-0.01772397694643546
RELIANCE,EQ,2022-07-14,2377.55,2388.0,2433.95,2376.95,2399.0,2397.15,2398.08,7831798,18781243733.65,257217,3162562,40.38,0.008243780362137354
RELIANCE,EQ,2022-07-15,2397.15,2415.0,2415.0,2383.1,2401.15,2401.8,2397.18,4431880,10623995556.2,137878,2013822,45.44,0.0019398035166759975
RELIANCE,EQ,2022-07-18,2401.8,2421.0,2425.0,2392.3,2423.0,2422.25,2408.23,6996757,16849806027.65,212210,3641338,52.04,0.00851444749770991
RELIANCE,EQ,2022-07-19,2422.25,2400.3,2447.0,2400.3,2433.0,2437.1,2429.46,7587006,18432314366.2,213280,3280412,43.24,0.006130663639178469
RELIANCE,EQ,2022-07-20,2437.1,2540.0,2542.5,2486.25,2499.0,2503.0,2506.66,11041036,27676129582.85,325796,5571093,50.46,0.027040334824176337
RELIANCE,EQ,2022-07-21,2503.0,2494.0,2500.0,2467.3,2486.0,2486.3,2482.92,7625468,18933428050.1,197537,4032523,52.88,-0.006671993607670679
RELIANCE,EQ,2022-07-22,2486.3,2500.0,2516.3,2495.0,2502.95,2503.1,2504.62,5062651,12679994866.3,172852,2374481,46.9,0.006757028516269026
RELIANCE,EQ,2022-07-25,2503.1,2467.45,2467.45,2403.0,2417.4,2420.4,2422.67,10665470,25838870736.65,450900,5024203,47.11,-0.033039031600814894
RELIANCE,EQ,2022-07-26,2420.4,2421.1,2443.9,2411.35,2419.4,2421.5,2430.94,5216466,12680927214.1,188181,2368186,45.4,0.0004544703354816271
RELIANCE,EQ,2022-07-27,2421.5,2419.95,2427.0,2402.0,2422.0,2419.2,2416.05,3994321,9650459374.8,165700,2097378,52.51,-0.0009498244889531993
RELIANCE,EQ,2022-07-28,2419.2,2436.0,2467.95,2421.0,2453.6,2457.1,2446.73,5766936,14110146776.35,207490,2973888,51.57,0.015666335978836043
RELIANCE,EQ,2022-07-29,2457.1,2474.7,2517.1,2464.0,2507.2,2509.45,2494.3,6982808,17417222455.45,270354,3783646,54.19,0.02130560416751459
RELIANCE,EQ,2022-08-01,2509.45,2519.15,2587.75,2507.6,2569.0,2574.85,2560.47,7245568,18552037709.1,262991,3695549,51.0,0.02606148757695914
RELIANCE,EQ,2022-08-02,2574.85,2572.5,2607.8,2561.55,2575.5,2584.65,2583.64,6423115,16594994133.95,230608,3420282,53.25,0.003806046954191622
RELIANCE,EQ,2022-08-03,2584.65,2600.0,2610.0,2567.45,2606.2,2606.35,2591.04,6576824,17040829415.65,250247,3725408,56.64,0.008395720890642666
RELIANCE,EQ,2022-08-04,2606.35,2610.0,2617.75,2535.0,2570.0,2571.9,2569.27,6676577,17153907762.65,309213,3215051,48.15,-0.013217718265006506
RELIANCE,EQ,2022-08-05,2571.9,2576.0,2578.8,2526.95,2532.9,2534.0,2543.41,6434433,16365407365.9,249464,4106312,63.82,-0.014736187254558941
RELIANCE,EQ,2022-08-08,2534.0,2531.0,2583.55,2531.0,2568.0,2567.15,2567.43,4691228,12044417897.15,172002,2615697,55.76,0.0130820836621941
RELIANCE,EQ,2022-08-10,2567.15,2576.9,2589.9,2557.05,2578.95,2582.5,2574.23,4949442,12741005921.3,183157,2941793,59.44,0.0059793934908360935
RELIANCE,EQ,2022-08-11,2582.5,2603.1,2609.9,2580.2,2586.7,2591.1,2593.04,3783480,9810722225.4,171131,2296573,60.7,0.0033301064859632135
RELIANCE,EQ,2022-08-12,2591.1,2590.3,2641.35,2582.2,2632.0,2633.0,2626.23,5838244,15332563329.35,256139,2683554,45.97,0.016170738296476417
RELIANCE,EQ,2022-08-16,2633.0,2646.2,2657.3,2627.3,2656.0,2651.3,2643.49,3049304,8060790553.15,140058,1436439,47.11,0.006950246866691989
RELIANCE,EQ,2022-08-17,2651.3,2665.0,2676.9,2655.55,2661.7,2665.15,2666.17,3044037,8115922559.35,121433,1476684,48.51,0.005223852449741662
RELIANCE,EQ,2022-08-18,2665.15,2660.0,2669.0,2640.2,2662.0,2661.3,2654.44,3419730,9077457998.05,131393,1529502,44.73,-0.0014445716000974773
RELIANCE,EQ,2022-08-19,2661.3,2650.0,2661.7,2604.95,2609.8,2613.85,2631.57,4366123,11489747684.6,159356,2043043,46.79,-0.017829632134671147
RELIANCE,EQ,2022-08-22,2613.85,2617.0,2631.3,2586.0,2602.5,2606.6,2606.47,4371179,11393340723.5,193858,2185175,49.99,-0.0027736863247699306
RELIANCE,EQ,2022-08-23,2606.6,2594.0,2653.2,2591.35,2649.0,2646.8,2630.64,4466619,11750046560.2,173321,2211602,49.51,0.015422389319420082
RELIANCE,EQ,2022-08-24,2646.8,2640.1,2670.0,2635.35,2645.0,2639.75,2648.95,4785579,12676750456.45,168584,2382456,49.78,-0.0026635937736134707
RELIANCE,EQ,2022-08-25,2639.75,2648.95,2662.9,2622.6,2628.0,2632.05,2648.65,3632902,9622300857.85,133033,1783626,49.1,-0.002916942892319252
RELIANCE,EQ,2022-08-26,2632.05,2633.0,2650.0,2607.0,2623.0,2618.0,2622.3,4957449,12999929105.55,191312,2885652,58.21,-0.005338044490036387
RELIANCE,EQ,2022-08-29,2618.0,2585.0,2655.0,2578.05,2600.0,2597.65,2614.34,9155684,23936068091.8,326003,3737011,40.82,-0.007773109243697451
RELIANCE,EQ,2022-08-30,2597.65,2614.0,2645.25,2576.6,2642.0,2637.95,2614.74,10678670,27921981356.7,285656,5624355,52.67,0.015514022289376816
RELIANCE,EQ,2022-09-01,2637.95,2582.65,2604.95,2550.7,2564.0,2560.4,2580.13,9188434,23707362824.55,346414,5658983,61.59,-0.02939782785875389
RELIANCE,EQ,2022-09-02,2560.4,2560.4,2575.35,2525.7,2527.95,2530.5,2546.24,5999196,15275378547.55,266158,3185305,53.1,-0.01167786283393224
RELIANCE,EQ,2022-09-05,2530.5,2531.0,2581.5,2531.0,2567.15,2569.8,2563.92,5227785,13403622183.4,189614,2658456,50.85,0.015530527563722751
RELIANCE,EQ,2022-09-06,2569.8,2573.0,2606.0,2572.0,2594.0,2596.85,2592.68,5030172,13041646173.55,174426,2588620,51.46,0.010526110981399217
RELIANCE,EQ,2022-09-07,2596.85,2575.0,2594.9,2570.0,2580.5,2581.75,2580.95,3455942,8919602471.35,117855,1724115,49.89,-0.0058147370853148805
RELIANCE,EQ,2022-09-08,2581.75,2588.25,2598.0,2571.0,2583.05,2585.4,2583.54,3256840,8414188239.0,116529,1821103,55.92,0.0014137697298344243
RELIANCE,EQ,2022-09-09,2585.4,2610.0,2610.0,2564.0,2568.9,2569.3,2577.69,3837302,9891379842.8,185947,2149444,56.01,-0.0062272762435212625
RELIANCE,EQ,2022-09-12,2569.3,2570.55,2612.0,2570.55,2597.6,2598.05,2596.44,3431445,8909527157.5,123802,1612795,47.0,0.011189818238430682
RELIANCE,EQ,2022-09-13,2598.05,2618.0,2629.7,2601.0,2619.0,2619.75,2617.12,4102114,10735722213.8,155135,2170824,52.92,0.008352418159773611
RELIANCE,EQ,2022-09-14,2619.75,2575.0,2610.0,2572.75,2589.15,2588.35,2595.02,4004997,10393065929.1,156954,2191578,54.72,-0.011985876514934657
RELIANCE,EQ,2022-09-15,2588.35,2583.0,2603.55,2556.75,2563.0,2562.7,2573.85,4783723,12312602615.9,181399,2838610,59.34,-0.009909788088937055
RELIANCE,EQ,2022-09-16,2562.7,2543.75,2553.0,2491.0,2498.0,2499.2,2509.51,9330469,23414892723.8,311718,5587220,59.88,-0.024778553868966324
RELIANCE,EQ,2022-09-19,2499.2,2499.2,2522.7,2481.35,2502.4,2502.45,2506.17,3498286,8767314647.0,137901,1678286,47.97,0.001300416133162674
RELIANCE,EQ,2022-09-20,2502.45,2522.45,2537.7,2494.7,2497.85,2502.85,2518.24,3881882,9775496109.2,178557,1776953,45.78,0.0001598433535134891
RELIANCE,EQ,2022-09-21,2502.85,2496.75,2533.0,2495.0,2507.7,2509.75,2515.3,4249172,10687928437.35,146056,2095628,49.32,0.0027568571828116006
RELIANCE,EQ,2022-09-22,2509.75,2486.0,2503.0,2472.1,2487.95,2486.1,2488.77,4757219,11839611958.3,207678,2669635,56.12,-0.009423249327622285
RELIANCE,EQ,2022-09-23,2486.1,2485.0,2495.95,2436.1,2438.8,2439.5,2455.68,4397194,10798121356.15,246646,2491690,56.67,-0.01874421785125291
RELIANCE,EQ,2022-09-26,2439.5,2394.05,2417.8,2375.15,2378.15,2377.35,2392.03,5759298,13776401753.7,334638,3259263,56.59,-0.025476532076245118
RELIANCE,EQ,2022-09-27,2377.35,2394.0,2426.0,2360.1,2394.0,2396.25,2390.7,7455448,17823738488.0,295538,4199383,56.33,0.007950028392958552
RELIANCE,EQ,2022-09-28,2396.25,2360.35,2378.0,2327.1,2330.5,2332.45,2353.58,7844140,18461791856.3,387724,4421083,56.36,-0.026624934793949007
RELIANCE,EQ,2022-09-29,2332.45,2360.0,2367.5,2313.0,2328.0,2325.3,2334.53,6771046,15807234115.85,288225,4318113,63.77,-0.0030654462046344477
RELIANCE,EQ,2022-09-30,2325.3,2311.0,2402.0,2311.0,2376.15,2377.75,2371.6,8589908,20371810194.0,264760,5032369,58.58,0.022556229303745567
RELIANCE,EQ,2022-10-03,2377.75,2391.5,2416.95,2363.0,2367.05,2369.5,2382.06,5470030,13029923334.8,230794,2717072,49.67,-0.0034696667017137806
RELIANCE,EQ,2022-10-04,2369.5,2397.8,2418.0,2390.15,2412.9,2413.2,2406.73,4129893,9939556462.2,152496,2069006,50.1,0.018442709432369586
RELIANCE,EQ,2022-10-06,2413.2,2429.0,2450.0,2418.15,2422.5,2422.1,2433.7,6162021,14996487081.5,212103,4293494,69.68,0.0036880490634843
RELIANCE,EQ,2022-10-07,2422.1,2414.65,2443.9,2414.65,2431.95,2432.35,2431.89,3560167,8657940132.2,119485,1945241,54.64,0.00423186491061478
RELIANCE,EQ,2022-10-10,2432.35,2405.0,2417.6,2388.0,2407.0,2405.8,2403.2,2921076,7019927774.65,136725,1453561,49.76,-0.010915369909757944
RELIANCE,EQ,2022-10-11,2405.8,2414.0,2414.0,2351.1,2353.55,2357.9,2377.84,4252803,10112492555.1,197213,2480007,58.31,-0.019910216975642214
RELIANCE,EQ,2022-10-12,2357.9,2352.0,2381.7,2343.1,2377.0,2375.25,2368.06,3422992,8105861297.4,158484,1914563,55.93,0.007358242503922918
RELIANCE,EQ,2022-10-13,2375.25,2371.4,2394.0,2360.1,2381.0,2382.8,2379.51,3382098,8047737069.2,163282,1976668,58.45,0.003178612777602341
RELIANCE,EQ,2022-10-14,2382.8,2415.0,2416.35,2369.1,2371.75,2370.7,2392.6,4202459,10054822904.25,178804,2676992,63.7,-0.005078059425885684
RELIANCE,EQ,2022-10-17,2370.7,2355.0,2414.0,2343.6,2406.6,2408.75,2376.1,7720595,18344914890.0,185379,2473925,32.04,0.016050111781330534
RELIANCE,EQ,2022-10-18,2408.75,2422.0,2463.0,2420.15,2453.35,2451.25,2450.34,5729899,14040201497.4,193197,3210585,56.03,0.017644006227296227
RELIANCE,EQ,2022-10-19,2451.25,2454.5,2527.85,2441.7,2496.0,2493.9,2499.51,8882553,22202063579.3,260623,3768892,42.43,0.017399286078531473
RELIANCE,EQ,2022-10-20,2493.9,2485.0,2519.0,2485.0,2496.05,2500.6,2502.71,4022919,10068197552.85,152697,1994838,49.59,0.0026865551946748667
RELIANCE,EQ,2022-10-21,2500.6,2507.7,2516.8,2467.0,2470.0,2471.6,2491.53,3804352,9478648257.95,164406,1689855,44.42,-0.011597216667999732
RELIANCE,EQ,2022-10-24,2471.6,2460.0,2502.5,2455.3,2480.8,2479.85,2481.8,1555270,3859866818.15,68811,436975,28.1,0.003337918757080338
RELIANCE,EQ,2022-10-25,2479.85,2499.0,2499.0,2438.0,2441.8,2441.55,2465.38,5645639,13918629427.8,199350,3473856,61.53,-0.015444482529185177
RELIANCE,EQ,2022-10-27,2441.55,2458.0,2468.45,2432.8,2459.2,2451.15,2448.82,5774775,14141365856.2,197403,3320289,57.5,0.003931928488050573
RELIANCE,EQ,2022-10-28,2451.15,2465.0,2535.0,2459.45,2527.0,2526.15,2508.14,8126824,20383247305.2,313227,4021804,49.49,0.0305978826265223
RELIANCE,EQ,2022-10-31,2526.15,2541.0,2560.95,2532.2,2545.8,2549.6,2548.29,5731802,14606311320.1,207585,3167712,55.27,0.009282900857035425
RELIANCE,EQ,2022-11-01,2549.6,2600.0,2600.0,2508.0,2531.7,2529.85,2543.76,6443999,16391994975.9,243797,3434726,53.3,-0.007746313147160344
RELIANCE,EQ,2022-11-02,2529.85,2532.3,2550.2,2515.0,2542.55,2545.65,2535.59,4145144,10510378542.4,202520,2187290,52.77,0.006245429570923333
RELIANCE,EQ,2022-11-03,2545.65,2529.85,2559.55,2525.05,2552.0,2555.15,2546.83,3089026,7867209428.75,122250,1536115,49.73,0.003731856303891057
RELIANCE,EQ,2022-11-04,2555.15,2553.9,2600.0,2551.1,2594.2,2592.75,2582.57,5803737,14988568897.45,172676,3807151,65.6,0.014715378744887708
RELIANCE,EQ,2022-11-07,2592.75,2591.0,2610.3,2574.0,2604.0,2606.6,2595.94,5440967,14124430758.45,195001,3275176,60.19,0.0053418185324463074
RELIANCE,EQ,2022-11-09,2606.6,2610.3,2621.95,2590.05,2593.7,2604.0,2610.46,5193814,13558251214.2,166982,3330006,64.11,-0.0009974679659325858
RELIANCE,EQ,2022-11-10,2604.0,2590.0,2596.55,2563.0,2572.35,2572.5,2575.91,2753420,7092562040.1,133955,1524085,55.35,-0.012096774193548376
RELIANCE,EQ,2022-11-11,2572.5,2600.0,2636.0,2588.0,2630.0,2631.8,2614.6,5681124,14853880989.55,216539,3238628,57.01,0.02305150631681241
RELIANCE,EQ,2022-11-14,2631.8,2630.75,2642.0,2605.15,2614.65,2619.05,2624.26,4173395,10952068321.5,185791,2400549,57.52,-0.004844593054183499
RELIANCE,EQ,2022-11-15,2619.05,2622.3,2626.4,2590.0,2607.2,2607.3,2603.39,3270388,8514100480.75,157977,1852654,56.65,-0.004486359557854924
RELIANCE,EQ,2022-11-16,2607.3,2610.0,2615.95,2581.35,2592.95,2592.35,2601.87,4484007,11666807298.05,145159,2919028,65.1,-0.0057339009703525345
RELIANCE,EQ,2022-11-17,2592.35,2584.95,2613.0,2580.0,2598.95,2599.05,2599.58,3074259,7991793077.85,115328,1594081,51.85,0.002584527552221161
RELIANCE,EQ,2022-11-18,2599.05,2606.75,2609.0,2571.1,2597.05,2597.65,2589.31,2447425,6337149845.85,104090,1215602,49.67,-0.0005386583559378044
RELIANCE,EQ,2022-11-21,2597.65,2588.0,2588.0,2543.1,2548.0,2550.9,2556.28,2949108,7538748417.35,131742,1549394,52.54,-0.017997035782341686
RELIANCE,EQ,2022-11-22,2550.9,2545.0,2568.5,2536.5,2564.9,2565.05,2556.94,3051201,7801736581.0,138342,1643928,53.88,0.005547061821318033
RELIANCE,EQ,2022-11-23,2565.05,2575.0,2577.9,2552.25,2557.5,2557.05,2561.22,2959787,7580660698.9,121346,1873450,63.3,-0.0031188475858170417
RELIANCE,EQ,2022-11-24,2557.05,2566.0,2594.0,2548.2,2588.0,2579.1,2564.1,4333225,11110842573.85,154377,2723781,62.86,0.008623218161553314
RELIANCE,EQ,2022-11-25,2579.1,2589.0,2624.9,2582.1,2612.75,2617.6,2605.35,3391988,8837331953.3,128621,1578251,46.53,0.014927687953161906
RELIANCE,EQ,2022-11-28,2617.6,2608.9,2721.05,2502.0,2706.0,2707.55,2686.06,14549929,39081953191.85,322273,6794072,46.69,0.0343635391198045
RELIANCE,EQ,2022-11-29,2707.55,2703.95,2731.65,2694.0,2708.35,2712.2,2713.16,5103687,13847136356.65,217704,2852331,55.89,0.0017174198075748937
RELIANCE,EQ,2022-11-30,2712.2,2712.5,2745.45,2698.2,2733.05,2731.35,2727.09,12075137,32929988867.0,276976,7780847,64.44,0.007060688739768395
RELIANCE,EQ,2022-12-01,2731.35,2741.8,2755.0,2716.0,2725.25,2723.3,2738.93,4377696,11990209635.6,177158,2538726,57.99,-0.0029472605122008444
RELIANCE,EQ,2022-12-02,2723.3,2730.0,2748.0,2700.6,2727.0,2722.15,2725.02,5348595,14575017227.75,204222,2999370,56.08,-0.00042228179047487657
RELIANCE,EQ,2022-12-05,2722.15,2712.0,2716.75,2678.0,2682.0,2682.45,2694.53,6843367,18439668158.05,227194,4861671,71.04,-0.014584060393439069
RELIANCE,EQ,2022-12-06,2682.45,2665.1,2697.0,2661.0,2689.45,2690.2,2685.66,3966243,10651999752.8,156158,2204998,55.59,0.0028891498443586183
RELIANCE,EQ,2022-12-07,2690.2,2685.0,2695.0,2642.15,2647.0,2650.5,2665.31,3905263,10408739251.4,158784,2425575,62.11,-0.014757267117686323
RELIANCE,EQ,2022-12-08,2650.5,2660.0,2665.0,2640.1,2649.0,2649.25,2651.78,3579858,9492988488.55,144130,2190085,61.18,-0.00047160913035271257
RELIANCE,EQ,2022-12-09,2649.25,2646.0,2660.0,2601.85,2609.5,2609.1,2627.54,5840633,15346488528.0,172574,3927269,67.24,-0.015155232613003666
RELIANCE,EQ,2022-12-12,2609.1,2585.5,2623.0,2585.0,2617.0,2613.1,2607.23,4374946,11406508900.6,151760,2439231,55.75,0.0015330957034993542
RELIANCE,EQ,2022-12-13,2613.1,2613.1,2633.0,2606.7,2622.0,2625.0,2622.04,3845839,10083940253.45,136575,2171219,56.46,0.0045539780337531255
RELIANCE,EQ,2022-12-14,2625.0,2637.65,2638.95,2611.0,2613.5,2615.5,2620.85,3354618,8791939261.6,149123,2135521,63.66,-0.003619047619047633
RELIANCE,EQ,2022-12-15,2615.5,2602.5,2615.0,2571.0,2580.0,2578.35,2590.74,4009765,10388261664.65,175220,2629878,65.59,-0.014203785127126833
RELIANCE,EQ,2022-12-16,2578.35,2571.0,2618.8,2558.15,2567.9,2565.6,2583.46,7308934,18882367676.1,216883,3995069,54.66,-0.0049450229798126966
RELIANCE,EQ,2022-12-19,2565.6,2581.0,2604.0,2566.7,2603.0,2599.3,2582.95,3567363,9214319519.75,174281,1881722,52.75,0.013135328967882831
RELIANCE,EQ,2022-12-20,2599.3,2583.9,2626.0,2566.0,2619.95,2621.8,2594.8,3446291,8942420886.85,165894,1567590,45.49,0.008656176662947823
RELIANCE,EQ,2022-12-21,2621.8,2621.0,2633.0,2576.1,2583.2,2584.5,2601.19,3935463,10236889380.75,142775,1677915,42.64,-0.014226867037912982
RELIANCE,EQ,2022-12-22,2584.5,2598.0,2604.65,2566.75,2577.0,2577.8,2582.55,3438692,8880581065.9,149770,1490951,43.36,-0.002592377635906251
RELIANCE,EQ,2022-12-23,2577.8,2563.3,2590.5,2492.25,2508.5,2502.2,2540.02,4733657,12023588105.45,231798,2070781,43.75,-0.02932733338505722
RELIANCE,EQ,2022-12-26,2502.2,2514.75,2542.0,2492.4,2525.0,2524.05,2523.81,2764496,6977059265.3,117927,1225057,44.31,0.00873231556230536
RELIANCE,EQ,2022-12-27,2524.05,2530.0,2548.8,2515.25,2542.7,2544.7,2534.62,2659749,6741452650.05,138609,1246382,46.86,0.008181295933123112
RELIANCE,EQ,2022-12-28,2544.7,2538.0,2549.8,2521.5,2542.0,2544.45,2537.68,3442509,8735979365.75,158888,1908597,55.44,-9.824340786734886e-05
RELIANCE,EQ,2022-12-29,2544.45,2527.0,2548.9,2525.5,2544.95,2543.3,2536.86,3198493,8114144680.25,124496,1608415,50.29,-0.0004519640786808665
RELIANCE,EQ,2022-12-30,2543.3,2545.1,2577.0,2541.1,2547.0,2547.2,2559.73,3364092,8611163857.75,147642,1557651,46.3,0.0015334408052529724
RELIANCE,EQ,2023-01-02,2547.2,2550.0,2579.0,2548.2,2577.9,2575.9,2564.68,2453414,6292210762.05,97175,1251899,51.03,0.011267273869346894
RELIANCE,EQ,2023-01-03,2575.9,2565.05,2573.0,2547.8,2555.8,2557.05,2558.48,3534596,9043199290.7,135268,1876879,53.1,-0.007317830661128122
RELIANCE,EQ,2023-01-04,2557.05,2557.0,2561.05,2514.0,2516.65,2518.55,2529.71,4275746,10816399502.15,182754,2633647,61.6,-0.015056412663029706
RELIANCE,EQ,2023-01-05,2518.55,2523.5,2536.4,2504.0,2521.8,2514.05,2516.5,6293519,15837639744.3,197434,4398483,69.89,-0.0017867423716027009
RELIANCE,EQ,2023-01-06,2514.05,2526.65,2547.95,2518.3,2537.0,2536.9,2534.9,2930338,7428125091.15,157118,1277644,43.6,0.00908892026809327
RELIANCE,EQ,2023-01-09,2536.9,2545.3,2602.0,2543.35,2594.0,2596.8,2582.5,4948549,12779628419.65,254220,3120482,63.06,0.02361149434349019
RELIANCE,EQ,2023-01-10,2596.8,2606.0,2606.0,2546.0,2561.95,2558.4,2568.83,3713755,9539991868.55,234537,2057669,55.41,-0.014787430683918745
RELIANCE,EQ,2023-01-11,2558.4,2552.5,2558.0,2521.1,2525.0,2526.15,2533.89,5311657,13459164952.45,208828,3471261,65.35,-0.012605534709193233
RELIANCE,EQ,2023-01-12,2526.15,2524.85,2532.5,2465.0,2475.0,2471.6,2487.49,8163366,20306272476.25,340401,5251960,64.34,-0.021594125447815915
RELIANCE,EQ,2023-01-13,2471.6,2458.4,2472.9,2434.6,2467.9,2467.6,2454.77,9515473,23358292572.35,328122,6324627,66.47,-0.0016183848519177868
RELIANCE,EQ,2023-01-16,2467.6,2472.7,2479.65,2427.0,2444.5,2444.1,2445.1,6287407,15373325638.55,174901,4495622,71.5,-0.009523423569460232
RELIANCE,EQ,2023-01-17,2444.1,2458.0,2483.0,2450.6,2478.4,2478.8,2466.88,4961585,12239650262.85,205841,3003139,60.53,0.014197455095945388
RELIANCE,EQ,2023-01-18,2478.8,2473.5,2491.1,2460.35,2474.7,2474.7,2476.84,6206382,15372236749.05,185546,4205017,67.75,-0.0016540261416816415
RELIANCE,EQ,2023-01-19,2474.7,2472.9,2481.15,2456.65,2469.0,2472.05,2472.43,5510333,13623898939.8,153940,3731869,67.72,-0.0010708368691153547
RELIANCE,EQ,2023-01-20,2472.05,2475.0,2475.0,2437.25,2443.0,2442.65,2452.37,6890325,16897629055.85,229958,4017843,58.31,-0.01189296333002976
RELIANCE,EQ,2023-01-23,2442.65,2449.0,2466.2,2425.0,2428.0,2430.3,2440.34,5055324,12336710126.65,218454,2919027,57.74,-0.005055984279368708
RELIANCE,EQ,2023-01-24,2430.3,2440.0,2443.65,2387.35,2413.0,2415.95,2414.29,7609558,18371644661.35,232964,4390622,57.7,-0.0059046208287044655
RELIANCE,EQ,2023-01-25,2415.95,2412.45,2414.7,2380.0,2384.0,2382.55,2392.49,5715684,13674734133.05,334425,4112953,71.96,-0.013824789420310735
RELIANCE,EQ,2023-01-27,2382.55,2384.4,2387.35,2311.65,2339.0,2337.35,2337.64,11920991,27866937052.4,456285,8175005,68.58,-0.01897127027764378
RELIANCE,EQ,2023-01-30,2337.35,2331.7,2371.9,2301.0,2363.55,2359.75,2340.91,10047822,23521008144.6,312077,7139843,71.06,0.009583502684664236
RELIANCE,EQ,2023-01-31,2359.75,2382.0,2387.65,2341.0,2356.65,2353.85,2354.47,10472167,24656384337.05,348674,7564934,72.24,-0.0025002648585655818
RELIANCE,EQ,2023-02-01,2353.85,2379.95,2379.95,2305.0,2340.0,2339.9,2351.35,8929007,20995229704.3,312582,5772174,64.65,-0.005926460904475572
RELIANCE,EQ,2023-02-02,2339.9,2318.0,2348.0,2311.0,2325.0,2326.95,2324.91,6305317,14659321464.4,275957,4153622,65.87,-0.005534424548057748
RELIANCE,EQ,2023-02-03,2326.95,2349.0,2349.0,2293.0,2330.0,2329.0,2318.88,11398850,26432510094.95,406488,7973555,69.95,0.0008809815423624912
RELIANCE,EQ,2023-02-06,2329.0,2315.0,2321.0,2305.8,2312.9,2311.45,2311.92,6847679,15831318495.45,293805,5191602,75.82,-0.007535422928295454
RELIANCE,EQ,2023-02-07,2311.45,2312.0,2327.4,2293.0,2304.3,2305.9,2312.27,6985001,16151225520.2,281342,4749078,67.99,-0.002401090224750546
RELIANCE,EQ,2023-02-08,2305.9,2313.0,2359.9,2307.0,2349.65,2351.95,2344.97,9765490,22899822662.1,283018,6767529,69.3,0.01997051042976694
RELIANCE,EQ,2023-02-09,2351.95,2353.45,2370.85,2334.0,2353.6,2356.05,2354.91,6079228,14316005705.25,264097,3862283,63.53,0.0017432343374648163
RELIANCE,EQ,2023-02-10,2356.05,2354.9,2354.9,2321.3,2336.5,2336.65,2331.77,4979789,11611724209.05,188258,2634108,52.9,-0.00823412066806739
RELIANCE,EQ,2023-02-13,2336.65,2340.2,2350.0,2313.55,2324.6,2323.35,2323.49,4777674,11100881219.9,151763,2780205,58.19,-0.005691909357413483
RELIANCE,EQ,2023-02-14,2323.35,2329.95,2381.9,2323.65,2380.0,2378.1,2365.58,6609564,15635420227.95,227277,4049724,61.27,0.023565110723739346
RELIANCE,EQ,2023-02-15,2378.1,2376.0,2437.2,2373.0,2435.05,2431.95,2417.55,15461902,37379921255.85,338567,11644633,75.31,0.022644127664942504
RELIANCE,EQ,2023-02-16,2431.95,2449.45,2463.8,2425.05,2427.5,2430.05,2445.33,7967558,19483314957.8,320609,5539874,69.53,-0.0007812660622132928
RELIANCE,EQ,2023-02-17,2430.05,2420.0,2447.5,2410.6,2438.0,2440.2,2433.17,5450092,13260980980.85,172321,3430691,62.95,0.0041768687887078215
RELIANCE,EQ,2023-02-20,2440.2,2445.0,2449.75,2410.1,2414.7,2414.4,2429.58,4078245,9908416474.3,169244,2228609,54.65,-0.010572903860339156
RELIANCE,EQ,2023-02-21,2414.4,2424.0,2446.8,2412.35,2435.2,2434.1,2428.09,6143298,14916458652.9,190616,3795226,61.78,0.008159377070907858
RELIANCE,EQ,2023-02-22,2434.1,2425.95,2430.0,2375.05,2377.0,2378.9,2395.74,5087729,12188888236.7,204778,3193068,62.76,-0.022677786450844173
RELIANCE,EQ,2023-02-23,2378.9,2378.0,2394.75,2361.35,2366.5,2367.5,2377.1,4546655,10807833963.95,176202,2500479,55.0,-0.004792130816764106
RELIANCE,EQ,2023-02-24,2367.5,2372.0,2396.15,2368.0,2387.9,2383.7,2381.54,4353814,10368796539.4,157064,2464268,56.6,0.006842661034846875
RELIANCE,EQ,2023-02-27,2383.7,2382.0,2389.65,2351.7,2365.05,2367.85,2366.2,5168667,12230093429.05,193653,3233733,62.56,-0.0066493266770146775
RELIANCE,EQ,2023-02-28,2367.85,2356.1,2367.0,2313.65,2319.95,2322.55,2333.98,10150245,23690436663.8,313946,6372032,62.78,-0.019131279430707027
RELIANCE,EQ,2023-03-01,2322.55,2344.0,2345.5,2323.25,2345.4,2343.9,2336.64,5330852,12456284409.25,230019,3103711,58.22,0.009192482400809387
RELIANCE,EQ,2023-03-02,2343.9,2337.0,2351.65,2321.6,2329.4,2326.05,2333.58,4307425,10051732048.9,188182,2422136,56.23,-0.0076155126071930646
RELIANCE,EQ,2023-03-03,2326.05,2349.15,2393.45,2341.55,2382.0,2385.4,2366.67,6758115,15994200481.7,197227,4146741,61.36,0.025515358655231024
RELIANCE,EQ,2023-03-06,2385.4,2400.0,2424.6,2400.0,2409.7,2408.7,2412.27,4694338,11324034037.1,155650,2606276,55.52,0.009767753835834503
RELIANCE,EQ,2023-03-08,2408.7,2408.7,2419.0,2385.0,2416.5,2417.35,2407.08,7283694,17532425276.0,182199,4111112,56.44,0.003591148752439155
RELIANCE,EQ,2023-03-09,2417.35,2416.0,2416.9,2355.1,2360.0,2359.25,2377.08,7492509,17810328720.9,232305,4508290,60.17,-0.024034583324715086
RELIANCE,EQ,2023-03-10,2359.25,2341.5,2344.0,2315.05,2326.0,2322.7,2324.06,6153681,14301540668.5,257596,3300623,53.64,-0.015492211507894482
RELIANCE,EQ,2023-03-13,2322.7,2329.0,2344.0,2275.0,2288.0,2284.5,2307.72,5894088,13601904297.45,256526,2674835,45.38,-0.016446377061178685
RELIANCE,EQ,2023-03-14,2284.5,2280.0,2304.95,2269.05,2279.0,2275.95,2285.47,7396699,16904904240.65,266523,3419876,46.24,-0.0037426132632961684
RELIANCE,EQ,2023-03-15,2275.95,2284.1,2298.3,2227.4,2237.45,2237.05,2263.32,10027725,22695925219.15,371953,6137251,61.2,-0.01709176387881972
RELIANCE,EQ,2023-03-16,2237.05,2243.0,2254.0,2202.2,2229.5,2225.9,2229.58,8474595,18894758462.15,366871,4738415,55.91,-0.004984242640978076
RELIANCE,EQ,2023-03-17,2225.9,2244.75,2251.95,2212.7,2224.4,2223.1,2226.05,15697554,34943597049.6,302341,11467951,73.06,-0.0012579181454693833
RELIANCE,EQ,2023-03-20,2223.1,2215.0,2220.0,2180.0,2211.15,2201.25,2194.09,9010595,19770027745.25,369095,5060920,56.17,-0.009828617696010067
RELIANCE,EQ,2023-03-21,2201.25,2218.95,2274.0,2217.0,2272.0,2269.7,2256.48,9876263,22285572145.65,342611,5172557,52.37,0.03109596819988636
RELIANCE,EQ,2023-03-22,2269.7,2285.0,2291.45,2270.0,2274.3,2276.6,2281.22,5039622,11496491661.4,195193,3089805,61.31,0.003040049345728546
RELIANCE,EQ,2023-03-23,2276.6,2268.0,2269.9,2243.05,2247.6,2247.8,2253.68,7499082,16900552054.3,187678,5254204,70.06,-0.012650443644030451
RELIANCE,EQ,2023-03-24,2247.8,2245.25,2250.0,2198.0,2204.9,2203.3,2221.83,5711497,12689975563.6,231777,3521704,61.66,-0.019797134976421438
RELIANCE,EQ,2023-03-27,2203.3,2217.5,2254.0,2200.2,2238.8,2237.55,2237.36,6486068,14511643743.5,217981,3399932,52.42,0.015544864521399804
RELIANCE,EQ,2023-03-28,2237.55,2245.0,2256.5,2237.0,2247.05,2248.0,2246.61,5804018,13039373592.9,200011,3651674,62.92,0.0046702866975039115
RELIANCE,EQ,2023-03-29,2248.0,2239.0,2244.8,2211.1,2242.2,2234.7,2228.64,8678073,19340293216.9,294929,5360948,61.78,-0.005916370106761604
RELIANCE,EQ,2023-03-31,2234.7,2255.0,2343.45,2254.7,2330.95,2331.05,2315.77,13001005,30107314074.9,446320,8037003,61.82,0.0431154069897528
RELIANCE,EQ,2023-04-03,2331.05,2345.0,2349.0,2315.0,2331.05,2331.45,2327.86,4750238,11057879559.9,192147,2598875,54.71,0.00017159649085152218
RELIANCE,EQ,2023-04-05,2331.45,2348.0,2348.0,2308.55,2324.1,2325.85,2325.64,7505339,17454736439.85,215635,3286758,43.79,-0.0024019387076711363
RELIANCE,EQ,2023-04-06,2325.85,2318.15,2354.0,2318.15,2340.15,2341.45,2341.09,8507771,19917429621.5,201019,3066395,36.04,0.006707225315476073
RELIANCE,EQ,2023-04-10,2341.45,2350.0,2350.4,2321.55,2324.05,2324.85,2337.29,5981688,13980969369.4,146678,2497661,41.76,-0.007089623950970569
RELIANCE,EQ,2023-04-11,2324.85,2334.0,2341.0,2324.05,2334.1,2336.35,2333.1,4865301,11351255127.75,151084,3237435,66.54,0.004946555691765164
RELIANCE,EQ,2023-04-12,2336.35,2336.35,2367.8,2330.05,2346.7,2346.65,2347.57,8389646,19695262387.55,187546,5437346,64.81,0.004408586042331075
RELIANCE,EQ,2023-04-13,2346.65,2353.0,2365.8,2342.0,2356.0,2355.5,2354.04,5712541,13447564946.75,173375,3283242,57.47,0.0037713336032216827
RELIANCE,EQ,2023-04-17,2355.5,2424.95,2424.95,2349.05,2367.35,2367.45,2371.58,8274452,19623493252.4,198022,5243193,63.37,0.005073232859265531
RELIANCE,EQ,2023-04-18,2367.45,2377.0,2377.0,2326.0,2340.4,2340.35,2341.54,4802172,11244458267.8,159024,2150217,44.78,-0.011446915457559825
RELIANCE,EQ,2023-04-19,2340.35,2339.05,2357.9,2332.2,2348.8,2352.0,2347.73,5664207,13298039126.0,146728,2562595,45.24,0.004977887922746671
RELIANCE,EQ,2023-04-20,2352.0,2354.1,2359.0,2332.1,2345.0,2346.05,2342.63,3233882,7575782937.9,142307,1328115,41.07,-0.0025297619047618403
RELIANCE,EQ,2023-04-21,2346.05,2350.65,2361.0,2336.4,2351.0,2349.0,2348.7,3529236,8289102461.7,151695,1901194,53.87,0.001257432706037731
RELIANCE,EQ,2023-04-24,2349.0,2375.0,2380.9,2348.0,2360.5,2358.0,2360.7,5970048,14093509408.65,217965,2751711,46.09,0.003831417624521105
RELIANCE,EQ,2023-04-25,2358.0,2366.0,2380.6,2350.5,2373.45,2376.05,2365.75,4262471,10083930491.2,151700,2086689,48.95,0.007654792196777116
RELIANCE,EQ,2023-04-26,2376.05,2379.0,2386.1,2354.05,2361.9,2362.1,2363.34,3977129,9399318934.15,159924,2098237,52.76,-0.005871088571368532
RELIANCE,EQ,2023-04-27,2362.1,2375.0,2384.0,2364.0,2381.7,2377.05,2373.05,4230627,10039493207.75,151491,2032293,48.04,0.006329113924050667
RELIANCE,EQ,2023-04-28,2377.05,2382.0,2423.9,2381.75,2419.9,2420.5,2409.46,7183342,17307947047.8,226856,4054041,56.44,0.018278959214151902
RELIANCE,EQ,2023-05-02,2420.5,2436.2,2445.8,2428.1,2440.2,2441.05,2438.83,5991101,14611250968.3,213010,3888221,64.9,0.008489981408799974
RELIANCE,EQ,2023-05-03,2441.05,2445.0,2445.0,2413.05,2418.0,2420.1,2423.03,3259053,7896775124.85,122949,1826435,56.04,-0.008582372339771882
RELIANCE,EQ,2023-05-04,2420.1,2421.15,2452.85,2414.6,2445.95,2448.0,2438.2,3985159,9716626291.25,148384,1741751,43.71,0.011528449237634852
RELIANCE,EQ,2023-05-05,2448.0,2441.0,2461.35,2436.0,2441.0,2441.75,2447.86,4036548,9880900102.3,171662,1538067,38.1,-0.002553104575163445
RELIANCE,EQ,2023-05-08,2441.75,2450.0,2483.65,2444.15,2471.0,2471.9,2468.41,4224469,10427725788.55,169304,2401148,56.84,0.012347701443636838
RELIANCE,EQ,2023-05-09,2471.9,2475.0,2486.8,2463.25,2476.7,2479.55,2476.94,2983468,7389873116.3,167950,1471944,49.34,0.0030947853877585363
RELIANCE,EQ,2023-05-10,2479.55,2490.0,2499.85,2481.2,2492.0,2496.6,2493.65,5017544,12512018443.7,147588,2795603,55.72,0.00687624770623696
RELIANCE,EQ,2023-05-11,2496.6,2498.95,2509.5,2476.55,2482.0,2480.3,2494.02,4872451,12151966094.1,190308,2018589,41.43,-0.006528879275815025
RELIANCE,EQ,2023-05-12,2480.3,2469.8,2487.4,2456.5,2481.9,2484.35,2473.5,3209889,7939658229.75,116311,1662095,51.78,0.0016328669918961314
RELIANCE,EQ,2023-05-15,2484.35,2489.9,2504.55,2473.15,2484.75,2489.25,2492.24,3153587,7859481400.85,139761,1640574,52.02,0.0019723468915411324
RELIANCE,EQ,2023-05-16,2489.25,2494.0,2499.6,2450.15,2454.55,2453.8,2474.17,4023000,9953570679.5,202246,2154699,53.56,-0.014241237320477995
RELIANCE,EQ,2023-05-17,2453.8,2463.0,2465.0,2429.0,2442.0,2439.3,2444.63,4060722,9926961637.2,155508,1602975,39.48,-0.005909202053957174
RELIANCE,EQ,2023-05-18,2439.3,2449.55,2457.0,2427.15,2433.0,2434.05,2443.67,4857531,11870219947.45,145659,1004981,20.69,-0.0021522567949822102
RELIANCE,EQ,2023-05-19,2434.05,2434.05,2445.95,2418.85,2444.0,2441.95,2432.71,3715280,9038204553.15,118264,1398819,37.65,0.0032456194408494454
RELIANCE,EQ,2023-05-22,2441.95,2435.0,2466.0,2432.35,2454.5,2455.0,2455.77,3431208,8426266009.2,122501,1202296,35.04,0.005344089764327764
RELIANCE,EQ,2023-05-23,2455.0,2460.65,2468.0,2451.45,2453.0,2454.55,2460.13,2811473,6916583531.4,121065,1484525,52.8,-0.0001832993890019674
RELIANCE,EQ,2023-05-24,2454.55,2445.9,2464.0,2433.45,2441.0,2440.25,2447.77,3743804,9163984988.7,132191,1828787,48.85,-0.005825915137194215
RELIANCE,EQ,2023-05-25,2440.25,2433.9,2449.0,2416.05,2444.85,2439.95,2430.14,5301647,12883732875.05,136521,2232701,42.11,-0.00012293822354270123
RELIANCE,EQ,2023-05-26,2439.95,2458.0,2509.0,2450.75,2508.8,2506.5,2489.54,5827017,14506612501.75,197182,2889346,49.59,0.027275149080923766
RELIANCE,EQ,2023-05-29,2506.5,2521.0,2530.0,2507.2,2518.2,2520.6,2519.76,4619754,11640658051.85,184530,2505419,54.23,0.005625374027528496
RELIANCE,EQ,2023-05-30,2520.6,2520.6,2537.7,2514.35,2520.55,2519.95,2524.94,5234564,13216961279.0,173212,2645328,50.54,-0.0002578751091010245
RELIANCE,EQ,2023-05-31,2519.95,2500.0,2509.85,2461.0,2466.95,2469.9,2477.34,12510304,30992295693.45,289027,8730857,69.79,-0.019861505188594863
RELIANCE,EQ,2023-06-01,2469.9,2480.15,2484.9,2458.0,2467.0,2463.25,2472.06,6734525,16648139919.55,216233,4083929,60.64,-0.0026924166970323515
RELIANCE,EQ,2023-06-02,2463.25,2471.0,2482.85,2451.0,2455.25,2455.2,2459.32,7291995,17933384336.15,160655,5068213,69.5,-0.003268040190804955
RELIANCE,EQ,2023-06-05,2455.2,2467.2,2483.75,2458.45,2479.95,2477.25,2470.14,5034355,12435536493.3,161758,3413545,67.81,0.008980938416422335
RELIANCE,EQ,2023-06-06,2477.25,2483.45,2487.7,2462.0,2483.8,2479.35,2473.7,3458161,8554457378.7,167754,1830127,52.92,0.0008477141992127013
RELIANCE,EQ,2023-06-07,2479.35,2487.0,2500.0,2472.6,2498.0,2498.15,2487.06,4759238,11836509766.3,187387,2501664,52.56,0.007582632544820278
RELIANCE,EQ,2023-06-08,2498.15,2506.0,2516.85,2491.0,2505.0,2499.65,2504.11,5570815,13949925583.1,176663,2355465,42.28,0.0006004443288032402
RELIANCE,EQ,2023-06-09,2499.65,2507.0,2508.55,2478.0,2482.0,2481.95,2493.99,2712243,6764300003.7,154585,1259707,46.45,-0.00708099133878759
RELIANCE,EQ,2023-06-12,2481.95,2475.5,2489.2,2465.0,2488.0,2484.15,2479.76,2949893,7315018537.5,155197,1674191,56.75,0.0008863998066037659
RELIANCE,EQ,2023-06-13,2484.15,2495.0,2523.45,2486.25,2517.9,2520.85,2509.06,5190958,13024409119.2,179929,3392279,65.35,0.014773665036330152
RELIANCE,EQ,2023-06-14,2520.85,2521.0,2555.0,2517.0,2546.25,2551.85,2541.35,6127509,15572120760.55,255684,4043667,65.99,0.012297439355772877
RELIANCE,EQ,2023-06-15,2551.85,2551.8,2562.55,2535.5,2550.15,2552.55,2551.63,5451926,13911315989.45,193503,2960975,54.31,0.0002743107941298728
RELIANCE,EQ,2023-06-16,2552.55,2560.2,2582.4,2560.2,2575.0,2577.4,2574.79,11155180,28722202805.5,237630,8075240,72.39,0.009735362676539072
RELIANCE,EQ,2023-06-19,2577.4,2584.0,2584.0,2542.65,2550.5,2551.8,2555.84,3137532,8019025286.3,130037,1688183,53.81,-0.0099324901063087
RELIANCE,EQ,2023-06-20,2551.8,2547.55,2564.0,2535.0,2561.5,2557.1,2548.6,3194085,8140454943.7,119189,2150522,67.33,0.002076965279410592
RELIANCE,EQ,2023-06-21,2557.1,2557.0,2569.85,2548.0,2564.9,2564.3,2561.96,3212779,8231021944.9,135010,1972217,61.39,0.002815689648429931
RELIANCE,EQ,2023-06-22,2564.3,2556.0,2573.3,2532.0,2539.0,2535.5,2551.25,3516244,8970824759.4,179274,1838674,52.29,-0.011231135202589448
RELIANCE,EQ,2023-06-23,2535.5,2528.9,2533.4,2512.0,2517.8,2514.75,2521.55,3059084,7713644596.4,136010,1521122,49.72,-0.00818379017945181
RELIANCE,EQ,2023-06-26,2514.75,2507.0,2515.4,2488.7,2495.25,2495.55,2500.04,5833893,14584960042.7,140793,4605047,78.94,-0.007634953772740705
RELIANCE,EQ,2023-06-27,2495.55,2496.55,2509.5,2486.65,2495.0,2496.45,2496.25,4471687,11162430554.95,157574,3361328,75.17,0.00036064194265783556
RELIANCE,EQ,2023-06-28,2496.45,2513.0,2537.85,2497.85,2530.35,2529.5,2525.48,5239872,13233213873.0,190293,3123960,59.62,0.013238799094714482
RELIANCE,EQ,2023-06-30,2529.5,2546.4,2556.65,2533.45,2553.35,2550.25,2543.75,5146441,13091251360.2,223168,3324585,64.6,0.00820320221387627
RELIANCE,EQ,2023-07-03,2550.25,2558.05,2622.0,2555.35,2612.0,2615.7,2596.46,5609248,14564207451.25,205284,2874114,51.24,0.025664150573473155
RELIANCE,EQ,2023-07-04,2615.7,2625.0,2625.0,2573.25,2588.0,2588.75,2588.64,3720447,9630911136.45,157756,1904092,51.18,-0.010303169323699124
RELIANCE,EQ,2023-07-05,2588.75,2609.0,2609.0,2575.8,2588.0,2584.5,2585.9,4729479,12229954790.4,163146,3256582,68.86,-0.001641718976339912
RELIANCE,EQ,2023-07-06,2584.5,2576.05,2644.45,2576.05,2633.3,2638.75,2628.55,8822948,23191525858.6,242971,4669172,52.92,0.02099052041013727
RELIANCE,EQ,2023-07-07,2638.75,2635.0,2664.95,2628.0,2629.0,2633.6,2645.39,6172684,16329164522.95,231715,3347628,54.23,-0.0019516816674561843
RELIANCE,EQ,2023-07-10,2633.6,2688.9,2756.0,2675.0,2735.25,2735.05,2729.55,15340262,41871995571.75,452960,8433744,54.98,0.03852141555285549
RELIANCE,EQ,2023-07-11,2735.05,2752.9,2770.0,2737.6,2769.0,2764.7,2755.34,9262001,25519975405.9,306208,6363890,68.71,0.01084075245425109
RELIANCE,EQ,2023-07-12,2764.7,2766.3,2802.0,2761.65,2765.0,2767.75,2781.6,8645662,24048764830.55,348082,5463716,63.2,0.0011031938365826388
RELIANCE,EQ,2023-07-13,2767.75,2783.9,2799.0,2737.25,2748.0,2743.0,2774.19,6776172,18798357651.3,254196,3888690,57.39,-0.008942281636708516
RELIANCE,EQ,2023-07-14,2743.0,2750.0,2760.9,2725.1,2751.0,2740.7,2739.02,6979790,19117813181.4,201319,4176465,59.84,-0.0008384979948962146
RELIANCE,EQ,2023-07-17,2740.7,2747.0,2815.05,2728.0,2795.2,2796.7,2780.3,10254545,28510731060.6,386729,5821720,56.77,0.02043273616229424
RELIANCE,EQ,2023-07-18,2796.7,2817.0,2837.45,2793.0,2822.6,2820.45,2814.75,11937761,33601845465.45,332862,7444962,62.36,0.008492151464225772
RELIANCE,EQ,2023-07-19,2820.45,2830.0,2856.0,2797.0,2853.0,2841.85,2826.91,18054869,51039578142.75,441824,12100679,67.02,0.007587441720292798
RELIANCE,EQ,2023-07-20,2841.85,2580.0,2630.95,2580.0,2623.0,2619.85,2614.0,19358812,50603956720.15,415393,13384709,69.14,-0.07811812727624612
RELIANCE,EQ,2023-07-21,2619.85,2609.0,2614.9,2523.6,2555.0,2538.75,2549.83,15124619,38565157004.35,457107,8224861,54.38,-0.03095597076168477
RELIANCE,EQ,2023-07-24,2538.75,2481.0,2514.95,2469.3,2488.0,2487.4,2491.6,11863933,29560118805.0,441158,7852002,66.18,-0.020226489414081672
RELIANCE,EQ,2023-07-25,2487.4,2494.0,2505.2,2480.0,2484.0,2485.8,2492.71,6013010,14988681530.35,242346,4192118,69.72,-0.0006432419393743727
RELIANCE,EQ,2023-07-26,2485.8,2485.0,2547.0,2485.0,2526.0,2526.2,2526.43,6455506,16309370484.5,255390,3254913,50.42,0.016252313138627184
RELIANCE,EQ,2023-07-27,2526.2,2534.05,2537.65,2490.35,2515.0,2502.7,2509.19,8613449,21612819116.55,299635,6048843,70.23,-0.009302509698361217
RELIANCE,EQ,2023-07-28,2502.7,2512.05,2542.85,2500.55,2528.2,2527.85,2518.8,10413926,26230615302.1,333806,4514438,43.35,0.01004914692132508
RELIANCE,EQ,2023-07-31,2527.85,2527.85,2553.9,2517.95,2546.0,2549.25,2540.69,4275587,10862927967.25,169076,2741873,64.13,0.008465692189014495
RELIANCE,EQ,2023-08-01,2549.25,2555.0,2559.0,2505.3,2517.7,2513.2,2524.85,4768316,12039288137.45,198132,3178513,66.66,-0.014141414141414232
RELIANCE,EQ,2023-08-02,2513.2,2509.2,2512.0,2463.6,2484.05,2486.35,2485.51,6374107,15842903032.05,330411,4010715,62.92,-0.010683590641413332
RELIANCE,EQ,2023-08-03,2486.35,2475.3,2500.9,2458.05,2474.5,2475.9,2474.27,5084175,12579630763.1,227047,2499801,49.17,-0.004202948096607373
RELIANCE,EQ,2023-08-04,2475.9,2498.8,2516.0,2471.6,2508.0,2509.55,2497.26,11442805,28575603699.1,292077,5497151,48.04,0.013591017407811323
RELIANCE,EQ,2023-08-07,2509.55,2521.0,2528.4,2505.0,2523.5,2523.85,2518.85,2991435,7534973865.1,144288,1730550,57.85,0.00569823275089143
RELIANCE,EQ,2023-08-08,2523.85,2528.0,2534.45,2499.55,2503.75,2508.65,2514.67,4922036,12377291186.25,199690,3612658,73.4,-0.006022544921449269
RELIANCE,EQ,2023-08-09,2508.65,2504.85,2529.0,2481.1,2522.0,2525.2,2499.68,5743293,14356384371.85,269092,3631495,63.23,0.006597173778725596
RELIANCE,EQ,2023-08-10,2525.2,2524.95,2550.0,2508.45,2536.0,2536.45,2533.24,7735299,19595355860.3,257586,5062180,65.44,0.004455092665927474
RELIANCE,EQ,2023-08-11,2536.45,2532.45,2558.85,2512.35,2542.0,2547.15,2535.53,11089665,28118225498.75,247074,4776599,43.07,0.004218494352342894
RELIANCE,EQ,2023-08-14,2547.15,2539.0,2582.3,2525.0,2573.2,2577.25,2563.04,4787906,12271588459.95,248402,2648259,55.31,0.01181712894803999
RELIANCE,EQ,2023-08-16,2577.25,2551.0,2582.8,2551.0,2571.95,2575.15,2568.15,5101556,13101545280.6,157128,3198471,62.7,-0.0008148220001940043
RELIANCE,EQ,2023-08-17,2575.15,2567.1,2578.1,2532.85,2534.05,2538.0,2550.82,6836872,17439652935.65,305866,4207479,61.54,-0.014426344096460486
RELIANCE,EQ,2023-08-18,2538.0,2531.25,2577.6,2508.55,2551.05,2556.8,2543.13,9319989,23701983763.1,293106,3643586,39.09,0.007407407407407529
RELIANCE,EQ,2023-08-21,2556.8,2539.95,2555.45,2515.65,2519.5,2520.0,2528.76,4610873,11659793136.25,186604,2428001,52.66,-0.014392991239048913
RELIANCE,EQ,2023-08-22,2520.0,2516.9,2537.95,2499.0,2523.0,2519.4,2522.49,3856522,9728035039.3,234127,1947489,50.5,-0.00023809523809514843
RELIANCE,EQ,2023-08-23,2519.4,2524.2,2542.85,2516.95,2518.2,2522.2,2528.38,4758976,12032500977.45,186890,1994368,41.91,0.0011113757243788047
RELIANCE,EQ,2023-08-24,2522.2,2539.9,2539.9,2471.0,2475.8,2479.8,2505.26,7070010,17712228152.35,277360,3581724,50.66,-0.016810720799302015
RELIANCE,EQ,2023-08-25,2479.8,2456.0,2505.0,2442.6,2461.9,2468.35,2475.31,11111200,27503665768.5,309987,4889628,44.01,-0.004617307847407104
RELIANCE,EQ,2023-08-28,2468.35,2472.0,2484.0,2431.1,2436.95,2443.75,2465.38,6290413,15508240986.2,248985,2619323,41.64,-0.009966171734154372
RELIANCE,EQ,2023-08-29,2443.75,2452.05,2453.45,2408.15,2422.0,2420.35,2425.23,8438322,20464839388.1,319838,4978720,59.0,-0.009575447570332463
RELIANCE,EQ,2023-08-30,2420.35,2432.0,2443.0,2415.0,2419.4,2418.05,2426.59,6084473,14764544103.55,220096,3522177,57.89,-0.0009502757865597067
RELIANCE,EQ,2023-08-31,2418.05,2423.0,2425.0,2399.9,2408.0,2407.0,2410.24,10819300,26077096813.9,263614,7136660,65.96,-0.0045697979777094
RELIANCE,EQ,2023-09-01,2407.0,2406.55,2425.65,2401.65,2411.4,2412.65,2413.4,9056421,21856799694.25,285753,2515754,27.78,0.0023473203157458045
RELIANCE,EQ,2023-09-04,2412.65,2412.65,2423.65,2405.3,2411.05,2410.7,2413.56,4673813,11280512429.6,167154,3008596,64.37,-0.0008082399021823727
RELIANCE,EQ,2023-09-05,2410.7,2420.0,2433.95,2412.45,2426.0,2423.6,2423.22,4337938,10511762468.35,160296,2371462,54.67,0.005351142821587107
RELIANCE,EQ,2023-09-06,2423.6,2421.1,2436.15,2417.25,2426.35,2428.7,2427.46,4100185,9953029723.5,168907,2493776,60.82,0.0021043076415250273
RELIANCE,EQ,2023-09-07,2428.7,2421.7,2438.25,2411.0,2431.0,2432.0,2424.86,6826286,16552769825.75,176371,2366188,34.66,0.0013587515955038043
RELIANCE,EQ,2023-09-08,2432.0,2440.0,2456.0,2422.95,2451.0,2448.2,2435.83,11554644,28145173638.3,203161,4939162,42.75,0.006661184210526194
RELIANCE,EQ,2023-09-11,2448.2,2452.0,2476.85,2452.0,2473.05,2474.6,2468.87,6635537,16382249910.1,216515,4578581,69.0,0.010783432726084508
RELIANCE,EQ,2023-09-12,2474.6,2483.0,2483.0,2435.95,2437.0,2438.85,2451.73,8127833,19927245602.5,230277,5195321,63.92,-0.014446779277458965
RELIANCE,EQ,2023-09-13,2438.85,2440.0,2462.65,2426.25,2450.1,2451.05,2451.78,6401669,15695491695.65,153034,4355322,68.03,0.005002357668573376
RELIANCE,EQ,2023-09-14,2451.05,2460.0,2465.8,2445.0,2456.0,2453.3,2454.2,4604818,11301141212.65,259706,1647002,35.77,0.0009179739295404055
RELIANCE,EQ,2023-09-15,2453.3,2468.0,2468.0,2449.5,2452.5,2457.85,2458.32,12734296,31304996690.8,172228,6408116,50.32,0.001854644764194946
RELIANCE,EQ,2023-09-18,2457.85,2440.05,2451.0,2432.05,2434.0,2436.45,2442.35,3758150,9178715239.4,135713,2612554,69.52,-0.008706796590516097
RELIANCE,EQ,2023-09-20,2436.45,2423.05,2427.6,2355.0,2380.65,2382.15,2377.79,28540942,67864489357.8,350883,22544832,78.99,-0.022286523425475435
RELIANCE,EQ,2023-09-21,2382.15,2374.95,2390.1,2360.0,2365.0,2364.8,2370.7,6113091,14492294094.8,292445,2946892,48.21,-0.007283336481749614
RELIANCE,EQ,2023-09-22,2364.8,2376.0,2382.45,2350.0,2356.5,2354.95,2363.47,9588393,22661897562.05,302933,4157657,43.36,-0.004165257104195019
RELIANCE,EQ,2023-09-25,2354.95,2350.4,2360.7,2335.1,2339.5,2340.45,2343.52,7127442,16703285186.15,266745,5016282,70.38,-0.006157243253572253
RELIANCE,EQ,2023-09-26,2340.45,2338.55,2350.2,2335.6,2340.0,2342.5,2342.35,5043891,11814581030.5,168749,3432787,68.06,0.0008758999337734608
RELIANCE,EQ,2023-09-27,2342.5,2343.5,2371.8,2338.5,2371.0,2368.9,2355.73,5861389,13807821671.35,233089,3763425,64.21,0.011270010672358666
RELIANCE,EQ,2023-09-28,2368.9,2383.0,2383.0,2325.0,2339.0,2334.1,2352.03,7259173,17073806729.35,283992,4008145,55.21,-0.014690362615560004
RELIANCE,EQ,2023-09-29,2334.1,2341.8,2369.1,2334.1,2342.05,2345.0,2350.92,6171007,14507525911.6,178898,2643270,42.83,0.0046698941776273095
RELIANCE,EQ,2023-10-03,2345.0,2329.95,2335.6,2316.0,2318.4,2318.15,2322.04,4429528,10285526678.7,192207,2868867,64.77,-0.011449893390191868
RELIANCE,EQ,2023-10-04,2318.15,2309.0,2319.0,2295.1,2314.1,2314.15,2304.24,5143193,11851141943.5,261511,3355575,65.24,-0.0017255138796022917
RELIANCE,EQ,2023-10-05,2314.15,2319.25,2329.4,2309.0,2312.9,2314.1,2317.43,5476841,12692181391.5,220239,2561741,46.77,-2.160620530222701e-05
RELIANCE,EQ,2023-10-06,2314.1,2317.05,2324.8,2312.05,2317.65,2318.0,2318.8,2715513,6296730156.55,165579,1427644,52.57,0.0016853204269478006
RELIANCE,EQ,2023-10-09,2318.0,2308.1,2311.95,2295.0,2295.15,2298.25,2302.95,3788439,8724597410.05,215473,2577507,68.04,-0.008520276100086321
RELIANCE,EQ,2023-10-10,2298.25,2306.55,2317.9,2303.75,2310.3,2308.4,2309.03,5118016,11817666201.85,240623,3955663,77.29,0.00441640378548902
RELIANCE,EQ,2023-10-11,2308.4,2314.45,2349.7,2313.0,2345.75,2345.05,2333.86,4907059,11452367310.5,199005,3096183,63.1,0.015876797782013563
RELIANCE,EQ,2023-10-12,2345.05,2343.85,2359.35,2338.15,2347.35,2349.4,2350.76,6277225,14756275104.15,231306,3727893,59.39,0.0018549711093580612
RELIANCE,EQ,2023-10-13,2349.4,2340.0,2357.5,2329.15,2344.95,2349.3,2344.56,5075158,11898999931.9,196532,2618430,51.59,-4.2564058908567404e-05
RELIANCE,EQ,2023-10-16,2349.3,2345.0,2354.55,2336.0,2345.8,2344.05,2346.59,2964518,6956522674.05,174031,1762828,59.46,-0.002234708210956504
RELIANCE,EQ,2023-10-17,2344.05,2356.0,2359.7,2341.3,2356.2,2355.25,2350.51,3964090,9317649591.75,132520,2678581,67.57,0.004778055075616905
RELIANCE,EQ,2023-10-18,2355.25,2355.25,2367.0,2321.0,2321.4,2324.0,2341.91,4459160,10442944805.7,197131,2539983,56.96,-0.013268230548774018
RELIANCE,EQ,2023-10-19,2324.0,2312.0,2321.8,2301.0,2304.65,2306.15,2310.08,6016278,13898102710.85,306999,3493259,58.06,-0.007680722891566183
RELIANCE,EQ,2023-10-20,2306.15,2300.0,2314.7,2296.3,2296.6,2299.1,2302.59,4456656,10261859218.6,236801,2928079,65.7,-0.003057043123821157
RELIANCE,EQ,2023-10-23,2299.1,2290.0,2306.25,2255.25,2262.9,2263.2,2283.24,3926981,8966223109.05,229519,2480829,63.17,-0.01561480579357144
RELIANCE,EQ,2023-10-25,2263.2,2250.05,2281.2,2243.0,2256.0,2257.95,2261.49,5810344,13140035999.6,276253,3242064,55.8,-0.0023197242841993537
RELIANCE,EQ,2023-10-26,2257.95,2251.0,2258.0,2220.3,2223.0,2226.5,2232.86,7611267,16994910102.9,349499,5001208,65.71,-0.013928563520007042
RELIANCE,EQ,2023-10-27,2226.5,2240.0,2273.5,2235.95,2266.15,2265.8,2262.35,5885542,13315143153.75,247495,3669399,62.35,0.017651021783067655
RELIANCE,EQ,2023-10-30,2265.8,2274.0,2325.0,2269.95,2309.0,2312.5,2310.35,8406652,19422270423.05,352375,4926931,58.61,0.020610821784800004
RELIANCE,EQ,2023-10-31,2312.5,2328.0,2328.0,2282.9,2289.0,2287.9,2302.76,6404219,14747354996.7,285198,4244985,66.28,-0.010637837837837782
RELIANCE,EQ,2023-11-01,2287.9,2289.15,2317.5,2275.2,2294.7,2297.4,2301.86,5154595,11865133915.6,172384,2999329,58.19,0.004152279382840129
RELIANCE,EQ,2023-11-02,2297.4,2313.95,2324.3,2307.95,2319.0,2320.2,2316.45,5281052,12233275556.75,156658,2620521,49.62,0.009924262209453971
RELIANCE,EQ,2023-11-03,2320.2,2327.2,2334.95,2315.75,2319.0,2319.7,2325.94,4425078,10292487339.95,157991,2740838,61.94,-0.00021549866390824235
RELIANCE,EQ,2023-11-06,2319.7,2332.3,2340.0,2325.6,2339.0,2339.0,2334.2,5323652,12426455971.7,159387,3982611,74.81,0.008320041384661803
RELIANCE,EQ,2023-11-07,2339.0,2334.05,2339.1,2319.55,2323.1,2323.8,2328.29,3480102,8102678736.35,164587,2282754,65.59,-0.006498503634031594
RELIANCE,EQ,2023-11-08,2323.8,2332.0,2341.0,2321.75,2333.75,2335.9,2335.8,3942247,9208287625.15,150160,2830151,71.79,0.005206988553231762
RELIANCE,EQ,2023-11-09,2335.9,2335.85,2335.9,2304.2,2311.45,2310.55,2316.51,7256805,16810455976.65,264597,3135122,43.2,-0.010852348131341172
RELIANCE,EQ,2023-11-10,2310.55,2305.55,2316.35,2298.05,2315.9,2314.9,2308.66,3867477,8928695452.35,144846,2272363,58.76,0.001882668628681472
RELIANCE,EQ,2023-11-12,2314.9,2326.05,2332.0,2322.5,2330.9,2330.65,2328.71,709922,1653202914.45,54331,464151,65.38,0.00680374962201391
RELIANCE,EQ,2023-11-13,2330.65,2322.9,2324.6,2311.7,2315.1,2314.6,2316.15,1927405,4464162629.45,101023,1287215,66.78,-0.0068864908930985624
RELIANCE,EQ,2023-11-15,2314.6,2340.0,2361.95,2327.0,2356.1,2356.45,2346.76,6110324,14339487044.5,188402,4422539,72.38,0.018080877905469528
RELIANCE,EQ,2023-11-16,2356.45,2351.1,2374.15,2346.95,2358.0,2360.7,2363.74,6567455,15523761404.1,179828,3345345,50.94,0.0018035604404931238
RELIANCE,EQ,2023-11-17,2360.7,2352.9,2373.25,2352.05,2354.85,2355.55,2363.5,3879317,9168751612.0,140454,2277019,58.7,-0.002181556318041067
RELIANCE,EQ,2023-11-20,2355.55,2348.55,2358.4,2336.4,2349.0,2349.35,2346.96,2245093,5269153540.0,117438,1388002,61.82,-0.0026320816794380697
RELIANCE,EQ,2023-11-21,2349.35,2366.0,2388.0,2360.2,2377.0,2378.9,2377.09,4107225,9763257904.05,163809,2633039,64.11,0.012577947091748864
RELIANCE,EQ,2023-11-22,2378.9,2375.0,2394.45,2372.2,2387.0,2388.2,2385.76,4267407,10181003165.9,177755,2762388,64.73,0.003909369876833768
RELIANCE,EQ,2023-11-23,2388.2,2388.2,2400.0,2388.2,2393.9,2395.5,2395.76,4265771,10219770255.8,151936,2370901,55.58,0.0030566954191442175
RELIANCE,EQ,2023-11-24,2395.5,2391.6,2402.6,2391.05,2394.25,2393.9,2397.29,3374743,8090226237.15,182231,2009729,59.55,-0.0006679190148194403
RELIANCE,EQ,2023-11-28,2393.9,2393.9,2399.7,2375.25,2395.15,2394.4,2383.04,6896087,16433674720.45,221537,4884834,70.83,0.00020886419649945864
RELIANCE,EQ,2023-11-29,2394.4,2408.0,2411.95,2398.05,2400.0,2400.7,2406.54,6265653,15078554701.8,161091,4989032,79.63,0.002631139325091736
RELIANCE,EQ,2023-11-30,2400.7,2394.7,2400.7,2369.9,2379.0,2377.45,2382.58,14219992,33880261609.25,368003,11370920,79.96,-0.009684675303036627
RELIANCE,EQ,2023-12-01,2377.45,2378.0,2396.4,2377.6,2393.0,2394.3,2389.47,7171421,17135906079.4,218016,4801676,66.96,0.007087425603062192
RELIANCE,EQ,2023-12-04,2394.3,2450.0,2450.0,2398.6,2421.0,2420.2,2417.16,7795495,18842940784.8,249010,4855968,62.29,0.010817357891659274
RELIANCE,EQ,2023-12-05,2420.2,2439.0,2440.85,2421.65,2437.15,2437.75,2435.32,6346812,15456491179.15,270813,4643536,73.16,0.007251466820924035
RELIANCE,EQ,2023-12-06,2437.75,2447.1,2472.95,2435.0,2462.0,2461.1,2459.66,8211221,20196820469.5,203350,6075935,74.0,0.009578504768741558
RELIANCE,EQ,2023-12-07,2461.1,2460.0,2460.95,2442.0,2456.15,2457.05,2453.62,4071048,9988795871.3,169328,2350086,57.73,-0.0016456056235015781
RELIANCE,EQ,2023-12-08,2457.05,2463.85,2476.7,2445.0,2451.0,2455.75,2457.48,5102447,12539153828.9,193898,2581396,50.59,-0.0005290897621131885
RELIANCE,EQ,2023-12-11,2455.75,2456.0,2467.6,2452.4,2460.9,2459.35,2459.8,3533069,8690654768.25,148258,2651027,75.03,0.0014659472666191942
RELIANCE,EQ,2023-12-12,2459.35,2460.0,2464.95,2420.15,2424.0,2424.05,2442.73,4598562,11233058046.6,164611,3226060,70.15,-0.014353386057291417
RELIANCE,EQ,2023-12-13,2424.05,2422.0,2438.35,2406.3,2432.05,2433.95,2422.37,5015591,12149635536.75,203903,3156741,62.94,0.004084074173387409
RELIANCE,EQ,2023-12-14,2433.95,2454.0,2474.95,2442.65,2463.55,2464.15,2464.76,8486177,20916413095.3,308013,5807295,68.43,0.012407814457980004
RELIANCE,EQ,2023-12-15,2464.15,2478.0,2500.0,2470.05,2492.0,2495.6,2487.92,7966076,19818994725.95,219982,5016104,62.97,0.012763021731631463
RELIANCE,EQ,2023-12-18,2495.6,2495.6,2534.9,2490.95,2520.0,2521.0,2521.89,7082594,17861536572.75,253336,4855424,68.55,0.01017791312710381
RELIANCE,EQ,2023-12-19,2521.0,2555.0,2573.9,2525.2,2556.5,2558.1,2553.63,8410302,21476799671.65,331728,5518449,65.62,0.014716382387941263
RELIANCE,EQ,2023-12-20,2558.1,2571.05,2598.85,2520.0,2529.4,2527.15,2563.63,8868361,22735194766.35,372595,5342862,60.25,-0.012098823345451648
RELIANCE,EQ,2023-12-21,2527.15,2527.0,2573.5,2518.25,2561.0,2562.55,2551.74,6882727,17562946483.4,235158,3479632,50.56,0.014007874483113358
RELIANCE,EQ,2023-12-22,2562.55,2559.6,2580.9,2547.65,2561.0,2565.05,2559.79,8270892,21171713990.35,274088,4733005,57.22,0.0009755907201811631
RELIANCE,EQ,2023-12-26,2565.05,2568.0,2591.95,2562.7,2579.0,2578.05,2579.88,3732832,9630262624.25,188513,2354231,63.07,0.0050681273269526095
RELIANCE,EQ,2023-12-27,2578.05,2582.0,2599.9,2573.1,2583.35,2586.85,2586.56,4602078,11903547787.85,191497,2850871,61.95,0.0034134326331916043
RELIANCE,EQ,2023-12-28,2586.85,2589.8,2612.0,2586.85,2605.0,2605.55,2602.58,6151318,16009295262.65,228625,4061975,66.03,0.007228869087887002
RELIANCE,EQ,2023-12-29,2605.55,2611.1,2614.0,2579.3,2587.0,2584.95,2589.61,5432292,14067490670.9,248419,3415339,62.87,-0.007906200226439841
RELIANCE,EQ,2024-01-01,2584.95,2580.55,2606.85,2573.15,2588.45,2590.25,2588.14,2015270,5215808110.05,115559,877801,43.56,0.0020503297936131926
RELIANCE,EQ,2024-01-02,2590.25,2585.0,2615.0,2573.0,2609.0,2611.7,2596.75,3724400,9671331567.5,175872,2059678,55.3,0.008281053952321038
RELIANCE,EQ,2024-01-03,2611.7,2610.0,2634.0,2577.2,2580.75,2583.3,2606.46,4518768,11778006447.25,198303,2706158,59.89,-0.010874143278324366
RELIANCE,EQ,2024-01-04,2583.3,2588.0,2609.85,2579.1,2600.0,2596.65,2597.37,4806389,12483971502.55,267185,3003090,62.48,0.005167808616885372
RELIANCE,EQ,2024-01-05,2596.65,2602.9,2619.85,2598.0,2609.0,2607.7,2606.82,4043203,10539886698.05,211413,2280572,56.41,0.004255483026206708
RELIANCE,EQ,2024-01-08,2607.7,2610.0,2631.95,2568.95,2586.0,2587.35,2600.55,3867326,10057168474.15,171169,2208577,57.11,-0.007803811788165804
RELIANCE,EQ,2024-01-09,2587.35,2600.0,2606.8,2577.2,2580.5,2580.5,2592.44,2701537,7003571441.95,130706,1658627,61.4,-0.0026474964732254858
RELIANCE,EQ,2024-01-10,2580.5,2577.0,2659.0,2575.05,2655.0,2650.1,2616.79,5551370,14526742701.55,179441,3339874,60.16,0.02697151714783952
RELIANCE,EQ,2024-01-11,2650.1,2659.0,2725.0,2657.0,2716.0,2719.8,2695.73,11862926,31979289599.9,581952,7993082,67.38,0.026300894305875344
RELIANCE,EQ,2024-01-12,2719.8,2719.8,2746.65,2691.5,2740.5,2741.45,2729.49,7506082,20487745085.4,434055,4597780,61.25,0.00796014412824464
RELIANCE,EQ,2024-01-15,2741.45,2750.0,2792.9,2732.0,2786.0,2788.25,2768.73,4305297,11920219926.15,237252,2544119,59.09,0.017071257910959536
RELIANCE,EQ,2024-01-16,2788.25,2779.95,2792.6,2741.0,2746.8,2749.25,2770.68,4534512,12563673259.4,235619,2748547,60.61,-0.01398726799964134
RELIANCE,EQ,2024-01-17,2749.25,2719.0,2772.55,2710.05,2723.5,2723.15,2738.75,6098691,16702784157.5,312203,3890087,63.79,-0.009493498226789132
RELIANCE,EQ,2024-01-18,2723.15,2702.8,2742.0,2702.5,2734.75,2735.9,2724.93,5139719,14005371079.55,253448,3023891,58.83,0.004682077740851609
RELIANCE,EQ,2024-01-19,2735.9,2752.0,2752.0,2718.0,2736.45,2734.9,2732.29,5211352,14238941782.6,275902,2977206,57.13,-0.0003655104353229577
RELIANCE,EQ,2024-01-20,2734.9,2730.0,2766.95,2700.0,2716.0,2713.3,2734.2,3641697,9957110928.55,128579,1348080,37.02,-0.00789791217229141
RELIANCE,EQ,2024-01-23,2713.3,2743.5,2743.5,2645.1,2656.75,2657.15,2674.9,10027710,26823081585.3,337484,7588796,75.68,-0.0206943574245384
RELIANCE,EQ,2024-01-24,2657.15,2670.45,2699.0,2647.85,2694.9,2687.75,2664.32,10959564,29199812068.1,253093,8488857,77.46,0.011516098075005088
RELIANCE,EQ,2024-01-25,2687.75,2685.9,2728.3,2670.4,2711.0,2706.15,2697.07,5904436,15924681035.8,199408,3349043,56.72,0.00684587480234411
RELIANCE,EQ,2024-01-29,2706.15,2729.0,2905.0,2720.35,2890.1,2896.1,2842.26,11946719,33955652629.4,464414,5523879,46.24,0.07019197014208367
RELIANCE,EQ,2024-01-30,2896.1,2919.9,2919.95,2808.85,2818.25,2815.25,2854.34,7046989,20114536190.8,314728,3688941,52.35,-0.027916853699803124
RELIANCE,EQ,2024-01-31,2815.25,2808.0,2868.5,2805.0,2850.0,2853.25,2847.99,7565113,21545402809.0,343623,4639003,61.32,0.013497913151585106
RELIANCE,EQ,2024-02-01,2853.25,2870.0,2886.7,2836.1,2851.5,2853.3,2857.88,6674681,19075409129.85,259110,3409296,51.08,1.7523876281400064e-05
RELIANCE,EQ,2024-02-02,2853.3,2866.35,2949.8,2866.35,2913.0,2915.4,2913.44,9826294,28628319858.85,420949,4552813,46.33,0.021764272947113916
RELIANCE,EQ,2024-02-05,2915.4,2921.5,2941.0,2863.05,2879.45,2878.05,2907.3,4407216,12813104310.25,197343,2269459,51.49,-0.012811278040749108
RELIANCE,EQ,2024-02-06,2878.05,2883.7,2883.7,2839.65,2854.75,2855.6,2859.49,4523992,12936328247.7,240512,2753486,60.86,-0.00780042042355078
RELIANCE,EQ,2024-02-07,2855.6,2871.85,2899.0,2858.5,2885.0,2884.3,2876.04,4648284,13368650630.75,228951,2582820,55.57,0.010050427230704706
RELIANCE,EQ,2024-02-08,2884.3,2900.0,2918.95,2855.05,2916.0,2900.25,2882.9,7347317,21181603384.9,320055,3335852,45.4,0.005529937939881435
RELIANCE,EQ,2024-02-09,2900.25,2908.0,2943.95,2901.9,2917.3,2921.5,2924.38,6278399,18360429342.9,248252,3187415,50.77,0.007326954572881572
RELIANCE,EQ,2024-02-12,2921.5,2921.5,2922.0,2884.7,2904.0,2904.7,2900.64,3337215,9680050427.5,170350,1894566,56.77,-0.0057504706486394275
RELIANCE,EQ,2024-02-13,2904.7,2911.0,2958.0,2908.0,2926.2,2930.2,2934.72,3857797,11321554002.65,178755,1892852,49.07,0.008778875615381931
RELIANCE,EQ,2024-02-14,2930.2,2915.0,2967.3,2915.0,2963.6,2962.75,2943.59,3558944,10476084977.75,200869,1953682,54.89,0.01110845676063077
RELIANCE,EQ,2024-02-15,2962.75,2966.7,2969.45,2933.05,2944.5,2941.2,2946.03,5003391,14740128065.85,236768,2241593,44.8,-0.007273647793435201
RELIANCE,EQ,2024-02-16,2941.2,2952.95,2954.0,2917.1,2925.0,2921.15,2932.13,4883749,14319775078.35,170212,3086745,63.2,-0.00681694546443623
RELIANCE,EQ,2024-02-19,2921.15,2924.1,2959.0,2907.05,2940.0,2948.0,2934.52,3364914,9874395305.15,143935,1875370,55.73,0.00919158550570831
RELIANCE,EQ,2024-02-20,2948.0,2950.05,2951.0,2923.6,2941.45,2942.05,2937.06,3558748,10452264180.75,172812,2272438,63.85,-0.0020183175033920975
RELIANCE,EQ,2024-02-21,2942.05,2948.0,2977.05,2915.1,2932.05,2935.4,2949.3,6360146,18757966311.65,289896,4235202,66.59,-0.0022603286823813518
RELIANCE,EQ,2024-02-22,2935.4,2936.3,2969.9,2916.0,2962.2,2963.5,2944.65,9246864,27228762576.2,273105,4981085,53.87,0.009572800981126894
RELIANCE,EQ,2024-02-23,2963.5,2979.0,2995.1,2966.7,2986.55,2987.25,2982.96,7219292,21534840027.25,255210,4263991,59.06,0.008014172431246802
RELIANCE,EQ,2024-02-26,2987.25,2987.1,2989.05,2965.0,2975.1,2974.65,2974.31,3756553,11173163735.6,141799,2728420,72.63,-0.004217926186291687
RELIANCE,EQ,2024-02-27,2974.65,2966.05,2999.9,2956.1,2971.0,2971.3,2974.38,5413022,16100408443.55,197414,3845450,71.04,-0.0011261829122753975
RELIANCE,EQ,2024-02-28,2971.3,2966.0,2982.55,2900.35,2915.0,2911.25,2931.01,4323975,12673607274.5,216192,2449550,56.65,-0.020210009086931713
RELIANCE,EQ,2024-02-29,2911.25,2930.0,2957.95,2909.05,2930.75,2921.6,2927.13,11814488,34582493286.65,298691,7842843,66.38,0.0035551738943753186
RELIANCE,EQ,2024-03-01,2921.6,2927.0,3000.0,2925.0,2977.0,2984.25,2966.96,6066463,17998957520.55,272154,3234333,53.31,0.02144372946330786
RELIANCE,EQ,2024-03-02,2984.25,2984.0,3000.9,2976.0,2980.95,2982.15,2989.65,358150,1070743614.7,18856,159244,44.46,-0.000703694395576715
RELIANCE,EQ,2024-03-04,2982.15,2980.95,3024.9,2974.45,3010.0,3014.8,3003.93,5012210,15056320911.1,240680,2891870,57.7,0.010948476770115567
RELIANCE,EQ,2024-03-05,3014.8,3011.55,3014.8,2972.1,2996.0,3000.4,2992.5,3553834,10634836947.9,213477,2215644,62.35,-0.004776436247843963
RELIANCE,EQ,2024-03-06,3000.4,2986.9,3018.0,2957.0,3002.85,3006.0,2991.36,3902838,11674786490.95,205634,1985212,50.87,0.0018664178109584206
RELIANCE,EQ,2024-03-07,3006.0,3005.95,3006.2,2951.1,2957.0,2957.85,2973.36,4157863,12362839422.1,195070,2219130,53.37,-0.016017964071856294
RELIANCE,EQ,2024-03-11,2957.85,2978.0,2978.0,2927.0,2928.0,2933.2,2950.2,5638565,16634894693.1,255615,3999900,70.94,-0.008333755937589782
RELIANCE,EQ,2024-03-12,2933.2,2933.2,2976.0,2930.05,2953.5,2950.85,2956.49,4716339,13943814809.4,178946,2876783,61.0,0.006017318969044005
RELIANCE,EQ,2024-03-13,2950.85,2959.55,2966.2,2855.55,2873.2,2864.35,2889.98,6761067,19539320816.8,255973,4493232,66.46,-0.029313587610349523
RELIANCE,EQ,2024-03-14,2864.35,2879.4,2897.05,2851.0,2870.0,2862.95,2871.07,9285551,26659495810.0,343017,5105534,54.98,-0.0004887670850280967
RELIANCE,EQ,2024-03-15,2862.95,2851.9,2866.45,2825.8,2838.0,2836.45,2839.66,9611909,27294538070.95,249827,6460151,67.21,-0.009256186800328359
RELIANCE,EQ,2024-03-18,2836.45,2840.0,2883.45,2833.05,2874.0,2878.95,2858.1,4584696,13103538361.45,228224,2879547,62.81,0.014983518130056828
RELIANCE,EQ,2024-03-19,2878.95,2857.5,2875.2,2834.5,2849.15,2850.5,2848.79,4137882,11787973196.45,196658,2711695,65.53,-0.009882075062088491
RELIANCE,EQ,2024-03-20,2850.5,2855.9,2890.0,2848.05,2886.25,2887.5,2874.53,4244403,12200651007.8,208132,2734110,64.42,0.012980178915979579
RELIANCE,EQ,2024-03-21,2887.5,2905.05,2915.8,2889.35,2900.05,2901.95,2903.52,6503468,18882974161.4,244846,3099861,47.66,0.0050043290043289
RELIANCE,EQ,2024-03-22,2901.95,2899.95,2920.0,2894.7,2906.55,2910.05,2909.59,9763804,28408677998.2,286746,5930597,60.74,0.002791226589017759
RELIANCE,EQ,2024-03-26,2910.05,2890.0,2904.8,2878.0,2886.7,2883.15,2887.28,5707953,16480430505.15,174805,3826158,67.03,-0.009243827425645668
RELIANCE,EQ,2024-03-27,2883.15,2896.0,3000.0,2894.0,2983.75,2985.7,2972.19,8163322,24262983466.45,299800,4360696,53.42,0.03556873558434348
RELIANCE,EQ,2024-03-28,2985.7,2985.75,3011.9,2957.3,2970.3,2971.7,2988.81,10927182,32659243942.2,289271,5303114,48.53,-0.0046890176508022074
RELIANCE,EQ,2024-04-01,2971.7,2984.95,2987.95,2965.0,2974.8,2969.55,2973.78,2506940,7455079986.05,128873,1619370,64.6,-0.0007234916041322093
RELIANCE,EQ,2024-04-02,2969.55,2968.0,2988.0,2950.0,2977.0,2973.9,2964.64,4455083,13207726108.3,144866,2867632,64.37,0.0014648684144062951
RELIANCE,EQ,2024-04-03,2973.9,2964.15,2968.9,2937.8,2944.95,2943.2,2950.91,3504146,10340431852.2,152022,2151384,61.4,-0.010323144692155228
RELIANCE,EQ,2024-04-04,2943.2,2959.5,2959.5,2900.0,2931.0,2925.85,2924.41,7245136,21187769929.5,305593,2179244,30.08,-0.005894944278336478
RELIANCE,EQ,2024-04-05,2925.85,2921.75,2941.6,2912.0,2925.95,2920.2,2924.97,3721149,10884250027.9,138742,1892949,50.87,-0.0019310627680845238
RELIANCE,EQ,2024-04-08,2920.2,2925.95,2981.95,2922.0,2970.0,2971.95,2967.76,4178559,12400963621.65,144054,2278607,54.53,0.017721388945962646
RELIANCE,EQ,2024-04-09,2971.95,2978.0,2979.6,2925.0,2931.9,2927.3,2942.09,3535707,10402378582.0,166238,2346545,66.37,-0.015023805918672806
RELIANCE,EQ,2024-04-10,2927.3,2932.7,2974.0,2932.7,2955.0,2959.15,2956.51,4569165,13508781489.15,247782,2635664,57.68,0.010880333413042731
RELIANCE,EQ,2024-04-12,2959.15,2951.75,2972.95,2926.15,2937.15,2934.3,2950.89,7775506,22944647360.8,318190,3829205,49.25,-0.008397681766723508
RELIANCE,EQ,2024-04-15,2934.3,2922.0,2964.25,2892.65,2931.0,2929.65,2937.49,6451031,18949808687.3,278625,3781784,58.62,-0.0015847050403844376
RELIANCE,EQ,2024-04-16,2929.65,2906.7,2942.35,2901.85,2936.5,2931.5,2922.76,4683092,13687564159.45,202013,2926710,62.5,0.0006314747495435036
RELIANCE,EQ,2024-04-18,2931.5,2927.0,2972.0,2918.7,2925.0,2928.65,2940.33,9502846,27941531144.35,292105,4922394,51.8,-0.0009721985331740957
RELIANCE,EQ,2024-04-19,2928.65,2913.55,2948.0,2886.05,2943.05,2940.25,2922.72,7870889,23004385019.15,257506,3977520,50.53,0.003960869342529705
RELIANCE,EQ,2024-04-22,2940.25,2944.9,2965.65,2935.6,2962.9,2959.7,2950.88,5175181,15271348793.5,163758,3178709,61.42,0.006615083751381645
RELIANCE,EQ,2024-04-23,2959.7,2958.0,2987.0,2911.1,2919.5,2918.65,2944.51,7302777,21503128837.35,339439,3761791,51.51,-0.013869648950907143
RELIANCE,EQ,2024-04-24,2918.65,2927.0,2937.1,2899.0,2901.45,2900.35,2917.88,5231388,15264581699.05,186848,3466158,66.26,-0.00627002209925831
RELIANCE,EQ,2024-04-25,2900.35,2885.0,2935.95,2883.0,2917.7,2919.95,2914.62,7971963,23235272655.3,236911,3642640,45.69,0.0067578050924888
RELIANCE,EQ,2024-04-26,2919.95,2927.9,2930.0,2900.0,2908.5,2905.1,2911.85,4706924,13705873642.8,208164,2204091,46.83,-0.005085703522320517
RELIANCE,EQ,2024-04-29,2905.1,2900.0,2935.8,2900.0,2927.5,2930.05,2926.58,3623987,10605875230.6,158806,2166495,59.78,0.008588344635296563
RELIANCE,EQ,2024-04-30,2930.05,2936.0,2966.15,2925.75,2932.0,2934.0,2947.6,5737131,16910777825.2,210901,3980936,69.39,0.0013480998617769746
RELIANCE,EQ,2024-05-02,2934.0,2944.0,2954.65,2928.25,2938.1,2933.1,2941.23,7256323,21342518418.9,306721,3287714,45.31,-0.00030674846625766694
RELIANCE,EQ,2024-05-03,2933.1,2942.0,2949.9,2832.3,2871.0,2868.0,2876.27,8613479,24774710139.9,358280,4048315,47.0,-0.02219494732535543
RELIANCE,EQ,2024-05-06,2868.0,2871.0,2880.0,2836.0,2843.4,2839.05,2851.8,3697104,10543411394.4,168077,2453033,66.35,-0.010094142259414185
RELIANCE,EQ,2024-05-07,2839.05,2831.95,2841.5,2784.0,2808.0,2802.95,2804.43,7258736,20356596310.45,308242,5307006,73.11,-0.012715521036966715
RELIANCE,EQ,2024-05-08,2802.95,2795.0,2865.9,2795.0,2834.25,2837.1,2834.7,4719501,13378380314.55,191054,2397954,50.81,0.012183592286697964
RELIANCE,EQ,2024-05-09,2837.1,2826.0,2847.5,2780.0,2785.0,2788.25,2800.69,5504806,15417256016.7,280459,2811418,51.07,-0.017218286278241846
RELIANCE,EQ,2024-05-10,2788.25,2793.5,2820.0,2776.15,2808.0,2814.85,2800.8,5252548,14711341390.8,238752,2592880,49.36,0.00954003407155013
RELIANCE,EQ,2024-05-13,2814.85,2799.8,2813.95,2768.0,2805.0,2805.4,2795.26,4228310,11819208707.95,200542,2754958,65.16,-0.003357194877169234
RELIANCE,EQ,2024-05-14,2805.4,2801.95,2854.15,2800.05,2839.0,2840.15,2834.55,3594150,10187793904.1,248782,2158301,60.05,0.0123868254081414
RELIANCE,EQ,2024-05-15,2840.15,2841.0,2859.95,2826.05,2831.7,2832.55,2841.94,2523267,7170975946.2,147326,1309376,51.89,-0.00267591500448916
RELIANCE,EQ,2024-05-16,2832.55,2837.1,2855.0,2796.05,2851.0,2850.7,2830.3,7355887,20819370913.85,359411,3356155,45.63,0.006407653880778685
RELIANCE,EQ,2024-05-17,2850.7,2846.1,2874.4,2826.5,2870.1,2871.4,2859.68,5458238,15608799277.7,200677,2881542,52.79,0.007261374399270437
RELIANCE,EQ,2024-05-18,2871.4,2875.0,2879.0,2865.4,2869.5,2869.65,2871.38,213020,611660842.0,9456,90530,42.5,-0.0006094588005850499
RELIANCE,EQ,2024-05-21,2869.65,2851.2,2883.65,2851.2,2867.95,2872.25,2867.19,5588064,16022037765.6,303596,3914279,70.05,0.0009060338368789278
RELIANCE,EQ,2024-05-22,2872.25,2872.55,2937.55,2872.55,2921.0,2921.3,2918.56,5140802,15003755079.7,241909,2463482,47.92,0.01707720428235704
RELIANCE,EQ,2024-05-23,2921.3,2917.1,2984.45,2910.0,2969.0,2972.1,2956.98,7304130,21598131626.7,254418,3847085,52.67,0.01738951836511138
RELIANCE,EQ,2024-05-24,2972.1,2967.25,2977.0,2952.2,2959.0,2960.5,2962.79,3547388,10510170789.4,142807,1990641,56.12,-0.003902964234043238
RELIANCE,EQ,2024-05-27,2960.5,2960.45,2969.8,2923.1,2934.9,2932.5,2944.31,3314505,9758927330.85,142936,2038448,61.5,-0.009457861847660842
RELIANCE,EQ,2024-05-28,2932.5,2936.0,2957.0,2905.5,2911.0,2912.4,2930.7,3910081,11459272719.5,177899,2573753,65.82,-0.00685421994884905
RELIANCE,EQ,2024-05-29,2912.4,2893.0,2916.0,2876.9,2881.05,2881.55,2892.28,3691778,10677649558.6,166778,2316089,62.74,-0.010592638373849717
RELIANCE,EQ,2024-05-30,2881.55,2871.0,2880.8,2840.2,2859.1,2849.7,2853.56,6603429,18843310309.75,248791,4420496,66.94,-0.01105307907202735
RELIANCE,EQ,2024-05-31,2849.7,2862.6,2884.5,2844.5,2859.0,2860.8,2859.97,15534916,44429352174.1,291018,9187285,59.14,0.0038951468575640913
RELIANCE,EQ,2024-06-03,2860.8,2966.0,3029.0,2918.0,3027.75,3020.65,2978.07,10763971,32055904968.1,527552,6199702,57.6,0.055875978747203625
RELIANCE,EQ,2024-06-04,3020.65,2996.1,2996.1,2718.6,2816.45,2794.55,2840.81,18354549,52141856366.9,687198,9982307,54.39,-0.0748514392597619
RELIANCE,EQ,2024-06-05,2794.55,2844.0,2862.3,2768.2,2838.85,2841.5,2821.32,8732445,24637003697.65,474290,5103076,58.44,0.016800558229410845
RELIANCE,EQ,2024-06-06,2841.5,2870.0,2887.4,2842.7,2872.0,2863.2,2860.47,8927861,25537885916.05,361277,3382329,37.89,0.00763681154319884
RELIANCE,EQ,2024-06-07,2863.2,2857.0,2944.0,2853.0,2931.1,2939.9,2917.34,9279348,27071000141.85,344744,4562543,49.17,0.026788208996926688
RELIANCE,EQ,2024-06-10,2939.9,2939.9,2986.7,2936.15,2944.05,2942.8,2961.63,4625880,13700144470.7,213285,2334693,50.47,0.000986428109799764
RELIANCE,EQ,2024-06-11,2942.8,2938.0,2947.35,2909.35,2915.05,2913.35,2927.47,5887451,17235309310.25,210257,4001727,67.97,-0.010007475873318072
RELIANCE,EQ,2024-06-12,2913.35,2915.0,2952.0,2910.35,2924.5,2926.65,2933.93,5040871,14789562953.35,194907,2648229,52.54,0.004565191274649605
RELIANCE,EQ,2024-06-13,2926.65,2944.0,2944.5,2920.2,2927.6,2930.5,2932.52,4590580,13461977299.9,150823,2387206,52.0,0.001315497240872654
RELIANCE,EQ,2024-06-14,2930.5,2940.0,2959.35,2914.45,2951.45,2955.1,2944.28,4078999,12009735003.5,150934,2250406,55.17,0.008394471933117265
RELIANCE,EQ,2024-06-18,2955.1,2974.7,2974.8,2942.7,2959.9,2962.05,2956.95,3598383,10640238520.1,228749,2137177,59.39,0.002351866265101199
RELIANCE,EQ,2024-06-19,2962.05,2975.0,2975.0,2912.0,2917.0,2917.3,2935.27,4362937,12806397074.45,181800,2395420,54.9,-0.015107780084738565
RELIANCE,EQ,2024-06-20,2917.3,2918.0,2965.7,2900.2,2949.0,2947.4,2945.61,8056888,23732484114.9,219372,3570538,44.32,0.010317759572207041
RELIANCE,EQ,2024-06-21,2947.4,2947.25,2949.4,2881.15,2912.0,2908.4,2909.13,15585180,45339357875.0,338377,8287080,53.17,-0.01323200108570266
RELIANCE,EQ,2024-06-24,2908.4,2891.05,2899.0,2875.0,2885.0,2882.95,2885.46,4439193,12809105423.85,204050,2855921,64.33,-0.008750515747490084
RELIANCE,EQ,2024-06-25,2882.95,2886.0,2911.85,2882.0,2905.05,2908.3,2897.19,3522693,10205907632.15,143772,2190920,62.19,0.008793076536186994
RELIANCE,EQ,2024-06-26,2908.3,2892.1,3037.95,2890.25,3021.1,3028.05,2984.44,11007441,32850999298.6,355204,5733584,52.09,0.041175257023003065
RELIANCE,EQ,2024-06-27,3028.05,3027.5,3075.0,3012.0,3057.1,3061.1,3056.99,14191515,43383260604.4,437882,6500132,45.8,0.01091461501626445
RELIANCE,EQ,2024-06-28,3061.1,3062.05,3162.0,3062.05,3128.25,3130.8,3120.51,14478668,45180850345.25,484009,6589495,45.51,0.022769592630100366
RELIANCE,EQ,2024-07-01,3130.8,3125.05,3158.8,3111.35,3123.0,3120.3,3126.53,3862153,12075137299.45,186641,2085115,53.99,-0.0033537753928708502
RELIANCE,EQ,2024-07-02,3120.3,3139.0,3147.0,3114.0,3126.2,3130.35,3129.71,3874623,12126429929.15,179115,1979657,51.09,0.0032208441496008877
RELIANCE,EQ,2024-07-03,3130.35,3132.65,3150.0,3085.55,3109.0,3104.85,3104.97,4524810,14049406822.65,185754,2429008,53.68,-0.008146053955627952
RELIANCE,EQ,2024-07-04,3104.85,3114.0,3135.0,3101.6,3106.0,3108.05,3116.99,3418588,10655715706.45,173336,1453692,42.52,0.0010306456028472688
RELIANCE,EQ,2024-07-05,3108.05,3107.65,3197.0,3096.0,3189.9,3177.25,3149.82,6134855,19323716027.9,261494,2332341,38.02,0.022264764080371924
RELIANCE,EQ,2024-07-08,3177.25,3178.0,3217.6,3165.05,3201.5,3201.8,3195.83,4750403,15181479272.55,240527,2927071,61.62,0.007726807774018463
RELIANCE,EQ,2024-07-09,3201.8,3195.2,3201.0,3161.0,3176.3,3180.55,3178.56,3480001,11061403124.6,159638,2208053,63.45,-0.006636891748391549
RELIANCE,EQ,2024-07-10,3180.55,3190.0,3195.0,3126.3,3164.0,3168.45,3154.77,3567289,11253968347.05,182113,1741440,48.82,-0.0038043734574210175
RELIANCE,EQ,2024-07-11,3168.45,3175.0,3208.5,3141.0,3170.0,3161.3,3169.61,5970473,18924071474.55,246252,2520003,42.21,-0.0022566239012765665
RELIANCE,EQ,2024-07-12,3161.3,3169.0,3210.3,3149.0,3195.0,3193.45,3186.07,6462392,20589634191.2,246838,2805611,43.41,0.010169866826938101
RELIANCE,EQ,2024-07-15,3193.45,3208.9,3211.7,3171.0,3193.6,3194.45,3191.4,2664844,8504591755.0,187867,1399220,52.51,0.0003131409604033575
RELIANCE,EQ,2024-07-16,3194.45,3187.0,3200.0,3138.25,3148.3,3152.5,3166.04,4693419,14859548266.1,230262,3080601,65.64,-0.013132151074519816
RELIANCE,EQ,2024-07-18,3152.5,3152.0,3187.8,3115.65,3170.6,3173.35,3155.52,6149187,19403909511.4,212178,2935862,47.74,0.006613798572561391
RELIANCE,EQ,2024-07-19,3173.35,3172.0,3179.95,3105.6,3116.95,3110.3,3128.4,6570195,20554178349.45,213186,4048947,61.63,-0.019868593127136847
RELIANCE,EQ,2024-07-22,3110.3,3074.5,3075.0,2998.55,3004.0,3001.35,3016.24,9837188,29671339998.45,465224,5972016,60.71,-0.035028775359290165
RELIANCE,EQ,2024-07-23,3001.35,3002.0,3011.5,2926.0,2970.05,2975.8,2969.6,9026022,26803649945.6,384359,5111782,56.63,-0.00851283589051588
RELIANCE,EQ,2024-07-24,2975.8,2970.0,3019.0,2952.8,2988.0,2991.4,2987.68,5956681,17796651407.6,232120,2733402,45.89,0.005242287788157718
RELIANCE,EQ,2024-07-25,2991.4,2962.0,3000.95,2954.15,2988.35,2984.8,2980.72,6259938,18659122151.4,221753,3729490,59.58,-0.0022063247977535116
RELIANCE,EQ,2024-07-26,2984.8,2984.8,3024.85,2980.7,3018.6,3018.05,3012.08,4929970,14849480970.8,180757,2396373,48.61,0.011139774859286966
RELIANCE,EQ,2024-07-29,3018.05,3023.9,3055.0,3023.55,3038.25,3040.2,3038.43,3769275,11452661155.4,170155,2206938,58.55,0.007339175957985944
RELIANCE,EQ,2024-07-30,3040.2,3034.05,3050.0,3020.0,3023.0,3026.3,3033.38,4114104,12479637390.3,184296,2414027,58.68,-0.0045720676271296945
RELIANCE,EQ,2024-07-31,3026.3,3008.0,3020.9,3002.3,3009.0,3010.85,3010.83,5028673,15140471169.85,201961,3224303,64.12,-0.005105244027360234
RELIANCE,EQ,2024-08-01,3010.85,3024.0,3036.0,3008.6,3035.9,3030.6,3025.5,5382111,16283566572.3,219081,3647873,67.78,0.006559609412624345
RELIANCE,EQ,2024-08-02,3030.6,3010.0,3018.65,2986.55,2992.0,2998.65,3001.82,5134124,15411692078.15,176635,3186337,62.06,-0.010542466838249775
RELIANCE,EQ,2024-08-05,2998.65,2960.0,2967.8,2866.5,2896.0,2894.65,2901.81,8523352,24733128212.0,448630,5550149,65.12,-0.034682273689827126
RELIANCE,EQ,2024-08-06,2894.65,2910.3,2955.0,2902.65,2915.55,2912.1,2929.53,5118093,14993589440.05,197549,2651919,51.81,0.006028362669061815
RELIANCE,EQ,2024-08-07,2912.1,2938.0,2945.0,2923.0,2930.0,2929.65,2930.89,4087284,11979363870.55,276362,2597947,63.56,0.0060265787575977114
RELIANCE,EQ,2024-08-08,2929.65,2915.05,2930.0,2891.85,2896.45,2898.25,2905.69,6193596,17996662105.65,255138,3734582,60.3,-0.010718003857116076
RELIANCE,EQ,2024-08-09,2898.25,2920.0,2953.0,2912.0,2946.1,2948.6,2939.2,3124888,9184680574.05,150169,1406089,45.0,0.017372552402311614
RELIANCE,EQ,2024-08-12,2948.6,2940.0,2946.0,2915.5,2923.0,2921.25,2929.82,4092292,11989680025.65,188301,2640196,64.52,-0.009275588414840885
RELIANCE,EQ,2024-08-13,2921.25,2921.5,2940.15,2916.0,2925.0,2927.25,2928.29,3132532,9172971802.7,134517,1757602,56.11,0.0020539152759948553
RELIANCE,EQ,2024-08-14,2927.25,2927.1,2944.0,2907.4,2920.1,2923.7,2925.78,3133733,9168616380.8,185733,1748077,55.78,-0.0012127423349560518
RELIANCE,EQ,2024-08-16,2923.7,2937.3,2960.8,2916.1,2957.75,2956.4,2944.77,4708451,13865325209.75,187365,2141288,45.48,0.01118445804973156
RELIANCE,EQ,2024-08-19,2956.4,2965.0,2996.6,2961.0,2979.0,2976.8,2980.25,6898871,20560327724.6,200328,4627354,67.07,0.006900284129346623
RELIANCE,EQ,2024-08-20,2976.8,2994.45,3007.85,2980.05,2986.5,2991.9,2996.98,4205904,12605024714.4,175516,2765914,65.76,0.005072561139478626
RELIANCE,EQ,2024-08-21,2991.9,2986.5,3015.75,2980.0,2999.0,2997.35,3001.42,3884998,11660526038.6,141353,2516019,64.76,0.0018215849460208045
RELIANCE,EQ,2024-08-22,2997.35,3006.0,3013.0,2981.3,2996.5,2996.25,2994.88,5222891,15641935953.2,233216,3222286,61.7,-0.0003669908419102752
RELIANCE,EQ,2024-08-23,2996.25,3007.5,3022.65,2996.85,2996.85,2999.95,3007.21,4624827,13907842193.3,168002,2466304,53.33,0.001234876929495199
RELIANCE,EQ,2024-08-26,2999.95,3013.95,3046.0,3006.0,3021.2,3025.2,3028.8,4408057,13351114538.35,237540,2704777,61.36,0.008416806946782485
RELIANCE,EQ,2024-08-27,3025.2,3021.0,3026.95,2998.9,3001.0,3000.9,3008.12,3125578,9402108149.05,101024,2014932,64.47,-0.008032526775089144
RELIANCE,EQ,2024-08-28,3000.9,3010.0,3014.95,2986.0,2999.0,2996.6,2999.57,4805143,14413356125.8,200883,3480824,72.44,-0.0014329034622947434
RELIANCE,EQ,2024-08-29,2996.6,3006.2,3074.0,2988.0,3042.9,3041.85,3038.57,19167679,58242337590.95,570843,7984285,41.65,0.01510044717346326
RELIANCE,EQ,2024-08-30,3041.85,3068.0,3079.45,3006.65,3024.95,3019.25,3026.71,20810365,62987009675.8,599570,11910770,57.23,-0.007429689169419884
RELIANCE,EQ,2024-09-02,3019.25,3021.75,3053.6,3013.25,3034.4,3032.5,3034.1,5620426,17052933370.55,280541,3403958,60.56,0.004388507079572834
RELIANCE,EQ,2024-09-03,3032.5,3042.5,3046.0,3015.0,3018.9,3018.25,3026.09,5461900,16528193207.35,226578,3988825,73.03,-0.004699093157460865
RELIANCE,EQ,2024-09-04,3018.25,3001.4,3035.0,2999.0,3031.95,3029.1,3023.3,5991652,18114582555.9,252191,4296024,71.7,0.0035947983102790904
RELIANCE,EQ,2024-09-05,3029.1,3038.1,3051.55,2974.1,2991.0,2985.95,3007.1,8132084,24453950049.65,343225,4897259,60.22,-0.014245155326664705
RELIANCE,EQ,2024-09-06,2985.95,2985.0,2994.0,2923.25,2930.95,2929.65,2938.97,9697114,28499495837.1,447718,5484238,56.56,-0.01885497077981868
RELIANCE,EQ,2024-09-09,2929.65,2933.0,2939.85,2911.2,2927.0,2924.9,2923.84,4505149,13172342172.8,179506,2868460,63.67,-0.0016213540866656384
RELIANCE,EQ,2024-09-10,2924.9,2921.0,2944.1,2915.15,2924.0,2923.05,2928.75,5384130,15768777163.0,186858,3307014,61.42,-0.000632500256419033
RELIANCE,EQ,2024-09-11,2923.05,2926.1,2937.5,2895.1,2904.45,2903.0,2917.1,4880101,14235732813.0,254431,2998632,61.45,-0.006859273703836766
RELIANCE,EQ,2024-09-12,2903.0,2914.0,2972.0,2891.75,2953.0,2959.6,2930.24,11174688,32744474466.75,365694,5688113,50.9,0.01949707199448847
RELIANCE,EQ,2024-09-13,2959.6,2952.8,2966.3,2939.0,2946.5,2945.25,2951.65,4355664,12856398757.55,133244,2293496,52.66,-0.004848628192999027
RELIANCE,EQ,2024-09-16,2945.25,2955.1,2961.8,2929.5,2944.35,2942.7,2944.45,2740887,8070408899.55,127429,1650005,60.2,-0.0008658008658009031
RELIANCE,EQ,2024-09-17,2942.7,2948.0,2954.95,2933.25,2945.0,2944.6,2943.09,2967664,8734102749.7,148458,1962511,66.13,0.0006456655452475868
RELIANCE,EQ,2024-09-18,2944.6,2940.0,2964.0,2921.1,2923.0,2926.9,2939.96,4287357,12604650688.95,179852,2716778,63.37,-0.006011003192284092
RELIANCE,EQ,2024-09-19,2926.9,2932.5,2953.0,2911.1,2940.0,2939.35,2934.14,8477951,24875502062.25,259931,5162238,60.89,0.004253647203525945
RELIANCE,EQ,2024-09-20,2939.35,2948.0,2990.0,2942.75,2972.1,2971.85,2970.54,15448660,45890894255.5,379677,8564168,55.44,0.011056866313980951
RELIANCE,EQ,2024-09-23,2971.85,2982.0,3003.0,2977.9,2985.0,2986.75,2990.93,4416157,13208420985.1,146805,2766969,62.66,0.005013711997577275
RELIANCE,EQ,2024-09-24,2986.75,2977.0,3001.0,2975.75,2980.5,2978.75,2986.14,8568722,25587444695.3,201586,6926041,80.83,-0.0026784966937306587
RELIANCE,EQ,2024-09-25,2978.75,2967.8,2993.0,2960.4,2988.05,2987.9,2976.46,3534501,10520289097.25,154120,2170405,61.41,0.003071758287872539
RELIANCE,EQ,2024-09-26,2987.9,2981.3,3008.0,2976.1,3008.0,2995.9,2994.82,9409499,28179760605.2,259792,6388610,67.9,0.0026774657786405864
RELIANCE,EQ,2024-09-27,2995.9,2998.0,3066.95,2984.0,3047.05,3052.35,3024.87,10298739,31152328126.2,328612,7192739,69.84,0.01884241797122721
RELIANCE,EQ,2024-09-30,3052.35,3038.8,3049.95,2948.8,2958.0,2953.15,2977.44,13504407,40208625079.45,431656,9772452,72.36,-0.032499549527413296
RELIANCE,EQ,2024-10-01,2953.15,2961.3,2975.9,2925.65,2927.0,2929.65,2938.6,8215821,24142992536.6,330546,5833186,71.0,-0.007957604591707135
RELIANCE,EQ,2024-10-03,2929.65,2873.15,2898.8,2804.15,2813.95,2813.95,2846.93,18878647,53746234225.65,689559,13301627,70.46,-0.03949277217415059
RELIANCE,EQ,2024-10-04,2813.95,2807.85,2834.7,2763.55,2771.5,2773.05,2796.15,18536438,51830708670.55,534690,10930510,58.97,-0.0145347287620603
RELIANCE,EQ,2024-10-07,2773.05,2787.0,2793.0,2722.75,2740.7,2741.45,2750.92,11090670,30509518408.05,423167,7880470,71.05,-0.011395394962225858
RELIANCE,EQ,2024-10-08,2741.45,2745.95,2802.0,2730.2,2798.95,2794.7,2768.6,8510404,23561905588.15,358981,5245628,61.64,0.01942402743073912
RELIANCE,EQ,2024-10-09,2794.7,2795.05,2801.95,2745.0,2748.0,2749.2,2773.49,7155305,19845168137.95,358324,4624596,64.63,-0.01628081726124453
RELIANCE,EQ,2024-10-10,2749.2,2760.05,2772.0,2738.85,2742.5,2742.1,2749.69,11179323,30739675824.55,364305,8088422,72.35,-0.0025825694747562133
RELIANCE,EQ,2024-10-11,2742.1,2740.0,2766.55,2737.65,2749.0,2744.2,2751.19,3990061,10977431923.95,197702,1859446,46.6,0.0007658364027569586
RELIANCE,EQ,2024-10-14,2744.2,2758.9,2760.15,2736.5,2745.5,2745.05,2746.12,6110716,16780732590.05,233903,4147617,67.87,0.0003097441877415452
RELIANCE,EQ,2024-10-15,2745.05,2717.05,2743.4,2681.4,2688.6,2688.05,2708.71,16881397,45726823453.35,602869,11151853,66.06,-0.020764649095644905
RELIANCE,EQ,2024-10-16,2688.05,2680.0,2728.0,2675.25,2709.4,2708.15,2696.84,10017219,27014852678.0,356705,6261479,62.51,0.0074775394802923945
RELIANCE,EQ,2024-10-17,2708.15,2731.4,2736.9,2704.1,2713.3,2712.85,2718.84,7771830,21130392926.65,383984,4906216,63.13,0.001735502095526309
RELIANCE,EQ,2024-10-18,2712.85,2704.35,2736.85,2682.65,2717.0,2718.6,2713.87,6041226,16395116698.5,295032,3108315,51.45,0.002119542178889322
RELIANCE,EQ,2024-10-21,2718.6,2734.25,2748.0,2715.45,2736.0,2738.4,2734.41,7033704,19233063988.4,228845,4705858,66.9,0.007283160450231696
RELIANCE,EQ,2024-10-22,2738.4,2738.4,2752.0,2680.45,2684.15,2686.7,2707.8,7915980,21434871569.75,363161,5147016,65.02,-0.018879637744668498
RELIANCE,EQ,2024-10-23,2686.7,2675.0,2714.95,2670.0,2682.35,2677.05,2688.32,8607371,23139346660.1,337356,5462528,63.46,-0.0035917668515277335
RELIANCE,EQ,2024-10-24,2677.05,2670.55,2687.4,2646.25,2678.9,2679.6,2668.53,11077967,29561935442.55,345601,7270549,65.63,0.0009525410433124382
RELIANCE,EQ,2024-10-25,2679.6,2687.0,2688.7,2644.0,2656.3,2655.7,2659.8,9298748,24732826126.1,388238,5955260,64.04,-0.0089192416778624
RELIANCE,EQ,2024-10-28,2655.7,1337.0,1353.0,1322.1,1335.0,1334.35,1337.7,10824350,14479733719.25,368817,6528553,60.31,-0.49755243438641417
RELIANCE,EQ,2024-10-29,1334.35,1328.1,1343.2,1320.3,1340.0,1340.0,1331.46,12008361,15988683034.0,436915,7868884,65.53,0.0042342713680818544
RELIANCE,EQ,2024-10-30,1340.0,1335.0,1350.0,1325.35,1344.85,1343.9,1341.16,11984423,16073073274.15,295954,7501497,62.59,0.0029104477611940904
RELIANCE,EQ,2024-10-31,1343.9,1340.0,1343.0,1326.15,1332.0,1332.05,1334.14,9331650,12449744606.9,414741,6120942,65.59,-0.00881762035865774
RELIANCE,EQ,2024-11-01,1332.05,1333.05,1341.95,1333.0,1338.4,1338.65,1338.89,2127335,2848264119.8,127374,1496974,70.37,0.0049547689651290305
RELIANCE,EQ,2024-11-04,1338.65,1337.85,1340.0,1285.1,1298.5,1302.15,1301.44,19796890,25764450096.55,554958,10830488,54.71,-0.02726627572554441
RELIANCE,EQ,2024-11-05,1302.15,1293.0,1309.55,1286.15,1307.5,1305.3,1297.87,16267479,21113119455.5,371758,9388843,57.72,0.0024190761433013908
RELIANCE,EQ,2024-11-06,1305.3,1310.0,1328.3,1300.2,1326.0,1325.35,1315.57,21625209,28449504045.35,349627,13815044,63.88,0.015360453535585572
RELIANCE,EQ,2024-11-07,1325.35,1324.0,1324.0,1302.6,1305.0,1305.65,1308.97,9611974,12581800339.0,261277,5753322,59.86,-0.014863998189157401
RELIANCE,EQ,2024-11-08,1305.65,1297.65,1301.65,1275.0,1280.2,1283.75,1284.01,19814406,25441900935.6,477001,12381972,62.49,-0.016773254700723883
RELIANCE,EQ,2024-11-11,1283.75,1278.95,1286.0,1267.0,1273.4,1272.7,1275.44,9056552,11551068872.5,286019,5020499,55.43,-0.008607594936708818
RELIANCE,EQ,2024-11-12,1272.7,1275.55,1289.3,1267.5,1269.5,1274.25,1277.82,10671091,13635694812.3,299780,5661871,53.06,0.0012178832403550999
RELIANCE,EQ,2024-11-13,1274.25,1270.25,1275.45,1249.5,1252.7,1252.05,1258.62,14633633,18418208535.9,469215,9321511,63.7,-0.01742201294879342
RELIANCE,EQ,2024-11-14,1252.05,1253.6,1272.6,1251.1,1266.9,1267.6,1263.73,12612633,15938929092.75,301253,6976289,55.31,0.012419631803841646
RELIANCE,EQ,2024-11-18,1267.6,1267.6,1272.9,1243.9,1259.15,1260.75,1258.64,13620611,17143501436.4,301906,8367305,61.43,-0.005403912906279507
RELIANCE,EQ,2024-11-19,1260.75,1260.75,1281.5,1235.15,1237.4,1241.65,1265.5,14183746,17949463404.35,355649,8727273,61.53,-0.015149712472734445
RELIANCE,EQ,2024-11-21,1241.65,1241.65,1243.95,1217.25,1220.45,1223.0,1224.92,19433843,23804902094.9,553410,11829284,60.87,-0.015020335843434207
RELIANCE,EQ,2024-11-22,1223.0,1229.4,1268.85,1222.45,1264.0,1265.4,1247.09,20471957,25530460769.3,323219,12948565,63.25,0.03466884709730178
RELIANCE,EQ,2024-11-25,1265.4,1290.0,1304.45,1282.45,1290.95,1287.0,1291.52,28923341,37355089803.05,390544,17423873,60.24,0.017069701280227445
RELIANCE,EQ,2024-11-26,1287.0,1294.95,1297.85,1284.2,1295.6,1295.7,1292.03,9247557,11948133607.6,218738,5567334,60.2,0.006759906759906897
RELIANCE,EQ,2024-11-27,1295.7,1293.5,1303.85,1286.0,1293.4,1293.2,1293.84,9572746,12385614506.45,196614,5187301,54.19,-0.0019294589797020922
RELIANCE,EQ,2024-11-28,1293.2,1289.95,1296.6,1269.05,1272.75,1270.8,1280.74,15027412,19246153609.3,311959,9097251,60.54,-0.017321373337457535
RELIANCE,EQ,2024-11-29,1270.8,1280.0,1299.5,1275.25,1291.5,1292.2,1290.83,13202307,17041975591.7,280529,7350281,55.67,0.016839785961598963
RELIANCE,EQ,2024-12-02,1292.2,1288.0,1311.35,1277.05,1310.6,1309.15,1298.6,11024152,14315972962.55,272825,5090869,46.18,0.013117164525615177
RELIANCE,EQ,2024-12-03,1309.15,1317.0,1326.8,1307.0,1325.05,1323.3,1320.68,16869482,22279247257.55,349204,12230775,72.5,0.010808539892296354
RELIANCE,EQ,2024-12-04,1323.3,1326.0,1328.4,1304.05,1309.5,1308.95,1310.74,19608540,25701743568.8,250873,14047215,71.64,-0.010844101866545719
RELIANCE,EQ,2024-12-05,1308.95,1314.35,1329.95,1306.15,1320.9,1322.05,1319.78,16858723,22249886629.55,309667,7909470,46.92,0.010008021696779723
RELIANCE,EQ,2024-12-06,1322.05,1323.9,1323.9,1310.0,1311.6,1311.55,1314.49,9037514,11879701933.9,193736,5546164,61.37,-0.007942210960251161
RELIANCE,EQ,2024-12-09,1311.55,1303.0,1315.0,1293.1,1296.4,1295.15,1304.1,14650002,19105110924.9,202850,9986486,68.17,-0.01250428881857335
RELIANCE,EQ,2024-12-10,1295.15,1289.25,1294.9,1280.2,1285.95,1284.85,1286.46,16043729,20639594557.2,456341,11783897,73.45,-0.007952746786086706
RELIANCE,EQ,2024-12-11,1284.85,1285.0,1290.0,1276.05,1279.0,1278.2,1282.33,11724373,15034457832.65,272365,8134158,69.38,-0.005175701443748237
RELIANCE,EQ,2024-12-12,1278.2,1270.0,1278.2,1260.6,1261.3,1262.9,1265.58,20906813,26459166488.55,363205,13808070,66.05,-0.011969957753090288
RELIANCE,EQ,2024-12-13,1262.9,1260.0,1275.2,1239.6,1274.45,1272.85,1257.5,28630222,36002621429.3,482467,17792504,62.15,0.007878691899596113
RELIANCE,EQ,2024-12-16,1272.85,1275.0,1281.0,1266.55,1268.4,1268.3,1271.94,9486781,12066629924.3,224571,5573377,58.75,-0.003574655301095908
RELIANCE,EQ,2024-12-17,1268.3,1261.05,1263.9,1242.8,1244.7,1245.3,1249.22,17462791,21814794516.85,481698,11118567,63.67,-0.018134510762437883
RELIANCE,EQ,2024-12-18,1245.3,1240.65,1259.95,1240.65,1254.35,1253.25,1252.58,12670179,15870398087.1,266155,6988693,55.16,0.006384003854492892
RELIANCE,EQ,2024-12-19,1253.25,1239.0,1244.9,1229.0,1230.5,1230.45,1235.73,14244653,17602540036.0,503893,9361064,65.72,-0.018192698982645084
RELIANCE,EQ,2024-12-20,1230.45,1224.0,1239.5,1201.5,1206.0,1205.3,1215.95,20312896,24699497247.5,499900,12454242,61.31,-0.020439676541102902
RELIANCE,EQ,2024-12-23,1205.3,1215.0,1227.2,1213.2,1223.85,1222.3,1219.77,10052824,12262091651.05,258756,6131121,60.99,0.014104372355430161
RELIANCE,EQ,2024-12-24,1222.3,1222.3,1233.55,1221.0,1224.2,1222.75,1227.14,6734917,8264675853.25,207746,3447162,51.18,0.00036815838992065864
RELIANCE,EQ,2024-12-26,1222.75,1224.25,1227.7,1214.25,1217.0,1216.55,1219.74,10016178,12217176986.8,256436,6229245,62.19,-0.005070537722347224
RELIANCE,EQ,2024-12-27,1216.55,1218.3,1227.9,1217.0,1221.5,1221.05,1223.2,7000397,8562895530.2,174882,4147537,59.25,0.0036989848341622
RELIANCE,EQ,2024-12-30,1221.05,1216.4,1223.2,1208.1,1211.5,1210.7,1214.71,8818766,10712229377.5,308317,5371141,60.91,-0.008476311371360623
RELIANCE,EQ,2024-12-31,1210.7,1208.0,1219.1,1206.15,1216.4,1215.45,1213.08,6405475,7770338353.9,180916,3353131,52.35,0.003923350128025138
RELIANCE,EQ,2025-01-01,1215.45,1214.85,1226.3,1211.6,1222.75,1221.25,1221.01,5892590,7194899836.45,138528,2746921,46.62,0.004771895182854147
RELIANCE,EQ,2025-01-02,1221.25,1221.25,1244.45,1220.0,1240.55,1241.8,1234.32,15486276,19115027208.35,271108,9771015,63.09,0.01682702149437043
RELIANCE,EQ,2025-01-03,1241.8,1243.9,1262.05,1235.5,1249.85,1251.15,1250.34,15521102,19406715598.75,277290,9035649,58.22,0.0075293928168789215
RELIANCE,EQ,2025-01-06,1251.15,1253.95,1262.0,1215.0,1216.25,1218.0,1235.67,14816766,18308652263.95,317843,8815355,59.5,-0.026495624025896225
RELIANCE,EQ,2025-01-07,1218.0,1222.0,1244.5,1221.25,1239.95,1240.85,1237.63,10070505,12463597633.45,216620,6359466,63.15,0.018760262725779908
RELIANCE,EQ,2025-01-08,1240.85,1249.0,1271.05,1245.35,1261.35,1265.5,1263.24,19346579,24439345120.55,531488,12339259,63.78,0.01986541483660398
RELIANCE,EQ,2025-01-09,1265.5,1267.0,1269.75,1248.05,1256.8,1254.75,1257.46,12794704,16088882554.2,390501,7866010,61.48,-0.008494666139865714
RELIANCE,EQ,2025-01-10,1254.75,1253.85,1256.75,1236.0,1245.55,1241.9,1245.97,8120332,10117685547.7,340024,5157757,63.52,-0.010241083881251223
RELIANCE,EQ,2025-01-13,1241.9,1230.0,1245.25,1226.4,1240.75,1239.85,1238.1,13764861,17042274859.85,398257,9783488,71.08,-0.0016506965134069906
RELIANCE,EQ,2025-01-14,1239.85,1244.1,1253.35,1227.25,1239.0,1238.75,1236.46,13095266,16191765836.2,278977,8016799,61.22,-0.0008872040972697226
RELIANCE,EQ,2025-01-15,1238.75,1244.95,1257.0,1241.85,1252.0,1252.2,1250.11,9578856,11974600753.05,220174,6244396,65.19,0.010857719475277472
RELIANCE,EQ,2025-01-16,1252.2,1258.9,1275.0,1251.3,1275.0,1266.45,1262.86,14117603,17828486685.9,207451,9306492,65.92,0.011379971250598864
RELIANCE,EQ,2025-01-17,1266.45,1322.25,1326.0,1285.0,1300.0,1302.35,1300.8,29366277,38199728794.4,594018,15634926,53.24,0.02834695408425114
RELIANCE,EQ,2025-01-20,1302.35,1316.0,1316.0,1300.25,1304.0,1305.45,1307.82,14040244,18362047246.7,280553,10632935,75.73,0.002380312511997662
RELIANCE,EQ,2025-01-21,1305.45,1310.5,1313.0,1270.2,1277.6,1273.7,1284.79,14562976,18710366859.1,325783,6749191,46.34,-0.024321115324217657
RELIANCE,EQ,2025-01-22,1273.7,1278.3,1282.9,1268.7,1278.0,1277.1,1276.09,10273590,13110004094.65,239816,6718929,65.4,0.002669388396011607
RELIANCE,EQ,2025-01-23,1277.1,1270.0,1277.35,1261.6,1264.9,1263.65,1267.52,8720682,11053624692.8,188421,5406848,62.0,-0.010531673322370816
RELIANCE,EQ,2025-01-24,1263.65,1266.0,1273.0,1243.5,1244.45,1246.3,1252.27,14235970,17827272395.0,263461,10050105,70.6,-0.013730067661140488
RELIANCE,EQ,2025-01-27,1246.3,1239.1,1240.45,1220.0,1229.0,1229.35,1229.35,9536019,11723127883.65,368025,5619689,58.93,-0.013600256760009644
RELIANCE,EQ,2025-01-28,1229.35,1238.0,1244.75,1218.5,1235.0,1234.4,1232.65,10568025,13026673067.35,286863,5069011,47.97,0.004107861878228425
RELIANCE,EQ,2025-01-29,1234.4,1236.0,1242.75,1228.05,1237.25,1235.5,1236.66,5928156,7331119895.8,167073,3043758,51.34,0.000891121192482025
RELIANCE,EQ,2025-01-30,1235.5,1235.55,1257.0,1232.4,1253.15,1253.05,1249.15,9269259,11578693152.95,227871,4851304,52.34,0.014204775394577096
RELIANCE,EQ,2025-01-31,1253.05,1255.85,1267.0,1249.0,1266.0,1265.1,1261.32,6584612,8305291978.45,169481,3946480,59.93,0.009616535653006686
RELIANCE,EQ,2025-02-01,1265.1,1265.1,1270.55,1241.0,1264.0,1264.6,1260.42,7118453,8972248877.35,143258,3897425,54.75,-0.00039522567385974483
RELIANCE,EQ,2025-02-03,1264.6,1251.0,1256.0,1237.55,1247.0,1245.9,1247.14,9252345,11538963041.0,268425,5857587,63.31,-0.01478728451684308
RELIANCE,EQ,2025-02-04,1245.9,1248.05,1288.8,1246.6,1282.9,1285.2,1273.65,16691069,21258496964.75,323415,11061482,66.27,0.03154346255718754
RELIANCE,EQ,2025-02-05,1285.2,1282.65,1290.5,1276.7,1278.5,1278.2,1281.97,10112028,12963336513.05,219550,6985210,69.08,-0.005446623093681935
RELIANCE,EQ,2025-02-06,1278.2,1273.7,1288.0,1270.35,1283.0,1281.55,1279.27,9956001,12736385821.45,217888,4937305,49.59,0.0026208731028007914
RELIANCE,EQ,2025-02-07,1281.55,1276.15,1283.7,1262.0,1266.5,1266.7,1270.98,8764283,11139240963.05,174531,5591594,63.8,-0.01158753072451324
RELIANCE,EQ,2025-02-10,1266.7,1264.5,1266.5,1245.55,1254.65,1253.65,1251.52,6970972,8724286360.55,173316,4194326,60.17,-0.010302360464198301
RELIANCE,EQ,2025-02-11,1253.65,1264.55,1264.55,1230.1,1237.55,1234.85,1244.26,8859714,11023757522.95,240683,3930056,44.36,-0.014996211063694198
RELIANCE,EQ,2025-02-12,1234.85,1219.45,1226.9,1193.35,1217.05,1216.55,1211.39,21131654,25598619531.25,404276,11959395,56.59,-0.014819613718265345
RELIANCE,EQ,2025-02-13,1216.55,1217.05,1228.0,1212.0,1216.2,1216.1,1219.6,8511216,10380276762.25,266249,4274015,50.22,-0.0003698984834162866
RELIANCE,EQ,2025-02-14,1216.1,1219.0,1224.0,1205.45,1214.75,1217.25,1215.1,10298145,12513277266.75,202314,6613749,64.22,0.0009456459172765275
RELIANCE,EQ,2025-02-17,1217.25,1211.1,1227.5,1204.5,1225.45,1224.9,1219.62,8166683,9960241446.85,220670,4447866,54.46,0.0062846580406654695
RELIANCE,EQ,2025-02-18,1224.9,1224.85,1229.9,1216.1,1223.95,1225.4,1223.94,6673250,8167661853.95,181273,3655419,54.78,0.0004081965874764837
RELIANCE,EQ,2025-02-19,1225.4,1219.5,1232.75,1217.55,1226.3,1227.45,1226.67,6217338,7626601753.25,178165,3446716,55.44,0.0016729231271421785
RELIANCE,EQ,2025-02-20,1227.45,1223.95,1239.35,1222.0,1232.0,1233.0,1233.94,7795582,9619277166.5,162561,5439316,69.77,0.004521569106684442
RELIANCE,EQ,2025-02-21,1233.0,1228.7,1240.0,1222.15,1226.9,1228.15,1231.37,6904025,8501382497.7,213824,4160538,60.26,-0.003933495539334864
RELIANCE,EQ,2025-02-24,1228.15,1216.55,1223.25,1210.5,1215.0,1214.55,1215.9,7172498,8721021715.35,200264,4272207,59.56,-0.011073565932500196
RELIANCE,EQ,2025-02-25,1214.55,1211.0,1221.0,1201.5,1202.0,1204.0,1209.6,11552182,13973492939.8,213192,6716903,58.14,-0.008686344736733687
RELIANCE,EQ,2025-02-27,1204.0,1212.8,1215.0,1200.65,1208.0,1207.1,1206.31,11509215,13883637029.45,236188,7994875,69.46,0.002574750830564687
RELIANCE,EQ,2025-02-28,1207.1,1202.0,1217.35,1193.3,1198.0,1200.1,1205.62,23007298,27738125737.6,355378,15267608,66.36,-0.0057990224505012344
RELIANCE,EQ,2025-03-03,1200.1,1204.0,1206.45,1156.0,1174.0,1171.25,1168.57,17944938,20969945818.55,682013,10838548,60.4,-0.02403966336138652
RELIANCE,EQ,2025-03-04,1171.25,1162.2,1174.0,1159.55,1160.45,1161.9,1164.92,11377373,13253711939.15,275459,7203207,63.31,-0.007982924226253907
RELIANCE,EQ,2025-03-05,1161.9,1161.0,1183.0,1157.0,1177.15,1175.6,1173.4,8664095,10166451492.55,196774,4498908,51.93,0.011791031930458606
RELIANCE,EQ,2025-03-06,1175.6,1197.0,1213.95,1185.15,1211.5,1209.6,1199.05,14468014,17347917723.2,250467,6191944,42.8,0.028921401837359584
RELIANCE,EQ,2025-03-07,1209.6,1216.0,1254.8,1212.0,1246.4,1249.8,1243.95,16474965,20494065096.8,424924,8740655,53.05,0.03323412698412698
RELIANCE,EQ,2025-03-10,1249.8,1245.0,1258.0,1235.4,1237.7,1238.4,1245.85,11931051,14864340065.65,288299,7659549,64.2,-0.009121459433509282
RELIANCE,EQ,2025-03-11,1238.4,1240.0,1249.5,1229.75,1247.25,1247.3,1241.71,10089838,12528623904.2,155065,6603639,65.45,0.007186692506459869
RELIANCE,EQ,2025-03-12,1247.3,1258.0,1263.0,1244.0,1255.95,1257.05,1252.97,11977555,15007514668.9,161536,7908748,66.03,0.007816884470456253
RELIANCE,EQ,2025-03-13,1257.05,1260.05,1264.15,1243.85,1246.65,1247.9,1254.23,9505270,11921766653.8,194588,5926669,62.35,-0.007278946740384096
RELIANCE,EQ,2025-03-17,1247.9,1242.15,1257.4,1233.1,1241.55,1238.85,1239.76,16640952,20630843725.15,269824,11622060,69.84,-0.0072521836685632834
RELIANCE,EQ,2025-03-18,1238.85,1244.7,1248.35,1235.0,1239.95,1238.8,1238.98,15745877,19508893454.65,312315,11365688,72.18,-4.036001130081068e-05
RELIANCE,EQ,2025-03-19,1238.8,1241.05,1253.25,1238.8,1248.0,1247.15,1247.22,16162399,20158006340.6,217782,11344685,70.19,0.006740393929609345
RELIANCE,EQ,2025-03-20,1247.15,1251.85,1273.0,1250.05,1268.2,1269.15,1262.54,15971477,20164561988.35,219527,10572577,66.2,0.017640219700918003
RELIANCE,EQ,2025-03-21,1269.15,1275.0,1281.0,1270.1,1277.5,1276.35,1276.34,21780769,27799653516.4,230001,16903830,77.61,0.00567308828743629
RELIANCE,EQ,2025-03-24,1276.35,1291.0,1306.0,1284.25,1302.65,1302.1,1297.38,20299319,26335901171.15,347056,15093135,74.35,0.020174716966349315
RELIANCE,EQ,2025-03-25,1302.1,1307.7,1307.7,1282.6,1285.25,1285.45,1290.63,13713899,17699568389.85,271251,7410789,54.04,-0.01278703632593492
RELIANCE,EQ,2025-03-26,1285.45,1291.0,1293.8,1268.75,1270.9,1273.05,1279.04,12074747,15444062345.35,292138,8121899,67.26,-0.009646427321171602
RELIANCE,EQ,2025-03-27,1273.05,1278.15,1285.0,1271.3,1280.0,1278.2,1278.9,15028056,19219399902.9,224828,9893824,65.84,0.004045402772868467
RELIANCE,EQ,2025-03-28,1278.2,1280.0,1295.75,1269.0,1274.0,1275.1,1278.15,18147129,23194774030.9,265113,9848533,54.27,-0.0024252855578157373
RELIANCE,EQ,2025-04-01,1275.1,1264.6,1277.9,1249.3,1254.0,1252.6,1260.72,12099648,15254261046.8,260862,6434612,53.18,-0.017645674849031456
RELIANCE,EQ,2025-04-02,1252.6,1247.55,1255.55,1243.9,1252.0,1251.15,1251.04,10142590,12688802512.15,177979,7214275,71.13,-0.0011575922082067702
RELIANCE,EQ,2025-04-03,1251.15,1233.05,1251.8,1233.05,1248.5,1248.7,1246.31,7434366,9265530670.85,146316,4603545,61.92,-0.00195819845741918
RELIANCE,EQ,2025-04-04,1248.7,1241.1,1245.45,1193.15,1205.9,1204.7,1206.62,17908652,21608977995.1,542347,11344617,63.35,-0.03523664611195643
RELIANCE,EQ,2025-04-07,1204.7,1132.2,1171.25,1114.85,1171.25,1165.7,1150.54,22156106,25491501838.9,677564,14572975,65.77,-0.03237320494728979
RELIANCE,EQ,2025-04-08,1165.7,1172.0,1196.6,1163.3,1181.05,1182.2,1179.5,19555040,23065209423.0,314171,10471288,53.55,0.014154585227760252
RELIANCE,EQ,2025-04-09,1182.2,1169.5,1189.8,1168.0,1187.5,1185.35,1183.08,10223104,12094749463.2,193325,5995139,58.64,0.002664523769243754
RELIANCE,EQ,2025-04-11,1185.35,1195.15,1222.65,1195.15,1220.0,1218.95,1214.05,11224242,13626831085.65,187059,6266581,55.83,0.028346058126291984
RELIANCE,EQ,2025-04-15,1218.95,1251.0,1251.0,1237.1,1239.6,1240.1,1242.83,13378535,16627177949.1,199888,9193395,68.72,0.017350998810451435
RELIANCE,EQ,2025-04-16,1240.1,1234.1,1240.9,1229.0,1238.0,1239.3,1235.61,8248464,10191864641.7,164065,5188216,62.9,-0.0006451092653817492
RELIANCE,EQ,2025-04-17,1239.3,1240.2,1280.2,1227.6,1273.0,1274.5,1260.38,15398401,19407871411.0,321235,8657714,56.22,0.02840313079964507
RELIANCE,EQ,2025-04-21,1274.5,1270.0,1300.9,1267.0,1295.2,1295.5,1291.47,10429964,13469949890.0,257857,6583600,63.12,0.0164770498234601
RELIANCE,EQ,2025-04-22,1295.5,1300.0,1303.9,1286.3,1289.0,1291.2,1295.99,13051707,16914900850.3,229331,9226837,70.69,-0.003319181783095315
RELIANCE,EQ,2025-04-23,1291.2,1297.0,1306.0,1285.4,1297.0,1300.0,1297.08,10480888,13594597555.0,232149,6681779,63.75,0.006815365551424923
RELIANCE,EQ,2025-04-24,1300.0,1292.4,1304.5,1290.3,1303.5,1301.6,1298.32,10468940,13592084385.0,181309,7034174,67.19,0.0012307692307691465
RELIANCE,EQ,2025-04-25,1301.6,1303.5,1325.2,1288.1,1301.0,1300.4,1303.3,14431012,18807907514.7,307093,6943157,48.11,-0.0009219422249537867
RELIANCE,EQ,2025-04-28,1300.4,1340.0,1374.6,1320.2,1366.3,1368.8,1355.02,31104496,42147123069.0,893347,17939278,57.67,0.052599200246078004
RELIANCE,EQ,2025-04-29,1368.8,1371.0,1410.9,1370.0,1398.9,1399.7,1395.77,32538970,45417061104.5,680195,21685829,66.65,0.022574517825832974
RELIANCE,EQ,2025-04-30,1399.7,1402.0,1412.4,1369.0,1395.0,1405.0,1404.87,25480745,35797220282.0,598769,18305940,71.84,0.003786525684075226
RELIANCE,EQ,2025-05-02,1405.0,1414.0,1426.7,1409.1,1422.5,1422.4,1419.65,17535402,24894140200.0,378385,11323037,64.57,0.012384341637010632
RELIANCE,EQ,2025-05-05,1422.4,1431.0,1439.5,1426.9,1430.0,1431.3,1432.0,12685649,18165843553.0,204503,9447755,74.48,0.006257030371203509
RELIANCE,EQ,2025-05-06,1431.3,1431.0,1432.0,1410.6,1418.0,1420.9,1419.01,14084117,19985559677.4,226761,10124390,71.89,-0.0072661217075384865
RELIANCE,EQ,2025-05-07,1420.9,1420.9,1424.4,1402.7,1405.9,1406.0,1412.79,13440169,18988126278.3,222903,9934849,73.92,-0.01048631149271595
RELIANCE,EQ,2025-05-08,1406.0,1404.1,1420.8,1398.0,1398.0,1407.0,1410.51,16106175,22717878064.3,231342,9993501,62.05,0.0007112375533429027
RELIANCE,EQ,2025-05-09,1407.0,1385.5,1394.8,1374.5,1379.5,1377.2,1382.39,13668904,18895751340.1,388013,10191308,74.56,-0.021179815209665942
RELIANCE,EQ,2025-05-12,1377.2,1400.0,1439.0,1400.0,1436.9,1436.5,1426.35,10674081,15224970250.5,310602,6995270,65.54,0.04305837932036005
RELIANCE,EQ,2025-05-13,1436.5,1433.5,1447.7,1412.4,1416.5,1415.7,1423.23,11407896,16236102678.9,281992,5936423,52.04,-0.014479638009049722
RELIANCE,EQ,2025-05-14,1415.7,1420.0,1429.9,1415.5,1425.2,1424.4,1423.31,5570160,7928045614.7,145014,3082135,55.33,0.006145369781733523
RELIANCE,EQ,2025-05-15,1424.4,1425.0,1461.4,1412.7,1453.0,1454.2,1441.41,20177211,29083683834.8,314261,11162761,55.32,0.020921089581578123
RELIANCE,EQ,2025-05-16,1454.2,1453.2,1461.0,1447.3,1454.8,1456.4,1455.16,9036695,13149797875.4,196322,6326662,70.01,0.001512859304084735
RELIANCE,EQ,2025-05-19,1456.4,1452.1,1454.6,1438.2,1442.9,1440.8,1443.67,6195791,8944705922.3,144606,3890227,62.79,-0.010711343037627108
RELIANCE,EQ,2025-05-20,1440.8,1438.2,1445.0,1421.8,1424.5,1424.6,1429.91,11270560,16115906328.3,182531,8038555,71.32,-0.011243753470294271
RELIANCE,EQ,2025-05-21,1424.6,1423.9,1436.2,1418.1,1428.2,1429.2,1427.75,6136364,8761209045.9,232529,3499009,57.02,0.0032289765548225713
RELIANCE,EQ,2025-05-22,1429.2,1421.2,1423.8,1396.9,1411.5,1409.4,1406.85,12134466,17071402011.9,228031,7420006,61.15,-0.013853904282115859
RELIANCE,EQ,2025-05-23,1409.4,1406.6,1433.8,1406.6,1426.0,1426.8,1424.63,6474883,9224312172.6,135371,3788597,58.51,0.012345679012345512
RELIANCE,EQ,2025-05-26,1426.8,1432.0,1441.0,1425.1,1435.9,1434.8,1437.16,4842944,6960105851.4,171837,2806268,57.95,0.005606952621250327
RELIANCE,EQ,2025-05-27,1434.8,1426.1,1437.0,1413.9,1424.2,1422.1,1421.81,12640414,17972211281.7,211047,6965099,55.1,-0.008851407861722893
RELIANCE,EQ,2025-05-28,1422.1,1420.1,1422.6,1410.7,1412.8,1412.9,1414.99,5944611,8411575745.5,169185,3712454,62.45,-0.006469305955980498
RELIANCE,EQ,2025-05-29,1412.9,1412.1,1420.0,1408.6,1419.5,1417.8,1414.72,13771917,19483424681.6,265116,9632471,69.94,0.0034680444475898575
RELIANCE,EQ,2025-05-30,1417.8,1418.0,1430.6,1409.7,1417.9,1420.9,1419.89,13788484,19578154095.0,155127,8340438,60.49,0.0021864861052336426
RELIANCE,EQ,2025-06-02,1420.9,1412.1,1417.5,1395.6,1412.6,1413.7,1407.75,8098668,11400864785.0,189977,4754923,58.71,-0.005067210922654719
RELIANCE,EQ,2025-06-03,1413.7,1422.3,1426.5,1403.4,1405.4,1405.5,1412.34,11252626,15892572174.1,230110,7359424,65.4,-0.005800381976374114
RELIANCE,EQ,2025-06-04,1405.5,1414.7,1425.7,1406.1,1421.0,1423.5,1415.78,8126827,11505806730.5,152064,5920673,72.85,0.012806830309498363
RELIANCE,EQ,2025-06-05,1423.5,1428.0,1454.7,1423.6,1442.7,1442.4,1442.72,13716817,19789468217.0,304069,7477692,54.51,0.013277133825079002
RELIANCE,EQ,2025-06-06,1442.4,1441.0,1451.5,1437.0,1443.0,1443.5,1444.22,8182161,11816875426.1,179734,4679792,57.2,0.000762617859123571
RELIANCE,EQ,2025-06-09,1443.5,1457.0,1457.5,1445.3,1447.2,1448.8,1449.95,7885125,11433033631.8,159916,5967583,75.68,0.0036716314513334236
RELIANCE,EQ,2025-06-10,1448.8,1450.0,1453.9,1436.0,1437.3,1438.5,1442.59,7913181,11415476580.5,167203,5070083,64.07,-0.0071093318608502765
RELIANCE,EQ,2025-06-11,1438.5,1445.8,1468.6,1443.1,1448.0,1448.9,1456.11,8195700,11933850942.7,184593,4318503,52.69,0.007229753215154844
RELIANCE,EQ,2025-06-12,1448.9,1453.5,1457.0,1434.4,1439.5,1441.6,1444.32,8828114,12750612321.3,190194,3478490,39.4,-0.005038304920974679
RELIANCE,EQ,2025-06-13,1441.6,1424.0,1435.5,1414.3,1427.5,1427.9,1423.95,9757276,13893905321.3,202256,6138313,62.91,-0.00950332963374012
RELIANCE,EQ,2025-06-16,1427.9,1426.9,1442.4,1424.4,1436.9,1437.8,1436.42,8458093,12149412490.7,213623,6127753,72.45,0.0069332586315566935
RELIANCE,EQ,2025-06-17,1437.8,1448.0,1448.0,1425.8,1430.0,1431.2,1432.15,10366599,14846517402.4,191173,5667420,54.67,-0.004590346362498221
RELIANCE,EQ,2025-06-18,1431.2,1430.0,1442.8,1425.7,1429.7,1430.1,1431.31,6681735,9563629434.0,138211,4052693,60.65,-0.0007685858021241332
RELIANCE,EQ,2025-06-19,1430.1,1430.1,1439.9,1425.7,1428.0,1433.3,1433.8,10007230,14348370217.6,179473,4737355,47.34,0.00223760576183496
RELIANCE,EQ,2025-06-20,1433.3,1431.0,1471.0,1428.1,1464.1,1466.2,1462.68,29010635,42433300495.6,276278,22729686,78.35,0.022954022186562506
RELIANCE,EQ,2025-06-23,1466.2,1453.0,1463.8,1442.0,1456.0,1456.8,1453.48,5989078,8705005211.5,226309,3305165,55.19,-0.0064111308143500745
RELIANCE,EQ,2025-06-24,1456.8,1465.0,1475.0,1443.1,1456.8,1450.8,1456.68,16402744,23893522923.2,284313,9541159,58.17,-0.004118616144975329
RELIANCE,EQ,2025-06-25,1450.8,1464.0,1472.4,1460.5,1467.6,1467.3,1467.46,7525851,11043861535.4,197720,4892013,65.0,0.011373035566583978
RELIANCE,EQ,2025-06-26,1467.3,1469.1,1498.8,1465.1,1495.3,1495.3,1488.16,14657893,21813325246.1,247215,8878317,60.57,0.01908266884754317
RELIANCE,EQ,2025-06-27,1495.3,1499.4,1522.0,1496.9,1514.0,1515.4,1511.99,11117052,16808908375.4,269877,6718471,60.43,0.013442118638400391
RELIANCE,EQ,2025-06-30,1515.4,1513.8,1524.8,1496.0,1499.9,1500.6,1509.28,8409527,12692329820.1,242195,4974592,59.15,-0.00976639831067716
RELIANCE,EQ,2025-07-01,1500.6,1500.6,1531.4,1500.1,1526.8,1528.4,1522.95,10368523,15790750945.4,232573,5760652,55.56,0.0185259229641479
RELIANCE,EQ,2025-07-02,1528.4,1528.4,1530.0,1508.7,1517.1,1518.8,1518.29,6361002,9657844399.4,183873,3082049,48.45,-0.006281078251766603
RELIANCE,EQ,2025-07-03,1518.8,1520.8,1531.9,1513.0,1515.0,1517.8,1520.57,11283291,17156979936.8,258008,4004213,35.49,-0.0006584145377930284
RELIANCE,EQ,2025-07-04,1517.8,1524.0,1530.0,1517.2,1528.1,1527.3,1523.57,6603501,10060908691.0,167255,3984058,60.33,0.006259059164580361
RELIANCE,EQ,2025-07-07,1527.3,1526.6,1544.8,1525.0,1540.5,1541.5,1539.06,7251074,11159858745.5,205134,4790308,66.06,0.009297453021672286
RELIANCE,EQ,2025-07-08,1541.5,1536.0,1544.9,1530.2,1538.0,1537.6,1536.23,7171261,11016684351.6,191265,4236138,59.07,-0.002530003243593981
RELIANCE,EQ,2025-07-09,1537.6,1536.7,1551.0,1510.1,1520.5,1519.0,1532.97,8870660,13598441338.6,254524,5273816,59.45,-0.012096774193548376
RELIANCE,EQ,2025-07-10,1519.0,1519.7,1524.7,1507.5,1515.2,1517.2,1516.2,10047129,15233458376.4,289035,5054620,50.31,-0.0011849901250822192
RELIANCE,EQ,2025-07-11,1517.2,1512.0,1515.0,1490.3,1495.0,1495.2,1496.06,7234991,10823982872.2,178490,5235926,72.37,-0.014500395465330884
RELIANCE,EQ,2025-07-14,1495.2,1492.2,1500.0,1479.1,1486.4,1483.7,1487.76,10311846,15341529534.7,186122,7980365,77.39,-0.007691278758694464
RELIANCE,EQ,2025-07-15,1483.7,1486.2,1496.5,1482.4,1488.5,1485.4,1487.92,8132454,12100448372.9,173756,5361113,65.92,0.0011457841881781228
RELIANCE,EQ,2025-07-16,1485.4,1473.0,1491.0,1471.5,1486.2,1485.6,1481.43,10409983,15421636574.6,191598,7155850,68.74,0.00013464386697181752
RELIANCE,EQ,2025-07-17,1485.6,1487.4,1489.6,1473.9,1478.7,1476.4,1479.78,11854613,17542205685.8,189733,7988502,67.39,-0.006192784060312206
RELIANCE,EQ,2025-07-18,1476.4,1484.8,1484.8,1469.1,1476.0,1476.0,1475.2,10296318,15189104342.0,222241,7806111,75.81,-0.0002709292874560898
RELIANCE,EQ,2025-07-21,1476.0,1465.0,1476.0,1423.1,1428.2,1428.6,1435.24,22442744,32210751693.5,630358,15300469,68.18,-0.032113821138211485
RELIANCE,EQ,2025-07-22,1428.6,1427.4,1431.9,1410.7,1413.8,1412.8,1417.05,20396320,28902700383.4,504145,16046485,78.67,-0.011059778804423881
RELIANCE,EQ,2025-07-23,1412.8,1426.0,1426.0,1414.4,1425.0,1424.6,1421.41,8354596,11875315134.7,225103,5799080,69.41,0.008352208380520976
RELIANCE,EQ,2025-07-24,1424.6,1419.2,1423.0,1396.0,1402.8,1402.9,1407.06,14740507,20740788758.3,314670,10145972,68.83,-0.015232345921662116
RELIANCE,EQ,2025-07-25,1402.9,1398.9,1401.0,1384.1,1392.4,1391.7,1394.22,11854722,16528044233.5,237018,8629824,72.8,-0.007983462827001242
RELIANCE,EQ,2025-07-28,1391.7,1392.3,1407.8,1385.0,1387.1,1387.6,1394.17,7748361,10802552328.1,198421,4903748,63.29,-0.002946037220665443
RELIANCE,EQ,2025-07-29,1387.6,1383.0,1420.2,1383.0,1416.6,1417.1,1402.99,10750072,15082211933.3,187813,7178436,66.78,0.021259729028538565
RELIANCE,EQ,2025-07-30,1417.1,1418.1,1423.3,1401.3,1409.7,1410.1,1411.5,7209849,10176719970.8,167311,3930581,54.52,-0.004939665514078095
RELIANCE,EQ,2025-07-31,1410.1,1388.1,1402.6,1382.2,1390.0,1390.2,1392.63,17065827,23766374015.3,373516,11458014,67.14,-0.014112474292603316
RELIANCE,EQ,2025-08-01,1390.2,1386.9,1405.9,1384.3,1394.1,1393.7,1397.47,10321171,14423488951.8,208431,7159472,69.37,0.0025176233635448853
RELIANCE,EQ,2025-08-04,1393.7,1395.1,1416.1,1391.7,1410.2,1411.5,1410.61,6312820,8904907900.6,188246,3963011,62.78,0.012771758628112195
RELIANCE,EQ,2025-08-05,1411.5,1411.0,1411.0,1388.1,1390.0,1391.7,1394.5,9315972,12991163046.8,238858,6109843,65.58,-0.01402763018065889
RELIANCE,EQ,2025-08-06,1391.7,1391.9,1395.9,1383.3,1393.0,1392.8,1390.57,5834312,8113006686.0,156725,3610090,61.88,0.0007904002299345958
RELIANCE,EQ,2025-08-07,1392.8,1387.7,1393.7,1366.0,1391.0,1389.4,1381.52,9976705,13783047743.5,293767,5609828,56.23,-0.0024411257897758443
RELIANCE,EQ,2025-08-08,1389.4,1385.0,1397.2,1365.0,1366.2,1367.8,1374.93,8793606,12090591567.6,208137,5902434,67.12,-0.015546278969339355
RELIANCE,EQ,2025-08-11,1367.8,1370.0,1388.0,1361.2,1384.6,1386.2,1375.78,9997486,13754351256.5,226304,6307917,63.1,0.01345225910220793
RELIANCE,EQ,2025-08-12,1386.2,1381.9,1401.9,1375.2,1381.0,1380.4,1386.76,12244664,16980368560.1,179433,7293929,59.57,-0.004184100418409997
RELIANCE,EQ,2025-08-13,1380.4,1388.0,1391.8,1377.5,1384.0,1382.6,1384.19,7457021,10321969058.7,208576,4902944,65.75,0.0015937409446535877
RELIANCE,EQ,2025-08-14,1382.6,1377.3,1380.7,1370.1,1372.9,1373.8,1375.17,7126128,9799629519.9,175588,3769500,52.9,-0.006364819904527641
RELIANCE,EQ,2025-08-18,1373.8,1390.0,1394.9,1377.0,1382.9,1381.7,1384.21,11785109,16313018769.8,319844,8114028,68.85,0.005750473140195167
RELIANCE,EQ,2025-08-19,1381.7,1390.0,1421.0,1389.1,1421.0,1420.1,1413.6,14384719,20334296972.4,288664,7972340,55.42,0.02779185061880285
RELIANCE,EQ,2025-08-20,1420.1,1413.0,1424.9,1410.0,1412.0,1413.0,1418.58,8725641,12377983949.7,196554,5538212,63.47,-0.004999647912118821
RELIANCE,EQ,2025-08-21,1413.0,1425.0,1431.9,1420.3,1424.3,1424.8,1427.55,11021323,15733474504.4,231863,5857893,53.15,0.008351026185421162
RELIANCE,EQ,2025-08-22,1424.8,1420.0,1423.4,1407.9,1409.9,1409.2,1414.0,5818868,8227876997.3,137165,3228389,55.48,-0.010948905109488982
RELIANCE,EQ,2025-08-25,1409.2,1414.7,1419.5,1405.7,1413.7,1412.6,1412.48,5979407,8445789682.3,184067,3304471,55.26,0.002412716434856632
RELIANCE,EQ,2025-08-26,1412.6,1408.0,1410.0,1381.6,1383.8,1384.9,1390.78,12145259,16891359345.3,201578,8289888,68.26,-0.019609231204870348
RELIANCE,EQ,2025-08-28,1384.9,1389.9,1392.2,1366.5,1390.9,1385.9,1380.78,13161813,18173599832.0,252423,7761123,58.97,0.0007220737959419132
RELIANCE,EQ,2025-08-29,1385.9,1381.1,1403.5,1350.0,1356.0,1357.2,1375.14,18758842,25796085387.6,348532,9144810,48.75,-0.020708564831517506
RELIANCE,EQ,2025-09-01,1357.2,1356.0,1363.2,1340.6,1355.0,1353.9,1353.99,11232238,15208377268.5,249574,6277512,55.89,-0.0024314765694075646
RELIANCE,EQ,2025-09-02,1353.9,1354.8,1384.5,1354.5,1367.5,1366.5,1374.28,11517006,15827620364.3,235433,4433317,38.49,0.009306448038998383
RELIANCE,EQ,2025-09-03,1366.5,1369.7,1376.5,1360.5,1372.0,1372.6,1368.85,7847563,10742161678.4,209277,4186363,53.35,0.0044639590193924494
RELIANCE,EQ,2025-09-04,1372.6,1371.8,1374.0,1357.1,1359.1,1359.3,1363.97,13223177,18035988833.7,200473,6433957,48.66,-0.00968964009908202
RELIANCE,EQ,2025-09-05,1359.3,1363.0,1381.0,1359.3,1375.7,1375.0,1370.36,5777575,7917373815.6,142951,2689378,46.55,0.011550062532185823
RELIANCE,EQ,2025-09-08,1375.0,1380.0,1386.0,1372.4,1378.9,1378.5,1379.43,6986720,9637680456.6,131052,4039694,57.82,0.0025454545454546285
RELIANCE,EQ,2025-09-09,1378.5,1376.6,1381.2,1368.7,1376.1,1376.2,1375.44,9754452,13416675656.7,209637,5172686,53.03,-0.0016684802321363934
RELIANCE,EQ,2025-09-10,1376.2,1383.9,1388.5,1374.1,1377.5,1377.0,1380.12,7790815,10752266849.2,222655,5000359,64.18,0.0005813108559802327
RELIANCE,EQ,2025-09-11,1377.0,1376.0,1385.5,1375.0,1382.1,1383.3,1382.49,9766072,13501479258.5,173431,3885694,39.79,0.004575163398692794
RELIANCE,EQ,2025-09-12,1383.3,1383.3,1396.3,1380.5,1395.0,1395.0,1392.69,7403368,10310608459.5,156369,4799871,64.83,0.008458035133376729
RELIANCE,EQ,2025-09-15,1395.0,1393.0,1400.8,1388.6,1399.3,1399.3,1395.97,5396697,7533635758.2,130728,2686847,49.79,0.003082437275985672
RELIANCE,EQ,2025-09-16,1399.3,1404.7,1408.0,1398.2,1405.9,1405.3,1404.0,8686961,12196451860.1,170452,3785461,43.58,0.004287858214821805
RELIANCE,EQ,2025-09-17,1405.3,1407.0,1416.2,1406.9,1413.0,1413.8,1412.05,7519417,10617806261.0,189638,4026871,53.55,0.006048530562869248
RELIANCE,EQ,2025-09-18,1413.8,1420.4,1422.0,1410.7,1415.0,1415.0,1415.31,9332642,13208589778.1,182559,4990691,53.48,0.0008487763474325227
RELIANCE,EQ,2025-09-19,1415.0,1414.9,1417.0,1403.6,1407.6,1407.4,1408.43,13461373,18959342246.1,143644,9215393,68.46,-0.005371024734982299
RELIANCE,EQ,2025-09-22,1407.4,1403.9,1410.7,1388.0,1390.9,1390.6,1400.91,7757970,10868228760.6,136991,4210604,54.27,-0.011936904931078685
RELIANCE,EQ,2025-09-23,1390.6,1391.0,1395.0,1376.8,1390.5,1389.8,1387.57,14014702,19446355038.7,210931,5947857,42.44,-0.0005752912411908229
RELIANCE,EQ,2025-09-24,1389.8,1385.3,1396.0,1380.4,1381.1,1383.0,1387.32,5922759,8216778017.5,120399,3042640,51.37,-0.004892790329543817
RELIANCE,EQ,2025-09-25,1383.0,1381.3,1384.5,1369.0,1374.8,1372.4,1375.53,11411143,15696373894.0,155102,5524953,48.42,-0.007664497469269671
RELIANCE,EQ,2025-09-26,1372.4,1372.0,1382.7,1366.0,1379.0,1377.6,1376.37,9879109,13597342647.0,148644,5814241,58.85,0.0037889828038470963
RELIANCE,EQ,2025-09-29,1377.6,1381.6,1389.0,1368.0,1376.0,1372.8,1375.78,14231999,19580110793.7,213268,7813128,54.9,-0.0034843205574912606
RELIANCE,EQ,2025-09-30,1372.8,1377.1,1377.1,1362.8,1364.0,1364.0,1366.52,14604684,19957582304.9,223375,7034845,48.17,-0.0064102564102563875
RELIANCE,EQ,2025-10-01,1364.0,1367.0,1378.6,1362.7,1370.0,1368.7,1369.56,12045916,16497635567.1,258017,6626990,55.01,0.003445747800586485
RELIANCE,EQ,2025-10-03,1368.7,1363.2,1371.6,1356.9,1363.3,1363.4,1362.13,12842347,17492914973.8,216161,8125598,63.27,-0.003872287572148747
RELIANCE,EQ,2025-10-06,1363.4,1360.0,1377.4,1359.0,1374.9,1375.0,1367.85,12396580,16956655218.3,184550,8559342,69.05,0.008508141411177839
RELIANCE,EQ,2025-10-07,1375.0,1376.0,1395.9,1375.9,1384.5,1384.8,1386.79,11244040,15593176402.2,196055,4161773,37.01,0.007127272727272649
RELIANCE,EQ,2025-10-08,1384.8,1384.8,1389.0,1364.5,1367.3,1367.4,1371.62,8525081,11693212975.1,214245,4418059,51.82,-0.012564991334488629
RELIANCE,EQ,2025-10-09,1367.4,1374.0,1380.0,1369.1,1376.5,1377.8,1376.25,8826633,12147669213.5,217890,4061507,46.01,0.007605675003656387
RELIANCE,EQ,2025-10-10,1377.8,1377.8,1388.0,1375.1,1380.9,1381.7,1383.21,6373084,8815317323.1,193985,3342511,52.45,0.0028305995064596967
RELIANCE,EQ,2025-10-13,1381.7,1376.9,1377.7,1367.8,1376.0,1375.0,1372.7,7600682,10433492493.5,175585,2953669,38.86,-0.004849098936093199
RELIANCE,EQ,2025-10-14,1375.0,1380.0,1388.0,1370.1,1374.9,1375.9,1377.47,9768174,13455395764.8,164937,3550018,36.34,0.0006545454545454632
RELIANCE,EQ,2025-10-15,1375.9,1383.0,1384.0,1372.7,1374.7,1374.3,1377.15,10882743,14987155897.3,239811,6860468,63.04,-0.001162875208954195
RELIANCE,EQ,2025-10-16,1374.3,1375.1,1400.5,1375.0,1398.5,1398.3,1387.2,12315932,17084636046.8,287913,7090367,57.57,0.01746343593101951
RELIANCE,EQ,2025-10-17,1398.3,1401.0,1423.3,1399.1,1419.1,1416.8,1413.78,19335561,27336205033.0,350761,10690779,55.29,0.013230351140670837
RELIANCE,EQ,2025-10-20,1416.8,1440.0,1473.8,1433.3,1467.9,1466.8,1461.76,24721978,36137673257.5,512798,13700787,55.42,0.03529079616036146
RELIANCE,EQ,2025-10-21,1466.8,1468.0,1474.0,1460.0,1461.0,1465.2,1467.87,2066169,3032861642.8,86819,1001878,48.49,-0.0010908099263702287
RELIANCE,EQ,2025-10-23,1465.2,1475.0,1482.9,1444.6,1448.0,1448.4,1464.71,18707090,27400374842.5,376220,10338619,55.27,-0.01146601146601145
RELIANCE,EQ,2025-10-24,1448.4,1450.0,1459.8,1441.0,1451.1,1451.6,1450.25,9700837,14068622023.2,221258,4990318,51.44,0.002209334438000532
RELIANCE,EQ,2025-10-27,1451.6,1463.0,1485.0,1458.0,1483.2,1484.1,1480.24,14113867,20891882342.5,274839,9657852,68.43,0.022389087903003535
RELIANCE,EQ,2025-10-28,1484.1,1484.1,1492.0,1477.6,1489.7,1486.9,1484.96,17631577,26182248923.9,314894,8669771,49.17,0.001886665319048797
RELIANCE,EQ,2025-10-29,1486.9,1490.0,1508.3,1488.1,1504.0,1504.2,1502.67,11884745,17858800582.6,219504,6117995,51.48,0.011634945187974921
RELIANCE,EQ,2025-10-30,1504.2,1500.0,1503.1,1484.0,1489.5,1488.5,1492.27,9318663,13905920959.9,276397,4083872,43.82,-0.01043744182954398
RELIANCE,EQ,2025-10-31,1488.5,1490.4,1497.5,1482.3,1487.0,1486.4,1487.8,8758053,13030257785.3,206898,5197373,59.34,-0.0014108162579777872
RELIANCE,EQ,2025-11-03,1486.4,1486.0,1495.0,1479.3,1487.3,1484.7,1488.29,8452085,12579161982.9,245664,4106209,48.58,-0.0011437029063509074
RELIANCE,EQ,2025-11-04,1484.7,1483.9,1492.8,1470.1,1471.1,1473.1,1480.96,10007806,14821144472.7,218103,4092497,40.89,-0.007813026200579332
RELIANCE,EQ,2025-11-06,1473.1,1484.0,1501.6,1476.2,1494.8,1496.1,1494.08,16772678,25059656533.3,269902,9133200,54.45,0.015613332428212612
RELIANCE,EQ,2025-11-07,1496.1,1494.6,1498.4,1475.9,1480.0,1478.0,1486.71,7821765,11628733264.1,139608,4772863,61.02,-0.012098121783303162
RELIANCE,EQ,2025-11-10,1478.0,1477.9,1501.0,1475.5,1490.1,1489.3,1492.69,7068438,10550978254.3,154602,4298505,60.81,0.007645466847090665
RELIANCE,EQ,2025-11-11,1489.3,1497.0,1498.8,1480.2,1493.8,1493.4,1489.58,7127506,10616976771.8,149607,3557777,49.92,0.0027529711945211144
RELIANCE,EQ,2025-11-12,1493.4,1505.0,1524.7,1500.0,1511.8,1511.5,1515.0,12384459,18762517172.2,252417,7862490,63.49,0.012119994643096321
RELIANCE,EQ,2025-11-13,1511.5,1515.0,1522.1,1506.8,1512.1,1510.9,1514.35,7196443,10897956389.7,209774,4619589,64.19,-0.00039695666556394116
RELIANCE,EQ,2025-11-14,1510.9,1505.5,1520.9,1505.5,1518.2,1518.9,1516.51,7682823,11651084505.3,194941,5426632,70.63,0.0052948573697795265
RELIANCE,EQ,2025-11-17,1518.9,1520.9,1523.7,1511.5,1518.0,1518.3,1516.89,5871416,8906294222.3,123473,3191232,54.35,-0.00039502271380609244
RELIANCE,EQ,2025-11-18,1518.3,1521.7,1527.8,1510.5,1520.0,1519.4,1520.18,11045042,16790505249.5,165850,5992310,54.25,0.0007244945004281078
RELIANCE,EQ,2025-11-19,1519.4,1517.4,1522.3,1512.0,1519.0,1518.9,1518.64,5692366,8644640452.7,131481,3425018,60.17,-0.0003290772673423259
RELIANCE,EQ,2025-11-20,1518.9,1530.0,1550.9,1526.7,1549.5,1549.1,1543.57,18171724,28049306041.5,246552,12259441,67.46,0.01988280992823732
RELIANCE,EQ,2025-11-21,1549.1,1541.0,1557.8,1540.1,1543.7,1546.6,1549.35,9615271,14897385970.3,240250,5216783,54.26,-0.0016138402943645103
RELIANCE,EQ,2025-11-24,1546.6,1550.0,1550.0,1531.8,1534.9,1535.9,1537.26,18433951,28337841303.4,198313,12818848,69.54,-0.0069184016552436
RELIANCE,EQ,2025-11-25,1535.9,1535.9,1559.6,1525.1,1540.0,1539.7,1546.34,15033482,23246909829.7,299805,7863116,52.3,0.0024741194088155893
RELIANCE,EQ,2025-11-26,1539.7,1542.3,1571.6,1540.5,1569.6,1569.9,1562.98,14054299,21966588733.9,285274,8561296,60.92,0.019614210560498835
RELIANCE,EQ,2025-11-27,1569.9,1575.0,1575.5,1556.0,1564.8,1563.4,1563.68,9794643,15315704900.9,278929,5655438,57.74,-0.004140391107713914
RELIANCE,EQ,2025-11-28,1563.4,1568.0,1581.3,1563.0,1569.0,1567.5,1571.94,8959508,14083838960.4,229373,4892138,54.6,0.0026224894460789017
RELIANCE,EQ,2025-12-01,1567.5,1575.0,1577.5,1563.6,1566.5,1566.1,1571.31,8920233,14016486649.5,292601,4919907,55.15,-0.0008931419457736123
RELIANCE,EQ,2025-12-02,1566.1,1561.1,1567.5,1542.0,1548.3,1546.3,1550.62,11389150,17660297036.3,323713,7433861,65.27,-0.012642870825617769
RELIANCE,EQ,2025-12-03,1546.3,1545.2,1552.4,1533.0,1539.1,1538.8,1539.45,6090883,9376593978.9,156721,4053636,66.55,-0.004850287783741858
RELIANCE,EQ,2025-12-04,1538.8,1536.0,1560.5,1517.6,1525.3,1535.6,1543.73,11867930,18320833054.6,203260,7707822,64.95,-0.0020795425006499
RELIANCE,EQ,2025-12-05,1535.6,1530.4,1545.8,1520.6,1544.6,1540.6,1534.8,10183266,15629290582.5,181528,6539615,64.22,0.0032560562646521962
RELIANCE,EQ,2025-12-08,1540.6,1539.2,1551.0,1535.0,1539.9,1543.0,1540.71,11301491,17412309977.7,182756,6613331,58.52,0.001557834609892339
RELIANCE,EQ,2025-12-09,1543.0,1540.3,1542.5,1520.1,1532.4,1529.4,1530.0,11503971,17601083501.2,205129,6492653,56.44,-0.008813998703823711
RELIANCE,EQ,2025-12-10,1529.4,1534.0,1547.5,1531.4,1533.5,1536.9,1539.72,7991629,12304893787.5,202989,5365813,67.14,0.004903883876029802
RELIANCE,EQ,2025-12-11,1536.9,1536.9,1550.0,1524.0,1543.0,1545.0,1540.61,4706197,7250428118.4,168155,2212402,47.01,0.005270349404645547
RELIANCE,EQ,2025-12-12,1545.0,1550.8,1559.8,1546.1,1554.3,1556.5,1555.21,5106655,7941940758.5,139702,3405248,66.68,0.007443365695792847
RELIANCE,EQ,2025-12-15,1556.5,1551.2,1558.6,1546.5,1557.0,1556.2,1553.69,5774543,8971836560.7,185872,3925713,67.98,-0.00019274012206871305
RELIANCE,EQ,2025-12-16,1556.2,1545.0,1551.7,1538.8,1540.7,1542.3,1544.3,11731856,18117538818.1,246980,4405594,37.55,-0.008932013879964118
RELIANCE,EQ,2025-12-17,1542.3,1550.0,1550.0,1539.3,1545.1,1544.4,1544.14,7116649,10989103491.9,176852,3802545,53.43,0.0013616028010114967
RELIANCE,EQ,2025-12-18,1544.4,1535.2,1551.5,1535.2,1543.5,1544.4,1545.3,6580829,10169353778.0,175814,3202789,48.67,0.0
RELIANCE,EQ,2025-12-19,1544.4,1554.4,1574.2,1551.0,1564.9,1565.1,1566.6,13937275,21834130206.8,279233,9411406,67.53,0.013403263403263255
RELIANCE,EQ,2025-12-22,1565.1,1573.5,1577.5,1565.3,1577.0,1575.4,1571.96,10184852,16010206159.5,371017,6779085,66.56,0.006581049134240846
RELIANCE,EQ,2025-12-23,1575.4,1580.9,1580.9,1568.1,1569.0,1570.7,1573.01,7506564,11807916323.5,179265,2344588,31.23,-0.0029833693030342223
RELIANCE,EQ,2025-12-24,1570.7,1572.7,1575.7,1553.6,1560.6,1558.2,1559.55,8815745,13748600530.9,243970,4392605,49.83,-0.007958235181766082
RELIANCE,EQ,2025-12-26,1558.2,1554.7,1561.0,1554.3,1560.0,1559.2,1558.05,2311495,3601435338.7,81976,1282416,55.48,0.0006417661404183317
RELIANCE,EQ,2025-12-29,1559.2,1554.9,1558.1,1543.6,1546.7,1545.6,1547.8,5972105,9243616142.3,158162,2987586,50.03,-0.008722421754746135
RELIANCE,EQ,2025-12-30,1545.6,1547.0,1553.6,1537.8,1541.0,1539.8,1543.21,8815884,13604745435.0,199428,4965382,56.32,-0.0037525879917184035
RELIANCE,EQ,2025-12-31,1539.8,1541.0,1577.0,1541.0,1569.0,1570.4,1566.86,5771830,9043650348.5,141792,2978159,51.6,0.019872710741654753
RELIANCE,EQ,2026-01-01,1570.4,1573.7,1592.5,1571.1,1572.9,1575.6,1578.67,6408128,10116346867.1,134062,2100118,32.77,0.0033112582781456013
RELIANCE,EQ,2026-01-02,1575.6,1580.0,1594.6,1578.2,1593.0,1592.3,1589.16,6602230,10491999169.4,156023,4876895,73.87,0.010599136836760614
RELIANCE,EQ,2026-01-05,1592.3,1593.0,1611.8,1575.3,1577.0,1578.1,1589.36,8704973,13835333400.1,227204,5829320,66.97,-0.008917917477862192
RELIANCE,EQ,2026-01-06,1578.1,1569.0,1569.0,1496.3,1508.9,1507.6,1516.17,27417125,41569080602.2,583917,13827457,50.43,-0.044673975033267865
RELIANCE,EQ,2026-01-07,1507.6,1510.0,1520.0,1498.0,1505.1,1504.2,1506.81,11199340,16875253099.5,302077,6718330,59.99,-0.002255240116741719
RELIANCE,EQ,2026-01-08,1504.2,1500.0,1503.9,1468.8,1470.7,1470.6,1477.72,16518684,24410037550.1,443727,11541052,69.87,-0.02233745512564822
RELIANCE,EQ,2026-01-09,1470.6,1465.0,1479.9,1465.0,1476.0,1475.3,1472.13,8335311,12270672520.9,237412,4678450,56.13,0.0031959744322045402
RELIANCE,EQ,2026-01-12,1475.3,1475.3,1485.3,1451.0,1484.0,1483.2,1469.79,8883745,13057259395.4,236827,4884119,54.98,0.005354843082762795
RELIANCE,EQ,2026-01-13,1483.2,1485.0,1485.8,1444.7,1456.9,1452.8,1457.67,13499760,19678131155.4,289198,5901025,43.71,-0.02049622437971954
RELIANCE,EQ,2026-01-14,1452.8,1444.0,1467.0,1440.2,1458.8,1458.8,1458.22,8321764,12134950551.2,167816,3893699,46.79,0.00412995594713661
RELIANCE,EQ,2026-01-16,1458.8,1458.8,1480.0,1455.1,1461.0,1457.9,1464.15,17167161,25135247618.0,289037,11151787,64.96,-0.0006169454346036662
RELIANCE,EQ,2026-01-19,1457.9,1450.6,1450.6,1403.3,1413.2,1413.6,1415.36,20392765,28863128634.1,569720,10847268,53.19,-0.030386171891076286
RELIANCE,EQ,2026-01-20,1413.6,1410.7,1416.0,1390.0,1392.4,1394.0,1401.05,13189498,18479164578.5,382470,6601674,50.05,-0.013865308432371215
RELIANCE,EQ,2026-01-21,1394.0,1389.5,1412.9,1373.0,1407.5,1404.6,1399.14,17352720,24278965746.3,412452,8416217,48.5,0.007604017216642722
RELIANCE,EQ,2026-01-22,1404.6,1410.1,1419.5,1395.0,1404.1,1402.5,1403.8,15721693,22070150220.1,391641,7029268,44.71,-0.0014950875694147436
RELIANCE,EQ,2026-01-23,1402.5,1401.8,1407.0,1381.0,1387.0,1386.1,1391.32,9837802,13687560136.7,263283,5041469,51.25,-0.011693404634581128
RELIANCE,EQ,2026-01-27,1386.1,1380.0,1391.6,1368.0,1384.0,1380.5,1381.87,26302396,36346567203.1,337571,16574037,63.01,-0.004040112545992236
RELIANCE,EQ,2026-01-28,1380.5,1385.0,1409.9,1384.9,1398.5,1396.7,1396.85,11121657,15535335257.6,209556,6458005,58.07,0.011734878667149617
RELIANCE,EQ,2026-01-29,1396.7,1402.9,1402.9,1384.0,1386.9,1391.0,1393.55,20846683,29050818209.0,295986,13114958,62.91,-0.004081048185007541
RELIANCE,EQ,2026-01-30,1391.0,1382.6,1398.0,1378.5,1397.0,1395.4,1391.25,11239835,15637418399.5,159638,8394885,74.69,0.003163191948238664
RELIANCE,EQ,2026-02-01,1395.4,1396.0,1411.0,1335.0,1342.8,1347.0,1377.13,9714528,13378145108.7,236369,4472543,46.04,-0.03468539486885491
RELIANCE,EQ,2026-02-02,1347.0,1340.0,1392.9,1335.5,1388.0,1390.4,1373.27,15711165,21575643258.5,379997,9829010,62.56,0.03221974758723101
RELIANCE,EQ,2026-02-03,1390.4,1473.9,1489.5,1430.2,1438.0,1437.1,1445.7,25456171,36802006349.1,360494,15456249,60.72,0.0335874568469503
RELIANCE,EQ,2026-02-04,1437.1,1444.0,1464.0,1440.3,1455.4,1456.8,1455.35,8333387,12127957783.7,189873,4811817,57.74,0.01370816227124072
RELIANCE,EQ,2026-02-05,1456.8,1457.0,1461.5,1439.5,1441.9,1443.4,1444.91,11763658,16997446034.9,206465,6022075,51.19,-0.009198242723778005
RELIANCE,EQ,2026-02-06,1443.4,1441.5,1452.8,1433.5,1451.0,1450.8,1442.78,8277304,11942366313.0,133331,3361089,40.61,0.0051267839822639605
RELIANCE,EQ,2026-02-09,1450.8,1458.0,1465.9,1453.0,1461.2,1461.6,1462.26,5775864,8445811902.3,127171,3769208,65.26,0.007444168734491274
RELIANCE,EQ,2026-02-10,1461.6,1471.0,1471.0,1452.2,1456.2,1458.5,1459.23,10259630,14971196098.3,181163,3096776,30.18,-0.002120963327859826
RELIANCE,EQ,2026-02-11,1458.5,1459.6,1470.0,1453.6,1469.0,1468.7,1465.14,7106877,10412535997.8,200342,4110465,57.84,0.006993486458690468
RELIANCE,EQ,2026-02-12,1468.7,1470.0,1473.0,1445.5,1449.9,1448.9,1453.64,11135399,16186860274.5,195451,4230307,37.99,-0.013481310002042557
RELIANCE,EQ,2026-02-13,1448.9,1445.5,1450.7,1416.3,1418.6,1419.6,1423.73,10755693,15313221949.7,182348,6850399,63.69,-0.02022223755952801
RELIANCE,EQ,2026-02-16,1419.6,1420.1,1439.6,1409.3,1434.1,1437.1,1426.07,5896514,8408865413.3,160094,2667845,45.24,0.012327416173570027
RELIANCE,EQ,2026-02-17,1437.1,1431.1,1431.8,1418.6,1424.2,1423.0,1423.1,10731630,15272175589.4,189670,3002495,27.98,-0.00981142578804528
RELIANCE,EQ,2026-02-18,1423.0,1427.0,1442.1,1419.2,1441.0,1441.3,1432.14,5521096,7906956447.4,121784,2260500,40.94,0.012860154602951424
RELIANCE,EQ,2026-02-19,1441.3,1443.0,1443.0,1400.0,1407.2,1409.5,1415.94,11884664,16827934160.1,221944,2827496,23.79,-0.02206341497259412
RELIANCE,EQ,2026-02-20,1409.5,1409.5,1427.4,1406.1,1419.1,1419.4,1420.0,8177670,11612283011.4,161489,3391951,41.48,0.007023767293366401
RELIANCE,EQ,2026-02-23,1419.4,1425.0,1434.9,1418.3,1425.0,1428.0,1425.5,7758856,11060270073.7,140217,3421775,44.1,0.006058898125968604
RELIANCE,EQ,2026-02-24,1428.0,1425.3,1433.3,1415.0,1431.1,1428.8,1424.96,12529409,17853917144.1,196324,5007284,39.96,0.0005602240896358524
RELIANCE,EQ,2026-02-25,1428.8,1435.0,1440.5,1393.5,1400.8,1398.5,1414.07,10728792,15171307392.7,204165,5011078,46.71,-0.021206606942889117
RELIANCE,EQ,2026-02-26,1398.5,1398.5,1412.9,1391.9,1409.0,1406.8,1404.01,16683858,23424295896.5,242404,3827331,22.94,0.005934930282445405
RELIANCE,EQ,2026-02-27,1406.8,1398.0,1410.4,1388.1,1394.9,1393.9,1397.46,12031440,16813512507.2,195405,7376442,61.31,-0.009169746943417545
RELIANCE,EQ,2026-03-02,1393.9,1375.5,1378.6,1341.5,1360.0,1358.0,1358.19,23728722,32228124369.6,384813,10106057,42.59,-0.025755075686921702
RELIANCE,EQ,2026-03-04,1358.0,1330.0,1352.8,1307.0,1345.2,1345.0,1334.6,32495007,43367943821.3,643399,20714128,63.75,-0.009572901325478611
RELIANCE,EQ,2026-03-05,1345.0,1353.1,1399.0,1353.1,1386.4,1389.4,1383.03,25957532,35899997226.1,339169,12618188,48.61,0.03301115241635699
RELIANCE,EQ,2026-03-06,1389.4,1396.5,1424.3,1390.3,1407.0,1404.8,1412.87,19311971,27285257299.5,291792,10743452,55.63,0.011083921117028828
RELIANCE,EQ,2026-03-09,1404.8,1375.0,1429.4,1370.0,1418.6,1424.0,1404.08,24870822,34920585822.3,363998,11723015,47.14,0.013667425968109326
RELIANCE,EQ,2026-03-10,1424.0,1430.6,1431.5,1400.6,1410.9,1408.8,1410.92,18071259,25497167382.5,266712,6133565,33.94,-0.010674157303370846
RELIANCE,EQ,2026-03-11,1408.8,1424.9,1434.0,1383.6,1386.8,1390.2,1402.95,21848087,30651692543.4,358595,9837323,45.03,-0.01320272572402037
RELIANCE,EQ,2026-03-12,1390.2,1390.0,1410.9,1381.1,1390.0,1392.2,1397.56,20939959,29264877793.7,370385,8971814,42.85,0.0014386419220255853
RELIANCE,EQ,2026-03-13,1392.2,1385.2,1400.8,1378.4,1382.1,1380.7,1388.25,17265090,23968236254.7,315335,8282491,47.97,-0.008260307427093827
RELIANCE,EQ,2026-03-16,1380.7,1380.0,1397.3,1363.5,1394.0,1395.1,1384.52,22837802,31619378231.5,293132,12205501,53.44,0.010429492286521125
RELIANCE,EQ,2026-03-17,1395.1,1399.0,1405.9,1388.2,1394.8,1397.6,1398.21,19007744,26576882526.6,273340,6726169,35.39,0.0017919862375457285
RELIANCE,EQ,2026-03-18,1397.6,1397.2,1412.9,1397.2,1407.2,1408.1,1408.59,9559327,13465178867.7,212371,5294209,55.38,0.007512879221522661
RELIANCE,EQ,2026-03-19,1408.1,1388.0,1415.7,1376.1,1392.0,1384.8,1394.72,16498373,23010687830.5,305792,6933893,42.03,-0.016547120232937917
RELIANCE,EQ,2026-03-20,1384.8,1398.0,1430.0,1396.1,1413.6,1414.4,1418.94,22994918,32628466606.5,315139,12900815,56.1,0.02137492778740624
RELIANCE,EQ,2026-03-23,1414.4,1400.0,1415.6,1391.0,1404.0,1407.8,1404.46,18979554,26655971496.8,385355,12347858,65.06,-0.0046662895927602754
RELIANCE,EQ,2026-03-24,1407.8,1420.0,1422.4,1406.6,1414.0,1411.8,1413.2,18620893,26315089062.4,304313,9406770,50.52,0.0028413126864610394
RELIANCE,EQ,2026-03-25,1411.8,1420.0,1430.5,1408.4,1413.8,1413.1,1418.75,19041331,27014940455.5,313024,9035741,47.45,0.0009208103130755596
RELIANCE,EQ,2026-03-27,1413.1,1401.0,1404.7,1345.0,1348.0,1348.1,1359.97,23266517,31641734742.5,546051,12576544,54.05,-0.04599816007359703
RELIANCE,EQ,2026-03-30,1348.1,1335.0,1365.0,1334.1,1348.3,1343.9,1347.25,24393861,32864544984.7,426526,11425618,46.84,-0.0031154958830945656
RELIANCE,EQ,2026-04-01,1343.9,1384.2,1384.4,1362.9,1369.5,1369.2,1372.02,14404619,19763387955.3,241179,7282785,50.56,0.018825805491480052
RELIANCE,EQ,2026-04-02,1369.2,1357.0,1358.2,1328.0,1350.9,1350.5,1346.65,21280051,28656873097.2,335321,8175832,38.42,-0.013657610283377197
RELIANCE,EQ,2026-04-06,1350.5,1359.0,1359.0,1290.0,1306.0,1304.7,1306.37,29274881,38243783551.0,584670,14516258,49.59,-0.033913365420214725
RELIANCE,EQ,2026-04-07,1304.7,1295.0,1308.3,1291.0,1307.3,1304.6,1298.73,28388922,36869641751.6,364146,13097750,46.14,-7.664597225420788e-05
RELIANCE,EQ,2026-04-08,1304.6,1349.0,1350.6,1326.2,1349.4,1347.8,1343.02,21817543,29301422736.4,434059,10468433,47.98,0.033113598037712855
RELIANCE,EQ,2026-04-09,1347.8,1346.0,1350.0,1326.3,1330.0,1330.0,1333.26,20725390,27632249237.2,277395,7504004,36.21,-0.013206707226591452
RELIANCE,EQ,2026-04-10,1330.0,1337.0,1352.3,1331.5,1350.0,1350.2,1346.97,19364461,26083304335.7,228260,11281336,58.26,0.015187969924812084
RELIANCE,EQ,2026-04-13,1350.2,1321.2,1327.6,1310.0,1314.0,1315.1,1316.46,28753269,37852516273.6,456747,14244342,49.54,-0.02599614871870848
RELIANCE,EQ,2026-04-15,1315.1,1337.0,1347.0,1334.2,1342.9,1344.1,1340.02,15313779,20520818325.6,259818,7805326,50.97,0.022051555014827695
RELIANCE,EQ,2026-04-16,1344.1,1352.0,1353.8,1330.0,1345.9,1343.3,1338.46,30211012,40436195396.3,333177,8252499,27.32,-0.0005951938099842957
RELIANCE,EQ,2026-04-17,1343.3,1340.0,1368.4,1340.0,1364.9,1365.0,1359.14,13869105,18850089777.3,226433,6045217,43.59,0.01615424700364776
RELIANCE,EQ,2026-04-20,1365.0,1363.2,1373.0,1352.8,1361.1,1363.3,1365.92,13614733,18596570380.6,240331,5936535,43.6,-0.0012454212454212632
RELIANCE,EQ,2026-04-21,1363.3,1359.0,1369.8,1350.1,1354.9,1353.3,1356.6,27293629,37026449570.4,297701,13024765,47.72,-0.007335142668524863
RELIANCE,EQ,2026-04-22,1353.3,1350.3,1366.0,1349.1,1362.0,1362.1,1360.4,9525953,12959100398.9,153909,5874226,61.67,0.006502623217320647
RELIANCE,EQ,2026-04-23,1362.1,1346.0,1355.5,1340.7,1344.4,1343.4,1347.84,16385079,22084484854.7,209218,8010941,48.89,-0.013728801115923783
RELIANCE,EQ,2026-04-24,1343.4,1340.0,1345.9,1325.0,1331.0,1327.8,1333.01,11744802,15655932416.2,197088,8024498,68.32,-0.011612326931666028
RELIANCE,EQ,2026-04-27,1327.8,1313.0,1371.6,1311.0,1370.0,1365.8,1346.48,24673098,33221715766.8,301732,15984680,64.79,0.028618767886730012
RELIANCE,EQ,2026-04-28,1365.8,1358.0,1395.2,1357.0,1393.0,1388.9,1380.39,41027699,56634360964.6,371160,26885393,65.53,0.016913164445746087
RELIANCE,EQ,2026-04-29,1388.9,1392.0,1433.8,1391.3,1430.0,1425.4,1418.23,30542143,43315858969.9,377101,20507763,67.15,0.026279789761681993
RELIANCE,EQ,2026-04-30,1425.4,1409.0,1437.0,1393.1,1436.0,1430.8,1416.42,30957881,43849430496.9,364569,16283197,52.6,0.0037884102708010126
RELIANCE,EQ,2026-05-04,1430.8,1433.4,1467.4,1433.4,1467.2,1463.1,1454.0,24035700,34947863091.0,417403,16691429,69.44,0.022574783337992788
RELIANCE,EQ,2026-05-05,1463.1,1460.0,1473.4,1450.0,1462.5,1463.6,1461.45,23543341,34407523385.1,312401,10544782,44.79,0.00034174014079702
RELIANCE,EQ,2026-05-06,1463.6,1463.0,1473.3,1427.5,1438.7,1437.9,1444.41,14221786,20542051719.1,282129,6769167,47.6,-0.017559442470620246
RELIANCE,EQ,2026-05-07,1437.9,1438.8,1449.5,1430.3,1435.5,1436.2,1438.64,19816903,28509373904.5,286996,4261570,21.5,-0.0011822797134710683
RELIANCE,EQ,2026-05-08,1436.2,1426.0,1442.8,1417.5,1436.0,1435.2,1428.37,8663105,12374131086.6,173992,4635608,53.51,-0.0006962818548948979
RELIANCE,EQ,2026-05-11,1435.2,1420.0,1428.0,1382.0,1385.3,1388.2,1402.78,15261787,21408932295.6,240591,9376027,61.43,-0.03274804905239692
RELIANCE,EQ,2026-05-12,1388.2,1392.0,1393.5,1360.3,1366.5,1364.0,1375.76,24357500,33509995739.5,405245,10240938,42.04,-0.017432646592710044
RELIANCE,EQ,2026-05-13,1364.0,1361.4,1372.4,1352.4,1361.2,1358.8,1360.83,13797989,18776783797.9,253418,8419138,61.02,-0.0038123167155426074
RELIANCE,EQ,2026-05-14,1358.8,1365.2,1378.0,1358.4,1368.5,1361.8,1365.93,17303059,23634693081.4,312686,8049788,46.52,0.0022078304386223824
RELIANCE,EQ,2026-05-15,1361.8,1356.8,1364.8,1329.2,1339.0,1336.4,1339.37,19976192,26755567751.4,276450,13447636,67.32,-0.018651784402995975
RELIANCE,EQ,2026-05-18,1336.4,1334.0,1342.0,1318.7,1335.0,1335.9,1333.44,13022473,17364734585.6,224065,7474197,57.39,-0.00037413947919784363
RELIANCE,EQ,2026-05-19,1335.9,1338.7,1344.0,1318.4,1322.8,1322.7,1332.15,21665501,28861686347.3,339757,9343867,43.13,-0.009880979115203248
RELIANCE,EQ,2026-05-20,1322.7,1318.7,1362.9,1312.6,1360.3,1359.7,1345.23,13248515,17822310858.2,227919,6957215,52.51,0.027973085355711858
RELIANCE,EQ,2026-05-21,1359.7,1367.2,1370.9,1345.2,1349.0,1349.6,1352.83,17150630,23201823031.7,275605,6676740,38.93,-0.007428109141722539
RELIANCE,EQ,2026-05-22,1349.6,1350.0,1367.4,1349.1,1358.0,1354.5,1357.24,7105813,9644325563.8,163887,4083826,57.47,0.0036307053941908585
RELIANCE,EQ,2026-05-25,1354.5,1366.8,1371.1,1357.0,1366.4,1367.0,1363.11,6750071,9201071110.9,139554,3921477,58.1,0.009228497600590524
RELIANCE,EQ,2026-05-26,1367.0,1360.1,1368.5,1352.4,1357.0,1356.3,1359.22,13769747,18716137070.8,148444,5055467,36.71,-0.007827359180687665
RELIANCE,EQ,2026-05-27,1356.3,1353.0,1361.0,1348.6,1352.0,1350.5,1354.62,13215138,17901499784.8,230257,4698429,35.55,-0.004276340042763338
RELIANCE,EQ,2026-05-29,1350.5,1364.0,1369.0,1317.0,1321.9,1321.2,1330.58,42634247,56728419201.1,309971,31551860,74.01,-0.02169566827101066
RELIANCE,EQ,2026-06-01,1321.2,1332.5,1335.5,1318.5,1320.2,1320.0,1324.32,10700603,14170974474.5,212031,6460846,60.38,-0.0009082652134423386
RELIANCE,EQ,2026-06-02,1320.0,1307.7,1327.8,1300.3,1321.0,1314.6,1313.43,23302785,30606599536.0,362323,9705177,41.65,-0.004090909090909145
RELIANCE,EQ,2026-06-03,1314.6,1315.0,1324.0,1301.0,1312.6,1313.2,1309.61,20012293,26208226472.8,380780,10865825,54.3,-0.0010649627263045192
RELIANCE,EQ,2026-06-04,1313.2,1301.0,1311.2,1293.1,1308.0,1303.7,1303.16,23474327,30590735365.6,318716,9510596,40.51,-0.007234236978373443
RELIANCE,EQ,2026-06-05,1303.7,1304.5,1306.0,1288.0,1291.4,1291.0,1294.8,17785223,23028393410.0,356802,11637226,65.43,-0.009741504947457291
RELIANCE,EQ,2026-06-08,1291.0,1277.0,1282.6,1259.2,1262.8,1263.3,1271.9,16494759,20979689703.1,303591,9936414,60.24,-0.021456235476374985
RELIANCE,EQ,2026-06-09,1263.3,1269.0,1274.2,1257.5,1272.3,1269.2,1264.75,23620214,29873731086.3,273651,11824048,50.06,0.004670307923692052
RELIANCE,EQ,2026-06-10,1269.2,1275.0,1300.5,1254.4,1258.7,1258.8,1274.15,21012796,26773474717.2,307301,9317948,44.34,-0.008194138039710142
RELIANCE,EQ,2026-06-11,1258.8,1258.0,1276.0,1253.2,1264.5,1263.0,1265.78,13117486,16603791532.6,208052,5212340,39.74,0.003336510962821837
RELIANCE,EQ,2026-06-12,1263.0,1277.0,1297.0,1262.5,1296.4,1293.0,1277.16,11988785,15311601155.2,196811,6180742,51.55,0.02375296912114022
RELIANCE,EQ,2026-06-15,1293.0,1315.3,1325.0,1303.3,1306.5,1307.0,1311.06,18633321,24429312588.7,220103,10630134,57.05,0.010827532869296164
RELIANCE,EQ,2026-06-16,1307.0,1313.4,1333.4,1306.4,1328.6,1328.8,1326.71,18513223,24561659086.4,268584,8733475,47.17,0.016679418515684663
RELIANCE,EQ,2026-06-17,1328.8,1333.0,1334.0,1317.0,1332.1,1332.7,1328.97,10029170,13328474070.8,223240,5003254,49.89,0.002934978928356591
RELIANCE,EQ,2026-06-18,1332.7,1330.0,1333.9,1322.0,1331.0,1328.1,1327.75,15494549,20572897900.8,210055,6234754,40.24,-0.0034516395287762514
RELIANCE,EQ,2026-06-19,1328.1,1328.0,1338.2,1305.3,1311.5,1309.5,1317.76,24887034,32795056305.4,271929,14095366,56.64,-0.014004969505308273
RELIANCE,EQ,2026-06-22,1309.5,1316.7,1344.9,1314.1,1324.7,1326.5,1333.48,12931213,17243520821.4,261143,5782937,44.72,0.012982054219167649
RELIANCE,EQ,2026-06-23,1326.5,1328.9,1333.0,1304.0,1306.0,1309.5,1318.19,15400184,20300411366.4,184704,8479383,55.06,-0.012815680361854542
RELIANCE,EQ,2026-06-24,1309.5,1305.7,1322.0,1297.5,1313.4,1313.6,1312.24,11030917,14475176030.9,181859,6021744,54.59,0.0031309660175637966
RELIANCE,EQ,2026-06-25,1313.6,1318.0,1328.0,1314.6,1316.5,1318.1,1320.81,12694362,16766828496.7,226862,7014422,55.26,0.003425700365408124
RELIANCE,EQ,2026-06-29,1318.1,1308.0,1313.7,1292.6,1302.3,1301.0,1302.94,13757656,17925371908.1,233886,8969596,65.2,-0.012973219027387795
RELIANCE,EQ,2026-06-30,1301.0,1306.9,1306.9,1290.0,1294.5,1293.9,1295.14,15695263,20327586926.9,213627,8704168,55.46,-0.005457340507301955
RELIANCE,EQ,2026-07-01,1293.9,1298.9,1312.2,1296.5,1306.5,1308.0,1307.11,7001401,9151570032.2,149608,3773191,53.89,0.01089728727104089
RELIANCE,EQ,2026-07-02,1308.0,1310.0,1313.2,1299.0,1301.9,1303.5,1303.94,17795024,23203584205.1,331954,10336425,58.09,-0.0034403669724770714
RELIANCE,EQ,2026-07-03,1303.5,1312.0,1312.0,1302.0,1305.0,1304.0,1305.14,7839550,10231733311.4,209968,5182007,66.1,0.0003835826620637306
RELIANCE,EQ,2026-07-06,1304.0,1304.0,1325.6,1299.4,1321.7,1321.3,1316.79,7610709,10021698838.7,210015,4107659,53.97,0.013266871165644067
RELIANCE,EQ,2026-07-07,1321.3,1323.5,1328.0,1304.1,1305.0,1308.4,1314.21,14335554,18839874763.2,262924,7655322,53.4,-0.009763112086581316
RELIANCE,EQ,2026-07-08,1308.4,1297.0,1302.3,1271.6,1274.9,1275.9,1284.32,19960868,25636141483.5,368557,11407500,57.15,-0.024839498624273926
RELIANCE,EQ,2026-07-09,1275.9,1277.1,1296.5,1274.2,1280.9,1279.8,1286.53,14651963,18850219782.4,279312,5180456,35.36,0.0030566658829060955
RELIANCE,EQ,2026-07-10,1279.8,1291.9,1311.1,1287.8,1310.0,1307.8,1301.71,8412537,10950723928.2,143317,4683839,55.68,0.021878418502891073
RELIANCE,EQ,2026-07-13,1307.8,1300.0,1306.4,1295.0,1297.0,1296.9,1299.42,9488352,12329316771.2,227014,5166377,54.45,-0.008334607738186173
RELIANCE,EQ,2026-07-14,1296.9,1290.0,1308.0,1286.9,1295.0,1293.0,1296.78,13511284,17521220474.2,231407,4897495,36.25,-0.0030071709461023666
RELIANCE,EQ,2026-07-15,1293.0,1294.1,1310.9,1294.1,1296.0,1295.5,1300.25,9577965,12453701323.8,189291,5093114,53.18,0.0019334880123742515
RELIANCE,EQ,2026-07-16,1295.5,1295.5,1309.4,1291.8,1300.0,1296.6,1301.2,15631046,20339050955.8,219816,8745884,55.95,0.0008490930142801556
RELIANCE,EQ,2026-07-17,1296.6,1300.0,1330.3,1296.1,1328.8,1327.2,1321.39,18302218,24184386410.4,257494,11508344,62.88,0.023600185099491133
RELIANCE,EQ,2026-07-20,1327.2,1317.2,1345.9,1314.9,1321.9,1323.1,1330.16,14305844,19029041193.9,221661,6652359,46.5,-0.0030892103676914973
RELIANCE,EQ,2026-07-21,1323.1,1321.0,1326.9,1302.7,1304.6,1303.7,1309.52,12753410,16700809195.3,204419,7494948,58.77,-0.014662534955785511
RELIANCE,EQ,2026-07-22,1303.7,1302.0,1304.6,1280.7,1284.0,1288.6,1291.01,10840383,13995001337.7,225591,7623313,70.32,-0.011582419268236666
RELIANCE,EQ,2026-07-23,1288.6,1283.0,1287.3,1268.0,1272.6,1272.2,1275.97,12580741,16052696292.6,240048,7246752,57.6,-0.012726990532360594
RELIANCE,EQ,2026-07-24,1272.2,1265.0,1283.4,1249.8,1280.5,1278.0,1274.32,9817000,12509975780.1,240418,5777734,58.85,0.004559031598805108
RELIANCE,EQ,2026-07-27,1278.0,1288.2,1288.7,1278.0,1281.0,1280.0,1281.07,7163132,9176506048.7,130094,4761835,66.48,0.0015649452269170805
RELIANCE,EQ,2026-07-28,1280.0,1275.0,1279.2,1265.9,1271.7,1267.7,1271.03,9312184,11836095240.8,233124,6136279,65.9,-0.00960937499999992
RELIANCE,EQ,2026-07-29,1267.7,1275.0,1282.4,1268.7,1277.1,1275.9,1275.55,9448307,12051805840.6,193119,5843381,61.85,0.006468407351897243
RELIANCE,EQ,2026-07-30,1275.9,1279.8,1297.0,1275.3,1289.4,1292.9,1290.41,12158451,15689434967.6,209491,5286226,43.48,0.013323928207539693
RELIANCE,EQ,2026-07-31,1292.9,1295.0,1309.7,1293.6,1305.0,1307.8,1303.09,8624996,11239164495.9,142746,5632148,65.3,0.011524479851496627
RELIANCE,EQ,2026-08-03,1307.8,1315.2,1319.0,1306.0,1319.0,1319.0,1311.09,7508023,9843685449.4,158782,4864043,64.78,0.008564000611714473
RELIANCE,EQ,2026-08-04,1319.0,1315.0,1315.0,1286.4,1290.9,1290.9,1296.35,10759546,13948179020.5,216789,5281866,49.09,-0.02130401819560268
RELIANCE,EQ,2026-08-05,1290.9,1293.0,1299.0,1270.1,1280.0,1280.0,1280.84,24820782,31791472335.4,355243,16901245,68.09,-0.008443721434658102
RELIANCE,EQ,2026-08-06,1280.0,1285.0,1325.2,1281.2,1325.0,1325.0,1313.24,20342297,26714270356.2,279507,10551876,51.87,0.03515625
RELIANCE,EQ,2026-08-07,1325.0,1320.0,1337.0,1316.6,1334.8,1334.8,1329.09,9885638,13138878797.8,161575,5187857,52.48,0.007396226415094409
RELIANCE,EQ,2026-08-10,1334.8,1330.1,1332.9,1321.3,1327.3,1327.3,1326.94,8207102,10890305339.4,160982,5393844,65.72,-0.005618819298771394
RELIANCE,EQ,2026-08-11,1327.3,1326.6,1328.7,1314.1,1323.9,1323.9,1322.58,9953124,13163770084.2,121384,4398099,44.19,-0.002561591200180735
RELIANCE,EQ,2026-08-12,1323.9,1323.9,1329.0,1309.2,1329.0,1329.0,1316.33,7901012,10400335523.9,129875,4165584,52.72,0.0038522547020167774
RELIANCE,EQ,2026-08-13,1329.0,1327.8,1327.8,1307.2,1317.0,1317.0,1313.84,9397301,12346553928.4,147799,4954244,52.72,-0.009029345372460473
RELIANCE,EQ,2026-08-14,1317.0,1317.0,1317.5,1301.5,1310.0,1310.0,1308.27,10497358,13733404720.5,138435,7602445,72.42,-0.005315110098709219
RELIANCE,EQ,2026-08-17,1310.0,1314.0,1320.8,1298.1,1316.0,1316.0,1308.63,13383867,17514489451.0,208057,8534220,63.76,0.004580152671755711
RELIANCE,EQ,2026-08-18,1316.0,1314.0,1328.6,1311.2,1322.0,1322.0,1322.76,10180567,13466467033.1,198021,5641717,55.42,0.004559270516717229
RELIANCE,EQ,2026-08-19,1322.0,1320.3,1321.6,1303.5,1311.0,1311.0,1312.86,7489365,9832451637.5,160390,4352516,58.12,-0.008320726172465931
RELIANCE,EQ,2026-08-20,1311.0,1315.5,1316.5,1307.0,1313.2,1313.2,1312.27,5546227,7278168655.0,125718,2637500,47.55,0.0016781083142638487
RELIANCE,EQ,2026-08-21,1313.2,1314.0,1316.0,1308.0,1316.0,1316.0,1311.2,5434871,7126221067.3,92200,3403581,62.62,0.002132196162046851
RELIANCE,EQ,2026-08-24,1316.0,1316.6,1320.0,1302.4,1309.8,1309.8,1307.91,7277167,9517855656.3,135944,4653509,63.95,-0.004711246200607921
RELIANCE,EQ,2026-08-25,1309.8,1304.3,1317.1,1300.0,1317.0,1317.0,1305.89,7115355,9291891624.7,104584,3766609,52.94,0.005497022446175004
RELIANCE,EQ,2026-08-26,1317.0,1310.0,1315.6,1298.0,1298.0,1298.0,1305.66,5744474,7500340576.2,99432,3668643,63.86,-0.014426727410782103
RELIANCE,EQ,2026-08-27,1298.0,1305.0,1308.4,1282.2,1282.2,1282.2,1292.18,11271497,14564825828.9,218067,6282905,55.74,-0.012172573189522362
RELIANCE,EQ,2026-08-28,1282.2,1284.9,1291.8,1280.0,1287.0,1287.0,1284.52,6830228,8773545135.7,166675,4052582,59.33,0.0037435657463733563
RELIANCE,EQ,2026-08-31,1287.0,1278.7,1297.6,1271.0,1277.0,1277.0,1278.43,34871137,44580283834.5,244866,30329813,86.98,-0.007770007770007803
RELIANCE,EQ,2026-09-01,1277.0,1285.0,1311.8,1280.0,1309.0,1309.0,1299.72,12617528,16399280651.7,187471,7456999,59.1,0.025058731401722767
RELIANCE,EQ,2026-09-02,1309.0,1298.0,1321.9,1293.1,1313.1,1313.1,1308.95,13497841,17668058961.2,196257,8462199,62.69,0.003132161955691215
RELIANCE,EQ,2026-09-03,1313.1,1313.1,1316.8,1302.5,1302.5,1302.5,1308.7,9721454,12722456176.5,158231,5306274,54.58,-0.008072500190389076
RELIANCE,EQ,2026-09-04,1302.5,1304.1,1333.0,1304.1,1322.0,1322.0,1326.29,13031534,17283587823.9,181295,8600946,66.0,0.01497120921305184
RELIANCE,EQ,2026-09-07,1322.0,1323.1,1324.2,1301.9,1309.5,1309.5,1308.83,10210522,13363875854.6,231898,6969619,68.26,-0.009455370650529482
RELIANCE,EQ,2026-09-08,1309.5,1304.1,1306.8,1288.0,1294.9,1294.9,1294.18,9799528,12682321399.5,183733,5713748,58.31,-0.011149293623520351
RELIANCE,EQ,2026-09-09,1294.9,1283.5,1294.7,1277.2,1279.0,1279.0,1285.95,12152819,15627965472.1,248577,7684696,63.23,-0.012278940458722798
RELIANCE,EQ,2026-09-10,1279.0,1278.5,1285.3,1266.3,1274.0,1274.0,1273.47,9296079,11838269882.3,179169,5049468,54.32,-0.003909304143862369
RELIANCE,EQ,2026-09-11,1274.0,1267.0,1267.4,1253.0,1257.5,1257.5,1259.27,8777736,11053501876.9,231742,4061266,54.5,-0.01295133437990581
