symbol,series,trade_date,prev_close,open_price,high_price,low_price,last_price,close_price,average_price,total_traded_quantity,turnover_inr,no_of_trades,deliverable_qty,deliverable_pct,daily_return
SBIN,EQ,2021-09-13,432.3,430.1,433.8,428.8,432.95,432.85,431.52,9567921,4128785656.45,124293,3430248,35.85,
SBIN,EQ,2021-09-14,432.85,435.0,436.75,432.25,432.95,433.0,434.37,9981562,4335668388.45,119218,4167481,41.75,0.0003465403719533633
SBIN,EQ,2021-09-15,433.0,433.0,445.0,431.45,444.2,443.85,439.44,22181568,9747550178.0,227051,8683362,39.15,0.025057736720554225
SBIN,EQ,2021-09-16,443.85,444.85,466.1,442.75,465.0,463.7,455.79,42637448,19433511482.4,389525,14981767,35.14,0.04472231609778077
SBIN,EQ,2021-09-17,463.7,468.0,471.9,450.35,453.25,454.1,459.32,41529478,19075457112.55,365811,14905679,35.89,-0.020703040759111446
SBIN,EQ,2021-09-20,454.1,449.4,453.5,435.65,436.9,437.45,444.85,18376916,8174909143.45,224634,5361436,29.17,-0.03666593261396178
SBIN,EQ,2021-09-21,437.45,440.15,441.35,432.65,439.55,438.8,436.88,17279588,7549077506.2,187042,5134035,29.71,0.003086066979083313
SBIN,EQ,2021-09-22,438.8,438.9,442.8,436.1,439.9,438.85,439.41,14321143,6292868435.2,163766,5430263,37.92,0.00011394712853229905
SBIN,EQ,2021-09-23,438.85,442.4,451.15,442.05,450.0,449.8,448.38,20516770,9199216292.7,205927,8211883,40.03,0.024951577987923024
SBIN,EQ,2021-09-24,449.8,451.1,451.9,440.0,440.65,440.75,443.93,10731274,4763973709.0,131592,2970394,27.68,-0.020120053357047585
SBIN,EQ,2021-09-27,440.75,444.9,450.55,442.25,446.0,446.6,447.06,11746892,5251571390.7,153034,3999470,34.05,0.013272830402722757
SBIN,EQ,2021-09-28,446.6,449.2,455.8,439.6,444.65,444.9,448.31,19241170,8626038318.15,199169,5139742,26.71,-0.0038065382892970012
SBIN,EQ,2021-09-29,444.9,441.85,462.3,439.1,459.7,460.0,455.43,38635938,17595781811.2,276232,17529709,45.37,0.03394021128343461
SBIN,EQ,2021-09-30,460.0,459.95,464.9,451.4,453.0,453.0,456.78,26530369,12118427234.5,263399,9267354,34.93,-0.01521739130434785
SBIN,EQ,2021-10-01,453.0,448.5,455.55,443.8,452.0,451.65,451.04,14777309,6665106556.2,155872,4497093,30.43,-0.00298013245033113
SBIN,EQ,2021-10-04,451.65,453.8,464.4,451.6,462.5,463.15,459.53,16246765,7465819749.15,165717,6123342,37.69,0.02546219417690687
SBIN,EQ,2021-10-05,463.15,462.0,469.0,458.7,463.7,464.7,462.56,16487568,7626535668.6,173621,6198603,37.6,0.003346647954226567
SBIN,EQ,2021-10-06,464.7,465.0,471.0,453.65,456.85,457.2,462.34,19056690,8810609278.2,212608,5674001,29.77,-0.016139444803098812
SBIN,EQ,2021-10-07,457.2,462.1,464.0,457.1,458.8,457.9,460.4,9984651,4596945034.65,125318,2461134,24.65,0.0015310586176726648
SBIN,EQ,2021-10-08,457.9,461.9,464.0,454.25,460.05,458.0,458.23,16521128,7570506024.8,203056,5292617,32.04,0.00021838829438736163
SBIN,EQ,2021-10-11,458.0,460.0,474.95,458.65,470.0,469.25,467.63,20686981,9673941458.6,216624,5870213,28.38,0.024563318777292675
SBIN,EQ,2021-10-12,469.25,470.0,484.4,468.1,483.0,483.0,477.21,33763609,16112473783.15,358816,10524930,31.17,0.029302077783697422
SBIN,EQ,2021-10-13,483.0,486.15,486.15,478.0,480.3,481.7,482.03,17638983,8502569064.6,193982,6171965,34.99,-0.0026915113871636143
SBIN,EQ,2021-10-14,481.7,482.0,493.9,482.0,489.0,490.6,489.36,23431826,11466700420.4,285093,9203608,39.28,0.018476230018683815
SBIN,EQ,2021-10-18,490.6,494.0,501.0,491.7,496.95,497.95,496.52,20084248,9972248131.0,242361,6957051,34.64,0.0149816551161841
SBIN,EQ,2021-10-19,497.95,500.35,504.2,483.25,488.7,488.2,496.47,20645100,10249603940.75,222035,6902634,33.43,-0.019580279144492452
SBIN,EQ,2021-10-20,488.2,488.8,507.5,483.1,501.2,499.9,499.79,34080545,17033273637.45,330756,9918562,29.1,0.02396558787382208
SBIN,EQ,2021-10-21,499.9,504.9,506.5,491.75,504.45,502.95,500.34,20808243,10411257991.5,237992,5557708,26.71,0.0061012202440489105
SBIN,EQ,2021-10-22,502.95,504.6,508.7,500.0,502.5,502.95,504.16,24080485,12140356949.25,226890,9118838,37.87,0.0
SBIN,EQ,2021-10-25,502.95,506.5,515.45,497.85,507.1,506.5,508.7,35619415,18119425930.15,383621,14744285,41.39,0.007058355701361929
SBIN,EQ,2021-10-26,506.5,507.6,518.2,507.6,512.75,512.55,513.42,21107457,10837079011.1,233424,6845791,32.43,0.011944718657453057
SBIN,EQ,2021-10-27,512.55,513.7,526.85,512.75,518.0,519.15,521.13,29463032,15353990567.3,301253,10494169,35.62,0.012876792508047963
SBIN,EQ,2021-10-28,519.15,519.6,520.55,497.6,503.7,501.35,508.7,28140401,14314957500.35,260970,11285902,40.11,-0.03428681498603481
SBIN,EQ,2021-10-29,501.35,501.5,512.65,488.4,504.0,502.15,502.7,31355893,15762555971.95,374125,10689375,34.09,0.001595691632591878
SBIN,EQ,2021-11-01,502.15,508.5,516.95,501.0,515.3,515.7,509.46,20679604,10535440179.85,232409,7903086,38.22,0.02698396893358579
SBIN,EQ,2021-11-02,515.7,514.8,525.0,512.05,522.0,521.7,519.23,26797820,13914285754.45,292700,8002712,29.86,0.011634671320535084
SBIN,EQ,2021-11-03,521.7,524.0,542.3,515.2,530.9,527.65,529.74,80775924,42789906386.3,664904,11296532,13.99,0.011405022043319724
SBIN,EQ,2021-11-04,527.65,531.5,535.9,528.05,530.8,530.45,532.2,9796046,5213460589.8,154034,3458640,35.31,0.00530654790107099
SBIN,EQ,2021-11-08,530.45,534.45,534.45,516.45,523.6,523.25,524.29,36802110,19294923063.55,434185,13809608,37.52,-0.013573381091526171
SBIN,EQ,2021-11-09,523.25,526.25,532.0,522.2,529.0,529.15,528.31,25451967,13446603285.85,263483,10868864,42.7,0.01127568084089825
SBIN,EQ,2021-11-10,529.15,525.55,528.5,521.5,523.7,524.4,524.92,15805538,8296660439.05,233636,6661421,42.15,-0.008976660682226245
SBIN,EQ,2021-11-11,524.4,522.85,522.85,507.1,509.9,509.6,513.93,23086898,11864947886.35,404691,8852924,38.35,-0.02822273073989312
SBIN,EQ,2021-11-12,509.6,512.0,513.0,502.7,510.95,511.35,509.0,19836221,10096685240.65,259734,8187869,41.28,0.003434065934065922
SBIN,EQ,2021-11-15,511.35,512.4,515.9,505.5,507.4,506.55,509.14,13328183,6785900980.1,186098,4698458,35.25,-0.009386916984452931
SBIN,EQ,2021-11-16,506.55,507.4,507.4,493.5,494.25,495.1,499.96,19553216,9775879787.0,292914,7277609,37.22,-0.022603889053400383
SBIN,EQ,2021-11-17,495.1,493.85,505.4,491.0,497.6,498.15,500.32,20488483,10250837191.3,275972,6509080,31.77,0.006160371642092377
SBIN,EQ,2021-11-18,498.15,499.1,506.2,492.3,503.35,503.8,500.73,22471070,11251912236.4,276780,5423193,24.13,0.01134196527150455
SBIN,EQ,2021-11-22,503.8,506.0,506.0,477.5,487.0,486.4,489.05,28800269,14084766587.35,383770,10288095,35.72,-0.034537514886859966
SBIN,EQ,2021-11-23,486.4,485.25,495.4,480.0,492.8,493.05,490.18,20000371,9803758522.3,232054,5953569,29.77,0.013671875
SBIN,EQ,2021-11-24,493.05,495.8,500.0,489.05,490.0,493.15,496.27,13963769,6929791180.6,194560,4485951,32.13,0.00020281918669495802
SBIN,EQ,2021-11-25,493.15,490.0,495.45,486.3,492.0,490.55,491.77,12894211,6340926155.95,160207,3660492,28.39,-0.005272229544763141
SBIN,EQ,2021-11-26,490.55,486.25,487.9,467.1,470.0,470.5,475.02,26305817,12495659021.25,379366,11254640,42.78,-0.04087249006217508
SBIN,EQ,2021-11-29,470.5,470.0,477.75,454.3,466.2,465.1,467.79,22407465,10481942195.9,310952,5587894,24.94,-0.011477151965993526
SBIN,EQ,2021-11-30,465.1,468.0,477.25,458.0,459.1,460.55,467.26,23026652,10759512051.1,283930,7607689,33.04,-0.009782842399484015
SBIN,EQ,2021-12-01,460.55,464.45,477.25,464.0,475.9,475.3,470.57,17156956,8073474431.45,192988,4405161,25.68,0.032026924329605855
SBIN,EQ,2021-12-02,475.3,474.5,478.15,470.95,477.6,477.0,474.72,12962679,6153583482.7,189218,3824707,29.51,0.0035766884073216154
SBIN,EQ,2021-12-03,477.0,475.75,481.5,470.05,471.95,473.15,475.9,16653993,7925628412.65,198060,5089665,30.56,-0.008071278825995898
SBIN,EQ,2021-12-06,473.15,473.15,477.0,463.8,464.95,465.3,470.81,14353300,6757642219.95,187905,5142334,35.83,-0.016590933107893835
SBIN,EQ,2021-12-07,465.3,469.2,479.7,469.2,476.85,476.7,475.06,13644942,6482189411.35,179255,3479596,25.5,0.024500322372662753
SBIN,EQ,2021-12-08,476.7,480.9,492.4,480.25,490.6,491.55,487.45,20397660,9942865186.3,237922,7479972,36.67,0.03115166771554434
SBIN,EQ,2021-12-09,491.55,492.3,493.5,486.1,487.8,488.65,489.02,12560970,6142560356.1,159836,3304118,26.3,-0.005899705014749346
SBIN,EQ,2021-12-10,488.65,488.5,495.95,484.4,494.8,494.7,489.64,13261408,6493375283.0,148459,4228388,31.88,0.012381049831167612
SBIN,EQ,2021-12-13,494.7,497.75,500.45,486.35,488.5,487.8,493.46,14047645,6931947610.0,207621,5508506,39.21,-0.013947847180109108
SBIN,EQ,2021-12-14,487.8,486.0,490.35,481.8,488.25,488.55,486.65,11642447,5665850327.65,152297,3010173,25.86,0.0015375153751537862
SBIN,EQ,2021-12-15,488.55,490.0,491.0,483.5,484.35,484.8,487.35,8639835,4210628131.15,127451,2759744,31.94,-0.007675775253300543
SBIN,EQ,2021-12-16,484.8,488.35,490.55,478.25,482.0,481.15,482.82,11107781,5363030502.9,138481,3605289,32.46,-0.007528877887788887
SBIN,EQ,2021-12-17,481.15,480.05,481.4,466.5,468.3,467.8,471.1,12648603,5958794559.65,182619,4161837,32.9,-0.027746025148082665
SBIN,EQ,2021-12-20,467.8,459.0,464.0,443.0,450.9,449.2,449.66,22336114,10043653287.2,401072,9198460,41.18,-0.039760581445062004
SBIN,EQ,2021-12-21,449.2,457.05,458.25,444.5,447.3,446.0,452.06,16617447,7512089959.0,276029,6591707,39.67,-0.007123775601068583
SBIN,EQ,2021-12-22,446.0,450.0,457.3,449.0,456.15,455.85,453.67,13102553,5944255120.25,170711,4026674,30.73,0.022085201793722087
SBIN,EQ,2021-12-23,455.85,461.0,465.0,457.75,460.7,461.8,461.46,14471377,6678004894.25,196406,5413589,37.41,0.013052539212460301
SBIN,EQ,2021-12-24,461.8,462.6,463.6,452.2,457.25,456.95,456.35,13221159,6033444238.0,139530,3808688,28.81,-0.010502381983542697
SBIN,EQ,2021-12-27,456.95,453.7,460.5,450.55,459.4,458.05,456.62,8856482,4044023092.9,133445,1179518,13.32,0.0024072655651603547
SBIN,EQ,2021-12-28,458.05,461.2,462.9,459.05,460.55,461.2,461.1,8832210,4072492143.05,111561,2870018,32.49,0.006876978495797381
SBIN,EQ,2021-12-29,461.2,461.0,462.15,451.4,453.2,454.4,457.66,11757303,5380869113.55,148597,4989343,42.44,-0.014744145706851675
SBIN,EQ,2021-12-30,454.4,452.75,454.9,448.5,453.05,451.7,451.71,28879190,13045096929.05,198099,14825094,51.33,-0.005941901408450634
SBIN,EQ,2021-12-31,451.7,454.25,461.4,453.1,460.2,460.45,459.07,10005842,4593371921.95,128788,3150588,31.49,0.019371264113349662
SBIN,EQ,2022-01-03,460.45,462.0,472.0,460.1,471.5,470.8,467.17,13124509,6131388321.75,168001,4183151,31.87,0.02247801064176347
SBIN,EQ,2022-01-04,470.8,472.5,484.7,471.05,483.75,483.5,479.89,23296671,11179852628.4,246431,7667089,32.91,0.02697536108751053
SBIN,EQ,2022-01-05,483.5,481.9,495.0,479.15,491.7,492.4,489.5,24694169,12087915535.95,240463,8282621,33.54,0.01840744570837627
SBIN,EQ,2022-01-06,492.4,487.7,494.4,485.4,491.35,491.7,490.44,18190843,8921514100.8,195393,5957550,32.75,-0.0014216084484158786
SBIN,EQ,2022-01-07,491.7,493.45,501.95,489.45,491.25,491.25,495.38,22746330,11268085856.65,254165,6908394,30.37,-0.0009151921903599591
SBIN,EQ,2022-01-10,491.25,493.35,504.95,492.5,504.75,503.65,499.62,15832274,7910180279.85,178755,4821092,30.45,0.025241730279898178
SBIN,EQ,2022-01-11,503.65,503.0,507.8,499.25,505.75,505.95,504.2,16107950,8121696006.4,214059,4937902,30.66,0.0045666633574903415
SBIN,EQ,2022-01-12,505.95,509.9,513.5,508.5,509.95,510.25,511.05,14489616,7404903048.5,178769,6119939,42.24,0.008498863524063704
SBIN,EQ,2022-01-13,510.25,510.0,512.85,507.0,511.5,511.35,510.36,10450974,5333762558.5,160127,3008087,28.78,0.002155805977462011
SBIN,EQ,2022-01-14,511.35,509.0,510.35,505.15,507.75,508.35,507.82,8724574,4430518916.8,151240,3423049,39.23,-0.005866823115283082
SBIN,EQ,2022-01-17,508.35,508.0,518.9,507.55,514.2,514.0,515.37,17422211,8978884449.1,230852,7648078,43.9,0.011114389692141291
SBIN,EQ,2022-01-18,514.0,514.0,517.45,505.0,507.4,506.8,512.7,12592506,6456195519.55,144399,3657202,29.04,-0.014007782101167265
SBIN,EQ,2022-01-19,506.8,505.0,517.65,500.3,515.05,515.8,508.61,16079457,8178248303.4,190208,3368811,20.95,0.017758484609313285
SBIN,EQ,2022-01-20,515.8,516.0,519.15,508.0,511.0,511.4,513.81,17724642,9107052842.4,193420,6303752,35.56,-0.008530438154323305
SBIN,EQ,2022-01-21,511.4,505.3,507.5,498.0,504.05,502.7,503.16,16947941,8527531247.25,215520,6856629,40.46,-0.01701212358232307
SBIN,EQ,2022-01-24,502.7,502.4,506.8,488.0,493.7,494.15,497.31,20233933,10062560914.35,255220,7011152,34.65,-0.017008155957827786
SBIN,EQ,2022-01-25,494.15,490.0,517.5,489.0,513.35,514.65,507.46,21791739,11058388452.7,290929,6493271,29.8,0.04148537893352211
SBIN,EQ,2022-01-27,514.65,503.55,530.85,503.2,529.0,528.95,520.47,35409230,18429506726.9,391838,13030691,36.8,0.027785873894880186
SBIN,EQ,2022-01-28,528.95,534.0,536.4,521.4,523.3,523.45,529.78,24715250,13093592191.65,310048,8285505,33.52,-0.010397958219113379
SBIN,EQ,2022-01-31,523.45,529.0,540.9,527.05,537.95,538.3,535.63,28674232,15358865480.55,315416,12500126,43.59,0.028369471773808108
SBIN,EQ,2022-02-01,538.3,543.95,543.95,520.0,532.6,532.3,533.59,32245356,17205650890.2,330437,9701888,30.09,-0.011146201003158107
SBIN,EQ,2022-02-02,532.3,536.65,544.25,531.35,539.65,539.8,536.94,21661864,11631191094.5,222610,7685559,35.48,0.014089798985534419
SBIN,EQ,2022-02-03,539.8,537.15,544.7,537.15,540.0,540.1,540.99,22717677,12290016550.35,323435,10843133,47.73,0.0005557613931086447
SBIN,EQ,2022-02-04,540.1,542.15,546.4,527.3,529.45,530.3,535.9,25332894,13575988476.0,325989,7851720,30.99,-0.018144788002221968
SBIN,EQ,2022-02-07,530.3,531.9,549.0,525.25,533.9,533.25,538.29,52289545,28146960844.85,564783,14452562,27.64,0.00556288893079393
SBIN,EQ,2022-02-08,533.25,535.5,537.65,519.0,530.4,531.35,528.4,26567546,14038348935.45,305464,5243345,19.74,-0.0035630567276137004
SBIN,EQ,2022-02-09,531.35,534.95,536.5,527.75,536.3,535.25,532.72,14856155,7914232904.95,191210,5270035,35.47,0.007339794862143645
SBIN,EQ,2022-02-10,535.25,537.1,543.95,534.4,540.3,540.55,540.35,18659370,10082567002.45,228387,6678600,35.79,0.009901914992993754
SBIN,EQ,2022-02-11,540.55,536.25,537.7,527.1,528.25,529.6,532.27,14607095,7774921814.25,177760,5300325,36.29,-0.02025714549995361
SBIN,EQ,2022-02-14,529.6,515.0,515.6,499.7,500.25,501.4,508.66,26153332,13303247218.75,364555,7939518,30.36,-0.05324773413897288
SBIN,EQ,2022-02-15,501.4,502.0,526.85,497.1,524.0,524.8,510.42,23842951,12170005170.25,270915,4270297,17.91,0.04666932588751482
SBIN,EQ,2022-02-16,524.8,526.5,528.0,514.0,515.0,516.7,519.94,19773807,10281277420.45,223564,4403240,22.27,-0.015434451219512035
SBIN,EQ,2022-02-17,516.7,520.0,520.0,511.15,511.6,512.95,515.23,16408356,8454056421.8,183638,3775450,23.01,-0.007257596284110712
SBIN,EQ,2022-02-18,512.95,510.1,520.9,510.1,515.0,515.3,515.84,15111223,7794991046.45,167187,3302927,21.86,0.004581343210839028
SBIN,EQ,2022-02-21,515.3,511.55,517.5,504.65,511.5,511.85,511.82,16866932,8632877138.25,186884,2866305,16.99,-0.0066951290510380845
SBIN,EQ,2022-02-22,511.85,500.9,505.3,495.5,497.9,498.4,500.1,27108772,13557096740.05,285946,10603657,39.12,-0.0262772296571262
SBIN,EQ,2022-02-23,498.4,503.0,505.35,497.25,498.15,498.7,501.32,13899433,6968058858.15,174252,3804564,27.37,0.0006019261637240092
SBIN,EQ,2022-02-24,498.7,480.0,487.95,468.0,470.85,472.65,479.75,32356037,15522908575.3,430597,12979939,40.12,-0.05223581311409664
SBIN,EQ,2022-02-25,472.65,480.0,491.9,479.3,483.75,482.95,485.29,21792287,10575686869.05,245306,5880588,26.98,0.02179202369618105
SBIN,EQ,2022-02-28,482.95,476.9,485.3,473.1,483.7,483.2,479.74,18069367,8668636657.3,240076,5841695,32.33,0.0005176519308416339
SBIN,EQ,2022-03-02,483.2,478.0,479.8,467.0,475.0,474.25,473.1,22003848,10409916776.85,319620,8155846,37.07,-0.018522350993377512
SBIN,EQ,2022-03-03,474.25,480.0,483.4,464.6,466.65,467.4,470.45,20358590,9577747166.6,255355,6883546,33.81,-0.01444385872430154
SBIN,EQ,2022-03-04,467.4,460.3,470.9,457.65,462.45,461.95,464.01,20684268,9597616194.8,271479,5928253,28.66,-0.01166024818142919
SBIN,EQ,2022-03-07,461.95,447.5,453.95,433.45,441.15,440.3,439.85,33720472,14832043226.3,474609,15640955,46.38,-0.04686654399826817
SBIN,EQ,2022-03-08,440.3,438.0,442.1,425.0,440.0,440.3,434.44,42510207,18468217945.75,431966,18240018,42.91,0.0
SBIN,EQ,2022-03-09,440.3,442.0,454.3,438.55,452.3,451.7,445.45,32331325,14402086959.4,347913,12891220,39.87,0.025891437656143435
SBIN,EQ,2022-03-10,451.7,469.9,476.65,461.65,467.4,468.7,469.95,34553299,16238198015.45,328612,10431536,30.19,0.03763559884879353
SBIN,EQ,2022-03-11,468.7,466.4,474.8,462.0,470.85,470.35,470.21,22091309,10387624187.45,219456,6521011,29.52,0.0035203755067207965
SBIN,EQ,2022-03-14,470.35,471.0,486.0,470.55,485.5,485.15,480.43,27750689,13332216131.55,275270,8940086,32.22,0.03146592962687356
SBIN,EQ,2022-03-15,485.15,489.0,490.5,480.65,485.0,485.85,485.62,27204899,13211211846.75,300344,9077046,33.37,0.001442852725961119
SBIN,EQ,2022-03-16,485.85,493.0,494.3,489.4,491.95,492.75,492.21,16211288,7979296625.65,172261,6409633,39.54,0.01420191417104033
SBIN,EQ,2022-03-17,492.75,499.0,503.5,498.3,501.0,501.9,501.29,22947673,11503533276.5,221065,11450769,49.9,0.018569254185692552
SBIN,EQ,2022-03-21,501.9,502.0,502.0,489.0,490.25,490.6,493.32,19064060,9404735444.25,224101,7861269,41.24,-0.022514445108587244
SBIN,EQ,2022-03-22,490.6,490.6,495.8,477.25,495.1,493.7,486.29,26157969,12720246447.95,264129,10188906,38.95,0.006318793314308957
SBIN,EQ,2022-03-23,493.7,498.5,502.4,489.2,489.95,490.65,495.13,15800195,7823206413.75,168550,3730665,23.61,-0.006177840794004519
SBIN,EQ,2022-03-24,490.65,485.0,494.8,483.5,486.9,487.1,489.44,18174877,8895507386.05,191083,6309523,34.72,-0.007235300112096055
SBIN,EQ,2022-03-25,487.1,491.75,493.3,486.6,491.8,490.7,490.04,11541196,5655597136.55,145141,2318257,20.09,0.007390679531923627
SBIN,EQ,2022-03-28,490.7,490.95,498.6,481.95,497.75,497.5,491.67,16738684,8229888608.85,201945,4551326,27.19,0.013857754228652874
SBIN,EQ,2022-03-29,497.5,500.0,501.4,491.7,495.5,495.0,496.03,14301429,7093976888.55,149505,4400398,30.77,-0.005025125628140725
SBIN,EQ,2022-03-30,495.0,499.3,500.4,492.3,493.0,494.3,496.58,16461225,8174331159.8,196570,7485867,45.48,-0.0014141414141414232
SBIN,EQ,2022-03-31,494.3,494.3,497.55,492.2,493.3,493.55,494.45,10240982,5063610021.25,124653,3296644,32.19,-0.001517297187942579
SBIN,EQ,2022-04-01,493.55,491.0,509.75,491.0,508.0,508.2,503.37,18527226,9326126941.05,197319,6092596,32.88,0.029682909532975366
SBIN,EQ,2022-04-04,508.2,509.3,514.9,506.0,512.2,512.4,511.42,16257176,8314232026.45,198168,3713095,22.84,0.008264462809917328
SBIN,EQ,2022-04-05,512.4,514.4,516.4,507.7,508.0,509.4,512.46,13602384,6970682174.05,152569,3550320,26.1,-0.005854800936768156
SBIN,EQ,2022-04-06,509.4,507.0,515.2,506.0,512.75,513.95,510.73,13738275,7016507642.0,156632,3543860,25.8,0.008932076953278578
SBIN,EQ,2022-04-07,513.95,510.05,519.9,510.05,516.55,514.95,515.08,19620958,10106455922.15,193008,6494062,33.1,0.0019457145636734285
SBIN,EQ,2022-04-08,514.95,519.5,519.5,512.35,516.1,516.1,516.11,13572638,7004926248.3,142230,3039317,22.39,0.0022332265268472096
SBIN,EQ,2022-04-11,516.1,513.5,522.0,513.2,515.0,514.9,518.25,12370288,6410859873.85,181292,3825098,30.92,-0.002325130788606966
SBIN,EQ,2022-04-12,514.9,512.75,516.7,504.35,512.5,512.85,510.3,14460680,7379318523.1,179734,3786899,26.19,-0.0039813556030295905
SBIN,EQ,2022-04-13,512.85,514.3,520.9,513.75,517.7,517.7,517.08,15440525,7983987949.4,150224,6556852,42.47,0.009456956225017077
SBIN,EQ,2022-04-18,517.7,512.0,515.0,504.0,510.1,509.5,509.48,14492183,7383507123.1,206832,5254385,36.26,-0.015839289163608328
SBIN,EQ,2022-04-19,509.5,513.25,520.95,505.1,506.6,511.8,515.99,20362934,10507079159.65,240810,9570530,47.0,0.004514229636898959
SBIN,EQ,2022-04-20,511.8,512.0,513.7,507.0,509.2,509.3,510.2,11881305,6061830257.65,153556,3387079,28.51,-0.004884720593982039
SBIN,EQ,2022-04-21,509.3,513.4,518.0,512.2,516.9,516.3,515.24,10035638,5170807462.7,108987,3642087,36.29,0.01374435499705462
SBIN,EQ,2022-04-22,516.3,512.9,513.5,499.0,499.5,500.6,505.07,16760456,8465127370.95,208796,6463154,38.56,-0.030408677125701944
SBIN,EQ,2022-04-25,500.6,495.0,499.2,490.05,495.0,494.75,495.06,14057444,6959299074.05,186190,4213339,29.97,-0.011685976827806699
SBIN,EQ,2022-04-26,494.75,499.0,507.9,498.45,505.5,505.5,504.31,12137213,6120898078.0,158992,4814676,39.67,0.021728145528044474
SBIN,EQ,2022-04-27,505.5,500.0,502.8,491.85,497.85,497.25,496.78,12367342,6143829183.05,142885,4836551,39.11,-0.016320474777448024
SBIN,EQ,2022-04-28,497.25,499.15,510.0,496.5,507.7,507.5,503.04,12154792,6114331932.3,134713,4344540,35.74,0.020613373554549952
SBIN,EQ,2022-04-29,507.5,508.1,512.5,494.0,495.9,496.3,503.59,12894773,6493703529.65,143518,4513960,35.01,-0.022068965517241357
SBIN,EQ,2022-05-02,496.3,492.65,495.0,481.3,490.9,491.0,487.35,18590895,9060263031.45,232328,8272742,44.5,-0.010679024783397106
SBIN,EQ,2022-05-04,491.0,492.0,496.45,477.5,478.5,479.65,487.2,14645323,7135245642.5,221907,4678363,31.94,-0.023116089613034685
SBIN,EQ,2022-05-05,479.65,485.0,494.0,478.65,480.0,480.0,487.16,14130385,6883760406.35,185153,4737190,33.52,0.0007296987386635756
SBIN,EQ,2022-05-06,480.0,471.0,486.1,471.0,485.5,483.95,478.71,16710020,7999171104.8,216166,5518027,33.02,0.008229166666666732
SBIN,EQ,2022-05-09,483.95,477.1,483.7,473.8,476.45,475.9,477.81,13544947,6471855072.45,170758,5364082,39.6,-0.01663394978820132
SBIN,EQ,2022-05-10,475.9,477.0,482.55,473.5,474.0,475.2,477.99,10884328,5202612034.7,183663,3973819,36.51,-0.001470897247320857
SBIN,EQ,2022-05-11,475.2,475.25,479.0,463.65,478.4,476.55,471.45,14771351,6963938211.0,241751,4964332,33.61,0.0028409090909091717
SBIN,EQ,2022-05-12,476.55,473.0,473.0,456.35,462.7,462.65,462.77,18947096,8768075747.5,314035,6321015,33.36,-0.029167978176476872
SBIN,EQ,2022-05-13,462.65,469.45,477.0,439.75,440.5,444.65,461.88,61403008,28360528047.6,595336,21063112,34.3,-0.03890630065924561
SBIN,EQ,2022-05-16,444.65,445.0,461.5,438.85,456.0,455.0,454.93,27940958,12711054077.2,283950,8746208,31.3,0.02327673451028911
SBIN,EQ,2022-05-17,455.0,458.3,469.65,456.15,467.45,467.3,462.65,16880698,7809801121.7,206674,6120436,36.26,0.02703296703296698
SBIN,EQ,2022-05-18,467.3,467.9,468.6,457.1,458.25,458.0,463.11,15644497,7245121118.3,205591,6429531,41.1,-0.019901562165632325
SBIN,EQ,2022-05-19,458.0,449.05,450.0,444.45,449.0,447.5,447.36,14201420,6353183667.3,223399,5706783,40.18,-0.022925764192139764
SBIN,EQ,2022-05-20,447.5,454.85,464.0,454.15,462.5,462.4,460.64,13596860,6263239735.25,151413,5179315,38.09,0.03329608938547479
SBIN,EQ,2022-05-23,462.4,463.1,471.4,459.5,461.0,460.9,465.61,13499415,6285493530.75,170499,5048653,37.4,-0.0032439446366782088
SBIN,EQ,2022-05-24,460.9,462.4,466.8,460.2,463.0,462.05,463.29,17175179,7957058574.6,139005,8555677,49.81,0.002495118246908401
SBIN,EQ,2022-05-25,462.05,461.0,464.45,452.05,453.45,454.1,458.77,12728644,5839499480.45,154093,4570376,35.91,-0.017205930094145616
SBIN,EQ,2022-05-26,454.1,456.85,470.1,452.5,469.6,468.9,460.09,17055257,7846911655.75,208123,6310397,37.0,0.032591940101299066
SBIN,EQ,2022-05-27,468.9,471.4,475.0,467.5,468.0,468.95,470.69,10977001,5166782867.5,160651,2866709,26.12,0.00010663254425247182
SBIN,EQ,2022-05-30,468.95,473.0,476.9,471.1,474.8,474.6,474.04,9365470,4439626587.15,151679,3413721,36.45,0.012048192771084487
SBIN,EQ,2022-05-31,474.6,474.0,476.4,465.0,467.6,468.1,471.12,15441579,7274761527.75,149463,8086708,52.37,-0.013695743784239323
SBIN,EQ,2022-06-01,468.1,468.0,472.0,464.7,469.25,468.3,468.69,9424008,4416955450.55,119346,3343041,35.47,0.00042725913266394855
SBIN,EQ,2022-06-02,468.3,466.9,472.35,466.15,470.0,469.85,469.68,9370989,4401383675.1,114087,2829770,30.2,0.0033098441170189563
SBIN,EQ,2022-06-03,469.85,473.25,475.5,463.5,465.0,464.5,470.15,11306291,5315646218.95,114757,4956294,43.84,-0.011386612748749636
SBIN,EQ,2022-06-06,464.5,464.2,465.6,456.5,463.6,463.7,461.88,10661432,4924334007.85,137662,3701362,34.72,-0.0017222820236814096
SBIN,EQ,2022-06-07,463.7,461.85,465.95,460.5,463.95,463.4,462.95,7672515,3551990864.45,108268,2930211,38.19,-0.0006469700237222709
SBIN,EQ,2022-06-08,463.4,466.6,475.55,463.2,471.0,471.3,470.58,17168871,8079264816.6,192002,6597993,38.43,0.01704790677600343
SBIN,EQ,2022-06-09,471.3,468.95,470.9,462.45,467.2,466.95,465.94,12635601,5887439316.6,158259,5413414,42.84,-0.00922978994271173
SBIN,EQ,2022-06-10,466.95,462.0,464.15,458.6,462.1,461.85,461.6,8621104,3979479308.5,127828,3062201,35.52,-0.010921940250562034
SBIN,EQ,2022-06-13,461.85,454.0,454.05,442.1,446.1,445.85,446.07,13426836,5989284598.4,203861,5856727,43.62,-0.034643282451012225
SBIN,EQ,2022-06-14,445.85,445.0,449.25,443.35,448.0,448.1,446.47,11351101,5067902738.85,136687,4257354,37.51,0.005046540316249848
SBIN,EQ,2022-06-15,448.1,448.95,455.45,448.6,450.25,451.35,452.6,9920926,4490231934.55,119413,3821460,38.52,0.007252845347020864
SBIN,EQ,2022-06-16,451.35,455.15,457.75,440.15,441.15,441.6,448.44,10780703,4834445595.35,139788,3802794,35.27,-0.02160186108341644
SBIN,EQ,2022-06-17,441.6,440.0,447.55,437.25,442.5,441.0,443.05,14326050,6347137199.65,167655,6062938,42.32,-0.0013586956521739468
SBIN,EQ,2022-06-20,441.0,441.5,443.45,430.7,434.65,434.7,436.85,12368534,5403153186.35,172757,4715450,38.12,-0.014285714285714346
SBIN,EQ,2022-06-21,434.7,439.5,454.95,437.6,451.0,450.75,447.76,13801891,6179936791.15,178846,4775043,34.6,0.03692201518288485
SBIN,EQ,2022-06-22,450.75,448.75,451.2,444.65,447.05,447.65,447.71,11066447,4954585919.8,111722,4316772,39.01,-0.006877426511370022
SBIN,EQ,2022-06-23,447.65,449.0,456.45,446.0,451.25,451.4,451.63,12229833,5523391671.25,157832,3432786,28.07,0.008377080308276552
SBIN,EQ,2022-06-24,451.4,455.8,460.35,453.2,454.55,454.25,455.97,10833364,4939643608.55,127154,4266938,39.39,0.006313690739920386
SBIN,EQ,2022-06-27,454.25,459.95,464.85,458.05,461.55,461.2,461.18,9509175,4385421054.0,103487,3248514,34.16,0.01529994496422682
SBIN,EQ,2022-06-28,461.2,458.9,465.75,458.0,464.75,464.25,462.78,13261290,6137031012.35,168906,6701665,50.54,0.006613183000867329
SBIN,EQ,2022-06-29,464.25,460.0,462.7,458.0,458.95,459.1,460.55,11800876,5434914241.85,107588,5699030,48.29,-0.011093161012385555
SBIN,EQ,2022-06-30,459.1,459.0,469.3,458.6,465.6,465.9,465.57,16926328,7880439985.75,186175,7966400,47.07,0.014811587889348665
SBIN,EQ,2022-07-01,465.9,463.35,468.8,460.55,468.5,466.85,465.07,9405495,4374195289.05,116790,3705513,39.4,0.002039064176862171
SBIN,EQ,2022-07-04,466.85,466.85,474.15,466.85,473.95,473.45,470.57,9186358,4322793774.1,115285,3597397,39.16,0.014137303202313323
SBIN,EQ,2022-07-05,473.45,475.15,480.0,471.0,472.55,472.15,475.99,12003244,5713384767.95,143727,5860719,48.83,-0.002745802091033922
SBIN,EQ,2022-07-06,472.15,475.15,481.0,473.9,480.55,479.95,478.18,12059857,5766832535.75,179395,6050389,50.17,0.016520173673620686
SBIN,EQ,2022-07-07,479.95,484.0,488.25,481.6,486.9,486.75,485.27,11497832,5579593687.8,173806,4532216,39.42,0.014168142514845217
SBIN,EQ,2022-07-08,486.75,489.0,489.9,485.15,488.45,488.55,487.44,9057231,4414856472.4,162363,4119292,45.48,0.003697996918335944
SBIN,EQ,2022-07-11,488.55,485.0,491.3,485.0,488.05,488.2,488.75,7704792,3765716046.15,94857,2892361,37.54,-0.000716405690308064
SBIN,EQ,2022-07-12,488.2,485.0,491.35,483.1,483.4,484.95,488.66,7364457,3598704148.85,108367,2291145,31.11,-0.00665710774272843
SBIN,EQ,2022-07-13,484.95,487.75,492.45,484.55,486.2,486.5,488.27,8208853,4008106035.85,129820,3515328,42.82,0.0031962057944117106
SBIN,EQ,2022-07-14,486.5,486.6,488.9,476.8,480.3,479.35,482.03,9385630,4524120598.85,151617,4003660,42.66,-0.014696813977389422
SBIN,EQ,2022-07-15,479.35,482.55,484.4,474.7,478.7,479.1,478.3,6945602,3322054772.0,120161,2526701,36.38,-0.000521539584854458
SBIN,EQ,2022-07-18,479.1,484.55,491.5,482.1,489.6,490.3,487.33,9934786,4841501119.4,178323,4916706,49.49,0.023377165518680743
SBIN,EQ,2022-07-19,490.3,488.0,498.55,488.0,497.9,497.95,494.57,11724183,5798451759.05,130777,4129670,35.22,0.015602692229247372
SBIN,EQ,2022-07-20,497.95,501.0,510.6,500.4,507.4,508.6,507.48,19280117,9784217298.85,254529,9705808,50.34,0.02138768952706105
SBIN,EQ,2022-07-21,508.6,509.8,513.4,506.75,511.1,512.05,511.48,13814893,7066028812.7,196106,6776664,49.05,0.006783326779394194
SBIN,EQ,2022-07-22,512.05,513.45,520.2,511.2,511.9,513.7,516.23,14699129,7588186570.15,244781,7370555,50.14,0.003222341568206444
SBIN,EQ,2022-07-25,513.7,513.4,519.0,509.15,516.25,517.8,514.4,10229778,5262242658.25,153553,3764768,36.8,0.007981312049834433
SBIN,EQ,2022-07-26,517.8,517.7,520.8,513.1,513.7,514.2,516.44,8862656,4577000715.15,168343,3588725,40.49,-0.006952491309385689
SBIN,EQ,2022-07-27,514.2,515.3,529.95,512.25,528.35,528.2,522.16,15101546,7885450134.35,333000,6647299,44.02,0.027226760015558238
SBIN,EQ,2022-07-28,528.2,533.2,537.5,529.55,532.15,532.45,532.51,12160734,6475654215.2,215225,5268494,43.32,0.008046194623248848
SBIN,EQ,2022-07-29,532.45,535.05,537.0,526.75,527.65,528.35,529.82,11921058,6315998165.4,144306,5302505,44.48,-0.007700253544933866
SBIN,EQ,2022-08-01,528.35,529.05,535.0,526.4,533.35,533.75,532.31,8295631,4415816994.75,124805,3402591,41.02,0.01022049777609535
SBIN,EQ,2022-08-02,533.75,531.9,544.9,531.1,540.0,542.1,541.38,16845027,9119556236.75,230932,6340949,37.64,0.01564402810304455
SBIN,EQ,2022-08-03,542.1,541.9,546.4,534.65,540.5,540.85,542.04,24262125,13151082595.4,253745,12530803,51.65,-0.002305847629588631
SBIN,EQ,2022-08-04,540.85,543.65,544.0,524.2,532.3,533.25,532.95,18072293,9631594662.25,201817,7049054,39.0,-0.0140519552556162
SBIN,EQ,2022-08-05,533.25,535.55,542.9,529.0,532.35,531.05,537.29,21110734,11342675873.75,205564,8610671,40.79,-0.004125644631973846
SBIN,EQ,2022-08-08,531.05,524.0,524.0,513.85,520.1,520.4,518.01,32566317,16869712451.35,416603,13376188,41.07,-0.020054608793898865
SBIN,EQ,2022-08-10,520.4,521.55,523.5,513.4,513.9,514.7,516.46,16904151,8730379353.15,247601,9702561,57.4,-0.010953112990007563
SBIN,EQ,2022-08-11,514.7,520.0,526.0,517.2,524.5,524.75,521.76,13862195,7232693557.9,192485,6522359,47.05,0.01952593743928488
SBIN,EQ,2022-08-12,524.75,525.7,531.8,525.15,531.0,530.7,529.76,12154012,6438750910.6,160036,5679718,46.73,0.011338732729871515
SBIN,EQ,2022-08-16,530.7,533.3,533.85,525.0,526.6,525.95,527.74,10721167,5657979793.75,145707,5025077,46.87,-0.008950442811381243
SBIN,EQ,2022-08-17,525.95,528.85,530.55,524.35,527.8,528.15,526.89,12054183,6351246080.75,159055,5203847,43.17,0.0041829071204486645
SBIN,EQ,2022-08-18,528.15,526.85,534.8,526.2,532.0,532.35,531.57,9013662,4791385825.2,120443,2772894,30.76,0.007952286282306265
SBIN,EQ,2022-08-19,532.35,532.0,533.65,518.5,520.05,520.35,523.18,11087222,5800622525.65,146387,4095463,36.94,-0.022541561003099453
SBIN,EQ,2022-08-22,520.35,519.0,519.9,510.0,511.1,511.3,513.09,9676954,4965152207.8,165588,4280662,44.24,-0.01739213990583266
SBIN,EQ,2022-08-23,511.3,508.25,524.0,508.25,523.0,521.9,517.45,8597965,4448995522.9,130274,2200718,25.6,0.02073146880500687
SBIN,EQ,2022-08-24,521.9,519.0,523.0,512.3,520.4,519.3,517.9,11930650,6178850761.4,143063,5135639,43.05,-0.004981797279172251
SBIN,EQ,2022-08-25,519.3,521.95,528.3,518.5,520.15,520.4,523.9,15473450,8106540162.8,167210,6815830,44.05,0.002118236087040204
SBIN,EQ,2022-08-26,520.4,523.8,529.5,522.2,524.3,523.8,525.17,12855886,6751514077.25,128630,5307516,41.28,0.006533435818601108
SBIN,EQ,2022-08-29,523.8,511.3,517.0,508.75,515.0,514.85,513.62,9421339,4838957049.45,143380,4080606,43.31,-0.017086674303169014
SBIN,EQ,2022-08-30,514.85,518.2,532.5,517.95,531.0,531.25,528.36,14835308,7838353166.55,166014,6947862,46.83,0.031853938040205865
SBIN,EQ,2022-09-01,531.25,522.25,540.9,522.25,534.25,533.3,535.06,16670228,8919650119.4,218023,5384878,32.3,0.0038588235294116924
SBIN,EQ,2022-09-02,533.3,537.0,537.85,531.25,535.0,536.7,535.36,10017930,5363164755.2,124824,3990475,39.83,0.0063753984624039806
SBIN,EQ,2022-09-05,536.7,537.0,540.8,536.3,538.75,538.9,539.17,7819994,4216330099.55,106157,3346038,42.79,0.004099124277995081
SBIN,EQ,2022-09-06,538.9,538.0,542.7,534.1,537.3,537.8,539.43,8657868,4670346677.0,108579,2539671,29.33,-0.0020411950269066947
SBIN,EQ,2022-09-07,537.8,534.4,537.45,531.55,532.1,532.85,534.25,8445359,4511895645.9,106610,4354695,51.56,-0.009204165117143837
SBIN,EQ,2022-09-08,532.85,536.0,546.3,535.5,545.25,544.65,541.55,12240707,6628912370.75,141256,4816335,39.35,0.02214506896875279
SBIN,EQ,2022-09-09,544.65,549.65,557.0,548.0,551.95,553.35,553.57,18587927,10289692790.2,267586,7957943,42.81,0.01597356100247871
SBIN,EQ,2022-09-12,553.35,554.9,558.6,551.25,554.95,554.9,555.63,9677415,5377080074.6,127479,4384107,45.3,0.0028011204481792618
SBIN,EQ,2022-09-13,554.9,560.0,560.0,553.75,557.1,558.0,557.73,16707275,9318085634.25,148044,11220044,67.16,0.005586592178770999
SBIN,EQ,2022-09-14,558.0,550.0,574.85,549.25,572.3,571.75,567.79,21632641,12282852152.3,301335,8300762,38.37,0.02464157706093184
SBIN,EQ,2022-09-15,571.75,572.55,578.5,567.9,571.5,572.15,573.5,12749947,7312060768.8,224387,3656992,28.68,0.0006996064713598038
SBIN,EQ,2022-09-16,572.15,569.1,574.0,560.3,562.5,561.8,564.61,14739280,8321982741.65,231709,7373673,50.03,-0.01808966180197502
SBIN,EQ,2022-09-19,561.8,560.7,574.4,559.55,572.5,572.25,569.54,11194003,6375398054.4,163866,4756130,42.49,0.01860092559629778
SBIN,EQ,2022-09-20,572.25,577.95,577.95,572.85,573.6,574.05,575.5,8484017,4882536374.35,176912,3767069,44.4,0.0031454783748361415
SBIN,EQ,2022-09-21,574.05,575.0,577.3,565.4,569.0,569.7,570.45,9392526,5357998661.95,174676,3467830,36.92,-0.00757773713091181
SBIN,EQ,2022-09-22,569.7,566.75,574.0,562.0,567.5,567.3,567.39,11869435,6734594427.3,181550,5206546,43.87,-0.004212743549236619
SBIN,EQ,2022-09-23,567.3,564.8,568.0,549.5,550.9,550.6,555.53,12563239,6979215908.2,282839,5642445,44.91,-0.029437687290674974
SBIN,EQ,2022-09-26,550.6,545.8,549.0,533.0,545.3,543.3,541.37,16158750,8747941723.25,274214,7654966,47.37,-0.013258263712313978
SBIN,EQ,2022-09-27,543.3,544.55,550.9,533.2,538.0,536.5,542.4,11066799,6002626270.3,154979,3862856,34.9,-0.012516105282532553
SBIN,EQ,2022-09-28,536.5,532.9,539.8,520.35,523.5,524.85,532.17,12233485,6510284800.4,183919,5224334,42.71,-0.021714818266542313
SBIN,EQ,2022-09-29,524.85,529.0,535.7,519.55,524.0,521.75,525.18,17310168,9090986645.6,215284,8111849,46.86,-0.005906449461751007
SBIN,EQ,2022-09-30,521.75,524.0,536.9,516.15,531.55,530.6,528.17,17466950,9225477677.2,199404,5533983,31.68,0.016962146621945395
SBIN,EQ,2022-10-03,530.6,527.6,531.65,518.5,518.95,519.75,525.01,9351162,4909456239.05,141130,3430661,36.69,-0.020448548812665
SBIN,EQ,2022-10-04,519.75,533.0,535.8,527.8,532.95,532.7,532.39,8745887,4656244525.45,128142,3456189,39.52,0.024915824915825002
SBIN,EQ,2022-10-06,532.7,534.6,541.8,534.6,537.35,537.3,538.44,9507322,5119102137.6,183101,4430981,46.61,0.00863525436455781
SBIN,EQ,2022-10-07,537.3,535.5,535.6,526.55,531.0,530.2,529.64,11065307,5860624159.5,185698,5018194,45.35,-0.01321421924436983
SBIN,EQ,2022-10-10,530.2,525.7,533.9,522.2,531.4,530.75,528.13,9649292,5096052558.9,191653,3588945,37.19,0.0010373443983402453
SBIN,EQ,2022-10-11,530.75,530.75,533.7,525.5,527.0,527.4,529.35,10825440,5730463472.65,159970,4518524,41.74,-0.006311822892133834
SBIN,EQ,2022-10-12,527.4,530.0,535.0,526.0,535.0,533.8,530.03,8522604,4517236010.0,121592,3016240,35.39,0.012135001896093955
SBIN,EQ,2022-10-13,533.8,533.0,533.8,520.2,521.9,521.45,525.44,12972765,6816438201.85,166849,6496472,50.08,-0.023136005994754405
SBIN,EQ,2022-10-14,521.45,530.2,534.85,526.0,527.8,527.2,530.03,8545479,4529375083.5,144578,2924078,34.22,0.01102694409818783
SBIN,EQ,2022-10-17,527.2,526.4,544.7,524.2,543.2,543.65,538.7,13485349,7264515862.55,208408,3700920,27.44,0.0312025796661608
SBIN,EQ,2022-10-18,543.65,547.1,563.5,546.75,562.4,562.45,558.19,20440781,11409791394.1,245391,9747060,47.68,0.03458107238112773
SBIN,EQ,2022-10-19,562.45,563.0,563.45,551.55,553.75,553.4,555.4,9540583,5298845388.7,137573,3398721,35.62,-0.016090319139479226
SBIN,EQ,2022-10-20,553.4,552.0,556.8,545.3,555.5,555.4,551.98,11225588,6196328573.95,134915,4079003,36.34,0.003614022406938977
SBIN,EQ,2022-10-21,555.4,557.25,565.8,557.25,561.65,560.85,562.7,11767639,6621648120.8,198859,4401295,37.4,0.009812747569319491
SBIN,EQ,2022-10-24,560.85,567.0,572.5,565.9,572.15,570.5,569.46,3692065,2102464996.35,63147,1510943,40.92,0.017206026566818133
SBIN,EQ,2022-10-25,570.5,572.5,586.2,568.0,577.0,578.55,578.28,19899324,11507427412.85,215376,8833736,44.39,0.01411042944785268
SBIN,EQ,2022-10-27,578.55,583.95,585.0,577.6,579.1,579.65,580.71,13613533,7905525313.35,209377,5998675,44.06,0.0019013049866045684
SBIN,EQ,2022-10-28,579.65,579.95,582.65,567.0,571.8,570.75,572.65,10043644,5751515569.95,144061,3798576,37.82,-0.015354092987147405
SBIN,EQ,2022-10-31,570.75,574.95,577.45,568.4,573.5,573.8,572.79,9894639,5667560387.8,139535,3759140,37.99,0.0053438458169075
SBIN,EQ,2022-11-01,573.8,576.35,585.75,574.6,576.0,576.9,579.85,12069579,6998554295.3,163499,5057539,41.9,0.005402579295922028
SBIN,EQ,2022-11-02,576.9,575.9,578.95,569.9,573.0,573.85,574.79,10241440,5886694998.95,142730,3773099,36.84,-0.005286878141792295
SBIN,EQ,2022-11-03,573.85,569.0,587.95,568.0,584.15,584.9,581.58,17557998,10211388603.8,244825,5121059,29.17,0.019255903110568795
SBIN,EQ,2022-11-04,584.9,586.0,596.95,580.4,595.7,593.95,587.64,25759031,15137053924.2,302456,10018968,38.89,0.015472730381261846
SBIN,EQ,2022-11-07,593.95,613.0,622.7,607.7,613.8,614.15,615.56,44265903,27248449289.6,470162,16413804,37.08,0.03400959676740456
SBIN,EQ,2022-11-09,614.15,621.0,621.0,610.55,614.6,615.55,615.08,18939854,11649523009.9,302328,9373877,49.49,0.002279573394121881
SBIN,EQ,2022-11-10,615.55,613.1,615.1,602.2,605.05,605.75,607.23,11618405,7055030835.7,232699,4437252,38.19,-0.015920721306148855
SBIN,EQ,2022-11-11,605.75,617.25,619.55,598.5,600.0,601.3,605.28,15525267,9397103693.35,220631,5651310,36.4,-0.007346264960792492
SBIN,EQ,2022-11-14,601.3,603.95,603.95,591.65,592.5,592.55,596.08,12957268,7723573323.3,227415,6081635,46.94,-0.014551804423748593
SBIN,EQ,2022-11-15,592.55,594.3,602.1,592.65,601.5,600.85,597.7,10286417,6148169628.95,153811,3348965,32.56,0.014007256771580545
SBIN,EQ,2022-11-16,600.85,599.95,603.5,596.0,599.0,599.75,600.52,11555749,6939489693.9,168811,4656034,40.29,-0.0018307397853042362
SBIN,EQ,2022-11-17,599.75,599.1,602.75,596.15,598.45,599.05,599.41,8167131,4895433201.45,114824,2948861,36.11,-0.0011671529804085923
SBIN,EQ,2022-11-18,599.05,601.0,605.75,597.15,602.05,602.7,601.12,12933675,7774746404.45,155935,5077955,39.26,0.006092980552541594
SBIN,EQ,2022-11-21,602.7,602.1,602.1,595.35,598.0,598.1,598.39,7412419,4435509514.55,135865,2865902,38.66,-0.007632321221171412
SBIN,EQ,2022-11-22,598.1,598.15,600.7,596.15,599.0,599.1,598.56,8048595,4817532263.45,126028,3902083,48.48,0.0016719612104998394
SBIN,EQ,2022-11-23,599.1,601.55,609.6,601.0,607.1,607.65,606.5,12435924,7542386457.5,171897,5217318,41.95,0.01427140711066599
SBIN,EQ,2022-11-24,607.65,609.75,611.3,605.8,609.6,609.35,608.75,8960032,5454395604.45,128229,3420469,38.17,0.002797663128445649
SBIN,EQ,2022-11-25,609.35,610.55,613.7,606.25,607.2,607.4,609.3,9994513,6089640965.5,136359,4441339,44.44,-0.0032001312874374577
SBIN,EQ,2022-11-28,607.4,605.6,610.9,602.35,608.0,608.6,606.01,7934274,4808229149.85,121851,3625579,45.7,0.0019756338491934144
SBIN,EQ,2022-11-29,608.6,607.1,611.8,607.1,608.1,608.55,609.32,6942919,4230494096.3,121735,3138453,45.2,-8.2155767334946e-05
SBIN,EQ,2022-11-30,608.55,608.5,611.4,598.4,602.95,602.45,603.09,15606230,9412010412.2,174362,8449322,54.14,-0.010023827130063112
SBIN,EQ,2022-12-01,602.45,607.85,609.8,601.55,608.0,608.1,605.68,14209313,8606271146.8,172004,6862086,48.29,0.009378371649099382
SBIN,EQ,2022-12-02,608.1,607.5,609.6,604.25,607.6,607.55,607.29,7533838,4575252955.95,142901,3982578,52.86,-0.0009044565038646146
SBIN,EQ,2022-12-05,607.55,608.5,618.0,607.55,616.7,617.3,614.05,11585602,7114164816.2,210728,5730406,49.46,0.016048061887910414
SBIN,EQ,2022-12-06,617.3,614.75,619.8,607.8,609.3,608.95,613.29,12996244,7970503352.0,190699,7387969,56.85,-0.013526648307143896
SBIN,EQ,2022-12-07,608.95,610.85,612.9,604.5,606.95,607.05,607.96,7613892,4628904222.25,113416,3419765,44.91,-0.0031201248049923525
SBIN,EQ,2022-12-08,607.05,609.75,613.8,607.15,612.25,611.65,611.14,10020015,6123608626.5,146277,4572184,45.63,0.007577629519808893
SBIN,EQ,2022-12-09,611.65,614.4,618.0,609.1,617.0,616.5,613.84,11202267,6876434227.3,169991,5448182,48.63,0.007929371372517036
SBIN,EQ,2022-12-12,616.5,614.8,618.7,611.0,612.35,613.05,613.74,9285187,5698647281.15,135955,3783456,40.75,-0.0055961070559611414
SBIN,EQ,2022-12-13,613.05,613.5,617.4,612.5,616.8,616.75,615.45,7455415,4588404579.4,162670,3363135,45.11,0.006035396786559177
SBIN,EQ,2022-12-14,616.75,618.5,626.75,617.5,625.3,625.5,623.52,14010673,8735884073.65,187174,5862456,41.84,0.014187271990271588
SBIN,EQ,2022-12-15,625.5,625.55,629.55,614.3,614.7,615.95,621.92,10622271,6606176441.8,148853,4096192,38.56,-0.01526778577138277
SBIN,EQ,2022-12-16,615.95,612.0,615.6,602.1,604.35,603.35,607.83,9435071,5734914585.6,160875,3497337,37.07,-0.020456205860865384
SBIN,EQ,2022-12-19,603.35,604.0,609.5,603.0,605.5,604.45,605.78,8322012,5041268364.25,149442,3777196,45.39,0.001823154056517895
SBIN,EQ,2022-12-20,604.45,603.0,606.5,599.55,605.3,604.45,602.65,6753785,4070154751.5,128701,2274446,33.68,0.0
SBIN,EQ,2022-12-21,604.45,605.9,609.15,589.6,594.3,593.4,599.66,9217253,5527195688.5,145768,3522227,38.21,-0.01828108197534961
SBIN,EQ,2022-12-22,593.4,597.0,599.0,587.55,592.0,593.4,592.49,8740149,5178437456.55,136417,2637879,30.18,0.0
SBIN,EQ,2022-12-23,593.4,590.0,590.7,571.5,573.1,574.0,579.55,13047046,7561431125.75,226901,5930199,45.45,-0.03269295584765752
SBIN,EQ,2022-12-26,574.0,574.0,601.7,570.7,597.1,597.1,589.64,13201587,7784134332.2,210003,4497406,34.07,0.040243902439024426
SBIN,EQ,2022-12-27,597.1,600.4,603.1,593.3,602.0,601.9,598.21,9638618,5765912745.95,206219,2569120,26.65,0.00803885446323882
SBIN,EQ,2022-12-28,601.9,600.9,607.0,598.55,601.0,601.05,602.94,7988631,4816651444.45,143945,2562261,32.07,-0.001412194716730375
SBIN,EQ,2022-12-29,601.05,600.0,618.0,597.15,614.05,611.8,608.16,20130392,12242524564.7,168187,11439937,56.83,0.01788536727393719
SBIN,EQ,2022-12-30,611.8,615.25,620.55,611.35,614.25,613.7,615.43,13052895,8033100347.05,158347,6160516,47.2,0.0031055900621119736
SBIN,EQ,2023-01-02,613.7,614.95,619.2,611.2,612.6,612.2,614.42,6726084,4132615299.65,125418,2430000,36.13,-0.0024441909727880295
SBIN,EQ,2023-01-03,612.2,614.5,616.6,610.0,612.95,612.4,613.26,6818062,4181258078.2,122799,2451217,35.95,0.00032669062397894244
SBIN,EQ,2023-01-04,612.4,611.85,614.95,604.0,605.6,605.2,607.74,7011191,4260969479.35,113548,2922723,41.69,-0.011757021554539393
SBIN,EQ,2023-01-05,605.2,607.0,611.6,601.95,605.75,605.1,605.84,8241475,4992982082.0,146571,4011597,48.68,-0.00016523463317918985
SBIN,EQ,2023-01-06,605.1,607.4,607.45,597.0,601.0,600.65,601.57,7972036,4795747048.6,154179,4150827,52.07,-0.007354156337795459
SBIN,EQ,2023-01-09,600.65,605.0,609.0,600.1,608.45,607.7,606.07,8878905,5381251510.2,160223,5216863,58.76,0.011737284608341003
SBIN,EQ,2023-01-10,607.7,608.45,609.0,590.6,595.5,595.15,596.1,10622660,6332208142.65,187602,4795085,45.14,-0.02065163732104669
SBIN,EQ,2023-01-11,595.15,596.45,599.5,592.25,597.0,596.7,596.73,7419630,4427502701.85,120446,2744770,36.99,0.002604385449046509
SBIN,EQ,2023-01-12,596.7,597.9,597.9,590.1,594.95,594.9,593.57,8183715,4857601333.75,195861,4061846,49.63,-0.00301659125188547
SBIN,EQ,2023-01-13,594.9,597.9,602.9,593.65,600.7,600.1,598.73,7877610,4716567188.3,122377,3570587,45.33,0.008740964868045209
SBIN,EQ,2023-01-16,600.1,603.0,606.1,600.6,603.2,603.0,603.22,5483191,3307558082.15,114056,1786991,32.59,0.004832527912014717
SBIN,EQ,2023-01-17,603.0,603.0,606.0,586.05,593.4,592.95,593.93,13461999,7995508779.4,179000,6202110,46.07,-0.016666666666666607
SBIN,EQ,2023-01-18,592.95,595.9,597.15,587.6,591.0,591.45,591.61,11538075,6826073685.45,187691,5228386,45.31,-0.002529724260055599
SBIN,EQ,2023-01-19,591.45,591.0,591.75,587.55,589.7,589.85,589.57,7475688,4407407361.6,159313,3600314,48.16,-0.002705215994589616
SBIN,EQ,2023-01-20,589.85,593.8,596.6,590.8,592.95,592.2,593.93,6750607,4009374692.95,114106,2836387,42.02,0.003984063745019917
SBIN,EQ,2023-01-23,592.2,598.5,601.75,592.95,601.0,600.45,599.43,6604469,3958919244.8,122483,3055907,46.27,0.013931104356636359
SBIN,EQ,2023-01-24,600.45,603.5,604.6,593.05,593.95,594.35,597.94,7609623,4550101925.85,143693,4278719,56.23,-0.010159047381130826
SBIN,EQ,2023-01-25,594.35,595.85,595.85,567.4,568.5,568.7,574.28,25686294,14751042028.8,441882,14755095,57.44,-0.04315638933288457
SBIN,EQ,2023-01-27,568.7,568.0,568.55,532.25,542.0,539.95,548.08,40163464,22012948569.6,501251,24614678,61.29,-0.05055389484789874
SBIN,EQ,2023-01-30,539.95,536.0,554.35,525.2,541.25,538.2,536.97,40797825,21907160847.25,590951,23132765,56.7,-0.003241040837114517
SBIN,EQ,2023-01-31,538.2,545.0,557.0,537.85,556.95,553.5,550.83,21911943,12069723500.85,284762,10014509,45.7,0.02842809364548482
SBIN,EQ,2023-02-01,553.5,561.4,565.0,499.35,527.0,527.35,541.41,38218810,20692138679.1,498247,12477291,32.65,-0.04724480578139112
SBIN,EQ,2023-02-02,527.35,520.2,532.65,502.5,532.1,528.1,521.91,39287056,20504207140.65,471242,15900344,40.47,0.0014222053664549872
SBIN,EQ,2023-02-03,528.1,536.0,545.95,519.15,545.7,544.2,535.23,32317232,17297009476.05,444091,10466617,32.39,0.030486650255633352
SBIN,EQ,2023-02-06,544.2,558.8,558.8,536.55,543.9,545.4,545.24,25338586,13815625569.5,266976,9116230,35.98,0.0022050716648289725
SBIN,EQ,2023-02-07,545.4,548.0,551.4,541.05,546.2,547.1,546.83,16195947,8856378573.7,343935,5172352,31.94,0.003116978364503309
SBIN,EQ,2023-02-08,547.1,550.0,554.5,545.5,550.75,549.75,549.76,15502847,8522903102.05,244248,7475340,48.22,0.0048437214403216355
SBIN,EQ,2023-02-09,549.75,552.0,552.0,542.8,551.0,550.8,548.33,15061047,8258388340.35,147809,8079673,53.65,0.0019099590723055115
SBIN,EQ,2023-02-10,550.8,546.5,557.25,546.5,552.9,553.05,553.81,13824475,7656154646.75,179516,6996559,50.61,0.004084967320261423
SBIN,EQ,2023-02-13,553.05,554.0,556.9,533.3,537.1,537.5,539.69,18488732,9978135518.8,248043,9084653,49.14,-0.02811680679866191
SBIN,EQ,2023-02-14,537.5,539.95,544.6,530.75,541.0,540.85,536.92,18559909,9965143466.4,221342,9504632,51.21,0.006232558139534827
SBIN,EQ,2023-02-15,540.85,540.0,544.65,536.8,542.8,542.25,541.31,12796579,6926957648.5,207687,6943042,54.26,0.002588518073402879
SBIN,EQ,2023-02-16,542.25,546.85,546.85,538.5,539.3,540.1,542.25,12767016,6922854433.1,219926,7304544,57.21,-0.003964960811433826
SBIN,EQ,2023-02-17,540.1,538.5,539.65,527.75,530.65,531.0,532.32,14192008,7554622361.75,220159,5686809,40.07,-0.01684873171634882
SBIN,EQ,2023-02-20,531.0,532.0,533.95,522.15,525.45,525.15,526.99,12570032,6624234423.9,207013,5049722,40.17,-0.011016949152542366
SBIN,EQ,2023-02-21,525.15,527.1,528.95,522.4,523.8,523.45,525.46,10223218,5371849834.55,201064,3279783,32.08,-0.003237170332285877
SBIN,EQ,2023-02-22,523.45,520.75,521.9,512.5,516.75,516.35,516.6,14763050,7626522439.5,279932,7254757,49.14,-0.013563855191517815
SBIN,EQ,2023-02-23,516.35,516.95,524.0,511.35,522.85,521.0,518.82,15535085,8059838424.75,209593,5846231,37.63,0.009005519511958937
SBIN,EQ,2023-02-24,521.0,524.2,527.5,517.6,521.5,521.05,522.25,12253035,6399175579.85,174036,5266229,42.98,9.596928982724684e-05
SBIN,EQ,2023-02-27,521.05,521.1,529.8,519.0,527.5,527.7,525.49,11048799,5805988068.6,175532,3956168,35.81,0.012762690720660386
SBIN,EQ,2023-02-28,527.7,527.25,528.45,521.05,522.45,522.8,523.97,15768010,8262022278.8,138340,9013032,57.16,-0.009285578927421101
SBIN,EQ,2023-03-01,522.8,523.25,537.4,523.1,536.25,536.7,532.39,13510198,7192717063.95,247974,6356190,47.05,0.026587605202754494
SBIN,EQ,2023-03-02,536.7,535.95,539.9,532.5,534.5,533.75,535.45,10376913,5556284341.95,150813,4282815,41.27,-0.00549655300912999
SBIN,EQ,2023-03-03,533.75,542.0,564.3,541.75,561.0,561.2,557.8,27656538,15426880804.45,301105,11581862,41.88,0.0514285714285716
SBIN,EQ,2023-03-06,561.2,564.9,567.9,559.0,561.8,561.7,563.48,16162268,9107045455.25,199841,8548401,52.89,0.0008909479686385335
SBIN,EQ,2023-03-08,561.7,560.0,565.5,556.45,564.0,564.8,561.23,12637578,7092600028.6,163357,6989670,55.31,0.005518960299091935
SBIN,EQ,2023-03-09,564.8,564.75,565.75,558.0,558.7,558.9,561.63,8993423,5050951266.7,129019,4779228,53.14,-0.010446175637393695
SBIN,EQ,2023-03-10,558.9,553.1,554.95,545.0,547.65,547.35,548.4,11522371,6318923508.05,223557,5603181,48.63,-0.020665593129361115
SBIN,EQ,2023-03-13,547.35,547.0,553.15,528.45,529.95,530.0,537.53,14373729,7726310525.7,211599,6433717,44.76,-0.03169818215036091
SBIN,EQ,2023-03-14,530.0,527.65,532.8,520.0,526.0,525.4,524.87,14750800,7742294996.9,262481,5039617,34.17,-0.008679245283018888
SBIN,EQ,2023-03-15,525.4,529.8,532.0,515.55,517.8,517.55,524.47,11282329,5917258639.8,252252,4713550,41.78,-0.014940997335363582
SBIN,EQ,2023-03-16,517.55,518.4,529.35,514.3,525.65,524.5,521.02,20040008,10441335063.95,290873,7264230,36.25,0.013428654236305793
SBIN,EQ,2023-03-17,524.5,528.65,531.6,520.1,531.0,529.8,526.55,18787379,9892576528.7,185372,8216481,43.73,0.010104861773117202
SBIN,EQ,2023-03-20,529.8,526.6,526.6,515.0,520.0,519.2,518.98,14275315,7408542782.55,251690,5600274,39.23,-0.020007550018874887
SBIN,EQ,2023-03-21,519.2,522.0,523.45,516.45,521.75,521.85,520.33,29485180,15341948084.5,295453,19906339,67.51,0.0051040061633280676
SBIN,EQ,2023-03-22,521.85,522.2,527.0,520.1,521.55,521.55,523.63,11619538,6084288023.15,155900,5268693,45.34,-0.0005748778384594422
SBIN,EQ,2023-03-23,521.55,519.4,521.0,511.5,512.0,512.75,517.21,22097792,11429112837.45,261069,11342410,51.33,-0.016872783050522422
SBIN,EQ,2023-03-24,512.75,514.5,514.95,503.45,505.5,505.35,510.24,14416984,7356153435.65,194898,5424799,37.63,-0.014431984397854647
SBIN,EQ,2023-03-27,505.35,507.0,514.15,501.55,509.0,510.15,509.28,15674218,7982618562.65,224703,3952164,25.21,0.009498367468091296
SBIN,EQ,2023-03-28,510.15,511.45,511.75,503.85,509.0,508.1,507.96,15833599,8042852927.3,199721,4623581,29.2,-0.004018425953150939
SBIN,EQ,2023-03-29,508.1,509.0,518.0,506.3,517.0,516.5,512.21,24203789,12397477065.0,216794,8619929,35.61,0.01653217870497925
SBIN,EQ,2023-03-31,516.5,520.65,524.9,519.35,523.0,523.75,522.06,17356345,9061133003.0,210617,6388153,36.81,0.014036786060019457
SBIN,EQ,2023-04-03,523.75,524.75,528.5,522.1,525.6,526.75,525.94,14210949,7474113454.4,137769,2438251,17.16,0.005727923627685039
SBIN,EQ,2023-04-05,526.75,527.0,527.6,519.05,523.5,523.0,522.57,13574801,7093806223.3,174172,4634585,34.14,-0.007119126720455671
SBIN,EQ,2023-04-06,523.0,524.0,533.7,521.65,527.7,527.65,528.66,25125879,13282981142.75,232693,5759507,22.92,0.00889101338432119
SBIN,EQ,2023-04-10,527.65,529.25,530.4,524.4,525.7,526.3,527.28,17335453,9140693489.7,138261,2861438,16.51,-0.0025585141665877
SBIN,EQ,2023-04-11,526.3,530.85,535.7,527.15,532.5,532.1,533.07,26414406,14080836565.45,176416,4516279,17.1,0.01102033060991836
SBIN,EQ,2023-04-12,532.1,533.2,534.0,526.0,529.15,528.2,529.65,21292441,11277564811.0,170950,6208271,29.16,-0.007329449351625605
SBIN,EQ,2023-04-13,528.2,529.3,534.25,527.15,533.4,532.95,530.4,28597560,15168246670.05,168188,4576910,16.0,0.008992805755395628
SBIN,EQ,2023-04-17,532.95,528.0,545.0,528.0,544.4,544.0,539.11,32476990,17508792556.85,229953,7832609,24.12,0.020733652312599604
SBIN,EQ,2023-04-18,544.0,545.35,548.5,540.5,545.25,545.85,545.32,22283456,12151654395.5,218269,5857265,26.29,0.0034007352941176627
SBIN,EQ,2023-04-19,545.85,544.0,547.5,538.25,539.4,540.3,543.32,21156372,11494763710.95,142208,2876163,13.59,-0.010167628469359813
SBIN,EQ,2023-04-20,540.3,541.2,545.45,536.65,544.35,544.8,541.56,25588577,13857634831.9,146793,3937602,15.39,0.008328706274292053
SBIN,EQ,2023-04-21,544.8,545.0,546.4,539.7,542.3,543.15,542.35,22599418,12256795887.05,188920,5038165,22.29,-0.003028634361233462
SBIN,EQ,2023-04-24,543.15,543.8,555.55,543.5,553.8,554.6,550.47,23335611,12845592513.85,210456,7618595,32.65,0.021080732762588594
SBIN,EQ,2023-04-25,554.6,555.0,567.9,555.0,561.35,561.8,562.34,38142390,21448999021.65,250488,10487670,27.5,0.012982329606923804
SBIN,EQ,2023-04-26,561.8,562.0,567.0,556.45,567.0,566.35,562.67,23143882,13022469078.5,195651,7644016,33.03,0.008098967604129648
SBIN,EQ,2023-04-27,566.35,565.0,567.4,561.1,564.45,564.75,564.04,17845169,10065343831.2,213129,3716055,20.82,-0.002825108148671318
SBIN,EQ,2023-04-28,564.75,567.8,580.45,565.5,576.1,578.3,572.14,16183423,9259124491.9,172070,6323241,39.07,0.023992917220008847
SBIN,EQ,2023-05-02,578.3,580.0,580.85,573.15,574.4,575.3,577.47,13667511,7892586303.3,272846,6820342,49.9,-0.005187618882932732
SBIN,EQ,2023-05-03,575.3,570.65,575.0,569.0,569.9,570.5,572.27,9699527,5550786227.05,151234,2988248,30.81,-0.008343472970623989
SBIN,EQ,2023-05-04,570.5,570.2,580.8,568.5,579.45,580.0,576.93,12533761,7231105959.65,155082,3912583,31.22,0.016652059596844904
SBIN,EQ,2023-05-05,580.0,580.2,588.25,575.05,576.45,576.5,582.81,18163461,10585937155.0,182941,5272072,29.03,-0.0060344827586207295
SBIN,EQ,2023-05-08,576.5,577.65,587.6,577.35,584.6,583.6,582.04,12990869,7561157898.55,159186,3690834,28.41,0.012315698178664292
SBIN,EQ,2023-05-09,583.6,585.0,586.45,572.1,573.7,573.5,576.83,18959065,10936167606.4,247801,7337137,38.7,-0.017306374228924004
SBIN,EQ,2023-05-10,573.5,575.0,575.0,563.25,572.15,572.2,568.87,18561315,10559052709.1,223302,5454128,29.38,-0.002266782911944154
SBIN,EQ,2023-05-11,572.2,572.2,580.0,572.0,573.7,573.45,574.59,16016715,9203123584.55,183896,3139645,19.6,0.0021845508563438365
SBIN,EQ,2023-05-12,573.45,574.7,580.75,571.55,578.1,578.15,576.81,11319335,6529101795.5,148890,2974058,26.27,0.008196006626558505
SBIN,EQ,2023-05-15,578.15,578.75,584.0,574.65,582.05,581.9,581.35,11410243,6633367008.5,176477,4008677,35.13,0.006486206001902639
SBIN,EQ,2023-05-16,581.9,584.0,590.4,582.0,585.95,586.3,586.03,22178229,12997134028.5,233142,5679408,25.61,0.007561436672967936
SBIN,EQ,2023-05-17,586.3,586.0,590.5,579.5,587.2,586.3,584.82,23739774,13883395488.5,251054,5507063,23.2,0.0
SBIN,EQ,2023-05-18,586.3,590.3,593.9,571.4,576.35,574.2,583.0,45656620,26617635078.25,403645,9558160,20.93,-0.02063789868667898
SBIN,EQ,2023-05-19,574.2,579.0,586.25,569.9,575.65,575.15,576.07,42293962,24364273546.75,351340,14209037,33.6,0.001654475792406629
SBIN,EQ,2023-05-22,575.15,577.5,580.3,573.45,576.55,577.15,577.12,21484049,12398869154.95,205172,5841775,27.19,0.0034773537338086413
SBIN,EQ,2023-05-23,577.15,578.9,583.7,576.8,580.3,581.6,580.66,16120548,9360557915.4,154666,4260949,26.43,0.00771030061509137
SBIN,EQ,2023-05-24,581.6,579.8,585.25,578.25,582.0,582.7,583.06,17616658,10271655251.5,158808,5394675,30.62,0.0018913342503439345
SBIN,EQ,2023-05-25,582.7,582.0,582.9,577.0,580.7,581.25,580.06,16479436,9559118791.75,151117,6035545,36.62,-0.0024884159945084416
SBIN,EQ,2023-05-26,581.25,581.25,587.75,580.55,585.75,586.0,585.13,9788076,5727306518.3,117540,3614841,36.93,0.008172043010752583
SBIN,EQ,2023-05-29,586.0,590.0,596.4,588.05,594.6,595.0,593.5,18432231,10939616927.3,323484,8670091,47.04,0.015358361774743923
SBIN,EQ,2023-05-30,595.0,595.0,595.5,591.5,592.95,592.8,593.57,15031640,8922277742.6,156739,4892995,32.55,-0.00369747899159667
SBIN,EQ,2023-05-31,592.8,583.8,584.8,577.5,581.0,579.85,581.09,28797643,16733958686.45,209733,16050197,55.73,-0.02184547908232104
SBIN,EQ,2023-06-01,579.85,581.8,586.4,581.0,583.05,582.75,584.03,17820226,10407510474.15,170662,6447653,36.18,0.0050012934379579654
SBIN,EQ,2023-06-02,582.75,584.7,588.9,583.0,586.6,587.2,586.45,11323908,6640901519.45,157397,4019066,35.49,0.007636207636207759
SBIN,EQ,2023-06-05,587.2,588.5,589.8,586.0,587.0,587.2,587.86,12920507,7595473740.25,143514,6913408,53.51,0.0
SBIN,EQ,2023-06-06,587.2,588.0,588.9,583.0,586.0,585.35,585.23,11199940,6554543425.95,140444,4430081,39.55,-0.003150544959128143
SBIN,EQ,2023-06-07,585.35,588.0,590.6,586.0,588.8,589.2,588.49,11113781,6540371617.5,170307,4372718,39.35,0.006577261467498152
SBIN,EQ,2023-06-08,589.2,589.95,593.95,586.35,588.0,588.5,591.21,15971917,9442724430.85,140988,4590648,28.74,-0.001188051595383599
SBIN,EQ,2023-06-09,588.5,588.0,589.1,576.75,578.8,578.7,580.81,18870272,10960050604.8,253490,8773204,46.49,-0.016652506372132447
SBIN,EQ,2023-06-12,578.7,580.0,581.5,577.7,578.55,578.65,579.37,8786066,5090356083.85,129364,3644909,41.49,-8.640055296360583e-05
SBIN,EQ,2023-06-13,578.65,579.45,581.4,574.25,576.35,576.4,576.44,12612098,7270079551.55,198530,4638747,36.78,-0.0038883608398859737
SBIN,EQ,2023-06-14,576.4,577.0,578.55,575.25,576.35,576.55,576.96,8948696,5163047228.7,122388,2357142,26.34,0.000260235947258769
SBIN,EQ,2023-06-15,576.55,576.0,576.7,565.25,566.75,566.5,571.49,17934877,10249589135.9,232221,6302464,35.14,-0.01743127222270391
SBIN,EQ,2023-06-16,566.5,568.75,574.7,567.05,570.0,571.25,570.69,12660226,7225083719.5,178755,7274348,57.46,0.00838481906443067
SBIN,EQ,2023-06-19,571.25,571.25,572.75,565.9,569.2,568.85,568.29,17903691,10174491934.45,213062,7136026,39.86,-0.0042013129102844715
SBIN,EQ,2023-06-20,568.85,568.85,569.45,562.55,568.0,567.4,565.75,14549152,8231166324.45,216416,5173041,35.56,-0.002549002373209208
SBIN,EQ,2023-06-21,567.4,567.4,569.5,565.65,566.3,566.35,567.46,14946871,8481784144.45,219147,8298303,55.52,-0.001850546351779947
SBIN,EQ,2023-06-22,566.35,566.35,569.0,561.05,562.9,562.95,564.62,14979063,8457457302.25,199200,5317404,35.5,-0.006003354815926509
SBIN,EQ,2023-06-23,562.95,562.0,562.1,553.8,555.45,554.6,556.89,12215712,6802803838.55,218058,6183151,50.62,-0.014832578381739125
SBIN,EQ,2023-06-26,554.6,556.0,558.5,554.5,557.35,557.05,556.75,8360264,4654618050.3,164198,4103221,49.08,0.00441759826902266
SBIN,EQ,2023-06-27,557.05,558.25,567.95,555.65,567.3,566.1,560.63,10694768,5995785528.2,211284,4662341,43.59,0.016246297459833192
SBIN,EQ,2023-06-28,566.1,572.25,574.0,568.55,571.0,569.8,571.17,18028934,10297658917.65,243601,7386647,40.97,0.006535947712418277
SBIN,EQ,2023-06-30,569.8,574.0,574.0,570.2,572.35,572.85,572.3,8718232,4989442645.4,155913,4334652,49.72,0.005352755352755478
SBIN,EQ,2023-07-03,572.85,574.5,586.35,573.9,585.4,585.45,581.26,15421985,8964144325.9,211446,6459497,41.88,0.021995286724273422
SBIN,EQ,2023-07-04,585.45,588.2,595.95,582.25,588.9,589.25,590.37,24799250,14640854129.2,350400,7827869,31.56,0.0064907336237081115
SBIN,EQ,2023-07-05,589.25,589.8,593.7,588.2,591.25,590.6,590.5,13598114,8029706202.95,271617,5577248,41.01,0.0022910479422995067
SBIN,EQ,2023-07-06,590.6,590.4,593.5,589.1,592.25,592.5,591.75,11323509,6700679504.1,188528,4194399,37.04,0.0032170673890958845
SBIN,EQ,2023-07-07,592.5,590.0,595.5,585.5,592.5,593.6,590.44,11707209,6912413770.85,220036,5138043,43.89,0.0018565400843881807
SBIN,EQ,2023-07-10,593.6,594.65,599.8,590.25,591.6,592.6,595.13,11417363,6794859601.0,175959,3405853,29.83,-0.0016846361185983705
SBIN,EQ,2023-07-11,592.6,595.0,595.95,587.35,589.35,588.55,591.37,13221177,7818663062.75,224137,4809659,36.38,-0.006834289571380436
SBIN,EQ,2023-07-12,588.55,589.0,594.5,588.2,589.6,589.25,590.82,16029716,9470654030.5,227576,8352944,52.11,0.00118936369042566
SBIN,EQ,2023-07-13,589.25,594.9,598.0,583.35,586.0,585.65,591.82,20024503,11850804940.95,292405,6273309,31.33,-0.006109461179465425
SBIN,EQ,2023-07-14,585.65,586.75,591.3,580.7,584.85,584.4,584.92,12190152,7130226704.3,191652,5866794,48.13,-0.002134380602749064
SBIN,EQ,2023-07-17,584.4,587.0,602.85,584.2,602.0,601.1,594.72,19378986,11525151182.85,255411,8699928,44.89,0.028576317590691458
SBIN,EQ,2023-07-18,601.1,603.05,604.05,588.75,592.5,592.35,597.04,25757209,15378020448.05,356474,6882008,26.72,-0.014556646148727315
SBIN,EQ,2023-07-19,592.35,594.65,602.4,592.0,600.85,601.45,598.2,17556585,10502435041.0,229380,5115653,29.14,0.015362539039419199
SBIN,EQ,2023-07-20,601.45,601.4,610.8,598.75,610.0,610.05,607.09,34038351,20664179322.85,418329,16350741,48.04,0.014298777953279496
SBIN,EQ,2023-07-21,610.05,610.0,619.5,609.0,615.35,615.1,616.02,21040281,12961208006.4,278392,8054181,38.28,0.008278009999180602
SBIN,EQ,2023-07-24,615.1,615.05,621.9,614.3,617.9,617.65,618.22,11756364,7268033560.6,202347,3294221,28.02,0.0041456673711590675
SBIN,EQ,2023-07-25,617.65,621.8,621.8,604.2,609.9,609.6,610.43,18503305,11294899424.1,282970,4191258,22.65,-0.01303327127013676
SBIN,EQ,2023-07-26,609.6,612.0,616.35,609.15,614.4,615.15,613.49,9999125,6134401476.75,172572,3039203,30.39,0.009104330708661346
SBIN,EQ,2023-07-27,615.15,616.4,621.25,613.1,617.0,616.55,616.65,17444742,10757320781.55,226610,5774328,33.1,0.002275867674550902
SBIN,EQ,2023-07-28,616.55,616.4,619.9,613.6,616.0,616.05,616.59,11930586,7356236982.1,161432,4824810,40.44,-0.0008109642364771963
SBIN,EQ,2023-07-31,616.05,616.65,621.0,614.5,619.0,620.2,618.92,8605483,5326128162.15,124305,3768229,43.79,0.006736466195925717
SBIN,EQ,2023-08-01,620.2,620.2,620.85,610.6,612.4,611.85,614.09,13493453,8286225481.95,199918,4468411,33.12,-0.013463398903579504
SBIN,EQ,2023-08-02,611.85,609.85,610.5,594.1,598.8,598.45,601.63,14977497,9010947970.4,273820,5349044,35.71,-0.02190079267794387
SBIN,EQ,2023-08-03,598.45,598.7,600.85,585.0,591.25,590.5,590.78,27774877,16408864220.8,320867,7688103,27.68,-0.013284317821037783
SBIN,EQ,2023-08-04,590.5,594.8,598.7,571.4,573.2,573.3,582.94,52725616,30735973949.65,568761,19887839,37.72,-0.02912785774767157
SBIN,EQ,2023-08-07,573.3,577.0,577.0,566.65,568.35,567.9,569.52,32736325,18643967967.55,424649,14228827,43.46,-0.009419152276295084
SBIN,EQ,2023-08-08,567.9,571.0,574.25,568.45,573.7,573.1,571.54,25038671,14310553091.45,353947,10867206,43.4,0.009156541644655736
SBIN,EQ,2023-08-09,573.1,575.0,575.0,568.35,573.65,573.75,571.15,15769111,9006504554.1,247711,7073585,44.86,0.0011341825161401697
SBIN,EQ,2023-08-10,573.75,573.75,577.6,570.1,574.0,573.65,573.33,27325801,15666566522.25,421225,9800370,35.86,-0.00017429193899787254
SBIN,EQ,2023-08-11,573.65,575.45,579.0,572.0,574.5,574.15,575.36,18221179,10483783178.0,263372,8060217,44.24,0.000871611609866596
SBIN,EQ,2023-08-14,574.15,572.95,573.0,558.6,561.0,560.8,561.45,28084093,15767694753.0,478707,13809180,49.17,-0.023251763476443532
SBIN,EQ,2023-08-16,560.8,558.8,566.4,554.0,565.05,565.35,563.54,15725767,8862034153.75,190829,5994932,38.12,0.008113409415121398
SBIN,EQ,2023-08-17,565.35,565.75,573.15,564.0,571.75,572.15,568.81,27910162,15875489835.2,338178,12719935,45.57,0.012027947289289687
SBIN,EQ,2023-08-18,572.15,570.0,575.25,567.4,571.15,572.95,571.79,18253227,10437030633.7,296911,8582405,47.02,0.00139823472865519
SBIN,EQ,2023-08-21,572.95,572.95,575.55,570.75,571.3,571.7,572.74,9380810,5372733325.4,154325,2689028,28.67,-0.0021816912470546956
SBIN,EQ,2023-08-22,571.7,572.5,574.45,567.5,568.2,568.5,570.63,14073413,8030760756.35,194890,4698558,33.39,-0.005597341262900235
SBIN,EQ,2023-08-23,568.5,571.0,577.95,566.0,576.3,576.9,572.66,18579297,10639620981.45,260827,7487329,40.3,0.014775725593667577
SBIN,EQ,2023-08-24,576.9,578.15,582.0,575.55,577.0,576.95,578.0,24131644,13948078521.65,321952,7910389,32.78,8.667013347207764e-05
SBIN,EQ,2023-08-25,576.95,573.8,575.3,567.2,569.7,569.95,571.2,12271885,7009692537.0,198589,3434185,27.98,-0.012132767137533529
SBIN,EQ,2023-08-28,569.95,572.8,574.8,569.2,573.1,572.85,571.84,9711932,5553705392.9,181649,2807235,28.91,0.0050881656285639565
SBIN,EQ,2023-08-29,572.85,573.65,576.3,571.85,575.25,574.85,574.01,13144855,7545323890.4,232951,4270158,32.49,0.0034913153530593544
SBIN,EQ,2023-08-30,574.85,576.7,577.7,566.1,567.5,567.4,571.91,15281416,8739616795.9,245036,6748751,44.16,-0.012959902583282723
SBIN,EQ,2023-08-31,567.4,569.3,570.3,559.4,562.15,561.35,564.43,27898476,15746686711.25,326854,10448308,37.45,-0.010662671836446869
SBIN,EQ,2023-09-01,561.35,562.7,571.2,562.1,569.5,569.55,567.55,18121168,10284701912.55,260408,7828067,43.2,0.014607642290905831
SBIN,EQ,2023-09-04,569.55,572.0,576.35,568.45,575.6,575.55,572.87,12108655,6936698350.4,195524,4850266,40.06,0.01053463260468801
SBIN,EQ,2023-09-05,575.55,575.6,578.25,571.35,572.95,573.0,574.05,14444729,8292019922.2,247672,3489469,24.16,-0.00443054469637727
SBIN,EQ,2023-09-06,573.0,574.25,574.25,568.0,570.95,570.5,570.55,20609936,11759100652.1,337013,5686645,27.59,-0.004363001745200656
SBIN,EQ,2023-09-07,570.5,568.0,581.0,568.0,580.6,579.05,575.6,12390597,7132078107.95,180550,4828758,38.97,0.014986853637160236
SBIN,EQ,2023-09-08,579.05,581.0,588.5,579.7,583.4,583.45,584.57,14032068,8202779359.95,205241,5866967,41.81,0.007598652966065211
SBIN,EQ,2023-09-11,583.45,587.0,592.3,585.35,591.25,591.7,590.12,10946134,6459550843.3,271751,5229717,47.78,0.01414002913702972
SBIN,EQ,2023-09-12,591.7,593.65,594.25,584.65,587.6,588.35,588.44,16093060,9469853287.9,254109,6092579,37.86,-0.005661652864627387
SBIN,EQ,2023-09-13,588.35,588.4,598.0,583.45,596.35,596.45,592.24,19377172,11475963581.8,279643,5923422,30.57,0.013767315373502287
SBIN,EQ,2023-09-14,596.45,598.45,603.7,595.2,596.6,597.3,598.77,13178911,7891138917.75,260528,5030891,38.17,0.0014250984994550464
SBIN,EQ,2023-09-15,597.3,599.35,600.7,595.2,598.05,598.8,598.23,11756389,7033062065.15,182595,5551889,47.22,0.0025113008538422132
SBIN,EQ,2023-09-18,598.8,598.8,608.4,597.05,603.0,603.95,605.18,19305055,11683085228.8,336027,6299800,32.63,0.008600534402137816
SBIN,EQ,2023-09-20,603.95,600.85,606.8,599.4,601.0,601.1,602.78,21314600,12848060287.55,351772,8003748,37.55,-0.004718933686563509
SBIN,EQ,2023-09-21,601.1,600.0,606.6,584.65,587.9,588.15,593.29,23453425,13914625160.45,425490,8308765,35.43,-0.02154383630011658
SBIN,EQ,2023-09-22,588.15,593.5,602.0,591.4,598.7,598.15,598.12,18784139,11235213845.05,295166,6536792,34.8,0.017002465357476737
SBIN,EQ,2023-09-25,598.15,601.5,601.5,590.45,593.95,594.05,594.79,9712784,5777109828.2,262285,3497893,36.01,-0.006854467942823739
SBIN,EQ,2023-09-26,594.05,594.0,595.0,591.25,594.45,594.4,593.8,8327427,4944809375.45,185873,2888462,34.69,0.0005891759952867393
SBIN,EQ,2023-09-27,594.4,593.45,594.3,588.2,590.0,589.75,590.74,9865347,5827826886.25,232626,5284601,53.57,-0.007823014804845152
SBIN,EQ,2023-09-28,589.75,591.25,595.2,588.85,590.5,589.95,591.37,21960816,12986961371.85,287488,9746149,44.38,0.0003391267486223537
SBIN,EQ,2023-09-29,589.95,592.85,600.0,591.3,598.3,598.55,597.22,12189735,7279947317.4,224164,4867517,39.93,0.014577506568353105
SBIN,EQ,2023-10-03,598.55,596.6,604.9,589.6,603.1,602.95,597.63,15322196,9156985818.05,245784,8312801,54.25,0.007351098488012742
SBIN,EQ,2023-10-04,602.95,600.0,600.45,584.45,585.2,586.25,590.41,24914612,14709773963.6,308578,12145737,48.75,-0.027697155651380756
SBIN,EQ,2023-10-05,586.25,590.0,594.35,587.1,592.0,592.15,591.18,13248028,7832000311.45,209600,5218527,39.39,0.010063965884861359
SBIN,EQ,2023-10-06,592.15,593.4,598.95,592.2,594.0,594.25,595.04,8216780,4889295417.95,187684,2438547,29.68,0.003546398716541388
SBIN,EQ,2023-10-09,594.25,588.0,589.0,581.55,584.55,585.1,584.53,9189597,5371608921.2,235554,3891031,42.34,-0.015397559949516193
SBIN,EQ,2023-10-10,585.1,587.0,595.0,585.75,591.2,591.65,590.68,10373508,6127406833.2,250192,3731487,35.97,0.011194667578191764
SBIN,EQ,2023-10-11,591.65,596.9,597.0,587.6,588.9,588.35,591.39,14220119,8409571970.95,209131,7181314,50.5,-0.005577621904842345
SBIN,EQ,2023-10-12,588.35,590.8,593.0,585.0,585.6,586.05,588.33,11983797,7050377951.75,171954,7022541,58.6,-0.003909237698648926
SBIN,EQ,2023-10-13,586.05,577.75,581.3,574.8,576.2,576.15,577.07,19064577,11001625403.05,465129,10307019,54.06,-0.016892756590734526
SBIN,EQ,2023-10-16,576.15,576.0,578.75,571.5,575.5,575.65,576.02,11290293,6503388837.6,485503,6332284,56.09,-0.0008678295582748019
SBIN,EQ,2023-10-17,575.65,577.7,579.95,575.3,576.7,576.45,577.46,10765224,6216466935.7,269728,5859053,54.43,0.0013897333449146565
SBIN,EQ,2023-10-18,576.45,577.75,579.25,569.35,572.75,572.65,573.26,11777454,6751531244.1,270057,5608793,47.62,-0.006592072165842788
SBIN,EQ,2023-10-19,572.65,569.8,574.0,567.0,571.3,571.2,570.92,11441499,6532150778.6,239777,5051411,44.15,-0.00253208766262103
SBIN,EQ,2023-10-20,571.2,569.9,570.0,562.1,562.8,563.1,565.15,11110988,6279375187.5,282726,5578493,50.21,-0.014180672268907624
SBIN,EQ,2023-10-23,563.1,563.1,566.0,551.0,552.4,552.95,559.35,11875035,6642319960.75,263251,4962537,41.79,-0.018025217545728944
SBIN,EQ,2023-10-25,552.95,558.6,560.8,553.6,556.6,556.2,557.67,12134624,6767161161.25,262171,6042264,49.79,0.00587756578352483
SBIN,EQ,2023-10-26,556.2,551.45,552.9,543.2,547.0,547.0,547.27,19424825,10630651336.6,317445,8700995,44.79,-0.01654081265731755
SBIN,EQ,2023-10-27,547.0,550.0,562.5,550.0,561.7,561.15,558.49,10415296,5816877868.95,210599,3890100,37.35,0.02586837294332711
SBIN,EQ,2023-10-30,561.15,563.0,566.7,556.5,566.2,565.2,562.29,8593704,4832188898.35,191150,3958500,46.06,0.0072173215717723505
SBIN,EQ,2023-10-31,565.2,567.0,569.5,563.15,565.95,565.55,566.37,13039696,7385312631.25,236664,3714133,28.48,0.0006192498230712662
SBIN,EQ,2023-11-01,565.55,566.25,569.65,563.85,567.3,566.4,567.16,13575575,7699515897.65,240220,3388690,24.96,0.0015029617186810285
SBIN,EQ,2023-11-02,566.4,571.1,575.45,567.6,572.0,572.1,571.18,11148516,6367849377.0,212716,3440074,30.86,0.010063559322033955
SBIN,EQ,2023-11-03,572.1,576.0,579.5,573.45,579.15,578.15,577.35,11371371,6565279355.45,205720,6589318,57.95,0.010575074287711761
SBIN,EQ,2023-11-06,578.15,582.0,582.5,573.25,573.95,574.35,575.7,16499138,9498482029.95,330138,8523583,51.66,-0.006572688748594624
SBIN,EQ,2023-11-07,574.35,574.8,581.2,572.6,580.35,579.75,577.36,17923281,10348172706.1,466280,6244715,34.84,0.009401932619482745
SBIN,EQ,2023-11-08,579.75,581.9,582.6,579.0,580.4,580.3,580.52,15434808,8960148835.65,391419,5169837,33.49,0.0009486847779214269
SBIN,EQ,2023-11-09,580.3,581.0,581.85,576.5,577.6,578.35,578.27,12434363,7190409015.15,167584,6402370,51.49,-0.003360330863346417
SBIN,EQ,2023-11-10,578.35,577.8,581.0,575.4,580.25,579.5,578.7,6773038,3919567928.9,119792,2840557,41.94,0.0019884153194431597
SBIN,EQ,2023-11-12,579.5,584.75,584.75,580.1,580.85,581.3,581.85,1947722,1133273076.55,53935,1009020,51.81,0.0031061259706643973
SBIN,EQ,2023-11-13,581.3,581.0,582.5,575.2,581.3,581.35,578.71,11282362,6529178380.05,177978,5161793,45.75,8.601410631348116e-05
SBIN,EQ,2023-11-15,581.35,587.25,588.0,582.6,584.0,584.7,584.93,11397676,6666856921.25,221182,4665661,40.94,0.005762449471058861
SBIN,EQ,2023-11-16,584.7,584.7,588.0,582.9,584.1,584.65,585.4,8622660,5047671165.75,179964,4086521,47.39,-8.551393877209712e-05
SBIN,EQ,2023-11-17,584.65,574.5,574.5,562.1,562.9,563.05,566.16,37173221,21045979976.3,682644,23418513,63.0,-0.036945180877448136
SBIN,EQ,2023-11-20,563.05,564.0,566.8,560.6,563.5,563.75,564.68,12714585,7179613743.45,264832,7596353,59.75,0.001243228842909172
SBIN,EQ,2023-11-21,563.75,566.0,566.65,561.0,561.4,561.5,563.11,14280013,8041232058.75,223495,9209902,64.5,-0.003991130820399147
SBIN,EQ,2023-11-22,561.5,562.95,564.5,555.15,559.5,558.95,559.0,14909071,8334245035.5,247815,7609977,51.04,-0.00454140694568117
SBIN,EQ,2023-11-23,558.95,561.75,563.5,558.3,560.5,559.95,560.72,6376210,3575282774.35,198344,2254110,35.35,0.0017890687896948698
SBIN,EQ,2023-11-24,559.95,561.95,562.45,559.25,560.7,560.35,560.63,6529851,3660804948.55,155259,3323702,50.9,0.0007143494954906515
SBIN,EQ,2023-11-28,560.35,563.6,565.2,561.1,564.8,564.45,563.42,8153314,4593727819.7,186090,4067321,49.89,0.007316855536718236
SBIN,EQ,2023-11-29,564.45,568.0,569.0,565.1,568.35,568.6,567.58,10299034,5845506569.15,206929,6381892,61.97,0.007352289839666959
SBIN,EQ,2023-11-30,568.6,569.75,570.2,563.65,565.15,564.75,566.22,19758998,11187929536.5,314822,10808653,54.7,-0.006771016531832652
SBIN,EQ,2023-12-01,564.75,567.0,574.2,566.55,571.85,571.75,571.83,10614230,6069542121.05,189868,5320016,50.12,0.012394864984506482
SBIN,EQ,2023-12-04,571.75,588.0,596.0,584.55,595.9,594.7,590.28,26077882,15393175008.05,386859,13863658,53.16,0.04013992129427213
SBIN,EQ,2023-12-05,594.7,595.05,611.3,595.05,608.25,608.25,606.37,36430152,22090196336.45,432396,14588724,40.05,0.02278459727593729
SBIN,EQ,2023-12-06,608.25,614.0,614.0,604.55,607.7,608.45,609.96,21439069,13076949822.2,273409,9232102,43.06,0.0003288121660502963
SBIN,EQ,2023-12-07,608.45,610.0,612.55,605.0,611.5,611.7,609.73,10725706,6539746289.5,248309,4815801,44.9,0.005341441367408883
SBIN,EQ,2023-12-08,611.7,610.0,616.8,605.35,614.5,614.15,610.67,17722136,10822316306.2,294891,7790149,43.96,0.004005231322543601
SBIN,EQ,2023-12-11,614.15,615.0,619.9,613.1,614.2,614.25,615.99,11706255,7210878840.8,285158,5244532,44.8,0.00016282667100875337
SBIN,EQ,2023-12-12,614.25,617.0,617.95,610.8,612.05,612.4,613.75,14494836,8896194867.15,282774,7674743,52.95,-0.003011803011803038
SBIN,EQ,2023-12-13,612.4,614.45,620.5,611.65,619.0,619.85,616.9,13977914,8622977354.1,279821,5930859,42.43,0.01216525146962777
SBIN,EQ,2023-12-14,619.85,626.0,627.75,622.4,623.65,623.65,624.37,15813797,9873663687.1,336921,7862531,49.72,0.0061305154472854895
SBIN,EQ,2023-12-15,623.65,628.0,650.0,619.85,648.3,648.25,638.08,29813572,19023430389.9,433979,12398365,41.59,0.03944520163553289
SBIN,EQ,2023-12-18,648.25,646.65,655.65,642.4,647.6,648.5,650.04,16221796,10544832650.95,347590,6466062,39.86,0.00038565368299270375
SBIN,EQ,2023-12-19,648.5,648.5,659.6,640.25,656.0,655.4,652.88,19964008,13034125974.85,384049,7263113,36.38,0.010639938319198183
SBIN,EQ,2023-12-20,655.4,658.7,660.4,633.95,634.55,636.45,647.91,22542056,14605196613.65,419233,9802178,43.48,-0.02891364052487022
SBIN,EQ,2023-12-21,636.45,632.15,648.95,627.5,644.0,643.75,639.02,19915516,12726451072.85,347188,8072018,40.53,0.011469871945950061
SBIN,EQ,2023-12-22,643.75,644.75,649.4,635.15,637.2,636.75,642.31,14998068,9633365890.05,307210,5532417,36.89,-0.010873786407767039
SBIN,EQ,2023-12-26,636.75,638.85,641.3,635.65,638.5,638.05,639.19,10153089,6489768989.95,298625,3985685,39.26,0.0020416175893207544
SBIN,EQ,2023-12-27,638.05,640.75,649.45,639.0,648.65,648.55,645.18,14417646,9301972173.2,295473,6351229,44.05,0.01645639056500281
SBIN,EQ,2023-12-28,648.55,650.25,653.3,646.5,649.3,651.4,650.46,16982092,11046112701.5,301058,7677028,45.21,0.004394418317785975
SBIN,EQ,2023-12-29,651.4,645.5,649.6,639.55,641.7,642.05,642.49,13221898,8494932618.15,332467,6311045,47.73,-0.014353699723672175
SBIN,EQ,2024-01-01,642.05,642.2,646.9,638.0,638.1,641.35,643.93,8295548,5341716373.3,257804,3822880,46.08,-0.0010902577680864667
SBIN,EQ,2024-01-02,641.35,641.35,648.0,633.85,639.2,639.45,640.47,15164482,9712346967.95,249803,5763498,38.01,-0.0029625009745068986
SBIN,EQ,2024-01-03,639.45,639.35,648.0,635.8,644.5,643.45,643.21,14571772,9372732858.9,252225,5571546,38.24,0.0062553757135037635
SBIN,EQ,2024-01-04,643.45,642.5,646.4,638.65,643.6,642.75,642.95,13883388,8926355539.75,271568,6890470,49.63,-0.0010878856165981166
SBIN,EQ,2024-01-05,642.75,645.0,651.75,637.75,641.45,641.95,645.02,15984585,10310453920.0,272662,6017286,37.64,-0.0012446518864254186
SBIN,EQ,2024-01-08,641.95,640.0,645.0,625.05,627.9,627.0,633.49,14739531,9337325175.95,336839,6836375,46.38,-0.023288418101098274
SBIN,EQ,2024-01-09,627.0,632.0,634.35,624.5,625.95,625.4,629.7,13400235,8438088899.05,236123,5499185,41.04,-0.0025518341307815273
SBIN,EQ,2024-01-10,625.4,624.8,625.3,618.2,622.0,621.75,622.15,12742464,7927674893.1,213657,7178612,56.34,-0.005836264790534007
SBIN,EQ,2024-01-11,621.75,626.0,627.15,618.5,621.25,620.2,621.85,15533860,9659792551.1,284550,9949858,64.05,-0.0024929634097304865
SBIN,EQ,2024-01-12,620.2,623.8,636.5,621.1,635.25,633.6,630.54,16620797,10480104627.65,302558,8021953,48.26,0.021605933569816216
SBIN,EQ,2024-01-15,633.6,638.9,645.5,636.1,640.8,640.1,640.23,16844018,10784099571.95,300031,7373550,43.78,0.010258838383838453
SBIN,EQ,2024-01-16,640.1,640.0,644.9,633.45,637.55,636.9,639.72,15025543,9612187789.45,253396,6376490,42.44,-0.0049992188720513475
SBIN,EQ,2024-01-17,636.9,624.0,636.8,623.0,626.45,626.0,628.6,30016308,18868396654.85,428458,9347325,31.14,-0.0171141466478254
SBIN,EQ,2024-01-18,626.0,625.8,633.45,619.05,628.5,628.3,627.46,14695436,9220794332.4,239183,5674908,38.62,0.003674121405750741
SBIN,EQ,2024-01-19,628.3,633.0,635.5,624.7,628.7,627.75,629.47,11675202,7349140974.3,208754,5357034,45.88,-0.000875378004138061
SBIN,EQ,2024-01-20,627.75,629.0,633.8,624.1,631.0,631.4,628.99,9886760,6218702860.5,133765,2267972,22.94,0.0058144165671047965
SBIN,EQ,2024-01-23,631.4,627.0,634.9,600.65,606.0,605.1,613.88,30954343,19002405937.25,409569,14265326,46.09,-0.041653468482736655
SBIN,EQ,2024-01-24,605.1,609.95,622.35,603.1,618.0,618.3,615.78,19221835,11836460488.35,274606,8117404,42.23,0.02181457610312343
SBIN,EQ,2024-01-25,618.3,618.5,623.8,606.25,615.0,612.75,612.47,22684904,13893936068.05,295756,10132801,44.67,-0.008976225133430327
SBIN,EQ,2024-01-29,612.75,619.0,629.5,615.6,624.2,622.95,622.28,19572140,12179266716.9,375931,10633301,54.33,0.016646266829865475
SBIN,EQ,2024-01-30,622.95,625.45,633.5,624.2,625.5,626.75,628.36,16966577,10661120748.15,340803,6629436,39.07,0.006100008026326265
SBIN,EQ,2024-01-31,626.75,626.4,643.2,622.0,641.55,640.5,634.65,23270745,14768784599.55,331696,8773593,37.7,0.021938571998404433
SBIN,EQ,2024-02-01,640.5,642.75,652.95,633.25,648.5,647.65,644.85,26587707,17145097528.6,341287,8870846,33.36,0.011163153786104552
SBIN,EQ,2024-02-02,647.65,652.0,660.55,646.7,648.0,649.65,653.81,27471811,17961231828.75,362306,9752154,35.5,0.003088087701690778
SBIN,EQ,2024-02-05,649.65,647.1,654.8,638.75,643.0,642.95,646.89,28339525,18332581475.65,348687,9895120,34.92,-0.010313245593781217
SBIN,EQ,2024-02-06,642.95,644.45,655.0,637.7,654.8,650.25,644.26,14079390,9070737392.7,230842,4525485,32.14,0.011353915545532223
SBIN,EQ,2024-02-07,650.25,655.05,677.95,655.0,677.5,675.25,669.94,41696232,27934060703.15,797692,16405107,39.34,0.03844675124951946
SBIN,EQ,2024-02-08,675.25,680.4,718.9,678.5,699.8,699.55,700.87,74222434,52020633464.1,978644,31713090,42.73,0.035986671603109865
SBIN,EQ,2024-02-09,699.55,703.65,728.35,694.2,725.45,725.25,711.47,43235061,30760244551.05,757763,16793764,38.84,0.03673790293760271
SBIN,EQ,2024-02-12,725.25,726.0,726.0,704.5,707.0,707.9,713.27,22873137,16314827822.6,573623,8670324,37.91,-0.023922785246466738
SBIN,EQ,2024-02-13,707.9,708.55,718.0,702.15,711.35,713.45,711.68,23351472,16618687259.4,364739,6698293,28.68,0.007840090408249845
SBIN,EQ,2024-02-14,713.45,705.55,748.5,705.55,743.0,743.4,730.54,36782182,26870928805.05,493455,12156464,33.05,0.04197911556521117
SBIN,EQ,2024-02-15,743.4,747.7,764.0,741.65,760.4,761.7,754.14,33941282,25596507159.35,863114,15061490,44.38,0.02461662631154171
SBIN,EQ,2024-02-16,761.7,763.45,774.6,753.35,757.35,754.7,763.14,27365121,20883378535.9,519358,11524648,42.11,-0.009189969804384912
SBIN,EQ,2024-02-19,754.7,758.7,765.0,750.0,759.65,759.25,758.61,13979584,10605031489.65,253774,4458749,31.89,0.006028885649927096
SBIN,EQ,2024-02-20,759.25,759.05,763.5,754.0,760.65,760.1,759.33,12528399,9513187763.75,260985,4318800,34.47,0.0011195258478762238
SBIN,EQ,2024-02-21,760.1,760.65,777.5,759.6,772.05,771.5,770.65,21465311,16542228829.4,441746,6158114,28.69,0.014998026575450574
SBIN,EQ,2024-02-22,771.5,773.0,773.0,757.0,766.95,765.9,764.01,18799244,14362848260.8,372278,6831114,36.34,-0.00725858716785488
SBIN,EQ,2024-02-23,765.9,765.9,770.5,755.0,760.35,759.05,761.81,14143636,10774810691.75,479997,5426016,38.36,-0.00894372633503071
SBIN,EQ,2024-02-26,759.05,755.0,766.35,752.7,758.4,758.9,759.32,11355186,8622214664.7,280156,3888203,34.24,-0.00019761544035301615
SBIN,EQ,2024-02-27,758.9,758.9,762.35,742.2,749.5,749.85,751.69,13969393,10500629239.15,315352,4847382,34.7,-0.011925154829358187
SBIN,EQ,2024-02-28,749.85,749.85,756.75,741.0,743.0,742.5,747.76,11263318,8422254972.85,283338,3255416,28.9,-0.00980196039207848
SBIN,EQ,2024-02-29,742.5,743.9,753.9,737.15,753.0,748.1,745.74,19217113,14330898842.35,389495,7258306,37.77,0.007542087542087517
SBIN,EQ,2024-03-01,748.1,752.0,772.0,751.95,770.0,769.15,763.2,17348526,13240413220.45,309262,7566668,43.62,0.02813794947199577
SBIN,EQ,2024-03-02,769.15,771.95,777.0,768.9,773.7,773.3,774.03,1158960,897065444.75,27382,503601,43.45,0.005395566534486029
SBIN,EQ,2024-03-04,773.3,774.4,777.0,769.0,771.35,772.05,772.72,9789141,7564284699.6,197362,3652799,37.31,-0.0016164489848700114
SBIN,EQ,2024-03-05,772.05,769.5,786.95,769.1,784.6,783.95,782.2,18088847,14149113322.65,404509,7056745,39.01,0.015413509487727683
SBIN,EQ,2024-03-06,783.95,783.65,790.3,772.9,783.7,783.9,783.81,26710525,20936092585.05,503262,9791491,36.66,-6.377957777925491e-05
SBIN,EQ,2024-03-07,783.9,790.0,793.4,783.0,786.0,788.05,788.54,15497868,12220705592.6,219629,9123241,58.87,0.005294042607475458
SBIN,EQ,2024-03-11,788.05,790.0,792.8,770.55,773.95,773.7,778.59,16778340,13063454668.35,387291,8547195,50.94,-0.01820950447306635
SBIN,EQ,2024-03-12,773.7,770.0,777.75,757.35,759.0,759.7,764.67,21529705,16463045923.05,390497,8212224,38.14,-0.018094868812201126
SBIN,EQ,2024-03-13,759.7,758.65,763.7,743.0,747.4,747.25,751.85,27950252,21014317799.65,462302,12098367,43.29,-0.016388047913650228
SBIN,EQ,2024-03-14,747.25,749.9,750.8,734.05,741.0,741.05,743.03,19730882,14660690669.7,304735,8874679,44.98,-0.008297089327534368
SBIN,EQ,2024-03-15,741.05,739.25,746.55,723.0,732.65,731.9,731.27,29792241,21786099985.35,382516,16467856,55.28,-0.012347344983469344
SBIN,EQ,2024-03-18,731.9,727.1,737.9,722.1,732.45,730.95,729.81,18145126,13242520782.95,266091,8284860,45.66,-0.0012979915288973132
SBIN,EQ,2024-03-19,730.95,730.0,734.35,721.15,722.55,723.8,727.47,15205043,11061261059.95,203852,6887268,45.3,-0.009781790820165615
SBIN,EQ,2024-03-20,723.8,725.15,738.95,719.8,736.6,736.25,731.17,25405455,18575665608.1,411626,7984760,31.43,0.017200884222160928
SBIN,EQ,2024-03-21,736.25,742.0,750.6,740.55,742.8,744.3,745.38,15161161,11300817864.0,297397,5586102,36.84,0.010933786078098473
SBIN,EQ,2024-03-22,744.3,743.85,748.8,741.4,746.5,746.7,746.09,15535921,11591196217.5,261750,7143052,45.98,0.0032245062474809405
SBIN,EQ,2024-03-26,746.7,743.05,747.85,738.5,741.8,740.05,741.15,14678342,10878801267.1,471853,7937403,54.08,-0.008905852417302906
SBIN,EQ,2024-03-27,740.05,743.0,745.85,730.2,736.5,733.3,735.91,30088789,22142632347.65,303834,15397825,51.17,-0.009121005337477173
SBIN,EQ,2024-03-28,733.3,737.75,759.55,736.9,752.95,752.35,750.83,21705116,16296764834.75,250615,8996115,41.45,0.025978453566071202
SBIN,EQ,2024-04-01,752.35,759.05,761.5,752.1,758.0,758.3,757.16,9949971,7533678627.05,155072,3587578,36.06,0.007908553199973412
SBIN,EQ,2024-04-02,758.3,758.2,768.75,753.35,765.95,766.4,761.63,15713063,11967515949.7,199522,7122583,45.33,0.010681788210470833
SBIN,EQ,2024-04-03,766.4,764.9,772.6,760.15,771.0,771.05,767.84,19136981,14694203509.3,277412,10392587,54.31,0.0060673277661795755
SBIN,EQ,2024-04-04,771.05,775.0,775.3,758.1,760.8,759.3,763.24,15889530,12127483574.7,263762,5252262,33.05,-0.01523895985993129
SBIN,EQ,2024-04-05,759.3,757.95,767.7,752.6,765.9,764.75,760.39,9939620,7557966836.05,159848,3284683,33.05,0.007177663637560894
SBIN,EQ,2024-04-08,764.75,766.05,770.0,761.8,767.6,768.3,766.03,9797174,7504931342.05,193392,4573077,46.68,0.004642039882314375
SBIN,EQ,2024-04-09,768.3,768.45,772.45,761.1,765.05,764.2,766.79,7465892,5724766013.05,127868,2270132,30.41,-0.005336457113106707
SBIN,EQ,2024-04-10,764.2,766.5,780.7,763.65,777.4,779.05,772.9,14530669,11230749541.1,201570,6083772,41.87,0.019432085841402547
SBIN,EQ,2024-04-12,779.05,777.25,779.5,764.8,766.55,766.3,772.32,14408722,11128157762.8,245294,7525415,52.23,-0.016366086900712395
SBIN,EQ,2024-04-15,766.3,759.8,763.3,748.75,758.9,757.5,756.89,11356572,8595700637.0,203154,3394129,29.89,-0.01148375309930827
SBIN,EQ,2024-04-16,757.5,751.25,754.9,744.4,752.8,751.7,750.07,13338991,10005242780.0,202899,5769212,43.25,-0.0076567656765675896
SBIN,EQ,2024-04-18,751.7,752.05,759.95,742.0,746.1,744.8,750.48,14589648,10949256502.45,271371,5820263,39.89,-0.009179193827324905
SBIN,EQ,2024-04-19,744.8,734.5,752.0,732.05,750.0,750.45,743.33,10886554,8092349855.55,191080,3483310,32.0,0.007585929108485656
SBIN,EQ,2024-04-22,750.45,754.15,769.0,750.45,768.15,766.1,760.71,17452186,13276083461.55,320047,9911278,56.79,0.020854154174162032
SBIN,EQ,2024-04-23,766.1,770.35,777.7,765.55,773.0,773.0,772.87,12292429,9500456626.7,390560,5472804,44.52,0.009006657094374093
SBIN,EQ,2024-04-24,773.0,778.5,778.5,770.2,772.5,773.1,772.96,7842615,6062053959.3,163729,3398638,43.34,0.0001293661060801643
SBIN,EQ,2024-04-25,773.1,770.65,814.4,769.65,812.0,812.7,798.71,36732974,29339161191.35,490497,16475930,44.85,0.051222351571594826
SBIN,EQ,2024-04-26,812.7,815.9,816.9,798.9,803.2,801.3,804.98,14964358,12046026651.85,320781,6491614,43.38,-0.01402731635289789
SBIN,EQ,2024-04-29,801.3,807.0,831.25,798.7,825.0,826.5,817.53,27302732,22320752043.65,371639,7646173,28.01,0.03144889554473984
SBIN,EQ,2024-04-30,826.5,826.5,834.85,819.9,821.0,826.25,827.56,27449073,22715742484.05,376985,9419363,34.32,-0.0003024803387779995
SBIN,EQ,2024-05-02,826.25,826.9,833.9,825.0,830.45,830.05,830.43,19943724,16561798987.1,425940,10287198,51.58,0.004599092284417461
SBIN,EQ,2024-05-03,830.05,834.8,836.2,820.0,831.0,831.45,828.02,22667634,18769316179.15,299662,12118380,53.46,0.0016866453828083827
SBIN,EQ,2024-05-06,831.45,835.0,836.0,803.0,809.5,807.8,809.69,35283557,28568603442.05,420532,20178148,57.19,-0.028444284082025484
SBIN,EQ,2024-05-07,807.8,812.0,814.65,793.2,803.65,801.9,802.82,16725013,13427169707.45,333003,7851037,46.94,-0.007303788066353012
SBIN,EQ,2024-05-08,801.9,802.6,822.0,799.5,811.4,810.8,811.87,27908322,22657896599.95,416012,15409013,55.21,0.01109864072827027
SBIN,EQ,2024-05-09,810.8,811.9,839.65,803.55,820.0,819.8,820.7,49290254,40452525638.0,710585,16859500,34.2,0.011100148001973453
SBIN,EQ,2024-05-10,819.8,827.0,832.05,815.6,816.85,817.35,822.63,20543142,16899481306.25,337836,6922409,33.7,-0.0029885337887288754
SBIN,EQ,2024-05-13,817.35,819.85,819.85,798.6,808.95,808.8,807.3,15398505,12431253183.15,300588,5305042,34.45,-0.010460634978895267
SBIN,EQ,2024-05-14,808.8,813.0,822.4,807.9,817.9,818.2,815.81,10912462,8902478688.1,215574,3908344,35.82,0.011622156280910012
SBIN,EQ,2024-05-15,818.2,821.0,825.3,818.05,820.7,820.3,821.25,9755062,8011323408.05,184595,2671170,27.38,0.0025666096308969433
SBIN,EQ,2024-05-16,820.3,825.3,826.15,797.35,812.3,811.95,810.77,20536990,16650876495.95,398702,7333149,35.71,-0.010179202730708159
SBIN,EQ,2024-05-17,811.95,814.5,822.45,811.2,817.35,817.85,817.69,12492509,10214979481.6,238755,5274836,42.22,0.007266457294168305
SBIN,EQ,2024-05-18,817.85,822.0,823.0,819.2,821.5,821.0,820.96,960453,788496867.55,18745,609834,63.49,0.0038515620223757985
SBIN,EQ,2024-05-21,821.0,821.0,836.3,819.6,830.0,830.65,830.06,14037801,11652154522.45,299301,5533304,39.42,0.011753958587088942
SBIN,EQ,2024-05-22,830.65,826.55,826.65,813.55,818.75,818.75,819.27,19239277,15762179196.85,303784,9383288,48.77,-0.01432613013904771
SBIN,EQ,2024-05-23,818.75,824.7,835.5,822.0,829.85,832.1,830.11,17497488,14524811082.6,297207,5422183,30.99,0.01630534351145041
SBIN,EQ,2024-05-24,832.1,830.0,841.25,827.0,828.0,828.6,835.17,12252075,10232581868.55,236666,4694848,38.32,-0.004206225213315706
SBIN,EQ,2024-05-27,828.6,832.6,839.4,823.0,833.35,833.7,833.52,12295193,10248301213.7,219095,4203176,34.19,0.0061549601737871384
SBIN,EQ,2024-05-28,833.7,835.7,840.7,823.3,830.8,831.15,832.45,13818893,11503519499.1,206371,6878029,49.77,-0.0030586541921555632
SBIN,EQ,2024-05-29,831.15,828.4,834.45,819.3,825.0,822.65,825.29,14518232,11981797386.95,243373,6230239,42.91,-0.010226794200806077
SBIN,EQ,2024-05-30,822.65,821.4,836.0,819.3,828.9,825.85,828.27,17818705,14758626273.6,438243,8308344,46.63,0.0038898681091594778
SBIN,EQ,2024-05-31,825.85,830.7,835.0,817.1,832.25,830.35,827.92,22267336,18435562035.65,313614,10255254,46.06,0.0054489314040080394
SBIN,EQ,2024-06-03,830.35,863.55,912.0,856.75,909.05,905.65,890.2,64269020,57212326883.5,1242769,28051367,43.65,0.09068465105076173
SBIN,EQ,2024-06-04,905.65,897.0,897.0,731.95,784.6,775.2,803.85,122381193,98375760977.65,1904773,50909322,41.6,-0.14404019212720143
SBIN,EQ,2024-06-05,775.2,790.75,795.0,744.05,787.55,789.75,771.2,74256082,57266540264.65,1147451,29224251,39.36,0.01876934984520129
SBIN,EQ,2024-06-06,789.75,800.0,833.35,796.0,817.0,816.95,818.98,40555649,33214156708.95,611412,13380701,32.99,0.03444127888572335
SBIN,EQ,2024-06-07,816.95,819.9,831.5,810.5,829.25,829.95,823.33,25061284,20633808796.0,346989,8075639,32.22,0.015912846563437277
SBIN,EQ,2024-06-10,829.95,834.15,845.45,829.2,830.8,831.8,837.18,16725508,14002292421.2,283108,6425667,38.42,0.0022290499427675137
SBIN,EQ,2024-06-11,831.8,836.0,839.6,829.05,835.5,835.55,835.28,14754408,12324005252.55,223238,5608419,38.01,0.004508295263284445
SBIN,EQ,2024-06-12,835.55,837.0,845.55,833.0,838.85,839.1,840.25,15071442,12663819955.65,247749,4764091,31.61,0.004248698462090861
SBIN,EQ,2024-06-13,839.1,845.0,845.9,836.1,844.95,843.9,842.29,12523972,10548843617.45,185661,6430720,51.35,0.005720414730067791
SBIN,EQ,2024-06-14,843.9,845.0,849.9,835.1,839.2,839.2,841.9,12903496,10863438124.7,206549,4397179,34.08,-0.005569380258324319
SBIN,EQ,2024-06-18,839.2,841.55,851.5,840.25,845.3,844.9,847.17,14929083,12647506030.85,241973,6429345,43.07,0.006792183031458343
SBIN,EQ,2024-06-19,844.9,846.8,860.6,841.0,854.3,852.6,850.68,32925140,28008646934.95,394742,10517183,31.94,0.009113504556752305
SBIN,EQ,2024-06-20,852.6,853.0,853.1,842.35,844.9,843.75,846.89,13985352,11844105365.7,214049,5753476,41.14,-0.010380014074595434
SBIN,EQ,2024-06-21,843.75,844.9,848.05,828.6,834.45,836.3,837.22,18990090,15898875069.3,305592,6976007,36.73,-0.008829629629629632
SBIN,EQ,2024-06-24,836.3,831.5,836.0,821.05,833.5,832.7,829.99,12715254,10553568351.95,229601,3292589,25.89,-0.004304675355733534
SBIN,EQ,2024-06-25,832.7,837.0,845.85,834.3,841.95,842.25,841.3,20917530,17597895341.85,278788,7556039,36.12,0.011468716224330544
SBIN,EQ,2024-06-26,842.25,839.85,848.8,836.0,844.25,845.35,843.76,16281760,13737868669.05,236219,5908154,36.29,0.003680617393885477
SBIN,EQ,2024-06-27,845.35,843.9,847.4,838.25,845.0,844.0,843.39,20378887,17187412738.55,320327,8752271,42.95,-0.0015969716685396707
SBIN,EQ,2024-06-28,844.0,846.9,864.0,844.0,848.8,848.95,855.04,23636388,20210123469.85,323370,10913744,46.17,0.005864928909952605
SBIN,EQ,2024-07-01,848.95,849.35,850.5,839.95,842.8,841.95,843.77,10967797,9254244639.05,200173,5295644,48.28,-0.008245479710230263
SBIN,EQ,2024-07-02,841.95,844.0,846.3,823.15,827.6,826.15,832.38,21142840,17598899832.2,406548,9402717,44.47,-0.018765959973870316
SBIN,EQ,2024-07-03,826.15,829.0,843.85,825.0,841.05,839.95,834.97,23598009,19703518122.6,263776,7203496,30.53,0.016703988379834334
SBIN,EQ,2024-07-04,839.95,843.0,844.9,834.3,838.5,839.3,839.96,13372587,11232413805.95,190968,6253980,46.77,-0.0007738555866422248
SBIN,EQ,2024-07-05,839.3,838.0,861.25,837.0,859.6,859.75,850.91,24873722,21165231702.9,279716,11585088,46.58,0.024365542714166688
SBIN,EQ,2024-07-08,859.75,859.75,865.0,853.5,856.75,856.25,858.53,10359800,8894248888.25,158034,3338756,32.23,-0.004070950857807509
SBIN,EQ,2024-07-09,856.25,859.9,869.95,856.0,856.5,861.3,863.76,13585081,11734273121.9,243152,5007077,36.86,0.00589781021897795
SBIN,EQ,2024-07-10,861.3,860.1,860.25,843.5,850.05,849.0,850.31,17343236,14747173777.1,269867,6292509,36.28,-0.014280738418669392
SBIN,EQ,2024-07-11,849.0,854.4,858.3,849.75,856.15,856.7,854.92,8501366,7267981108.4,177916,2637273,31.02,0.009069493521790317
SBIN,EQ,2024-07-12,856.7,856.7,863.0,855.3,861.0,859.7,859.68,11446064,9840000639.3,192216,4536220,39.63,0.003501809268121825
SBIN,EQ,2024-07-15,859.7,859.7,887.35,859.7,883.0,881.35,876.59,25392820,22259153852.55,325154,8363708,32.94,0.025183203443061464
SBIN,EQ,2024-07-16,881.35,882.3,888.1,874.3,882.0,880.7,880.47,11893692,10472020266.75,196244,4878106,41.01,-0.0007375049639757325
SBIN,EQ,2024-07-18,880.7,880.65,894.9,877.5,892.5,893.55,889.57,19435183,17288990051.0,380546,9783181,50.34,0.014590666515271744
SBIN,EQ,2024-07-19,893.55,895.0,899.0,883.3,889.5,889.35,890.65,14562742,12970254056.15,316170,6176654,42.41,-0.004700352526439411
SBIN,EQ,2024-07-22,889.35,881.45,895.0,868.0,878.0,876.8,881.14,14614111,12877104621.3,283608,6001817,41.07,-0.014111429695845334
SBIN,EQ,2024-07-23,876.8,883.0,884.5,849.1,864.2,863.9,868.8,18279212,15881066151.4,382383,5195965,28.43,-0.014712591240875872
SBIN,EQ,2024-07-24,863.9,864.2,868.0,847.2,853.95,852.0,854.85,19624845,16776315258.25,322758,5523383,28.14,-0.013774742447042465
SBIN,EQ,2024-07-25,852.0,847.5,850.75,841.2,848.95,848.5,846.52,9522375,8060916692.5,180539,2890970,30.36,-0.004107981220657253
SBIN,EQ,2024-07-26,848.5,844.65,864.25,844.0,859.95,862.45,857.5,12081506,10359863504.15,199144,4191872,34.7,0.01644077784325293
SBIN,EQ,2024-07-29,862.45,866.05,889.1,863.2,871.0,871.6,877.2,26582781,23318520569.7,380412,7977605,30.01,0.010609310684677409
SBIN,EQ,2024-07-30,871.6,874.7,880.55,869.0,871.65,872.8,874.1,13528447,11825152187.65,232883,3628977,26.82,0.0013767783386873234
SBIN,EQ,2024-07-31,872.8,873.85,874.95,868.0,874.4,872.4,871.25,11636874,10138573730.25,185998,4319188,37.12,-0.00045829514207151867
SBIN,EQ,2024-08-01,872.4,877.8,881.4,859.45,861.9,862.65,870.65,11787203,10262515137.0,172670,5470508,46.41,-0.01117606602475929
SBIN,EQ,2024-08-02,862.65,856.7,858.3,846.15,847.75,847.85,850.62,12609331,10725742695.2,253151,5063625,40.16,-0.01715643656175736
SBIN,EQ,2024-08-05,847.85,830.0,831.35,800.0,810.0,811.65,815.37,27676951,22567000834.0,539085,12248505,44.26,-0.04269623164474856
SBIN,EQ,2024-08-06,811.65,822.65,826.55,795.65,799.75,797.7,810.02,17900930,14500066261.55,330145,6896556,38.53,-0.017187211236370237
SBIN,EQ,2024-08-07,797.7,809.0,810.7,800.55,809.95,808.65,805.9,17692355,14258183262.4,281837,6659048,37.64,0.013726965024445148
SBIN,EQ,2024-08-08,808.65,812.0,817.8,802.8,808.15,808.05,809.92,14769069,11961721510.05,240989,4873913,33.0,-0.0007419773696902832
SBIN,EQ,2024-08-09,808.05,816.0,829.95,809.55,825.0,824.3,819.02,15320885,12548131438.55,212970,6212277,40.55,0.020110141699152262
SBIN,EQ,2024-08-12,824.3,820.6,823.0,811.2,813.0,812.6,815.34,16120449,13143624493.8,250757,7779273,48.26,-0.014193861458206891
SBIN,EQ,2024-08-13,812.6,813.5,820.0,795.05,797.0,797.55,807.01,17585172,14191444287.0,322018,9731151,55.34,-0.018520797440315095
SBIN,EQ,2024-08-14,797.55,800.95,809.15,800.4,803.2,803.0,803.92,11788665,9477100413.75,236789,4392805,37.26,0.006833427371324641
SBIN,EQ,2024-08-16,803.0,803.0,814.9,803.0,811.4,812.1,810.05,11427335,9256764911.3,251297,3733766,32.67,0.01133250311332512
SBIN,EQ,2024-08-19,812.1,815.0,825.4,812.6,814.6,813.7,817.66,10151482,8300440391.9,174502,2595511,25.57,0.001970200714197734
SBIN,EQ,2024-08-20,813.7,817.95,823.0,813.35,819.0,820.3,819.61,10347493,8480942023.0,172376,3528916,34.1,0.008111097456064753
SBIN,EQ,2024-08-21,820.3,820.3,821.0,811.2,816.6,815.55,815.09,14607257,11906194827.25,207262,6839709,46.82,-0.00579056442764847
SBIN,EQ,2024-08-22,815.55,819.0,823.9,817.1,820.0,820.3,820.73,7832917,6428745634.45,170021,2954022,37.71,0.005824290356201356
SBIN,EQ,2024-08-23,820.3,821.5,822.0,814.5,815.8,815.35,817.21,5537747,4525482307.75,137876,2303827,41.6,-0.006034377666707225
SBIN,EQ,2024-08-26,815.35,818.0,823.45,813.8,815.4,815.05,818.73,8523795,6978712521.45,153882,3845255,45.11,-0.00036794014840257905
SBIN,EQ,2024-08-27,815.05,817.8,819.45,811.05,814.8,815.9,816.19,12833290,10474372291.35,188750,5496803,42.83,0.0010428808048585925
SBIN,EQ,2024-08-28,815.9,814.75,817.2,806.5,807.95,809.4,812.23,10371300,8423916166.65,189651,4967658,47.9,-0.007966662581198714
SBIN,EQ,2024-08-29,809.4,809.55,816.0,806.95,815.7,814.5,812.98,18247268,14834679544.7,307266,10875917,59.6,0.006300963676797666
SBIN,EQ,2024-08-30,814.5,817.15,820.7,814.35,816.25,815.6,816.37,8911426,7275003120.65,161440,5041096,56.57,0.0013505217925107171
SBIN,EQ,2024-09-02,815.6,817.3,825.4,813.05,821.9,822.15,819.67,11813750,9683369620.85,279222,5400250,45.71,0.008030897498773948
SBIN,EQ,2024-09-03,822.15,822.15,825.95,816.4,823.4,824.8,821.71,10548350,8667721196.75,197793,4940537,46.84,0.0032232560968192825
SBIN,EQ,2024-09-04,824.8,815.45,818.65,813.65,816.25,816.5,816.16,10789570,8806044759.65,177040,5591452,51.82,-0.010063045586808816
SBIN,EQ,2024-09-05,816.5,818.35,822.15,814.4,818.0,818.75,819.29,8395074,6878027979.75,146739,3868041,46.08,0.0027556644213104775
SBIN,EQ,2024-09-06,818.75,811.5,812.9,777.0,783.9,782.5,790.89,40220096,31809557552.9,753751,25389094,63.13,-0.04427480916030535
SBIN,EQ,2024-09-09,782.5,785.0,788.2,771.0,785.7,784.25,779.38,21322103,16618114365.0,416430,9042662,42.41,0.0022364217252395235
SBIN,EQ,2024-09-10,784.25,788.0,788.8,777.5,782.5,782.65,782.41,12824701,10034164045.55,241486,4574940,35.67,-0.002040165763468327
SBIN,EQ,2024-09-11,782.65,780.05,788.0,765.4,771.0,768.6,775.71,20060665,15561242684.15,307051,8239030,41.07,-0.01795183032006642
SBIN,EQ,2024-09-12,768.6,775.0,789.9,772.75,786.5,787.75,780.47,17578964,13719861669.35,308964,8438868,48.01,0.024915430653135617
SBIN,EQ,2024-09-13,787.75,791.0,795.0,785.1,789.7,790.85,790.44,12950936,10236936227.1,337655,6187541,47.78,0.003935258648048334
SBIN,EQ,2024-09-16,790.85,790.85,795.0,784.4,786.55,785.55,788.19,9553736,7530168486.3,235580,5327116,55.76,-0.006701650123285163
SBIN,EQ,2024-09-17,785.55,785.6,787.5,780.55,782.75,782.9,784.12,10665630,8363182377.75,223966,5162399,48.4,-0.0033734326268219927
SBIN,EQ,2024-09-18,782.9,783.8,794.75,782.0,790.75,792.75,791.27,18324412,14499592000.2,255355,8687589,47.41,0.012581428024013297
SBIN,EQ,2024-09-19,792.75,795.05,801.35,784.05,791.5,789.95,791.39,10645478,8424736778.3,218449,3657423,34.36,-0.0035320088300220265
SBIN,EQ,2024-09-20,789.95,794.85,794.85,779.5,784.5,781.7,785.43,21372244,16786388691.7,265805,12419457,58.11,-0.010443698968289117
SBIN,EQ,2024-09-23,781.7,786.0,805.0,784.5,800.6,801.85,799.91,17309545,13846048008.9,323087,7488359,43.26,0.025777152360240363
SBIN,EQ,2024-09-24,801.85,799.25,804.25,796.5,797.9,798.25,801.04,15180653,12160361927.75,241147,8566945,56.43,-0.004489617758932529
SBIN,EQ,2024-09-25,798.25,797.9,798.0,788.7,793.15,793.1,792.31,18465571,14630427178.9,222586,10244009,55.48,-0.006451612903225823
SBIN,EQ,2024-09-26,793.1,796.0,803.0,791.6,802.0,801.85,796.93,23198842,18487842395.85,240672,14651334,63.16,0.01103265666372466
SBIN,EQ,2024-09-27,801.85,801.85,808.0,798.45,802.3,802.65,803.39,15193681,12206436482.05,231524,8426718,55.46,0.0009976928353183645
SBIN,EQ,2024-09-30,802.65,801.9,802.6,786.45,788.0,787.9,791.89,15484573,12262130516.9,257965,9353248,60.4,-0.01837662742166568
SBIN,EQ,2024-10-01,787.9,788.0,800.35,788.0,795.5,796.95,796.12,13280535,10572965170.25,219272,5661416,42.63,0.011486229216905786
SBIN,EQ,2024-10-03,796.95,789.9,804.0,784.3,793.0,794.1,793.84,15944135,12657016578.3,259077,6921704,43.41,-0.0035761340109166095
SBIN,EQ,2024-10-04,794.1,792.0,809.85,785.25,797.25,796.65,798.23,20097454,16042468814.1,287081,8048243,40.05,0.0032111824707214964
SBIN,EQ,2024-10-07,796.65,800.0,804.0,765.4,774.0,770.65,779.47,24267990,18916063402.3,429825,9416159,38.8,-0.032636666039038476
SBIN,EQ,2024-10-08,770.65,772.25,784.4,772.25,781.0,781.45,779.95,8560960,6677095737.45,216893,3127574,36.53,0.01401414390449629
SBIN,EQ,2024-10-09,781.45,786.7,804.35,782.05,795.8,797.4,796.77,18758697,14946296986.35,313365,5293233,28.22,0.020410774841640444
SBIN,EQ,2024-10-10,797.4,799.0,804.45,795.0,797.0,797.1,799.19,10241015,8184502967.7,208285,4626396,45.18,-0.0003762227238525151
SBIN,EQ,2024-10-11,797.1,797.2,802.7,793.0,799.0,799.75,796.96,14322720,11414620098.5,188510,9963814,69.57,0.003324551499184425
SBIN,EQ,2024-10-14,799.75,802.0,809.25,800.8,804.35,805.15,804.89,8967564,7217924843.8,187072,4139928,46.17,0.006752110034385694
SBIN,EQ,2024-10-15,805.15,805.5,807.5,801.6,805.0,804.65,804.8,6252104,5031718258.1,116721,2476744,39.61,-0.0006210022977084506
SBIN,EQ,2024-10-16,804.65,802.8,809.0,802.05,805.9,805.45,805.74,6494240,5232680725.8,134895,3162341,48.69,0.0009942210899149817
SBIN,EQ,2024-10-17,805.45,809.5,819.5,806.0,811.3,811.05,812.93,18580553,15104684368.5,252352,8848789,47.62,0.00695263517288458
SBIN,EQ,2024-10-18,811.05,811.1,822.6,802.9,819.95,820.4,815.6,11704698,9546386592.9,228379,5177944,44.24,0.011528265828247397
SBIN,EQ,2024-10-21,820.4,824.7,826.45,809.0,813.0,813.95,815.24,10359618,8445528708.75,222340,4827080,46.6,-0.00786201852754742
SBIN,EQ,2024-10-22,813.95,814.0,816.85,787.5,789.75,790.4,799.45,16645356,13307144297.6,344400,6987304,41.98,-0.02893298114134779
SBIN,EQ,2024-10-23,790.4,790.0,792.6,779.8,785.2,786.0,786.04,13866198,10899424425.0,250789,6046135,43.6,-0.005566801619433126
SBIN,EQ,2024-10-24,786.0,786.05,797.0,784.65,795.0,794.55,792.63,5607500,4444663312.5,133769,1617454,28.84,0.010877862595419785
SBIN,EQ,2024-10-25,794.55,798.0,800.75,772.0,782.85,780.95,782.04,9717125,7599189822.9,260505,2942126,30.28,-0.017116606884399865
SBIN,EQ,2024-10-28,780.95,783.8,803.95,783.55,793.05,792.05,795.07,13757251,10937925921.65,301023,5834489,42.41,0.014213457967859444
SBIN,EQ,2024-10-29,792.05,796.0,834.85,790.5,832.05,832.7,815.53,28274791,23058840172.45,530275,13842511,48.96,0.051322517517833566
SBIN,EQ,2024-10-30,832.7,828.0,833.0,821.05,823.55,822.45,826.52,15977682,13205942901.5,216063,8712802,54.53,-0.012309355109883513
SBIN,EQ,2024-10-31,822.45,820.0,828.0,813.55,821.1,820.2,819.5,13402324,10983182912.9,201887,6675153,49.81,-0.0027357286157213556
SBIN,EQ,2024-11-01,820.2,822.4,825.6,818.9,821.95,821.2,822.73,1637141,1346929440.8,49950,685668,41.88,0.0012192148256522373
SBIN,EQ,2024-11-04,821.2,822.7,837.5,807.1,830.25,829.85,821.64,14498161,11912319813.75,251372,5053368,34.86,0.010533365806137285
SBIN,EQ,2024-11-05,829.85,829.85,851.4,826.25,847.85,849.2,840.67,26254561,22071434410.8,425258,12439000,47.38,0.02331746701211057
SBIN,EQ,2024-11-06,849.2,849.2,861.4,846.2,855.85,854.8,855.57,15002433,12835557918.45,254740,7187073,47.91,0.006594441827602271
SBIN,EQ,2024-11-07,854.8,861.0,862.4,846.7,858.35,859.6,855.61,15283847,13077081939.55,222825,7061658,46.2,0.0056153486195602564
SBIN,EQ,2024-11-08,859.6,859.6,863.5,834.2,841.1,843.15,847.86,26139105,22162407955.75,449937,5747213,21.99,-0.01913680781758964
SBIN,EQ,2024-11-11,843.15,846.0,854.0,842.0,845.95,847.65,848.56,12621337,10709937374.2,263092,4214314,33.39,0.005337128624799847
SBIN,EQ,2024-11-12,847.65,852.5,853.4,824.3,826.05,826.7,835.44,11350729,9482816605.05,250017,4096588,36.09,-0.02471538960655928
SBIN,EQ,2024-11-13,826.7,823.35,831.75,804.65,812.3,808.65,816.0,13756706,11225533633.65,281743,4553129,33.1,-0.02183379702431365
SBIN,EQ,2024-11-14,808.65,808.65,818.0,801.05,805.95,804.25,807.42,9461484,7639390395.6,223899,3099231,32.76,-0.005441167377728262
SBIN,EQ,2024-11-18,804.25,811.0,816.7,799.25,814.15,814.3,809.14,9322451,7543133216.15,224651,3084329,33.08,0.012496114392290814
SBIN,EQ,2024-11-19,814.3,819.0,820.3,800.1,802.4,803.0,809.12,13677029,11066381236.25,249377,6209187,45.4,-0.013876949527201199
SBIN,EQ,2024-11-21,803.0,798.5,798.5,761.55,780.9,780.75,774.76,29486577,22844878143.8,546871,13737681,46.59,-0.027708592777085927
SBIN,EQ,2024-11-22,780.75,786.0,819.95,784.05,814.55,816.05,807.63,20665405,16689934313.4,351754,7006605,33.9,0.04521293627921863
SBIN,EQ,2024-11-25,816.05,827.0,849.6,825.65,845.45,844.45,843.72,23434605,19772251993.95,300921,11815984,50.42,0.03480178910605969
SBIN,EQ,2024-11-26,844.45,844.0,846.7,835.55,838.3,839.4,840.11,8893744,7471704211.5,155469,3491598,39.26,-0.005980223814317065
SBIN,EQ,2024-11-27,839.4,838.5,842.5,832.1,834.85,834.1,836.67,8375108,7007242077.95,151032,2513440,30.01,-0.006314033833690669
SBIN,EQ,2024-11-28,834.1,834.1,845.8,830.5,840.55,838.85,838.8,13505677,11328615478.85,254541,6315265,46.76,0.005694760820045497
SBIN,EQ,2024-11-29,838.85,841.1,844.05,831.55,838.7,838.95,838.26,10822949,9072392177.65,181367,4844086,44.76,0.00011921082434285246
SBIN,EQ,2024-12-02,838.95,838.95,842.0,832.7,837.05,836.4,836.12,6651119,5561136354.1,181197,2781548,41.82,-0.003039513677811634
SBIN,EQ,2024-12-03,836.4,838.0,856.6,836.9,853.5,853.95,851.99,12186182,10382522739.05,235478,5822458,47.78,0.02098278335724535
SBIN,EQ,2024-12-04,853.95,853.95,864.0,850.3,858.55,859.7,858.15,10749716,9224875560.05,237875,4781386,44.48,0.006733415305345769
SBIN,EQ,2024-12-05,859.7,860.0,871.45,855.6,864.25,865.45,864.78,14716036,12726161186.9,242317,6030572,40.98,0.006688379667325828
SBIN,EQ,2024-12-06,865.45,865.25,875.45,857.0,862.95,863.65,866.72,14520568,12585197103.0,451441,6793005,46.78,-0.002079842856317571
SBIN,EQ,2024-12-09,863.65,859.0,866.85,856.95,858.2,858.05,861.15,9630346,8293212615.95,186481,5245726,54.47,-0.006484108145660916
SBIN,EQ,2024-12-10,858.05,861.8,868.95,858.05,868.3,867.5,863.66,7379849,6373714111.45,158185,3723326,50.45,0.011013344210710319
SBIN,EQ,2024-12-11,867.5,867.5,869.85,860.95,861.8,861.6,864.62,7006973,6058337344.15,167495,3163485,45.15,-0.00680115273775217
SBIN,EQ,2024-12-12,861.6,861.5,864.3,851.15,853.4,853.7,854.33,8845103,7556672637.1,168059,4718551,53.35,-0.009168987929433547
SBIN,EQ,2024-12-13,853.7,852.6,862.9,835.0,861.9,861.55,851.16,9379370,7983345804.15,228551,2989178,31.87,0.00919526765842793
SBIN,EQ,2024-12-16,861.55,859.8,866.4,857.8,860.65,860.95,861.45,6432713,5541482948.45,151330,2975734,46.26,-0.0006964192443850159
SBIN,EQ,2024-12-17,860.95,858.55,862.6,847.05,849.8,850.55,852.67,8791216,7496029790.2,193366,4808746,54.7,-0.01207967942389232
SBIN,EQ,2024-12-18,850.55,851.0,852.0,837.0,840.8,838.15,840.95,8295338,6975924558.0,186668,3935001,47.44,-0.014578801951678266
SBIN,EQ,2024-12-19,838.15,824.6,838.0,820.2,832.25,832.8,829.17,9453398,7838454819.8,192047,4066393,43.02,-0.006383105649346854
SBIN,EQ,2024-12-20,832.8,834.9,836.0,810.0,814.0,812.0,819.2,10244198,8392039433.55,183839,4363103,42.59,-0.02497598463016326
SBIN,EQ,2024-12-23,812.0,817.3,824.0,812.2,820.5,821.15,820.11,4933200,4045777516.7,127438,1203536,24.4,0.01126847290640387
SBIN,EQ,2024-12-24,821.15,824.25,826.2,809.2,813.0,812.05,814.35,10602771,8634365124.3,155822,4886055,46.08,-0.011082019119527553
SBIN,EQ,2024-12-26,812.05,813.0,822.85,808.0,814.0,812.45,813.7,8318714,6768903488.3,145477,3585920,43.11,0.0004925805061266608
SBIN,EQ,2024-12-27,812.45,816.3,818.3,797.2,800.85,799.65,806.26,10649800,8586560656.85,179691,6042312,56.74,-0.01575481568096504
SBIN,EQ,2024-12-30,799.65,802.0,807.95,785.0,793.3,788.3,793.36,21515438,17069591751.15,317867,10754166,49.98,-0.014193709748014816
SBIN,EQ,2024-12-31,788.3,786.95,799.2,786.0,796.0,794.95,794.69,9086044,7220600207.7,162712,3771662,41.51,0.008435874667005017
SBIN,EQ,2025-01-01,794.95,795.55,798.65,789.5,794.3,793.2,793.85,7273098,5773733671.35,125843,3460010,47.57,-0.00220139631423355
SBIN,EQ,2025-01-02,793.2,795.0,802.4,787.0,802.25,801.2,795.88,11398319,9071709128.05,206144,5725585,50.23,0.010085728693898233
SBIN,EQ,2025-01-03,801.2,801.2,809.5,792.15,793.3,793.4,798.97,13336514,10655490014.65,208457,6978565,52.33,-0.00973539690464309
SBIN,EQ,2025-01-06,793.4,797.4,797.6,773.15,778.4,776.4,781.47,11419367,8923876463.45,289818,4985801,43.66,-0.02142677085959166
SBIN,EQ,2025-01-07,776.4,779.85,783.85,774.85,778.4,778.75,778.73,9669152,7529620598.7,188005,4636630,47.95,0.0030267903142711106
SBIN,EQ,2025-01-08,778.75,780.9,783.95,760.1,771.35,771.15,767.67,15641490,12007486384.75,277739,8959386,57.28,-0.009759229534510472
SBIN,EQ,2025-01-09,771.15,771.15,771.35,726.25,762.0,760.45,760.13,15351029,11668746480.15,258299,5749049,37.45,-0.013875380924593061
SBIN,EQ,2025-01-10,760.45,760.35,763.4,742.05,744.8,743.25,748.01,11779296,8811043804.5,275478,5262715,44.68,-0.022618186600039558
SBIN,EQ,2025-01-13,743.25,741.5,743.95,722.5,728.95,729.5,733.81,10414733,7642474249.65,254856,4211911,40.44,-0.01849983181971071
SBIN,EQ,2025-01-14,729.5,732.95,757.0,732.95,750.5,748.15,748.73,11960975,8955585470.3,242233,5383740,45.01,0.025565455791638048
SBIN,EQ,2025-01-15,748.15,753.15,758.9,750.0,754.95,753.7,754.48,7792299,5879131387.45,225171,3640939,46.72,0.0074182984695583265
SBIN,EQ,2025-01-16,753.7,760.4,776.7,760.4,767.0,766.3,768.15,11816079,9076538069.2,204032,4992233,42.25,0.016717526867453758
SBIN,EQ,2025-01-17,766.3,766.3,767.95,759.4,763.8,764.1,763.55,5766573,4403052207.15,147029,2234513,38.75,-0.002870938274826984
SBIN,EQ,2025-01-20,764.1,769.0,785.0,767.85,778.5,779.25,778.03,9198929,7157000810.05,211086,3654610,39.73,0.019827247742442156
SBIN,EQ,2025-01-21,779.25,784.8,784.9,756.05,759.8,759.05,765.52,13751780,10527321816.95,278817,5552139,40.37,-0.02592236124478675
SBIN,EQ,2025-01-22,759.05,762.0,763.0,738.0,753.45,753.45,749.23,9908339,7423585184.0,233659,3473841,35.06,-0.007377643106514564
SBIN,EQ,2025-01-23,753.45,750.0,755.65,743.1,746.25,745.9,748.15,10986405,8219465974.0,220737,4797148,43.66,-0.010020572035304376
SBIN,EQ,2025-01-24,745.9,749.9,753.7,739.0,744.5,744.15,746.32,10579213,7895435197.0,174627,4635075,43.81,-0.00234615900254731
SBIN,EQ,2025-01-27,744.15,740.0,755.35,735.9,747.5,749.2,748.97,11433353,8563257255.5,227844,5009216,43.81,0.00678626620976952
SBIN,EQ,2025-01-28,749.2,757.0,759.75,745.4,752.15,752.4,752.61,14140860,10642622577.4,282284,6076473,42.97,0.004271222637479921
SBIN,EQ,2025-01-29,752.4,753.0,760.8,749.8,758.5,758.45,757.35,9251973,7006956312.6,267695,5101878,55.14,0.008040935672514626
SBIN,EQ,2025-01-30,758.45,758.55,765.0,754.75,764.5,762.6,760.64,11085824,8432370364.65,236993,4847228,43.72,0.005471685674731219
SBIN,EQ,2025-01-31,762.6,764.9,777.55,759.5,773.1,772.9,770.25,10083763,7766979527.6,213867,4603516,45.65,0.013506425386834442
SBIN,EQ,2025-02-01,772.9,774.8,778.75,752.15,766.4,766.0,765.95,9363077,7171656657.15,146411,3289431,35.13,-0.008927416224608575
SBIN,EQ,2025-02-03,766.0,762.8,762.8,753.15,761.05,760.95,758.76,7862190,5965488760.55,182478,3312798,42.14,-0.006592689295039089
SBIN,EQ,2025-02-04,760.95,767.0,781.25,765.65,778.5,779.2,776.12,12020807,9329536078.75,237155,5976288,49.72,0.02398317892108559
SBIN,EQ,2025-02-05,779.2,780.0,782.0,765.0,765.5,766.05,771.76,13419162,10356328683.05,283249,6622567,49.35,-0.016876283367556533
SBIN,EQ,2025-02-06,766.05,769.0,770.85,750.05,753.95,752.25,758.86,32745391,24849300016.65,439301,13265813,40.51,-0.01801448991580179
SBIN,EQ,2025-02-07,752.25,759.8,759.9,731.75,736.4,737.2,740.52,37240692,27577411008.65,578986,17254403,46.33,-0.02000664672648711
SBIN,EQ,2025-02-10,737.2,740.0,743.9,733.4,736.5,736.8,737.43,12667049,9341009055.85,270972,6164871,48.67,-0.0005425935973957241
SBIN,EQ,2025-02-11,736.8,737.45,740.15,726.55,731.0,731.1,731.28,13017060,9519145846.95,236472,5476658,42.07,-0.007736156351791479
SBIN,EQ,2025-02-12,731.1,733.15,738.7,717.15,732.95,733.15,729.15,12697743,9258558059.35,242862,4679157,36.85,0.0028039939816713044
SBIN,EQ,2025-02-13,733.15,734.4,737.5,726.15,726.8,727.65,731.83,12370571,9053189302.1,213728,6250040,50.52,-0.0075018754688672695
SBIN,EQ,2025-02-14,727.65,730.95,732.9,716.2,720.8,722.15,724.57,10417539,7548247748.35,221611,4300329,41.28,-0.0075585789871503994
SBIN,EQ,2025-02-17,722.15,719.05,728.75,711.55,727.9,727.7,721.67,9093600,6562543848.9,219084,3406046,37.46,0.007685383923007771
SBIN,EQ,2025-02-18,727.7,727.7,728.25,717.35,725.5,725.8,723.76,8562003,6196817709.85,196786,4150815,48.48,-0.0026109660574413773
SBIN,EQ,2025-02-19,725.8,722.05,734.85,722.05,726.0,727.3,728.86,6766606,4931883943.6,141913,2425057,35.84,0.002066685037200422
SBIN,EQ,2025-02-20,727.3,724.9,731.5,723.35,728.85,729.7,729.14,7423268,5412595518.05,149827,4098018,55.21,0.0032998762546405658
SBIN,EQ,2025-02-21,729.7,727.3,731.7,720.0,720.35,722.0,724.72,6571602,4762573887.35,173223,2763973,42.06,-0.010552281759627302
SBIN,EQ,2025-02-24,722.0,710.5,719.75,710.5,716.2,716.4,715.85,6912148,4948071432.7,193311,3131540,45.3,-0.007756232686980669
SBIN,EQ,2025-02-25,716.4,718.95,718.95,710.0,710.05,710.9,713.58,8599635,6136527160.15,185705,4008662,46.61,-0.007677275265215
SBIN,EQ,2025-02-27,710.9,716.0,717.7,701.1,702.3,703.9,707.28,12033139,8510789065.15,205060,6636325,55.15,-0.009846673231115433
SBIN,EQ,2025-02-28,703.9,700.9,701.35,682.6,689.8,688.8,690.06,15780609,10889517995.15,252397,9346941,59.23,-0.021451910782781636
SBIN,EQ,2025-03-03,688.8,690.15,697.4,680.0,696.15,695.3,689.59,10598479,7308557453.6,187766,4901081,46.24,0.009436701509872192
SBIN,EQ,2025-03-04,695.3,693.0,718.45,692.1,716.4,716.05,712.88,14386214,10255688811.35,220118,6324959,43.97,0.029843233136775504
SBIN,EQ,2025-03-05,716.05,717.55,731.3,717.0,730.0,730.35,725.61,10409805,7553494263.1,189027,5812211,55.83,0.019970672439075576
SBIN,EQ,2025-03-06,730.35,736.0,736.75,727.0,730.25,732.05,731.45,10928847,7993892337.1,211006,6331838,57.94,0.002327651126172281
SBIN,EQ,2025-03-07,732.05,732.05,734.85,728.0,731.95,732.75,731.74,7246729,5302755367.95,169004,3837316,52.95,0.0009562188375111802
SBIN,EQ,2025-03-10,732.75,732.75,738.5,726.6,727.7,728.9,732.3,7400109,5419125663.5,140264,4107288,55.5,-0.005254179460934871
SBIN,EQ,2025-03-11,728.9,724.9,734.05,722.7,729.9,729.85,729.33,5538789,4039629878.35,106128,2695190,48.66,0.0013033337906434017
SBIN,EQ,2025-03-12,729.85,730.6,737.0,719.05,722.75,723.05,726.43,5547762,4030071050.6,109147,2232288,40.24,-0.009316982941700469
SBIN,EQ,2025-03-13,723.05,725.9,731.45,724.5,728.0,727.85,728.41,5908337,4303676476.6,154692,2681024,45.38,0.00663854505220951
SBIN,EQ,2025-03-17,727.85,728.9,731.25,722.3,723.3,723.15,724.77,5149565,3732235269.5,100779,2676234,51.97,-0.0064573744590231685
SBIN,EQ,2025-03-18,723.15,726.6,738.45,722.6,737.65,736.7,731.34,8087710,5914829898.9,164100,4090532,50.58,0.018737468021849057
SBIN,EQ,2025-03-19,736.7,739.6,749.3,739.1,745.05,745.1,745.26,7604850,5667568731.1,143607,3719924,48.92,0.01140219899552064
SBIN,EQ,2025-03-20,745.1,748.0,752.7,744.2,748.5,749.55,748.29,6963197,5210523085.7,230012,3579165,51.4,0.005972352704334938
SBIN,EQ,2025-03-21,749.55,749.95,755.6,747.0,754.5,753.2,752.25,9577327,7204591918.55,151097,6089164,63.58,0.004869588419718518
SBIN,EQ,2025-03-24,753.2,758.0,782.95,755.1,781.0,780.8,772.33,12095064,9341333502.05,215047,5966447,49.33,0.03664365374402534
SBIN,EQ,2025-03-25,780.8,783.9,786.0,769.2,770.35,772.85,777.02,15190143,11803003386.5,227394,8257689,54.36,-0.010181864754098324
SBIN,EQ,2025-03-26,772.85,772.0,776.05,761.45,762.7,764.0,767.9,7711852,5921902187.95,195361,4188367,54.31,-0.011451122468784436
SBIN,EQ,2025-03-27,764.0,763.8,775.8,760.5,772.05,772.3,770.57,15648616,12058372899.4,175954,10429907,66.65,0.010863874345549585
SBIN,EQ,2025-03-28,772.3,772.1,778.6,767.0,771.2,771.5,773.3,7628185,5898886414.55,119920,3881056,50.88,-0.0010358668911044644
SBIN,EQ,2025-04-01,771.5,766.8,782.75,763.2,771.25,771.7,772.17,7011125,5413777287.45,214639,2859726,40.79,0.00025923525599491626
SBIN,EQ,2025-04-02,771.7,772.3,777.0,764.3,776.6,775.95,772.51,5458436,4216703463.55,119114,2595030,47.54,0.005507321497991491
SBIN,EQ,2025-04-03,775.95,770.0,784.7,769.95,779.9,779.2,778.44,7956680,6193805584.15,140239,4032321,50.68,0.004188414201945934
SBIN,EQ,2025-04-04,779.2,779.1,782.9,765.0,769.0,767.45,773.82,8231194,6369455086.45,147204,3640339,44.23,-0.01507956878850103
SBIN,EQ,2025-04-07,767.45,730.0,753.7,730.0,749.0,746.9,742.21,14923235,11076177328.65,291536,8619013,57.76,-0.026776988728907547
SBIN,EQ,2025-04-08,746.9,760.0,774.0,758.15,770.0,768.6,767.45,12911288,9908728355.8,212013,6723264,52.07,0.029053420805998265
SBIN,EQ,2025-04-09,768.6,767.0,767.95,741.0,742.45,742.2,751.33,11319387,8504647288.25,208433,4807462,42.47,-0.034348165495706406
SBIN,EQ,2025-04-11,742.2,759.0,759.7,746.0,753.85,753.85,752.58,9360327,7044429057.55,200062,4571016,48.83,0.015696577741848516
SBIN,EQ,2025-04-15,753.85,770.0,770.7,757.1,764.5,763.5,765.37,7859090,6015134839.8,167851,4177413,53.15,0.012800955097167943
SBIN,EQ,2025-04-16,763.5,763.5,774.75,760.5,772.15,771.75,769.27,12536694,9644113410.45,204698,7507493,59.88,0.01080550098231825
SBIN,EQ,2025-04-17,771.75,772.0,801.0,767.15,793.85,797.45,787.54,27034818,21290993764.1,335841,14120137,52.23,0.03330093942338852
SBIN,EQ,2025-04-21,797.45,803.0,824.35,801.4,817.2,816.7,817.02,16398507,13397975541.0,359684,7176294,43.76,0.02413944447927774
SBIN,EQ,2025-04-22,816.7,821.15,835.5,814.0,821.3,822.4,827.32,25117557,20780349179.95,323370,15434003,61.45,0.006979306967062504
SBIN,EQ,2025-04-23,822.4,826.0,831.0,810.1,813.5,813.45,817.36,12104382,9893605141.3,174170,5768691,47.66,-0.010882782101167221
SBIN,EQ,2025-04-24,813.45,812.75,819.0,811.15,812.0,813.4,814.85,12713521,10359638546.25,141306,6568504,51.67,-6.146659290684475e-05
SBIN,EQ,2025-04-25,813.4,815.0,819.0,787.0,797.4,798.65,799.45,13131038,10497610552.7,223526,6101067,46.46,-0.018133759527907523
SBIN,EQ,2025-04-28,798.65,798.65,822.8,797.4,816.55,817.35,814.04,11317611,9212982723.4,199250,5060921,44.72,0.02341451198898148
SBIN,EQ,2025-04-29,817.35,820.0,829.0,809.0,810.75,812.55,819.0,11283059,9240843611.6,231689,5082312,45.04,-0.005872637181134288
SBIN,EQ,2025-04-30,812.55,811.5,811.5,784.5,787.6,788.65,791.14,25635764,20281571431.1,476377,17570656,68.54,-0.029413574549258525
SBIN,EQ,2025-05-02,788.65,790.35,803.4,789.0,799.8,800.0,795.71,17199386,13685736797.75,281692,9682514,56.3,0.014391681988207727
SBIN,EQ,2025-05-05,800.0,782.0,799.0,782.0,790.6,790.0,789.65,23986447,18940919612.0,422162,13158702,54.86,-0.012499999999999956
SBIN,EQ,2025-05-06,790.0,793.95,799.15,771.1,772.8,774.1,777.79,18869468,14676463740.85,344651,11877896,62.95,-0.020126582278480964
SBIN,EQ,2025-05-07,774.1,765.3,782.4,764.55,777.8,776.1,775.68,15586266,12089945664.9,254691,8929587,57.29,0.002583645523834166
SBIN,EQ,2025-05-08,776.1,779.0,786.5,764.0,765.45,769.0,775.8,14491673,11242592363.7,202239,8463408,58.4,-0.009148305630717668
SBIN,EQ,2025-05-09,769.0,756.5,781.7,755.5,780.5,779.25,772.28,13578216,10486227680.4,246098,6367464,46.89,0.013328998699609906
SBIN,EQ,2025-05-12,779.25,799.0,803.9,793.0,800.95,801.65,799.87,15096824,12075421793.8,173252,7170835,47.5,0.02874558870709021
SBIN,EQ,2025-05-13,801.65,798.6,807.65,797.2,801.95,801.75,802.32,13909596,11159932476.1,201551,6430668,46.23,0.0001247427181438887
SBIN,EQ,2025-05-14,801.75,805.75,807.5,796.3,802.4,800.7,801.49,9281719,7439187440.95,146698,4880805,52.59,-0.0013096351730589317
SBIN,EQ,2025-05-15,800.7,804.45,809.45,794.5,808.0,807.75,802.04,17058854,13681951074.05,200305,7580614,44.44,0.008804795803671661
SBIN,EQ,2025-05-16,807.75,804.0,804.0,791.0,792.5,792.1,794.09,14733924,11700004865.75,241785,7926803,53.8,-0.019374806561436086
SBIN,EQ,2025-05-19,792.1,792.1,801.4,792.1,794.45,795.0,796.74,10666184,8498149477.5,194011,4652671,43.62,0.003661153894710223
SBIN,EQ,2025-05-20,795.0,798.15,799.4,783.8,786.7,785.65,788.84,11324667,8933354461.85,169563,6042885,53.36,-0.011761006289308207
SBIN,EQ,2025-05-21,785.65,787.0,791.0,779.1,787.2,787.1,786.0,8206040,6449939895.55,130051,3107771,37.87,0.0018456055495450485
SBIN,EQ,2025-05-22,787.1,788.0,788.2,780.3,785.8,785.25,784.47,7355826,5770452205.0,160443,3056122,41.55,-0.0023504002032779248
SBIN,EQ,2025-05-23,785.25,787.9,794.95,786.2,790.25,790.5,790.74,5534158,4376097515.6,106313,2097387,37.9,0.006685768863419206
SBIN,EQ,2025-05-26,790.5,792.0,797.55,789.2,794.15,794.4,794.09,4965466,3943015064.15,98636,2019564,40.67,0.004933586337760865
SBIN,EQ,2025-05-27,794.4,794.4,801.35,790.05,794.25,793.7,795.55,11995043,9542679873.15,178381,5896957,49.16,-0.0008811681772405988
SBIN,EQ,2025-05-28,793.7,794.5,798.9,792.65,796.0,796.55,796.29,6873519,5473317160.35,113841,3302311,48.04,0.0035907773718029112
SBIN,EQ,2025-05-29,796.55,799.0,800.4,791.35,798.1,797.35,794.95,14034127,11156361147.65,281565,7075872,50.42,0.001004331178206197
SBIN,EQ,2025-05-30,797.35,798.0,814.5,792.6,814.0,812.3,807.33,22037314,17791279933.65,217715,14641733,66.44,0.018749608076754187
SBIN,EQ,2025-06-02,812.3,812.85,822.55,809.2,813.5,813.65,814.73,26891575,21909310086.45,218771,15831348,58.87,0.0016619475563215413
SBIN,EQ,2025-06-03,813.65,816.2,818.4,805.15,808.2,809.8,811.05,14247597,11555479376.75,175051,8650476,60.72,-0.004731764272107197
SBIN,EQ,2025-06-04,809.8,817.0,817.0,805.25,805.5,806.5,808.79,9607927,7770821872.9,136010,5777557,60.13,-0.004075080266732423
SBIN,EQ,2025-06-05,806.5,808.7,811.7,802.85,806.8,806.0,806.79,13595507,10968653855.65,176672,8216020,60.43,-0.000619962802231866
SBIN,EQ,2025-06-06,806.0,806.65,816.45,803.1,812.65,813.05,811.87,17163935,13934918691.45,202699,7421034,43.24,0.008746898263027214
SBIN,EQ,2025-06-09,813.05,817.4,824.5,815.7,820.0,820.05,820.86,12793040,10501357386.3,195288,8199107,64.09,0.0086095566078348
SBIN,EQ,2025-06-10,820.05,821.0,822.05,814.6,817.0,817.05,818.07,6560513,5366931400.75,173698,3670247,55.94,-0.003658313517468481
SBIN,EQ,2025-06-11,817.05,817.0,820.6,813.05,814.4,815.05,817.21,7197825,5882109303.9,109100,3844818,53.42,-0.0024478306101217706
SBIN,EQ,2025-06-12,815.05,816.0,816.5,801.2,804.0,805.95,809.23,13448521,10882909973.85,154034,8213610,61.07,-0.011164959204956637
SBIN,EQ,2025-06-13,805.95,786.25,796.3,786.25,793.3,792.35,792.35,11377117,9014634064.3,196572,6183251,54.35,-0.0168744959364725
SBIN,EQ,2025-06-16,792.35,792.5,795.4,786.15,793.0,792.5,791.28,8085001,6397493172.15,157361,4160675,51.46,0.00018931027954804946
SBIN,EQ,2025-06-17,792.5,794.0,798.85,790.55,792.05,792.3,794.06,7753156,6156466697.6,115931,4352316,56.14,-0.0002523659305994075
SBIN,EQ,2025-06-18,792.3,792.5,795.5,788.35,790.4,791.9,791.48,5710169,4519500759.9,136624,2843182,49.79,-0.0005048592704782751
SBIN,EQ,2025-06-19,791.9,792.35,793.25,781.7,782.6,785.1,786.26,11824333,9297045726.7,289212,6593944,55.77,-0.008586942795807517
SBIN,EQ,2025-06-20,785.1,787.5,799.45,786.1,795.25,796.15,794.39,11367669,9030330594.45,169215,6915523,60.84,0.01407464017322635
SBIN,EQ,2025-06-23,796.15,790.0,794.95,788.5,790.0,790.2,791.21,5549253,4390604870.65,131841,2972352,53.56,-0.007473466055391453
SBIN,EQ,2025-06-24,790.2,799.0,806.65,793.65,795.75,795.4,799.6,11402190,9117165780.85,184002,5318397,46.64,0.006580612503163774
SBIN,EQ,2025-06-25,795.4,799.5,803.8,796.1,800.0,800.05,799.91,6528324,5222095310.0,131096,3347834,51.28,0.005846115162182475
SBIN,EQ,2025-06-26,800.05,802.0,803.35,791.4,796.05,797.05,795.08,24704402,19641948457.0,208543,16405235,66.41,-0.003749765639647573
SBIN,EQ,2025-06-27,797.05,805.0,809.45,802.65,804.55,805.4,805.86,19375990,15614254535.75,262127,11060747,57.08,0.010476130732074651
SBIN,EQ,2025-06-30,805.4,809.0,821.0,807.05,819.85,820.35,816.64,19652607,16049137157.55,249562,11255428,57.27,0.018562205115470576
SBIN,EQ,2025-07-01,820.35,820.0,824.9,813.25,820.2,820.3,819.76,11456405,9391484331.05,157197,6222800,54.32,-6.094959468527783e-05
SBIN,EQ,2025-07-02,820.3,821.0,824.05,809.0,812.7,812.9,814.81,6661200,5427583829.55,121545,2892137,43.42,-0.009021089845178576
SBIN,EQ,2025-07-03,812.9,813.5,814.5,805.8,807.0,807.1,809.78,7020403,5684973436.05,137793,3060963,43.6,-0.007134948948210096
SBIN,EQ,2025-07-04,807.1,808.75,813.85,804.1,811.25,811.85,808.47,4319538,3492204634.35,96453,1715122,39.71,0.005885268244331554
SBIN,EQ,2025-07-07,811.85,811.2,812.65,805.15,807.0,806.85,807.71,4461783,3603840471.15,110862,2513816,56.34,-0.006158773172384113
SBIN,EQ,2025-07-08,806.85,807.9,813.55,805.35,812.25,812.65,809.46,5935770,4804795680.55,152435,3347019,56.39,0.007188448906240152
SBIN,EQ,2025-07-09,812.65,810.0,812.45,809.0,811.0,810.95,810.91,4099112,3323995623.6,171040,2320543,56.61,-0.0020919214914169038
SBIN,EQ,2025-07-10,810.95,811.3,815.5,806.9,807.55,808.0,810.53,12178137,9870766879.95,171580,7633181,62.68,-0.0036377088599790497
SBIN,EQ,2025-07-11,808.0,807.55,812.55,804.55,808.6,808.65,808.72,6202372,5015955117.9,143253,3729014,60.12,0.0008044554455444164
SBIN,EQ,2025-07-14,808.65,809.8,815.5,808.0,809.1,808.85,810.6,6938635,5624460859.0,112079,4338060,62.52,0.00024732578989672405
SBIN,EQ,2025-07-15,808.85,811.0,821.0,810.5,816.4,816.45,816.69,9297645,7593279897.1,163000,4658533,50.1,0.009396056129072239
SBIN,EQ,2025-07-16,816.45,816.0,834.2,815.3,830.5,831.7,827.89,16458920,13626244060.15,287903,8506197,51.68,0.01867842488823568
SBIN,EQ,2025-07-17,831.7,838.4,842.5,826.35,828.75,829.0,834.43,23073718,19253323758.6,267805,12283837,53.24,-0.0032463628712277037
SBIN,EQ,2025-07-18,829.0,832.0,832.65,820.25,823.0,823.35,823.4,15387801,12670269957.1,177062,10967785,71.28,-0.006815440289505426
SBIN,EQ,2025-07-21,823.35,823.0,827.35,817.95,824.6,824.2,823.65,8852594,7291470527.5,146624,5675757,64.11,0.0010323677658348185
SBIN,EQ,2025-07-22,824.2,827.5,828.05,814.0,814.65,815.0,819.53,7851163,6434296996.25,146969,4602820,58.63,-0.011162339238049102
SBIN,EQ,2025-07-23,815.0,812.5,825.2,811.5,820.05,820.65,817.03,15470390,12639761432.95,221637,11063066,71.51,0.0069325153374233395
SBIN,EQ,2025-07-24,820.65,820.0,821.95,810.65,816.5,815.7,815.53,10118309,8251755595.7,197128,6565718,64.89,-0.006031804057759049
SBIN,EQ,2025-07-25,815.7,815.0,819.2,805.5,805.9,806.55,810.72,6734439,5459744200.85,155026,3770871,55.99,-0.011217359323280718
SBIN,EQ,2025-07-28,806.55,806.55,808.95,796.0,796.55,797.15,801.77,7734158,6201051607.25,243443,4874326,63.02,-0.011654578141466754
SBIN,EQ,2025-07-29,797.15,796.2,800.0,793.1,798.85,799.2,797.21,7833759,6245123153.4,133563,4698526,59.98,0.00257166154425148
SBIN,EQ,2025-07-30,799.2,798.95,803.4,796.2,800.0,801.65,800.75,8743723,7001526821.2,119582,5438858,62.2,0.0030655655655655867
SBIN,EQ,2025-07-31,801.65,795.1,803.8,792.55,796.0,796.55,798.31,11359112,9068069397.05,185101,5989053,52.72,-0.0063618786253353266
SBIN,EQ,2025-08-01,796.55,795.7,801.0,792.0,792.95,794.0,795.49,15468391,12304983591.85,180563,11445640,73.99,-0.003201305630531559
SBIN,EQ,2025-08-04,794.0,794.5,797.2,786.55,796.8,795.7,792.44,8820724,6989858237.1,169176,5373632,60.92,0.0021410579345089165
SBIN,EQ,2025-08-05,795.7,798.0,804.05,796.3,800.5,800.6,800.2,7381537,5906692588.8,174330,4350062,58.93,0.006158099786351512
SBIN,EQ,2025-08-06,800.6,800.95,810.2,799.0,804.8,805.15,804.39,7409396,5960018370.35,120510,3360473,45.35,0.005683237571820987
SBIN,EQ,2025-08-07,805.15,801.1,806.65,793.4,805.6,805.15,799.81,7091392,5671767724.35,134092,3593816,50.68,0.0
SBIN,EQ,2025-08-08,805.15,805.0,807.8,790.0,802.5,804.3,801.59,15708181,12591558509.55,277397,5962539,37.96,-0.0010557039061044327
SBIN,EQ,2025-08-11,804.3,808.0,825.0,808.0,820.8,823.45,820.82,15236297,12506219350.05,287439,8393166,55.09,0.023809523809523947
SBIN,EQ,2025-08-12,823.45,824.95,825.5,820.0,821.1,820.6,823.09,7986728,6573758560.4,224361,4676263,58.55,-0.0034610480296314305
SBIN,EQ,2025-08-13,820.6,822.65,824.95,820.65,821.55,821.85,822.38,4447508,3657529878.05,85625,2461882,55.35,0.001523275651962086
SBIN,EQ,2025-08-14,821.85,822.0,828.0,819.1,825.5,826.55,826.02,7087573,5854478307.95,152716,3593064,50.7,0.005718805134756977
SBIN,EQ,2025-08-18,826.55,836.0,838.0,825.15,826.2,827.65,829.82,6138124,5093538559.75,136179,3683472,60.01,0.0013308329804608832
SBIN,EQ,2025-08-19,827.65,827.5,831.0,825.8,829.15,830.4,829.06,5076681,4208857802.1,110280,3142693,61.9,0.003322660544916367
SBIN,EQ,2025-08-20,830.4,828.7,831.9,827.4,828.9,828.95,829.56,4493888,3727970038.65,89785,2715546,60.43,-0.001746146435452678
SBIN,EQ,2025-08-21,828.95,828.95,833.25,824.05,824.05,825.7,828.67,4402511,3648216255.5,108762,1567457,35.6,-0.003920622474214319
SBIN,EQ,2025-08-22,825.7,824.0,826.0,815.7,816.8,816.25,819.33,5097647,4176641494.85,141389,3376839,66.24,-0.011444834685721217
SBIN,EQ,2025-08-25,816.25,817.45,820.5,814.2,816.5,816.45,817.57,5672898,4637981705.05,176881,3605671,63.56,0.0002450229709036744
SBIN,EQ,2025-08-26,816.45,814.85,815.85,806.75,808.4,807.85,810.3,6997817,5670332537.1,127200,4310579,61.6,-0.01053340682221815
SBIN,EQ,2025-08-28,807.85,807.25,811.0,800.65,802.9,801.95,806.19,7898436,6367629468.0,163534,3880080,49.12,-0.007303336015349382
SBIN,EQ,2025-08-29,801.95,800.7,806.7,798.5,802.4,802.5,803.0,6861440,5509712391.7,127449,4361938,63.57,0.0006858282935344739
SBIN,EQ,2025-09-01,802.5,803.1,808.3,802.65,805.5,806.05,805.3,5619805,4525656654.45,128697,3147651,56.01,0.004423676012460964
SBIN,EQ,2025-09-02,806.05,806.3,810.5,802.65,803.75,803.9,806.45,5075460,4093129116.75,106989,2301086,45.34,-0.002667328329508112
SBIN,EQ,2025-09-03,803.9,804.3,813.3,803.0,813.0,812.15,810.4,4261589,3453582134.4,87672,2190190,51.39,0.010262470456524397
SBIN,EQ,2025-09-04,812.15,814.65,816.75,808.0,809.85,809.4,811.23,4471950,3627764983.4,96652,2279579,50.98,-0.0033860740011081303
SBIN,EQ,2025-09-05,809.4,811.5,812.5,803.65,806.95,806.6,807.29,5194842,4193721391.0,102729,2419904,46.58,-0.003459352606869248
SBIN,EQ,2025-09-08,806.6,808.0,813.85,806.8,808.0,808.8,810.2,4614227,3738454020.95,121620,2805764,60.81,0.0027274981403420107
SBIN,EQ,2025-09-09,808.8,812.0,812.35,805.6,808.0,808.85,808.44,4567272,3692346687.1,104998,1624783,35.57,6.181998021759227e-05
SBIN,EQ,2025-09-10,808.85,812.0,824.6,810.4,818.45,818.2,818.64,7285853,5964483743.85,106322,4313967,59.21,0.011559621685108601
SBIN,EQ,2025-09-11,818.2,819.1,825.7,819.0,824.6,823.65,823.2,7425055,6112287855.0,127782,3655874,49.24,0.006660963089708982
SBIN,EQ,2025-09-12,823.65,824.1,825.8,819.8,823.2,823.55,822.85,5078018,4178428627.05,97209,3322711,65.43,-0.00012141079341954075
SBIN,EQ,2025-09-15,823.55,823.55,827.8,821.1,824.0,824.75,824.82,3852494,3177618594.55,112933,1678632,43.57,0.0014571064294821578
SBIN,EQ,2025-09-16,824.75,825.1,833.0,821.65,832.65,831.55,829.33,9467531,7851753614.45,176946,4527713,47.82,0.008244922703849689
SBIN,EQ,2025-09-17,831.55,834.3,858.15,831.0,856.9,857.15,847.27,17243938,14610349915.4,240034,8296103,48.11,0.03078588178702435
SBIN,EQ,2025-09-18,857.15,858.65,860.8,851.1,854.1,854.35,855.42,10400847,8897051776.0,261925,5852962,56.27,-0.0032666394446712044
SBIN,EQ,2025-09-19,854.35,852.0,864.45,849.3,862.55,862.35,861.0,15206426,13092718216.85,246465,10288458,67.66,0.009363843857903564
SBIN,EQ,2025-09-22,862.35,862.0,868.2,854.0,854.7,855.25,860.89,6594034,5676737180.15,158066,3301087,50.06,-0.008233315939003893
SBIN,EQ,2025-09-23,855.25,854.6,874.25,851.2,869.6,870.6,866.65,14357863,12443185268.45,218373,7216250,50.26,0.01794796843028368
SBIN,EQ,2025-09-24,870.6,876.0,880.5,864.45,866.15,866.2,872.28,12840160,11200249246.85,219731,6855311,53.39,-0.005053985756949153
SBIN,EQ,2025-09-25,866.2,866.55,870.15,859.95,861.45,861.15,864.66,8678821,7504197402.95,190936,4780326,55.08,-0.005830062341260711
SBIN,EQ,2025-09-26,861.15,862.0,864.35,853.0,857.0,856.95,857.34,6959545,5966677885.8,158616,3708594,53.29,-0.004877199094234341
SBIN,EQ,2025-09-29,856.95,858.05,873.5,856.0,870.25,870.75,868.13,22641712,19655996220.15,192001,16060485,70.93,0.01610362331524584
SBIN,EQ,2025-09-30,870.75,869.95,877.6,867.6,873.7,872.45,873.54,12831593,11208895455.7,205386,6278457,48.93,0.0019523399368361893
SBIN,EQ,2025-10-01,872.45,872.3,876.45,862.8,865.15,864.1,866.79,10832384,9389446664.65,218205,4693297,43.33,-0.009570749040059612
SBIN,EQ,2025-10-03,864.1,865.15,873.0,863.8,867.7,867.3,867.43,8019442,6956290461.7,154834,3306577,41.23,0.0037032750839023354
SBIN,EQ,2025-10-06,867.3,868.0,875.3,862.8,873.8,874.05,868.71,7820352,6793631063.5,164571,3154409,40.34,0.0077827741265998895
SBIN,EQ,2025-10-07,874.05,874.15,877.0,863.0,864.15,864.7,868.32,9242580,8025523526.1,167126,3836557,41.51,-0.010697328528116112
SBIN,EQ,2025-10-08,864.7,866.8,867.8,857.25,857.3,858.25,860.69,7156112,6159218647.3,129510,3196676,44.67,-0.007459234416560712
SBIN,EQ,2025-10-09,858.25,861.6,865.8,858.1,861.4,862.1,861.48,7020501,6048014878.9,121377,2984085,42.51,0.004485872414797587
SBIN,EQ,2025-10-10,862.1,862.1,883.75,861.3,881.25,880.65,879.53,13713015,12061033018.65,191535,7296399,53.21,0.021517225379886318
SBIN,EQ,2025-10-13,880.65,879.0,888.1,876.0,884.0,882.95,884.03,11923143,10540393655.95,198375,6528484,54.75,0.002611707261681806
SBIN,EQ,2025-10-14,882.95,883.0,884.15,872.1,876.0,876.95,876.97,7681973,6736896799.3,134593,3064779,39.9,-0.006795401778130095
SBIN,EQ,2025-10-15,876.95,878.1,887.5,877.05,886.9,886.1,884.42,8269225,7313505128.55,246174,4861701,58.79,0.010433890187582007
SBIN,EQ,2025-10-16,886.1,888.3,891.85,882.45,886.2,886.95,887.32,8493686,7536587997.5,269552,4879105,57.44,0.0009592596772374229
SBIN,EQ,2025-10-17,886.95,887.5,894.75,883.0,888.0,889.15,888.75,8511854,7564950031.25,231474,3838989,45.1,0.002480410395174326
SBIN,EQ,2025-10-20,889.15,894.6,913.65,891.05,907.0,907.5,905.33,13546463,12264027405.35,241758,6192509,45.71,0.020637687679244232
SBIN,EQ,2025-10-21,907.5,908.0,910.0,906.4,907.05,907.85,907.99,1783576,1619477226.4,51138,1097286,61.54,0.00038567493112950935
SBIN,EQ,2025-10-23,907.85,912.0,918.0,904.8,909.1,911.55,913.11,13382769,12219945497.55,338233,8433759,63.02,0.004075563143691063
SBIN,EQ,2025-10-24,911.55,910.95,914.1,900.95,904.0,904.5,905.66,5313227,4811992307.85,173275,2123446,39.97,-0.00773407931545167
SBIN,EQ,2025-10-27,904.5,906.95,928.0,906.0,926.9,922.75,918.09,9150761,8401263077.15,179901,5428432,59.32,0.020176893311221633
SBIN,EQ,2025-10-28,922.75,927.1,935.85,917.7,930.5,930.25,927.38,22066289,20463762333.0,333815,10943585,49.59,0.008127878623679141
SBIN,EQ,2025-10-29,930.25,933.9,942.05,930.25,939.0,939.75,937.9,12314222,11549498004.3,238682,6258775,50.83,0.010212308519215174
SBIN,EQ,2025-10-30,939.75,939.45,944.9,933.05,934.5,934.35,938.89,13044473,12247265996.75,248310,5713901,43.8,-0.005746209098164368
SBIN,EQ,2025-10-31,934.35,934.9,946.7,930.25,937.5,937.0,939.16,12078252,11343369670.65,261943,6609718,54.72,0.002836196286188253
SBIN,EQ,2025-11-03,937.0,938.75,953.4,937.5,948.6,949.7,948.05,11744735,11134610778.15,257905,4440992,37.81,0.013553895410885808
SBIN,EQ,2025-11-04,949.7,951.0,959.3,941.5,954.6,957.6,951.24,19154518,18220510218.85,274272,4714905,24.62,0.008318416342002699
SBIN,EQ,2025-11-06,957.6,969.65,971.4,955.3,959.85,960.75,962.26,23088096,22216670805.6,295608,13397703,58.03,0.0032894736842103978
SBIN,EQ,2025-11-07,960.75,958.75,964.85,944.0,954.8,955.85,955.55,13371323,12777009240.45,213279,7959780,59.53,-0.0051001821493624755
SBIN,EQ,2025-11-10,955.85,956.0,963.2,949.1,950.55,951.15,952.71,7343249,6995981463.75,152876,3897836,53.08,-0.0049170895014908345
SBIN,EQ,2025-11-11,951.15,953.6,954.95,945.05,954.0,953.3,951.16,8648917,8226498757.95,194994,4657015,53.85,0.002260421594911355
SBIN,EQ,2025-11-12,953.3,957.7,961.55,951.4,953.7,957.15,958.12,7043323,6748339960.1,135063,4074618,57.85,0.004038602748347886
SBIN,EQ,2025-11-13,957.15,954.25,963.95,952.45,954.9,954.0,957.93,8894441,8520261380.7,164831,5037758,56.64,-0.0032910202162670377
SBIN,EQ,2025-11-14,954.0,952.95,969.05,952.0,967.95,967.85,962.38,11032927,10617844264.95,191862,7101035,64.36,0.014517819706499013
SBIN,EQ,2025-11-17,967.85,971.0,976.0,968.5,973.0,973.35,973.09,7415026,7215488915.05,117287,4733813,63.84,0.0056826987653044725
SBIN,EQ,2025-11-18,973.35,975.6,976.7,968.85,971.3,972.45,972.74,6594686,6414942374.65,107945,3596058,54.53,-0.000924641701340656
SBIN,EQ,2025-11-19,972.45,972.45,984.45,968.8,980.5,982.75,979.31,8291226,8119687856.8,142097,4914972,59.28,0.010591804205871691
SBIN,EQ,2025-11-20,982.75,986.0,986.6,979.35,981.05,981.55,982.12,6440857,6325685464.1,139178,3856730,59.88,-0.0012210633426609219
SBIN,EQ,2025-11-21,981.55,979.7,980.6,971.05,972.45,972.6,975.11,5377241,5243409986.15,113553,3526428,65.58,-0.009118231368753449
SBIN,EQ,2025-11-24,972.6,975.55,977.7,968.05,969.7,970.6,972.3,9901946,9627696202.4,112062,6465112,65.29,-0.002056343820686868
SBIN,EQ,2025-11-25,970.6,975.55,988.95,971.35,983.5,983.6,983.32,9140201,8987762034.9,207975,4782863,52.33,0.013393777045126676
SBIN,EQ,2025-11-26,983.6,986.6,999.0,982.15,983.05,983.9,989.4,13943490,13795695016.85,178538,8480096,60.82,0.00030500203334682396
SBIN,EQ,2025-11-27,983.9,986.7,988.55,968.9,973.0,972.85,975.62,11909168,11618805034.2,174267,6251102,52.49,-0.011230816139851552
SBIN,EQ,2025-11-28,972.85,976.8,983.0,973.05,976.35,979.0,978.89,8117842,7946440355.0,150394,4945604,60.92,0.00632163231741778
SBIN,EQ,2025-12-01,979.0,985.45,991.2,969.85,972.6,973.1,979.16,8808306,8624752864.45,237856,4672529,53.05,-0.006026557711950931
SBIN,EQ,2025-12-02,973.1,976.0,980.45,964.9,969.9,967.3,973.23,13444314,13084353756.45,177697,8460301,62.93,-0.005960332956530756
SBIN,EQ,2025-12-03,967.3,970.45,972.55,947.55,950.8,951.05,952.61,14051968,13385990295.85,233255,9786367,69.64,-0.016799338364519745
SBIN,EQ,2025-12-04,951.05,951.05,952.55,944.45,948.8,948.1,947.46,13622724,12907004315.15,272677,10093237,74.09,-0.0031018348141527152
SBIN,EQ,2025-12-05,948.1,948.85,973.3,946.7,971.7,971.5,961.57,17347847,16681238338.6,190193,8919256,51.41,0.0246809408290265
SBIN,EQ,2025-12-08,971.5,970.85,972.5,951.7,955.4,956.4,957.71,15386438,14735761731.15,201129,9560791,62.14,-0.015542974781266095
SBIN,EQ,2025-12-09,956.4,954.8,964.0,950.45,960.5,959.35,959.08,9580294,9188300245.95,196017,4733387,49.41,0.003084483479715683
SBIN,EQ,2025-12-10,959.35,960.1,963.95,955.25,958.0,959.75,958.76,6989178,6700963054.35,130262,4697040,67.2,0.0004169489758689693
SBIN,EQ,2025-12-11,959.75,962.1,966.5,958.45,962.6,963.25,962.82,5979035,5756726765.5,154525,3460867,57.88,0.0036467830164104154
SBIN,EQ,2025-12-12,963.25,966.0,967.0,958.0,962.6,963.15,961.54,5681930,5463420185.1,129140,3781173,66.55,-0.00010381520892810414
SBIN,EQ,2025-12-15,963.15,957.25,968.85,957.25,966.1,967.25,964.79,4416952,4261435766.6,136982,2393856,54.2,0.00425686549343296
SBIN,EQ,2025-12-16,967.25,966.05,969.0,958.05,960.0,961.15,963.41,4764786,4590446166.5,161741,2564613,53.82,-0.006306539157405089
SBIN,EQ,2025-12-17,961.15,965.55,978.5,964.3,976.35,975.85,974.78,8013382,7811301076.05,157698,4403763,54.96,0.015294178848254791
SBIN,EQ,2025-12-18,975.85,977.9,981.45,973.5,976.5,977.55,977.85,4926879,4817742809.15,123255,2866960,58.19,0.0017420710150124474
SBIN,EQ,2025-12-19,977.55,979.95,982.0,977.05,980.0,980.3,979.9,5376584,5268518860.0,105980,3858700,71.77,0.002813155337322959
SBIN,EQ,2025-12-22,980.3,981.1,983.0,972.55,974.5,974.3,975.83,5959037,5815017507.75,172900,3825938,64.2,-0.006120575334081391
SBIN,EQ,2025-12-23,974.3,976.3,977.55,970.7,971.25,971.9,973.41,5123287,4987059431.55,142849,3076142,60.04,-0.0024633069896335957
SBIN,EQ,2025-12-24,971.9,973.2,977.3,967.5,968.85,968.95,972.14,4105643,3991279807.9,127471,2078323,50.62,-0.00303529169667649
SBIN,EQ,2025-12-26,968.95,968.95,971.0,964.75,966.5,966.3,967.5,3286321,3179513466.2,101940,1928614,58.69,-0.002734919242479039
SBIN,EQ,2025-12-29,966.3,966.9,968.9,961.45,965.7,965.05,965.03,5267233,5083023420.7,143589,3621874,68.76,-0.0012935941219083258
SBIN,EQ,2025-12-30,965.05,963.0,976.2,959.5,973.1,973.45,971.99,15030644,14609677358.8,221265,11034482,73.41,0.008704212216983587
SBIN,EQ,2025-12-31,973.45,975.25,985.65,973.5,982.4,982.2,982.0,5807630,5703085644.85,109225,3834684,66.03,0.008988648620884554
SBIN,EQ,2026-01-01,982.2,983.2,987.65,980.35,984.6,984.75,984.57,4328348,4261571218.05,95120,2382544,55.05,0.0025962125839951167
SBIN,EQ,2026-01-02,984.75,984.5,1009.5,983.95,1005.65,998.95,993.34,7357435,7308398803.4,117850,4418601,60.06,0.014419903528814393
SBIN,EQ,2026-01-05,998.95,1000.0,1015.5,1000.0,1005.4,1005.55,1007.59,11259060,11344553289.35,183843,6742218,59.88,0.006606937284148184
SBIN,EQ,2026-01-06,1005.55,1007.95,1024.0,1004.95,1018.05,1018.9,1018.15,9575742,9749519544.45,223012,5659882,59.11,0.01327631644373728
SBIN,EQ,2026-01-07,1018.9,1022.7,1022.7,1004.0,1006.9,1007.15,1009.83,7896720,7974367341.7,140422,4907366,62.14,-0.011532044361566407
SBIN,EQ,2026-01-08,1007.15,1006.6,1011.6,995.85,997.6,998.0,1001.81,6854268,6866684538.7,184563,3817691,55.7,-0.009085041950057104
SBIN,EQ,2026-01-09,998.0,996.0,1008.0,994.0,1000.05,1000.5,1001.78,7809460,7823367726.7,127785,4272745,54.71,0.0025050100200401104
SBIN,EQ,2026-01-12,1000.5,1008.0,1017.25,996.0,1014.5,1015.15,1006.21,7617922,7665202773.25,161160,4160641,54.62,0.014642678660669706
SBIN,EQ,2026-01-13,1015.15,1022.8,1029.5,1016.0,1028.5,1028.45,1025.2,11016895,11294465857.4,165775,6911009,62.73,0.013101512091809209
SBIN,EQ,2026-01-14,1028.45,1030.0,1030.4,1020.5,1030.0,1028.35,1026.09,7370514,7562777097.55,131534,3757925,50.99,-9.723370120096053e-05
SBIN,EQ,2026-01-16,1028.35,1032.0,1047.45,1028.4,1040.6,1042.3,1039.49,11051580,11487965930.15,247268,7305291,66.1,0.01356542033354402
SBIN,EQ,2026-01-19,1042.3,1035.0,1043.6,1034.0,1038.5,1038.4,1039.62,5460164,5676488821.3,150416,3287159,60.2,-0.0037417250311808647
SBIN,EQ,2026-01-20,1038.4,1039.75,1052.0,1033.05,1034.25,1036.4,1040.41,8905718,9265615104.2,194593,5445587,61.15,-0.0019260400616333273
SBIN,EQ,2026-01-21,1036.4,1032.0,1040.6,1022.0,1029.45,1028.65,1029.89,7408949,7630393371.1,154792,4318078,58.28,-0.00747780779621765
SBIN,EQ,2026-01-22,1028.65,1035.0,1055.5,1034.05,1050.2,1048.35,1046.47,12001641,12559374596.45,230274,7166872,59.72,0.019151314830117006
SBIN,EQ,2026-01-23,1048.35,1051.9,1053.0,1025.6,1028.4,1029.5,1038.67,10917698,11339854282.0,206940,6860438,62.84,-0.017980636237897585
SBIN,EQ,2026-01-27,1029.5,1034.1,1055.0,1030.25,1053.0,1053.15,1044.18,14420630,15057719793.4,225915,7273214,50.44,0.022972316658572245
SBIN,EQ,2026-01-28,1053.15,1059.4,1065.6,1044.15,1062.65,1063.5,1058.02,12171257,12877393890.4,185549,7496477,61.59,0.00982765987751022
SBIN,EQ,2026-01-29,1063.5,1063.0,1075.0,1060.3,1067.25,1066.2,1069.34,14800724,15826962918.1,240283,10056175,67.94,0.0025387870239774735
SBIN,EQ,2026-01-30,1066.2,1064.0,1082.5,1060.4,1077.0,1077.15,1074.86,9480769,10190475730.05,167283,5649219,59.59,0.010270118176702425
SBIN,EQ,2026-02-01,1077.15,1076.0,1083.6,988.3,1020.0,1018.2,1037.87,12051593,12507954389.6,287388,4310120,35.76,-0.054727753794736156
SBIN,EQ,2026-02-02,1018.2,1019.9,1031.3,990.0,1026.5,1028.7,1012.48,14434549,14614679105.5,304031,7093883,49.15,0.010312315851502607
SBIN,EQ,2026-02-03,1028.7,1087.0,1089.8,1040.3,1062.1,1064.2,1060.86,16129381,17111094374.7,243054,9649437,59.83,0.03450957519198994
SBIN,EQ,2026-02-04,1064.2,1064.2,1073.9,1056.3,1067.3,1068.2,1068.3,7312276,7811736404.2,270312,5107562,69.85,0.0037586919751926295
SBIN,EQ,2026-02-05,1068.2,1068.2,1081.0,1067.5,1072.9,1073.5,1073.99,9551567,10258274381.4,307940,6309756,66.06,0.0049616176745928
SBIN,EQ,2026-02-06,1073.5,1070.0,1073.6,1051.0,1066.0,1066.4,1061.27,7041557,7473000431.6,149134,3904344,55.45,-0.006613879832324088
SBIN,EQ,2026-02-09,1066.4,1120.0,1150.0,1100.5,1147.8,1146.0,1134.48,40852966,46346694652.1,670729,21865606,53.52,0.07464366091522878
SBIN,EQ,2026-02-10,1146.0,1151.0,1154.0,1138.1,1142.2,1144.1,1143.87,17280036,19766173365.4,250192,10516689,60.86,-0.0016579406631763716
SBIN,EQ,2026-02-11,1144.1,1144.7,1187.5,1142.8,1181.1,1182.9,1173.34,29491859,34603903117.4,401532,17701261,60.02,0.033913119482562815
SBIN,EQ,2026-02-12,1182.9,1183.0,1203.7,1174.8,1192.0,1192.4,1193.67,33214985,39647577372.2,376330,19957777,60.09,0.008031109983937856
SBIN,EQ,2026-02-13,1192.4,1189.0,1201.0,1184.5,1196.3,1198.6,1194.68,18141390,21673130087.9,226098,11464332,63.19,0.005199597450519899
SBIN,EQ,2026-02-16,1198.6,1194.0,1212.3,1185.3,1210.7,1208.1,1194.69,14972739,17887842649.0,271610,8908625,59.5,0.007925913565826725
SBIN,EQ,2026-02-17,1208.1,1206.1,1225.5,1204.1,1213.6,1213.4,1217.0,20107196,24470427537.5,267679,11513885,57.26,0.004387054051817163
SBIN,EQ,2026-02-18,1213.4,1218.8,1224.1,1214.0,1219.2,1218.9,1218.94,10417264,12698007439.7,255363,6248563,59.98,0.004532717982528522
SBIN,EQ,2026-02-19,1218.9,1222.9,1224.9,1199.2,1203.0,1205.7,1211.52,9630899,11668064853.6,177689,4684664,48.64,-0.010829436377061352
SBIN,EQ,2026-02-20,1205.7,1206.2,1218.0,1201.8,1216.2,1216.1,1210.22,9958162,12051577245.8,199855,5395542,54.18,0.008625694617234725
SBIN,EQ,2026-02-23,1216.1,1222.0,1231.1,1217.1,1228.9,1227.8,1225.65,9733835,11930312522.8,201974,5906884,60.68,0.00962091933229181
SBIN,EQ,2026-02-24,1227.8,1232.0,1234.7,1219.7,1227.0,1223.3,1225.16,15788449,19343395463.9,254767,9799064,62.06,-0.003665092034533357
SBIN,EQ,2026-02-25,1223.3,1228.1,1228.1,1197.5,1199.3,1200.1,1205.52,19581100,23605463052.3,257788,13787323,70.41,-0.018965094416741657
SBIN,EQ,2026-02-26,1200.1,1201.0,1215.4,1188.9,1210.5,1209.5,1200.9,16196052,19449808133.2,324026,9811625,60.58,0.00783268060994935
SBIN,EQ,2026-02-27,1209.5,1207.0,1211.8,1198.6,1201.8,1201.7,1202.73,10700355,12869617331.0,177264,6985916,65.29,-0.006448945845390575
SBIN,EQ,2026-03-02,1201.7,1185.0,1197.3,1179.4,1189.5,1189.9,1187.73,16270835,19325397511.4,295263,9008139,55.36,-0.009819422484813156
SBIN,EQ,2026-03-04,1189.9,1172.1,1182.7,1157.6,1173.3,1174.5,1167.0,13855065,16168908771.7,278411,8436616,60.89,-0.012942264055803121
SBIN,EQ,2026-03-05,1174.5,1181.0,1183.2,1150.6,1168.5,1169.5,1165.03,22100665,25747850416.0,281615,14295949,64.69,-0.004257130693912314
SBIN,EQ,2026-03-06,1169.5,1168.5,1169.3,1138.0,1139.8,1143.0,1153.49,20333328,23454347093.1,265693,13855646,68.14,-0.022659256092347202
SBIN,EQ,2026-03-09,1143.0,1115.0,1115.0,1064.3,1101.6,1098.5,1082.98,24631198,26675040947.8,501841,13024138,52.88,-0.03893263342082243
SBIN,EQ,2026-03-10,1098.5,1111.1,1119.9,1104.5,1114.0,1112.2,1111.52,17491459,19442147785.6,251051,9566402,54.69,0.012471552116522622
SBIN,EQ,2026-03-11,1112.2,1113.4,1115.9,1088.0,1090.8,1091.1,1101.7,8364878,9215595730.7,195732,4673445,55.87,-0.018971408020140412
SBIN,EQ,2026-03-12,1091.1,1075.1,1098.0,1070.5,1085.0,1085.2,1080.46,14614140,15790003178.6,290778,7482048,51.2,-0.005407387040601064
SBIN,EQ,2026-03-13,1085.2,1077.5,1081.3,1042.3,1046.0,1047.0,1056.49,15978675,16881334704.9,326824,10423369,65.23,-0.03520088462956139
SBIN,EQ,2026-03-16,1047.0,1048.7,1073.0,1036.1,1063.9,1066.7,1055.71,15322269,16175924213.1,257314,8360612,54.57,0.018815663801337257
SBIN,EQ,2026-03-17,1066.7,1073.9,1073.9,1047.0,1063.2,1064.7,1059.34,16427877,17402702221.1,320717,5338861,32.5,-0.0018749414080809768
SBIN,EQ,2026-03-18,1064.7,1067.5,1075.4,1061.3,1069.0,1069.8,1067.78,10749915,11478533827.7,240312,5325014,49.54,0.004790081713158534
SBIN,EQ,2026-03-19,1069.8,1049.5,1059.7,1041.0,1052.6,1048.9,1049.88,13431191,14101119020.2,376097,6379272,47.5,-0.01953636193681052
SBIN,EQ,2026-03-20,1048.9,1058.4,1085.0,1054.0,1058.3,1058.0,1068.9,17748625,18971444649.6,497694,9830264,55.39,0.008675755553436915
SBIN,EQ,2026-03-23,1058.0,1039.0,1045.6,1014.2,1030.1,1031.9,1031.01,16039603,16536923041.3,335720,8461504,52.75,-0.024669187145557547
SBIN,EQ,2026-03-24,1031.9,1055.2,1059.0,1020.0,1038.0,1030.8,1035.19,30416734,31486965633.0,310955,15712404,51.66,-0.001065994766934919
SBIN,EQ,2026-03-25,1030.8,1043.0,1065.5,1043.0,1062.6,1060.6,1057.61,16205333,17138877668.2,251103,7537854,46.51,0.028909584788513687
SBIN,EQ,2026-03-27,1060.6,1051.3,1055.3,1013.0,1019.2,1019.5,1032.18,20445349,21103178751.6,444041,12703916,62.14,-0.038751650009428595
SBIN,EQ,2026-03-30,1019.5,1005.0,1009.4,975.8,980.8,979.4,988.29,21438137,21187026528.4,314799,9371295,43.71,-0.039333006375674384
SBIN,EQ,2026-04-01,979.4,1008.0,1031.0,998.45,1018.0,1017.8,1014.18,17424479,17671492961.35,250727,7917435,45.44,0.03920767817030835
SBIN,EQ,2026-04-02,1017.8,1000.0,1026.0,977.9,1018.0,1018.4,1000.77,20777629,20793642441.6,388413,8523263,41.02,0.0005895067793280084
SBIN,EQ,2026-04-06,1018.4,1020.0,1035.7,1005.05,1033.4,1032.75,1020.29,23576634,24055071594.35,332091,11150138,47.29,0.014090730557737574
SBIN,EQ,2026-04-07,1032.75,1025.0,1033.7,1012.0,1028.0,1030.4,1024.42,15021291,15388104655.3,218422,5350752,35.62,-0.002275478092471417
SBIN,EQ,2026-04-08,1030.4,1074.0,1077.8,1059.45,1065.0,1061.45,1068.54,28533742,30489501233.8,315463,14682235,51.46,0.030133928571428603
SBIN,EQ,2026-04-09,1061.45,1060.1,1064.35,1038.3,1040.45,1040.95,1047.89,24772948,25959268796.15,300821,10826945,43.7,-0.01931320363653488
SBIN,EQ,2026-04-10,1040.95,1049.0,1069.45,1046.15,1066.0,1066.7,1060.04,17861336,18933789461.05,250442,9154450,51.25,0.024737019069119626
SBIN,EQ,2026-04-13,1066.7,1042.0,1067.25,1030.0,1062.0,1063.55,1052.98,17763348,18704499526.45,243852,7009975,39.46,-0.0029530327177276217
SBIN,EQ,2026-04-15,1063.55,1076.0,1088.0,1068.2,1070.9,1071.5,1074.29,16195810,17399074468.45,252841,7707583,47.59,0.007474965916036025
SBIN,EQ,2026-04-16,1071.5,1078.0,1084.15,1062.0,1066.7,1067.15,1070.72,20313165,21749645347.5,274626,8716041,42.91,-0.00405972935137644
SBIN,EQ,2026-04-17,1067.15,1067.0,1082.15,1060.0,1080.3,1080.25,1073.16,16823879,18054641934.6,174866,10692540,63.56,0.01227568757906572
SBIN,EQ,2026-04-20,1080.25,1080.3,1120.95,1075.85,1104.0,1107.85,1109.38,31179584,34590140615.2,409719,18283825,58.64,0.02554964128673909
SBIN,EQ,2026-04-21,1107.85,1113.4,1114.75,1105.95,1111.7,1111.85,1111.12,16963734,18848812927.2,221554,8669708,51.11,0.003610597102495783
SBIN,EQ,2026-04-22,1111.85,1110.0,1117.85,1100.1,1103.2,1103.3,1105.72,12412659,13724965676.75,173846,7407492,59.68,-0.007689886225659914
SBIN,EQ,2026-04-23,1103.3,1095.0,1101.9,1082.2,1095.0,1094.25,1094.33,13669001,14958431258.25,167995,6338319,46.37,-0.008202664733073517
SBIN,EQ,2026-04-24,1094.25,1091.35,1106.0,1090.05,1100.95,1101.1,1097.12,13774745,15112601707.6,194209,8580511,62.29,0.006259995430660137
SBIN,EQ,2026-04-27,1101.1,1110.95,1114.8,1103.4,1112.0,1111.85,1109.38,11624385,12895862719.15,189849,6727510,57.87,0.009762964308418942
SBIN,EQ,2026-04-28,1111.85,1102.3,1110.5,1089.15,1093.4,1091.3,1097.54,10727835,11774270966.6,177701,4493353,41.88,-0.018482708998515895
SBIN,EQ,2026-04-29,1091.3,1094.0,1105.0,1084.25,1088.4,1086.9,1095.45,10611104,11623909330.2,170982,5916997,55.76,-0.004031888573261089
SBIN,EQ,2026-04-30,1086.9,1075.0,1077.7,1063.0,1071.95,1068.45,1069.56,14269539,15262134052.95,229719,6670067,46.74,-0.01697488269390013
SBIN,EQ,2026-05-04,1068.45,1063.6,1089.1,1063.6,1067.5,1068.4,1076.63,11693211,12589290717.1,162818,6887314,58.9,-4.6796761664080755e-05
SBIN,EQ,2026-05-05,1068.4,1060.6,1068.5,1049.4,1060.0,1059.9,1060.29,12194631,12929832753.6,222176,4566629,37.45,-0.007955821789591866
SBIN,EQ,2026-05-06,1059.9,1072.0,1101.1,1061.2,1099.0,1096.0,1078.83,14384779,15518691513.0,196273,7370433,51.24,0.0340598169638644
SBIN,EQ,2026-05-07,1096.0,1106.0,1108.0,1086.1,1092.9,1092.0,1094.08,16105163,17620307945.5,261618,7178302,44.57,-0.0036496350364964014
SBIN,EQ,2026-05-08,1092.0,1090.0,1095.0,1010.9,1018.4,1019.3,1037.45,48065909,49865887970.4,592384,21794655,45.34,-0.06657509157509167
SBIN,EQ,2026-05-11,1019.3,1007.0,1007.0,971.1,974.9,973.6,980.59,46927396,46016755311.2,1016193,28316556,60.34,-0.04483469047385458
SBIN,EQ,2026-05-12,973.6,976.9,981.4,962.4,976.1,974.6,972.2,25787092,25070126165.5,443183,11136191,43.19,0.00102711585866877
SBIN,EQ,2026-05-13,974.6,978.0,981.2,961.2,971.0,970.1,972.53,17584580,17101594137.4,313800,6724500,38.24,-0.004617278883644604
SBIN,EQ,2026-05-14,970.1,973.5,987.0,963.6,982.3,979.9,977.65,16487142,16118577818.2,260699,5898688,35.78,0.01010205133491393
SBIN,EQ,2026-05-15,979.9,971.2,972.5,957.0,961.6,963.2,966.7,26972493,26074390324.8,298397,16782316,62.22,-0.01704255536279209
SBIN,EQ,2026-05-18,963.2,952.0,954.9,933.9,938.8,939.4,939.86,16554877,15559279361.8,608579,9199675,55.57,-0.02470930232558144
SBIN,EQ,2026-05-19,939.4,942.0,956.6,939.5,946.9,948.8,947.88,17280869,16380227268.5,749834,8694335,50.31,0.010006387055567334
SBIN,EQ,2026-05-20,948.8,941.1,955.0,935.0,950.0,950.9,946.2,11928460,11286767833.5,191643,5643465,47.31,0.0022133220910625084
SBIN,EQ,2026-05-21,950.9,957.0,960.9,946.5,950.0,950.9,952.38,11756520,11196637968.6,175233,4725570,40.2,0.0
SBIN,EQ,2026-05-22,950.9,950.9,958.6,947.7,949.6,949.2,952.41,7807192,7435661813.4,142000,4300251,55.08,-0.001787779997896699
SBIN,EQ,2026-05-25,949.2,959.9,972.5,957.5,972.3,969.6,963.32,10934747,10533628661.4,182636,6186621,56.58,0.02149178255372952
SBIN,EQ,2026-05-26,969.6,969.9,978.8,962.1,969.8,968.5,970.57,16269800,15790948718.1,171204,8470161,52.06,-0.0011344884488448947
SBIN,EQ,2026-05-27,968.5,969.8,975.9,966.6,967.3,967.8,969.93,8111259,7867378301.3,187071,3174652,39.14,-0.0007227671657202839
SBIN,EQ,2026-05-29,967.8,967.8,973.7,960.3,965.3,964.4,965.5,22292535,21523352057.1,258939,15418901,69.17,-0.0035131225459805737
SBIN,EQ,2026-06-01,964.4,966.25,970.25,950.1,954.5,954.1,959.25,11118975,10665883396.95,170313,5101558,45.88,-0.010680215678141813
SBIN,EQ,2026-06-02,954.1,950.95,961.3,939.9,960.0,956.65,951.21,15911760,15135370050.05,254830,6762630,42.5,0.002672675820144521
SBIN,EQ,2026-06-03,956.65,953.75,974.0,937.2,971.5,970.45,948.57,27947005,26509598648.7,251452,14338937,51.31,0.014425338420529954
SBIN,EQ,2026-06-04,970.45,969.9,985.8,961.1,979.25,979.25,977.95,18875883,18459645864.0,341904,9702135,51.4,0.00906795816373851
SBIN,EQ,2026-06-05,979.25,980.0,992.6,970.6,977.0,977.7,981.76,20955539,20573351918.85,288991,9146984,43.65,-0.001582844013275464
SBIN,EQ,2026-06-08,977.7,966.0,988.65,965.15,980.0,981.95,981.33,12895416,12654605651.45,452384,6656604,51.62,0.004346936688145675
SBIN,EQ,2026-06-09,981.95,985.0,1009.0,983.0,1004.1,1002.7,998.02,22142480,22098642356.05,270891,12680438,57.27,0.0211314221701715
SBIN,EQ,2026-06-10,1002.7,1002.7,1012.4,999.5,1000.85,1003.25,1006.59,19122317,19248343087.6,215158,13087660,68.44,0.0005485189987035621
SBIN,EQ,2026-06-11,1003.25,998.1,1009.4,993.0,1001.1,1000.7,1003.38,13773978,13820494684.5,195579,8102967,58.83,-0.002541739347121763
SBIN,EQ,2026-06-12,1000.7,1018.0,1018.7,1004.35,1016.4,1017.15,1012.08,11081119,11215018376.1,193711,5804492,52.38,0.016438493054861558
SBIN,EQ,2026-06-15,1017.15,1034.0,1034.0,1018.5,1021.0,1020.85,1025.74,12463437,12784190020.0,230802,7322784,58.75,0.003637614904389741
SBIN,EQ,2026-06-16,1020.85,1023.8,1026.55,1007.4,1016.05,1015.3,1014.02,9693677,9829555551.65,190586,4962421,51.19,-0.0054366459323114125
SBIN,EQ,2026-06-17,1015.3,1017.0,1028.1,1013.45,1026.5,1026.5,1021.04,8190062,8362376221.65,149867,4627035,56.5,0.011031222298828025
SBIN,EQ,2026-06-18,1026.5,1027.9,1045.7,1024.45,1042.5,1042.7,1038.39,11048009,11472186219.45,181508,4757877,43.07,0.015781782756941087
SBIN,EQ,2026-06-19,1042.7,1042.0,1042.0,1029.3,1036.0,1035.1,1034.62,9099878,9414899536.85,116893,5638770,61.97,-0.007288769540615858
SBIN,EQ,2026-06-22,1035.1,1038.0,1043.0,1033.6,1041.0,1040.75,1038.0,6209440,6445380948.95,139617,3514102,56.59,0.00545840981547685
SBIN,EQ,2026-06-23,1040.75,1041.0,1045.5,1022.35,1023.6,1024.2,1030.97,10411004,10733439766.0,162889,4751867,45.64,-0.015901993754503962
SBIN,EQ,2026-06-24,1024.2,1024.0,1044.5,1020.5,1034.5,1034.6,1035.57,11724076,12141107967.1,161067,6130453,52.29,0.010154266744776264
SBIN,EQ,2026-06-25,1034.6,1040.0,1055.4,1038.55,1045.2,1045.4,1048.87,16002360,16784421896.9,268790,8608658,53.8,0.010438816934080997
SBIN,EQ,2026-06-29,1045.4,1044.45,1046.4,1030.85,1038.95,1036.1,1037.33,16818246,17446074513.35,261264,11810287,70.22,-0.008896116319112468
SBIN,EQ,2026-06-30,1036.1,1040.0,1044.0,1025.05,1029.9,1026.9,1034.09,11161643,11542198969.75,180911,4018462,36.0,-0.008879451790367532
SBIN,EQ,2026-07-01,1026.9,1031.0,1049.9,1025.5,1043.5,1047.4,1039.96,6295315,6546852930.3,163396,3111030,49.42,0.01996299542311819
SBIN,EQ,2026-07-02,1047.4,1050.9,1059.8,1045.0,1049.0,1051.6,1051.29,14682790,15435854156.2,199908,8183860,55.74,0.004009929348863572
SBIN,EQ,2026-07-03,1051.6,1055.0,1057.0,1034.5,1041.0,1040.0,1042.78,10441493,10888132141.2,275606,6053165,57.97,-0.011030810193989993
SBIN,EQ,2026-07-06,1040.0,1041.9,1048.4,1036.5,1038.5,1037.7,1042.41,8761017,9132609153.1,191771,5178312,59.11,-0.0022115384615384315
SBIN,EQ,2026-07-07,1037.7,1039.3,1049.6,1035.5,1036.2,1038.1,1041.85,11053574,11516139461.1,203070,6037126,54.62,0.00038546786161686164
SBIN,EQ,2026-07-08,1038.1,1029.6,1038.3,1011.7,1019.8,1016.9,1026.16,14141694,14511572175.9,205996,7873275,55.67,-0.020421924670070202
SBIN,EQ,2026-07-09,1016.9,1019.8,1031.7,1019.3,1022.5,1022.1,1025.11,7661699,7854071089.5,169565,2014082,26.29,0.005113580489723768
SBIN,EQ,2026-07-10,1022.1,1029.5,1047.8,1023.5,1036.4,1036.0,1033.75,8792150,9088887774.1,154813,4249961,48.34,0.013599452108404186
SBIN,EQ,2026-07-13,1036.0,1023.5,1042.9,1022.1,1036.7,1037.0,1036.54,8381510,8687789541.5,196329,3572985,42.63,0.0009652509652509078
SBIN,EQ,2026-07-14,1037.0,1033.3,1033.7,1011.4,1012.7,1015.4,1019.22,11562326,11784550655.3,203315,5845603,50.56,-0.0208293153326905
SBIN,EQ,2026-07-15,1015.4,1015.5,1036.0,1013.7,1030.8,1030.1,1028.13,14275394,14676967357.4,164713,7105463,49.77,0.014477053377978999
SBIN,EQ,2026-07-16,1030.1,1030.1,1036.0,1027.3,1030.8,1031.2,1030.76,7708316,7945431192.0,133865,3457065,44.85,0.0010678574895641724
SBIN,EQ,2026-07-17,1031.2,1030.6,1048.0,1028.3,1043.2,1044.3,1041.53,8452780,8803794314.6,203653,4484419,53.05,0.012703646237393285
SBIN,EQ,2026-07-20,1044.3,1041.6,1065.0,1038.3,1060.6,1060.0,1050.85,16540411,17381554607.9,236033,8633636,52.2,0.015033994063008649
SBIN,EQ,2026-07-21,1060.0,1056.2,1067.0,1042.8,1044.3,1044.4,1052.38,10514887,11065617404.9,239098,5576852,53.04,-0.014716981132075424
SBIN,EQ,2026-07-22,1044.4,1044.4,1044.4,1019.2,1025.0,1025.0,1025.14,11227214,11509446587.7,175482,6584040,58.64,-0.018575258521639326
SBIN,EQ,2026-07-23,1025.0,1022.0,1023.1,1006.5,1013.5,1012.6,1014.42,8910230,9038728469.5,174030,4395700,49.33,-0.012097560975609767
SBIN,EQ,2026-07-24,1012.6,1006.0,1017.8,1000.8,1012.0,1015.0,1009.14,13797053,13923168257.4,251434,8399248,60.88,0.0023701362828363326
SBIN,EQ,2026-07-27,1015.0,1020.3,1023.7,1015.9,1019.8,1020.6,1020.06,6093002,6215243572.2,162737,3410763,55.98,0.0055172413793103114
SBIN,EQ,2026-07-28,1020.6,1018.0,1022.0,1008.3,1014.4,1013.2,1014.13,9873370,10012879318.8,181378,4386852,44.43,-0.007250636880266503
SBIN,EQ,2026-07-29,1013.2,1020.0,1020.2,1012.0,1014.0,1013.7,1014.99,4792964,4864818265.2,98762,2593665,54.11,0.0004934859849980988
SBIN,EQ,2026-07-30,1013.7,1013.5,1028.3,1007.6,1024.0,1025.3,1020.37,6847458,6986967139.0,137559,2773301,40.5,0.01144322777942186
SBIN,EQ,2026-07-31,1025.3,1028.1,1034.3,1023.5,1027.6,1027.4,1027.66,10921417,11223453912.2,168921,6811175,62.37,0.0020481810201893325
SBIN,EQ,2026-08-03,1027.4,1035.0,1051.5,1031.6,1045.0,1045.0,1041.98,10507450,10948508376.1,167075,6160621,58.63,0.017130620985010614
SBIN,EQ,2026-08-04,1045.0,1047.6,1047.6,1030.9,1042.7,1042.7,1036.36,8544184,8854850319.7,163836,4533215,53.06,-0.0022009569377989813
SBIN,EQ,2026-08-05,1042.7,1043.0,1055.0,1040.3,1055.0,1055.0,1050.19,8707119,9144162668.1,148072,4538901,52.13,0.011796298072312306
SBIN,EQ,2026-08-06,1055.0,1052.5,1088.1,1052.5,1085.0,1085.0,1073.4,13822265,14836847203.7,221340,5839404,42.25,0.028436018957346043
SBIN,EQ,2026-08-07,1085.0,1080.1,1124.5,1075.7,1097.2,1097.2,1103.71,29410622,32460736548.4,439578,9937122,33.79,0.011244239631336361
SBIN,EQ,2026-08-10,1097.2,1108.0,1113.3,1068.6,1071.0,1071.0,1083.95,16623448,18018988458.9,299377,7568799,45.53,-0.02387896463725847
SBIN,EQ,2026-08-11,1071.0,1071.0,1071.0,1060.4,1066.0,1066.0,1066.31,9456913,10083985653.9,247374,4388088,46.4,-0.00466853408029877
SBIN,EQ,2026-08-12,1066.0,1066.0,1085.5,1066.0,1082.0,1082.0,1079.4,17673922,19077229834.6,202405,9745081,55.14,0.015009380863039379
SBIN,EQ,2026-08-13,1082.0,1083.0,1086.8,1073.0,1083.0,1083.0,1080.83,9502483,10270583290.8,135454,4868392,51.23,0.0009242144177448175
SBIN,EQ,2026-08-14,1083.0,1082.0,1082.0,1065.1,1067.7,1067.7,1069.62,6273501,6710266828.1,121961,3309195,52.75,-0.014127423822714591
SBIN,EQ,2026-08-17,1067.7,1064.2,1068.8,1052.4,1061.2,1061.2,1061.0,7039473,7468887651.4,144314,3473616,49.34,-0.006087852392994253
SBIN,EQ,2026-08-18,1061.2,1059.6,1067.7,1053.0,1053.0,1053.0,1056.82,5583771,5901048527.5,152004,2755769,49.35,-0.007727101394647606
SBIN,EQ,2026-08-19,1053.0,1053.2,1054.8,1041.4,1048.6,1048.6,1047.08,7182636,7520829741.8,108438,4140321,57.64,-0.004178537511870917
SBIN,EQ,2026-08-20,1048.6,1052.9,1052.9,1045.7,1048.0,1048.0,1048.6,5879949,6165712413.3,118558,3344975,56.89,-0.0005721914934196937
SBIN,EQ,2026-08-21,1048.0,1052.7,1054.7,1040.1,1048.7,1048.7,1046.9,6534213,6840651659.9,94752,3778476,57.83,0.0006679389312977957
SBIN,EQ,2026-08-24,1048.7,1047.9,1047.9,1032.1,1039.5,1039.5,1036.32,8868193,9190247836.4,140325,5664401,63.87,-0.008772766282063582
SBIN,EQ,2026-08-25,1039.5,1036.0,1048.0,1031.3,1048.0,1048.0,1040.56,9982723,10387663669.9,111951,5170787,51.8,0.008177008177008283
SBIN,EQ,2026-08-26,1048.0,1051.4,1062.3,1051.2,1052.0,1052.0,1056.72,5858099,6190341093.4,146788,3284133,56.06,0.003816793893129722
SBIN,EQ,2026-08-27,1052.0,1052.0,1054.4,1042.9,1042.9,1042.9,1046.66,4788716,5012177442.2,137557,2693387,56.24,-0.008650190114068312
SBIN,EQ,2026-08-28,1042.9,1046.0,1051.2,1040.5,1047.5,1047.5,1046.79,4969272,5201768412.6,90209,2705841,54.45,0.004410777639274999
SBIN,EQ,2026-08-31,1047.5,1041.2,1060.0,1034.5,1060.0,1060.0,1046.67,5138732,5378557512.5,82284,3432496,66.8,0.01193317422434359
SBIN,EQ,2026-09-01,1060.0,1051.3,1051.3,1027.1,1034.5,1034.5,1036.99,7605132,7886482037.8,137427,3384666,44.51,-0.024056603773584873
SBIN,EQ,2026-09-02,1034.5,1026.0,1035.3,1017.3,1020.9,1020.9,1022.54,13843678,14155674464.2,316338,10289485,74.33,-0.013146447559207353
SBIN,EQ,2026-09-03,1020.9,1028.9,1036.0,1021.1,1023.4,1023.4,1028.73,7371804,7583591860.8,174387,3554490,48.22,0.002448819668919633
SBIN,EQ,2026-09-04,1023.4,1026.0,1029.2,1016.1,1016.1,1016.1,1021.57,6724566,6869612159.9,146219,4178795,62.14,-0.007133085792456528
SBIN,EQ,2026-09-07,1016.1,1020.8,1021.7,1000.6,1005.9,1005.9,1006.17,10220001,10283099267.5,261914,6640215,64.97,-0.010038382049010974
SBIN,EQ,2026-09-08,1005.9,1004.9,1011.2,1002.1,1008.0,1008.0,1007.67,7084768,7139094537.3,148960,4307989,60.81,0.0020876826722338038
SBIN,EQ,2026-09-09,1008.0,999.0,1012.2,992.4,1000.5,1000.5,1004.94,7091386,7126396235.0,168692,3766503,53.11,-0.007440476190476164
SBIN,EQ,2026-09-10,1000.5,1002.0,1011.9,1001.0,1009.7,1009.7,1006.66,5504031,5540663392.5,84121,2251291,40.9,0.009195402298850519
SBIN,EQ,2026-09-11,1009.7,1000.0,1001.9,993.0,995.7,995.7,996.57,7771109,7744470376.4,168958,3903299,53.86,-0.013865504605328316
