symbol,series,trade_date,prev_close,open_price,high_price,low_price,last_price,close_price,average_price,total_traded_quantity,turnover_inr,no_of_trades,deliverable_qty,deliverable_pct,daily_return
TCS,EQ,2021-09-13,3791.4,3767.0,3852.4,3767.0,3841.5,3845.35,3828.3,1691473,6475463794.9,109836,789494,46.67,
TCS,EQ,2021-09-14,3845.35,3849.95,3896.5,3825.0,3880.1,3885.9,3873.73,1991188,7713316318.1,104679,1273237,63.94,0.010545203947625037
TCS,EQ,2021-09-15,3885.9,3882.1,3980.0,3866.0,3950.0,3954.55,3929.4,2461369,9671698399.65,120015,1222171,49.65,0.017666435060089025
TCS,EQ,2021-09-16,3954.55,3930.0,3981.75,3892.1,3903.05,3903.3,3931.95,2946666,11586139448.2,123851,2125781,72.14,-0.012959755218672209
TCS,EQ,2021-09-17,3903.3,3920.0,3945.0,3805.0,3826.55,3827.85,3851.08,6477148,24944046353.1,155142,4501470,69.5,-0.019329797863346432
TCS,EQ,2021-09-20,3827.85,3809.0,3871.0,3807.85,3820.05,3823.5,3837.22,2002008,7682147330.75,120832,1112498,55.57,-0.001136408166464209
TCS,EQ,2021-09-21,3823.5,3858.0,3871.55,3821.65,3861.95,3862.95,3850.74,1568129,6038455605.45,99059,851956,54.33,0.010317771675166787
TCS,EQ,2021-09-22,3862.95,3862.5,3896.85,3852.45,3856.75,3862.15,3873.71,1744067,6756003293.95,93000,1015045,58.2,-0.0002070956134559987
TCS,EQ,2021-09-23,3862.15,3870.0,3879.0,3835.0,3872.0,3869.25,3859.54,2003869,7734019886.4,131024,1396484,69.69,0.0018383542845306078
TCS,EQ,2021-09-24,3869.25,3890.0,3944.4,3855.0,3878.75,3871.3,3908.95,2320754,9071718889.85,185756,1308031,56.36,0.0005298184402662276
TCS,EQ,2021-09-27,3871.3,3900.0,3904.0,3802.9,3839.0,3836.95,3842.81,1673362,6430415744.6,126569,989998,59.16,-0.00887298840182893
TCS,EQ,2021-09-28,3836.95,3850.0,3850.0,3751.25,3777.05,3779.15,3784.75,2253075,8527330472.4,140925,1558553,69.17,-0.015064048267504071
TCS,EQ,2021-09-29,3779.15,3759.8,3806.0,3722.15,3794.55,3791.9,3767.14,2489161,9377015958.3,138418,1548275,62.2,0.0033737745260178365
TCS,EQ,2021-09-30,3791.9,3805.0,3805.0,3750.1,3778.7,3775.55,3773.28,2252412,8498981489.3,145940,1546273,68.65,-0.004311822569160517
TCS,EQ,2021-10-01,3775.55,3781.75,3810.0,3725.0,3728.65,3730.2,3747.99,1578374,5915725343.65,132388,916682,58.08,-0.012011495013971585
TCS,EQ,2021-10-04,3730.2,3724.8,3783.65,3707.45,3779.0,3773.3,3762.58,1356860,5105290641.5,82301,783170,57.72,0.01155434024985258
TCS,EQ,2021-10-05,3773.3,3754.0,3840.0,3741.6,3839.1,3833.3,3785.15,1877966,7108385858.15,107053,1088332,57.95,0.015901200540640925
TCS,EQ,2021-10-06,3833.3,3836.0,3857.45,3795.0,3813.8,3810.9,3830.18,1678154,6427634316.05,105524,949703,56.59,-0.005843529074165854
TCS,EQ,2021-10-07,3810.9,3830.0,3899.0,3820.05,3898.0,3892.9,3868.01,1647233,6371521151.0,100510,693631,42.11,0.021517226901781816
TCS,EQ,2021-10-08,3892.9,3925.0,3989.9,3900.0,3943.0,3935.65,3947.83,2934339,11584283174.7,178433,1040830,35.47,0.010981530478563428
TCS,EQ,2021-10-11,3935.65,3755.0,3757.5,3660.0,3687.95,3685.6,3702.67,11845402,43859658074.25,704881,6606303,55.77,-0.06353461308805408
TCS,EQ,2021-10-12,3685.6,3706.0,3707.0,3630.6,3656.2,3652.85,3658.54,5752877,21047120430.0,371571,3799131,66.04,-0.00888593444757979
TCS,EQ,2021-10-13,3652.85,3650.0,3675.45,3645.0,3658.05,3655.2,3655.85,3545655,12962366655.15,228263,2564283,72.32,0.0006433332877069375
TCS,EQ,2021-10-14,3655.2,3625.0,3670.0,3608.2,3614.8,3611.45,3626.77,6442299,23364720249.3,406019,4714726,73.18,-0.011969249288684591
TCS,EQ,2021-10-18,3611.45,3603.45,3652.7,3601.45,3649.0,3647.15,3631.23,3590107,13036517799.15,213590,2407286,67.05,0.0098852261556992
TCS,EQ,2021-10-19,3647.15,3669.0,3690.1,3625.2,3634.45,3634.15,3661.85,3135441,11481500581.85,191609,1815161,57.89,-0.003564427018356797
TCS,EQ,2021-10-20,3634.15,3612.0,3630.0,3578.3,3607.95,3608.85,3606.05,2933693,10579039337.05,175675,1685241,57.44,-0.006961737957981939
TCS,EQ,2021-10-21,3608.85,3604.1,3607.45,3511.25,3532.85,3532.5,3546.27,4871211,17274650004.55,295349,3125514,64.16,-0.021156324036742946
TCS,EQ,2021-10-22,3532.5,3560.0,3561.6,3485.0,3501.85,3498.85,3511.44,2691670,9451650099.45,163976,1700467,63.18,-0.009525831564048182
TCS,EQ,2021-10-25,3498.85,3503.0,3514.55,3450.0,3491.0,3492.95,3477.23,2595594,9025471433.6,139684,1627737,62.71,-0.0016862683453134908
TCS,EQ,2021-10-26,3492.95,3494.5,3529.0,3475.0,3485.9,3482.6,3494.69,3878763,13555085104.1,155172,2821225,72.74,-0.0029631114101260625
TCS,EQ,2021-10-27,3482.6,3483.0,3511.25,3483.0,3488.45,3489.75,3495.53,2510813,8776620129.0,122328,1766894,70.37,0.00205306380290593
TCS,EQ,2021-10-28,3489.75,3518.0,3518.0,3415.0,3423.0,3421.65,3450.19,2424942,8366511722.1,187690,1497979,61.77,-0.019514291854717314
TCS,EQ,2021-10-29,3421.65,3400.05,3461.0,3385.95,3404.0,3397.75,3424.21,3960501,13561601567.6,241935,2238879,56.53,-0.00698493416918744
TCS,EQ,2021-11-01,3397.75,3437.95,3487.0,3412.95,3482.35,3476.4,3445.74,2020718,6962871688.9,154841,1166862,57.74,0.023147671253035185
TCS,EQ,2021-11-02,3476.4,3494.0,3513.6,3469.75,3484.0,3484.2,3490.81,3087414,10777567152.9,134659,2067119,66.95,0.0022437003797031174
TCS,EQ,2021-11-03,3484.2,3504.2,3519.9,3466.05,3488.0,3492.25,3492.58,1537639,5370327266.85,98779,791208,51.46,0.0023104299408760465
TCS,EQ,2021-11-04,3492.25,3512.95,3513.25,3505.0,3508.65,3508.65,3509.12,328991,1154468248.3,42244,246904,75.05,0.004696112821247045
TCS,EQ,2021-11-08,3508.65,3548.0,3548.0,3481.2,3506.0,3502.75,3503.3,2526082,8849622221.8,144893,1652814,65.43,-0.0016815584341556278
TCS,EQ,2021-11-09,3502.75,3508.0,3535.0,3496.0,3503.0,3505.7,3508.51,1782692,6254594395.95,90441,1106403,62.06,0.0008421954178858826
TCS,EQ,2021-11-10,3505.7,3498.0,3519.7,3480.2,3484.95,3484.3,3494.09,1516489,5298754955.55,115924,955899,63.03,-0.006104344353481395
TCS,EQ,2021-11-11,3484.3,3480.0,3510.05,3436.0,3505.0,3488.2,3464.62,1284514,4450347031.55,98386,614576,47.85,0.0011193066039087984
TCS,EQ,2021-11-12,3488.2,3506.0,3534.15,3485.7,3524.0,3526.05,3509.52,1747259,6132048785.7,98323,1086001,62.15,0.010850868642853229
TCS,EQ,2021-11-15,3526.05,3528.0,3569.6,3528.0,3550.0,3553.3,3554.41,1809157,6430484084.55,113981,1104175,61.03,0.007728194438536118
TCS,EQ,2021-11-16,3553.3,3569.0,3575.55,3542.0,3548.0,3556.4,3560.79,2013204,7168605743.85,105284,1371662,68.13,0.0008724284467958032
TCS,EQ,2021-11-17,3556.4,3550.6,3562.85,3506.4,3520.8,3521.9,3533.85,1632914,5770466506.8,126358,1033842,63.31,-0.009700821054999476
TCS,EQ,2021-11-18,3521.9,3515.15,3520.85,3451.6,3471.95,3475.7,3478.49,2136598,7432143867.4,135284,1367516,64.0,-0.013117919304920678
TCS,EQ,2021-11-22,3475.7,3478.4,3515.95,3440.3,3463.75,3458.4,3482.5,3167936,11032349106.2,169460,2146221,67.75,-0.0049774146215150195
TCS,EQ,2021-11-23,3458.4,3445.0,3480.95,3407.8,3472.0,3464.25,3455.05,2153461,7440308037.35,160137,1449786,67.32,0.0016915336571825534
TCS,EQ,2021-11-24,3464.25,3472.2,3493.05,3424.0,3431.95,3443.3,3469.8,2161746,7500832834.1,163891,1640323,75.88,-0.006047485025618804
TCS,EQ,2021-11-25,3443.3,3443.9,3463.0,3434.05,3450.0,3445.9,3451.54,1849619,6384030188.95,102359,1294556,69.99,0.0007550895942844971
TCS,EQ,2021-11-26,3445.9,3425.0,3490.0,3411.9,3439.2,3446.85,3454.4,1941251,6705853480.8,156945,1152929,59.39,0.00027568995037574595
TCS,EQ,2021-11-29,3446.85,3447.15,3529.35,3406.45,3503.5,3502.0,3490.28,2981745,10407130645.3,206893,1648719,55.29,0.0160001160479859
TCS,EQ,2021-11-30,3502.0,3491.0,3563.75,3491.0,3535.0,3529.15,3535.48,5588446,19757846113.05,208979,3849797,68.89,0.007752712735579648
TCS,EQ,2021-12-01,3529.15,3535.0,3590.0,3535.0,3581.0,3577.8,3568.53,2102118,7501467334.9,177235,1311474,62.39,0.013785189068189263
TCS,EQ,2021-12-02,3577.8,3589.2,3648.0,3574.1,3637.0,3642.9,3614.21,3152938,11395387802.95,146031,2208112,70.03,0.01819553915814187
TCS,EQ,2021-12-03,3642.9,3646.45,3665.95,3630.85,3641.0,3640.45,3644.63,2486263,9061499107.35,136470,1904713,76.61,-0.0006725411073595922
TCS,EQ,2021-12-06,3640.45,3640.45,3658.0,3522.0,3533.8,3536.4,3585.65,1849642,6632172778.45,117199,1050297,56.78,-0.028581631391723428
TCS,EQ,2021-12-07,3536.4,3562.5,3598.0,3524.3,3589.9,3584.5,3572.57,1484458,5303328386.25,107141,812623,54.74,0.013601402556271847
TCS,EQ,2021-12-08,3584.5,3601.0,3646.45,3601.0,3624.0,3626.9,3631.02,1428660,5187489131.6,88625,826623,57.86,0.01182870693262661
TCS,EQ,2021-12-09,3626.9,3610.0,3634.75,3566.0,3600.0,3601.75,3593.64,1567957,5634666502.4,100995,890952,56.82,-0.006934296506658555
TCS,EQ,2021-12-10,3601.75,3585.0,3642.0,3575.1,3630.0,3636.8,3611.25,1510718,5455578667.05,69648,833404,55.17,0.00973138057888523
TCS,EQ,2021-12-13,3636.8,3650.0,3662.0,3601.7,3615.0,3609.65,3626.62,1883864,6832065637.6,93875,1329794,70.59,-0.007465354157501158
TCS,EQ,2021-12-14,3609.65,3605.0,3635.0,3576.7,3619.95,3623.8,3618.04,1747007,6320734400.1,105436,1216832,69.65,0.003920047650049163
TCS,EQ,2021-12-15,3623.8,3620.0,3623.0,3558.15,3571.0,3570.35,3575.02,1603233,5731595939.6,109534,1141894,71.22,-0.01474971024891003
TCS,EQ,2021-12-16,3570.35,3582.0,3608.45,3570.0,3585.0,3581.6,3582.96,2072320,7425032318.85,93950,1560825,75.32,0.003150951587379325
TCS,EQ,2021-12-17,3581.6,3602.5,3651.35,3573.7,3574.9,3584.35,3608.9,4333992,15640958964.15,213460,2677223,61.77,0.0007678132678132776
TCS,EQ,2021-12-20,3584.35,3589.0,3606.0,3510.15,3559.3,3556.9,3569.27,2312310,8253261975.1,146094,1243439,53.77,-0.007658292298464153
TCS,EQ,2021-12-21,3556.9,3582.65,3641.2,3566.4,3611.0,3608.3,3617.22,2340989,8467877601.9,118423,1470826,62.83,0.014450785796620735
TCS,EQ,2021-12-22,3608.3,3624.0,3636.8,3606.25,3628.3,3630.75,3625.84,1224328,4439223316.5,102255,755182,61.68,0.006221766482831237
TCS,EQ,2021-12-23,3630.75,3648.0,3670.5,3630.0,3660.65,3662.7,3656.52,1792861,6555623174.05,98445,1107607,61.78,0.008799834744887436
TCS,EQ,2021-12-24,3662.7,3685.0,3705.0,3644.8,3671.0,3670.9,3673.31,2209923,8117727561.7,88664,1156092,52.31,0.002238785595325865
TCS,EQ,2021-12-27,3670.9,3671.0,3700.0,3653.1,3696.5,3696.1,3684.66,1534135,5652764172.3,80828,866793,56.5,0.006864801547304511
TCS,EQ,2021-12-28,3696.1,3710.0,3725.0,3693.85,3706.95,3706.55,3713.05,1456218,5407012571.25,83968,917903,63.03,0.002827304456048285
TCS,EQ,2021-12-29,3706.55,3692.25,3719.95,3685.0,3688.05,3694.7,3704.9,1456923,5397758672.0,94120,1091321,74.91,-0.0031970430723989862
TCS,EQ,2021-12-30,3694.7,3681.35,3740.0,3680.0,3737.0,3733.75,3725.52,1966475,7326133567.9,105274,1296163,65.91,0.01056919370990883
TCS,EQ,2021-12-31,3733.75,3742.8,3760.0,3731.3,3740.0,3738.35,3744.51,1207141,4520149056.45,101227,727618,60.28,0.0012320053565451072
TCS,EQ,2022-01-03,3738.35,3750.0,3830.0,3745.0,3815.0,3817.75,3807.43,2346158,8932827981.15,143798,1433211,61.09,0.02123931681089264
TCS,EQ,2022-01-04,3817.75,3831.1,3889.15,3811.7,3878.7,3884.75,3859.3,2488606,9604274014.3,141253,1539134,61.85,0.017549603824241977
TCS,EQ,2022-01-05,3884.75,3865.0,3870.0,3812.4,3856.0,3860.95,3847.67,1733031,6668131688.0,136018,988277,57.03,-0.006126520368106125
TCS,EQ,2022-01-06,3860.95,3812.0,3835.0,3772.0,3809.95,3807.45,3802.98,1810293,6884500149.55,135529,995325,54.98,-0.013856693300871581
TCS,EQ,2022-01-07,3807.45,3820.0,3864.9,3796.4,3858.9,3853.5,3839.03,2460591,9446283701.75,157006,1501620,61.03,0.012094709057243191
TCS,EQ,2022-01-10,3853.5,3978.0,3978.0,3861.0,3884.0,3879.85,3897.84,3937092,15346166149.8,247085,1687823,42.87,0.00683793953548717
TCS,EQ,2022-01-11,3879.85,3856.0,3925.0,3856.0,3917.0,3915.9,3896.96,1906106,7428014700.35,160870,1054450,55.32,0.009291596324600304
TCS,EQ,2022-01-12,3915.9,3925.0,3929.0,3836.55,3857.0,3859.9,3874.16,3203744,12411815990.8,241232,1866561,58.26,-0.014300671620827932
TCS,EQ,2022-01-13,3859.9,3918.0,3923.0,3857.0,3898.0,3897.9,3891.72,6684507,26014258279.5,401435,3737081,55.91,0.009844814632503418
TCS,EQ,2022-01-14,3897.9,3877.85,3977.0,3860.05,3965.35,3968.15,3924.25,3348123,13138881273.1,213960,1768475,52.82,0.018022524949331764
TCS,EQ,2022-01-17,3968.15,3992.7,4043.0,3962.3,4025.0,4019.15,4010.33,3442604,13805980840.45,230947,1699919,49.38,0.012852336731222325
TCS,EQ,2022-01-18,4019.15,4033.95,4041.7,3980.0,3993.95,3990.6,4009.82,2389041,9579619424.1,185771,1635845,68.47,-0.007103492031897307
TCS,EQ,2022-01-19,3990.6,4012.0,4012.0,3910.5,3914.7,3914.65,3937.16,3102539,12215195983.15,260043,2121306,68.37,-0.01903222573046659
TCS,EQ,2022-01-20,3914.65,3910.0,3920.0,3811.0,3833.15,3826.55,3843.03,6176776,23737557017.75,349194,4962139,80.34,-0.02250520480758178
TCS,EQ,2022-01-21,3826.55,3807.0,3851.55,3771.1,3840.0,3833.5,3820.58,3112358,11891026050.45,240408,1795708,57.7,0.0018162574642954787
TCS,EQ,2022-01-24,3833.5,3840.0,3849.65,3740.1,3769.95,3771.35,3783.08,3258414,12326830753.15,288359,2095906,64.32,-0.016212338593974196
TCS,EQ,2022-01-25,3771.35,3769.5,3809.4,3722.2,3765.0,3769.9,3763.15,3330501,12533182476.5,298567,2094835,62.9,-0.00038447770692184857
TCS,EQ,2022-01-27,3769.9,3731.0,3733.4,3625.1,3652.0,3649.25,3669.1,5718297,20981028870.55,473910,3887598,67.99,-0.03200350141913577
TCS,EQ,2022-01-28,3649.25,3646.0,3729.8,3646.0,3697.85,3690.05,3702.94,3143862,11641524811.25,226989,1863034,59.26,0.011180379530040474
TCS,EQ,2022-01-31,3690.05,3749.0,3758.0,3721.4,3744.95,3736.25,3741.03,2739393,10248148872.1,193114,1708467,62.37,0.012520155553447765
TCS,EQ,2022-02-01,3736.25,3770.0,3808.0,3736.4,3805.0,3800.65,3781.44,2105169,7960578363.5,149564,1067316,50.7,0.017236533957845523
TCS,EQ,2022-02-02,3800.65,3827.9,3864.0,3800.65,3863.0,3856.2,3841.31,1984212,7621963889.9,139468,1158079,58.36,0.014615920960888262
TCS,EQ,2022-02-03,3856.2,3851.0,3882.5,3816.05,3819.0,3824.6,3850.57,1960538,7549182942.05,137513,1242614,63.38,-0.008194595715989794
TCS,EQ,2022-02-04,3824.6,3815.3,3824.7,3769.0,3818.0,3814.9,3804.03,2307366,8777283685.05,160651,1415833,61.36,-0.0025362129373005526
TCS,EQ,2022-02-07,3814.9,3791.0,3831.8,3756.15,3781.8,3779.0,3791.19,1919149,7275863610.7,159690,1160277,60.46,-0.009410469474953498
TCS,EQ,2022-02-08,3779.0,3791.55,3799.7,3721.0,3738.0,3743.45,3741.49,2946443,11024097961.5,209984,2092329,71.01,-0.00940725059539571
TCS,EQ,2022-02-09,3743.45,3750.0,3777.95,3746.1,3761.65,3760.55,3761.99,1638721,6164860124.35,124222,1190875,72.67,0.004567978736192746
TCS,EQ,2022-02-10,3760.55,3789.8,3789.8,3758.0,3765.7,3770.35,3771.41,2112459,7966959377.85,127158,1512559,71.6,0.0026060017816542658
TCS,EQ,2022-02-11,3770.35,3752.5,3752.5,3690.0,3693.0,3694.95,3703.65,3851488,14264552938.2,242420,2684979,69.71,-0.019998143408436864
TCS,EQ,2022-02-14,3694.95,3724.0,3793.25,3710.0,3729.15,3733.75,3749.84,5951745,22318114654.2,452110,3157466,53.05,0.010500818684961999
TCS,EQ,2022-02-15,3733.75,3786.0,3835.0,3748.0,3832.95,3817.8,3784.27,3931683,14878547124.95,347451,2283223,58.07,0.022510880482089046
TCS,EQ,2022-02-16,3817.8,3844.0,3854.1,3806.0,3810.0,3813.1,3822.91,3256906,12450874614.35,224789,1989270,61.08,-0.0012310754885013209
TCS,EQ,2022-02-17,3813.1,3825.0,3835.0,3779.0,3783.85,3784.2,3796.61,3134372,11900002924.7,259784,2140343,68.29,-0.007579135086937194
TCS,EQ,2022-02-18,3784.2,3769.0,3815.95,3757.6,3800.0,3793.9,3788.53,3688883,13975451807.2,286278,2727483,73.94,0.002563289466730234
TCS,EQ,2022-02-21,3793.9,3810.0,3827.8,3705.55,3719.35,3719.4,3746.53,7465922,27971335681.4,521065,4843446,64.87,-0.019636785365982234
TCS,EQ,2022-02-22,3719.4,3650.0,3667.9,3570.0,3590.0,3586.4,3596.79,5408531,19453348172.2,334519,3214082,59.43,-0.03575845566489222
TCS,EQ,2022-02-23,3586.4,3611.0,3622.9,3555.65,3571.9,3563.8,3581.54,2426203,8689549721.75,166091,1476108,60.84,-0.0063015837608744185
TCS,EQ,2022-02-24,3563.8,3474.0,3483.85,3391.1,3400.45,3401.65,3440.54,5039136,17337349379.3,344070,3127576,62.07,-0.04549918626185534
TCS,EQ,2022-02-25,3401.65,3468.0,3530.0,3462.0,3525.0,3520.75,3508.31,2549723,8945212715.3,178046,1286087,50.44,0.03501242044302022
TCS,EQ,2022-02-28,3520.75,3490.0,3563.75,3455.9,3550.15,3554.2,3529.86,3288942,11609499907.55,157832,1957822,59.53,0.009500816587374894
TCS,EQ,2022-03-02,3554.2,3552.5,3571.95,3506.0,3549.0,3546.15,3537.16,2761341,9767303515.95,159497,1608352,58.25,-0.0022649260030386253
TCS,EQ,2022-03-03,3546.15,3562.85,3578.6,3530.1,3544.0,3544.4,3553.27,1928039,6850848054.25,162316,1095452,56.82,-0.0004934929430508994
TCS,EQ,2022-03-04,3544.4,3501.5,3561.2,3487.05,3519.8,3524.35,3525.56,2370257,8356482128.95,150154,1412782,59.6,-0.005656810743708385
TCS,EQ,2022-03-07,3524.35,3450.0,3548.0,3431.55,3481.1,3484.9,3491.46,3054130,10663373904.35,240636,1842815,60.34,-0.01119355342119821
TCS,EQ,2022-03-08,3484.9,3460.0,3609.0,3460.0,3594.0,3599.95,3570.91,3300992,11787552347.95,182907,1897296,57.48,0.03301385979511595
TCS,EQ,2022-03-09,3599.95,3605.0,3654.0,3597.05,3640.7,3632.6,3631.79,2719654,9877225026.5,171411,1493364,54.91,0.009069570410700223
TCS,EQ,2022-03-10,3632.6,3684.0,3684.0,3615.0,3621.05,3620.95,3639.93,2005441,7299662362.8,129608,1143533,57.02,-0.003207069316742861
TCS,EQ,2022-03-11,3620.95,3603.25,3639.85,3592.85,3603.0,3599.15,3615.45,1623423,5869407353.85,119798,997926,61.47,-0.0060205194769328285
TCS,EQ,2022-03-14,3599.15,3580.0,3648.35,3580.0,3645.0,3643.0,3620.43,1765688,6392547278.65,119156,947609,53.67,0.012183432199269317
TCS,EQ,2022-03-15,3643.0,3659.0,3659.0,3585.4,3598.0,3593.9,3627.9,3651133,13245962358.7,154118,2937815,80.46,-0.013477902827340071
TCS,EQ,2022-03-16,3593.9,3640.5,3668.0,3616.25,3657.55,3655.9,3640.94,3090475,11252241518.05,94898,2374997,76.85,0.017251453852360932
TCS,EQ,2022-03-17,3655.9,3696.6,3710.0,3660.3,3674.95,3672.75,3685.79,3600452,13270520963.0,139747,2281677,63.37,0.004608988210837328
TCS,EQ,2022-03-21,3672.75,3696.0,3713.95,3615.0,3620.0,3626.7,3650.28,2413831,8811169624.5,131933,1443014,59.78,-0.012538288748213278
TCS,EQ,2022-03-22,3626.7,3640.0,3711.0,3625.0,3704.95,3700.95,3674.13,2907611,10682934318.3,124599,1931906,66.44,0.020473157415832555
TCS,EQ,2022-03-23,3700.95,3708.0,3729.8,3690.0,3710.0,3712.4,3708.22,1596195,5919042115.35,82816,803477,50.34,0.0030938002404787834
TCS,EQ,2022-03-24,3712.4,3700.0,3758.2,3695.0,3740.5,3749.85,3741.33,1879046,7030133316.7,86810,1248970,66.47,0.01008781381316659
TCS,EQ,2022-03-25,3749.85,3759.9,3779.5,3672.0,3710.0,3707.45,3716.53,1690133,6281432591.55,101622,951033,56.27,-0.011307118951424777
TCS,EQ,2022-03-28,3707.45,3695.0,3713.0,3661.2,3700.0,3707.7,3689.86,1760990,6497804966.2,119630,878863,49.91,6.743179274160127e-05
TCS,EQ,2022-03-29,3707.7,3694.75,3722.0,3691.0,3701.0,3705.35,3707.08,2689063,9968577738.75,166424,1876469,69.78,-0.0006338161124146424
TCS,EQ,2022-03-30,3705.35,3738.0,3738.0,3706.2,3730.0,3731.55,3723.34,1583455,5895744278.15,109724,1071594,67.67,0.007070857004061848
TCS,EQ,2022-03-31,3731.55,3740.0,3754.65,3720.2,3742.85,3739.95,3743.43,2168110,8116163209.35,146788,1597155,73.67,0.0022510752904287834
TCS,EQ,2022-04-01,3739.95,3748.0,3763.0,3728.05,3759.0,3758.75,3747.37,1387014,5197652138.25,91136,897433,64.7,0.005026805171192139
TCS,EQ,2022-04-04,3758.75,3762.0,3780.0,3737.1,3771.0,3770.35,3767.16,1472994,5548997654.95,101419,919895,62.45,0.003086132357831728
TCS,EQ,2022-04-05,3770.35,3772.0,3835.6,3772.0,3812.5,3814.8,3813.04,2314947,8826982342.8,163963,1228409,53.06,0.011789356425796038
TCS,EQ,2022-04-06,3814.8,3809.3,3809.3,3731.15,3752.0,3755.35,3761.93,2051729,7718464770.35,132368,1245604,60.71,-0.015584041103072321
TCS,EQ,2022-04-07,3755.35,3745.5,3745.5,3679.0,3682.95,3684.15,3705.25,2494829,9243973241.15,149240,1814089,72.71,-0.018959617612206547
TCS,EQ,2022-04-08,3684.15,3690.0,3705.0,3642.5,3690.05,3685.65,3677.34,2296773,8446026504.2,134082,1503584,65.47,0.0004071495460282737
TCS,EQ,2022-04-11,3685.65,3690.0,3712.35,3656.1,3699.0,3696.4,3690.42,2291660,8457191677.85,171882,1175930,51.31,0.0029167175396469514
TCS,EQ,2022-04-12,3696.4,3683.0,3739.0,3648.35,3686.0,3691.1,3706.35,4483476,16617340654.7,254563,1662462,37.08,-0.0014338275078454865
TCS,EQ,2022-04-13,3691.1,3707.0,3709.85,3655.55,3664.95,3661.95,3673.55,1621672,5957287429.65,103822,871209,53.72,-0.00789737476632979
TCS,EQ,2022-04-18,3661.95,3610.0,3610.0,3522.5,3531.8,3528.05,3548.77,3820792,13559130603.8,324929,2676562,70.05,-0.03656521798495327
TCS,EQ,2022-04-19,3528.05,3550.0,3563.55,3439.15,3462.0,3471.9,3508.54,3170014,11122129456.75,208443,2190202,69.09,-0.015915307322742045
TCS,EQ,2022-04-20,3471.9,3500.0,3569.15,3480.0,3558.0,3556.8,3546.74,2640370,9364702419.1,185024,1703183,64.51,0.024453469281949358
TCS,EQ,2022-04-21,3556.8,3580.0,3644.0,3567.4,3621.0,3628.65,3619.23,2280996,8255439639.1,136751,1468817,64.39,0.020200742240215952
TCS,EQ,2022-04-22,3628.65,3581.1,3617.0,3571.5,3613.0,3612.55,3602.06,1581465,5696536818.6,93552,992489,62.76,-0.004436911799153953
TCS,EQ,2022-04-25,3612.55,3558.0,3584.0,3533.1,3546.05,3548.2,3557.8,1960694,6975753255.7,146368,1249532,63.73,-0.017812902243567685
TCS,EQ,2022-04-26,3548.2,3575.15,3587.9,3518.15,3544.0,3546.3,3550.67,1943469,6900626735.65,139910,1223001,62.93,-0.0005354827800010398
TCS,EQ,2022-04-27,3546.3,3546.0,3568.45,3506.3,3560.0,3561.2,3540.41,1727648,6116579202.75,111612,1068875,61.87,0.004201562191579855
TCS,EQ,2022-04-28,3561.2,3588.0,3604.4,3538.05,3580.0,3584.3,3574.03,1703660,6088933925.5,122574,1117294,65.58,0.006486577558126649
TCS,EQ,2022-04-29,3584.3,3597.0,3623.25,3536.85,3548.0,3546.7,3576.78,2051115,7336393454.55,107015,1349216,65.78,-0.010490193343191234
TCS,EQ,2022-05-02,3546.7,3519.9,3547.95,3492.75,3538.7,3542.4,3520.91,1324161,4662247237.85,118662,837858,63.27,-0.0012123946203512759
TCS,EQ,2022-05-04,3542.4,3538.5,3545.45,3465.3,3483.8,3479.75,3511.35,2305825,8096556485.0,174763,1533599,66.51,-0.017685749774164483
TCS,EQ,2022-05-05,3479.75,3512.1,3533.0,3485.35,3508.75,3513.4,3511.1,1612262,5660812779.4,93993,994905,61.71,0.009670234930670318
TCS,EQ,2022-05-06,3513.4,3459.0,3474.5,3424.5,3443.15,3432.6,3444.54,2010812,6926321262.7,184661,1157843,57.58,-0.022997666078442558
TCS,EQ,2022-05-09,3432.6,3398.0,3456.0,3346.85,3445.05,3445.1,3410.95,2481830,8465389113.2,163369,1520203,61.25,0.0036415545067878252
TCS,EQ,2022-05-10,3445.1,3434.0,3464.8,3422.0,3439.5,3438.75,3448.48,1622685,5595800071.9,145050,1116707,68.82,-0.0018431975849757531
TCS,EQ,2022-05-11,3438.75,3435.0,3448.45,3382.15,3422.25,3412.0,3411.67,1841769,6283511939.4,144928,1066170,57.89,-0.007778989458378738
TCS,EQ,2022-05-12,3412.0,3378.0,3449.7,3350.1,3413.25,3408.65,3415.9,2807195,9589106457.9,194805,1630791,58.09,-0.000981828839390353
TCS,EQ,2022-05-13,3408.65,3435.0,3439.9,3382.15,3409.0,3414.9,3409.83,2187823,7460096134.45,148468,1326058,60.61,0.0018335704751146764
TCS,EQ,2022-05-16,3414.9,3415.0,3430.0,3366.6,3385.0,3376.8,3399.01,1195813,4064578939.8,84979,698049,58.37,-0.011156988491610287
TCS,EQ,2022-05-17,3376.8,3370.0,3467.0,3350.4,3466.75,3451.6,3410.54,1754076,5982349029.05,126169,1022602,58.3,0.02215114901682047
TCS,EQ,2022-05-18,3451.6,3465.0,3495.0,3443.05,3455.0,3448.8,3467.64,1866781,6473331671.2,114108,1166592,62.49,-0.0008112179858615898
TCS,EQ,2022-05-19,3448.8,3397.0,3405.0,3230.0,3271.9,3261.95,3300.3,4642963,15323179100.3,377211,2952123,63.58,-0.054178264903734785
TCS,EQ,2022-05-20,3261.95,3310.0,3313.9,3270.05,3299.0,3293.0,3291.06,3065125,10087497473.5,157647,1971441,64.32,0.009518846088995891
TCS,EQ,2022-05-23,3293.0,3304.8,3338.9,3267.0,3317.1,3321.75,3310.62,2293690,7593529392.3,139905,1387824,60.51,0.008730640753112695
TCS,EQ,2022-05-24,3321.75,3315.15,3324.85,3275.6,3291.9,3288.0,3295.55,1711510,5640372449.0,113563,1040626,60.8,-0.01016030706705806
TCS,EQ,2022-05-25,3288.0,3292.85,3292.85,3154.05,3165.25,3167.65,3195.48,3548046,11337725211.9,234787,2233846,62.96,-0.03660279805352795
TCS,EQ,2022-05-26,3167.65,3191.0,3241.5,3180.55,3229.95,3226.95,3203.65,2813186,9012456721.45,180988,1819586,64.68,0.01872050258077751
TCS,EQ,2022-05-27,3226.95,3253.2,3278.9,3229.2,3266.7,3261.3,3254.66,3103153,10099703415.15,180755,2076287,66.91,0.01064472644447556
TCS,EQ,2022-05-30,3261.3,3297.0,3386.6,3286.35,3380.4,3375.25,3357.16,2094624,7031980224.75,157476,1253589,59.85,0.03494005457946203
TCS,EQ,2022-05-31,3375.25,3354.15,3383.4,3325.0,3365.0,3364.35,3361.72,4840965,16273981442.25,121044,3642745,75.25,-0.0032293904155248354
TCS,EQ,2022-06-01,3364.35,3388.0,3388.0,3340.05,3359.15,3355.2,3361.69,1493835,5021809191.8,104290,989283,66.22,-0.0027196932542690178
TCS,EQ,2022-06-02,3355.2,3355.0,3432.0,3346.3,3425.0,3423.0,3406.45,2657939,9054131663.7,136202,1563997,58.84,0.020207439198855592
TCS,EQ,2022-06-03,3423.0,3459.4,3477.3,3431.2,3439.5,3440.15,3461.63,1913622,6624247294.0,100866,1116753,58.36,0.005010224948875264
TCS,EQ,2022-06-06,3440.15,3418.0,3453.0,3377.15,3432.95,3430.95,3418.11,1084210,3705944242.6,73792,538450,49.66,-0.0026743019926457334
TCS,EQ,2022-06-07,3430.95,3401.05,3418.85,3356.0,3360.0,3362.7,3375.14,2308256,7790697239.05,97752,1498669,64.93,-0.019892449613080898
TCS,EQ,2022-06-08,3362.7,3380.15,3413.95,3346.5,3390.4,3404.15,3380.99,2185707,7389860340.55,108659,1330224,60.86,0.01232640437743493
TCS,EQ,2022-06-09,3404.15,3385.0,3437.0,3353.1,3434.1,3427.1,3407.19,1279197,4358469058.0,93783,696532,54.45,0.006741771073542457
TCS,EQ,2022-06-10,3427.1,3382.0,3393.0,3352.0,3357.75,3359.9,3368.98,1527582,5146399355.65,104326,993710,65.05,-0.019608415278223545
TCS,EQ,2022-06-13,3359.9,3290.0,3293.0,3192.45,3224.0,3219.6,3232.62,3030921,9797812416.85,205631,2138257,70.55,-0.04175719515461773
TCS,EQ,2022-06-14,3219.6,3190.0,3238.9,3174.7,3215.0,3210.55,3217.07,2611493,8401363540.45,124729,1741127,66.67,-0.002810908187352412
TCS,EQ,2022-06-15,3210.55,3218.5,3234.0,3201.0,3205.0,3206.3,3216.29,1404536,4517400463.55,70725,825277,58.76,-0.0013237607263553164
TCS,EQ,2022-06-16,3206.3,3240.0,3244.85,3133.05,3144.5,3142.0,3183.97,2032028,6469922975.25,130733,1207357,59.42,-0.020054268159560906
TCS,EQ,2022-06-17,3142.0,3092.0,3118.75,3023.85,3104.0,3088.9,3070.68,5240434,16091675326.95,251011,2845988,54.31,-0.016900063653723763
TCS,EQ,2022-06-20,3088.9,3094.0,3138.75,3069.0,3134.95,3112.4,3107.87,1502769,4670409474.1,115135,640878,42.65,0.007607886302567257
TCS,EQ,2022-06-21,3112.4,3130.0,3237.75,3125.4,3215.0,3211.95,3199.94,2964461,9486098258.85,128742,1747330,58.94,0.03198496337231704
TCS,EQ,2022-06-22,3211.95,3199.9,3250.55,3183.0,3225.3,3222.95,3220.58,3336315,10744867621.7,156829,2075091,62.2,0.003424710845436607
TCS,EQ,2022-06-23,3222.95,3222.95,3318.0,3222.95,3312.95,3308.8,3278.6,3692578,12106470991.25,185416,2472506,66.96,0.02663708714066315
TCS,EQ,2022-06-24,3308.8,3339.0,3345.0,3277.5,3295.05,3293.1,3301.37,2132118,7038903961.45,138562,1204459,56.49,-0.004744922630561033
TCS,EQ,2022-06-27,3293.1,3350.0,3362.9,3306.5,3314.0,3314.7,3332.08,2037686,6789735530.1,97090,1223301,60.03,0.0065591691719049106
TCS,EQ,2022-06-28,3314.7,3307.0,3330.0,3272.6,3318.15,3318.15,3303.05,1400046,4624422760.5,84893,763205,54.51,0.0010408181735903632
TCS,EQ,2022-06-29,3318.15,3271.0,3333.0,3271.0,3287.0,3290.5,3305.83,2133994,7054630628.2,107778,1270605,59.54,-0.008332956617392195
TCS,EQ,2022-06-30,3290.5,3272.0,3310.9,3255.0,3264.5,3267.1,3277.18,2719603,8912636836.55,162335,1691349,62.19,-0.007111381249050308
TCS,EQ,2022-07-01,3267.1,3260.0,3333.0,3252.05,3331.0,3315.1,3280.6,1502879,4930350507.75,112046,940958,62.61,0.014691928621713535
TCS,EQ,2022-07-04,3315.1,3312.0,3317.95,3225.05,3234.7,3235.05,3253.31,2622535,8531914981.1,141398,1700576,64.84,-0.02414708455250214
TCS,EQ,2022-07-05,3235.05,3255.0,3272.0,3206.95,3218.0,3216.3,3242.04,2170627,7037266407.55,112716,1260668,58.08,-0.005795891871841263
TCS,EQ,2022-07-06,3216.3,3218.5,3268.5,3202.25,3265.0,3260.75,3241.31,2182144,7072998934.05,133193,1290203,59.13,0.013820228212542363
TCS,EQ,2022-07-07,3260.75,3271.0,3319.4,3265.05,3294.0,3287.85,3297.43,1989921,6561634408.95,134817,1059067,53.22,0.00831097140228465
TCS,EQ,2022-07-08,3287.85,3300.0,3305.0,3250.0,3266.0,3265.45,3276.37,2136916,7001326022.15,124842,1169844,54.74,-0.00681296287847688
TCS,EQ,2022-07-11,3265.45,3206.15,3225.0,3106.0,3112.0,3113.8,3129.6,6974600,21827698062.7,380075,3636712,52.14,-0.04644076620373905
TCS,EQ,2022-07-12,3113.8,3114.9,3136.2,3080.25,3084.5,3084.7,3107.29,3734815,11605153006.95,205086,2079781,55.69,-0.00934549425139708
TCS,EQ,2022-07-13,3084.7,3104.0,3110.0,3035.0,3040.5,3038.75,3062.02,3863530,11830187593.45,235688,2508061,64.92,-0.014896100106979504
TCS,EQ,2022-07-14,3038.75,3056.0,3057.0,2967.0,3003.0,2998.75,3005.59,4764908,14321341706.55,300086,2817124,59.12,-0.013163307280954384
TCS,EQ,2022-07-15,2998.75,3018.55,3028.9,2953.0,2998.5,2994.6,2989.48,4574806,13676285883.25,214162,2862510,62.57,-0.0013839099624843865
TCS,EQ,2022-07-18,2994.6,3023.0,3076.95,3014.3,3065.9,3063.5,3054.22,3202795,9782050619.95,188515,1699159,53.05,0.023008081212849918
TCS,EQ,2022-07-19,3063.5,3030.05,3078.95,3030.05,3076.0,3074.25,3064.79,1865074,5716058996.4,114155,989715,53.07,0.0035090582666883474
TCS,EQ,2022-07-20,3074.25,3107.8,3171.95,3098.05,3161.0,3164.8,3143.09,3402251,10693565035.15,181848,2098351,61.68,0.029454338456534224
TCS,EQ,2022-07-21,3164.8,3167.0,3184.0,3144.05,3178.95,3177.3,3170.4,2420640,7674387202.5,133492,1285640,53.11,0.003949696663296365
TCS,EQ,2022-07-22,3177.3,3185.0,3197.0,3143.5,3171.15,3171.0,3166.46,2075886,6573218210.8,111772,1190020,57.33,-0.00198281559814939
TCS,EQ,2022-07-25,3171.0,3165.0,3186.45,3149.1,3165.0,3166.75,3166.57,1797504,5691923031.8,100813,1068651,59.45,-0.0013402712078208756
TCS,EQ,2022-07-26,3166.75,3164.7,3168.9,3096.5,3118.0,3115.9,3123.14,2639367,8243104172.25,123369,1592860,60.35,-0.01605747217178488
TCS,EQ,2022-07-27,3115.9,3115.0,3194.1,3110.0,3188.0,3188.85,3158.21,1389808,4389301769.2,91855,763038,54.9,0.023412176257260997
TCS,EQ,2022-07-28,3188.85,3216.0,3264.0,3201.65,3262.0,3260.5,3242.1,2106333,6828945291.1,148541,1021359,48.49,0.022468915126142575
TCS,EQ,2022-07-29,3260.5,3290.0,3317.3,3275.0,3302.0,3301.9,3296.55,2430257,8011473474.95,114501,1424468,58.61,0.012697439043091618
TCS,EQ,2022-08-01,3301.9,3327.0,3327.0,3271.0,3298.65,3298.8,3296.68,1306913,4308478419.3,116856,692180,52.96,-0.0009388533874435945
TCS,EQ,2022-08-02,3298.8,3290.0,3312.9,3271.65,3284.0,3291.8,3289.68,1269114,4174984483.8,93507,656936,51.76,-0.002121983751667278
TCS,EQ,2022-08-03,3291.8,3280.0,3349.0,3277.05,3337.0,3339.5,3321.55,2895824,9618626910.4,156174,1538246,53.12,0.014490552281426483
TCS,EQ,2022-08-04,3339.5,3350.0,3387.9,3307.35,3355.0,3354.95,3349.96,2150567,7204319593.95,152934,1027973,47.8,0.004626441083994459
TCS,EQ,2022-08-05,3354.95,3361.2,3377.0,3355.0,3363.8,3365.05,3365.23,1106933,3725084734.5,75240,628702,56.8,0.003010477056289984
TCS,EQ,2022-08-08,3365.05,3365.0,3378.9,3336.0,3375.85,3374.45,3363.48,1068836,3595004758.3,82770,674222,63.08,0.002793420602962726
TCS,EQ,2022-08-10,3374.45,3385.0,3385.0,3335.0,3351.8,3354.25,3350.01,1878359,6292520966.9,125360,1337988,71.23,-0.0059861607076707735
TCS,EQ,2022-08-11,3354.25,3400.0,3428.7,3375.05,3417.0,3422.5,3413.08,1449248,4946406504.85,122934,776232,53.56,0.020347320563464333
TCS,EQ,2022-08-12,3422.5,3419.0,3419.0,3381.25,3402.0,3401.55,3397.98,1472354,5003036073.45,75873,922101,62.63,-0.006121256391526608
TCS,EQ,2022-08-16,3401.55,3411.0,3414.85,3387.5,3391.8,3392.7,3398.38,839942,2854442797.65,53268,475910,56.66,-0.00260175508224203
TCS,EQ,2022-08-17,3392.7,3385.1,3417.95,3371.1,3393.35,3401.1,3402.12,1622326,5519350289.2,98890,941635,58.04,0.002475904147139385
TCS,EQ,2022-08-18,3401.1,3390.0,3392.0,3362.0,3381.0,3381.25,3375.17,1430659,4828722795.6,84565,903095,63.12,-0.005836347064185121
TCS,EQ,2022-08-19,3381.25,3387.0,3421.5,3371.25,3386.95,3385.75,3393.88,1398410,4746031534.2,79927,703549,50.31,0.0013308687615527504
TCS,EQ,2022-08-22,3385.75,3365.0,3384.1,3347.4,3354.0,3354.55,3363.18,1536532,5167628743.6,106447,1105238,71.93,-0.009215092667798852
TCS,EQ,2022-08-23,3354.55,3319.95,3341.9,3270.0,3301.15,3284.6,3297.88,1849256,6098625602.1,164215,1011973,54.72,-0.020852275267919773
TCS,EQ,2022-08-24,3284.6,3292.0,3308.0,3250.2,3254.1,3255.35,3261.82,1691923,5518743574.25,122084,995741,58.85,-0.008905193935334621
TCS,EQ,2022-08-25,3255.35,3276.0,3278.15,3214.75,3218.0,3218.2,3240.2,1946930,6308445527.35,139860,1217432,62.53,-0.011411983350484656
TCS,EQ,2022-08-26,3218.2,3234.3,3257.0,3216.8,3223.95,3222.2,3237.48,1457962,4720129748.6,100672,840396,57.64,0.0012429308308992137
TCS,EQ,2022-08-29,3222.2,3125.0,3142.7,3081.0,3139.85,3132.55,3122.43,2539173,7928396114.25,218828,1546883,60.92,-0.02782260567314243
TCS,EQ,2022-08-30,3132.55,3155.0,3226.5,3142.1,3210.0,3211.15,3191.87,3431525,10952979383.2,123249,2145710,62.53,0.025091379227785593
TCS,EQ,2022-09-01,3211.15,3190.0,3190.0,3121.0,3136.0,3131.7,3138.65,3546935,11132600019.55,262677,2222198,62.65,-0.024741914890304195
TCS,EQ,2022-09-02,3131.7,3163.0,3163.0,3120.3,3127.4,3130.4,3136.35,2052900,6438622874.7,135641,1283634,62.53,-0.0004151100041510647
TCS,EQ,2022-09-05,3130.4,3123.65,3147.95,3112.25,3140.0,3133.4,3135.2,2147912,6734130929.55,108628,1483879,69.08,0.0009583439815998851
TCS,EQ,2022-09-06,3133.4,3135.5,3140.85,3106.35,3127.0,3127.05,3123.4,1936453,6048310102.4,130549,1251306,64.62,-0.002026552626539835
TCS,EQ,2022-09-07,3127.05,3102.0,3161.9,3102.0,3153.0,3149.6,3135.29,1291534,4049333272.55,89078,555995,43.05,0.007211269407268794
TCS,EQ,2022-09-08,3149.6,3170.0,3183.5,3160.1,3164.4,3169.65,3169.6,1346113,4266640131.55,68717,795911,59.13,0.006365887731775599
TCS,EQ,2022-09-09,3169.65,3195.0,3233.5,3168.5,3220.0,3217.65,3201.3,1561185,4997828185.6,103256,728411,46.66,0.01514362784534562
TCS,EQ,2022-09-12,3217.65,3239.9,3269.8,3225.0,3238.0,3242.95,3251.63,1785928,5807179274.5,117081,979563,54.85,0.007862881295355173
TCS,EQ,2022-09-13,3242.95,3263.45,3263.45,3225.0,3233.0,3229.35,3237.09,1972678,6385743761.1,116114,1409613,71.46,-0.004193712514839909
TCS,EQ,2022-09-14,3229.35,3135.0,3141.4,3113.8,3125.0,3120.4,3124.97,5090269,15906935573.95,292423,2993544,58.81,-0.03373743942279406
TCS,EQ,2022-09-15,3120.4,3130.0,3137.75,3100.0,3105.5,3104.35,3111.64,2138023,6652758362.25,154835,1330626,62.24,-0.005143571337008157
TCS,EQ,2022-09-16,3104.35,3076.0,3094.35,3000.0,3015.8,3008.7,3027.2,5322221,16111401562.7,347665,3527573,66.28,-0.030811603073107152
TCS,EQ,2022-09-19,3008.7,3036.0,3042.0,2987.8,3027.95,3028.8,3024.49,2072220,6267402983.35,151579,1163039,56.13,0.006680626184066396
TCS,EQ,2022-09-20,3028.8,3050.0,3079.95,3030.0,3033.0,3040.3,3059.63,1544295,4724964009.65,123732,818645,53.01,0.0037968832540939967
TCS,EQ,2022-09-21,3040.3,3028.0,3041.4,2998.15,3001.9,3001.2,3011.58,2253818,6787559960.1,201995,1590408,70.57,-0.012860572969772832
TCS,EQ,2022-09-22,3001.2,2990.0,3029.95,2979.3,3008.5,3007.4,3010.71,2017983,6075562180.05,137752,1200581,59.49,0.002065840330534474
TCS,EQ,2022-09-23,3007.4,3004.0,3022.5,2979.0,2986.65,2982.05,3001.09,2652374,7960014548.9,187233,1650283,62.22,-0.008429207953714157
TCS,EQ,2022-09-26,2982.05,2959.85,3025.85,2926.1,3000.0,2994.4,2977.75,2925489,8711383905.8,167767,1748393,59.76,0.004141446320484299
TCS,EQ,2022-09-27,2994.4,3009.4,3025.0,2976.0,3024.4,3017.45,3005.33,2227447,6694221179.95,131328,1369166,61.47,0.007697702377771787
TCS,EQ,2022-09-28,3017.45,2980.0,3049.95,2980.0,3028.35,3035.65,3028.75,2739767,8298067346.75,151305,1836022,67.01,0.006031582959121096
TCS,EQ,2022-09-29,3035.65,3054.0,3055.85,2990.0,3010.0,2997.3,3009.23,2493902,7504729874.7,133642,1617742,64.87,-0.012633208703243137
TCS,EQ,2022-09-30,2997.3,2990.85,3019.7,2950.1,3007.45,3004.55,2983.2,2817353,8404726255.55,171103,1650781,58.59,0.002418843625930034
TCS,EQ,2022-10-03,3004.55,2995.0,3020.7,2974.0,2988.0,2984.95,2994.74,1763331,5280709075.05,107448,1030275,58.43,-0.006523439450167312
TCS,EQ,2022-10-04,2984.95,3029.95,3098.0,3023.0,3097.0,3091.15,3072.95,2145875,6594168772.85,124233,1076883,50.18,0.03557848540176556
TCS,EQ,2022-10-06,3091.15,3111.0,3124.0,3092.45,3093.0,3101.95,3107.06,1790816,5564164291.95,119572,1104816,61.69,0.003493845332643186
TCS,EQ,2022-10-07,3101.95,3097.4,3105.0,3058.1,3068.0,3064.9,3074.46,1939879,5964085468.65,103889,1170494,60.34,-0.011944099679233933
TCS,EQ,2022-10-10,3064.9,3010.0,3127.0,3005.0,3124.0,3118.55,3093.78,3064063,9479526762.85,166518,1184324,38.65,0.017504649417599216
TCS,EQ,2022-10-11,3118.55,3100.0,3145.0,3053.35,3064.0,3069.55,3093.36,4730645,14633572937.3,236043,1381250,29.2,-0.01571243045646209
TCS,EQ,2022-10-12,3069.55,3084.9,3109.9,3062.05,3099.0,3100.75,3094.12,1665247,5152468426.6,103190,723677,43.46,0.010164356338876912
TCS,EQ,2022-10-13,3100.75,3100.75,3110.0,3052.35,3100.0,3103.3,3082.55,2054781,6333960811.45,104137,1129490,54.97,0.0008223816818511143
TCS,EQ,2022-10-14,3103.3,3145.0,3150.0,3071.0,3101.0,3099.15,3116.51,2245977,6999611483.4,118456,1086310,48.37,-0.0013372861147811221
TCS,EQ,2022-10-17,3099.15,3072.65,3128.4,3071.45,3110.0,3111.75,3107.1,1517005,4713487675.95,100859,809347,53.35,0.004065630898794748
TCS,EQ,2022-10-18,3111.75,3150.0,3155.35,3128.55,3137.0,3144.7,3143.06,1793722,5637773526.75,94404,1137170,63.4,0.010588896922953284
TCS,EQ,2022-10-19,3144.7,3159.0,3159.0,3112.0,3117.3,3121.85,3129.01,1194289,3736938204.0,72626,640341,53.62,-0.007266193913568864
TCS,EQ,2022-10-20,3121.85,3105.0,3160.0,3105.0,3157.95,3157.3,3144.51,1587601,4992227693.1,94048,929125,58.52,0.011355446289860183
TCS,EQ,2022-10-21,3157.3,3157.8,3160.4,3127.0,3137.3,3137.4,3141.55,1021913,3210389407.3,45961,539414,52.78,-0.0063028537041143196
TCS,EQ,2022-10-24,3137.4,3170.1,3178.0,3155.0,3155.0,3161.7,3166.78,260949,826368581.35,25561,147148,56.39,0.007745266781411297
TCS,EQ,2022-10-25,3161.7,3180.5,3184.25,3151.15,3160.15,3162.1,3166.2,2069643,6552904042.3,99745,1453555,70.23,0.00012651421703524512
TCS,EQ,2022-10-27,3162.1,3160.7,3174.0,3134.35,3162.05,3157.4,3161.23,2438421,7708420716.55,130001,1750099,71.77,-0.001486354005249657
TCS,EQ,2022-10-28,3157.4,3150.0,3178.5,3145.0,3161.1,3163.25,3164.3,1355739,4289958377.35,71311,988134,72.89,0.0018527902704756904
TCS,EQ,2022-10-31,3163.25,3199.0,3199.0,3177.8,3180.25,3193.15,3191.67,1919414,6126138001.2,94303,1357025,70.7,0.009452303801469997
TCS,EQ,2022-11-01,3193.15,3214.5,3262.6,3203.45,3259.0,3259.7,3241.57,2991060,9695742087.9,149009,1977185,66.1,0.020841488811988107
TCS,EQ,2022-11-02,3259.7,3270.0,3270.0,3222.05,3239.0,3241.7,3240.22,1405955,4555596591.55,94898,970651,69.04,-0.005521980550357353
TCS,EQ,2022-11-03,3241.7,3228.05,3228.05,3195.0,3207.0,3206.75,3206.14,1422652,4561227424.65,84814,868245,61.03,-0.010781380140049923
TCS,EQ,2022-11-04,3206.75,3217.0,3220.05,3166.15,3220.0,3217.4,3192.04,1464013,4673187843.45,72621,841065,57.45,0.003321119513526094
TCS,EQ,2022-11-07,3217.4,3229.0,3242.8,3195.1,3230.8,3233.7,3222.99,1474498,4752289070.25,119792,962738,65.29,0.005066202523776875
TCS,EQ,2022-11-09,3233.7,3249.8,3249.8,3201.65,3210.0,3216.05,3223.43,1162267,3746480719.5,76155,703211,60.5,-0.0054581439218232
TCS,EQ,2022-11-10,3216.05,3170.0,3225.0,3170.0,3205.0,3205.65,3208.21,1573092,5046813082.0,107924,955330,60.73,-0.00323378056933199
TCS,EQ,2022-11-11,3205.65,3269.6,3341.6,3255.05,3315.0,3315.95,3315.61,3265394,10826779196.3,196708,2031567,62.22,0.03440799837786401
TCS,EQ,2022-11-14,3315.95,3324.0,3349.0,3309.0,3332.0,3335.5,3332.83,1342074,4472908370.8,95353,774220,57.69,0.005895746317043482
TCS,EQ,2022-11-15,3335.5,3321.0,3339.95,3292.0,3338.9,3332.6,3313.99,1400708,4641936509.75,83190,791681,56.52,-0.0008694348673362606
TCS,EQ,2022-11-16,3332.6,3338.9,3367.9,3321.45,3360.0,3355.35,3353.2,1748235,5862175997.55,103674,900930,51.53,0.006826501830402787
TCS,EQ,2022-11-17,3355.35,3340.0,3360.0,3317.75,3342.2,3349.0,3342.56,1417986,4739701185.9,88776,834384,58.84,-0.0018925000372539413
TCS,EQ,2022-11-18,3349.0,3350.0,3362.75,3321.0,3343.5,3343.45,3340.88,1164540,3890590266.85,76531,661585,56.81,-0.001657211107793377
TCS,EQ,2022-11-21,3343.45,3322.5,3333.7,3273.0,3282.8,3283.5,3295.97,1304194,4298580759.95,84298,816050,62.57,-0.017930580687612996
TCS,EQ,2022-11-22,3283.5,3280.0,3318.95,3255.25,3311.0,3314.95,3287.74,1149739,3780048017.15,70513,636953,55.4,0.009578194000304574
TCS,EQ,2022-11-23,3314.95,3330.0,3330.0,3291.0,3306.0,3308.3,3309.1,1150011,3805502589.0,66618,636807,55.37,-0.0020060634398707533
TCS,EQ,2022-11-24,3308.3,3316.25,3392.95,3308.3,3383.0,3380.15,3355.29,1296591,4350438250.55,79969,723635,55.81,0.02171810295317833
TCS,EQ,2022-11-25,3380.15,3383.0,3403.35,3348.0,3384.0,3389.65,3374.67,1588981,5362286252.4,100208,840407,52.89,0.0028105261600817055
TCS,EQ,2022-11-28,3389.65,3366.0,3417.0,3365.55,3392.0,3395.25,3395.48,2195437,7454568768.85,112975,1314425,59.87,0.0016520879736845462
TCS,EQ,2022-11-29,3395.25,3383.0,3429.0,3383.0,3390.0,3397.35,3411.59,1576028,5376768884.0,125430,1021300,64.8,0.0006185111552905465
TCS,EQ,2022-11-30,3397.35,3383.0,3414.9,3375.0,3401.0,3390.8,3394.24,3410702,11576734182.2,130194,2501862,73.35,-0.0019279732732864208
TCS,EQ,2022-12-01,3390.8,3425.0,3480.0,3420.0,3473.2,3475.65,3465.56,2180856,7557896562.5,142859,1034714,47.45,0.025023593252329723
TCS,EQ,2022-12-02,3475.65,3458.1,3468.9,3413.0,3437.1,3439.15,3431.97,2411749,8277056081.0,145867,1359185,56.36,-0.010501632788111559
TCS,EQ,2022-12-05,3439.15,3433.0,3439.15,3407.0,3425.0,3425.9,3418.7,1475065,5042803817.7,97290,920179,62.38,-0.0038526961603884136
TCS,EQ,2022-12-06,3425.9,3400.05,3407.95,3368.0,3383.15,3385.35,3382.5,1166999,3947373985.6,107645,608951,52.18,-0.011836305788260115
TCS,EQ,2022-12-07,3385.35,3368.3,3393.7,3354.0,3370.0,3380.6,3373.53,1167505,3938618103.8,69818,593778,50.86,-0.0014031045534435016
TCS,EQ,2022-12-08,3380.6,3360.0,3380.6,3339.45,3355.0,3350.55,3352.36,1285619,4309859984.2,106006,729438,56.74,-0.008888954623439527
TCS,EQ,2022-12-09,3350.55,3374.1,3374.1,3276.35,3290.0,3292.75,3309.46,1797896,5950067690.9,141806,1010701,56.22,-0.01725089910611699
TCS,EQ,2022-12-12,3292.75,3255.5,3296.0,3236.1,3285.0,3286.45,3274.48,1527610,5002132049.6,103407,775011,50.73,-0.0019132943588187068
TCS,EQ,2022-12-13,3286.45,3277.2,3336.45,3267.8,3335.0,3332.1,3310.82,1378016,4562357640.75,73699,743148,53.93,0.013890368026289845
TCS,EQ,2022-12-14,3332.1,3348.8,3377.0,3340.9,3363.0,3365.35,3362.22,1213311,4079413057.25,70963,762006,62.8,0.009978692116082932
TCS,EQ,2022-12-15,3365.35,3358.8,3364.75,3298.95,3303.9,3305.1,3325.6,1415694,4708031740.7,80331,879917,62.15,-0.01790304128842468
TCS,EQ,2022-12-16,3305.1,3275.0,3292.0,3225.2,3235.95,3240.25,3255.07,2703680,8800660965.3,128993,1928864,71.34,-0.01962119149193664
TCS,EQ,2022-12-19,3240.25,3227.0,3245.5,3194.5,3205.25,3202.05,3210.19,2120965,6808707801.7,102305,1549691,73.07,-0.01178921379523179
TCS,EQ,2022-12-20,3202.05,3198.9,3249.0,3163.65,3242.0,3243.95,3211.24,1529971,4913105552.95,104239,669144,43.74,0.01308536718664599
TCS,EQ,2022-12-21,3243.95,3249.0,3283.05,3240.0,3262.25,3268.55,3260.5,1432566,4670887164.8,106805,713178,49.78,0.007583347462198908
TCS,EQ,2022-12-22,3268.55,3294.0,3294.0,3245.1,3255.0,3259.7,3260.93,1384101,4513451540.2,97031,773358,55.87,-0.002707622646127561
TCS,EQ,2022-12-23,3259.7,3217.0,3266.85,3217.0,3231.0,3228.35,3239.4,1360281,4406495701.55,114542,706644,51.95,-0.009617449458539151
TCS,EQ,2022-12-26,3228.35,3228.35,3272.0,3225.05,3254.0,3252.9,3257.13,870157,2834216778.05,73081,433294,49.79,0.0076045038487153604
TCS,EQ,2022-12-27,3252.9,3269.2,3273.8,3231.5,3262.0,3259.5,3251.33,835883,2717728954.7,69823,399272,47.77,0.00202895877524667
TCS,EQ,2022-12-28,3259.5,3249.8,3266.1,3226.0,3258.0,3257.1,3249.31,910795,2959455222.7,72613,475773,52.24,-0.0007363092498849921
TCS,EQ,2022-12-29,3257.1,3231.1,3271.5,3228.0,3271.25,3268.75,3253.85,1037927,3377254033.45,68726,584056,56.27,0.003576801449141964
TCS,EQ,2022-12-30,3268.75,3286.05,3299.0,3246.2,3254.6,3256.7,3277.33,1163131,3811963963.95,66390,665335,57.2,-0.003686424474187433
TCS,EQ,2023-01-02,3256.7,3261.0,3266.85,3235.2,3263.0,3261.45,3254.07,709547,2308912232.4,51003,331817,46.76,0.0014585316424602368
TCS,EQ,2023-01-03,3261.45,3252.0,3320.0,3245.3,3312.0,3311.35,3300.29,1245178,4109451969.85,78401,667103,53.57,0.015299943276763539
TCS,EQ,2023-01-04,3311.35,3306.7,3327.35,3286.2,3313.1,3314.65,3306.45,1231668,4072443029.75,76844,778260,63.19,0.0009965723949447725
TCS,EQ,2023-01-05,3314.65,3330.2,3337.3,3281.95,3302.65,3311.1,3311.44,1826057,6046882556.65,128658,1202559,65.86,-0.0010710029716561875
TCS,EQ,2023-01-06,3311.1,3300.0,3301.55,3200.0,3213.9,3211.55,3239.59,2488376,8061309460.35,177937,1584546,63.68,-0.030065537132674902
TCS,EQ,2023-01-09,3211.55,3229.0,3327.0,3221.15,3309.0,3319.95,3300.31,2885060,9521605532.85,173806,1472534,51.04,0.03375317214429163
TCS,EQ,2023-01-10,3319.95,3285.0,3298.0,3230.1,3283.0,3286.4,3259.17,3864655,12595576966.85,236636,1741399,45.06,-0.010105573879124585
TCS,EQ,2023-01-11,3286.4,3290.1,3349.5,3271.15,3328.0,3328.7,3324.66,2720512,9044771106.4,144583,1305512,47.99,0.01287122687439135
TCS,EQ,2023-01-12,3328.7,3329.0,3350.0,3315.55,3337.55,3334.35,3334.26,2250391,7503381269.75,179303,1525003,67.77,0.0016973593294680178
TCS,EQ,2023-01-13,3334.35,3342.9,3379.0,3305.0,3373.25,3374.55,3352.96,1742837,5843664088.1,107218,870219,49.93,0.012056322821539567
TCS,EQ,2023-01-16,3374.55,3317.0,3353.0,3298.05,3335.0,3334.05,3329.16,1843607,6137668725.0,134180,901765,48.91,-0.01200160021336183
TCS,EQ,2023-01-17,3334.05,3330.0,3381.8,3321.0,3380.9,3378.4,3363.96,1688475,5679961504.85,110473,1114320,66.0,0.013302140039891386
TCS,EQ,2023-01-18,3378.4,3380.0,3408.95,3372.25,3391.0,3390.0,3395.06,2421189,8220093824.8,121397,1836244,75.84,0.003433578025100692
TCS,EQ,2023-01-19,3390.0,3380.0,3387.0,3361.0,3370.0,3373.1,3375.44,1585044,5350223100.95,97108,1136996,71.73,-0.004985250737463143
TCS,EQ,2023-01-20,3373.1,3365.0,3394.65,3355.6,3370.0,3363.1,3374.73,1529349,5161134363.85,89365,1142015,74.67,-0.00296463194094454
TCS,EQ,2023-01-23,3363.1,3388.0,3419.0,3355.6,3409.25,3414.9,3393.67,1067916,3624151502.6,77981,556602,52.12,0.015402456067318937
TCS,EQ,2023-01-24,3414.9,3425.0,3451.95,3417.3,3432.1,3436.3,3434.72,1387863,4766925961.05,100270,839699,60.5,0.006266654953293038
TCS,EQ,2023-01-25,3436.3,3425.3,3435.0,3405.0,3432.1,3429.75,3423.45,874110,2992469996.45,73515,496771,56.83,-0.0019061199546024366
TCS,EQ,2023-01-27,3429.75,3426.0,3446.0,3382.3,3410.0,3411.05,3415.95,1785879,6100466647.25,138824,1136348,63.63,-0.005452292441139983
TCS,EQ,2023-01-30,3411.05,3420.0,3458.45,3385.55,3432.0,3433.65,3423.78,1953798,6689383780.35,154180,1262724,64.63,0.00662552586446985
TCS,EQ,2023-01-31,3433.65,3449.0,3449.0,3351.0,3358.5,3358.7,3371.06,2820375,9507642423.25,184017,1914024,67.86,-0.021828083817512
TCS,EQ,2023-02-01,3358.7,3363.0,3419.0,3355.0,3398.0,3408.35,3383.69,2205161,7461580946.75,133318,1384239,62.77,0.014782505135915613
TCS,EQ,2023-02-02,3408.35,3427.0,3469.0,3420.1,3461.0,3460.4,3449.08,1813847,6256103714.75,144428,1063804,58.65,0.015271318966655567
TCS,EQ,2023-02-03,3460.4,3504.0,3504.0,3452.9,3475.0,3482.3,3483.2,1804469,6285334518.4,177332,1093996,60.63,0.006328748121604555
TCS,EQ,2023-02-06,3482.3,3473.15,3473.15,3436.85,3464.9,3459.95,3457.05,1138714,3936596844.85,104578,717114,62.98,-0.00641817189788374
TCS,EQ,2023-02-07,3459.95,3468.9,3493.0,3461.4,3467.0,3472.55,3478.55,1455647,5063543516.1,76997,917470,63.03,0.003641671122415202
TCS,EQ,2023-02-08,3472.55,3478.05,3539.9,3478.05,3520.0,3520.1,3525.1,1986946,7004180343.6,131473,1144916,57.62,0.013693107370664093
TCS,EQ,2023-02-09,3520.1,3515.0,3547.6,3505.3,3543.95,3540.85,3534.02,1655427,5850314027.3,109544,1124204,67.91,0.005894718900031348
TCS,EQ,2023-02-10,3540.85,3520.0,3542.35,3508.15,3528.15,3537.55,3530.08,1187821,4193101279.6,84631,832143,70.06,-0.0009319796094157118
TCS,EQ,2023-02-13,3537.55,3549.0,3549.0,3473.4,3484.0,3482.4,3493.53,1087939,3800742542.7,77431,568311,52.24,-0.015589885655326485
TCS,EQ,2023-02-14,3482.4,3505.0,3524.85,3495.0,3500.0,3500.1,3511.8,1579818,5548005902.75,103413,944222,59.77,0.0050827015851135915
TCS,EQ,2023-02-15,3500.1,3487.0,3526.0,3460.15,3523.95,3520.65,3496.1,1429449,4997503619.8,76223,894097,62.55,0.0058712608211195505
TCS,EQ,2023-02-16,3520.65,3527.2,3575.0,3527.0,3550.0,3558.05,3559.64,1618931,5762816021.75,110390,1027584,63.47,0.010623038359393933
TCS,EQ,2023-02-17,3558.05,3526.15,3538.9,3490.0,3499.2,3501.15,3514.92,1061369,3730623740.0,90867,621928,58.6,-0.01599190567867237
TCS,EQ,2023-02-20,3501.15,3502.0,3522.0,3475.05,3492.0,3487.3,3492.93,1296082,4527127582.25,79179,834881,64.42,-0.00395584308013075
TCS,EQ,2023-02-21,3487.3,3494.0,3508.9,3444.75,3451.0,3451.0,3473.05,1139541,3957687705.45,77929,713436,62.61,-0.010409199093854848
TCS,EQ,2023-02-22,3451.0,3414.95,3447.0,3395.0,3410.0,3401.55,3416.58,1218430,4162858172.0,104357,742649,60.95,-0.014329179947841109
TCS,EQ,2023-02-23,3401.55,3421.0,3452.4,3408.0,3412.9,3413.8,3428.53,1441570,4942464245.25,135484,873671,60.61,0.003601299407623104
TCS,EQ,2023-02-24,3413.8,3422.5,3433.95,3382.3,3390.0,3400.45,3410.96,977592,3334525092.15,79457,633081,64.76,-0.003910598160407841
TCS,EQ,2023-02-27,3400.45,3390.0,3390.0,3316.0,3335.0,3331.85,3336.69,1128022,3763860179.9,88957,599470,53.14,-0.020173800526400942
TCS,EQ,2023-02-28,3331.85,3328.5,3392.0,3299.9,3328.6,3312.85,3325.11,4116217,13686879251.55,147643,2546257,61.86,-0.005702537629244997
TCS,EQ,2023-03-01,3312.85,3323.0,3389.0,3315.0,3386.45,3385.7,3367.54,1669307,5621465689.9,105561,1064394,63.76,0.021990129344823917
TCS,EQ,2023-03-02,3385.7,3361.0,3369.9,3318.0,3324.0,3321.45,3331.05,1556538,5184899943.55,112065,1005537,64.6,-0.01897687332014064
TCS,EQ,2023-03-03,3321.45,3354.0,3358.0,3331.1,3340.0,3342.15,3345.34,1043190,3489822005.55,89004,655070,62.79,0.006232217856659172
TCS,EQ,2023-03-06,3342.15,3361.9,3404.95,3359.0,3377.95,3371.85,3381.71,1334132,4511650997.55,119719,853015,63.94,0.00888649522014262
TCS,EQ,2023-03-08,3371.85,3364.0,3396.0,3330.85,3390.05,3390.4,3369.8,1844590,6215892592.95,129008,1130190,61.27,0.005501430965197285
TCS,EQ,2023-03-09,3390.4,3385.0,3385.0,3330.85,3333.0,3336.85,3354.42,1648500,5529757339.95,108315,1176457,71.37,-0.015794596507786696
TCS,EQ,2023-03-10,3336.85,3312.9,3337.25,3290.0,3335.85,3331.0,3318.6,1024404,3399583381.8,99387,569022,55.55,-0.0017531504263001985
TCS,EQ,2023-03-13,3331.0,3333.0,3369.8,3272.0,3286.25,3281.95,3313.09,1901233,6298947595.45,120533,1182851,62.21,-0.014725307715400815
TCS,EQ,2023-03-14,3281.95,3280.0,3304.4,3209.4,3221.7,3214.95,3244.96,2670334,8665116216.45,151178,1970563,73.79,-0.020414692484650887
TCS,EQ,2023-03-15,3214.95,3250.0,3260.35,3192.0,3199.0,3198.9,3225.94,1780522,5743851297.0,165162,1150169,64.6,-0.004992301591004389
TCS,EQ,2023-03-16,3198.9,3208.0,3219.8,3172.0,3182.0,3185.0,3193.73,1901060,6071480261.75,170243,1312156,69.02,-0.00434524367751421
TCS,EQ,2023-03-17,3185.0,3150.5,3221.4,3144.0,3175.0,3179.3,3178.88,6739966,21425539933.4,285153,4079785,60.53,-0.0017896389324960627
TCS,EQ,2023-03-20,3179.3,3169.65,3169.65,3095.05,3146.0,3143.3,3125.39,2289468,7155478256.1,186340,1291027,56.39,-0.011323247255685231
TCS,EQ,2023-03-21,3143.3,3143.3,3156.75,3097.45,3111.0,3106.1,3117.9,1815297,5659909677.9,116265,1178606,64.93,-0.011834696020106339
TCS,EQ,2023-03-22,3106.1,3130.05,3143.5,3106.1,3129.8,3130.8,3124.38,1123939,3511607192.25,85984,573055,50.99,0.007952094266121534
TCS,EQ,2023-03-23,3130.8,3114.9,3146.35,3101.0,3130.95,3124.65,3128.36,1372218,4292796106.4,94843,798575,58.2,-0.0019643541586815694
TCS,EQ,2023-03-24,3124.65,3148.9,3170.0,3106.0,3110.15,3120.5,3144.39,1329577,4180707274.55,99584,626741,47.14,-0.0013281487526602964
TCS,EQ,2023-03-27,3120.5,3135.0,3152.75,3106.0,3124.0,3122.3,3134.0,1524217,4776889691.9,87684,773815,50.77,0.0005768306361160214
TCS,EQ,2023-03-28,3122.3,3127.0,3149.55,3110.15,3117.0,3115.9,3129.98,1303530,4080026205.95,75814,626155,48.04,-0.0020497710021458726
TCS,EQ,2023-03-29,3115.9,3129.0,3150.0,3104.1,3148.0,3138.9,3125.35,1740616,5440031709.6,113706,1120513,64.37,0.007381494913187181
TCS,EQ,2023-03-31,3138.9,3189.95,3213.0,3152.0,3204.0,3205.9,3189.41,2382581,7599029056.2,124442,1537937,64.55,0.021345057185638172
TCS,EQ,2023-04-03,3205.9,3224.95,3224.95,3173.75,3201.0,3200.0,3191.35,1521830,4856698008.65,142863,1039303,68.29,-0.0018403568420725103
TCS,EQ,2023-04-05,3200.0,3185.5,3264.35,3185.5,3240.0,3239.8,3240.85,2655065,8604670873.15,132453,1352855,50.95,0.012437500000000101
TCS,EQ,2023-04-06,3239.8,3225.0,3257.35,3215.0,3218.9,3220.7,3229.19,1703464,5500806837.65,76885,849892,49.89,-0.005895425643558383
TCS,EQ,2023-04-10,3220.7,3220.0,3272.0,3215.0,3263.0,3263.4,3251.36,2203187,7163363204.95,102711,593622,26.94,0.013257987394044823
TCS,EQ,2023-04-11,3263.4,3264.0,3272.95,3192.15,3205.0,3213.8,3223.89,2348779,7572201705.65,118593,1329657,56.61,-0.015198872341729452
TCS,EQ,2023-04-12,3213.8,3227.95,3260.95,3199.0,3245.5,3241.65,3232.53,2417727,7815384018.7,121292,1146031,47.4,0.008665753936150322
TCS,EQ,2023-04-13,3241.65,3210.0,3230.0,3180.0,3192.0,3188.85,3193.66,4174070,13330566471.8,192421,1661868,39.81,-0.01628800148072751
TCS,EQ,2023-04-17,3188.85,3134.1,3163.4,3070.25,3139.0,3139.5,3111.19,5505048,17127231513.3,254319,3433199,62.36,-0.015475798485347303
TCS,EQ,2023-04-18,3139.5,3154.95,3156.85,3110.6,3130.6,3130.75,3127.6,2617302,8185866833.9,132615,1835935,70.15,-0.00278706800445927
TCS,EQ,2023-04-19,3130.75,3130.75,3140.0,3071.5,3089.0,3089.6,3098.63,3298034,10219387105.8,171133,1360505,41.25,-0.013143815379701329
TCS,EQ,2023-04-20,3089.6,3090.0,3113.0,3078.0,3104.95,3104.8,3094.26,2419999,7488105309.45,121048,1039675,42.96,0.004919730709477044
TCS,EQ,2023-04-21,3104.8,3110.0,3164.45,3100.8,3159.0,3160.85,3135.53,1929184,6049023043.65,98768,1143524,59.28,0.018052692604998644
TCS,EQ,2023-04-24,3160.85,3151.1,3180.95,3126.15,3172.0,3174.8,3151.83,1640676,5171132958.3,97265,1072692,65.38,0.00441336982140883
TCS,EQ,2023-04-25,3174.8,3183.0,3191.2,3147.5,3175.05,3176.0,3176.72,2024090,6429959859.0,88772,1337301,66.07,0.0003779765654527978
TCS,EQ,2023-04-26,3176.0,3181.0,3208.4,3181.0,3196.0,3198.15,3197.96,2000029,6396014873.5,112753,1183102,59.15,0.006974181360201559
TCS,EQ,2023-04-27,3198.15,3185.0,3199.2,3170.65,3188.0,3187.95,3182.88,2434446,7748559406.65,113044,1417950,58.25,-0.003189343839407277
TCS,EQ,2023-04-28,3187.95,3200.4,3227.25,3196.25,3215.0,3219.25,3213.13,2931312,9418688035.6,174975,1931718,65.9,0.00981822174124436
TCS,EQ,2023-05-02,3219.25,3235.0,3235.0,3210.0,3217.0,3219.4,3222.28,2321159,7479433934.75,134310,1565884,67.46,4.659470373535868e-05
TCS,EQ,2023-05-03,3219.4,3216.0,3216.0,3173.15,3180.0,3179.9,3184.78,2468285,7860949808.85,138897,1763171,71.43,-0.01226936696278813
TCS,EQ,2023-05-04,3179.9,3180.15,3224.45,3178.0,3217.0,3220.7,3210.2,1953253,6270328109.65,105190,865756,44.32,0.01283059215698601
TCS,EQ,2023-05-05,3220.7,3220.0,3244.0,3210.05,3227.05,3230.7,3226.43,1710027,5517280324.15,97481,868139,50.77,0.0031049150805726455
TCS,EQ,2023-05-08,3230.7,3245.0,3254.85,3231.3,3250.0,3250.6,3245.43,928235,3012519753.35,75785,557326,60.04,0.006159655802148167
TCS,EQ,2023-05-09,3250.6,3252.6,3298.0,3246.0,3292.0,3283.25,3267.91,1107375,3618799710.35,72883,725239,65.49,0.010044299513935817
TCS,EQ,2023-05-10,3283.25,3290.0,3306.5,3266.05,3280.0,3286.8,3286.72,1559987,5127237024.2,93564,638390,40.92,0.001081245716896495
TCS,EQ,2023-05-11,3286.8,3309.0,3309.7,3272.0,3281.05,3282.15,3293.2,1719623,5663054332.75,124781,543763,31.62,-0.0014147499087258097
TCS,EQ,2023-05-12,3282.15,3279.15,3290.0,3260.0,3277.0,3274.3,3274.1,1027479,3364070116.35,96840,607680,59.14,-0.0023917249363983872
TCS,EQ,2023-05-15,3274.3,3284.0,3292.0,3248.35,3251.5,3255.05,3272.51,1150390,3764661351.0,84958,702154,61.04,-0.005879119201050553
TCS,EQ,2023-05-16,3255.05,3256.2,3285.0,3250.45,3255.95,3258.15,3266.6,986306,3221871014.75,84131,635424,64.42,0.0009523663230979196
TCS,EQ,2023-05-17,3258.15,3255.95,3280.0,3198.25,3209.0,3208.7,3216.79,1588815,5110882505.4,132490,1027065,64.64,-0.015177324555345928
TCS,EQ,2023-05-18,3208.7,3225.95,3228.95,3195.0,3200.0,3199.85,3203.72,1369364,4387053720.55,96133,772031,56.38,-0.0027581263440021875
TCS,EQ,2023-05-19,3199.85,3210.0,3234.5,3203.05,3224.55,3222.85,3219.92,1152449,3710796199.45,74505,670808,58.21,0.0071878369298561395
TCS,EQ,2023-05-22,3222.85,3230.0,3308.45,3217.05,3292.0,3298.7,3272.82,1333243,4363457756.4,116693,749287,56.2,0.023535069891555516
TCS,EQ,2023-05-23,3298.7,3306.0,3327.95,3290.1,3295.0,3297.05,3310.23,1687418,5585748304.9,140257,1191550,70.61,-0.0005001970473215156
TCS,EQ,2023-05-24,3297.05,3276.0,3317.2,3276.0,3303.5,3303.35,3302.83,1016555,3357504888.1,57423,707192,69.57,0.0019107990476334713
TCS,EQ,2023-05-25,3303.35,3294.0,3306.0,3267.1,3295.0,3293.5,3287.2,1374917,4519633216.35,76662,642540,46.73,-0.0029818214842508572
TCS,EQ,2023-05-26,3293.5,3293.5,3338.65,3291.0,3331.7,3328.9,3310.97,1791115,5930331787.45,103741,1275664,71.22,0.010748443904660787
TCS,EQ,2023-05-29,3328.9,3360.8,3372.0,3312.0,3320.7,3320.35,3333.7,1210372,4035020143.5,89980,710296,58.68,-0.002568415993271067
TCS,EQ,2023-05-30,3320.35,3315.0,3326.95,3301.35,3315.15,3316.2,3311.75,1344224,4451739910.3,105175,928751,69.09,-0.0012498682367823033
TCS,EQ,2023-05-31,3316.2,3309.0,3327.7,3265.15,3286.0,3289.5,3294.05,5815424,19156282297.4,171593,4724406,81.24,-0.008051384114347693
TCS,EQ,2023-06-01,3289.5,3314.0,3340.0,3297.5,3322.0,3324.0,3325.54,1177314,3915200315.1,107605,703106,59.72,0.010487916096671324
TCS,EQ,2023-06-02,3324.0,3326.25,3335.9,3297.45,3306.4,3305.6,3310.69,2030661,6722879743.5,132777,1491358,73.44,-0.0055354993983153244
TCS,EQ,2023-06-05,3305.6,3315.0,3327.0,3285.05,3289.3,3288.9,3301.42,1861468,6145482702.9,94288,1423821,76.49,-0.005052032913843152
TCS,EQ,2023-06-06,3288.9,3280.0,3288.85,3220.6,3237.0,3232.3,3235.85,2022849,6545633590.6,158147,1196281,59.14,-0.017209401319590145
TCS,EQ,2023-06-07,3232.3,3253.0,3278.85,3241.0,3274.55,3274.9,3261.2,1567196,5110939240.45,82630,908370,57.96,0.013179469727438553
TCS,EQ,2023-06-08,3274.9,3261.0,3270.0,3233.0,3236.0,3236.45,3246.4,1759366,5711613268.75,105766,1190503,67.67,-0.011740816513481356
TCS,EQ,2023-06-09,3236.45,3245.0,3250.0,3205.35,3210.0,3209.3,3219.25,1775689,5716388482.0,119166,1286294,72.44,-0.008388821084830522
TCS,EQ,2023-06-12,3209.3,3215.0,3254.4,3211.0,3248.4,3246.9,3238.21,2324605,7527561262.2,99385,1586137,68.23,0.011715950518804696
TCS,EQ,2023-06-13,3246.9,3260.0,3265.0,3239.0,3244.9,3243.7,3249.64,1371928,4458273417.9,90189,925622,67.47,-0.0009855554528935828
TCS,EQ,2023-06-14,3243.7,3243.7,3255.85,3225.85,3245.3,3251.05,3244.95,1658544,5381890991.7,92990,1090597,65.76,0.002265930881401035
TCS,EQ,2023-06-15,3251.05,3245.3,3247.45,3210.0,3215.3,3216.3,3225.77,2273810,7334785641.4,104925,1340142,58.94,-0.010688854370126566
TCS,EQ,2023-06-16,3216.3,3197.0,3199.4,3156.0,3177.3,3174.9,3175.76,4156189,13199071871.5,214155,2870473,69.07,-0.012871933588284756
TCS,EQ,2023-06-19,3174.9,3190.0,3214.9,3175.0,3207.1,3210.4,3194.51,1468186,4690130908.9,88271,960753,65.44,0.01118145453400099
TCS,EQ,2023-06-20,3210.4,3214.0,3232.5,3201.05,3229.9,3227.7,3218.86,1528452,4919876426.1,72353,1107358,72.45,0.005388736606030342
TCS,EQ,2023-06-21,3227.7,3250.0,3261.4,3223.95,3257.0,3258.2,3247.51,1645987,5345359097.25,91009,1159778,70.46,0.009449453170988553
TCS,EQ,2023-06-22,3258.2,3260.0,3267.65,3230.1,3240.5,3238.5,3246.23,1529603,4965444088.75,83159,862059,56.36,-0.0060462832238659114
TCS,EQ,2023-06-23,3238.5,3237.3,3249.4,3209.15,3213.9,3216.35,3221.22,1119505,3606176034.7,67908,722267,64.52,-0.0068395862281921405
TCS,EQ,2023-06-26,3216.35,3205.0,3213.9,3173.0,3190.0,3189.65,3189.39,1978803,6311173590.25,107706,1418808,71.7,-0.008301335364621298
TCS,EQ,2023-06-27,3189.65,3202.0,3209.65,3182.3,3197.3,3197.35,3194.42,863542,2758515355.75,67679,482048,55.82,0.002414057968742611
TCS,EQ,2023-06-28,3197.35,3208.0,3230.95,3193.4,3221.0,3215.45,3215.84,1575872,5067755614.75,125121,1031195,65.44,0.0056609379642516
TCS,EQ,2023-06-30,3215.45,3220.0,3310.0,3214.1,3298.4,3302.25,3280.38,2672406,8766501093.15,205777,1683039,62.98,0.026994666376401577
TCS,EQ,2023-07-03,3302.25,3314.3,3318.8,3268.75,3274.0,3272.3,3286.37,1687264,5544970019.55,120543,1112511,65.94,-0.00906957377545603
TCS,EQ,2023-07-04,3272.3,3290.0,3315.0,3277.3,3307.0,3308.85,3298.36,1656681,5464337453.05,100235,965070,58.25,0.011169513797634645
TCS,EQ,2023-07-05,3308.85,3320.0,3329.0,3305.0,3322.0,3319.95,3318.57,1453008,4821906492.95,92949,857588,59.02,0.0033546398295480895
TCS,EQ,2023-07-06,3319.95,3306.55,3328.45,3302.0,3321.3,3322.9,3314.41,1848238,6125814363.75,82587,942979,51.02,0.0008885675989096509
TCS,EQ,2023-07-07,3322.9,3302.0,3356.9,3302.0,3321.0,3329.25,3334.15,1789326,5965881074.45,130328,822068,45.94,0.001910981371693321
TCS,EQ,2023-07-10,3329.25,3324.75,3324.75,3265.2,3277.0,3271.95,3283.62,1407431,4621463700.65,113059,785441,55.81,-0.017211083577382325
TCS,EQ,2023-07-11,3271.95,3295.0,3295.0,3260.8,3272.0,3272.4,3277.42,1110172,3638501368.95,89756,613854,55.29,0.00013753266400784447
TCS,EQ,2023-07-12,3272.4,3280.95,3289.15,3250.1,3260.95,3259.9,3266.42,1515240,4949416309.1,120424,885374,58.43,-0.003819826427087114
TCS,EQ,2023-07-13,3259.9,3284.0,3367.45,3272.75,3344.5,3340.55,3338.97,4585146,15309671101.45,245158,2061479,44.96,0.02474002270008291
TCS,EQ,2023-07-14,3340.55,3365.0,3524.85,3352.0,3509.0,3514.65,3443.41,6306101,21714518276.5,318436,3428771,54.37,0.052117166334884946
TCS,EQ,2023-07-17,3514.65,3510.0,3549.9,3477.05,3488.0,3491.7,3512.83,2743228,9636496606.9,221755,1110810,40.49,-0.0065298109342325494
TCS,EQ,2023-07-18,3491.7,3476.0,3524.0,3465.0,3492.45,3496.85,3496.72,2600090,9091781942.5,159053,1550758,59.64,0.001474926253687281
TCS,EQ,2023-07-19,3496.85,3500.0,3516.85,3445.65,3469.0,3470.05,3476.09,2405370,8361286032.75,131215,1563755,65.01,-0.007664040493587043
TCS,EQ,2023-07-20,3470.05,3453.1,3478.9,3436.05,3461.6,3463.3,3453.22,1715404,5923659535.2,99611,924750,53.91,-0.0019452169277099918
TCS,EQ,2023-07-21,3463.3,3404.05,3434.9,3359.05,3374.0,3368.3,3396.22,3770223,12804501433.35,167464,2365927,62.75,-0.027430485375220193
TCS,EQ,2023-07-24,3368.3,3381.0,3413.45,3372.1,3393.0,3394.75,3397.83,1680132,5708798867.65,124293,1129015,67.2,0.007852625953745251
TCS,EQ,2023-07-25,3394.75,3397.5,3406.8,3380.2,3400.0,3399.15,3396.67,1272980,4323895800.15,134482,900644,70.75,0.0012961190072906525
TCS,EQ,2023-07-26,3399.15,3400.35,3420.85,3385.0,3394.0,3388.3,3399.91,1066803,3627035565.2,101692,615587,57.7,-0.0031919744642042724
TCS,EQ,2023-07-27,3388.3,3394.95,3411.65,3385.05,3398.0,3396.9,3395.09,1701769,5777660069.25,125535,1242876,73.03,0.0025381459729068023
TCS,EQ,2023-07-28,3396.9,3385.0,3393.7,3331.0,3354.0,3355.4,3352.74,2599831,8716557269.3,127470,1887794,72.61,-0.012217021401866424
TCS,EQ,2023-07-31,3355.4,3364.4,3426.65,3360.9,3415.0,3421.45,3406.98,2743678,9347645416.85,121298,1933444,70.47,0.01968468736961304
TCS,EQ,2023-08-01,3421.45,3415.0,3460.0,3415.0,3450.1,3452.05,3443.71,1956167,6736474356.4,101249,1245505,63.67,0.008943576553800403
TCS,EQ,2023-08-02,3452.05,3434.95,3446.4,3413.6,3433.0,3440.65,3435.39,1914899,6578428884.55,116337,1398129,73.01,-0.003302385539027508
TCS,EQ,2023-08-03,3440.65,3420.0,3433.25,3368.0,3397.0,3399.95,3397.85,2026351,6885230549.2,136745,1253208,61.85,-0.011829160187755261
TCS,EQ,2023-08-04,3399.95,3401.25,3471.0,3401.25,3441.05,3443.55,3445.2,2248493,7746518305.9,118974,1434557,63.8,0.012823717995853023
TCS,EQ,2023-08-07,3443.55,3453.95,3488.0,3441.25,3482.9,3484.05,3467.58,1853889,6428512875.3,108103,1289089,69.53,0.011761118613059285
TCS,EQ,2023-08-08,3484.05,3484.05,3489.95,3456.6,3469.0,3470.6,3470.86,1634225,5672169905.3,119523,1271634,77.81,-0.0038604497639243007
TCS,EQ,2023-08-09,3470.6,3464.9,3467.0,3425.05,3460.85,3462.5,3449.06,1794589,6189641425.5,89275,1305254,72.73,-0.0023338903935918864
TCS,EQ,2023-08-10,3462.5,3450.0,3464.9,3430.05,3448.25,3442.1,3442.07,1096701,3774918908.55,76539,612492,55.85,-0.005891696750902509
TCS,EQ,2023-08-11,3442.1,3438.1,3466.65,3414.0,3444.5,3448.8,3444.54,1679974,5786738907.2,142622,1051850,62.61,0.0019464861567066727
TCS,EQ,2023-08-14,3448.8,3440.7,3455.0,3411.0,3448.0,3449.85,3434.19,1190425,4088141282.4,145261,697765,58.61,0.0003044537230341149
TCS,EQ,2023-08-16,3449.85,3450.0,3466.0,3435.2,3450.7,3458.4,3453.07,1328445,4587215413.45,102457,898417,67.63,0.0024783686247229486
TCS,EQ,2023-08-17,3458.4,3455.0,3460.8,3413.2,3425.9,3435.75,3435.28,1843241,6332040272.5,122489,1172604,63.62,-0.006549271339347684
TCS,EQ,2023-08-18,3435.75,3410.0,3410.0,3356.5,3368.0,3367.1,3373.82,2526749,8524793143.1,150157,1424519,56.38,-0.019981081277741453
TCS,EQ,2023-08-21,3367.1,3375.0,3409.75,3372.0,3400.05,3401.65,3396.9,1375579,4672710451.45,90178,948914,68.98,0.010261055507706951
TCS,EQ,2023-08-22,3401.65,3400.0,3411.0,3365.05,3383.1,3382.15,3379.46,1222012,4129742131.95,105529,765907,62.68,-0.005732512163214909
TCS,EQ,2023-08-23,3382.15,3388.0,3402.0,3376.0,3389.2,3398.25,3392.66,1330046,4512393621.55,74093,846626,63.65,0.004760285617136928
TCS,EQ,2023-08-24,3398.25,3408.0,3413.05,3378.1,3391.0,3387.75,3392.89,1152881,3911601781.55,83377,703679,61.04,-0.003089825645552824
TCS,EQ,2023-08-25,3387.75,3375.0,3385.8,3350.25,3374.0,3381.3,3371.84,1158046,3904744950.05,87415,741009,63.99,-0.0019039185299977168
TCS,EQ,2023-08-28,3381.3,3394.0,3394.0,3360.1,3373.0,3375.55,3374.18,1037485,3500663941.25,80009,718921,69.29,-0.00170052938219023
TCS,EQ,2023-08-29,3375.55,3381.05,3389.55,3365.0,3375.0,3376.15,3375.62,944517,3188333020.15,68937,642831,68.06,0.00017774881130483422
TCS,EQ,2023-08-30,3376.15,3398.0,3408.1,3383.05,3391.0,3390.95,3397.7,1188200,4037149090.8,83244,818723,68.9,0.0043836914829020746
TCS,EQ,2023-08-31,3390.95,3401.0,3417.4,3343.65,3361.0,3356.8,3369.12,3417652,11514468309.55,125169,2421119,70.84,-0.010070924077323351
TCS,EQ,2023-09-01,3356.8,3366.0,3389.0,3356.8,3374.0,3379.2,3379.92,1277950,4319372822.65,148744,872552,68.28,0.006673021925643452
TCS,EQ,2023-09-04,3379.2,3378.0,3432.85,3370.05,3418.5,3418.5,3405.13,1828332,6225711646.35,114654,1230246,67.29,0.011629971590909172
TCS,EQ,2023-09-05,3418.5,3420.0,3447.0,3405.15,3425.65,3429.35,3430.4,1501842,5151924571.65,100120,922625,61.43,0.0031739066842182417
TCS,EQ,2023-09-06,3429.35,3434.0,3443.9,3398.1,3421.6,3429.9,3424.44,1314818,4502511185.6,99523,841418,64.0,0.00016038024698561415
TCS,EQ,2023-09-07,3429.9,3430.8,3460.0,3422.3,3458.0,3455.25,3443.88,1885092,6492039521.45,143528,842814,44.71,0.007390886031662713
TCS,EQ,2023-09-08,3455.25,3455.25,3465.0,3435.05,3445.0,3441.9,3446.91,1518917,5235563741.25,88984,970792,63.91,-0.0038636856956804078
TCS,EQ,2023-09-11,3441.9,3462.0,3485.7,3445.0,3481.0,3480.65,3471.77,1783604,6192269892.25,111418,1246670,69.9,0.011258316627444254
TCS,EQ,2023-09-12,3480.65,3492.0,3589.9,3483.0,3572.6,3580.8,3550.35,4476016,15891401853.45,242752,2546536,56.89,0.028773361297458777
TCS,EQ,2023-09-13,3580.8,3571.1,3588.85,3545.0,3561.5,3567.85,3568.13,1754929,6261806697.4,138829,1031177,58.76,-0.003616510277033136
TCS,EQ,2023-09-14,3567.85,3570.05,3597.7,3545.6,3562.35,3560.05,3563.35,2604721,9281527868.2,146192,1162755,44.64,-0.0021861905629440015
TCS,EQ,2023-09-15,3560.05,3567.85,3607.35,3562.45,3591.55,3598.3,3591.93,2952897,10606611878.75,139252,1749955,59.26,0.01074423112034939
TCS,EQ,2023-09-18,3598.3,3580.05,3619.3,3575.25,3605.0,3606.15,3605.1,1395753,5031835082.65,97296,1005563,72.04,0.002181585748825876
TCS,EQ,2023-09-20,3606.15,3580.0,3625.0,3580.0,3600.1,3606.05,3612.14,1649396,5957855338.4,127927,976624,59.21,-2.7730405002590608e-05
TCS,EQ,2023-09-21,3606.05,3588.55,3605.0,3528.0,3586.0,3585.3,3559.97,2004073,7134447228.5,151219,892038,44.51,-0.0057542186048445965
TCS,EQ,2023-09-22,3585.3,3584.0,3633.75,3565.05,3604.0,3603.65,3605.09,1989083,7170827508.35,152937,1063284,53.46,0.005118121217192462
TCS,EQ,2023-09-25,3603.65,3602.5,3620.0,3558.65,3569.8,3577.15,3579.7,1238778,4434448253.85,82519,847701,68.43,-0.0073536553216877465
TCS,EQ,2023-09-26,3577.15,3567.6,3594.95,3536.0,3590.0,3585.7,3561.51,1726062,6147386173.95,113798,1220758,70.73,0.0023901709461442433
TCS,EQ,2023-09-27,3585.7,3590.0,3614.0,3555.7,3586.0,3589.3,3587.16,1541134,5528296992.85,104230,991891,64.36,0.001003988063697614
TCS,EQ,2023-09-28,3589.3,3600.0,3602.8,3527.35,3549.0,3536.75,3558.09,1755753,6247135882.45,127091,775346,44.16,-0.014640737748307542
TCS,EQ,2023-09-29,3536.75,3537.2,3568.45,3505.55,3525.0,3528.6,3536.95,2243791,7936167438.85,134776,1282164,57.14,-0.002304375485968735
TCS,EQ,2023-10-03,3528.6,3534.2,3534.2,3480.1,3507.1,3513.85,3508.19,1948148,6834465531.05,134041,1188071,60.98,-0.004180128096128777
TCS,EQ,2023-10-04,3513.85,3486.3,3548.0,3477.3,3545.0,3537.75,3504.95,1788138,6267337422.0,102259,1115764,62.4,0.006801656302915626
TCS,EQ,2023-10-05,3537.75,3554.0,3624.0,3551.2,3590.0,3589.35,3589.48,2990768,10735300327.6,195202,1344658,44.96,0.014585541657833323
TCS,EQ,2023-10-06,3589.35,3591.0,3634.95,3575.05,3621.25,3621.4,3606.29,2075691,7485547134.95,157117,1217280,58.64,0.008929193307980698
TCS,EQ,2023-10-09,3621.4,3645.05,3679.0,3631.0,3633.0,3638.35,3652.75,4233074,15462357801.5,337303,2313193,54.65,0.004680510299883922
TCS,EQ,2023-10-10,3638.35,3640.05,3648.0,3601.35,3629.5,3628.9,3623.9,1848148,6697511578.25,170957,898605,48.62,-0.00259733120782768
TCS,EQ,2023-10-11,3628.9,3650.0,3650.0,3605.0,3613.0,3609.9,3625.72,2426417,8797500442.75,151957,1477594,60.9,-0.005235746369423255
TCS,EQ,2023-10-12,3609.9,3575.0,3588.65,3538.1,3543.0,3542.55,3555.4,4241281,15079440683.5,314201,2149379,50.68,-0.018657026510429664
TCS,EQ,2023-10-13,3542.55,3530.0,3577.0,3525.0,3574.3,3570.85,3562.28,2890357,10296267661.05,262330,1770918,61.27,0.00798859578552169
TCS,EQ,2023-10-16,3570.85,3566.0,3574.65,3519.1,3521.0,3524.05,3539.03,1671104,5914086791.5,162600,1113479,66.63,-0.013106123191957031
TCS,EQ,2023-10-17,3524.05,3530.0,3534.15,3503.35,3509.0,3507.05,3516.16,1672065,5879254819.95,125942,1200270,71.78,-0.0048239951192520225
TCS,EQ,2023-10-18,3507.05,3511.0,3522.7,3484.0,3492.5,3487.25,3500.28,1408245,4929245451.05,147692,915176,64.99,-0.005645770661952376
TCS,EQ,2023-10-19,3487.25,3469.5,3476.85,3451.9,3454.8,3455.65,3461.86,1514545,5243145783.65,164438,814343,53.77,-0.009061581475374503
TCS,EQ,2023-10-20,3455.65,3450.4,3499.5,3444.05,3491.85,3494.55,3485.4,1481211,5162609717.1,142361,811900,54.81,0.011256927061479072
TCS,EQ,2023-10-23,3494.55,3473.0,3478.95,3401.3,3409.15,3410.15,3442.6,1106272,3808455848.35,126787,635413,57.44,-0.024151893662989532
TCS,EQ,2023-10-25,3410.15,3390.5,3425.0,3377.2,3390.55,3390.1,3398.15,1518537,5160213346.45,133032,959916,63.21,-0.005879506766564568
TCS,EQ,2023-10-26,3390.1,3368.05,3373.7,3330.0,3331.8,3336.75,3346.35,1984471,6640734038.6,203800,1206477,60.8,-0.015736998908586708
TCS,EQ,2023-10-27,3336.75,3350.0,3362.0,3337.0,3350.0,3350.95,3351.03,1108851,3715795757.45,112673,626899,56.54,0.00425563797107964
TCS,EQ,2023-10-30,3350.95,3350.0,3382.85,3333.75,3381.0,3378.55,3368.57,910972,3068672170.25,74251,442422,48.57,0.008236470254703976
TCS,EQ,2023-10-31,3378.55,3399.0,3399.0,3350.05,3371.8,3368.75,3368.0,999811,3367364685.15,109355,584532,58.46,-0.0029006526468455807
TCS,EQ,2023-11-01,3368.75,3355.0,3371.6,3311.0,3311.4,3330.65,3347.22,1563475,5233296947.8,112623,1148529,73.46,-0.011309833024118698
TCS,EQ,2023-11-02,3330.65,3343.2,3375.95,3343.2,3363.0,3360.1,3363.98,1245384,4189448412.5,97073,542537,43.56,0.008842117904913405
TCS,EQ,2023-11-03,3360.1,3382.0,3387.9,3344.3,3351.0,3350.9,3362.79,1402598,4716646465.75,111516,955820,68.15,-0.0027380137495907064
TCS,EQ,2023-11-06,3350.9,3375.0,3392.3,3359.0,3385.0,3380.25,3374.03,1099852,3710928578.4,69041,864446,78.6,0.008758840908412724
TCS,EQ,2023-11-07,3380.25,3378.0,3404.15,3366.0,3371.55,3370.45,3378.26,1191144,4023994967.2,82322,853147,71.62,-0.0028991938466090827
TCS,EQ,2023-11-08,3370.45,3371.45,3401.95,3369.55,3382.65,3381.55,3387.91,992899,3363852490.7,91615,630418,63.49,0.003293328783990468
TCS,EQ,2023-11-09,3381.55,3390.1,3391.5,3342.05,3350.0,3347.45,3363.59,2112352,7105080612.55,146431,1260477,59.67,-0.010084133015924812
TCS,EQ,2023-11-10,3347.45,3338.0,3347.45,3322.35,3341.0,3333.45,3331.7,1338557,4459665543.6,93667,930907,69.55,-0.004182288010276425
TCS,EQ,2023-11-12,3333.45,3350.0,3359.0,3345.0,3358.9,3357.3,3355.7,173346,581697254.35,22226,116967,67.48,0.007154749583764719
TCS,EQ,2023-11-13,3357.3,3356.0,3356.0,3327.0,3332.0,3331.55,3333.43,1030990,3436731318.9,92128,825729,80.09,-0.007669853751526512
TCS,EQ,2023-11-15,3331.55,3383.1,3413.0,3356.05,3408.6,3404.3,3390.15,2059802,6983037380.85,117652,1449421,70.37,0.02183668262520455
TCS,EQ,2023-11-16,3404.3,3430.05,3529.35,3414.2,3497.0,3497.85,3484.46,3951984,13770516229.1,256300,1866641,47.23,0.02747995182563212
TCS,EQ,2023-11-17,3497.85,3497.85,3524.5,3492.55,3499.0,3502.45,3510.08,2021292,7094891279.55,159877,1111855,55.01,0.0013150935574710587
TCS,EQ,2023-11-20,3502.45,3491.25,3533.9,3491.25,3520.0,3519.6,3518.2,1475621,5191524462.85,133758,917412,62.17,0.004896572399320398
TCS,EQ,2023-11-21,3519.6,3519.6,3539.05,3501.0,3510.0,3510.2,3525.61,1807236,6371610015.95,141954,1360143,75.26,-0.002670758040686505
TCS,EQ,2023-11-22,3510.2,3500.0,3532.65,3481.1,3530.5,3530.15,3510.71,1798051,6312427531.7,121170,1149027,63.9,0.005683436841205758
TCS,EQ,2023-11-23,3530.15,3530.0,3544.0,3500.0,3507.0,3508.25,3516.84,2729804,9600272250.3,170315,1933265,70.82,-0.006203702392249655
TCS,EQ,2023-11-24,3508.25,3494.25,3504.55,3453.0,3454.0,3457.1,3474.52,1989733,6913359986.45,137682,1075004,54.03,-0.014579918762915978
TCS,EQ,2023-11-28,3457.1,3457.1,3481.25,3433.0,3473.3,3470.15,3454.1,1689195,5834649202.9,120747,1125100,66.61,0.0037748401839692303
TCS,EQ,2023-11-29,3470.15,3481.0,3518.0,3475.8,3514.6,3513.75,3503.48,1441634,5050729225.7,140282,920188,63.83,0.012564298373269223
TCS,EQ,2023-11-30,3513.75,3499.45,3516.65,3481.0,3487.9,3487.6,3492.69,3266235,11407956559.4,136958,2362566,72.33,-0.007442191390964137
TCS,EQ,2023-12-01,3487.6,3500.0,3516.95,3490.05,3512.0,3511.65,3503.53,1172141,4106636662.55,90309,710553,60.62,0.0068958596169286235
TCS,EQ,2023-12-04,3511.65,3544.65,3547.8,3498.0,3514.45,3512.45,3514.58,1625213,5711934381.15,105864,958947,59.0,0.00022781313627495692
TCS,EQ,2023-12-05,3512.45,3538.0,3538.0,3502.8,3533.6,3531.6,3520.66,1377656,4850257950.2,74749,818570,59.42,0.005452034904411374
TCS,EQ,2023-12-06,3531.6,3532.6,3612.85,3525.15,3600.6,3604.1,3573.48,1896572,6777360136.5,109178,1028717,54.24,0.020528938724657442
TCS,EQ,2023-12-07,3604.1,3605.0,3630.55,3591.7,3618.0,3614.9,3615.53,1967653,7114113153.35,169670,1157011,58.8,0.002996587220110536
TCS,EQ,2023-12-08,3614.9,3633.0,3645.0,3602.05,3625.0,3626.7,3622.26,1641155,5944690506.0,111965,774207,47.17,0.0032642673379621456
TCS,EQ,2023-12-11,3626.7,3622.9,3653.0,3615.0,3643.0,3642.9,3638.96,1102503,4011962538.6,79129,763415,69.24,0.004466870708909054
TCS,EQ,2023-12-12,3642.9,3638.95,3698.4,3631.0,3665.5,3672.1,3673.19,2236866,8216432575.75,193557,1398051,62.5,0.008015591973427716
TCS,EQ,2023-12-13,3672.1,3643.55,3650.0,3563.0,3597.0,3593.55,3596.72,3850968,13850861323.25,307799,2493877,64.76,-0.021391029656054994
TCS,EQ,2023-12-14,3593.55,3630.0,3678.0,3627.6,3670.0,3667.25,3664.15,3290396,12056488520.3,217977,2136355,64.93,0.020508967455580063
TCS,EQ,2023-12-15,3667.25,3666.7,3895.95,3666.7,3871.0,3861.0,3810.1,8531230,32504850648.6,363820,4817725,56.47,0.052832503919830964
TCS,EQ,2023-12-18,3861.0,3858.1,3929.0,3830.15,3856.0,3859.2,3872.72,2521612,9765502705.8,178532,1156164,45.85,-0.0004662004662004948
TCS,EQ,2023-12-19,3859.2,3845.0,3855.1,3790.0,3808.0,3816.2,3814.98,2004435,7646876716.95,133647,1088070,54.28,-0.011142205638474345
TCS,EQ,2023-12-20,3816.2,3827.25,3898.8,3766.55,3774.0,3780.05,3841.02,2586083,9933185211.45,173222,1345951,52.05,-0.009472773963628667
TCS,EQ,2023-12-21,3780.05,3756.25,3806.7,3743.35,3796.65,3787.5,3783.4,1517562,5741545164.75,141897,661412,43.58,0.0019708734011454343
TCS,EQ,2023-12-22,3787.5,3800.0,3845.95,3762.0,3814.0,3824.0,3805.11,2413058,9181961989.95,210826,1329736,55.11,0.009636963696369572
TCS,EQ,2023-12-26,3824.0,3819.85,3834.0,3790.15,3798.1,3795.55,3806.25,1285231,4891912408.6,105834,746906,58.11,-0.007439853556485354
TCS,EQ,2023-12-27,3795.55,3799.0,3818.2,3768.0,3808.0,3811.2,3792.62,1293976,4907556179.85,135647,779111,60.21,0.004123249594920164
TCS,EQ,2023-12-28,3811.2,3824.0,3838.0,3792.1,3796.15,3799.9,3811.22,1682889,6413855833.1,133761,1016895,60.43,-0.0029649454240133766
TCS,EQ,2023-12-29,3799.9,3792.0,3822.6,3765.4,3800.0,3793.4,3796.92,1574996,5980129693.8,131434,1004864,63.8,-0.0017105713308245285
TCS,EQ,2024-01-01,3793.4,3790.0,3832.0,3773.0,3803.0,3811.1,3804.27,825907,3141974600.85,94008,421397,51.02,0.004665998840090557
TCS,EQ,2024-01-02,3811.1,3811.1,3811.1,3767.25,3781.15,3783.2,3787.05,1344068,5090055959.15,133902,928322,69.07,-0.007320721051664925
TCS,EQ,2024-01-03,3783.2,3767.0,3771.85,3687.05,3692.6,3691.75,3711.76,1803075,6692584987.5,208012,1188251,65.9,-0.024172658067244668
TCS,EQ,2024-01-04,3691.75,3701.75,3719.0,3651.0,3668.6,3666.8,3668.32,3598144,13199152251.35,220494,2670094,74.21,-0.0067583124534434935
TCS,EQ,2024-01-05,3666.8,3675.0,3747.75,3674.85,3738.6,3737.9,3721.7,1963127,7306170829.65,155406,1033124,52.63,0.019390203992581956
TCS,EQ,2024-01-08,3737.9,3737.9,3739.75,3672.4,3680.85,3678.3,3696.43,1067805,3947062246.4,137547,629551,58.96,-0.015944781829369425
TCS,EQ,2024-01-09,3678.3,3709.95,3752.35,3682.75,3696.0,3689.9,3716.16,1370944,5094642955.85,112174,756812,55.2,0.0031536307533370778
TCS,EQ,2024-01-10,3689.9,3690.0,3729.25,3688.0,3707.05,3713.05,3706.94,1292227,4790202220.4,111912,755246,58.45,0.006273882761050453
TCS,EQ,2024-01-11,3713.05,3724.0,3773.0,3707.0,3726.7,3735.55,3738.42,1777909,6646566140.9,135916,899818,50.61,0.006059708326039193
TCS,EQ,2024-01-12,3735.55,3848.0,3905.25,3821.6,3881.9,3882.8,3873.63,6813450,26392805818.3,337824,3768543,55.31,0.039418559516001705
TCS,EQ,2024-01-15,3882.8,3960.0,3965.0,3885.0,3902.0,3903.8,3922.67,2801505,10989386687.15,265310,1562049,55.76,0.005408468115792653
TCS,EQ,2024-01-16,3903.8,3899.0,3899.0,3855.55,3861.05,3861.3,3873.57,1432672,5549555027.65,157027,900573,62.86,-0.010886828218658717
TCS,EQ,2024-01-17,3861.3,3819.0,3909.95,3812.55,3880.0,3884.6,3882.57,3458696,13428630127.85,161556,2230573,64.49,0.00603423717400875
TCS,EQ,2024-01-18,3884.6,3898.0,3908.8,3862.0,3902.0,3902.6,3887.98,2239110,8705605580.15,200495,1362977,60.87,0.004633681717551408
TCS,EQ,2024-01-19,3902.6,3945.0,3963.55,3915.05,3947.0,3943.05,3942.73,2941975,11599414329.35,272591,1933463,65.72,0.010364884948495856
TCS,EQ,2024-01-20,3943.05,3948.0,3955.65,3855.55,3859.3,3860.65,3896.81,516477,2012614827.2,47373,222448,43.07,-0.02089752856291449
TCS,EQ,2024-01-23,3860.65,3900.0,3933.9,3842.75,3860.05,3858.25,3881.8,2618854,10165879227.3,214176,1756285,67.06,-0.0006216569748617173
TCS,EQ,2024-01-24,3858.25,3880.0,3883.65,3805.6,3859.4,3841.8,3842.01,2657709,10210948798.05,119466,1984308,74.66,-0.00426359100628515
TCS,EQ,2024-01-25,3841.8,3839.9,3861.0,3778.7,3807.0,3810.3,3803.09,2205154,8386394648.75,186169,1332663,60.43,-0.008199281586756202
TCS,EQ,2024-01-29,3810.3,3800.8,3820.0,3780.85,3807.0,3801.0,3798.49,1646747,6255155335.6,114028,1142824,69.4,-0.0024407526966381266
TCS,EQ,2024-01-30,3801.0,3807.45,3847.8,3787.0,3801.4,3800.55,3816.76,1411621,5387816849.15,96931,914543,64.79,-0.00011838989739532124
TCS,EQ,2024-01-31,3800.55,3811.2,3834.0,3796.45,3804.0,3815.95,3814.91,2459358,9382220705.45,166663,1824652,74.19,0.004052045098735579
TCS,EQ,2024-02-01,3815.95,3820.0,3904.9,3805.05,3842.65,3854.15,3863.88,2363107,9130767055.9,200156,1267308,53.63,0.010010613346610908
TCS,EQ,2024-02-02,3854.15,3875.05,3984.4,3872.0,3959.2,3966.3,3944.48,2826510,11149116302.85,271200,1435372,50.78,0.029098504209748022
TCS,EQ,2024-02-05,3966.3,3983.0,4022.0,3962.1,3966.95,3973.3,3996.07,1691523,6759438477.25,156341,1015070,60.01,0.001764869021506188
TCS,EQ,2024-02-06,3973.3,3997.0,4149.9,3990.0,4129.35,4136.0,4106.33,4474396,18373368282.15,325723,2479611,55.42,0.040948330103440345
TCS,EQ,2024-02-07,4136.0,4153.0,4155.0,4073.95,4085.0,4083.4,4115.33,2124267,8742061109.55,177689,1433758,67.49,-0.012717601547388768
TCS,EQ,2024-02-08,4083.4,4090.0,4158.0,4086.05,4137.85,4134.1,4122.74,2345173,9668540283.35,212471,946960,40.38,0.012416123818386637
TCS,EQ,2024-02-09,4134.1,4136.55,4184.75,4100.0,4132.0,4133.7,4135.5,2100596,8687013883.3,204415,836221,39.81,-9.67562468253691e-05
TCS,EQ,2024-02-12,4133.7,4130.0,4159.6,4105.55,4119.0,4120.7,4128.1,1013716,4184716444.45,110339,545028,53.77,-0.003144882308827479
TCS,EQ,2024-02-13,4120.7,4125.45,4170.0,4081.5,4145.0,4149.5,4130.03,1257415,5193163729.6,140800,757833,60.27,0.0069891037930449595
TCS,EQ,2024-02-14,4149.5,4107.0,4114.9,4049.5,4106.0,4100.1,4092.1,1391283,5693275185.95,126863,844545,60.7,-0.011905048801060247
TCS,EQ,2024-02-15,4100.1,4128.0,4146.3,4083.0,4106.0,4103.2,4107.34,1091582,4483499686.35,117286,479725,43.95,0.0007560791200214023
TCS,EQ,2024-02-16,4103.2,4113.25,4147.95,4100.1,4122.3,4128.3,4124.07,1307556,5392447497.55,125414,660555,50.52,0.006117176837590277
TCS,EQ,2024-02-19,4128.3,4123.05,4128.3,4055.0,4099.85,4103.8,4092.76,772291,3160800378.55,70873,343479,44.48,-0.005934646222416018
TCS,EQ,2024-02-20,4103.8,4082.1,4098.0,4010.0,4035.0,4030.65,4047.78,1193648,4831625596.8,108310,628009,52.61,-0.01782494273600077
TCS,EQ,2024-02-21,4030.65,4013.0,4063.35,3980.6,3987.0,3991.5,4025.98,1885939,7592748600.05,135075,1093371,57.97,-0.009713073573741182
TCS,EQ,2024-02-22,3991.5,3971.0,4094.95,3971.0,4082.55,4087.1,4036.74,2982052,12037760611.3,233453,1465287,49.14,0.02395089565326325
TCS,EQ,2024-02-23,4087.1,4130.0,4130.0,4046.4,4046.4,4052.1,4086.76,2538072,10372488169.05,207942,1764308,69.51,-0.008563529152699978
TCS,EQ,2024-02-26,4052.1,4036.0,4050.0,3982.75,4001.9,4001.05,4001.89,1379284,5519738697.4,168908,943439,68.4,-0.012598405764912002
TCS,EQ,2024-02-27,4001.05,3999.0,4124.0,3999.0,4100.5,4104.4,4083.47,2960475,12089017645.25,235296,1732919,58.54,0.025830719436147787
TCS,EQ,2024-02-28,4104.4,4095.6,4154.9,4089.0,4109.9,4118.95,4126.35,1939225,8001915262.3,139242,1044776,53.88,0.0035449761231849397
TCS,EQ,2024-02-29,4118.95,4099.0,4138.1,4064.55,4113.0,4095.1,4098.6,3772719,15462863779.5,165001,2223680,58.94,-0.005790310637419749
TCS,EQ,2024-03-01,4095.1,4107.2,4140.0,4086.8,4093.0,4094.35,4110.85,2043265,8399555212.15,157981,1202586,58.86,-0.00018314571072741703
TCS,EQ,2024-03-02,4094.35,4112.7,4129.5,4090.15,4110.0,4107.1,4110.65,65057,267426764.05,8974,34991,53.79,0.0031140474067923307
TCS,EQ,2024-03-04,4107.1,4105.0,4117.9,4075.9,4082.0,4080.7,4090.25,1749271,7154955206.3,114412,1295900,74.08,-0.0064278931606244205
TCS,EQ,2024-03-05,4080.7,4062.0,4064.0,3980.0,4010.9,4012.1,4017.34,2070859,8319342582.8,152615,1347590,65.07,-0.01681084127723187
TCS,EQ,2024-03-06,4012.1,3994.05,4072.0,3958.45,4058.0,4064.3,4012.65,1744204,6998878535.55,140908,894364,51.28,0.01301064280551345
TCS,EQ,2024-03-07,4064.3,4065.0,4124.0,4037.7,4105.0,4108.6,4099.0,2688905,11021820076.2,154179,1636303,60.85,0.010899785940998497
TCS,EQ,2024-03-11,4108.6,4089.0,4153.0,4089.0,4120.0,4122.35,4124.96,2304068,9504184843.45,188233,1510509,65.56,0.0033466387577276713
TCS,EQ,2024-03-12,4122.35,4122.35,4229.95,4121.05,4194.55,4192.25,4198.28,4039801,16960233961.3,216551,1814985,44.93,0.01695634771428911
TCS,EQ,2024-03-13,4192.25,4205.0,4241.0,4131.9,4139.0,4149.0,4177.33,2837260,11852184104.8,208881,1655638,58.35,-0.010316655733794478
TCS,EQ,2024-03-14,4149.0,4153.45,4225.0,4086.0,4207.75,4207.6,4166.3,2919608,12163965941.7,262125,1459709,50.0,0.0141238852735599
TCS,EQ,2024-03-15,4207.6,4192.6,4239.0,4177.0,4220.0,4219.25,4213.31,3373143,14212088365.25,176623,2128963,63.12,0.0027687993155240953
TCS,EQ,2024-03-18,4219.25,4215.25,4254.75,4117.85,4144.25,4152.5,4196.78,1526904,6408084083.05,129335,808311,52.94,-0.015820347218107433
TCS,EQ,2024-03-19,4152.5,4051.25,4058.0,3966.6,3971.0,3977.3,4022.55,8931209,35926206807.15,293529,3595481,40.26,-0.04219145093317278
TCS,EQ,2024-03-20,3977.3,3986.0,4018.0,3960.2,3974.95,3970.9,3995.1,1817913,7262745848.35,134030,883011,48.57,-0.0016091318230960772
TCS,EQ,2024-03-21,3970.9,3990.05,4008.4,3948.0,3979.45,3972.95,3972.92,3829582,15214604392.05,227156,2407623,62.87,0.0005162557606588347
TCS,EQ,2024-03-22,3972.95,3897.0,3938.0,3855.0,3909.0,3910.9,3903.24,5852485,22843670096.35,431155,3246731,55.48,-0.015618117519727082
TCS,EQ,2024-03-26,3910.9,3875.0,3946.7,3871.45,3883.0,3877.5,3894.29,3440925,13399953628.95,176329,2522467,73.31,-0.008540233705796596
TCS,EQ,2024-03-27,3877.5,3888.5,3895.0,3829.4,3854.15,3840.9,3861.6,1968575,7601845471.0,152258,1385664,70.39,-0.009439071566731072
TCS,EQ,2024-03-28,3840.9,3850.1,3915.0,3840.5,3882.1,3876.3,3880.57,4311783,16732186615.05,242073,2346012,54.41,0.009216589861751112
TCS,EQ,2024-04-01,3876.3,3897.7,3933.3,3888.05,3924.0,3916.75,3905.77,1569676,6130799234.6,142337,1035605,65.98,0.010435208833165621
TCS,EQ,2024-04-02,3916.75,3890.0,3909.85,3873.0,3890.2,3883.8,3886.53,2142666,8327525479.35,152218,1649088,76.96,-0.008412586966234703
TCS,EQ,2024-04-03,3883.8,3851.0,3981.0,3851.0,3950.05,3947.3,3940.47,3973090,15655836798.6,232561,2447069,61.59,0.016349966527627657
TCS,EQ,2024-04-04,3947.3,3975.9,4028.65,3935.25,4000.0,4003.3,3983.1,3394637,13521178797.2,196204,1581295,46.58,0.0141869125731513
TCS,EQ,2024-04-05,4003.3,3978.0,4002.0,3960.5,3983.0,3979.25,3983.17,1636819,6519723297.55,95801,1036981,63.35,-0.006007543776384572
TCS,EQ,2024-04-08,3979.25,3983.0,4032.65,3960.0,3964.9,3972.55,4000.29,2302538,9210823451.5,145126,1649249,71.63,-0.0016837343720549347
TCS,EQ,2024-04-09,3972.55,3984.0,4015.85,3925.05,3948.75,3946.55,3967.73,1876992,7447401521.4,102114,1176639,62.69,-0.006544914475588692
TCS,EQ,2024-04-10,3946.55,3956.4,3990.2,3918.0,3980.75,3984.65,3956.43,2101965,8316267625.3,108594,1344752,63.98,0.009654001596330897
TCS,EQ,2024-04-12,3984.65,3971.0,4013.35,3945.5,4003.8,4001.4,3990.61,4354821,17378376127.55,200517,2312553,53.1,0.004203631435634181
TCS,EQ,2024-04-15,4001.4,4001.4,4064.2,3919.05,3940.8,3941.2,3990.5,4200329,16761416762.1,245404,1465213,34.88,-0.015044734342980037
TCS,EQ,2024-04-16,3941.2,3902.0,3928.7,3862.85,3875.95,3872.8,3888.73,3051420,11866147836.3,147341,2040122,66.86,-0.017355120267938617
TCS,EQ,2024-04-18,3872.8,3876.8,3936.0,3850.0,3871.0,3862.0,3891.42,3476284,13527691591.6,191254,1760108,50.63,-0.0027886800247882704
TCS,EQ,2024-04-19,3862.0,3838.0,3852.55,3800.9,3822.15,3826.2,3827.74,2957749,11321504897.25,252913,1731769,58.55,-0.009269808389435585
TCS,EQ,2024-04-22,3826.2,3837.0,3878.0,3812.0,3875.9,3864.6,3841.58,1728883,6641643736.05,99078,1148694,66.44,0.010036067116198755
TCS,EQ,2024-04-23,3864.6,3877.05,3895.0,3860.6,3875.0,3874.7,3877.69,1807586,7009250573.8,132941,1225651,67.81,0.0026134658179370884
TCS,EQ,2024-04-24,3874.7,3890.0,3898.0,3824.45,3835.0,3831.05,3853.73,1317312,5076558245.0,113695,834223,63.33,-0.0112653882881254
TCS,EQ,2024-04-25,3831.05,3811.2,3873.65,3811.0,3851.0,3852.2,3850.53,2856271,10998153736.8,211754,1534697,53.73,0.0055206797092179904
TCS,EQ,2024-04-26,3852.2,3855.15,3876.8,3802.55,3823.45,3821.35,3838.36,2039178,7827090898.4,165343,1199318,58.81,-0.008008410778256536
TCS,EQ,2024-04-29,3821.35,3838.0,3877.8,3819.2,3865.0,3870.2,3860.41,1110693,4287735190.85,109485,666831,60.04,0.01278344040718582
TCS,EQ,2024-04-30,3870.2,3872.0,3881.75,3810.0,3823.95,3820.65,3841.42,2203078,8462954749.45,144940,1628645,73.93,-0.012802955919590686
TCS,EQ,2024-05-02,3820.65,3778.05,3871.1,3778.05,3865.0,3863.3,3846.89,2491044,9582766032.85,220245,1031270,41.4,0.011163021998874534
TCS,EQ,2024-05-03,3863.3,3890.15,3893.6,3797.6,3838.0,3843.4,3839.84,2962234,11374519156.95,193038,1531052,51.69,-0.005151036678487375
TCS,EQ,2024-05-06,3843.4,3853.0,3939.95,3853.0,3922.2,3921.05,3917.99,2053831,8046888044.0,162185,1092024,53.17,0.020203465681427835
TCS,EQ,2024-05-07,3921.05,3930.8,3988.0,3913.5,3975.2,3978.95,3951.55,2062112,8148536133.15,128480,1274679,61.81,0.014766452863391066
TCS,EQ,2024-05-08,3978.95,3961.0,3984.3,3938.6,3968.1,3976.95,3968.11,1247685,4950948533.2,110637,780055,62.52,-0.0005026451702082602
TCS,EQ,2024-05-09,3976.95,3962.0,3971.0,3910.05,3956.0,3960.2,3948.51,1726486,6817049440.4,156265,786275,45.54,-0.004211770326506548
TCS,EQ,2024-05-10,3960.2,3962.6,3973.6,3885.05,3895.0,3893.9,3914.05,1672489,6546206693.5,142144,833333,49.83,-0.016741578708145965
TCS,EQ,2024-05-13,3893.9,3884.5,3955.0,3870.0,3947.0,3947.8,3923.12,931326,3653700402.95,96702,476483,51.16,0.013842163383753991
TCS,EQ,2024-05-14,3947.8,3936.0,3945.8,3892.9,3902.0,3901.2,3916.22,1058317,4144602576.75,96233,601739,56.86,-0.01180404275799185
TCS,EQ,2024-05-15,3901.2,3904.5,3926.95,3875.5,3882.7,3880.4,3891.38,1115021,4338965538.5,88516,692445,62.1,-0.005331692812467925
TCS,EQ,2024-05-16,3880.4,3891.1,3909.5,3843.5,3892.0,3900.95,3882.17,2599399,10091300479.85,187465,1051041,40.43,0.0052958457890939226
TCS,EQ,2024-05-17,3900.95,3919.0,3920.0,3830.0,3839.0,3834.1,3866.19,2765804,10693118517.05,197919,1821715,65.87,-0.017136851279816456
TCS,EQ,2024-05-18,3834.1,3847.0,3861.9,3840.0,3853.35,3851.45,3849.42,91066,350551405.7,7224,44715,49.1,0.004525181920137733
TCS,EQ,2024-05-21,3851.45,3830.6,3844.75,3810.05,3825.0,3820.2,3820.18,1908117,7289343660.9,200205,1288624,67.53,-0.008113827259863204
TCS,EQ,2024-05-22,3820.2,3835.0,3841.25,3817.55,3831.5,3832.0,3830.73,1311168,5022730247.75,101531,805048,61.4,0.0030888435160463246
TCS,EQ,2024-05-23,3832.0,3840.95,3905.0,3825.5,3899.0,3893.45,3871.28,2095742,8113203579.0,131534,938015,44.76,0.016036012526095877
TCS,EQ,2024-05-24,3893.45,3878.25,3883.8,3844.3,3850.95,3849.5,3857.62,1309452,5051369874.45,88592,762209,58.21,-0.01128818913816787
TCS,EQ,2024-05-27,3849.5,3855.0,3908.35,3841.35,3847.65,3847.05,3879.6,1841538,7144426662.95,160642,1143209,62.08,-0.0006364462917261005
TCS,EQ,2024-05-28,3847.05,3858.0,3870.0,3830.0,3836.9,3839.9,3853.34,1801993,6943692168.5,123639,1251465,69.45,-0.001858566953899743
TCS,EQ,2024-05-29,3839.9,3848.9,3848.9,3800.0,3803.0,3803.65,3817.18,1568095,5985700080.4,118150,1116629,71.21,-0.009440350009114806
TCS,EQ,2024-05-30,3803.65,3777.0,3794.4,3715.45,3739.0,3736.1,3747.95,2919230,10941116841.4,186630,1998660,68.47,-0.01775925755524299
TCS,EQ,2024-05-31,3736.1,3740.0,3749.8,3653.75,3698.0,3670.95,3684.36,10956800,40368844653.2,323000,8218394,75.01,-0.017437970075747433
TCS,EQ,2024-06-03,3670.95,3732.8,3751.55,3696.0,3706.0,3702.85,3713.72,2156773,8009653406.45,203491,1485357,68.87,0.008689848676773027
TCS,EQ,2024-06-04,3702.85,3700.0,3745.0,3591.5,3732.55,3715.0,3694.29,3395997,12545796705.45,274839,1875330,55.22,0.0032812563295840924
TCS,EQ,2024-06-05,3715.0,3716.0,3783.8,3700.0,3755.1,3746.45,3747.69,2799670,10492304940.65,205741,1753337,62.63,0.008465679676985083
TCS,EQ,2024-06-06,3746.45,3781.0,3839.9,3741.5,3836.0,3830.4,3796.58,4328036,16431736429.5,281068,2354986,54.41,0.022407879459221514
TCS,EQ,2024-06-07,3830.4,3837.3,3915.0,3837.3,3888.55,3893.95,3891.54,4552445,17716023957.4,277984,2356808,51.77,0.016590956558061754
TCS,EQ,2024-06-10,3893.95,3895.0,3905.9,3841.9,3859.0,3858.7,3864.83,1734661,6704174826.45,117061,1087215,62.68,-0.00905250452625228
TCS,EQ,2024-06-11,3858.7,3845.0,3879.95,3841.0,3855.65,3852.1,3860.66,1419898,5481742091.6,94929,968128,68.18,-0.0017104206079767703
TCS,EQ,2024-06-12,3852.1,3874.4,3893.5,3827.45,3837.0,3831.65,3853.4,2177001,8388848726.55,142302,1598098,73.41,-0.005308792606630086
TCS,EQ,2024-06-13,3831.65,3856.8,3890.0,3852.0,3873.0,3878.15,3872.82,1932323,7483532564.55,128094,1160787,60.07,0.012135763965915425
TCS,EQ,2024-06-14,3878.15,3889.0,3889.0,3828.0,3833.0,3832.05,3842.0,1860730,7148928964.95,133590,1101634,59.2,-0.011887111122571348
TCS,EQ,2024-06-18,3832.05,3826.05,3842.0,3795.05,3819.0,3815.1,3819.14,1774045,6775333799.5,126236,1106791,62.39,-0.004423219947547685
TCS,EQ,2024-06-19,3815.1,3827.65,3833.85,3792.95,3801.0,3801.7,3806.93,1509050,5744844872.3,111353,981626,65.05,-0.0035123587848286952
TCS,EQ,2024-06-20,3801.7,3796.0,3809.95,3780.05,3789.85,3787.25,3791.92,2846526,10793810411.95,226469,1713903,60.21,-0.0038009311623746767
TCS,EQ,2024-06-21,3787.25,3827.0,3877.8,3798.05,3802.0,3810.75,3827.86,4642195,17769672677.3,206639,2264402,48.78,0.006205030034985848
TCS,EQ,2024-06-24,3810.75,3808.75,3857.0,3791.3,3815.0,3816.8,3834.36,1702154,6526663734.2,115165,1073981,63.1,0.0015876139867481154
TCS,EQ,2024-06-25,3816.8,3817.0,3847.65,3792.9,3840.0,3838.45,3822.4,1338808,5117458194.4,140971,926061,69.17,0.005672290924334522
TCS,EQ,2024-06-26,3838.45,3844.5,3866.95,3841.0,3853.3,3855.85,3856.13,1639845,6323455478.65,159513,1131357,68.99,0.0045330797587568306
TCS,EQ,2024-06-27,3855.85,3831.0,3942.0,3818.1,3928.0,3934.15,3897.23,4526556,17641007616.5,308765,2362282,52.19,0.02030680654071082
TCS,EQ,2024-06-28,3934.15,3917.8,3960.0,3897.85,3906.75,3904.15,3924.69,2731571,10720556955.7,178435,1553691,56.88,-0.007625535376129533
TCS,EQ,2024-07-01,3904.15,3884.0,4001.7,3884.0,3963.45,3978.2,3968.4,2658723,10550877400.5,152648,1549138,58.27,0.018966996657402868
TCS,EQ,2024-07-02,3978.2,3993.6,4023.4,3982.55,4009.8,4017.4,4005.25,2307449,9241906331.9,193878,1303944,56.51,0.009853702679603948
TCS,EQ,2024-07-03,4017.4,4020.0,4026.1,3955.0,3968.0,3965.25,3969.17,1821198,7228650456.4,131803,1082619,59.45,-0.01298103250858762
TCS,EQ,2024-07-04,3965.25,3999.85,4047.35,3982.1,4019.95,4020.95,4024.81,2518001,10134477139.9,140694,1390028,55.2,0.014047033604438486
TCS,EQ,2024-07-05,4020.95,4010.0,4026.75,3988.0,4010.0,4011.8,4007.4,1668616,6686808295.4,120737,903753,54.16,-0.0022755816411543783
TCS,EQ,2024-07-08,4011.8,4022.0,4031.25,3978.05,3997.0,3993.2,3995.83,1758882,7028192322.85,109949,1170916,66.57,-0.004636322847599628
TCS,EQ,2024-07-09,3993.2,3985.0,4006.95,3975.1,3983.7,3985.5,3990.33,1305801,5210579214.45,142268,896047,68.62,-0.001928278072723555
TCS,EQ,2024-07-10,3985.5,3983.7,4003.3,3902.0,3915.0,3909.15,3925.5,2669716,10479963237.85,137357,1713731,64.19,-0.019156943921716185
TCS,EQ,2024-07-11,3909.15,3931.0,3980.0,3895.6,3902.0,3923.7,3928.74,4872189,19141549805.05,214372,2951068,60.57,0.003722036759909342
TCS,EQ,2024-07-12,3923.7,3980.0,4199.95,3971.3,4182.45,4183.95,4117.02,13509164,55617454764.65,800145,5960225,44.12,0.06632770089456375
TCS,EQ,2024-07-15,4183.95,4235.7,4240.0,4157.05,4167.35,4169.2,4204.15,4848030,20381843135.15,238210,3467248,71.52,-0.003525376737293695
TCS,EQ,2024-07-16,4169.2,4172.0,4194.55,4144.9,4171.05,4178.45,4173.42,2029521,8470051366.65,123240,1481176,72.98,0.0022186510601553966
TCS,EQ,2024-07-18,4178.45,4160.0,4325.0,4160.0,4297.2,4315.55,4271.66,5613364,23978361639.45,361931,3043655,54.22,0.03281120989840747
TCS,EQ,2024-07-19,4315.55,4317.4,4358.75,4285.25,4298.0,4302.4,4319.15,3903354,16859178396.2,290294,2160304,55.34,-0.003047120297528849
TCS,EQ,2024-07-22,4302.4,4299.95,4319.95,4265.0,4282.1,4287.35,4292.14,1896386,8139560522.25,132112,1295930,68.34,-0.0034980476013386497
TCS,EQ,2024-07-23,4287.35,4283.0,4361.7,4266.3,4311.0,4302.35,4302.19,2365208,10175578824.25,180645,1466191,61.99,0.0034986646763150997
TCS,EQ,2024-07-24,4302.35,4287.5,4339.1,4268.1,4305.0,4306.25,4309.5,1809793,7799303896.95,118444,1152683,63.69,0.0009064813415922135
TCS,EQ,2024-07-25,4306.25,4295.0,4343.0,4274.2,4332.25,4322.5,4314.53,2810342,12125310419.4,196421,1830024,65.12,0.0037735849056603765
TCS,EQ,2024-07-26,4322.5,4350.0,4422.45,4337.05,4393.65,4387.85,4390.46,3552210,15595841522.45,167036,2259693,63.61,0.015118565644881565
TCS,EQ,2024-07-29,4387.85,4415.0,4431.0,4371.0,4380.0,4381.1,4390.57,1746803,7669454915.15,119852,1260177,72.14,-0.0015383388219742944
TCS,EQ,2024-07-30,4381.1,4391.1,4398.0,4327.3,4353.15,4365.35,4358.33,1797906,7835871346.1,145705,1275115,70.92,-0.0035949875602018233
TCS,EQ,2024-07-31,4365.35,4350.0,4414.0,4345.0,4392.0,4385.35,4387.35,2330091,10222933214.05,166542,1726235,74.08,0.004581534126702369
TCS,EQ,2024-08-01,4385.35,4399.4,4419.3,4365.05,4387.0,4397.1,4390.04,2202244,9667930574.85,125252,1406101,63.85,0.002679375648465987
TCS,EQ,2024-08-02,4397.1,4365.0,4398.0,4270.0,4283.85,4283.05,4309.34,2811282,12114777969.55,213069,1705592,60.67,-0.025937549748697997
TCS,EQ,2024-08-05,4283.05,4239.0,4239.0,4110.5,4160.0,4155.05,4165.25,2787771,11611760562.2,169844,1792731,64.31,-0.02988524532751191
TCS,EQ,2024-08-06,4155.05,4170.95,4258.25,4160.8,4175.1,4171.2,4193.98,2203067,9239608320.05,134281,1428036,64.82,0.003886836500162305
TCS,EQ,2024-08-07,4171.2,4228.0,4244.95,4180.3,4201.0,4200.45,4201.58,1237666,5200150778.85,102627,796283,64.34,0.007012370540851576
TCS,EQ,2024-08-08,4200.45,4181.0,4232.0,4160.0,4174.0,4172.55,4190.47,2441283,10230119942.8,120490,1684925,69.02,-0.006642145484412332
TCS,EQ,2024-08-09,4172.55,4217.0,4253.65,4205.55,4220.0,4228.75,4233.82,1302536,5514705150.35,79876,835330,64.13,0.013468981797701618
TCS,EQ,2024-08-12,4228.75,4230.0,4239.0,4186.35,4193.1,4195.65,4210.62,936912,3944978151.6,86028,593190,63.31,-0.007827372154892154
TCS,EQ,2024-08-13,4195.65,4213.0,4234.0,4183.0,4197.0,4196.95,4209.09,1495593,6295091175.55,99105,981192,65.61,0.0003098447201268506
TCS,EQ,2024-08-14,4196.95,4209.0,4306.2,4188.15,4293.0,4295.25,4265.75,3226545,13763619690.8,182461,2058456,63.8,0.023421770571486533
TCS,EQ,2024-08-16,4295.25,4350.0,4427.0,4325.1,4414.2,4416.05,4395.48,3457058,15195430172.75,233969,2117237,61.24,0.028124090565159188
TCS,EQ,2024-08-19,4416.05,4421.0,4494.25,4390.35,4490.0,4490.0,4459.62,2055210,9165457457.55,118736,1182630,57.54,0.016745734310073424
TCS,EQ,2024-08-20,4490.0,4505.0,4565.0,4500.0,4505.0,4523.3,4529.5,2212298,10020613301.75,128019,1329501,60.1,0.007416481069042247
TCS,EQ,2024-08-21,4523.3,4518.0,4560.0,4492.55,4550.0,4551.5,4529.61,1896990,8592617038.5,115023,1447546,76.31,0.006234386399310177
TCS,EQ,2024-08-22,4551.5,4560.0,4560.95,4497.2,4502.0,4502.0,4515.52,1829872,8262819007.85,114303,1160455,63.42,-0.010875535537734793
TCS,EQ,2024-08-23,4502.0,4500.0,4506.0,4455.0,4473.05,4463.9,4469.04,1809253,8085619687.4,101893,1135736,62.77,-0.008462905375388852
TCS,EQ,2024-08-26,4463.9,4489.0,4552.15,4485.0,4506.6,4502.45,4517.26,1844164,8330571610.15,118509,1152094,62.47,0.008635946145747031
TCS,EQ,2024-08-27,4502.45,4505.0,4510.0,4486.8,4491.0,4497.15,4496.77,930697,4185134647.0,65265,599149,64.38,-0.0011771368921364989
TCS,EQ,2024-08-28,4497.15,4498.75,4562.5,4457.3,4513.0,4506.05,4515.24,1848058,8344430539.8,127744,1110045,60.07,0.0019790311641818548
TCS,EQ,2024-08-29,4506.05,4460.0,4556.0,4460.0,4507.0,4511.8,4515.71,2133641,9634899513.2,138513,1117184,52.36,0.0012760621830649743
TCS,EQ,2024-08-30,4511.8,4500.0,4592.25,4487.8,4562.7,4553.75,4545.75,3637222,16533915087.45,155239,2308090,63.46,0.00929784121636601
TCS,EQ,2024-09-02,4553.75,4576.0,4588.0,4512.0,4526.4,4521.05,4545.25,1216500,5529299899.1,109365,707749,58.18,-0.007180894866867904
TCS,EQ,2024-09-03,4521.05,4521.05,4555.9,4495.9,4512.65,4512.35,4523.6,1717263,7768215760.7,117744,1182755,68.87,-0.0019243317370963853
TCS,EQ,2024-09-04,4512.35,4476.95,4487.0,4436.7,4484.0,4479.25,4468.96,1265505,5655496454.35,123447,824480,65.15,-0.0073354238922069825
TCS,EQ,2024-09-05,4479.25,4481.0,4499.0,4454.15,4490.0,4475.95,4469.15,1688793,7547477632.9,105236,1126276,66.69,-0.0007367304794330121
TCS,EQ,2024-09-06,4475.95,4473.95,4518.95,4440.0,4460.5,4456.75,4466.8,1649179,7366546120.25,148566,754328,45.74,-0.0042895921536210135
TCS,EQ,2024-09-09,4456.75,4455.0,4490.25,4430.5,4458.0,4449.55,4459.58,1184938,5284328321.15,92569,803470,67.81,-0.0016155270095921104
TCS,EQ,2024-09-10,4449.55,4442.45,4539.95,4440.45,4510.0,4507.85,4499.44,1385591,6234377452.2,125535,774002,55.86,0.013102448562214208
TCS,EQ,2024-09-11,4507.85,4521.45,4549.35,4471.25,4495.5,4479.35,4504.96,1325919,5973212660.05,127870,885040,66.75,-0.006322304424503877
TCS,EQ,2024-09-12,4479.35,4510.25,4532.6,4431.3,4495.3,4517.7,4485.01,2742216,12298852603.6,179765,1336809,48.75,0.008561510040519194
TCS,EQ,2024-09-13,4517.7,4530.0,4547.0,4505.0,4521.75,4522.6,4526.87,1458786,6603740972.9,78892,773596,53.03,0.0010846227062444314
TCS,EQ,2024-09-16,4522.6,4527.0,4546.05,4494.45,4509.0,4513.25,4516.51,1155120,5217113716.25,61456,819874,70.98,-0.002067394861362981
TCS,EQ,2024-09-17,4513.25,4513.25,4535.8,4466.0,4511.0,4505.65,4505.75,1699364,7656902882.2,88562,1205365,70.93,-0.0016839306486456929
TCS,EQ,2024-09-18,4505.65,4497.05,4497.05,4321.0,4347.9,4346.15,4370.07,2961779,12943188817.6,244673,1563431,52.79,-0.03539999778056435
TCS,EQ,2024-09-19,4346.15,4390.05,4422.2,4281.8,4307.0,4296.15,4321.08,2927551,12650187150.25,232656,1509863,51.57,-0.011504434959676901
TCS,EQ,2024-09-20,4296.15,4316.9,4330.7,4227.5,4295.0,4284.9,4278.76,5447908,23310316503.1,291115,2801478,51.42,-0.002618623651408858
TCS,EQ,2024-09-23,4284.9,4300.0,4309.4,4253.0,4266.05,4268.5,4270.4,1702319,7269588108.95,169788,1044526,61.36,-0.003827393871502216
TCS,EQ,2024-09-24,4268.5,4251.65,4291.0,4240.0,4282.0,4271.3,4265.03,3012026,12846372402.7,140428,2425914,80.54,0.0006559681386903993
TCS,EQ,2024-09-25,4271.3,4252.35,4289.6,4240.0,4275.35,4274.75,4263.61,2713073,11567483701.95,153942,2071060,76.34,0.0008077166202327124
TCS,EQ,2024-09-26,4274.75,4260.0,4316.8,4260.0,4295.0,4292.5,4288.28,3964251,16999820745.85,185888,2744141,69.22,0.004152289607579407
TCS,EQ,2024-09-27,4292.5,4335.0,4378.0,4300.05,4305.0,4308.7,4327.38,3012477,13036144375.45,231071,1629655,54.1,0.0037740244612696205
TCS,EQ,2024-09-30,4308.7,4286.9,4298.75,4260.05,4271.0,4268.5,4272.29,2503416,10695320177.3,212084,1980983,79.13,-0.009329960312855379
TCS,EQ,2024-10-01,4268.5,4255.55,4295.75,4242.95,4283.25,4287.9,4271.73,1823365,7788915830.7,121772,1082513,59.37,0.004544922103783433
TCS,EQ,2024-10-03,4287.9,4262.6,4279.0,4210.0,4232.5,4232.75,4233.39,3350119,14182364569.6,168212,2293281,68.45,-0.01286177382868059
TCS,EQ,2024-10-04,4232.75,4225.0,4298.0,4224.05,4251.9,4252.25,4256.15,2965463,12621465329.55,194588,1474539,49.72,0.004606934026342158
TCS,EQ,2024-10-07,4252.25,4273.9,4297.25,4229.4,4274.0,4272.85,4263.8,1472619,6278960109.95,117843,940293,63.85,0.004844494091363449
TCS,EQ,2024-10-08,4272.85,4272.6,4279.4,4203.95,4259.4,4253.25,4239.02,1541867,6536012531.7,163898,904607,58.67,-0.0045871022853599674
TCS,EQ,2024-10-09,4253.25,4260.0,4295.0,4246.7,4258.95,4252.95,4267.11,1082504,4619161345.7,102574,596826,55.13,-7.053429730208283e-05
TCS,EQ,2024-10-10,4252.95,4253.25,4293.85,4198.6,4227.9,4227.4,4242.82,2378875,10093143863.45,176710,1219923,51.28,-0.0060075947283650954
TCS,EQ,2024-10-11,4227.4,4143.0,4241.95,4112.45,4146.0,4149.2,4164.41,5759183,23983586815.7,377816,2942450,51.09,-0.018498367791077164
TCS,EQ,2024-10-14,4149.2,4140.0,4165.4,4122.2,4139.0,4136.65,4144.11,2137590,8858398067.15,140166,1414698,66.18,-0.003024679456280821
TCS,EQ,2024-10-15,4136.65,4131.05,4169.95,4095.0,4119.0,4116.8,4119.31,2759474,11367123225.35,154340,2022225,73.28,-0.004798568890285515
TCS,EQ,2024-10-16,4116.8,4085.0,4115.0,4067.2,4094.0,4094.95,4089.04,2359151,9646655679.4,192691,1611752,68.32,-0.005307520404197574
TCS,EQ,2024-10-17,4094.95,4112.8,4129.95,4092.95,4111.25,4109.0,4108.84,2522659,10365190148.65,215233,1879351,74.5,0.003431055324240928
TCS,EQ,2024-10-18,4109.0,4090.0,4146.15,4080.0,4130.5,4123.05,4121.27,2361000,9730315576.7,160733,1297484,54.95,0.0034193234363593117
TCS,EQ,2024-10-21,4123.05,4132.6,4139.95,4070.0,4071.0,4079.85,4096.64,1595450,6535979616.1,118454,1055061,66.13,-0.010477680357987462
TCS,EQ,2024-10-22,4079.85,4066.0,4089.8,4006.35,4020.0,4015.5,4054.8,1928049,7817858767.15,178215,1341203,69.56,-0.015772638699952157
TCS,EQ,2024-10-23,4015.5,3999.6,4113.55,3995.15,4065.15,4066.25,4069.32,1966476,8002229160.45,129950,1191908,60.61,0.012638525712862725
TCS,EQ,2024-10-24,4066.25,4004.0,4079.0,4004.0,4050.0,4047.9,4048.73,2676744,10837400632.35,111747,1948709,72.8,-0.004512757454657179
TCS,EQ,2024-10-25,4047.9,4057.05,4092.0,4032.7,4060.0,4057.55,4063.37,1759676,7150208882.35,132353,964642,54.82,0.0023839521727315738
TCS,EQ,2024-10-28,4057.55,4068.95,4134.0,4051.0,4090.05,4090.85,4092.04,1532534,6271197563.7,95406,1050314,68.53,0.008206922896822011
TCS,EQ,2024-10-29,4090.85,4095.85,4103.5,4060.1,4080.0,4075.25,4075.78,1445885,5893106996.85,101205,1015147,70.21,-0.003813388415610408
TCS,EQ,2024-10-30,4075.25,4075.0,4107.0,4060.05,4071.2,4084.65,4093.47,1935002,7920876293.3,109837,1497222,77.38,0.002306606956628432
TCS,EQ,2024-10-31,4084.65,4070.0,4078.3,3960.0,3975.0,3968.45,3980.19,3740372,14887381076.25,248757,2448263,65.46,-0.028447969838297116
TCS,EQ,2024-11-01,3968.45,3989.85,3998.95,3976.05,3983.05,3984.2,3987.41,154895,617630511.6,18588,82548,53.29,0.0039688039410852305
TCS,EQ,2024-11-04,3984.2,3966.3,3991.9,3913.25,3967.0,3964.15,3950.51,2269192,8964463071.95,199030,1490900,65.7,-0.0050323778926759655
TCS,EQ,2024-11-05,3964.15,3941.1,3986.0,3941.1,3971.55,3971.35,3969.47,967590,3840820731.7,92042,552605,57.11,0.001816278395116111
TCS,EQ,2024-11-06,3971.35,4003.6,4149.8,3975.25,4143.0,4139.65,4102.32,3792017,15556064937.35,233333,2491090,65.69,0.042378536266005185
TCS,EQ,2024-11-07,4139.65,4169.7,4205.8,4085.05,4146.0,4150.9,4144.54,3724349,15435705018.25,189460,2579748,69.27,0.0027176210549200164
TCS,EQ,2024-11-08,4150.9,4155.0,4169.75,4117.65,4135.65,4147.0,4141.5,1648039,6825348802.4,139776,945596,57.38,-0.0009395552771687132
TCS,EQ,2024-11-11,4147.0,4128.2,4234.3,4117.65,4186.5,4198.7,4195.46,1406487,5900864157.1,149144,741937,52.75,0.012466843501326208
TCS,EQ,2024-11-12,4198.7,4216.0,4218.0,4164.35,4180.0,4197.4,4195.93,1587640,6661621166.75,102025,1106602,69.7,-0.0003096196441756405
TCS,EQ,2024-11-13,4197.4,4178.1,4196.75,4131.05,4151.65,4150.35,4155.05,1098813,4565628216.2,114945,702561,63.94,-0.011209320055272087
TCS,EQ,2024-11-14,4150.35,4135.0,4160.0,4116.45,4148.0,4145.9,4142.32,1825432,7561531479.9,165379,1122028,61.47,-0.0010721987302277913
TCS,EQ,2024-11-18,4145.9,4213.0,4213.0,3990.2,4017.15,4019.5,4071.97,3313944,13494296959.7,178320,1893074,57.12,-0.03048795195253129
TCS,EQ,2024-11-19,4019.5,4019.9,4132.15,4014.1,4042.0,4039.55,4080.53,1776233,7247968687.6,133137,1042954,58.72,0.004988182609777292
TCS,EQ,2024-11-21,4039.55,4044.9,4092.45,4024.0,4068.0,4072.85,4058.28,2384347,9676346995.65,158009,1367616,57.36,0.008243492468220426
TCS,EQ,2024-11-22,4072.85,4071.0,4254.95,4054.0,4221.95,4244.6,4186.15,3096553,12962640957.15,163715,1848709,59.7,0.042169488196226235
TCS,EQ,2024-11-25,4244.6,4280.0,4328.1,4252.2,4320.0,4315.1,4303.42,4052167,17438178815.15,154060,2898609,71.53,0.01660933892475147
TCS,EQ,2024-11-26,4315.1,4321.05,4366.6,4310.0,4351.0,4352.7,4337.42,2060669,8937980540.1,156578,1404367,68.15,0.008713587170633197
TCS,EQ,2024-11-27,4352.7,4358.95,4377.4,4324.05,4332.95,4332.55,4348.89,1558993,6779887252.4,118269,948396,60.83,-0.004629310542881293
TCS,EQ,2024-11-28,4332.55,4319.0,4339.95,4233.0,4250.8,4244.9,4265.99,2558544,10914733802.8,165049,1539671,60.18,-0.020230580143333676
TCS,EQ,2024-11-29,4244.9,4220.0,4298.7,4195.65,4266.0,4270.85,4262.53,2017425,8599333668.25,133480,1206191,59.79,0.006113218214799154
TCS,EQ,2024-12-02,4270.85,4270.0,4288.2,4230.05,4268.85,4276.65,4267.97,1670944,7131539607.8,158372,1114673,66.71,0.001358043480805815
TCS,EQ,2024-12-03,4276.65,4314.35,4325.0,4265.45,4303.0,4302.75,4298.86,2010905,8644599154.7,144243,1314577,65.37,0.006102907649679246
TCS,EQ,2024-12-04,4302.75,4313.55,4386.95,4289.05,4342.0,4354.4,4360.32,3302642,14400589848.0,217385,2223011,67.31,0.012003950961594345
TCS,EQ,2024-12-05,4354.4,4400.8,4489.0,4360.0,4455.15,4464.05,4430.75,3746747,16600910836.35,260982,1901325,50.75,0.025181425684365433
TCS,EQ,2024-12-06,4464.05,4453.0,4465.0,4412.75,4444.15,4445.5,4439.27,1842087,8177521134.6,138417,1145887,62.21,-0.0041554194061447225
TCS,EQ,2024-12-09,4445.5,4430.45,4469.4,4415.55,4445.6,4452.15,4446.54,2066639,9189399351.95,127439,1501391,72.65,0.0014958947250027776
TCS,EQ,2024-12-10,4452.15,4426.15,4493.8,4412.1,4437.8,4432.55,4440.97,2087828,9271971917.9,142478,1219085,58.39,-0.004402367395527906
TCS,EQ,2024-12-11,4432.55,4431.85,4448.65,4407.0,4423.0,4427.45,4425.28,1635256,7236472507.4,108588,1005439,61.49,-0.0011505792376849122
TCS,EQ,2024-12-12,4427.45,4430.05,4485.0,4426.0,4460.0,4454.95,4461.52,1914642,8542215590.15,149188,1047595,54.71,0.006211250268213009
TCS,EQ,2024-12-13,4454.95,4434.95,4494.9,4394.4,4474.9,4473.9,4457.63,1967048,8768379842.0,153642,1069246,54.36,0.004253695327669282
TCS,EQ,2024-12-16,4473.9,4459.0,4475.0,4397.0,4416.0,4415.2,4425.19,1646224,7284853956.4,132903,949508,57.68,-0.013120543597308743
TCS,EQ,2024-12-17,4415.2,4410.0,4432.95,4318.0,4322.7,4328.5,4346.26,3225027,14016805137.0,172049,2249458,69.75,-0.019636709548831233
TCS,EQ,2024-12-18,4328.5,4311.7,4362.0,4289.6,4355.65,4347.85,4333.96,1575404,6827736370.0,106590,908340,57.66,0.00447037079819812
TCS,EQ,2024-12-19,4347.85,4282.0,4364.0,4262.0,4281.0,4271.9,4302.28,3015763,12974663426.65,217876,1901387,63.05,-0.017468403923778575
TCS,EQ,2024-12-20,4271.9,4329.0,4382.0,4152.5,4177.05,4170.3,4239.81,4116989,17455242238.8,214598,1996120,48.48,-0.02378332826142926
TCS,EQ,2024-12-23,4170.3,4200.05,4217.0,4114.9,4157.05,4158.3,4150.99,2195338,9112820726.95,149845,1154260,52.58,-0.0028774908279979305
TCS,EQ,2024-12-24,4158.3,4158.3,4218.0,4158.3,4182.0,4179.5,4186.17,1181886,4947571708.95,77609,533344,45.13,0.005098237260418914
TCS,EQ,2024-12-26,4179.5,4179.5,4199.95,4143.15,4170.0,4169.1,4163.43,1208464,5031352687.2,106756,759763,62.87,-0.002488335925349805
TCS,EQ,2024-12-27,4169.1,4163.0,4180.95,4147.25,4157.1,4164.85,4163.19,858100,3572437410.85,88194,509029,59.32,-0.0010194046676740287
TCS,EQ,2024-12-30,4164.85,4151.0,4199.3,4112.0,4150.0,4158.8,4152.08,1527169,6340928576.3,116250,913896,59.84,-0.0014526333481398312
TCS,EQ,2024-12-31,4158.8,4135.0,4139.95,4032.05,4106.0,4094.8,4079.71,1555429,6345700031.05,162877,854601,54.94,-0.015389054534961977
TCS,EQ,2025-01-01,4094.8,4094.4,4134.0,4085.45,4112.0,4112.45,4112.75,763161,3138692117.15,99498,369867,48.47,0.004310344827586077
TCS,EQ,2025-01-02,4112.45,4120.0,4183.0,4096.95,4166.0,4175.75,4159.77,1720835,7158273705.25,124549,910701,52.92,0.015392284404673662
TCS,EQ,2025-01-03,4175.75,4179.95,4179.95,4092.3,4097.0,4099.9,4114.17,1791953,7372404407.85,125354,983880,54.91,-0.018164401604502278
TCS,EQ,2025-01-06,4099.9,4105.5,4149.65,4066.4,4090.0,4095.0,4107.14,2085593,8565822653.7,158660,1388663,66.58,-0.001195151101246239
TCS,EQ,2025-01-07,4095.0,4114.95,4140.35,4011.55,4031.0,4028.3,4045.86,2669054,10798629271.2,177825,1585862,59.42,-0.016288156288156275
TCS,EQ,2025-01-08,4028.3,4034.9,4126.0,4017.75,4095.05,4108.4,4056.18,2181277,8847652251.5,180073,1258381,57.69,0.01988431844698746
TCS,EQ,2025-01-09,4108.4,4101.0,4137.75,4025.3,4044.0,4038.85,4073.67,2392472,9746149398.35,183446,1162001,48.57,-0.016928731379612483
TCS,EQ,2025-01-10,4038.85,4200.0,4297.0,4170.0,4265.0,4265.65,4240.63,7894300,33476809439.65,436975,2978124,37.72,0.05615459846243365
TCS,EQ,2025-01-13,4265.65,4245.0,4322.95,4227.4,4299.0,4291.1,4294.04,4003771,17192353666.25,270932,2226104,55.6,0.005966265399177217
TCS,EQ,2025-01-14,4291.1,4302.0,4313.9,4219.05,4241.15,4233.05,4252.06,3441709,14634369218.5,180842,2470988,71.8,-0.01352799981356767
TCS,EQ,2025-01-15,4233.05,4218.0,4256.45,4207.45,4255.4,4249.6,4229.68,1653474,6993667215.6,130857,1186396,71.75,0.003909710492434604
TCS,EQ,2025-01-16,4249.6,4260.0,4294.0,4191.85,4215.0,4206.3,4212.91,2637705,11112418871.4,176306,1710860,64.86,-0.010189194277108515
TCS,EQ,2025-01-17,4206.3,4159.9,4160.6,4100.05,4130.0,4124.3,4132.6,1761466,7279436408.25,157671,1115204,63.31,-0.019494567672301066
TCS,EQ,2025-01-20,4124.3,4145.8,4145.8,4068.1,4080.0,4077.8,4085.51,1287799,5261320398.8,148489,844130,65.55,-0.01127464054506222
TCS,EQ,2025-01-21,4077.8,4095.3,4111.0,4030.0,4038.0,4035.85,4065.27,1971591,8015045148.0,148666,799046,40.53,-0.010287409877875353
TCS,EQ,2025-01-22,4035.85,4050.0,4163.15,4044.2,4152.0,4156.6,4132.48,2409223,9956065096.7,153702,1285687,53.37,0.02991934784493977
TCS,EQ,2025-01-23,4156.6,4168.0,4191.35,4140.05,4148.0,4145.45,4161.12,1822998,7585718475.4,139860,1124451,61.68,-0.002682480873791193
TCS,EQ,2025-01-24,4145.45,4104.0,4178.0,4104.0,4153.1,4152.35,4155.62,1910099,7937640859.2,99760,1317211,68.96,0.0016644755092933838
TCS,EQ,2025-01-27,4152.35,4102.0,4156.35,4041.05,4067.0,4065.15,4088.62,1551782,6344644149.25,143859,1013049,65.28,-0.021000156537864134
TCS,EQ,2025-01-28,4065.15,4070.8,4102.0,4028.3,4040.0,4040.3,4057.3,2468272,10014514674.15,150121,1505478,60.99,-0.006112935562033406
TCS,EQ,2025-01-29,4040.3,4054.0,4107.85,4054.0,4105.0,4099.8,4091.12,1217089,4979253773.0,108284,697347,57.3,0.014726629210702225
TCS,EQ,2025-01-30,4099.8,4099.9,4129.9,4058.5,4100.0,4100.05,4098.87,1531251,6276404777.9,97767,859803,56.15,6.097858432108083e-05
TCS,EQ,2025-01-31,4100.05,4110.0,4128.45,4085.25,4114.15,4112.4,4106.05,1492943,6130103902.2,121858,1042620,69.84,0.0030121583883122582
TCS,EQ,2025-02-01,4112.4,4113.0,4135.9,4056.0,4073.0,4073.15,4082.48,437172,1784747121.1,49186,175483,40.14,-0.009544305028693634
TCS,EQ,2025-02-03,4073.15,4030.9,4077.0,3998.7,4064.0,4068.65,4045.97,1265713,5121041211.0,155134,782762,61.84,-0.0011047960423750114
TCS,EQ,2025-02-04,4068.65,4083.7,4118.85,4066.05,4105.15,4107.05,4098.0,2547132,10438141551.8,141942,1843488,72.38,0.009438019982057844
TCS,EQ,2025-02-05,4107.05,4150.0,4150.0,4076.0,4086.0,4091.1,4096.29,1693912,6938752665.75,130235,1199334,70.8,-0.003883566063232813
TCS,EQ,2025-02-06,4091.1,4105.4,4139.5,4051.55,4087.0,4082.75,4080.65,2284536,9322389842.5,183903,1396375,61.12,-0.0020410158637040876
TCS,EQ,2025-02-07,4082.75,4090.0,4090.0,4008.0,4032.0,4029.4,4033.06,1548940,6246965406.4,177110,993255,64.12,-0.01306717286142911
TCS,EQ,2025-02-10,4029.4,4040.0,4052.0,4014.35,4034.0,4036.95,4035.26,1339511,5405279190.45,133697,891261,66.54,0.0018737280984761906
TCS,EQ,2025-02-11,4036.95,4018.4,4040.0,3955.0,3967.0,3963.55,3989.58,1810908,7224758107.05,121478,1010823,55.82,-0.018182043374329493
TCS,EQ,2025-02-12,3963.55,3971.1,4021.75,3940.15,3956.25,3950.15,3978.32,1678002,6675628781.95,128576,877252,52.28,-0.0033808076093401196
TCS,EQ,2025-02-13,3950.15,3968.0,3984.45,3902.25,3920.0,3910.15,3930.8,2277310,8951639767.6,163030,1498339,65.79,-0.010126197739326326
TCS,EQ,2025-02-14,3910.15,3925.0,3948.0,3900.0,3928.0,3934.85,3921.57,1681975,6595986554.05,163805,1123005,66.77,0.006316893213815344
TCS,EQ,2025-02-17,3934.85,3856.5,3934.0,3856.2,3908.0,3904.5,3911.78,1799806,7040439519.8,168626,1224845,68.05,-0.007713127565218469
TCS,EQ,2025-02-18,3904.5,3898.4,3924.4,3864.5,3873.0,3873.2,3891.66,2149879,8366596747.55,135773,1516041,70.52,-0.008016391343321883
TCS,EQ,2025-02-19,3873.2,3872.2,3874.95,3768.15,3785.0,3784.1,3796.48,4366672,16578004180.7,229923,3134639,71.79,-0.023004234224930253
TCS,EQ,2025-02-20,3784.1,3761.5,3788.0,3751.3,3788.0,3779.4,3772.99,2888572,10898564437.85,184053,2195342,76.0,-0.0012420390581643348
TCS,EQ,2025-02-21,3779.4,3776.1,3817.0,3775.0,3789.9,3786.0,3792.04,1833931,6954338537.8,125392,1159950,63.25,0.0017463089379265995
TCS,EQ,2025-02-24,3786.0,3743.15,3763.2,3670.0,3671.0,3675.6,3701.2,2508516,9284523845.2,172279,1828578,72.89,-0.02916006339144217
TCS,EQ,2025-02-25,3675.6,3625.0,3658.0,3621.25,3627.0,3629.55,3638.67,4101954,14925647967.55,198489,2871986,70.02,-0.012528566764609783
TCS,EQ,2025-02-27,3629.55,3611.7,3638.0,3600.7,3608.05,3612.55,3613.5,3823856,13817496735.8,212465,3058793,79.99,-0.004683776225702929
TCS,EQ,2025-02-28,3612.55,3584.95,3600.0,3457.0,3478.0,3483.25,3491.8,7085018,24739464379.85,340110,5087477,71.81,-0.0357918921537419
TCS,EQ,2025-03-03,3483.25,3485.0,3523.25,3476.15,3506.0,3493.05,3497.97,4990439,17456399246.2,248034,3903959,78.23,0.0028134644369484096
TCS,EQ,2025-03-04,3493.05,3474.0,3551.0,3464.3,3533.0,3532.05,3518.16,2797737,9842880030.3,157084,1837354,65.67,0.01116502769785721
TCS,EQ,2025-03-05,3532.05,3520.85,3600.35,3520.85,3557.0,3547.05,3561.68,2501894,8910937236.55,145336,1695934,67.79,0.004246825497940199
TCS,EQ,2025-03-06,3547.05,3557.0,3609.45,3536.1,3592.1,3601.6,3571.61,2786513,9952339476.2,201910,1792915,64.34,0.015378976896293972
TCS,EQ,2025-03-07,3601.6,3600.0,3625.0,3574.4,3602.0,3611.2,3605.34,2051315,7395690221.35,131372,1392501,67.88,0.0026654820079963226
TCS,EQ,2025-03-10,3611.2,3606.5,3622.1,3582.6,3589.0,3589.65,3602.11,1004626,3618776661.3,75981,654716,65.17,-0.005967545414266695
TCS,EQ,2025-03-11,3589.65,3558.0,3588.75,3537.65,3585.0,3575.3,3567.93,1995450,7119617263.55,142820,1305684,65.43,-0.003997604223252904
TCS,EQ,2025-03-12,3575.3,3565.0,3569.25,3486.85,3507.8,3506.2,3504.81,3174167,11124852701.55,175588,2049932,64.58,-0.0193270494783655
TCS,EQ,2025-03-13,3506.2,3502.3,3524.3,3484.1,3509.05,3511.05,3504.71,1693004,5933491139.45,98963,1074125,63.44,0.001383263932462686
TCS,EQ,2025-03-17,3511.05,3489.0,3530.45,3477.35,3499.9,3497.7,3496.62,2690906,9409068295.75,171510,1891043,70.28,-0.0038022813688214363
TCS,EQ,2025-03-18,3497.7,3502.35,3556.95,3478.45,3545.65,3552.45,3530.44,3069109,10835299304.9,139204,2047199,66.7,0.015653143494296362
TCS,EQ,2025-03-19,3552.45,3547.0,3547.0,3462.75,3505.0,3497.1,3484.81,3051244,10632994898.7,181144,1864625,61.11,-0.01558079635181353
TCS,EQ,2025-03-20,3497.1,3512.0,3578.95,3512.0,3556.5,3563.15,3559.81,2845192,10128343015.65,156792,1873064,65.83,0.018887077864516266
TCS,EQ,2025-03-21,3563.15,3475.0,3616.25,3465.0,3578.0,3578.1,3561.68,4161925,14823464307.85,188951,2515047,60.43,0.004195725692154317
TCS,EQ,2025-03-24,3578.1,3600.0,3649.75,3566.6,3633.0,3628.95,3615.19,1834751,6632970557.7,107825,1106270,60.3,0.01421145300578508
TCS,EQ,2025-03-25,3628.95,3645.0,3710.0,3638.0,3641.0,3657.75,3673.54,3135390,11517985340.8,181313,1675966,53.45,0.00793617988674411
TCS,EQ,2025-03-26,3657.75,3647.75,3680.5,3625.85,3630.55,3635.8,3656.16,1734499,6341597992.4,141204,1125435,64.89,-0.006000956872394214
TCS,EQ,2025-03-27,3635.8,3614.85,3663.0,3610.5,3645.0,3651.2,3649.02,2528474,9226448354.45,125080,1751050,69.25,0.004235656526761611
TCS,EQ,2025-03-28,3651.2,3651.0,3660.95,3591.9,3604.0,3606.15,3613.75,2051919,7415124946.4,129740,1428630,69.62,-0.01233840929009633
TCS,EQ,2025-04-01,3606.15,3572.7,3584.0,3525.0,3556.45,3550.8,3548.01,2618493,9290445221.4,167344,1672092,63.86,-0.015348779168919746
TCS,EQ,2025-04-02,3550.8,3544.0,3564.1,3530.05,3545.0,3543.95,3547.15,1764313,6258290323.8,80651,1204853,68.29,-0.0019291427283993912
TCS,EQ,2025-04-03,3543.95,3491.0,3502.0,3396.15,3403.3,3403.15,3422.75,4537821,15531809156.15,248807,2983469,65.75,-0.039729680159144354
TCS,EQ,2025-04-04,3403.15,3362.6,3399.65,3295.5,3304.85,3299.4,3318.1,5317367,17643541008.05,216133,3855516,72.51,-0.030486461072829596
TCS,EQ,2025-04-07,3299.4,3100.0,3291.4,3056.05,3285.0,3274.05,3167.51,6623955,20981463559.1,386019,4378585,66.1,-0.0076832151300235685
TCS,EQ,2025-04-08,3274.05,3302.05,3349.0,3255.3,3292.8,3292.95,3296.22,5557558,18318927917.45,236248,3224046,58.01,0.005772666880468957
TCS,EQ,2025-04-09,3292.95,3260.55,3270.0,3212.05,3239.0,3246.6,3248.58,2990265,9714105049.5,184251,1885168,63.04,-0.014075524985195598
TCS,EQ,2025-04-11,3246.6,3289.55,3298.95,3206.0,3238.0,3231.5,3243.04,7108961,23054618625.45,354463,4101170,57.69,-0.004651019528121747
TCS,EQ,2025-04-15,3231.5,3314.4,3314.4,3238.6,3255.0,3248.2,3257.87,3512160,11442174035.7,166106,2297346,65.41,0.005167878694104955
TCS,EQ,2025-04-16,3248.2,3248.2,3278.1,3229.0,3274.0,3273.8,3260.92,2384391,7775304840.9,131199,1411198,59.18,0.007881288098023687
TCS,EQ,2025-04-17,3273.8,3245.5,3303.6,3218.0,3297.4,3298.9,3262.86,2932346,9567836127.7,183984,1437783,49.03,0.007666931394709531
TCS,EQ,2025-04-21,3298.9,3290.1,3354.0,3284.1,3319.0,3321.6,3325.96,2432946,8091878392.8,127748,1426351,58.63,0.006881081572645442
TCS,EQ,2025-04-22,3321.6,3322.6,3333.9,3295.0,3312.5,3314.4,3315.22,2710498,8985899446.7,151282,1610606,59.42,-0.0021676300578034047
TCS,EQ,2025-04-23,3314.4,3365.0,3420.9,3337.3,3405.0,3413.0,3398.75,3543923,12044899557.3,164989,2082133,58.75,0.029748974173304354
TCS,EQ,2025-04-24,3413.0,3401.1,3412.5,3387.7,3406.0,3401.6,3398.95,2252175,7655036870.7,158061,1566847,69.57,-0.0033401699384705275
TCS,EQ,2025-04-25,3401.6,3420.0,3477.8,3405.0,3434.0,3448.0,3442.01,2742991,9441414787.6,151400,1429795,52.13,0.013640639698965229
TCS,EQ,2025-04-28,3448.0,3435.0,3457.8,3405.0,3441.0,3443.5,3438.58,1593296,5478682188.5,94204,943941,59.24,-0.0013051044083526309
TCS,EQ,2025-04-29,3443.5,3455.0,3495.0,3430.4,3473.0,3472.5,3470.18,1578332,5477091995.8,95060,834027,52.84,0.00842166400464639
TCS,EQ,2025-04-30,3472.5,3472.0,3509.9,3366.0,3431.8,3453.7,3464.02,2809332,9731586389.3,129048,1927631,68.62,-0.00541396688264939
TCS,EQ,2025-05-02,3453.7,3472.0,3491.5,3420.0,3438.0,3444.7,3450.76,2115624,7300505304.3,124212,1344455,63.55,-0.0026059009178561743
TCS,EQ,2025-05-05,3444.7,3450.0,3504.5,3446.4,3454.6,3454.3,3466.59,1284443,4452637028.7,96657,720885,56.12,0.0027868900049352607
TCS,EQ,2025-05-06,3454.3,3460.0,3473.0,3437.0,3451.6,3460.0,3458.05,1324763,4581101196.3,65526,843965,63.71,0.001650117245172611
TCS,EQ,2025-05-07,3460.0,3420.6,3459.5,3420.6,3448.0,3445.1,3442.07,1477128,5084383270.5,89334,949257,64.26,-0.0043063583815029505
TCS,EQ,2025-05-08,3445.1,3448.0,3477.0,3428.7,3434.2,3448.9,3451.58,2543591,8779405820.4,116139,1528153,60.08,0.0011030158776232923
TCS,EQ,2025-05-09,3448.9,3399.0,3446.2,3398.1,3439.9,3440.3,3428.44,2531757,8679986664.6,151453,1575315,62.22,-0.0024935486676911367
TCS,EQ,2025-05-12,3440.3,3505.0,3630.5,3502.2,3626.5,3620.4,3577.93,2228678,7974051782.1,146104,1189063,53.35,0.052350085748335884
TCS,EQ,2025-05-13,3620.4,3620.4,3623.0,3510.5,3518.0,3515.0,3541.51,3062887,10847250162.2,221289,1762852,57.56,-0.029112805214893456
TCS,EQ,2025-05-14,3515.0,3521.0,3561.0,3508.6,3547.0,3548.7,3543.04,2119499,7509459955.3,136543,1404895,66.28,0.009587482219061139
TCS,EQ,2025-05-15,3548.7,3564.0,3600.0,3514.1,3576.5,3579.9,3565.55,3548330,12651735793.0,172937,1678653,47.31,0.008791951982416224
TCS,EQ,2025-05-16,3579.9,3593.9,3593.9,3546.1,3561.3,3561.3,3559.81,1666727,5933224873.8,117749,1056392,63.38,-0.005195675856867532
TCS,EQ,2025-05-19,3561.3,3550.0,3550.0,3503.7,3518.0,3518.8,3522.37,2537377,8937585448.8,129050,1587809,62.58,-0.011933844382669201
TCS,EQ,2025-05-20,3518.8,3531.8,3558.0,3494.0,3503.0,3498.3,3515.81,2038374,7166541410.9,138343,1246214,61.14,-0.005825849721495913
TCS,EQ,2025-05-21,3498.3,3508.0,3537.0,3498.3,3521.1,3525.8,3523.98,1440153,5075075089.3,72782,959668,66.64,0.007860961038218539
TCS,EQ,2025-05-22,3525.8,3495.0,3497.8,3451.3,3483.4,3477.0,3473.54,2034383,7066503817.8,138574,994931,48.91,-0.01384083044982709
TCS,EQ,2025-05-23,3477.0,3477.0,3535.0,3465.6,3508.0,3514.6,3511.99,1274331,4475440377.4,71383,674867,52.96,0.010813920046016667
TCS,EQ,2025-05-26,3514.6,3521.0,3545.0,3510.1,3538.0,3537.3,3536.37,967470,3421330419.5,67043,523834,54.14,0.006458771979741762
TCS,EQ,2025-05-27,3537.3,3532.0,3540.0,3483.1,3501.0,3498.7,3500.34,2467680,8637718829.7,165908,1251300,50.71,-0.010912277725949271
TCS,EQ,2025-05-28,3498.7,3520.0,3529.0,3493.0,3500.1,3497.7,3501.32,1222933,4281880586.6,80594,774223,63.31,-0.00028582044759484226
TCS,EQ,2025-05-29,3497.7,3504.7,3532.5,3486.5,3494.0,3498.1,3500.24,3188072,11159021439.9,146463,1613813,50.62,0.00011436086571170456
TCS,EQ,2025-05-30,3498.1,3490.0,3506.7,3453.1,3460.0,3463.4,3473.8,3404365,11826074213.6,104081,2532800,74.4,-0.009919670678368187
TCS,EQ,2025-06-02,3463.4,3450.0,3460.0,3418.6,3445.8,3449.8,3441.46,1877585,6461635240.3,105414,1188069,63.28,-0.003926777155396355
TCS,EQ,2025-06-03,3449.8,3446.0,3473.5,3400.5,3411.4,3405.2,3418.44,2848125,9736154029.8,195278,1746886,61.33,-0.012928285697721753
TCS,EQ,2025-06-04,3405.2,3389.0,3394.8,3370.0,3381.0,3380.9,3382.86,2544807,8608717239.6,185107,1714119,67.36,-0.007136144719840143
TCS,EQ,2025-06-05,3380.9,3409.0,3409.0,3363.7,3374.0,3371.1,3380.39,3584683,12117623680.0,129913,2261231,63.08,-0.002898636457748016
TCS,EQ,2025-06-06,3371.1,3371.1,3390.9,3358.7,3388.0,3384.2,3376.59,2070390,6990855288.4,94941,1482546,71.61,0.0038859719379431557
TCS,EQ,2025-06-09,3384.2,3400.0,3434.0,3390.9,3423.0,3421.9,3420.68,1718678,5879053289.4,73412,1257044,73.14,0.011140003545889732
TCS,EQ,2025-06-10,3421.9,3440.0,3485.8,3423.2,3461.9,3462.9,3462.61,2419874,8379090971.3,109195,1524141,62.98,0.011981647622665736
TCS,EQ,2025-06-11,3462.9,3470.0,3489.0,3449.1,3470.8,3471.9,3471.9,2847013,9884549517.9,163525,2172976,76.32,0.0025989777354240573
TCS,EQ,2025-06-12,3471.9,3471.9,3474.7,3423.2,3432.0,3434.2,3447.13,4060134,13995794452.1,164333,2420793,59.62,-0.010858607678792653
TCS,EQ,2025-06-13,3434.2,3393.2,3450.5,3393.2,3447.4,3445.7,3436.18,2178493,7485689915.9,140820,1521002,69.82,0.0033486692679518537
TCS,EQ,2025-06-16,3445.7,3440.0,3509.0,3426.2,3496.2,3496.3,3493.01,1934088,6755788711.2,109847,1181835,61.11,0.01468496967234545
TCS,EQ,2025-06-17,3496.3,3510.0,3520.0,3488.1,3512.0,3515.3,3511.25,2111940,7415551942.2,145498,1331538,63.05,0.005434316277207252
TCS,EQ,2025-06-18,3515.3,3519.1,3538.0,3443.1,3455.0,3451.4,3483.78,2696327,9393397237.6,103359,1285029,47.66,-0.01817768042556822
TCS,EQ,2025-06-19,3451.4,3450.0,3451.0,3413.0,3420.0,3424.0,3426.54,2672768,9158351862.5,125292,1433831,53.65,-0.00793880744045894
TCS,EQ,2025-06-20,3424.0,3425.0,3446.3,3410.9,3429.1,3435.7,3432.16,2351248,8069855528.7,100374,1674052,71.2,0.003417056074766389
TCS,EQ,2025-06-23,3435.7,3415.0,3425.0,3370.0,3392.0,3393.6,3392.2,3123421,10595271627.8,153401,2160111,69.16,-0.01225368920452885
TCS,EQ,2025-06-24,3393.6,3434.6,3442.1,3382.0,3392.0,3390.4,3408.47,3403048,11599175864.4,178183,2073351,60.93,-0.0009429514380009385
TCS,EQ,2025-06-25,3390.4,3407.3,3450.0,3400.0,3443.0,3444.8,3422.33,1757699,6015421913.0,101280,1044025,59.4,0.016045304388862647
TCS,EQ,2025-06-26,3444.8,3444.8,3451.4,3415.3,3443.0,3441.8,3437.7,2879106,9897501153.9,143687,1717081,59.64,-0.0008708778448676124
TCS,EQ,2025-06-27,3441.8,3455.0,3466.4,3431.0,3445.0,3441.1,3445.16,1778433,6126978962.5,122369,1139101,64.05,-0.00020338195130464864
TCS,EQ,2025-06-30,3441.1,3439.9,3464.9,3430.0,3460.0,3462.0,3452.05,1468351,5068827379.2,130938,952875,64.89,0.006073639243265205
TCS,EQ,2025-07-01,3462.0,3455.0,3485.0,3413.5,3430.0,3429.7,3439.04,2375183,8168354151.0,125874,1376618,57.96,-0.00932986712882733
TCS,EQ,2025-07-02,3429.7,3487.2,3489.9,3420.0,3423.5,3423.3,3445.44,3090585,10648436048.1,111947,1716364,55.54,-0.0018660524244101806
TCS,EQ,2025-07-03,3423.3,3430.0,3435.3,3397.6,3400.0,3400.8,3414.55,2531870,8645207975.4,131370,1819603,71.87,-0.006572605380772978
TCS,EQ,2025-07-04,3400.8,3408.0,3427.0,3390.1,3420.0,3419.8,3413.91,1109320,3787117009.9,87593,644036,58.06,0.005586920724535371
TCS,EQ,2025-07-07,3419.8,3418.3,3426.1,3408.4,3410.6,3411.7,3417.7,1639174,5602206127.8,73810,1118374,68.23,-0.0023685595648869073
TCS,EQ,2025-07-08,3411.7,3405.0,3425.0,3393.4,3406.0,3406.2,3407.01,2325242,7922116743.7,178045,1661198,71.44,-0.0016120995398188898
TCS,EQ,2025-07-09,3406.2,3410.0,3414.0,3367.0,3386.0,3383.8,3387.16,2034938,6892661354.3,191376,1279329,62.87,-0.006576243321002817
TCS,EQ,2025-07-10,3383.8,3380.0,3399.0,3356.0,3395.0,3382.0,3379.02,3035012,10255361029.9,176792,1719068,56.64,-0.0005319463325256235
TCS,EQ,2025-07-11,3382.0,3299.9,3335.0,3261.1,3264.5,3266.0,3295.45,7635550,25162551686.4,552284,5062574,66.3,-0.0342992312241277
TCS,EQ,2025-07-14,3266.0,3266.0,3272.0,3200.0,3227.5,3222.7,3224.72,3924009,12653811861.8,396894,2760493,70.35,-0.013257807715860381
TCS,EQ,2025-07-15,3222.7,3206.0,3259.4,3206.0,3252.0,3252.3,3243.32,2590889,8403081368.1,171257,1762338,68.02,0.009184845005740572
TCS,EQ,2025-07-16,3252.3,3227.0,3244.9,3220.6,3230.9,3233.1,3235.91,2540733,8221586412.6,172998,1836366,72.28,-0.005903514435937729
TCS,EQ,2025-07-17,3233.1,3224.1,3242.0,3204.1,3207.7,3209.2,3220.48,2947640,9492807475.5,157207,1867207,63.35,-0.007392286041260743
TCS,EQ,2025-07-18,3209.2,3225.0,3228.8,3187.0,3189.6,3189.9,3201.13,3432645,10988348160.4,195464,2699991,78.66,-0.006013959865386886
TCS,EQ,2025-07-21,3189.9,3190.0,3197.6,3152.0,3158.9,3158.2,3162.44,3844346,12157519336.9,195683,3015136,78.43,-0.009937615599235117
TCS,EQ,2025-07-22,3158.2,3159.6,3180.1,3154.6,3164.7,3159.6,3163.54,3198036,10117107299.1,138279,2368727,74.07,0.0004432904819200445
TCS,EQ,2025-07-23,3159.6,3159.6,3182.0,3157.6,3175.0,3179.1,3169.59,1922875,6094730938.8,96628,1444368,75.12,0.0061716672996581234
TCS,EQ,2025-07-24,3179.1,3165.1,3173.7,3140.0,3144.9,3148.0,3155.37,2934778,9260312011.3,102612,2078166,70.81,-0.009782642886351445
TCS,EQ,2025-07-25,3148.0,3140.0,3156.9,3125.6,3140.0,3135.8,3140.77,2568917,8068375805.9,105704,1865883,72.63,-0.0038754764930113428
TCS,EQ,2025-07-28,3135.8,3110.0,3118.0,3069.9,3085.8,3079.3,3092.56,3374473,10435752450.0,273133,2228745,66.05,-0.018017730722622582
TCS,EQ,2025-07-29,3079.3,3060.0,3074.0,3041.2,3057.0,3056.0,3056.04,4785312,14624090930.7,247039,3701660,77.35,-0.007566654759198599
TCS,EQ,2025-07-30,3056.0,3060.0,3069.0,3047.2,3052.1,3053.6,3058.58,2880121,8809078906.8,127490,2297558,79.77,-0.0007853403141361293
TCS,EQ,2025-07-31,3053.6,3041.7,3059.8,3015.0,3033.2,3036.8,3034.36,2968371,9007105954.3,199367,1843385,62.1,-0.00550170290804286
TCS,EQ,2025-08-01,3036.8,3029.9,3036.8,3000.0,3001.1,3003.0,3013.79,2053847,6189863144.5,154119,1378316,67.11,-0.011130136986301387
TCS,EQ,2025-08-04,3003.0,3009.1,3079.4,2991.6,3078.7,3074.4,3046.24,2519252,7674244863.5,154005,1775012,70.46,0.023776223776223793
TCS,EQ,2025-08-05,3074.4,3074.4,3077.5,3042.0,3060.0,3063.9,3057.96,1927996,5895739286.3,118848,1380270,71.59,-0.003415300546448119
TCS,EQ,2025-08-06,3063.9,3063.0,3066.8,3026.0,3031.6,3032.3,3037.1,1487081,4516412670.5,109992,1006545,67.69,-0.01031365253435157
TCS,EQ,2025-08-07,3032.3,3016.0,3051.6,3010.9,3049.1,3047.0,3032.09,2543076,7710829083.3,138156,1664541,65.45,0.004847805296309682
TCS,EQ,2025-08-08,3047.0,3048.1,3059.8,3025.0,3031.9,3036.4,3043.58,2762140,8406805181.0,119961,1911858,69.22,-0.0034788316376763717
TCS,EQ,2025-08-11,3036.4,3036.4,3049.9,3021.3,3042.0,3040.8,3040.5,1884215,5728958255.6,132617,1340095,71.12,0.0014490844421024551
TCS,EQ,2025-08-12,3040.8,3041.0,3096.4,3026.9,3039.8,3035.4,3057.38,3358232,10267395734.8,165565,2092242,62.3,-0.001775848460931373
TCS,EQ,2025-08-13,3035.4,3036.1,3044.4,3028.6,3035.0,3036.2,3037.72,2148166,6525533464.3,117340,1487436,69.24,0.00026355669763455936
TCS,EQ,2025-08-14,3036.2,3034.0,3055.9,3019.1,3022.5,3022.3,3032.52,3342174,10135212616.4,194661,2290360,68.53,-0.004578091034846077
TCS,EQ,2025-08-18,3022.3,3046.5,3049.0,3003.4,3013.0,3011.2,3015.34,2945609,8882005616.6,137367,2014568,68.39,-0.0036726995996427814
TCS,EQ,2025-08-19,3011.2,3011.2,3025.0,3011.1,3018.0,3016.2,3016.58,2650784,7996291836.9,119303,2072920,78.2,0.0016604675876727981
TCS,EQ,2025-08-20,3016.2,3010.9,3103.4,3010.9,3094.8,3098.6,3078.21,4952358,15244401986.4,190110,3210074,64.82,0.027319143292885206
TCS,EQ,2025-08-21,3098.6,3130.0,3130.0,3083.1,3100.0,3102.6,3107.84,3230726,10040586025.7,119697,2028606,62.79,0.0012909055702574612
TCS,EQ,2025-08-22,3102.6,3086.0,3095.7,3050.0,3054.7,3054.0,3068.45,1593791,4890462450.3,82740,836020,52.45,-0.015664281570295868
TCS,EQ,2025-08-25,3054.0,3087.3,3152.0,3077.1,3142.1,3140.6,3133.79,3448370,10806464376.7,200973,1796383,52.09,0.028356254092992694
TCS,EQ,2025-08-26,3140.6,3129.0,3162.0,3120.0,3157.0,3157.2,3152.41,5522097,17407935331.0,173962,3983150,72.13,0.005285614213844436
TCS,EQ,2025-08-28,3157.2,3145.0,3146.5,3086.5,3098.0,3093.7,3110.39,3116051,9692121881.3,204600,1752435,56.24,-0.020112758140124143
TCS,EQ,2025-08-29,3093.7,3093.0,3115.0,3077.2,3083.8,3084.7,3093.86,2271789,7028604709.3,109782,1374444,60.5,-0.002909137925461436
TCS,EQ,2025-09-01,3084.7,3090.0,3131.1,3090.0,3111.0,3112.6,3118.12,1246862,3887860373.5,85857,495607,39.75,0.009044639673225996
TCS,EQ,2025-09-02,3112.6,3121.1,3155.0,3103.1,3112.0,3111.5,3125.54,2185229,6830018367.9,154171,1134456,51.91,-0.0003534023003276543
TCS,EQ,2025-09-03,3111.5,3129.9,3141.9,3088.0,3100.0,3097.5,3102.69,1799774,5584147665.6,106698,1025073,56.96,-0.004499437570303688
TCS,EQ,2025-09-04,3097.5,3116.0,3118.0,3090.8,3095.8,3095.7,3101.37,1481391,4594343759.6,104731,769710,51.96,-0.0005811138014528705
TCS,EQ,2025-09-05,3095.7,3097.1,3103.4,3028.6,3048.0,3048.3,3052.1,2802055,8552162278.6,203461,1465593,52.3,-0.015311561197790313
TCS,EQ,2025-09-08,3048.3,3050.0,3064.9,3016.0,3023.2,3019.0,3028.84,2626187,7954291229.0,112429,1720345,65.51,-0.009611914837778457
TCS,EQ,2025-09-09,3019.0,3032.1,3060.0,3030.8,3052.0,3049.4,3048.62,2489301,7588929067.9,164479,1049895,42.18,0.010069559456773902
TCS,EQ,2025-09-10,3049.4,3056.4,3122.7,3053.4,3110.0,3110.0,3104.63,2079428,6455861143.7,127545,938263,45.12,0.019872761854791143
TCS,EQ,2025-09-11,3110.0,3139.0,3139.0,3110.1,3125.2,3124.2,3121.51,2263446,7065362076.9,126730,1177834,52.04,0.004565916398713732
TCS,EQ,2025-09-12,3124.2,3144.0,3148.7,3121.0,3133.0,3133.4,3134.12,1447167,4535589799.8,103589,993836,68.67,0.0029447538569875586
TCS,EQ,2025-09-15,3133.4,3134.0,3134.0,3096.0,3112.5,3111.9,3108.2,1732539,5385083002.3,145801,1223812,70.64,-0.006861556137103486
TCS,EQ,2025-09-16,3111.9,3128.0,3150.0,3109.1,3147.9,3145.7,3132.7,2573429,8061782019.3,96675,1489928,57.9,0.010861531540216518
TCS,EQ,2025-09-17,3145.7,3152.0,3182.4,3142.4,3175.0,3172.8,3170.19,2418271,7666388043.2,100973,1647994,68.15,0.008614934672728003
TCS,EQ,2025-09-18,3172.8,3185.0,3203.0,3161.4,3177.0,3176.7,3179.0,2633138,8370738058.4,147801,1458914,55.41,0.0012291981845686806
TCS,EQ,2025-09-19,3176.7,3170.0,3180.5,3144.0,3171.0,3169.2,3163.36,4901694,15505826514.1,109280,3674528,74.96,-0.0023609405987344845
TCS,EQ,2025-09-22,3169.2,3095.0,3106.9,3065.0,3075.5,3073.8,3082.86,3634901,11205889441.1,321272,1989475,54.73,-0.030102234002271744
TCS,EQ,2025-09-23,3073.8,3070.0,3080.7,3052.0,3065.0,3062.4,3063.85,3177741,9736121756.2,141198,1680183,52.87,-0.0037087643958618743
TCS,EQ,2025-09-24,3062.4,3050.0,3057.0,3033.0,3036.8,3035.4,3044.04,1625714,4948746206.6,101133,1077171,66.26,-0.008816614420062652
TCS,EQ,2025-09-25,3035.4,3022.0,3029.6,2951.0,2958.0,2957.4,2977.56,4974361,14811452426.9,418858,3433593,69.03,-0.025696778019371425
TCS,EQ,2025-09-26,2957.4,2941.0,2954.8,2891.3,2905.4,2899.1,2915.19,3934636,11470204570.0,390339,2554500,64.92,-0.01971326164874554
TCS,EQ,2025-09-29,2899.1,2916.0,2929.3,2894.0,2904.3,2896.1,2904.37,3110035,9032690025.7,179197,2120974,68.2,-0.0010348039046600421
TCS,EQ,2025-09-30,2896.1,2911.0,2915.3,2885.1,2891.0,2888.4,2895.89,2253458,6525755380.4,201510,1319728,58.56,-0.0026587479714097473
TCS,EQ,2025-10-01,2888.4,2891.0,2924.8,2866.6,2915.1,2914.2,2897.26,1952902,5658070903.0,124217,953174,48.81,0.00893228084752784
TCS,EQ,2025-10-03,2914.2,2924.0,2924.0,2891.1,2903.0,2901.9,2902.27,2899519,8415175156.2,156466,2106576,72.65,-0.0042207123738932095
TCS,EQ,2025-10-06,2901.9,2902.0,2993.6,2895.6,2988.0,2988.4,2959.88,2112774,6253556716.3,100920,876175,41.47,0.02980805679037868
TCS,EQ,2025-10-07,2988.4,2995.0,3004.5,2955.5,2975.0,2973.7,2971.7,3062943,9102139525.6,141987,1493126,48.75,-0.004919020211484493
TCS,EQ,2025-10-08,2973.7,2975.0,3043.0,2968.0,3031.5,3027.2,3024.78,4121889,12467811108.5,154336,2290062,55.56,0.017991054914752613
TCS,EQ,2025-10-09,3027.2,3034.0,3066.0,3020.0,3060.2,3061.7,3046.36,3211304,9782798225.6,133703,1513007,47.12,0.011396670190274794
TCS,EQ,2025-10-10,3061.7,3050.0,3070.0,3006.9,3028.0,3028.3,3032.16,8817365,26735629672.6,244153,4524359,51.31,-0.0109089721396608
TCS,EQ,2025-10-13,3028.3,3027.0,3035.5,2998.2,3006.0,3007.2,3011.37,2866865,8633180149.1,169572,1677710,58.52,-0.006967605587293368
TCS,EQ,2025-10-14,3007.2,3021.0,3027.2,2955.5,2960.0,2960.3,2976.34,3611416,10748794587.5,183673,2106071,58.32,-0.015595903165735447
TCS,EQ,2025-10-15,2960.3,2971.0,2979.7,2951.0,2970.0,2969.8,2967.01,4282226,12705386117.2,146773,2906314,67.87,0.0032091342093707453
TCS,EQ,2025-10-16,2969.8,2969.9,2975.0,2943.1,2971.8,2970.7,2961.98,3251495,9630875594.5,197293,1909746,58.73,0.00030305071048553067
TCS,EQ,2025-10-17,2970.7,2970.0,2988.8,2955.4,2963.0,2962.2,2967.59,4374683,12982248748.3,165312,2944104,67.3,-0.0028612784865520435
TCS,EQ,2025-10-20,2962.2,2985.5,3023.0,2978.5,3016.3,3015.2,3007.54,3133039,9422754243.3,163532,1765113,56.34,0.017892107217608588
TCS,EQ,2025-10-21,3015.2,3031.1,3031.8,2996.0,3000.0,3006.7,3013.14,310644,936015414.7,29319,199309,64.17,-0.0028190501459273154
TCS,EQ,2025-10-23,3006.7,3055.0,3098.0,3036.1,3070.0,3073.2,3075.63,5564758,17115135296.0,290229,3539362,63.6,0.022117271427146035
TCS,EQ,2025-10-24,3073.2,3080.0,3090.0,3058.3,3060.6,3063.2,3073.62,2684318,8250573087.8,187127,1740995,64.86,-0.0032539372640895126
TCS,EQ,2025-10-27,3063.2,3066.5,3094.2,3060.2,3083.0,3084.9,3083.94,1946312,6002314206.6,85517,1279790,65.75,0.0070840950639854405
TCS,EQ,2025-10-28,3084.9,3076.0,3090.2,3040.2,3059.8,3057.9,3059.27,3470737,10617938168.3,140326,1858414,53.55,-0.008752309637265365
TCS,EQ,2025-10-29,3057.9,3057.9,3076.0,3046.1,3060.0,3057.6,3061.14,2895420,8863286092.5,116138,2028880,70.07,-9.810654370656646e-05
TCS,EQ,2025-10-30,3057.6,3049.1,3063.8,3032.8,3035.5,3035.3,3039.99,2241536,6814245032.0,115244,1419911,63.35,-0.007293301936158958
TCS,EQ,2025-10-31,3035.3,3035.0,3067.4,3025.1,3060.0,3058.0,3055.61,1868085,5708136334.3,81376,1061052,56.8,0.007478667677000672
TCS,EQ,2025-11-03,3058.0,3046.9,3058.0,3010.0,3019.5,3016.8,3024.83,2194877,6639124030.7,101452,1336910,60.91,-0.013472858077174577
TCS,EQ,2025-11-04,3016.8,3019.6,3029.3,2976.0,2987.7,2990.2,2992.11,2670720,7991078689.6,168525,1483484,55.55,-0.008817289843542908
TCS,EQ,2025-11-06,2990.2,2990.1,3024.0,2990.0,3010.0,3010.9,3010.5,2542721,7654860638.8,200775,1413297,55.58,0.0069226138719820085
TCS,EQ,2025-11-07,3010.9,3001.0,3004.0,2960.5,2993.5,2991.8,2979.65,1830520,5454308584.3,106949,1109024,60.59,-0.006343618187252931
TCS,EQ,2025-11-10,2991.8,2993.0,3047.9,2992.0,3025.0,3025.2,3022.51,1556656,4705008219.7,78119,816069,52.42,0.011163847850792052
TCS,EQ,2025-11-11,3025.2,3045.0,3055.7,3018.0,3049.0,3047.0,3037.03,2806868,8524541738.5,112361,1342988,47.85,0.007206135131561542
TCS,EQ,2025-11-12,3047.0,3060.0,3136.4,3057.1,3125.1,3131.8,3114.78,4460315,13892902410.2,175446,3015019,67.6,0.027830653101411196
TCS,EQ,2025-11-13,3131.8,3131.8,3131.9,3102.0,3104.8,3105.7,3113.07,1740435,5418091012.5,120845,1055344,60.64,-0.008333865508653338
TCS,EQ,2025-11-14,3105.7,3090.0,3113.1,3077.3,3112.0,3106.0,3095.35,2210794,6843177119.9,105008,1541959,69.75,9.659658048111197e-05
TCS,EQ,2025-11-17,3106.0,3106.0,3123.5,3086.6,3100.0,3102.2,3099.87,2232853,6921546326.9,96155,1388889,62.2,-0.0012234385061172803
TCS,EQ,2025-11-18,3102.2,3102.0,3105.0,3078.0,3080.1,3087.1,3090.92,2548350,7876755648.9,110903,1403839,55.09,-0.004867513377602939
TCS,EQ,2025-11-19,3087.1,3097.0,3155.0,3083.5,3147.0,3147.7,3136.67,3151053,9883820509.8,160625,1788158,56.75,0.01963007353179358
TCS,EQ,2025-11-20,3147.7,3148.0,3164.5,3138.1,3149.8,3144.8,3152.05,2700767,8512940687.7,113822,1467605,54.34,-0.0009213076214377169
TCS,EQ,2025-11-21,3144.8,3144.8,3170.0,3135.2,3150.0,3150.6,3153.22,4177037,13171133172.8,136571,2277567,54.53,0.0018443144238107223
TCS,EQ,2025-11-24,3150.6,3158.0,3178.9,3131.0,3134.0,3141.2,3151.71,6703764,21128317183.5,176937,4763581,71.06,-0.0029835586872342112
TCS,EQ,2025-11-25,3141.2,3145.3,3149.8,3115.0,3115.7,3119.2,3127.55,2737920,8562968101.7,144573,1619081,59.14,-0.007003692856233257
TCS,EQ,2025-11-26,3119.2,3118.8,3178.0,3117.0,3162.9,3162.9,3157.95,2508527,7921809747.0,112405,1616953,64.46,0.01401000256476026
TCS,EQ,2025-11-27,3162.9,3180.0,3180.0,3125.0,3134.0,3136.6,3142.97,2836233,8914192099.1,171374,1656213,58.39,-0.008315153814537402
TCS,EQ,2025-11-28,3136.6,3140.0,3147.3,3125.0,3135.9,3137.5,3137.82,1616690,5072888841.3,79463,1002178,61.99,0.00028693489765996283
TCS,EQ,2025-12-01,3137.5,3137.9,3154.0,3122.2,3138.0,3133.4,3133.29,1747647,5475878282.2,130698,1072880,61.39,-0.0013067729083665602
TCS,EQ,2025-12-02,3133.4,3131.0,3144.0,3120.4,3137.5,3135.7,3133.36,2512003,7871011640.6,127701,1603990,63.85,0.0007340269355970985
TCS,EQ,2025-12-03,3135.7,3140.0,3211.9,3139.0,3180.0,3180.0,3185.48,3952112,12589378283.4,192454,2122464,53.7,0.01412762700513448
TCS,EQ,2025-12-04,3180.0,3194.0,3250.0,3187.4,3227.0,3229.2,3231.21,5025905,16239749623.2,185585,3363573,66.92,0.015471698113207477
TCS,EQ,2025-12-05,3229.2,3230.0,3271.6,3222.4,3241.0,3238.2,3246.03,5244013,17022214888.3,178219,3239404,61.77,0.00278706800445927
TCS,EQ,2025-12-08,3238.2,3243.0,3259.9,3208.6,3237.9,3236.5,3236.92,2544725,8237058645.9,121186,1536350,60.37,-0.0005249830152553869
TCS,EQ,2025-12-09,3236.5,3230.0,3233.7,3181.2,3208.0,3208.3,3201.08,2734893,8754608897.6,138787,1262341,46.16,-0.008713116020392375
TCS,EQ,2025-12-10,3208.3,3225.0,3225.0,3178.1,3185.0,3189.2,3191.56,1386849,4426207513.5,82261,722010,52.06,-0.0059533086058037865
TCS,EQ,2025-12-11,3189.2,3205.0,3208.4,3153.1,3193.9,3191.9,3184.35,1914362,6095995407.3,100793,944111,49.32,0.0008466072996362595
TCS,EQ,2025-12-12,3191.9,3197.7,3223.0,3185.7,3220.1,3220.5,3209.12,1146554,3679424706.9,83968,740058,64.55,0.008960180456781153
TCS,EQ,2025-12-15,3220.5,3211.1,3238.2,3197.3,3227.0,3230.2,3220.97,1562190,5031766680.7,107289,970452,62.12,0.0030119546654245877
TCS,EQ,2025-12-16,3230.2,3220.0,3220.0,3191.1,3206.6,3205.1,3204.68,1734623,5558913487.8,97265,1029972,59.38,-0.00777041669246481
TCS,EQ,2025-12-17,3205.1,3200.5,3236.9,3200.5,3217.8,3217.8,3218.6,1376350,4429915958.7,88357,821318,59.67,0.003962434869426934
TCS,EQ,2025-12-18,3217.8,3228.0,3287.8,3221.0,3281.2,3280.8,3260.45,2307422,7523225819.8,166551,1185210,51.37,0.019578594070482902
TCS,EQ,2025-12-19,3280.8,3299.0,3317.9,3278.8,3285.0,3282.0,3295.0,3902511,12858780664.3,122711,2437494,62.46,0.00036576444769553795
TCS,EQ,2025-12-22,3282.0,3310.0,3328.6,3291.0,3324.9,3324.9,3314.14,2632816,8725523457.1,101733,1733705,65.85,0.013071297989031061
TCS,EQ,2025-12-23,3324.9,3319.9,3319.9,3293.5,3305.1,3310.0,3304.76,2365420,7817155849.9,139216,1069663,45.22,-0.00448133778459503
TCS,EQ,2025-12-24,3310.0,3304.1,3327.1,3296.1,3313.1,3319.0,3312.41,1367708,4530413590.9,84873,753755,55.11,0.002719033232628343
TCS,EQ,2025-12-26,3319.0,3313.1,3320.0,3271.8,3276.8,3280.0,3287.91,1176664,3868759940.6,89363,738341,62.75,-0.011750527267249122
TCS,EQ,2025-12-29,3280.0,3280.0,3288.0,3242.9,3256.0,3251.5,3254.98,2079473,6768650796.4,117390,1403152,67.48,-0.008689024390243882
TCS,EQ,2025-12-30,3251.5,3250.0,3267.5,3239.5,3255.0,3246.8,3250.64,2807593,9126473823.5,184541,1939014,69.06,-0.0014454866984467962
TCS,EQ,2025-12-31,3246.8,3240.0,3246.0,3198.5,3210.0,3206.2,3216.08,3362634,10814502991.9,145683,2428193,72.21,-0.012504619933473071
TCS,EQ,2026-01-01,3206.2,3215.0,3234.1,3198.2,3225.0,3227.4,3219.97,1255735,4043425200.1,56642,497590,39.63,0.006612188884037362
TCS,EQ,2026-01-02,3227.4,3234.0,3254.3,3219.5,3245.7,3250.7,3241.1,1184324,3838516572.7,63356,743388,62.77,0.007219433599801706
TCS,EQ,2026-01-05,3250.7,3240.5,3247.0,3191.0,3213.0,3216.1,3220.21,2341703,7540784169.4,115281,1488966,63.58,-0.010643861322176762
TCS,EQ,2026-01-06,3216.1,3210.0,3263.2,3205.0,3256.8,3255.8,3242.4,2912325,9442929253.6,163408,2176224,74.72,0.012344143527875495
TCS,EQ,2026-01-07,3255.8,3242.9,3300.6,3223.2,3294.0,3295.6,3284.64,1989442,6534592137.1,87338,1187319,59.68,0.01222433810430612
TCS,EQ,2026-01-08,3295.6,3286.9,3286.9,3182.0,3196.0,3203.9,3211.48,4159336,13357635924.0,191554,2332774,56.09,-0.02782497875955814
TCS,EQ,2026-01-09,3203.9,3191.0,3229.7,3191.0,3212.6,3207.8,3209.44,1938673,6222059522.6,134640,1163231,60.0,0.0012172664565062163
TCS,EQ,2026-01-12,3207.8,3203.0,3252.0,3174.3,3243.0,3239.6,3212.14,2228342,7157753630.7,126371,1179907,52.95,0.0099133362429078
TCS,EQ,2026-01-13,3239.6,3245.0,3280.0,3210.5,3263.0,3268.0,3251.44,5645341,18355497917.0,198353,2928026,51.87,0.008766514384491941
TCS,EQ,2026-01-14,3268.0,3260.0,3260.0,3183.0,3197.8,3192.5,3205.64,3539511,11346386248.0,146477,2236476,63.19,-0.023102815177478586
TCS,EQ,2026-01-16,3192.5,3219.4,3221.9,3171.0,3209.0,3206.7,3200.62,4293470,13741776327.9,149121,2649992,61.72,0.004447924823805849
TCS,EQ,2026-01-19,3206.7,3188.0,3220.0,3152.1,3161.0,3163.6,3168.85,3387562,10734671175.0,177858,2279253,67.28,-0.01344060872548103
TCS,EQ,2026-01-20,3163.6,3151.6,3160.0,3091.1,3104.2,3102.3,3127.35,4499273,14070802629.3,152322,2937139,65.28,-0.019376659501833315
TCS,EQ,2026-01-21,3102.3,3100.0,3138.5,3082.0,3122.0,3122.6,3112.68,2015150,6272510286.1,138565,1047132,51.96,0.006543532218031611
TCS,EQ,2026-01-22,3122.6,3150.0,3160.0,3122.3,3152.2,3150.4,3142.82,2269827,7133663295.3,91528,1234423,54.38,0.008902837379107131
TCS,EQ,2026-01-23,3150.4,3190.3,3194.5,3152.0,3157.0,3162.5,3176.59,2068857,6571905073.6,89144,1218491,58.9,0.003840782122904951
TCS,EQ,2026-01-27,3162.5,3175.0,3175.0,3130.0,3167.0,3158.0,3146.85,4279874,13468114372.2,149619,2999663,70.09,-0.0014229249011857847
TCS,EQ,2026-01-28,3158.0,3176.0,3205.2,3170.6,3199.0,3200.1,3191.18,2751234,8779679675.4,151790,2076924,75.49,0.013331222292590317
TCS,EQ,2026-01-29,3200.1,3200.1,3200.1,3125.6,3139.0,3144.4,3143.88,2457641,7726526569.3,120763,1424483,57.96,-0.017405706071685234
TCS,EQ,2026-01-30,3144.4,3141.0,3141.0,3092.0,3129.0,3123.9,3121.64,3022068,9433821429.3,80949,2101964,69.55,-0.0065195267777636845
TCS,EQ,2026-02-01,3123.9,3123.8,3234.0,3105.2,3178.2,3186.9,3182.48,3012937,9588609199.6,145412,1220232,40.5,0.020167098818784313
TCS,EQ,2026-02-02,3186.9,3198.0,3198.0,3134.0,3167.0,3169.6,3164.69,2636272,8342986354.5,108170,1585558,60.14,-0.005428472810568352
TCS,EQ,2026-02-03,3169.6,3350.0,3350.0,3186.3,3220.0,3225.3,3231.27,4366060,14107906461.2,204924,2537328,58.11,0.017573195355880866
TCS,EQ,2026-02-04,3225.3,3120.0,3120.0,2986.0,2999.9,2999.1,3020.56,10852595,32780947704.2,503705,6586991,60.7,-0.07013301088270862
TCS,EQ,2026-02-05,2999.1,2990.0,3029.7,2972.3,2991.7,2991.5,3000.1,3521545,10565002490.3,178696,1752189,49.76,-0.0025340935614017734
TCS,EQ,2026-02-06,2991.5,2976.6,2985.0,2916.0,2940.3,2941.6,2934.09,4687389,13753236280.2,347514,2849084,60.78,-0.016680595019221145
TCS,EQ,2026-02-09,2941.6,2959.1,2977.0,2937.5,2951.0,2948.2,2949.18,2380318,7019976408.7,141131,1557664,65.44,0.002243676910524961
TCS,EQ,2026-02-10,2948.2,2949.8,3011.6,2943.5,2983.0,2984.6,2985.3,3547763,10591145975.6,220699,2015776,56.82,0.012346516518553674
TCS,EQ,2026-02-11,2984.6,2980.0,2998.0,2904.2,2909.0,2909.8,2938.39,3363513,9883323310.3,237669,2200770,65.43,-0.025061984855591968
TCS,EQ,2026-02-12,2909.8,2869.8,2880.0,2740.0,2741.9,2750.1,2778.17,10612156,29482335572.6,660406,6190643,58.34,-0.05488349714757035
TCS,EQ,2026-02-13,2750.1,2585.0,2713.0,2585.0,2695.0,2692.2,2649.41,11168735,29590599535.8,415060,4653582,41.67,-0.021053779862550526
TCS,EQ,2026-02-16,2692.2,2700.0,2719.8,2671.0,2713.0,2706.6,2692.22,2918730,7857874541.6,134363,1261501,43.22,0.005348785379986731
TCS,EQ,2026-02-17,2706.6,2716.0,2760.0,2695.2,2719.8,2717.4,2735.6,4209118,11514452779.9,163505,1524494,36.22,0.0039902460651741745
TCS,EQ,2026-02-18,2717.4,2730.0,2730.0,2657.3,2694.5,2694.9,2687.82,2950820,7931264158.6,140494,1336904,45.31,-0.008279973504084825
TCS,EQ,2026-02-19,2694.9,2708.0,2748.7,2666.6,2675.0,2677.9,2709.33,3238849,8775099079.9,137884,1301446,40.18,-0.006308211807488195
TCS,EQ,2026-02-20,2677.9,2667.0,2702.6,2647.5,2685.0,2686.2,2684.4,2293482,6156633439.2,98725,966093,42.12,0.003099443593860718
TCS,EQ,2026-02-23,2686.2,2686.0,2704.0,2660.2,2674.0,2676.3,2675.99,4699596,12576073695.1,171914,3214650,68.4,-0.003685503685503577
TCS,EQ,2026-02-24,2676.3,2641.0,2647.5,2561.3,2581.0,2573.7,2586.99,7798833,20175518856.6,424406,4812488,61.71,-0.038336509359937376
TCS,EQ,2026-02-25,2573.7,2596.0,2654.2,2595.0,2629.0,2629.3,2632.16,3621285,9531784527.2,170312,1584614,43.76,0.021603139449042352
TCS,EQ,2026-02-26,2629.3,2650.0,2671.0,2635.0,2649.0,2647.7,2649.37,3464267,9178107812.8,148371,1582112,45.67,0.006998060320237087
TCS,EQ,2026-02-27,2647.7,2681.6,2688.6,2626.1,2639.7,2637.4,2644.9,5083717,13445933670.9,166737,3300124,64.92,-0.0038901688257731992
TCS,EQ,2026-03-02,2637.4,2592.0,2623.8,2580.3,2611.7,2613.5,2606.37,3374385,8794898070.1,227265,1608755,47.68,-0.009061954955638107
TCS,EQ,2026-03-04,2613.5,2625.0,2635.0,2580.4,2583.0,2587.8,2598.18,3446434,8954459042.6,193409,1905680,55.29,-0.009833556533384247
TCS,EQ,2026-03-05,2587.8,2600.0,2609.5,2546.4,2575.0,2578.8,2567.95,2960636,7602767475.6,186527,1090558,36.84,-0.003477857639693993
TCS,EQ,2026-03-06,2578.8,2572.0,2619.2,2553.6,2560.0,2557.6,2581.54,3998643,10322655875.3,143599,2597729,64.97,-0.008220877927718417
TCS,EQ,2026-03-09,2557.6,2530.0,2560.0,2505.0,2527.8,2527.4,2525.33,3653428,9226103997.6,191560,1897338,51.93,-0.011807944948388993
TCS,EQ,2026-03-10,2527.4,2541.0,2545.2,2490.1,2517.4,2513.1,2507.26,4323710,10840645308.2,214008,2372694,54.88,-0.005657988446625017
TCS,EQ,2026-03-11,2513.1,2508.1,2521.0,2460.1,2463.0,2464.9,2482.92,2720664,6755204516.5,192326,1433802,52.7,-0.019179499423023327
TCS,EQ,2026-03-12,2464.9,2459.8,2472.9,2436.0,2447.0,2442.4,2450.97,2752075,6745252596.1,165970,1319312,47.94,-0.009128159357377541
TCS,EQ,2026-03-13,2442.4,2437.0,2445.9,2397.0,2412.0,2410.5,2418.06,2466488,5964119962.4,180674,1262517,51.19,-0.013060923681624703
TCS,EQ,2026-03-16,2410.5,2410.0,2425.0,2366.1,2401.0,2409.2,2394.18,3807907,9116814433.0,169215,1714733,45.03,-0.0005393071976769193
TCS,EQ,2026-03-17,2409.2,2420.0,2420.0,2360.0,2394.0,2391.7,2387.21,2993367,7145803596.0,207239,1419384,47.42,-0.0072638220156068245
TCS,EQ,2026-03-18,2391.7,2410.0,2482.9,2410.0,2439.0,2440.8,2457.23,3082388,7574139825.8,149271,1209087,39.23,0.020529330601664286
TCS,EQ,2026-03-19,2440.8,2417.0,2424.0,2350.2,2362.8,2356.0,2378.78,2757060,6558445932.6,171760,1412111,51.22,-0.034742707309079024
TCS,EQ,2026-03-20,2356.0,2386.0,2407.8,2364.2,2397.6,2390.6,2384.64,4206320,10030576230.9,186293,2435470,57.9,0.014685908319185037
TCS,EQ,2026-03-23,2390.6,2365.0,2406.8,2348.0,2380.0,2383.8,2389.12,3860515,9223242939.1,214767,1719448,44.54,-0.002844474190579649
TCS,EQ,2026-03-24,2383.8,2404.1,2435.4,2379.1,2400.8,2398.8,2405.63,3420182,8227706052.4,174467,1773798,51.86,0.00629247420085588
TCS,EQ,2026-03-25,2398.8,2400.9,2421.6,2369.8,2377.9,2377.4,2397.29,5843778,14009257427.9,216118,3697949,63.28,-0.008921127230281822
TCS,EQ,2026-03-27,2377.4,2403.9,2422.1,2385.0,2387.5,2389.8,2403.64,4979411,11968698699.2,204594,2429797,48.8,0.0052157819466644995
TCS,EQ,2026-03-30,2389.8,2375.1,2398.0,2346.2,2365.0,2358.9,2370.92,6804756,16133542829.3,186938,3520605,51.74,-0.012929952297263458
TCS,EQ,2026-04-01,2358.9,2429.0,2472.0,2397.9,2411.2,2408.2,2433.7,4132661,10057637617.8,147044,1975037,47.79,0.020899571834329445
TCS,EQ,2026-04-02,2408.2,2386.0,2469.9,2375.7,2445.7,2450.7,2428.65,5378361,13062162395.4,253292,2810101,52.25,0.01764803587741892
TCS,EQ,2026-04-06,2450.7,2474.0,2482.0,2448.2,2472.0,2473.9,2465.46,2572417,6342191751.1,118175,1158875,45.05,0.009466682988533925
TCS,EQ,2026-04-07,2473.9,2461.0,2543.9,2448.0,2543.5,2539.8,2522.72,4516550,11393981114.0,219120,2300163,50.93,0.0266381017826105
TCS,EQ,2026-04-08,2539.8,2572.0,2580.3,2540.1,2561.1,2559.2,2557.13,4769337,12195804701.3,236001,2166392,45.42,0.007638396724151342
TCS,EQ,2026-04-09,2559.2,2554.0,2605.0,2531.1,2590.0,2589.0,2577.84,5628261,14508758087.8,218190,2013800,35.78,0.011644263832447654
TCS,EQ,2026-04-10,2589.0,2565.8,2565.8,2501.1,2523.0,2524.3,2522.67,10480239,26438219057.0,373922,4380270,41.8,-0.02499034376207021
TCS,EQ,2026-04-13,2524.3,2489.9,2504.9,2470.0,2470.7,2472.6,2480.4,3739587,9275688865.0,152183,1463604,39.14,-0.020480925405062855
TCS,EQ,2026-04-15,2472.6,2501.9,2559.0,2493.4,2552.8,2554.9,2542.02,5261384,13374554360.5,186444,2740311,52.08,0.03328480142360268
TCS,EQ,2026-04-16,2554.9,2572.0,2594.0,2558.0,2573.0,2576.9,2575.26,3905403,10057427039.8,174580,1580219,40.46,0.008610904536381137
TCS,EQ,2026-04-17,2576.9,2570.0,2589.0,2555.9,2583.6,2581.5,2577.98,2718206,7007472973.5,131272,1679683,61.79,0.001785090612751672
TCS,EQ,2026-04-20,2581.5,2587.1,2594.0,2561.2,2575.9,2579.6,2581.08,2288558,5906941172.8,124006,1139385,49.79,-0.0007360061979470034
TCS,EQ,2026-04-21,2579.6,2560.0,2614.0,2560.0,2609.9,2610.5,2596.45,2719959,7062245701.1,126132,1265960,46.54,0.011978601333540118
TCS,EQ,2026-04-22,2610.5,2580.0,2580.0,2503.6,2535.3,2538.5,2543.73,5232045,13308911672.1,234440,2856832,54.6,-0.02758092319479022
TCS,EQ,2026-04-23,2538.5,2529.0,2559.5,2516.3,2518.2,2521.8,2538.03,2509050,6368042336.2,116013,1171845,46.7,-0.0065786882016938275
TCS,EQ,2026-04-24,2521.8,2488.0,2505.0,2388.8,2401.0,2396.9,2426.09,5107719,12391809512.4,300607,2843963,55.68,-0.04952811483860742
TCS,EQ,2026-04-27,2396.9,2396.9,2459.0,2396.9,2448.0,2447.6,2439.56,5853425,14279801556.7,226406,4094096,69.94,0.021152321748925562
TCS,EQ,2026-04-28,2447.6,2444.0,2487.0,2427.4,2450.7,2444.7,2452.87,4508363,11058422250.7,202414,2766449,61.36,-0.0011848341232227888
TCS,EQ,2026-04-29,2444.7,2451.0,2487.9,2447.6,2465.0,2474.7,2473.75,2835961,7015468503.5,145414,1545412,54.49,0.01227144434899996
TCS,EQ,2026-04-30,2474.7,2479.0,2491.0,2438.0,2474.8,2473.9,2470.47,3970446,9808881103.1,175405,1866712,47.02,-0.00032327150765742996
TCS,EQ,2026-05-04,2473.9,2494.0,2498.3,2425.0,2430.0,2431.3,2444.12,2632358,6433788855.3,145629,1361452,51.72,-0.017219774445207947
TCS,EQ,2026-05-05,2431.3,2430.0,2460.4,2412.2,2429.8,2427.3,2432.41,3385720,8235452650.2,134489,1321644,39.04,-0.0016452103812775176
TCS,EQ,2026-05-06,2427.3,2441.9,2471.0,2406.5,2435.0,2435.4,2433.81,3147628,7660743017.8,130239,1632690,51.87,0.0033370411568409697
TCS,EQ,2026-05-07,2435.4,2438.2,2439.7,2398.0,2403.0,2401.4,2408.44,5829594,14040248979.0,167098,3669201,62.94,-0.013960745668062713
TCS,EQ,2026-05-08,2401.4,2398.0,2407.0,2375.1,2397.2,2394.4,2387.75,3792199,9054824056.0,184241,2153814,56.8,-0.0029149662696760226
TCS,EQ,2026-05-11,2394.4,2371.0,2415.0,2371.0,2400.0,2392.9,2397.63,1975188,4735775184.1,116550,938571,47.52,-0.0006264617440695508
TCS,EQ,2026-05-12,2392.9,2375.0,2375.0,2283.0,2303.5,2300.3,2302.3,6347884,14614716645.6,358785,3108189,48.96,-0.03869781436750386
TCS,EQ,2026-05-13,2300.3,2306.0,2309.2,2269.0,2274.0,2272.8,2285.14,3171843,7248098371.8,169055,1557378,49.1,-0.01195496239620919
TCS,EQ,2026-05-14,2272.8,2265.0,2265.0,2206.4,2249.9,2246.0,2236.83,5633313,12600736362.0,241132,2256075,40.05,-0.011791622668074653
TCS,EQ,2026-05-15,2246.0,2252.0,2304.9,2252.0,2267.0,2264.0,2280.06,3410637,7776469684.8,135890,1487406,43.61,0.00801424755120217
TCS,EQ,2026-05-18,2264.0,2264.0,2292.9,2252.2,2289.9,2283.2,2277.12,3773336,8592331857.6,118965,1929481,51.13,0.008480565371024706
TCS,EQ,2026-05-19,2283.2,2300.0,2377.6,2297.1,2330.0,2327.1,2347.34,10394707,24399867016.0,236124,5521832,53.12,0.019227400140154227
TCS,EQ,2026-05-20,2327.1,2323.9,2342.0,2317.8,2324.1,2327.4,2332.61,2537422,5918803274.8,98920,1419151,55.93,0.00012891581797092044
TCS,EQ,2026-05-21,2327.4,2331.0,2335.9,2314.0,2325.4,2327.2,2324.25,3299087,7667913393.7,106203,1524694,46.22,-8.593280055013697e-05
TCS,EQ,2026-05-22,2327.2,2331.1,2340.0,2308.1,2317.9,2317.3,2323.55,2617262,6081346029.2,87846,1441496,55.08,-0.004254039188724468
TCS,EQ,2026-05-25,2317.3,2325.0,2326.1,2293.0,2307.4,2308.2,2310.3,3298364,7620224109.5,75809,2096906,63.57,-0.003926983989988475
TCS,EQ,2026-05-26,2308.2,2308.2,2327.9,2272.4,2281.4,2276.2,2289.98,3587597,8215534119.5,130719,1810291,50.46,-0.013863616670999002
TCS,EQ,2026-05-27,2276.2,2275.0,2295.6,2260.9,2289.9,2284.2,2276.47,2653950,6041627688.2,123480,1289140,48.57,0.0035146296459009907
TCS,EQ,2026-05-29,2284.2,2291.0,2334.0,2235.0,2256.0,2258.9,2271.96,16331582,37104629642.3,231376,11346245,69.47,-0.011076087908239107
TCS,EQ,2026-06-01,2258.9,2284.0,2335.0,2280.0,2296.4,2297.4,2300.81,7505095,17267797717.5,154067,4805276,64.03,0.017043693833281637
TCS,EQ,2026-06-02,2297.4,2320.0,2457.4,2316.2,2451.1,2446.9,2419.08,11306127,27350473864.6,366391,5881072,52.02,0.06507356141725418
TCS,EQ,2026-06-03,2446.9,2393.0,2393.0,2224.8,2245.0,2241.7,2267.78,15660062,35513638076.7,502630,6971192,44.52,-0.08386121214598075
TCS,EQ,2026-06-04,2241.7,2241.7,2253.1,2216.6,2243.0,2241.0,2236.45,4867263,10885412981.1,156136,2046859,42.05,-0.0003122630146762395
TCS,EQ,2026-06-05,2241.0,2262.9,2271.8,2192.0,2196.0,2198.9,2219.87,5019717,11143126655.8,226269,2337405,46.56,-0.018786256135653656
TCS,EQ,2026-06-08,2198.9,2170.0,2177.0,2143.3,2149.4,2151.4,2158.3,6536734,14108236765.0,197493,3583697,54.82,-0.021601709945882064
TCS,EQ,2026-06-09,2151.4,2174.0,2174.0,2132.8,2152.0,2151.0,2148.74,4148655,8914399373.7,137800,1893020,45.63,-0.00018592544389706145
TCS,EQ,2026-06-10,2151.0,2151.3,2180.8,2144.8,2151.8,2153.9,2162.42,2848650,6159963945.6,109866,1374325,48.24,0.001348210134821004
TCS,EQ,2026-06-11,2153.9,2127.0,2154.6,2110.0,2136.7,2135.6,2132.03,3079815,6566243978.9,146700,956732,31.06,-0.008496216166024473
TCS,EQ,2026-06-12,2135.6,2150.0,2168.0,2138.0,2161.1,2161.4,2153.15,2124656,4574695142.6,98414,910656,42.86,0.01208091402884448
TCS,EQ,2026-06-15,2161.4,2192.0,2192.0,2159.3,2162.6,2162.0,2170.27,3337083,7242375099.4,113160,2004587,60.07,0.0002775978532432166
TCS,EQ,2026-06-16,2162.0,2167.0,2209.0,2160.6,2197.9,2199.0,2189.97,3079898,6744889594.1,120376,1314406,42.68,0.017113783533765137
TCS,EQ,2026-06-17,2199.0,2209.0,2231.0,2200.7,2221.0,2223.0,2220.4,2865010,6361471428.9,107237,1538998,53.72,0.01091405184174632
TCS,EQ,2026-06-18,2223.0,2209.0,2214.0,2182.0,2202.5,2203.3,2197.22,3735188,8207025076.5,141783,1951368,52.24,-0.008861898335582485
TCS,EQ,2026-06-19,2203.3,2105.0,2138.0,2059.9,2135.9,2125.0,2089.19,13286502,27758042714.1,481812,6880131,51.78,-0.03553760268687889
TCS,EQ,2026-06-22,2125.0,2132.2,2157.0,2121.0,2129.5,2127.8,2135.79,4566101,9752228673.0,148495,2499593,54.74,0.0013176470588236455
TCS,EQ,2026-06-23,2127.8,2111.0,2114.0,2055.0,2060.0,2059.6,2073.42,6392736,13254806163.9,280238,3473372,54.33,-0.03205188457561814
TCS,EQ,2026-06-24,2059.6,2061.0,2120.7,2061.0,2107.1,2109.0,2093.61,4747277,9938958483.5,180127,1909118,40.22,0.023985239852398532
TCS,EQ,2026-06-25,2109.0,2133.6,2148.5,2088.0,2095.9,2094.7,2117.73,4738903,10035714708.1,177569,1948725,41.12,-0.006780464675201658
TCS,EQ,2026-06-29,2094.7,2090.0,2105.0,2071.0,2094.0,2097.9,2089.53,3412470,7130458833.1,162690,1862431,54.58,0.001527665059435801
TCS,EQ,2026-06-30,2097.9,2090.0,2104.3,2018.8,2033.0,2031.5,2042.05,6848411,13984786947.6,294008,3789332,55.33,-0.031650698317365
TCS,EQ,2026-07-01,2031.5,2039.9,2052.0,1976.8,1981.8,1982.6,2006.75,4658295,9348043502.8,220027,2417701,51.9,-0.024070883583559022
TCS,EQ,2026-07-02,1982.6,2008.0,2076.9,2002.5,2070.9,2068.1,2051.09,6040621,12389873438.8,238163,2843436,47.07,0.0431251891455664
TCS,EQ,2026-07-03,2068.1,2100.0,2116.6,2085.0,2088.0,2093.5,2099.43,4028819,8458229638.5,207169,1961594,48.69,0.012281804554905573
TCS,EQ,2026-07-06,2093.5,2090.0,2093.0,2050.6,2059.0,2057.6,2061.87,2567386,5293619608.8,174420,1367880,53.28,-0.017148316216861748
TCS,EQ,2026-07-07,2057.6,2050.0,2122.7,2049.0,2095.9,2096.1,2098.44,4769048,10007561030.2,184997,1865363,39.11,0.01871111975116646
TCS,EQ,2026-07-08,2096.1,2094.0,2109.7,2048.8,2059.6,2057.5,2077.56,3666985,7618389000.0,148206,1788382,48.77,-0.018415151948857345
TCS,EQ,2026-07-09,2057.5,2057.5,2065.0,2016.0,2059.0,2049.5,2043.56,3791498,7748164028.4,162757,1182477,31.19,-0.003888213851761857
TCS,EQ,2026-07-10,2049.5,2105.2,2133.3,2064.6,2068.0,2069.0,2088.11,6714551,14020750878.1,232544,2034876,30.31,0.009514515735545181
TCS,EQ,2026-07-13,2069.0,2075.0,2204.9,2065.1,2182.9,2181.5,2162.9,12382622,26782359193.5,381465,4621574,37.32,0.054374093765103826
TCS,EQ,2026-07-14,2181.5,2182.9,2228.0,2179.0,2197.0,2200.6,2200.4,9546290,21005660491.1,272515,4496777,47.1,0.008755443502177274
TCS,EQ,2026-07-15,2200.6,2174.1,2202.9,2145.4,2187.0,2189.2,2184.51,5426489,11854245157.3,196320,2548846,46.97,-0.005180405343997108
TCS,EQ,2026-07-16,2189.2,2206.0,2231.4,2187.8,2199.1,2201.0,2212.76,5197595,11501044792.2,173110,2135731,41.09,0.005390096839028136
TCS,EQ,2026-07-17,2201.0,2224.8,2275.0,2215.1,2266.0,2269.0,2255.69,5615138,12666031000.1,195217,2288516,40.76,0.030895047705588263
TCS,EQ,2026-07-20,2269.0,2280.1,2283.4,2245.1,2251.0,2251.1,2257.07,2202693,4971623639.2,81615,920572,41.79,-0.007888937858087308
TCS,EQ,2026-07-21,2251.1,2245.1,2259.9,2218.5,2219.0,2221.1,2229.94,2382160,5312074629.7,95890,1155975,48.53,-0.013326818000088836
TCS,EQ,2026-07-22,2221.1,2216.0,2226.8,2201.0,2207.0,2208.3,2211.61,1599665,3537839940.5,76904,637466,39.85,-0.005762910269686117
TCS,EQ,2026-07-23,2208.3,2204.0,2250.0,2193.6,2245.0,2242.9,2230.95,2503539,5585258736.2,122801,1004806,40.14,0.015668161028845606
TCS,EQ,2026-07-24,2242.9,2205.1,2264.3,2205.1,2250.2,2254.3,2246.06,3211699,7213656139.4,123535,1276390,39.74,0.005082705426010969
TCS,EQ,2026-07-27,2254.3,2286.0,2315.0,2272.4,2296.9,2295.6,2299.88,4007292,9216295835.2,162713,1895782,47.31,0.018320542962338537
TCS,EQ,2026-07-28,2295.6,2325.0,2417.4,2323.0,2398.0,2398.0,2389.74,8248513,19711786830.0,256167,4139318,50.18,0.044607074403206104
TCS,EQ,2026-07-29,2398.0,2440.0,2475.5,2415.1,2440.0,2446.6,2450.86,7169419,17571237330.3,207914,3951178,55.11,0.020266889074228578
TCS,EQ,2026-07-30,2446.6,2440.0,2495.0,2423.0,2434.0,2431.8,2459.56,4901582,12055719188.1,168548,2449068,49.96,-0.006049211150167433
TCS,EQ,2026-07-31,2431.8,2385.0,2391.0,2326.1,2366.0,2365.6,2364.25,4343683,10269562982.9,164495,2379042,54.77,-0.02722263344025011
TCS,EQ,2026-08-03,2365.6,2383.9,2473.7,2383.0,2473.7,2473.7,2429.42,3036839,7377769245.8,130409,1495100,49.23,0.04569665201217443
TCS,EQ,2026-08-04,2473.7,2463.1,2467.4,2435.1,2460.0,2460.0,2449.56,2792792,6841115260.5,91828,1507392,53.97,-0.00553826252172851
TCS,EQ,2026-08-05,2460.0,2460.0,2460.9,2408.0,2413.0,2413.0,2424.72,3014409,7309109003.3,115103,1846595,61.26,-0.019105691056910623
TCS,EQ,2026-08-06,2413.0,2417.0,2434.5,2368.5,2373.0,2373.0,2393.09,2729141,6531092780.4,116317,1375561,50.4,-0.016576875259013635
TCS,EQ,2026-08-07,2373.0,2375.0,2457.7,2375.0,2452.7,2452.7,2435.68,4547979,11077436216.6,294165,2379051,52.31,0.03358617783396545
TCS,EQ,2026-08-10,2452.7,2452.7,2472.9,2423.5,2425.7,2425.7,2449.22,2322023,5687153770.3,119267,1136140,48.93,-0.011008276593142297
TCS,EQ,2026-08-11,2425.7,2438.0,2456.6,2428.0,2445.7,2445.7,2439.75,1514105,3694041243.5,81637,619402,40.91,0.008245042668095781
TCS,EQ,2026-08-12,2445.7,2445.7,2445.8,2300.1,2349.7,2349.7,2341.12,7022647,16440882989.4,269920,2760210,39.3,-0.039252565727603606
TCS,EQ,2026-08-13,2349.7,2349.7,2375.0,2332.3,2375.0,2375.0,2357.77,2123494,5006704619.1,95241,776824,36.58,0.010767331999829821
TCS,EQ,2026-08-14,2375.0,2375.1,2390.0,2333.4,2361.0,2361.0,2355.73,2232160,5258362456.3,76239,1141107,51.12,-0.005894736842105286
TCS,EQ,2026-08-17,2361.0,2351.0,2361.1,2310.6,2313.2,2313.2,2322.55,2237636,5197011547.5,94783,1171943,52.37,-0.020245658619229223
TCS,EQ,2026-08-18,2313.2,2300.0,2307.0,2280.0,2280.0,2280.0,2288.7,1797822,4114677787.5,83531,799420,44.47,-0.014352412242780499
TCS,EQ,2026-08-19,2280.0,2293.6,2308.2,2258.3,2289.0,2289.0,2278.77,3368922,7676987882.6,122060,1780817,52.86,0.003947368421052699
TCS,EQ,2026-08-20,2289.0,2319.4,2329.0,2288.1,2298.0,2298.0,2300.39,2047848,4710859154.3,77501,967365,47.24,0.003931847968545288
TCS,EQ,2026-08-21,2298.0,2290.1,2307.2,2263.3,2302.0,2302.0,2290.6,2066749,4734104913.4,67486,759655,36.76,0.0017406440382941035
TCS,EQ,2026-08-24,2302.0,2302.4,2321.6,2279.5,2284.1,2284.1,2295.75,1542723,3541710701.3,64928,732967,47.51,-0.00777584708948742
TCS,EQ,2026-08-25,2284.1,2305.0,2313.5,2262.0,2296.2,2296.2,2283.22,3041609,6944664134.3,106591,1144023,37.61,0.00529749135326818
TCS,EQ,2026-08-26,2296.2,2305.1,2306.3,2266.4,2270.0,2270.0,2277.39,1660737,3782146389.7,59558,906172,54.56,-0.011410155909763908
TCS,EQ,2026-08-27,2270.0,2270.0,2283.6,2243.9,2248.4,2248.4,2255.48,1709113,3854863391.0,131520,931995,54.53,-0.00951541850220261
TCS,EQ,2026-08-28,2248.4,2272.0,2348.5,2263.3,2342.0,2342.0,2327.97,4054069,9437754087.9,155502,1604350,39.57,0.0416296032734389
TCS,EQ,2026-08-31,2342.0,2342.0,2399.3,2306.2,2399.3,2399.3,2355.43,2905846,6844516701.5,69557,2027420,69.77,0.02446626814688302
TCS,EQ,2026-09-01,2399.3,2355.0,2372.0,2325.0,2369.0,2369.0,2354.15,2678034,6304499313.4,84239,1231803,46.0,-0.012628683365981774
TCS,EQ,2026-09-02,2369.0,2347.9,2363.0,2303.5,2348.0,2348.0,2338.28,2533005,5922881120.1,96240,1215773,48.0,-0.008864499788940439
TCS,EQ,2026-09-03,2348.0,2353.6,2353.6,2316.1,2320.1,2320.1,2332.39,1892786,4414710140.1,90065,887515,46.89,-0.0118824531516184
TCS,EQ,2026-09-04,2320.1,2330.0,2363.9,2302.4,2304.0,2304.0,2320.69,2564322,5951009095.3,112846,1542024,60.13,-0.006939356062238611
TCS,EQ,2026-09-07,2304.0,2290.1,2299.9,2260.1,2270.0,2270.0,2273.31,2297551,5223048792.0,70867,1201565,52.3,-0.01475694444444442
TCS,EQ,2026-09-08,2270.0,2270.0,2274.5,2244.0,2255.5,2255.5,2263.52,2148114,4862308617.4,70112,1129391,52.58,-0.006387665198237857
TCS,EQ,2026-09-09,2255.5,2237.0,2237.0,2193.2,2208.0,2208.0,2207.41,3370071,7439143444.6,124491,2005311,59.5,-0.02105963201064065
TCS,EQ,2026-09-10,2208.0,2199.0,2232.0,2190.6,2204.1,2204.1,2205.28,2490912,5493146435.5,79204,1244751,49.97,-0.0017663043478260976
TCS,EQ,2026-09-11,2204.1,2185.5,2232.6,2185.5,2200.8,2200.8,2210.94,2634124,5823896659.4,102069,1221983,50.96,-0.0014972097454741817
