symbol,series,trade_date,prev_close,open_price,high_price,low_price,last_price,close_price,average_price,total_traded_quantity,turnover_inr,no_of_trades,deliverable_qty,deliverable_pct,daily_return
TITAN,EQ,2021-09-13,2034.3,2037.0,2043.45,2021.15,2032.0,2030.65,2031.14,786459,1597410473.55,53662,549374,69.85,
TITAN,EQ,2021-09-14,2030.65,2038.9,2061.5,2032.05,2052.95,2055.7,2050.46,888765,1822372883.85,67618,527802,59.39,0.012335951542609358
TITAN,EQ,2021-09-15,2055.7,2060.0,2133.0,2060.0,2118.0,2119.85,2114.32,2795995,5911638231.3,110486,1122600,40.15,0.03120591526000882
TITAN,EQ,2021-09-16,2119.85,2132.95,2132.95,2095.05,2107.0,2108.7,2107.23,725123,1528003038.95,41720,348917,48.12,-0.005259806118357524
TITAN,EQ,2021-09-17,2108.7,2113.95,2150.0,2080.0,2103.75,2095.6,2112.99,1727410,3649992478.95,83540,877121,50.78,-0.006212358325034306
TITAN,EQ,2021-09-20,2095.6,2088.0,2096.0,2070.55,2076.9,2077.35,2081.85,411738,857176271.35,37253,165495,40.19,-0.008708723038747812
TITAN,EQ,2021-09-21,2077.35,2075.0,2097.5,2062.1,2089.0,2085.85,2081.01,539788,1123305124.65,32786,279725,51.82,0.004091751510337582
TITAN,EQ,2021-09-22,2085.85,2096.8,2110.95,2073.4,2077.65,2081.05,2090.22,1057480,2210371057.5,55217,564526,53.38,-0.0023012201260875775
TITAN,EQ,2021-09-23,2081.05,2090.0,2113.75,2076.6,2106.0,2105.05,2096.94,711634,1492255842.0,46700,331592,46.6,0.011532639773191411
TITAN,EQ,2021-09-24,2105.05,2105.0,2115.0,2085.0,2095.7,2092.9,2094.22,540771,1132495668.65,39759,271810,50.26,-0.005771834398232811
TITAN,EQ,2021-09-27,2092.9,2099.0,2107.35,2077.2,2092.5,2090.25,2090.52,507550,1061044257.85,30520,260013,51.23,-0.0012661856753787282
TITAN,EQ,2021-09-28,2090.25,2083.2,2138.0,2083.05,2133.85,2129.3,2121.94,923489,1959591885.6,58033,272159,29.47,0.018681975840210585
TITAN,EQ,2021-09-29,2129.3,2129.0,2167.9,2110.05,2150.0,2147.5,2141.13,912912,1954667173.65,57601,289901,31.76,0.008547409946930928
TITAN,EQ,2021-09-30,2147.5,2149.9,2185.0,2136.3,2162.95,2161.85,2165.03,1374265,2975328839.6,70745,627789,45.68,0.006682188591385252
TITAN,EQ,2021-10-01,2161.85,2157.0,2175.0,2122.65,2160.0,2163.75,2147.61,626710,1345926134.45,47938,214170,34.17,0.0008788768878507103
TITAN,EQ,2021-10-04,2163.75,2160.0,2174.3,2138.0,2155.0,2155.3,2154.36,870878,1876188432.2,52604,384004,44.09,-0.00390525707683409
TITAN,EQ,2021-10-05,2155.3,2155.3,2206.65,2130.0,2197.35,2192.65,2166.15,1329784,2880507999.05,55082,715513,53.81,0.017329374101053174
TITAN,EQ,2021-10-06,2192.65,2194.0,2204.7,2135.1,2148.9,2147.65,2161.21,895210,1934741228.65,55955,391693,43.75,-0.02052311130367368
TITAN,EQ,2021-10-07,2147.65,2255.0,2384.25,2250.0,2374.0,2375.35,2342.2,8361061,19583315313.4,355979,1884100,22.53,0.10602286219821666
TITAN,EQ,2021-10-08,2375.35,2420.0,2420.0,2353.0,2355.45,2358.2,2377.27,1845797,4387958396.05,100913,480004,26.01,-0.007219988633254126
TITAN,EQ,2021-10-11,2358.2,2377.0,2406.1,2357.55,2369.95,2362.4,2376.61,1056932,2511911785.8,64423,550174,52.05,0.001781019421592811
TITAN,EQ,2021-10-12,2362.4,2365.0,2507.8,2342.65,2506.0,2492.6,2453.79,3517011,8629989851.8,161695,792173,22.52,0.0551134439552996
TITAN,EQ,2021-10-13,2492.6,2539.9,2608.95,2490.0,2540.0,2537.2,2552.91,4023645,10272023493.25,183311,1181074,29.35,0.017892963170986098
TITAN,EQ,2021-10-14,2537.2,2575.3,2584.0,2532.35,2567.0,2564.05,2548.05,1546459,3940461033.35,98784,741481,47.95,0.01058253192495684
TITAN,EQ,2021-10-18,2564.05,2620.0,2677.9,2575.5,2594.55,2588.8,2626.78,2572741,6758020857.25,139318,940259,36.55,0.009652697880306649
TITAN,EQ,2021-10-19,2588.8,2638.0,2638.0,2468.75,2496.0,2484.9,2527.63,3546129,8963301660.1,135501,2335354,65.86,-0.040134425216316494
TITAN,EQ,2021-10-20,2484.9,2487.1,2505.55,2403.0,2420.0,2411.4,2438.16,2868983,6995037929.75,162805,1822838,63.54,-0.02957865507666302
TITAN,EQ,2021-10-21,2411.4,2433.9,2435.95,2380.05,2405.0,2395.7,2397.62,2303014,5521749507.8,107540,1492669,64.81,-0.006510740648586033
TITAN,EQ,2021-10-22,2395.7,2417.4,2494.95,2398.0,2415.0,2412.0,2437.38,3063724,7467461444.4,143083,1054544,34.42,0.006803856910297723
TITAN,EQ,2021-10-25,2412.0,2405.0,2412.0,2340.0,2379.0,2379.15,2378.6,1446182,3439881743.6,84641,738993,51.1,-0.01361940298507458
TITAN,EQ,2021-10-26,2379.15,2390.0,2468.45,2371.0,2468.0,2454.75,2428.86,2567357,6235761115.45,117797,1454232,56.64,0.03177605447323617
TITAN,EQ,2021-10-27,2454.75,2468.0,2482.35,2452.2,2460.0,2460.1,2463.7,2082690,5131121349.9,103524,1260686,60.53,0.0021794480089620816
TITAN,EQ,2021-10-28,2460.1,2470.0,2470.0,2360.0,2391.9,2375.15,2398.13,3330380,7986683850.45,175828,1129294,33.91,-0.034531116621275504
TITAN,EQ,2021-10-29,2375.15,2400.0,2404.0,2346.55,2395.0,2383.55,2387.1,1450019,3461335942.7,91730,642971,44.34,0.003536618739869102
TITAN,EQ,2021-11-01,2383.55,2441.45,2441.45,2390.35,2407.8,2406.3,2407.82,1276469,3073513400.3,92131,624149,48.9,0.009544586855740445
TITAN,EQ,2021-11-02,2406.3,2422.8,2464.8,2421.05,2451.0,2453.95,2443.56,1546219,3778278593.3,84290,691200,44.7,0.019802185928603944
TITAN,EQ,2021-11-03,2453.95,2462.0,2471.65,2406.05,2421.0,2417.95,2432.91,1554405,3781731974.75,75985,855694,55.05,-0.014670225554717864
TITAN,EQ,2021-11-04,2417.95,2439.0,2444.8,2422.0,2432.15,2431.75,2435.38,181506,442035432.15,17910,99390,54.76,0.005707314047023404
TITAN,EQ,2021-11-08,2431.75,2477.9,2548.7,2448.3,2542.0,2536.75,2511.91,3449086,8663788499.9,146176,1491669,43.25,0.04317878071347803
TITAN,EQ,2021-11-09,2536.75,2528.95,2543.8,2491.15,2516.5,2512.1,2516.34,1097405,2761441254.4,76072,471158,42.93,-0.009717157780624874
TITAN,EQ,2021-11-10,2512.1,2505.0,2526.85,2472.2,2484.0,2484.6,2490.74,911235,2269650647.9,64085,407049,44.67,-0.010947016440428281
TITAN,EQ,2021-11-11,2484.6,2484.0,2542.8,2476.3,2526.6,2528.1,2523.03,1726010,4354776070.3,96076,476883,27.63,0.017507848345810206
TITAN,EQ,2021-11-12,2528.1,2547.85,2561.75,2523.0,2535.1,2539.5,2542.65,1673817,4255929181.1,94427,760588,45.44,0.004509315296072236
TITAN,EQ,2021-11-15,2539.5,2551.0,2572.7,2531.7,2536.95,2539.4,2553.05,846885,2162136972.9,62038,350324,41.37,-3.937783028151731e-05
TITAN,EQ,2021-11-16,2539.4,2550.1,2551.35,2520.15,2523.9,2531.75,2539.04,1133767,2878680643.2,59054,645471,56.93,-0.003012522643144111
TITAN,EQ,2021-11-17,2531.75,2522.9,2539.0,2491.1,2497.4,2499.35,2515.53,892518,2245155162.0,59209,530076,59.39,-0.012797472104275731
TITAN,EQ,2021-11-18,2499.35,2492.0,2520.0,2456.5,2473.9,2478.2,2483.99,739912,1837935263.9,47587,278882,37.69,-0.008462200172044798
TITAN,EQ,2021-11-22,2478.2,2492.4,2492.4,2353.0,2396.05,2391.3,2411.69,1361329,3283104442.35,112686,664171,48.79,-0.03506577354531504
TITAN,EQ,2021-11-23,2391.3,2380.0,2410.95,2365.05,2385.0,2387.7,2396.91,1247942,2991209996.4,80208,768648,61.59,-0.0015054572826497248
TITAN,EQ,2021-11-24,2387.7,2400.0,2405.25,2365.0,2371.05,2375.85,2384.2,614145,1464244005.6,60003,270363,44.02,-0.004962935042090666
TITAN,EQ,2021-11-25,2375.85,2360.0,2403.2,2355.15,2398.0,2397.8,2383.78,662071,1578228953.3,43045,272606,41.17,0.009238798745712096
TITAN,EQ,2021-11-26,2397.8,2377.8,2385.1,2285.05,2293.0,2292.3,2315.47,1289322,2985381919.5,90778,642911,49.86,-0.04399866544332309
TITAN,EQ,2021-11-29,2292.3,2290.0,2334.4,2231.4,2330.2,2324.2,2302.74,1094276,2519834344.0,72270,496029,45.33,0.013916154081053733
TITAN,EQ,2021-11-30,2324.2,2336.4,2390.0,2336.4,2371.0,2375.5,2369.3,2675375,6338771046.35,122113,1442173,53.91,0.022072110833835312
TITAN,EQ,2021-12-01,2375.5,2409.8,2441.95,2347.4,2364.0,2360.2,2377.54,2177426,5176915093.3,105738,1327106,60.95,-0.006440749315933525
TITAN,EQ,2021-12-02,2360.2,2369.0,2422.5,2360.05,2384.0,2386.5,2390.41,1682636,4022191630.75,112356,671145,39.89,0.01114312346411328
TITAN,EQ,2021-12-03,2386.5,2405.0,2405.45,2355.05,2376.45,2369.25,2381.76,1062389,2530356563.5,60819,488075,45.94,-0.0072281583909490355
TITAN,EQ,2021-12-06,2369.25,2361.35,2379.85,2318.4,2333.0,2325.3,2350.72,547641,1287352987.35,40828,211174,38.56,-0.018550174105729567
TITAN,EQ,2021-12-07,2325.3,2336.5,2385.85,2325.35,2384.7,2380.55,2362.08,904175,2135737060.85,65433,430610,47.62,0.023760375005375645
TITAN,EQ,2021-12-08,2380.55,2385.0,2418.0,2377.1,2408.0,2405.55,2398.57,926476,2222220599.85,58598,361871,39.06,0.010501774799941188
TITAN,EQ,2021-12-09,2405.55,2424.0,2424.0,2355.85,2373.0,2373.15,2373.1,1250492,2967542650.5,68975,635855,50.85,-0.013468853276797477
TITAN,EQ,2021-12-10,2373.15,2385.4,2385.4,2296.3,2337.0,2339.35,2324.7,2288164,5319299256.05,105082,990810,43.3,-0.014242673240208226
TITAN,EQ,2021-12-13,2339.35,2352.6,2386.0,2340.1,2355.0,2350.5,2360.32,992852,2343450818.5,61764,458667,46.2,0.004766281231966207
TITAN,EQ,2021-12-14,2350.5,2342.7,2371.25,2318.75,2369.95,2354.85,2341.86,765269,1792150143.85,53869,338217,44.2,0.0018506700701979018
TITAN,EQ,2021-12-15,2354.85,2355.1,2368.25,2317.45,2320.0,2323.15,2337.36,567271,1325916326.4,46472,252726,44.55,-0.013461579293797876
TITAN,EQ,2021-12-16,2323.15,2344.1,2364.8,2325.25,2360.0,2357.25,2345.0,998086,2340509398.35,64683,467973,46.89,0.014678346210963422
TITAN,EQ,2021-12-17,2357.25,2336.0,2339.3,2257.1,2279.7,2280.4,2284.25,1591893,3636285276.0,98212,533318,33.5,-0.03260154841446594
TITAN,EQ,2021-12-20,2280.4,2259.7,2263.15,2205.0,2238.15,2239.35,2233.48,1063366,2375004604.4,89771,451762,42.48,-0.018001227854762436
TITAN,EQ,2021-12-21,2239.35,2251.3,2310.0,2251.3,2290.45,2287.65,2290.69,883858,2024642332.75,58384,283342,32.06,0.021568758791613796
TITAN,EQ,2021-12-22,2287.65,2306.3,2308.1,2282.35,2302.0,2299.75,2296.62,643034,1476806396.65,51212,278599,43.33,0.005289270648919153
TITAN,EQ,2021-12-23,2299.75,2320.0,2337.55,2310.0,2333.5,2329.9,2324.32,613686,1426405117.6,35679,203243,33.12,0.013110120665289715
TITAN,EQ,2021-12-24,2329.9,2340.1,2341.9,2310.0,2318.5,2319.45,2322.9,534065,1240577251.1,33907,192505,36.05,-0.004485171037383662
TITAN,EQ,2021-12-27,2319.45,2306.15,2344.0,2286.3,2334.0,2331.3,2314.4,537545,1244095872.35,37921,206885,38.49,0.005108969798874874
TITAN,EQ,2021-12-28,2331.3,2340.1,2384.95,2327.5,2378.0,2379.85,2366.63,871453,2062409222.3,40319,246665,28.31,0.020825290610388958
TITAN,EQ,2021-12-29,2379.85,2379.0,2416.45,2370.35,2396.6,2402.15,2399.11,764644,1834461426.65,40571,211362,27.64,0.009370338466710093
TITAN,EQ,2021-12-30,2402.15,2393.8,2448.0,2390.7,2448.0,2437.3,2424.92,1152684,2795160746.2,54913,603014,52.31,0.014632724850654588
TITAN,EQ,2021-12-31,2437.3,2447.3,2535.0,2444.6,2517.55,2522.4,2512.69,2225749,5592607464.05,142272,728523,32.73,0.03491568538957046
TITAN,EQ,2022-01-03,2522.4,2510.0,2546.0,2502.3,2529.75,2523.85,2519.23,921729,2322049617.65,51436,320609,34.78,0.0005748493498254348
TITAN,EQ,2022-01-04,2523.85,2525.0,2594.95,2524.4,2582.0,2583.0,2553.9,1037293,2649140610.55,61734,341256,32.9,0.02343641658577167
TITAN,EQ,2022-01-05,2583.0,2576.0,2608.0,2560.1,2574.0,2576.15,2584.75,1244568,3216893224.9,71880,500862,40.24,-0.0026519550909794853
TITAN,EQ,2022-01-06,2576.15,2540.0,2601.35,2538.45,2595.95,2595.9,2576.3,1130508,2912530227.05,64729,502364,44.44,0.007666479048192176
TITAN,EQ,2022-01-07,2595.9,2630.0,2687.25,2562.35,2571.0,2572.7,2624.29,4625230,12137947788.45,182146,1301383,28.14,-0.008937170152933605
TITAN,EQ,2022-01-10,2572.7,2585.0,2663.55,2571.0,2653.6,2657.5,2621.54,1894316,4966030269.45,84856,602739,31.82,0.032961480157033485
TITAN,EQ,2022-01-11,2657.5,2650.0,2678.75,2634.3,2652.0,2653.35,2660.46,1123968,2990267804.3,73780,442474,39.37,-0.0015616180620884323
TITAN,EQ,2022-01-12,2653.35,2641.0,2672.0,2608.0,2611.0,2612.95,2625.81,1293999,3397790891.35,93222,681896,52.7,-0.015226035012342876
TITAN,EQ,2022-01-13,2612.95,2611.0,2628.9,2588.0,2617.2,2619.25,2608.63,1023670,2670377135.8,82625,433925,42.39,0.0024110679500182197
TITAN,EQ,2022-01-14,2619.25,2626.0,2639.0,2588.85,2594.0,2592.75,2602.58,1166457,3035802991.05,68573,561068,48.1,-0.01011740001908945
TITAN,EQ,2022-01-17,2592.75,2592.75,2604.3,2550.4,2592.55,2597.55,2584.87,1172956,3031941630.6,80705,653333,55.7,0.0018513161700897118
TITAN,EQ,2022-01-18,2597.55,2598.0,2635.0,2587.0,2597.0,2600.6,2615.24,1221314,3194035241.0,90987,410636,33.62,0.001174183365094006
TITAN,EQ,2022-01-19,2600.6,2598.0,2617.8,2571.1,2591.0,2588.9,2594.46,629040,1632017689.45,50275,228010,36.25,-0.0044989617780512026
TITAN,EQ,2022-01-20,2588.9,2597.0,2610.0,2550.0,2567.0,2564.3,2579.12,1215237,3134244733.65,62889,673641,55.43,-0.009502105141179662
TITAN,EQ,2022-01-21,2564.3,2548.0,2561.9,2505.0,2525.0,2528.15,2528.81,1457884,3686711672.15,69084,752059,51.59,-0.014097414499083638
TITAN,EQ,2022-01-24,2528.15,2520.0,2522.55,2376.0,2403.0,2403.05,2427.01,1411443,3425589208.0,110228,748912,53.06,-0.04948282340842114
TITAN,EQ,2022-01-25,2403.05,2386.0,2407.75,2330.4,2374.8,2376.5,2367.08,2849686,6745439510.45,124774,1713856,60.14,-0.011048459249703546
TITAN,EQ,2022-01-27,2376.5,2327.0,2360.4,2260.0,2313.0,2310.05,2296.3,2460051,5649014586.0,173733,1248279,50.74,-0.027961287607826568
TITAN,EQ,2022-01-28,2310.05,2313.0,2377.8,2308.0,2321.1,2315.6,2346.39,1317407,3091154304.25,84716,568219,43.13,0.0024025453994500623
TITAN,EQ,2022-01-31,2315.6,2353.0,2380.0,2336.35,2355.1,2360.3,2359.8,900510,2125022696.5,70551,412255,45.78,0.01930385213335639
TITAN,EQ,2022-02-01,2360.3,2378.8,2442.1,2358.95,2436.05,2431.8,2393.37,1246431,2983171761.75,80249,388804,31.19,0.030292759394992208
TITAN,EQ,2022-02-02,2431.8,2451.0,2477.9,2441.75,2468.0,2464.0,2460.71,1144427,2816107430.55,67803,445962,38.97,0.013241220495106454
TITAN,EQ,2022-02-03,2464.0,2480.5,2506.55,2417.0,2464.0,2474.95,2475.84,3883564,9615070419.35,184015,822375,21.18,0.004443993506493493
TITAN,EQ,2022-02-04,2474.95,2510.0,2520.0,2430.0,2465.0,2471.15,2474.02,2718069,6724548208.0,131789,864802,31.82,-0.001535384553223218
TITAN,EQ,2022-02-07,2471.15,2480.0,2498.15,2388.0,2404.85,2409.2,2431.35,1119632,2722213147.25,69021,339196,30.3,-0.02506929971875449
TITAN,EQ,2022-02-08,2409.2,2418.4,2465.0,2400.9,2442.0,2443.65,2435.13,1524580,3712547327.1,98867,554343,36.36,0.014299352482151972
TITAN,EQ,2022-02-09,2443.65,2465.0,2495.0,2456.05,2487.0,2484.8,2481.87,826261,2050674075.65,66348,362984,43.93,0.016839563767315324
TITAN,EQ,2022-02-10,2484.8,2499.95,2503.95,2465.55,2485.3,2491.85,2487.43,788689,1961807705.1,57984,385842,48.92,0.002837250482936149
TITAN,EQ,2022-02-11,2491.85,2480.0,2480.0,2421.25,2438.65,2442.25,2444.04,1030760,2519214913.2,66364,550796,53.44,-0.019904889941208315
TITAN,EQ,2022-02-14,2442.25,2380.0,2423.0,2351.25,2396.75,2398.0,2402.4,816491,1961536759.7,59633,311750,38.18,-0.018118538233186654
TITAN,EQ,2022-02-15,2398.0,2421.95,2499.8,2399.0,2499.6,2495.9,2457.59,1293933,3179957622.45,75877,577893,44.66,0.040825688073394595
TITAN,EQ,2022-02-16,2495.9,2510.0,2519.9,2460.25,2483.0,2488.05,2494.65,1008929,2516925335.25,72189,296266,29.36,-0.0031451580592171124
TITAN,EQ,2022-02-17,2488.05,2509.5,2537.5,2487.0,2490.95,2493.2,2504.29,960885,2406338121.45,56173,254290,26.46,0.00206989409376801
TITAN,EQ,2022-02-18,2493.2,2479.3,2499.5,2460.8,2491.0,2488.95,2486.69,654373,1627221028.05,43119,287801,43.98,-0.0017046366115834877
TITAN,EQ,2022-02-21,2488.95,2488.0,2488.0,2411.05,2457.35,2454.35,2446.34,788568,1929103698.2,42345,165999,21.05,-0.013901444384178063
TITAN,EQ,2022-02-22,2454.35,2377.0,2457.0,2377.0,2448.0,2450.1,2427.48,874150,2121984736.15,61053,363180,41.55,-0.0017316193696905735
TITAN,EQ,2022-02-23,2450.1,2452.0,2525.0,2452.0,2494.95,2495.7,2502.1,2096198,5244902816.85,104451,909891,43.41,0.01861148524550016
TITAN,EQ,2022-02-24,2495.7,2402.0,2466.0,2395.0,2405.0,2406.6,2419.56,1875086,4536886733.7,135683,850510,45.36,-0.03570140641904074
TITAN,EQ,2022-02-25,2406.6,2423.5,2474.0,2423.5,2466.0,2468.45,2451.9,1284338,3149073022.3,80706,481784,37.51,0.02570015789911073
TITAN,EQ,2022-02-28,2468.45,2430.0,2563.65,2430.0,2556.0,2546.55,2502.91,2355891,5896590347.25,102680,1278524,54.27,0.03163928781219005
TITAN,EQ,2022-03-02,2546.55,2550.0,2604.8,2524.35,2590.0,2592.65,2579.86,3536974,9124910711.8,116169,1779676,50.32,0.01810292356325216
TITAN,EQ,2022-03-03,2592.65,2620.0,2639.8,2560.0,2571.7,2574.25,2601.27,2153478,5601781258.65,96827,1207925,56.09,-0.007096985709602155
TITAN,EQ,2022-03-04,2574.25,2565.0,2565.0,2430.0,2440.2,2441.0,2496.24,2652474,6621203752.65,125811,1115927,42.07,-0.051762649315334586
TITAN,EQ,2022-03-07,2441.0,2414.8,2419.95,2330.0,2390.0,2389.7,2378.38,1545686,3676225559.65,135662,625636,40.48,-0.021015977058582602
TITAN,EQ,2022-03-08,2389.7,2400.0,2419.5,2325.6,2393.0,2371.25,2372.8,1467595,3482313308.85,124369,596606,40.65,-0.007720634389253855
TITAN,EQ,2022-03-09,2371.25,2393.0,2460.5,2375.0,2435.0,2433.65,2418.17,1581979,3825495001.25,84678,541487,34.23,0.026315234580917224
TITAN,EQ,2022-03-10,2433.65,2498.0,2504.75,2444.85,2463.0,2467.8,2473.18,1051744,2601157222.7,78407,347679,33.06,0.01403242043843611
TITAN,EQ,2022-03-11,2467.8,2478.0,2498.2,2448.85,2493.0,2493.6,2477.31,812330,2012392460.85,47673,231264,28.47,0.010454655968878956
TITAN,EQ,2022-03-14,2493.6,2490.0,2545.0,2475.0,2544.75,2539.0,2511.13,1004492,2522406872.2,58326,386770,38.5,0.01820660891883219
TITAN,EQ,2022-03-15,2539.0,2559.0,2579.0,2543.2,2550.8,2556.95,2557.78,1571483,4019512091.25,75290,769864,48.99,0.007069712485230362
TITAN,EQ,2022-03-16,2556.95,2577.8,2593.5,2566.0,2587.2,2587.3,2582.49,757197,1955453112.8,48077,300485,39.68,0.011869610277870368
TITAN,EQ,2022-03-17,2587.3,2600.1,2721.65,2600.1,2706.0,2703.0,2690.83,3336088,8976859657.8,152009,1093768,32.79,0.044718432342596426
TITAN,EQ,2022-03-21,2703.0,2740.0,2768.0,2700.0,2709.0,2707.25,2733.75,1889261,5164768325.5,100228,477011,25.25,0.0015723270440251014
TITAN,EQ,2022-03-22,2707.25,2716.25,2718.8,2646.45,2713.05,2712.75,2686.88,1279904,3438950759.15,84057,414874,32.41,0.0020315818635145977
TITAN,EQ,2022-03-23,2712.75,2730.0,2742.95,2677.85,2687.0,2690.0,2705.7,1281815,3468205394.05,63838,501508,39.12,-0.008386323841120591
TITAN,EQ,2022-03-24,2690.0,2694.0,2694.0,2612.55,2620.0,2618.5,2636.34,1835380,4838693184.7,105502,787185,42.89,-0.026579925650557668
TITAN,EQ,2022-03-25,2618.5,2631.0,2634.0,2518.0,2530.0,2523.9,2542.6,2863040,7279574267.1,164418,1239727,43.3,-0.03612755394309719
TITAN,EQ,2022-03-28,2523.9,2536.5,2545.55,2483.0,2540.0,2535.9,2513.34,1316800,3309561583.5,100692,458665,34.83,0.004754546535124193
TITAN,EQ,2022-03-29,2535.9,2550.0,2559.0,2525.3,2541.0,2538.8,2541.94,908172,2308519343.0,53687,337657,37.18,0.0011435782168067732
TITAN,EQ,2022-03-30,2538.8,2556.3,2565.75,2510.0,2520.8,2523.15,2536.83,866666,2198580838.3,65448,360487,41.59,-0.006164329604537611
TITAN,EQ,2022-03-31,2523.15,2525.25,2545.4,2519.95,2537.7,2536.15,2534.2,910316,2306921193.7,67807,438334,48.15,0.005152289796484633
TITAN,EQ,2022-04-01,2536.15,2538.0,2550.0,2491.85,2526.0,2520.85,2510.21,1208002,3032332673.4,72329,460383,38.11,-0.006032766200737449
TITAN,EQ,2022-04-04,2520.85,2540.35,2562.0,2508.75,2514.95,2517.0,2526.48,1424995,3600218845.05,62816,692834,48.62,-0.0015272626296685132
TITAN,EQ,2022-04-05,2517.0,2532.0,2577.8,2520.05,2549.9,2549.2,2552.85,1586304,4049596330.65,86537,569692,35.91,0.012793007548669078
TITAN,EQ,2022-04-06,2549.2,2547.0,2564.9,2523.3,2529.95,2540.05,2543.41,1349078,3431263814.0,79916,613329,45.46,-0.003589361368272259
TITAN,EQ,2022-04-07,2540.05,2502.3,2544.45,2452.0,2457.0,2458.35,2480.98,2785215,6910059294.45,187589,1226324,44.03,-0.032164721166906274
TITAN,EQ,2022-04-08,2458.35,2468.35,2532.65,2465.0,2506.95,2509.95,2490.54,1217812,3033008476.8,75284,349786,28.72,0.02098968820550362
TITAN,EQ,2022-04-11,2509.95,2503.0,2509.95,2477.4,2490.0,2489.85,2492.73,660112,1645478191.5,60024,243284,36.85,-0.008008127651945252
TITAN,EQ,2022-04-12,2489.85,2480.0,2508.5,2440.25,2485.0,2488.2,2474.98,1182427,2926484766.7,66063,539968,45.67,-0.000662690523525522
TITAN,EQ,2022-04-13,2488.2,2492.2,2495.95,2441.1,2461.5,2461.35,2465.68,1165453,2873636034.4,69275,541735,46.48,-0.010790933204726239
TITAN,EQ,2022-04-18,2461.35,2435.0,2500.0,2410.0,2493.25,2493.45,2461.41,1109814,2731705299.1,74589,480656,43.31,0.01304162349929916
TITAN,EQ,2022-04-19,2493.45,2509.4,2520.6,2441.0,2441.25,2452.6,2493.73,929834,2318751936.5,58595,432672,46.53,-0.01638292325893842
TITAN,EQ,2022-04-20,2452.6,2453.05,2505.0,2442.7,2481.0,2482.7,2480.47,639190,1585488832.5,48298,234735,36.72,0.01227269020631172
TITAN,EQ,2022-04-21,2482.7,2482.7,2524.95,2466.0,2522.0,2521.0,2507.76,880723,2208640593.6,52825,501722,56.97,0.01542675313167119
TITAN,EQ,2022-04-22,2521.0,2515.0,2526.45,2476.5,2504.8,2512.7,2507.85,878780,2203850776.7,44871,435268,49.53,-0.003292344307814443
TITAN,EQ,2022-04-25,2512.7,2471.0,2489.0,2447.05,2455.0,2453.9,2463.38,682383,1680965713.05,57119,240297,35.21,-0.023401122298722377
TITAN,EQ,2022-04-26,2453.9,2460.0,2552.15,2459.0,2551.0,2548.2,2508.0,1232557,3091248900.95,61241,602805,48.91,0.03842862382330159
TITAN,EQ,2022-04-27,2548.2,2528.65,2537.8,2488.25,2496.5,2492.35,2503.3,801135,2005478807.75,50875,365504,45.62,-0.021917431912722662
TITAN,EQ,2022-04-28,2492.35,2529.9,2531.0,2477.0,2507.0,2513.2,2506.87,933881,2341115728.35,54560,451823,48.38,0.008365598732120283
TITAN,EQ,2022-04-29,2513.2,2521.0,2532.0,2450.0,2466.35,2458.2,2489.52,1496781,3726259985.8,74394,852072,56.93,-0.021884450103453745
TITAN,EQ,2022-05-02,2458.2,2435.0,2437.0,2372.35,2386.0,2386.55,2399.28,1287401,3088832592.05,79270,530682,41.22,-0.029147343584736696
TITAN,EQ,2022-05-04,2386.55,2356.0,2407.0,2275.0,2280.0,2289.95,2327.57,2357806,5487950141.0,136419,823407,34.92,-0.040476838951624905
TITAN,EQ,2022-05-05,2289.95,2309.0,2309.0,2252.15,2260.0,2262.0,2270.07,2118580,4809327926.95,108894,1320157,62.31,-0.012205506670451283
TITAN,EQ,2022-05-06,2262.0,2240.0,2240.0,2195.45,2215.15,2208.75,2214.31,1465638,3245379120.6,96945,809904,55.26,-0.02354111405835546
TITAN,EQ,2022-05-09,2208.75,2195.0,2213.35,2171.0,2189.0,2183.2,2188.42,968069,2118541972.65,63411,438672,45.31,-0.011567628749292624
TITAN,EQ,2022-05-10,2183.2,2180.0,2186.0,2125.0,2131.95,2137.35,2151.39,1092429,2350244446.5,84827,528324,48.36,-0.02100128252106992
TITAN,EQ,2022-05-11,2137.35,2127.2,2138.0,2095.75,2122.75,2114.7,2114.07,1472911,3113842058.35,121081,767905,52.14,-0.01059723489367681
TITAN,EQ,2022-05-12,2114.7,2102.0,2103.9,2035.55,2054.55,2048.55,2054.07,1362031,2797704839.8,98413,694076,50.96,-0.031281032770605566
TITAN,EQ,2022-05-13,2048.55,2056.15,2154.0,2056.15,2096.15,2091.7,2113.06,2580348,5452433726.85,164874,1249623,48.43,0.0210636791877179
TITAN,EQ,2022-05-16,2091.7,2118.0,2152.0,2096.7,2111.0,2109.6,2122.33,1370151,2907909952.95,90560,604858,44.15,0.008557632547688598
TITAN,EQ,2022-05-17,2109.6,2145.0,2185.0,2111.0,2182.9,2176.35,2146.4,1256142,2696180833.6,76901,635242,50.57,0.03164106939704214
TITAN,EQ,2022-05-18,2176.35,2187.0,2194.3,2161.0,2170.0,2166.75,2178.46,1188772,2589687186.0,75313,630821,53.06,-0.004411055207112824
TITAN,EQ,2022-05-19,2166.75,2125.0,2156.1,2055.1,2126.0,2111.95,2130.83,981115,2090590744.65,69616,505238,51.5,-0.025291334948655875
TITAN,EQ,2022-05-20,2111.95,2139.9,2155.55,2129.2,2142.65,2137.05,2137.78,1017542,2175279300.25,73374,605436,59.5,0.01188475105944753
TITAN,EQ,2022-05-23,2137.05,2160.0,2200.0,2138.0,2149.95,2151.3,2175.25,1346294,2928523000.25,73291,631467,46.9,0.006668070470976284
TITAN,EQ,2022-05-24,2151.3,2151.65,2165.0,2121.35,2140.65,2140.25,2142.56,1150314,2464621623.95,80214,711558,61.86,-0.005136429135871423
TITAN,EQ,2022-05-25,2140.25,2160.0,2181.0,2106.0,2115.0,2113.4,2125.23,1125068,2391027165.85,74563,710594,63.16,-0.012545263403807905
TITAN,EQ,2022-05-26,2113.4,2132.0,2150.85,2075.5,2142.05,2141.95,2114.66,1382368,2923234031.4,84371,725821,52.51,0.013509037569792604
TITAN,EQ,2022-05-27,2141.95,2155.0,2159.95,2123.4,2150.0,2149.2,2139.68,865917,1852788322.75,62516,423355,48.89,0.003384766217698898
TITAN,EQ,2022-05-30,2149.2,2164.0,2260.0,2164.0,2254.95,2255.9,2236.71,1691435,3783250799.55,97144,697768,41.25,0.04964638004839017
TITAN,EQ,2022-05-31,2255.9,2254.9,2300.0,2176.6,2295.0,2216.0,2210.95,7005071,15487882622.05,122621,5206805,74.33,-0.017686954208963157
TITAN,EQ,2022-06-01,2216.0,2255.0,2304.9,2180.0,2195.0,2197.6,2225.11,2126105,4730818155.95,113554,615724,28.96,-0.008303249097472931
TITAN,EQ,2022-06-02,2197.6,2176.6,2225.35,2176.6,2225.0,2220.95,2207.55,966727,2134099609.8,52249,361316,37.38,0.010625227520931979
TITAN,EQ,2022-06-03,2220.95,2231.65,2244.95,2197.75,2212.0,2204.4,2220.72,1228695,2728593267.05,43430,657153,53.48,-0.0074517661361127585
TITAN,EQ,2022-06-06,2204.4,2204.4,2208.95,2165.95,2198.0,2198.55,2184.18,1285097,2806889353.4,42127,788923,61.39,-0.0026537833424060686
TITAN,EQ,2022-06-07,2198.55,2173.55,2179.45,2088.0,2100.05,2100.8,2104.29,3255286,6850076542.85,145884,1469886,45.15,-0.04446112210320441
TITAN,EQ,2022-06-08,2100.8,2106.05,2133.0,2096.55,2130.0,2128.85,2118.39,1775344,3760874080.35,89459,900954,50.75,0.013352056359482
TITAN,EQ,2022-06-09,2128.85,2106.0,2154.0,2103.0,2138.35,2139.7,2134.47,1035771,2210823972.85,54790,501057,48.38,0.005096648425205963
TITAN,EQ,2022-06-10,2139.7,2108.0,2166.0,2108.0,2142.7,2142.25,2145.62,927889,1990900235.6,52209,259919,28.01,0.001191755853624521
TITAN,EQ,2022-06-13,2142.25,2108.0,2124.45,2076.2,2104.6,2102.4,2098.73,928411,1948484418.6,90153,393206,42.35,-0.018601937215544373
TITAN,EQ,2022-06-14,2102.4,2100.0,2116.9,2072.65,2104.0,2102.0,2098.72,893733,1875692083.65,87924,374992,41.96,-0.00019025875190259445
TITAN,EQ,2022-06-15,2102.0,2104.0,2127.5,2090.0,2100.0,2105.05,2109.32,783714,1653103325.85,76479,296808,37.87,0.0014509990485251922
TITAN,EQ,2022-06-16,2105.05,2126.4,2145.0,2042.05,2059.0,2060.95,2080.5,1265289,2632429400.15,119716,488575,38.61,-0.020949621149141562
TITAN,EQ,2022-06-17,2060.95,2041.0,2051.65,1910.55,1935.45,1936.45,1953.95,6066708,11854052377.65,332659,2525867,41.63,-0.06040903466847802
TITAN,EQ,2022-06-20,1936.45,1938.0,1973.45,1905.45,1966.9,1961.7,1944.16,1967950,3826001836.6,103825,745179,37.87,0.013039324537168495
TITAN,EQ,2022-06-21,1961.7,1979.9,2093.75,1966.5,2079.95,2078.1,2058.38,3289922,6771902844.4,148907,831142,25.26,0.05933628995259199
TITAN,EQ,2022-06-22,2078.1,2070.0,2070.95,2007.0,2028.0,2031.2,2027.79,1507811,3057525659.95,119538,488690,32.41,-0.02256869255569982
TITAN,EQ,2022-06-23,2031.2,2040.0,2047.8,1997.15,2040.0,2041.4,2022.78,1632845,3302881610.15,128426,601384,36.83,0.005021662071681865
TITAN,EQ,2022-06-24,2041.4,2053.55,2076.4,2033.95,2046.15,2045.6,2046.73,854618,1749169685.7,61571,360499,42.18,0.002057411580288049
TITAN,EQ,2022-06-27,2045.6,2082.0,2083.65,2025.0,2045.0,2040.3,2046.74,1067849,2185611112.3,60089,414773,38.84,-0.0025909268674227937
TITAN,EQ,2022-06-28,2040.3,2020.0,2022.0,1960.0,1970.2,1968.05,1970.62,3397585,6695340526.0,163512,1692977,49.83,-0.03541145909915211
TITAN,EQ,2022-06-29,1968.05,1950.0,1954.3,1923.0,1936.0,1936.15,1933.09,2375427,4591908331.45,120667,1346089,56.67,-0.016208937781052257
TITAN,EQ,2022-06-30,1936.15,1950.0,1965.75,1926.0,1930.75,1941.25,1946.07,2489709,4845135822.65,129143,1149335,46.16,0.0026340934328434873
TITAN,EQ,2022-07-01,1941.25,1895.0,1954.35,1825.05,1944.75,1946.2,1901.69,4064801,7729981907.7,181278,1121719,27.6,0.0025499034127496323
TITAN,EQ,2022-07-04,1946.2,1954.0,1966.6,1928.0,1961.0,1962.5,1952.37,1023678,1998599537.15,80119,440706,43.05,0.008375295447538678
TITAN,EQ,2022-07-05,1962.5,1967.0,1989.1,1940.55,1958.0,1954.25,1969.36,1555345,3063028102.75,78971,748740,48.14,-0.004203821656050932
TITAN,EQ,2022-07-06,1954.25,1958.0,2025.5,1941.35,2020.0,2013.55,1986.09,1952701,3878235910.05,91660,832334,42.62,0.03034412178585133
TITAN,EQ,2022-07-07,2013.55,2130.0,2171.6,2102.55,2129.95,2127.5,2131.3,5915740,12608232134.1,219221,1394110,23.57,0.05659159196444086
TITAN,EQ,2022-07-08,2127.5,2140.0,2154.0,2110.5,2143.0,2144.35,2135.31,2039331,4354609895.3,87152,986295,48.36,0.007920094007050515
TITAN,EQ,2022-07-11,2144.35,2153.0,2173.85,2126.6,2155.65,2163.6,2160.11,1219508,2634272450.8,58556,438836,35.98,0.00897707930142011
TITAN,EQ,2022-07-12,2163.6,2132.0,2142.0,2114.45,2131.0,2130.0,2130.32,1096542,2335987659.5,53839,431420,39.34,-0.015529672767609526
TITAN,EQ,2022-07-13,2130.0,2130.0,2141.8,2107.45,2114.0,2111.4,2122.24,1169721,2482430386.8,56836,573488,49.03,-0.008732394366197105
TITAN,EQ,2022-07-14,2111.4,2132.0,2140.0,2113.0,2128.0,2127.45,2125.27,767221,1630549190.0,42086,309266,40.31,0.007601591361181992
TITAN,EQ,2022-07-15,2127.45,2135.0,2193.15,2132.2,2188.95,2189.7,2173.72,1742573,3787858267.75,69579,813297,46.67,0.029260382147641595
TITAN,EQ,2022-07-18,2189.7,2196.0,2247.3,2194.05,2231.0,2237.45,2231.23,2016386,4499022003.0,86134,1216255,60.32,0.02180664017902001
TITAN,EQ,2022-07-19,2237.45,2232.5,2253.0,2216.7,2236.0,2241.2,2236.69,867223,1939706890.0,47377,369172,42.57,0.0016760151064827422
TITAN,EQ,2022-07-20,2241.2,2280.0,2298.0,2261.1,2269.0,2271.2,2282.68,1620332,3698699138.35,93549,927129,57.22,0.013385686239514527
TITAN,EQ,2022-07-21,2271.2,2285.0,2298.0,2264.0,2289.0,2288.6,2278.34,1117118,2545174435.0,61617,628035,56.22,0.007661148291651987
TITAN,EQ,2022-07-22,2288.6,2299.0,2329.95,2283.1,2324.0,2325.0,2319.24,1185176,2748710039.05,68206,419950,35.43,0.015904920038451564
TITAN,EQ,2022-07-25,2325.0,2339.3,2348.8,2313.0,2325.0,2328.85,2330.54,1248393,2909428754.55,60220,533651,42.75,0.0016559139784946275
TITAN,EQ,2022-07-26,2328.85,2334.95,2334.95,2286.55,2291.0,2293.2,2308.15,1142159,2636273434.3,64769,514204,45.02,-0.015307984627605964
TITAN,EQ,2022-07-27,2293.2,2285.1,2311.0,2266.55,2305.0,2303.55,2294.95,1456382,3342320766.55,78656,777702,53.4,0.0045133437990583225
TITAN,EQ,2022-07-28,2303.55,2321.0,2341.5,2305.05,2330.5,2334.65,2328.27,1126799,2623488739.9,67384,490895,43.57,0.013500900783573133
TITAN,EQ,2022-07-29,2334.65,2355.0,2392.5,2339.05,2355.0,2352.05,2364.14,1239445,2930225071.1,91870,563303,45.45,0.007452937271111404
TITAN,EQ,2022-08-01,2352.05,2364.8,2381.05,2339.0,2375.6,2376.25,2360.52,581266,1372089122.7,44301,246001,42.32,0.010288896919708357
TITAN,EQ,2022-08-02,2376.25,2370.0,2397.8,2357.05,2381.0,2384.95,2382.73,777687,1853019321.45,60405,334922,43.07,0.0036612309310888325
TITAN,EQ,2022-08-03,2384.95,2395.0,2425.9,2355.0,2418.75,2416.4,2382.52,1207016,2875744639.25,88794,564855,46.8,0.013186859263297102
TITAN,EQ,2022-08-04,2416.4,2429.95,2430.45,2370.95,2416.55,2423.65,2406.25,1015590,2443763433.05,74549,394852,38.88,0.003000331071014717
TITAN,EQ,2022-08-05,2423.65,2425.2,2472.4,2417.35,2428.0,2432.8,2442.47,2443597,5968418136.45,118932,525769,21.52,0.00377529758834827
TITAN,EQ,2022-08-08,2432.8,2460.0,2474.7,2433.15,2447.5,2446.95,2449.11,1576547,3861143029.1,110355,542978,34.44,0.005816343308122196
TITAN,EQ,2022-08-10,2446.95,2469.9,2469.9,2417.1,2426.85,2433.6,2431.69,1065998,2592174973.8,77419,530595,49.77,-0.005455771470606274
TITAN,EQ,2022-08-11,2433.6,2446.2,2486.0,2446.2,2468.4,2472.35,2472.9,1127878,2789127719.85,78302,555070,49.21,0.01592291255752798
TITAN,EQ,2022-08-12,2472.35,2472.0,2493.0,2461.9,2472.6,2471.95,2475.58,761420,1884958383.3,52758,378208,49.67,-0.00016178939066069375
TITAN,EQ,2022-08-16,2471.95,2461.1,2499.5,2435.0,2491.0,2493.85,2484.37,1035928,2573630501.55,61946,369975,35.71,0.008859402496005142
TITAN,EQ,2022-08-17,2493.85,2495.0,2523.15,2480.65,2486.0,2492.2,2499.05,863500,2157925615.5,62154,339326,39.3,-0.0006616276039056457
TITAN,EQ,2022-08-18,2492.2,2492.2,2503.9,2467.3,2481.35,2478.7,2480.42,827663,2052953457.55,60317,435036,52.56,-0.005416900730278451
TITAN,EQ,2022-08-19,2478.7,2498.95,2498.95,2430.9,2439.3,2440.6,2457.34,751505,1846706908.3,60670,324630,43.2,-0.015370960584177196
TITAN,EQ,2022-08-22,2440.6,2440.0,2458.0,2408.0,2422.4,2417.6,2427.3,947292,2299357390.25,65745,435673,45.99,-0.009423912152749292
TITAN,EQ,2022-08-23,2417.6,2407.0,2501.95,2400.0,2484.1,2480.2,2460.74,1417877,3489030665.6,87984,595229,41.98,0.02589344804765048
TITAN,EQ,2022-08-24,2480.2,2495.0,2495.0,2441.05,2458.0,2460.7,2460.48,672569,1654840131.6,45488,228304,33.95,-0.007862269171840963
TITAN,EQ,2022-08-25,2460.7,2473.0,2501.6,2456.7,2464.4,2466.45,2483.34,732577,1819240058.35,47753,240648,32.85,0.0023367334498314296
TITAN,EQ,2022-08-26,2466.45,2483.05,2556.0,2481.55,2535.0,2532.9,2533.09,2398253,6074992319.15,122943,636063,26.52,0.026941555677187923
TITAN,EQ,2022-08-29,2532.9,2457.25,2540.9,2457.25,2536.3,2531.7,2518.08,1149676,2894974783.55,81910,498103,43.33,-0.00047376524931908026
TITAN,EQ,2022-08-30,2531.7,2545.0,2623.1,2543.0,2594.65,2604.65,2589.47,1794736,4647422653.6,89928,947425,52.79,0.028814630485444637
TITAN,EQ,2022-09-01,2604.65,2592.95,2647.15,2565.65,2625.0,2622.0,2619.77,1438313,3768054304.15,100367,680737,47.33,0.006661163688019389
TITAN,EQ,2022-09-02,2622.0,2631.0,2645.0,2607.05,2615.0,2612.6,2627.94,800453,2103544513.65,63265,324191,40.5,-0.00358504958047301
TITAN,EQ,2022-09-05,2612.6,2625.0,2640.0,2610.85,2620.0,2627.35,2626.33,733481,1926359655.8,48394,337591,46.03,0.005645716910357423
TITAN,EQ,2022-09-06,2627.35,2631.7,2646.9,2611.0,2623.45,2631.65,2629.7,680071,1788379662.25,47872,301683,44.36,0.0016366300645136445
TITAN,EQ,2022-09-07,2631.65,2607.0,2641.4,2600.4,2639.5,2637.75,2628.47,438635,1152937394.15,34296,166241,37.9,0.0023179374156896415
TITAN,EQ,2022-09-08,2637.75,2649.0,2659.9,2616.0,2629.0,2626.7,2635.36,754150,1987456396.45,52715,346213,45.91,-0.0041891763813857175
TITAN,EQ,2022-09-09,2626.7,2652.0,2652.15,2593.0,2600.8,2603.45,2613.56,777186,2031220521.35,53658,422904,54.41,-0.00885141051509497
TITAN,EQ,2022-09-12,2603.45,2616.8,2669.7,2610.0,2668.0,2661.15,2645.7,808360,2138675818.15,72657,420969,52.08,0.022162899229868138
TITAN,EQ,2022-09-13,2661.15,2680.0,2723.0,2672.0,2703.0,2705.55,2706.85,1536444,4158926370.75,83248,525605,34.21,0.016684516092666746
TITAN,EQ,2022-09-14,2705.55,2645.0,2712.0,2645.0,2703.0,2700.6,2696.94,915281,2468455405.3,60124,441513,48.24,-0.0018295725453235656
TITAN,EQ,2022-09-15,2700.6,2714.15,2717.0,2648.0,2662.0,2656.15,2672.24,753648,2013925272.65,54825,400616,53.16,-0.016459305339554087
TITAN,EQ,2022-09-16,2656.15,2648.0,2677.65,2604.25,2618.0,2611.8,2628.26,1425731,3747185878.5,62234,819947,57.51,-0.01669709918491047
TITAN,EQ,2022-09-19,2611.8,2611.75,2632.0,2552.55,2627.8,2619.8,2600.29,808421,2102125441.75,70444,325761,40.3,0.003063021670878241
TITAN,EQ,2022-09-20,2619.8,2642.2,2693.55,2635.1,2680.0,2684.0,2679.32,844553,2262826509.55,53444,386069,45.71,0.024505687457057723
TITAN,EQ,2022-09-21,2684.0,2688.0,2700.0,2656.65,2665.75,2666.65,2676.36,1052572,2817063874.05,72065,635587,60.38,-0.006464232488822663
TITAN,EQ,2022-09-22,2666.65,2660.0,2744.95,2650.0,2741.0,2737.6,2702.28,1352472,3654758909.65,91491,472222,34.92,0.026606416290101853
TITAN,EQ,2022-09-23,2737.6,2737.6,2755.7,2667.0,2681.8,2672.45,2705.58,1226889,3319442744.55,81654,526818,42.94,-0.023798217416715395
TITAN,EQ,2022-09-26,2672.45,2666.0,2677.95,2563.55,2654.0,2655.5,2633.1,1371409,3611060827.3,97228,588251,42.89,-0.006342494714587699
TITAN,EQ,2022-09-27,2655.5,2669.95,2679.55,2585.55,2604.9,2600.35,2620.0,1246270,3265224760.35,86043,592096,47.51,-0.02076821690830355
TITAN,EQ,2022-09-28,2600.35,2587.5,2634.5,2564.5,2571.95,2576.95,2590.74,1419969,3678767434.25,69488,689008,48.52,-0.008998788624608234
TITAN,EQ,2022-09-29,2576.95,2594.85,2606.05,2517.35,2538.0,2531.5,2550.15,1177076,3001724450.8,77272,497330,42.25,-0.01763712916432214
TITAN,EQ,2022-09-30,2531.5,2538.0,2637.4,2522.6,2605.5,2606.95,2590.42,1453944,3766321229.6,96727,681994,46.91,0.0298044637566659
TITAN,EQ,2022-10-03,2606.95,2625.0,2625.0,2555.6,2577.3,2574.2,2580.15,1049142,2706942959.5,77964,419236,39.96,-0.012562573121847387
TITAN,EQ,2022-10-04,2574.2,2629.0,2629.0,2571.65,2579.0,2585.1,2590.07,1291070,3343967110.2,107630,754511,58.44,0.004234325227255198
TITAN,EQ,2022-10-06,2585.1,2598.05,2620.0,2581.6,2588.0,2592.85,2601.79,1409852,3668138279.55,142313,875874,62.13,0.002997949789176335
TITAN,EQ,2022-10-07,2592.85,2690.0,2745.0,2675.0,2730.2,2730.5,2721.12,5284814,14380608249.65,199594,1361596,25.76,0.053088300518734144
TITAN,EQ,2022-10-10,2730.5,2710.0,2727.9,2658.0,2683.95,2680.1,2699.33,1290447,3483346218.4,75217,403624,31.28,-0.01845815784654825
TITAN,EQ,2022-10-11,2680.1,2693.0,2694.0,2616.4,2621.0,2624.5,2642.51,1067626,2821208990.25,74108,541869,50.75,-0.02074549457109809
TITAN,EQ,2022-10-12,2624.5,2630.0,2644.9,2606.0,2619.0,2621.35,2623.26,1131702,2968744543.45,62764,630778,55.74,-0.0012002286149742636
TITAN,EQ,2022-10-13,2621.35,2610.0,2628.0,2591.0,2598.0,2598.65,2603.92,1038687,2704655437.85,41122,533023,51.32,-0.008659660098804034
TITAN,EQ,2022-10-14,2598.65,2640.0,2663.6,2607.75,2619.85,2617.8,2638.85,1326916,3501527732.55,66301,520718,39.24,0.007369210936447823
TITAN,EQ,2022-10-17,2617.8,2613.9,2634.9,2602.55,2624.8,2625.0,2623.11,1111199,2914802446.0,54989,633557,57.02,0.002750401100160449
TITAN,EQ,2022-10-18,2625.0,2638.15,2664.7,2623.15,2642.0,2641.1,2642.32,771852,2039477766.75,40599,384943,49.87,0.006133333333333324
TITAN,EQ,2022-10-19,2641.1,2654.35,2677.0,2640.0,2648.0,2644.55,2658.87,1001916,2663964218.0,50371,549537,54.85,0.0013062739010261115
TITAN,EQ,2022-10-20,2644.55,2640.0,2644.0,2581.35,2633.0,2631.5,2613.06,1022636,2672209505.7,69521,478575,46.8,-0.004934676977179531
TITAN,EQ,2022-10-21,2631.5,2650.0,2679.65,2640.05,2670.65,2665.65,2666.35,986521,2630411600.5,50897,385912,39.12,0.012977389321679578
TITAN,EQ,2022-10-24,2665.65,2697.0,2699.9,2679.15,2682.0,2683.9,2687.26,184595,496055391.3,19559,77441,41.95,0.006846360174816546
TITAN,EQ,2022-10-25,2683.9,2697.35,2697.35,2662.0,2669.55,2670.3,2674.07,505759,1352434594.4,37515,240529,47.56,-0.005067252878274142
TITAN,EQ,2022-10-27,2670.3,2700.0,2765.0,2680.0,2706.0,2703.8,2720.73,2117791,5761942288.75,101391,855876,40.41,0.012545406883121668
TITAN,EQ,2022-10-28,2703.8,2708.95,2738.9,2693.25,2733.0,2736.4,2722.82,1003160,2731421674.25,62946,518074,51.64,0.012057104815444974
TITAN,EQ,2022-10-31,2736.4,2750.0,2791.0,2738.25,2765.0,2761.5,2761.11,1144647,3160496134.1,66626,569203,49.73,0.00917263557959358
TITAN,EQ,2022-11-01,2761.5,2770.15,2784.0,2741.0,2755.0,2754.95,2756.46,890107,2453544061.5,48451,489884,55.04,-0.002371899330074312
TITAN,EQ,2022-11-02,2754.95,2745.0,2747.35,2703.0,2734.0,2728.45,2723.97,1704942,4644216430.3,57000,993980,58.3,-0.0096190493475381
TITAN,EQ,2022-11-03,2728.45,2705.0,2779.0,2705.0,2766.6,2763.65,2753.1,1227960,3380701836.35,54594,574473,46.78,0.012901097692829433
TITAN,EQ,2022-11-04,2763.65,2774.9,2781.45,2746.6,2770.0,2769.7,2759.62,1172058,3234432965.1,47413,599556,51.15,0.002189133935194265
TITAN,EQ,2022-11-07,2769.7,2772.0,2772.0,2706.3,2735.0,2741.55,2734.38,1825529,4991687717.35,95712,606154,33.2,-0.010163555619742026
TITAN,EQ,2022-11-09,2741.55,2769.0,2769.0,2710.0,2710.35,2718.1,2728.57,1184702,3232540242.1,50665,631730,53.32,-0.008553555470445673
TITAN,EQ,2022-11-10,2718.1,2710.0,2711.1,2628.0,2647.5,2641.0,2653.0,1198585,3179847416.0,74667,537591,44.85,-0.02836540230307938
TITAN,EQ,2022-11-11,2641.0,2671.0,2694.4,2641.55,2656.0,2651.8,2665.95,833729,2222679756.55,59931,409639,49.13,0.004089360090874683
TITAN,EQ,2022-11-14,2651.8,2658.0,2665.0,2623.2,2630.0,2629.8,2636.54,565428,1490774742.2,35519,313676,55.48,-0.00829625160268499
TITAN,EQ,2022-11-15,2629.8,2642.95,2669.15,2621.05,2658.45,2656.65,2651.1,1033296,2739369342.35,46529,500490,48.44,0.010209901893680096
TITAN,EQ,2022-11-16,2656.65,2659.0,2678.2,2630.0,2645.0,2644.3,2647.95,835064,2211207464.0,51298,505548,60.54,-0.004648711723411081
TITAN,EQ,2022-11-17,2644.3,2638.0,2645.0,2576.0,2583.95,2582.0,2592.35,1265647,3281002988.3,69687,681837,53.87,-0.023560110426199765
TITAN,EQ,2022-11-18,2582.0,2580.0,2583.4,2545.0,2572.95,2565.8,2560.49,1038751,2659708145.45,99791,523581,50.4,-0.006274206041827934
TITAN,EQ,2022-11-21,2565.8,2552.0,2578.95,2539.65,2572.0,2573.35,2560.52,629040,1610667512.25,44737,306996,48.8,0.002942552030555712
TITAN,EQ,2022-11-22,2573.35,2580.0,2609.0,2561.0,2607.5,2606.2,2594.84,912070,2366678028.95,58060,496575,54.44,0.012765461363592134
TITAN,EQ,2022-11-23,2606.2,2614.95,2632.5,2590.8,2591.6,2601.75,2617.17,992873,2598516281.2,59217,569030,57.31,-0.0017074668099147372
TITAN,EQ,2022-11-24,2601.75,2611.0,2618.3,2592.5,2613.85,2610.2,2604.98,752066,1959114455.15,46121,362190,48.16,0.003247813971365421
TITAN,EQ,2022-11-25,2610.2,2620.0,2620.0,2586.0,2591.25,2595.4,2596.47,633047,1643688452.0,45799,374970,59.23,-0.005670063596659114
TITAN,EQ,2022-11-28,2595.4,2584.4,2608.5,2579.0,2592.0,2592.25,2596.53,665149,1727080239.9,46811,397378,59.74,-0.0012136857517146549
TITAN,EQ,2022-11-29,2592.25,2597.15,2640.0,2595.05,2612.0,2613.75,2621.71,866621,2272030538.45,64382,339803,39.21,0.008293953129520748
TITAN,EQ,2022-11-30,2613.75,2613.75,2665.0,2604.2,2657.25,2653.0,2641.21,1569918,4146488239.35,68190,1049018,66.82,0.015016738402678254
TITAN,EQ,2022-12-01,2653.0,2662.0,2665.0,2630.0,2636.95,2638.7,2642.9,539844,1426752820.25,40659,279559,51.79,-0.005390124387485984
TITAN,EQ,2022-12-02,2638.7,2648.0,2651.4,2605.0,2618.0,2617.9,2617.68,731396,1914562013.45,55462,450179,61.55,-0.007882669496342753
TITAN,EQ,2022-12-05,2617.9,2629.0,2629.95,2589.25,2614.8,2615.65,2607.85,747114,1948360014.8,60334,403501,54.01,-0.0008594675121280648
TITAN,EQ,2022-12-06,2615.65,2619.8,2624.0,2591.3,2611.1,2617.0,2604.15,706596,1840079251.25,65847,412023,58.31,0.0005161240991722327
TITAN,EQ,2022-12-07,2617.0,2616.3,2623.75,2586.7,2594.5,2596.85,2601.46,712914,1854619363.55,64275,373224,52.35,-0.007699656094765084
TITAN,EQ,2022-12-08,2596.85,2596.85,2613.9,2578.75,2581.95,2583.5,2592.41,648288,1680628427.85,51291,427031,65.87,-0.005140843714500187
TITAN,EQ,2022-12-09,2583.5,2597.0,2629.9,2567.95,2609.25,2615.45,2597.13,935047,2428437037.15,86754,444266,47.51,0.012366944068124663
TITAN,EQ,2022-12-12,2615.45,2613.5,2613.5,2571.0,2584.9,2584.65,2584.78,726330,1877403541.1,54545,356757,49.12,-0.011776176183830644
TITAN,EQ,2022-12-13,2584.65,2597.4,2600.0,2565.0,2572.4,2575.9,2575.55,832740,2144767348.65,63045,534807,64.22,-0.003385371326872111
TITAN,EQ,2022-12-14,2575.9,2574.85,2596.0,2571.15,2592.0,2591.1,2587.82,767737,1986763143.9,58899,469580,61.16,0.0059008501882835684
TITAN,EQ,2022-12-15,2591.1,2585.0,2588.65,2514.55,2520.5,2522.7,2543.96,1225728,3118197321.65,90387,720066,58.75,-0.026398054880166777
TITAN,EQ,2022-12-16,2522.7,2500.0,2520.0,2480.0,2485.0,2482.85,2496.6,1177053,2938626054.6,87870,714821,60.73,-0.015796567170095477
TITAN,EQ,2022-12-19,2482.85,2483.2,2525.25,2468.7,2520.25,2521.8,2501.35,572224,1431332714.75,45426,214786,37.54,0.015687617052983605
TITAN,EQ,2022-12-20,2521.8,2516.8,2517.6,2482.1,2511.2,2508.15,2498.93,597902,1494112883.15,52173,280863,46.97,-0.0054128003806804825
TITAN,EQ,2022-12-21,2508.15,2515.0,2528.0,2481.0,2490.0,2489.6,2499.85,519326,1298237549.1,48020,237934,45.82,-0.007395889400554245
TITAN,EQ,2022-12-22,2489.6,2491.8,2509.2,2465.0,2480.25,2483.0,2482.44,557608,1384230242.15,49834,227367,40.78,-0.0026510282776349703
TITAN,EQ,2022-12-23,2483.0,2467.65,2505.0,2455.0,2488.0,2483.05,2483.69,1310439,3254725803.75,76240,654226,49.92,2.0136931131675695e-05
TITAN,EQ,2022-12-26,2483.05,2487.75,2512.4,2470.25,2489.95,2481.1,2494.5,1076808,2686093373.5,76245,389700,36.19,-0.0007853245001108178
TITAN,EQ,2022-12-27,2481.1,2498.0,2519.9,2485.6,2502.9,2503.55,2504.74,791283,1981957665.75,37709,385534,48.72,0.00904840594897438
TITAN,EQ,2022-12-28,2503.55,2502.8,2596.0,2497.5,2575.0,2580.15,2571.24,2443430,6282656899.35,128671,663267,27.14,0.030596552894889273
TITAN,EQ,2022-12-29,2580.15,2555.0,2588.85,2542.2,2553.05,2553.25,2556.09,1583143,4046650781.5,78805,937153,59.2,-0.01042575044086591
TITAN,EQ,2022-12-30,2553.25,2564.0,2610.0,2553.05,2595.05,2597.5,2592.45,1057182,2740688135.75,60907,427341,40.42,0.017330852834622545
TITAN,EQ,2023-01-02,2597.5,2607.0,2616.0,2556.8,2565.35,2565.75,2580.93,697408,1799962334.15,48764,194352,27.87,-0.012223291626563992
TITAN,EQ,2023-01-03,2565.75,2568.0,2619.0,2555.05,2618.8,2613.6,2589.83,852511,2207855164.8,56038,366739,43.02,0.018649517684887318
TITAN,EQ,2023-01-04,2613.6,2618.8,2626.25,2585.6,2592.0,2597.55,2600.28,832054,2163576009.0,52788,411007,49.4,-0.00614095500459122
TITAN,EQ,2023-01-05,2597.55,2591.0,2620.0,2543.65,2565.2,2562.1,2573.8,1544601,3975496530.55,103786,946321,61.27,-0.013647475505765172
TITAN,EQ,2023-01-06,2562.1,2560.0,2584.4,2517.0,2537.0,2538.1,2540.1,879019,2232792969.2,63800,418856,47.65,-0.009367315873697324
TITAN,EQ,2023-01-09,2538.1,2529.95,2529.95,2467.8,2489.95,2484.65,2488.97,2324487,5785572656.8,165642,904718,38.92,-0.02105905992671675
TITAN,EQ,2023-01-10,2484.65,2495.0,2498.7,2456.0,2464.5,2468.2,2474.83,948787,2348082025.7,74548,415965,43.84,-0.006620650795886807
TITAN,EQ,2023-01-11,2468.2,2473.0,2488.6,2431.0,2434.95,2437.4,2452.82,1000412,2453831163.8,95386,462163,46.2,-0.01247872943845707
TITAN,EQ,2023-01-12,2437.4,2450.0,2475.0,2432.0,2445.0,2446.6,2449.08,874520,2141772011.8,66156,322646,36.89,0.0037745138262081923
TITAN,EQ,2023-01-13,2446.6,2456.9,2456.9,2400.0,2420.0,2417.2,2417.43,1416869,3425182190.3,83190,777061,54.84,-0.012016676203711274
TITAN,EQ,2023-01-16,2417.2,2428.0,2434.8,2392.0,2401.25,2405.85,2404.94,737012,1772467937.9,55159,271331,36.82,-0.004695515472447398
TITAN,EQ,2023-01-17,2405.85,2405.0,2417.9,2386.0,2409.95,2407.95,2401.74,926137,2224336330.35,64307,532621,57.51,0.0008728723735893507
TITAN,EQ,2023-01-18,2407.95,2418.0,2429.85,2412.8,2424.4,2424.1,2421.82,601233,1456075594.0,47336,290307,48.29,0.006706949895139092
TITAN,EQ,2023-01-19,2424.1,2392.5,2411.8,2367.2,2386.0,2385.05,2388.66,1116874,2667832480.6,75874,472708,42.32,-0.016109071407945152
TITAN,EQ,2023-01-20,2385.05,2389.95,2396.95,2353.0,2374.0,2371.3,2372.42,1229902,2917843628.9,84004,679206,55.22,-0.005765078300245308
TITAN,EQ,2023-01-23,2371.3,2383.95,2384.3,2355.6,2358.65,2364.7,2365.23,932554,2205702735.9,86801,591472,63.42,-0.002783283431029515
TITAN,EQ,2023-01-24,2364.7,2372.5,2390.6,2364.0,2370.0,2370.75,2378.29,714000,1698100471.4,61807,377028,52.81,0.002558464075781419
TITAN,EQ,2023-01-25,2370.75,2370.0,2370.0,2333.55,2370.0,2356.6,2351.69,650664,1530160774.0,55389,296829,45.62,-0.005968575345354887
TITAN,EQ,2023-01-27,2356.6,2368.4,2368.4,2302.6,2332.0,2331.25,2326.44,1238620,2881580875.9,122600,678166,54.75,-0.010757022829500085
TITAN,EQ,2023-01-30,2331.25,2332.0,2342.85,2287.05,2340.0,2335.55,2315.79,1401847,3246381011.1,120736,775688,55.33,0.001844504021447868
TITAN,EQ,2023-01-31,2335.55,2347.0,2386.45,2335.65,2383.0,2377.15,2367.9,1252600,2966030261.25,90793,783983,62.59,0.017811650360728626
TITAN,EQ,2023-02-01,2377.15,2408.55,2409.8,2300.05,2345.0,2345.9,2363.36,1521514,3595890169.1,103902,788328,51.81,-0.013145994152661822
TITAN,EQ,2023-02-02,2345.9,2341.05,2385.0,2269.6,2325.0,2308.1,2336.44,1788381,4178441160.95,114317,738565,41.3,-0.016113218807280894
TITAN,EQ,2023-02-03,2308.1,2320.1,2470.0,2320.1,2458.3,2463.1,2425.35,3693638,8958363285.7,205942,1174015,31.78,0.06715480265153162
TITAN,EQ,2023-02-06,2463.1,2474.85,2479.95,2447.6,2456.3,2458.0,2462.07,1049075,2582897641.75,97074,536501,51.14,-0.002070561487556244
TITAN,EQ,2023-02-07,2458.0,2456.3,2459.75,2432.1,2449.05,2446.9,2444.71,563195,1376846503.25,55199,222720,39.55,-0.004515866558177373
TITAN,EQ,2023-02-08,2446.9,2447.0,2480.0,2447.0,2463.55,2466.75,2467.67,539085,1330286215.05,40830,200212,37.14,0.008112305365973294
TITAN,EQ,2023-02-09,2466.75,2467.0,2475.65,2451.6,2465.5,2462.55,2464.26,464715,1145178444.95,51574,252222,54.27,-0.001702645180906015
TITAN,EQ,2023-02-10,2462.55,2452.0,2472.0,2442.05,2470.5,2468.5,2458.38,597337,1468479558.6,59950,375623,62.88,0.002416194595033616
TITAN,EQ,2023-02-13,2468.5,2480.0,2523.95,2476.15,2519.75,2519.05,2512.45,1856317,4663906619.15,102878,884755,47.66,0.02047802309094604
TITAN,EQ,2023-02-14,2519.05,2528.95,2528.95,2480.0,2507.05,2506.9,2503.48,843477,2111630050.55,76561,393791,46.69,-0.004823246858934982
TITAN,EQ,2023-02-15,2506.9,2503.45,2528.25,2483.3,2527.0,2524.3,2512.63,707224,1776994429.75,50310,376754,53.27,0.0069408432725677205
TITAN,EQ,2023-02-16,2524.3,2530.0,2545.65,2518.1,2521.0,2522.4,2532.53,704946,1785297203.6,46977,386436,54.82,-0.000752683912371821
TITAN,EQ,2023-02-17,2522.4,2515.0,2545.85,2496.0,2500.0,2500.3,2515.13,607239,1527285030.05,41495,306825,50.53,-0.008761496986996464
TITAN,EQ,2023-02-20,2500.3,2500.0,2507.25,2466.3,2478.0,2474.15,2484.94,460090,1143294476.4,36989,200276,43.53,-0.010458744950605947
TITAN,EQ,2023-02-21,2474.15,2485.95,2485.95,2450.5,2466.0,2463.6,2462.11,750272,1847250224.1,61020,367675,49.01,-0.004264090697815526
TITAN,EQ,2023-02-22,2463.6,2451.95,2462.8,2414.4,2429.95,2431.55,2432.68,1098118,2671366572.75,92879,720409,65.6,-0.01300941711316761
TITAN,EQ,2023-02-23,2431.55,2432.5,2432.5,2380.0,2392.0,2394.5,2401.7,1602078,3847716960.65,104103,1077025,67.23,-0.015237194382184294
TITAN,EQ,2023-02-24,2394.5,2400.0,2413.75,2377.95,2397.05,2399.1,2390.46,1145691,2738733983.45,59118,705147,61.55,0.0019210691167257377
TITAN,EQ,2023-02-27,2399.1,2399.1,2412.0,2373.6,2402.6,2401.0,2393.65,862629,2064830019.9,56043,507016,58.78,0.0007919636530366869
TITAN,EQ,2023-02-28,2401.0,2401.1,2425.0,2363.6,2370.0,2372.8,2392.71,1430349,3422412965.4,61885,887015,62.01,-0.011745106205747535
TITAN,EQ,2023-03-01,2372.8,2370.0,2396.05,2366.35,2383.5,2382.4,2384.06,479935,1144193522.05,48640,225862,47.06,0.004045853000674171
TITAN,EQ,2023-03-02,2382.4,2382.35,2394.3,2351.75,2360.0,2358.95,2365.22,529609,1252643413.7,61004,285912,53.99,-0.009843015446608594
TITAN,EQ,2023-03-03,2358.95,2370.0,2402.0,2358.3,2400.0,2396.1,2389.93,710845,1698868273.35,71426,400065,56.28,0.01574853218593031
TITAN,EQ,2023-03-06,2396.1,2412.55,2426.4,2392.6,2403.4,2403.45,2407.38,682556,1643170182.65,65316,347833,50.96,0.0030674846625766694
TITAN,EQ,2023-03-08,2403.45,2396.4,2401.2,2372.25,2397.0,2397.1,2385.77,858496,2048173197.3,76548,475229,55.36,-0.002642035407435128
TITAN,EQ,2023-03-09,2397.1,2400.8,2407.95,2365.0,2365.0,2368.25,2380.24,601071,1430692247.4,51155,379375,63.12,-0.012035376079429283
TITAN,EQ,2023-03-10,2368.25,2354.85,2379.95,2338.0,2376.55,2375.5,2359.03,543004,1280961341.5,63203,309721,57.04,0.003061332207326073
TITAN,EQ,2023-03-13,2375.5,2372.75,2376.95,2321.0,2339.95,2332.0,2344.49,631722,1481067191.05,60325,320546,50.74,-0.018311934329614865
TITAN,EQ,2023-03-14,2332.0,2336.95,2391.85,2328.85,2361.0,2355.6,2358.77,1470817,3469318324.6,113287,608711,41.39,0.010120068610634636
TITAN,EQ,2023-03-15,2355.6,2380.0,2413.85,2379.95,2400.0,2399.1,2398.46,1656307,3972587503.0,89980,942314,56.89,0.01846663270504334
TITAN,EQ,2023-03-16,2399.1,2413.5,2482.0,2413.0,2450.0,2450.35,2455.49,2317115,5689647995.5,125902,1018690,43.96,0.02136217748322289
TITAN,EQ,2023-03-17,2450.35,2467.15,2474.0,2447.4,2460.0,2455.65,2459.97,1625905,3999675317.0,105032,1147384,70.57,0.0021629563123635176
TITAN,EQ,2023-03-20,2455.65,2462.0,2474.95,2441.55,2457.0,2459.95,2455.8,918922,2256691321.95,65926,512499,55.77,0.0017510638731088601
TITAN,EQ,2023-03-21,2459.95,2475.0,2521.55,2468.05,2507.0,2514.05,2506.76,1652107,4141432114.85,89897,825511,49.97,0.021992316917010646
TITAN,EQ,2023-03-22,2514.05,2517.95,2524.0,2495.0,2510.0,2508.15,2509.09,754732,1893686979.75,75903,433939,57.5,-0.002346810922614906
TITAN,EQ,2023-03-23,2508.15,2510.0,2528.0,2494.05,2516.8,2519.05,2510.89,610778,1533593571.55,49469,231380,37.88,0.004345832585770371
TITAN,EQ,2023-03-24,2519.05,2516.8,2519.7,2474.95,2485.0,2493.35,2492.41,838919,2090927271.85,60562,465037,55.43,-0.010202258788035268
TITAN,EQ,2023-03-27,2493.35,2480.0,2510.0,2466.8,2494.9,2494.4,2496.58,728727,1819322039.6,73023,421293,57.81,0.00042112017967799176
TITAN,EQ,2023-03-28,2494.4,2502.9,2507.15,2493.9,2500.0,2500.3,2500.57,599191,1498321461.0,39686,380659,63.53,0.002365298268120597
TITAN,EQ,2023-03-29,2500.3,2500.3,2525.0,2494.0,2521.55,2515.05,2510.12,710603,1783698996.1,49186,347994,48.97,0.005899292084949881
TITAN,EQ,2023-03-31,2515.05,2526.95,2536.75,2500.0,2514.9,2514.9,2514.18,848456,2133166995.5,78428,539575,63.59,-5.964096141231057e-05
TITAN,EQ,2023-04-03,2514.9,2525.9,2544.65,2513.3,2536.0,2537.4,2535.34,701713,1779078932.45,40354,454456,64.76,0.008946677800310221
TITAN,EQ,2023-04-05,2537.4,2560.0,2581.5,2550.1,2572.0,2572.7,2571.05,1438377,3698138205.25,60471,638390,44.38,0.013911878300622682
TITAN,EQ,2023-04-06,2572.7,2583.0,2584.0,2545.0,2548.0,2548.45,2557.23,1192271,3048905695.6,62956,659657,55.33,-0.009425894974151694
TITAN,EQ,2023-04-10,2548.45,2568.0,2602.0,2561.05,2578.0,2583.7,2582.5,1497452,3867165551.85,72808,700718,46.79,0.013831937059781474
TITAN,EQ,2023-04-11,2583.7,2583.7,2603.5,2576.0,2577.1,2580.05,2591.03,820568,2126116627.85,70941,491474,59.89,-0.001412702713163183
TITAN,EQ,2023-04-12,2580.05,2580.05,2593.45,2564.15,2588.0,2587.9,2578.23,553807,1427844311.65,43653,347378,62.73,0.003042576694250121
TITAN,EQ,2023-04-13,2587.9,2588.0,2599.95,2577.3,2580.0,2585.65,2589.72,481459,1246844448.3,42487,303486,63.03,-0.0008694308126280248
TITAN,EQ,2023-04-17,2585.65,2600.0,2612.25,2582.3,2607.05,2605.6,2601.0,1044487,2716711379.35,60674,623885,59.73,0.007715661439096522
TITAN,EQ,2023-04-18,2605.6,2603.05,2607.65,2560.1,2575.0,2577.7,2576.83,674756,1738730711.0,52711,357984,53.05,-0.010707706478354395
TITAN,EQ,2023-04-19,2577.7,2580.05,2595.95,2562.0,2566.05,2569.3,2573.22,687292,1768555801.85,46026,444955,64.74,-0.0032587190130735078
TITAN,EQ,2023-04-20,2569.3,2577.65,2619.0,2570.5,2575.35,2579.25,2597.42,995472,2585654717.05,49552,386160,38.79,0.003872650138169842
TITAN,EQ,2023-04-21,2579.25,2593.6,2594.55,2559.25,2573.0,2568.3,2575.71,409932,1055865030.05,34242,208815,50.94,-0.004245420180284842
TITAN,EQ,2023-04-24,2568.3,2571.1,2636.4,2570.0,2625.0,2629.55,2608.77,1026391,2677622023.9,54153,611498,59.58,0.02384846007086394
TITAN,EQ,2023-04-25,2629.55,2634.85,2637.0,2614.95,2631.0,2633.2,2626.28,630987,1657147814.7,48376,339625,53.82,0.001388070202125613
TITAN,EQ,2023-04-26,2633.2,2633.0,2647.65,2625.65,2635.9,2641.0,2639.75,631279,1666421002.05,54000,349500,55.36,0.0029621753000153017
TITAN,EQ,2023-04-27,2641.0,2641.0,2674.0,2631.5,2660.4,2663.45,2649.33,620037,1642681810.8,40889,388834,62.71,0.008500567966679196
TITAN,EQ,2023-04-28,2663.45,2672.45,2679.3,2619.5,2637.0,2641.85,2642.28,1567472,4141692191.6,76323,1008358,64.33,-0.008109782425050227
TITAN,EQ,2023-05-02,2641.85,2657.0,2674.0,2633.4,2664.95,2663.85,2654.16,726439,1928084581.2,56556,415192,57.15,0.008327497776179582
TITAN,EQ,2023-05-03,2663.85,2675.0,2679.5,2643.1,2651.0,2654.05,2659.93,808211,2149787905.75,46595,343015,42.44,-0.0036788858231505683
TITAN,EQ,2023-05-04,2654.05,2679.7,2694.25,2656.55,2666.2,2670.4,2673.85,1936641,5178293525.1,87046,775070,40.02,0.006160396375350929
TITAN,EQ,2023-05-05,2670.4,2670.6,2766.0,2666.3,2732.0,2732.9,2728.51,2190777,5977559105.85,94680,884451,40.37,0.02340473337327742
TITAN,EQ,2023-05-08,2732.9,2732.95,2770.0,2732.9,2753.25,2751.25,2755.99,848638,2338841940.0,65395,467768,55.12,0.006714479124739325
TITAN,EQ,2023-05-09,2751.25,2753.3,2790.0,2738.45,2746.0,2748.4,2761.7,893686,2468096877.35,76043,471265,52.73,-0.001035892776010905
TITAN,EQ,2023-05-10,2748.4,2760.0,2767.7,2736.2,2746.0,2745.45,2745.98,522149,1433810694.75,40547,325041,62.25,-0.0010733517683017002
TITAN,EQ,2023-05-11,2745.45,2758.0,2765.0,2744.05,2760.8,2757.85,2752.3,621067,1709360738.65,49812,455191,73.29,0.004516563769145332
TITAN,EQ,2023-05-12,2757.85,2760.8,2784.5,2756.85,2771.95,2773.2,2773.48,705516,1956733168.6,57873,386824,54.83,0.005565929981688589
TITAN,EQ,2023-05-15,2773.2,2774.0,2802.1,2764.25,2773.0,2779.55,2784.69,772914,2152327874.3,70305,366226,47.38,0.0022897735468052627
TITAN,EQ,2023-05-16,2779.55,2785.0,2800.8,2774.55,2788.4,2790.25,2791.89,548885,1532428058.2,50533,347558,63.32,0.0038495439909336238
TITAN,EQ,2023-05-17,2790.25,2785.0,2790.0,2750.05,2765.0,2762.4,2764.87,539547,1491776880.55,50158,319677,59.25,-0.009981184481677285
TITAN,EQ,2023-05-18,2762.4,2782.0,2782.0,2716.1,2722.0,2721.85,2736.39,612441,1675875969.55,34062,366356,59.82,-0.014679264407761461
TITAN,EQ,2023-05-19,2721.85,2719.95,2719.95,2683.05,2703.0,2701.65,2700.82,846419,2286023055.8,49857,540585,63.87,-0.007421422929257626
TITAN,EQ,2023-05-22,2701.65,2701.6,2734.0,2701.1,2715.0,2712.55,2719.35,559506,1521493258.5,36971,306244,54.73,0.0040345714655858345
TITAN,EQ,2023-05-23,2712.55,2719.95,2726.4,2677.3,2692.0,2683.45,2694.59,713749,1923263401.3,47750,418562,58.64,-0.010727912849532895
TITAN,EQ,2023-05-24,2683.45,2675.0,2722.0,2670.0,2710.0,2707.25,2705.62,814553,2203870111.9,43954,422375,51.85,0.008869179600887067
TITAN,EQ,2023-05-25,2707.25,2714.45,2720.0,2682.0,2710.0,2707.95,2693.13,651488,1754543904.9,37505,378477,58.09,0.00025856496444731647
TITAN,EQ,2023-05-26,2707.95,2707.95,2759.7,2699.15,2740.25,2742.15,2737.12,811400,2220901707.3,56724,446284,55.0,0.01262947986484253
TITAN,EQ,2023-05-29,2742.15,2745.0,2821.8,2745.0,2813.95,2812.25,2788.87,1107678,3089168389.6,62993,556153,50.21,0.02556388235508633
TITAN,EQ,2023-05-30,2812.25,2829.5,2841.9,2797.7,2802.0,2802.5,2816.6,1263691,3559316805.25,70847,564618,44.68,-0.003466974842208148
TITAN,EQ,2023-05-31,2802.5,2802.5,2832.1,2790.1,2819.0,2823.25,2816.22,1394580,3927448261.8,59853,1017050,72.93,0.007404103479036639
TITAN,EQ,2023-06-01,2823.25,2823.25,2837.65,2814.7,2820.0,2827.25,2824.91,538550,1521355131.05,52732,320279,59.47,0.0014168068715132431
TITAN,EQ,2023-06-02,2827.25,2830.0,2871.0,2826.45,2858.0,2861.65,2854.47,1116501,3187019130.85,93466,663641,59.44,0.012167300380228063
TITAN,EQ,2023-06-05,2861.65,2875.0,2875.0,2840.0,2853.8,2855.7,2854.64,724102,2067050145.9,51244,425189,58.72,-0.0020792200304021735
TITAN,EQ,2023-06-06,2855.7,2860.95,2893.0,2858.3,2883.0,2881.45,2878.11,1148132,3304449530.4,57854,685593,59.71,0.009017053612074166
TITAN,EQ,2023-06-07,2881.45,2895.0,2910.0,2870.0,2905.0,2906.95,2894.23,862821,2497200078.5,55818,536529,62.18,0.008849711082961731
TITAN,EQ,2023-06-08,2906.95,2906.9,2921.85,2871.05,2874.5,2877.0,2897.1,560514,1623865253.65,53768,341129,60.86,-0.010302894786631933
TITAN,EQ,2023-06-09,2877.0,2890.0,2919.95,2863.25,2878.8,2876.25,2889.14,727880,2102950744.05,51540,328469,45.13,-0.0002606882168926239
TITAN,EQ,2023-06-12,2876.25,2884.95,2885.45,2833.25,2857.4,2852.6,2848.82,1112274,3168673942.25,72723,724171,65.11,-0.008222511951325506
TITAN,EQ,2023-06-13,2852.6,2859.9,2918.0,2855.1,2908.5,2912.5,2905.13,776313,2255291379.65,62355,328351,42.3,0.020998387436023336
TITAN,EQ,2023-06-14,2912.5,2920.0,2928.2,2897.0,2908.0,2907.05,2906.64,617700,1795429832.7,52853,346929,56.16,-0.001871244635193059
TITAN,EQ,2023-06-15,2907.05,2911.05,2924.65,2900.0,2906.15,2908.0,2911.59,564711,1644205347.45,53202,387732,68.66,0.0003267917648475116
TITAN,EQ,2023-06-16,2908.0,2911.8,2960.0,2911.8,2959.0,2954.3,2941.55,1022389,3007405052.4,66580,681024,66.61,0.01592159559834938
TITAN,EQ,2023-06-19,2954.3,2967.0,3024.4,2963.35,2971.0,2968.6,2991.42,1382633,4136032047.6,73859,669073,48.39,0.004840402125714904
TITAN,EQ,2023-06-20,2968.6,2972.7,2986.35,2948.3,2978.0,2974.0,2966.73,672298,1994524730.2,48830,388348,57.76,0.0018190392777741593
TITAN,EQ,2023-06-21,2974.0,2974.0,2985.0,2958.15,2966.25,2971.1,2971.13,509602,1514092006.0,46756,319564,62.71,-0.0009751176866173994
TITAN,EQ,2023-06-22,2971.1,2975.0,2984.75,2955.8,2975.0,2970.25,2973.26,496441,1476047495.95,49196,274454,55.28,-0.00028608932718521274
TITAN,EQ,2023-06-23,2970.25,2972.5,2981.0,2932.0,2933.05,2939.15,2940.24,869340,2556071199.05,68896,604519,69.54,-0.010470499116235987
TITAN,EQ,2023-06-26,2939.15,2940.0,2981.0,2940.0,2981.0,2972.6,2966.21,839713,2490761336.5,48672,610414,72.69,0.011380841399724284
TITAN,EQ,2023-06-27,2972.6,2973.0,2989.2,2940.7,2988.9,2975.7,2953.65,913730,2698843008.05,56159,632692,69.24,0.0010428581040167195
TITAN,EQ,2023-06-28,2975.7,2995.0,3044.4,2985.05,3031.0,3028.1,3024.33,1525117,4612458687.5,113779,705638,46.27,0.017609302012971728
TITAN,EQ,2023-06-30,3028.1,3046.0,3067.95,3029.15,3055.0,3047.65,3048.44,946112,2884165786.5,75115,550521,58.19,0.006456193652785602
TITAN,EQ,2023-07-03,3047.65,3050.1,3054.0,3026.3,3042.0,3038.3,3039.44,429100,1304222707.45,55335,250938,58.48,-0.0030679375912587847
TITAN,EQ,2023-07-04,3038.3,3041.5,3090.0,3039.0,3079.0,3074.65,3073.6,1291238,3968749707.75,77735,805120,62.35,0.011963927196129376
TITAN,EQ,2023-07-05,3074.65,3075.0,3113.9,3063.0,3106.8,3099.85,3081.05,643663,1983157962.55,64781,358831,55.75,0.00819605483550978
TITAN,EQ,2023-07-06,3099.85,3100.0,3111.85,3081.4,3106.15,3106.4,3095.08,976956,3023759891.0,62712,609686,62.41,0.0021130054680065236
TITAN,EQ,2023-07-07,3106.4,3140.0,3210.0,3126.4,3144.0,3144.0,3181.19,3630808,11550302098.25,152127,1564659,43.09,0.012104043265516395
TITAN,EQ,2023-07-10,3144.0,3155.0,3155.0,3030.25,3052.0,3045.55,3065.98,1777220,5448918220.75,132594,943307,53.08,-0.03131361323155213
TITAN,EQ,2023-07-11,3045.55,3062.85,3098.0,3044.8,3086.35,3087.6,3066.87,1141925,3502137394.95,91482,725633,63.54,0.013807029928912584
TITAN,EQ,2023-07-12,3087.6,3114.0,3124.0,3087.65,3098.0,3096.5,3102.14,1300168,4033299629.9,90291,854383,65.71,0.002882497732866973
TITAN,EQ,2023-07-13,3096.5,3113.95,3114.6,3079.3,3090.0,3084.75,3096.73,932018,2886204735.75,73745,652892,70.05,-0.0037946068141450073
TITAN,EQ,2023-07-14,3084.75,3093.65,3097.35,3042.6,3070.0,3055.55,3061.7,721349,2208554417.55,68834,434319,60.21,-0.009465921063295135
TITAN,EQ,2023-07-17,3055.55,3070.0,3072.95,3020.0,3027.0,3033.45,3041.42,866575,2635620641.05,85730,539964,62.31,-0.007232740423164574
TITAN,EQ,2023-07-18,3033.45,3033.45,3039.95,2963.4,2992.75,2996.45,2993.38,1359863,4070588683.9,96423,779735,57.34,-0.012197333069607241
TITAN,EQ,2023-07-19,2996.45,3010.1,3017.4,2985.05,2995.05,2995.65,2998.37,568891,1705746832.2,63323,310347,54.55,-0.00026698259607194075
TITAN,EQ,2023-07-20,2995.65,3002.25,3016.6,2966.0,2990.75,2989.3,2983.37,1021556,3047674498.15,100521,626201,61.3,-0.002119740290087213
TITAN,EQ,2023-07-21,2989.3,2990.75,3005.0,2970.0,2977.8,2976.3,2987.73,599594,1791425341.6,59051,321202,53.57,-0.0043488442110193315
TITAN,EQ,2023-07-24,2976.3,2978.0,2992.9,2951.25,2985.9,2979.2,2976.0,523141,1556866525.7,60067,231503,44.25,0.0009743641433994643
TITAN,EQ,2023-07-25,2979.2,2980.0,3032.9,2972.75,3030.0,3029.0,3009.07,874788,2632298633.4,72141,498660,57.0,0.016715896885069803
TITAN,EQ,2023-07-26,3029.0,3044.9,3044.9,2995.0,3008.1,3008.35,3016.11,588487,1774940539.8,49420,262978,44.69,-0.006817431495543147
TITAN,EQ,2023-07-27,3008.35,3013.95,3024.1,2983.65,3004.0,3002.1,3000.64,595544,1787010849.95,47129,327085,54.92,-0.0020775508168929813
TITAN,EQ,2023-07-28,3002.1,3008.15,3010.0,2951.7,2986.0,2987.0,2972.41,837051,2488062158.1,68404,443338,52.96,-0.005029812464608097
TITAN,EQ,2023-07-31,2987.0,2950.0,3017.95,2950.0,3014.9,3004.05,2987.66,656048,1960050758.05,55960,320604,48.87,0.005708068295949165
TITAN,EQ,2023-08-01,3004.05,3024.85,3027.5,2987.7,3006.0,3001.9,3004.71,602288,1809700780.35,46366,326810,54.26,-0.0007157004710307557
TITAN,EQ,2023-08-02,3001.9,3005.65,3005.7,2960.0,2964.25,2977.15,2979.5,1152335,3433386949.15,72369,642841,55.79,-0.008244778307072154
TITAN,EQ,2023-08-03,2977.15,2937.95,2986.95,2883.0,2906.0,2902.1,2916.69,3319847,9682974440.4,244114,1300176,39.16,-0.025208672723913916
TITAN,EQ,2023-08-04,2902.1,2919.95,2935.8,2898.0,2902.75,2904.4,2913.55,709334,2066680614.0,83590,379390,53.49,0.0007925295475690319
TITAN,EQ,2023-08-07,2904.4,2919.95,2919.95,2882.45,2908.0,2904.6,2897.68,580359,1681697434.45,64116,334823,57.69,6.886103842429492e-05
TITAN,EQ,2023-08-08,2904.6,2918.0,2932.0,2904.6,2920.8,2921.25,2922.69,474417,1386574975.1,55992,280526,59.13,0.005732286717620383
TITAN,EQ,2023-08-09,2921.25,2924.0,2962.0,2918.15,2962.0,2955.9,2937.7,600081,1762860589.65,46972,358650,59.77,0.01186136071887045
TITAN,EQ,2023-08-10,2955.9,2958.0,2995.5,2917.0,2988.0,2988.55,2958.98,970990,2873137608.55,60947,522755,53.84,0.011045705199769884
TITAN,EQ,2023-08-11,2988.55,2988.5,3067.45,2980.0,3017.2,3017.25,3029.48,1823274,5523563461.0,103627,1000344,54.87,0.009603319335463656
TITAN,EQ,2023-08-14,3017.25,3020.35,3020.35,2988.35,3010.0,3010.65,3006.65,542561,1631291517.45,73800,267166,49.24,-0.0021874223216504785
TITAN,EQ,2023-08-16,3010.65,3005.0,3015.9,2978.05,3011.0,3011.1,2994.57,544441,1630365942.15,51197,278313,51.12,0.00014946938368787244
TITAN,EQ,2023-08-17,3011.1,3018.0,3079.45,3012.0,3071.5,3071.75,3057.5,1699758,5197007141.75,141448,813326,47.85,0.02014214074590681
TITAN,EQ,2023-08-18,3071.75,3070.6,3079.5,3035.0,3052.0,3050.45,3053.2,860782,2628138142.85,60031,464902,54.01,-0.0069341580532270575
TITAN,EQ,2023-08-21,3050.45,3051.0,3082.5,3050.0,3078.0,3078.3,3066.18,706621,2166628268.9,59192,217704,30.81,0.009129800521234799
TITAN,EQ,2023-08-22,3078.3,3084.95,3091.0,3040.1,3078.45,3075.6,3067.29,714220,2190717582.95,58414,319141,44.68,-0.0008771074943964008
TITAN,EQ,2023-08-23,3075.6,3075.6,3085.0,3056.3,3069.0,3070.0,3074.01,602197,1851159530.4,62367,348113,57.81,-0.0018207829366627681
TITAN,EQ,2023-08-24,3070.0,3075.7,3099.9,3056.25,3056.35,3061.2,3078.24,618626,1904276854.55,55119,305147,49.33,-0.0028664495114006927
TITAN,EQ,2023-08-25,3061.2,3055.0,3074.75,3037.55,3063.0,3067.2,3055.72,648003,1980117038.85,50776,344028,53.09,0.001960015680125382
TITAN,EQ,2023-08-28,3067.2,3074.0,3079.95,3040.7,3047.15,3048.55,3054.51,471698,1440808435.1,45180,243074,51.53,-0.006080464267083863
TITAN,EQ,2023-08-29,3048.55,3051.95,3090.0,3044.0,3077.45,3079.4,3066.27,482639,1479901631.15,52140,219909,45.56,0.010119565039116818
TITAN,EQ,2023-08-30,3079.4,3080.0,3111.0,3067.0,3082.95,3082.2,3095.49,582766,1803947334.6,55732,267173,45.85,0.0009092680392284169
TITAN,EQ,2023-08-31,3082.2,3090.85,3118.95,3082.2,3112.0,3104.45,3102.82,1420498,4407556396.3,82971,960386,67.61,0.007218869638569769
TITAN,EQ,2023-09-01,3104.45,3111.95,3124.9,3100.0,3116.0,3116.8,3114.05,423739,1319544987.85,45670,190475,44.95,0.00397816038267651
TITAN,EQ,2023-09-04,3116.8,3116.95,3124.95,3086.3,3107.0,3100.3,3105.57,539813,1676427369.7,50966,288511,53.45,-0.00529389117043122
TITAN,EQ,2023-09-05,3100.3,3120.0,3157.5,3115.0,3126.25,3136.15,3136.78,721199,2262239271.75,66124,328159,45.5,0.011563397090604166
TITAN,EQ,2023-09-06,3136.15,3136.15,3180.55,3120.85,3170.0,3176.05,3159.17,1163154,3674604427.6,71528,592910,50.97,0.012722605742710114
TITAN,EQ,2023-09-07,3176.05,3173.0,3182.95,3152.0,3177.0,3172.8,3167.08,805295,2550437261.55,51819,440890,54.75,-0.001023283638481809
TITAN,EQ,2023-09-08,3172.8,3182.0,3205.0,3172.8,3199.0,3199.1,3191.9,700158,2234834985.6,40336,392058,56.0,0.008289208270297443
TITAN,EQ,2023-09-11,3199.1,3209.95,3221.55,3186.6,3208.0,3213.3,3210.29,544452,1747848372.15,48307,277921,51.05,0.00443874839798708
TITAN,EQ,2023-09-12,3213.3,3216.05,3221.15,3177.6,3183.0,3185.8,3193.3,591509,1888864791.0,58286,352263,59.55,-0.008558180064108578
TITAN,EQ,2023-09-13,3185.8,3178.05,3270.0,3178.05,3261.0,3263.2,3234.59,1370306,4432375341.55,107088,854508,62.36,0.024295310440077822
TITAN,EQ,2023-09-14,3263.2,3277.55,3302.45,3240.0,3258.0,3261.35,3265.49,1264935,4130634062.35,89504,690685,54.6,-0.0005669281686687677
TITAN,EQ,2023-09-15,3261.35,3261.6,3264.0,3239.0,3245.0,3248.6,3248.79,1397407,4539885099.25,77309,1015437,72.67,-0.003909424011528939
TITAN,EQ,2023-09-18,3248.6,3257.0,3352.0,3246.8,3335.0,3339.5,3320.22,1423507,4726354122.4,90061,633357,44.49,0.027981284245521154
TITAN,EQ,2023-09-20,3339.5,3314.0,3349.0,3300.05,3310.05,3306.65,3324.2,1201025,3992444888.6,68988,745462,62.07,-0.00983680191645453
TITAN,EQ,2023-09-21,3306.65,3300.0,3322.5,3285.8,3309.95,3304.5,3298.89,1091384,3600350381.55,83767,609814,55.88,-0.000650204890145667
TITAN,EQ,2023-09-22,3304.5,3298.8,3298.8,3261.7,3284.85,3274.5,3271.63,1019051,3333961546.8,68160,636328,62.44,-0.00907852927825692
TITAN,EQ,2023-09-25,3274.5,3274.5,3314.9,3261.35,3275.05,3283.95,3292.58,623515,2052972035.8,53261,352392,56.52,0.0028859367842417605
TITAN,EQ,2023-09-26,3283.95,3294.0,3308.0,3255.0,3259.0,3262.6,3274.87,1054827,3454416561.3,60452,648551,61.48,-0.006501317011525676
TITAN,EQ,2023-09-27,3262.6,3246.8,3266.95,3186.0,3217.5,3214.55,3222.12,1464192,4717796793.35,87732,915976,62.56,-0.014727517930484768
TITAN,EQ,2023-09-28,3214.55,3217.5,3224.9,3141.75,3174.75,3157.25,3173.58,1214383,3853946155.1,102705,711669,58.6,-0.01782520103902574
TITAN,EQ,2023-09-29,3157.25,3160.05,3176.45,3143.05,3148.8,3148.8,3156.54,697564,2201886709.25,65106,433199,62.1,-0.002676379760867764
TITAN,EQ,2023-10-03,3148.8,3148.8,3212.5,3114.4,3191.0,3196.25,3180.93,1007308,3204172348.3,83887,489219,48.57,0.015069232723577075
TITAN,EQ,2023-10-04,3196.25,3186.0,3205.0,3151.0,3168.0,3166.65,3169.01,486969,1543210373.5,62789,223494,45.89,-0.00926085256159559
TITAN,EQ,2023-10-05,3166.65,3173.9,3231.0,3165.0,3218.65,3216.5,3214.82,1109881,3568071705.25,102627,521577,46.99,0.015742188116779632
TITAN,EQ,2023-10-06,3216.5,3230.0,3319.8,3221.1,3305.2,3309.75,3280.22,1102120,3615200555.15,101454,345862,31.38,0.028991139437276603
TITAN,EQ,2023-10-09,3309.75,3294.7,3296.0,3249.05,3265.0,3267.5,3271.7,822467,2690864915.05,80152,307006,37.33,-0.012765314600800659
TITAN,EQ,2023-10-10,3267.5,3295.0,3299.2,3259.3,3265.95,3269.2,3276.9,633934,2077339135.45,72103,263789,41.61,0.0005202754399387111
TITAN,EQ,2023-10-11,3269.2,3289.7,3296.0,3264.0,3282.0,3280.5,3280.21,546575,1792878348.65,57766,304613,55.73,0.0034565031200293195
TITAN,EQ,2023-10-12,3280.5,3292.0,3295.05,3262.6,3288.0,3285.0,3278.14,429096,1406636776.35,49752,206829,48.2,0.00137174211248281
TITAN,EQ,2023-10-13,3285.0,3285.0,3307.0,3266.55,3284.0,3283.75,3285.32,920545,3024283674.7,81259,347739,37.78,-0.0003805175038051889
TITAN,EQ,2023-10-16,3283.75,3284.0,3329.0,3275.0,3303.5,3301.4,3309.45,778014,2574802085.7,64806,338337,43.49,0.00537495241720598
TITAN,EQ,2023-10-17,3301.4,3317.95,3328.45,3304.1,3312.0,3308.45,3312.35,584625,1936482356.1,58713,339615,58.09,0.002135457684618647
TITAN,EQ,2023-10-18,3308.45,3309.2,3324.15,3277.5,3283.5,3282.75,3295.91,324535,1069637017.85,40720,135234,41.67,-0.007767988030648709
TITAN,EQ,2023-10-19,3282.75,3270.0,3300.95,3239.0,3285.0,3284.65,3273.34,698767,2287298638.8,95620,259307,37.11,0.0005787830325185706
TITAN,EQ,2023-10-20,3284.65,3272.65,3291.5,3244.0,3260.0,3266.2,3264.55,657550,2146605004.5,72746,292053,44.42,-0.005617036822797017
TITAN,EQ,2023-10-23,3266.2,3246.2,3274.95,3209.7,3219.95,3219.75,3241.11,566920,1837451847.35,43684,328227,57.9,-0.014221419386442946
TITAN,EQ,2023-10-25,3219.75,3216.0,3236.3,3179.0,3190.0,3187.85,3208.21,762466,2446150986.8,81178,456971,59.93,-0.009907601521857323
TITAN,EQ,2023-10-26,3187.85,3160.35,3189.9,3092.05,3106.0,3100.8,3127.11,1124281,3515747276.7,110937,643658,57.25,-0.02730680552723619
TITAN,EQ,2023-10-27,3100.8,3095.1,3138.75,3087.25,3120.0,3120.7,3118.26,1050608,3276066489.55,82521,696457,66.29,0.0064176986584105755
TITAN,EQ,2023-10-30,3120.7,3105.0,3121.95,3075.0,3120.0,3116.45,3099.81,802316,2487027860.15,67822,472413,58.88,-0.0013618739385394818
TITAN,EQ,2023-10-31,3116.45,3119.6,3205.8,3087.85,3194.0,3189.65,3150.09,1235478,3891862250.1,86359,565086,45.74,0.023488263890003136
TITAN,EQ,2023-11-01,3189.65,3193.85,3212.9,3168.35,3171.15,3173.4,3188.18,756820,2412878354.8,71026,417728,55.2,-0.00509460285611274
TITAN,EQ,2023-11-02,3173.4,3200.0,3228.5,3180.0,3208.95,3201.5,3200.03,774180,2477399163.8,73593,252176,32.57,0.00885485599042024
TITAN,EQ,2023-11-03,3201.5,3205.15,3288.0,3205.05,3277.0,3274.5,3258.61,1355614,4417419165.55,100540,442076,32.61,0.02280181165078865
TITAN,EQ,2023-11-06,3274.5,3310.0,3310.0,3245.3,3269.8,3267.05,3269.6,1137606,3719514893.95,92757,633644,55.7,-0.002275156512444587
TITAN,EQ,2023-11-07,3267.05,3274.0,3286.45,3250.2,3270.85,3270.2,3273.49,433992,1420666704.3,47303,227610,52.45,0.0009641725715858751
TITAN,EQ,2023-11-08,3270.2,3289.0,3323.8,3272.2,3311.8,3311.85,3305.4,632305,2090020924.95,60075,322868,51.06,0.01273622408415398
TITAN,EQ,2023-11-09,3311.85,3320.95,3320.95,3274.65,3285.0,3283.75,3291.41,1317398,4336097352.3,74676,840123,63.77,-0.008484683787007286
TITAN,EQ,2023-11-10,3283.75,3263.05,3274.95,3223.0,3260.15,3256.35,3240.29,1170763,3793610796.0,60136,707510,60.43,-0.008344118766653974
TITAN,EQ,2023-11-12,3256.35,3300.0,3320.0,3265.0,3281.95,3280.6,3282.02,204514,671218486.4,21534,89854,43.94,0.007446988192301163
TITAN,EQ,2023-11-13,3280.6,3275.0,3278.35,3250.6,3265.9,3264.75,3263.02,275538,899087265.25,35857,162425,58.95,-0.0048314332744009425
TITAN,EQ,2023-11-15,3264.75,3275.25,3300.9,3260.75,3295.4,3295.95,3283.54,747863,2455641716.7,58772,466259,62.35,0.009556627613140245
TITAN,EQ,2023-11-16,3295.95,3295.4,3358.0,3259.25,3335.35,3335.95,3319.3,1055389,3503155748.4,79457,515329,48.83,0.01213610643365337
TITAN,EQ,2023-11-17,3335.95,3339.0,3366.0,3326.7,3337.5,3338.85,3346.39,633405,2119618757.05,56251,289225,45.66,0.0008693175856953061
TITAN,EQ,2023-11-20,3338.85,3338.0,3353.95,3312.25,3351.0,3345.85,3334.31,497379,1658415987.8,48627,246621,49.58,0.002096530242448713
TITAN,EQ,2023-11-21,3345.85,3365.0,3401.75,3355.1,3388.3,3394.45,3387.08,1038863,3518708164.55,80091,449101,43.23,0.014525456909305623
TITAN,EQ,2023-11-22,3394.45,3400.0,3435.0,3396.05,3429.95,3429.85,3422.08,980779,3356303536.6,74743,560200,57.12,0.010428788168922898
TITAN,EQ,2023-11-23,3429.85,3433.9,3441.95,3396.3,3410.0,3408.4,3420.9,517362,1769846176.35,52399,225519,43.59,-0.006253917809816656
TITAN,EQ,2023-11-24,3408.4,3406.0,3419.1,3382.55,3398.4,3396.95,3402.54,589530,2005900312.9,49286,355245,60.26,-0.0033593474944255686
TITAN,EQ,2023-11-28,3396.95,3417.95,3445.95,3397.35,3444.0,3442.4,3434.96,733524,2519623671.25,78061,461517,62.92,0.013379649391365822
TITAN,EQ,2023-11-29,3442.4,3473.85,3473.85,3424.0,3429.5,3429.3,3439.16,819200,2817363378.6,66687,548452,66.95,-0.0038054845456657604
TITAN,EQ,2023-11-30,3429.3,3431.1,3500.0,3422.25,3483.8,3490.6,3472.42,1480088,5139481222.65,102983,934184,63.12,0.01787536815093449
TITAN,EQ,2023-12-01,3490.6,3499.0,3500.0,3470.0,3483.0,3489.5,3487.48,655263,2285217004.05,82956,404060,61.66,-0.0003151320689852577
TITAN,EQ,2023-12-04,3489.5,3550.0,3550.0,3478.05,3487.5,3488.4,3495.64,808838,2827407832.3,71335,473130,58.5,-0.00031523140851119624
TITAN,EQ,2023-12-05,3488.4,3488.4,3550.0,3479.0,3549.0,3545.3,3527.07,713651,2517095462.0,65894,374156,52.43,0.01631120284371068
TITAN,EQ,2023-12-06,3545.3,3550.0,3573.95,3522.1,3545.0,3546.9,3553.24,474140,1684731748.35,52339,237113,50.01,0.0004513017234084593
TITAN,EQ,2023-12-07,3546.9,3546.9,3595.0,3519.05,3580.1,3585.4,3573.45,820214,2930997186.95,89335,406264,49.53,0.010854549042826234
TITAN,EQ,2023-12-08,3585.4,3575.0,3646.95,3575.0,3623.0,3634.65,3615.84,1562141,5648446221.65,114013,975720,62.46,0.013736263736263687
TITAN,EQ,2023-12-11,3634.65,3634.55,3644.6,3598.3,3631.0,3630.5,3622.36,620604,2248050269.9,66180,371356,59.84,-0.001141788067626881
TITAN,EQ,2023-12-12,3630.5,3637.0,3644.5,3563.25,3574.0,3571.4,3587.68,1075941,3860136411.0,117870,683975,63.57,-0.016278749483542132
TITAN,EQ,2023-12-13,3571.4,3585.0,3609.75,3552.75,3605.35,3602.35,3579.52,717618,2568727437.2,85440,429382,59.83,0.008666069328554515
TITAN,EQ,2023-12-14,3602.35,3647.0,3647.0,3584.35,3600.0,3591.4,3593.77,992762,3567762395.95,101410,602750,60.71,-0.0030396824295251257
TITAN,EQ,2023-12-15,3591.4,3615.0,3615.0,3584.8,3601.25,3600.55,3599.83,906271,3262421615.75,84846,573645,63.3,0.002547752965417427
TITAN,EQ,2023-12-18,3600.55,3600.7,3667.2,3593.9,3619.0,3619.6,3628.73,699850,2539567184.0,79968,406045,58.02,0.005290858341086668
TITAN,EQ,2023-12-19,3619.6,3610.65,3627.95,3600.1,3607.55,3610.45,3613.7,577926,2088453589.3,67301,386739,66.92,-0.002527903635760831
TITAN,EQ,2023-12-20,3610.45,3610.45,3651.5,3541.0,3559.0,3554.1,3613.45,849001,3067823823.45,92733,414625,48.84,-0.01560747275270391
TITAN,EQ,2023-12-21,3554.1,3524.1,3598.95,3518.8,3580.0,3580.0,3565.38,816722,2911922455.1,98614,359533,44.02,0.007287358262288546
TITAN,EQ,2023-12-22,3580.0,3580.0,3638.45,3560.55,3620.0,3627.35,3608.9,777099,2804472873.4,104080,349665,45.0,0.013226256983240203
TITAN,EQ,2023-12-26,3627.35,3635.0,3665.0,3623.45,3660.0,3656.7,3649.38,526101,1919942831.7,69700,264686,50.31,0.008091306325554548
TITAN,EQ,2023-12-27,3656.7,3668.0,3695.0,3645.0,3689.0,3689.25,3672.37,666625,2448094970.5,79506,270809,40.62,0.008901468537205748
TITAN,EQ,2023-12-28,3689.25,3699.9,3737.0,3680.7,3708.0,3715.1,3710.23,1033648,3835067417.95,96823,423097,40.93,0.007006844209527685
TITAN,EQ,2023-12-29,3715.1,3715.1,3715.1,3660.25,3685.9,3675.45,3677.33,709614,2609482944.7,74001,420504,59.26,-0.010672660224489317
TITAN,EQ,2024-01-01,3675.45,3689.0,3698.0,3667.5,3679.85,3677.15,3680.15,286683,1055037814.95,49467,148466,51.79,0.0004625283978834105
TITAN,EQ,2024-01-02,3677.15,3689.0,3707.85,3642.5,3699.0,3698.25,3680.89,453685,1669963642.95,52647,257275,56.71,0.0057381395918034706
TITAN,EQ,2024-01-03,3698.25,3708.0,3709.95,3665.0,3696.0,3693.05,3688.0,356757,1315718156.85,49334,170572,47.81,-0.0014060704387209855
TITAN,EQ,2024-01-04,3693.05,3696.0,3727.0,3686.65,3715.0,3719.7,3715.36,545228,2025716485.2,63834,246125,45.14,0.007216257564885309
TITAN,EQ,2024-01-05,3719.7,3719.7,3750.0,3687.25,3713.05,3712.55,3708.38,963628,3573495237.75,97924,601284,62.4,-0.0019221980267224437
TITAN,EQ,2024-01-08,3712.55,3770.0,3776.85,3695.8,3710.95,3706.05,3728.58,1202148,4482307279.6,109095,465149,38.69,-0.001750818170799029
TITAN,EQ,2024-01-09,3706.05,3736.95,3753.95,3685.15,3699.05,3694.0,3721.15,572612,2130776997.45,55068,302595,52.84,-0.003251440212625356
TITAN,EQ,2024-01-10,3694.0,3708.0,3730.0,3690.0,3716.0,3714.45,3709.12,556311,2063423694.05,68315,325426,58.5,0.005536004331348154
TITAN,EQ,2024-01-11,3714.45,3726.9,3742.7,3692.6,3699.0,3698.6,3711.64,392818,1457999780.25,58089,196113,49.92,-0.004267118954353943
TITAN,EQ,2024-01-12,3698.6,3700.0,3734.3,3647.95,3728.75,3726.0,3690.93,990582,3656169735.95,103282,559681,56.5,0.007408208511328729
TITAN,EQ,2024-01-15,3726.0,3740.0,3775.0,3736.0,3756.35,3758.85,3756.91,661292,2484413017.1,71302,420522,63.59,0.008816425120772964
TITAN,EQ,2024-01-16,3758.85,3758.85,3858.0,3756.0,3818.9,3820.3,3819.21,1170685,4471091958.6,107714,522585,44.64,0.01634808518562858
TITAN,EQ,2024-01-17,3820.3,3818.95,3855.0,3800.0,3825.1,3830.05,3832.63,723356,2772353505.85,81164,367240,50.77,0.0025521555898750936
TITAN,EQ,2024-01-18,3830.05,3791.35,3824.65,3718.85,3737.9,3734.7,3767.81,1293580,4873965466.9,158684,872649,67.46,-0.02489523635461688
TITAN,EQ,2024-01-19,3734.7,3742.2,3861.5,3740.7,3816.0,3810.6,3791.66,2566367,9730784729.55,129775,1430681,55.75,0.020322917503413862
TITAN,EQ,2024-01-20,3810.6,3833.95,3834.4,3780.0,3786.0,3784.7,3804.62,238575,907686254.2,29433,85437,35.81,-0.006796829895554524
TITAN,EQ,2024-01-23,3784.7,3786.0,3858.0,3705.75,3737.9,3739.65,3776.58,1053510,3978665288.8,92852,546887,51.91,-0.011903189156339922
TITAN,EQ,2024-01-24,3739.65,3764.0,3780.0,3711.75,3770.4,3767.85,3743.75,636988,2384725855.8,93949,307899,48.34,0.007540812642894412
TITAN,EQ,2024-01-25,3767.85,3770.4,3796.95,3730.1,3770.0,3770.2,3758.21,646135,2428313977.95,76578,284314,44.0,0.000623697864829964
TITAN,EQ,2024-01-29,3770.2,3760.6,3875.0,3760.55,3860.0,3866.65,3837.61,699215,2683316361.75,74634,371676,53.16,0.02558219723091626
TITAN,EQ,2024-01-30,3866.65,3882.0,3886.95,3715.0,3749.0,3735.75,3796.71,852445,3236487042.15,89111,443693,52.05,-0.03385359419652678
TITAN,EQ,2024-01-31,3735.75,3749.0,3775.0,3653.25,3697.45,3697.55,3688.52,1386754,5115066146.6,123104,799276,57.64,-0.010225523656561597
TITAN,EQ,2024-02-01,3697.55,3738.0,3738.0,3601.0,3628.0,3627.45,3652.93,1408462,5145014391.3,189969,615891,43.73,-0.018958499546997465
TITAN,EQ,2024-02-02,3627.45,3635.0,3713.45,3602.45,3615.0,3612.4,3635.19,2320153,8434185684.45,242968,1286099,55.43,-0.004148920040248583
TITAN,EQ,2024-02-05,3612.4,3612.95,3624.65,3534.9,3548.0,3552.05,3587.05,1771614,6354865818.6,130676,1230648,69.46,-0.016706344812313145
TITAN,EQ,2024-02-06,3552.05,3552.05,3577.95,3531.6,3560.9,3559.15,3551.27,1069901,3799503657.6,97206,793600,74.18,0.001998845736968846
TITAN,EQ,2024-02-07,3559.15,3578.0,3620.0,3555.8,3587.0,3576.5,3586.71,900220,3228829636.45,115980,475170,52.78,0.004874759422895947
TITAN,EQ,2024-02-08,3576.5,3604.8,3610.0,3503.0,3555.0,3549.1,3548.15,1011857,3590222726.6,121182,469557,46.41,-0.007661121207884869
TITAN,EQ,2024-02-09,3549.1,3549.1,3597.9,3532.85,3589.95,3591.6,3576.89,838509,2999256865.85,106843,346385,41.31,0.011974866867656697
TITAN,EQ,2024-02-12,3591.6,3599.0,3618.6,3570.05,3583.5,3585.25,3584.45,487283,1746642246.3,70635,272976,56.02,-0.0017680142554850065
TITAN,EQ,2024-02-13,3585.25,3607.0,3608.75,3551.15,3560.0,3559.95,3579.73,796060,2849677990.85,87548,529565,66.52,-0.007056690607349592
TITAN,EQ,2024-02-14,3559.95,3546.0,3593.85,3503.3,3585.0,3585.55,3549.75,1046318,3714169778.4,187387,681876,65.17,0.007191112234722574
TITAN,EQ,2024-02-15,3585.55,3595.05,3632.0,3571.0,3619.95,3622.05,3593.74,759063,2727874435.1,96492,419262,55.23,0.010179749271380878
TITAN,EQ,2024-02-16,3622.05,3648.0,3690.0,3624.5,3648.65,3655.4,3656.08,915502,3347148498.5,119397,548757,59.94,0.009207492994298683
TITAN,EQ,2024-02-19,3655.4,3671.95,3709.5,3650.0,3697.0,3695.05,3688.81,528874,1950917737.75,51145,272268,51.48,0.010846966132297409
TITAN,EQ,2024-02-20,3695.05,3700.0,3719.95,3665.5,3688.45,3686.7,3691.78,744107,2747080139.7,71356,457961,61.55,-0.002259779975913867
TITAN,EQ,2024-02-21,3686.7,3652.05,3707.5,3640.0,3650.0,3656.35,3677.86,660426,2428957272.75,72942,395085,59.82,-0.008232294463883627
TITAN,EQ,2024-02-22,3656.35,3676.0,3676.0,3555.35,3654.95,3652.05,3614.02,1017437,3677038604.3,124560,332962,32.73,-0.0011760362109753952
TITAN,EQ,2024-02-23,3652.05,3672.0,3737.0,3655.0,3684.0,3691.95,3701.62,897831,3323425417.55,88689,327653,36.49,0.010925370682219437
TITAN,EQ,2024-02-26,3691.95,3690.0,3690.0,3610.85,3619.0,3622.5,3640.2,546842,1990616949.25,66091,269818,49.34,-0.01881119733474179
TITAN,EQ,2024-02-27,3622.5,3630.0,3675.0,3621.05,3659.0,3653.85,3653.07,673959,2462022575.35,87840,393636,58.41,0.008654244306418146
TITAN,EQ,2024-02-28,3653.85,3655.0,3669.0,3582.15,3608.0,3594.7,3616.16,538608,1947691420.9,70442,303370,56.32,-0.016188404012206337
TITAN,EQ,2024-02-29,3594.7,3595.2,3654.0,3585.3,3640.0,3624.4,3618.73,1692242,6123768802.15,133944,1031184,60.94,0.008262163741063366
TITAN,EQ,2024-03-01,3624.4,3630.0,3774.0,3626.0,3761.05,3765.9,3725.53,1533727,5713947001.25,125237,781281,50.94,0.03904094470808972
TITAN,EQ,2024-03-02,3765.9,3778.0,3778.0,3747.35,3765.95,3764.1,3761.89,51206,192631295.75,6652,30816,60.18,-0.00047797339281452356
TITAN,EQ,2024-03-04,3764.1,3761.6,3764.1,3715.0,3730.95,3732.4,3737.62,787542,2943530903.95,66708,505831,64.23,-0.008421667862171467
TITAN,EQ,2024-03-05,3732.4,3748.0,3759.15,3708.0,3750.05,3750.75,3738.53,733660,2742812912.3,81496,467805,63.76,0.004916407673346779
TITAN,EQ,2024-03-06,3750.75,3748.05,3815.0,3702.7,3812.0,3810.75,3759.18,765602,2878039416.5,86981,438860,57.32,0.015996800639872077
TITAN,EQ,2024-03-07,3810.75,3812.05,3824.25,3768.1,3785.0,3786.9,3793.73,838514,3181097122.3,94146,443132,52.85,-0.006258610509742191
TITAN,EQ,2024-03-11,3786.9,3802.9,3808.0,3742.05,3760.0,3750.15,3768.02,597848,2252701085.65,90531,389800,65.2,-0.009704507644775373
TITAN,EQ,2024-03-12,3750.15,3762.0,3766.0,3713.5,3753.2,3748.8,3744.61,564569,2114092807.9,79536,333109,59.0,-0.00035998560057592943
TITAN,EQ,2024-03-13,3748.8,3759.0,3762.0,3590.0,3630.0,3625.7,3643.43,1027729,3744459815.2,126484,599587,58.34,-0.03283717456252677
TITAN,EQ,2024-03-14,3625.7,3629.95,3648.0,3580.15,3644.0,3640.15,3622.37,1293906,4687004574.9,134240,763923,59.04,0.003985437294867333
TITAN,EQ,2024-03-15,3640.15,3634.7,3655.95,3610.0,3638.0,3633.2,3631.33,1207241,4383890036.3,102456,808210,66.95,-0.0019092619809624178
TITAN,EQ,2024-03-18,3633.2,3619.0,3620.0,3565.1,3579.0,3579.7,3582.6,785257,2813258829.35,86558,478004,60.87,-0.014725311020587939
TITAN,EQ,2024-03-19,3579.7,3579.0,3606.65,3547.05,3577.0,3583.4,3581.71,554444,1985856581.0,54308,302204,54.51,0.0010336061681146536
TITAN,EQ,2024-03-20,3583.4,3583.4,3596.9,3550.0,3592.7,3590.5,3575.27,526882,1883743241.75,74528,332352,63.08,0.0019813584863537237
TITAN,EQ,2024-03-21,3590.5,3606.95,3637.0,3590.05,3630.0,3627.55,3615.7,767905,2776510565.2,89102,437063,56.92,0.010318897089541812
TITAN,EQ,2024-03-22,3627.55,3627.55,3726.9,3621.25,3692.05,3706.7,3687.26,1281102,4723760419.55,135691,569863,44.48,0.021819134126338513
TITAN,EQ,2024-03-26,3706.7,3665.0,3729.95,3665.0,3699.3,3698.2,3700.94,1158224,4286514794.15,102991,748960,64.66,-0.0022931448458197723
TITAN,EQ,2024-03-27,3698.2,3699.0,3784.9,3692.8,3758.0,3759.4,3740.49,1315714,4921414371.65,104737,883481,67.15,0.01654859120653307
TITAN,EQ,2024-03-28,3759.4,3760.0,3838.3,3732.55,3800.0,3801.8,3790.94,1590738,6030399631.4,135540,665950,41.86,0.011278395488641735
TITAN,EQ,2024-04-01,3801.8,3822.95,3832.55,3730.5,3745.95,3738.4,3761.49,964052,3626275731.4,94149,551779,57.24,-0.01667631122100055
TITAN,EQ,2024-04-02,3738.4,3754.0,3781.45,3734.1,3755.0,3755.95,3756.55,677963,2546799942.75,58743,379871,56.03,0.0046945217205220935
TITAN,EQ,2024-04-03,3755.95,3745.1,3752.0,3705.0,3716.0,3712.5,3726.71,801601,2987337278.6,93862,490121,61.14,-0.01156831161224181
TITAN,EQ,2024-04-04,3712.5,3740.0,3792.3,3679.0,3785.0,3782.75,3739.16,1177617,4403298675.9,134556,367816,31.23,0.018922558922559007
TITAN,EQ,2024-04-05,3782.75,3778.4,3801.9,3741.0,3754.65,3754.45,3766.3,623873,2349692508.85,80300,302238,48.45,-0.007481329720441576
TITAN,EQ,2024-04-08,3754.45,3798.65,3808.3,3720.35,3742.9,3748.9,3755.4,849267,3189336452.8,61882,394274,46.43,-0.0014782458149661393
TITAN,EQ,2024-04-09,3748.9,3755.0,3761.0,3664.35,3682.3,3679.35,3701.44,745285,2758624720.65,77158,495623,66.5,-0.018552108618528185
TITAN,EQ,2024-04-10,3679.35,3690.0,3720.35,3681.45,3709.95,3711.2,3704.35,567546,2102389697.55,60486,305681,53.86,0.008656420291627498
TITAN,EQ,2024-04-12,3711.2,3689.55,3694.8,3609.45,3623.0,3619.3,3638.51,1910561,6951589328.7,168409,1033927,54.12,-0.024762879931019555
TITAN,EQ,2024-04-15,3619.3,3607.0,3639.2,3590.0,3602.9,3600.6,3608.67,854076,3082080690.1,96444,483746,56.64,-0.005166744950681146
TITAN,EQ,2024-04-16,3600.6,3589.0,3653.2,3583.0,3651.0,3645.9,3633.46,1116890,4058177858.9,95188,577524,51.71,0.01258123646058995
TITAN,EQ,2024-04-18,3645.9,3645.9,3660.0,3501.0,3538.8,3525.1,3583.6,1677946,6013090218.85,161969,730232,43.52,-0.03313310842316031
TITAN,EQ,2024-04-19,3525.1,3525.1,3571.2,3478.25,3562.0,3563.05,3534.54,1507940,5329870225.3,144658,783088,51.93,0.010765652038240203
TITAN,EQ,2024-04-22,3563.05,3567.0,3615.0,3552.0,3604.0,3596.75,3587.47,668659,2398795089.9,59316,357683,53.49,0.00945818891118555
TITAN,EQ,2024-04-23,3596.75,3619.95,3648.0,3605.15,3635.0,3633.0,3632.54,769991,2797023033.55,63319,445801,57.9,0.010078543129213857
TITAN,EQ,2024-04-24,3633.0,3642.0,3644.85,3580.05,3608.0,3609.75,3610.13,652811,2356729909.15,66541,324108,49.65,-0.006399669694467369
TITAN,EQ,2024-04-25,3609.75,3595.0,3602.5,3541.0,3570.0,3571.1,3571.38,1889163,6746924952.15,167582,858168,45.43,-0.010707112680933606
TITAN,EQ,2024-04-26,3571.1,3588.0,3593.25,3556.3,3590.75,3584.8,3580.58,798783,2860104542.8,114513,412360,51.62,0.0038363529444709332
TITAN,EQ,2024-04-29,3584.8,3585.0,3613.45,3573.15,3605.0,3604.85,3595.71,703524,2529670575.35,79880,445825,63.37,0.005593059584914073
TITAN,EQ,2024-04-30,3604.85,3602.65,3619.5,3580.0,3595.0,3589.25,3597.42,963220,3465104108.05,82036,634672,65.89,-0.004327503224822116
TITAN,EQ,2024-05-02,3589.25,3585.0,3598.0,3546.3,3574.1,3568.45,3568.49,1435891,5123964563.0,142565,700673,48.8,-0.005795082538134766
TITAN,EQ,2024-05-03,3568.45,3595.0,3599.0,3492.0,3514.75,3533.9,3535.67,1681592,5945560864.55,150832,763666,45.41,-0.00968207485042516
TITAN,EQ,2024-05-06,3533.9,3476.0,3488.8,3257.0,3284.0,3280.15,3320.04,6891728,22880794922.95,587365,3910192,56.74,-0.0718045219162965
TITAN,EQ,2024-05-07,3280.15,3330.0,3332.0,3227.0,3286.4,3270.9,3260.54,3111444,10145000464.25,294044,1681910,54.06,-0.0028199929881255192
TITAN,EQ,2024-05-08,3270.9,3275.4,3281.0,3238.45,3255.0,3259.85,3255.85,2054981,6690700307.9,199156,1532460,74.57,-0.0033782750924822302
TITAN,EQ,2024-05-09,3259.85,3259.85,3322.5,3233.0,3244.5,3245.7,3266.63,1860654,6078077254.35,199058,1039908,55.89,-0.004340690522570134
TITAN,EQ,2024-05-10,3245.7,3258.1,3306.2,3242.75,3292.9,3289.85,3286.19,1307103,4295383125.45,108217,690400,52.82,0.013602612687555915
TITAN,EQ,2024-05-13,3289.85,3307.5,3308.0,3230.5,3256.4,3253.65,3256.12,1294603,4215383855.35,115253,869038,67.13,-0.011003541194887223
TITAN,EQ,2024-05-14,3253.65,3250.0,3308.0,3250.0,3290.1,3288.9,3289.48,620163,2040015263.4,68973,326158,52.59,0.010833986445991428
TITAN,EQ,2024-05-15,3288.9,3304.0,3306.45,3260.0,3269.9,3268.55,3276.82,657036,2152986020.3,72285,342887,52.19,-0.00618747909635442
TITAN,EQ,2024-05-16,3268.55,3276.3,3348.0,3251.3,3338.0,3333.9,3290.0,1404971,4622360721.7,148459,697580,49.65,0.019993575132704056
TITAN,EQ,2024-05-17,3333.9,3347.95,3368.0,3308.0,3365.3,3361.15,3347.81,1194228,3998043624.65,89306,765902,64.13,0.008173610486217342
TITAN,EQ,2024-05-18,3361.15,3376.0,3376.0,3345.0,3363.0,3362.55,3362.73,56642,190471605.15,6444,32726,57.78,0.0004165241063327496
TITAN,EQ,2024-05-21,3362.55,3355.0,3380.3,3351.0,3375.0,3377.0,3369.49,827674,2788840489.4,80838,597713,72.22,0.004297333868641395
TITAN,EQ,2024-05-22,3377.0,3384.75,3403.1,3360.0,3382.95,3383.85,3386.61,626567,2121940815.35,71504,363416,58.0,0.002028427598460114
TITAN,EQ,2024-05-23,3383.85,3383.0,3460.4,3377.75,3444.65,3452.05,3429.39,977789,3353219427.75,105243,415365,42.48,0.020154557678384144
TITAN,EQ,2024-05-24,3452.05,3452.1,3455.05,3404.2,3411.0,3412.4,3426.08,878625,3010241182.4,77558,595978,67.83,-0.011485928651091437
TITAN,EQ,2024-05-27,3412.4,3423.95,3436.3,3390.3,3404.0,3403.4,3412.87,804488,2745614415.7,69087,493647,61.36,-0.0026374399249794456
TITAN,EQ,2024-05-28,3403.4,3404.0,3423.0,3392.15,3409.75,3409.4,3406.28,548576,1868604064.95,50153,319317,58.21,0.001762942939413481
TITAN,EQ,2024-05-29,3409.4,3405.35,3418.0,3371.1,3378.0,3380.4,3397.18,519533,1764947999.35,54859,320507,61.69,-0.008505895465477753
TITAN,EQ,2024-05-30,3380.4,3365.0,3365.0,3254.0,3289.0,3271.85,3295.4,2365535,7795395309.15,249490,1441174,60.92,-0.032111584427878426
TITAN,EQ,2024-05-31,3271.85,3298.0,3328.8,3216.75,3250.9,3241.9,3265.92,2524214,8243868713.15,162003,1345552,53.31,-0.009153842627259712
TITAN,EQ,2024-06-03,3241.9,3310.0,3332.95,3250.0,3260.0,3261.2,3276.32,1378542,4516541363.35,132424,851879,61.8,0.005953298991332234
TITAN,EQ,2024-06-04,3261.2,3261.2,3295.2,3055.65,3260.0,3238.95,3215.72,2934800,9437493407.5,266725,1552382,52.9,-0.006822641972280108
TITAN,EQ,2024-06-05,3238.95,3266.0,3334.0,3201.05,3314.05,3317.65,3294.25,1396386,4600042650.85,119199,740729,53.05,0.024297997807931626
TITAN,EQ,2024-06-06,3317.65,3329.0,3360.0,3290.75,3333.0,3321.65,3319.34,1825503,6059468577.05,147143,945303,51.78,0.0012056726900064874
TITAN,EQ,2024-06-07,3321.65,3294.4,3456.6,3294.4,3434.8,3444.05,3403.15,2084099,7092494619.15,136449,1011651,48.54,0.036849156292806384
TITAN,EQ,2024-06-10,3444.05,3443.0,3452.0,3390.0,3420.0,3422.2,3414.81,1655552,5653396315.8,95993,1072272,64.77,-0.006344274908900993
TITAN,EQ,2024-06-11,3422.2,3418.2,3438.3,3401.9,3408.4,3410.7,3416.03,1086157,3710349599.35,58591,746537,68.73,-0.0033604114312431044
TITAN,EQ,2024-06-12,3410.7,3411.35,3418.9,3370.85,3384.95,3382.3,3384.71,2054168,6952758352.45,130719,1456809,70.92,-0.008326736447063499
TITAN,EQ,2024-06-13,3382.3,3424.95,3477.1,3390.0,3472.9,3472.2,3447.69,1753028,6043904525.65,120064,963310,54.95,0.026579546462466297
TITAN,EQ,2024-06-14,3472.2,3490.0,3535.0,3479.0,3531.0,3530.05,3504.86,2346892,8225531474.9,126264,1552483,66.15,0.016660906629802463
TITAN,EQ,2024-06-18,3530.05,3554.8,3625.0,3538.0,3586.0,3589.0,3595.24,1585048,5698620533.8,110262,711120,44.86,0.01669948017733458
TITAN,EQ,2024-06-19,3589.0,3595.0,3595.0,3456.0,3459.75,3462.35,3488.09,1862394,6496196538.4,167833,885274,47.53,-0.03528838116466981
TITAN,EQ,2024-06-20,3462.35,3474.0,3490.0,3418.1,3443.85,3435.95,3442.85,2377432,8185141364.65,148754,1446097,60.83,-0.007624879056132405
TITAN,EQ,2024-06-21,3435.95,3430.7,3473.65,3383.4,3400.05,3399.75,3409.16,2707405,9229985382.85,168682,1428455,52.76,-0.010535659715653511
TITAN,EQ,2024-06-24,3399.75,3380.35,3429.0,3372.3,3419.0,3412.35,3404.38,645002,2195830196.6,54751,334309,51.83,0.003706154864328237
TITAN,EQ,2024-06-25,3412.35,3412.55,3423.4,3384.9,3404.0,3402.45,3399.74,1299560,4418168428.15,61065,971020,74.72,-0.0029012264275353195
TITAN,EQ,2024-06-26,3402.45,3401.5,3401.5,3370.0,3375.9,3372.75,3379.76,1485709,5021338816.9,103499,1051250,70.76,-0.00872900409998667
TITAN,EQ,2024-06-27,3372.75,3370.0,3392.5,3361.05,3379.7,3380.6,3375.35,1462935,4937910978.0,113899,842358,57.58,0.002327477577644288
TITAN,EQ,2024-06-28,3380.6,3380.6,3419.9,3366.35,3403.0,3404.2,3400.74,1005498,3419435941.2,99506,497533,49.48,0.006981009288292039
TITAN,EQ,2024-07-01,3404.2,3382.0,3435.0,3381.5,3434.95,3431.45,3415.39,1001832,3421648117.35,63947,639797,63.86,0.008004817578285639
TITAN,EQ,2024-07-02,3431.45,3446.0,3450.0,3385.3,3400.05,3399.65,3410.17,878947,2997362276.25,74521,563922,64.16,-0.009267219397047777
TITAN,EQ,2024-07-03,3399.65,3420.8,3426.95,3341.9,3362.0,3360.25,3378.33,980605,3312806737.1,74950,631486,64.4,-0.011589428323503959
TITAN,EQ,2024-07-04,3360.25,3365.0,3369.9,3330.0,3338.0,3336.0,3343.83,741143,2478257079.7,58236,441545,59.58,-0.007216724946060515
TITAN,EQ,2024-07-05,3336.0,3332.0,3332.0,3257.0,3272.5,3269.35,3275.19,2001382,6554907749.9,192944,1089682,54.45,-0.01997901678657077
TITAN,EQ,2024-07-08,3269.35,3204.0,3204.0,3126.1,3160.45,3156.2,3147.11,5323920,16754953927.6,385207,3195485,60.02,-0.03460932601281608
TITAN,EQ,2024-07-09,3156.2,3170.0,3222.05,3165.0,3216.0,3215.15,3198.37,2044328,6538519349.45,119941,1243680,60.84,0.01867752360433439
TITAN,EQ,2024-07-10,3215.15,3217.75,3252.7,3190.5,3231.0,3225.0,3227.92,1437517,4640183300.9,103250,676720,47.08,0.00306362067088628
TITAN,EQ,2024-07-11,3225.0,3246.95,3258.75,3230.0,3250.0,3248.6,3245.42,1105185,3586794170.0,95909,588861,53.28,0.0073178294573643665
TITAN,EQ,2024-07-12,3248.6,3266.0,3269.0,3220.05,3221.45,3229.85,3242.66,1496692,4853259484.3,110008,869344,58.08,-0.005771717047343472
TITAN,EQ,2024-07-15,3229.85,3241.75,3252.4,3205.4,3225.0,3224.2,3224.02,1243810,4010066747.75,60665,824416,66.28,-0.0017493072433704127
TITAN,EQ,2024-07-16,3224.2,3227.95,3251.0,3224.1,3236.5,3234.05,3237.67,501336,1623161518.8,48876,278957,55.64,0.0030550214006577203
TITAN,EQ,2024-07-18,3234.05,3232.95,3269.1,3206.0,3263.0,3262.1,3244.49,1086374,3524727824.5,93351,523926,48.23,0.008673335291662143
TITAN,EQ,2024-07-19,3262.1,3262.05,3279.0,3235.0,3254.0,3259.0,3262.35,1111191,3625090452.6,70958,637378,57.36,-0.0009503080837497402
TITAN,EQ,2024-07-22,3259.0,3250.0,3273.4,3223.2,3249.0,3254.45,3256.52,696255,2267365042.2,58218,365492,52.49,-0.0013961337833692244
TITAN,EQ,2024-07-23,3254.45,3255.1,3490.0,3232.15,3468.0,3466.85,3421.16,7159507,24493842675.9,330158,2886748,40.32,0.06526448401419604
TITAN,EQ,2024-07-24,3466.85,3470.0,3552.5,3462.15,3469.5,3478.4,3506.15,3862140,13541253205.0,181038,2031429,52.6,0.0033315545812482306
TITAN,EQ,2024-07-25,3478.4,3415.0,3454.4,3384.45,3405.0,3405.8,3412.43,1476422,5038179496.3,98976,714284,48.38,-0.020871665133394668
TITAN,EQ,2024-07-26,3405.8,3405.8,3501.7,3393.0,3484.05,3494.15,3467.38,1830745,6347888069.75,125761,914285,49.94,0.02594104175230494
TITAN,EQ,2024-07-29,3494.15,3495.0,3499.55,3388.0,3425.95,3411.7,3422.41,2213293,7574785371.2,142862,1443179,65.21,-0.023596582859923054
TITAN,EQ,2024-07-30,3411.7,3424.95,3479.0,3410.6,3472.0,3468.25,3451.49,1316880,4545201729.8,113381,655515,49.78,0.016575314359410287
TITAN,EQ,2024-07-31,3468.25,3479.05,3499.9,3446.55,3464.65,3458.95,3466.6,1361595,4720104825.85,97885,754659,55.42,-0.002681467598933285
TITAN,EQ,2024-08-01,3458.95,3475.0,3492.0,3442.5,3462.25,3468.35,3470.66,879399,3052096384.85,76114,402594,45.78,0.002717587707252278
TITAN,EQ,2024-08-02,3468.35,3415.0,3477.9,3410.0,3450.0,3462.35,3440.56,1168195,4019250507.15,88255,443814,37.99,-0.001729929217062831
TITAN,EQ,2024-08-05,3462.35,3320.05,3459.0,3316.5,3380.85,3375.95,3390.35,1932064,6550376732.1,135244,831390,43.03,-0.024954149638251488
TITAN,EQ,2024-08-06,3375.95,3380.95,3416.35,3321.1,3348.0,3335.1,3365.79,976535,3286807469.8,85179,442161,45.28,-0.012100297693982354
TITAN,EQ,2024-08-07,3335.1,3360.0,3368.85,3317.05,3330.0,3326.25,3330.11,1277139,4253008756.55,74372,850035,66.56,-0.00265359359539441
TITAN,EQ,2024-08-08,3326.25,3337.0,3359.95,3283.9,3291.8,3296.5,3311.58,1280733,4241247952.45,95820,685736,53.54,-0.008944006012777117
TITAN,EQ,2024-08-09,3296.5,3350.0,3350.0,3285.1,3331.0,3331.7,3312.69,1019809,3378314823.5,59468,625429,61.33,0.010677991809494802
TITAN,EQ,2024-08-12,3331.7,3331.65,3345.0,3295.35,3325.55,3320.85,3324.55,874598,2907642409.4,64796,575616,65.81,-0.003256595731908618
TITAN,EQ,2024-08-13,3320.85,3330.0,3404.75,3305.4,3385.0,3383.55,3373.76,1314371,4434369472.2,89173,538145,40.94,0.018880708252405398
TITAN,EQ,2024-08-14,3383.55,3390.0,3416.2,3356.85,3400.1,3402.15,3396.09,997803,3388632728.35,86901,466962,46.8,0.005497184909340813
TITAN,EQ,2024-08-16,3402.15,3410.0,3450.1,3370.2,3447.0,3444.75,3411.93,1161982,3964605171.6,90506,638319,54.93,0.012521493761298075
TITAN,EQ,2024-08-19,3444.75,3436.2,3504.2,3436.2,3465.0,3464.85,3467.94,1135205,3936817848.15,79991,657242,57.9,0.005834966252993734
TITAN,EQ,2024-08-20,3464.85,3480.0,3483.1,3454.4,3476.6,3474.9,3470.59,526591,1827580151.8,57494,299818,56.94,0.0029005584657344485
TITAN,EQ,2024-08-21,3474.9,3474.9,3582.0,3454.55,3559.0,3560.4,3544.64,1990034,7053959369.25,102771,948684,47.67,0.024605024605024672
TITAN,EQ,2024-08-22,3560.4,3574.95,3625.0,3553.7,3601.0,3604.4,3599.26,1531544,5512420941.25,105625,647351,42.27,0.012358162004269202
TITAN,EQ,2024-08-23,3604.4,3611.45,3622.85,3544.0,3571.0,3570.0,3571.34,1173387,4190568629.2,86803,452209,38.54,-0.009543890800133181
TITAN,EQ,2024-08-26,3570.0,3592.0,3640.0,3574.05,3628.0,3630.2,3617.09,1156681,4183822530.85,73725,555377,48.01,0.0168627450980392
TITAN,EQ,2024-08-27,3630.2,3630.2,3658.8,3530.5,3560.0,3551.25,3584.98,1169007,4190870378.6,85082,476608,40.77,-0.021748113051622497
TITAN,EQ,2024-08-28,3551.25,3559.65,3579.95,3519.9,3532.0,3527.5,3546.04,727481,2579675627.25,64889,296433,40.75,-0.006687785990848294
TITAN,EQ,2024-08-29,3527.5,3537.0,3553.75,3510.0,3544.85,3533.2,3530.49,927472,3274427793.55,90704,388122,41.85,0.0016158752657688957
TITAN,EQ,2024-08-30,3533.2,3550.0,3598.0,3542.5,3570.0,3565.15,3567.34,2116894,7551684723.65,106930,1199891,56.68,0.009042794067700699
TITAN,EQ,2024-09-02,3565.15,3565.15,3601.95,3552.0,3585.0,3587.55,3581.87,718800,2574645877.55,62659,406432,56.54,0.0062830455941544905
TITAN,EQ,2024-09-03,3587.55,3587.55,3634.9,3560.15,3620.0,3621.15,3608.58,1112614,4014952127.5,77057,585722,52.64,0.009365723125809966
TITAN,EQ,2024-09-04,3621.15,3586.1,3617.5,3568.2,3607.0,3607.7,3598.08,529856,1906466024.9,55873,217653,41.08,-0.0037142896593623798
TITAN,EQ,2024-09-05,3607.7,3616.6,3753.95,3600.4,3720.0,3722.85,3709.07,3437885,12751363964.15,229845,1486339,43.23,0.03191784239266027
TITAN,EQ,2024-09-06,3722.85,3714.95,3742.0,3665.0,3697.5,3695.5,3691.85,1408795,5201066241.45,112804,741424,52.63,-0.0073465221537263314
TITAN,EQ,2024-09-09,3695.5,3690.1,3724.45,3653.75,3675.6,3684.55,3685.43,923357,3402963072.1,75203,443365,48.02,-0.0029630631849546507
TITAN,EQ,2024-09-10,3684.55,3704.0,3750.0,3666.0,3720.5,3727.4,3722.7,1109078,4128760610.4,99559,635742,57.32,0.011629642697208675
TITAN,EQ,2024-09-11,3727.4,3731.9,3743.5,3700.1,3710.3,3711.1,3719.79,831810,3094160897.9,88291,515696,62.0,-0.0043730214090250685
TITAN,EQ,2024-09-12,3711.1,3736.0,3774.0,3711.1,3758.0,3764.25,3749.75,1337327,5014647866.05,112922,591278,44.21,0.014321899167362817
TITAN,EQ,2024-09-13,3764.25,3777.0,3799.85,3740.0,3762.55,3767.0,3771.02,1003355,3783675145.35,87140,420349,41.89,0.0007305572159128637
TITAN,EQ,2024-09-16,3767.0,3768.0,3789.0,3735.4,3741.45,3740.65,3756.7,386602,1452347363.8,37412,172547,44.63,-0.006994956198566493
TITAN,EQ,2024-09-17,3740.65,3759.9,3777.0,3727.3,3764.7,3767.4,3758.93,392339,1474776591.65,45477,180152,45.92,0.0071511635678291885
TITAN,EQ,2024-09-18,3767.4,3769.0,3786.0,3708.0,3726.8,3725.35,3745.0,420638,1575288762.5,38930,151641,36.05,-0.01116154377023948
TITAN,EQ,2024-09-19,3725.35,3750.0,3795.0,3741.1,3793.0,3780.95,3775.07,945257,3568410365.65,79488,474978,50.25,0.014924772169057965
TITAN,EQ,2024-09-20,3780.95,3793.0,3819.0,3740.0,3795.6,3797.2,3792.4,1951755,7401832467.95,130608,876806,44.92,0.004297861648527412
TITAN,EQ,2024-09-23,3797.2,3797.2,3829.0,3781.0,3814.45,3820.1,3815.58,530107,2022665888.0,50627,251299,47.41,0.006030759507005268
TITAN,EQ,2024-09-24,3820.1,3818.0,3839.9,3781.55,3785.0,3784.9,3805.38,1281513,4876648043.7,83598,968055,75.54,-0.009214418470720576
TITAN,EQ,2024-09-25,3784.9,3800.0,3803.55,3710.05,3742.0,3737.25,3741.89,942343,3526146041.1,75805,575245,61.04,-0.012589500383101249
TITAN,EQ,2024-09-26,3737.25,3738.0,3777.15,3701.4,3754.0,3757.55,3734.3,1863893,6960339379.15,157213,1303270,69.92,0.005431801458291474
TITAN,EQ,2024-09-27,3757.55,3774.0,3867.0,3751.2,3816.0,3816.7,3825.64,2164755,8281578656.05,117484,1331405,61.5,0.015741640164468773
TITAN,EQ,2024-09-30,3816.7,3786.0,3863.55,3786.0,3828.0,3823.95,3833.65,1068609,4096671801.2,89364,628502,58.81,0.0018995467288496215
TITAN,EQ,2024-10-01,3823.95,3823.95,3837.95,3757.0,3782.95,3775.95,3778.23,774221,2925182981.3,85425,351958,45.46,-0.012552465382654088
TITAN,EQ,2024-10-03,3775.95,3689.1,3782.0,3650.05,3684.45,3674.95,3702.57,1597560,5915070864.95,125658,949597,59.44,-0.026748235543373244
TITAN,EQ,2024-10-04,3674.95,3625.0,3753.8,3625.0,3692.0,3670.1,3701.28,1542987,5711033655.2,129724,653902,42.38,-0.0013197458468822143
TITAN,EQ,2024-10-07,3670.1,3739.95,3748.0,3552.3,3575.0,3589.25,3602.31,2523321,9089783038.4,183567,1062986,42.13,-0.022029372496662147
TITAN,EQ,2024-10-08,3589.25,3589.25,3595.0,3480.0,3504.9,3493.35,3523.16,1360120,4791919353.15,126793,688753,50.64,-0.02671867381764992
TITAN,EQ,2024-10-09,3493.35,3518.0,3558.8,3486.6,3499.9,3493.45,3515.99,1063802,3740313032.2,107963,548204,51.53,2.8625817624972072e-05
TITAN,EQ,2024-10-10,3493.45,3510.0,3531.55,3415.1,3458.2,3447.25,3462.04,1488328,5152647296.75,110044,768492,51.63,-0.013224749173453176
TITAN,EQ,2024-10-11,3447.25,3464.0,3491.0,3444.3,3474.9,3474.4,3468.31,858463,2977411597.5,62387,463467,53.99,0.00787584306331146
TITAN,EQ,2024-10-14,3474.4,3474.4,3525.0,3452.55,3508.0,3497.8,3498.08,593206,2075082223.25,56723,234570,39.54,0.006734975823163847
TITAN,EQ,2024-10-15,3497.8,3523.95,3529.45,3477.0,3508.8,3508.5,3502.61,578719,2027026257.2,49494,306179,52.91,0.0030590656984390563
TITAN,EQ,2024-10-16,3508.5,3508.0,3510.0,3440.0,3466.0,3471.0,3465.96,591644,2050613470.35,58864,268162,45.32,-0.010688328345446751
TITAN,EQ,2024-10-17,3471.0,3487.0,3487.0,3380.1,3385.8,3403.35,3432.19,560796,1924758421.5,56093,245396,43.76,-0.019490060501296536
TITAN,EQ,2024-10-18,3403.35,3395.0,3422.35,3296.1,3394.0,3381.45,3368.68,1249585,4209447427.25,115811,441626,35.34,-0.006434836264269106
TITAN,EQ,2024-10-21,3381.45,3417.95,3419.85,3335.5,3355.0,3363.25,3366.48,714746,2406176521.1,81435,307220,42.98,-0.005382306407014648
TITAN,EQ,2024-10-22,3363.25,3374.9,3421.5,3319.25,3330.0,3329.8,3352.35,882086,2957062238.75,80744,372992,42.29,-0.00994573701033219
TITAN,EQ,2024-10-23,3329.8,3330.0,3335.0,3282.5,3289.8,3288.6,3308.31,877837,2904158625.2,87446,481810,54.89,-0.012373115502432697
TITAN,EQ,2024-10-24,3288.6,3301.05,3342.9,3279.2,3336.4,3330.9,3317.56,764369,2535837873.45,76220,402924,52.71,0.01286261631089225
TITAN,EQ,2024-10-25,3330.9,3332.0,3342.35,3232.35,3271.45,3266.55,3270.55,805013,2632837638.6,103742,361999,44.97,-0.019319102945149935
TITAN,EQ,2024-10-28,3266.55,3270.0,3315.0,3254.05,3283.95,3283.05,3288.17,736462,2421609489.75,66122,404038,54.86,0.005051200808192213
TITAN,EQ,2024-10-29,3283.05,3285.8,3298.0,3227.0,3289.0,3283.4,3265.95,702769,2295211634.5,58963,380509,54.14,0.00010660818446250886
TITAN,EQ,2024-10-30,3283.4,3261.0,3321.8,3235.1,3306.95,3308.45,3295.03,895278,2949968950.85,93877,537370,60.02,0.007629286714990524
TITAN,EQ,2024-10-31,3308.45,3291.0,3299.9,3253.6,3277.0,3267.05,3267.13,1170306,3823543033.15,111970,705762,60.31,-0.012513412625247411
TITAN,EQ,2024-11-01,3267.05,3304.0,3317.6,3282.35,3300.0,3293.7,3297.36,176636,582432999.8,20929,86281,48.85,0.00815720604214798
TITAN,EQ,2024-11-04,3293.7,3318.0,3318.0,3190.1,3222.95,3222.0,3220.83,1122152,3614255915.6,135910,534669,47.65,-0.021768831405410305
TITAN,EQ,2024-11-05,3222.0,3206.0,3258.9,3185.0,3235.0,3230.25,3217.14,872402,2806641795.3,74263,288887,33.11,0.0025605214152699673
TITAN,EQ,2024-11-06,3230.25,3145.0,3208.95,3114.0,3183.55,3177.05,3159.06,4522923,14288185047.15,270551,1616332,35.74,-0.016469313520625306
TITAN,EQ,2024-11-07,3177.05,3180.0,3186.05,3108.1,3126.0,3120.85,3133.57,1608603,5040672080.85,146326,923394,57.4,-0.017689365921216282
TITAN,EQ,2024-11-08,3120.85,3121.0,3192.9,3106.0,3183.0,3186.25,3154.83,1719882,5425941569.65,117888,904342,52.58,0.020955829341365417
TITAN,EQ,2024-11-11,3186.25,3191.6,3230.05,3158.25,3203.0,3206.6,3201.94,1054929,3377818672.1,89564,538699,51.06,0.006386818360141211
TITAN,EQ,2024-11-12,3206.6,3201.65,3239.0,3185.0,3187.0,3198.45,3207.62,992983,3185111275.2,73831,600395,60.46,-0.0025416328821805667
TITAN,EQ,2024-11-13,3198.45,3175.0,3221.6,3162.2,3186.35,3187.85,3193.76,911537,2911227312.4,79752,485245,53.23,-0.0033141052697399642
TITAN,EQ,2024-11-14,3187.85,3145.05,3195.15,3136.0,3184.05,3183.7,3164.5,1161637,3676000257.3,114955,654531,56.35,-0.001301817839609809
TITAN,EQ,2024-11-18,3183.7,3183.7,3207.2,3157.5,3170.65,3172.3,3177.48,943251,2997163926.2,126558,585619,62.09,-0.0035807393912742347
TITAN,EQ,2024-11-19,3172.3,3192.0,3283.0,3172.3,3220.0,3224.7,3244.12,1174506,3810238619.6,92094,626417,53.33,0.016517983797244895
TITAN,EQ,2024-11-21,3224.7,3225.0,3233.95,3148.35,3178.95,3178.45,3178.71,1582159,5029223313.55,123325,975016,61.63,-0.014342419449871358
TITAN,EQ,2024-11-22,3178.45,3174.85,3317.0,3152.15,3302.0,3308.7,3267.72,2207527,7213584916.7,136683,1424764,64.54,0.04097909358335028
TITAN,EQ,2024-11-25,3308.7,3360.0,3369.85,3298.05,3318.0,3309.1,3317.23,1892510,6277883657.75,108947,1219424,64.43,0.00012089340224252787
TITAN,EQ,2024-11-26,3309.1,3310.0,3343.75,3295.7,3325.0,3327.5,3320.08,721345,2394924014.4,69407,394844,54.74,0.005560424284548615
TITAN,EQ,2024-11-27,3327.5,3325.0,3329.9,3280.15,3292.0,3291.65,3298.26,732835,2417083280.35,62503,369978,50.49,-0.010773854244928605
TITAN,EQ,2024-11-28,3291.65,3292.0,3305.0,3200.35,3224.8,3212.35,3233.81,1701387,5501968434.75,146152,900272,52.91,-0.0240912612215759
TITAN,EQ,2024-11-29,3212.35,3212.35,3260.0,3212.35,3245.0,3249.0,3245.56,1139585,3698586070.85,102334,683267,59.96,0.01140909303158133
TITAN,EQ,2024-12-02,3249.0,3249.0,3309.9,3222.05,3302.0,3306.85,3283.51,915980,3007632322.85,79049,566132,61.81,0.01780547860880266
TITAN,EQ,2024-12-03,3306.85,3290.0,3338.7,3276.6,3331.0,3332.75,3322.52,1162310,3861792773.85,119085,815275,70.14,0.007832227043863549
TITAN,EQ,2024-12-04,3332.75,3342.0,3383.0,3338.0,3368.0,3364.45,3361.3,1630076,5479174460.3,113802,1168117,71.66,0.009511664541294707
TITAN,EQ,2024-12-05,3364.45,3374.95,3465.4,3353.6,3438.1,3441.05,3418.98,2383630,8149572144.05,156477,1298197,54.46,0.02276746570761956
TITAN,EQ,2024-12-06,3441.05,3453.95,3499.65,3430.0,3467.35,3470.1,3471.63,1278516,4438531336.15,101693,710878,55.6,0.008442190610424172
TITAN,EQ,2024-12-09,3470.1,3467.5,3488.25,3446.9,3466.5,3468.2,3466.61,926422,3211545197.45,84569,582625,62.89,-0.0005475346531800263
TITAN,EQ,2024-12-10,3468.2,3470.0,3516.95,3436.05,3479.9,3475.75,3482.97,1063355,3703637092.8,83557,607461,57.13,0.002176921746150695
TITAN,EQ,2024-12-11,3475.75,3484.75,3490.75,3460.3,3471.8,3473.1,3472.71,554702,1926317334.95,53036,326159,58.8,-0.0007624253758181654
TITAN,EQ,2024-12-12,3473.1,3470.5,3473.1,3412.0,3440.15,3445.75,3440.9,926472,3187896393.6,78691,461276,49.79,-0.007874809248222037
TITAN,EQ,2024-12-13,3445.75,3420.0,3518.0,3380.25,3511.0,3508.85,3459.79,1242351,4298270978.2,109368,697867,56.17,0.018312413843140085
TITAN,EQ,2024-12-16,3508.85,3505.0,3511.0,3429.0,3440.0,3438.2,3448.67,1295227,4466810282.75,112361,877790,67.77,-0.02013480200065554
TITAN,EQ,2024-12-17,3438.2,3422.05,3449.4,3397.6,3406.5,3406.1,3412.96,1005604,3432087342.8,75642,620824,61.74,-0.009336280611948133
TITAN,EQ,2024-12-18,3406.1,3401.2,3424.0,3390.0,3403.85,3401.9,3403.89,646145,2199404078.85,52863,399491,61.83,-0.0012330818237866747
TITAN,EQ,2024-12-19,3401.9,3349.6,3399.95,3332.0,3358.0,3356.85,3364.99,732634,2465306765.55,53341,446237,60.91,-0.013242599723683912
TITAN,EQ,2024-12-20,3356.85,3350.0,3419.0,3333.15,3344.9,3356.25,3370.52,1235769,4165186079.1,96622,642581,52.0,-0.00017873899638054525
TITAN,EQ,2024-12-23,3356.25,3378.1,3406.3,3336.65,3391.35,3396.95,3387.98,691202,2341775122.85,66373,366926,53.09,0.012126629422718693
TITAN,EQ,2024-12-24,3396.95,3385.35,3419.0,3338.2,3359.0,3353.4,3372.29,485245,1636388950.8,59157,174465,35.95,-0.012820324114278914
TITAN,EQ,2024-12-26,3353.4,3365.0,3371.85,3312.65,3314.0,3323.05,3337.51,637094,2126307475.65,65169,375373,58.92,-0.009050515894316158
TITAN,EQ,2024-12-27,3323.05,3319.85,3345.0,3301.1,3310.0,3309.2,3321.89,568989,1890120474.6,44646,370648,65.14,-0.004167857841440914
TITAN,EQ,2024-12-30,3309.2,3309.95,3317.95,3247.45,3257.0,3257.35,3273.16,941859,3082858650.15,56865,657190,69.78,-0.01566843950199437
TITAN,EQ,2024-12-31,3257.35,3250.0,3275.65,3230.8,3254.0,3253.15,3252.74,616440,2005117085.35,59847,401197,65.08,-0.0012893916834235686
TITAN,EQ,2025-01-01,3253.15,3248.0,3269.9,3244.05,3253.95,3253.85,3254.98,357376,1163252543.0,49516,195460,54.69,0.00021517606012633195
TITAN,EQ,2025-01-02,3253.85,3264.0,3400.95,3251.0,3399.9,3388.95,3339.78,1152493,3849068650.9,98727,632912,54.92,0.04152004548457988
TITAN,EQ,2025-01-03,3388.95,3395.0,3481.95,3377.95,3450.0,3451.65,3447.09,1630862,5621728416.85,140337,893369,54.78,0.01850130571415942
TITAN,EQ,2025-01-06,3451.65,3490.0,3528.5,3441.2,3476.5,3470.4,3490.62,2145936,7490641820.45,163209,929866,43.33,0.005432184607361723
TITAN,EQ,2025-01-07,3470.4,3490.0,3576.7,3485.0,3490.9,3505.1,3533.44,2389563,8443382226.0,159776,1182852,49.5,0.00999884739511292
TITAN,EQ,2025-01-08,3505.1,3487.65,3514.5,3391.3,3485.15,3484.05,3451.64,1317377,4547108404.25,110053,657441,49.91,-0.006005534792159928
TITAN,EQ,2025-01-09,3484.05,3485.95,3506.45,3461.55,3489.0,3487.05,3484.27,826237,2878836473.2,73482,455045,55.07,0.0008610668618418416
TITAN,EQ,2025-01-10,3487.05,3462.0,3488.0,3428.75,3439.0,3440.25,3453.68,570060,1968804832.45,64008,272314,47.77,-0.013421086591818399
TITAN,EQ,2025-01-13,3440.25,3380.0,3467.0,3352.5,3384.55,3382.75,3406.58,1282557,4369127555.85,94131,712680,55.57,-0.016713901605987957
TITAN,EQ,2025-01-14,3382.75,3400.0,3429.0,3310.0,3335.0,3322.5,3338.78,1133561,3784711721.55,84328,758574,66.92,-0.01781095262730026
TITAN,EQ,2025-01-15,3322.5,3322.0,3340.5,3283.0,3322.0,3323.5,3306.68,1169593,3867471672.45,86331,734087,62.76,0.00030097817908192326
TITAN,EQ,2025-01-16,3323.5,3327.0,3338.85,3282.0,3321.0,3316.9,3300.98,1170734,3864564001.55,80503,645460,55.13,-0.0019858582819316517
TITAN,EQ,2025-01-17,3316.9,3319.9,3368.0,3285.05,3358.05,3357.4,3338.55,559153,1866760385.9,49956,275359,49.25,0.012210196267599338
TITAN,EQ,2025-01-20,3357.4,3374.1,3407.7,3347.5,3393.0,3382.25,3384.16,722342,2444522674.7,53540,369330,51.13,0.00740156073151832
TITAN,EQ,2025-01-21,3382.25,3400.95,3412.7,3335.15,3364.0,3353.35,3368.38,1016047,3422435903.2,85762,289402,28.48,-0.00854460787937028
TITAN,EQ,2025-01-22,3353.35,3354.8,3385.0,3334.65,3355.0,3356.45,3360.13,598329,2010464271.15,56381,317519,53.07,0.0009244486856427869
TITAN,EQ,2025-01-23,3356.45,3356.45,3433.0,3325.5,3399.3,3398.55,3393.01,713603,2421264041.15,69051,287920,40.35,0.01254301419654702
TITAN,EQ,2025-01-24,3398.55,3407.0,3447.65,3380.45,3398.0,3402.15,3406.34,564244,1922008513.75,50633,234998,41.65,0.0010592752791631632
TITAN,EQ,2025-01-27,3402.15,3388.0,3401.95,3307.25,3312.0,3319.35,3348.23,618309,2070239086.95,60108,358740,58.02,-0.024337551254353884
TITAN,EQ,2025-01-28,3319.35,3319.35,3370.85,3299.55,3329.85,3325.9,3333.91,579957,1933526005.7,69453,239250,41.25,0.001973277900793935
TITAN,EQ,2025-01-29,3325.9,3339.2,3375.0,3309.05,3356.95,3370.75,3355.65,570137,1913182482.65,58151,343617,60.27,0.013485071709913088
TITAN,EQ,2025-01-30,3370.75,3370.65,3390.0,3345.2,3371.65,3368.4,3369.77,688608,2320451065.0,56941,363186,52.74,-0.0006971742193873087
TITAN,EQ,2025-01-31,3368.4,3400.0,3527.45,3392.4,3491.3,3490.25,3486.67,1212261,4226753794.2,122515,518649,42.78,0.03617444484028032
TITAN,EQ,2025-02-01,3490.25,3527.0,3635.15,3408.0,3572.4,3552.0,3512.49,2186692,7680738274.75,132302,745311,34.08,0.01769214239667649
TITAN,EQ,2025-02-03,3552.0,3565.0,3642.55,3551.75,3574.35,3580.3,3596.75,1543897,5553011447.9,142424,780660,50.56,0.00796734234234231
TITAN,EQ,2025-02-04,3580.3,3590.0,3614.0,3520.0,3588.0,3597.7,3573.89,1279779,4573787179.75,146242,590495,46.14,0.004859927938999364
TITAN,EQ,2025-02-05,3597.7,3596.0,3652.0,3472.2,3490.0,3490.9,3525.11,2165947,7635201454.5,158302,614331,28.36,-0.029685632487422398
TITAN,EQ,2025-02-06,3490.9,3490.9,3504.25,3397.85,3413.0,3410.75,3426.27,1059617,3630538717.4,96306,460044,43.42,-0.0229596952075396
TITAN,EQ,2025-02-07,3410.75,3414.9,3453.9,3388.2,3432.85,3424.8,3426.48,740155,2536128148.6,87937,386416,52.21,0.004119328593418015
TITAN,EQ,2025-02-10,3424.8,3415.0,3425.0,3311.0,3325.0,3327.45,3349.36,904436,3029281222.45,86914,557690,61.66,-0.02842501751927129
TITAN,EQ,2025-02-11,3327.45,3334.7,3348.0,3271.6,3284.9,3281.8,3302.83,903965,2985646654.2,91875,466555,51.61,-0.013719214413439595
TITAN,EQ,2025-02-12,3281.8,3282.75,3317.4,3212.6,3258.0,3255.45,3263.3,774619,2527815057.75,96248,369995,47.76,-0.008029130355292957
TITAN,EQ,2025-02-13,3255.45,3250.25,3277.95,3215.2,3230.5,3231.5,3247.61,727243,2361805057.7,67859,349273,48.03,-0.0073568938242024595
TITAN,EQ,2025-02-14,3231.5,3236.3,3253.0,3186.45,3211.0,3213.25,3213.87,587411,1887864280.0,61210,289344,49.26,-0.005647532105833242
TITAN,EQ,2025-02-17,3213.25,3195.25,3238.5,3176.0,3226.6,3233.2,3216.91,712614,2292414904.5,84620,435276,61.08,0.0062086672372208
TITAN,EQ,2025-02-18,3233.2,3234.8,3244.0,3192.3,3219.0,3221.85,3215.97,592636,1905901694.15,57130,360005,60.75,-0.0035104540393418038
TITAN,EQ,2025-02-19,3221.85,3220.0,3253.65,3191.8,3205.8,3210.3,3219.83,521953,1680599297.7,48047,234716,44.97,-0.003584896876018373
TITAN,EQ,2025-02-20,3210.3,3210.0,3218.65,3188.15,3195.0,3191.45,3198.28,653151,2088962159.35,55985,386992,59.25,-0.005871725383920667
TITAN,EQ,2025-02-21,3191.45,3191.45,3205.95,3162.25,3176.0,3179.9,3181.81,407794,1297523450.65,52922,206913,50.74,-0.003619044634883717
TITAN,EQ,2025-02-24,3179.9,3131.0,3187.95,3131.0,3172.0,3173.0,3172.49,431232,1368077841.35,63117,228776,53.05,-0.0021698795559609296
TITAN,EQ,2025-02-25,3173.0,3140.0,3211.5,3136.55,3200.75,3198.8,3191.57,642281,2049883941.2,69880,294410,45.84,0.00813110620863533
TITAN,EQ,2025-02-27,3198.8,3198.8,3228.0,3176.95,3225.0,3223.1,3207.4,604023,1937340769.1,62303,343561,56.88,0.007596598724521675
TITAN,EQ,2025-02-28,3223.1,3202.0,3217.95,3060.0,3087.0,3077.25,3100.15,1322618,4100314628.4,119307,810008,61.24,-0.045251465979957106
TITAN,EQ,2025-03-03,3077.25,3090.0,3102.1,3057.75,3082.55,3082.0,3081.14,516171,1590396127.15,77522,286397,55.48,0.0015435859939880725
TITAN,EQ,2025-03-04,3082.0,3050.0,3070.0,3017.0,3048.95,3048.5,3036.72,1186136,3601957875.55,115832,806353,67.98,-0.010869565217391353
TITAN,EQ,2025-03-05,3048.5,3048.5,3107.45,3035.7,3092.15,3086.55,3084.07,579883,1788397632.1,57473,362824,62.57,0.012481548302443857
TITAN,EQ,2025-03-06,3086.55,3091.2,3131.65,3047.0,3125.0,3121.1,3086.41,1399483,4319371944.8,105110,811030,57.95,0.011193727624694061
TITAN,EQ,2025-03-07,3121.1,3121.1,3124.6,3074.65,3080.0,3079.35,3092.27,1020056,3154284650.15,59320,736184,72.17,-0.013376694114254573
TITAN,EQ,2025-03-10,3079.35,3080.0,3083.0,3021.1,3027.6,3026.8,3041.98,855408,2602133629.5,86076,562088,65.71,-0.01706528975270749
TITAN,EQ,2025-03-11,3026.8,3015.0,3055.9,3010.0,3053.9,3046.4,3040.14,576260,1751909672.55,59513,252379,43.8,0.00647548566142464
TITAN,EQ,2025-03-12,3046.4,3037.4,3053.8,2996.05,3019.35,3018.95,3022.0,489535,1479375521.15,70066,291738,59.59,-0.00901063550420178
TITAN,EQ,2025-03-13,3018.95,3019.4,3049.5,3000.3,3005.0,3010.15,3017.81,785215,2369628694.85,73946,461798,58.81,-0.002914920750591965
TITAN,EQ,2025-03-17,3010.15,2985.05,3036.4,2985.05,3016.4,3017.35,3015.38,632348,1906771489.35,57116,417200,65.98,0.002391907380030922
TITAN,EQ,2025-03-18,3017.35,3030.75,3088.0,3015.4,3088.0,3081.7,3061.34,865951,2650973987.65,83506,509167,58.8,0.021326660811639364
TITAN,EQ,2025-03-19,3081.7,3088.05,3095.0,3058.2,3077.0,3076.3,3074.13,730983,2247133157.55,63305,496494,67.92,-0.0017522795859427065
TITAN,EQ,2025-03-20,3076.3,3100.0,3205.0,3080.0,3183.05,3193.1,3170.04,1542807,4890760482.45,118687,665877,43.16,0.03796768845691245
TITAN,EQ,2025-03-21,3193.1,3186.95,3190.0,3154.95,3166.75,3162.7,3168.29,1181974,3744834772.9,88848,735514,62.23,-0.009520528639879733
TITAN,EQ,2025-03-24,3162.7,3168.2,3175.95,3075.0,3076.0,3079.1,3091.72,1481216,4579512412.5,122732,805589,54.39,-0.02643311094950518
TITAN,EQ,2025-03-25,3079.1,3085.0,3099.95,3046.0,3048.3,3053.7,3067.41,1174346,3602199434.75,105972,654291,55.72,-0.008249163716670505
TITAN,EQ,2025-03-26,3053.7,3068.95,3077.75,3034.55,3060.0,3057.5,3058.36,1010449,3090321629.8,85568,606344,60.01,0.0012443920489897398
TITAN,EQ,2025-03-27,3057.5,3047.55,3097.7,3047.55,3091.4,3087.65,3079.63,1635143,5035642166.1,92761,1061362,64.91,0.009860997547015637
TITAN,EQ,2025-03-28,3087.65,3094.0,3111.8,3051.05,3062.0,3063.35,3079.14,778417,2396856499.8,64248,420793,54.06,-0.007870062992891058
TITAN,EQ,2025-04-01,3063.35,3053.7,3075.7,2982.0,2988.45,2986.95,3008.79,1068622,3215255258.05,101127,569875,53.33,-0.024940016648440477
TITAN,EQ,2025-04-02,2986.95,3011.0,3105.0,2971.15,3102.3,3098.45,3057.3,1674921,5120733421.55,88599,846818,50.56,0.037329048025577904
TITAN,EQ,2025-04-03,3098.45,3071.0,3151.0,3068.0,3125.0,3127.55,3129.58,1115568,3491260055.15,68566,611875,54.85,0.00939179267052892
TITAN,EQ,2025-04-04,3127.55,3099.0,3114.9,3050.0,3078.0,3076.2,3083.14,901801,2780382869.15,53461,581050,64.43,-0.016418602420425032
TITAN,EQ,2025-04-07,3076.2,2925.0,3048.0,2925.0,3046.1,3022.2,2996.48,1378989,4132119551.3,120442,722683,52.41,-0.017554125219426564
TITAN,EQ,2025-04-08,3022.2,3149.7,3227.25,3101.0,3124.35,3122.3,3148.82,2830156,8911641410.85,187521,984938,34.8,0.03312156707034619
TITAN,EQ,2025-04-09,3122.3,3137.85,3188.25,3090.7,3178.95,3174.15,3161.41,1215988,3844240464.05,144003,666571,54.82,0.01660634788457216
TITAN,EQ,2025-04-11,3174.15,3222.0,3242.55,3201.25,3234.0,3234.9,3226.11,814920,2629019827.55,80813,475166,58.31,0.019138982089693224
TITAN,EQ,2025-04-15,3234.9,3270.0,3285.0,3245.1,3271.0,3273.4,3271.44,1121769,3669803668.1,79464,781538,69.67,0.01190144981297725
TITAN,EQ,2025-04-16,3273.4,3250.0,3286.0,3245.1,3269.7,3272.1,3268.42,889943,2908711519.6,90706,592560,66.58,-0.0003971405877680745
TITAN,EQ,2025-04-17,3272.1,3250.0,3334.8,3211.2,3322.0,3327.5,3288.54,1083612,3563498012.8,98982,481458,44.43,0.016931022890498415
TITAN,EQ,2025-04-21,3327.5,3314.0,3353.5,3290.0,3345.0,3336.1,3329.4,672129,2237788941.1,65177,325190,48.38,0.0025845229151013616
TITAN,EQ,2025-04-22,3336.1,3336.1,3358.8,3320.1,3341.3,3337.4,3337.73,609213,2033387516.9,53198,326344,53.57,0.0003896765684483494
TITAN,EQ,2025-04-23,3337.4,3357.0,3373.7,3315.5,3350.3,3357.3,3347.94,628656,2104701302.5,57955,339551,54.01,0.005962725474920605
TITAN,EQ,2025-04-24,3357.3,3356.8,3395.0,3344.0,3387.0,3382.6,3374.4,901747,3042853754.4,55946,560530,62.16,0.00753581747237364
TITAN,EQ,2025-04-25,3382.6,3382.6,3419.5,3316.0,3357.0,3365.2,3364.77,704325,2369889835.8,56990,392780,55.77,-0.0051439720924733034
TITAN,EQ,2025-04-28,3365.2,3356.0,3397.4,3351.0,3369.9,3369.1,3374.56,384147,1296325533.1,44189,198967,51.79,0.0011589207179365513
TITAN,EQ,2025-04-29,3369.1,3375.9,3398.0,3354.0,3375.2,3378.6,3378.78,575435,1944270229.7,57300,325186,56.51,0.002819744145320602
TITAN,EQ,2025-04-30,3378.6,3374.0,3409.0,3354.3,3356.3,3379.7,3386.38,708818,2400328199.2,56811,420681,59.35,0.00032557864204108
TITAN,EQ,2025-05-02,3379.7,3362.1,3381.5,3324.0,3330.0,3341.0,3350.1,668467,2239431081.3,80561,370181,55.38,-0.01145072047814888
TITAN,EQ,2025-05-05,3341.0,3357.7,3408.5,3307.0,3315.0,3321.8,3350.37,565178,1893554061.9,51968,281891,49.88,-0.005746782400478878
TITAN,EQ,2025-05-06,3321.8,3321.8,3325.3,3245.5,3291.0,3299.3,3281.15,650789,2135339392.1,63207,235008,36.11,-0.0067734360888674905
TITAN,EQ,2025-05-07,3299.3,3280.0,3381.0,3260.2,3338.0,3338.9,3332.39,1047443,3490492196.1,69814,497327,47.48,0.01200254599460493
TITAN,EQ,2025-05-08,3338.9,3349.9,3412.5,3325.0,3345.0,3369.3,3373.34,1597339,5388367799.2,111344,718589,44.99,0.00910479499236283
TITAN,EQ,2025-05-09,3369.3,3367.0,3530.0,3354.2,3509.9,3510.3,3496.81,2863992,10014833930.6,204685,950398,33.18,0.04184845516872948
TITAN,EQ,2025-05-12,3510.3,3537.2,3585.0,3530.3,3567.0,3562.9,3561.9,956930,3408490656.7,79243,481442,50.31,0.014984474261459102
TITAN,EQ,2025-05-13,3562.9,3562.9,3588.4,3540.1,3556.0,3563.2,3561.6,996541,3549280743.3,91133,521597,52.34,8.420107216022821e-05
TITAN,EQ,2025-05-14,3563.2,3555.0,3610.0,3550.0,3585.2,3587.6,3586.87,588159,2109652660.9,49709,351014,59.68,0.006847777278850442
TITAN,EQ,2025-05-15,3587.6,3597.0,3665.0,3553.9,3628.8,3636.8,3619.48,1227751,4443814864.6,98154,554981,45.2,0.013713903445200293
TITAN,EQ,2025-05-16,3636.8,3654.0,3655.9,3613.4,3633.2,3633.7,3630.78,525064,1906389308.6,40579,313590,59.72,-0.0008523977122746329
TITAN,EQ,2025-05-19,3633.7,3617.0,3649.5,3611.4,3612.0,3617.7,3627.37,376760,1366648570.1,50988,252871,67.12,-0.004403225362578089
TITAN,EQ,2025-05-20,3617.7,3617.7,3620.0,3575.1,3579.4,3580.6,3593.71,811416,2915991036.4,63401,588089,72.48,-0.010255134477706762
TITAN,EQ,2025-05-21,3580.6,3570.0,3623.1,3567.3,3584.0,3580.5,3588.62,415016,1489335907.2,35704,202872,48.88,-2.7928280176503506e-05
TITAN,EQ,2025-05-22,3580.5,3565.0,3575.0,3516.1,3550.8,3541.0,3540.38,709846,2513121336.5,57639,424828,59.85,-0.011031978773914264
TITAN,EQ,2025-05-23,3541.0,3531.0,3606.3,3523.0,3579.0,3579.7,3576.65,416717,1490448831.0,40811,240863,57.8,0.010929116068907119
TITAN,EQ,2025-05-26,3579.7,3576.0,3640.0,3570.4,3614.4,3610.3,3610.92,525514,1897587778.8,58759,257607,49.02,0.00854820236332654
TITAN,EQ,2025-05-27,3610.3,3615.0,3639.0,3562.2,3589.6,3589.4,3588.33,1019733,3659137821.5,113185,460207,45.13,-0.0057889926044927265
TITAN,EQ,2025-05-28,3589.4,3595.0,3601.6,3545.0,3572.0,3574.7,3571.58,449324,1604797879.4,36449,216513,48.19,-0.004095391987518848
TITAN,EQ,2025-05-29,3574.7,3580.0,3600.0,3560.1,3600.0,3588.3,3582.16,513095,1837989558.5,40146,293148,57.13,0.0038045150642012082
TITAN,EQ,2025-05-30,3588.3,3580.0,3605.0,3542.1,3550.0,3555.0,3564.53,962944,3432446825.5,49315,668769,69.45,-0.009280160521695557
TITAN,EQ,2025-06-02,3555.0,3525.1,3542.0,3475.9,3534.9,3525.5,3512.05,726392,2551124749.7,53984,417707,57.5,-0.008298171589310788
TITAN,EQ,2025-06-03,3525.5,3525.5,3580.0,3503.5,3521.0,3519.8,3524.65,676943,2385984927.6,65935,341278,50.41,-0.001616791944405005
TITAN,EQ,2025-06-04,3519.8,3506.1,3519.8,3486.0,3498.7,3499.8,3501.24,410354,1436747340.5,38244,234856,57.23,-0.005682141030740384
TITAN,EQ,2025-06-05,3499.8,3498.7,3535.0,3474.2,3502.4,3504.0,3504.79,608651,2133196612.4,56202,306422,50.34,0.0012000685753470464
TITAN,EQ,2025-06-06,3504.0,3524.0,3570.9,3486.2,3561.9,3559.9,3541.14,602422,2133263196.4,44834,268961,44.65,0.015953196347032073
TITAN,EQ,2025-06-09,3559.9,3564.8,3580.0,3521.2,3533.9,3533.9,3542.12,540262,1913674011.2,56193,304337,56.33,-0.007303575943144458
TITAN,EQ,2025-06-10,3533.9,3545.0,3545.0,3506.1,3523.8,3524.2,3523.84,561695,1979321023.5,56305,320675,57.09,-0.0027448428082289533
TITAN,EQ,2025-06-11,3524.2,3525.0,3549.0,3505.0,3534.7,3541.6,3525.77,505077,1780784441.6,44670,310532,61.48,0.0049372907326485915
TITAN,EQ,2025-06-12,3541.6,3548.0,3559.8,3445.5,3448.9,3452.7,3488.45,811822,2832004470.3,68748,480001,59.13,-0.025101648972216006
TITAN,EQ,2025-06-13,3452.7,3409.7,3440.8,3383.0,3420.0,3421.9,3421.14,821750,2811325479.6,55825,509490,62.0,-0.008920554928027236
TITAN,EQ,2025-06-16,3421.9,3411.0,3453.7,3396.2,3437.1,3438.1,3431.65,534665,1834780596.1,45834,352571,65.94,0.004734211987492243
TITAN,EQ,2025-06-17,3438.1,3428.0,3437.6,3395.4,3406.4,3405.7,3409.47,1000345,3410641806.1,74325,739034,73.88,-0.009423809662313487
TITAN,EQ,2025-06-18,3405.7,3406.0,3480.0,3390.0,3478.8,3467.8,3438.07,972739,3344341902.6,70473,619287,63.66,0.018234136888158226
TITAN,EQ,2025-06-19,3467.8,3478.8,3521.6,3467.8,3500.2,3505.4,3505.53,1022566,3584637805.9,85489,420469,41.12,0.010842609147009519
TITAN,EQ,2025-06-20,3505.4,3500.0,3545.0,3489.0,3510.4,3519.0,3519.36,2941214,10351190183.9,114378,2442549,83.05,0.0038797284190106307
TITAN,EQ,2025-06-23,3519.0,3480.2,3528.5,3473.0,3502.9,3505.7,3495.86,643325,2248975836.0,47761,323844,50.34,-0.0037794828076158637
TITAN,EQ,2025-06-24,3505.7,3523.1,3567.0,3506.1,3539.0,3526.0,3534.12,968797,3423848127.3,98270,463313,47.82,0.0057905696437230425
TITAN,EQ,2025-06-25,3526.0,3550.0,3665.0,3550.0,3655.0,3652.2,3632.71,2697912,9800722482.3,148940,1305288,48.38,0.03579126488939299
TITAN,EQ,2025-06-26,3652.2,3655.0,3700.5,3644.0,3694.6,3694.7,3680.02,1620497,5963460137.4,88763,809778,49.97,0.011636821641750172
TITAN,EQ,2025-06-27,3694.7,3700.0,3709.1,3659.5,3669.5,3666.2,3673.76,601285,2208973974.6,67828,305574,50.82,-0.0077137521314315505
TITAN,EQ,2025-06-30,3666.2,3666.2,3698.5,3652.0,3688.0,3690.2,3680.66,921775,3392736425.0,79644,662154,71.83,0.006546287709344734
TITAN,EQ,2025-07-01,3690.2,3699.0,3726.5,3667.0,3697.0,3700.5,3703.3,947173,3507661875.6,67562,655398,69.2,0.002791176629993064
TITAN,EQ,2025-07-02,3700.5,3705.0,3721.9,3689.0,3707.0,3708.0,3706.02,583514,2162515600.1,46027,349906,59.97,0.0020267531414672746
TITAN,EQ,2025-07-03,3708.0,3702.0,3712.9,3672.2,3684.0,3678.7,3690.25,528710,1951071711.2,64998,311695,58.95,-0.007901833872707709
TITAN,EQ,2025-07-04,3678.7,3666.0,3690.1,3645.1,3684.0,3686.9,3668.61,629926,2310955899.4,55072,396394,62.93,0.00222904830510795
TITAN,EQ,2025-07-07,3686.9,3675.5,3696.0,3647.9,3670.0,3666.1,3664.83,829472,3039873515.8,65557,612933,73.89,-0.005641595920692244
TITAN,EQ,2025-07-08,3666.1,3581.8,3581.8,3435.0,3440.0,3441.3,3472.97,3952270,13726107743.7,294383,1824711,46.17,-0.06131856741496411
TITAN,EQ,2025-07-09,3441.3,3441.3,3461.5,3420.6,3431.0,3432.1,3436.17,1868271,6419688359.4,118992,1246810,66.74,-0.002673408305001068
TITAN,EQ,2025-07-10,3432.1,3432.1,3445.0,3414.0,3414.9,3419.8,3427.43,496586,1702012571.9,45487,276513,55.68,-0.0035838116604993697
TITAN,EQ,2025-07-11,3419.8,3408.0,3422.2,3357.0,3361.0,3361.6,3384.57,856956,2900430166.6,79607,547300,63.87,-0.017018539095853602
TITAN,EQ,2025-07-14,3361.6,3372.0,3410.0,3344.0,3402.0,3404.7,3380.37,755781,2554819682.6,59598,443427,58.67,0.01282127558305568
TITAN,EQ,2025-07-15,3404.7,3418.0,3422.0,3387.7,3416.0,3415.0,3408.76,686088,2338708389.1,59160,425740,62.05,0.003025229829353604
TITAN,EQ,2025-07-16,3415.0,3417.0,3422.2,3388.5,3418.0,3417.3,3409.55,669532,2282803318.1,59314,460645,68.8,0.0006734992679355845
TITAN,EQ,2025-07-17,3417.3,3418.4,3448.0,3416.5,3429.9,3433.3,3435.39,559482,1922041447.0,44190,350583,62.66,0.004682058935416844
TITAN,EQ,2025-07-18,3433.3,3444.0,3444.0,3392.0,3398.0,3402.9,3409.47,293360,1000203582.2,31622,138526,47.22,-0.008854454897620379
TITAN,EQ,2025-07-21,3402.9,3391.0,3439.1,3365.2,3428.0,3433.0,3413.52,561799,1917713994.9,53659,310147,55.21,0.00884539657351091
TITAN,EQ,2025-07-22,3433.0,3450.0,3490.0,3430.3,3469.5,3472.4,3470.55,1752275,6081349950.2,105404,968691,55.28,0.011476842411884736
TITAN,EQ,2025-07-23,3472.4,3472.4,3481.9,3444.0,3467.5,3471.4,3468.11,584590,2027424777.4,34275,369983,63.29,-0.00028798525515494333
TITAN,EQ,2025-07-24,3471.4,3467.4,3489.8,3458.0,3476.3,3484.4,3480.44,630718,2195174989.9,41481,357773,56.72,0.0037448867891916038
TITAN,EQ,2025-07-25,3484.4,3476.4,3480.0,3447.0,3451.2,3462.8,3467.4,624410,2165076881.0,42642,342163,54.8,-0.006199058661462531
TITAN,EQ,2025-07-28,3462.8,3453.0,3462.6,3382.0,3385.0,3393.0,3407.88,603916,2058075882.5,61598,307734,50.96,-0.020157098301952225
TITAN,EQ,2025-07-29,3393.0,3390.0,3397.0,3355.6,3380.0,3379.2,3375.18,511042,1724860507.5,40529,290465,56.84,-0.00406719717064552
TITAN,EQ,2025-07-30,3379.2,3380.0,3393.5,3345.3,3371.0,3376.5,3366.98,443735,1494046001.2,48883,228804,51.56,-0.0007990056818181213
TITAN,EQ,2025-07-31,3376.5,3340.0,3364.5,3315.5,3340.0,3347.3,3346.4,553157,1851084869.5,50336,290799,52.57,-0.008648008292610587
TITAN,EQ,2025-08-01,3347.3,3340.0,3347.3,3307.0,3313.0,3316.0,3325.94,422977,1406795580.8,46880,226401,53.53,-0.009350820063932175
TITAN,EQ,2025-08-04,3316.0,3315.0,3365.0,3308.1,3350.6,3356.3,3349.37,450434,1508668729.0,45684,283116,62.85,0.012153196622436635
TITAN,EQ,2025-08-05,3356.3,3356.3,3443.0,3348.0,3424.0,3418.2,3405.18,837335,2851277681.8,77406,375557,44.85,0.018442928224532862
TITAN,EQ,2025-08-06,3418.2,3437.0,3462.4,3400.0,3400.0,3417.7,3435.77,635456,2183282475.6,43079,344228,54.17,-0.00014627581768178466
TITAN,EQ,2025-08-07,3417.7,3380.0,3437.0,3377.7,3402.0,3415.7,3409.15,509599,1737297483.0,49384,179850,35.29,-0.000585188869707709
TITAN,EQ,2025-08-08,3415.7,3450.1,3489.8,3403.1,3466.7,3460.2,3456.71,2184271,7550381270.8,138094,688632,31.53,0.01302807623620339
TITAN,EQ,2025-08-11,3460.2,3473.0,3487.3,3402.8,3460.0,3467.9,3455.67,563586,1947567434.8,61427,209666,37.2,0.0022253048956708543
TITAN,EQ,2025-08-12,3467.9,3467.9,3534.0,3460.1,3485.0,3486.8,3503.83,929276,3256025233.0,76835,427385,45.99,0.005449984140257769
TITAN,EQ,2025-08-13,3486.8,3486.8,3494.9,3463.2,3471.8,3466.8,3476.57,360474,1253213962.0,45421,165753,45.98,-0.005735918320523115
TITAN,EQ,2025-08-14,3466.8,3476.5,3505.8,3464.1,3485.0,3489.4,3487.21,597987,2085306432.3,48281,338496,56.61,0.0065189800392291275
TITAN,EQ,2025-08-18,3489.4,3496.0,3574.8,3493.5,3554.1,3554.8,3540.47,1253006,4436225939.5,83655,834235,66.58,0.018742477216713516
TITAN,EQ,2025-08-19,3554.8,3555.0,3577.3,3545.0,3564.0,3568.1,3562.35,537433,1914524366.1,48431,287229,53.44,0.003741420051760924
TITAN,EQ,2025-08-20,3568.1,3560.0,3602.9,3552.0,3591.3,3595.0,3584.84,517031,1853474152.9,50295,308086,59.59,0.007539026372579194
TITAN,EQ,2025-08-21,3595.0,3595.0,3625.0,3588.2,3616.3,3616.3,3611.61,673486,2432371737.0,37233,461552,68.53,0.005924895688456333
TITAN,EQ,2025-08-22,3616.3,3616.3,3641.4,3607.7,3618.9,3621.0,3621.48,691835,2505467151.9,38741,459281,66.39,0.001299670934380437
TITAN,EQ,2025-08-25,3621.0,3629.7,3669.6,3615.5,3648.7,3651.4,3651.16,700503,2557651767.7,54278,495378,70.72,0.008395470864402066
TITAN,EQ,2025-08-26,3651.4,3662.8,3672.8,3589.1,3599.0,3594.0,3619.3,960778,3477340332.8,71086,545543,56.78,-0.015719997809059527
TITAN,EQ,2025-08-28,3594.0,3552.1,3650.9,3552.1,3632.0,3637.7,3627.64,989246,3588631886.5,85608,521221,52.69,0.0121591541457986
TITAN,EQ,2025-08-29,3637.7,3637.7,3642.0,3603.6,3620.2,3628.8,3620.9,660956,2393258462.9,68433,444345,67.23,-0.002446600874178695
TITAN,EQ,2025-09-01,3628.8,3631.0,3653.4,3610.4,3618.0,3618.6,3626.86,297533,1079110005.9,35574,140565,47.24,-0.002810846560846625
TITAN,EQ,2025-09-02,3618.6,3614.0,3655.8,3606.1,3612.2,3620.6,3631.36,536300,1947498068.7,48079,251481,46.89,0.0005526999392029275
TITAN,EQ,2025-09-03,3620.6,3605.0,3697.9,3590.0,3688.0,3690.6,3670.22,791874,2906352540.5,49550,476002,60.11,0.019333812075346568
TITAN,EQ,2025-09-04,3690.6,3740.0,3740.0,3676.8,3678.0,3691.1,3696.04,635811,2349980953.5,52751,342540,53.87,0.0001354793258547815
TITAN,EQ,2025-09-05,3691.1,3695.0,3700.0,3660.0,3660.0,3665.3,3676.16,454120,1669419775.4,32055,314114,69.17,-0.006989786242583396
TITAN,EQ,2025-09-08,3665.3,3653.0,3683.6,3640.0,3669.0,3658.0,3664.66,548987,2011851119.1,44129,377608,68.78,-0.0019916514337162683
TITAN,EQ,2025-09-09,3658.0,3667.8,3667.8,3619.2,3635.0,3630.1,3632.28,428367,1555950730.6,46263,260933,60.91,-0.007627118644067843
TITAN,EQ,2025-09-10,3630.1,3632.0,3648.7,3608.2,3619.8,3620.6,3619.53,408800,1479665847.1,34029,271463,66.4,-0.002617007795928439
TITAN,EQ,2025-09-11,3620.6,3620.0,3644.0,3580.0,3580.0,3584.2,3593.62,495417,1780338136.6,49299,300706,60.7,-0.010053582279180295
TITAN,EQ,2025-09-12,3584.2,3589.9,3598.2,3563.9,3565.5,3571.9,3579.92,275049,984653378.1,37752,151020,54.91,-0.0034317281401706756
TITAN,EQ,2025-09-15,3571.9,3556.0,3576.5,3515.0,3531.9,3534.1,3539.83,362285,1282427021.8,40232,192662,53.18,-0.010582603096391363
TITAN,EQ,2025-09-16,3534.1,3525.0,3570.3,3502.0,3560.0,3556.8,3534.51,724742,2561611250.4,55480,443053,61.13,0.0064231346028693626
TITAN,EQ,2025-09-17,3556.8,3561.9,3572.7,3513.2,3524.6,3523.0,3529.86,659866,2329236812.3,43888,341634,51.77,-0.009502923976608235
TITAN,EQ,2025-09-18,3523.0,3530.0,3546.0,3503.4,3511.5,3511.3,3521.66,829442,2921015504.5,61476,573024,69.09,-0.0033210332103320583
TITAN,EQ,2025-09-19,3511.3,3504.0,3511.3,3460.0,3470.0,3467.2,3469.72,2337255,8109623285.8,93982,1925699,82.39,-0.012559450915615389
TITAN,EQ,2025-09-22,3467.2,3458.2,3477.0,3440.0,3455.0,3457.5,3456.8,817833,2827085688.6,65974,549444,67.18,-0.0027976465159206265
TITAN,EQ,2025-09-23,3457.5,3465.2,3465.3,3405.0,3439.3,3439.2,3432.6,1144975,3930244874.2,63052,743215,64.91,-0.005292841648590119
TITAN,EQ,2025-09-24,3439.2,3430.0,3437.4,3411.0,3411.0,3418.3,3422.39,690454,2363001895.5,50758,533682,77.29,-0.00607699464991851
TITAN,EQ,2025-09-25,3418.3,3408.0,3419.9,3370.0,3388.7,3378.5,3382.41,1139904,3855625215.7,88587,743001,65.18,-0.011643214463329832
TITAN,EQ,2025-09-26,3378.5,3387.7,3402.0,3303.1,3333.0,3327.3,3335.36,7524068,25095467512.4,87123,6881771,91.46,-0.015154654432440351
TITAN,EQ,2025-09-29,3327.3,3327.0,3418.0,3327.0,3417.0,3401.2,3382.02,1452636,4912838813.8,103274,1038864,71.52,0.022210200462837726
TITAN,EQ,2025-09-30,3401.2,3452.0,3474.5,3355.0,3372.9,3367.0,3399.11,1733728,5893138448.1,110770,1129729,65.16,-0.010055274608961495
TITAN,EQ,2025-10-01,3367.0,3370.0,3414.9,3351.0,3404.8,3408.3,3384.57,798754,2703435345.2,77101,487658,61.05,0.012266112266112295
TITAN,EQ,2025-10-03,3408.3,3379.9,3459.0,3378.0,3450.0,3453.3,3418.12,1655328,5658103027.7,77070,1095947,66.21,0.013203063110641677
TITAN,EQ,2025-10-06,3453.3,3453.3,3459.3,3401.0,3425.0,3425.4,3422.84,1184781,4055320446.5,79862,770734,65.05,-0.008079228563982355
TITAN,EQ,2025-10-07,3425.4,3425.0,3445.9,3411.0,3419.0,3418.2,3431.85,996165,3418684038.4,58141,687056,68.97,-0.0021019442984762104
TITAN,EQ,2025-10-08,3418.2,3474.0,3580.0,3460.0,3565.0,3565.6,3554.91,4531362,16108598088.7,209805,1863549,41.13,0.043122111052600776
TITAN,EQ,2025-10-09,3565.6,3559.8,3561.7,3526.4,3544.0,3550.6,3545.87,597739,2119505760.8,73798,304894,51.01,-0.004206865604666765
TITAN,EQ,2025-10-10,3550.6,3548.9,3571.7,3523.3,3529.0,3531.9,3549.47,825274,2929282600.1,60797,526664,63.82,-0.005266715484706808
TITAN,EQ,2025-10-13,3531.9,3518.0,3545.0,3509.5,3532.9,3533.6,3529.62,606122,2139382956.4,50849,374793,61.83,0.0004813273308983401
TITAN,EQ,2025-10-14,3533.6,3533.0,3549.4,3506.5,3528.0,3537.4,3524.68,925998,3263844837.6,73194,576071,62.21,0.0010753905365632477
TITAN,EQ,2025-10-15,3537.4,3532.9,3561.9,3511.0,3543.2,3549.0,3542.64,1005045,3560511918.0,62931,585379,58.24,0.0032792446429581457
TITAN,EQ,2025-10-16,3549.0,3549.0,3652.0,3540.0,3636.0,3640.3,3630.09,1528118,5547203279.4,108363,727904,47.63,0.02572555649478736
TITAN,EQ,2025-10-17,3640.3,3635.0,3715.0,3633.0,3670.0,3674.8,3687.22,1123500,4142593242.7,79482,592230,52.71,0.009477240886740068
TITAN,EQ,2025-10-20,3674.8,3680.0,3749.9,3676.2,3737.9,3737.2,3714.09,707974,2629479551.7,65105,386303,54.56,0.016980515946446006
TITAN,EQ,2025-10-21,3737.2,3737.2,3746.0,3719.0,3743.3,3729.0,3733.71,156306,583601050.8,11529,91765,58.72,-0.0021941560526597126
TITAN,EQ,2025-10-23,3729.0,3765.0,3800.0,3738.3,3763.3,3772.3,3771.34,1622402,6118622056.8,132329,844376,52.04,0.011611692142665664
TITAN,EQ,2025-10-24,3772.3,3775.0,3781.0,3706.1,3718.0,3714.9,3724.38,563296,2097928277.8,55383,373989,66.39,-0.015216181109667826
TITAN,EQ,2025-10-27,3714.9,3714.0,3753.9,3710.0,3733.0,3739.8,3735.78,856124,3198287834.5,66145,599885,70.07,0.0067027376241621806
TITAN,EQ,2025-10-28,3739.8,3750.0,3770.0,3688.1,3737.0,3717.0,3715.96,1482961,5510618181.3,88448,777080,52.4,-0.006096582704957498
TITAN,EQ,2025-10-29,3717.0,3734.2,3753.5,3714.2,3742.0,3748.3,3739.07,789557,2952206172.8,53913,522603,66.19,0.008420769437718745
TITAN,EQ,2025-10-30,3748.3,3745.0,3773.9,3720.1,3753.4,3750.7,3747.68,544151,2039303251.4,45411,293037,53.85,0.0006402902649200737
TITAN,EQ,2025-10-31,3750.7,3758.9,3783.0,3739.5,3743.1,3746.7,3758.79,900994,3386649048.0,50278,534094,59.28,-0.0010664675927160028
TITAN,EQ,2025-11-03,3746.7,3730.0,3762.0,3667.3,3731.4,3724.5,3721.2,1119367,4165389760.6,73994,561646,50.18,-0.0059252141884857945
TITAN,EQ,2025-11-04,3724.5,3724.5,3827.0,3715.0,3810.0,3813.5,3796.02,2524600,9583431974.6,145802,845390,33.49,0.023895824942945287
TITAN,EQ,2025-11-06,3813.5,3780.0,3837.7,3761.6,3770.0,3774.4,3792.65,927231,3516664336.0,66738,437216,47.15,-0.010253048380752583
TITAN,EQ,2025-11-07,3774.4,3766.0,3792.0,3736.0,3768.0,3769.3,3769.48,728998,2747940771.3,44483,466336,63.97,-0.0013512081390419928
TITAN,EQ,2025-11-10,3769.3,3788.0,3815.0,3769.3,3800.0,3803.0,3799.84,599567,2278258786.5,38351,378359,63.11,0.008940652110471348
TITAN,EQ,2025-11-11,3803.0,3810.5,3820.0,3752.1,3809.1,3812.4,3792.6,668789,2536448558.5,42317,409536,61.24,0.002471732842492802
TITAN,EQ,2025-11-12,3812.4,3838.0,3877.0,3804.2,3834.0,3851.1,3854.93,805025,3103315362.4,77241,448946,55.77,0.010151085930122816
TITAN,EQ,2025-11-13,3851.1,3860.0,3867.9,3817.0,3839.3,3839.2,3839.26,668623,2567019950.8,46378,434428,64.97,-0.0030900262262730793
TITAN,EQ,2025-11-14,3839.2,3839.2,3854.7,3800.0,3816.1,3829.2,3822.33,575050,2198029846.2,52894,367358,63.88,-0.0026047093144404565
TITAN,EQ,2025-11-17,3829.2,3848.0,3874.3,3821.5,3863.9,3868.6,3859.27,504928,1948651813.8,36355,283181,56.08,0.010289355478951157
TITAN,EQ,2025-11-18,3868.6,3865.0,3900.0,3841.6,3885.0,3879.2,3869.17,849966,3288662094.7,42250,613854,72.22,0.0027400093056919594
TITAN,EQ,2025-11-19,3879.2,3882.9,3940.5,3862.4,3934.8,3933.1,3914.0,1578123,6176770099.9,76028,1114983,70.65,0.013894617446896351
TITAN,EQ,2025-11-20,3933.1,3950.0,3956.0,3895.0,3900.0,3902.4,3926.19,762391,2993294005.0,63827,493278,64.7,-0.007805547786733036
TITAN,EQ,2025-11-21,3902.4,3901.0,3925.0,3882.1,3902.1,3904.2,3906.36,383311,1497352037.7,43858,193714,50.54,0.00046125461254598044
TITAN,EQ,2025-11-24,3904.2,3915.5,3937.2,3865.0,3892.2,3874.3,3885.15,1258036,4887661579.7,68977,899345,71.49,-0.007658419138363737
TITAN,EQ,2025-11-25,3874.3,3874.4,3908.4,3845.0,3847.1,3855.1,3872.42,680366,2634660808.6,48164,430703,63.3,-0.004955733939034257
TITAN,EQ,2025-11-26,3855.1,3845.0,3914.5,3843.5,3899.6,3897.7,3893.74,364592,1419624757.8,43153,171792,47.12,0.011050297009156607
TITAN,EQ,2025-11-27,3897.7,3900.6,3927.0,3875.1,3907.5,3903.3,3907.77,542241,2118952439.5,50635,269182,49.64,0.001436744746902141
TITAN,EQ,2025-11-28,3903.3,3906.2,3934.9,3896.5,3900.0,3907.7,3913.89,574817,2249770708.4,51721,342804,59.64,0.0011272513001818751
TITAN,EQ,2025-12-01,3907.7,3907.7,3910.7,3861.3,3888.0,3894.9,3884.58,603073,2342686154.5,54745,363148,60.22,-0.003275584103180851
TITAN,EQ,2025-12-02,3894.9,3875.0,3899.6,3867.5,3886.5,3885.8,3883.61,661018,2567138009.5,56435,422107,63.86,-0.002336388610747364
TITAN,EQ,2025-12-03,3885.8,3870.0,3880.0,3785.9,3820.0,3817.8,3834.25,770638,2954821683.9,63741,444923,57.73,-0.01749961397910338
TITAN,EQ,2025-12-04,3817.8,3805.0,3830.0,3778.0,3794.0,3800.4,3806.67,776693,2956613836.4,68347,565801,72.85,-0.004557598617004555
TITAN,EQ,2025-12-05,3800.4,3777.0,3828.0,3777.0,3813.0,3813.3,3815.44,508448,1939955053.2,33788,335608,66.01,0.0033943795389959064
TITAN,EQ,2025-12-08,3813.3,3796.3,3825.0,3758.1,3760.5,3767.0,3792.22,545864,2070035083.9,80449,348418,63.83,-0.012141714525476632
TITAN,EQ,2025-12-09,3767.0,3775.0,3874.0,3751.0,3840.1,3849.0,3834.45,1121068,4298681982.9,92653,601318,53.64,0.021767985134058865
TITAN,EQ,2025-12-10,3849.0,3831.0,3858.2,3825.6,3830.4,3845.7,3843.07,616248,2368282974.4,50470,430736,69.9,-0.0008573655494934496
TITAN,EQ,2025-12-11,3845.7,3830.4,3855.8,3777.0,3850.0,3844.8,3830.09,669180,2563019540.3,49602,387707,57.94,-0.00023402761525848081
TITAN,EQ,2025-12-12,3844.8,3844.8,3894.8,3831.9,3871.0,3880.2,3875.31,547866,2123150900.8,45620,350047,63.89,0.009207240948813977
TITAN,EQ,2025-12-15,3880.2,3861.3,3876.4,3850.0,3855.0,3866.2,3863.41,332337,1283954565.7,36163,215716,64.91,-0.0036080614401319266
TITAN,EQ,2025-12-16,3866.2,3850.0,3937.5,3828.0,3930.0,3929.5,3904.79,1560827,6094705839.2,91372,1029409,65.95,0.016372665666545938
TITAN,EQ,2025-12-17,3929.5,3930.0,3935.7,3890.0,3906.9,3907.9,3913.18,601010,2351858656.6,56339,391700,65.17,-0.005496882555032445
TITAN,EQ,2025-12-18,3907.9,3900.0,3924.0,3890.1,3919.9,3919.3,3909.92,516547,2019656248.2,46918,308187,59.66,0.0029171677883261804
TITAN,EQ,2025-12-19,3919.3,3919.0,3961.9,3913.0,3933.5,3930.1,3937.88,730780,2877727024.3,73468,418901,57.32,0.0027555941111931936
TITAN,EQ,2025-12-22,3930.1,3940.0,3950.8,3917.1,3928.2,3933.8,3935.0,569521,2241067512.5,59275,370219,65.01,0.000941451871453669
TITAN,EQ,2025-12-23,3933.8,3933.8,3956.3,3916.4,3916.6,3925.8,3937.52,445656,1754779175.0,38814,272677,61.19,-0.0020336570237429186
TITAN,EQ,2025-12-24,3925.8,3925.8,3935.0,3900.0,3920.0,3909.3,3912.46,399227,1561957934.9,27447,271132,67.91,-0.004202965000764225
TITAN,EQ,2025-12-26,3909.3,3908.9,4006.9,3900.0,3994.0,3992.0,3980.01,1113050,4429946017.1,71810,560035,50.32,0.021154682423963234
TITAN,EQ,2025-12-29,3992.0,4010.0,4031.7,3978.0,3985.0,3983.7,4006.24,1242846,4979133601.0,104232,665152,53.52,-0.0020791583166333005
TITAN,EQ,2025-12-30,3983.7,3982.0,3993.5,3954.1,3973.0,3974.1,3978.61,1169570,4653263576.1,81600,847783,72.49,-0.002409820016567532
TITAN,EQ,2025-12-31,3974.1,3984.0,4061.9,3975.1,4048.0,4051.5,4047.56,1358731,5499542591.7,75944,895139,65.88,0.019476107797991915
TITAN,EQ,2026-01-01,4051.5,4063.7,4068.0,4035.7,4049.4,4049.3,4052.33,444679,1801984173.7,46443,227247,51.1,-0.0005430087621868251
TITAN,EQ,2026-01-02,4049.3,4039.0,4060.0,3986.2,4050.3,4051.7,4038.19,659997,2665190286.8,49671,391894,59.38,0.0005926950337094006
TITAN,EQ,2026-01-05,4051.7,4051.7,4094.0,4046.0,4076.0,4079.7,4078.84,629273,2566703033.8,48473,401841,63.86,0.006910679467877712
TITAN,EQ,2026-01-06,4079.7,4079.7,4120.5,4068.5,4112.0,4111.8,4100.58,820331,3363833259.3,54530,548316,66.84,0.00786822560482392
TITAN,EQ,2026-01-07,4111.8,4225.0,4312.1,4202.0,4273.9,4273.2,4275.23,3496340,14947644025.7,201910,1110864,31.77,0.03925288194951104
TITAN,EQ,2026-01-08,4273.2,4273.2,4303.2,4239.0,4242.2,4249.0,4270.85,1055725,4508845482.0,78371,506472,47.97,-0.005663203220069191
TITAN,EQ,2026-01-09,4249.0,4231.0,4279.0,4183.1,4205.0,4201.8,4214.65,883117,3722030066.9,64035,556636,63.03,-0.011108496116733257
TITAN,EQ,2026-01-12,4201.8,4205.0,4242.0,4145.0,4228.6,4231.6,4194.15,514767,2159011700.9,64099,273828,53.19,0.007092198581560405
TITAN,EQ,2026-01-13,4231.6,4231.6,4267.6,4210.0,4233.5,4239.2,4245.02,770707,3271669713.2,48583,443865,57.59,0.0017960109651193878
TITAN,EQ,2026-01-14,4239.2,4241.9,4283.0,4211.0,4215.0,4221.5,4244.05,998692,4238503322.3,66594,647532,64.84,-0.004175316097376869
TITAN,EQ,2026-01-16,4221.5,4221.5,4236.4,4181.1,4194.4,4196.9,4211.01,686949,2892751563.8,69324,437601,63.7,-0.005827312566623277
TITAN,EQ,2026-01-19,4196.9,4165.7,4207.4,4129.1,4140.0,4144.1,4155.78,365905,1520620577.2,49384,208710,57.04,-0.012580714336772214
TITAN,EQ,2026-01-20,4144.1,4155.0,4155.0,4064.3,4070.0,4075.5,4101.88,586156,2404342207.7,73277,378544,64.58,-0.01655365459327729
TITAN,EQ,2026-01-21,4075.5,4075.5,4109.9,4053.5,4090.7,4079.2,4079.31,552760,2254881652.9,87111,301631,54.57,0.0009078640657587123
TITAN,EQ,2026-01-22,4079.2,4099.0,4128.0,3980.8,4022.1,4018.6,4026.5,818966,3297568404.4,65636,479310,58.53,-0.014855854089037002
TITAN,EQ,2026-01-23,4018.6,4025.1,4063.3,3980.0,4020.2,4021.8,4037.23,1015415,4099467780.7,82609,670105,65.99,0.0007962972179367256
TITAN,EQ,2026-01-27,4021.8,4021.8,4040.0,3955.0,4003.0,3997.0,3993.26,1760501,7030138323.7,110670,1115455,63.36,-0.006166393157292838
TITAN,EQ,2026-01-28,3997.0,4002.0,4025.8,3964.9,3980.0,3975.2,3983.13,809022,3222439594.0,61761,595050,73.55,-0.0054540905679260065
TITAN,EQ,2026-01-29,3975.2,3960.8,3968.6,3843.1,3945.0,3939.7,3900.15,1145612,4468055391.2,142577,715976,62.5,-0.008930368283356804
TITAN,EQ,2026-01-30,3939.7,3945.0,3995.0,3909.8,3982.1,3977.4,3966.09,1427639,5662142860.3,72896,998922,69.97,0.009569256542376392
TITAN,EQ,2026-02-01,3977.4,3988.0,4143.5,3870.4,3944.0,3985.3,4022.9,1114181,4482233497.3,70200,582744,52.3,0.0019862221551767423
TITAN,EQ,2026-02-02,3985.3,4000.0,4000.0,3893.3,3961.8,3953.2,3934.73,1273196,5009686663.3,97721,901905,70.84,-0.008054600657416144
TITAN,EQ,2026-02-03,3953.2,4143.0,4143.0,4044.1,4080.3,4068.6,4080.43,1043274,4257009744.8,90644,596388,57.17,0.029191541030051615
TITAN,EQ,2026-02-04,4068.6,4087.0,4160.0,4066.2,4135.1,4144.0,4131.62,917279,3789847059.5,67222,521239,56.82,0.018532173229120597
TITAN,EQ,2026-02-05,4144.0,4152.3,4152.3,4063.1,4106.7,4097.6,4091.05,693637,2837704631.0,49485,435383,62.77,-0.01119691119691113
TITAN,EQ,2026-02-06,4097.6,4097.6,4154.0,4065.3,4140.8,4141.0,4122.54,888701,3663704991.7,72975,541789,60.96,0.010591565794611402
TITAN,EQ,2026-02-09,4141.0,4200.2,4269.4,4155.0,4267.0,4257.8,4223.31,1092387,4613484606.3,73392,522154,47.8,0.02820574740400872
TITAN,EQ,2026-02-10,4257.8,4300.0,4329.6,4239.6,4293.8,4269.1,4281.93,1713633,7337660108.0,111431,764856,44.63,0.0026539527455493594
TITAN,EQ,2026-02-11,4269.1,4350.0,4378.4,4208.0,4238.0,4249.1,4287.64,3342226,14330275044.1,200651,839484,25.12,-0.004684828183926348
TITAN,EQ,2026-02-12,4249.1,4232.4,4286.4,4182.3,4267.0,4275.8,4245.22,998509,4238890373.5,82172,393966,39.46,0.006283683603586665
TITAN,EQ,2026-02-13,4275.8,4267.3,4271.8,4164.8,4175.0,4179.2,4215.93,524758,2212341354.2,54022,253518,48.31,-0.022592263436082227
TITAN,EQ,2026-02-16,4179.2,4155.0,4196.0,4128.8,4172.0,4181.1,4170.4,500349,2086654574.9,45402,249524,49.87,0.00045463246554366954
TITAN,EQ,2026-02-17,4181.1,4167.1,4244.9,4155.0,4236.0,4236.4,4222.66,464123,1959831667.1,44562,227779,49.08,0.013226184496902604
TITAN,EQ,2026-02-18,4236.4,4251.0,4257.9,4214.3,4251.0,4248.6,4244.49,387328,1644010703.1,41417,221280,57.13,0.002879803606836262
TITAN,EQ,2026-02-19,4248.6,4225.0,4261.0,4191.0,4197.5,4198.2,4225.08,406232,1716361201.7,30185,219396,54.01,-0.011862731252648029
TITAN,EQ,2026-02-20,4198.2,4200.5,4252.1,4200.2,4232.0,4236.4,4239.5,532169,2256128873.5,45975,306044,57.51,0.00909913772569193
TITAN,EQ,2026-02-23,4236.4,4270.0,4280.0,4240.1,4271.0,4272.7,4265.62,516387,2202711212.0,44616,323758,62.7,0.008568595977716864
TITAN,EQ,2026-02-24,4272.7,4240.4,4300.0,4235.0,4292.0,4294.5,4277.12,491126,2100605593.3,42386,281374,57.29,0.005102160226554631
TITAN,EQ,2026-02-25,4294.5,4304.0,4349.0,4289.8,4332.9,4325.0,4322.02,586295,2533976706.6,57827,383896,65.48,0.007102107346606212
TITAN,EQ,2026-02-26,4325.0,4330.0,4352.2,4307.0,4339.7,4342.6,4334.21,520985,2258060534.7,54765,317570,60.96,0.004069364161849887
TITAN,EQ,2026-02-27,4342.6,4341.6,4352.0,4311.8,4333.0,4327.5,4329.08,1146258,4962245261.9,65262,864305,75.4,-0.0034771795698430585
TITAN,EQ,2026-03-02,4327.5,4288.8,4330.0,4193.0,4258.5,4270.3,4266.05,770589,3287373259.2,79821,315927,41.0,-0.013217793183131099
TITAN,EQ,2026-03-04,4270.3,4205.0,4238.3,4083.5,4195.1,4204.4,4171.47,1024050,4271798491.7,109959,537911,52.53,-0.015432171041847353
TITAN,EQ,2026-03-05,4204.4,4238.0,4302.5,4173.2,4270.0,4275.2,4242.22,691367,2932929036.2,73774,357054,51.64,0.016839501474645635
TITAN,EQ,2026-03-06,4275.2,4250.0,4302.0,4227.0,4235.0,4244.6,4264.0,580562,2475514957.8,61060,325955,56.14,-0.007157559880239361
TITAN,EQ,2026-03-09,4244.6,4160.0,4199.7,4112.7,4166.0,4159.2,4147.54,576017,2389052568.8,79215,303161,52.63,-0.020119681477642315
TITAN,EQ,2026-03-10,4159.2,4175.1,4242.9,4175.1,4230.0,4220.1,4211.03,788850,3321868340.3,107038,459012,58.19,0.014642238892094817
TITAN,EQ,2026-03-11,4220.1,4192.0,4234.9,4126.2,4141.7,4140.3,4166.36,454575,1893922091.7,68745,253206,55.7,-0.01890950451411111
TITAN,EQ,2026-03-12,4140.3,4100.0,4179.0,4033.8,4137.0,4129.6,4114.48,1071366,4408116964.3,84262,557028,51.99,-0.00258435379078803
TITAN,EQ,2026-03-13,4129.6,4091.0,4147.2,4046.0,4072.5,4073.2,4090.49,868825,3553919343.9,128348,552270,63.57,-0.013657497094149651
TITAN,EQ,2026-03-16,4073.2,4057.0,4125.0,4002.2,4056.9,4090.8,4076.95,1013667,4132670327.0,95963,576462,56.87,0.0043209270352548845
TITAN,EQ,2026-03-17,4090.8,4090.5,4110.0,4036.5,4100.0,4090.5,4075.48,1126905,4592678379.0,125431,708994,62.92,-7.333528894104546e-05
TITAN,EQ,2026-03-18,4090.5,4083.7,4174.8,4077.8,4151.0,4145.5,4126.24,751307,3100072449.1,80070,492640,65.57,0.01344578902334681
TITAN,EQ,2026-03-19,4145.5,4104.4,4138.1,4017.9,4069.0,4037.9,4062.27,567278,2304436357.1,66651,301797,53.2,-0.025955855747195722
TITAN,EQ,2026-03-20,4037.9,4046.9,4149.9,4040.9,4119.9,4106.6,4116.26,1019586,4196882130.1,103617,626637,61.46,0.01701379429901695
TITAN,EQ,2026-03-23,4106.6,4056.6,4059.0,3825.0,3842.6,3853.1,3895.76,1533645,5974719302.3,146663,1018830,66.43,-0.061729898212633416
TITAN,EQ,2026-03-24,3853.1,3950.3,3985.0,3843.0,3918.9,3899.5,3906.33,1300547,5080366499.8,96752,728318,56.0,0.012042251693441752
TITAN,EQ,2026-03-25,3899.5,3950.0,4097.0,3940.5,4080.0,4039.3,4036.88,1306823,5275491417.4,146586,689576,52.77,0.03585075009616623
TITAN,EQ,2026-03-27,4039.3,4000.0,4032.8,3972.0,3982.1,3981.5,3995.82,1040658,4158278017.8,98190,597525,57.42,-0.014309410046295157
TITAN,EQ,2026-03-30,3981.5,3942.0,4007.4,3914.1,3955.4,3951.4,3950.16,1488223,5878713640.8,96779,734844,49.38,-0.007559964837372868
TITAN,EQ,2026-04-01,3951.4,4000.0,4100.0,4000.0,4058.0,4065.5,4069.48,781974,3182226649.5,69342,392659,50.21,0.02887584147390787
TITAN,EQ,2026-04-02,4065.5,3996.0,4109.1,3944.7,4078.0,4097.2,4048.56,1614868,6537886295.3,98944,969493,60.04,0.007797318902963868
TITAN,EQ,2026-04-06,4097.2,4105.0,4257.9,4105.0,4244.0,4246.1,4209.05,1678285,7063986949.6,111971,880860,52.49,0.03634189202382121
TITAN,EQ,2026-04-07,4246.1,4235.3,4243.5,4168.8,4238.0,4230.6,4217.01,1274146,5373088222.2,108141,749288,58.81,-0.003650408610254119
TITAN,EQ,2026-04-08,4230.6,4351.3,4505.0,4309.1,4485.0,4492.5,4449.21,3834533,17060625336.1,170671,2120914,55.31,0.06190611260814061
TITAN,EQ,2026-04-09,4492.5,4475.0,4497.4,4414.1,4425.0,4439.8,4447.5,1385274,6160999482.1,93577,871659,62.92,-0.011730662214802456
TITAN,EQ,2026-04-10,4439.8,4430.1,4523.9,4425.1,4496.5,4505.0,4474.01,1565192,7002683655.9,111225,928009,59.29,0.014685346186765091
TITAN,EQ,2026-04-13,4505.0,4391.1,4496.0,4391.1,4440.9,4439.3,4459.34,850456,3792470520.8,74741,427083,50.22,-0.014583795782463937
TITAN,EQ,2026-04-15,4439.3,4490.1,4534.0,4447.3,4527.5,4522.2,4504.59,918513,4137520753.5,108540,509983,55.52,0.018674115288446202
TITAN,EQ,2026-04-16,4522.2,4554.0,4554.0,4440.0,4462.0,4461.4,4477.12,1283713,5747335879.3,78366,679266,52.91,-0.01344478351244971
TITAN,EQ,2026-04-17,4461.4,4461.4,4531.8,4330.0,4524.0,4525.9,4460.07,2124034,9473332466.7,115805,995482,46.87,0.014457345227955276
TITAN,EQ,2026-04-20,4525.9,4532.1,4549.0,4467.7,4495.0,4513.0,4500.19,1646815,7410987201.7,102900,1019910,61.93,-0.002850261826377043
TITAN,EQ,2026-04-21,4513.0,4513.5,4544.5,4465.0,4484.0,4479.7,4492.98,656106,2947872718.7,69392,369022,56.24,-0.007378683802348851
TITAN,EQ,2026-04-22,4479.7,4461.7,4492.0,4445.2,4455.0,4454.6,4464.57,596352,2662453683.0,63826,292662,49.08,-0.005603053775922406
TITAN,EQ,2026-04-23,4454.6,4411.0,4474.0,4393.5,4450.0,4456.5,4442.75,680187,3021898901.5,66351,338289,49.73,0.0004265253894848442
TITAN,EQ,2026-04-24,4456.5,4475.5,4486.6,4361.4,4416.0,4410.0,4401.44,958536,4218942361.0,64938,582291,60.75,-0.010434197239986509
TITAN,EQ,2026-04-27,4410.0,4438.8,4464.0,4388.4,4451.9,4441.8,4432.22,649222,2877494936.7,52737,345278,53.18,0.007210884353741509
TITAN,EQ,2026-04-28,4441.8,4412.3,4475.0,4395.4,4420.0,4417.0,4439.92,620778,2756207053.6,71404,361438,58.22,-0.0055833220766355884
TITAN,EQ,2026-04-29,4417.0,4419.9,4472.4,4410.2,4439.9,4439.8,4441.25,702730,3120997889.8,67142,383564,54.58,0.0051618745755037665
TITAN,EQ,2026-04-30,4439.8,4438.0,4438.0,4358.0,4388.0,4385.2,4384.52,869299,3811458431.4,67515,553559,63.68,-0.012297851254561065
TITAN,EQ,2026-05-04,4385.2,4407.1,4447.4,4352.7,4360.0,4363.0,4385.72,709160,3110175564.9,76482,407292,57.43,-0.005062482897017162
TITAN,EQ,2026-05-05,4363.0,4355.0,4397.0,4330.3,4390.0,4373.6,4368.83,850790,3716957793.9,75462,443921,52.18,0.0024295209718083743
TITAN,EQ,2026-05-06,4373.6,4397.5,4441.1,4297.1,4357.6,4359.6,4339.07,1459870,6334481725.8,78453,830046,56.86,-0.003201024327784907
TITAN,EQ,2026-05-07,4359.6,4349.9,4359.0,4261.0,4309.0,4307.5,4298.99,1377631,5922419712.9,105352,765548,55.57,-0.011950637673181164
TITAN,EQ,2026-05-08,4307.5,4314.0,4605.0,4213.4,4517.0,4509.0,4479.27,4777990,21401917649.1,246822,1388565,29.06,0.04677887405687753
TITAN,EQ,2026-05-11,4509.0,4350.4,4379.5,4150.1,4200.0,4205.6,4223.58,5925166,25025401463.8,342572,2737801,46.21,-0.06728764692836542
TITAN,EQ,2026-05-12,4205.6,4160.0,4213.6,4047.0,4058.4,4055.3,4117.73,1978748,8147957063.1,133990,824169,41.65,-0.035738063534335174
TITAN,EQ,2026-05-13,4055.3,4030.0,4110.0,3985.1,4079.0,4090.7,4051.64,2841521,11512820311.4,232066,1097929,38.64,0.00872931718985015
TITAN,EQ,2026-05-14,4090.7,4115.0,4147.0,4059.1,4144.8,4135.2,4106.49,1127140,4628585395.1,76919,493450,43.78,0.010878333781504379
TITAN,EQ,2026-05-15,4135.2,4155.0,4194.0,4142.4,4164.8,4169.1,4169.94,901617,3759690873.7,66163,336932,37.37,0.00819791062100994
TITAN,EQ,2026-05-18,4169.1,4130.1,4182.7,4065.6,4169.0,4169.7,4123.14,851825,3512189630.5,81437,383708,45.05,0.0001439159530831624
TITAN,EQ,2026-05-19,4169.7,4136.3,4167.9,4095.0,4095.0,4102.0,4125.63,711398,2934967877.6,61334,363210,51.06,-0.01623618006091565
TITAN,EQ,2026-05-20,4102.0,4053.0,4116.7,4053.0,4104.7,4106.4,4088.52,913576,3735173343.3,54864,528414,57.84,0.0010726474890296878
TITAN,EQ,2026-05-21,4106.4,4120.0,4136.4,4070.0,4085.0,4083.1,4087.96,863060,3528151203.6,51458,377501,43.74,-0.005674069744788568
TITAN,EQ,2026-05-22,4083.1,4057.2,4113.8,4054.1,4099.0,4079.8,4086.63,768112,3138987661.0,64693,443806,57.78,-0.0008082094487030789
TITAN,EQ,2026-05-25,4079.8,4120.1,4170.0,4110.4,4151.9,4159.2,4149.08,606086,2514700088.0,45551,274346,45.27,0.019461738320505795
TITAN,EQ,2026-05-26,4159.2,4151.9,4160.0,4091.0,4115.0,4105.9,4115.92,766717,3155746279.2,60950,468833,61.15,-0.012814964416233976
TITAN,EQ,2026-05-27,4105.9,4098.3,4165.1,4091.1,4155.0,4137.9,4125.03,474044,1955443684.6,42491,260213,54.89,0.007793662777953569
TITAN,EQ,2026-05-29,4137.9,4116.2,4163.3,4059.0,4112.1,4074.9,4085.89,2001419,8177583647.6,70184,1414948,70.7,-0.015225114188356259
TITAN,EQ,2026-06-01,4074.9,4100.0,4105.0,4007.0,4010.0,4024.6,4033.82,450200,1816023919.5,59257,233572,51.88,-0.012343861199047845
TITAN,EQ,2026-06-02,4024.6,4017.4,4088.0,3986.0,4085.0,4078.1,4047.86,522015,2113044245.3,74385,246030,47.13,0.013293246533816916
TITAN,EQ,2026-06-03,4078.1,4057.0,4103.8,4002.0,4082.1,4088.8,4050.54,959352,3885889899.8,64455,511380,53.3,0.0026237708736911447
TITAN,EQ,2026-06-04,4088.8,4075.0,4273.8,4052.3,4238.8,4231.0,4185.22,1761933,7374081659.6,132100,837512,47.53,0.034777929954999065
TITAN,EQ,2026-06-05,4231.0,4269.0,4289.0,4223.2,4268.0,4260.2,4252.08,1390200,5911245804.0,105638,830343,59.73,0.006901441739541436
TITAN,EQ,2026-06-08,4260.2,4196.8,4238.1,4180.7,4187.0,4192.4,4206.01,666737,2804302523.2,78318,379311,56.89,-0.015914745786582807
TITAN,EQ,2026-06-09,4192.4,4190.9,4217.0,4087.2,4100.0,4104.9,4125.34,1284964,5300916127.4,97736,690856,53.76,-0.020871100085869676
TITAN,EQ,2026-06-10,4104.9,4104.9,4119.1,4035.0,4041.0,4042.1,4076.92,613629,2501715984.2,56573,281771,45.92,-0.015298789251869671
TITAN,EQ,2026-06-11,4042.1,4020.1,4069.7,3962.8,4031.0,4025.2,4034.89,767665,3097443849.8,66915,363393,47.34,-0.004180995027337264
TITAN,EQ,2026-06-12,4025.2,4067.8,4200.0,4052.7,4179.0,4184.0,4127.82,1122271,4632533705.1,76870,558457,49.76,0.03945145582828191
TITAN,EQ,2026-06-15,4184.0,4221.0,4297.0,4220.3,4285.0,4283.5,4268.03,1076822,4595904451.3,77273,468391,43.5,0.023781070745697797
TITAN,EQ,2026-06-16,4283.5,4298.1,4344.0,4283.5,4335.0,4338.0,4324.92,779706,3372168718.4,64453,358514,45.98,0.012723240340842823
TITAN,EQ,2026-06-17,4338.0,4338.0,4395.0,4327.5,4386.0,4380.5,4367.51,623868,2724751734.3,49352,329010,52.74,0.009797141539880094
TITAN,EQ,2026-06-18,4380.5,4380.0,4410.0,4333.1,4389.0,4387.9,4368.07,562833,2458493090.0,49623,278523,49.49,0.0016893048738728655
TITAN,EQ,2026-06-19,4387.9,4360.0,4441.7,4360.0,4411.0,4419.9,4408.16,941346,4149601875.5,63875,508914,54.06,0.007292782424394462
TITAN,EQ,2026-06-22,4419.9,4405.3,4414.5,4353.0,4367.0,4372.5,4378.52,390835,1711278151.6,52940,211203,54.04,-0.010724224529966686
TITAN,EQ,2026-06-23,4372.5,4375.0,4417.4,4291.1,4302.0,4305.3,4343.37,586588,2547770509.7,51486,270292,46.08,-0.01536878216123494
TITAN,EQ,2026-06-24,4305.3,4302.0,4340.8,4263.7,4315.0,4323.8,4303.07,652078,2805938973.6,57688,362417,55.58,0.004297029243025996
TITAN,EQ,2026-06-25,4323.8,4335.0,4335.0,4225.0,4290.0,4291.3,4273.38,754050,3222342230.4,77933,372134,49.35,-0.007516536380036132
TITAN,EQ,2026-06-29,4291.3,4285.0,4316.3,4266.6,4300.0,4277.2,4285.04,569087,2438559634.5,60398,368429,64.74,-0.0032857176147088607
TITAN,EQ,2026-06-30,4277.2,4277.5,4428.4,4275.0,4423.1,4404.0,4382.49,1243464,5449474754.7,107250,588401,47.32,0.029645562517534918
TITAN,EQ,2026-07-01,4404.0,4469.0,4504.5,4390.1,4395.0,4398.6,4447.16,1168751,5197619787.3,100924,502153,42.96,-0.0012261580381470738
TITAN,EQ,2026-07-02,4398.6,4404.0,4497.0,4383.1,4479.0,4481.1,4443.82,820705,3647066715.6,71099,454154,55.34,0.018755967807938978
TITAN,EQ,2026-07-03,4481.1,4495.0,4507.7,4451.0,4468.9,4461.1,4475.39,542120,2426199856.9,52444,322556,59.5,-0.004463189841779958
TITAN,EQ,2026-07-06,4461.1,4450.0,4490.5,4450.0,4484.8,4484.4,4478.77,589165,2638733846.2,56943,377956,64.15,0.005222927080764661
TITAN,EQ,2026-07-07,4484.4,4550.0,4655.9,4505.0,4591.2,4604.2,4595.75,3385946,15560971633.9,179616,1513989,44.71,0.026714833645526737
TITAN,EQ,2026-07-08,4604.2,4590.4,4630.0,4561.7,4580.0,4586.4,4588.32,1045703,4798023202.6,73339,614626,58.78,-0.0038660353590200813
TITAN,EQ,2026-07-09,4586.4,4614.8,4679.8,4546.1,4550.0,4555.8,4606.28,1777107,8185844315.6,102988,1043985,58.75,-0.006671899529042236
TITAN,EQ,2026-07-10,4555.8,4578.6,4602.8,4560.7,4570.2,4584.4,4583.74,652646,2991560462.9,71703,424827,65.09,0.006277711927652474
TITAN,EQ,2026-07-13,4584.4,4578.0,4635.0,4524.4,4600.4,4601.5,4591.89,770367,3537443306.2,46224,457610,59.4,0.003730041008638052
TITAN,EQ,2026-07-14,4601.5,4579.8,4600.0,4554.0,4571.6,4573.7,4576.88,631158,2888732876.1,57274,413121,65.45,-0.006041508203846635
TITAN,EQ,2026-07-15,4573.7,4573.7,4607.0,4565.1,4587.2,4579.4,4589.08,619451,2842708502.3,44828,409198,66.06,0.0012462557666659269
TITAN,EQ,2026-07-16,4579.4,4585.3,4668.8,4580.0,4618.0,4625.8,4631.82,1136159,5262478336.8,72790,742909,65.39,0.010132331746517176
TITAN,EQ,2026-07-17,4625.8,4626.0,4647.5,4610.1,4632.0,4638.1,4631.87,667212,3090438699.0,43313,375622,56.3,0.0026589995244066245
TITAN,EQ,2026-07-20,4638.1,4638.1,4660.0,4625.3,4639.5,4643.4,4644.64,274158,1273363865.8,43332,169726,61.91,0.0011427092990663468
TITAN,EQ,2026-07-21,4643.4,4644.2,4691.7,4629.2,4687.1,4688.7,4667.87,530094,2474412483.8,53049,246759,46.55,0.009755782400826973
TITAN,EQ,2026-07-22,4688.7,4685.7,4733.0,4675.0,4709.2,4711.6,4712.38,996475,4695772746.1,61331,605925,60.81,0.004884083008083406
TITAN,EQ,2026-07-23,4711.6,4700.0,4709.8,4671.6,4696.0,4697.3,4690.99,421185,1975776652.7,43792,241970,57.45,-0.003035062399185051
TITAN,EQ,2026-07-24,4697.3,4605.0,4697.0,4604.1,4688.0,4677.0,4670.76,513858,2400107931.8,49813,308431,60.02,-0.00432163157558596
TITAN,EQ,2026-07-27,4677.0,4686.9,4749.1,4686.9,4739.0,4740.1,4715.75,500721,2361275836.3,46780,317727,63.45,0.013491554415223428
TITAN,EQ,2026-07-28,4740.1,4750.0,4860.0,4712.9,4858.2,4849.7,4810.96,1321587,6358106263.9,101310,727335,55.03,0.023121875065926778
TITAN,EQ,2026-07-29,4849.7,4849.7,4866.9,4823.2,4855.0,4850.2,4839.73,837059,4051135845.8,77934,567039,67.74,0.00010309916077289039
TITAN,EQ,2026-07-30,4850.2,4820.9,4869.9,4820.9,4843.9,4850.0,4846.53,777361,3767504120.9,81317,534629,68.77,-4.123541297262889e-05
TITAN,EQ,2026-07-31,4850.0,4850.0,4886.0,4820.9,4885.0,4875.2,4870.13,1003314,4886272127.9,61793,778182,77.56,0.005195876288659695
TITAN,EQ,2026-08-03,4875.2,4875.2,5000.0,4851.8,5000.0,5000.0,4897.44,505420,2475265143.6,48696,321717,63.65,0.02559894978667554
TITAN,EQ,2026-08-04,5000.0,4935.0,4935.0,4862.0,4935.0,4935.0,4891.18,1181747,5780138564.9,79390,748166,63.31,-0.013000000000000012
TITAN,EQ,2026-08-05,4935.0,4910.2,4920.6,4882.3,4912.4,4912.4,4907.1,546332,2680906333.9,45586,377927,69.18,-0.004579533941236114
TITAN,EQ,2026-08-06,4912.4,4883.9,5005.0,4883.9,4998.0,4998.0,4973.92,1283840,6385718717.3,101332,648536,50.52,0.017425291100073403
TITAN,EQ,2026-08-07,4998.0,4978.1,5003.0,4891.3,4941.0,4941.0,4960.37,1166858,5788047546.5,59708,632055,54.17,-0.01140456182472993
TITAN,EQ,2026-08-10,4941.0,4932.0,5122.2,4886.2,5090.0,5090.0,5056.1,3664718,18529198670.8,219329,1195173,32.61,0.03015583889900819
TITAN,EQ,2026-08-11,5090.0,5090.0,5168.0,5090.0,5128.0,5128.0,5139.64,1664853,8556744842.3,101421,881185,52.93,0.007465618860510892
TITAN,EQ,2026-08-12,5128.0,5128.0,5128.0,4992.0,5099.0,5099.0,5054.5,1105157,5586015191.9,76702,601013,54.38,-0.005655226209048347
TITAN,EQ,2026-08-13,5099.0,5069.5,5071.5,5010.0,5063.7,5063.7,5034.37,533274,2684698379.0,49980,263115,49.34,-0.006922926063934187
TITAN,EQ,2026-08-14,5063.7,5064.0,5090.5,5046.4,5056.2,5056.2,5071.69,587764,2980954599.5,50374,348782,59.34,-0.0014811303987203317
TITAN,EQ,2026-08-17,5056.2,5056.2,5111.0,5037.2,5068.5,5068.5,5092.36,565258,2878497843.1,58767,324179,57.35,0.0024326569360388905
TITAN,EQ,2026-08-18,5068.5,5060.0,5094.9,5042.5,5048.6,5048.6,5056.71,354873,1794490460.9,44359,212390,59.85,-0.003926210910525696
TITAN,EQ,2026-08-19,5048.6,5045.0,5074.8,5038.0,5068.0,5068.0,5059.03,412981,2089284411.9,51623,214877,52.03,0.00384264944737156
TITAN,EQ,2026-08-20,5068.0,5084.9,5110.0,5060.1,5068.0,5068.0,5085.03,614435,3124421167.1,53541,369911,60.2,0.0
TITAN,EQ,2026-08-21,5068.0,5068.0,5090.4,5011.0,5086.1,5086.1,5051.81,352381,1780162209.2,36242,163809,46.49,0.0035714285714285587
TITAN,EQ,2026-08-24,5086.1,5086.8,5093.4,5050.0,5079.0,5079.0,5064.96,256376,1298534119.4,29745,127556,49.75,-0.0013959615422426408
TITAN,EQ,2026-08-25,5079.0,5059.1,5124.8,5052.7,5124.8,5124.8,5087.0,347515,1767808639.3,37225,184670,53.14,0.009017523134475347
TITAN,EQ,2026-08-26,5124.8,5149.9,5149.9,5091.0,5100.0,5100.0,5108.89,377617,1929203500.4,36429,214271,56.74,-0.0048392132375898456
TITAN,EQ,2026-08-27,5100.0,5100.0,5186.7,5069.5,5139.3,5139.3,5128.98,1101845,5651335974.1,62034,641424,58.21,0.007705882352941229
TITAN,EQ,2026-08-28,5139.3,5155.0,5169.9,5136.0,5169.2,5169.2,5151.68,547804,2822109613.5,39225,371997,67.91,0.005817912945342618
TITAN,EQ,2026-08-31,5169.2,5159.0,5159.0,5088.0,5102.4,5102.4,5113.02,630695,3224754429.8,39478,466715,74.0,-0.012922695968428433
TITAN,EQ,2026-09-01,5102.4,5104.0,5126.5,5010.5,5050.0,5050.0,5045.26,466855,2355404995.0,45704,174343,37.34,-0.010269677014738132
TITAN,EQ,2026-09-02,5050.0,4972.0,5092.0,4971.5,5074.0,5074.0,5010.76,812660,4072048067.0,105525,502689,61.86,0.004752475247524757
TITAN,EQ,2026-09-03,5074.0,5057.5,5072.5,4952.0,5027.0,5027.0,5002.51,571600,2859434965.5,62879,232103,40.61,-0.009262908947575865
TITAN,EQ,2026-09-04,5027.0,5010.0,5022.0,4980.0,5020.0,5020.0,5001.78,310845,1554778536.0,34506,163490,52.6,-0.001392480604734403
TITAN,EQ,2026-09-07,5020.0,5010.0,5028.0,4958.5,4995.0,4995.0,4982.27,480336,2393161957.5,40115,298271,62.1,-0.004980079681274896
TITAN,EQ,2026-09-08,4995.0,4975.0,5015.5,4969.0,4987.0,4987.0,4991.28,432671,2159583986.5,37945,247156,57.12,-0.00160160160160161
TITAN,EQ,2026-09-09,4987.0,5010.0,5019.0,4968.0,5005.0,5005.0,4995.55,502050,2508016777.5,57949,326646,65.06,0.0036093843994384756
TITAN,EQ,2026-09-10,5005.0,5000.5,5021.0,4974.5,5021.0,5021.0,5005.41,336565,1684646036.5,27454,198808,59.07,0.003196803196803266
TITAN,EQ,2026-09-11,5021.0,4964.0,5015.0,4943.0,5009.5,5009.5,4984.28,403235,2009836789.5,33149,164874,52.36,-0.0022903804023103325
