"Symbol  ","Series  ","Date  ","Prev Close  ","Open Price  ","High Price  ","Low Price  ","Last Price  ","Close Price  ","Average Price ","Total Traded Quantity  ","Turnover ₹  ","No. of Trades  ","Deliverable Qty  ","% Dly Qt to Traded Qty  "
"TITAN","EQ","11-Sep-2026","5,021.00","4,964.00","5,015.00","4,943.00","5,009.50","5,009.50","4,984.28","4,03,235","2,00,98,36,789.50","33,149","1,64,874","52.36"
"TITAN","EQ","10-Sep-2026","5,005.00","5,000.50","5,021.00","4,974.50","5,021.00","5,021.00","5,005.41","3,36,565","1,68,46,46,036.50","27,454","1,98,808","59.07"
"TITAN","EQ","09-Sep-2026","4,987.00","5,010.00","5,019.00","4,968.00","5,005.00","5,005.00","4,995.55","5,02,050","2,50,80,16,777.50","57,949","3,26,646","65.06"
"TITAN","EQ","08-Sep-2026","4,995.00","4,975.00","5,015.50","4,969.00","4,987.00","4,987.00","4,991.28","4,32,671","2,15,95,83,986.50","37,945","2,47,156","57.12"
"TITAN","EQ","07-Sep-2026","5,020.00","5,010.00","5,028.00","4,958.50","4,995.00","4,995.00","4,982.27","4,80,336","2,39,31,61,957.50","40,115","2,98,271","62.10"
"TITAN","EQ","04-Sep-2026","5,027.00","5,010.00","5,022.00","4,980.00","5,020.00","5,020.00","5,001.78","3,10,845","1,55,47,78,536.00","34,506","1,63,490","52.60"
"TITAN","EQ","03-Sep-2026","5,074.00","5,057.50","5,072.50","4,952.00","5,027.00","5,027.00","5,002.51","5,71,600","2,85,94,34,965.50","62,879","2,32,103","40.61"
"TITAN","EQ","02-Sep-2026","5,050.00","4,972.00","5,092.00","4,971.50","5,074.00","5,074.00","5,010.76","8,12,660","4,07,20,48,067.00","1,05,525","5,02,689","61.86"
"TITAN","EQ","01-Sep-2026","5,102.40","5,104.00","5,126.50","5,010.50","5,050.00","5,050.00","5,045.26","4,66,855","2,35,54,04,995.00","45,704","1,74,343","37.34"
"TITAN","EQ","31-Aug-2026","5,169.20","5,159.00","5,159.00","5,088.00","5,102.40","5,102.40","5,113.02","6,30,695","3,22,47,54,429.80","39,478","4,66,715","74.00"
"TITAN","EQ","28-Aug-2026","5,139.30","5,155.00","5,169.90","5,136.00","5,169.20","5,169.20","5,151.68","5,47,804","2,82,21,09,613.50","39,225","3,71,997","67.91"
"TITAN","EQ","27-Aug-2026","5,100.00","5,100.00","5,186.70","5,069.50","5,139.30","5,139.30","5,128.98","11,01,845","5,65,13,35,974.10","62,034","6,41,424","58.21"
"TITAN","EQ","26-Aug-2026","5,124.80","5,149.90","5,149.90","5,091.00","5,100.00","5,100.00","5,108.89","3,77,617","1,92,92,03,500.40","36,429","2,14,271","56.74"
"TITAN","EQ","25-Aug-2026","5,079.00","5,059.10","5,124.80","5,052.70","5,124.80","5,124.80","5,087.00","3,47,515","1,76,78,08,639.30","37,225","1,84,670","53.14"
"TITAN","EQ","24-Aug-2026","5,086.10","5,086.80","5,093.40","5,050.00","5,079.00","5,079.00","5,064.96","2,56,376","1,29,85,34,119.40","29,745","1,27,556","49.75"
"TITAN","EQ","21-Aug-2026","5,068.00","5,068.00","5,090.40","5,011.00","5,086.10","5,086.10","5,051.81","3,52,381","1,78,01,62,209.20","36,242","1,63,809","46.49"
"TITAN","EQ","20-Aug-2026","5,068.00","5,084.90","5,110.00","5,060.10","5,068.00","5,068.00","5,085.03","6,14,435","3,12,44,21,167.10","53,541","3,69,911","60.20"
"TITAN","EQ","19-Aug-2026","5,048.60","5,045.00","5,074.80","5,038.00","5,068.00","5,068.00","5,059.03","4,12,981","2,08,92,84,411.90","51,623","2,14,877","52.03"
"TITAN","EQ","18-Aug-2026","5,068.50","5,060.00","5,094.90","5,042.50","5,048.60","5,048.60","5,056.71","3,54,873","1,79,44,90,460.90","44,359","2,12,390","59.85"
"TITAN","EQ","17-Aug-2026","5,056.20","5,056.20","5,111.00","5,037.20","5,068.50","5,068.50","5,092.36","5,65,258","2,87,84,97,843.10","58,767","3,24,179","57.35"
"TITAN","EQ","14-Aug-2026","5,063.70","5,064.00","5,090.50","5,046.40","5,056.20","5,056.20","5,071.69","5,87,764","2,98,09,54,599.50","50,374","3,48,782","59.34"
"TITAN","EQ","13-Aug-2026","5,099.00","5,069.50","5,071.50","5,010.00","5,063.70","5,063.70","5,034.37","5,33,274","2,68,46,98,379.00","49,980","2,63,115","49.34"
"TITAN","EQ","12-Aug-2026","5,128.00","5,128.00","5,128.00","4,992.00","5,099.00","5,099.00","5,054.50","11,05,157","5,58,60,15,191.90","76,702","6,01,013","54.38"
"TITAN","EQ","11-Aug-2026","5,090.00","5,090.00","5,168.00","5,090.00","5,128.00","5,128.00","5,139.64","16,64,853","8,55,67,44,842.30","1,01,421","8,81,185","52.93"
"TITAN","EQ","10-Aug-2026","4,941.00","4,932.00","5,122.20","4,886.20","5,090.00","5,090.00","5,056.10","36,64,718","18,52,91,98,670.80","2,19,329","11,95,173","32.61"
"TITAN","EQ","07-Aug-2026","4,998.00","4,978.10","5,003.00","4,891.30","4,941.00","4,941.00","4,960.37","11,66,858","5,78,80,47,546.50","59,708","6,32,055","54.17"
"TITAN","EQ","06-Aug-2026","4,912.40","4,883.90","5,005.00","4,883.90","4,998.00","4,998.00","4,973.92","12,83,840","6,38,57,18,717.30","1,01,332","6,48,536","50.52"
"TITAN","EQ","05-Aug-2026","4,935.00","4,910.20","4,920.60","4,882.30","4,912.40","4,912.40","4,907.10","5,46,332","2,68,09,06,333.90","45,586","3,77,927","69.18"
"TITAN","EQ","04-Aug-2026","5,000.00","4,935.00","4,935.00","4,862.00","4,935.00","4,935.00","4,891.18","11,81,747","5,78,01,38,564.90","79,390","7,48,166","63.31"
"TITAN","EQ","03-Aug-2026","4,875.20","4,875.20","5,000.00","4,851.80","5,000.00","5,000.00","4,897.44","5,05,420","2,47,52,65,143.60","48,696","3,21,717","63.65"
"TITAN","EQ","31-Jul-2026","4,850.00","4,850.00","4,886.00","4,820.90","4,885.00","4,875.20","4,870.13","10,03,314","4,88,62,72,127.90","61,793","7,78,182","77.56"
"TITAN","EQ","30-Jul-2026","4,850.20","4,820.90","4,869.90","4,820.90","4,843.90","4,850.00","4,846.53","7,77,361","3,76,75,04,120.90","81,317","5,34,629","68.77"
"TITAN","EQ","29-Jul-2026","4,849.70","4,849.70","4,866.90","4,823.20","4,855.00","4,850.20","4,839.73","8,37,059","4,05,11,35,845.80","77,934","5,67,039","67.74"
"TITAN","EQ","28-Jul-2026","4,740.10","4,750.00","4,860.00","4,712.90","4,858.20","4,849.70","4,810.96","13,21,587","6,35,81,06,263.90","1,01,310","7,27,335","55.03"
"TITAN","EQ","27-Jul-2026","4,677.00","4,686.90","4,749.10","4,686.90","4,739.00","4,740.10","4,715.75","5,00,721","2,36,12,75,836.30","46,780","3,17,727","63.45"
"TITAN","EQ","24-Jul-2026","4,697.30","4,605.00","4,697.00","4,604.10","4,688.00","4,677.00","4,670.76","5,13,858","2,40,01,07,931.80","49,813","3,08,431","60.02"
"TITAN","EQ","23-Jul-2026","4,711.60","4,700.00","4,709.80","4,671.60","4,696.00","4,697.30","4,690.99","4,21,185","1,97,57,76,652.70","43,792","2,41,970","57.45"
"TITAN","EQ","22-Jul-2026","4,688.70","4,685.70","4,733.00","4,675.00","4,709.20","4,711.60","4,712.38","9,96,475","4,69,57,72,746.10","61,331","6,05,925","60.81"
"TITAN","EQ","21-Jul-2026","4,643.40","4,644.20","4,691.70","4,629.20","4,687.10","4,688.70","4,667.87","5,30,094","2,47,44,12,483.80","53,049","2,46,759","46.55"
"TITAN","EQ","20-Jul-2026","4,638.10","4,638.10","4,660.00","4,625.30","4,639.50","4,643.40","4,644.64","2,74,158","1,27,33,63,865.80","43,332","1,69,726","61.91"
"TITAN","EQ","17-Jul-2026","4,625.80","4,626.00","4,647.50","4,610.10","4,632.00","4,638.10","4,631.87","6,67,212","3,09,04,38,699.00","43,313","3,75,622","56.30"
"TITAN","EQ","16-Jul-2026","4,579.40","4,585.30","4,668.80","4,580.00","4,618.00","4,625.80","4,631.82","11,36,159","5,26,24,78,336.80","72,790","7,42,909","65.39"
"TITAN","EQ","15-Jul-2026","4,573.70","4,573.70","4,607.00","4,565.10","4,587.20","4,579.40","4,589.08","6,19,451","2,84,27,08,502.30","44,828","4,09,198","66.06"
"TITAN","EQ","14-Jul-2026","4,601.50","4,579.80","4,600.00","4,554.00","4,571.60","4,573.70","4,576.88","6,31,158","2,88,87,32,876.10","57,274","4,13,121","65.45"
"TITAN","EQ","13-Jul-2026","4,584.40","4,578.00","4,635.00","4,524.40","4,600.40","4,601.50","4,591.89","7,70,367","3,53,74,43,306.20","46,224","4,57,610","59.40"
"TITAN","EQ","10-Jul-2026","4,555.80","4,578.60","4,602.80","4,560.70","4,570.20","4,584.40","4,583.74","6,52,646","2,99,15,60,462.90","71,703","4,24,827","65.09"
"TITAN","EQ","09-Jul-2026","4,586.40","4,614.80","4,679.80","4,546.10","4,550.00","4,555.80","4,606.28","17,77,107","8,18,58,44,315.60","1,02,988","10,43,985","58.75"
"TITAN","EQ","08-Jul-2026","4,604.20","4,590.40","4,630.00","4,561.70","4,580.00","4,586.40","4,588.32","10,45,703","4,79,80,23,202.60","73,339","6,14,626","58.78"
"TITAN","EQ","07-Jul-2026","4,484.40","4,550.00","4,655.90","4,505.00","4,591.20","4,604.20","4,595.75","33,85,946","15,56,09,71,633.90","1,79,616","15,13,989","44.71"
"TITAN","EQ","06-Jul-2026","4,461.10","4,450.00","4,490.50","4,450.00","4,484.80","4,484.40","4,478.77","5,89,165","2,63,87,33,846.20","56,943","3,77,956","64.15"
"TITAN","EQ","03-Jul-2026","4,481.10","4,495.00","4,507.70","4,451.00","4,468.90","4,461.10","4,475.39","5,42,120","2,42,61,99,856.90","52,444","3,22,556","59.50"
"TITAN","EQ","02-Jul-2026","4,398.60","4,404.00","4,497.00","4,383.10","4,479.00","4,481.10","4,443.82","8,20,705","3,64,70,66,715.60","71,099","4,54,154","55.34"
"TITAN","EQ","01-Jul-2026","4,404.00","4,469.00","4,504.50","4,390.10","4,395.00","4,398.60","4,447.16","11,68,751","5,19,76,19,787.30","1,00,924","5,02,153","42.96"
"TITAN","EQ","30-Jun-2026","4,277.20","4,277.50","4,428.40","4,275.00","4,423.10","4,404.00","4,382.49","12,43,464","5,44,94,74,754.70","1,07,250","5,88,401","47.32"
"TITAN","EQ","29-Jun-2026","4,291.30","4,285.00","4,316.30","4,266.60","4,300.00","4,277.20","4,285.04","5,69,087","2,43,85,59,634.50","60,398","3,68,429","64.74"
"TITAN","EQ","25-Jun-2026","4,323.80","4,335.00","4,335.00","4,225.00","4,290.00","4,291.30","4,273.38","7,54,050","3,22,23,42,230.40","77,933","3,72,134","49.35"
"TITAN","EQ","24-Jun-2026","4,305.30","4,302.00","4,340.80","4,263.70","4,315.00","4,323.80","4,303.07","6,52,078","2,80,59,38,973.60","57,688","3,62,417","55.58"
"TITAN","BL","24-Jun-2026","3,767.85","4,305.30","4,305.30","4,305.30","4,305.30","4,305.30","4,305.30","81,064","34,90,04,839.20","1","-","-"
"TITAN","EQ","23-Jun-2026","4,372.50","4,375.00","4,417.40","4,291.10","4,302.00","4,305.30","4,343.37","5,86,588","2,54,77,70,509.70","51,486","2,70,292","46.08"
"TITAN","EQ","22-Jun-2026","4,419.90","4,405.30","4,414.50","4,353.00","4,367.00","4,372.50","4,378.52","3,90,835","1,71,12,78,151.60","52,940","2,11,203","54.04"
"TITAN","EQ","19-Jun-2026","4,387.90","4,360.00","4,441.70","4,360.00","4,411.00","4,419.90","4,408.16","9,41,346","4,14,96,01,875.50","63,875","5,08,914","54.06"
"TITAN","EQ","18-Jun-2026","4,380.50","4,380.00","4,410.00","4,333.10","4,389.00","4,387.90","4,368.07","5,62,833","2,45,84,93,090.00","49,623","2,78,523","49.49"
"TITAN","EQ","17-Jun-2026","4,338.00","4,338.00","4,395.00","4,327.50","4,386.00","4,380.50","4,367.51","6,23,868","2,72,47,51,734.30","49,352","3,29,010","52.74"
"TITAN","EQ","16-Jun-2026","4,283.50","4,298.10","4,344.00","4,283.50","4,335.00","4,338.00","4,324.92","7,79,706","3,37,21,68,718.40","64,453","3,58,514","45.98"
"TITAN","EQ","15-Jun-2026","4,184.00","4,221.00","4,297.00","4,220.30","4,285.00","4,283.50","4,268.03","10,76,822","4,59,59,04,451.30","77,273","4,68,391","43.50"
"TITAN","EQ","12-Jun-2026","4,025.20","4,067.80","4,200.00","4,052.70","4,179.00","4,184.00","4,127.82","11,22,271","4,63,25,33,705.10","76,870","5,58,457","49.76"
"TITAN","EQ","11-Jun-2026","4,042.10","4,020.10","4,069.70","3,962.80","4,031.00","4,025.20","4,034.89","7,67,665","3,09,74,43,849.80","66,915","3,63,393","47.34"
"TITAN","EQ","10-Jun-2026","4,104.90","4,104.90","4,119.10","4,035.00","4,041.00","4,042.10","4,076.92","6,13,629","2,50,17,15,984.20","56,573","2,81,771","45.92"
"TITAN","EQ","09-Jun-2026","4,192.40","4,190.90","4,217.00","4,087.20","4,100.00","4,104.90","4,125.34","12,84,964","5,30,09,16,127.40","97,736","6,90,856","53.76"
"TITAN","EQ","08-Jun-2026","4,260.20","4,196.80","4,238.10","4,180.70","4,187.00","4,192.40","4,206.01","6,66,737","2,80,43,02,523.20","78,318","3,79,311","56.89"
"TITAN","EQ","05-Jun-2026","4,231.00","4,269.00","4,289.00","4,223.20","4,268.00","4,260.20","4,252.08","13,90,200","5,91,12,45,804.00","1,05,638","8,30,343","59.73"
"TITAN","EQ","04-Jun-2026","4,088.80","4,075.00","4,273.80","4,052.30","4,238.80","4,231.00","4,185.22","17,61,933","7,37,40,81,659.60","1,32,100","8,37,512","47.53"
"TITAN","EQ","03-Jun-2026","4,078.10","4,057.00","4,103.80","4,002.00","4,082.10","4,088.80","4,050.54","9,59,352","3,88,58,89,899.80","64,455","5,11,380","53.30"
"TITAN","EQ","02-Jun-2026","4,024.60","4,017.40","4,088.00","3,986.00","4,085.00","4,078.10","4,047.86","5,22,015","2,11,30,44,245.30","74,385","2,46,030","47.13"
"TITAN","EQ","01-Jun-2026","4,074.90","4,100.00","4,105.00","4,007.00","4,010.00","4,024.60","4,033.82","4,50,200","1,81,60,23,919.50","59,257","2,33,572","51.88"
"TITAN","EQ","29-May-2026","4,137.90","4,116.20","4,163.30","4,059.00","4,112.10","4,074.90","4,085.89","20,01,419","8,17,75,83,647.60","70,184","14,14,948","70.70"
"TITAN","EQ","27-May-2026","4,105.90","4,098.30","4,165.10","4,091.10","4,155.00","4,137.90","4,125.03","4,74,044","1,95,54,43,684.60","42,491","2,60,213","54.89"
"TITAN","EQ","26-May-2026","4,159.20","4,151.90","4,160.00","4,091.00","4,115.00","4,105.90","4,115.92","7,66,717","3,15,57,46,279.20","60,950","4,68,833","61.15"
"TITAN","EQ","25-May-2026","4,079.80","4,120.10","4,170.00","4,110.40","4,151.90","4,159.20","4,149.08","6,06,086","2,51,47,00,088.00","45,551","2,74,346","45.27"
"TITAN","EQ","22-May-2026","4,083.10","4,057.20","4,113.80","4,054.10","4,099.00","4,079.80","4,086.63","7,68,112","3,13,89,87,661.00","64,693","4,43,806","57.78"
"TITAN","EQ","21-May-2026","4,106.40","4,120.00","4,136.40","4,070.00","4,085.00","4,083.10","4,087.96","8,63,060","3,52,81,51,203.60","51,458","3,77,501","43.74"
"TITAN","EQ","20-May-2026","4,102.00","4,053.00","4,116.70","4,053.00","4,104.70","4,106.40","4,088.52","9,13,576","3,73,51,73,343.30","54,864","5,28,414","57.84"
"TITAN","EQ","19-May-2026","4,169.70","4,136.30","4,167.90","4,095.00","4,095.00","4,102.00","4,125.63","7,11,398","2,93,49,67,877.60","61,334","3,63,210","51.06"
"TITAN","EQ","18-May-2026","4,169.10","4,130.10","4,182.70","4,065.60","4,169.00","4,169.70","4,123.14","8,51,825","3,51,21,89,630.50","81,437","3,83,708","45.05"
"TITAN","EQ","15-May-2026","4,135.20","4,155.00","4,194.00","4,142.40","4,164.80","4,169.10","4,169.94","9,01,617","3,75,96,90,873.70","66,163","3,36,932","37.37"
"TITAN","EQ","14-May-2026","4,090.70","4,115.00","4,147.00","4,059.10","4,144.80","4,135.20","4,106.49","11,27,140","4,62,85,85,395.10","76,919","4,93,450","43.78"
"TITAN","EQ","13-May-2026","4,055.30","4,030.00","4,110.00","3,985.10","4,079.00","4,090.70","4,051.64","28,41,521","11,51,28,20,311.40","2,32,066","10,97,929","38.64"
"TITAN","EQ","12-May-2026","4,205.60","4,160.00","4,213.60","4,047.00","4,058.40","4,055.30","4,117.73","19,78,748","8,14,79,57,063.10","1,33,990","8,24,169","41.65"
"TITAN","EQ","11-May-2026","4,509.00","4,350.40","4,379.50","4,150.10","4,200.00","4,205.60","4,223.58","59,25,166","25,02,54,01,463.80","3,42,572","27,37,801","46.21"
"TITAN","EQ","08-May-2026","4,307.50","4,314.00","4,605.00","4,213.40","4,517.00","4,509.00","4,479.27","47,77,990","21,40,19,17,649.10","2,46,822","13,88,565","29.06"
"TITAN","EQ","07-May-2026","4,359.60","4,349.90","4,359.00","4,261.00","4,309.00","4,307.50","4,298.99","13,77,631","5,92,24,19,712.90","1,05,352","7,65,548","55.57"
"TITAN","EQ","06-May-2026","4,373.60","4,397.50","4,441.10","4,297.10","4,357.60","4,359.60","4,339.07","14,59,870","6,33,44,81,725.80","78,453","8,30,046","56.86"
"TITAN","EQ","05-May-2026","4,363.00","4,355.00","4,397.00","4,330.30","4,390.00","4,373.60","4,368.83","8,50,790","3,71,69,57,793.90","75,462","4,43,921","52.18"
"TITAN","EQ","04-May-2026","4,385.20","4,407.10","4,447.40","4,352.70","4,360.00","4,363.00","4,385.72","7,09,160","3,11,01,75,564.90","76,482","4,07,292","57.43"
"TITAN","EQ","30-Apr-2026","4,439.80","4,438.00","4,438.00","4,358.00","4,388.00","4,385.20","4,384.52","8,69,299","3,81,14,58,431.40","67,515","5,53,559","63.68"
"TITAN","EQ","29-Apr-2026","4,417.00","4,419.90","4,472.40","4,410.20","4,439.90","4,439.80","4,441.25","7,02,730","3,12,09,97,889.80","67,142","3,83,564","54.58"
"TITAN","EQ","28-Apr-2026","4,441.80","4,412.30","4,475.00","4,395.40","4,420.00","4,417.00","4,439.92","6,20,778","2,75,62,07,053.60","71,404","3,61,438","58.22"
"TITAN","EQ","27-Apr-2026","4,410.00","4,438.80","4,464.00","4,388.40","4,451.90","4,441.80","4,432.22","6,49,222","2,87,74,94,936.70","52,737","3,45,278","53.18"
"TITAN","EQ","24-Apr-2026","4,456.50","4,475.50","4,486.60","4,361.40","4,416.00","4,410.00","4,401.44","9,58,536","4,21,89,42,361.00","64,938","5,82,291","60.75"
"TITAN","EQ","23-Apr-2026","4,454.60","4,411.00","4,474.00","4,393.50","4,450.00","4,456.50","4,442.75","6,80,187","3,02,18,98,901.50","66,351","3,38,289","49.73"
"TITAN","EQ","22-Apr-2026","4,479.70","4,461.70","4,492.00","4,445.20","4,455.00","4,454.60","4,464.57","5,96,352","2,66,24,53,683.00","63,826","2,92,662","49.08"
"TITAN","EQ","21-Apr-2026","4,513.00","4,513.50","4,544.50","4,465.00","4,484.00","4,479.70","4,492.98","6,56,106","2,94,78,72,718.70","69,392","3,69,022","56.24"
"TITAN","EQ","20-Apr-2026","4,525.90","4,532.10","4,549.00","4,467.70","4,495.00","4,513.00","4,500.19","16,46,815","7,41,09,87,201.70","1,02,900","10,19,910","61.93"
"TITAN","EQ","17-Apr-2026","4,461.40","4,461.40","4,531.80","4,330.00","4,524.00","4,525.90","4,460.07","21,24,034","9,47,33,32,466.70","1,15,805","9,95,482","46.87"
"TITAN","EQ","16-Apr-2026","4,522.20","4,554.00","4,554.00","4,440.00","4,462.00","4,461.40","4,477.12","12,83,713","5,74,73,35,879.30","78,366","6,79,266","52.91"
"TITAN","EQ","15-Apr-2026","4,439.30","4,490.10","4,534.00","4,447.30","4,527.50","4,522.20","4,504.59","9,18,513","4,13,75,20,753.50","1,08,540","5,09,983","55.52"
"TITAN","EQ","13-Apr-2026","4,505.00","4,391.10","4,496.00","4,391.10","4,440.90","4,439.30","4,459.34","8,50,456","3,79,24,70,520.80","74,741","4,27,083","50.22"
"TITAN","EQ","10-Apr-2026","4,439.80","4,430.10","4,523.90","4,425.10","4,496.50","4,505.00","4,474.01","15,65,192","7,00,26,83,655.90","1,11,225","9,28,009","59.29"
"TITAN","EQ","09-Apr-2026","4,492.50","4,475.00","4,497.40","4,414.10","4,425.00","4,439.80","4,447.50","13,85,274","6,16,09,99,482.10","93,577","8,71,659","62.92"
"TITAN","EQ","08-Apr-2026","4,230.60","4,351.30","4,505.00","4,309.10","4,485.00","4,492.50","4,449.21","38,34,533","17,06,06,25,336.10","1,70,671","21,20,914","55.31"
"TITAN","EQ","07-Apr-2026","4,246.10","4,235.30","4,243.50","4,168.80","4,238.00","4,230.60","4,217.01","12,74,146","5,37,30,88,222.20","1,08,141","7,49,288","58.81"
"TITAN","EQ","06-Apr-2026","4,097.20","4,105.00","4,257.90","4,105.00","4,244.00","4,246.10","4,209.05","16,78,285","7,06,39,86,949.60","1,11,971","8,80,860","52.49"
"TITAN","EQ","02-Apr-2026","4,065.50","3,996.00","4,109.10","3,944.70","4,078.00","4,097.20","4,048.56","16,14,868","6,53,78,86,295.30","98,944","9,69,493","60.04"
"TITAN","EQ","01-Apr-2026","3,951.40","4,000.00","4,100.00","4,000.00","4,058.00","4,065.50","4,069.48","7,81,974","3,18,22,26,649.50","69,342","3,92,659","50.21"
"TITAN","EQ","30-Mar-2026","3,981.50","3,942.00","4,007.40","3,914.10","3,955.40","3,951.40","3,950.16","14,88,223","5,87,87,13,640.80","96,779","7,34,844","49.38"
"TITAN","EQ","27-Mar-2026","4,039.30","4,000.00","4,032.80","3,972.00","3,982.10","3,981.50","3,995.82","10,40,658","4,15,82,78,017.80","98,190","5,97,525","57.42"
"TITAN","EQ","25-Mar-2026","3,899.50","3,950.00","4,097.00","3,940.50","4,080.00","4,039.30","4,036.88","13,06,823","5,27,54,91,417.40","1,46,586","6,89,576","52.77"
"TITAN","EQ","24-Mar-2026","3,853.10","3,950.30","3,985.00","3,843.00","3,918.90","3,899.50","3,906.33","13,00,547","5,08,03,66,499.80","96,752","7,28,318","56.00"
"TITAN","EQ","23-Mar-2026","4,106.60","4,056.60","4,059.00","3,825.00","3,842.60","3,853.10","3,895.76","15,33,645","5,97,47,19,302.30","1,46,663","10,18,830","66.43"
"TITAN","EQ","20-Mar-2026","4,037.90","4,046.90","4,149.90","4,040.90","4,119.90","4,106.60","4,116.26","10,19,586","4,19,68,82,130.10","1,03,617","6,26,637","61.46"
"TITAN","EQ","19-Mar-2026","4,145.50","4,104.40","4,138.10","4,017.90","4,069.00","4,037.90","4,062.27","5,67,278","2,30,44,36,357.10","66,651","3,01,797","53.20"
"TITAN","EQ","18-Mar-2026","4,090.50","4,083.70","4,174.80","4,077.80","4,151.00","4,145.50","4,126.24","7,51,307","3,10,00,72,449.10","80,070","4,92,640","65.57"
"TITAN","EQ","17-Mar-2026","4,090.80","4,090.50","4,110.00","4,036.50","4,100.00","4,090.50","4,075.48","11,26,905","4,59,26,78,379.00","1,25,431","7,08,994","62.92"
"TITAN","EQ","16-Mar-2026","4,073.20","4,057.00","4,125.00","4,002.20","4,056.90","4,090.80","4,076.95","10,13,667","4,13,26,70,327.00","95,963","5,76,462","56.87"
"TITAN","EQ","13-Mar-2026","4,129.60","4,091.00","4,147.20","4,046.00","4,072.50","4,073.20","4,090.49","8,68,825","3,55,39,19,343.90","1,28,348","5,52,270","63.57"
"TITAN","EQ","12-Mar-2026","4,140.30","4,100.00","4,179.00","4,033.80","4,137.00","4,129.60","4,114.48","10,71,366","4,40,81,16,964.30","84,262","5,57,028","51.99"
"TITAN","EQ","11-Mar-2026","4,220.10","4,192.00","4,234.90","4,126.20","4,141.70","4,140.30","4,166.36","4,54,575","1,89,39,22,091.70","68,745","2,53,206","55.70"
"TITAN","EQ","10-Mar-2026","4,159.20","4,175.10","4,242.90","4,175.10","4,230.00","4,220.10","4,211.03","7,88,850","3,32,18,68,340.30","1,07,038","4,59,012","58.19"
"TITAN","EQ","09-Mar-2026","4,244.60","4,160.00","4,199.70","4,112.70","4,166.00","4,159.20","4,147.54","5,76,017","2,38,90,52,568.80","79,215","3,03,161","52.63"
"TITAN","EQ","06-Mar-2026","4,275.20","4,250.00","4,302.00","4,227.00","4,235.00","4,244.60","4,264.00","5,80,562","2,47,55,14,957.80","61,060","3,25,955","56.14"
"TITAN","EQ","05-Mar-2026","4,204.40","4,238.00","4,302.50","4,173.20","4,270.00","4,275.20","4,242.22","6,91,367","2,93,29,29,036.20","73,774","3,57,054","51.64"
"TITAN","EQ","04-Mar-2026","4,270.30","4,205.00","4,238.30","4,083.50","4,195.10","4,204.40","4,171.47","10,24,050","4,27,17,98,491.70","1,09,959","5,37,911","52.53"
"TITAN","EQ","02-Mar-2026","4,327.50","4,288.80","4,330.00","4,193.00","4,258.50","4,270.30","4,266.05","7,70,589","3,28,73,73,259.20","79,821","3,15,927","41.00"
"TITAN","EQ","27-Feb-2026","4,342.60","4,341.60","4,352.00","4,311.80","4,333.00","4,327.50","4,329.08","11,46,258","4,96,22,45,261.90","65,262","8,64,305","75.40"
"TITAN","EQ","26-Feb-2026","4,325.00","4,330.00","4,352.20","4,307.00","4,339.70","4,342.60","4,334.21","5,20,985","2,25,80,60,534.70","54,765","3,17,570","60.96"
"TITAN","EQ","25-Feb-2026","4,294.50","4,304.00","4,349.00","4,289.80","4,332.90","4,325.00","4,322.02","5,86,295","2,53,39,76,706.60","57,827","3,83,896","65.48"
"TITAN","EQ","24-Feb-2026","4,272.70","4,240.40","4,300.00","4,235.00","4,292.00","4,294.50","4,277.12","4,91,126","2,10,06,05,593.30","42,386","2,81,374","57.29"
"TITAN","EQ","23-Feb-2026","4,236.40","4,270.00","4,280.00","4,240.10","4,271.00","4,272.70","4,265.62","5,16,387","2,20,27,11,212.00","44,616","3,23,758","62.70"
"TITAN","EQ","20-Feb-2026","4,198.20","4,200.50","4,252.10","4,200.20","4,232.00","4,236.40","4,239.50","5,32,169","2,25,61,28,873.50","45,975","3,06,044","57.51"
"TITAN","EQ","19-Feb-2026","4,248.60","4,225.00","4,261.00","4,191.00","4,197.50","4,198.20","4,225.08","4,06,232","1,71,63,61,201.70","30,185","2,19,396","54.01"
"TITAN","EQ","18-Feb-2026","4,236.40","4,251.00","4,257.90","4,214.30","4,251.00","4,248.60","4,244.49","3,87,328","1,64,40,10,703.10","41,417","2,21,280","57.13"
"TITAN","EQ","17-Feb-2026","4,181.10","4,167.10","4,244.90","4,155.00","4,236.00","4,236.40","4,222.66","4,64,123","1,95,98,31,667.10","44,562","2,27,779","49.08"
"TITAN","EQ","16-Feb-2026","4,179.20","4,155.00","4,196.00","4,128.80","4,172.00","4,181.10","4,170.40","5,00,349","2,08,66,54,574.90","45,402","2,49,524","49.87"
"TITAN","EQ","13-Feb-2026","4,275.80","4,267.30","4,271.80","4,164.80","4,175.00","4,179.20","4,215.93","5,24,758","2,21,23,41,354.20","54,022","2,53,518","48.31"
"TITAN","EQ","12-Feb-2026","4,249.10","4,232.40","4,286.40","4,182.30","4,267.00","4,275.80","4,245.22","9,98,509","4,23,88,90,373.50","82,172","3,93,966","39.46"
"TITAN","EQ","11-Feb-2026","4,269.10","4,350.00","4,378.40","4,208.00","4,238.00","4,249.10","4,287.64","33,42,226","14,33,02,75,044.10","2,00,651","8,39,484","25.12"
"TITAN","EQ","10-Feb-2026","4,257.80","4,300.00","4,329.60","4,239.60","4,293.80","4,269.10","4,281.93","17,13,633","7,33,76,60,108.00","1,11,431","7,64,856","44.63"
"TITAN","EQ","09-Feb-2026","4,141.00","4,200.20","4,269.40","4,155.00","4,267.00","4,257.80","4,223.31","10,92,387","4,61,34,84,606.30","73,392","5,22,154","47.80"
"TITAN","EQ","06-Feb-2026","4,097.60","4,097.60","4,154.00","4,065.30","4,140.80","4,141.00","4,122.54","8,88,701","3,66,37,04,991.70","72,975","5,41,789","60.96"
"TITAN","EQ","05-Feb-2026","4,144.00","4,152.30","4,152.30","4,063.10","4,106.70","4,097.60","4,091.05","6,93,637","2,83,77,04,631.00","49,485","4,35,383","62.77"
"TITAN","EQ","04-Feb-2026","4,068.60","4,087.00","4,160.00","4,066.20","4,135.10","4,144.00","4,131.62","9,17,279","3,78,98,47,059.50","67,222","5,21,239","56.82"
"TITAN","EQ","03-Feb-2026","3,953.20","4,143.00","4,143.00","4,044.10","4,080.30","4,068.60","4,080.43","10,43,274","4,25,70,09,744.80","90,644","5,96,388","57.17"
"TITAN","EQ","02-Feb-2026","3,985.30","4,000.00","4,000.00","3,893.30","3,961.80","3,953.20","3,934.73","12,73,196","5,00,96,86,663.30","97,721","9,01,905","70.84"
"TITAN","EQ","01-Feb-2026","3,977.40","3,988.00","4,143.50","3,870.40","3,944.00","3,985.30","4,022.90","11,14,181","4,48,22,33,497.30","70,200","5,82,744","52.30"
"TITAN","EQ","30-Jan-2026","3,939.70","3,945.00","3,995.00","3,909.80","3,982.10","3,977.40","3,966.09","14,27,639","5,66,21,42,860.30","72,896","9,98,922","69.97"
"TITAN","EQ","29-Jan-2026","3,975.20","3,960.80","3,968.60","3,843.10","3,945.00","3,939.70","3,900.15","11,45,612","4,46,80,55,391.20","1,42,577","7,15,976","62.50"
"TITAN","EQ","28-Jan-2026","3,997.00","4,002.00","4,025.80","3,964.90","3,980.00","3,975.20","3,983.13","8,09,022","3,22,24,39,594.00","61,761","5,95,050","73.55"
"TITAN","EQ","27-Jan-2026","4,021.80","4,021.80","4,040.00","3,955.00","4,003.00","3,997.00","3,993.26","17,60,501","7,03,01,38,323.70","1,10,670","11,15,455","63.36"
"TITAN","EQ","23-Jan-2026","4,018.60","4,025.10","4,063.30","3,980.00","4,020.20","4,021.80","4,037.23","10,15,415","4,09,94,67,780.70","82,609","6,70,105","65.99"
"TITAN","EQ","22-Jan-2026","4,079.20","4,099.00","4,128.00","3,980.80","4,022.10","4,018.60","4,026.50","8,18,966","3,29,75,68,404.40","65,636","4,79,310","58.53"
"TITAN","EQ","21-Jan-2026","4,075.50","4,075.50","4,109.90","4,053.50","4,090.70","4,079.20","4,079.31","5,52,760","2,25,48,81,652.90","87,111","3,01,631","54.57"
"TITAN","EQ","20-Jan-2026","4,144.10","4,155.00","4,155.00","4,064.30","4,070.00","4,075.50","4,101.88","5,86,156","2,40,43,42,207.70","73,277","3,78,544","64.58"
"TITAN","EQ","19-Jan-2026","4,196.90","4,165.70","4,207.40","4,129.10","4,140.00","4,144.10","4,155.78","3,65,905","1,52,06,20,577.20","49,384","2,08,710","57.04"
"TITAN","EQ","16-Jan-2026","4,221.50","4,221.50","4,236.40","4,181.10","4,194.40","4,196.90","4,211.01","6,86,949","2,89,27,51,563.80","69,324","4,37,601","63.70"
"TITAN","EQ","14-Jan-2026","4,239.20","4,241.90","4,283.00","4,211.00","4,215.00","4,221.50","4,244.05","9,98,692","4,23,85,03,322.30","66,594","6,47,532","64.84"
"TITAN","EQ","13-Jan-2026","4,231.60","4,231.60","4,267.60","4,210.00","4,233.50","4,239.20","4,245.02","7,70,707","3,27,16,69,713.20","48,583","4,43,865","57.59"
"TITAN","EQ","12-Jan-2026","4,201.80","4,205.00","4,242.00","4,145.00","4,228.60","4,231.60","4,194.15","5,14,767","2,15,90,11,700.90","64,099","2,73,828","53.19"
"TITAN","EQ","09-Jan-2026","4,249.00","4,231.00","4,279.00","4,183.10","4,205.00","4,201.80","4,214.65","8,83,117","3,72,20,30,066.90","64,035","5,56,636","63.03"
"TITAN","EQ","08-Jan-2026","4,273.20","4,273.20","4,303.20","4,239.00","4,242.20","4,249.00","4,270.85","10,55,725","4,50,88,45,482.00","78,371","5,06,472","47.97"
"TITAN","EQ","07-Jan-2026","4,111.80","4,225.00","4,312.10","4,202.00","4,273.90","4,273.20","4,275.23","34,96,340","14,94,76,44,025.70","2,01,910","11,10,864","31.77"
"TITAN","EQ","06-Jan-2026","4,079.70","4,079.70","4,120.50","4,068.50","4,112.00","4,111.80","4,100.58","8,20,331","3,36,38,33,259.30","54,530","5,48,316","66.84"
"TITAN","EQ","05-Jan-2026","4,051.70","4,051.70","4,094.00","4,046.00","4,076.00","4,079.70","4,078.84","6,29,273","2,56,67,03,033.80","48,473","4,01,841","63.86"
"TITAN","EQ","02-Jan-2026","4,049.30","4,039.00","4,060.00","3,986.20","4,050.30","4,051.70","4,038.19","6,59,997","2,66,51,90,286.80","49,671","3,91,894","59.38"
"TITAN","EQ","01-Jan-2026","4,051.50","4,063.70","4,068.00","4,035.70","4,049.40","4,049.30","4,052.33","4,44,679","1,80,19,84,173.70","46,443","2,27,247","51.10"
"TITAN","EQ","31-Dec-2025","3,974.10","3,984.00","4,061.90","3,975.10","4,048.00","4,051.50","4,047.56","13,58,731","5,49,95,42,591.70","75,944","8,95,139","65.88"
"TITAN","EQ","30-Dec-2025","3,983.70","3,982.00","3,993.50","3,954.10","3,973.00","3,974.10","3,978.61","11,69,570","4,65,32,63,576.10","81,600","8,47,783","72.49"
"TITAN","EQ","29-Dec-2025","3,992.00","4,010.00","4,031.70","3,978.00","3,985.00","3,983.70","4,006.24","12,42,846","4,97,91,33,601.00","1,04,232","6,65,152","53.52"
"TITAN","EQ","26-Dec-2025","3,909.30","3,908.90","4,006.90","3,900.00","3,994.00","3,992.00","3,980.01","11,13,050","4,42,99,46,017.10","71,810","5,60,035","50.32"
"TITAN","EQ","24-Dec-2025","3,925.80","3,925.80","3,935.00","3,900.00","3,920.00","3,909.30","3,912.46","3,99,227","1,56,19,57,934.90","27,447","2,71,132","67.91"
"TITAN","EQ","23-Dec-2025","3,933.80","3,933.80","3,956.30","3,916.40","3,916.60","3,925.80","3,937.52","4,45,656","1,75,47,79,175.00","38,814","2,72,677","61.19"
"TITAN","EQ","22-Dec-2025","3,930.10","3,940.00","3,950.80","3,917.10","3,928.20","3,933.80","3,935.00","5,69,521","2,24,10,67,512.50","59,275","3,70,219","65.01"
"TITAN","EQ","19-Dec-2025","3,919.30","3,919.00","3,961.90","3,913.00","3,933.50","3,930.10","3,937.88","7,30,780","2,87,77,27,024.30","73,468","4,18,901","57.32"
"TITAN","EQ","18-Dec-2025","3,907.90","3,900.00","3,924.00","3,890.10","3,919.90","3,919.30","3,909.92","5,16,547","2,01,96,56,248.20","46,918","3,08,187","59.66"
"TITAN","EQ","17-Dec-2025","3,929.50","3,930.00","3,935.70","3,890.00","3,906.90","3,907.90","3,913.18","6,01,010","2,35,18,58,656.60","56,339","3,91,700","65.17"
"TITAN","EQ","16-Dec-2025","3,866.20","3,850.00","3,937.50","3,828.00","3,930.00","3,929.50","3,904.79","15,60,827","6,09,47,05,839.20","91,372","10,29,409","65.95"
"TITAN","EQ","15-Dec-2025","3,880.20","3,861.30","3,876.40","3,850.00","3,855.00","3,866.20","3,863.41","3,32,337","1,28,39,54,565.70","36,163","2,15,716","64.91"
"TITAN","EQ","12-Dec-2025","3,844.80","3,844.80","3,894.80","3,831.90","3,871.00","3,880.20","3,875.31","5,47,866","2,12,31,50,900.80","45,620","3,50,047","63.89"
"TITAN","EQ","11-Dec-2025","3,845.70","3,830.40","3,855.80","3,777.00","3,850.00","3,844.80","3,830.09","6,69,180","2,56,30,19,540.30","49,602","3,87,707","57.94"
"TITAN","EQ","10-Dec-2025","3,849.00","3,831.00","3,858.20","3,825.60","3,830.40","3,845.70","3,843.07","6,16,248","2,36,82,82,974.40","50,470","4,30,736","69.90"
"TITAN","EQ","09-Dec-2025","3,767.00","3,775.00","3,874.00","3,751.00","3,840.10","3,849.00","3,834.45","11,21,068","4,29,86,81,982.90","92,653","6,01,318","53.64"
"TITAN","EQ","08-Dec-2025","3,813.30","3,796.30","3,825.00","3,758.10","3,760.50","3,767.00","3,792.22","5,45,864","2,07,00,35,083.90","80,449","3,48,418","63.83"
"TITAN","EQ","05-Dec-2025","3,800.40","3,777.00","3,828.00","3,777.00","3,813.00","3,813.30","3,815.44","5,08,448","1,93,99,55,053.20","33,788","3,35,608","66.01"
"TITAN","EQ","04-Dec-2025","3,817.80","3,805.00","3,830.00","3,778.00","3,794.00","3,800.40","3,806.67","7,76,693","2,95,66,13,836.40","68,347","5,65,801","72.85"
"TITAN","EQ","03-Dec-2025","3,885.80","3,870.00","3,880.00","3,785.90","3,820.00","3,817.80","3,834.25","7,70,638","2,95,48,21,683.90","63,741","4,44,923","57.73"
"TITAN","EQ","02-Dec-2025","3,894.90","3,875.00","3,899.60","3,867.50","3,886.50","3,885.80","3,883.61","6,61,018","2,56,71,38,009.50","56,435","4,22,107","63.86"
"TITAN","EQ","01-Dec-2025","3,907.70","3,907.70","3,910.70","3,861.30","3,888.00","3,894.90","3,884.58","6,03,073","2,34,26,86,154.50","54,745","3,63,148","60.22"
"TITAN","EQ","28-Nov-2025","3,903.30","3,906.20","3,934.90","3,896.50","3,900.00","3,907.70","3,913.89","5,74,817","2,24,97,70,708.40","51,721","3,42,804","59.64"
"TITAN","EQ","27-Nov-2025","3,897.70","3,900.60","3,927.00","3,875.10","3,907.50","3,903.30","3,907.77","5,42,241","2,11,89,52,439.50","50,635","2,69,182","49.64"
"TITAN","EQ","26-Nov-2025","3,855.10","3,845.00","3,914.50","3,843.50","3,899.60","3,897.70","3,893.74","3,64,592","1,41,96,24,757.80","43,153","1,71,792","47.12"
"TITAN","EQ","25-Nov-2025","3,874.30","3,874.40","3,908.40","3,845.00","3,847.10","3,855.10","3,872.42","6,80,366","2,63,46,60,808.60","48,164","4,30,703","63.30"
"TITAN","EQ","24-Nov-2025","3,904.20","3,915.50","3,937.20","3,865.00","3,892.20","3,874.30","3,885.15","12,58,036","4,88,76,61,579.70","68,977","8,99,345","71.49"
"TITAN","EQ","21-Nov-2025","3,902.40","3,901.00","3,925.00","3,882.10","3,902.10","3,904.20","3,906.36","3,83,311","1,49,73,52,037.70","43,858","1,93,714","50.54"
"TITAN","EQ","20-Nov-2025","3,933.10","3,950.00","3,956.00","3,895.00","3,900.00","3,902.40","3,926.19","7,62,391","2,99,32,94,005.00","63,827","4,93,278","64.70"
"TITAN","EQ","19-Nov-2025","3,879.20","3,882.90","3,940.50","3,862.40","3,934.80","3,933.10","3,914.00","15,78,123","6,17,67,70,099.90","76,028","11,14,983","70.65"
"TITAN","EQ","18-Nov-2025","3,868.60","3,865.00","3,900.00","3,841.60","3,885.00","3,879.20","3,869.17","8,49,966","3,28,86,62,094.70","42,250","6,13,854","72.22"
"TITAN","EQ","17-Nov-2025","3,829.20","3,848.00","3,874.30","3,821.50","3,863.90","3,868.60","3,859.27","5,04,928","1,94,86,51,813.80","36,355","2,83,181","56.08"
"TITAN","EQ","14-Nov-2025","3,839.20","3,839.20","3,854.70","3,800.00","3,816.10","3,829.20","3,822.33","5,75,050","2,19,80,29,846.20","52,894","3,67,358","63.88"
"TITAN","EQ","13-Nov-2025","3,851.10","3,860.00","3,867.90","3,817.00","3,839.30","3,839.20","3,839.26","6,68,623","2,56,70,19,950.80","46,378","4,34,428","64.97"
"TITAN","EQ","12-Nov-2025","3,812.40","3,838.00","3,877.00","3,804.20","3,834.00","3,851.10","3,854.93","8,05,025","3,10,33,15,362.40","77,241","4,48,946","55.77"
"TITAN","EQ","11-Nov-2025","3,803.00","3,810.50","3,820.00","3,752.10","3,809.10","3,812.40","3,792.60","6,68,789","2,53,64,48,558.50","42,317","4,09,536","61.24"
"TITAN","EQ","10-Nov-2025","3,769.30","3,788.00","3,815.00","3,769.30","3,800.00","3,803.00","3,799.84","5,99,567","2,27,82,58,786.50","38,351","3,78,359","63.11"
"TITAN","EQ","07-Nov-2025","3,774.40","3,766.00","3,792.00","3,736.00","3,768.00","3,769.30","3,769.48","7,28,998","2,74,79,40,771.30","44,483","4,66,336","63.97"
"TITAN","EQ","06-Nov-2025","3,813.50","3,780.00","3,837.70","3,761.60","3,770.00","3,774.40","3,792.65","9,27,231","3,51,66,64,336.00","66,738","4,37,216","47.15"
"TITAN","EQ","04-Nov-2025","3,724.50","3,724.50","3,827.00","3,715.00","3,810.00","3,813.50","3,796.02","25,24,600","9,58,34,31,974.60","1,45,802","8,45,390","33.49"
"TITAN","EQ","03-Nov-2025","3,746.70","3,730.00","3,762.00","3,667.30","3,731.40","3,724.50","3,721.20","11,19,367","4,16,53,89,760.60","73,994","5,61,646","50.18"
"TITAN","EQ","31-Oct-2025","3,750.70","3,758.90","3,783.00","3,739.50","3,743.10","3,746.70","3,758.79","9,00,994","3,38,66,49,048.00","50,278","5,34,094","59.28"
"TITAN","EQ","30-Oct-2025","3,748.30","3,745.00","3,773.90","3,720.10","3,753.40","3,750.70","3,747.68","5,44,151","2,03,93,03,251.40","45,411","2,93,037","53.85"
"TITAN","EQ","29-Oct-2025","3,717.00","3,734.20","3,753.50","3,714.20","3,742.00","3,748.30","3,739.07","7,89,557","2,95,22,06,172.80","53,913","5,22,603","66.19"
"TITAN","EQ","28-Oct-2025","3,739.80","3,750.00","3,770.00","3,688.10","3,737.00","3,717.00","3,715.96","14,82,961","5,51,06,18,181.30","88,448","7,77,080","52.40"
"TITAN","EQ","27-Oct-2025","3,714.90","3,714.00","3,753.90","3,710.00","3,733.00","3,739.80","3,735.78","8,56,124","3,19,82,87,834.50","66,145","5,99,885","70.07"
"TITAN","EQ","24-Oct-2025","3,772.30","3,775.00","3,781.00","3,706.10","3,718.00","3,714.90","3,724.38","5,63,296","2,09,79,28,277.80","55,383","3,73,989","66.39"
"TITAN","EQ","23-Oct-2025","3,729.00","3,765.00","3,800.00","3,738.30","3,763.30","3,772.30","3,771.34","16,22,402","6,11,86,22,056.80","1,32,329","8,44,376","52.04"
"TITAN","EQ","21-Oct-2025","3,737.20","3,737.20","3,746.00","3,719.00","3,743.30","3,729.00","3,733.71","1,56,306","58,36,01,050.80","11,529","91,765","58.72"
"TITAN","EQ","20-Oct-2025","3,674.80","3,680.00","3,749.90","3,676.20","3,737.90","3,737.20","3,714.09","7,07,974","2,62,94,79,551.70","65,105","3,86,303","54.56"
"TITAN","EQ","17-Oct-2025","3,640.30","3,635.00","3,715.00","3,633.00","3,670.00","3,674.80","3,687.22","11,23,500","4,14,25,93,242.70","79,482","5,92,230","52.71"
"TITAN","EQ","16-Oct-2025","3,549.00","3,549.00","3,652.00","3,540.00","3,636.00","3,640.30","3,630.09","15,28,118","5,54,72,03,279.40","1,08,363","7,27,904","47.63"
"TITAN","EQ","15-Oct-2025","3,537.40","3,532.90","3,561.90","3,511.00","3,543.20","3,549.00","3,542.64","10,05,045","3,56,05,11,918.00","62,931","5,85,379","58.24"
"TITAN","EQ","14-Oct-2025","3,533.60","3,533.00","3,549.40","3,506.50","3,528.00","3,537.40","3,524.68","9,25,998","3,26,38,44,837.60","73,194","5,76,071","62.21"
"TITAN","EQ","13-Oct-2025","3,531.90","3,518.00","3,545.00","3,509.50","3,532.90","3,533.60","3,529.62","6,06,122","2,13,93,82,956.40","50,849","3,74,793","61.83"
"TITAN","EQ","10-Oct-2025","3,550.60","3,548.90","3,571.70","3,523.30","3,529.00","3,531.90","3,549.47","8,25,274","2,92,92,82,600.10","60,797","5,26,664","63.82"
"TITAN","EQ","09-Oct-2025","3,565.60","3,559.80","3,561.70","3,526.40","3,544.00","3,550.60","3,545.87","5,97,739","2,11,95,05,760.80","73,798","3,04,894","51.01"
"TITAN","EQ","08-Oct-2025","3,418.20","3,474.00","3,580.00","3,460.00","3,565.00","3,565.60","3,554.91","45,31,362","16,10,85,98,088.70","2,09,805","18,63,549","41.13"
"TITAN","EQ","07-Oct-2025","3,425.40","3,425.00","3,445.90","3,411.00","3,419.00","3,418.20","3,431.85","9,96,165","3,41,86,84,038.40","58,141","6,87,056","68.97"
"TITAN","EQ","06-Oct-2025","3,453.30","3,453.30","3,459.30","3,401.00","3,425.00","3,425.40","3,422.84","11,84,781","4,05,53,20,446.50","79,862","7,70,734","65.05"
"TITAN","EQ","03-Oct-2025","3,408.30","3,379.90","3,459.00","3,378.00","3,450.00","3,453.30","3,418.12","16,55,328","5,65,81,03,027.70","77,070","10,95,947","66.21"
"TITAN","EQ","01-Oct-2025","3,367.00","3,370.00","3,414.90","3,351.00","3,404.80","3,408.30","3,384.57","7,98,754","2,70,34,35,345.20","77,101","4,87,658","61.05"
"TITAN","EQ","30-Sep-2025","3,401.20","3,452.00","3,474.50","3,355.00","3,372.90","3,367.00","3,399.11","17,33,728","5,89,31,38,448.10","1,10,770","11,29,729","65.16"
"TITAN","EQ","29-Sep-2025","3,327.30","3,327.00","3,418.00","3,327.00","3,417.00","3,401.20","3,382.02","14,52,636","4,91,28,38,813.80","1,03,274","10,38,864","71.52"
"TITAN","EQ","26-Sep-2025","3,378.50","3,387.70","3,402.00","3,303.10","3,333.00","3,327.30","3,335.36","75,24,068","25,09,54,67,512.40","87,123","68,81,771","91.46"
"TITAN","EQ","25-Sep-2025","3,418.30","3,408.00","3,419.90","3,370.00","3,388.70","3,378.50","3,382.41","11,39,904","3,85,56,25,215.70","88,587","7,43,001","65.18"
"TITAN","EQ","24-Sep-2025","3,439.20","3,430.00","3,437.40","3,411.00","3,411.00","3,418.30","3,422.39","6,90,454","2,36,30,01,895.50","50,758","5,33,682","77.29"
"TITAN","EQ","23-Sep-2025","3,457.50","3,465.20","3,465.30","3,405.00","3,439.30","3,439.20","3,432.60","11,44,975","3,93,02,44,874.20","63,052","7,43,215","64.91"
"TITAN","EQ","22-Sep-2025","3,467.20","3,458.20","3,477.00","3,440.00","3,455.00","3,457.50","3,456.80","8,17,833","2,82,70,85,688.60","65,974","5,49,444","67.18"
"TITAN","EQ","19-Sep-2025","3,511.30","3,504.00","3,511.30","3,460.00","3,470.00","3,467.20","3,469.72","23,37,255","8,10,96,23,285.80","93,982","19,25,699","82.39"
"TITAN","EQ","18-Sep-2025","3,523.00","3,530.00","3,546.00","3,503.40","3,511.50","3,511.30","3,521.66","8,29,442","2,92,10,15,504.50","61,476","5,73,024","69.09"
"TITAN","EQ","17-Sep-2025","3,556.80","3,561.90","3,572.70","3,513.20","3,524.60","3,523.00","3,529.86","6,59,866","2,32,92,36,812.30","43,888","3,41,634","51.77"
"TITAN","EQ","16-Sep-2025","3,534.10","3,525.00","3,570.30","3,502.00","3,560.00","3,556.80","3,534.51","7,24,742","2,56,16,11,250.40","55,480","4,43,053","61.13"
"TITAN","EQ","15-Sep-2025","3,571.90","3,556.00","3,576.50","3,515.00","3,531.90","3,534.10","3,539.83","3,62,285","1,28,24,27,021.80","40,232","1,92,662","53.18"
"TITAN","EQ","12-Sep-2025","3,584.20","3,589.90","3,598.20","3,563.90","3,565.50","3,571.90","3,579.92","2,75,049","98,46,53,378.10","37,752","1,51,020","54.91"
"TITAN","EQ","11-Sep-2025","3,620.60","3,620.00","3,644.00","3,580.00","3,580.00","3,584.20","3,593.62","4,95,417","1,78,03,38,136.60","49,299","3,00,706","60.70"
"TITAN","EQ","10-Sep-2025","3,630.10","3,632.00","3,648.70","3,608.20","3,619.80","3,620.60","3,619.53","4,08,800","1,47,96,65,847.10","34,029","2,71,463","66.40"
"TITAN","EQ","09-Sep-2025","3,658.00","3,667.80","3,667.80","3,619.20","3,635.00","3,630.10","3,632.28","4,28,367","1,55,59,50,730.60","46,263","2,60,933","60.91"
"TITAN","EQ","08-Sep-2025","3,665.30","3,653.00","3,683.60","3,640.00","3,669.00","3,658.00","3,664.66","5,48,987","2,01,18,51,119.10","44,129","3,77,608","68.78"
"TITAN","EQ","05-Sep-2025","3,691.10","3,695.00","3,700.00","3,660.00","3,660.00","3,665.30","3,676.16","4,54,120","1,66,94,19,775.40","32,055","3,14,114","69.17"
"TITAN","EQ","04-Sep-2025","3,690.60","3,740.00","3,740.00","3,676.80","3,678.00","3,691.10","3,696.04","6,35,811","2,34,99,80,953.50","52,751","3,42,540","53.87"
"TITAN","EQ","03-Sep-2025","3,620.60","3,605.00","3,697.90","3,590.00","3,688.00","3,690.60","3,670.22","7,91,874","2,90,63,52,540.50","49,550","4,76,002","60.11"
"TITAN","EQ","02-Sep-2025","3,618.60","3,614.00","3,655.80","3,606.10","3,612.20","3,620.60","3,631.36","5,36,300","1,94,74,98,068.70","48,079","2,51,481","46.89"
"TITAN","EQ","01-Sep-2025","3,628.80","3,631.00","3,653.40","3,610.40","3,618.00","3,618.60","3,626.86","2,97,533","1,07,91,10,005.90","35,574","1,40,565","47.24"
"TITAN","EQ","29-Aug-2025","3,637.70","3,637.70","3,642.00","3,603.60","3,620.20","3,628.80","3,620.90","6,60,956","2,39,32,58,462.90","68,433","4,44,345","67.23"
"TITAN","EQ","28-Aug-2025","3,594.00","3,552.10","3,650.90","3,552.10","3,632.00","3,637.70","3,627.64","9,89,246","3,58,86,31,886.50","85,608","5,21,221","52.69"
"TITAN","EQ","26-Aug-2025","3,651.40","3,662.80","3,672.80","3,589.10","3,599.00","3,594.00","3,619.30","9,60,778","3,47,73,40,332.80","71,086","5,45,543","56.78"
"TITAN","EQ","25-Aug-2025","3,621.00","3,629.70","3,669.60","3,615.50","3,648.70","3,651.40","3,651.16","7,00,503","2,55,76,51,767.70","54,278","4,95,378","70.72"
"TITAN","EQ","22-Aug-2025","3,616.30","3,616.30","3,641.40","3,607.70","3,618.90","3,621.00","3,621.48","6,91,835","2,50,54,67,151.90","38,741","4,59,281","66.39"
"TITAN","EQ","21-Aug-2025","3,595.00","3,595.00","3,625.00","3,588.20","3,616.30","3,616.30","3,611.61","6,73,486","2,43,23,71,737.00","37,233","4,61,552","68.53"
"TITAN","EQ","20-Aug-2025","3,568.10","3,560.00","3,602.90","3,552.00","3,591.30","3,595.00","3,584.84","5,17,031","1,85,34,74,152.90","50,295","3,08,086","59.59"
"TITAN","EQ","19-Aug-2025","3,554.80","3,555.00","3,577.30","3,545.00","3,564.00","3,568.10","3,562.35","5,37,433","1,91,45,24,366.10","48,431","2,87,229","53.44"
"TITAN","EQ","18-Aug-2025","3,489.40","3,496.00","3,574.80","3,493.50","3,554.10","3,554.80","3,540.47","12,53,006","4,43,62,25,939.50","83,655","8,34,235","66.58"
"TITAN","EQ","14-Aug-2025","3,466.80","3,476.50","3,505.80","3,464.10","3,485.00","3,489.40","3,487.21","5,97,987","2,08,53,06,432.30","48,281","3,38,496","56.61"
"TITAN","EQ","13-Aug-2025","3,486.80","3,486.80","3,494.90","3,463.20","3,471.80","3,466.80","3,476.57","3,60,474","1,25,32,13,962.00","45,421","1,65,753","45.98"
"TITAN","EQ","12-Aug-2025","3,467.90","3,467.90","3,534.00","3,460.10","3,485.00","3,486.80","3,503.83","9,29,276","3,25,60,25,233.00","76,835","4,27,385","45.99"
"TITAN","EQ","11-Aug-2025","3,460.20","3,473.00","3,487.30","3,402.80","3,460.00","3,467.90","3,455.67","5,63,586","1,94,75,67,434.80","61,427","2,09,666","37.20"
"TITAN","EQ","08-Aug-2025","3,415.70","3,450.10","3,489.80","3,403.10","3,466.70","3,460.20","3,456.71","21,84,271","7,55,03,81,270.80","1,38,094","6,88,632","31.53"
"TITAN","EQ","07-Aug-2025","3,417.70","3,380.00","3,437.00","3,377.70","3,402.00","3,415.70","3,409.15","5,09,599","1,73,72,97,483.00","49,384","1,79,850","35.29"
"TITAN","EQ","06-Aug-2025","3,418.20","3,437.00","3,462.40","3,400.00","3,400.00","3,417.70","3,435.77","6,35,456","2,18,32,82,475.60","43,079","3,44,228","54.17"
"TITAN","EQ","05-Aug-2025","3,356.30","3,356.30","3,443.00","3,348.00","3,424.00","3,418.20","3,405.18","8,37,335","2,85,12,77,681.80","77,406","3,75,557","44.85"
"TITAN","EQ","04-Aug-2025","3,316.00","3,315.00","3,365.00","3,308.10","3,350.60","3,356.30","3,349.37","4,50,434","1,50,86,68,729.00","45,684","2,83,116","62.85"
"TITAN","EQ","01-Aug-2025","3,347.30","3,340.00","3,347.30","3,307.00","3,313.00","3,316.00","3,325.94","4,22,977","1,40,67,95,580.80","46,880","2,26,401","53.53"
"TITAN","EQ","31-Jul-2025","3,376.50","3,340.00","3,364.50","3,315.50","3,340.00","3,347.30","3,346.40","5,53,157","1,85,10,84,869.50","50,336","2,90,799","52.57"
"TITAN","EQ","30-Jul-2025","3,379.20","3,380.00","3,393.50","3,345.30","3,371.00","3,376.50","3,366.98","4,43,735","1,49,40,46,001.20","48,883","2,28,804","51.56"
"TITAN","EQ","29-Jul-2025","3,393.00","3,390.00","3,397.00","3,355.60","3,380.00","3,379.20","3,375.18","5,11,042","1,72,48,60,507.50","40,529","2,90,465","56.84"
"TITAN","EQ","28-Jul-2025","3,462.80","3,453.00","3,462.60","3,382.00","3,385.00","3,393.00","3,407.88","6,03,916","2,05,80,75,882.50","61,598","3,07,734","50.96"
"TITAN","EQ","25-Jul-2025","3,484.40","3,476.40","3,480.00","3,447.00","3,451.20","3,462.80","3,467.40","6,24,410","2,16,50,76,881.00","42,642","3,42,163","54.80"
"TITAN","EQ","24-Jul-2025","3,471.40","3,467.40","3,489.80","3,458.00","3,476.30","3,484.40","3,480.44","6,30,718","2,19,51,74,989.90","41,481","3,57,773","56.72"
"TITAN","EQ","23-Jul-2025","3,472.40","3,472.40","3,481.90","3,444.00","3,467.50","3,471.40","3,468.11","5,84,590","2,02,74,24,777.40","34,275","3,69,983","63.29"
"TITAN","EQ","22-Jul-2025","3,433.00","3,450.00","3,490.00","3,430.30","3,469.50","3,472.40","3,470.55","17,52,275","6,08,13,49,950.20","1,05,404","9,68,691","55.28"
"TITAN","EQ","21-Jul-2025","3,402.90","3,391.00","3,439.10","3,365.20","3,428.00","3,433.00","3,413.52","5,61,799","1,91,77,13,994.90","53,659","3,10,147","55.21"
"TITAN","EQ","18-Jul-2025","3,433.30","3,444.00","3,444.00","3,392.00","3,398.00","3,402.90","3,409.47","2,93,360","1,00,02,03,582.20","31,622","1,38,526","47.22"
"TITAN","EQ","17-Jul-2025","3,417.30","3,418.40","3,448.00","3,416.50","3,429.90","3,433.30","3,435.39","5,59,482","1,92,20,41,447.00","44,190","3,50,583","62.66"
"TITAN","EQ","16-Jul-2025","3,415.00","3,417.00","3,422.20","3,388.50","3,418.00","3,417.30","3,409.55","6,69,532","2,28,28,03,318.10","59,314","4,60,645","68.80"
"TITAN","EQ","15-Jul-2025","3,404.70","3,418.00","3,422.00","3,387.70","3,416.00","3,415.00","3,408.76","6,86,088","2,33,87,08,389.10","59,160","4,25,740","62.05"
"TITAN","EQ","14-Jul-2025","3,361.60","3,372.00","3,410.00","3,344.00","3,402.00","3,404.70","3,380.37","7,55,781","2,55,48,19,682.60","59,598","4,43,427","58.67"
"TITAN","EQ","11-Jul-2025","3,419.80","3,408.00","3,422.20","3,357.00","3,361.00","3,361.60","3,384.57","8,56,956","2,90,04,30,166.60","79,607","5,47,300","63.87"
"TITAN","EQ","10-Jul-2025","3,432.10","3,432.10","3,445.00","3,414.00","3,414.90","3,419.80","3,427.43","4,96,586","1,70,20,12,571.90","45,487","2,76,513","55.68"
"TITAN","EQ","09-Jul-2025","3,441.30","3,441.30","3,461.50","3,420.60","3,431.00","3,432.10","3,436.17","18,68,271","6,41,96,88,359.40","1,18,992","12,46,810","66.74"
"TITAN","EQ","08-Jul-2025","3,666.10","3,581.80","3,581.80","3,435.00","3,440.00","3,441.30","3,472.97","39,52,270","13,72,61,07,743.70","2,94,383","18,24,711","46.17"
"TITAN","EQ","07-Jul-2025","3,686.90","3,675.50","3,696.00","3,647.90","3,670.00","3,666.10","3,664.83","8,29,472","3,03,98,73,515.80","65,557","6,12,933","73.89"
"TITAN","EQ","04-Jul-2025","3,678.70","3,666.00","3,690.10","3,645.10","3,684.00","3,686.90","3,668.61","6,29,926","2,31,09,55,899.40","55,072","3,96,394","62.93"
"TITAN","EQ","03-Jul-2025","3,708.00","3,702.00","3,712.90","3,672.20","3,684.00","3,678.70","3,690.25","5,28,710","1,95,10,71,711.20","64,998","3,11,695","58.95"
"TITAN","EQ","02-Jul-2025","3,700.50","3,705.00","3,721.90","3,689.00","3,707.00","3,708.00","3,706.02","5,83,514","2,16,25,15,600.10","46,027","3,49,906","59.97"
"TITAN","EQ","01-Jul-2025","3,690.20","3,699.00","3,726.50","3,667.00","3,697.00","3,700.50","3,703.30","9,47,173","3,50,76,61,875.60","67,562","6,55,398","69.20"
"TITAN","EQ","30-Jun-2025","3,666.20","3,666.20","3,698.50","3,652.00","3,688.00","3,690.20","3,680.66","9,21,775","3,39,27,36,425.00","79,644","6,62,154","71.83"
"TITAN","EQ","27-Jun-2025","3,694.70","3,700.00","3,709.10","3,659.50","3,669.50","3,666.20","3,673.76","6,01,285","2,20,89,73,974.60","67,828","3,05,574","50.82"
"TITAN","EQ","26-Jun-2025","3,652.20","3,655.00","3,700.50","3,644.00","3,694.60","3,694.70","3,680.02","16,20,497","5,96,34,60,137.40","88,763","8,09,778","49.97"
"TITAN","EQ","25-Jun-2025","3,526.00","3,550.00","3,665.00","3,550.00","3,655.00","3,652.20","3,632.71","26,97,912","9,80,07,22,482.30","1,48,940","13,05,288","48.38"
"TITAN","EQ","24-Jun-2025","3,505.70","3,523.10","3,567.00","3,506.10","3,539.00","3,526.00","3,534.12","9,68,797","3,42,38,48,127.30","98,270","4,63,313","47.82"
"TITAN","EQ","23-Jun-2025","3,519.00","3,480.20","3,528.50","3,473.00","3,502.90","3,505.70","3,495.86","6,43,325","2,24,89,75,836.00","47,761","3,23,844","50.34"
"TITAN","EQ","20-Jun-2025","3,505.40","3,500.00","3,545.00","3,489.00","3,510.40","3,519.00","3,519.36","29,41,214","10,35,11,90,183.90","1,14,378","24,42,549","83.05"
"TITAN","EQ","19-Jun-2025","3,467.80","3,478.80","3,521.60","3,467.80","3,500.20","3,505.40","3,505.53","10,22,566","3,58,46,37,805.90","85,489","4,20,469","41.12"
"TITAN","EQ","18-Jun-2025","3,405.70","3,406.00","3,480.00","3,390.00","3,478.80","3,467.80","3,438.07","9,72,739","3,34,43,41,902.60","70,473","6,19,287","63.66"
"TITAN","EQ","17-Jun-2025","3,438.10","3,428.00","3,437.60","3,395.40","3,406.40","3,405.70","3,409.47","10,00,345","3,41,06,41,806.10","74,325","7,39,034","73.88"
"TITAN","EQ","16-Jun-2025","3,421.90","3,411.00","3,453.70","3,396.20","3,437.10","3,438.10","3,431.65","5,34,665","1,83,47,80,596.10","45,834","3,52,571","65.94"
"TITAN","EQ","13-Jun-2025","3,452.70","3,409.70","3,440.80","3,383.00","3,420.00","3,421.90","3,421.14","8,21,750","2,81,13,25,479.60","55,825","5,09,490","62.00"
"TITAN","EQ","12-Jun-2025","3,541.60","3,548.00","3,559.80","3,445.50","3,448.90","3,452.70","3,488.45","8,11,822","2,83,20,04,470.30","68,748","4,80,001","59.13"
"TITAN","EQ","11-Jun-2025","3,524.20","3,525.00","3,549.00","3,505.00","3,534.70","3,541.60","3,525.77","5,05,077","1,78,07,84,441.60","44,670","3,10,532","61.48"
"TITAN","EQ","10-Jun-2025","3,533.90","3,545.00","3,545.00","3,506.10","3,523.80","3,524.20","3,523.84","5,61,695","1,97,93,21,023.50","56,305","3,20,675","57.09"
"TITAN","EQ","09-Jun-2025","3,559.90","3,564.80","3,580.00","3,521.20","3,533.90","3,533.90","3,542.12","5,40,262","1,91,36,74,011.20","56,193","3,04,337","56.33"
"TITAN","EQ","06-Jun-2025","3,504.00","3,524.00","3,570.90","3,486.20","3,561.90","3,559.90","3,541.14","6,02,422","2,13,32,63,196.40","44,834","2,68,961","44.65"
"TITAN","EQ","05-Jun-2025","3,499.80","3,498.70","3,535.00","3,474.20","3,502.40","3,504.00","3,504.79","6,08,651","2,13,31,96,612.40","56,202","3,06,422","50.34"
"TITAN","EQ","04-Jun-2025","3,519.80","3,506.10","3,519.80","3,486.00","3,498.70","3,499.80","3,501.24","4,10,354","1,43,67,47,340.50","38,244","2,34,856","57.23"
"TITAN","EQ","03-Jun-2025","3,525.50","3,525.50","3,580.00","3,503.50","3,521.00","3,519.80","3,524.65","6,76,943","2,38,59,84,927.60","65,935","3,41,278","50.41"
"TITAN","EQ","02-Jun-2025","3,555.00","3,525.10","3,542.00","3,475.90","3,534.90","3,525.50","3,512.05","7,26,392","2,55,11,24,749.70","53,984","4,17,707","57.50"
"TITAN","EQ","30-May-2025","3,588.30","3,580.00","3,605.00","3,542.10","3,550.00","3,555.00","3,564.53","9,62,944","3,43,24,46,825.50","49,315","6,68,769","69.45"
"TITAN","EQ","29-May-2025","3,574.70","3,580.00","3,600.00","3,560.10","3,600.00","3,588.30","3,582.16","5,13,095","1,83,79,89,558.50","40,146","2,93,148","57.13"
"TITAN","EQ","28-May-2025","3,589.40","3,595.00","3,601.60","3,545.00","3,572.00","3,574.70","3,571.58","4,49,324","1,60,47,97,879.40","36,449","2,16,513","48.19"
"TITAN","EQ","27-May-2025","3,610.30","3,615.00","3,639.00","3,562.20","3,589.60","3,589.40","3,588.33","10,19,733","3,65,91,37,821.50","1,13,185","4,60,207","45.13"
"TITAN","EQ","26-May-2025","3,579.70","3,576.00","3,640.00","3,570.40","3,614.40","3,610.30","3,610.92","5,25,514","1,89,75,87,778.80","58,759","2,57,607","49.02"
"TITAN","EQ","23-May-2025","3,541.00","3,531.00","3,606.30","3,523.00","3,579.00","3,579.70","3,576.65","4,16,717","1,49,04,48,831.00","40,811","2,40,863","57.80"
"TITAN","EQ","22-May-2025","3,580.50","3,565.00","3,575.00","3,516.10","3,550.80","3,541.00","3,540.38","7,09,846","2,51,31,21,336.50","57,639","4,24,828","59.85"
"TITAN","EQ","21-May-2025","3,580.60","3,570.00","3,623.10","3,567.30","3,584.00","3,580.50","3,588.62","4,15,016","1,48,93,35,907.20","35,704","2,02,872","48.88"
"TITAN","EQ","20-May-2025","3,617.70","3,617.70","3,620.00","3,575.10","3,579.40","3,580.60","3,593.71","8,11,416","2,91,59,91,036.40","63,401","5,88,089","72.48"
"TITAN","EQ","19-May-2025","3,633.70","3,617.00","3,649.50","3,611.40","3,612.00","3,617.70","3,627.37","3,76,760","1,36,66,48,570.10","50,988","2,52,871","67.12"
"TITAN","EQ","16-May-2025","3,636.80","3,654.00","3,655.90","3,613.40","3,633.20","3,633.70","3,630.78","5,25,064","1,90,63,89,308.60","40,579","3,13,590","59.72"
"TITAN","EQ","15-May-2025","3,587.60","3,597.00","3,665.00","3,553.90","3,628.80","3,636.80","3,619.48","12,27,751","4,44,38,14,864.60","98,154","5,54,981","45.20"
"TITAN","EQ","14-May-2025","3,563.20","3,555.00","3,610.00","3,550.00","3,585.20","3,587.60","3,586.87","5,88,159","2,10,96,52,660.90","49,709","3,51,014","59.68"
"TITAN","EQ","13-May-2025","3,562.90","3,562.90","3,588.40","3,540.10","3,556.00","3,563.20","3,561.60","9,96,541","3,54,92,80,743.30","91,133","5,21,597","52.34"
"TITAN","EQ","12-May-2025","3,510.30","3,537.20","3,585.00","3,530.30","3,567.00","3,562.90","3,561.90","9,56,930","3,40,84,90,656.70","79,243","4,81,442","50.31"
"TITAN","EQ","09-May-2025","3,369.30","3,367.00","3,530.00","3,354.20","3,509.90","3,510.30","3,496.81","28,63,992","10,01,48,33,930.60","2,04,685","9,50,398","33.18"
"TITAN","EQ","08-May-2025","3,338.90","3,349.90","3,412.50","3,325.00","3,345.00","3,369.30","3,373.34","15,97,339","5,38,83,67,799.20","1,11,344","7,18,589","44.99"
"TITAN","EQ","07-May-2025","3,299.30","3,280.00","3,381.00","3,260.20","3,338.00","3,338.90","3,332.39","10,47,443","3,49,04,92,196.10","69,814","4,97,327","47.48"
"TITAN","EQ","06-May-2025","3,321.80","3,321.80","3,325.30","3,245.50","3,291.00","3,299.30","3,281.15","6,50,789","2,13,53,39,392.10","63,207","2,35,008","36.11"
"TITAN","EQ","05-May-2025","3,341.00","3,357.70","3,408.50","3,307.00","3,315.00","3,321.80","3,350.37","5,65,178","1,89,35,54,061.90","51,968","2,81,891","49.88"
"TITAN","EQ","02-May-2025","3,379.70","3,362.10","3,381.50","3,324.00","3,330.00","3,341.00","3,350.10","6,68,467","2,23,94,31,081.30","80,561","3,70,181","55.38"
"TITAN","EQ","30-Apr-2025","3,378.60","3,374.00","3,409.00","3,354.30","3,356.30","3,379.70","3,386.38","7,08,818","2,40,03,28,199.20","56,811","4,20,681","59.35"
"TITAN","EQ","29-Apr-2025","3,369.10","3,375.90","3,398.00","3,354.00","3,375.20","3,378.60","3,378.78","5,75,435","1,94,42,70,229.70","57,300","3,25,186","56.51"
"TITAN","EQ","28-Apr-2025","3,365.20","3,356.00","3,397.40","3,351.00","3,369.90","3,369.10","3,374.56","3,84,147","1,29,63,25,533.10","44,189","1,98,967","51.79"
"TITAN","EQ","25-Apr-2025","3,382.60","3,382.60","3,419.50","3,316.00","3,357.00","3,365.20","3,364.77","7,04,325","2,36,98,89,835.80","56,990","3,92,780","55.77"
"TITAN","EQ","24-Apr-2025","3,357.30","3,356.80","3,395.00","3,344.00","3,387.00","3,382.60","3,374.40","9,01,747","3,04,28,53,754.40","55,946","5,60,530","62.16"
"TITAN","EQ","23-Apr-2025","3,337.40","3,357.00","3,373.70","3,315.50","3,350.30","3,357.30","3,347.94","6,28,656","2,10,47,01,302.50","57,955","3,39,551","54.01"
"TITAN","EQ","22-Apr-2025","3,336.10","3,336.10","3,358.80","3,320.10","3,341.30","3,337.40","3,337.73","6,09,213","2,03,33,87,516.90","53,198","3,26,344","53.57"
"TITAN","EQ","21-Apr-2025","3,327.50","3,314.00","3,353.50","3,290.00","3,345.00","3,336.10","3,329.40","6,72,129","2,23,77,88,941.10","65,177","3,25,190","48.38"
"TITAN","EQ","17-Apr-2025","3,272.10","3,250.00","3,334.80","3,211.20","3,322.00","3,327.50","3,288.54","10,83,612","3,56,34,98,012.80","98,982","4,81,458","44.43"
"TITAN","EQ","16-Apr-2025","3,273.40","3,250.00","3,286.00","3,245.10","3,269.70","3,272.10","3,268.42","8,89,943","2,90,87,11,519.60","90,706","5,92,560","66.58"
"TITAN","EQ","15-Apr-2025","3,234.90","3,270.00","3,285.00","3,245.10","3,271.00","3,273.40","3,271.44","11,21,769","3,66,98,03,668.10","79,464","7,81,538","69.67"
"TITAN","EQ","11-Apr-2025","3,174.15","3,222.00","3,242.55","3,201.25","3,234.00","3,234.90","3,226.11","8,14,920","2,62,90,19,827.55","80,813","4,75,166","58.31"
"TITAN","EQ","09-Apr-2025","3,122.30","3,137.85","3,188.25","3,090.70","3,178.95","3,174.15","3,161.41","12,15,988","3,84,42,40,464.05","1,44,003","6,66,571","54.82"
"TITAN","EQ","08-Apr-2025","3,022.20","3,149.70","3,227.25","3,101.00","3,124.35","3,122.30","3,148.82","28,30,156","8,91,16,41,410.85","1,87,521","9,84,938","34.80"
"TITAN","EQ","07-Apr-2025","3,076.20","2,925.00","3,048.00","2,925.00","3,046.10","3,022.20","2,996.48","13,78,989","4,13,21,19,551.30","1,20,442","7,22,683","52.41"
"TITAN","EQ","04-Apr-2025","3,127.55","3,099.00","3,114.90","3,050.00","3,078.00","3,076.20","3,083.14","9,01,801","2,78,03,82,869.15","53,461","5,81,050","64.43"
"TITAN","EQ","03-Apr-2025","3,098.45","3,071.00","3,151.00","3,068.00","3,125.00","3,127.55","3,129.58","11,15,568","3,49,12,60,055.15","68,566","6,11,875","54.85"
"TITAN","EQ","02-Apr-2025","2,986.95","3,011.00","3,105.00","2,971.15","3,102.30","3,098.45","3,057.30","16,74,921","5,12,07,33,421.55","88,599","8,46,818","50.56"
"TITAN","EQ","01-Apr-2025","3,063.35","3,053.70","3,075.70","2,982.00","2,988.45","2,986.95","3,008.79","10,68,622","3,21,52,55,258.05","1,01,127","5,69,875","53.33"
"TITAN","EQ","28-Mar-2025","3,087.65","3,094.00","3,111.80","3,051.05","3,062.00","3,063.35","3,079.14","7,78,417","2,39,68,56,499.80","64,248","4,20,793","54.06"
"TITAN","EQ","27-Mar-2025","3,057.50","3,047.55","3,097.70","3,047.55","3,091.40","3,087.65","3,079.63","16,35,143","5,03,56,42,166.10","92,761","10,61,362","64.91"
"TITAN","EQ","26-Mar-2025","3,053.70","3,068.95","3,077.75","3,034.55","3,060.00","3,057.50","3,058.36","10,10,449","3,09,03,21,629.80","85,568","6,06,344","60.01"
"TITAN","EQ","25-Mar-2025","3,079.10","3,085.00","3,099.95","3,046.00","3,048.30","3,053.70","3,067.41","11,74,346","3,60,21,99,434.75","1,05,972","6,54,291","55.72"
"TITAN","EQ","24-Mar-2025","3,162.70","3,168.20","3,175.95","3,075.00","3,076.00","3,079.10","3,091.72","14,81,216","4,57,95,12,412.50","1,22,732","8,05,589","54.39"
"TITAN","EQ","21-Mar-2025","3,193.10","3,186.95","3,190.00","3,154.95","3,166.75","3,162.70","3,168.29","11,81,974","3,74,48,34,772.90","88,848","7,35,514","62.23"
"TITAN","EQ","20-Mar-2025","3,076.30","3,100.00","3,205.00","3,080.00","3,183.05","3,193.10","3,170.04","15,42,807","4,89,07,60,482.45","1,18,687","6,65,877","43.16"
"TITAN","EQ","19-Mar-2025","3,081.70","3,088.05","3,095.00","3,058.20","3,077.00","3,076.30","3,074.13","7,30,983","2,24,71,33,157.55","63,305","4,96,494","67.92"
"TITAN","EQ","18-Mar-2025","3,017.35","3,030.75","3,088.00","3,015.40","3,088.00","3,081.70","3,061.34","8,65,951","2,65,09,73,987.65","83,506","5,09,167","58.80"
"TITAN","EQ","17-Mar-2025","3,010.15","2,985.05","3,036.40","2,985.05","3,016.40","3,017.35","3,015.38","6,32,348","1,90,67,71,489.35","57,116","4,17,200","65.98"
"TITAN","EQ","13-Mar-2025","3,018.95","3,019.40","3,049.50","3,000.30","3,005.00","3,010.15","3,017.81","7,85,215","2,36,96,28,694.85","73,946","4,61,798","58.81"
"TITAN","EQ","12-Mar-2025","3,046.40","3,037.40","3,053.80","2,996.05","3,019.35","3,018.95","3,022.00","4,89,535","1,47,93,75,521.15","70,066","2,91,738","59.59"
"TITAN","EQ","11-Mar-2025","3,026.80","3,015.00","3,055.90","3,010.00","3,053.90","3,046.40","3,040.14","5,76,260","1,75,19,09,672.55","59,513","2,52,379","43.80"
"TITAN","EQ","10-Mar-2025","3,079.35","3,080.00","3,083.00","3,021.10","3,027.60","3,026.80","3,041.98","8,55,408","2,60,21,33,629.50","86,076","5,62,088","65.71"
"TITAN","EQ","07-Mar-2025","3,121.10","3,121.10","3,124.60","3,074.65","3,080.00","3,079.35","3,092.27","10,20,056","3,15,42,84,650.15","59,320","7,36,184","72.17"
"TITAN","EQ","06-Mar-2025","3,086.55","3,091.20","3,131.65","3,047.00","3,125.00","3,121.10","3,086.41","13,99,483","4,31,93,71,944.80","1,05,110","8,11,030","57.95"
"TITAN","EQ","05-Mar-2025","3,048.50","3,048.50","3,107.45","3,035.70","3,092.15","3,086.55","3,084.07","5,79,883","1,78,83,97,632.10","57,473","3,62,824","62.57"
"TITAN","EQ","04-Mar-2025","3,082.00","3,050.00","3,070.00","3,017.00","3,048.95","3,048.50","3,036.72","11,86,136","3,60,19,57,875.55","1,15,832","8,06,353","67.98"
"TITAN","EQ","03-Mar-2025","3,077.25","3,090.00","3,102.10","3,057.75","3,082.55","3,082.00","3,081.14","5,16,171","1,59,03,96,127.15","77,522","2,86,397","55.48"
"TITAN","EQ","28-Feb-2025","3,223.10","3,202.00","3,217.95","3,060.00","3,087.00","3,077.25","3,100.15","13,22,618","4,10,03,14,628.40","1,19,307","8,10,008","61.24"
"TITAN","EQ","27-Feb-2025","3,198.80","3,198.80","3,228.00","3,176.95","3,225.00","3,223.10","3,207.40","6,04,023","1,93,73,40,769.10","62,303","3,43,561","56.88"
"TITAN","EQ","25-Feb-2025","3,173.00","3,140.00","3,211.50","3,136.55","3,200.75","3,198.80","3,191.57","6,42,281","2,04,98,83,941.20","69,880","2,94,410","45.84"
"TITAN","EQ","24-Feb-2025","3,179.90","3,131.00","3,187.95","3,131.00","3,172.00","3,173.00","3,172.49","4,31,232","1,36,80,77,841.35","63,117","2,28,776","53.05"
"TITAN","EQ","21-Feb-2025","3,191.45","3,191.45","3,205.95","3,162.25","3,176.00","3,179.90","3,181.81","4,07,794","1,29,75,23,450.65","52,922","2,06,913","50.74"
"TITAN","EQ","20-Feb-2025","3,210.30","3,210.00","3,218.65","3,188.15","3,195.00","3,191.45","3,198.28","6,53,151","2,08,89,62,159.35","55,985","3,86,992","59.25"
"TITAN","EQ","19-Feb-2025","3,221.85","3,220.00","3,253.65","3,191.80","3,205.80","3,210.30","3,219.83","5,21,953","1,68,05,99,297.70","48,047","2,34,716","44.97"
"TITAN","EQ","18-Feb-2025","3,233.20","3,234.80","3,244.00","3,192.30","3,219.00","3,221.85","3,215.97","5,92,636","1,90,59,01,694.15","57,130","3,60,005","60.75"
"TITAN","EQ","17-Feb-2025","3,213.25","3,195.25","3,238.50","3,176.00","3,226.60","3,233.20","3,216.91","7,12,614","2,29,24,14,904.50","84,620","4,35,276","61.08"
"TITAN","EQ","14-Feb-2025","3,231.50","3,236.30","3,253.00","3,186.45","3,211.00","3,213.25","3,213.87","5,87,411","1,88,78,64,280.00","61,210","2,89,344","49.26"
"TITAN","EQ","13-Feb-2025","3,255.45","3,250.25","3,277.95","3,215.20","3,230.50","3,231.50","3,247.61","7,27,243","2,36,18,05,057.70","67,859","3,49,273","48.03"
"TITAN","EQ","12-Feb-2025","3,281.80","3,282.75","3,317.40","3,212.60","3,258.00","3,255.45","3,263.30","7,74,619","2,52,78,15,057.75","96,248","3,69,995","47.76"
"TITAN","EQ","11-Feb-2025","3,327.45","3,334.70","3,348.00","3,271.60","3,284.90","3,281.80","3,302.83","9,03,965","2,98,56,46,654.20","91,875","4,66,555","51.61"
"TITAN","EQ","10-Feb-2025","3,424.80","3,415.00","3,425.00","3,311.00","3,325.00","3,327.45","3,349.36","9,04,436","3,02,92,81,222.45","86,914","5,57,690","61.66"
"TITAN","EQ","07-Feb-2025","3,410.75","3,414.90","3,453.90","3,388.20","3,432.85","3,424.80","3,426.48","7,40,155","2,53,61,28,148.60","87,937","3,86,416","52.21"
"TITAN","EQ","06-Feb-2025","3,490.90","3,490.90","3,504.25","3,397.85","3,413.00","3,410.75","3,426.27","10,59,617","3,63,05,38,717.40","96,306","4,60,044","43.42"
"TITAN","EQ","05-Feb-2025","3,597.70","3,596.00","3,652.00","3,472.20","3,490.00","3,490.90","3,525.11","21,65,947","7,63,52,01,454.50","1,58,302","6,14,331","28.36"
"TITAN","EQ","04-Feb-2025","3,580.30","3,590.00","3,614.00","3,520.00","3,588.00","3,597.70","3,573.89","12,79,779","4,57,37,87,179.75","1,46,242","5,90,495","46.14"
"TITAN","EQ","03-Feb-2025","3,552.00","3,565.00","3,642.55","3,551.75","3,574.35","3,580.30","3,596.75","15,43,897","5,55,30,11,447.90","1,42,424","7,80,660","50.56"
"TITAN","EQ","01-Feb-2025","3,490.25","3,527.00","3,635.15","3,408.00","3,572.40","3,552.00","3,512.49","21,86,692","7,68,07,38,274.75","1,32,302","7,45,311","34.08"
"TITAN","EQ","31-Jan-2025","3,368.40","3,400.00","3,527.45","3,392.40","3,491.30","3,490.25","3,486.67","12,12,261","4,22,67,53,794.20","1,22,515","5,18,649","42.78"
"TITAN","EQ","30-Jan-2025","3,370.75","3,370.65","3,390.00","3,345.20","3,371.65","3,368.40","3,369.77","6,88,608","2,32,04,51,065.00","56,941","3,63,186","52.74"
"TITAN","EQ","29-Jan-2025","3,325.90","3,339.20","3,375.00","3,309.05","3,356.95","3,370.75","3,355.65","5,70,137","1,91,31,82,482.65","58,151","3,43,617","60.27"
"TITAN","EQ","28-Jan-2025","3,319.35","3,319.35","3,370.85","3,299.55","3,329.85","3,325.90","3,333.91","5,79,957","1,93,35,26,005.70","69,453","2,39,250","41.25"
"TITAN","EQ","27-Jan-2025","3,402.15","3,388.00","3,401.95","3,307.25","3,312.00","3,319.35","3,348.23","6,18,309","2,07,02,39,086.95","60,108","3,58,740","58.02"
"TITAN","EQ","24-Jan-2025","3,398.55","3,407.00","3,447.65","3,380.45","3,398.00","3,402.15","3,406.34","5,64,244","1,92,20,08,513.75","50,633","2,34,998","41.65"
"TITAN","EQ","23-Jan-2025","3,356.45","3,356.45","3,433.00","3,325.50","3,399.30","3,398.55","3,393.01","7,13,603","2,42,12,64,041.15","69,051","2,87,920","40.35"
"TITAN","EQ","22-Jan-2025","3,353.35","3,354.80","3,385.00","3,334.65","3,355.00","3,356.45","3,360.13","5,98,329","2,01,04,64,271.15","56,381","3,17,519","53.07"
"TITAN","EQ","21-Jan-2025","3,382.25","3,400.95","3,412.70","3,335.15","3,364.00","3,353.35","3,368.38","10,16,047","3,42,24,35,903.20","85,762","2,89,402","28.48"
"TITAN","EQ","20-Jan-2025","3,357.40","3,374.10","3,407.70","3,347.50","3,393.00","3,382.25","3,384.16","7,22,342","2,44,45,22,674.70","53,540","3,69,330","51.13"
"TITAN","EQ","17-Jan-2025","3,316.90","3,319.90","3,368.00","3,285.05","3,358.05","3,357.40","3,338.55","5,59,153","1,86,67,60,385.90","49,956","2,75,359","49.25"
"TITAN","EQ","16-Jan-2025","3,323.50","3,327.00","3,338.85","3,282.00","3,321.00","3,316.90","3,300.98","11,70,734","3,86,45,64,001.55","80,503","6,45,460","55.13"
"TITAN","EQ","15-Jan-2025","3,322.50","3,322.00","3,340.50","3,283.00","3,322.00","3,323.50","3,306.68","11,69,593","3,86,74,71,672.45","86,331","7,34,087","62.76"
"TITAN","EQ","14-Jan-2025","3,382.75","3,400.00","3,429.00","3,310.00","3,335.00","3,322.50","3,338.78","11,33,561","3,78,47,11,721.55","84,328","7,58,574","66.92"
"TITAN","EQ","13-Jan-2025","3,440.25","3,380.00","3,467.00","3,352.50","3,384.55","3,382.75","3,406.58","12,82,557","4,36,91,27,555.85","94,131","7,12,680","55.57"
"TITAN","EQ","10-Jan-2025","3,487.05","3,462.00","3,488.00","3,428.75","3,439.00","3,440.25","3,453.68","5,70,060","1,96,88,04,832.45","64,008","2,72,314","47.77"
"TITAN","EQ","09-Jan-2025","3,484.05","3,485.95","3,506.45","3,461.55","3,489.00","3,487.05","3,484.27","8,26,237","2,87,88,36,473.20","73,482","4,55,045","55.07"
"TITAN","EQ","08-Jan-2025","3,505.10","3,487.65","3,514.50","3,391.30","3,485.15","3,484.05","3,451.64","13,17,377","4,54,71,08,404.25","1,10,053","6,57,441","49.91"
"TITAN","EQ","07-Jan-2025","3,470.40","3,490.00","3,576.70","3,485.00","3,490.90","3,505.10","3,533.44","23,89,563","8,44,33,82,226.00","1,59,776","11,82,852","49.50"
"TITAN","EQ","06-Jan-2025","3,451.65","3,490.00","3,528.50","3,441.20","3,476.50","3,470.40","3,490.62","21,45,936","7,49,06,41,820.45","1,63,209","9,29,866","43.33"
"TITAN","EQ","03-Jan-2025","3,388.95","3,395.00","3,481.95","3,377.95","3,450.00","3,451.65","3,447.09","16,30,862","5,62,17,28,416.85","1,40,337","8,93,369","54.78"
"TITAN","EQ","02-Jan-2025","3,253.85","3,264.00","3,400.95","3,251.00","3,399.90","3,388.95","3,339.78","11,52,493","3,84,90,68,650.90","98,727","6,32,912","54.92"
"TITAN","EQ","01-Jan-2025","3,253.15","3,248.00","3,269.90","3,244.05","3,253.95","3,253.85","3,254.98","3,57,376","1,16,32,52,543.00","49,516","1,95,460","54.69"
"TITAN","EQ","31-Dec-2024","3,257.35","3,250.00","3,275.65","3,230.80","3,254.00","3,253.15","3,252.74","6,16,440","2,00,51,17,085.35","59,847","4,01,197","65.08"
"TITAN","EQ","30-Dec-2024","3,309.20","3,309.95","3,317.95","3,247.45","3,257.00","3,257.35","3,273.16","9,41,859","3,08,28,58,650.15","56,865","6,57,190","69.78"
"TITAN","EQ","27-Dec-2024","3,323.05","3,319.85","3,345.00","3,301.10","3,310.00","3,309.20","3,321.89","5,68,989","1,89,01,20,474.60","44,646","3,70,648","65.14"
"TITAN","EQ","26-Dec-2024","3,353.40","3,365.00","3,371.85","3,312.65","3,314.00","3,323.05","3,337.51","6,37,094","2,12,63,07,475.65","65,169","3,75,373","58.92"
"TITAN","EQ","24-Dec-2024","3,396.95","3,385.35","3,419.00","3,338.20","3,359.00","3,353.40","3,372.29","4,85,245","1,63,63,88,950.80","59,157","1,74,465","35.95"
"TITAN","EQ","23-Dec-2024","3,356.25","3,378.10","3,406.30","3,336.65","3,391.35","3,396.95","3,387.98","6,91,202","2,34,17,75,122.85","66,373","3,66,926","53.09"
"TITAN","EQ","20-Dec-2024","3,356.85","3,350.00","3,419.00","3,333.15","3,344.90","3,356.25","3,370.52","12,35,769","4,16,51,86,079.10","96,622","6,42,581","52.00"
"TITAN","EQ","19-Dec-2024","3,401.90","3,349.60","3,399.95","3,332.00","3,358.00","3,356.85","3,364.99","7,32,634","2,46,53,06,765.55","53,341","4,46,237","60.91"
"TITAN","EQ","18-Dec-2024","3,406.10","3,401.20","3,424.00","3,390.00","3,403.85","3,401.90","3,403.89","6,46,145","2,19,94,04,078.85","52,863","3,99,491","61.83"
"TITAN","EQ","17-Dec-2024","3,438.20","3,422.05","3,449.40","3,397.60","3,406.50","3,406.10","3,412.96","10,05,604","3,43,20,87,342.80","75,642","6,20,824","61.74"
"TITAN","EQ","16-Dec-2024","3,508.85","3,505.00","3,511.00","3,429.00","3,440.00","3,438.20","3,448.67","12,95,227","4,46,68,10,282.75","1,12,361","8,77,790","67.77"
"TITAN","EQ","13-Dec-2024","3,445.75","3,420.00","3,518.00","3,380.25","3,511.00","3,508.85","3,459.79","12,42,351","4,29,82,70,978.20","1,09,368","6,97,867","56.17"
"TITAN","EQ","12-Dec-2024","3,473.10","3,470.50","3,473.10","3,412.00","3,440.15","3,445.75","3,440.90","9,26,472","3,18,78,96,393.60","78,691","4,61,276","49.79"
"TITAN","EQ","11-Dec-2024","3,475.75","3,484.75","3,490.75","3,460.30","3,471.80","3,473.10","3,472.71","5,54,702","1,92,63,17,334.95","53,036","3,26,159","58.80"
"TITAN","EQ","10-Dec-2024","3,468.20","3,470.00","3,516.95","3,436.05","3,479.90","3,475.75","3,482.97","10,63,355","3,70,36,37,092.80","83,557","6,07,461","57.13"
"TITAN","EQ","09-Dec-2024","3,470.10","3,467.50","3,488.25","3,446.90","3,466.50","3,468.20","3,466.61","9,26,422","3,21,15,45,197.45","84,569","5,82,625","62.89"
"TITAN","EQ","06-Dec-2024","3,441.05","3,453.95","3,499.65","3,430.00","3,467.35","3,470.10","3,471.63","12,78,516","4,43,85,31,336.15","1,01,693","7,10,878","55.60"
"TITAN","EQ","05-Dec-2024","3,364.45","3,374.95","3,465.40","3,353.60","3,438.10","3,441.05","3,418.98","23,83,630","8,14,95,72,144.05","1,56,477","12,98,197","54.46"
"TITAN","EQ","04-Dec-2024","3,332.75","3,342.00","3,383.00","3,338.00","3,368.00","3,364.45","3,361.30","16,30,076","5,47,91,74,460.30","1,13,802","11,68,117","71.66"
"TITAN","EQ","03-Dec-2024","3,306.85","3,290.00","3,338.70","3,276.60","3,331.00","3,332.75","3,322.52","11,62,310","3,86,17,92,773.85","1,19,085","8,15,275","70.14"
"TITAN","EQ","02-Dec-2024","3,249.00","3,249.00","3,309.90","3,222.05","3,302.00","3,306.85","3,283.51","9,15,980","3,00,76,32,322.85","79,049","5,66,132","61.81"
"TITAN","EQ","29-Nov-2024","3,212.35","3,212.35","3,260.00","3,212.35","3,245.00","3,249.00","3,245.56","11,39,585","3,69,85,86,070.85","1,02,334","6,83,267","59.96"
"TITAN","EQ","28-Nov-2024","3,291.65","3,292.00","3,305.00","3,200.35","3,224.80","3,212.35","3,233.81","17,01,387","5,50,19,68,434.75","1,46,152","9,00,272","52.91"
"TITAN","EQ","27-Nov-2024","3,327.50","3,325.00","3,329.90","3,280.15","3,292.00","3,291.65","3,298.26","7,32,835","2,41,70,83,280.35","62,503","3,69,978","50.49"
"TITAN","EQ","26-Nov-2024","3,309.10","3,310.00","3,343.75","3,295.70","3,325.00","3,327.50","3,320.08","7,21,345","2,39,49,24,014.40","69,407","3,94,844","54.74"
"TITAN","EQ","25-Nov-2024","3,308.70","3,360.00","3,369.85","3,298.05","3,318.00","3,309.10","3,317.23","18,92,510","6,27,78,83,657.75","1,08,947","12,19,424","64.43"
"TITAN","EQ","22-Nov-2024","3,178.45","3,174.85","3,317.00","3,152.15","3,302.00","3,308.70","3,267.72","22,07,527","7,21,35,84,916.70","1,36,683","14,24,764","64.54"
"TITAN","EQ","21-Nov-2024","3,224.70","3,225.00","3,233.95","3,148.35","3,178.95","3,178.45","3,178.71","15,82,159","5,02,92,23,313.55","1,23,325","9,75,016","61.63"
"TITAN","EQ","19-Nov-2024","3,172.30","3,192.00","3,283.00","3,172.30","3,220.00","3,224.70","3,244.12","11,74,506","3,81,02,38,619.60","92,094","6,26,417","53.33"
"TITAN","EQ","18-Nov-2024","3,183.70","3,183.70","3,207.20","3,157.50","3,170.65","3,172.30","3,177.48","9,43,251","2,99,71,63,926.20","1,26,558","5,85,619","62.09"
"TITAN","EQ","14-Nov-2024","3,187.85","3,145.05","3,195.15","3,136.00","3,184.05","3,183.70","3,164.50","11,61,637","3,67,60,00,257.30","1,14,955","6,54,531","56.35"
"TITAN","EQ","13-Nov-2024","3,198.45","3,175.00","3,221.60","3,162.20","3,186.35","3,187.85","3,193.76","9,11,537","2,91,12,27,312.40","79,752","4,85,245","53.23"
"TITAN","EQ","12-Nov-2024","3,206.60","3,201.65","3,239.00","3,185.00","3,187.00","3,198.45","3,207.62","9,92,983","3,18,51,11,275.20","73,831","6,00,395","60.46"
"TITAN","EQ","11-Nov-2024","3,186.25","3,191.60","3,230.05","3,158.25","3,203.00","3,206.60","3,201.94","10,54,929","3,37,78,18,672.10","89,564","5,38,699","51.06"
"TITAN","EQ","08-Nov-2024","3,120.85","3,121.00","3,192.90","3,106.00","3,183.00","3,186.25","3,154.83","17,19,882","5,42,59,41,569.65","1,17,888","9,04,342","52.58"
"TITAN","EQ","07-Nov-2024","3,177.05","3,180.00","3,186.05","3,108.10","3,126.00","3,120.85","3,133.57","16,08,603","5,04,06,72,080.85","1,46,326","9,23,394","57.40"
"TITAN","EQ","06-Nov-2024","3,230.25","3,145.00","3,208.95","3,114.00","3,183.55","3,177.05","3,159.06","45,22,923","14,28,81,85,047.15","2,70,551","16,16,332","35.74"
"TITAN","EQ","05-Nov-2024","3,222.00","3,206.00","3,258.90","3,185.00","3,235.00","3,230.25","3,217.14","8,72,402","2,80,66,41,795.30","74,263","2,88,887","33.11"
"TITAN","EQ","04-Nov-2024","3,293.70","3,318.00","3,318.00","3,190.10","3,222.95","3,222.00","3,220.83","11,22,152","3,61,42,55,915.60","1,35,910","5,34,669","47.65"
"TITAN","EQ","01-Nov-2024","3,267.05","3,304.00","3,317.60","3,282.35","3,300.00","3,293.70","3,297.36","1,76,636","58,24,32,999.80","20,929","86,281","48.85"
"TITAN","EQ","31-Oct-2024","3,308.45","3,291.00","3,299.90","3,253.60","3,277.00","3,267.05","3,267.13","11,70,306","3,82,35,43,033.15","1,11,970","7,05,762","60.31"
"TITAN","EQ","30-Oct-2024","3,283.40","3,261.00","3,321.80","3,235.10","3,306.95","3,308.45","3,295.03","8,95,278","2,94,99,68,950.85","93,877","5,37,370","60.02"
"TITAN","EQ","29-Oct-2024","3,283.05","3,285.80","3,298.00","3,227.00","3,289.00","3,283.40","3,265.95","7,02,769","2,29,52,11,634.50","58,963","3,80,509","54.14"
"TITAN","EQ","28-Oct-2024","3,266.55","3,270.00","3,315.00","3,254.05","3,283.95","3,283.05","3,288.17","7,36,462","2,42,16,09,489.75","66,122","4,04,038","54.86"
"TITAN","EQ","25-Oct-2024","3,330.90","3,332.00","3,342.35","3,232.35","3,271.45","3,266.55","3,270.55","8,05,013","2,63,28,37,638.60","1,03,742","3,61,999","44.97"
"TITAN","EQ","24-Oct-2024","3,288.60","3,301.05","3,342.90","3,279.20","3,336.40","3,330.90","3,317.56","7,64,369","2,53,58,37,873.45","76,220","4,02,924","52.71"
"TITAN","EQ","23-Oct-2024","3,329.80","3,330.00","3,335.00","3,282.50","3,289.80","3,288.60","3,308.31","8,77,837","2,90,41,58,625.20","87,446","4,81,810","54.89"
"TITAN","EQ","22-Oct-2024","3,363.25","3,374.90","3,421.50","3,319.25","3,330.00","3,329.80","3,352.35","8,82,086","2,95,70,62,238.75","80,744","3,72,992","42.29"
"TITAN","EQ","21-Oct-2024","3,381.45","3,417.95","3,419.85","3,335.50","3,355.00","3,363.25","3,366.48","7,14,746","2,40,61,76,521.10","81,435","3,07,220","42.98"
"TITAN","EQ","18-Oct-2024","3,403.35","3,395.00","3,422.35","3,296.10","3,394.00","3,381.45","3,368.68","12,49,585","4,20,94,47,427.25","1,15,811","4,41,626","35.34"
"TITAN","EQ","17-Oct-2024","3,471.00","3,487.00","3,487.00","3,380.10","3,385.80","3,403.35","3,432.19","5,60,796","1,92,47,58,421.50","56,093","2,45,396","43.76"
"TITAN","EQ","16-Oct-2024","3,508.50","3,508.00","3,510.00","3,440.00","3,466.00","3,471.00","3,465.96","5,91,644","2,05,06,13,470.35","58,864","2,68,162","45.32"
"TITAN","EQ","15-Oct-2024","3,497.80","3,523.95","3,529.45","3,477.00","3,508.80","3,508.50","3,502.61","5,78,719","2,02,70,26,257.20","49,494","3,06,179","52.91"
"TITAN","EQ","14-Oct-2024","3,474.40","3,474.40","3,525.00","3,452.55","3,508.00","3,497.80","3,498.08","5,93,206","2,07,50,82,223.25","56,723","2,34,570","39.54"
"TITAN","EQ","11-Oct-2024","3,447.25","3,464.00","3,491.00","3,444.30","3,474.90","3,474.40","3,468.31","8,58,463","2,97,74,11,597.50","62,387","4,63,467","53.99"
"TITAN","EQ","10-Oct-2024","3,493.45","3,510.00","3,531.55","3,415.10","3,458.20","3,447.25","3,462.04","14,88,328","5,15,26,47,296.75","1,10,044","7,68,492","51.63"
"TITAN","EQ","09-Oct-2024","3,493.35","3,518.00","3,558.80","3,486.60","3,499.90","3,493.45","3,515.99","10,63,802","3,74,03,13,032.20","1,07,963","5,48,204","51.53"
"TITAN","EQ","08-Oct-2024","3,589.25","3,589.25","3,595.00","3,480.00","3,504.90","3,493.35","3,523.16","13,60,120","4,79,19,19,353.15","1,26,793","6,88,753","50.64"
"TITAN","EQ","07-Oct-2024","3,670.10","3,739.95","3,748.00","3,552.30","3,575.00","3,589.25","3,602.31","25,23,321","9,08,97,83,038.40","1,83,567","10,62,986","42.13"
"TITAN","EQ","04-Oct-2024","3,674.95","3,625.00","3,753.80","3,625.00","3,692.00","3,670.10","3,701.28","15,42,987","5,71,10,33,655.20","1,29,724","6,53,902","42.38"
"TITAN","EQ","03-Oct-2024","3,775.95","3,689.10","3,782.00","3,650.05","3,684.45","3,674.95","3,702.57","15,97,560","5,91,50,70,864.95","1,25,658","9,49,597","59.44"
"TITAN","EQ","01-Oct-2024","3,823.95","3,823.95","3,837.95","3,757.00","3,782.95","3,775.95","3,778.23","7,74,221","2,92,51,82,981.30","85,425","3,51,958","45.46"
"TITAN","EQ","30-Sep-2024","3,816.70","3,786.00","3,863.55","3,786.00","3,828.00","3,823.95","3,833.65","10,68,609","4,09,66,71,801.20","89,364","6,28,502","58.81"
"TITAN","EQ","27-Sep-2024","3,757.55","3,774.00","3,867.00","3,751.20","3,816.00","3,816.70","3,825.64","21,64,755","8,28,15,78,656.05","1,17,484","13,31,405","61.50"
"TITAN","EQ","26-Sep-2024","3,737.25","3,738.00","3,777.15","3,701.40","3,754.00","3,757.55","3,734.30","18,63,893","6,96,03,39,379.15","1,57,213","13,03,270","69.92"
"TITAN","EQ","25-Sep-2024","3,784.90","3,800.00","3,803.55","3,710.05","3,742.00","3,737.25","3,741.89","9,42,343","3,52,61,46,041.10","75,805","5,75,245","61.04"
"TITAN","EQ","24-Sep-2024","3,820.10","3,818.00","3,839.90","3,781.55","3,785.00","3,784.90","3,805.38","12,81,513","4,87,66,48,043.70","83,598","9,68,055","75.54"
"TITAN","EQ","23-Sep-2024","3,797.20","3,797.20","3,829.00","3,781.00","3,814.45","3,820.10","3,815.58","5,30,107","2,02,26,65,888.00","50,627","2,51,299","47.41"
"TITAN","EQ","20-Sep-2024","3,780.95","3,793.00","3,819.00","3,740.00","3,795.60","3,797.20","3,792.40","19,51,755","7,40,18,32,467.95","1,30,608","8,76,806","44.92"
"TITAN","EQ","19-Sep-2024","3,725.35","3,750.00","3,795.00","3,741.10","3,793.00","3,780.95","3,775.07","9,45,257","3,56,84,10,365.65","79,488","4,74,978","50.25"
"TITAN","EQ","18-Sep-2024","3,767.40","3,769.00","3,786.00","3,708.00","3,726.80","3,725.35","3,745.00","4,20,638","1,57,52,88,762.50","38,930","1,51,641","36.05"
"TITAN","EQ","17-Sep-2024","3,740.65","3,759.90","3,777.00","3,727.30","3,764.70","3,767.40","3,758.93","3,92,339","1,47,47,76,591.65","45,477","1,80,152","45.92"
"TITAN","EQ","16-Sep-2024","3,767.00","3,768.00","3,789.00","3,735.40","3,741.45","3,740.65","3,756.70","3,86,602","1,45,23,47,363.80","37,412","1,72,547","44.63"
"TITAN","EQ","13-Sep-2024","3,764.25","3,777.00","3,799.85","3,740.00","3,762.55","3,767.00","3,771.02","10,03,355","3,78,36,75,145.35","87,140","4,20,349","41.89"
"TITAN","EQ","12-Sep-2024","3,711.10","3,736.00","3,774.00","3,711.10","3,758.00","3,764.25","3,749.75","13,37,327","5,01,46,47,866.05","1,12,922","5,91,278","44.21"
"TITAN","EQ","11-Sep-2024","3,727.40","3,731.90","3,743.50","3,700.10","3,710.30","3,711.10","3,719.79","8,31,810","3,09,41,60,897.90","88,291","5,15,696","62.00"
"TITAN","EQ","10-Sep-2024","3,684.55","3,704.00","3,750.00","3,666.00","3,720.50","3,727.40","3,722.70","11,09,078","4,12,87,60,610.40","99,559","6,35,742","57.32"
"TITAN","EQ","09-Sep-2024","3,695.50","3,690.10","3,724.45","3,653.75","3,675.60","3,684.55","3,685.43","9,23,357","3,40,29,63,072.10","75,203","4,43,365","48.02"
"TITAN","EQ","06-Sep-2024","3,722.85","3,714.95","3,742.00","3,665.00","3,697.50","3,695.50","3,691.85","14,08,795","5,20,10,66,241.45","1,12,804","7,41,424","52.63"
"TITAN","EQ","05-Sep-2024","3,607.70","3,616.60","3,753.95","3,600.40","3,720.00","3,722.85","3,709.07","34,37,885","12,75,13,63,964.15","2,29,845","14,86,339","43.23"
"TITAN","EQ","04-Sep-2024","3,621.15","3,586.10","3,617.50","3,568.20","3,607.00","3,607.70","3,598.08","5,29,856","1,90,64,66,024.90","55,873","2,17,653","41.08"
"TITAN","EQ","03-Sep-2024","3,587.55","3,587.55","3,634.90","3,560.15","3,620.00","3,621.15","3,608.58","11,12,614","4,01,49,52,127.50","77,057","5,85,722","52.64"
"TITAN","EQ","02-Sep-2024","3,565.15","3,565.15","3,601.95","3,552.00","3,585.00","3,587.55","3,581.87","7,18,800","2,57,46,45,877.55","62,659","4,06,432","56.54"
"TITAN","EQ","30-Aug-2024","3,533.20","3,550.00","3,598.00","3,542.50","3,570.00","3,565.15","3,567.34","21,16,894","7,55,16,84,723.65","1,06,930","11,99,891","56.68"
"TITAN","EQ","29-Aug-2024","3,527.50","3,537.00","3,553.75","3,510.00","3,544.85","3,533.20","3,530.49","9,27,472","3,27,44,27,793.55","90,704","3,88,122","41.85"
"TITAN","EQ","28-Aug-2024","3,551.25","3,559.65","3,579.95","3,519.90","3,532.00","3,527.50","3,546.04","7,27,481","2,57,96,75,627.25","64,889","2,96,433","40.75"
"TITAN","EQ","27-Aug-2024","3,630.20","3,630.20","3,658.80","3,530.50","3,560.00","3,551.25","3,584.98","11,69,007","4,19,08,70,378.60","85,082","4,76,608","40.77"
"TITAN","EQ","26-Aug-2024","3,570.00","3,592.00","3,640.00","3,574.05","3,628.00","3,630.20","3,617.09","11,56,681","4,18,38,22,530.85","73,725","5,55,377","48.01"
"TITAN","EQ","23-Aug-2024","3,604.40","3,611.45","3,622.85","3,544.00","3,571.00","3,570.00","3,571.34","11,73,387","4,19,05,68,629.20","86,803","4,52,209","38.54"
"TITAN","EQ","22-Aug-2024","3,560.40","3,574.95","3,625.00","3,553.70","3,601.00","3,604.40","3,599.26","15,31,544","5,51,24,20,941.25","1,05,625","6,47,351","42.27"
"TITAN","EQ","21-Aug-2024","3,474.90","3,474.90","3,582.00","3,454.55","3,559.00","3,560.40","3,544.64","19,90,034","7,05,39,59,369.25","1,02,771","9,48,684","47.67"
"TITAN","EQ","20-Aug-2024","3,464.85","3,480.00","3,483.10","3,454.40","3,476.60","3,474.90","3,470.59","5,26,591","1,82,75,80,151.80","57,494","2,99,818","56.94"
"TITAN","EQ","19-Aug-2024","3,444.75","3,436.20","3,504.20","3,436.20","3,465.00","3,464.85","3,467.94","11,35,205","3,93,68,17,848.15","79,991","6,57,242","57.90"
"TITAN","EQ","16-Aug-2024","3,402.15","3,410.00","3,450.10","3,370.20","3,447.00","3,444.75","3,411.93","11,61,982","3,96,46,05,171.60","90,506","6,38,319","54.93"
"TITAN","EQ","14-Aug-2024","3,383.55","3,390.00","3,416.20","3,356.85","3,400.10","3,402.15","3,396.09","9,97,803","3,38,86,32,728.35","86,901","4,66,962","46.80"
"TITAN","EQ","13-Aug-2024","3,320.85","3,330.00","3,404.75","3,305.40","3,385.00","3,383.55","3,373.76","13,14,371","4,43,43,69,472.20","89,173","5,38,145","40.94"
"TITAN","EQ","12-Aug-2024","3,331.70","3,331.65","3,345.00","3,295.35","3,325.55","3,320.85","3,324.55","8,74,598","2,90,76,42,409.40","64,796","5,75,616","65.81"
"TITAN","EQ","09-Aug-2024","3,296.50","3,350.00","3,350.00","3,285.10","3,331.00","3,331.70","3,312.69","10,19,809","3,37,83,14,823.50","59,468","6,25,429","61.33"
"TITAN","EQ","08-Aug-2024","3,326.25","3,337.00","3,359.95","3,283.90","3,291.80","3,296.50","3,311.58","12,80,733","4,24,12,47,952.45","95,820","6,85,736","53.54"
"TITAN","EQ","07-Aug-2024","3,335.10","3,360.00","3,368.85","3,317.05","3,330.00","3,326.25","3,330.11","12,77,139","4,25,30,08,756.55","74,372","8,50,035","66.56"
"TITAN","EQ","06-Aug-2024","3,375.95","3,380.95","3,416.35","3,321.10","3,348.00","3,335.10","3,365.79","9,76,535","3,28,68,07,469.80","85,179","4,42,161","45.28"
"TITAN","EQ","05-Aug-2024","3,462.35","3,320.05","3,459.00","3,316.50","3,380.85","3,375.95","3,390.35","19,32,064","6,55,03,76,732.10","1,35,244","8,31,390","43.03"
"TITAN","EQ","02-Aug-2024","3,468.35","3,415.00","3,477.90","3,410.00","3,450.00","3,462.35","3,440.56","11,68,195","4,01,92,50,507.15","88,255","4,43,814","37.99"
"TITAN","EQ","01-Aug-2024","3,458.95","3,475.00","3,492.00","3,442.50","3,462.25","3,468.35","3,470.66","8,79,399","3,05,20,96,384.85","76,114","4,02,594","45.78"
"TITAN","EQ","31-Jul-2024","3,468.25","3,479.05","3,499.90","3,446.55","3,464.65","3,458.95","3,466.60","13,61,595","4,72,01,04,825.85","97,885","7,54,659","55.42"
"TITAN","EQ","30-Jul-2024","3,411.70","3,424.95","3,479.00","3,410.60","3,472.00","3,468.25","3,451.49","13,16,880","4,54,52,01,729.80","1,13,381","6,55,515","49.78"
"TITAN","EQ","29-Jul-2024","3,494.15","3,495.00","3,499.55","3,388.00","3,425.95","3,411.70","3,422.41","22,13,293","7,57,47,85,371.20","1,42,862","14,43,179","65.21"
"TITAN","EQ","26-Jul-2024","3,405.80","3,405.80","3,501.70","3,393.00","3,484.05","3,494.15","3,467.38","18,30,745","6,34,78,88,069.75","1,25,761","9,14,285","49.94"
"TITAN","EQ","25-Jul-2024","3,478.40","3,415.00","3,454.40","3,384.45","3,405.00","3,405.80","3,412.43","14,76,422","5,03,81,79,496.30","98,976","7,14,284","48.38"
"TITAN","EQ","24-Jul-2024","3,466.85","3,470.00","3,552.50","3,462.15","3,469.50","3,478.40","3,506.15","38,62,140","13,54,12,53,205.00","1,81,038","20,31,429","52.60"
"TITAN","EQ","23-Jul-2024","3,254.45","3,255.10","3,490.00","3,232.15","3,468.00","3,466.85","3,421.16","71,59,507","24,49,38,42,675.90","3,30,158","28,86,748","40.32"
"TITAN","EQ","22-Jul-2024","3,259.00","3,250.00","3,273.40","3,223.20","3,249.00","3,254.45","3,256.52","6,96,255","2,26,73,65,042.20","58,218","3,65,492","52.49"
"TITAN","EQ","19-Jul-2024","3,262.10","3,262.05","3,279.00","3,235.00","3,254.00","3,259.00","3,262.35","11,11,191","3,62,50,90,452.60","70,958","6,37,378","57.36"
"TITAN","EQ","18-Jul-2024","3,234.05","3,232.95","3,269.10","3,206.00","3,263.00","3,262.10","3,244.49","10,86,374","3,52,47,27,824.50","93,351","5,23,926","48.23"
"TITAN","EQ","16-Jul-2024","3,224.20","3,227.95","3,251.00","3,224.10","3,236.50","3,234.05","3,237.67","5,01,336","1,62,31,61,518.80","48,876","2,78,957","55.64"
"TITAN","EQ","15-Jul-2024","3,229.85","3,241.75","3,252.40","3,205.40","3,225.00","3,224.20","3,224.02","12,43,810","4,01,00,66,747.75","60,665","8,24,416","66.28"
"TITAN","EQ","12-Jul-2024","3,248.60","3,266.00","3,269.00","3,220.05","3,221.45","3,229.85","3,242.66","14,96,692","4,85,32,59,484.30","1,10,008","8,69,344","58.08"
"TITAN","EQ","11-Jul-2024","3,225.00","3,246.95","3,258.75","3,230.00","3,250.00","3,248.60","3,245.42","11,05,185","3,58,67,94,170.00","95,909","5,88,861","53.28"
"TITAN","EQ","10-Jul-2024","3,215.15","3,217.75","3,252.70","3,190.50","3,231.00","3,225.00","3,227.92","14,37,517","4,64,01,83,300.90","1,03,250","6,76,720","47.08"
"TITAN","EQ","09-Jul-2024","3,156.20","3,170.00","3,222.05","3,165.00","3,216.00","3,215.15","3,198.37","20,44,328","6,53,85,19,349.45","1,19,941","12,43,680","60.84"
"TITAN","EQ","08-Jul-2024","3,269.35","3,204.00","3,204.00","3,126.10","3,160.45","3,156.20","3,147.11","53,23,920","16,75,49,53,927.60","3,85,207","31,95,485","60.02"
"TITAN","EQ","05-Jul-2024","3,336.00","3,332.00","3,332.00","3,257.00","3,272.50","3,269.35","3,275.19","20,01,382","6,55,49,07,749.90","1,92,944","10,89,682","54.45"
"TITAN","EQ","04-Jul-2024","3,360.25","3,365.00","3,369.90","3,330.00","3,338.00","3,336.00","3,343.83","7,41,143","2,47,82,57,079.70","58,236","4,41,545","59.58"
"TITAN","EQ","03-Jul-2024","3,399.65","3,420.80","3,426.95","3,341.90","3,362.00","3,360.25","3,378.33","9,80,605","3,31,28,06,737.10","74,950","6,31,486","64.40"
"TITAN","EQ","02-Jul-2024","3,431.45","3,446.00","3,450.00","3,385.30","3,400.05","3,399.65","3,410.17","8,78,947","2,99,73,62,276.25","74,521","5,63,922","64.16"
"TITAN","EQ","01-Jul-2024","3,404.20","3,382.00","3,435.00","3,381.50","3,434.95","3,431.45","3,415.39","10,01,832","3,42,16,48,117.35","63,947","6,39,797","63.86"
"TITAN","EQ","28-Jun-2024","3,380.60","3,380.60","3,419.90","3,366.35","3,403.00","3,404.20","3,400.74","10,05,498","3,41,94,35,941.20","99,506","4,97,533","49.48"
"TITAN","EQ","27-Jun-2024","3,372.75","3,370.00","3,392.50","3,361.05","3,379.70","3,380.60","3,375.35","14,62,935","4,93,79,10,978.00","1,13,899","8,42,358","57.58"
"TITAN","EQ","26-Jun-2024","3,402.45","3,401.50","3,401.50","3,370.00","3,375.90","3,372.75","3,379.76","14,85,709","5,02,13,38,816.90","1,03,499","10,51,250","70.76"
"TITAN","EQ","25-Jun-2024","3,412.35","3,412.55","3,423.40","3,384.90","3,404.00","3,402.45","3,399.74","12,99,560","4,41,81,68,428.15","61,065","9,71,020","74.72"
"TITAN","EQ","24-Jun-2024","3,399.75","3,380.35","3,429.00","3,372.30","3,419.00","3,412.35","3,404.38","6,45,002","2,19,58,30,196.60","54,751","3,34,309","51.83"
"TITAN","EQ","21-Jun-2024","3,435.95","3,430.70","3,473.65","3,383.40","3,400.05","3,399.75","3,409.16","27,07,405","9,22,99,85,382.85","1,68,682","14,28,455","52.76"
"TITAN","EQ","20-Jun-2024","3,462.35","3,474.00","3,490.00","3,418.10","3,443.85","3,435.95","3,442.85","23,77,432","8,18,51,41,364.65","1,48,754","14,46,097","60.83"
"TITAN","EQ","19-Jun-2024","3,589.00","3,595.00","3,595.00","3,456.00","3,459.75","3,462.35","3,488.09","18,62,394","6,49,61,96,538.40","1,67,833","8,85,274","47.53"
"TITAN","EQ","18-Jun-2024","3,530.05","3,554.80","3,625.00","3,538.00","3,586.00","3,589.00","3,595.24","15,85,048","5,69,86,20,533.80","1,10,262","7,11,120","44.86"
"TITAN","EQ","14-Jun-2024","3,472.20","3,490.00","3,535.00","3,479.00","3,531.00","3,530.05","3,504.86","23,46,892","8,22,55,31,474.90","1,26,264","15,52,483","66.15"
"TITAN","EQ","13-Jun-2024","3,382.30","3,424.95","3,477.10","3,390.00","3,472.90","3,472.20","3,447.69","17,53,028","6,04,39,04,525.65","1,20,064","9,63,310","54.95"
"TITAN","EQ","12-Jun-2024","3,410.70","3,411.35","3,418.90","3,370.85","3,384.95","3,382.30","3,384.71","20,54,168","6,95,27,58,352.45","1,30,719","14,56,809","70.92"
"TITAN","EQ","11-Jun-2024","3,422.20","3,418.20","3,438.30","3,401.90","3,408.40","3,410.70","3,416.03","10,86,157","3,71,03,49,599.35","58,591","7,46,537","68.73"
"TITAN","EQ","10-Jun-2024","3,444.05","3,443.00","3,452.00","3,390.00","3,420.00","3,422.20","3,414.81","16,55,552","5,65,33,96,315.80","95,993","10,72,272","64.77"
"TITAN","EQ","07-Jun-2024","3,321.65","3,294.40","3,456.60","3,294.40","3,434.80","3,444.05","3,403.15","20,84,099","7,09,24,94,619.15","1,36,449","10,11,651","48.54"
"TITAN","EQ","06-Jun-2024","3,317.65","3,329.00","3,360.00","3,290.75","3,333.00","3,321.65","3,319.34","18,25,503","6,05,94,68,577.05","1,47,143","9,45,303","51.78"
"TITAN","EQ","05-Jun-2024","3,238.95","3,266.00","3,334.00","3,201.05","3,314.05","3,317.65","3,294.25","13,96,386","4,60,00,42,650.85","1,19,199","7,40,729","53.05"
"TITAN","EQ","04-Jun-2024","3,261.20","3,261.20","3,295.20","3,055.65","3,260.00","3,238.95","3,215.72","29,34,800","9,43,74,93,407.50","2,66,725","15,52,382","52.90"
"TITAN","EQ","03-Jun-2024","3,241.90","3,310.00","3,332.95","3,250.00","3,260.00","3,261.20","3,276.32","13,78,542","4,51,65,41,363.35","1,32,424","8,51,879","61.80"
"TITAN","EQ","31-May-2024","3,271.85","3,298.00","3,328.80","3,216.75","3,250.90","3,241.90","3,265.92","25,24,214","8,24,38,68,713.15","1,62,003","13,45,552","53.31"
"TITAN","EQ","30-May-2024","3,380.40","3,365.00","3,365.00","3,254.00","3,289.00","3,271.85","3,295.40","23,65,535","7,79,53,95,309.15","2,49,490","14,41,174","60.92"
"TITAN","EQ","29-May-2024","3,409.40","3,405.35","3,418.00","3,371.10","3,378.00","3,380.40","3,397.18","5,19,533","1,76,49,47,999.35","54,859","3,20,507","61.69"
"TITAN","EQ","28-May-2024","3,403.40","3,404.00","3,423.00","3,392.15","3,409.75","3,409.40","3,406.28","5,48,576","1,86,86,04,064.95","50,153","3,19,317","58.21"
"TITAN","EQ","27-May-2024","3,412.40","3,423.95","3,436.30","3,390.30","3,404.00","3,403.40","3,412.87","8,04,488","2,74,56,14,415.70","69,087","4,93,647","61.36"
"TITAN","EQ","24-May-2024","3,452.05","3,452.10","3,455.05","3,404.20","3,411.00","3,412.40","3,426.08","8,78,625","3,01,02,41,182.40","77,558","5,95,978","67.83"
"TITAN","EQ","23-May-2024","3,383.85","3,383.00","3,460.40","3,377.75","3,444.65","3,452.05","3,429.39","9,77,789","3,35,32,19,427.75","1,05,243","4,15,365","42.48"
"TITAN","EQ","22-May-2024","3,377.00","3,384.75","3,403.10","3,360.00","3,382.95","3,383.85","3,386.61","6,26,567","2,12,19,40,815.35","71,504","3,63,416","58.00"
"TITAN","EQ","21-May-2024","3,362.55","3,355.00","3,380.30","3,351.00","3,375.00","3,377.00","3,369.49","8,27,674","2,78,88,40,489.40","80,838","5,97,713","72.22"
"TITAN","EQ","18-May-2024","3,361.15","3,376.00","3,376.00","3,345.00","3,363.00","3,362.55","3,362.73","56,642","19,04,71,605.15","6,444","32,726","57.78"
"TITAN","EQ","17-May-2024","3,333.90","3,347.95","3,368.00","3,308.00","3,365.30","3,361.15","3,347.81","11,94,228","3,99,80,43,624.65","89,306","7,65,902","64.13"
"TITAN","EQ","16-May-2024","3,268.55","3,276.30","3,348.00","3,251.30","3,338.00","3,333.90","3,290.00","14,04,971","4,62,23,60,721.70","1,48,459","6,97,580","49.65"
"TITAN","EQ","15-May-2024","3,288.90","3,304.00","3,306.45","3,260.00","3,269.90","3,268.55","3,276.82","6,57,036","2,15,29,86,020.30","72,285","3,42,887","52.19"
"TITAN","EQ","14-May-2024","3,253.65","3,250.00","3,308.00","3,250.00","3,290.10","3,288.90","3,289.48","6,20,163","2,04,00,15,263.40","68,973","3,26,158","52.59"
"TITAN","EQ","13-May-2024","3,289.85","3,307.50","3,308.00","3,230.50","3,256.40","3,253.65","3,256.12","12,94,603","4,21,53,83,855.35","1,15,253","8,69,038","67.13"
"TITAN","EQ","10-May-2024","3,245.70","3,258.10","3,306.20","3,242.75","3,292.90","3,289.85","3,286.19","13,07,103","4,29,53,83,125.45","1,08,217","6,90,400","52.82"
"TITAN","EQ","09-May-2024","3,259.85","3,259.85","3,322.50","3,233.00","3,244.50","3,245.70","3,266.63","18,60,654","6,07,80,77,254.35","1,99,058","10,39,908","55.89"
"TITAN","EQ","08-May-2024","3,270.90","3,275.40","3,281.00","3,238.45","3,255.00","3,259.85","3,255.85","20,54,981","6,69,07,00,307.90","1,99,156","15,32,460","74.57"
"TITAN","EQ","07-May-2024","3,280.15","3,330.00","3,332.00","3,227.00","3,286.40","3,270.90","3,260.54","31,11,444","10,14,50,00,464.25","2,94,044","16,81,910","54.06"
"TITAN","EQ","06-May-2024","3,533.90","3,476.00","3,488.80","3,257.00","3,284.00","3,280.15","3,320.04","68,91,728","22,88,07,94,922.95","5,87,365","39,10,192","56.74"
"TITAN","EQ","03-May-2024","3,568.45","3,595.00","3,599.00","3,492.00","3,514.75","3,533.90","3,535.67","16,81,592","5,94,55,60,864.55","1,50,832","7,63,666","45.41"
"TITAN","EQ","02-May-2024","3,589.25","3,585.00","3,598.00","3,546.30","3,574.10","3,568.45","3,568.49","14,35,891","5,12,39,64,563.00","1,42,565","7,00,673","48.80"
"TITAN","EQ","30-Apr-2024","3,604.85","3,602.65","3,619.50","3,580.00","3,595.00","3,589.25","3,597.42","9,63,220","3,46,51,04,108.05","82,036","6,34,672","65.89"
"TITAN","EQ","29-Apr-2024","3,584.80","3,585.00","3,613.45","3,573.15","3,605.00","3,604.85","3,595.71","7,03,524","2,52,96,70,575.35","79,880","4,45,825","63.37"
"TITAN","EQ","26-Apr-2024","3,571.10","3,588.00","3,593.25","3,556.30","3,590.75","3,584.80","3,580.58","7,98,783","2,86,01,04,542.80","1,14,513","4,12,360","51.62"
"TITAN","EQ","25-Apr-2024","3,609.75","3,595.00","3,602.50","3,541.00","3,570.00","3,571.10","3,571.38","18,89,163","6,74,69,24,952.15","1,67,582","8,58,168","45.43"
"TITAN","EQ","24-Apr-2024","3,633.00","3,642.00","3,644.85","3,580.05","3,608.00","3,609.75","3,610.13","6,52,811","2,35,67,29,909.15","66,541","3,24,108","49.65"
"TITAN","EQ","23-Apr-2024","3,596.75","3,619.95","3,648.00","3,605.15","3,635.00","3,633.00","3,632.54","7,69,991","2,79,70,23,033.55","63,319","4,45,801","57.90"
"TITAN","EQ","22-Apr-2024","3,563.05","3,567.00","3,615.00","3,552.00","3,604.00","3,596.75","3,587.47","6,68,659","2,39,87,95,089.90","59,316","3,57,683","53.49"
"TITAN","EQ","19-Apr-2024","3,525.10","3,525.10","3,571.20","3,478.25","3,562.00","3,563.05","3,534.54","15,07,940","5,32,98,70,225.30","1,44,658","7,83,088","51.93"
"TITAN","EQ","18-Apr-2024","3,645.90","3,645.90","3,660.00","3,501.00","3,538.80","3,525.10","3,583.60","16,77,946","6,01,30,90,218.85","1,61,969","7,30,232","43.52"
"TITAN","EQ","16-Apr-2024","3,600.60","3,589.00","3,653.20","3,583.00","3,651.00","3,645.90","3,633.46","11,16,890","4,05,81,77,858.90","95,188","5,77,524","51.71"
"TITAN","EQ","15-Apr-2024","3,619.30","3,607.00","3,639.20","3,590.00","3,602.90","3,600.60","3,608.67","8,54,076","3,08,20,80,690.10","96,444","4,83,746","56.64"
"TITAN","EQ","12-Apr-2024","3,711.20","3,689.55","3,694.80","3,609.45","3,623.00","3,619.30","3,638.51","19,10,561","6,95,15,89,328.70","1,68,409","10,33,927","54.12"
"TITAN","EQ","10-Apr-2024","3,679.35","3,690.00","3,720.35","3,681.45","3,709.95","3,711.20","3,704.35","5,67,546","2,10,23,89,697.55","60,486","3,05,681","53.86"
"TITAN","EQ","09-Apr-2024","3,748.90","3,755.00","3,761.00","3,664.35","3,682.30","3,679.35","3,701.44","7,45,285","2,75,86,24,720.65","77,158","4,95,623","66.50"
"TITAN","EQ","08-Apr-2024","3,754.45","3,798.65","3,808.30","3,720.35","3,742.90","3,748.90","3,755.40","8,49,267","3,18,93,36,452.80","61,882","3,94,274","46.43"
"TITAN","EQ","05-Apr-2024","3,782.75","3,778.40","3,801.90","3,741.00","3,754.65","3,754.45","3,766.30","6,23,873","2,34,96,92,508.85","80,300","3,02,238","48.45"
"TITAN","EQ","04-Apr-2024","3,712.50","3,740.00","3,792.30","3,679.00","3,785.00","3,782.75","3,739.16","11,77,617","4,40,32,98,675.90","1,34,556","3,67,816","31.23"
"TITAN","EQ","03-Apr-2024","3,755.95","3,745.10","3,752.00","3,705.00","3,716.00","3,712.50","3,726.71","8,01,601","2,98,73,37,278.60","93,862","4,90,121","61.14"
"TITAN","EQ","02-Apr-2024","3,738.40","3,754.00","3,781.45","3,734.10","3,755.00","3,755.95","3,756.55","6,77,963","2,54,67,99,942.75","58,743","3,79,871","56.03"
"TITAN","EQ","01-Apr-2024","3,801.80","3,822.95","3,832.55","3,730.50","3,745.95","3,738.40","3,761.49","9,64,052","3,62,62,75,731.40","94,149","5,51,779","57.24"
"TITAN","EQ","28-Mar-2024","3,759.40","3,760.00","3,838.30","3,732.55","3,800.00","3,801.80","3,790.94","15,90,738","6,03,03,99,631.40","1,35,540","6,65,950","41.86"
"TITAN","EQ","27-Mar-2024","3,698.20","3,699.00","3,784.90","3,692.80","3,758.00","3,759.40","3,740.49","13,15,714","4,92,14,14,371.65","1,04,737","8,83,481","67.15"
"TITAN","EQ","26-Mar-2024","3,706.70","3,665.00","3,729.95","3,665.00","3,699.30","3,698.20","3,700.94","11,58,224","4,28,65,14,794.15","1,02,991","7,48,960","64.66"
"TITAN","EQ","22-Mar-2024","3,627.55","3,627.55","3,726.90","3,621.25","3,692.05","3,706.70","3,687.26","12,81,102","4,72,37,60,419.55","1,35,691","5,69,863","44.48"
"TITAN","EQ","21-Mar-2024","3,590.50","3,606.95","3,637.00","3,590.05","3,630.00","3,627.55","3,615.70","7,67,905","2,77,65,10,565.20","89,102","4,37,063","56.92"
"TITAN","EQ","20-Mar-2024","3,583.40","3,583.40","3,596.90","3,550.00","3,592.70","3,590.50","3,575.27","5,26,882","1,88,37,43,241.75","74,528","3,32,352","63.08"
"TITAN","EQ","19-Mar-2024","3,579.70","3,579.00","3,606.65","3,547.05","3,577.00","3,583.40","3,581.71","5,54,444","1,98,58,56,581.00","54,308","3,02,204","54.51"
"TITAN","EQ","18-Mar-2024","3,633.20","3,619.00","3,620.00","3,565.10","3,579.00","3,579.70","3,582.60","7,85,257","2,81,32,58,829.35","86,558","4,78,004","60.87"
"TITAN","EQ","15-Mar-2024","3,640.15","3,634.70","3,655.95","3,610.00","3,638.00","3,633.20","3,631.33","12,07,241","4,38,38,90,036.30","1,02,456","8,08,210","66.95"
"TITAN","EQ","14-Mar-2024","3,625.70","3,629.95","3,648.00","3,580.15","3,644.00","3,640.15","3,622.37","12,93,906","4,68,70,04,574.90","1,34,240","7,63,923","59.04"
"TITAN","EQ","13-Mar-2024","3,748.80","3,759.00","3,762.00","3,590.00","3,630.00","3,625.70","3,643.43","10,27,729","3,74,44,59,815.20","1,26,484","5,99,587","58.34"
"TITAN","EQ","12-Mar-2024","3,750.15","3,762.00","3,766.00","3,713.50","3,753.20","3,748.80","3,744.61","5,64,569","2,11,40,92,807.90","79,536","3,33,109","59.00"
"TITAN","EQ","11-Mar-2024","3,786.90","3,802.90","3,808.00","3,742.05","3,760.00","3,750.15","3,768.02","5,97,848","2,25,27,01,085.65","90,531","3,89,800","65.20"
"TITAN","EQ","07-Mar-2024","3,810.75","3,812.05","3,824.25","3,768.10","3,785.00","3,786.90","3,793.73","8,38,514","3,18,10,97,122.30","94,146","4,43,132","52.85"
"TITAN","EQ","06-Mar-2024","3,750.75","3,748.05","3,815.00","3,702.70","3,812.00","3,810.75","3,759.18","7,65,602","2,87,80,39,416.50","86,981","4,38,860","57.32"
"TITAN","EQ","05-Mar-2024","3,732.40","3,748.00","3,759.15","3,708.00","3,750.05","3,750.75","3,738.53","7,33,660","2,74,28,12,912.30","81,496","4,67,805","63.76"
"TITAN","EQ","04-Mar-2024","3,764.10","3,761.60","3,764.10","3,715.00","3,730.95","3,732.40","3,737.62","7,87,542","2,94,35,30,903.95","66,708","5,05,831","64.23"
"TITAN","EQ","02-Mar-2024","3,765.90","3,778.00","3,778.00","3,747.35","3,765.95","3,764.10","3,761.89","51,206","19,26,31,295.75","6,652","30,816","60.18"
"TITAN","EQ","01-Mar-2024","3,624.40","3,630.00","3,774.00","3,626.00","3,761.05","3,765.90","3,725.53","15,33,727","5,71,39,47,001.25","1,25,237","7,81,281","50.94"
"TITAN","EQ","29-Feb-2024","3,594.70","3,595.20","3,654.00","3,585.30","3,640.00","3,624.40","3,618.73","16,92,242","6,12,37,68,802.15","1,33,944","10,31,184","60.94"
"TITAN","EQ","28-Feb-2024","3,653.85","3,655.00","3,669.00","3,582.15","3,608.00","3,594.70","3,616.16","5,38,608","1,94,76,91,420.90","70,442","3,03,370","56.32"
"TITAN","EQ","27-Feb-2024","3,622.50","3,630.00","3,675.00","3,621.05","3,659.00","3,653.85","3,653.07","6,73,959","2,46,20,22,575.35","87,840","3,93,636","58.41"
"TITAN","EQ","26-Feb-2024","3,691.95","3,690.00","3,690.00","3,610.85","3,619.00","3,622.50","3,640.20","5,46,842","1,99,06,16,949.25","66,091","2,69,818","49.34"
"TITAN","EQ","23-Feb-2024","3,652.05","3,672.00","3,737.00","3,655.00","3,684.00","3,691.95","3,701.62","8,97,831","3,32,34,25,417.55","88,689","3,27,653","36.49"
"TITAN","EQ","22-Feb-2024","3,656.35","3,676.00","3,676.00","3,555.35","3,654.95","3,652.05","3,614.02","10,17,437","3,67,70,38,604.30","1,24,560","3,32,962","32.73"
"TITAN","EQ","21-Feb-2024","3,686.70","3,652.05","3,707.50","3,640.00","3,650.00","3,656.35","3,677.86","6,60,426","2,42,89,57,272.75","72,942","3,95,085","59.82"
"TITAN","EQ","20-Feb-2024","3,695.05","3,700.00","3,719.95","3,665.50","3,688.45","3,686.70","3,691.78","7,44,107","2,74,70,80,139.70","71,356","4,57,961","61.55"
"TITAN","EQ","19-Feb-2024","3,655.40","3,671.95","3,709.50","3,650.00","3,697.00","3,695.05","3,688.81","5,28,874","1,95,09,17,737.75","51,145","2,72,268","51.48"
"TITAN","EQ","16-Feb-2024","3,622.05","3,648.00","3,690.00","3,624.50","3,648.65","3,655.40","3,656.08","9,15,502","3,34,71,48,498.50","1,19,397","5,48,757","59.94"
"TITAN","EQ","15-Feb-2024","3,585.55","3,595.05","3,632.00","3,571.00","3,619.95","3,622.05","3,593.74","7,59,063","2,72,78,74,435.10","96,492","4,19,262","55.23"
"TITAN","EQ","14-Feb-2024","3,559.95","3,546.00","3,593.85","3,503.30","3,585.00","3,585.55","3,549.75","10,46,318","3,71,41,69,778.40","1,87,387","6,81,876","65.17"
"TITAN","EQ","13-Feb-2024","3,585.25","3,607.00","3,608.75","3,551.15","3,560.00","3,559.95","3,579.73","7,96,060","2,84,96,77,990.85","87,548","5,29,565","66.52"
"TITAN","EQ","12-Feb-2024","3,591.60","3,599.00","3,618.60","3,570.05","3,583.50","3,585.25","3,584.45","4,87,283","1,74,66,42,246.30","70,635","2,72,976","56.02"
"TITAN","EQ","09-Feb-2024","3,549.10","3,549.10","3,597.90","3,532.85","3,589.95","3,591.60","3,576.89","8,38,509","2,99,92,56,865.85","1,06,843","3,46,385","41.31"
"TITAN","EQ","08-Feb-2024","3,576.50","3,604.80","3,610.00","3,503.00","3,555.00","3,549.10","3,548.15","10,11,857","3,59,02,22,726.60","1,21,182","4,69,557","46.41"
"TITAN","EQ","07-Feb-2024","3,559.15","3,578.00","3,620.00","3,555.80","3,587.00","3,576.50","3,586.71","9,00,220","3,22,88,29,636.45","1,15,980","4,75,170","52.78"
"TITAN","EQ","06-Feb-2024","3,552.05","3,552.05","3,577.95","3,531.60","3,560.90","3,559.15","3,551.27","10,69,901","3,79,95,03,657.60","97,206","7,93,600","74.18"
"TITAN","EQ","05-Feb-2024","3,612.40","3,612.95","3,624.65","3,534.90","3,548.00","3,552.05","3,587.05","17,71,614","6,35,48,65,818.60","1,30,676","12,30,648","69.46"
"TITAN","EQ","02-Feb-2024","3,627.45","3,635.00","3,713.45","3,602.45","3,615.00","3,612.40","3,635.19","23,20,153","8,43,41,85,684.45","2,42,968","12,86,099","55.43"
"TITAN","EQ","01-Feb-2024","3,697.55","3,738.00","3,738.00","3,601.00","3,628.00","3,627.45","3,652.93","14,08,462","5,14,50,14,391.30","1,89,969","6,15,891","43.73"
"TITAN","EQ","31-Jan-2024","3,735.75","3,749.00","3,775.00","3,653.25","3,697.45","3,697.55","3,688.52","13,86,754","5,11,50,66,146.60","1,23,104","7,99,276","57.64"
"TITAN","EQ","30-Jan-2024","3,866.65","3,882.00","3,886.95","3,715.00","3,749.00","3,735.75","3,796.71","8,52,445","3,23,64,87,042.15","89,111","4,43,693","52.05"
"TITAN","EQ","29-Jan-2024","3,770.20","3,760.60","3,875.00","3,760.55","3,860.00","3,866.65","3,837.61","6,99,215","2,68,33,16,361.75","74,634","3,71,676","53.16"
"TITAN","EQ","25-Jan-2024","3,767.85","3,770.40","3,796.95","3,730.10","3,770.00","3,770.20","3,758.21","6,46,135","2,42,83,13,977.95","76,578","2,84,314","44.00"
"TITAN","BL","25-Jan-2024","2,651.80","3,767.85","3,767.85","3,767.85","3,767.85","3,767.85","3,767.85","64,252","24,20,91,898.20","1","-","-"
"TITAN","EQ","24-Jan-2024","3,739.65","3,764.00","3,780.00","3,711.75","3,770.40","3,767.85","3,743.75","6,36,988","2,38,47,25,855.80","93,949","3,07,899","48.34"
"TITAN","EQ","23-Jan-2024","3,784.70","3,786.00","3,858.00","3,705.75","3,737.90","3,739.65","3,776.58","10,53,510","3,97,86,65,288.80","92,852","5,46,887","51.91"
"TITAN","EQ","20-Jan-2024","3,810.60","3,833.95","3,834.40","3,780.00","3,786.00","3,784.70","3,804.62","2,38,575","90,76,86,254.20","29,433","85,437","35.81"
"TITAN","EQ","19-Jan-2024","3,734.70","3,742.20","3,861.50","3,740.70","3,816.00","3,810.60","3,791.66","25,66,367","9,73,07,84,729.55","1,29,775","14,30,681","55.75"
"TITAN","EQ","18-Jan-2024","3,830.05","3,791.35","3,824.65","3,718.85","3,737.90","3,734.70","3,767.81","12,93,580","4,87,39,65,466.90","1,58,684","8,72,649","67.46"
"TITAN","EQ","17-Jan-2024","3,820.30","3,818.95","3,855.00","3,800.00","3,825.10","3,830.05","3,832.63","7,23,356","2,77,23,53,505.85","81,164","3,67,240","50.77"
"TITAN","EQ","16-Jan-2024","3,758.85","3,758.85","3,858.00","3,756.00","3,818.90","3,820.30","3,819.21","11,70,685","4,47,10,91,958.60","1,07,714","5,22,585","44.64"
"TITAN","EQ","15-Jan-2024","3,726.00","3,740.00","3,775.00","3,736.00","3,756.35","3,758.85","3,756.91","6,61,292","2,48,44,13,017.10","71,302","4,20,522","63.59"
"TITAN","EQ","12-Jan-2024","3,698.60","3,700.00","3,734.30","3,647.95","3,728.75","3,726.00","3,690.93","9,90,582","3,65,61,69,735.95","1,03,282","5,59,681","56.50"
"TITAN","EQ","11-Jan-2024","3,714.45","3,726.90","3,742.70","3,692.60","3,699.00","3,698.60","3,711.64","3,92,818","1,45,79,99,780.25","58,089","1,96,113","49.92"
"TITAN","EQ","10-Jan-2024","3,694.00","3,708.00","3,730.00","3,690.00","3,716.00","3,714.45","3,709.12","5,56,311","2,06,34,23,694.05","68,315","3,25,426","58.50"
"TITAN","EQ","09-Jan-2024","3,706.05","3,736.95","3,753.95","3,685.15","3,699.05","3,694.00","3,721.15","5,72,612","2,13,07,76,997.45","55,068","3,02,595","52.84"
"TITAN","EQ","08-Jan-2024","3,712.55","3,770.00","3,776.85","3,695.80","3,710.95","3,706.05","3,728.58","12,02,148","4,48,23,07,279.60","1,09,095","4,65,149","38.69"
"TITAN","EQ","05-Jan-2024","3,719.70","3,719.70","3,750.00","3,687.25","3,713.05","3,712.55","3,708.38","9,63,628","3,57,34,95,237.75","97,924","6,01,284","62.40"
"TITAN","EQ","04-Jan-2024","3,693.05","3,696.00","3,727.00","3,686.65","3,715.00","3,719.70","3,715.36","5,45,228","2,02,57,16,485.20","63,834","2,46,125","45.14"
"TITAN","EQ","03-Jan-2024","3,698.25","3,708.00","3,709.95","3,665.00","3,696.00","3,693.05","3,688.00","3,56,757","1,31,57,18,156.85","49,334","1,70,572","47.81"
"TITAN","EQ","02-Jan-2024","3,677.15","3,689.00","3,707.85","3,642.50","3,699.00","3,698.25","3,680.89","4,53,685","1,66,99,63,642.95","52,647","2,57,275","56.71"
"TITAN","EQ","01-Jan-2024","3,675.45","3,689.00","3,698.00","3,667.50","3,679.85","3,677.15","3,680.15","2,86,683","1,05,50,37,814.95","49,467","1,48,466","51.79"
"TITAN","EQ","29-Dec-2023","3,715.10","3,715.10","3,715.10","3,660.25","3,685.90","3,675.45","3,677.33","7,09,614","2,60,94,82,944.70","74,001","4,20,504","59.26"
"TITAN","EQ","28-Dec-2023","3,689.25","3,699.90","3,737.00","3,680.70","3,708.00","3,715.10","3,710.23","10,33,648","3,83,50,67,417.95","96,823","4,23,097","40.93"
"TITAN","EQ","27-Dec-2023","3,656.70","3,668.00","3,695.00","3,645.00","3,689.00","3,689.25","3,672.37","6,66,625","2,44,80,94,970.50","79,506","2,70,809","40.62"
"TITAN","EQ","26-Dec-2023","3,627.35","3,635.00","3,665.00","3,623.45","3,660.00","3,656.70","3,649.38","5,26,101","1,91,99,42,831.70","69,700","2,64,686","50.31"
"TITAN","EQ","22-Dec-2023","3,580.00","3,580.00","3,638.45","3,560.55","3,620.00","3,627.35","3,608.90","7,77,099","2,80,44,72,873.40","1,04,080","3,49,665","45.00"
"TITAN","EQ","21-Dec-2023","3,554.10","3,524.10","3,598.95","3,518.80","3,580.00","3,580.00","3,565.38","8,16,722","2,91,19,22,455.10","98,614","3,59,533","44.02"
"TITAN","EQ","20-Dec-2023","3,610.45","3,610.45","3,651.50","3,541.00","3,559.00","3,554.10","3,613.45","8,49,001","3,06,78,23,823.45","92,733","4,14,625","48.84"
"TITAN","EQ","19-Dec-2023","3,619.60","3,610.65","3,627.95","3,600.10","3,607.55","3,610.45","3,613.70","5,77,926","2,08,84,53,589.30","67,301","3,86,739","66.92"
"TITAN","EQ","18-Dec-2023","3,600.55","3,600.70","3,667.20","3,593.90","3,619.00","3,619.60","3,628.73","6,99,850","2,53,95,67,184.00","79,968","4,06,045","58.02"
"TITAN","EQ","15-Dec-2023","3,591.40","3,615.00","3,615.00","3,584.80","3,601.25","3,600.55","3,599.83","9,06,271","3,26,24,21,615.75","84,846","5,73,645","63.30"
"TITAN","EQ","14-Dec-2023","3,602.35","3,647.00","3,647.00","3,584.35","3,600.00","3,591.40","3,593.77","9,92,762","3,56,77,62,395.95","1,01,410","6,02,750","60.71"
"TITAN","EQ","13-Dec-2023","3,571.40","3,585.00","3,609.75","3,552.75","3,605.35","3,602.35","3,579.52","7,17,618","2,56,87,27,437.20","85,440","4,29,382","59.83"
"TITAN","EQ","12-Dec-2023","3,630.50","3,637.00","3,644.50","3,563.25","3,574.00","3,571.40","3,587.68","10,75,941","3,86,01,36,411.00","1,17,870","6,83,975","63.57"
"TITAN","EQ","11-Dec-2023","3,634.65","3,634.55","3,644.60","3,598.30","3,631.00","3,630.50","3,622.36","6,20,604","2,24,80,50,269.90","66,180","3,71,356","59.84"
"TITAN","EQ","08-Dec-2023","3,585.40","3,575.00","3,646.95","3,575.00","3,623.00","3,634.65","3,615.84","15,62,141","5,64,84,46,221.65","1,14,013","9,75,720","62.46"
"TITAN","EQ","07-Dec-2023","3,546.90","3,546.90","3,595.00","3,519.05","3,580.10","3,585.40","3,573.45","8,20,214","2,93,09,97,186.95","89,335","4,06,264","49.53"
"TITAN","EQ","06-Dec-2023","3,545.30","3,550.00","3,573.95","3,522.10","3,545.00","3,546.90","3,553.24","4,74,140","1,68,47,31,748.35","52,339","2,37,113","50.01"
"TITAN","EQ","05-Dec-2023","3,488.40","3,488.40","3,550.00","3,479.00","3,549.00","3,545.30","3,527.07","7,13,651","2,51,70,95,462.00","65,894","3,74,156","52.43"
"TITAN","EQ","04-Dec-2023","3,489.50","3,550.00","3,550.00","3,478.05","3,487.50","3,488.40","3,495.64","8,08,838","2,82,74,07,832.30","71,335","4,73,130","58.50"
"TITAN","EQ","01-Dec-2023","3,490.60","3,499.00","3,500.00","3,470.00","3,483.00","3,489.50","3,487.48","6,55,263","2,28,52,17,004.05","82,956","4,04,060","61.66"
"TITAN","EQ","30-Nov-2023","3,429.30","3,431.10","3,500.00","3,422.25","3,483.80","3,490.60","3,472.42","14,80,088","5,13,94,81,222.65","1,02,983","9,34,184","63.12"
"TITAN","EQ","29-Nov-2023","3,442.40","3,473.85","3,473.85","3,424.00","3,429.50","3,429.30","3,439.16","8,19,200","2,81,73,63,378.60","66,687","5,48,452","66.95"
"TITAN","EQ","28-Nov-2023","3,396.95","3,417.95","3,445.95","3,397.35","3,444.00","3,442.40","3,434.96","7,33,524","2,51,96,23,671.25","78,061","4,61,517","62.92"
"TITAN","EQ","24-Nov-2023","3,408.40","3,406.00","3,419.10","3,382.55","3,398.40","3,396.95","3,402.54","5,89,530","2,00,59,00,312.90","49,286","3,55,245","60.26"
"TITAN","EQ","23-Nov-2023","3,429.85","3,433.90","3,441.95","3,396.30","3,410.00","3,408.40","3,420.90","5,17,362","1,76,98,46,176.35","52,399","2,25,519","43.59"
"TITAN","EQ","22-Nov-2023","3,394.45","3,400.00","3,435.00","3,396.05","3,429.95","3,429.85","3,422.08","9,80,779","3,35,63,03,536.60","74,743","5,60,200","57.12"
"TITAN","EQ","21-Nov-2023","3,345.85","3,365.00","3,401.75","3,355.10","3,388.30","3,394.45","3,387.08","10,38,863","3,51,87,08,164.55","80,091","4,49,101","43.23"
"TITAN","EQ","20-Nov-2023","3,338.85","3,338.00","3,353.95","3,312.25","3,351.00","3,345.85","3,334.31","4,97,379","1,65,84,15,987.80","48,627","2,46,621","49.58"
"TITAN","EQ","17-Nov-2023","3,335.95","3,339.00","3,366.00","3,326.70","3,337.50","3,338.85","3,346.39","6,33,405","2,11,96,18,757.05","56,251","2,89,225","45.66"
"TITAN","EQ","16-Nov-2023","3,295.95","3,295.40","3,358.00","3,259.25","3,335.35","3,335.95","3,319.30","10,55,389","3,50,31,55,748.40","79,457","5,15,329","48.83"
"TITAN","EQ","15-Nov-2023","3,264.75","3,275.25","3,300.90","3,260.75","3,295.40","3,295.95","3,283.54","7,47,863","2,45,56,41,716.70","58,772","4,66,259","62.35"
"TITAN","EQ","13-Nov-2023","3,280.60","3,275.00","3,278.35","3,250.60","3,265.90","3,264.75","3,263.02","2,75,538","89,90,87,265.25","35,857","1,62,425","58.95"
"TITAN","EQ","12-Nov-2023","3,256.35","3,300.00","3,320.00","3,265.00","3,281.95","3,280.60","3,282.02","2,04,514","67,12,18,486.40","21,534","89,854","43.94"
"TITAN","EQ","10-Nov-2023","3,283.75","3,263.05","3,274.95","3,223.00","3,260.15","3,256.35","3,240.29","11,70,763","3,79,36,10,796.00","60,136","7,07,510","60.43"
"TITAN","EQ","09-Nov-2023","3,311.85","3,320.95","3,320.95","3,274.65","3,285.00","3,283.75","3,291.41","13,17,398","4,33,60,97,352.30","74,676","8,40,123","63.77"
"TITAN","EQ","08-Nov-2023","3,270.20","3,289.00","3,323.80","3,272.20","3,311.80","3,311.85","3,305.40","6,32,305","2,09,00,20,924.95","60,075","3,22,868","51.06"
"TITAN","EQ","07-Nov-2023","3,267.05","3,274.00","3,286.45","3,250.20","3,270.85","3,270.20","3,273.49","4,33,992","1,42,06,66,704.30","47,303","2,27,610","52.45"
"TITAN","EQ","06-Nov-2023","3,274.50","3,310.00","3,310.00","3,245.30","3,269.80","3,267.05","3,269.60","11,37,606","3,71,95,14,893.95","92,757","6,33,644","55.70"
"TITAN","EQ","03-Nov-2023","3,201.50","3,205.15","3,288.00","3,205.05","3,277.00","3,274.50","3,258.61","13,55,614","4,41,74,19,165.55","1,00,540","4,42,076","32.61"
"TITAN","EQ","02-Nov-2023","3,173.40","3,200.00","3,228.50","3,180.00","3,208.95","3,201.50","3,200.03","7,74,180","2,47,73,99,163.80","73,593","2,52,176","32.57"
"TITAN","EQ","01-Nov-2023","3,189.65","3,193.85","3,212.90","3,168.35","3,171.15","3,173.40","3,188.18","7,56,820","2,41,28,78,354.80","71,026","4,17,728","55.20"
"TITAN","EQ","31-Oct-2023","3,116.45","3,119.60","3,205.80","3,087.85","3,194.00","3,189.65","3,150.09","12,35,478","3,89,18,62,250.10","86,359","5,65,086","45.74"
"TITAN","EQ","30-Oct-2023","3,120.70","3,105.00","3,121.95","3,075.00","3,120.00","3,116.45","3,099.81","8,02,316","2,48,70,27,860.15","67,822","4,72,413","58.88"
"TITAN","EQ","27-Oct-2023","3,100.80","3,095.10","3,138.75","3,087.25","3,120.00","3,120.70","3,118.26","10,50,608","3,27,60,66,489.55","82,521","6,96,457","66.29"
"TITAN","EQ","26-Oct-2023","3,187.85","3,160.35","3,189.90","3,092.05","3,106.00","3,100.80","3,127.11","11,24,281","3,51,57,47,276.70","1,10,937","6,43,658","57.25"
"TITAN","EQ","25-Oct-2023","3,219.75","3,216.00","3,236.30","3,179.00","3,190.00","3,187.85","3,208.21","7,62,466","2,44,61,50,986.80","81,178","4,56,971","59.93"
"TITAN","EQ","23-Oct-2023","3,266.20","3,246.20","3,274.95","3,209.70","3,219.95","3,219.75","3,241.11","5,66,920","1,83,74,51,847.35","43,684","3,28,227","57.90"
"TITAN","EQ","20-Oct-2023","3,284.65","3,272.65","3,291.50","3,244.00","3,260.00","3,266.20","3,264.55","6,57,550","2,14,66,05,004.50","72,746","2,92,053","44.42"
"TITAN","EQ","19-Oct-2023","3,282.75","3,270.00","3,300.95","3,239.00","3,285.00","3,284.65","3,273.34","6,98,767","2,28,72,98,638.80","95,620","2,59,307","37.11"
"TITAN","EQ","18-Oct-2023","3,308.45","3,309.20","3,324.15","3,277.50","3,283.50","3,282.75","3,295.91","3,24,535","1,06,96,37,017.85","40,720","1,35,234","41.67"
"TITAN","EQ","17-Oct-2023","3,301.40","3,317.95","3,328.45","3,304.10","3,312.00","3,308.45","3,312.35","5,84,625","1,93,64,82,356.10","58,713","3,39,615","58.09"
"TITAN","EQ","16-Oct-2023","3,283.75","3,284.00","3,329.00","3,275.00","3,303.50","3,301.40","3,309.45","7,78,014","2,57,48,02,085.70","64,806","3,38,337","43.49"
"TITAN","EQ","13-Oct-2023","3,285.00","3,285.00","3,307.00","3,266.55","3,284.00","3,283.75","3,285.32","9,20,545","3,02,42,83,674.70","81,259","3,47,739","37.78"
"TITAN","EQ","12-Oct-2023","3,280.50","3,292.00","3,295.05","3,262.60","3,288.00","3,285.00","3,278.14","4,29,096","1,40,66,36,776.35","49,752","2,06,829","48.20"
"TITAN","EQ","11-Oct-2023","3,269.20","3,289.70","3,296.00","3,264.00","3,282.00","3,280.50","3,280.21","5,46,575","1,79,28,78,348.65","57,766","3,04,613","55.73"
"TITAN","EQ","10-Oct-2023","3,267.50","3,295.00","3,299.20","3,259.30","3,265.95","3,269.20","3,276.90","6,33,934","2,07,73,39,135.45","72,103","2,63,789","41.61"
"TITAN","EQ","09-Oct-2023","3,309.75","3,294.70","3,296.00","3,249.05","3,265.00","3,267.50","3,271.70","8,22,467","2,69,08,64,915.05","80,152","3,07,006","37.33"
"TITAN","EQ","06-Oct-2023","3,216.50","3,230.00","3,319.80","3,221.10","3,305.20","3,309.75","3,280.22","11,02,120","3,61,52,00,555.15","1,01,454","3,45,862","31.38"
"TITAN","EQ","05-Oct-2023","3,166.65","3,173.90","3,231.00","3,165.00","3,218.65","3,216.50","3,214.82","11,09,881","3,56,80,71,705.25","1,02,627","5,21,577","46.99"
"TITAN","EQ","04-Oct-2023","3,196.25","3,186.00","3,205.00","3,151.00","3,168.00","3,166.65","3,169.01","4,86,969","1,54,32,10,373.50","62,789","2,23,494","45.89"
"TITAN","EQ","03-Oct-2023","3,148.80","3,148.80","3,212.50","3,114.40","3,191.00","3,196.25","3,180.93","10,07,308","3,20,41,72,348.30","83,887","4,89,219","48.57"
"TITAN","EQ","29-Sep-2023","3,157.25","3,160.05","3,176.45","3,143.05","3,148.80","3,148.80","3,156.54","6,97,564","2,20,18,86,709.25","65,106","4,33,199","62.10"
"TITAN","EQ","28-Sep-2023","3,214.55","3,217.50","3,224.90","3,141.75","3,174.75","3,157.25","3,173.58","12,14,383","3,85,39,46,155.10","1,02,705","7,11,669","58.60"
"TITAN","EQ","27-Sep-2023","3,262.60","3,246.80","3,266.95","3,186.00","3,217.50","3,214.55","3,222.12","14,64,192","4,71,77,96,793.35","87,732","9,15,976","62.56"
"TITAN","EQ","26-Sep-2023","3,283.95","3,294.00","3,308.00","3,255.00","3,259.00","3,262.60","3,274.87","10,54,827","3,45,44,16,561.30","60,452","6,48,551","61.48"
"TITAN","EQ","25-Sep-2023","3,274.50","3,274.50","3,314.90","3,261.35","3,275.05","3,283.95","3,292.58","6,23,515","2,05,29,72,035.80","53,261","3,52,392","56.52"
"TITAN","EQ","22-Sep-2023","3,304.50","3,298.80","3,298.80","3,261.70","3,284.85","3,274.50","3,271.63","10,19,051","3,33,39,61,546.80","68,160","6,36,328","62.44"
"TITAN","EQ","21-Sep-2023","3,306.65","3,300.00","3,322.50","3,285.80","3,309.95","3,304.50","3,298.89","10,91,384","3,60,03,50,381.55","83,767","6,09,814","55.88"
"TITAN","EQ","20-Sep-2023","3,339.50","3,314.00","3,349.00","3,300.05","3,310.05","3,306.65","3,324.20","12,01,025","3,99,24,44,888.60","68,988","7,45,462","62.07"
"TITAN","EQ","18-Sep-2023","3,248.60","3,257.00","3,352.00","3,246.80","3,335.00","3,339.50","3,320.22","14,23,507","4,72,63,54,122.40","90,061","6,33,357","44.49"
"TITAN","EQ","15-Sep-2023","3,261.35","3,261.60","3,264.00","3,239.00","3,245.00","3,248.60","3,248.79","13,97,407","4,53,98,85,099.25","77,309","10,15,437","72.67"
"TITAN","EQ","14-Sep-2023","3,263.20","3,277.55","3,302.45","3,240.00","3,258.00","3,261.35","3,265.49","12,64,935","4,13,06,34,062.35","89,504","6,90,685","54.60"
"TITAN","EQ","13-Sep-2023","3,185.80","3,178.05","3,270.00","3,178.05","3,261.00","3,263.20","3,234.59","13,70,306","4,43,23,75,341.55","1,07,088","8,54,508","62.36"
"TITAN","EQ","12-Sep-2023","3,213.30","3,216.05","3,221.15","3,177.60","3,183.00","3,185.80","3,193.30","5,91,509","1,88,88,64,791.00","58,286","3,52,263","59.55"
"TITAN","EQ","11-Sep-2023","3,199.10","3,209.95","3,221.55","3,186.60","3,208.00","3,213.30","3,210.29","5,44,452","1,74,78,48,372.15","48,307","2,77,921","51.05"
"TITAN","EQ","08-Sep-2023","3,172.80","3,182.00","3,205.00","3,172.80","3,199.00","3,199.10","3,191.90","7,00,158","2,23,48,34,985.60","40,336","3,92,058","56.00"
"TITAN","EQ","07-Sep-2023","3,176.05","3,173.00","3,182.95","3,152.00","3,177.00","3,172.80","3,167.08","8,05,295","2,55,04,37,261.55","51,819","4,40,890","54.75"
"TITAN","EQ","06-Sep-2023","3,136.15","3,136.15","3,180.55","3,120.85","3,170.00","3,176.05","3,159.17","11,63,154","3,67,46,04,427.60","71,528","5,92,910","50.97"
"TITAN","EQ","05-Sep-2023","3,100.30","3,120.00","3,157.50","3,115.00","3,126.25","3,136.15","3,136.78","7,21,199","2,26,22,39,271.75","66,124","3,28,159","45.50"
"TITAN","EQ","04-Sep-2023","3,116.80","3,116.95","3,124.95","3,086.30","3,107.00","3,100.30","3,105.57","5,39,813","1,67,64,27,369.70","50,966","2,88,511","53.45"
"TITAN","EQ","01-Sep-2023","3,104.45","3,111.95","3,124.90","3,100.00","3,116.00","3,116.80","3,114.05","4,23,739","1,31,95,44,987.85","45,670","1,90,475","44.95"
"TITAN","EQ","31-Aug-2023","3,082.20","3,090.85","3,118.95","3,082.20","3,112.00","3,104.45","3,102.82","14,20,498","4,40,75,56,396.30","82,971","9,60,386","67.61"
"TITAN","EQ","30-Aug-2023","3,079.40","3,080.00","3,111.00","3,067.00","3,082.95","3,082.20","3,095.49","5,82,766","1,80,39,47,334.60","55,732","2,67,173","45.85"
"TITAN","EQ","29-Aug-2023","3,048.55","3,051.95","3,090.00","3,044.00","3,077.45","3,079.40","3,066.27","4,82,639","1,47,99,01,631.15","52,140","2,19,909","45.56"
"TITAN","EQ","28-Aug-2023","3,067.20","3,074.00","3,079.95","3,040.70","3,047.15","3,048.55","3,054.51","4,71,698","1,44,08,08,435.10","45,180","2,43,074","51.53"
"TITAN","EQ","25-Aug-2023","3,061.20","3,055.00","3,074.75","3,037.55","3,063.00","3,067.20","3,055.72","6,48,003","1,98,01,17,038.85","50,776","3,44,028","53.09"
"TITAN","EQ","24-Aug-2023","3,070.00","3,075.70","3,099.90","3,056.25","3,056.35","3,061.20","3,078.24","6,18,626","1,90,42,76,854.55","55,119","3,05,147","49.33"
"TITAN","EQ","23-Aug-2023","3,075.60","3,075.60","3,085.00","3,056.30","3,069.00","3,070.00","3,074.01","6,02,197","1,85,11,59,530.40","62,367","3,48,113","57.81"
"TITAN","EQ","22-Aug-2023","3,078.30","3,084.95","3,091.00","3,040.10","3,078.45","3,075.60","3,067.29","7,14,220","2,19,07,17,582.95","58,414","3,19,141","44.68"
"TITAN","EQ","21-Aug-2023","3,050.45","3,051.00","3,082.50","3,050.00","3,078.00","3,078.30","3,066.18","7,06,621","2,16,66,28,268.90","59,192","2,17,704","30.81"
"TITAN","EQ","18-Aug-2023","3,071.75","3,070.60","3,079.50","3,035.00","3,052.00","3,050.45","3,053.20","8,60,782","2,62,81,38,142.85","60,031","4,64,902","54.01"
"TITAN","EQ","17-Aug-2023","3,011.10","3,018.00","3,079.45","3,012.00","3,071.50","3,071.75","3,057.50","16,99,758","5,19,70,07,141.75","1,41,448","8,13,326","47.85"
"TITAN","EQ","16-Aug-2023","3,010.65","3,005.00","3,015.90","2,978.05","3,011.00","3,011.10","2,994.57","5,44,441","1,63,03,65,942.15","51,197","2,78,313","51.12"
"TITAN","EQ","14-Aug-2023","3,017.25","3,020.35","3,020.35","2,988.35","3,010.00","3,010.65","3,006.65","5,42,561","1,63,12,91,517.45","73,800","2,67,166","49.24"
"TITAN","EQ","11-Aug-2023","2,988.55","2,988.50","3,067.45","2,980.00","3,017.20","3,017.25","3,029.48","18,23,274","5,52,35,63,461.00","1,03,627","10,00,344","54.87"
"TITAN","EQ","10-Aug-2023","2,955.90","2,958.00","2,995.50","2,917.00","2,988.00","2,988.55","2,958.98","9,70,990","2,87,31,37,608.55","60,947","5,22,755","53.84"
"TITAN","EQ","09-Aug-2023","2,921.25","2,924.00","2,962.00","2,918.15","2,962.00","2,955.90","2,937.70","6,00,081","1,76,28,60,589.65","46,972","3,58,650","59.77"
"TITAN","EQ","08-Aug-2023","2,904.60","2,918.00","2,932.00","2,904.60","2,920.80","2,921.25","2,922.69","4,74,417","1,38,65,74,975.10","55,992","2,80,526","59.13"
"TITAN","EQ","07-Aug-2023","2,904.40","2,919.95","2,919.95","2,882.45","2,908.00","2,904.60","2,897.68","5,80,359","1,68,16,97,434.45","64,116","3,34,823","57.69"
"TITAN","EQ","04-Aug-2023","2,902.10","2,919.95","2,935.80","2,898.00","2,902.75","2,904.40","2,913.55","7,09,334","2,06,66,80,614.00","83,590","3,79,390","53.49"
"TITAN","EQ","03-Aug-2023","2,977.15","2,937.95","2,986.95","2,883.00","2,906.00","2,902.10","2,916.69","33,19,847","9,68,29,74,440.40","2,44,114","13,00,176","39.16"
"TITAN","EQ","02-Aug-2023","3,001.90","3,005.65","3,005.70","2,960.00","2,964.25","2,977.15","2,979.50","11,52,335","3,43,33,86,949.15","72,369","6,42,841","55.79"
"TITAN","EQ","01-Aug-2023","3,004.05","3,024.85","3,027.50","2,987.70","3,006.00","3,001.90","3,004.71","6,02,288","1,80,97,00,780.35","46,366","3,26,810","54.26"
"TITAN","EQ","31-Jul-2023","2,987.00","2,950.00","3,017.95","2,950.00","3,014.90","3,004.05","2,987.66","6,56,048","1,96,00,50,758.05","55,960","3,20,604","48.87"
"TITAN","EQ","28-Jul-2023","3,002.10","3,008.15","3,010.00","2,951.70","2,986.00","2,987.00","2,972.41","8,37,051","2,48,80,62,158.10","68,404","4,43,338","52.96"
"TITAN","EQ","27-Jul-2023","3,008.35","3,013.95","3,024.10","2,983.65","3,004.00","3,002.10","3,000.64","5,95,544","1,78,70,10,849.95","47,129","3,27,085","54.92"
"TITAN","EQ","26-Jul-2023","3,029.00","3,044.90","3,044.90","2,995.00","3,008.10","3,008.35","3,016.11","5,88,487","1,77,49,40,539.80","49,420","2,62,978","44.69"
"TITAN","EQ","25-Jul-2023","2,979.20","2,980.00","3,032.90","2,972.75","3,030.00","3,029.00","3,009.07","8,74,788","2,63,22,98,633.40","72,141","4,98,660","57.00"
"TITAN","EQ","24-Jul-2023","2,976.30","2,978.00","2,992.90","2,951.25","2,985.90","2,979.20","2,976.00","5,23,141","1,55,68,66,525.70","60,067","2,31,503","44.25"
"TITAN","EQ","21-Jul-2023","2,989.30","2,990.75","3,005.00","2,970.00","2,977.80","2,976.30","2,987.73","5,99,594","1,79,14,25,341.60","59,051","3,21,202","53.57"
"TITAN","EQ","20-Jul-2023","2,995.65","3,002.25","3,016.60","2,966.00","2,990.75","2,989.30","2,983.37","10,21,556","3,04,76,74,498.15","1,00,521","6,26,201","61.30"
"TITAN","EQ","19-Jul-2023","2,996.45","3,010.10","3,017.40","2,985.05","2,995.05","2,995.65","2,998.37","5,68,891","1,70,57,46,832.20","63,323","3,10,347","54.55"
"TITAN","EQ","18-Jul-2023","3,033.45","3,033.45","3,039.95","2,963.40","2,992.75","2,996.45","2,993.38","13,59,863","4,07,05,88,683.90","96,423","7,79,735","57.34"
"TITAN","EQ","17-Jul-2023","3,055.55","3,070.00","3,072.95","3,020.00","3,027.00","3,033.45","3,041.42","8,66,575","2,63,56,20,641.05","85,730","5,39,964","62.31"
"TITAN","EQ","14-Jul-2023","3,084.75","3,093.65","3,097.35","3,042.60","3,070.00","3,055.55","3,061.70","7,21,349","2,20,85,54,417.55","68,834","4,34,319","60.21"
"TITAN","EQ","13-Jul-2023","3,096.50","3,113.95","3,114.60","3,079.30","3,090.00","3,084.75","3,096.73","9,32,018","2,88,62,04,735.75","73,745","6,52,892","70.05"
"TITAN","EQ","12-Jul-2023","3,087.60","3,114.00","3,124.00","3,087.65","3,098.00","3,096.50","3,102.14","13,00,168","4,03,32,99,629.90","90,291","8,54,383","65.71"
"TITAN","EQ","11-Jul-2023","3,045.55","3,062.85","3,098.00","3,044.80","3,086.35","3,087.60","3,066.87","11,41,925","3,50,21,37,394.95","91,482","7,25,633","63.54"
"TITAN","EQ","10-Jul-2023","3,144.00","3,155.00","3,155.00","3,030.25","3,052.00","3,045.55","3,065.98","17,77,220","5,44,89,18,220.75","1,32,594","9,43,307","53.08"
"TITAN","EQ","07-Jul-2023","3,106.40","3,140.00","3,210.00","3,126.40","3,144.00","3,144.00","3,181.19","36,30,808","11,55,03,02,098.25","1,52,127","15,64,659","43.09"
"TITAN","EQ","06-Jul-2023","3,099.85","3,100.00","3,111.85","3,081.40","3,106.15","3,106.40","3,095.08","9,76,956","3,02,37,59,891.00","62,712","6,09,686","62.41"
"TITAN","EQ","05-Jul-2023","3,074.65","3,075.00","3,113.90","3,063.00","3,106.80","3,099.85","3,081.05","6,43,663","1,98,31,57,962.55","64,781","3,58,831","55.75"
"TITAN","EQ","04-Jul-2023","3,038.30","3,041.50","3,090.00","3,039.00","3,079.00","3,074.65","3,073.60","12,91,238","3,96,87,49,707.75","77,735","8,05,120","62.35"
"TITAN","EQ","03-Jul-2023","3,047.65","3,050.10","3,054.00","3,026.30","3,042.00","3,038.30","3,039.44","4,29,100","1,30,42,22,707.45","55,335","2,50,938","58.48"
"TITAN","EQ","30-Jun-2023","3,028.10","3,046.00","3,067.95","3,029.15","3,055.00","3,047.65","3,048.44","9,46,112","2,88,41,65,786.50","75,115","5,50,521","58.19"
"TITAN","EQ","28-Jun-2023","2,975.70","2,995.00","3,044.40","2,985.05","3,031.00","3,028.10","3,024.33","15,25,117","4,61,24,58,687.50","1,13,779","7,05,638","46.27"
"TITAN","EQ","27-Jun-2023","2,972.60","2,973.00","2,989.20","2,940.70","2,988.90","2,975.70","2,953.65","9,13,730","2,69,88,43,008.05","56,159","6,32,692","69.24"
"TITAN","EQ","26-Jun-2023","2,939.15","2,940.00","2,981.00","2,940.00","2,981.00","2,972.60","2,966.21","8,39,713","2,49,07,61,336.50","48,672","6,10,414","72.69"
"TITAN","EQ","23-Jun-2023","2,970.25","2,972.50","2,981.00","2,932.00","2,933.05","2,939.15","2,940.24","8,69,340","2,55,60,71,199.05","68,896","6,04,519","69.54"
"TITAN","EQ","22-Jun-2023","2,971.10","2,975.00","2,984.75","2,955.80","2,975.00","2,970.25","2,973.26","4,96,441","1,47,60,47,495.95","49,196","2,74,454","55.28"
"TITAN","EQ","21-Jun-2023","2,974.00","2,974.00","2,985.00","2,958.15","2,966.25","2,971.10","2,971.13","5,09,602","1,51,40,92,006.00","46,756","3,19,564","62.71"
"TITAN","EQ","20-Jun-2023","2,968.60","2,972.70","2,986.35","2,948.30","2,978.00","2,974.00","2,966.73","6,72,298","1,99,45,24,730.20","48,830","3,88,348","57.76"
"TITAN","EQ","19-Jun-2023","2,954.30","2,967.00","3,024.40","2,963.35","2,971.00","2,968.60","2,991.42","13,82,633","4,13,60,32,047.60","73,859","6,69,073","48.39"
"TITAN","EQ","16-Jun-2023","2,908.00","2,911.80","2,960.00","2,911.80","2,959.00","2,954.30","2,941.55","10,22,389","3,00,74,05,052.40","66,580","6,81,024","66.61"
"TITAN","EQ","15-Jun-2023","2,907.05","2,911.05","2,924.65","2,900.00","2,906.15","2,908.00","2,911.59","5,64,711","1,64,42,05,347.45","53,202","3,87,732","68.66"
"TITAN","EQ","14-Jun-2023","2,912.50","2,920.00","2,928.20","2,897.00","2,908.00","2,907.05","2,906.64","6,17,700","1,79,54,29,832.70","52,853","3,46,929","56.16"
"TITAN","EQ","13-Jun-2023","2,852.60","2,859.90","2,918.00","2,855.10","2,908.50","2,912.50","2,905.13","7,76,313","2,25,52,91,379.65","62,355","3,28,351","42.30"
"TITAN","EQ","12-Jun-2023","2,876.25","2,884.95","2,885.45","2,833.25","2,857.40","2,852.60","2,848.82","11,12,274","3,16,86,73,942.25","72,723","7,24,171","65.11"
"TITAN","EQ","09-Jun-2023","2,877.00","2,890.00","2,919.95","2,863.25","2,878.80","2,876.25","2,889.14","7,27,880","2,10,29,50,744.05","51,540","3,28,469","45.13"
"TITAN","EQ","08-Jun-2023","2,906.95","2,906.90","2,921.85","2,871.05","2,874.50","2,877.00","2,897.10","5,60,514","1,62,38,65,253.65","53,768","3,41,129","60.86"
"TITAN","EQ","07-Jun-2023","2,881.45","2,895.00","2,910.00","2,870.00","2,905.00","2,906.95","2,894.23","8,62,821","2,49,72,00,078.50","55,818","5,36,529","62.18"
"TITAN","EQ","06-Jun-2023","2,855.70","2,860.95","2,893.00","2,858.30","2,883.00","2,881.45","2,878.11","11,48,132","3,30,44,49,530.40","57,854","6,85,593","59.71"
"TITAN","EQ","05-Jun-2023","2,861.65","2,875.00","2,875.00","2,840.00","2,853.80","2,855.70","2,854.64","7,24,102","2,06,70,50,145.90","51,244","4,25,189","58.72"
"TITAN","EQ","02-Jun-2023","2,827.25","2,830.00","2,871.00","2,826.45","2,858.00","2,861.65","2,854.47","11,16,501","3,18,70,19,130.85","93,466","6,63,641","59.44"
"TITAN","EQ","01-Jun-2023","2,823.25","2,823.25","2,837.65","2,814.70","2,820.00","2,827.25","2,824.91","5,38,550","1,52,13,55,131.05","52,732","3,20,279","59.47"
"TITAN","EQ","31-May-2023","2,802.50","2,802.50","2,832.10","2,790.10","2,819.00","2,823.25","2,816.22","13,94,580","3,92,74,48,261.80","59,853","10,17,050","72.93"
"TITAN","EQ","30-May-2023","2,812.25","2,829.50","2,841.90","2,797.70","2,802.00","2,802.50","2,816.60","12,63,691","3,55,93,16,805.25","70,847","5,64,618","44.68"
"TITAN","EQ","29-May-2023","2,742.15","2,745.00","2,821.80","2,745.00","2,813.95","2,812.25","2,788.87","11,07,678","3,08,91,68,389.60","62,993","5,56,153","50.21"
"TITAN","EQ","26-May-2023","2,707.95","2,707.95","2,759.70","2,699.15","2,740.25","2,742.15","2,737.12","8,11,400","2,22,09,01,707.30","56,724","4,46,284","55.00"
"TITAN","EQ","25-May-2023","2,707.25","2,714.45","2,720.00","2,682.00","2,710.00","2,707.95","2,693.13","6,51,488","1,75,45,43,904.90","37,505","3,78,477","58.09"
"TITAN","EQ","24-May-2023","2,683.45","2,675.00","2,722.00","2,670.00","2,710.00","2,707.25","2,705.62","8,14,553","2,20,38,70,111.90","43,954","4,22,375","51.85"
"TITAN","EQ","23-May-2023","2,712.55","2,719.95","2,726.40","2,677.30","2,692.00","2,683.45","2,694.59","7,13,749","1,92,32,63,401.30","47,750","4,18,562","58.64"
"TITAN","EQ","22-May-2023","2,701.65","2,701.60","2,734.00","2,701.10","2,715.00","2,712.55","2,719.35","5,59,506","1,52,14,93,258.50","36,971","3,06,244","54.73"
"TITAN","EQ","19-May-2023","2,721.85","2,719.95","2,719.95","2,683.05","2,703.00","2,701.65","2,700.82","8,46,419","2,28,60,23,055.80","49,857","5,40,585","63.87"
"TITAN","EQ","18-May-2023","2,762.40","2,782.00","2,782.00","2,716.10","2,722.00","2,721.85","2,736.39","6,12,441","1,67,58,75,969.55","34,062","3,66,356","59.82"
"TITAN","EQ","17-May-2023","2,790.25","2,785.00","2,790.00","2,750.05","2,765.00","2,762.40","2,764.87","5,39,547","1,49,17,76,880.55","50,158","3,19,677","59.25"
"TITAN","EQ","16-May-2023","2,779.55","2,785.00","2,800.80","2,774.55","2,788.40","2,790.25","2,791.89","5,48,885","1,53,24,28,058.20","50,533","3,47,558","63.32"
"TITAN","EQ","15-May-2023","2,773.20","2,774.00","2,802.10","2,764.25","2,773.00","2,779.55","2,784.69","7,72,914","2,15,23,27,874.30","70,305","3,66,226","47.38"
"TITAN","EQ","12-May-2023","2,757.85","2,760.80","2,784.50","2,756.85","2,771.95","2,773.20","2,773.48","7,05,516","1,95,67,33,168.60","57,873","3,86,824","54.83"
"TITAN","EQ","11-May-2023","2,745.45","2,758.00","2,765.00","2,744.05","2,760.80","2,757.85","2,752.30","6,21,067","1,70,93,60,738.65","49,812","4,55,191","73.29"
"TITAN","EQ","10-May-2023","2,748.40","2,760.00","2,767.70","2,736.20","2,746.00","2,745.45","2,745.98","5,22,149","1,43,38,10,694.75","40,547","3,25,041","62.25"
"TITAN","EQ","09-May-2023","2,751.25","2,753.30","2,790.00","2,738.45","2,746.00","2,748.40","2,761.70","8,93,686","2,46,80,96,877.35","76,043","4,71,265","52.73"
"TITAN","EQ","08-May-2023","2,732.90","2,732.95","2,770.00","2,732.90","2,753.25","2,751.25","2,755.99","8,48,638","2,33,88,41,940.00","65,395","4,67,768","55.12"
"TITAN","EQ","05-May-2023","2,670.40","2,670.60","2,766.00","2,666.30","2,732.00","2,732.90","2,728.51","21,90,777","5,97,75,59,105.85","94,680","8,84,451","40.37"
"TITAN","EQ","04-May-2023","2,654.05","2,679.70","2,694.25","2,656.55","2,666.20","2,670.40","2,673.85","19,36,641","5,17,82,93,525.10","87,046","7,75,070","40.02"
"TITAN","EQ","03-May-2023","2,663.85","2,675.00","2,679.50","2,643.10","2,651.00","2,654.05","2,659.93","8,08,211","2,14,97,87,905.75","46,595","3,43,015","42.44"
"TITAN","EQ","02-May-2023","2,641.85","2,657.00","2,674.00","2,633.40","2,664.95","2,663.85","2,654.16","7,26,439","1,92,80,84,581.20","56,556","4,15,192","57.15"
"TITAN","EQ","28-Apr-2023","2,663.45","2,672.45","2,679.30","2,619.50","2,637.00","2,641.85","2,642.28","15,67,472","4,14,16,92,191.60","76,323","10,08,358","64.33"
"TITAN","EQ","27-Apr-2023","2,641.00","2,641.00","2,674.00","2,631.50","2,660.40","2,663.45","2,649.33","6,20,037","1,64,26,81,810.80","40,889","3,88,834","62.71"
"TITAN","EQ","26-Apr-2023","2,633.20","2,633.00","2,647.65","2,625.65","2,635.90","2,641.00","2,639.75","6,31,279","1,66,64,21,002.05","54,000","3,49,500","55.36"
"TITAN","EQ","25-Apr-2023","2,629.55","2,634.85","2,637.00","2,614.95","2,631.00","2,633.20","2,626.28","6,30,987","1,65,71,47,814.70","48,376","3,39,625","53.82"
"TITAN","EQ","24-Apr-2023","2,568.30","2,571.10","2,636.40","2,570.00","2,625.00","2,629.55","2,608.77","10,26,391","2,67,76,22,023.90","54,153","6,11,498","59.58"
"TITAN","EQ","21-Apr-2023","2,579.25","2,593.60","2,594.55","2,559.25","2,573.00","2,568.30","2,575.71","4,09,932","1,05,58,65,030.05","34,242","2,08,815","50.94"
"TITAN","EQ","20-Apr-2023","2,569.30","2,577.65","2,619.00","2,570.50","2,575.35","2,579.25","2,597.42","9,95,472","2,58,56,54,717.05","49,552","3,86,160","38.79"
"TITAN","EQ","19-Apr-2023","2,577.70","2,580.05","2,595.95","2,562.00","2,566.05","2,569.30","2,573.22","6,87,292","1,76,85,55,801.85","46,026","4,44,955","64.74"
"TITAN","EQ","18-Apr-2023","2,605.60","2,603.05","2,607.65","2,560.10","2,575.00","2,577.70","2,576.83","6,74,756","1,73,87,30,711.00","52,711","3,57,984","53.05"
"TITAN","EQ","17-Apr-2023","2,585.65","2,600.00","2,612.25","2,582.30","2,607.05","2,605.60","2,601.00","10,44,487","2,71,67,11,379.35","60,674","6,23,885","59.73"
"TITAN","EQ","13-Apr-2023","2,587.90","2,588.00","2,599.95","2,577.30","2,580.00","2,585.65","2,589.72","4,81,459","1,24,68,44,448.30","42,487","3,03,486","63.03"
"TITAN","EQ","12-Apr-2023","2,580.05","2,580.05","2,593.45","2,564.15","2,588.00","2,587.90","2,578.23","5,53,807","1,42,78,44,311.65","43,653","3,47,378","62.73"
"TITAN","EQ","11-Apr-2023","2,583.70","2,583.70","2,603.50","2,576.00","2,577.10","2,580.05","2,591.03","8,20,568","2,12,61,16,627.85","70,941","4,91,474","59.89"
"TITAN","EQ","10-Apr-2023","2,548.45","2,568.00","2,602.00","2,561.05","2,578.00","2,583.70","2,582.50","14,97,452","3,86,71,65,551.85","72,808","7,00,718","46.79"
"TITAN","EQ","06-Apr-2023","2,572.70","2,583.00","2,584.00","2,545.00","2,548.00","2,548.45","2,557.23","11,92,271","3,04,89,05,695.60","62,956","6,59,657","55.33"
"TITAN","EQ","05-Apr-2023","2,537.40","2,560.00","2,581.50","2,550.10","2,572.00","2,572.70","2,571.05","14,38,377","3,69,81,38,205.25","60,471","6,38,390","44.38"
"TITAN","EQ","03-Apr-2023","2,514.90","2,525.90","2,544.65","2,513.30","2,536.00","2,537.40","2,535.34","7,01,713","1,77,90,78,932.45","40,354","4,54,456","64.76"
"TITAN","EQ","31-Mar-2023","2,515.05","2,526.95","2,536.75","2,500.00","2,514.90","2,514.90","2,514.18","8,48,456","2,13,31,66,995.50","78,428","5,39,575","63.59"
"TITAN","EQ","29-Mar-2023","2,500.30","2,500.30","2,525.00","2,494.00","2,521.55","2,515.05","2,510.12","7,10,603","1,78,36,98,996.10","49,186","3,47,994","48.97"
"TITAN","EQ","28-Mar-2023","2,494.40","2,502.90","2,507.15","2,493.90","2,500.00","2,500.30","2,500.57","5,99,191","1,49,83,21,461.00","39,686","3,80,659","63.53"
"TITAN","EQ","27-Mar-2023","2,493.35","2,480.00","2,510.00","2,466.80","2,494.90","2,494.40","2,496.58","7,28,727","1,81,93,22,039.60","73,023","4,21,293","57.81"
"TITAN","EQ","24-Mar-2023","2,519.05","2,516.80","2,519.70","2,474.95","2,485.00","2,493.35","2,492.41","8,38,919","2,09,09,27,271.85","60,562","4,65,037","55.43"
"TITAN","EQ","23-Mar-2023","2,508.15","2,510.00","2,528.00","2,494.05","2,516.80","2,519.05","2,510.89","6,10,778","1,53,35,93,571.55","49,469","2,31,380","37.88"
"TITAN","EQ","22-Mar-2023","2,514.05","2,517.95","2,524.00","2,495.00","2,510.00","2,508.15","2,509.09","7,54,732","1,89,36,86,979.75","75,903","4,33,939","57.50"
"TITAN","EQ","21-Mar-2023","2,459.95","2,475.00","2,521.55","2,468.05","2,507.00","2,514.05","2,506.76","16,52,107","4,14,14,32,114.85","89,897","8,25,511","49.97"
"TITAN","EQ","20-Mar-2023","2,455.65","2,462.00","2,474.95","2,441.55","2,457.00","2,459.95","2,455.80","9,18,922","2,25,66,91,321.95","65,926","5,12,499","55.77"
"TITAN","EQ","17-Mar-2023","2,450.35","2,467.15","2,474.00","2,447.40","2,460.00","2,455.65","2,459.97","16,25,905","3,99,96,75,317.00","1,05,032","11,47,384","70.57"
"TITAN","EQ","16-Mar-2023","2,399.10","2,413.50","2,482.00","2,413.00","2,450.00","2,450.35","2,455.49","23,17,115","5,68,96,47,995.50","1,25,902","10,18,690","43.96"
"TITAN","EQ","15-Mar-2023","2,355.60","2,380.00","2,413.85","2,379.95","2,400.00","2,399.10","2,398.46","16,56,307","3,97,25,87,503.00","89,980","9,42,314","56.89"
"TITAN","EQ","14-Mar-2023","2,332.00","2,336.95","2,391.85","2,328.85","2,361.00","2,355.60","2,358.77","14,70,817","3,46,93,18,324.60","1,13,287","6,08,711","41.39"
"TITAN","EQ","13-Mar-2023","2,375.50","2,372.75","2,376.95","2,321.00","2,339.95","2,332.00","2,344.49","6,31,722","1,48,10,67,191.05","60,325","3,20,546","50.74"
"TITAN","EQ","10-Mar-2023","2,368.25","2,354.85","2,379.95","2,338.00","2,376.55","2,375.50","2,359.03","5,43,004","1,28,09,61,341.50","63,203","3,09,721","57.04"
"TITAN","EQ","09-Mar-2023","2,397.10","2,400.80","2,407.95","2,365.00","2,365.00","2,368.25","2,380.24","6,01,071","1,43,06,92,247.40","51,155","3,79,375","63.12"
"TITAN","EQ","08-Mar-2023","2,403.45","2,396.40","2,401.20","2,372.25","2,397.00","2,397.10","2,385.77","8,58,496","2,04,81,73,197.30","76,548","4,75,229","55.36"
"TITAN","EQ","06-Mar-2023","2,396.10","2,412.55","2,426.40","2,392.60","2,403.40","2,403.45","2,407.38","6,82,556","1,64,31,70,182.65","65,316","3,47,833","50.96"
"TITAN","EQ","03-Mar-2023","2,358.95","2,370.00","2,402.00","2,358.30","2,400.00","2,396.10","2,389.93","7,10,845","1,69,88,68,273.35","71,426","4,00,065","56.28"
"TITAN","EQ","02-Mar-2023","2,382.40","2,382.35","2,394.30","2,351.75","2,360.00","2,358.95","2,365.22","5,29,609","1,25,26,43,413.70","61,004","2,85,912","53.99"
"TITAN","EQ","01-Mar-2023","2,372.80","2,370.00","2,396.05","2,366.35","2,383.50","2,382.40","2,384.06","4,79,935","1,14,41,93,522.05","48,640","2,25,862","47.06"
"TITAN","EQ","28-Feb-2023","2,401.00","2,401.10","2,425.00","2,363.60","2,370.00","2,372.80","2,392.71","14,30,349","3,42,24,12,965.40","61,885","8,87,015","62.01"
"TITAN","EQ","27-Feb-2023","2,399.10","2,399.10","2,412.00","2,373.60","2,402.60","2,401.00","2,393.65","8,62,629","2,06,48,30,019.90","56,043","5,07,016","58.78"
"TITAN","EQ","24-Feb-2023","2,394.50","2,400.00","2,413.75","2,377.95","2,397.05","2,399.10","2,390.46","11,45,691","2,73,87,33,983.45","59,118","7,05,147","61.55"
"TITAN","EQ","23-Feb-2023","2,431.55","2,432.50","2,432.50","2,380.00","2,392.00","2,394.50","2,401.70","16,02,078","3,84,77,16,960.65","1,04,103","10,77,025","67.23"
"TITAN","EQ","22-Feb-2023","2,463.60","2,451.95","2,462.80","2,414.40","2,429.95","2,431.55","2,432.68","10,98,118","2,67,13,66,572.75","92,879","7,20,409","65.60"
"TITAN","EQ","21-Feb-2023","2,474.15","2,485.95","2,485.95","2,450.50","2,466.00","2,463.60","2,462.11","7,50,272","1,84,72,50,224.10","61,020","3,67,675","49.01"
"TITAN","EQ","20-Feb-2023","2,500.30","2,500.00","2,507.25","2,466.30","2,478.00","2,474.15","2,484.94","4,60,090","1,14,32,94,476.40","36,989","2,00,276","43.53"
"TITAN","EQ","17-Feb-2023","2,522.40","2,515.00","2,545.85","2,496.00","2,500.00","2,500.30","2,515.13","6,07,239","1,52,72,85,030.05","41,495","3,06,825","50.53"
"TITAN","EQ","16-Feb-2023","2,524.30","2,530.00","2,545.65","2,518.10","2,521.00","2,522.40","2,532.53","7,04,946","1,78,52,97,203.60","46,977","3,86,436","54.82"
"TITAN","EQ","15-Feb-2023","2,506.90","2,503.45","2,528.25","2,483.30","2,527.00","2,524.30","2,512.63","7,07,224","1,77,69,94,429.75","50,310","3,76,754","53.27"
"TITAN","EQ","14-Feb-2023","2,519.05","2,528.95","2,528.95","2,480.00","2,507.05","2,506.90","2,503.48","8,43,477","2,11,16,30,050.55","76,561","3,93,791","46.69"
"TITAN","EQ","13-Feb-2023","2,468.50","2,480.00","2,523.95","2,476.15","2,519.75","2,519.05","2,512.45","18,56,317","4,66,39,06,619.15","1,02,878","8,84,755","47.66"
"TITAN","EQ","10-Feb-2023","2,462.55","2,452.00","2,472.00","2,442.05","2,470.50","2,468.50","2,458.38","5,97,337","1,46,84,79,558.60","59,950","3,75,623","62.88"
"TITAN","EQ","09-Feb-2023","2,466.75","2,467.00","2,475.65","2,451.60","2,465.50","2,462.55","2,464.26","4,64,715","1,14,51,78,444.95","51,574","2,52,222","54.27"
"TITAN","EQ","08-Feb-2023","2,446.90","2,447.00","2,480.00","2,447.00","2,463.55","2,466.75","2,467.67","5,39,085","1,33,02,86,215.05","40,830","2,00,212","37.14"
"TITAN","EQ","07-Feb-2023","2,458.00","2,456.30","2,459.75","2,432.10","2,449.05","2,446.90","2,444.71","5,63,195","1,37,68,46,503.25","55,199","2,22,720","39.55"
"TITAN","EQ","06-Feb-2023","2,463.10","2,474.85","2,479.95","2,447.60","2,456.30","2,458.00","2,462.07","10,49,075","2,58,28,97,641.75","97,074","5,36,501","51.14"
"TITAN","EQ","03-Feb-2023","2,308.10","2,320.10","2,470.00","2,320.10","2,458.30","2,463.10","2,425.35","36,93,638","8,95,83,63,285.70","2,05,942","11,74,015","31.78"
"TITAN","EQ","02-Feb-2023","2,345.90","2,341.05","2,385.00","2,269.60","2,325.00","2,308.10","2,336.44","17,88,381","4,17,84,41,160.95","1,14,317","7,38,565","41.30"
"TITAN","EQ","01-Feb-2023","2,377.15","2,408.55","2,409.80","2,300.05","2,345.00","2,345.90","2,363.36","15,21,514","3,59,58,90,169.10","1,03,902","7,88,328","51.81"
"TITAN","EQ","31-Jan-2023","2,335.55","2,347.00","2,386.45","2,335.65","2,383.00","2,377.15","2,367.90","12,52,600","2,96,60,30,261.25","90,793","7,83,983","62.59"
"TITAN","EQ","30-Jan-2023","2,331.25","2,332.00","2,342.85","2,287.05","2,340.00","2,335.55","2,315.79","14,01,847","3,24,63,81,011.10","1,20,736","7,75,688","55.33"
"TITAN","EQ","27-Jan-2023","2,356.60","2,368.40","2,368.40","2,302.60","2,332.00","2,331.25","2,326.44","12,38,620","2,88,15,80,875.90","1,22,600","6,78,166","54.75"
"TITAN","EQ","25-Jan-2023","2,370.75","2,370.00","2,370.00","2,333.55","2,370.00","2,356.60","2,351.69","6,50,664","1,53,01,60,774.00","55,389","2,96,829","45.62"
"TITAN","EQ","24-Jan-2023","2,364.70","2,372.50","2,390.60","2,364.00","2,370.00","2,370.75","2,378.29","7,14,000","1,69,81,00,471.40","61,807","3,77,028","52.81"
"TITAN","EQ","23-Jan-2023","2,371.30","2,383.95","2,384.30","2,355.60","2,358.65","2,364.70","2,365.23","9,32,554","2,20,57,02,735.90","86,801","5,91,472","63.42"
"TITAN","EQ","20-Jan-2023","2,385.05","2,389.95","2,396.95","2,353.00","2,374.00","2,371.30","2,372.42","12,29,902","2,91,78,43,628.90","84,004","6,79,206","55.22"
"TITAN","EQ","19-Jan-2023","2,424.10","2,392.50","2,411.80","2,367.20","2,386.00","2,385.05","2,388.66","11,16,874","2,66,78,32,480.60","75,874","4,72,708","42.32"
"TITAN","EQ","18-Jan-2023","2,407.95","2,418.00","2,429.85","2,412.80","2,424.40","2,424.10","2,421.82","6,01,233","1,45,60,75,594.00","47,336","2,90,307","48.29"
"TITAN","EQ","17-Jan-2023","2,405.85","2,405.00","2,417.90","2,386.00","2,409.95","2,407.95","2,401.74","9,26,137","2,22,43,36,330.35","64,307","5,32,621","57.51"
"TITAN","EQ","16-Jan-2023","2,417.20","2,428.00","2,434.80","2,392.00","2,401.25","2,405.85","2,404.94","7,37,012","1,77,24,67,937.90","55,159","2,71,331","36.82"
"TITAN","EQ","13-Jan-2023","2,446.60","2,456.90","2,456.90","2,400.00","2,420.00","2,417.20","2,417.43","14,16,869","3,42,51,82,190.30","83,190","7,77,061","54.84"
"TITAN","EQ","12-Jan-2023","2,437.40","2,450.00","2,475.00","2,432.00","2,445.00","2,446.60","2,449.08","8,74,520","2,14,17,72,011.80","66,156","3,22,646","36.89"
"TITAN","EQ","11-Jan-2023","2,468.20","2,473.00","2,488.60","2,431.00","2,434.95","2,437.40","2,452.82","10,00,412","2,45,38,31,163.80","95,386","4,62,163","46.20"
"TITAN","EQ","10-Jan-2023","2,484.65","2,495.00","2,498.70","2,456.00","2,464.50","2,468.20","2,474.83","9,48,787","2,34,80,82,025.70","74,548","4,15,965","43.84"
"TITAN","EQ","09-Jan-2023","2,538.10","2,529.95","2,529.95","2,467.80","2,489.95","2,484.65","2,488.97","23,24,487","5,78,55,72,656.80","1,65,642","9,04,718","38.92"
"TITAN","EQ","06-Jan-2023","2,562.10","2,560.00","2,584.40","2,517.00","2,537.00","2,538.10","2,540.10","8,79,019","2,23,27,92,969.20","63,800","4,18,856","47.65"
"TITAN","EQ","05-Jan-2023","2,597.55","2,591.00","2,620.00","2,543.65","2,565.20","2,562.10","2,573.80","15,44,601","3,97,54,96,530.55","1,03,786","9,46,321","61.27"
"TITAN","EQ","04-Jan-2023","2,613.60","2,618.80","2,626.25","2,585.60","2,592.00","2,597.55","2,600.28","8,32,054","2,16,35,76,009.00","52,788","4,11,007","49.40"
"TITAN","EQ","03-Jan-2023","2,565.75","2,568.00","2,619.00","2,555.05","2,618.80","2,613.60","2,589.83","8,52,511","2,20,78,55,164.80","56,038","3,66,739","43.02"
"TITAN","EQ","02-Jan-2023","2,597.50","2,607.00","2,616.00","2,556.80","2,565.35","2,565.75","2,580.93","6,97,408","1,79,99,62,334.15","48,764","1,94,352","27.87"
"TITAN","EQ","30-Dec-2022","2,553.25","2,564.00","2,610.00","2,553.05","2,595.05","2,597.50","2,592.45","10,57,182","2,74,06,88,135.75","60,907","4,27,341","40.42"
"TITAN","EQ","29-Dec-2022","2,580.15","2,555.00","2,588.85","2,542.20","2,553.05","2,553.25","2,556.09","15,83,143","4,04,66,50,781.50","78,805","9,37,153","59.20"
"TITAN","EQ","28-Dec-2022","2,503.55","2,502.80","2,596.00","2,497.50","2,575.00","2,580.15","2,571.24","24,43,430","6,28,26,56,899.35","1,28,671","6,63,267","27.14"
"TITAN","EQ","27-Dec-2022","2,481.10","2,498.00","2,519.90","2,485.60","2,502.90","2,503.55","2,504.74","7,91,283","1,98,19,57,665.75","37,709","3,85,534","48.72"
"TITAN","EQ","26-Dec-2022","2,483.05","2,487.75","2,512.40","2,470.25","2,489.95","2,481.10","2,494.50","10,76,808","2,68,60,93,373.50","76,245","3,89,700","36.19"
"TITAN","EQ","23-Dec-2022","2,483.00","2,467.65","2,505.00","2,455.00","2,488.00","2,483.05","2,483.69","13,10,439","3,25,47,25,803.75","76,240","6,54,226","49.92"
"TITAN","EQ","22-Dec-2022","2,489.60","2,491.80","2,509.20","2,465.00","2,480.25","2,483.00","2,482.44","5,57,608","1,38,42,30,242.15","49,834","2,27,367","40.78"
"TITAN","EQ","21-Dec-2022","2,508.15","2,515.00","2,528.00","2,481.00","2,490.00","2,489.60","2,499.85","5,19,326","1,29,82,37,549.10","48,020","2,37,934","45.82"
"TITAN","EQ","20-Dec-2022","2,521.80","2,516.80","2,517.60","2,482.10","2,511.20","2,508.15","2,498.93","5,97,902","1,49,41,12,883.15","52,173","2,80,863","46.97"
"TITAN","EQ","19-Dec-2022","2,482.85","2,483.20","2,525.25","2,468.70","2,520.25","2,521.80","2,501.35","5,72,224","1,43,13,32,714.75","45,426","2,14,786","37.54"
"TITAN","EQ","16-Dec-2022","2,522.70","2,500.00","2,520.00","2,480.00","2,485.00","2,482.85","2,496.60","11,77,053","2,93,86,26,054.60","87,870","7,14,821","60.73"
"TITAN","EQ","15-Dec-2022","2,591.10","2,585.00","2,588.65","2,514.55","2,520.50","2,522.70","2,543.96","12,25,728","3,11,81,97,321.65","90,387","7,20,066","58.75"
"TITAN","EQ","14-Dec-2022","2,575.90","2,574.85","2,596.00","2,571.15","2,592.00","2,591.10","2,587.82","7,67,737","1,98,67,63,143.90","58,899","4,69,580","61.16"
"TITAN","EQ","13-Dec-2022","2,584.65","2,597.40","2,600.00","2,565.00","2,572.40","2,575.90","2,575.55","8,32,740","2,14,47,67,348.65","63,045","5,34,807","64.22"
"TITAN","EQ","12-Dec-2022","2,615.45","2,613.50","2,613.50","2,571.00","2,584.90","2,584.65","2,584.78","7,26,330","1,87,74,03,541.10","54,545","3,56,757","49.12"
"TITAN","EQ","09-Dec-2022","2,583.50","2,597.00","2,629.90","2,567.95","2,609.25","2,615.45","2,597.13","9,35,047","2,42,84,37,037.15","86,754","4,44,266","47.51"
"TITAN","EQ","08-Dec-2022","2,596.85","2,596.85","2,613.90","2,578.75","2,581.95","2,583.50","2,592.41","6,48,288","1,68,06,28,427.85","51,291","4,27,031","65.87"
"TITAN","EQ","07-Dec-2022","2,617.00","2,616.30","2,623.75","2,586.70","2,594.50","2,596.85","2,601.46","7,12,914","1,85,46,19,363.55","64,275","3,73,224","52.35"
"TITAN","EQ","06-Dec-2022","2,615.65","2,619.80","2,624.00","2,591.30","2,611.10","2,617.00","2,604.15","7,06,596","1,84,00,79,251.25","65,847","4,12,023","58.31"
"TITAN","EQ","05-Dec-2022","2,617.90","2,629.00","2,629.95","2,589.25","2,614.80","2,615.65","2,607.85","7,47,114","1,94,83,60,014.80","60,334","4,03,501","54.01"
"TITAN","EQ","02-Dec-2022","2,638.70","2,648.00","2,651.40","2,605.00","2,618.00","2,617.90","2,617.68","7,31,396","1,91,45,62,013.45","55,462","4,50,179","61.55"
"TITAN","EQ","01-Dec-2022","2,653.00","2,662.00","2,665.00","2,630.00","2,636.95","2,638.70","2,642.90","5,39,844","1,42,67,52,820.25","40,659","2,79,559","51.79"
"TITAN","EQ","30-Nov-2022","2,613.75","2,613.75","2,665.00","2,604.20","2,657.25","2,653.00","2,641.21","15,69,918","4,14,64,88,239.35","68,190","10,49,018","66.82"
"TITAN","EQ","29-Nov-2022","2,592.25","2,597.15","2,640.00","2,595.05","2,612.00","2,613.75","2,621.71","8,66,621","2,27,20,30,538.45","64,382","3,39,803","39.21"
"TITAN","EQ","28-Nov-2022","2,595.40","2,584.40","2,608.50","2,579.00","2,592.00","2,592.25","2,596.53","6,65,149","1,72,70,80,239.90","46,811","3,97,378","59.74"
"TITAN","EQ","25-Nov-2022","2,610.20","2,620.00","2,620.00","2,586.00","2,591.25","2,595.40","2,596.47","6,33,047","1,64,36,88,452.00","45,799","3,74,970","59.23"
"TITAN","EQ","24-Nov-2022","2,601.75","2,611.00","2,618.30","2,592.50","2,613.85","2,610.20","2,604.98","7,52,066","1,95,91,14,455.15","46,121","3,62,190","48.16"
"TITAN","EQ","23-Nov-2022","2,606.20","2,614.95","2,632.50","2,590.80","2,591.60","2,601.75","2,617.17","9,92,873","2,59,85,16,281.20","59,217","5,69,030","57.31"
"TITAN","EQ","22-Nov-2022","2,573.35","2,580.00","2,609.00","2,561.00","2,607.50","2,606.20","2,594.84","9,12,070","2,36,66,78,028.95","58,060","4,96,575","54.44"
"TITAN","EQ","21-Nov-2022","2,565.80","2,552.00","2,578.95","2,539.65","2,572.00","2,573.35","2,560.52","6,29,040","1,61,06,67,512.25","44,737","3,06,996","48.80"
"TITAN","EQ","18-Nov-2022","2,582.00","2,580.00","2,583.40","2,545.00","2,572.95","2,565.80","2,560.49","10,38,751","2,65,97,08,145.45","99,791","5,23,581","50.40"
"TITAN","EQ","17-Nov-2022","2,644.30","2,638.00","2,645.00","2,576.00","2,583.95","2,582.00","2,592.35","12,65,647","3,28,10,02,988.30","69,687","6,81,837","53.87"
"TITAN","EQ","16-Nov-2022","2,656.65","2,659.00","2,678.20","2,630.00","2,645.00","2,644.30","2,647.95","8,35,064","2,21,12,07,464.00","51,298","5,05,548","60.54"
"TITAN","EQ","15-Nov-2022","2,629.80","2,642.95","2,669.15","2,621.05","2,658.45","2,656.65","2,651.10","10,33,296","2,73,93,69,342.35","46,529","5,00,490","48.44"
"TITAN","EQ","14-Nov-2022","2,651.80","2,658.00","2,665.00","2,623.20","2,630.00","2,629.80","2,636.54","5,65,428","1,49,07,74,742.20","35,519","3,13,676","55.48"
"TITAN","BL","14-Nov-2022","2,728.45","2,651.80","2,651.80","2,651.80","2,651.80","2,651.80","2,651.80","5,57,953","1,47,95,79,765.40","1","-","-"
"TITAN","EQ","11-Nov-2022","2,641.00","2,671.00","2,694.40","2,641.55","2,656.00","2,651.80","2,665.95","8,33,729","2,22,26,79,756.55","59,931","4,09,639","49.13"
"TITAN","EQ","10-Nov-2022","2,718.10","2,710.00","2,711.10","2,628.00","2,647.50","2,641.00","2,653.00","11,98,585","3,17,98,47,416.00","74,667","5,37,591","44.85"
"TITAN","EQ","09-Nov-2022","2,741.55","2,769.00","2,769.00","2,710.00","2,710.35","2,718.10","2,728.57","11,84,702","3,23,25,40,242.10","50,665","6,31,730","53.32"
"TITAN","EQ","07-Nov-2022","2,769.70","2,772.00","2,772.00","2,706.30","2,735.00","2,741.55","2,734.38","18,25,529","4,99,16,87,717.35","95,712","6,06,154","33.20"
"TITAN","EQ","04-Nov-2022","2,763.65","2,774.90","2,781.45","2,746.60","2,770.00","2,769.70","2,759.62","11,72,058","3,23,44,32,965.10","47,413","5,99,556","51.15"
"TITAN","EQ","03-Nov-2022","2,728.45","2,705.00","2,779.00","2,705.00","2,766.60","2,763.65","2,753.10","12,27,960","3,38,07,01,836.35","54,594","5,74,473","46.78"
"TITAN","BL","03-Nov-2022","2,683.90","2,728.45","2,728.45","2,728.45","2,728.45","2,728.45","2,728.45","5,57,953","1,52,23,46,862.85","1","-","-"
"TITAN","EQ","02-Nov-2022","2,754.95","2,745.00","2,747.35","2,703.00","2,734.00","2,728.45","2,723.97","17,04,942","4,64,42,16,430.30","57,000","9,93,980","58.30"
"TITAN","EQ","01-Nov-2022","2,761.50","2,770.15","2,784.00","2,741.00","2,755.00","2,754.95","2,756.46","8,90,107","2,45,35,44,061.50","48,451","4,89,884","55.04"
"TITAN","EQ","31-Oct-2022","2,736.40","2,750.00","2,791.00","2,738.25","2,765.00","2,761.50","2,761.11","11,44,647","3,16,04,96,134.10","66,626","5,69,203","49.73"
"TITAN","EQ","28-Oct-2022","2,703.80","2,708.95","2,738.90","2,693.25","2,733.00","2,736.40","2,722.82","10,03,160","2,73,14,21,674.25","62,946","5,18,074","51.64"
"TITAN","EQ","27-Oct-2022","2,670.30","2,700.00","2,765.00","2,680.00","2,706.00","2,703.80","2,720.73","21,17,791","5,76,19,42,288.75","1,01,391","8,55,876","40.41"
"TITAN","BL","25-Oct-2022","2,680.10","2,683.90","2,683.90","2,683.90","2,683.90","2,683.90","2,683.90","3,00,179","80,56,50,418.10","1","-","-"
"TITAN","EQ","25-Oct-2022","2,683.90","2,697.35","2,697.35","2,662.00","2,669.55","2,670.30","2,674.07","5,05,759","1,35,24,34,594.40","37,515","2,40,529","47.56"
"TITAN","EQ","24-Oct-2022","2,665.65","2,697.00","2,699.90","2,679.15","2,682.00","2,683.90","2,687.26","1,84,595","49,60,55,391.30","19,559","77,441","41.95"
"TITAN","EQ","21-Oct-2022","2,631.50","2,650.00","2,679.65","2,640.05","2,670.65","2,665.65","2,666.35","9,86,521","2,63,04,11,600.50","50,897","3,85,912","39.12"
"TITAN","EQ","20-Oct-2022","2,644.55","2,640.00","2,644.00","2,581.35","2,633.00","2,631.50","2,613.06","10,22,636","2,67,22,09,505.70","69,521","4,78,575","46.80"
"TITAN","EQ","19-Oct-2022","2,641.10","2,654.35","2,677.00","2,640.00","2,648.00","2,644.55","2,658.87","10,01,916","2,66,39,64,218.00","50,371","5,49,537","54.85"
"TITAN","EQ","18-Oct-2022","2,625.00","2,638.15","2,664.70","2,623.15","2,642.00","2,641.10","2,642.32","7,71,852","2,03,94,77,766.75","40,599","3,84,943","49.87"
"TITAN","EQ","17-Oct-2022","2,617.80","2,613.90","2,634.90","2,602.55","2,624.80","2,625.00","2,623.11","11,11,199","2,91,48,02,446.00","54,989","6,33,557","57.02"
"TITAN","EQ","14-Oct-2022","2,598.65","2,640.00","2,663.60","2,607.75","2,619.85","2,617.80","2,638.85","13,26,916","3,50,15,27,732.55","66,301","5,20,718","39.24"
"TITAN","EQ","13-Oct-2022","2,621.35","2,610.00","2,628.00","2,591.00","2,598.00","2,598.65","2,603.92","10,38,687","2,70,46,55,437.85","41,122","5,33,023","51.32"
"TITAN","EQ","12-Oct-2022","2,624.50","2,630.00","2,644.90","2,606.00","2,619.00","2,621.35","2,623.26","11,31,702","2,96,87,44,543.45","62,764","6,30,778","55.74"
"TITAN","BL","11-Oct-2022","2,606.95","2,680.10","2,680.10","2,680.10","2,680.10","2,680.10","2,680.10","4,61,278","1,23,62,71,167.80","1","-","-"
"TITAN","EQ","11-Oct-2022","2,680.10","2,693.00","2,694.00","2,616.40","2,621.00","2,624.50","2,642.51","10,67,626","2,82,12,08,990.25","74,108","5,41,869","50.75"
"TITAN","EQ","10-Oct-2022","2,730.50","2,710.00","2,727.90","2,658.00","2,683.95","2,680.10","2,699.33","12,90,447","3,48,33,46,218.40","75,217","4,03,624","31.28"
"TITAN","EQ","07-Oct-2022","2,592.85","2,690.00","2,745.00","2,675.00","2,730.20","2,730.50","2,721.12","52,84,814","14,38,06,08,249.65","1,99,594","13,61,596","25.76"
"TITAN","EQ","06-Oct-2022","2,585.10","2,598.05","2,620.00","2,581.60","2,588.00","2,592.85","2,601.79","14,09,852","3,66,81,38,279.55","1,42,313","8,75,874","62.13"
"TITAN","EQ","04-Oct-2022","2,574.20","2,629.00","2,629.00","2,571.65","2,579.00","2,585.10","2,590.07","12,91,070","3,34,39,67,110.20","1,07,630","7,54,511","58.44"
"TITAN","EQ","03-Oct-2022","2,606.95","2,625.00","2,625.00","2,555.60","2,577.30","2,574.20","2,580.15","10,49,142","2,70,69,42,959.50","77,964","4,19,236","39.96"
"TITAN","BL","03-Oct-2022","2,432.80","2,606.95","2,606.95","2,606.95","2,606.95","2,606.95","2,606.95","4,61,550","1,20,32,37,772.50","1","-","-"
"TITAN","EQ","30-Sep-2022","2,531.50","2,538.00","2,637.40","2,522.60","2,605.50","2,606.95","2,590.42","14,53,944","3,76,63,21,229.60","96,727","6,81,994","46.91"
"TITAN","EQ","29-Sep-2022","2,576.95","2,594.85","2,606.05","2,517.35","2,538.00","2,531.50","2,550.15","11,77,076","3,00,17,24,450.80","77,272","4,97,330","42.25"
"TITAN","EQ","28-Sep-2022","2,600.35","2,587.50","2,634.50","2,564.50","2,571.95","2,576.95","2,590.74","14,19,969","3,67,87,67,434.25","69,488","6,89,008","48.52"
"TITAN","EQ","27-Sep-2022","2,655.50","2,669.95","2,679.55","2,585.55","2,604.90","2,600.35","2,620.00","12,46,270","3,26,52,24,760.35","86,043","5,92,096","47.51"
"TITAN","EQ","26-Sep-2022","2,672.45","2,666.00","2,677.95","2,563.55","2,654.00","2,655.50","2,633.10","13,71,409","3,61,10,60,827.30","97,228","5,88,251","42.89"
"TITAN","EQ","23-Sep-2022","2,737.60","2,737.60","2,755.70","2,667.00","2,681.80","2,672.45","2,705.58","12,26,889","3,31,94,42,744.55","81,654","5,26,818","42.94"
"TITAN","EQ","22-Sep-2022","2,666.65","2,660.00","2,744.95","2,650.00","2,741.00","2,737.60","2,702.28","13,52,472","3,65,47,58,909.65","91,491","4,72,222","34.92"
"TITAN","EQ","21-Sep-2022","2,684.00","2,688.00","2,700.00","2,656.65","2,665.75","2,666.65","2,676.36","10,52,572","2,81,70,63,874.05","72,065","6,35,587","60.38"
"TITAN","EQ","20-Sep-2022","2,619.80","2,642.20","2,693.55","2,635.10","2,680.00","2,684.00","2,679.32","8,44,553","2,26,28,26,509.55","53,444","3,86,069","45.71"
"TITAN","EQ","19-Sep-2022","2,611.80","2,611.75","2,632.00","2,552.55","2,627.80","2,619.80","2,600.29","8,08,421","2,10,21,25,441.75","70,444","3,25,761","40.30"
"TITAN","EQ","16-Sep-2022","2,656.15","2,648.00","2,677.65","2,604.25","2,618.00","2,611.80","2,628.26","14,25,731","3,74,71,85,878.50","62,234","8,19,947","57.51"
"TITAN","EQ","15-Sep-2022","2,700.60","2,714.15","2,717.00","2,648.00","2,662.00","2,656.15","2,672.24","7,53,648","2,01,39,25,272.65","54,825","4,00,616","53.16"
"TITAN","EQ","14-Sep-2022","2,705.55","2,645.00","2,712.00","2,645.00","2,703.00","2,700.60","2,696.94","9,15,281","2,46,84,55,405.30","60,124","4,41,513","48.24"
"TITAN","EQ","13-Sep-2022","2,661.15","2,680.00","2,723.00","2,672.00","2,703.00","2,705.55","2,706.85","15,36,444","4,15,89,26,370.75","83,248","5,25,605","34.21"
"TITAN","EQ","12-Sep-2022","2,603.45","2,616.80","2,669.70","2,610.00","2,668.00","2,661.15","2,645.70","8,08,360","2,13,86,75,818.15","72,657","4,20,969","52.08"
"TITAN","EQ","09-Sep-2022","2,626.70","2,652.00","2,652.15","2,593.00","2,600.80","2,603.45","2,613.56","7,77,186","2,03,12,20,521.35","53,658","4,22,904","54.41"
"TITAN","EQ","08-Sep-2022","2,637.75","2,649.00","2,659.90","2,616.00","2,629.00","2,626.70","2,635.36","7,54,150","1,98,74,56,396.45","52,715","3,46,213","45.91"
"TITAN","EQ","07-Sep-2022","2,631.65","2,607.00","2,641.40","2,600.40","2,639.50","2,637.75","2,628.47","4,38,635","1,15,29,37,394.15","34,296","1,66,241","37.90"
"TITAN","EQ","06-Sep-2022","2,627.35","2,631.70","2,646.90","2,611.00","2,623.45","2,631.65","2,629.70","6,80,071","1,78,83,79,662.25","47,872","3,01,683","44.36"
"TITAN","EQ","05-Sep-2022","2,612.60","2,625.00","2,640.00","2,610.85","2,620.00","2,627.35","2,626.33","7,33,481","1,92,63,59,655.80","48,394","3,37,591","46.03"
"TITAN","EQ","02-Sep-2022","2,622.00","2,631.00","2,645.00","2,607.05","2,615.00","2,612.60","2,627.94","8,00,453","2,10,35,44,513.65","63,265","3,24,191","40.50"
"TITAN","EQ","01-Sep-2022","2,604.65","2,592.95","2,647.15","2,565.65","2,625.00","2,622.00","2,619.77","14,38,313","3,76,80,54,304.15","1,00,367","6,80,737","47.33"
"TITAN","EQ","30-Aug-2022","2,531.70","2,545.00","2,623.10","2,543.00","2,594.65","2,604.65","2,589.47","17,94,736","4,64,74,22,653.60","89,928","9,47,425","52.79"
"TITAN","EQ","29-Aug-2022","2,532.90","2,457.25","2,540.90","2,457.25","2,536.30","2,531.70","2,518.08","11,49,676","2,89,49,74,783.55","81,910","4,98,103","43.33"
"TITAN","EQ","26-Aug-2022","2,466.45","2,483.05","2,556.00","2,481.55","2,535.00","2,532.90","2,533.09","23,98,253","6,07,49,92,319.15","1,22,943","6,36,063","26.52"
"TITAN","EQ","25-Aug-2022","2,460.70","2,473.00","2,501.60","2,456.70","2,464.40","2,466.45","2,483.34","7,32,577","1,81,92,40,058.35","47,753","2,40,648","32.85"
"TITAN","EQ","24-Aug-2022","2,480.20","2,495.00","2,495.00","2,441.05","2,458.00","2,460.70","2,460.48","6,72,569","1,65,48,40,131.60","45,488","2,28,304","33.95"
"TITAN","EQ","23-Aug-2022","2,417.60","2,407.00","2,501.95","2,400.00","2,484.10","2,480.20","2,460.74","14,17,877","3,48,90,30,665.60","87,984","5,95,229","41.98"
"TITAN","EQ","22-Aug-2022","2,440.60","2,440.00","2,458.00","2,408.00","2,422.40","2,417.60","2,427.30","9,47,292","2,29,93,57,390.25","65,745","4,35,673","45.99"
"TITAN","EQ","19-Aug-2022","2,478.70","2,498.95","2,498.95","2,430.90","2,439.30","2,440.60","2,457.34","7,51,505","1,84,67,06,908.30","60,670","3,24,630","43.20"
"TITAN","EQ","18-Aug-2022","2,492.20","2,492.20","2,503.90","2,467.30","2,481.35","2,478.70","2,480.42","8,27,663","2,05,29,53,457.55","60,317","4,35,036","52.56"
"TITAN","EQ","17-Aug-2022","2,493.85","2,495.00","2,523.15","2,480.65","2,486.00","2,492.20","2,499.05","8,63,500","2,15,79,25,615.50","62,154","3,39,326","39.30"
"TITAN","EQ","16-Aug-2022","2,471.95","2,461.10","2,499.50","2,435.00","2,491.00","2,493.85","2,484.37","10,35,928","2,57,36,30,501.55","61,946","3,69,975","35.71"
"TITAN","EQ","12-Aug-2022","2,472.35","2,472.00","2,493.00","2,461.90","2,472.60","2,471.95","2,475.58","7,61,420","1,88,49,58,383.30","52,758","3,78,208","49.67"
"TITAN","EQ","11-Aug-2022","2,433.60","2,446.20","2,486.00","2,446.20","2,468.40","2,472.35","2,472.90","11,27,878","2,78,91,27,719.85","78,302","5,55,070","49.21"
"TITAN","EQ","10-Aug-2022","2,446.95","2,469.90","2,469.90","2,417.10","2,426.85","2,433.60","2,431.69","10,65,998","2,59,21,74,973.80","77,419","5,30,595","49.77"
"TITAN","BL","08-Aug-2022","2,325.00","2,432.80","2,432.80","2,432.80","2,432.80","2,432.80","2,432.80","4,85,928","1,18,21,65,638.40","1","-","-"
"TITAN","EQ","08-Aug-2022","2,432.80","2,460.00","2,474.70","2,433.15","2,447.50","2,446.95","2,449.11","15,76,547","3,86,11,43,029.10","1,10,355","5,42,978","34.44"
"TITAN","EQ","05-Aug-2022","2,423.65","2,425.20","2,472.40","2,417.35","2,428.00","2,432.80","2,442.47","24,43,597","5,96,84,18,136.45","1,18,932","5,25,769","21.52"
"TITAN","EQ","04-Aug-2022","2,416.40","2,429.95","2,430.45","2,370.95","2,416.55","2,423.65","2,406.25","10,15,590","2,44,37,63,433.05","74,549","3,94,852","38.88"
"TITAN","EQ","03-Aug-2022","2,384.95","2,395.00","2,425.90","2,355.00","2,418.75","2,416.40","2,382.52","12,07,016","2,87,57,44,639.25","88,794","5,64,855","46.80"
"TITAN","EQ","02-Aug-2022","2,376.25","2,370.00","2,397.80","2,357.05","2,381.00","2,384.95","2,382.73","7,77,687","1,85,30,19,321.45","60,405","3,34,922","43.07"
"TITAN","EQ","01-Aug-2022","2,352.05","2,364.80","2,381.05","2,339.00","2,375.60","2,376.25","2,360.52","5,81,266","1,37,20,89,122.70","44,301","2,46,001","42.32"
"TITAN","EQ","29-Jul-2022","2,334.65","2,355.00","2,392.50","2,339.05","2,355.00","2,352.05","2,364.14","12,39,445","2,93,02,25,071.10","91,870","5,63,303","45.45"
"TITAN","EQ","28-Jul-2022","2,303.55","2,321.00","2,341.50","2,305.05","2,330.50","2,334.65","2,328.27","11,26,799","2,62,34,88,739.90","67,384","4,90,895","43.57"
"TITAN","EQ","27-Jul-2022","2,293.20","2,285.10","2,311.00","2,266.55","2,305.00","2,303.55","2,294.95","14,56,382","3,34,23,20,766.55","78,656","7,77,702","53.40"
"TITAN","EQ","26-Jul-2022","2,328.85","2,334.95","2,334.95","2,286.55","2,291.00","2,293.20","2,308.15","11,42,159","2,63,62,73,434.30","64,769","5,14,204","45.02"
"TITAN","EQ","25-Jul-2022","2,325.00","2,339.30","2,348.80","2,313.00","2,325.00","2,328.85","2,330.54","12,48,393","2,90,94,28,754.55","60,220","5,33,651","42.75"
"TITAN","BL","25-Jul-2022","2,163.75","2,325.00","2,325.00","2,325.00","2,325.00","2,325.00","2,325.00","4,85,927","1,12,97,80,275.00","1","-","-"
"TITAN","EQ","22-Jul-2022","2,288.60","2,299.00","2,329.95","2,283.10","2,324.00","2,325.00","2,319.24","11,85,176","2,74,87,10,039.05","68,206","4,19,950","35.43"
"TITAN","EQ","21-Jul-2022","2,271.20","2,285.00","2,298.00","2,264.00","2,289.00","2,288.60","2,278.34","11,17,118","2,54,51,74,435.00","61,617","6,28,035","56.22"
"TITAN","EQ","20-Jul-2022","2,241.20","2,280.00","2,298.00","2,261.10","2,269.00","2,271.20","2,282.68","16,20,332","3,69,86,99,138.35","93,549","9,27,129","57.22"
"TITAN","EQ","19-Jul-2022","2,237.45","2,232.50","2,253.00","2,216.70","2,236.00","2,241.20","2,236.69","8,67,223","1,93,97,06,890.00","47,377","3,69,172","42.57"
"TITAN","EQ","18-Jul-2022","2,189.70","2,196.00","2,247.30","2,194.05","2,231.00","2,237.45","2,231.23","20,16,386","4,49,90,22,003.00","86,134","12,16,255","60.32"
"TITAN","EQ","15-Jul-2022","2,127.45","2,135.00","2,193.15","2,132.20","2,188.95","2,189.70","2,173.72","17,42,573","3,78,78,58,267.75","69,579","8,13,297","46.67"
"TITAN","EQ","14-Jul-2022","2,111.40","2,132.00","2,140.00","2,113.00","2,128.00","2,127.45","2,125.27","7,67,221","1,63,05,49,190.00","42,086","3,09,266","40.31"
"TITAN","EQ","13-Jul-2022","2,130.00","2,130.00","2,141.80","2,107.45","2,114.00","2,111.40","2,122.24","11,69,721","2,48,24,30,386.80","56,836","5,73,488","49.03"
"TITAN","EQ","12-Jul-2022","2,163.60","2,132.00","2,142.00","2,114.45","2,131.00","2,130.00","2,130.32","10,96,542","2,33,59,87,659.50","53,839","4,31,420","39.34"
"TITAN","EQ","11-Jul-2022","2,144.35","2,153.00","2,173.85","2,126.60","2,155.65","2,163.60","2,160.11","12,19,508","2,63,42,72,450.80","58,556","4,38,836","35.98"
"TITAN","EQ","08-Jul-2022","2,127.50","2,140.00","2,154.00","2,110.50","2,143.00","2,144.35","2,135.31","20,39,331","4,35,46,09,895.30","87,152","9,86,295","48.36"
"TITAN","EQ","07-Jul-2022","2,013.55","2,130.00","2,171.60","2,102.55","2,129.95","2,127.50","2,131.30","59,15,740","12,60,82,32,134.10","2,19,221","13,94,110","23.57"
"TITAN","EQ","06-Jul-2022","1,954.25","1,958.00","2,025.50","1,941.35","2,020.00","2,013.55","1,986.09","19,52,701","3,87,82,35,910.05","91,660","8,32,334","42.62"
"TITAN","EQ","05-Jul-2022","1,962.50","1,967.00","1,989.10","1,940.55","1,958.00","1,954.25","1,969.36","15,55,345","3,06,30,28,102.75","78,971","7,48,740","48.14"
"TITAN","EQ","04-Jul-2022","1,946.20","1,954.00","1,966.60","1,928.00","1,961.00","1,962.50","1,952.37","10,23,678","1,99,85,99,537.15","80,119","4,40,706","43.05"
"TITAN","EQ","01-Jul-2022","1,941.25","1,895.00","1,954.35","1,825.05","1,944.75","1,946.20","1,901.69","40,64,801","7,72,99,81,907.70","1,81,278","11,21,719","27.60"
"TITAN","EQ","30-Jun-2022","1,936.15","1,950.00","1,965.75","1,926.00","1,930.75","1,941.25","1,946.07","24,89,709","4,84,51,35,822.65","1,29,143","11,49,335","46.16"
"TITAN","EQ","29-Jun-2022","1,968.05","1,950.00","1,954.30","1,923.00","1,936.00","1,936.15","1,933.09","23,75,427","4,59,19,08,331.45","1,20,667","13,46,089","56.67"
"TITAN","EQ","28-Jun-2022","2,040.30","2,020.00","2,022.00","1,960.00","1,970.20","1,968.05","1,970.62","33,97,585","6,69,53,40,526.00","1,63,512","16,92,977","49.83"
"TITAN","EQ","27-Jun-2022","2,045.60","2,082.00","2,083.65","2,025.00","2,045.00","2,040.30","2,046.74","10,67,849","2,18,56,11,112.30","60,089","4,14,773","38.84"
"TITAN","EQ","24-Jun-2022","2,041.40","2,053.55","2,076.40","2,033.95","2,046.15","2,045.60","2,046.73","8,54,618","1,74,91,69,685.70","61,571","3,60,499","42.18"
"TITAN","EQ","23-Jun-2022","2,031.20","2,040.00","2,047.80","1,997.15","2,040.00","2,041.40","2,022.78","16,32,845","3,30,28,81,610.15","1,28,426","6,01,384","36.83"
"TITAN","EQ","22-Jun-2022","2,078.10","2,070.00","2,070.95","2,007.00","2,028.00","2,031.20","2,027.79","15,07,811","3,05,75,25,659.95","1,19,538","4,88,690","32.41"
"TITAN","EQ","21-Jun-2022","1,961.70","1,979.90","2,093.75","1,966.50","2,079.95","2,078.10","2,058.38","32,89,922","6,77,19,02,844.40","1,48,907","8,31,142","25.26"
"TITAN","EQ","20-Jun-2022","1,936.45","1,938.00","1,973.45","1,905.45","1,966.90","1,961.70","1,944.16","19,67,950","3,82,60,01,836.60","1,03,825","7,45,179","37.87"
"TITAN","EQ","17-Jun-2022","2,060.95","2,041.00","2,051.65","1,910.55","1,935.45","1,936.45","1,953.95","60,66,708","11,85,40,52,377.65","3,32,659","25,25,867","41.63"
"TITAN","EQ","16-Jun-2022","2,105.05","2,126.40","2,145.00","2,042.05","2,059.00","2,060.95","2,080.50","12,65,289","2,63,24,29,400.15","1,19,716","4,88,575","38.61"
"TITAN","EQ","15-Jun-2022","2,102.00","2,104.00","2,127.50","2,090.00","2,100.00","2,105.05","2,109.32","7,83,714","1,65,31,03,325.85","76,479","2,96,808","37.87"
"TITAN","EQ","14-Jun-2022","2,102.40","2,100.00","2,116.90","2,072.65","2,104.00","2,102.00","2,098.72","8,93,733","1,87,56,92,083.65","87,924","3,74,992","41.96"
"TITAN","EQ","13-Jun-2022","2,142.25","2,108.00","2,124.45","2,076.20","2,104.60","2,102.40","2,098.73","9,28,411","1,94,84,84,418.60","90,153","3,93,206","42.35"
"TITAN","EQ","10-Jun-2022","2,139.70","2,108.00","2,166.00","2,108.00","2,142.70","2,142.25","2,145.62","9,27,889","1,99,09,00,235.60","52,209","2,59,919","28.01"
"TITAN","EQ","09-Jun-2022","2,128.85","2,106.00","2,154.00","2,103.00","2,138.35","2,139.70","2,134.47","10,35,771","2,21,08,23,972.85","54,790","5,01,057","48.38"
"TITAN","EQ","08-Jun-2022","2,100.80","2,106.05","2,133.00","2,096.55","2,130.00","2,128.85","2,118.39","17,75,344","3,76,08,74,080.35","89,459","9,00,954","50.75"
"TITAN","EQ","07-Jun-2022","2,198.55","2,173.55","2,179.45","2,088.00","2,100.05","2,100.80","2,104.29","32,55,286","6,85,00,76,542.85","1,45,884","14,69,886","45.15"
"TITAN","EQ","06-Jun-2022","2,204.40","2,204.40","2,208.95","2,165.95","2,198.00","2,198.55","2,184.18","12,85,097","2,80,68,89,353.40","42,127","7,88,923","61.39"
"TITAN","EQ","03-Jun-2022","2,220.95","2,231.65","2,244.95","2,197.75","2,212.00","2,204.40","2,220.72","12,28,695","2,72,85,93,267.05","43,430","6,57,153","53.48"
"TITAN","EQ","02-Jun-2022","2,197.60","2,176.60","2,225.35","2,176.60","2,225.00","2,220.95","2,207.55","9,66,727","2,13,40,99,609.80","52,249","3,61,316","37.38"
"TITAN","EQ","01-Jun-2022","2,216.00","2,255.00","2,304.90","2,180.00","2,195.00","2,197.60","2,225.11","21,26,105","4,73,08,18,155.95","1,13,554","6,15,724","28.96"
"TITAN","EQ","31-May-2022","2,255.90","2,254.90","2,300.00","2,176.60","2,295.00","2,216.00","2,210.95","70,05,071","15,48,78,82,622.05","1,22,621","52,06,805","74.33"
"TITAN","EQ","30-May-2022","2,149.20","2,164.00","2,260.00","2,164.00","2,254.95","2,255.90","2,236.71","16,91,435","3,78,32,50,799.55","97,144","6,97,768","41.25"
"TITAN","EQ","27-May-2022","2,141.95","2,155.00","2,159.95","2,123.40","2,150.00","2,149.20","2,139.68","8,65,917","1,85,27,88,322.75","62,516","4,23,355","48.89"
"TITAN","EQ","26-May-2022","2,113.40","2,132.00","2,150.85","2,075.50","2,142.05","2,141.95","2,114.66","13,82,368","2,92,32,34,031.40","84,371","7,25,821","52.51"
"TITAN","EQ","25-May-2022","2,140.25","2,160.00","2,181.00","2,106.00","2,115.00","2,113.40","2,125.23","11,25,068","2,39,10,27,165.85","74,563","7,10,594","63.16"
"TITAN","EQ","24-May-2022","2,151.30","2,151.65","2,165.00","2,121.35","2,140.65","2,140.25","2,142.56","11,50,314","2,46,46,21,623.95","80,214","7,11,558","61.86"
"TITAN","EQ","23-May-2022","2,137.05","2,160.00","2,200.00","2,138.00","2,149.95","2,151.30","2,175.25","13,46,294","2,92,85,23,000.25","73,291","6,31,467","46.90"
"TITAN","EQ","20-May-2022","2,111.95","2,139.90","2,155.55","2,129.20","2,142.65","2,137.05","2,137.78","10,17,542","2,17,52,79,300.25","73,374","6,05,436","59.50"
"TITAN","EQ","19-May-2022","2,166.75","2,125.00","2,156.10","2,055.10","2,126.00","2,111.95","2,130.83","9,81,115","2,09,05,90,744.65","69,616","5,05,238","51.50"
"TITAN","EQ","18-May-2022","2,176.35","2,187.00","2,194.30","2,161.00","2,170.00","2,166.75","2,178.46","11,88,772","2,58,96,87,186.00","75,313","6,30,821","53.06"
"TITAN","EQ","17-May-2022","2,109.60","2,145.00","2,185.00","2,111.00","2,182.90","2,176.35","2,146.40","12,56,142","2,69,61,80,833.60","76,901","6,35,242","50.57"
"TITAN","EQ","16-May-2022","2,091.70","2,118.00","2,152.00","2,096.70","2,111.00","2,109.60","2,122.33","13,70,151","2,90,79,09,952.95","90,560","6,04,858","44.15"
"TITAN","EQ","13-May-2022","2,048.55","2,056.15","2,154.00","2,056.15","2,096.15","2,091.70","2,113.06","25,80,348","5,45,24,33,726.85","1,64,874","12,49,623","48.43"
"TITAN","EQ","12-May-2022","2,114.70","2,102.00","2,103.90","2,035.55","2,054.55","2,048.55","2,054.07","13,62,031","2,79,77,04,839.80","98,413","6,94,076","50.96"
"TITAN","EQ","11-May-2022","2,137.35","2,127.20","2,138.00","2,095.75","2,122.75","2,114.70","2,114.07","14,72,911","3,11,38,42,058.35","1,21,081","7,67,905","52.14"
"TITAN","EQ","10-May-2022","2,183.20","2,180.00","2,186.00","2,125.00","2,131.95","2,137.35","2,151.39","10,92,429","2,35,02,44,446.50","84,827","5,28,324","48.36"
"TITAN","EQ","09-May-2022","2,208.75","2,195.00","2,213.35","2,171.00","2,189.00","2,183.20","2,188.42","9,68,069","2,11,85,41,972.65","63,411","4,38,672","45.31"
"TITAN","EQ","06-May-2022","2,262.00","2,240.00","2,240.00","2,195.45","2,215.15","2,208.75","2,214.31","14,65,638","3,24,53,79,120.60","96,945","8,09,904","55.26"
"TITAN","EQ","05-May-2022","2,289.95","2,309.00","2,309.00","2,252.15","2,260.00","2,262.00","2,270.07","21,18,580","4,80,93,27,926.95","1,08,894","13,20,157","62.31"
"TITAN","EQ","04-May-2022","2,386.55","2,356.00","2,407.00","2,275.00","2,280.00","2,289.95","2,327.57","23,57,806","5,48,79,50,141.00","1,36,419","8,23,407","34.92"
"TITAN","EQ","02-May-2022","2,458.20","2,435.00","2,437.00","2,372.35","2,386.00","2,386.55","2,399.28","12,87,401","3,08,88,32,592.05","79,270","5,30,682","41.22"
"TITAN","EQ","29-Apr-2022","2,513.20","2,521.00","2,532.00","2,450.00","2,466.35","2,458.20","2,489.52","14,96,781","3,72,62,59,985.80","74,394","8,52,072","56.93"
"TITAN","EQ","28-Apr-2022","2,492.35","2,529.90","2,531.00","2,477.00","2,507.00","2,513.20","2,506.87","9,33,881","2,34,11,15,728.35","54,560","4,51,823","48.38"
"TITAN","EQ","27-Apr-2022","2,548.20","2,528.65","2,537.80","2,488.25","2,496.50","2,492.35","2,503.30","8,01,135","2,00,54,78,807.75","50,875","3,65,504","45.62"
"TITAN","EQ","26-Apr-2022","2,453.90","2,460.00","2,552.15","2,459.00","2,551.00","2,548.20","2,508.00","12,32,557","3,09,12,48,900.95","61,241","6,02,805","48.91"
"TITAN","EQ","25-Apr-2022","2,512.70","2,471.00","2,489.00","2,447.05","2,455.00","2,453.90","2,463.38","6,82,383","1,68,09,65,713.05","57,119","2,40,297","35.21"
"TITAN","EQ","22-Apr-2022","2,521.00","2,515.00","2,526.45","2,476.50","2,504.80","2,512.70","2,507.85","8,78,780","2,20,38,50,776.70","44,871","4,35,268","49.53"
"TITAN","EQ","21-Apr-2022","2,482.70","2,482.70","2,524.95","2,466.00","2,522.00","2,521.00","2,507.76","8,80,723","2,20,86,40,593.60","52,825","5,01,722","56.97"
"TITAN","EQ","20-Apr-2022","2,452.60","2,453.05","2,505.00","2,442.70","2,481.00","2,482.70","2,480.47","6,39,190","1,58,54,88,832.50","48,298","2,34,735","36.72"
"TITAN","EQ","19-Apr-2022","2,493.45","2,509.40","2,520.60","2,441.00","2,441.25","2,452.60","2,493.73","9,29,834","2,31,87,51,936.50","58,595","4,32,672","46.53"
"TITAN","EQ","18-Apr-2022","2,461.35","2,435.00","2,500.00","2,410.00","2,493.25","2,493.45","2,461.41","11,09,814","2,73,17,05,299.10","74,589","4,80,656","43.31"
"TITAN","EQ","13-Apr-2022","2,488.20","2,492.20","2,495.95","2,441.10","2,461.50","2,461.35","2,465.68","11,65,453","2,87,36,36,034.40","69,275","5,41,735","46.48"
"TITAN","EQ","12-Apr-2022","2,489.85","2,480.00","2,508.50","2,440.25","2,485.00","2,488.20","2,474.98","11,82,427","2,92,64,84,766.70","66,063","5,39,968","45.67"
"TITAN","EQ","11-Apr-2022","2,509.95","2,503.00","2,509.95","2,477.40","2,490.00","2,489.85","2,492.73","6,60,112","1,64,54,78,191.50","60,024","2,43,284","36.85"
"TITAN","EQ","08-Apr-2022","2,458.35","2,468.35","2,532.65","2,465.00","2,506.95","2,509.95","2,490.54","12,17,812","3,03,30,08,476.80","75,284","3,49,786","28.72"
"TITAN","EQ","07-Apr-2022","2,540.05","2,502.30","2,544.45","2,452.00","2,457.00","2,458.35","2,480.98","27,85,215","6,91,00,59,294.45","1,87,589","12,26,324","44.03"
"TITAN","EQ","06-Apr-2022","2,549.20","2,547.00","2,564.90","2,523.30","2,529.95","2,540.05","2,543.41","13,49,078","3,43,12,63,814.00","79,916","6,13,329","45.46"
"TITAN","EQ","05-Apr-2022","2,517.00","2,532.00","2,577.80","2,520.05","2,549.90","2,549.20","2,552.85","15,86,304","4,04,95,96,330.65","86,537","5,69,692","35.91"
"TITAN","EQ","04-Apr-2022","2,520.85","2,540.35","2,562.00","2,508.75","2,514.95","2,517.00","2,526.48","14,24,995","3,60,02,18,845.05","62,816","6,92,834","48.62"
"TITAN","EQ","01-Apr-2022","2,536.15","2,538.00","2,550.00","2,491.85","2,526.00","2,520.85","2,510.21","12,08,002","3,03,23,32,673.40","72,329","4,60,383","38.11"
"TITAN","EQ","31-Mar-2022","2,523.15","2,525.25","2,545.40","2,519.95","2,537.70","2,536.15","2,534.20","9,10,316","2,30,69,21,193.70","67,807","4,38,334","48.15"
"TITAN","EQ","30-Mar-2022","2,538.80","2,556.30","2,565.75","2,510.00","2,520.80","2,523.15","2,536.83","8,66,666","2,19,85,80,838.30","65,448","3,60,487","41.59"
"TITAN","EQ","29-Mar-2022","2,535.90","2,550.00","2,559.00","2,525.30","2,541.00","2,538.80","2,541.94","9,08,172","2,30,85,19,343.00","53,687","3,37,657","37.18"
"TITAN","EQ","28-Mar-2022","2,523.90","2,536.50","2,545.55","2,483.00","2,540.00","2,535.90","2,513.34","13,16,800","3,30,95,61,583.50","1,00,692","4,58,665","34.83"
"TITAN","EQ","25-Mar-2022","2,618.50","2,631.00","2,634.00","2,518.00","2,530.00","2,523.90","2,542.60","28,63,040","7,27,95,74,267.10","1,64,418","12,39,727","43.30"
"TITAN","EQ","24-Mar-2022","2,690.00","2,694.00","2,694.00","2,612.55","2,620.00","2,618.50","2,636.34","18,35,380","4,83,86,93,184.70","1,05,502","7,87,185","42.89"
"TITAN","EQ","23-Mar-2022","2,712.75","2,730.00","2,742.95","2,677.85","2,687.00","2,690.00","2,705.70","12,81,815","3,46,82,05,394.05","63,838","5,01,508","39.12"
"TITAN","EQ","22-Mar-2022","2,707.25","2,716.25","2,718.80","2,646.45","2,713.05","2,712.75","2,686.88","12,79,904","3,43,89,50,759.15","84,057","4,14,874","32.41"
"TITAN","EQ","21-Mar-2022","2,703.00","2,740.00","2,768.00","2,700.00","2,709.00","2,707.25","2,733.75","18,89,261","5,16,47,68,325.50","1,00,228","4,77,011","25.25"
"TITAN","EQ","17-Mar-2022","2,587.30","2,600.10","2,721.65","2,600.10","2,706.00","2,703.00","2,690.83","33,36,088","8,97,68,59,657.80","1,52,009","10,93,768","32.79"
"TITAN","EQ","16-Mar-2022","2,556.95","2,577.80","2,593.50","2,566.00","2,587.20","2,587.30","2,582.49","7,57,197","1,95,54,53,112.80","48,077","3,00,485","39.68"
"TITAN","EQ","15-Mar-2022","2,539.00","2,559.00","2,579.00","2,543.20","2,550.80","2,556.95","2,557.78","15,71,483","4,01,95,12,091.25","75,290","7,69,864","48.99"
"TITAN","EQ","14-Mar-2022","2,493.60","2,490.00","2,545.00","2,475.00","2,544.75","2,539.00","2,511.13","10,04,492","2,52,24,06,872.20","58,326","3,86,770","38.50"
"TITAN","EQ","11-Mar-2022","2,467.80","2,478.00","2,498.20","2,448.85","2,493.00","2,493.60","2,477.31","8,12,330","2,01,23,92,460.85","47,673","2,31,264","28.47"
"TITAN","EQ","10-Mar-2022","2,433.65","2,498.00","2,504.75","2,444.85","2,463.00","2,467.80","2,473.18","10,51,744","2,60,11,57,222.70","78,407","3,47,679","33.06"
"TITAN","EQ","09-Mar-2022","2,371.25","2,393.00","2,460.50","2,375.00","2,435.00","2,433.65","2,418.17","15,81,979","3,82,54,95,001.25","84,678","5,41,487","34.23"
"TITAN","EQ","08-Mar-2022","2,389.70","2,400.00","2,419.50","2,325.60","2,393.00","2,371.25","2,372.80","14,67,595","3,48,23,13,308.85","1,24,369","5,96,606","40.65"
"TITAN","EQ","07-Mar-2022","2,441.00","2,414.80","2,419.95","2,330.00","2,390.00","2,389.70","2,378.38","15,45,686","3,67,62,25,559.65","1,35,662","6,25,636","40.48"
"TITAN","EQ","04-Mar-2022","2,574.25","2,565.00","2,565.00","2,430.00","2,440.20","2,441.00","2,496.24","26,52,474","6,62,12,03,752.65","1,25,811","11,15,927","42.07"
"TITAN","EQ","03-Mar-2022","2,592.65","2,620.00","2,639.80","2,560.00","2,571.70","2,574.25","2,601.27","21,53,478","5,60,17,81,258.65","96,827","12,07,925","56.09"
"TITAN","EQ","02-Mar-2022","2,546.55","2,550.00","2,604.80","2,524.35","2,590.00","2,592.65","2,579.86","35,36,974","9,12,49,10,711.80","1,16,169","17,79,676","50.32"
"TITAN","EQ","28-Feb-2022","2,468.45","2,430.00","2,563.65","2,430.00","2,556.00","2,546.55","2,502.91","23,55,891","5,89,65,90,347.25","1,02,680","12,78,524","54.27"
"TITAN","EQ","25-Feb-2022","2,406.60","2,423.50","2,474.00","2,423.50","2,466.00","2,468.45","2,451.90","12,84,338","3,14,90,73,022.30","80,706","4,81,784","37.51"
"TITAN","EQ","24-Feb-2022","2,495.70","2,402.00","2,466.00","2,395.00","2,405.00","2,406.60","2,419.56","18,75,086","4,53,68,86,733.70","1,35,683","8,50,510","45.36"
"TITAN","EQ","23-Feb-2022","2,450.10","2,452.00","2,525.00","2,452.00","2,494.95","2,495.70","2,502.10","20,96,198","5,24,49,02,816.85","1,04,451","9,09,891","43.41"
"TITAN","EQ","22-Feb-2022","2,454.35","2,377.00","2,457.00","2,377.00","2,448.00","2,450.10","2,427.48","8,74,150","2,12,19,84,736.15","61,053","3,63,180","41.55"
"TITAN","EQ","21-Feb-2022","2,488.95","2,488.00","2,488.00","2,411.05","2,457.35","2,454.35","2,446.34","7,88,568","1,92,91,03,698.20","42,345","1,65,999","21.05"
"TITAN","EQ","18-Feb-2022","2,493.20","2,479.30","2,499.50","2,460.80","2,491.00","2,488.95","2,486.69","6,54,373","1,62,72,21,028.05","43,119","2,87,801","43.98"
"TITAN","EQ","17-Feb-2022","2,488.05","2,509.50","2,537.50","2,487.00","2,490.95","2,493.20","2,504.29","9,60,885","2,40,63,38,121.45","56,173","2,54,290","26.46"
"TITAN","EQ","16-Feb-2022","2,495.90","2,510.00","2,519.90","2,460.25","2,483.00","2,488.05","2,494.65","10,08,929","2,51,69,25,335.25","72,189","2,96,266","29.36"
"TITAN","EQ","15-Feb-2022","2,398.00","2,421.95","2,499.80","2,399.00","2,499.60","2,495.90","2,457.59","12,93,933","3,17,99,57,622.45","75,877","5,77,893","44.66"
"TITAN","EQ","14-Feb-2022","2,442.25","2,380.00","2,423.00","2,351.25","2,396.75","2,398.00","2,402.40","8,16,491","1,96,15,36,759.70","59,633","3,11,750","38.18"
"TITAN","EQ","11-Feb-2022","2,491.85","2,480.00","2,480.00","2,421.25","2,438.65","2,442.25","2,444.04","10,30,760","2,51,92,14,913.20","66,364","5,50,796","53.44"
"TITAN","EQ","10-Feb-2022","2,484.80","2,499.95","2,503.95","2,465.55","2,485.30","2,491.85","2,487.43","7,88,689","1,96,18,07,705.10","57,984","3,85,842","48.92"
"TITAN","EQ","09-Feb-2022","2,443.65","2,465.00","2,495.00","2,456.05","2,487.00","2,484.80","2,481.87","8,26,261","2,05,06,74,075.65","66,348","3,62,984","43.93"
"TITAN","EQ","08-Feb-2022","2,409.20","2,418.40","2,465.00","2,400.90","2,442.00","2,443.65","2,435.13","15,24,580","3,71,25,47,327.10","98,867","5,54,343","36.36"
"TITAN","EQ","07-Feb-2022","2,471.15","2,480.00","2,498.15","2,388.00","2,404.85","2,409.20","2,431.35","11,19,632","2,72,22,13,147.25","69,021","3,39,196","30.30"
"TITAN","EQ","04-Feb-2022","2,474.95","2,510.00","2,520.00","2,430.00","2,465.00","2,471.15","2,474.02","27,18,069","6,72,45,48,208.00","1,31,789","8,64,802","31.82"
"TITAN","EQ","03-Feb-2022","2,464.00","2,480.50","2,506.55","2,417.00","2,464.00","2,474.95","2,475.84","38,83,564","9,61,50,70,419.35","1,84,015","8,22,375","21.18"
"TITAN","EQ","02-Feb-2022","2,431.80","2,451.00","2,477.90","2,441.75","2,468.00","2,464.00","2,460.71","11,44,427","2,81,61,07,430.55","67,803","4,45,962","38.97"
"TITAN","EQ","01-Feb-2022","2,360.30","2,378.80","2,442.10","2,358.95","2,436.05","2,431.80","2,393.37","12,46,431","2,98,31,71,761.75","80,249","3,88,804","31.19"
"TITAN","EQ","31-Jan-2022","2,315.60","2,353.00","2,380.00","2,336.35","2,355.10","2,360.30","2,359.80","9,00,510","2,12,50,22,696.50","70,551","4,12,255","45.78"
"TITAN","EQ","28-Jan-2022","2,310.05","2,313.00","2,377.80","2,308.00","2,321.10","2,315.60","2,346.39","13,17,407","3,09,11,54,304.25","84,716","5,68,219","43.13"
"TITAN","EQ","27-Jan-2022","2,376.50","2,327.00","2,360.40","2,260.00","2,313.00","2,310.05","2,296.30","24,60,051","5,64,90,14,586.00","1,73,733","12,48,279","50.74"
"TITAN","EQ","25-Jan-2022","2,403.05","2,386.00","2,407.75","2,330.40","2,374.80","2,376.50","2,367.08","28,49,686","6,74,54,39,510.45","1,24,774","17,13,856","60.14"
"TITAN","EQ","24-Jan-2022","2,528.15","2,520.00","2,522.55","2,376.00","2,403.00","2,403.05","2,427.01","14,11,443","3,42,55,89,208.00","1,10,228","7,48,912","53.06"
"TITAN","EQ","21-Jan-2022","2,564.30","2,548.00","2,561.90","2,505.00","2,525.00","2,528.15","2,528.81","14,57,884","3,68,67,11,672.15","69,084","7,52,059","51.59"
"TITAN","EQ","20-Jan-2022","2,588.90","2,597.00","2,610.00","2,550.00","2,567.00","2,564.30","2,579.12","12,15,237","3,13,42,44,733.65","62,889","6,73,641","55.43"
"TITAN","EQ","19-Jan-2022","2,600.60","2,598.00","2,617.80","2,571.10","2,591.00","2,588.90","2,594.46","6,29,040","1,63,20,17,689.45","50,275","2,28,010","36.25"
"TITAN","EQ","18-Jan-2022","2,597.55","2,598.00","2,635.00","2,587.00","2,597.00","2,600.60","2,615.24","12,21,314","3,19,40,35,241.00","90,987","4,10,636","33.62"
"TITAN","EQ","17-Jan-2022","2,592.75","2,592.75","2,604.30","2,550.40","2,592.55","2,597.55","2,584.87","11,72,956","3,03,19,41,630.60","80,705","6,53,333","55.70"
"TITAN","EQ","14-Jan-2022","2,619.25","2,626.00","2,639.00","2,588.85","2,594.00","2,592.75","2,602.58","11,66,457","3,03,58,02,991.05","68,573","5,61,068","48.10"
"TITAN","EQ","13-Jan-2022","2,612.95","2,611.00","2,628.90","2,588.00","2,617.20","2,619.25","2,608.63","10,23,670","2,67,03,77,135.80","82,625","4,33,925","42.39"
"TITAN","EQ","12-Jan-2022","2,653.35","2,641.00","2,672.00","2,608.00","2,611.00","2,612.95","2,625.81","12,93,999","3,39,77,90,891.35","93,222","6,81,896","52.70"
"TITAN","EQ","11-Jan-2022","2,657.50","2,650.00","2,678.75","2,634.30","2,652.00","2,653.35","2,660.46","11,23,968","2,99,02,67,804.30","73,780","4,42,474","39.37"
"TITAN","EQ","10-Jan-2022","2,572.70","2,585.00","2,663.55","2,571.00","2,653.60","2,657.50","2,621.54","18,94,316","4,96,60,30,269.45","84,856","6,02,739","31.82"
"TITAN","EQ","07-Jan-2022","2,595.90","2,630.00","2,687.25","2,562.35","2,571.00","2,572.70","2,624.29","46,25,230","12,13,79,47,788.45","1,82,146","13,01,383","28.14"
"TITAN","EQ","06-Jan-2022","2,576.15","2,540.00","2,601.35","2,538.45","2,595.95","2,595.90","2,576.30","11,30,508","2,91,25,30,227.05","64,729","5,02,364","44.44"
"TITAN","EQ","05-Jan-2022","2,583.00","2,576.00","2,608.00","2,560.10","2,574.00","2,576.15","2,584.75","12,44,568","3,21,68,93,224.90","71,880","5,00,862","40.24"
"TITAN","EQ","04-Jan-2022","2,523.85","2,525.00","2,594.95","2,524.40","2,582.00","2,583.00","2,553.90","10,37,293","2,64,91,40,610.55","61,734","3,41,256","32.90"
"TITAN","EQ","03-Jan-2022","2,522.40","2,510.00","2,546.00","2,502.30","2,529.75","2,523.85","2,519.23","9,21,729","2,32,20,49,617.65","51,436","3,20,609","34.78"
"TITAN","EQ","31-Dec-2021","2,437.30","2,447.30","2,535.00","2,444.60","2,517.55","2,522.40","2,512.69","22,25,749","5,59,26,07,464.05","1,42,272","7,28,523","32.73"
"TITAN","EQ","30-Dec-2021","2,402.15","2,393.80","2,448.00","2,390.70","2,448.00","2,437.30","2,424.92","11,52,684","2,79,51,60,746.20","54,913","6,03,014","52.31"
"TITAN","EQ","29-Dec-2021","2,379.85","2,379.00","2,416.45","2,370.35","2,396.60","2,402.15","2,399.11","7,64,644","1,83,44,61,426.65","40,571","2,11,362","27.64"
"TITAN","EQ","28-Dec-2021","2,331.30","2,340.10","2,384.95","2,327.50","2,378.00","2,379.85","2,366.63","8,71,453","2,06,24,09,222.30","40,319","2,46,665","28.31"
"TITAN","EQ","27-Dec-2021","2,319.45","2,306.15","2,344.00","2,286.30","2,334.00","2,331.30","2,314.40","5,37,545","1,24,40,95,872.35","37,921","2,06,885","38.49"
"TITAN","EQ","24-Dec-2021","2,329.90","2,340.10","2,341.90","2,310.00","2,318.50","2,319.45","2,322.90","5,34,065","1,24,05,77,251.10","33,907","1,92,505","36.05"
"TITAN","EQ","23-Dec-2021","2,299.75","2,320.00","2,337.55","2,310.00","2,333.50","2,329.90","2,324.32","6,13,686","1,42,64,05,117.60","35,679","2,03,243","33.12"
"TITAN","EQ","22-Dec-2021","2,287.65","2,306.30","2,308.10","2,282.35","2,302.00","2,299.75","2,296.62","6,43,034","1,47,68,06,396.65","51,212","2,78,599","43.33"
"TITAN","EQ","21-Dec-2021","2,239.35","2,251.30","2,310.00","2,251.30","2,290.45","2,287.65","2,290.69","8,83,858","2,02,46,42,332.75","58,384","2,83,342","32.06"
"TITAN","EQ","20-Dec-2021","2,280.40","2,259.70","2,263.15","2,205.00","2,238.15","2,239.35","2,233.48","10,63,366","2,37,50,04,604.40","89,771","4,51,762","42.48"
"TITAN","EQ","17-Dec-2021","2,357.25","2,336.00","2,339.30","2,257.10","2,279.70","2,280.40","2,284.25","15,91,893","3,63,62,85,276.00","98,212","5,33,318","33.50"
"TITAN","EQ","16-Dec-2021","2,323.15","2,344.10","2,364.80","2,325.25","2,360.00","2,357.25","2,345.00","9,98,086","2,34,05,09,398.35","64,683","4,67,973","46.89"
"TITAN","EQ","15-Dec-2021","2,354.85","2,355.10","2,368.25","2,317.45","2,320.00","2,323.15","2,337.36","5,67,271","1,32,59,16,326.40","46,472","2,52,726","44.55"
"TITAN","EQ","14-Dec-2021","2,350.50","2,342.70","2,371.25","2,318.75","2,369.95","2,354.85","2,341.86","7,65,269","1,79,21,50,143.85","53,869","3,38,217","44.20"
"TITAN","EQ","13-Dec-2021","2,339.35","2,352.60","2,386.00","2,340.10","2,355.00","2,350.50","2,360.32","9,92,852","2,34,34,50,818.50","61,764","4,58,667","46.20"
"TITAN","EQ","10-Dec-2021","2,373.15","2,385.40","2,385.40","2,296.30","2,337.00","2,339.35","2,324.70","22,88,164","5,31,92,99,256.05","1,05,082","9,90,810","43.30"
"TITAN","EQ","09-Dec-2021","2,405.55","2,424.00","2,424.00","2,355.85","2,373.00","2,373.15","2,373.10","12,50,492","2,96,75,42,650.50","68,975","6,35,855","50.85"
"TITAN","EQ","08-Dec-2021","2,380.55","2,385.00","2,418.00","2,377.10","2,408.00","2,405.55","2,398.57","9,26,476","2,22,22,20,599.85","58,598","3,61,871","39.06"
"TITAN","EQ","07-Dec-2021","2,325.30","2,336.50","2,385.85","2,325.35","2,384.70","2,380.55","2,362.08","9,04,175","2,13,57,37,060.85","65,433","4,30,610","47.62"
"TITAN","EQ","06-Dec-2021","2,369.25","2,361.35","2,379.85","2,318.40","2,333.00","2,325.30","2,350.72","5,47,641","1,28,73,52,987.35","40,828","2,11,174","38.56"
"TITAN","EQ","03-Dec-2021","2,386.50","2,405.00","2,405.45","2,355.05","2,376.45","2,369.25","2,381.76","10,62,389","2,53,03,56,563.50","60,819","4,88,075","45.94"
"TITAN","EQ","02-Dec-2021","2,360.20","2,369.00","2,422.50","2,360.05","2,384.00","2,386.50","2,390.41","16,82,636","4,02,21,91,630.75","1,12,356","6,71,145","39.89"
"TITAN","EQ","01-Dec-2021","2,375.50","2,409.80","2,441.95","2,347.40","2,364.00","2,360.20","2,377.54","21,77,426","5,17,69,15,093.30","1,05,738","13,27,106","60.95"
"TITAN","EQ","30-Nov-2021","2,324.20","2,336.40","2,390.00","2,336.40","2,371.00","2,375.50","2,369.30","26,75,375","6,33,87,71,046.35","1,22,113","14,42,173","53.91"
"TITAN","EQ","29-Nov-2021","2,292.30","2,290.00","2,334.40","2,231.40","2,330.20","2,324.20","2,302.74","10,94,276","2,51,98,34,344.00","72,270","4,96,029","45.33"
"TITAN","EQ","26-Nov-2021","2,397.80","2,377.80","2,385.10","2,285.05","2,293.00","2,292.30","2,315.47","12,89,322","2,98,53,81,919.50","90,778","6,42,911","49.86"
"TITAN","EQ","25-Nov-2021","2,375.85","2,360.00","2,403.20","2,355.15","2,398.00","2,397.80","2,383.78","6,62,071","1,57,82,28,953.30","43,045","2,72,606","41.17"
"TITAN","EQ","24-Nov-2021","2,387.70","2,400.00","2,405.25","2,365.00","2,371.05","2,375.85","2,384.20","6,14,145","1,46,42,44,005.60","60,003","2,70,363","44.02"
"TITAN","EQ","23-Nov-2021","2,391.30","2,380.00","2,410.95","2,365.05","2,385.00","2,387.70","2,396.91","12,47,942","2,99,12,09,996.40","80,208","7,68,648","61.59"
"TITAN","EQ","22-Nov-2021","2,478.20","2,492.40","2,492.40","2,353.00","2,396.05","2,391.30","2,411.69","13,61,329","3,28,31,04,442.35","1,12,686","6,64,171","48.79"
"TITAN","EQ","18-Nov-2021","2,499.35","2,492.00","2,520.00","2,456.50","2,473.90","2,478.20","2,483.99","7,39,912","1,83,79,35,263.90","47,587","2,78,882","37.69"
"TITAN","EQ","17-Nov-2021","2,531.75","2,522.90","2,539.00","2,491.10","2,497.40","2,499.35","2,515.53","8,92,518","2,24,51,55,162.00","59,209","5,30,076","59.39"
"TITAN","EQ","16-Nov-2021","2,539.40","2,550.10","2,551.35","2,520.15","2,523.90","2,531.75","2,539.04","11,33,767","2,87,86,80,643.20","59,054","6,45,471","56.93"
"TITAN","EQ","15-Nov-2021","2,539.50","2,551.00","2,572.70","2,531.70","2,536.95","2,539.40","2,553.05","8,46,885","2,16,21,36,972.90","62,038","3,50,324","41.37"
"TITAN","EQ","12-Nov-2021","2,528.10","2,547.85","2,561.75","2,523.00","2,535.10","2,539.50","2,542.65","16,73,817","4,25,59,29,181.10","94,427","7,60,588","45.44"
"TITAN","EQ","11-Nov-2021","2,484.60","2,484.00","2,542.80","2,476.30","2,526.60","2,528.10","2,523.03","17,26,010","4,35,47,76,070.30","96,076","4,76,883","27.63"
"TITAN","EQ","10-Nov-2021","2,512.10","2,505.00","2,526.85","2,472.20","2,484.00","2,484.60","2,490.74","9,11,235","2,26,96,50,647.90","64,085","4,07,049","44.67"
"TITAN","EQ","09-Nov-2021","2,536.75","2,528.95","2,543.80","2,491.15","2,516.50","2,512.10","2,516.34","10,97,405","2,76,14,41,254.40","76,072","4,71,158","42.93"
"TITAN","EQ","08-Nov-2021","2,431.75","2,477.90","2,548.70","2,448.30","2,542.00","2,536.75","2,511.91","34,49,086","8,66,37,88,499.90","1,46,176","14,91,669","43.25"
"TITAN","EQ","04-Nov-2021","2,417.95","2,439.00","2,444.80","2,422.00","2,432.15","2,431.75","2,435.38","1,81,506","44,20,35,432.15","17,910","99,390","54.76"
"TITAN","EQ","03-Nov-2021","2,453.95","2,462.00","2,471.65","2,406.05","2,421.00","2,417.95","2,432.91","15,54,405","3,78,17,31,974.75","75,985","8,55,694","55.05"
"TITAN","EQ","02-Nov-2021","2,406.30","2,422.80","2,464.80","2,421.05","2,451.00","2,453.95","2,443.56","15,46,219","3,77,82,78,593.30","84,290","6,91,200","44.70"
"TITAN","EQ","01-Nov-2021","2,383.55","2,441.45","2,441.45","2,390.35","2,407.80","2,406.30","2,407.82","12,76,469","3,07,35,13,400.30","92,131","6,24,149","48.90"
"TITAN","EQ","29-Oct-2021","2,375.15","2,400.00","2,404.00","2,346.55","2,395.00","2,383.55","2,387.10","14,50,019","3,46,13,35,942.70","91,730","6,42,971","44.34"
"TITAN","EQ","28-Oct-2021","2,460.10","2,470.00","2,470.00","2,360.00","2,391.90","2,375.15","2,398.13","33,30,380","7,98,66,83,850.45","1,75,828","11,29,294","33.91"
"TITAN","EQ","27-Oct-2021","2,454.75","2,468.00","2,482.35","2,452.20","2,460.00","2,460.10","2,463.70","20,82,690","5,13,11,21,349.90","1,03,524","12,60,686","60.53"
"TITAN","EQ","26-Oct-2021","2,379.15","2,390.00","2,468.45","2,371.00","2,468.00","2,454.75","2,428.86","25,67,357","6,23,57,61,115.45","1,17,797","14,54,232","56.64"
"TITAN","EQ","25-Oct-2021","2,412.00","2,405.00","2,412.00","2,340.00","2,379.00","2,379.15","2,378.60","14,46,182","3,43,98,81,743.60","84,641","7,38,993","51.10"
"TITAN","EQ","22-Oct-2021","2,395.70","2,417.40","2,494.95","2,398.00","2,415.00","2,412.00","2,437.38","30,63,724","7,46,74,61,444.40","1,43,083","10,54,544","34.42"
"TITAN","EQ","21-Oct-2021","2,411.40","2,433.90","2,435.95","2,380.05","2,405.00","2,395.70","2,397.62","23,03,014","5,52,17,49,507.80","1,07,540","14,92,669","64.81"
"TITAN","EQ","20-Oct-2021","2,484.90","2,487.10","2,505.55","2,403.00","2,420.00","2,411.40","2,438.16","28,68,983","6,99,50,37,929.75","1,62,805","18,22,838","63.54"
"TITAN","EQ","19-Oct-2021","2,588.80","2,638.00","2,638.00","2,468.75","2,496.00","2,484.90","2,527.63","35,46,129","8,96,33,01,660.10","1,35,501","23,35,354","65.86"
"TITAN","EQ","18-Oct-2021","2,564.05","2,620.00","2,677.90","2,575.50","2,594.55","2,588.80","2,626.78","25,72,741","6,75,80,20,857.25","1,39,318","9,40,259","36.55"
"TITAN","EQ","14-Oct-2021","2,537.20","2,575.30","2,584.00","2,532.35","2,567.00","2,564.05","2,548.05","15,46,459","3,94,04,61,033.35","98,784","7,41,481","47.95"
"TITAN","EQ","13-Oct-2021","2,492.60","2,539.90","2,608.95","2,490.00","2,540.00","2,537.20","2,552.91","40,23,645","10,27,20,23,493.25","1,83,311","11,81,074","29.35"
"TITAN","EQ","12-Oct-2021","2,362.40","2,365.00","2,507.80","2,342.65","2,506.00","2,492.60","2,453.79","35,17,011","8,62,99,89,851.80","1,61,695","7,92,173","22.52"
"TITAN","EQ","11-Oct-2021","2,358.20","2,377.00","2,406.10","2,357.55","2,369.95","2,362.40","2,376.61","10,56,932","2,51,19,11,785.80","64,423","5,50,174","52.05"
"TITAN","EQ","08-Oct-2021","2,375.35","2,420.00","2,420.00","2,353.00","2,355.45","2,358.20","2,377.27","18,45,797","4,38,79,58,396.05","1,00,913","4,80,004","26.01"
"TITAN","EQ","07-Oct-2021","2,147.65","2,255.00","2,384.25","2,250.00","2,374.00","2,375.35","2,342.20","83,61,061","19,58,33,15,313.40","3,55,979","18,84,100","22.53"
"TITAN","EQ","06-Oct-2021","2,192.65","2,194.00","2,204.70","2,135.10","2,148.90","2,147.65","2,161.21","8,95,210","1,93,47,41,228.65","55,955","3,91,693","43.75"
"TITAN","EQ","05-Oct-2021","2,155.30","2,155.30","2,206.65","2,130.00","2,197.35","2,192.65","2,166.15","13,29,784","2,88,05,07,999.05","55,082","7,15,513","53.81"
"TITAN","BL","04-Oct-2021","1,255.10","2,163.75","2,163.75","2,163.75","2,163.75","2,163.75","2,163.75","3,37,978","73,12,99,897.50","1","-","-"
"TITAN","EQ","04-Oct-2021","2,163.75","2,160.00","2,174.30","2,138.00","2,155.00","2,155.30","2,154.36","8,70,878","1,87,61,88,432.20","52,604","3,84,004","44.09"
"TITAN","EQ","01-Oct-2021","2,161.85","2,157.00","2,175.00","2,122.65","2,160.00","2,163.75","2,147.61","6,26,710","1,34,59,26,134.45","47,938","2,14,170","34.17"
"TITAN","EQ","30-Sep-2021","2,147.50","2,149.90","2,185.00","2,136.30","2,162.95","2,161.85","2,165.03","13,74,265","2,97,53,28,839.60","70,745","6,27,789","45.68"
"TITAN","EQ","29-Sep-2021","2,129.30","2,129.00","2,167.90","2,110.05","2,150.00","2,147.50","2,141.13","9,12,912","1,95,46,67,173.65","57,601","2,89,901","31.76"
"TITAN","EQ","28-Sep-2021","2,090.25","2,083.20","2,138.00","2,083.05","2,133.85","2,129.30","2,121.94","9,23,489","1,95,95,91,885.60","58,033","2,72,159","29.47"
"TITAN","EQ","27-Sep-2021","2,092.90","2,099.00","2,107.35","2,077.20","2,092.50","2,090.25","2,090.52","5,07,550","1,06,10,44,257.85","30,520","2,60,013","51.23"
"TITAN","EQ","24-Sep-2021","2,105.05","2,105.00","2,115.00","2,085.00","2,095.70","2,092.90","2,094.22","5,40,771","1,13,24,95,668.65","39,759","2,71,810","50.26"
"TITAN","EQ","23-Sep-2021","2,081.05","2,090.00","2,113.75","2,076.60","2,106.00","2,105.05","2,096.94","7,11,634","1,49,22,55,842.00","46,700","3,31,592","46.60"
"TITAN","EQ","22-Sep-2021","2,085.85","2,096.80","2,110.95","2,073.40","2,077.65","2,081.05","2,090.22","10,57,480","2,21,03,71,057.50","55,217","5,64,526","53.38"
"TITAN","EQ","21-Sep-2021","2,077.35","2,075.00","2,097.50","2,062.10","2,089.00","2,085.85","2,081.01","5,39,788","1,12,33,05,124.65","32,786","2,79,725","51.82"
"TITAN","EQ","20-Sep-2021","2,095.60","2,088.00","2,096.00","2,070.55","2,076.90","2,077.35","2,081.85","4,11,738","85,71,76,271.35","37,253","1,65,495","40.19"
"TITAN","EQ","17-Sep-2021","2,108.70","2,113.95","2,150.00","2,080.00","2,103.75","2,095.60","2,112.99","17,27,410","3,64,99,92,478.95","83,540","8,77,121","50.78"
"TITAN","EQ","16-Sep-2021","2,119.85","2,132.95","2,132.95","2,095.05","2,107.00","2,108.70","2,107.23","7,25,123","1,52,80,03,038.95","41,720","3,48,917","48.12"
"TITAN","EQ","15-Sep-2021","2,055.70","2,060.00","2,133.00","2,060.00","2,118.00","2,119.85","2,114.32","27,95,995","5,91,16,38,231.30","1,10,486","11,22,600","40.15"
"TITAN","EQ","14-Sep-2021","2,030.65","2,038.90","2,061.50","2,032.05","2,052.95","2,055.70","2,050.46","8,88,765","1,82,23,72,883.85","67,618","5,27,802","59.39"
"TITAN","EQ","13-Sep-2021","2,034.30","2,037.00","2,043.45","2,021.15","2,032.00","2,030.65","2,031.14","7,86,459","1,59,74,10,473.55","53,662","5,49,374","69.85"