"Symbol  ","Series  ","Date  ","Prev Close  ","Open Price  ","High Price  ","Low Price  ","Last Price  ","Close Price  ","Average Price ","Total Traded Quantity  ","Turnover ₹  ","No. of Trades  ","Deliverable Qty  ","% Dly Qt to Traded Qty  "
"RELIANCE","EQ","11-Sep-2026","1,274.00","1,267.00","1,267.40","1,253.00","1,257.50","1,257.50","1,259.27","87,77,736","11,05,35,01,876.90","2,31,742","40,61,266","54.50"
"RELIANCE","EQ","10-Sep-2026","1,279.00","1,278.50","1,285.30","1,266.30","1,274.00","1,274.00","1,273.47","92,96,079","11,83,82,69,882.30","1,79,169","50,49,468","54.32"
"RELIANCE","EQ","09-Sep-2026","1,294.90","1,283.50","1,294.70","1,277.20","1,279.00","1,279.00","1,285.95","1,21,52,819","15,62,79,65,472.10","2,48,577","76,84,696","63.23"
"RELIANCE","EQ","08-Sep-2026","1,309.50","1,304.10","1,306.80","1,288.00","1,294.90","1,294.90","1,294.18","97,99,528","12,68,23,21,399.50","1,83,733","57,13,748","58.31"
"RELIANCE","EQ","07-Sep-2026","1,322.00","1,323.10","1,324.20","1,301.90","1,309.50","1,309.50","1,308.83","1,02,10,522","13,36,38,75,854.60","2,31,898","69,69,619","68.26"
"RELIANCE","EQ","04-Sep-2026","1,302.50","1,304.10","1,333.00","1,304.10","1,322.00","1,322.00","1,326.29","1,30,31,534","17,28,35,87,823.90","1,81,295","86,00,946","66.00"
"RELIANCE","EQ","03-Sep-2026","1,313.10","1,313.10","1,316.80","1,302.50","1,302.50","1,302.50","1,308.70","97,21,454","12,72,24,56,176.50","1,58,231","53,06,274","54.58"
"RELIANCE","EQ","02-Sep-2026","1,309.00","1,298.00","1,321.90","1,293.10","1,313.10","1,313.10","1,308.95","1,34,97,841","17,66,80,58,961.20","1,96,257","84,62,199","62.69"
"RELIANCE","EQ","01-Sep-2026","1,277.00","1,285.00","1,311.80","1,280.00","1,309.00","1,309.00","1,299.72","1,26,17,528","16,39,92,80,651.70","1,87,471","74,56,999","59.10"
"RELIANCE","EQ","31-Aug-2026","1,287.00","1,278.70","1,297.60","1,271.00","1,277.00","1,277.00","1,278.43","3,48,71,137","44,58,02,83,834.50","2,44,866","3,03,29,813","86.98"
"RELIANCE","EQ","28-Aug-2026","1,282.20","1,284.90","1,291.80","1,280.00","1,287.00","1,287.00","1,284.52","68,30,228","8,77,35,45,135.70","1,66,675","40,52,582","59.33"
"RELIANCE","EQ","27-Aug-2026","1,298.00","1,305.00","1,308.40","1,282.20","1,282.20","1,282.20","1,292.18","1,12,71,497","14,56,48,25,828.90","2,18,067","62,82,905","55.74"
"RELIANCE","EQ","26-Aug-2026","1,317.00","1,310.00","1,315.60","1,298.00","1,298.00","1,298.00","1,305.66","57,44,474","7,50,03,40,576.20","99,432","36,68,643","63.86"
"RELIANCE","EQ","25-Aug-2026","1,309.80","1,304.30","1,317.10","1,300.00","1,317.00","1,317.00","1,305.89","71,15,355","9,29,18,91,624.70","1,04,584","37,66,609","52.94"
"RELIANCE","EQ","24-Aug-2026","1,316.00","1,316.60","1,320.00","1,302.40","1,309.80","1,309.80","1,307.91","72,77,167","9,51,78,55,656.30","1,35,944","46,53,509","63.95"
"RELIANCE","EQ","21-Aug-2026","1,313.20","1,314.00","1,316.00","1,308.00","1,316.00","1,316.00","1,311.20","54,34,871","7,12,62,21,067.30","92,200","34,03,581","62.62"
"RELIANCE","EQ","20-Aug-2026","1,311.00","1,315.50","1,316.50","1,307.00","1,313.20","1,313.20","1,312.27","55,46,227","7,27,81,68,655.00","1,25,718","26,37,500","47.55"
"RELIANCE","EQ","19-Aug-2026","1,322.00","1,320.30","1,321.60","1,303.50","1,311.00","1,311.00","1,312.86","74,89,365","9,83,24,51,637.50","1,60,390","43,52,516","58.12"
"RELIANCE","EQ","18-Aug-2026","1,316.00","1,314.00","1,328.60","1,311.20","1,322.00","1,322.00","1,322.76","1,01,80,567","13,46,64,67,033.10","1,98,021","56,41,717","55.42"
"RELIANCE","EQ","17-Aug-2026","1,310.00","1,314.00","1,320.80","1,298.10","1,316.00","1,316.00","1,308.63","1,33,83,867","17,51,44,89,451.00","2,08,057","85,34,220","63.76"
"RELIANCE","EQ","14-Aug-2026","1,317.00","1,317.00","1,317.50","1,301.50","1,310.00","1,310.00","1,308.27","1,04,97,358","13,73,34,04,720.50","1,38,435","76,02,445","72.42"
"RELIANCE","EQ","13-Aug-2026","1,329.00","1,327.80","1,327.80","1,307.20","1,317.00","1,317.00","1,313.84","93,97,301","12,34,65,53,928.40","1,47,799","49,54,244","52.72"
"RELIANCE","EQ","12-Aug-2026","1,323.90","1,323.90","1,329.00","1,309.20","1,329.00","1,329.00","1,316.33","79,01,012","10,40,03,35,523.90","1,29,875","41,65,584","52.72"
"RELIANCE","EQ","11-Aug-2026","1,327.30","1,326.60","1,328.70","1,314.10","1,323.90","1,323.90","1,322.58","99,53,124","13,16,37,70,084.20","1,21,384","43,98,099","44.19"
"RELIANCE","EQ","10-Aug-2026","1,334.80","1,330.10","1,332.90","1,321.30","1,327.30","1,327.30","1,326.94","82,07,102","10,89,03,05,339.40","1,60,982","53,93,844","65.72"
"RELIANCE","EQ","07-Aug-2026","1,325.00","1,320.00","1,337.00","1,316.60","1,334.80","1,334.80","1,329.09","98,85,638","13,13,88,78,797.80","1,61,575","51,87,857","52.48"
"RELIANCE","EQ","06-Aug-2026","1,280.00","1,285.00","1,325.20","1,281.20","1,325.00","1,325.00","1,313.24","2,03,42,297","26,71,42,70,356.20","2,79,507","1,05,51,876","51.87"
"RELIANCE","EQ","05-Aug-2026","1,290.90","1,293.00","1,299.00","1,270.10","1,280.00","1,280.00","1,280.84","2,48,20,782","31,79,14,72,335.40","3,55,243","1,69,01,245","68.09"
"RELIANCE","EQ","04-Aug-2026","1,319.00","1,315.00","1,315.00","1,286.40","1,290.90","1,290.90","1,296.35","1,07,59,546","13,94,81,79,020.50","2,16,789","52,81,866","49.09"
"RELIANCE","EQ","03-Aug-2026","1,307.80","1,315.20","1,319.00","1,306.00","1,319.00","1,319.00","1,311.09","75,08,023","9,84,36,85,449.40","1,58,782","48,64,043","64.78"
"RELIANCE","EQ","31-Jul-2026","1,292.90","1,295.00","1,309.70","1,293.60","1,305.00","1,307.80","1,303.09","86,24,996","11,23,91,64,495.90","1,42,746","56,32,148","65.30"
"RELIANCE","EQ","30-Jul-2026","1,275.90","1,279.80","1,297.00","1,275.30","1,289.40","1,292.90","1,290.41","1,21,58,451","15,68,94,34,967.60","2,09,491","52,86,226","43.48"
"RELIANCE","EQ","29-Jul-2026","1,267.70","1,275.00","1,282.40","1,268.70","1,277.10","1,275.90","1,275.55","94,48,307","12,05,18,05,840.60","1,93,119","58,43,381","61.85"
"RELIANCE","EQ","28-Jul-2026","1,280.00","1,275.00","1,279.20","1,265.90","1,271.70","1,267.70","1,271.03","93,12,184","11,83,60,95,240.80","2,33,124","61,36,279","65.90"
"RELIANCE","EQ","27-Jul-2026","1,278.00","1,288.20","1,288.70","1,278.00","1,281.00","1,280.00","1,281.07","71,63,132","9,17,65,06,048.70","1,30,094","47,61,835","66.48"
"RELIANCE","EQ","24-Jul-2026","1,272.20","1,265.00","1,283.40","1,249.80","1,280.50","1,278.00","1,274.32","98,17,000","12,50,99,75,780.10","2,40,418","57,77,734","58.85"
"RELIANCE","EQ","23-Jul-2026","1,288.60","1,283.00","1,287.30","1,268.00","1,272.60","1,272.20","1,275.97","1,25,80,741","16,05,26,96,292.60","2,40,048","72,46,752","57.60"
"RELIANCE","EQ","22-Jul-2026","1,303.70","1,302.00","1,304.60","1,280.70","1,284.00","1,288.60","1,291.01","1,08,40,383","13,99,50,01,337.70","2,25,591","76,23,313","70.32"
"RELIANCE","EQ","21-Jul-2026","1,323.10","1,321.00","1,326.90","1,302.70","1,304.60","1,303.70","1,309.52","1,27,53,410","16,70,08,09,195.30","2,04,419","74,94,948","58.77"
"RELIANCE","EQ","20-Jul-2026","1,327.20","1,317.20","1,345.90","1,314.90","1,321.90","1,323.10","1,330.16","1,43,05,844","19,02,90,41,193.90","2,21,661","66,52,359","46.50"
"RELIANCE","EQ","17-Jul-2026","1,296.60","1,300.00","1,330.30","1,296.10","1,328.80","1,327.20","1,321.39","1,83,02,218","24,18,43,86,410.40","2,57,494","1,15,08,344","62.88"
"RELIANCE","EQ","16-Jul-2026","1,295.50","1,295.50","1,309.40","1,291.80","1,300.00","1,296.60","1,301.20","1,56,31,046","20,33,90,50,955.80","2,19,816","87,45,884","55.95"
"RELIANCE","EQ","15-Jul-2026","1,293.00","1,294.10","1,310.90","1,294.10","1,296.00","1,295.50","1,300.25","95,77,965","12,45,37,01,323.80","1,89,291","50,93,114","53.18"
"RELIANCE","EQ","14-Jul-2026","1,296.90","1,290.00","1,308.00","1,286.90","1,295.00","1,293.00","1,296.78","1,35,11,284","17,52,12,20,474.20","2,31,407","48,97,495","36.25"
"RELIANCE","EQ","13-Jul-2026","1,307.80","1,300.00","1,306.40","1,295.00","1,297.00","1,296.90","1,299.42","94,88,352","12,32,93,16,771.20","2,27,014","51,66,377","54.45"
"RELIANCE","EQ","10-Jul-2026","1,279.80","1,291.90","1,311.10","1,287.80","1,310.00","1,307.80","1,301.71","84,12,537","10,95,07,23,928.20","1,43,317","46,83,839","55.68"
"RELIANCE","EQ","09-Jul-2026","1,275.90","1,277.10","1,296.50","1,274.20","1,280.90","1,279.80","1,286.53","1,46,51,963","18,85,02,19,782.40","2,79,312","51,80,456","35.36"
"RELIANCE","EQ","08-Jul-2026","1,308.40","1,297.00","1,302.30","1,271.60","1,274.90","1,275.90","1,284.32","1,99,60,868","25,63,61,41,483.50","3,68,557","1,14,07,500","57.15"
"RELIANCE","EQ","07-Jul-2026","1,321.30","1,323.50","1,328.00","1,304.10","1,305.00","1,308.40","1,314.21","1,43,35,554","18,83,98,74,763.20","2,62,924","76,55,322","53.40"
"RELIANCE","EQ","06-Jul-2026","1,304.00","1,304.00","1,325.60","1,299.40","1,321.70","1,321.30","1,316.79","76,10,709","10,02,16,98,838.70","2,10,015","41,07,659","53.97"
"RELIANCE","EQ","03-Jul-2026","1,303.50","1,312.00","1,312.00","1,302.00","1,305.00","1,304.00","1,305.14","78,39,550","10,23,17,33,311.40","2,09,968","51,82,007","66.10"
"RELIANCE","EQ","02-Jul-2026","1,308.00","1,310.00","1,313.20","1,299.00","1,301.90","1,303.50","1,303.94","1,77,95,024","23,20,35,84,205.10","3,31,954","1,03,36,425","58.09"
"RELIANCE","EQ","01-Jul-2026","1,293.90","1,298.90","1,312.20","1,296.50","1,306.50","1,308.00","1,307.11","70,01,401","9,15,15,70,032.20","1,49,608","37,73,191","53.89"
"RELIANCE","EQ","30-Jun-2026","1,301.00","1,306.90","1,306.90","1,290.00","1,294.50","1,293.90","1,295.14","1,56,95,263","20,32,75,86,926.90","2,13,627","87,04,168","55.46"
"RELIANCE","EQ","29-Jun-2026","1,318.10","1,308.00","1,313.70","1,292.60","1,302.30","1,301.00","1,302.94","1,37,57,656","17,92,53,71,908.10","2,33,886","89,69,596","65.20"
"RELIANCE","EQ","25-Jun-2026","1,313.60","1,318.00","1,328.00","1,314.60","1,316.50","1,318.10","1,320.81","1,26,94,362","16,76,68,28,496.70","2,26,862","70,14,422","55.26"
"RELIANCE","EQ","24-Jun-2026","1,309.50","1,305.70","1,322.00","1,297.50","1,313.40","1,313.60","1,312.24","1,10,30,917","14,47,51,76,030.90","1,81,859","60,21,744","54.59"
"RELIANCE","BL","24-Jun-2026","1,534.00","1,309.50","1,309.50","1,309.50","1,309.50","1,309.50","1,309.50","7,19,579","94,22,88,700.50","1","-","-"
"RELIANCE","EQ","23-Jun-2026","1,326.50","1,328.90","1,333.00","1,304.00","1,306.00","1,309.50","1,318.19","1,54,00,184","20,30,04,11,366.40","1,84,704","84,79,383","55.06"
"RELIANCE","EQ","22-Jun-2026","1,309.50","1,316.70","1,344.90","1,314.10","1,324.70","1,326.50","1,333.48","1,29,31,213","17,24,35,20,821.40","2,61,143","57,82,937","44.72"
"RELIANCE","EQ","19-Jun-2026","1,328.10","1,328.00","1,338.20","1,305.30","1,311.50","1,309.50","1,317.76","2,48,87,034","32,79,50,56,305.40","2,71,929","1,40,95,366","56.64"
"RELIANCE","EQ","18-Jun-2026","1,332.70","1,330.00","1,333.90","1,322.00","1,331.00","1,328.10","1,327.75","1,54,94,549","20,57,28,97,900.80","2,10,055","62,34,754","40.24"
"RELIANCE","EQ","17-Jun-2026","1,328.80","1,333.00","1,334.00","1,317.00","1,332.10","1,332.70","1,328.97","1,00,29,170","13,32,84,74,070.80","2,23,240","50,03,254","49.89"
"RELIANCE","EQ","16-Jun-2026","1,307.00","1,313.40","1,333.40","1,306.40","1,328.60","1,328.80","1,326.71","1,85,13,223","24,56,16,59,086.40","2,68,584","87,33,475","47.17"
"RELIANCE","EQ","15-Jun-2026","1,293.00","1,315.30","1,325.00","1,303.30","1,306.50","1,307.00","1,311.06","1,86,33,321","24,42,93,12,588.70","2,20,103","1,06,30,134","57.05"
"RELIANCE","EQ","12-Jun-2026","1,263.00","1,277.00","1,297.00","1,262.50","1,296.40","1,293.00","1,277.16","1,19,88,785","15,31,16,01,155.20","1,96,811","61,80,742","51.55"
"RELIANCE","EQ","11-Jun-2026","1,258.80","1,258.00","1,276.00","1,253.20","1,264.50","1,263.00","1,265.78","1,31,17,486","16,60,37,91,532.60","2,08,052","52,12,340","39.74"
"RELIANCE","EQ","10-Jun-2026","1,269.20","1,275.00","1,300.50","1,254.40","1,258.70","1,258.80","1,274.15","2,10,12,796","26,77,34,74,717.20","3,07,301","93,17,948","44.34"
"RELIANCE","EQ","09-Jun-2026","1,263.30","1,269.00","1,274.20","1,257.50","1,272.30","1,269.20","1,264.75","2,36,20,214","29,87,37,31,086.30","2,73,651","1,18,24,048","50.06"
"RELIANCE","EQ","08-Jun-2026","1,291.00","1,277.00","1,282.60","1,259.20","1,262.80","1,263.30","1,271.90","1,64,94,759","20,97,96,89,703.10","3,03,591","99,36,414","60.24"
"RELIANCE","EQ","05-Jun-2026","1,303.70","1,304.50","1,306.00","1,288.00","1,291.40","1,291.00","1,294.80","1,77,85,223","23,02,83,93,410.00","3,56,802","1,16,37,226","65.43"
"RELIANCE","EQ","04-Jun-2026","1,313.20","1,301.00","1,311.20","1,293.10","1,308.00","1,303.70","1,303.16","2,34,74,327","30,59,07,35,365.60","3,18,716","95,10,596","40.51"
"RELIANCE","EQ","03-Jun-2026","1,314.60","1,315.00","1,324.00","1,301.00","1,312.60","1,313.20","1,309.61","2,00,12,293","26,20,82,26,472.80","3,80,780","1,08,65,825","54.30"
"RELIANCE","EQ","02-Jun-2026","1,320.00","1,307.70","1,327.80","1,300.30","1,321.00","1,314.60","1,313.43","2,33,02,785","30,60,65,99,536.00","3,62,323","97,05,177","41.65"
"RELIANCE","EQ","01-Jun-2026","1,321.20","1,332.50","1,335.50","1,318.50","1,320.20","1,320.00","1,324.32","1,07,00,603","14,17,09,74,474.50","2,12,031","64,60,846","60.38"
"RELIANCE","EQ","29-May-2026","1,350.50","1,364.00","1,369.00","1,317.00","1,321.90","1,321.20","1,330.58","4,26,34,247","56,72,84,19,201.10","3,09,971","3,15,51,860","74.01"
"RELIANCE","EQ","27-May-2026","1,356.30","1,353.00","1,361.00","1,348.60","1,352.00","1,350.50","1,354.62","1,32,15,138","17,90,14,99,784.80","2,30,257","46,98,429","35.55"
"RELIANCE","EQ","26-May-2026","1,367.00","1,360.10","1,368.50","1,352.40","1,357.00","1,356.30","1,359.22","1,37,69,747","18,71,61,37,070.80","1,48,444","50,55,467","36.71"
"RELIANCE","EQ","25-May-2026","1,354.50","1,366.80","1,371.10","1,357.00","1,366.40","1,367.00","1,363.11","67,50,071","9,20,10,71,110.90","1,39,554","39,21,477","58.10"
"RELIANCE","EQ","22-May-2026","1,349.60","1,350.00","1,367.40","1,349.10","1,358.00","1,354.50","1,357.24","71,05,813","9,64,43,25,563.80","1,63,887","40,83,826","57.47"
"RELIANCE","EQ","21-May-2026","1,359.70","1,367.20","1,370.90","1,345.20","1,349.00","1,349.60","1,352.83","1,71,50,630","23,20,18,23,031.70","2,75,605","66,76,740","38.93"
"RELIANCE","EQ","20-May-2026","1,322.70","1,318.70","1,362.90","1,312.60","1,360.30","1,359.70","1,345.23","1,32,48,515","17,82,23,10,858.20","2,27,919","69,57,215","52.51"
"RELIANCE","EQ","19-May-2026","1,335.90","1,338.70","1,344.00","1,318.40","1,322.80","1,322.70","1,332.15","2,16,65,501","28,86,16,86,347.30","3,39,757","93,43,867","43.13"
"RELIANCE","EQ","18-May-2026","1,336.40","1,334.00","1,342.00","1,318.70","1,335.00","1,335.90","1,333.44","1,30,22,473","17,36,47,34,585.60","2,24,065","74,74,197","57.39"
"RELIANCE","EQ","15-May-2026","1,361.80","1,356.80","1,364.80","1,329.20","1,339.00","1,336.40","1,339.37","1,99,76,192","26,75,55,67,751.40","2,76,450","1,34,47,636","67.32"
"RELIANCE","EQ","14-May-2026","1,358.80","1,365.20","1,378.00","1,358.40","1,368.50","1,361.80","1,365.93","1,73,03,059","23,63,46,93,081.40","3,12,686","80,49,788","46.52"
"RELIANCE","EQ","13-May-2026","1,364.00","1,361.40","1,372.40","1,352.40","1,361.20","1,358.80","1,360.83","1,37,97,989","18,77,67,83,797.90","2,53,418","84,19,138","61.02"
"RELIANCE","EQ","12-May-2026","1,388.20","1,392.00","1,393.50","1,360.30","1,366.50","1,364.00","1,375.76","2,43,57,500","33,50,99,95,739.50","4,05,245","1,02,40,938","42.04"
"RELIANCE","EQ","11-May-2026","1,435.20","1,420.00","1,428.00","1,382.00","1,385.30","1,388.20","1,402.78","1,52,61,787","21,40,89,32,295.60","2,40,591","93,76,027","61.43"
"RELIANCE","EQ","08-May-2026","1,436.20","1,426.00","1,442.80","1,417.50","1,436.00","1,435.20","1,428.37","86,63,105","12,37,41,31,086.60","1,73,992","46,35,608","53.51"
"RELIANCE","EQ","07-May-2026","1,437.90","1,438.80","1,449.50","1,430.30","1,435.50","1,436.20","1,438.64","1,98,16,903","28,50,93,73,904.50","2,86,996","42,61,570","21.50"
"RELIANCE","EQ","06-May-2026","1,463.60","1,463.00","1,473.30","1,427.50","1,438.70","1,437.90","1,444.41","1,42,21,786","20,54,20,51,719.10","2,82,129","67,69,167","47.60"
"RELIANCE","EQ","05-May-2026","1,463.10","1,460.00","1,473.40","1,450.00","1,462.50","1,463.60","1,461.45","2,35,43,341","34,40,75,23,385.10","3,12,401","1,05,44,782","44.79"
"RELIANCE","EQ","04-May-2026","1,430.80","1,433.40","1,467.40","1,433.40","1,467.20","1,463.10","1,454.00","2,40,35,700","34,94,78,63,091.00","4,17,403","1,66,91,429","69.44"
"RELIANCE","EQ","30-Apr-2026","1,425.40","1,409.00","1,437.00","1,393.10","1,436.00","1,430.80","1,416.42","3,09,57,881","43,84,94,30,496.90","3,64,569","1,62,83,197","52.60"
"RELIANCE","EQ","29-Apr-2026","1,388.90","1,392.00","1,433.80","1,391.30","1,430.00","1,425.40","1,418.23","3,05,42,143","43,31,58,58,969.90","3,77,101","2,05,07,763","67.15"
"RELIANCE","EQ","28-Apr-2026","1,365.80","1,358.00","1,395.20","1,357.00","1,393.00","1,388.90","1,380.39","4,10,27,699","56,63,43,60,964.60","3,71,160","2,68,85,393","65.53"
"RELIANCE","EQ","27-Apr-2026","1,327.80","1,313.00","1,371.60","1,311.00","1,370.00","1,365.80","1,346.48","2,46,73,098","33,22,17,15,766.80","3,01,732","1,59,84,680","64.79"
"RELIANCE","EQ","24-Apr-2026","1,343.40","1,340.00","1,345.90","1,325.00","1,331.00","1,327.80","1,333.01","1,17,44,802","15,65,59,32,416.20","1,97,088","80,24,498","68.32"
"RELIANCE","T0","23-Apr-2026","1,362.10","1,346.00","1,346.00","1,346.00","1,346.00","1,343.40","1,346.00","1","1,346.00","1","1","100.00"
"RELIANCE","EQ","23-Apr-2026","1,362.10","1,346.00","1,355.50","1,340.70","1,344.40","1,343.40","1,347.84","1,63,85,079","22,08,44,84,854.70","2,09,218","80,10,941","48.89"
"RELIANCE","EQ","22-Apr-2026","1,353.30","1,350.30","1,366.00","1,349.10","1,362.00","1,362.10","1,360.40","95,25,953","12,95,91,00,398.90","1,53,909","58,74,226","61.67"
"RELIANCE","EQ","21-Apr-2026","1,363.30","1,359.00","1,369.80","1,350.10","1,354.90","1,353.30","1,356.60","2,72,93,629","37,02,64,49,570.40","2,97,701","1,30,24,765","47.72"
"RELIANCE","EQ","20-Apr-2026","1,365.00","1,363.20","1,373.00","1,352.80","1,361.10","1,363.30","1,365.92","1,36,14,733","18,59,65,70,380.60","2,40,331","59,36,535","43.60"
"RELIANCE","EQ","17-Apr-2026","1,343.30","1,340.00","1,368.40","1,340.00","1,364.90","1,365.00","1,359.14","1,38,69,105","18,85,00,89,777.30","2,26,433","60,45,217","43.59"
"RELIANCE","EQ","16-Apr-2026","1,344.10","1,352.00","1,353.80","1,330.00","1,345.90","1,343.30","1,338.46","3,02,11,012","40,43,61,95,396.30","3,33,177","82,52,499","27.32"
"RELIANCE","EQ","15-Apr-2026","1,315.10","1,337.00","1,347.00","1,334.20","1,342.90","1,344.10","1,340.02","1,53,13,779","20,52,08,18,325.60","2,59,818","78,05,326","50.97"
"RELIANCE","EQ","13-Apr-2026","1,350.20","1,321.20","1,327.60","1,310.00","1,314.00","1,315.10","1,316.46","2,87,53,269","37,85,25,16,273.60","4,56,747","1,42,44,342","49.54"
"RELIANCE","EQ","10-Apr-2026","1,330.00","1,337.00","1,352.30","1,331.50","1,350.00","1,350.20","1,346.97","1,93,64,461","26,08,33,04,335.70","2,28,260","1,12,81,336","58.26"
"RELIANCE","EQ","09-Apr-2026","1,347.80","1,346.00","1,350.00","1,326.30","1,330.00","1,330.00","1,333.26","2,07,25,390","27,63,22,49,237.20","2,77,395","75,04,004","36.21"
"RELIANCE","EQ","08-Apr-2026","1,304.60","1,349.00","1,350.60","1,326.20","1,349.40","1,347.80","1,343.02","2,18,17,543","29,30,14,22,736.40","4,34,059","1,04,68,433","47.98"
"RELIANCE","EQ","07-Apr-2026","1,304.70","1,295.00","1,308.30","1,291.00","1,307.30","1,304.60","1,298.73","2,83,88,922","36,86,96,41,751.60","3,64,146","1,30,97,750","46.14"
"RELIANCE","EQ","06-Apr-2026","1,350.50","1,359.00","1,359.00","1,290.00","1,306.00","1,304.70","1,306.37","2,92,74,881","38,24,37,83,551.00","5,84,670","1,45,16,258","49.59"
"RELIANCE","EQ","02-Apr-2026","1,369.20","1,357.00","1,358.20","1,328.00","1,350.90","1,350.50","1,346.65","2,12,80,051","28,65,68,73,097.20","3,35,321","81,75,832","38.42"
"RELIANCE","EQ","01-Apr-2026","1,343.90","1,384.20","1,384.40","1,362.90","1,369.50","1,369.20","1,372.02","1,44,04,619","19,76,33,87,955.30","2,41,179","72,82,785","50.56"
"RELIANCE","EQ","30-Mar-2026","1,348.10","1,335.00","1,365.00","1,334.10","1,348.30","1,343.90","1,347.25","2,43,93,861","32,86,45,44,984.70","4,26,526","1,14,25,618","46.84"
"RELIANCE","EQ","27-Mar-2026","1,413.10","1,401.00","1,404.70","1,345.00","1,348.00","1,348.10","1,359.97","2,32,66,517","31,64,17,34,742.50","5,46,051","1,25,76,544","54.05"
"RELIANCE","EQ","25-Mar-2026","1,411.80","1,420.00","1,430.50","1,408.40","1,413.80","1,413.10","1,418.75","1,90,41,331","27,01,49,40,455.50","3,13,024","90,35,741","47.45"
"RELIANCE","EQ","24-Mar-2026","1,407.80","1,420.00","1,422.40","1,406.60","1,414.00","1,411.80","1,413.20","1,86,20,893","26,31,50,89,062.40","3,04,313","94,06,770","50.52"
"RELIANCE","EQ","23-Mar-2026","1,414.40","1,400.00","1,415.60","1,391.00","1,404.00","1,407.80","1,404.46","1,89,79,554","26,65,59,71,496.80","3,85,355","1,23,47,858","65.06"
"RELIANCE","EQ","20-Mar-2026","1,384.80","1,398.00","1,430.00","1,396.10","1,413.60","1,414.40","1,418.94","2,29,94,918","32,62,84,66,606.50","3,15,139","1,29,00,815","56.10"
"RELIANCE","EQ","19-Mar-2026","1,408.10","1,388.00","1,415.70","1,376.10","1,392.00","1,384.80","1,394.72","1,64,98,373","23,01,06,87,830.50","3,05,792","69,33,893","42.03"
"RELIANCE","EQ","18-Mar-2026","1,397.60","1,397.20","1,412.90","1,397.20","1,407.20","1,408.10","1,408.59","95,59,327","13,46,51,78,867.70","2,12,371","52,94,209","55.38"
"RELIANCE","EQ","17-Mar-2026","1,395.10","1,399.00","1,405.90","1,388.20","1,394.80","1,397.60","1,398.21","1,90,07,744","26,57,68,82,526.60","2,73,340","67,26,169","35.39"
"RELIANCE","EQ","16-Mar-2026","1,380.70","1,380.00","1,397.30","1,363.50","1,394.00","1,395.10","1,384.52","2,28,37,802","31,61,93,78,231.50","2,93,132","1,22,05,501","53.44"
"RELIANCE","EQ","13-Mar-2026","1,392.20","1,385.20","1,400.80","1,378.40","1,382.10","1,380.70","1,388.25","1,72,65,090","23,96,82,36,254.70","3,15,335","82,82,491","47.97"
"RELIANCE","EQ","12-Mar-2026","1,390.20","1,390.00","1,410.90","1,381.10","1,390.00","1,392.20","1,397.56","2,09,39,959","29,26,48,77,793.70","3,70,385","89,71,814","42.85"
"RELIANCE","EQ","11-Mar-2026","1,408.80","1,424.90","1,434.00","1,383.60","1,386.80","1,390.20","1,402.95","2,18,48,087","30,65,16,92,543.40","3,58,595","98,37,323","45.03"
"RELIANCE","EQ","10-Mar-2026","1,424.00","1,430.60","1,431.50","1,400.60","1,410.90","1,408.80","1,410.92","1,80,71,259","25,49,71,67,382.50","2,66,712","61,33,565","33.94"
"RELIANCE","EQ","09-Mar-2026","1,404.80","1,375.00","1,429.40","1,370.00","1,418.60","1,424.00","1,404.08","2,48,70,822","34,92,05,85,822.30","3,63,998","1,17,23,015","47.14"
"RELIANCE","EQ","06-Mar-2026","1,389.40","1,396.50","1,424.30","1,390.30","1,407.00","1,404.80","1,412.87","1,93,11,971","27,28,52,57,299.50","2,91,792","1,07,43,452","55.63"
"RELIANCE","EQ","05-Mar-2026","1,345.00","1,353.10","1,399.00","1,353.10","1,386.40","1,389.40","1,383.03","2,59,57,532","35,89,99,97,226.10","3,39,169","1,26,18,188","48.61"
"RELIANCE","EQ","04-Mar-2026","1,358.00","1,330.00","1,352.80","1,307.00","1,345.20","1,345.00","1,334.60","3,24,95,007","43,36,79,43,821.30","6,43,399","2,07,14,128","63.75"
"RELIANCE","EQ","02-Mar-2026","1,393.90","1,375.50","1,378.60","1,341.50","1,360.00","1,358.00","1,358.19","2,37,28,722","32,22,81,24,369.60","3,84,813","1,01,06,057","42.59"
"RELIANCE","EQ","27-Feb-2026","1,406.80","1,398.00","1,410.40","1,388.10","1,394.90","1,393.90","1,397.46","1,20,31,440","16,81,35,12,507.20","1,95,405","73,76,442","61.31"
"RELIANCE","EQ","26-Feb-2026","1,398.50","1,398.50","1,412.90","1,391.90","1,409.00","1,406.80","1,404.01","1,66,83,858","23,42,42,95,896.50","2,42,404","38,27,331","22.94"
"RELIANCE","EQ","25-Feb-2026","1,428.80","1,435.00","1,440.50","1,393.50","1,400.80","1,398.50","1,414.07","1,07,28,792","15,17,13,07,392.70","2,04,165","50,11,078","46.71"
"RELIANCE","EQ","24-Feb-2026","1,428.00","1,425.30","1,433.30","1,415.00","1,431.10","1,428.80","1,424.96","1,25,29,409","17,85,39,17,144.10","1,96,324","50,07,284","39.96"
"RELIANCE","EQ","23-Feb-2026","1,419.40","1,425.00","1,434.90","1,418.30","1,425.00","1,428.00","1,425.50","77,58,856","11,06,02,70,073.70","1,40,217","34,21,775","44.10"
"RELIANCE","EQ","20-Feb-2026","1,409.50","1,409.50","1,427.40","1,406.10","1,419.10","1,419.40","1,420.00","81,77,670","11,61,22,83,011.40","1,61,489","33,91,951","41.48"
"RELIANCE","EQ","19-Feb-2026","1,441.30","1,443.00","1,443.00","1,400.00","1,407.20","1,409.50","1,415.94","1,18,84,664","16,82,79,34,160.10","2,21,944","28,27,496","23.79"
"RELIANCE","EQ","18-Feb-2026","1,423.00","1,427.00","1,442.10","1,419.20","1,441.00","1,441.30","1,432.14","55,21,096","7,90,69,56,447.40","1,21,784","22,60,500","40.94"
"RELIANCE","EQ","17-Feb-2026","1,437.10","1,431.10","1,431.80","1,418.60","1,424.20","1,423.00","1,423.10","1,07,31,630","15,27,21,75,589.40","1,89,670","30,02,495","27.98"
"RELIANCE","EQ","16-Feb-2026","1,419.60","1,420.10","1,439.60","1,409.30","1,434.10","1,437.10","1,426.07","58,96,514","8,40,88,65,413.30","1,60,094","26,67,845","45.24"
"RELIANCE","EQ","13-Feb-2026","1,448.90","1,445.50","1,450.70","1,416.30","1,418.60","1,419.60","1,423.73","1,07,55,693","15,31,32,21,949.70","1,82,348","68,50,399","63.69"
"RELIANCE","EQ","12-Feb-2026","1,468.70","1,470.00","1,473.00","1,445.50","1,449.90","1,448.90","1,453.64","1,11,35,399","16,18,68,60,274.50","1,95,451","42,30,307","37.99"
"RELIANCE","EQ","11-Feb-2026","1,458.50","1,459.60","1,470.00","1,453.60","1,469.00","1,468.70","1,465.14","71,06,877","10,41,25,35,997.80","2,00,342","41,10,465","57.84"
"RELIANCE","EQ","10-Feb-2026","1,461.60","1,471.00","1,471.00","1,452.20","1,456.20","1,458.50","1,459.23","1,02,59,630","14,97,11,96,098.30","1,81,163","30,96,776","30.18"
"RELIANCE","EQ","09-Feb-2026","1,450.80","1,458.00","1,465.90","1,453.00","1,461.20","1,461.60","1,462.26","57,75,864","8,44,58,11,902.30","1,27,171","37,69,208","65.26"
"RELIANCE","EQ","06-Feb-2026","1,443.40","1,441.50","1,452.80","1,433.50","1,451.00","1,450.80","1,442.78","82,77,304","11,94,23,66,313.00","1,33,331","33,61,089","40.61"
"RELIANCE","EQ","05-Feb-2026","1,456.80","1,457.00","1,461.50","1,439.50","1,441.90","1,443.40","1,444.91","1,17,63,658","16,99,74,46,034.90","2,06,465","60,22,075","51.19"
"RELIANCE","EQ","04-Feb-2026","1,437.10","1,444.00","1,464.00","1,440.30","1,455.40","1,456.80","1,455.35","83,33,387","12,12,79,57,783.70","1,89,873","48,11,817","57.74"
"RELIANCE","EQ","03-Feb-2026","1,390.40","1,473.90","1,489.50","1,430.20","1,438.00","1,437.10","1,445.70","2,54,56,171","36,80,20,06,349.10","3,60,494","1,54,56,249","60.72"
"RELIANCE","EQ","02-Feb-2026","1,347.00","1,340.00","1,392.90","1,335.50","1,388.00","1,390.40","1,373.27","1,57,11,165","21,57,56,43,258.50","3,79,997","98,29,010","62.56"
"RELIANCE","EQ","01-Feb-2026","1,395.40","1,396.00","1,411.00","1,335.00","1,342.80","1,347.00","1,377.13","97,14,528","13,37,81,45,108.70","2,36,369","44,72,543","46.04"
"RELIANCE","EQ","30-Jan-2026","1,391.00","1,382.60","1,398.00","1,378.50","1,397.00","1,395.40","1,391.25","1,12,39,835","15,63,74,18,399.50","1,59,638","83,94,885","74.69"
"RELIANCE","EQ","29-Jan-2026","1,396.70","1,402.90","1,402.90","1,384.00","1,386.90","1,391.00","1,393.55","2,08,46,683","29,05,08,18,209.00","2,95,986","1,31,14,958","62.91"
"RELIANCE","EQ","28-Jan-2026","1,380.50","1,385.00","1,409.90","1,384.90","1,398.50","1,396.70","1,396.85","1,11,21,657","15,53,53,35,257.60","2,09,556","64,58,005","58.07"
"RELIANCE","EQ","27-Jan-2026","1,386.10","1,380.00","1,391.60","1,368.00","1,384.00","1,380.50","1,381.87","2,63,02,396","36,34,65,67,203.10","3,37,571","1,65,74,037","63.01"
"RELIANCE","EQ","23-Jan-2026","1,402.50","1,401.80","1,407.00","1,381.00","1,387.00","1,386.10","1,391.32","98,37,802","13,68,75,60,136.70","2,63,283","50,41,469","51.25"
"RELIANCE","EQ","22-Jan-2026","1,404.60","1,410.10","1,419.50","1,395.00","1,404.10","1,402.50","1,403.80","1,57,21,693","22,07,01,50,220.10","3,91,641","70,29,268","44.71"
"RELIANCE","EQ","21-Jan-2026","1,394.00","1,389.50","1,412.90","1,373.00","1,407.50","1,404.60","1,399.14","1,73,52,720","24,27,89,65,746.30","4,12,452","84,16,217","48.50"
"RELIANCE","EQ","20-Jan-2026","1,413.60","1,410.70","1,416.00","1,390.00","1,392.40","1,394.00","1,401.05","1,31,89,498","18,47,91,64,578.50","3,82,470","66,01,674","50.05"
"RELIANCE","EQ","19-Jan-2026","1,457.90","1,450.60","1,450.60","1,403.30","1,413.20","1,413.60","1,415.36","2,03,92,765","28,86,31,28,634.10","5,69,720","1,08,47,268","53.19"
"RELIANCE","EQ","16-Jan-2026","1,458.80","1,458.80","1,480.00","1,455.10","1,461.00","1,457.90","1,464.15","1,71,67,161","25,13,52,47,618.00","2,89,037","1,11,51,787","64.96"
"RELIANCE","EQ","14-Jan-2026","1,452.80","1,444.00","1,467.00","1,440.20","1,458.80","1,458.80","1,458.22","83,21,764","12,13,49,50,551.20","1,67,816","38,93,699","46.79"
"RELIANCE","EQ","13-Jan-2026","1,483.20","1,485.00","1,485.80","1,444.70","1,456.90","1,452.80","1,457.67","1,34,99,760","19,67,81,31,155.40","2,89,198","59,01,025","43.71"
"RELIANCE","EQ","12-Jan-2026","1,475.30","1,475.30","1,485.30","1,451.00","1,484.00","1,483.20","1,469.79","88,83,745","13,05,72,59,395.40","2,36,827","48,84,119","54.98"
"RELIANCE","EQ","09-Jan-2026","1,470.60","1,465.00","1,479.90","1,465.00","1,476.00","1,475.30","1,472.13","83,35,311","12,27,06,72,520.90","2,37,412","46,78,450","56.13"
"RELIANCE","EQ","08-Jan-2026","1,504.20","1,500.00","1,503.90","1,468.80","1,470.70","1,470.60","1,477.72","1,65,18,684","24,41,00,37,550.10","4,43,727","1,15,41,052","69.87"
"RELIANCE","EQ","07-Jan-2026","1,507.60","1,510.00","1,520.00","1,498.00","1,505.10","1,504.20","1,506.81","1,11,99,340","16,87,52,53,099.50","3,02,077","67,18,330","59.99"
"RELIANCE","EQ","06-Jan-2026","1,578.10","1,569.00","1,569.00","1,496.30","1,508.90","1,507.60","1,516.17","2,74,17,125","41,56,90,80,602.20","5,83,917","1,38,27,457","50.43"
"RELIANCE","EQ","05-Jan-2026","1,592.30","1,593.00","1,611.80","1,575.30","1,577.00","1,578.10","1,589.36","87,04,973","13,83,53,33,400.10","2,27,204","58,29,320","66.97"
"RELIANCE","EQ","02-Jan-2026","1,575.60","1,580.00","1,594.60","1,578.20","1,593.00","1,592.30","1,589.16","66,02,230","10,49,19,99,169.40","1,56,023","48,76,895","73.87"
"RELIANCE","EQ","01-Jan-2026","1,570.40","1,573.70","1,592.50","1,571.10","1,572.90","1,575.60","1,578.67","64,08,128","10,11,63,46,867.10","1,34,062","21,00,118","32.77"
"RELIANCE","EQ","31-Dec-2025","1,539.80","1,541.00","1,577.00","1,541.00","1,569.00","1,570.40","1,566.86","57,71,830","9,04,36,50,348.50","1,41,792","29,78,159","51.60"
"RELIANCE","EQ","30-Dec-2025","1,545.60","1,547.00","1,553.60","1,537.80","1,541.00","1,539.80","1,543.21","88,15,884","13,60,47,45,435.00","1,99,428","49,65,382","56.32"
"RELIANCE","EQ","29-Dec-2025","1,559.20","1,554.90","1,558.10","1,543.60","1,546.70","1,545.60","1,547.80","59,72,105","9,24,36,16,142.30","1,58,162","29,87,586","50.03"
"RELIANCE","EQ","26-Dec-2025","1,558.20","1,554.70","1,561.00","1,554.30","1,560.00","1,559.20","1,558.05","23,11,495","3,60,14,35,338.70","81,976","12,82,416","55.48"
"RELIANCE","EQ","24-Dec-2025","1,570.70","1,572.70","1,575.70","1,553.60","1,560.60","1,558.20","1,559.55","88,15,745","13,74,86,00,530.90","2,43,970","43,92,605","49.83"
"RELIANCE","EQ","23-Dec-2025","1,575.40","1,580.90","1,580.90","1,568.10","1,569.00","1,570.70","1,573.01","75,06,564","11,80,79,16,323.50","1,79,265","23,44,588","31.23"
"RELIANCE","EQ","22-Dec-2025","1,565.10","1,573.50","1,577.50","1,565.30","1,577.00","1,575.40","1,571.96","1,01,84,852","16,01,02,06,159.50","3,71,017","67,79,085","66.56"
"RELIANCE","EQ","19-Dec-2025","1,544.40","1,554.40","1,574.20","1,551.00","1,564.90","1,565.10","1,566.60","1,39,37,275","21,83,41,30,206.80","2,79,233","94,11,406","67.53"
"RELIANCE","EQ","18-Dec-2025","1,544.40","1,535.20","1,551.50","1,535.20","1,543.50","1,544.40","1,545.30","65,80,829","10,16,93,53,778.00","1,75,814","32,02,789","48.67"
"RELIANCE","EQ","17-Dec-2025","1,542.30","1,550.00","1,550.00","1,539.30","1,545.10","1,544.40","1,544.14","71,16,649","10,98,91,03,491.90","1,76,852","38,02,545","53.43"
"RELIANCE","EQ","16-Dec-2025","1,556.20","1,545.00","1,551.70","1,538.80","1,540.70","1,542.30","1,544.30","1,17,31,856","18,11,75,38,818.10","2,46,980","44,05,594","37.55"
"RELIANCE","EQ","15-Dec-2025","1,556.50","1,551.20","1,558.60","1,546.50","1,557.00","1,556.20","1,553.69","57,74,543","8,97,18,36,560.70","1,85,872","39,25,713","67.98"
"RELIANCE","EQ","12-Dec-2025","1,545.00","1,550.80","1,559.80","1,546.10","1,554.30","1,556.50","1,555.21","51,06,655","7,94,19,40,758.50","1,39,702","34,05,248","66.68"
"RELIANCE","EQ","11-Dec-2025","1,536.90","1,536.90","1,550.00","1,524.00","1,543.00","1,545.00","1,540.61","47,06,197","7,25,04,28,118.40","1,68,155","22,12,402","47.01"
"RELIANCE","EQ","10-Dec-2025","1,529.40","1,534.00","1,547.50","1,531.40","1,533.50","1,536.90","1,539.72","79,91,629","12,30,48,93,787.50","2,02,989","53,65,813","67.14"
"RELIANCE","EQ","09-Dec-2025","1,543.00","1,540.30","1,542.50","1,520.10","1,532.40","1,529.40","1,530.00","1,15,03,971","17,60,10,83,501.20","2,05,129","64,92,653","56.44"
"RELIANCE","EQ","08-Dec-2025","1,540.60","1,539.20","1,551.00","1,535.00","1,539.90","1,543.00","1,540.71","1,13,01,491","17,41,23,09,977.70","1,82,756","66,13,331","58.52"
"RELIANCE","EQ","05-Dec-2025","1,535.60","1,530.40","1,545.80","1,520.60","1,544.60","1,540.60","1,534.80","1,01,83,266","15,62,92,90,582.50","1,81,528","65,39,615","64.22"
"RELIANCE","EQ","04-Dec-2025","1,538.80","1,536.00","1,560.50","1,517.60","1,525.30","1,535.60","1,543.73","1,18,67,930","18,32,08,33,054.60","2,03,260","77,07,822","64.95"
"RELIANCE","EQ","03-Dec-2025","1,546.30","1,545.20","1,552.40","1,533.00","1,539.10","1,538.80","1,539.45","60,90,883","9,37,65,93,978.90","1,56,721","40,53,636","66.55"
"RELIANCE","EQ","02-Dec-2025","1,566.10","1,561.10","1,567.50","1,542.00","1,548.30","1,546.30","1,550.62","1,13,89,150","17,66,02,97,036.30","3,23,713","74,33,861","65.27"
"RELIANCE","EQ","01-Dec-2025","1,567.50","1,575.00","1,577.50","1,563.60","1,566.50","1,566.10","1,571.31","89,20,233","14,01,64,86,649.50","2,92,601","49,19,907","55.15"
"RELIANCE","EQ","28-Nov-2025","1,563.40","1,568.00","1,581.30","1,563.00","1,569.00","1,567.50","1,571.94","89,59,508","14,08,38,38,960.40","2,29,373","48,92,138","54.60"
"RELIANCE","EQ","27-Nov-2025","1,569.90","1,575.00","1,575.50","1,556.00","1,564.80","1,563.40","1,563.68","97,94,643","15,31,57,04,900.90","2,78,929","56,55,438","57.74"
"RELIANCE","EQ","26-Nov-2025","1,539.70","1,542.30","1,571.60","1,540.50","1,569.60","1,569.90","1,562.98","1,40,54,299","21,96,65,88,733.90","2,85,274","85,61,296","60.92"
"RELIANCE","EQ","25-Nov-2025","1,535.90","1,535.90","1,559.60","1,525.10","1,540.00","1,539.70","1,546.34","1,50,33,482","23,24,69,09,829.70","2,99,805","78,63,116","52.30"
"RELIANCE","EQ","24-Nov-2025","1,546.60","1,550.00","1,550.00","1,531.80","1,534.90","1,535.90","1,537.26","1,84,33,951","28,33,78,41,303.40","1,98,313","1,28,18,848","69.54"
"RELIANCE","BL","21-Nov-2025","1,519.40","1,534.00","1,534.00","1,534.00","1,534.00","1,534.00","1,534.00","3,52,107","54,01,32,138.00","1","-","-"
"RELIANCE","T0","21-Nov-2025","1,549.10","1,540.00","1,540.00","1,540.00","1,540.00","1,546.60","1,540.00","20","30,800.00","2","-","-"
"RELIANCE","EQ","21-Nov-2025","1,549.10","1,541.00","1,557.80","1,540.10","1,543.70","1,546.60","1,549.35","96,15,271","14,89,73,85,970.30","2,40,250","52,16,783","54.26"
"RELIANCE","EQ","20-Nov-2025","1,518.90","1,530.00","1,550.90","1,526.70","1,549.50","1,549.10","1,543.57","1,81,71,724","28,04,93,06,041.50","2,46,552","1,22,59,441","67.46"
"RELIANCE","EQ","19-Nov-2025","1,519.40","1,517.40","1,522.30","1,512.00","1,519.00","1,518.90","1,518.64","56,92,366","8,64,46,40,452.70","1,31,481","34,25,018","60.17"
"RELIANCE","BL","19-Nov-2025","1,475.50","1,519.40","1,519.40","1,519.40","1,519.40","1,519.40","1,519.40","3,98,012","60,47,39,432.80","1","-","-"
"RELIANCE","EQ","18-Nov-2025","1,518.30","1,521.70","1,527.80","1,510.50","1,520.00","1,519.40","1,520.18","1,10,45,042","16,79,05,05,249.50","1,65,850","59,92,310","54.25"
"RELIANCE","EQ","17-Nov-2025","1,518.90","1,520.90","1,523.70","1,511.50","1,518.00","1,518.30","1,516.89","58,71,416","8,90,62,94,222.30","1,23,473","31,91,232","54.35"
"RELIANCE","EQ","14-Nov-2025","1,510.90","1,505.50","1,520.90","1,505.50","1,518.20","1,518.90","1,516.51","76,82,823","11,65,10,84,505.30","1,94,941","54,26,632","70.63"
"RELIANCE","EQ","13-Nov-2025","1,511.50","1,515.00","1,522.10","1,506.80","1,512.10","1,510.90","1,514.35","71,96,443","10,89,79,56,389.70","2,09,774","46,19,589","64.19"
"RELIANCE","EQ","12-Nov-2025","1,493.40","1,505.00","1,524.70","1,500.00","1,511.80","1,511.50","1,515.00","1,23,84,459","18,76,25,17,172.20","2,52,417","78,62,490","63.49"
"RELIANCE","EQ","11-Nov-2025","1,489.30","1,497.00","1,498.80","1,480.20","1,493.80","1,493.40","1,489.58","71,27,506","10,61,69,76,771.80","1,49,607","35,57,777","49.92"
"RELIANCE","EQ","10-Nov-2025","1,478.00","1,477.90","1,501.00","1,475.50","1,490.10","1,489.30","1,492.69","70,68,438","10,55,09,78,254.30","1,54,602","42,98,505","60.81"
"RELIANCE","EQ","07-Nov-2025","1,496.10","1,494.60","1,498.40","1,475.90","1,480.00","1,478.00","1,486.71","78,21,765","11,62,87,33,264.10","1,39,608","47,72,863","61.02"
"RELIANCE","EQ","06-Nov-2025","1,473.10","1,484.00","1,501.60","1,476.20","1,494.80","1,496.10","1,494.08","1,67,72,678","25,05,96,56,533.30","2,69,902","91,33,200","54.45"
"RELIANCE","EQ","04-Nov-2025","1,484.70","1,483.90","1,492.80","1,470.10","1,471.10","1,473.10","1,480.96","1,00,07,806","14,82,11,44,472.70","2,18,103","40,92,497","40.89"
"RELIANCE","EQ","03-Nov-2025","1,486.40","1,486.00","1,495.00","1,479.30","1,487.30","1,484.70","1,488.29","84,52,085","12,57,91,61,982.90","2,45,664","41,06,209","48.58"
"RELIANCE","EQ","31-Oct-2025","1,488.50","1,490.40","1,497.50","1,482.30","1,487.00","1,486.40","1,487.80","87,58,053","13,03,02,57,785.30","2,06,898","51,97,373","59.34"
"RELIANCE","EQ","30-Oct-2025","1,504.20","1,500.00","1,503.10","1,484.00","1,489.50","1,488.50","1,492.27","93,18,663","13,90,59,20,959.90","2,76,397","40,83,872","43.82"
"RELIANCE","BL","30-Oct-2025","1,383.30","1,475.50","1,475.50","1,475.50","1,475.50","1,475.50","1,475.50","2,95,600","43,61,57,800.00","1","-","-"
"RELIANCE","EQ","29-Oct-2025","1,486.90","1,490.00","1,508.30","1,488.10","1,504.00","1,504.20","1,502.67","1,18,84,745","17,85,88,00,582.60","2,19,504","61,17,995","51.48"
"RELIANCE","EQ","28-Oct-2025","1,484.10","1,484.10","1,492.00","1,477.60","1,489.70","1,486.90","1,484.96","1,76,31,577","26,18,22,48,923.90","3,14,894","86,69,771","49.17"
"RELIANCE","EQ","27-Oct-2025","1,451.60","1,463.00","1,485.00","1,458.00","1,483.20","1,484.10","1,480.24","1,41,13,867","20,89,18,82,342.50","2,74,839","96,57,852","68.43"
"RELIANCE","EQ","24-Oct-2025","1,448.40","1,450.00","1,459.80","1,441.00","1,451.10","1,451.60","1,450.25","97,00,837","14,06,86,22,023.20","2,21,258","49,90,318","51.44"
"RELIANCE","EQ","23-Oct-2025","1,465.20","1,475.00","1,482.90","1,444.60","1,448.00","1,448.40","1,464.71","1,87,07,090","27,40,03,74,842.50","3,76,220","1,03,38,619","55.27"
"RELIANCE","EQ","21-Oct-2025","1,466.80","1,468.00","1,474.00","1,460.00","1,461.00","1,465.20","1,467.87","20,66,169","3,03,28,61,642.80","86,819","10,01,878","48.49"
"RELIANCE","EQ","20-Oct-2025","1,416.80","1,440.00","1,473.80","1,433.30","1,467.90","1,466.80","1,461.76","2,47,21,978","36,13,76,73,257.50","5,12,798","1,37,00,787","55.42"
"RELIANCE","EQ","17-Oct-2025","1,398.30","1,401.00","1,423.30","1,399.10","1,419.10","1,416.80","1,413.78","1,93,35,561","27,33,62,05,033.00","3,50,761","1,06,90,779","55.29"
"RELIANCE","EQ","16-Oct-2025","1,374.30","1,375.10","1,400.50","1,375.00","1,398.50","1,398.30","1,387.20","1,23,15,932","17,08,46,36,046.80","2,87,913","70,90,367","57.57"
"RELIANCE","EQ","15-Oct-2025","1,375.90","1,383.00","1,384.00","1,372.70","1,374.70","1,374.30","1,377.15","1,08,82,743","14,98,71,55,897.30","2,39,811","68,60,468","63.04"
"RELIANCE","EQ","14-Oct-2025","1,375.00","1,380.00","1,388.00","1,370.10","1,374.90","1,375.90","1,377.47","97,68,174","13,45,53,95,764.80","1,64,937","35,50,018","36.34"
"RELIANCE","EQ","13-Oct-2025","1,381.70","1,376.90","1,377.70","1,367.80","1,376.00","1,375.00","1,372.70","76,00,682","10,43,34,92,493.50","1,75,585","29,53,669","38.86"
"RELIANCE","EQ","10-Oct-2025","1,377.80","1,377.80","1,388.00","1,375.10","1,380.90","1,381.70","1,383.21","63,73,084","8,81,53,17,323.10","1,93,985","33,42,511","52.45"
"RELIANCE","EQ","09-Oct-2025","1,367.40","1,374.00","1,380.00","1,369.10","1,376.50","1,377.80","1,376.25","88,26,633","12,14,76,69,213.50","2,17,890","40,61,507","46.01"
"RELIANCE","EQ","08-Oct-2025","1,384.80","1,384.80","1,389.00","1,364.50","1,367.30","1,367.40","1,371.62","85,25,081","11,69,32,12,975.10","2,14,245","44,18,059","51.82"
"RELIANCE","EQ","07-Oct-2025","1,375.00","1,376.00","1,395.90","1,375.90","1,384.50","1,384.80","1,386.79","1,12,44,040","15,59,31,76,402.20","1,96,055","41,61,773","37.01"
"RELIANCE","EQ","06-Oct-2025","1,363.40","1,360.00","1,377.40","1,359.00","1,374.90","1,375.00","1,367.85","1,23,96,580","16,95,66,55,218.30","1,84,550","85,59,342","69.05"
"RELIANCE","EQ","03-Oct-2025","1,368.70","1,363.20","1,371.60","1,356.90","1,363.30","1,363.40","1,362.13","1,28,42,347","17,49,29,14,973.80","2,16,161","81,25,598","63.27"
"RELIANCE","EQ","01-Oct-2025","1,364.00","1,367.00","1,378.60","1,362.70","1,370.00","1,368.70","1,369.56","1,20,45,916","16,49,76,35,567.10","2,58,017","66,26,990","55.01"
"RELIANCE","EQ","30-Sep-2025","1,372.80","1,377.10","1,377.10","1,362.80","1,364.00","1,364.00","1,366.52","1,46,04,684","19,95,75,82,304.90","2,23,375","70,34,845","48.17"
"RELIANCE","EQ","29-Sep-2025","1,377.60","1,381.60","1,389.00","1,368.00","1,376.00","1,372.80","1,375.78","1,42,31,999","19,58,01,10,793.70","2,13,268","78,13,128","54.90"
"RELIANCE","EQ","26-Sep-2025","1,372.40","1,372.00","1,382.70","1,366.00","1,379.00","1,377.60","1,376.37","98,79,109","13,59,73,42,647.00","1,48,644","58,14,241","58.85"
"RELIANCE","EQ","25-Sep-2025","1,383.00","1,381.30","1,384.50","1,369.00","1,374.80","1,372.40","1,375.53","1,14,11,143","15,69,63,73,894.00","1,55,102","55,24,953","48.42"
"RELIANCE","EQ","24-Sep-2025","1,389.80","1,385.30","1,396.00","1,380.40","1,381.10","1,383.00","1,387.32","59,22,759","8,21,67,78,017.50","1,20,399","30,42,640","51.37"
"RELIANCE","EQ","23-Sep-2025","1,390.60","1,391.00","1,395.00","1,376.80","1,390.50","1,389.80","1,387.57","1,40,14,702","19,44,63,55,038.70","2,10,931","59,47,857","42.44"
"RELIANCE","EQ","22-Sep-2025","1,407.40","1,403.90","1,410.70","1,388.00","1,390.90","1,390.60","1,400.91","77,57,970","10,86,82,28,760.60","1,36,991","42,10,604","54.27"
"RELIANCE","EQ","19-Sep-2025","1,415.00","1,414.90","1,417.00","1,403.60","1,407.60","1,407.40","1,408.43","1,34,61,373","18,95,93,42,246.10","1,43,644","92,15,393","68.46"
"RELIANCE","EQ","18-Sep-2025","1,413.80","1,420.40","1,422.00","1,410.70","1,415.00","1,415.00","1,415.31","93,32,642","13,20,85,89,778.10","1,82,559","49,90,691","53.48"
"RELIANCE","EQ","17-Sep-2025","1,405.30","1,407.00","1,416.20","1,406.90","1,413.00","1,413.80","1,412.05","75,19,417","10,61,78,06,261.00","1,89,638","40,26,871","53.55"
"RELIANCE","EQ","16-Sep-2025","1,399.30","1,404.70","1,408.00","1,398.20","1,405.90","1,405.30","1,404.00","86,86,961","12,19,64,51,860.10","1,70,452","37,85,461","43.58"
"RELIANCE","EQ","15-Sep-2025","1,395.00","1,393.00","1,400.80","1,388.60","1,399.30","1,399.30","1,395.97","53,96,697","7,53,36,35,758.20","1,30,728","26,86,847","49.79"
"RELIANCE","BL","12-Sep-2025","1,375.00","1,383.30","1,383.30","1,383.30","1,383.30","1,383.30","1,383.30","5,02,592","69,52,35,513.60","1","-","-"
"RELIANCE","EQ","12-Sep-2025","1,383.30","1,383.30","1,396.30","1,380.50","1,395.00","1,395.00","1,392.69","74,03,368","10,31,06,08,459.50","1,56,369","47,99,871","64.83"
"RELIANCE","EQ","11-Sep-2025","1,377.00","1,376.00","1,385.50","1,375.00","1,382.10","1,383.30","1,382.49","97,66,072","13,50,14,79,258.50","1,73,431","38,85,694","39.79"
"RELIANCE","EQ","10-Sep-2025","1,376.20","1,383.90","1,388.50","1,374.10","1,377.50","1,377.00","1,380.12","77,90,815","10,75,22,66,849.20","2,22,655","50,00,359","64.18"
"RELIANCE","EQ","09-Sep-2025","1,378.50","1,376.60","1,381.20","1,368.70","1,376.10","1,376.20","1,375.44","97,54,452","13,41,66,75,656.70","2,09,637","51,72,686","53.03"
"RELIANCE","EQ","08-Sep-2025","1,375.00","1,380.00","1,386.00","1,372.40","1,378.90","1,378.50","1,379.43","69,86,720","9,63,76,80,456.60","1,31,052","40,39,694","57.82"
"RELIANCE","BL","08-Sep-2025","1,238.85","1,375.00","1,375.00","1,375.00","1,375.00","1,375.00","1,375.00","5,17,192","71,11,39,000.00","1","-","-"
"RELIANCE","EQ","05-Sep-2025","1,359.30","1,363.00","1,381.00","1,359.30","1,375.70","1,375.00","1,370.36","57,77,575","7,91,73,73,815.60","1,42,951","26,89,378","46.55"
"RELIANCE","EQ","04-Sep-2025","1,372.60","1,371.80","1,374.00","1,357.10","1,359.10","1,359.30","1,363.97","1,32,23,177","18,03,59,88,833.70","2,00,473","64,33,957","48.66"
"RELIANCE","EQ","03-Sep-2025","1,366.50","1,369.70","1,376.50","1,360.50","1,372.00","1,372.60","1,368.85","78,47,563","10,74,21,61,678.40","2,09,277","41,86,363","53.35"
"RELIANCE","EQ","02-Sep-2025","1,353.90","1,354.80","1,384.50","1,354.50","1,367.50","1,366.50","1,374.28","1,15,17,006","15,82,76,20,364.30","2,35,433","44,33,317","38.49"
"RELIANCE","EQ","01-Sep-2025","1,357.20","1,356.00","1,363.20","1,340.60","1,355.00","1,353.90","1,353.99","1,12,32,238","15,20,83,77,268.50","2,49,574","62,77,512","55.89"
"RELIANCE","EQ","29-Aug-2025","1,385.90","1,381.10","1,403.50","1,350.00","1,356.00","1,357.20","1,375.14","1,87,58,842","25,79,60,85,387.60","3,48,532","91,44,810","48.75"
"RELIANCE","EQ","28-Aug-2025","1,384.90","1,389.90","1,392.20","1,366.50","1,390.90","1,385.90","1,380.78","1,31,61,813","18,17,35,99,832.00","2,52,423","77,61,123","58.97"
"RELIANCE","EQ","26-Aug-2025","1,412.60","1,408.00","1,410.00","1,381.60","1,383.80","1,384.90","1,390.78","1,21,45,259","16,89,13,59,345.30","2,01,578","82,89,888","68.26"
"RELIANCE","EQ","25-Aug-2025","1,409.20","1,414.70","1,419.50","1,405.70","1,413.70","1,412.60","1,412.48","59,79,407","8,44,57,89,682.30","1,84,067","33,04,471","55.26"
"RELIANCE","EQ","22-Aug-2025","1,424.80","1,420.00","1,423.40","1,407.90","1,409.90","1,409.20","1,414.00","58,18,868","8,22,78,76,997.30","1,37,165","32,28,389","55.48"
"RELIANCE","EQ","21-Aug-2025","1,413.00","1,425.00","1,431.90","1,420.30","1,424.30","1,424.80","1,427.55","1,10,21,323","15,73,34,74,504.40","2,31,863","58,57,893","53.15"
"RELIANCE","EQ","20-Aug-2025","1,420.10","1,413.00","1,424.90","1,410.00","1,412.00","1,413.00","1,418.58","87,25,641","12,37,79,83,949.70","1,96,554","55,38,212","63.47"
"RELIANCE","EQ","19-Aug-2025","1,381.70","1,390.00","1,421.00","1,389.10","1,421.00","1,420.10","1,413.60","1,43,84,719","20,33,42,96,972.40","2,88,664","79,72,340","55.42"
"RELIANCE","EQ","18-Aug-2025","1,373.80","1,390.00","1,394.90","1,377.00","1,382.90","1,381.70","1,384.21","1,17,85,109","16,31,30,18,769.80","3,19,844","81,14,028","68.85"
"RELIANCE","EQ","14-Aug-2025","1,382.60","1,377.30","1,380.70","1,370.10","1,372.90","1,373.80","1,375.17","71,26,128","9,79,96,29,519.90","1,75,588","37,69,500","52.90"
"RELIANCE","EQ","13-Aug-2025","1,380.40","1,388.00","1,391.80","1,377.50","1,384.00","1,382.60","1,384.19","74,57,021","10,32,19,69,058.70","2,08,576","49,02,944","65.75"
"RELIANCE","EQ","12-Aug-2025","1,386.20","1,381.90","1,401.90","1,375.20","1,381.00","1,380.40","1,386.76","1,22,44,664","16,98,03,68,560.10","1,79,433","72,93,929","59.57"
"RELIANCE","EQ","11-Aug-2025","1,367.80","1,370.00","1,388.00","1,361.20","1,384.60","1,386.20","1,375.78","99,97,486","13,75,43,51,256.50","2,26,304","63,07,917","63.10"
"RELIANCE","EQ","08-Aug-2025","1,389.40","1,385.00","1,397.20","1,365.00","1,366.20","1,367.80","1,374.93","87,93,606","12,09,05,91,567.60","2,08,137","59,02,434","67.12"
"RELIANCE","EQ","07-Aug-2025","1,392.80","1,387.70","1,393.70","1,366.00","1,391.00","1,389.40","1,381.52","99,76,705","13,78,30,47,743.50","2,93,767","56,09,828","56.23"
"RELIANCE","EQ","06-Aug-2025","1,391.70","1,391.90","1,395.90","1,383.30","1,393.00","1,392.80","1,390.57","58,34,312","8,11,30,06,686.00","1,56,725","36,10,090","61.88"
"RELIANCE","EQ","05-Aug-2025","1,411.50","1,411.00","1,411.00","1,388.10","1,390.00","1,391.70","1,394.50","93,15,972","12,99,11,63,046.80","2,38,858","61,09,843","65.58"
"RELIANCE","EQ","04-Aug-2025","1,393.70","1,395.10","1,416.10","1,391.70","1,410.20","1,411.50","1,410.61","63,12,820","8,90,49,07,900.60","1,88,246","39,63,011","62.78"
"RELIANCE","EQ","01-Aug-2025","1,390.20","1,386.90","1,405.90","1,384.30","1,394.10","1,393.70","1,397.47","1,03,21,171","14,42,34,88,951.80","2,08,431","71,59,472","69.37"
"RELIANCE","EQ","31-Jul-2025","1,410.10","1,388.10","1,402.60","1,382.20","1,390.00","1,390.20","1,392.63","1,70,65,827","23,76,63,74,015.30","3,73,516","1,14,58,014","67.14"
"RELIANCE","EQ","30-Jul-2025","1,417.10","1,418.10","1,423.30","1,401.30","1,409.70","1,410.10","1,411.50","72,09,849","10,17,67,19,970.80","1,67,311","39,30,581","54.52"
"RELIANCE","EQ","29-Jul-2025","1,387.60","1,383.00","1,420.20","1,383.00","1,416.60","1,417.10","1,402.99","1,07,50,072","15,08,22,11,933.30","1,87,813","71,78,436","66.78"
"RELIANCE","EQ","28-Jul-2025","1,391.70","1,392.30","1,407.80","1,385.00","1,387.10","1,387.60","1,394.17","77,48,361","10,80,25,52,328.10","1,98,421","49,03,748","63.29"
"RELIANCE","T0","25-Jul-2025","1,402.90","1,402.90","1,402.90","1,402.90","1,402.90","1,391.70","1,402.90","2","2,805.80","2","1","50.00"
"RELIANCE","EQ","25-Jul-2025","1,402.90","1,398.90","1,401.00","1,384.10","1,392.40","1,391.70","1,394.22","1,18,54,722","16,52,80,44,233.50","2,37,018","86,29,824","72.80"
"RELIANCE","EQ","24-Jul-2025","1,424.60","1,419.20","1,423.00","1,396.00","1,402.80","1,402.90","1,407.06","1,47,40,507","20,74,07,88,758.30","3,14,670","1,01,45,972","68.83"
"RELIANCE","EQ","23-Jul-2025","1,412.80","1,426.00","1,426.00","1,414.40","1,425.00","1,424.60","1,421.41","83,54,596","11,87,53,15,134.70","2,25,103","57,99,080","69.41"
"RELIANCE","EQ","22-Jul-2025","1,428.60","1,427.40","1,431.90","1,410.70","1,413.80","1,412.80","1,417.05","2,03,96,320","28,90,27,00,383.40","5,04,145","1,60,46,485","78.67"
"RELIANCE","EQ","21-Jul-2025","1,476.00","1,465.00","1,476.00","1,423.10","1,428.20","1,428.60","1,435.24","2,24,42,744","32,21,07,51,693.50","6,30,358","1,53,00,469","68.18"
"RELIANCE","EQ","18-Jul-2025","1,476.40","1,484.80","1,484.80","1,469.10","1,476.00","1,476.00","1,475.20","1,02,96,318","15,18,91,04,342.00","2,22,241","78,06,111","75.81"
"RELIANCE","EQ","17-Jul-2025","1,485.60","1,487.40","1,489.60","1,473.90","1,478.70","1,476.40","1,479.78","1,18,54,613","17,54,22,05,685.80","1,89,733","79,88,502","67.39"
"RELIANCE","EQ","16-Jul-2025","1,485.40","1,473.00","1,491.00","1,471.50","1,486.20","1,485.60","1,481.43","1,04,09,983","15,42,16,36,574.60","1,91,598","71,55,850","68.74"
"RELIANCE","EQ","15-Jul-2025","1,483.70","1,486.20","1,496.50","1,482.40","1,488.50","1,485.40","1,487.92","81,32,454","12,10,04,48,372.90","1,73,756","53,61,113","65.92"
"RELIANCE","EQ","14-Jul-2025","1,495.20","1,492.20","1,500.00","1,479.10","1,486.40","1,483.70","1,487.76","1,03,11,846","15,34,15,29,534.70","1,86,122","79,80,365","77.39"
"RELIANCE","EQ","11-Jul-2025","1,517.20","1,512.00","1,515.00","1,490.30","1,495.00","1,495.20","1,496.06","72,34,991","10,82,39,82,872.20","1,78,490","52,35,926","72.37"
"RELIANCE","EQ","10-Jul-2025","1,519.00","1,519.70","1,524.70","1,507.50","1,515.20","1,517.20","1,516.20","1,00,47,129","15,23,34,58,376.40","2,89,035","50,54,620","50.31"
"RELIANCE","EQ","09-Jul-2025","1,537.60","1,536.70","1,551.00","1,510.10","1,520.50","1,519.00","1,532.97","88,70,660","13,59,84,41,338.60","2,54,524","52,73,816","59.45"
"RELIANCE","EQ","08-Jul-2025","1,541.50","1,536.00","1,544.90","1,530.20","1,538.00","1,537.60","1,536.23","71,71,261","11,01,66,84,351.60","1,91,265","42,36,138","59.07"
"RELIANCE","EQ","07-Jul-2025","1,527.30","1,526.60","1,544.80","1,525.00","1,540.50","1,541.50","1,539.06","72,51,074","11,15,98,58,745.50","2,05,134","47,90,308","66.06"
"RELIANCE","EQ","04-Jul-2025","1,517.80","1,524.00","1,530.00","1,517.20","1,528.10","1,527.30","1,523.57","66,03,501","10,06,09,08,691.00","1,67,255","39,84,058","60.33"
"RELIANCE","EQ","03-Jul-2025","1,518.80","1,520.80","1,531.90","1,513.00","1,515.00","1,517.80","1,520.57","1,12,83,291","17,15,69,79,936.80","2,58,008","40,04,213","35.49"
"RELIANCE","EQ","02-Jul-2025","1,528.40","1,528.40","1,530.00","1,508.70","1,517.10","1,518.80","1,518.29","63,61,002","9,65,78,44,399.40","1,83,873","30,82,049","48.45"
"RELIANCE","EQ","01-Jul-2025","1,500.60","1,500.60","1,531.40","1,500.10","1,526.80","1,528.40","1,522.95","1,03,68,523","15,79,07,50,945.40","2,32,573","57,60,652","55.56"
"RELIANCE","EQ","30-Jun-2025","1,515.40","1,513.80","1,524.80","1,496.00","1,499.90","1,500.60","1,509.28","84,09,527","12,69,23,29,820.10","2,42,195","49,74,592","59.15"
"RELIANCE","EQ","27-Jun-2025","1,495.30","1,499.40","1,522.00","1,496.90","1,514.00","1,515.40","1,511.99","1,11,17,052","16,80,89,08,375.40","2,69,877","67,18,471","60.43"
"RELIANCE","EQ","26-Jun-2025","1,467.30","1,469.10","1,498.80","1,465.10","1,495.30","1,495.30","1,488.16","1,46,57,893","21,81,33,25,246.10","2,47,215","88,78,317","60.57"
"RELIANCE","EQ","25-Jun-2025","1,450.80","1,464.00","1,472.40","1,460.50","1,467.60","1,467.30","1,467.46","75,25,851","11,04,38,61,535.40","1,97,720","48,92,013","65.00"
"RELIANCE","EQ","24-Jun-2025","1,456.80","1,465.00","1,475.00","1,443.10","1,456.80","1,450.80","1,456.68","1,64,02,744","23,89,35,22,923.20","2,84,313","95,41,159","58.17"
"RELIANCE","EQ","23-Jun-2025","1,466.20","1,453.00","1,463.80","1,442.00","1,456.00","1,456.80","1,453.48","59,89,078","8,70,50,05,211.50","2,26,309","33,05,165","55.19"
"RELIANCE","EQ","20-Jun-2025","1,433.30","1,431.00","1,471.00","1,428.10","1,464.10","1,466.20","1,462.68","2,90,10,635","42,43,33,00,495.60","2,76,278","2,27,29,686","78.35"
"RELIANCE","EQ","19-Jun-2025","1,430.10","1,430.10","1,439.90","1,425.70","1,428.00","1,433.30","1,433.80","1,00,07,230","14,34,83,70,217.60","1,79,473","47,37,355","47.34"
"RELIANCE","EQ","18-Jun-2025","1,431.20","1,430.00","1,442.80","1,425.70","1,429.70","1,430.10","1,431.31","66,81,735","9,56,36,29,434.00","1,38,211","40,52,693","60.65"
"RELIANCE","EQ","17-Jun-2025","1,437.80","1,448.00","1,448.00","1,425.80","1,430.00","1,431.20","1,432.15","1,03,66,599","14,84,65,17,402.40","1,91,173","56,67,420","54.67"
"RELIANCE","EQ","16-Jun-2025","1,427.90","1,426.90","1,442.40","1,424.40","1,436.90","1,437.80","1,436.42","84,58,093","12,14,94,12,490.70","2,13,623","61,27,753","72.45"
"RELIANCE","EQ","13-Jun-2025","1,441.60","1,424.00","1,435.50","1,414.30","1,427.50","1,427.90","1,423.95","97,57,276","13,89,39,05,321.30","2,02,256","61,38,313","62.91"
"RELIANCE","EQ","12-Jun-2025","1,448.90","1,453.50","1,457.00","1,434.40","1,439.50","1,441.60","1,444.32","88,28,114","12,75,06,12,321.30","1,90,194","34,78,490","39.40"
"RELIANCE","EQ","11-Jun-2025","1,438.50","1,445.80","1,468.60","1,443.10","1,448.00","1,448.90","1,456.11","81,95,700","11,93,38,50,942.70","1,84,593","43,18,503","52.69"
"RELIANCE","EQ","10-Jun-2025","1,448.80","1,450.00","1,453.90","1,436.00","1,437.30","1,438.50","1,442.59","79,13,181","11,41,54,76,580.50","1,67,203","50,70,083","64.07"
"RELIANCE","EQ","09-Jun-2025","1,443.50","1,457.00","1,457.50","1,445.30","1,447.20","1,448.80","1,449.95","78,85,125","11,43,30,33,631.80","1,59,916","59,67,583","75.68"
"RELIANCE","EQ","06-Jun-2025","1,442.40","1,441.00","1,451.50","1,437.00","1,443.00","1,443.50","1,444.22","81,82,161","11,81,68,75,426.10","1,79,734","46,79,792","57.20"
"RELIANCE","EQ","05-Jun-2025","1,423.50","1,428.00","1,454.70","1,423.60","1,442.70","1,442.40","1,442.72","1,37,16,817","19,78,94,68,217.00","3,04,069","74,77,692","54.51"
"RELIANCE","EQ","04-Jun-2025","1,405.50","1,414.70","1,425.70","1,406.10","1,421.00","1,423.50","1,415.78","81,26,827","11,50,58,06,730.50","1,52,064","59,20,673","72.85"
"RELIANCE","EQ","03-Jun-2025","1,413.70","1,422.30","1,426.50","1,403.40","1,405.40","1,405.50","1,412.34","1,12,52,626","15,89,25,72,174.10","2,30,110","73,59,424","65.40"
"RELIANCE","EQ","02-Jun-2025","1,420.90","1,412.10","1,417.50","1,395.60","1,412.60","1,413.70","1,407.75","80,98,668","11,40,08,64,785.00","1,89,977","47,54,923","58.71"
"RELIANCE","EQ","30-May-2025","1,417.80","1,418.00","1,430.60","1,409.70","1,417.90","1,420.90","1,419.89","1,37,88,484","19,57,81,54,095.00","1,55,127","83,40,438","60.49"
"RELIANCE","EQ","29-May-2025","1,412.90","1,412.10","1,420.00","1,408.60","1,419.50","1,417.80","1,414.72","1,37,71,917","19,48,34,24,681.60","2,65,116","96,32,471","69.94"
"RELIANCE","EQ","28-May-2025","1,422.10","1,420.10","1,422.60","1,410.70","1,412.80","1,412.90","1,414.99","59,44,611","8,41,15,75,745.50","1,69,185","37,12,454","62.45"
"RELIANCE","EQ","27-May-2025","1,434.80","1,426.10","1,437.00","1,413.90","1,424.20","1,422.10","1,421.81","1,26,40,414","17,97,22,11,281.70","2,11,047","69,65,099","55.10"
"RELIANCE","EQ","26-May-2025","1,426.80","1,432.00","1,441.00","1,425.10","1,435.90","1,434.80","1,437.16","48,42,944","6,96,01,05,851.40","1,71,837","28,06,268","57.95"
"RELIANCE","EQ","23-May-2025","1,409.40","1,406.60","1,433.80","1,406.60","1,426.00","1,426.80","1,424.63","64,74,883","9,22,43,12,172.60","1,35,371","37,88,597","58.51"
"RELIANCE","EQ","22-May-2025","1,429.20","1,421.20","1,423.80","1,396.90","1,411.50","1,409.40","1,406.85","1,21,34,466","17,07,14,02,011.90","2,28,031","74,20,006","61.15"
"RELIANCE","EQ","21-May-2025","1,424.60","1,423.90","1,436.20","1,418.10","1,428.20","1,429.20","1,427.75","61,36,364","8,76,12,09,045.90","2,32,529","34,99,009","57.02"
"RELIANCE","EQ","20-May-2025","1,440.80","1,438.20","1,445.00","1,421.80","1,424.50","1,424.60","1,429.91","1,12,70,560","16,11,59,06,328.30","1,82,531","80,38,555","71.32"
"RELIANCE","EQ","19-May-2025","1,456.40","1,452.10","1,454.60","1,438.20","1,442.90","1,440.80","1,443.67","61,95,791","8,94,47,05,922.30","1,44,606","38,90,227","62.79"
"RELIANCE","EQ","16-May-2025","1,454.20","1,453.20","1,461.00","1,447.30","1,454.80","1,456.40","1,455.16","90,36,695","13,14,97,97,875.40","1,96,322","63,26,662","70.01"
"RELIANCE","EQ","15-May-2025","1,424.40","1,425.00","1,461.40","1,412.70","1,453.00","1,454.20","1,441.41","2,01,77,211","29,08,36,83,834.80","3,14,261","1,11,62,761","55.32"
"RELIANCE","EQ","14-May-2025","1,415.70","1,420.00","1,429.90","1,415.50","1,425.20","1,424.40","1,423.31","55,70,160","7,92,80,45,614.70","1,45,014","30,82,135","55.33"
"RELIANCE","EQ","13-May-2025","1,436.50","1,433.50","1,447.70","1,412.40","1,416.50","1,415.70","1,423.23","1,14,07,896","16,23,61,02,678.90","2,81,992","59,36,423","52.04"
"RELIANCE","EQ","12-May-2025","1,377.20","1,400.00","1,439.00","1,400.00","1,436.90","1,436.50","1,426.35","1,06,74,081","15,22,49,70,250.50","3,10,602","69,95,270","65.54"
"RELIANCE","EQ","09-May-2025","1,407.00","1,385.50","1,394.80","1,374.50","1,379.50","1,377.20","1,382.39","1,36,68,904","18,89,57,51,340.10","3,88,013","1,01,91,308","74.56"
"RELIANCE","EQ","08-May-2025","1,406.00","1,404.10","1,420.80","1,398.00","1,398.00","1,407.00","1,410.51","1,61,06,175","22,71,78,78,064.30","2,31,342","99,93,501","62.05"
"RELIANCE","EQ","07-May-2025","1,420.90","1,420.90","1,424.40","1,402.70","1,405.90","1,406.00","1,412.79","1,34,40,169","18,98,81,26,278.30","2,22,903","99,34,849","73.92"
"RELIANCE","EQ","06-May-2025","1,431.30","1,431.00","1,432.00","1,410.60","1,418.00","1,420.90","1,419.01","1,40,84,117","19,98,55,59,677.40","2,26,761","1,01,24,390","71.89"
"RELIANCE","EQ","05-May-2025","1,422.40","1,431.00","1,439.50","1,426.90","1,430.00","1,431.30","1,432.00","1,26,85,649","18,16,58,43,553.00","2,04,503","94,47,755","74.48"
"RELIANCE","EQ","02-May-2025","1,405.00","1,414.00","1,426.70","1,409.10","1,422.50","1,422.40","1,419.65","1,75,35,402","24,89,41,40,200.00","3,78,385","1,13,23,037","64.57"
"RELIANCE","EQ","30-Apr-2025","1,399.70","1,402.00","1,412.40","1,369.00","1,395.00","1,405.00","1,404.87","2,54,80,745","35,79,72,20,282.00","5,98,769","1,83,05,940","71.84"
"RELIANCE","EQ","29-Apr-2025","1,368.80","1,371.00","1,410.90","1,370.00","1,398.90","1,399.70","1,395.77","3,25,38,970","45,41,70,61,104.50","6,80,195","2,16,85,829","66.65"
"RELIANCE","EQ","28-Apr-2025","1,300.40","1,340.00","1,374.60","1,320.20","1,366.30","1,368.80","1,355.02","3,11,04,496","42,14,71,23,069.00","8,93,347","1,79,39,278","57.67"
"RELIANCE","EQ","25-Apr-2025","1,301.60","1,303.50","1,325.20","1,288.10","1,301.00","1,300.40","1,303.30","1,44,31,012","18,80,79,07,514.70","3,07,093","69,43,157","48.11"
"RELIANCE","EQ","24-Apr-2025","1,300.00","1,292.40","1,304.50","1,290.30","1,303.50","1,301.60","1,298.32","1,04,68,940","13,59,20,84,385.00","1,81,309","70,34,174","67.19"
"RELIANCE","EQ","23-Apr-2025","1,291.20","1,297.00","1,306.00","1,285.40","1,297.00","1,300.00","1,297.08","1,04,80,888","13,59,45,97,555.00","2,32,149","66,81,779","63.75"
"RELIANCE","EQ","22-Apr-2025","1,295.50","1,300.00","1,303.90","1,286.30","1,289.00","1,291.20","1,295.99","1,30,51,707","16,91,49,00,850.30","2,29,331","92,26,837","70.69"
"RELIANCE","EQ","21-Apr-2025","1,274.50","1,270.00","1,300.90","1,267.00","1,295.20","1,295.50","1,291.47","1,04,29,964","13,46,99,49,890.00","2,57,857","65,83,600","63.12"
"RELIANCE","EQ","17-Apr-2025","1,239.30","1,240.20","1,280.20","1,227.60","1,273.00","1,274.50","1,260.38","1,53,98,401","19,40,78,71,411.00","3,21,235","86,57,714","56.22"
"RELIANCE","EQ","16-Apr-2025","1,240.10","1,234.10","1,240.90","1,229.00","1,238.00","1,239.30","1,235.61","82,48,464","10,19,18,64,641.70","1,64,065","51,88,216","62.90"
"RELIANCE","EQ","15-Apr-2025","1,218.95","1,251.00","1,251.00","1,237.10","1,239.60","1,240.10","1,242.83","1,33,78,535","16,62,71,77,949.10","1,99,888","91,93,395","68.72"
"RELIANCE","EQ","11-Apr-2025","1,185.35","1,195.15","1,222.65","1,195.15","1,220.00","1,218.95","1,214.05","1,12,24,242","13,62,68,31,085.65","1,87,059","62,66,581","55.83"
"RELIANCE","EQ","09-Apr-2025","1,182.20","1,169.50","1,189.80","1,168.00","1,187.50","1,185.35","1,183.08","1,02,23,104","12,09,47,49,463.20","1,93,325","59,95,139","58.64"
"RELIANCE","EQ","08-Apr-2025","1,165.70","1,172.00","1,196.60","1,163.30","1,181.05","1,182.20","1,179.50","1,95,55,040","23,06,52,09,423.00","3,14,171","1,04,71,288","53.55"
"RELIANCE","EQ","07-Apr-2025","1,204.70","1,132.20","1,171.25","1,114.85","1,171.25","1,165.70","1,150.54","2,21,56,106","25,49,15,01,838.90","6,77,564","1,45,72,975","65.77"
"RELIANCE","EQ","04-Apr-2025","1,248.70","1,241.10","1,245.45","1,193.15","1,205.90","1,204.70","1,206.62","1,79,08,652","21,60,89,77,995.10","5,42,347","1,13,44,617","63.35"
"RELIANCE","EQ","03-Apr-2025","1,251.15","1,233.05","1,251.80","1,233.05","1,248.50","1,248.70","1,246.31","74,34,366","9,26,55,30,670.85","1,46,316","46,03,545","61.92"
"RELIANCE","EQ","02-Apr-2025","1,252.60","1,247.55","1,255.55","1,243.90","1,252.00","1,251.15","1,251.04","1,01,42,590","12,68,88,02,512.15","1,77,979","72,14,275","71.13"
"RELIANCE","EQ","01-Apr-2025","1,275.10","1,264.60","1,277.90","1,249.30","1,254.00","1,252.60","1,260.72","1,20,99,648","15,25,42,61,046.80","2,60,862","64,34,612","53.18"
"RELIANCE","EQ","28-Mar-2025","1,278.20","1,280.00","1,295.75","1,269.00","1,274.00","1,275.10","1,278.15","1,81,47,129","23,19,47,74,030.90","2,65,113","98,48,533","54.27"
"RELIANCE","EQ","27-Mar-2025","1,273.05","1,278.15","1,285.00","1,271.30","1,280.00","1,278.20","1,278.90","1,50,28,056","19,21,93,99,902.90","2,24,828","98,93,824","65.84"
"RELIANCE","EQ","26-Mar-2025","1,285.45","1,291.00","1,293.80","1,268.75","1,270.90","1,273.05","1,279.04","1,20,74,747","15,44,40,62,345.35","2,92,138","81,21,899","67.26"
"RELIANCE","EQ","25-Mar-2025","1,302.10","1,307.70","1,307.70","1,282.60","1,285.25","1,285.45","1,290.63","1,37,13,899","17,69,95,68,389.85","2,71,251","74,10,789","54.04"
"RELIANCE","EQ","24-Mar-2025","1,276.35","1,291.00","1,306.00","1,284.25","1,302.65","1,302.10","1,297.38","2,02,99,319","26,33,59,01,171.15","3,47,056","1,50,93,135","74.35"
"RELIANCE","EQ","21-Mar-2025","1,269.15","1,275.00","1,281.00","1,270.10","1,277.50","1,276.35","1,276.34","2,17,80,769","27,79,96,53,516.40","2,30,001","1,69,03,830","77.61"
"RELIANCE","EQ","20-Mar-2025","1,247.15","1,251.85","1,273.00","1,250.05","1,268.20","1,269.15","1,262.54","1,59,71,477","20,16,45,61,988.35","2,19,527","1,05,72,577","66.20"
"RELIANCE","EQ","19-Mar-2025","1,238.80","1,241.05","1,253.25","1,238.80","1,248.00","1,247.15","1,247.22","1,61,62,399","20,15,80,06,340.60","2,17,782","1,13,44,685","70.19"
"RELIANCE","EQ","18-Mar-2025","1,238.85","1,244.70","1,248.35","1,235.00","1,239.95","1,238.80","1,238.98","1,57,45,877","19,50,88,93,454.65","3,12,315","1,13,65,688","72.18"
"RELIANCE","BL","18-Mar-2025","1,263.20","1,238.85","1,238.85","1,238.85","1,238.85","1,238.85","1,238.85","1,70,000","21,06,04,500.00","1","-","-"
"RELIANCE","EQ","17-Mar-2025","1,247.90","1,242.15","1,257.40","1,233.10","1,241.55","1,238.85","1,239.76","1,66,40,952","20,63,08,43,725.15","2,69,824","1,16,22,060","69.84"
"RELIANCE","EQ","13-Mar-2025","1,257.05","1,260.05","1,264.15","1,243.85","1,246.65","1,247.90","1,254.23","95,05,270","11,92,17,66,653.80","1,94,588","59,26,669","62.35"
"RELIANCE","EQ","12-Mar-2025","1,247.30","1,258.00","1,263.00","1,244.00","1,255.95","1,257.05","1,252.97","1,19,77,555","15,00,75,14,668.90","1,61,536","79,08,748","66.03"
"RELIANCE","EQ","11-Mar-2025","1,238.40","1,240.00","1,249.50","1,229.75","1,247.25","1,247.30","1,241.71","1,00,89,838","12,52,86,23,904.20","1,55,065","66,03,639","65.45"
"RELIANCE","EQ","10-Mar-2025","1,249.80","1,245.00","1,258.00","1,235.40","1,237.70","1,238.40","1,245.85","1,19,31,051","14,86,43,40,065.65","2,88,299","76,59,549","64.20"
"RELIANCE","EQ","07-Mar-2025","1,209.60","1,216.00","1,254.80","1,212.00","1,246.40","1,249.80","1,243.95","1,64,74,965","20,49,40,65,096.80","4,24,924","87,40,655","53.05"
"RELIANCE","EQ","06-Mar-2025","1,175.60","1,197.00","1,213.95","1,185.15","1,211.50","1,209.60","1,199.05","1,44,68,014","17,34,79,17,723.20","2,50,467","61,91,944","42.80"
"RELIANCE","EQ","05-Mar-2025","1,161.90","1,161.00","1,183.00","1,157.00","1,177.15","1,175.60","1,173.40","86,64,095","10,16,64,51,492.55","1,96,774","44,98,908","51.93"
"RELIANCE","EQ","04-Mar-2025","1,171.25","1,162.20","1,174.00","1,159.55","1,160.45","1,161.90","1,164.92","1,13,77,373","13,25,37,11,939.15","2,75,459","72,03,207","63.31"
"RELIANCE","EQ","03-Mar-2025","1,200.10","1,204.00","1,206.45","1,156.00","1,174.00","1,171.25","1,168.57","1,79,44,938","20,96,99,45,818.55","6,82,013","1,08,38,548","60.40"
"RELIANCE","EQ","28-Feb-2025","1,207.10","1,202.00","1,217.35","1,193.30","1,198.00","1,200.10","1,205.62","2,30,07,298","27,73,81,25,737.60","3,55,378","1,52,67,608","66.36"
"RELIANCE","EQ","27-Feb-2025","1,204.00","1,212.80","1,215.00","1,200.65","1,208.00","1,207.10","1,206.31","1,15,09,215","13,88,36,37,029.45","2,36,188","79,94,875","69.46"
"RELIANCE","EQ","25-Feb-2025","1,214.55","1,211.00","1,221.00","1,201.50","1,202.00","1,204.00","1,209.60","1,15,52,182","13,97,34,92,939.80","2,13,192","67,16,903","58.14"
"RELIANCE","EQ","24-Feb-2025","1,228.15","1,216.55","1,223.25","1,210.50","1,215.00","1,214.55","1,215.90","71,72,498","8,72,10,21,715.35","2,00,264","42,72,207","59.56"
"RELIANCE","EQ","21-Feb-2025","1,233.00","1,228.70","1,240.00","1,222.15","1,226.90","1,228.15","1,231.37","69,04,025","8,50,13,82,497.70","2,13,824","41,60,538","60.26"
"RELIANCE","EQ","20-Feb-2025","1,227.45","1,223.95","1,239.35","1,222.00","1,232.00","1,233.00","1,233.94","77,95,582","9,61,92,77,166.50","1,62,561","54,39,316","69.77"
"RELIANCE","EQ","19-Feb-2025","1,225.40","1,219.50","1,232.75","1,217.55","1,226.30","1,227.45","1,226.67","62,17,338","7,62,66,01,753.25","1,78,165","34,46,716","55.44"
"RELIANCE","EQ","18-Feb-2025","1,224.90","1,224.85","1,229.90","1,216.10","1,223.95","1,225.40","1,223.94","66,73,250","8,16,76,61,853.95","1,81,273","36,55,419","54.78"
"RELIANCE","EQ","17-Feb-2025","1,217.25","1,211.10","1,227.50","1,204.50","1,225.45","1,224.90","1,219.62","81,66,683","9,96,02,41,446.85","2,20,670","44,47,866","54.46"
"RELIANCE","EQ","14-Feb-2025","1,216.10","1,219.00","1,224.00","1,205.45","1,214.75","1,217.25","1,215.10","1,02,98,145","12,51,32,77,266.75","2,02,314","66,13,749","64.22"
"RELIANCE","EQ","13-Feb-2025","1,216.55","1,217.05","1,228.00","1,212.00","1,216.20","1,216.10","1,219.60","85,11,216","10,38,02,76,762.25","2,66,249","42,74,015","50.22"
"RELIANCE","EQ","12-Feb-2025","1,234.85","1,219.45","1,226.90","1,193.35","1,217.05","1,216.55","1,211.39","2,11,31,654","25,59,86,19,531.25","4,04,276","1,19,59,395","56.59"
"RELIANCE","EQ","11-Feb-2025","1,253.65","1,264.55","1,264.55","1,230.10","1,237.55","1,234.85","1,244.26","88,59,714","11,02,37,57,522.95","2,40,683","39,30,056","44.36"
"RELIANCE","EQ","10-Feb-2025","1,266.70","1,264.50","1,266.50","1,245.55","1,254.65","1,253.65","1,251.52","69,70,972","8,72,42,86,360.55","1,73,316","41,94,326","60.17"
"RELIANCE","EQ","07-Feb-2025","1,281.55","1,276.15","1,283.70","1,262.00","1,266.50","1,266.70","1,270.98","87,64,283","11,13,92,40,963.05","1,74,531","55,91,594","63.80"
"RELIANCE","EQ","06-Feb-2025","1,278.20","1,273.70","1,288.00","1,270.35","1,283.00","1,281.55","1,279.27","99,56,001","12,73,63,85,821.45","2,17,888","49,37,305","49.59"
"RELIANCE","EQ","05-Feb-2025","1,285.20","1,282.65","1,290.50","1,276.70","1,278.50","1,278.20","1,281.97","1,01,12,028","12,96,33,36,513.05","2,19,550","69,85,210","69.08"
"RELIANCE","EQ","04-Feb-2025","1,245.90","1,248.05","1,288.80","1,246.60","1,282.90","1,285.20","1,273.65","1,66,91,069","21,25,84,96,964.75","3,23,415","1,10,61,482","66.27"
"RELIANCE","EQ","03-Feb-2025","1,264.60","1,251.00","1,256.00","1,237.55","1,247.00","1,245.90","1,247.14","92,52,345","11,53,89,63,041.00","2,68,425","58,57,587","63.31"
"RELIANCE","EQ","01-Feb-2025","1,265.10","1,265.10","1,270.55","1,241.00","1,264.00","1,264.60","1,260.42","71,18,453","8,97,22,48,877.35","1,43,258","38,97,425","54.75"
"RELIANCE","EQ","31-Jan-2025","1,253.05","1,255.85","1,267.00","1,249.00","1,266.00","1,265.10","1,261.32","65,84,612","8,30,52,91,978.45","1,69,481","39,46,480","59.93"
"RELIANCE","EQ","30-Jan-2025","1,235.50","1,235.55","1,257.00","1,232.40","1,253.15","1,253.05","1,249.15","92,69,259","11,57,86,93,152.95","2,27,871","48,51,304","52.34"
"RELIANCE","EQ","29-Jan-2025","1,234.40","1,236.00","1,242.75","1,228.05","1,237.25","1,235.50","1,236.66","59,28,156","7,33,11,19,895.80","1,67,073","30,43,758","51.34"
"RELIANCE","EQ","28-Jan-2025","1,229.35","1,238.00","1,244.75","1,218.50","1,235.00","1,234.40","1,232.65","1,05,68,025","13,02,66,73,067.35","2,86,863","50,69,011","47.97"
"RELIANCE","EQ","27-Jan-2025","1,246.30","1,239.10","1,240.45","1,220.00","1,229.00","1,229.35","1,229.35","95,36,019","11,72,31,27,883.65","3,68,025","56,19,689","58.93"
"RELIANCE","EQ","24-Jan-2025","1,263.65","1,266.00","1,273.00","1,243.50","1,244.45","1,246.30","1,252.27","1,42,35,970","17,82,72,72,395.00","2,63,461","1,00,50,105","70.60"
"RELIANCE","BL","23-Jan-2025","2,393.90","1,263.20","1,263.20","1,263.20","1,263.20","1,263.20","1,263.20","10,96,295","1,38,48,39,844.00","1","-","-"
"RELIANCE","EQ","23-Jan-2025","1,277.10","1,270.00","1,277.35","1,261.60","1,264.90","1,263.65","1,267.52","87,20,682","11,05,36,24,692.80","1,88,421","54,06,848","62.00"
"RELIANCE","EQ","22-Jan-2025","1,273.70","1,278.30","1,282.90","1,268.70","1,278.00","1,277.10","1,276.09","1,02,73,590","13,11,00,04,094.65","2,39,816","67,18,929","65.40"
"RELIANCE","EQ","21-Jan-2025","1,305.45","1,310.50","1,313.00","1,270.20","1,277.60","1,273.70","1,284.79","1,45,62,976","18,71,03,66,859.10","3,25,783","67,49,191","46.34"
"RELIANCE","EQ","20-Jan-2025","1,302.35","1,316.00","1,316.00","1,300.25","1,304.00","1,305.45","1,307.82","1,40,40,244","18,36,20,47,246.70","2,80,553","1,06,32,935","75.73"
"RELIANCE","EQ","17-Jan-2025","1,266.45","1,322.25","1,326.00","1,285.00","1,300.00","1,302.35","1,300.80","2,93,66,277","38,19,97,28,794.40","5,94,018","1,56,34,926","53.24"
"RELIANCE","EQ","16-Jan-2025","1,252.20","1,258.90","1,275.00","1,251.30","1,275.00","1,266.45","1,262.86","1,41,17,603","17,82,84,86,685.90","2,07,451","93,06,492","65.92"
"RELIANCE","EQ","15-Jan-2025","1,238.75","1,244.95","1,257.00","1,241.85","1,252.00","1,252.20","1,250.11","95,78,856","11,97,46,00,753.05","2,20,174","62,44,396","65.19"
"RELIANCE","EQ","14-Jan-2025","1,239.85","1,244.10","1,253.35","1,227.25","1,239.00","1,238.75","1,236.46","1,30,95,266","16,19,17,65,836.20","2,78,977","80,16,799","61.22"
"RELIANCE","EQ","13-Jan-2025","1,241.90","1,230.00","1,245.25","1,226.40","1,240.75","1,239.85","1,238.10","1,37,64,861","17,04,22,74,859.85","3,98,257","97,83,488","71.08"
"RELIANCE","EQ","10-Jan-2025","1,254.75","1,253.85","1,256.75","1,236.00","1,245.55","1,241.90","1,245.97","81,20,332","10,11,76,85,547.70","3,40,024","51,57,757","63.52"
"RELIANCE","EQ","09-Jan-2025","1,265.50","1,267.00","1,269.75","1,248.05","1,256.80","1,254.75","1,257.46","1,27,94,704","16,08,88,82,554.20","3,90,501","78,66,010","61.48"
"RELIANCE","EQ","08-Jan-2025","1,240.85","1,249.00","1,271.05","1,245.35","1,261.35","1,265.50","1,263.24","1,93,46,579","24,43,93,45,120.55","5,31,488","1,23,39,259","63.78"
"RELIANCE","EQ","07-Jan-2025","1,218.00","1,222.00","1,244.50","1,221.25","1,239.95","1,240.85","1,237.63","1,00,70,505","12,46,35,97,633.45","2,16,620","63,59,466","63.15"
"RELIANCE","EQ","06-Jan-2025","1,251.15","1,253.95","1,262.00","1,215.00","1,216.25","1,218.00","1,235.67","1,48,16,766","18,30,86,52,263.95","3,17,843","88,15,355","59.50"
"RELIANCE","EQ","03-Jan-2025","1,241.80","1,243.90","1,262.05","1,235.50","1,249.85","1,251.15","1,250.34","1,55,21,102","19,40,67,15,598.75","2,77,290","90,35,649","58.22"
"RELIANCE","EQ","02-Jan-2025","1,221.25","1,221.25","1,244.45","1,220.00","1,240.55","1,241.80","1,234.32","1,54,86,276","19,11,50,27,208.35","2,71,108","97,71,015","63.09"
"RELIANCE","EQ","01-Jan-2025","1,215.45","1,214.85","1,226.30","1,211.60","1,222.75","1,221.25","1,221.01","58,92,590","7,19,48,99,836.45","1,38,528","27,46,921","46.62"
"RELIANCE","EQ","31-Dec-2024","1,210.70","1,208.00","1,219.10","1,206.15","1,216.40","1,215.45","1,213.08","64,05,475","7,77,03,38,353.90","1,80,916","33,53,131","52.35"
"RELIANCE","EQ","30-Dec-2024","1,221.05","1,216.40","1,223.20","1,208.10","1,211.50","1,210.70","1,214.71","88,18,766","10,71,22,29,377.50","3,08,317","53,71,141","60.91"
"RELIANCE","EQ","27-Dec-2024","1,216.55","1,218.30","1,227.90","1,217.00","1,221.50","1,221.05","1,223.20","70,00,397","8,56,28,95,530.20","1,74,882","41,47,537","59.25"
"RELIANCE","EQ","26-Dec-2024","1,222.75","1,224.25","1,227.70","1,214.25","1,217.00","1,216.55","1,219.74","1,00,16,178","12,21,71,76,986.80","2,56,436","62,29,245","62.19"
"RELIANCE","EQ","24-Dec-2024","1,222.30","1,222.30","1,233.55","1,221.00","1,224.20","1,222.75","1,227.14","67,34,917","8,26,46,75,853.25","2,07,746","34,47,162","51.18"
"RELIANCE","EQ","23-Dec-2024","1,205.30","1,215.00","1,227.20","1,213.20","1,223.85","1,222.30","1,219.77","1,00,52,824","12,26,20,91,651.05","2,58,756","61,31,121","60.99"
"RELIANCE","EQ","20-Dec-2024","1,230.45","1,224.00","1,239.50","1,201.50","1,206.00","1,205.30","1,215.95","2,03,12,896","24,69,94,97,247.50","4,99,900","1,24,54,242","61.31"
"RELIANCE","EQ","19-Dec-2024","1,253.25","1,239.00","1,244.90","1,229.00","1,230.50","1,230.45","1,235.73","1,42,44,653","17,60,25,40,036.00","5,03,893","93,61,064","65.72"
"RELIANCE","EQ","18-Dec-2024","1,245.30","1,240.65","1,259.95","1,240.65","1,254.35","1,253.25","1,252.58","1,26,70,179","15,87,03,98,087.10","2,66,155","69,88,693","55.16"
"RELIANCE","EQ","17-Dec-2024","1,268.30","1,261.05","1,263.90","1,242.80","1,244.70","1,245.30","1,249.22","1,74,62,791","21,81,47,94,516.85","4,81,698","1,11,18,567","63.67"
"RELIANCE","EQ","16-Dec-2024","1,272.85","1,275.00","1,281.00","1,266.55","1,268.40","1,268.30","1,271.94","94,86,781","12,06,66,29,924.30","2,24,571","55,73,377","58.75"
"RELIANCE","EQ","13-Dec-2024","1,262.90","1,260.00","1,275.20","1,239.60","1,274.45","1,272.85","1,257.50","2,86,30,222","36,00,26,21,429.30","4,82,467","1,77,92,504","62.15"
"RELIANCE","EQ","12-Dec-2024","1,278.20","1,270.00","1,278.20","1,260.60","1,261.30","1,262.90","1,265.58","2,09,06,813","26,45,91,66,488.55","3,63,205","1,38,08,070","66.05"
"RELIANCE","EQ","11-Dec-2024","1,284.85","1,285.00","1,290.00","1,276.05","1,279.00","1,278.20","1,282.33","1,17,24,373","15,03,44,57,832.65","2,72,365","81,34,158","69.38"
"RELIANCE","EQ","10-Dec-2024","1,295.15","1,289.25","1,294.90","1,280.20","1,285.95","1,284.85","1,286.46","1,60,43,729","20,63,95,94,557.20","4,56,341","1,17,83,897","73.45"
"RELIANCE","EQ","09-Dec-2024","1,311.55","1,303.00","1,315.00","1,293.10","1,296.40","1,295.15","1,304.10","1,46,50,002","19,10,51,10,924.90","2,02,850","99,86,486","68.17"
"RELIANCE","EQ","06-Dec-2024","1,322.05","1,323.90","1,323.90","1,310.00","1,311.60","1,311.55","1,314.49","90,37,514","11,87,97,01,933.90","1,93,736","55,46,164","61.37"
"RELIANCE","EQ","05-Dec-2024","1,308.95","1,314.35","1,329.95","1,306.15","1,320.90","1,322.05","1,319.78","1,68,58,723","22,24,98,86,629.55","3,09,667","79,09,470","46.92"
"RELIANCE","EQ","04-Dec-2024","1,323.30","1,326.00","1,328.40","1,304.05","1,309.50","1,308.95","1,310.74","1,96,08,540","25,70,17,43,568.80","2,50,873","1,40,47,215","71.64"
"RELIANCE","EQ","03-Dec-2024","1,309.15","1,317.00","1,326.80","1,307.00","1,325.05","1,323.30","1,320.68","1,68,69,482","22,27,92,47,257.55","3,49,204","1,22,30,775","72.50"
"RELIANCE","EQ","02-Dec-2024","1,292.20","1,288.00","1,311.35","1,277.05","1,310.60","1,309.15","1,298.60","1,10,24,152","14,31,59,72,962.55","2,72,825","50,90,869","46.18"
"RELIANCE","EQ","29-Nov-2024","1,270.80","1,280.00","1,299.50","1,275.25","1,291.50","1,292.20","1,290.83","1,32,02,307","17,04,19,75,591.70","2,80,529","73,50,281","55.67"
"RELIANCE","EQ","28-Nov-2024","1,293.20","1,289.95","1,296.60","1,269.05","1,272.75","1,270.80","1,280.74","1,50,27,412","19,24,61,53,609.30","3,11,959","90,97,251","60.54"
"RELIANCE","EQ","27-Nov-2024","1,295.70","1,293.50","1,303.85","1,286.00","1,293.40","1,293.20","1,293.84","95,72,746","12,38,56,14,506.45","1,96,614","51,87,301","54.19"
"RELIANCE","EQ","26-Nov-2024","1,287.00","1,294.95","1,297.85","1,284.20","1,295.60","1,295.70","1,292.03","92,47,557","11,94,81,33,607.60","2,18,738","55,67,334","60.20"
"RELIANCE","EQ","25-Nov-2024","1,265.40","1,290.00","1,304.45","1,282.45","1,290.95","1,287.00","1,291.52","2,89,23,341","37,35,50,89,803.05","3,90,544","1,74,23,873","60.24"
"RELIANCE","EQ","22-Nov-2024","1,223.00","1,229.40","1,268.85","1,222.45","1,264.00","1,265.40","1,247.09","2,04,71,957","25,53,04,60,769.30","3,23,219","1,29,48,565","63.25"
"RELIANCE","EQ","21-Nov-2024","1,241.65","1,241.65","1,243.95","1,217.25","1,220.45","1,223.00","1,224.92","1,94,33,843","23,80,49,02,094.90","5,53,410","1,18,29,284","60.87"
"RELIANCE","EQ","19-Nov-2024","1,260.75","1,260.75","1,281.50","1,235.15","1,237.40","1,241.65","1,265.50","1,41,83,746","17,94,94,63,404.35","3,55,649","87,27,273","61.53"
"RELIANCE","EQ","18-Nov-2024","1,267.60","1,267.60","1,272.90","1,243.90","1,259.15","1,260.75","1,258.64","1,36,20,611","17,14,35,01,436.40","3,01,906","83,67,305","61.43"
"RELIANCE","EQ","14-Nov-2024","1,252.05","1,253.60","1,272.60","1,251.10","1,266.90","1,267.60","1,263.73","1,26,12,633","15,93,89,29,092.75","3,01,253","69,76,289","55.31"
"RELIANCE","EQ","13-Nov-2024","1,274.25","1,270.25","1,275.45","1,249.50","1,252.70","1,252.05","1,258.62","1,46,33,633","18,41,82,08,535.90","4,69,215","93,21,511","63.70"
"RELIANCE","EQ","12-Nov-2024","1,272.70","1,275.55","1,289.30","1,267.50","1,269.50","1,274.25","1,277.82","1,06,71,091","13,63,56,94,812.30","2,99,780","56,61,871","53.06"
"RELIANCE","EQ","11-Nov-2024","1,283.75","1,278.95","1,286.00","1,267.00","1,273.40","1,272.70","1,275.44","90,56,552","11,55,10,68,872.50","2,86,019","50,20,499","55.43"
"RELIANCE","EQ","08-Nov-2024","1,305.65","1,297.65","1,301.65","1,275.00","1,280.20","1,283.75","1,284.01","1,98,14,406","25,44,19,00,935.60","4,77,001","1,23,81,972","62.49"
"RELIANCE","EQ","07-Nov-2024","1,325.35","1,324.00","1,324.00","1,302.60","1,305.00","1,305.65","1,308.97","96,11,974","12,58,18,00,339.00","2,61,277","57,53,322","59.86"
"RELIANCE","EQ","06-Nov-2024","1,305.30","1,310.00","1,328.30","1,300.20","1,326.00","1,325.35","1,315.57","2,16,25,209","28,44,95,04,045.35","3,49,627","1,38,15,044","63.88"
"RELIANCE","EQ","05-Nov-2024","1,302.15","1,293.00","1,309.55","1,286.15","1,307.50","1,305.30","1,297.87","1,62,67,479","21,11,31,19,455.50","3,71,758","93,88,843","57.72"
"RELIANCE","EQ","04-Nov-2024","1,338.65","1,337.85","1,340.00","1,285.10","1,298.50","1,302.15","1,301.44","1,97,96,890","25,76,44,50,096.55","5,54,958","1,08,30,488","54.71"
"RELIANCE","EQ","01-Nov-2024","1,332.05","1,333.05","1,341.95","1,333.00","1,338.40","1,338.65","1,338.89","21,27,335","2,84,82,64,119.80","1,27,374","14,96,974","70.37"
"RELIANCE","EQ","31-Oct-2024","1,343.90","1,340.00","1,343.00","1,326.15","1,332.00","1,332.05","1,334.14","93,31,650","12,44,97,44,606.90","4,14,741","61,20,942","65.59"
"RELIANCE","EQ","30-Oct-2024","1,340.00","1,335.00","1,350.00","1,325.35","1,344.85","1,343.90","1,341.16","1,19,84,423","16,07,30,73,274.15","2,95,954","75,01,497","62.59"
"RELIANCE","EQ","29-Oct-2024","1,334.35","1,328.10","1,343.20","1,320.30","1,340.00","1,340.00","1,331.46","1,20,08,361","15,98,86,83,034.00","4,36,915","78,68,884","65.53"
"RELIANCE","EQ","28-Oct-2024","2,655.70","1,337.00","1,353.00","1,322.10","1,335.00","1,334.35","1,337.70","1,08,24,350","14,47,97,33,719.25","3,68,817","65,28,553","60.31"
"RELIANCE","EQ","25-Oct-2024","2,679.60","2,687.00","2,688.70","2,644.00","2,656.30","2,655.70","2,659.80","92,98,748","24,73,28,26,126.10","3,88,238","59,55,260","64.04"
"RELIANCE","EQ","24-Oct-2024","2,677.05","2,670.55","2,687.40","2,646.25","2,678.90","2,679.60","2,668.53","1,10,77,967","29,56,19,35,442.55","3,45,601","72,70,549","65.63"
"RELIANCE","EQ","23-Oct-2024","2,686.70","2,675.00","2,714.95","2,670.00","2,682.35","2,677.05","2,688.32","86,07,371","23,13,93,46,660.10","3,37,356","54,62,528","63.46"
"RELIANCE","EQ","22-Oct-2024","2,738.40","2,738.40","2,752.00","2,680.45","2,684.15","2,686.70","2,707.80","79,15,980","21,43,48,71,569.75","3,63,161","51,47,016","65.02"
"RELIANCE","EQ","21-Oct-2024","2,718.60","2,734.25","2,748.00","2,715.45","2,736.00","2,738.40","2,734.41","70,33,704","19,23,30,63,988.40","2,28,845","47,05,858","66.90"
"RELIANCE","EQ","18-Oct-2024","2,712.85","2,704.35","2,736.85","2,682.65","2,717.00","2,718.60","2,713.87","60,41,226","16,39,51,16,698.50","2,95,032","31,08,315","51.45"
"RELIANCE","EQ","17-Oct-2024","2,708.15","2,731.40","2,736.90","2,704.10","2,713.30","2,712.85","2,718.84","77,71,830","21,13,03,92,926.65","3,83,984","49,06,216","63.13"
"RELIANCE","EQ","16-Oct-2024","2,688.05","2,680.00","2,728.00","2,675.25","2,709.40","2,708.15","2,696.84","1,00,17,219","27,01,48,52,678.00","3,56,705","62,61,479","62.51"
"RELIANCE","EQ","15-Oct-2024","2,745.05","2,717.05","2,743.40","2,681.40","2,688.60","2,688.05","2,708.71","1,68,81,397","45,72,68,23,453.35","6,02,869","1,11,51,853","66.06"
"RELIANCE","EQ","14-Oct-2024","2,744.20","2,758.90","2,760.15","2,736.50","2,745.50","2,745.05","2,746.12","61,10,716","16,78,07,32,590.05","2,33,903","41,47,617","67.87"
"RELIANCE","EQ","11-Oct-2024","2,742.10","2,740.00","2,766.55","2,737.65","2,749.00","2,744.20","2,751.19","39,90,061","10,97,74,31,923.95","1,97,702","18,59,446","46.60"
"RELIANCE","EQ","10-Oct-2024","2,749.20","2,760.05","2,772.00","2,738.85","2,742.50","2,742.10","2,749.69","1,11,79,323","30,73,96,75,824.55","3,64,305","80,88,422","72.35"
"RELIANCE","EQ","09-Oct-2024","2,794.70","2,795.05","2,801.95","2,745.00","2,748.00","2,749.20","2,773.49","71,55,305","19,84,51,68,137.95","3,58,324","46,24,596","64.63"
"RELIANCE","EQ","08-Oct-2024","2,741.45","2,745.95","2,802.00","2,730.20","2,798.95","2,794.70","2,768.60","85,10,404","23,56,19,05,588.15","3,58,981","52,45,628","61.64"
"RELIANCE","EQ","07-Oct-2024","2,773.05","2,787.00","2,793.00","2,722.75","2,740.70","2,741.45","2,750.92","1,10,90,670","30,50,95,18,408.05","4,23,167","78,80,470","71.05"
"RELIANCE","EQ","04-Oct-2024","2,813.95","2,807.85","2,834.70","2,763.55","2,771.50","2,773.05","2,796.15","1,85,36,438","51,83,07,08,670.55","5,34,690","1,09,30,510","58.97"
"RELIANCE","EQ","03-Oct-2024","2,929.65","2,873.15","2,898.80","2,804.15","2,813.95","2,813.95","2,846.93","1,88,78,647","53,74,62,34,225.65","6,89,559","1,33,01,627","70.46"
"RELIANCE","EQ","01-Oct-2024","2,953.15","2,961.30","2,975.90","2,925.65","2,927.00","2,929.65","2,938.60","82,15,821","24,14,29,92,536.60","3,30,546","58,33,186","71.00"
"RELIANCE","EQ","30-Sep-2024","3,052.35","3,038.80","3,049.95","2,948.80","2,958.00","2,953.15","2,977.44","1,35,04,407","40,20,86,25,079.45","4,31,656","97,72,452","72.36"
"RELIANCE","EQ","27-Sep-2024","2,995.90","2,998.00","3,066.95","2,984.00","3,047.05","3,052.35","3,024.87","1,02,98,739","31,15,23,28,126.20","3,28,612","71,92,739","69.84"
"RELIANCE","EQ","26-Sep-2024","2,987.90","2,981.30","3,008.00","2,976.10","3,008.00","2,995.90","2,994.82","94,09,499","28,17,97,60,605.20","2,59,792","63,88,610","67.90"
"RELIANCE","EQ","25-Sep-2024","2,978.75","2,967.80","2,993.00","2,960.40","2,988.05","2,987.90","2,976.46","35,34,501","10,52,02,89,097.25","1,54,120","21,70,405","61.41"
"RELIANCE","EQ","24-Sep-2024","2,986.75","2,977.00","3,001.00","2,975.75","2,980.50","2,978.75","2,986.14","85,68,722","25,58,74,44,695.30","2,01,586","69,26,041","80.83"
"RELIANCE","EQ","23-Sep-2024","2,971.85","2,982.00","3,003.00","2,977.90","2,985.00","2,986.75","2,990.93","44,16,157","13,20,84,20,985.10","1,46,805","27,66,969","62.66"
"RELIANCE","EQ","20-Sep-2024","2,939.35","2,948.00","2,990.00","2,942.75","2,972.10","2,971.85","2,970.54","1,54,48,660","45,89,08,94,255.50","3,79,677","85,64,168","55.44"
"RELIANCE","EQ","19-Sep-2024","2,926.90","2,932.50","2,953.00","2,911.10","2,940.00","2,939.35","2,934.14","84,77,951","24,87,55,02,062.25","2,59,931","51,62,238","60.89"
"RELIANCE","EQ","18-Sep-2024","2,944.60","2,940.00","2,964.00","2,921.10","2,923.00","2,926.90","2,939.96","42,87,357","12,60,46,50,688.95","1,79,852","27,16,778","63.37"
"RELIANCE","EQ","17-Sep-2024","2,942.70","2,948.00","2,954.95","2,933.25","2,945.00","2,944.60","2,943.09","29,67,664","8,73,41,02,749.70","1,48,458","19,62,511","66.13"
"RELIANCE","EQ","16-Sep-2024","2,945.25","2,955.10","2,961.80","2,929.50","2,944.35","2,942.70","2,944.45","27,40,887","8,07,04,08,899.55","1,27,429","16,50,005","60.20"
"RELIANCE","EQ","13-Sep-2024","2,959.60","2,952.80","2,966.30","2,939.00","2,946.50","2,945.25","2,951.65","43,55,664","12,85,63,98,757.55","1,33,244","22,93,496","52.66"
"RELIANCE","EQ","12-Sep-2024","2,903.00","2,914.00","2,972.00","2,891.75","2,953.00","2,959.60","2,930.24","1,11,74,688","32,74,44,74,466.75","3,65,694","56,88,113","50.90"
"RELIANCE","EQ","11-Sep-2024","2,923.05","2,926.10","2,937.50","2,895.10","2,904.45","2,903.00","2,917.10","48,80,101","14,23,57,32,813.00","2,54,431","29,98,632","61.45"
"RELIANCE","EQ","10-Sep-2024","2,924.90","2,921.00","2,944.10","2,915.15","2,924.00","2,923.05","2,928.75","53,84,130","15,76,87,77,163.00","1,86,858","33,07,014","61.42"
"RELIANCE","EQ","09-Sep-2024","2,929.65","2,933.00","2,939.85","2,911.20","2,927.00","2,924.90","2,923.84","45,05,149","13,17,23,42,172.80","1,79,506","28,68,460","63.67"
"RELIANCE","EQ","06-Sep-2024","2,985.95","2,985.00","2,994.00","2,923.25","2,930.95","2,929.65","2,938.97","96,97,114","28,49,94,95,837.10","4,47,718","54,84,238","56.56"
"RELIANCE","EQ","05-Sep-2024","3,029.10","3,038.10","3,051.55","2,974.10","2,991.00","2,985.95","3,007.10","81,32,084","24,45,39,50,049.65","3,43,225","48,97,259","60.22"
"RELIANCE","EQ","04-Sep-2024","3,018.25","3,001.40","3,035.00","2,999.00","3,031.95","3,029.10","3,023.30","59,91,652","18,11,45,82,555.90","2,52,191","42,96,024","71.70"
"RELIANCE","EQ","03-Sep-2024","3,032.50","3,042.50","3,046.00","3,015.00","3,018.90","3,018.25","3,026.09","54,61,900","16,52,81,93,207.35","2,26,578","39,88,825","73.03"
"RELIANCE","EQ","02-Sep-2024","3,019.25","3,021.75","3,053.60","3,013.25","3,034.40","3,032.50","3,034.10","56,20,426","17,05,29,33,370.55","2,80,541","34,03,958","60.56"
"RELIANCE","EQ","30-Aug-2024","3,041.85","3,068.00","3,079.45","3,006.65","3,024.95","3,019.25","3,026.71","2,08,10,365","62,98,70,09,675.80","5,99,570","1,19,10,770","57.23"
"RELIANCE","EQ","29-Aug-2024","2,996.60","3,006.20","3,074.00","2,988.00","3,042.90","3,041.85","3,038.57","1,91,67,679","58,24,23,37,590.95","5,70,843","79,84,285","41.65"
"RELIANCE","EQ","28-Aug-2024","3,000.90","3,010.00","3,014.95","2,986.00","2,999.00","2,996.60","2,999.57","48,05,143","14,41,33,56,125.80","2,00,883","34,80,824","72.44"
"RELIANCE","EQ","27-Aug-2024","3,025.20","3,021.00","3,026.95","2,998.90","3,001.00","3,000.90","3,008.12","31,25,578","9,40,21,08,149.05","1,01,024","20,14,932","64.47"
"RELIANCE","EQ","26-Aug-2024","2,999.95","3,013.95","3,046.00","3,006.00","3,021.20","3,025.20","3,028.80","44,08,057","13,35,11,14,538.35","2,37,540","27,04,777","61.36"
"RELIANCE","EQ","23-Aug-2024","2,996.25","3,007.50","3,022.65","2,996.85","2,996.85","2,999.95","3,007.21","46,24,827","13,90,78,42,193.30","1,68,002","24,66,304","53.33"
"RELIANCE","EQ","22-Aug-2024","2,997.35","3,006.00","3,013.00","2,981.30","2,996.50","2,996.25","2,994.88","52,22,891","15,64,19,35,953.20","2,33,216","32,22,286","61.70"
"RELIANCE","EQ","21-Aug-2024","2,991.90","2,986.50","3,015.75","2,980.00","2,999.00","2,997.35","3,001.42","38,84,998","11,66,05,26,038.60","1,41,353","25,16,019","64.76"
"RELIANCE","EQ","20-Aug-2024","2,976.80","2,994.45","3,007.85","2,980.05","2,986.50","2,991.90","2,996.98","42,05,904","12,60,50,24,714.40","1,75,516","27,65,914","65.76"
"RELIANCE","EQ","19-Aug-2024","2,956.40","2,965.00","2,996.60","2,961.00","2,979.00","2,976.80","2,980.25","68,98,871","20,56,03,27,724.60","2,00,328","46,27,354","67.07"
"RELIANCE","EQ","16-Aug-2024","2,923.70","2,937.30","2,960.80","2,916.10","2,957.75","2,956.40","2,944.77","47,08,451","13,86,53,25,209.75","1,87,365","21,41,288","45.48"
"RELIANCE","EQ","14-Aug-2024","2,927.25","2,927.10","2,944.00","2,907.40","2,920.10","2,923.70","2,925.78","31,33,733","9,16,86,16,380.80","1,85,733","17,48,077","55.78"
"RELIANCE","EQ","13-Aug-2024","2,921.25","2,921.50","2,940.15","2,916.00","2,925.00","2,927.25","2,928.29","31,32,532","9,17,29,71,802.70","1,34,517","17,57,602","56.11"
"RELIANCE","EQ","12-Aug-2024","2,948.60","2,940.00","2,946.00","2,915.50","2,923.00","2,921.25","2,929.82","40,92,292","11,98,96,80,025.65","1,88,301","26,40,196","64.52"
"RELIANCE","EQ","09-Aug-2024","2,898.25","2,920.00","2,953.00","2,912.00","2,946.10","2,948.60","2,939.20","31,24,888","9,18,46,80,574.05","1,50,169","14,06,089","45.00"
"RELIANCE","EQ","08-Aug-2024","2,929.65","2,915.05","2,930.00","2,891.85","2,896.45","2,898.25","2,905.69","61,93,596","17,99,66,62,105.65","2,55,138","37,34,582","60.30"
"RELIANCE","EQ","07-Aug-2024","2,912.10","2,938.00","2,945.00","2,923.00","2,930.00","2,929.65","2,930.89","40,87,284","11,97,93,63,870.55","2,76,362","25,97,947","63.56"
"RELIANCE","EQ","06-Aug-2024","2,894.65","2,910.30","2,955.00","2,902.65","2,915.55","2,912.10","2,929.53","51,18,093","14,99,35,89,440.05","1,97,549","26,51,919","51.81"
"RELIANCE","EQ","05-Aug-2024","2,998.65","2,960.00","2,967.80","2,866.50","2,896.00","2,894.65","2,901.81","85,23,352","24,73,31,28,212.00","4,48,630","55,50,149","65.12"
"RELIANCE","EQ","02-Aug-2024","3,030.60","3,010.00","3,018.65","2,986.55","2,992.00","2,998.65","3,001.82","51,34,124","15,41,16,92,078.15","1,76,635","31,86,337","62.06"
"RELIANCE","EQ","01-Aug-2024","3,010.85","3,024.00","3,036.00","3,008.60","3,035.90","3,030.60","3,025.50","53,82,111","16,28,35,66,572.30","2,19,081","36,47,873","67.78"
"RELIANCE","EQ","31-Jul-2024","3,026.30","3,008.00","3,020.90","3,002.30","3,009.00","3,010.85","3,010.83","50,28,673","15,14,04,71,169.85","2,01,961","32,24,303","64.12"
"RELIANCE","EQ","30-Jul-2024","3,040.20","3,034.05","3,050.00","3,020.00","3,023.00","3,026.30","3,033.38","41,14,104","12,47,96,37,390.30","1,84,296","24,14,027","58.68"
"RELIANCE","EQ","29-Jul-2024","3,018.05","3,023.90","3,055.00","3,023.55","3,038.25","3,040.20","3,038.43","37,69,275","11,45,26,61,155.40","1,70,155","22,06,938","58.55"
"RELIANCE","EQ","26-Jul-2024","2,984.80","2,984.80","3,024.85","2,980.70","3,018.60","3,018.05","3,012.08","49,29,970","14,84,94,80,970.80","1,80,757","23,96,373","48.61"
"RELIANCE","EQ","25-Jul-2024","2,991.40","2,962.00","3,000.95","2,954.15","2,988.35","2,984.80","2,980.72","62,59,938","18,65,91,22,151.40","2,21,753","37,29,490","59.58"
"RELIANCE","EQ","24-Jul-2024","2,975.80","2,970.00","3,019.00","2,952.80","2,988.00","2,991.40","2,987.68","59,56,681","17,79,66,51,407.60","2,32,120","27,33,402","45.89"
"RELIANCE","EQ","23-Jul-2024","3,001.35","3,002.00","3,011.50","2,926.00","2,970.05","2,975.80","2,969.60","90,26,022","26,80,36,49,945.60","3,84,359","51,11,782","56.63"
"RELIANCE","EQ","22-Jul-2024","3,110.30","3,074.50","3,075.00","2,998.55","3,004.00","3,001.35","3,016.24","98,37,188","29,67,13,39,998.45","4,65,224","59,72,016","60.71"
"RELIANCE","EQ","19-Jul-2024","3,173.35","3,172.00","3,179.95","3,105.60","3,116.95","3,110.30","3,128.40","65,70,195","20,55,41,78,349.45","2,13,186","40,48,947","61.63"
"RELIANCE","EQ","18-Jul-2024","3,152.50","3,152.00","3,187.80","3,115.65","3,170.60","3,173.35","3,155.52","61,49,187","19,40,39,09,511.40","2,12,178","29,35,862","47.74"
"RELIANCE","EQ","16-Jul-2024","3,194.45","3,187.00","3,200.00","3,138.25","3,148.30","3,152.50","3,166.04","46,93,419","14,85,95,48,266.10","2,30,262","30,80,601","65.64"
"RELIANCE","EQ","15-Jul-2024","3,193.45","3,208.90","3,211.70","3,171.00","3,193.60","3,194.45","3,191.40","26,64,844","8,50,45,91,755.00","1,87,867","13,99,220","52.51"
"RELIANCE","EQ","12-Jul-2024","3,161.30","3,169.00","3,210.30","3,149.00","3,195.00","3,193.45","3,186.07","64,62,392","20,58,96,34,191.20","2,46,838","28,05,611","43.41"
"RELIANCE","EQ","11-Jul-2024","3,168.45","3,175.00","3,208.50","3,141.00","3,170.00","3,161.30","3,169.61","59,70,473","18,92,40,71,474.55","2,46,252","25,20,003","42.21"
"RELIANCE","EQ","10-Jul-2024","3,180.55","3,190.00","3,195.00","3,126.30","3,164.00","3,168.45","3,154.77","35,67,289","11,25,39,68,347.05","1,82,113","17,41,440","48.82"
"RELIANCE","EQ","09-Jul-2024","3,201.80","3,195.20","3,201.00","3,161.00","3,176.30","3,180.55","3,178.56","34,80,001","11,06,14,03,124.60","1,59,638","22,08,053","63.45"
"RELIANCE","EQ","08-Jul-2024","3,177.25","3,178.00","3,217.60","3,165.05","3,201.50","3,201.80","3,195.83","47,50,403","15,18,14,79,272.55","2,40,527","29,27,071","61.62"
"RELIANCE","EQ","05-Jul-2024","3,108.05","3,107.65","3,197.00","3,096.00","3,189.90","3,177.25","3,149.82","61,34,855","19,32,37,16,027.90","2,61,494","23,32,341","38.02"
"RELIANCE","EQ","04-Jul-2024","3,104.85","3,114.00","3,135.00","3,101.60","3,106.00","3,108.05","3,116.99","34,18,588","10,65,57,15,706.45","1,73,336","14,53,692","42.52"
"RELIANCE","EQ","03-Jul-2024","3,130.35","3,132.65","3,150.00","3,085.55","3,109.00","3,104.85","3,104.97","45,24,810","14,04,94,06,822.65","1,85,754","24,29,008","53.68"
"RELIANCE","EQ","02-Jul-2024","3,120.30","3,139.00","3,147.00","3,114.00","3,126.20","3,130.35","3,129.71","38,74,623","12,12,64,29,929.15","1,79,115","19,79,657","51.09"
"RELIANCE","EQ","01-Jul-2024","3,130.80","3,125.05","3,158.80","3,111.35","3,123.00","3,120.30","3,126.53","38,62,153","12,07,51,37,299.45","1,86,641","20,85,115","53.99"
"RELIANCE","EQ","28-Jun-2024","3,061.10","3,062.05","3,162.00","3,062.05","3,128.25","3,130.80","3,120.51","1,44,78,668","45,18,08,50,345.25","4,84,009","65,89,495","45.51"
"RELIANCE","EQ","27-Jun-2024","3,028.05","3,027.50","3,075.00","3,012.00","3,057.10","3,061.10","3,056.99","1,41,91,515","43,38,32,60,604.40","4,37,882","65,00,132","45.80"
"RELIANCE","EQ","26-Jun-2024","2,908.30","2,892.10","3,037.95","2,890.25","3,021.10","3,028.05","2,984.44","1,10,07,441","32,85,09,99,298.60","3,55,204","57,33,584","52.09"
"RELIANCE","EQ","25-Jun-2024","2,882.95","2,886.00","2,911.85","2,882.00","2,905.05","2,908.30","2,897.19","35,22,693","10,20,59,07,632.15","1,43,772","21,90,920","62.19"
"RELIANCE","EQ","24-Jun-2024","2,908.40","2,891.05","2,899.00","2,875.00","2,885.00","2,882.95","2,885.46","44,39,193","12,80,91,05,423.85","2,04,050","28,55,921","64.33"
"RELIANCE","EQ","21-Jun-2024","2,947.40","2,947.25","2,949.40","2,881.15","2,912.00","2,908.40","2,909.13","1,55,85,180","45,33,93,57,875.00","3,38,377","82,87,080","53.17"
"RELIANCE","EQ","20-Jun-2024","2,917.30","2,918.00","2,965.70","2,900.20","2,949.00","2,947.40","2,945.61","80,56,888","23,73,24,84,114.90","2,19,372","35,70,538","44.32"
"RELIANCE","EQ","19-Jun-2024","2,962.05","2,975.00","2,975.00","2,912.00","2,917.00","2,917.30","2,935.27","43,62,937","12,80,63,97,074.45","1,81,800","23,95,420","54.90"
"RELIANCE","EQ","18-Jun-2024","2,955.10","2,974.70","2,974.80","2,942.70","2,959.90","2,962.05","2,956.95","35,98,383","10,64,02,38,520.10","2,28,749","21,37,177","59.39"
"RELIANCE","EQ","14-Jun-2024","2,930.50","2,940.00","2,959.35","2,914.45","2,951.45","2,955.10","2,944.28","40,78,999","12,00,97,35,003.50","1,50,934","22,50,406","55.17"
"RELIANCE","EQ","13-Jun-2024","2,926.65","2,944.00","2,944.50","2,920.20","2,927.60","2,930.50","2,932.52","45,90,580","13,46,19,77,299.90","1,50,823","23,87,206","52.00"
"RELIANCE","EQ","12-Jun-2024","2,913.35","2,915.00","2,952.00","2,910.35","2,924.50","2,926.65","2,933.93","50,40,871","14,78,95,62,953.35","1,94,907","26,48,229","52.54"
"RELIANCE","EQ","11-Jun-2024","2,942.80","2,938.00","2,947.35","2,909.35","2,915.05","2,913.35","2,927.47","58,87,451","17,23,53,09,310.25","2,10,257","40,01,727","67.97"
"RELIANCE","EQ","10-Jun-2024","2,939.90","2,939.90","2,986.70","2,936.15","2,944.05","2,942.80","2,961.63","46,25,880","13,70,01,44,470.70","2,13,285","23,34,693","50.47"
"RELIANCE","EQ","07-Jun-2024","2,863.20","2,857.00","2,944.00","2,853.00","2,931.10","2,939.90","2,917.34","92,79,348","27,07,10,00,141.85","3,44,744","45,62,543","49.17"
"RELIANCE","EQ","06-Jun-2024","2,841.50","2,870.00","2,887.40","2,842.70","2,872.00","2,863.20","2,860.47","89,27,861","25,53,78,85,916.05","3,61,277","33,82,329","37.89"
"RELIANCE","EQ","05-Jun-2024","2,794.55","2,844.00","2,862.30","2,768.20","2,838.85","2,841.50","2,821.32","87,32,445","24,63,70,03,697.65","4,74,290","51,03,076","58.44"
"RELIANCE","EQ","04-Jun-2024","3,020.65","2,996.10","2,996.10","2,718.60","2,816.45","2,794.55","2,840.81","1,83,54,549","52,14,18,56,366.90","6,87,198","99,82,307","54.39"
"RELIANCE","EQ","03-Jun-2024","2,860.80","2,966.00","3,029.00","2,918.00","3,027.75","3,020.65","2,978.07","1,07,63,971","32,05,59,04,968.10","5,27,552","61,99,702","57.60"
"RELIANCE","EQ","31-May-2024","2,849.70","2,862.60","2,884.50","2,844.50","2,859.00","2,860.80","2,859.97","1,55,34,916","44,42,93,52,174.10","2,91,018","91,87,285","59.14"
"RELIANCE","EQ","30-May-2024","2,881.55","2,871.00","2,880.80","2,840.20","2,859.10","2,849.70","2,853.56","66,03,429","18,84,33,10,309.75","2,48,791","44,20,496","66.94"
"RELIANCE","EQ","29-May-2024","2,912.40","2,893.00","2,916.00","2,876.90","2,881.05","2,881.55","2,892.28","36,91,778","10,67,76,49,558.60","1,66,778","23,16,089","62.74"
"RELIANCE","EQ","28-May-2024","2,932.50","2,936.00","2,957.00","2,905.50","2,911.00","2,912.40","2,930.70","39,10,081","11,45,92,72,719.50","1,77,899","25,73,753","65.82"
"RELIANCE","EQ","27-May-2024","2,960.50","2,960.45","2,969.80","2,923.10","2,934.90","2,932.50","2,944.31","33,14,505","9,75,89,27,330.85","1,42,936","20,38,448","61.50"
"RELIANCE","EQ","24-May-2024","2,972.10","2,967.25","2,977.00","2,952.20","2,959.00","2,960.50","2,962.79","35,47,388","10,51,01,70,789.40","1,42,807","19,90,641","56.12"
"RELIANCE","EQ","23-May-2024","2,921.30","2,917.10","2,984.45","2,910.00","2,969.00","2,972.10","2,956.98","73,04,130","21,59,81,31,626.70","2,54,418","38,47,085","52.67"
"RELIANCE","EQ","22-May-2024","2,872.25","2,872.55","2,937.55","2,872.55","2,921.00","2,921.30","2,918.56","51,40,802","15,00,37,55,079.70","2,41,909","24,63,482","47.92"
"RELIANCE","EQ","21-May-2024","2,869.65","2,851.20","2,883.65","2,851.20","2,867.95","2,872.25","2,867.19","55,88,064","16,02,20,37,765.60","3,03,596","39,14,279","70.05"
"RELIANCE","EQ","18-May-2024","2,871.40","2,875.00","2,879.00","2,865.40","2,869.50","2,869.65","2,871.38","2,13,020","61,16,60,842.00","9,456","90,530","42.50"
"RELIANCE","EQ","17-May-2024","2,850.70","2,846.10","2,874.40","2,826.50","2,870.10","2,871.40","2,859.68","54,58,238","15,60,87,99,277.70","2,00,677","28,81,542","52.79"
"RELIANCE","EQ","16-May-2024","2,832.55","2,837.10","2,855.00","2,796.05","2,851.00","2,850.70","2,830.30","73,55,887","20,81,93,70,913.85","3,59,411","33,56,155","45.63"
"RELIANCE","EQ","15-May-2024","2,840.15","2,841.00","2,859.95","2,826.05","2,831.70","2,832.55","2,841.94","25,23,267","7,17,09,75,946.20","1,47,326","13,09,376","51.89"
"RELIANCE","EQ","14-May-2024","2,805.40","2,801.95","2,854.15","2,800.05","2,839.00","2,840.15","2,834.55","35,94,150","10,18,77,93,904.10","2,48,782","21,58,301","60.05"
"RELIANCE","EQ","13-May-2024","2,814.85","2,799.80","2,813.95","2,768.00","2,805.00","2,805.40","2,795.26","42,28,310","11,81,92,08,707.95","2,00,542","27,54,958","65.16"
"RELIANCE","EQ","10-May-2024","2,788.25","2,793.50","2,820.00","2,776.15","2,808.00","2,814.85","2,800.80","52,52,548","14,71,13,41,390.80","2,38,752","25,92,880","49.36"
"RELIANCE","EQ","09-May-2024","2,837.10","2,826.00","2,847.50","2,780.00","2,785.00","2,788.25","2,800.69","55,04,806","15,41,72,56,016.70","2,80,459","28,11,418","51.07"
"RELIANCE","EQ","08-May-2024","2,802.95","2,795.00","2,865.90","2,795.00","2,834.25","2,837.10","2,834.70","47,19,501","13,37,83,80,314.55","1,91,054","23,97,954","50.81"
"RELIANCE","EQ","07-May-2024","2,839.05","2,831.95","2,841.50","2,784.00","2,808.00","2,802.95","2,804.43","72,58,736","20,35,65,96,310.45","3,08,242","53,07,006","73.11"
"RELIANCE","EQ","06-May-2024","2,868.00","2,871.00","2,880.00","2,836.00","2,843.40","2,839.05","2,851.80","36,97,104","10,54,34,11,394.40","1,68,077","24,53,033","66.35"
"RELIANCE","EQ","03-May-2024","2,933.10","2,942.00","2,949.90","2,832.30","2,871.00","2,868.00","2,876.27","86,13,479","24,77,47,10,139.90","3,58,280","40,48,315","47.00"
"RELIANCE","EQ","02-May-2024","2,934.00","2,944.00","2,954.65","2,928.25","2,938.10","2,933.10","2,941.23","72,56,323","21,34,25,18,418.90","3,06,721","32,87,714","45.31"
"RELIANCE","EQ","30-Apr-2024","2,930.05","2,936.00","2,966.15","2,925.75","2,932.00","2,934.00","2,947.60","57,37,131","16,91,07,77,825.20","2,10,901","39,80,936","69.39"
"RELIANCE","EQ","29-Apr-2024","2,905.10","2,900.00","2,935.80","2,900.00","2,927.50","2,930.05","2,926.58","36,23,987","10,60,58,75,230.60","1,58,806","21,66,495","59.78"
"RELIANCE","EQ","26-Apr-2024","2,919.95","2,927.90","2,930.00","2,900.00","2,908.50","2,905.10","2,911.85","47,06,924","13,70,58,73,642.80","2,08,164","22,04,091","46.83"
"RELIANCE","EQ","25-Apr-2024","2,900.35","2,885.00","2,935.95","2,883.00","2,917.70","2,919.95","2,914.62","79,71,963","23,23,52,72,655.30","2,36,911","36,42,640","45.69"
"RELIANCE","EQ","24-Apr-2024","2,918.65","2,927.00","2,937.10","2,899.00","2,901.45","2,900.35","2,917.88","52,31,388","15,26,45,81,699.05","1,86,848","34,66,158","66.26"
"RELIANCE","EQ","23-Apr-2024","2,959.70","2,958.00","2,987.00","2,911.10","2,919.50","2,918.65","2,944.51","73,02,777","21,50,31,28,837.35","3,39,439","37,61,791","51.51"
"RELIANCE","EQ","22-Apr-2024","2,940.25","2,944.90","2,965.65","2,935.60","2,962.90","2,959.70","2,950.88","51,75,181","15,27,13,48,793.50","1,63,758","31,78,709","61.42"
"RELIANCE","EQ","19-Apr-2024","2,928.65","2,913.55","2,948.00","2,886.05","2,943.05","2,940.25","2,922.72","78,70,889","23,00,43,85,019.15","2,57,506","39,77,520","50.53"
"RELIANCE","EQ","18-Apr-2024","2,931.50","2,927.00","2,972.00","2,918.70","2,925.00","2,928.65","2,940.33","95,02,846","27,94,15,31,144.35","2,92,105","49,22,394","51.80"
"RELIANCE","EQ","16-Apr-2024","2,929.65","2,906.70","2,942.35","2,901.85","2,936.50","2,931.50","2,922.76","46,83,092","13,68,75,64,159.45","2,02,013","29,26,710","62.50"
"RELIANCE","EQ","15-Apr-2024","2,934.30","2,922.00","2,964.25","2,892.65","2,931.00","2,929.65","2,937.49","64,51,031","18,94,98,08,687.30","2,78,625","37,81,784","58.62"
"RELIANCE","EQ","12-Apr-2024","2,959.15","2,951.75","2,972.95","2,926.15","2,937.15","2,934.30","2,950.89","77,75,506","22,94,46,47,360.80","3,18,190","38,29,205","49.25"
"RELIANCE","EQ","10-Apr-2024","2,927.30","2,932.70","2,974.00","2,932.70","2,955.00","2,959.15","2,956.51","45,69,165","13,50,87,81,489.15","2,47,782","26,35,664","57.68"
"RELIANCE","EQ","09-Apr-2024","2,971.95","2,978.00","2,979.60","2,925.00","2,931.90","2,927.30","2,942.09","35,35,707","10,40,23,78,582.00","1,66,238","23,46,545","66.37"
"RELIANCE","EQ","08-Apr-2024","2,920.20","2,925.95","2,981.95","2,922.00","2,970.00","2,971.95","2,967.76","41,78,559","12,40,09,63,621.65","1,44,054","22,78,607","54.53"
"RELIANCE","EQ","05-Apr-2024","2,925.85","2,921.75","2,941.60","2,912.00","2,925.95","2,920.20","2,924.97","37,21,149","10,88,42,50,027.90","1,38,742","18,92,949","50.87"
"RELIANCE","EQ","04-Apr-2024","2,943.20","2,959.50","2,959.50","2,900.00","2,931.00","2,925.85","2,924.41","72,45,136","21,18,77,69,929.50","3,05,593","21,79,244","30.08"
"RELIANCE","EQ","03-Apr-2024","2,973.90","2,964.15","2,968.90","2,937.80","2,944.95","2,943.20","2,950.91","35,04,146","10,34,04,31,852.20","1,52,022","21,51,384","61.40"
"RELIANCE","EQ","02-Apr-2024","2,969.55","2,968.00","2,988.00","2,950.00","2,977.00","2,973.90","2,964.64","44,55,083","13,20,77,26,108.30","1,44,866","28,67,632","64.37"
"RELIANCE","EQ","01-Apr-2024","2,971.70","2,984.95","2,987.95","2,965.00","2,974.80","2,969.55","2,973.78","25,06,940","7,45,50,79,986.05","1,28,873","16,19,370","64.60"
"RELIANCE","EQ","28-Mar-2024","2,985.70","2,985.75","3,011.90","2,957.30","2,970.30","2,971.70","2,988.81","1,09,27,182","32,65,92,43,942.20","2,89,271","53,03,114","48.53"
"RELIANCE","EQ","27-Mar-2024","2,883.15","2,896.00","3,000.00","2,894.00","2,983.75","2,985.70","2,972.19","81,63,322","24,26,29,83,466.45","2,99,800","43,60,696","53.42"
"RELIANCE","EQ","26-Mar-2024","2,910.05","2,890.00","2,904.80","2,878.00","2,886.70","2,883.15","2,887.28","57,07,953","16,48,04,30,505.15","1,74,805","38,26,158","67.03"
"RELIANCE","EQ","22-Mar-2024","2,901.95","2,899.95","2,920.00","2,894.70","2,906.55","2,910.05","2,909.59","97,63,804","28,40,86,77,998.20","2,86,746","59,30,597","60.74"
"RELIANCE","EQ","21-Mar-2024","2,887.50","2,905.05","2,915.80","2,889.35","2,900.05","2,901.95","2,903.52","65,03,468","18,88,29,74,161.40","2,44,846","30,99,861","47.66"
"RELIANCE","EQ","20-Mar-2024","2,850.50","2,855.90","2,890.00","2,848.05","2,886.25","2,887.50","2,874.53","42,44,403","12,20,06,51,007.80","2,08,132","27,34,110","64.42"
"RELIANCE","EQ","19-Mar-2024","2,878.95","2,857.50","2,875.20","2,834.50","2,849.15","2,850.50","2,848.79","41,37,882","11,78,79,73,196.45","1,96,658","27,11,695","65.53"
"RELIANCE","EQ","18-Mar-2024","2,836.45","2,840.00","2,883.45","2,833.05","2,874.00","2,878.95","2,858.10","45,84,696","13,10,35,38,361.45","2,28,224","28,79,547","62.81"
"RELIANCE","EQ","15-Mar-2024","2,862.95","2,851.90","2,866.45","2,825.80","2,838.00","2,836.45","2,839.66","96,11,909","27,29,45,38,070.95","2,49,827","64,60,151","67.21"
"RELIANCE","EQ","14-Mar-2024","2,864.35","2,879.40","2,897.05","2,851.00","2,870.00","2,862.95","2,871.07","92,85,551","26,65,94,95,810.00","3,43,017","51,05,534","54.98"
"RELIANCE","EQ","13-Mar-2024","2,950.85","2,959.55","2,966.20","2,855.55","2,873.20","2,864.35","2,889.98","67,61,067","19,53,93,20,816.80","2,55,973","44,93,232","66.46"
"RELIANCE","EQ","12-Mar-2024","2,933.20","2,933.20","2,976.00","2,930.05","2,953.50","2,950.85","2,956.49","47,16,339","13,94,38,14,809.40","1,78,946","28,76,783","61.00"
"RELIANCE","EQ","11-Mar-2024","2,957.85","2,978.00","2,978.00","2,927.00","2,928.00","2,933.20","2,950.20","56,38,565","16,63,48,94,693.10","2,55,615","39,99,900","70.94"
"RELIANCE","EQ","07-Mar-2024","3,006.00","3,005.95","3,006.20","2,951.10","2,957.00","2,957.85","2,973.36","41,57,863","12,36,28,39,422.10","1,95,070","22,19,130","53.37"
"RELIANCE","EQ","06-Mar-2024","3,000.40","2,986.90","3,018.00","2,957.00","3,002.85","3,006.00","2,991.36","39,02,838","11,67,47,86,490.95","2,05,634","19,85,212","50.87"
"RELIANCE","EQ","05-Mar-2024","3,014.80","3,011.55","3,014.80","2,972.10","2,996.00","3,000.40","2,992.50","35,53,834","10,63,48,36,947.90","2,13,477","22,15,644","62.35"
"RELIANCE","EQ","04-Mar-2024","2,982.15","2,980.95","3,024.90","2,974.45","3,010.00","3,014.80","3,003.93","50,12,210","15,05,63,20,911.10","2,40,680","28,91,870","57.70"
"RELIANCE","EQ","02-Mar-2024","2,984.25","2,984.00","3,000.90","2,976.00","2,980.95","2,982.15","2,989.65","3,58,150","1,07,07,43,614.70","18,856","1,59,244","44.46"
"RELIANCE","EQ","01-Mar-2024","2,921.60","2,927.00","3,000.00","2,925.00","2,977.00","2,984.25","2,966.96","60,66,463","17,99,89,57,520.55","2,72,154","32,34,333","53.31"
"RELIANCE","EQ","29-Feb-2024","2,911.25","2,930.00","2,957.95","2,909.05","2,930.75","2,921.60","2,927.13","1,18,14,488","34,58,24,93,286.65","2,98,691","78,42,843","66.38"
"RELIANCE","EQ","28-Feb-2024","2,971.30","2,966.00","2,982.55","2,900.35","2,915.00","2,911.25","2,931.01","43,23,975","12,67,36,07,274.50","2,16,192","24,49,550","56.65"
"RELIANCE","EQ","27-Feb-2024","2,974.65","2,966.05","2,999.90","2,956.10","2,971.00","2,971.30","2,974.38","54,13,022","16,10,04,08,443.55","1,97,414","38,45,450","71.04"
"RELIANCE","EQ","26-Feb-2024","2,987.25","2,987.10","2,989.05","2,965.00","2,975.10","2,974.65","2,974.31","37,56,553","11,17,31,63,735.60","1,41,799","27,28,420","72.63"
"RELIANCE","EQ","23-Feb-2024","2,963.50","2,979.00","2,995.10","2,966.70","2,986.55","2,987.25","2,982.96","72,19,292","21,53,48,40,027.25","2,55,210","42,63,991","59.06"
"RELIANCE","EQ","22-Feb-2024","2,935.40","2,936.30","2,969.90","2,916.00","2,962.20","2,963.50","2,944.65","92,46,864","27,22,87,62,576.20","2,73,105","49,81,085","53.87"
"RELIANCE","EQ","21-Feb-2024","2,942.05","2,948.00","2,977.05","2,915.10","2,932.05","2,935.40","2,949.30","63,60,146","18,75,79,66,311.65","2,89,896","42,35,202","66.59"
"RELIANCE","EQ","20-Feb-2024","2,948.00","2,950.05","2,951.00","2,923.60","2,941.45","2,942.05","2,937.06","35,58,748","10,45,22,64,180.75","1,72,812","22,72,438","63.85"
"RELIANCE","EQ","19-Feb-2024","2,921.15","2,924.10","2,959.00","2,907.05","2,940.00","2,948.00","2,934.52","33,64,914","9,87,43,95,305.15","1,43,935","18,75,370","55.73"
"RELIANCE","EQ","16-Feb-2024","2,941.20","2,952.95","2,954.00","2,917.10","2,925.00","2,921.15","2,932.13","48,83,749","14,31,97,75,078.35","1,70,212","30,86,745","63.20"
"RELIANCE","EQ","15-Feb-2024","2,962.75","2,966.70","2,969.45","2,933.05","2,944.50","2,941.20","2,946.03","50,03,391","14,74,01,28,065.85","2,36,768","22,41,593","44.80"
"RELIANCE","EQ","14-Feb-2024","2,930.20","2,915.00","2,967.30","2,915.00","2,963.60","2,962.75","2,943.59","35,58,944","10,47,60,84,977.75","2,00,869","19,53,682","54.89"
"RELIANCE","EQ","13-Feb-2024","2,904.70","2,911.00","2,958.00","2,908.00","2,926.20","2,930.20","2,934.72","38,57,797","11,32,15,54,002.65","1,78,755","18,92,852","49.07"
"RELIANCE","EQ","12-Feb-2024","2,921.50","2,921.50","2,922.00","2,884.70","2,904.00","2,904.70","2,900.64","33,37,215","9,68,00,50,427.50","1,70,350","18,94,566","56.77"
"RELIANCE","EQ","09-Feb-2024","2,900.25","2,908.00","2,943.95","2,901.90","2,917.30","2,921.50","2,924.38","62,78,399","18,36,04,29,342.90","2,48,252","31,87,415","50.77"
"RELIANCE","EQ","08-Feb-2024","2,884.30","2,900.00","2,918.95","2,855.05","2,916.00","2,900.25","2,882.90","73,47,317","21,18,16,03,384.90","3,20,055","33,35,852","45.40"
"RELIANCE","EQ","07-Feb-2024","2,855.60","2,871.85","2,899.00","2,858.50","2,885.00","2,884.30","2,876.04","46,48,284","13,36,86,50,630.75","2,28,951","25,82,820","55.57"
"RELIANCE","EQ","06-Feb-2024","2,878.05","2,883.70","2,883.70","2,839.65","2,854.75","2,855.60","2,859.49","45,23,992","12,93,63,28,247.70","2,40,512","27,53,486","60.86"
"RELIANCE","EQ","05-Feb-2024","2,915.40","2,921.50","2,941.00","2,863.05","2,879.45","2,878.05","2,907.30","44,07,216","12,81,31,04,310.25","1,97,343","22,69,459","51.49"
"RELIANCE","EQ","02-Feb-2024","2,853.30","2,866.35","2,949.80","2,866.35","2,913.00","2,915.40","2,913.44","98,26,294","28,62,83,19,858.85","4,20,949","45,52,813","46.33"
"RELIANCE","EQ","01-Feb-2024","2,853.25","2,870.00","2,886.70","2,836.10","2,851.50","2,853.30","2,857.88","66,74,681","19,07,54,09,129.85","2,59,110","34,09,296","51.08"
"RELIANCE","EQ","31-Jan-2024","2,815.25","2,808.00","2,868.50","2,805.00","2,850.00","2,853.25","2,847.99","75,65,113","21,54,54,02,809.00","3,43,623","46,39,003","61.32"
"RELIANCE","EQ","30-Jan-2024","2,896.10","2,919.90","2,919.95","2,808.85","2,818.25","2,815.25","2,854.34","70,46,989","20,11,45,36,190.80","3,14,728","36,88,941","52.35"
"RELIANCE","EQ","29-Jan-2024","2,706.15","2,729.00","2,905.00","2,720.35","2,890.10","2,896.10","2,842.26","1,19,46,719","33,95,56,52,629.40","4,64,414","55,23,879","46.24"
"RELIANCE","EQ","25-Jan-2024","2,687.75","2,685.90","2,728.30","2,670.40","2,711.00","2,706.15","2,697.07","59,04,436","15,92,46,81,035.80","1,99,408","33,49,043","56.72"
"RELIANCE","EQ","24-Jan-2024","2,657.15","2,670.45","2,699.00","2,647.85","2,694.90","2,687.75","2,664.32","1,09,59,564","29,19,98,12,068.10","2,53,093","84,88,857","77.46"
"RELIANCE","EQ","23-Jan-2024","2,713.30","2,743.50","2,743.50","2,645.10","2,656.75","2,657.15","2,674.90","1,00,27,710","26,82,30,81,585.30","3,37,484","75,88,796","75.68"
"RELIANCE","EQ","20-Jan-2024","2,734.90","2,730.00","2,766.95","2,700.00","2,716.00","2,713.30","2,734.20","36,41,697","9,95,71,10,928.55","1,28,579","13,48,080","37.02"
"RELIANCE","EQ","19-Jan-2024","2,735.90","2,752.00","2,752.00","2,718.00","2,736.45","2,734.90","2,732.29","52,11,352","14,23,89,41,782.60","2,75,902","29,77,206","57.13"
"RELIANCE","EQ","18-Jan-2024","2,723.15","2,702.80","2,742.00","2,702.50","2,734.75","2,735.90","2,724.93","51,39,719","14,00,53,71,079.55","2,53,448","30,23,891","58.83"
"RELIANCE","EQ","17-Jan-2024","2,749.25","2,719.00","2,772.55","2,710.05","2,723.50","2,723.15","2,738.75","60,98,691","16,70,27,84,157.50","3,12,203","38,90,087","63.79"
"RELIANCE","EQ","16-Jan-2024","2,788.25","2,779.95","2,792.60","2,741.00","2,746.80","2,749.25","2,770.68","45,34,512","12,56,36,73,259.40","2,35,619","27,48,547","60.61"
"RELIANCE","EQ","15-Jan-2024","2,741.45","2,750.00","2,792.90","2,732.00","2,786.00","2,788.25","2,768.73","43,05,297","11,92,02,19,926.15","2,37,252","25,44,119","59.09"
"RELIANCE","EQ","12-Jan-2024","2,719.80","2,719.80","2,746.65","2,691.50","2,740.50","2,741.45","2,729.49","75,06,082","20,48,77,45,085.40","4,34,055","45,97,780","61.25"
"RELIANCE","EQ","11-Jan-2024","2,650.10","2,659.00","2,725.00","2,657.00","2,716.00","2,719.80","2,695.73","1,18,62,926","31,97,92,89,599.90","5,81,952","79,93,082","67.38"
"RELIANCE","EQ","10-Jan-2024","2,580.50","2,577.00","2,659.00","2,575.05","2,655.00","2,650.10","2,616.79","55,51,370","14,52,67,42,701.55","1,79,441","33,39,874","60.16"
"RELIANCE","EQ","09-Jan-2024","2,587.35","2,600.00","2,606.80","2,577.20","2,580.50","2,580.50","2,592.44","27,01,537","7,00,35,71,441.95","1,30,706","16,58,627","61.40"
"RELIANCE","EQ","08-Jan-2024","2,607.70","2,610.00","2,631.95","2,568.95","2,586.00","2,587.35","2,600.55","38,67,326","10,05,71,68,474.15","1,71,169","22,08,577","57.11"
"RELIANCE","EQ","05-Jan-2024","2,596.65","2,602.90","2,619.85","2,598.00","2,609.00","2,607.70","2,606.82","40,43,203","10,53,98,86,698.05","2,11,413","22,80,572","56.41"
"RELIANCE","EQ","04-Jan-2024","2,583.30","2,588.00","2,609.85","2,579.10","2,600.00","2,596.65","2,597.37","48,06,389","12,48,39,71,502.55","2,67,185","30,03,090","62.48"
"RELIANCE","EQ","03-Jan-2024","2,611.70","2,610.00","2,634.00","2,577.20","2,580.75","2,583.30","2,606.46","45,18,768","11,77,80,06,447.25","1,98,303","27,06,158","59.89"
"RELIANCE","EQ","02-Jan-2024","2,590.25","2,585.00","2,615.00","2,573.00","2,609.00","2,611.70","2,596.75","37,24,400","9,67,13,31,567.50","1,75,872","20,59,678","55.30"
"RELIANCE","EQ","01-Jan-2024","2,584.95","2,580.55","2,606.85","2,573.15","2,588.45","2,590.25","2,588.14","20,15,270","5,21,58,08,110.05","1,15,559","8,77,801","43.56"
"RELIANCE","EQ","29-Dec-2023","2,605.55","2,611.10","2,614.00","2,579.30","2,587.00","2,584.95","2,589.61","54,32,292","14,06,74,90,670.90","2,48,419","34,15,339","62.87"
"RELIANCE","EQ","28-Dec-2023","2,586.85","2,589.80","2,612.00","2,586.85","2,605.00","2,605.55","2,602.58","61,51,318","16,00,92,95,262.65","2,28,625","40,61,975","66.03"
"RELIANCE","EQ","27-Dec-2023","2,578.05","2,582.00","2,599.90","2,573.10","2,583.35","2,586.85","2,586.56","46,02,078","11,90,35,47,787.85","1,91,497","28,50,871","61.95"
"RELIANCE","EQ","26-Dec-2023","2,565.05","2,568.00","2,591.95","2,562.70","2,579.00","2,578.05","2,579.88","37,32,832","9,63,02,62,624.25","1,88,513","23,54,231","63.07"
"RELIANCE","EQ","22-Dec-2023","2,562.55","2,559.60","2,580.90","2,547.65","2,561.00","2,565.05","2,559.79","82,70,892","21,17,17,13,990.35","2,74,088","47,33,005","57.22"
"RELIANCE","EQ","21-Dec-2023","2,527.15","2,527.00","2,573.50","2,518.25","2,561.00","2,562.55","2,551.74","68,82,727","17,56,29,46,483.40","2,35,158","34,79,632","50.56"
"RELIANCE","EQ","20-Dec-2023","2,558.10","2,571.05","2,598.85","2,520.00","2,529.40","2,527.15","2,563.63","88,68,361","22,73,51,94,766.35","3,72,595","53,42,862","60.25"
"RELIANCE","EQ","19-Dec-2023","2,521.00","2,555.00","2,573.90","2,525.20","2,556.50","2,558.10","2,553.63","84,10,302","21,47,67,99,671.65","3,31,728","55,18,449","65.62"
"RELIANCE","EQ","18-Dec-2023","2,495.60","2,495.60","2,534.90","2,490.95","2,520.00","2,521.00","2,521.89","70,82,594","17,86,15,36,572.75","2,53,336","48,55,424","68.55"
"RELIANCE","EQ","15-Dec-2023","2,464.15","2,478.00","2,500.00","2,470.05","2,492.00","2,495.60","2,487.92","79,66,076","19,81,89,94,725.95","2,19,982","50,16,104","62.97"
"RELIANCE","EQ","14-Dec-2023","2,433.95","2,454.00","2,474.95","2,442.65","2,463.55","2,464.15","2,464.76","84,86,177","20,91,64,13,095.30","3,08,013","58,07,295","68.43"
"RELIANCE","EQ","13-Dec-2023","2,424.05","2,422.00","2,438.35","2,406.30","2,432.05","2,433.95","2,422.37","50,15,591","12,14,96,35,536.75","2,03,903","31,56,741","62.94"
"RELIANCE","EQ","12-Dec-2023","2,459.35","2,460.00","2,464.95","2,420.15","2,424.00","2,424.05","2,442.73","45,98,562","11,23,30,58,046.60","1,64,611","32,26,060","70.15"
"RELIANCE","EQ","11-Dec-2023","2,455.75","2,456.00","2,467.60","2,452.40","2,460.90","2,459.35","2,459.80","35,33,069","8,69,06,54,768.25","1,48,258","26,51,027","75.03"
"RELIANCE","EQ","08-Dec-2023","2,457.05","2,463.85","2,476.70","2,445.00","2,451.00","2,455.75","2,457.48","51,02,447","12,53,91,53,828.90","1,93,898","25,81,396","50.59"
"RELIANCE","EQ","07-Dec-2023","2,461.10","2,460.00","2,460.95","2,442.00","2,456.15","2,457.05","2,453.62","40,71,048","9,98,87,95,871.30","1,69,328","23,50,086","57.73"
"RELIANCE","EQ","06-Dec-2023","2,437.75","2,447.10","2,472.95","2,435.00","2,462.00","2,461.10","2,459.66","82,11,221","20,19,68,20,469.50","2,03,350","60,75,935","74.00"
"RELIANCE","EQ","05-Dec-2023","2,420.20","2,439.00","2,440.85","2,421.65","2,437.15","2,437.75","2,435.32","63,46,812","15,45,64,91,179.15","2,70,813","46,43,536","73.16"
"RELIANCE","EQ","04-Dec-2023","2,394.30","2,450.00","2,450.00","2,398.60","2,421.00","2,420.20","2,417.16","77,95,495","18,84,29,40,784.80","2,49,010","48,55,968","62.29"
"RELIANCE","EQ","01-Dec-2023","2,377.45","2,378.00","2,396.40","2,377.60","2,393.00","2,394.30","2,389.47","71,71,421","17,13,59,06,079.40","2,18,016","48,01,676","66.96"
"RELIANCE","EQ","30-Nov-2023","2,400.70","2,394.70","2,400.70","2,369.90","2,379.00","2,377.45","2,382.58","1,42,19,992","33,88,02,61,609.25","3,68,003","1,13,70,920","79.96"
"RELIANCE","EQ","29-Nov-2023","2,394.40","2,408.00","2,411.95","2,398.05","2,400.00","2,400.70","2,406.54","62,65,653","15,07,85,54,701.80","1,61,091","49,89,032","79.63"
"RELIANCE","EQ","28-Nov-2023","2,393.90","2,393.90","2,399.70","2,375.25","2,395.15","2,394.40","2,383.04","68,96,087","16,43,36,74,720.45","2,21,537","48,84,834","70.83"
"RELIANCE","BL","28-Nov-2023","2,335.90","2,393.90","2,393.90","2,393.90","2,393.90","2,393.90","2,393.90","5,01,376","1,20,02,44,006.40","1","-","-"
"RELIANCE","EQ","24-Nov-2023","2,395.50","2,391.60","2,402.60","2,391.05","2,394.25","2,393.90","2,397.29","33,74,743","8,09,02,26,237.15","1,82,231","20,09,729","59.55"
"RELIANCE","EQ","23-Nov-2023","2,388.20","2,388.20","2,400.00","2,388.20","2,393.90","2,395.50","2,395.76","42,65,771","10,21,97,70,255.80","1,51,936","23,70,901","55.58"
"RELIANCE","EQ","22-Nov-2023","2,378.90","2,375.00","2,394.45","2,372.20","2,387.00","2,388.20","2,385.76","42,67,407","10,18,10,03,165.90","1,77,755","27,62,388","64.73"
"RELIANCE","EQ","21-Nov-2023","2,349.35","2,366.00","2,388.00","2,360.20","2,377.00","2,378.90","2,377.09","41,07,225","9,76,32,57,904.05","1,63,809","26,33,039","64.11"
"RELIANCE","EQ","20-Nov-2023","2,355.55","2,348.55","2,358.40","2,336.40","2,349.00","2,349.35","2,346.96","22,45,093","5,26,91,53,540.00","1,17,438","13,88,002","61.82"
"RELIANCE","EQ","17-Nov-2023","2,360.70","2,352.90","2,373.25","2,352.05","2,354.85","2,355.55","2,363.50","38,79,317","9,16,87,51,612.00","1,40,454","22,77,019","58.70"
"RELIANCE","EQ","16-Nov-2023","2,356.45","2,351.10","2,374.15","2,346.95","2,358.00","2,360.70","2,363.74","65,67,455","15,52,37,61,404.10","1,79,828","33,45,345","50.94"
"RELIANCE","EQ","15-Nov-2023","2,314.60","2,340.00","2,361.95","2,327.00","2,356.10","2,356.45","2,346.76","61,10,324","14,33,94,87,044.50","1,88,402","44,22,539","72.38"
"RELIANCE","EQ","13-Nov-2023","2,330.65","2,322.90","2,324.60","2,311.70","2,315.10","2,314.60","2,316.15","19,27,405","4,46,41,62,629.45","1,01,023","12,87,215","66.78"
"RELIANCE","EQ","12-Nov-2023","2,314.90","2,326.05","2,332.00","2,322.50","2,330.90","2,330.65","2,328.71","7,09,922","1,65,32,02,914.45","54,331","4,64,151","65.38"
"RELIANCE","EQ","10-Nov-2023","2,310.55","2,305.55","2,316.35","2,298.05","2,315.90","2,314.90","2,308.66","38,67,477","8,92,86,95,452.35","1,44,846","22,72,363","58.76"
"RELIANCE","EQ","09-Nov-2023","2,335.90","2,335.85","2,335.90","2,304.20","2,311.45","2,310.55","2,316.51","72,56,805","16,81,04,55,976.65","2,64,597","31,35,122","43.20"
"RELIANCE","BL","09-Nov-2023","2,841.85","2,335.90","2,335.90","2,335.90","2,335.90","2,335.90","2,335.90","3,47,411","81,15,17,354.90","1","-","-"
"RELIANCE","EQ","08-Nov-2023","2,323.80","2,332.00","2,341.00","2,321.75","2,333.75","2,335.90","2,335.80","39,42,247","9,20,82,87,625.15","1,50,160","28,30,151","71.79"
"RELIANCE","EQ","07-Nov-2023","2,339.00","2,334.05","2,339.10","2,319.55","2,323.10","2,323.80","2,328.29","34,80,102","8,10,26,78,736.35","1,64,587","22,82,754","65.59"
"RELIANCE","EQ","06-Nov-2023","2,319.70","2,332.30","2,340.00","2,325.60","2,339.00","2,339.00","2,334.20","53,23,652","12,42,64,55,971.70","1,59,387","39,82,611","74.81"
"RELIANCE","EQ","03-Nov-2023","2,320.20","2,327.20","2,334.95","2,315.75","2,319.00","2,319.70","2,325.94","44,25,078","10,29,24,87,339.95","1,57,991","27,40,838","61.94"
"RELIANCE","EQ","02-Nov-2023","2,297.40","2,313.95","2,324.30","2,307.95","2,319.00","2,320.20","2,316.45","52,81,052","12,23,32,75,556.75","1,56,658","26,20,521","49.62"
"RELIANCE","EQ","01-Nov-2023","2,287.90","2,289.15","2,317.50","2,275.20","2,294.70","2,297.40","2,301.86","51,54,595","11,86,51,33,915.60","1,72,384","29,99,329","58.19"
"RELIANCE","EQ","31-Oct-2023","2,312.50","2,328.00","2,328.00","2,282.90","2,289.00","2,287.90","2,302.76","64,04,219","14,74,73,54,996.70","2,85,198","42,44,985","66.28"
"RELIANCE","EQ","30-Oct-2023","2,265.80","2,274.00","2,325.00","2,269.95","2,309.00","2,312.50","2,310.35","84,06,652","19,42,22,70,423.05","3,52,375","49,26,931","58.61"
"RELIANCE","EQ","27-Oct-2023","2,226.50","2,240.00","2,273.50","2,235.95","2,266.15","2,265.80","2,262.35","58,85,542","13,31,51,43,153.75","2,47,495","36,69,399","62.35"
"RELIANCE","EQ","26-Oct-2023","2,257.95","2,251.00","2,258.00","2,220.30","2,223.00","2,226.50","2,232.86","76,11,267","16,99,49,10,102.90","3,49,499","50,01,208","65.71"
"RELIANCE","EQ","25-Oct-2023","2,263.20","2,250.05","2,281.20","2,243.00","2,256.00","2,257.95","2,261.49","58,10,344","13,14,00,35,999.60","2,76,253","32,42,064","55.80"
"RELIANCE","EQ","23-Oct-2023","2,299.10","2,290.00","2,306.25","2,255.25","2,262.90","2,263.20","2,283.24","39,26,981","8,96,62,23,109.05","2,29,519","24,80,829","63.17"
"RELIANCE","EQ","20-Oct-2023","2,306.15","2,300.00","2,314.70","2,296.30","2,296.60","2,299.10","2,302.59","44,56,656","10,26,18,59,218.60","2,36,801","29,28,079","65.70"
"RELIANCE","EQ","19-Oct-2023","2,324.00","2,312.00","2,321.80","2,301.00","2,304.65","2,306.15","2,310.08","60,16,278","13,89,81,02,710.85","3,06,999","34,93,259","58.06"
"RELIANCE","EQ","18-Oct-2023","2,355.25","2,355.25","2,367.00","2,321.00","2,321.40","2,324.00","2,341.91","44,59,160","10,44,29,44,805.70","1,97,131","25,39,983","56.96"
"RELIANCE","EQ","17-Oct-2023","2,344.05","2,356.00","2,359.70","2,341.30","2,356.20","2,355.25","2,350.51","39,64,090","9,31,76,49,591.75","1,32,520","26,78,581","67.57"
"RELIANCE","EQ","16-Oct-2023","2,349.30","2,345.00","2,354.55","2,336.00","2,345.80","2,344.05","2,346.59","29,64,518","6,95,65,22,674.05","1,74,031","17,62,828","59.46"
"RELIANCE","EQ","13-Oct-2023","2,349.40","2,340.00","2,357.50","2,329.15","2,344.95","2,349.30","2,344.56","50,75,158","11,89,89,99,931.90","1,96,532","26,18,430","51.59"
"RELIANCE","EQ","12-Oct-2023","2,345.05","2,343.85","2,359.35","2,338.15","2,347.35","2,349.40","2,350.76","62,77,225","14,75,62,75,104.15","2,31,306","37,27,893","59.39"
"RELIANCE","EQ","11-Oct-2023","2,308.40","2,314.45","2,349.70","2,313.00","2,345.75","2,345.05","2,333.86","49,07,059","11,45,23,67,310.50","1,99,005","30,96,183","63.10"
"RELIANCE","EQ","10-Oct-2023","2,298.25","2,306.55","2,317.90","2,303.75","2,310.30","2,308.40","2,309.03","51,18,016","11,81,76,66,201.85","2,40,623","39,55,663","77.29"
"RELIANCE","EQ","09-Oct-2023","2,318.00","2,308.10","2,311.95","2,295.00","2,295.15","2,298.25","2,302.95","37,88,439","8,72,45,97,410.05","2,15,473","25,77,507","68.04"
"RELIANCE","EQ","06-Oct-2023","2,314.10","2,317.05","2,324.80","2,312.05","2,317.65","2,318.00","2,318.80","27,15,513","6,29,67,30,156.55","1,65,579","14,27,644","52.57"
"RELIANCE","EQ","05-Oct-2023","2,314.15","2,319.25","2,329.40","2,309.00","2,312.90","2,314.10","2,317.43","54,76,841","12,69,21,81,391.50","2,20,239","25,61,741","46.77"
"RELIANCE","EQ","04-Oct-2023","2,318.15","2,309.00","2,319.00","2,295.10","2,314.10","2,314.15","2,304.24","51,43,193","11,85,11,41,943.50","2,61,511","33,55,575","65.24"
"RELIANCE","EQ","03-Oct-2023","2,345.00","2,329.95","2,335.60","2,316.00","2,318.40","2,318.15","2,322.04","44,29,528","10,28,55,26,678.70","1,92,207","28,68,867","64.77"
"RELIANCE","EQ","29-Sep-2023","2,334.10","2,341.80","2,369.10","2,334.10","2,342.05","2,345.00","2,350.92","61,71,007","14,50,75,25,911.60","1,78,898","26,43,270","42.83"
"RELIANCE","EQ","28-Sep-2023","2,368.90","2,383.00","2,383.00","2,325.00","2,339.00","2,334.10","2,352.03","72,59,173","17,07,38,06,729.35","2,83,992","40,08,145","55.21"
"RELIANCE","EQ","27-Sep-2023","2,342.50","2,343.50","2,371.80","2,338.50","2,371.00","2,368.90","2,355.73","58,61,389","13,80,78,21,671.35","2,33,089","37,63,425","64.21"
"RELIANCE","EQ","26-Sep-2023","2,340.45","2,338.55","2,350.20","2,335.60","2,340.00","2,342.50","2,342.35","50,43,891","11,81,45,81,030.50","1,68,749","34,32,787","68.06"
"RELIANCE","EQ","25-Sep-2023","2,354.95","2,350.40","2,360.70","2,335.10","2,339.50","2,340.45","2,343.52","71,27,442","16,70,32,85,186.15","2,66,745","50,16,282","70.38"
"RELIANCE","EQ","22-Sep-2023","2,364.80","2,376.00","2,382.45","2,350.00","2,356.50","2,354.95","2,363.47","95,88,393","22,66,18,97,562.05","3,02,933","41,57,657","43.36"
"RELIANCE","EQ","21-Sep-2023","2,382.15","2,374.95","2,390.10","2,360.00","2,365.00","2,364.80","2,370.70","61,13,091","14,49,22,94,094.80","2,92,445","29,46,892","48.21"
"RELIANCE","EQ","20-Sep-2023","2,436.45","2,423.05","2,427.60","2,355.00","2,380.65","2,382.15","2,377.79","2,85,40,942","67,86,44,89,357.80","3,50,883","2,25,44,832","78.99"
"RELIANCE","EQ","18-Sep-2023","2,457.85","2,440.05","2,451.00","2,432.05","2,434.00","2,436.45","2,442.35","37,58,150","9,17,87,15,239.40","1,35,713","26,12,554","69.52"
"RELIANCE","EQ","15-Sep-2023","2,453.30","2,468.00","2,468.00","2,449.50","2,452.50","2,457.85","2,458.32","1,27,34,296","31,30,49,96,690.80","1,72,228","64,08,116","50.32"
"RELIANCE","EQ","14-Sep-2023","2,451.05","2,460.00","2,465.80","2,445.00","2,456.00","2,453.30","2,454.20","46,04,818","11,30,11,41,212.65","2,59,706","16,47,002","35.77"
"RELIANCE","EQ","13-Sep-2023","2,438.85","2,440.00","2,462.65","2,426.25","2,450.10","2,451.05","2,451.78","64,01,669","15,69,54,91,695.65","1,53,034","43,55,322","68.03"
"RELIANCE","EQ","12-Sep-2023","2,474.60","2,483.00","2,483.00","2,435.95","2,437.00","2,438.85","2,451.73","81,27,833","19,92,72,45,602.50","2,30,277","51,95,321","63.92"
"RELIANCE","EQ","11-Sep-2023","2,448.20","2,452.00","2,476.85","2,452.00","2,473.05","2,474.60","2,468.87","66,35,537","16,38,22,49,910.10","2,16,515","45,78,581","69.00"
"RELIANCE","EQ","08-Sep-2023","2,432.00","2,440.00","2,456.00","2,422.95","2,451.00","2,448.20","2,435.83","1,15,54,644","28,14,51,73,638.30","2,03,161","49,39,162","42.75"
"RELIANCE","EQ","07-Sep-2023","2,428.70","2,421.70","2,438.25","2,411.00","2,431.00","2,432.00","2,424.86","68,26,286","16,55,27,69,825.75","1,76,371","23,66,188","34.66"
"RELIANCE","EQ","06-Sep-2023","2,423.60","2,421.10","2,436.15","2,417.25","2,426.35","2,428.70","2,427.46","41,00,185","9,95,30,29,723.50","1,68,907","24,93,776","60.82"
"RELIANCE","EQ","05-Sep-2023","2,410.70","2,420.00","2,433.95","2,412.45","2,426.00","2,423.60","2,423.22","43,37,938","10,51,17,62,468.35","1,60,296","23,71,462","54.67"
"RELIANCE","EQ","04-Sep-2023","2,412.65","2,412.65","2,423.65","2,405.30","2,411.05","2,410.70","2,413.56","46,73,813","11,28,05,12,429.60","1,67,154","30,08,596","64.37"
"RELIANCE","EQ","01-Sep-2023","2,407.00","2,406.55","2,425.65","2,401.65","2,411.40","2,412.65","2,413.40","90,56,421","21,85,67,99,694.25","2,85,753","25,15,754","27.78"
"RELIANCE","EQ","31-Aug-2023","2,418.05","2,423.00","2,425.00","2,399.90","2,408.00","2,407.00","2,410.24","1,08,19,300","26,07,70,96,813.90","2,63,614","71,36,660","65.96"
"RELIANCE","EQ","30-Aug-2023","2,420.35","2,432.00","2,443.00","2,415.00","2,419.40","2,418.05","2,426.59","60,84,473","14,76,45,44,103.55","2,20,096","35,22,177","57.89"
"RELIANCE","EQ","29-Aug-2023","2,443.75","2,452.05","2,453.45","2,408.15","2,422.00","2,420.35","2,425.23","84,38,322","20,46,48,39,388.10","3,19,838","49,78,720","59.00"
"RELIANCE","EQ","28-Aug-2023","2,468.35","2,472.00","2,484.00","2,431.10","2,436.95","2,443.75","2,465.38","62,90,413","15,50,82,40,986.20","2,48,985","26,19,323","41.64"
"RELIANCE","EQ","25-Aug-2023","2,479.80","2,456.00","2,505.00","2,442.60","2,461.90","2,468.35","2,475.31","1,11,11,200","27,50,36,65,768.50","3,09,987","48,89,628","44.01"
"RELIANCE","EQ","24-Aug-2023","2,522.20","2,539.90","2,539.90","2,471.00","2,475.80","2,479.80","2,505.26","70,70,010","17,71,22,28,152.35","2,77,360","35,81,724","50.66"
"RELIANCE","EQ","23-Aug-2023","2,519.40","2,524.20","2,542.85","2,516.95","2,518.20","2,522.20","2,528.38","47,58,976","12,03,25,00,977.45","1,86,890","19,94,368","41.91"
"RELIANCE","EQ","22-Aug-2023","2,520.00","2,516.90","2,537.95","2,499.00","2,523.00","2,519.40","2,522.49","38,56,522","9,72,80,35,039.30","2,34,127","19,47,489","50.50"
"RELIANCE","EQ","21-Aug-2023","2,556.80","2,539.95","2,555.45","2,515.65","2,519.50","2,520.00","2,528.76","46,10,873","11,65,97,93,136.25","1,86,604","24,28,001","52.66"
"RELIANCE","EQ","18-Aug-2023","2,538.00","2,531.25","2,577.60","2,508.55","2,551.05","2,556.80","2,543.13","93,19,989","23,70,19,83,763.10","2,93,106","36,43,586","39.09"
"RELIANCE","EQ","17-Aug-2023","2,575.15","2,567.10","2,578.10","2,532.85","2,534.05","2,538.00","2,550.82","68,36,872","17,43,96,52,935.65","3,05,866","42,07,479","61.54"
"RELIANCE","EQ","16-Aug-2023","2,577.25","2,551.00","2,582.80","2,551.00","2,571.95","2,575.15","2,568.15","51,01,556","13,10,15,45,280.60","1,57,128","31,98,471","62.70"
"RELIANCE","EQ","14-Aug-2023","2,547.15","2,539.00","2,582.30","2,525.00","2,573.20","2,577.25","2,563.04","47,87,906","12,27,15,88,459.95","2,48,402","26,48,259","55.31"
"RELIANCE","EQ","11-Aug-2023","2,536.45","2,532.45","2,558.85","2,512.35","2,542.00","2,547.15","2,535.53","1,10,89,665","28,11,82,25,498.75","2,47,074","47,76,599","43.07"
"RELIANCE","EQ","10-Aug-2023","2,525.20","2,524.95","2,550.00","2,508.45","2,536.00","2,536.45","2,533.24","77,35,299","19,59,53,55,860.30","2,57,586","50,62,180","65.44"
"RELIANCE","EQ","09-Aug-2023","2,508.65","2,504.85","2,529.00","2,481.10","2,522.00","2,525.20","2,499.68","57,43,293","14,35,63,84,371.85","2,69,092","36,31,495","63.23"
"RELIANCE","EQ","08-Aug-2023","2,523.85","2,528.00","2,534.45","2,499.55","2,503.75","2,508.65","2,514.67","49,22,036","12,37,72,91,186.25","1,99,690","36,12,658","73.40"
"RELIANCE","EQ","07-Aug-2023","2,509.55","2,521.00","2,528.40","2,505.00","2,523.50","2,523.85","2,518.85","29,91,435","7,53,49,73,865.10","1,44,288","17,30,550","57.85"
"RELIANCE","EQ","04-Aug-2023","2,475.90","2,498.80","2,516.00","2,471.60","2,508.00","2,509.55","2,497.26","1,14,42,805","28,57,56,03,699.10","2,92,077","54,97,151","48.04"
"RELIANCE","EQ","03-Aug-2023","2,486.35","2,475.30","2,500.90","2,458.05","2,474.50","2,475.90","2,474.27","50,84,175","12,57,96,30,763.10","2,27,047","24,99,801","49.17"
"RELIANCE","EQ","02-Aug-2023","2,513.20","2,509.20","2,512.00","2,463.60","2,484.05","2,486.35","2,485.51","63,74,107","15,84,29,03,032.05","3,30,411","40,10,715","62.92"
"RELIANCE","EQ","01-Aug-2023","2,549.25","2,555.00","2,559.00","2,505.30","2,517.70","2,513.20","2,524.85","47,68,316","12,03,92,88,137.45","1,98,132","31,78,513","66.66"
"RELIANCE","EQ","31-Jul-2023","2,527.85","2,527.85","2,553.90","2,517.95","2,546.00","2,549.25","2,540.69","42,75,587","10,86,29,27,967.25","1,69,076","27,41,873","64.13"
"RELIANCE","EQ","28-Jul-2023","2,502.70","2,512.05","2,542.85","2,500.55","2,528.20","2,527.85","2,518.80","1,04,13,926","26,23,06,15,302.10","3,33,806","45,14,438","43.35"
"RELIANCE","EQ","27-Jul-2023","2,526.20","2,534.05","2,537.65","2,490.35","2,515.00","2,502.70","2,509.19","86,13,449","21,61,28,19,116.55","2,99,635","60,48,843","70.23"
"RELIANCE","EQ","26-Jul-2023","2,485.80","2,485.00","2,547.00","2,485.00","2,526.00","2,526.20","2,526.43","64,55,506","16,30,93,70,484.50","2,55,390","32,54,913","50.42"
"RELIANCE","EQ","25-Jul-2023","2,487.40","2,494.00","2,505.20","2,480.00","2,484.00","2,485.80","2,492.71","60,13,010","14,98,86,81,530.35","2,42,346","41,92,118","69.72"
"RELIANCE","EQ","24-Jul-2023","2,538.75","2,481.00","2,514.95","2,469.30","2,488.00","2,487.40","2,491.60","1,18,63,933","29,56,01,18,805.00","4,41,158","78,52,002","66.18"
"RELIANCE","EQ","21-Jul-2023","2,619.85","2,609.00","2,614.90","2,523.60","2,555.00","2,538.75","2,549.83","1,51,24,619","38,56,51,57,004.35","4,57,107","82,24,861","54.38"
"RELIANCE","EQ","20-Jul-2023","2,841.85","2,580.00","2,630.95","2,580.00","2,623.00","2,619.85","2,614.00","1,93,58,812","50,60,39,56,720.15","4,15,393","1,33,84,709","69.14"
"RELIANCE","EQ","19-Jul-2023","2,820.45","2,830.00","2,856.00","2,797.00","2,853.00","2,841.85","2,826.91","1,80,54,869","51,03,95,78,142.75","4,41,824","1,21,00,679","67.02"
"RELIANCE","EQ","18-Jul-2023","2,796.70","2,817.00","2,837.45","2,793.00","2,822.60","2,820.45","2,814.75","1,19,37,761","33,60,18,45,465.45","3,32,862","74,44,962","62.36"
"RELIANCE","EQ","17-Jul-2023","2,740.70","2,747.00","2,815.05","2,728.00","2,795.20","2,796.70","2,780.30","1,02,54,545","28,51,07,31,060.60","3,86,729","58,21,720","56.77"
"RELIANCE","EQ","14-Jul-2023","2,743.00","2,750.00","2,760.90","2,725.10","2,751.00","2,740.70","2,739.02","69,79,790","19,11,78,13,181.40","2,01,319","41,76,465","59.84"
"RELIANCE","EQ","13-Jul-2023","2,767.75","2,783.90","2,799.00","2,737.25","2,748.00","2,743.00","2,774.19","67,76,172","18,79,83,57,651.30","2,54,196","38,88,690","57.39"
"RELIANCE","EQ","12-Jul-2023","2,764.70","2,766.30","2,802.00","2,761.65","2,765.00","2,767.75","2,781.60","86,45,662","24,04,87,64,830.55","3,48,082","54,63,716","63.20"
"RELIANCE","EQ","11-Jul-2023","2,735.05","2,752.90","2,770.00","2,737.60","2,769.00","2,764.70","2,755.34","92,62,001","25,51,99,75,405.90","3,06,208","63,63,890","68.71"
"RELIANCE","EQ","10-Jul-2023","2,633.60","2,688.90","2,756.00","2,675.00","2,735.25","2,735.05","2,729.55","1,53,40,262","41,87,19,95,571.75","4,52,960","84,33,744","54.98"
"RELIANCE","EQ","07-Jul-2023","2,638.75","2,635.00","2,664.95","2,628.00","2,629.00","2,633.60","2,645.39","61,72,684","16,32,91,64,522.95","2,31,715","33,47,628","54.23"
"RELIANCE","EQ","06-Jul-2023","2,584.50","2,576.05","2,644.45","2,576.05","2,633.30","2,638.75","2,628.55","88,22,948","23,19,15,25,858.60","2,42,971","46,69,172","52.92"
"RELIANCE","EQ","05-Jul-2023","2,588.75","2,609.00","2,609.00","2,575.80","2,588.00","2,584.50","2,585.90","47,29,479","12,22,99,54,790.40","1,63,146","32,56,582","68.86"
"RELIANCE","EQ","04-Jul-2023","2,615.70","2,625.00","2,625.00","2,573.25","2,588.00","2,588.75","2,588.64","37,20,447","9,63,09,11,136.45","1,57,756","19,04,092","51.18"
"RELIANCE","EQ","03-Jul-2023","2,550.25","2,558.05","2,622.00","2,555.35","2,612.00","2,615.70","2,596.46","56,09,248","14,56,42,07,451.25","2,05,284","28,74,114","51.24"
"RELIANCE","EQ","30-Jun-2023","2,529.50","2,546.40","2,556.65","2,533.45","2,553.35","2,550.25","2,543.75","51,46,441","13,09,12,51,360.20","2,23,168","33,24,585","64.60"
"RELIANCE","EQ","28-Jun-2023","2,496.45","2,513.00","2,537.85","2,497.85","2,530.35","2,529.50","2,525.48","52,39,872","13,23,32,13,873.00","1,90,293","31,23,960","59.62"
"RELIANCE","EQ","27-Jun-2023","2,495.55","2,496.55","2,509.50","2,486.65","2,495.00","2,496.45","2,496.25","44,71,687","11,16,24,30,554.95","1,57,574","33,61,328","75.17"
"RELIANCE","EQ","26-Jun-2023","2,514.75","2,507.00","2,515.40","2,488.70","2,495.25","2,495.55","2,500.04","58,33,893","14,58,49,60,042.70","1,40,793","46,05,047","78.94"
"RELIANCE","EQ","23-Jun-2023","2,535.50","2,528.90","2,533.40","2,512.00","2,517.80","2,514.75","2,521.55","30,59,084","7,71,36,44,596.40","1,36,010","15,21,122","49.72"
"RELIANCE","EQ","22-Jun-2023","2,564.30","2,556.00","2,573.30","2,532.00","2,539.00","2,535.50","2,551.25","35,16,244","8,97,08,24,759.40","1,79,274","18,38,674","52.29"
"RELIANCE","EQ","21-Jun-2023","2,557.10","2,557.00","2,569.85","2,548.00","2,564.90","2,564.30","2,561.96","32,12,779","8,23,10,21,944.90","1,35,010","19,72,217","61.39"
"RELIANCE","EQ","20-Jun-2023","2,551.80","2,547.55","2,564.00","2,535.00","2,561.50","2,557.10","2,548.60","31,94,085","8,14,04,54,943.70","1,19,189","21,50,522","67.33"
"RELIANCE","EQ","19-Jun-2023","2,577.40","2,584.00","2,584.00","2,542.65","2,550.50","2,551.80","2,555.84","31,37,532","8,01,90,25,286.30","1,30,037","16,88,183","53.81"
"RELIANCE","EQ","16-Jun-2023","2,552.55","2,560.20","2,582.40","2,560.20","2,575.00","2,577.40","2,574.79","1,11,55,180","28,72,22,02,805.50","2,37,630","80,75,240","72.39"
"RELIANCE","EQ","15-Jun-2023","2,551.85","2,551.80","2,562.55","2,535.50","2,550.15","2,552.55","2,551.63","54,51,926","13,91,13,15,989.45","1,93,503","29,60,975","54.31"
"RELIANCE","EQ","14-Jun-2023","2,520.85","2,521.00","2,555.00","2,517.00","2,546.25","2,551.85","2,541.35","61,27,509","15,57,21,20,760.55","2,55,684","40,43,667","65.99"
"RELIANCE","EQ","13-Jun-2023","2,484.15","2,495.00","2,523.45","2,486.25","2,517.90","2,520.85","2,509.06","51,90,958","13,02,44,09,119.20","1,79,929","33,92,279","65.35"
"RELIANCE","EQ","12-Jun-2023","2,481.95","2,475.50","2,489.20","2,465.00","2,488.00","2,484.15","2,479.76","29,49,893","7,31,50,18,537.50","1,55,197","16,74,191","56.75"
"RELIANCE","EQ","09-Jun-2023","2,499.65","2,507.00","2,508.55","2,478.00","2,482.00","2,481.95","2,493.99","27,12,243","6,76,43,00,003.70","1,54,585","12,59,707","46.45"
"RELIANCE","EQ","08-Jun-2023","2,498.15","2,506.00","2,516.85","2,491.00","2,505.00","2,499.65","2,504.11","55,70,815","13,94,99,25,583.10","1,76,663","23,55,465","42.28"
"RELIANCE","EQ","07-Jun-2023","2,479.35","2,487.00","2,500.00","2,472.60","2,498.00","2,498.15","2,487.06","47,59,238","11,83,65,09,766.30","1,87,387","25,01,664","52.56"
"RELIANCE","EQ","06-Jun-2023","2,477.25","2,483.45","2,487.70","2,462.00","2,483.80","2,479.35","2,473.70","34,58,161","8,55,44,57,378.70","1,67,754","18,30,127","52.92"
"RELIANCE","EQ","05-Jun-2023","2,455.20","2,467.20","2,483.75","2,458.45","2,479.95","2,477.25","2,470.14","50,34,355","12,43,55,36,493.30","1,61,758","34,13,545","67.81"
"RELIANCE","EQ","02-Jun-2023","2,463.25","2,471.00","2,482.85","2,451.00","2,455.25","2,455.20","2,459.32","72,91,995","17,93,33,84,336.15","1,60,655","50,68,213","69.50"
"RELIANCE","EQ","01-Jun-2023","2,469.90","2,480.15","2,484.90","2,458.00","2,467.00","2,463.25","2,472.06","67,34,525","16,64,81,39,919.55","2,16,233","40,83,929","60.64"
"RELIANCE","EQ","31-May-2023","2,519.95","2,500.00","2,509.85","2,461.00","2,466.95","2,469.90","2,477.34","1,25,10,304","30,99,22,95,693.45","2,89,027","87,30,857","69.79"
"RELIANCE","EQ","30-May-2023","2,520.60","2,520.60","2,537.70","2,514.35","2,520.55","2,519.95","2,524.94","52,34,564","13,21,69,61,279.00","1,73,212","26,45,328","50.54"
"RELIANCE","EQ","29-May-2023","2,506.50","2,521.00","2,530.00","2,507.20","2,518.20","2,520.60","2,519.76","46,19,754","11,64,06,58,051.85","1,84,530","25,05,419","54.23"
"RELIANCE","EQ","26-May-2023","2,439.95","2,458.00","2,509.00","2,450.75","2,508.80","2,506.50","2,489.54","58,27,017","14,50,66,12,501.75","1,97,182","28,89,346","49.59"
"RELIANCE","EQ","25-May-2023","2,440.25","2,433.90","2,449.00","2,416.05","2,444.85","2,439.95","2,430.14","53,01,647","12,88,37,32,875.05","1,36,521","22,32,701","42.11"
"RELIANCE","EQ","24-May-2023","2,454.55","2,445.90","2,464.00","2,433.45","2,441.00","2,440.25","2,447.77","37,43,804","9,16,39,84,988.70","1,32,191","18,28,787","48.85"
"RELIANCE","EQ","23-May-2023","2,455.00","2,460.65","2,468.00","2,451.45","2,453.00","2,454.55","2,460.13","28,11,473","6,91,65,83,531.40","1,21,065","14,84,525","52.80"
"RELIANCE","EQ","22-May-2023","2,441.95","2,435.00","2,466.00","2,432.35","2,454.50","2,455.00","2,455.77","34,31,208","8,42,62,66,009.20","1,22,501","12,02,296","35.04"
"RELIANCE","EQ","19-May-2023","2,434.05","2,434.05","2,445.95","2,418.85","2,444.00","2,441.95","2,432.71","37,15,280","9,03,82,04,553.15","1,18,264","13,98,819","37.65"
"RELIANCE","EQ","18-May-2023","2,439.30","2,449.55","2,457.00","2,427.15","2,433.00","2,434.05","2,443.67","48,57,531","11,87,02,19,947.45","1,45,659","10,04,981","20.69"
"RELIANCE","EQ","17-May-2023","2,453.80","2,463.00","2,465.00","2,429.00","2,442.00","2,439.30","2,444.63","40,60,722","9,92,69,61,637.20","1,55,508","16,02,975","39.48"
"RELIANCE","EQ","16-May-2023","2,489.25","2,494.00","2,499.60","2,450.15","2,454.55","2,453.80","2,474.17","40,23,000","9,95,35,70,679.50","2,02,246","21,54,699","53.56"
"RELIANCE","EQ","15-May-2023","2,484.35","2,489.90","2,504.55","2,473.15","2,484.75","2,489.25","2,492.24","31,53,587","7,85,94,81,400.85","1,39,761","16,40,574","52.02"
"RELIANCE","EQ","12-May-2023","2,480.30","2,469.80","2,487.40","2,456.50","2,481.90","2,484.35","2,473.50","32,09,889","7,93,96,58,229.75","1,16,311","16,62,095","51.78"
"RELIANCE","EQ","11-May-2023","2,496.60","2,498.95","2,509.50","2,476.55","2,482.00","2,480.30","2,494.02","48,72,451","12,15,19,66,094.10","1,90,308","20,18,589","41.43"
"RELIANCE","EQ","10-May-2023","2,479.55","2,490.00","2,499.85","2,481.20","2,492.00","2,496.60","2,493.65","50,17,544","12,51,20,18,443.70","1,47,588","27,95,603","55.72"
"RELIANCE","EQ","09-May-2023","2,471.90","2,475.00","2,486.80","2,463.25","2,476.70","2,479.55","2,476.94","29,83,468","7,38,98,73,116.30","1,67,950","14,71,944","49.34"
"RELIANCE","EQ","08-May-2023","2,441.75","2,450.00","2,483.65","2,444.15","2,471.00","2,471.90","2,468.41","42,24,469","10,42,77,25,788.55","1,69,304","24,01,148","56.84"
"RELIANCE","EQ","05-May-2023","2,448.00","2,441.00","2,461.35","2,436.00","2,441.00","2,441.75","2,447.86","40,36,548","9,88,09,00,102.30","1,71,662","15,38,067","38.10"
"RELIANCE","EQ","04-May-2023","2,420.10","2,421.15","2,452.85","2,414.60","2,445.95","2,448.00","2,438.20","39,85,159","9,71,66,26,291.25","1,48,384","17,41,751","43.71"
"RELIANCE","EQ","03-May-2023","2,441.05","2,445.00","2,445.00","2,413.05","2,418.00","2,420.10","2,423.03","32,59,053","7,89,67,75,124.85","1,22,949","18,26,435","56.04"
"RELIANCE","EQ","02-May-2023","2,420.50","2,436.20","2,445.80","2,428.10","2,440.20","2,441.05","2,438.83","59,91,101","14,61,12,50,968.30","2,13,010","38,88,221","64.90"
"RELIANCE","EQ","28-Apr-2023","2,377.05","2,382.00","2,423.90","2,381.75","2,419.90","2,420.50","2,409.46","71,83,342","17,30,79,47,047.80","2,26,856","40,54,041","56.44"
"RELIANCE","EQ","27-Apr-2023","2,362.10","2,375.00","2,384.00","2,364.00","2,381.70","2,377.05","2,373.05","42,30,627","10,03,94,93,207.75","1,51,491","20,32,293","48.04"
"RELIANCE","EQ","26-Apr-2023","2,376.05","2,379.00","2,386.10","2,354.05","2,361.90","2,362.10","2,363.34","39,77,129","9,39,93,18,934.15","1,59,924","20,98,237","52.76"
"RELIANCE","EQ","25-Apr-2023","2,358.00","2,366.00","2,380.60","2,350.50","2,373.45","2,376.05","2,365.75","42,62,471","10,08,39,30,491.20","1,51,700","20,86,689","48.95"
"RELIANCE","EQ","24-Apr-2023","2,349.00","2,375.00","2,380.90","2,348.00","2,360.50","2,358.00","2,360.70","59,70,048","14,09,35,09,408.65","2,17,965","27,51,711","46.09"
"RELIANCE","EQ","21-Apr-2023","2,346.05","2,350.65","2,361.00","2,336.40","2,351.00","2,349.00","2,348.70","35,29,236","8,28,91,02,461.70","1,51,695","19,01,194","53.87"
"RELIANCE","EQ","20-Apr-2023","2,352.00","2,354.10","2,359.00","2,332.10","2,345.00","2,346.05","2,342.63","32,33,882","7,57,57,82,937.90","1,42,307","13,28,115","41.07"
"RELIANCE","EQ","19-Apr-2023","2,340.35","2,339.05","2,357.90","2,332.20","2,348.80","2,352.00","2,347.73","56,64,207","13,29,80,39,126.00","1,46,728","25,62,595","45.24"
"RELIANCE","EQ","18-Apr-2023","2,367.45","2,377.00","2,377.00","2,326.00","2,340.40","2,340.35","2,341.54","48,02,172","11,24,44,58,267.80","1,59,024","21,50,217","44.78"
"RELIANCE","EQ","17-Apr-2023","2,355.50","2,424.95","2,424.95","2,349.05","2,367.35","2,367.45","2,371.58","82,74,452","19,62,34,93,252.40","1,98,022","52,43,193","63.37"
"RELIANCE","EQ","13-Apr-2023","2,346.65","2,353.00","2,365.80","2,342.00","2,356.00","2,355.50","2,354.04","57,12,541","13,44,75,64,946.75","1,73,375","32,83,242","57.47"
"RELIANCE","EQ","12-Apr-2023","2,336.35","2,336.35","2,367.80","2,330.05","2,346.70","2,346.65","2,347.57","83,89,646","19,69,52,62,387.55","1,87,546","54,37,346","64.81"
"RELIANCE","EQ","11-Apr-2023","2,324.85","2,334.00","2,341.00","2,324.05","2,334.10","2,336.35","2,333.10","48,65,301","11,35,12,55,127.75","1,51,084","32,37,435","66.54"
"RELIANCE","EQ","10-Apr-2023","2,341.45","2,350.00","2,350.40","2,321.55","2,324.05","2,324.85","2,337.29","59,81,688","13,98,09,69,369.40","1,46,678","24,97,661","41.76"
"RELIANCE","EQ","06-Apr-2023","2,325.85","2,318.15","2,354.00","2,318.15","2,340.15","2,341.45","2,341.09","85,07,771","19,91,74,29,621.50","2,01,019","30,66,395","36.04"
"RELIANCE","EQ","05-Apr-2023","2,331.45","2,348.00","2,348.00","2,308.55","2,324.10","2,325.85","2,325.64","75,05,339","17,45,47,36,439.85","2,15,635","32,86,758","43.79"
"RELIANCE","EQ","03-Apr-2023","2,331.05","2,345.00","2,349.00","2,315.00","2,331.05","2,331.45","2,327.86","47,50,238","11,05,78,79,559.90","1,92,147","25,98,875","54.71"
"RELIANCE","EQ","31-Mar-2023","2,234.70","2,255.00","2,343.45","2,254.70","2,330.95","2,331.05","2,315.77","1,30,01,005","30,10,73,14,074.90","4,46,320","80,37,003","61.82"
"RELIANCE","EQ","29-Mar-2023","2,248.00","2,239.00","2,244.80","2,211.10","2,242.20","2,234.70","2,228.64","86,78,073","19,34,02,93,216.90","2,94,929","53,60,948","61.78"
"RELIANCE","EQ","28-Mar-2023","2,237.55","2,245.00","2,256.50","2,237.00","2,247.05","2,248.00","2,246.61","58,04,018","13,03,93,73,592.90","2,00,011","36,51,674","62.92"
"RELIANCE","EQ","27-Mar-2023","2,203.30","2,217.50","2,254.00","2,200.20","2,238.80","2,237.55","2,237.36","64,86,068","14,51,16,43,743.50","2,17,981","33,99,932","52.42"
"RELIANCE","EQ","24-Mar-2023","2,247.80","2,245.25","2,250.00","2,198.00","2,204.90","2,203.30","2,221.83","57,11,497","12,68,99,75,563.60","2,31,777","35,21,704","61.66"
"RELIANCE","EQ","23-Mar-2023","2,276.60","2,268.00","2,269.90","2,243.05","2,247.60","2,247.80","2,253.68","74,99,082","16,90,05,52,054.30","1,87,678","52,54,204","70.06"
"RELIANCE","EQ","22-Mar-2023","2,269.70","2,285.00","2,291.45","2,270.00","2,274.30","2,276.60","2,281.22","50,39,622","11,49,64,91,661.40","1,95,193","30,89,805","61.31"
"RELIANCE","EQ","21-Mar-2023","2,201.25","2,218.95","2,274.00","2,217.00","2,272.00","2,269.70","2,256.48","98,76,263","22,28,55,72,145.65","3,42,611","51,72,557","52.37"
"RELIANCE","EQ","20-Mar-2023","2,223.10","2,215.00","2,220.00","2,180.00","2,211.15","2,201.25","2,194.09","90,10,595","19,77,00,27,745.25","3,69,095","50,60,920","56.17"
"RELIANCE","EQ","17-Mar-2023","2,225.90","2,244.75","2,251.95","2,212.70","2,224.40","2,223.10","2,226.05","1,56,97,554","34,94,35,97,049.60","3,02,341","1,14,67,951","73.06"
"RELIANCE","EQ","16-Mar-2023","2,237.05","2,243.00","2,254.00","2,202.20","2,229.50","2,225.90","2,229.58","84,74,595","18,89,47,58,462.15","3,66,871","47,38,415","55.91"
"RELIANCE","EQ","15-Mar-2023","2,275.95","2,284.10","2,298.30","2,227.40","2,237.45","2,237.05","2,263.32","1,00,27,725","22,69,59,25,219.15","3,71,953","61,37,251","61.20"
"RELIANCE","EQ","14-Mar-2023","2,284.50","2,280.00","2,304.95","2,269.05","2,279.00","2,275.95","2,285.47","73,96,699","16,90,49,04,240.65","2,66,523","34,19,876","46.24"
"RELIANCE","EQ","13-Mar-2023","2,322.70","2,329.00","2,344.00","2,275.00","2,288.00","2,284.50","2,307.72","58,94,088","13,60,19,04,297.45","2,56,526","26,74,835","45.38"
"RELIANCE","EQ","10-Mar-2023","2,359.25","2,341.50","2,344.00","2,315.05","2,326.00","2,322.70","2,324.06","61,53,681","14,30,15,40,668.50","2,57,596","33,00,623","53.64"
"RELIANCE","EQ","09-Mar-2023","2,417.35","2,416.00","2,416.90","2,355.10","2,360.00","2,359.25","2,377.08","74,92,509","17,81,03,28,720.90","2,32,305","45,08,290","60.17"
"RELIANCE","EQ","08-Mar-2023","2,408.70","2,408.70","2,419.00","2,385.00","2,416.50","2,417.35","2,407.08","72,83,694","17,53,24,25,276.00","1,82,199","41,11,112","56.44"
"RELIANCE","EQ","06-Mar-2023","2,385.40","2,400.00","2,424.60","2,400.00","2,409.70","2,408.70","2,412.27","46,94,338","11,32,40,34,037.10","1,55,650","26,06,276","55.52"
"RELIANCE","EQ","03-Mar-2023","2,326.05","2,349.15","2,393.45","2,341.55","2,382.00","2,385.40","2,366.67","67,58,115","15,99,42,00,481.70","1,97,227","41,46,741","61.36"
"RELIANCE","EQ","02-Mar-2023","2,343.90","2,337.00","2,351.65","2,321.60","2,329.40","2,326.05","2,333.58","43,07,425","10,05,17,32,048.90","1,88,182","24,22,136","56.23"
"RELIANCE","EQ","01-Mar-2023","2,322.55","2,344.00","2,345.50","2,323.25","2,345.40","2,343.90","2,336.64","53,30,852","12,45,62,84,409.25","2,30,019","31,03,711","58.22"
"RELIANCE","EQ","28-Feb-2023","2,367.85","2,356.10","2,367.00","2,313.65","2,319.95","2,322.55","2,333.98","1,01,50,245","23,69,04,36,663.80","3,13,946","63,72,032","62.78"
"RELIANCE","EQ","27-Feb-2023","2,383.70","2,382.00","2,389.65","2,351.70","2,365.05","2,367.85","2,366.20","51,68,667","12,23,00,93,429.05","1,93,653","32,33,733","62.56"
"RELIANCE","EQ","24-Feb-2023","2,367.50","2,372.00","2,396.15","2,368.00","2,387.90","2,383.70","2,381.54","43,53,814","10,36,87,96,539.40","1,57,064","24,64,268","56.60"
"RELIANCE","EQ","23-Feb-2023","2,378.90","2,378.00","2,394.75","2,361.35","2,366.50","2,367.50","2,377.10","45,46,655","10,80,78,33,963.95","1,76,202","25,00,479","55.00"
"RELIANCE","EQ","22-Feb-2023","2,434.10","2,425.95","2,430.00","2,375.05","2,377.00","2,378.90","2,395.74","50,87,729","12,18,88,88,236.70","2,04,778","31,93,068","62.76"
"RELIANCE","EQ","21-Feb-2023","2,414.40","2,424.00","2,446.80","2,412.35","2,435.20","2,434.10","2,428.09","61,43,298","14,91,64,58,652.90","1,90,616","37,95,226","61.78"
"RELIANCE","EQ","20-Feb-2023","2,440.20","2,445.00","2,449.75","2,410.10","2,414.70","2,414.40","2,429.58","40,78,245","9,90,84,16,474.30","1,69,244","22,28,609","54.65"
"RELIANCE","EQ","17-Feb-2023","2,430.05","2,420.00","2,447.50","2,410.60","2,438.00","2,440.20","2,433.17","54,50,092","13,26,09,80,980.85","1,72,321","34,30,691","62.95"
"RELIANCE","EQ","16-Feb-2023","2,431.95","2,449.45","2,463.80","2,425.05","2,427.50","2,430.05","2,445.33","79,67,558","19,48,33,14,957.80","3,20,609","55,39,874","69.53"
"RELIANCE","EQ","15-Feb-2023","2,378.10","2,376.00","2,437.20","2,373.00","2,435.05","2,431.95","2,417.55","1,54,61,902","37,37,99,21,255.85","3,38,567","1,16,44,633","75.31"
"RELIANCE","EQ","14-Feb-2023","2,323.35","2,329.95","2,381.90","2,323.65","2,380.00","2,378.10","2,365.58","66,09,564","15,63,54,20,227.95","2,27,277","40,49,724","61.27"
"RELIANCE","EQ","13-Feb-2023","2,336.65","2,340.20","2,350.00","2,313.55","2,324.60","2,323.35","2,323.49","47,77,674","11,10,08,81,219.90","1,51,763","27,80,205","58.19"
"RELIANCE","EQ","10-Feb-2023","2,356.05","2,354.90","2,354.90","2,321.30","2,336.50","2,336.65","2,331.77","49,79,789","11,61,17,24,209.05","1,88,258","26,34,108","52.90"
"RELIANCE","EQ","09-Feb-2023","2,351.95","2,353.45","2,370.85","2,334.00","2,353.60","2,356.05","2,354.91","60,79,228","14,31,60,05,705.25","2,64,097","38,62,283","63.53"
"RELIANCE","EQ","08-Feb-2023","2,305.90","2,313.00","2,359.90","2,307.00","2,349.65","2,351.95","2,344.97","97,65,490","22,89,98,22,662.10","2,83,018","67,67,529","69.30"
"RELIANCE","EQ","07-Feb-2023","2,311.45","2,312.00","2,327.40","2,293.00","2,304.30","2,305.90","2,312.27","69,85,001","16,15,12,25,520.20","2,81,342","47,49,078","67.99"
"RELIANCE","EQ","06-Feb-2023","2,329.00","2,315.00","2,321.00","2,305.80","2,312.90","2,311.45","2,311.92","68,47,679","15,83,13,18,495.45","2,93,805","51,91,602","75.82"
"RELIANCE","EQ","03-Feb-2023","2,326.95","2,349.00","2,349.00","2,293.00","2,330.00","2,329.00","2,318.88","1,13,98,850","26,43,25,10,094.95","4,06,488","79,73,555","69.95"
"RELIANCE","EQ","02-Feb-2023","2,339.90","2,318.00","2,348.00","2,311.00","2,325.00","2,326.95","2,324.91","63,05,317","14,65,93,21,464.40","2,75,957","41,53,622","65.87"
"RELIANCE","EQ","01-Feb-2023","2,353.85","2,379.95","2,379.95","2,305.00","2,340.00","2,339.90","2,351.35","89,29,007","20,99,52,29,704.30","3,12,582","57,72,174","64.65"
"RELIANCE","EQ","31-Jan-2023","2,359.75","2,382.00","2,387.65","2,341.00","2,356.65","2,353.85","2,354.47","1,04,72,167","24,65,63,84,337.05","3,48,674","75,64,934","72.24"
"RELIANCE","EQ","30-Jan-2023","2,337.35","2,331.70","2,371.90","2,301.00","2,363.55","2,359.75","2,340.91","1,00,47,822","23,52,10,08,144.60","3,12,077","71,39,843","71.06"
"RELIANCE","EQ","27-Jan-2023","2,382.55","2,384.40","2,387.35","2,311.65","2,339.00","2,337.35","2,337.64","1,19,20,991","27,86,69,37,052.40","4,56,285","81,75,005","68.58"
"RELIANCE","EQ","25-Jan-2023","2,415.95","2,412.45","2,414.70","2,380.00","2,384.00","2,382.55","2,392.49","57,15,684","13,67,47,34,133.05","3,34,425","41,12,953","71.96"
"RELIANCE","EQ","24-Jan-2023","2,430.30","2,440.00","2,443.65","2,387.35","2,413.00","2,415.95","2,414.29","76,09,558","18,37,16,44,661.35","2,32,964","43,90,622","57.70"
"RELIANCE","EQ","23-Jan-2023","2,442.65","2,449.00","2,466.20","2,425.00","2,428.00","2,430.30","2,440.34","50,55,324","12,33,67,10,126.65","2,18,454","29,19,027","57.74"
"RELIANCE","EQ","20-Jan-2023","2,472.05","2,475.00","2,475.00","2,437.25","2,443.00","2,442.65","2,452.37","68,90,325","16,89,76,29,055.85","2,29,958","40,17,843","58.31"
"RELIANCE","EQ","19-Jan-2023","2,474.70","2,472.90","2,481.15","2,456.65","2,469.00","2,472.05","2,472.43","55,10,333","13,62,38,98,939.80","1,53,940","37,31,869","67.72"
"RELIANCE","EQ","18-Jan-2023","2,478.80","2,473.50","2,491.10","2,460.35","2,474.70","2,474.70","2,476.84","62,06,382","15,37,22,36,749.05","1,85,546","42,05,017","67.75"
"RELIANCE","EQ","17-Jan-2023","2,444.10","2,458.00","2,483.00","2,450.60","2,478.40","2,478.80","2,466.88","49,61,585","12,23,96,50,262.85","2,05,841","30,03,139","60.53"
"RELIANCE","EQ","16-Jan-2023","2,467.60","2,472.70","2,479.65","2,427.00","2,444.50","2,444.10","2,445.10","62,87,407","15,37,33,25,638.55","1,74,901","44,95,622","71.50"
"RELIANCE","EQ","13-Jan-2023","2,471.60","2,458.40","2,472.90","2,434.60","2,467.90","2,467.60","2,454.77","95,15,473","23,35,82,92,572.35","3,28,122","63,24,627","66.47"
"RELIANCE","EQ","12-Jan-2023","2,526.15","2,524.85","2,532.50","2,465.00","2,475.00","2,471.60","2,487.49","81,63,366","20,30,62,72,476.25","3,40,401","52,51,960","64.34"
"RELIANCE","EQ","11-Jan-2023","2,558.40","2,552.50","2,558.00","2,521.10","2,525.00","2,526.15","2,533.89","53,11,657","13,45,91,64,952.45","2,08,828","34,71,261","65.35"
"RELIANCE","EQ","10-Jan-2023","2,596.80","2,606.00","2,606.00","2,546.00","2,561.95","2,558.40","2,568.83","37,13,755","9,53,99,91,868.55","2,34,537","20,57,669","55.41"
"RELIANCE","EQ","09-Jan-2023","2,536.90","2,545.30","2,602.00","2,543.35","2,594.00","2,596.80","2,582.50","49,48,549","12,77,96,28,419.65","2,54,220","31,20,482","63.06"
"RELIANCE","EQ","06-Jan-2023","2,514.05","2,526.65","2,547.95","2,518.30","2,537.00","2,536.90","2,534.90","29,30,338","7,42,81,25,091.15","1,57,118","12,77,644","43.60"
"RELIANCE","EQ","05-Jan-2023","2,518.55","2,523.50","2,536.40","2,504.00","2,521.80","2,514.05","2,516.50","62,93,519","15,83,76,39,744.30","1,97,434","43,98,483","69.89"
"RELIANCE","EQ","04-Jan-2023","2,557.05","2,557.00","2,561.05","2,514.00","2,516.65","2,518.55","2,529.71","42,75,746","10,81,63,99,502.15","1,82,754","26,33,647","61.60"
"RELIANCE","EQ","03-Jan-2023","2,575.90","2,565.05","2,573.00","2,547.80","2,555.80","2,557.05","2,558.48","35,34,596","9,04,31,99,290.70","1,35,268","18,76,879","53.10"
"RELIANCE","EQ","02-Jan-2023","2,547.20","2,550.00","2,579.00","2,548.20","2,577.90","2,575.90","2,564.68","24,53,414","6,29,22,10,762.05","97,175","12,51,899","51.03"
"RELIANCE","EQ","30-Dec-2022","2,543.30","2,545.10","2,577.00","2,541.10","2,547.00","2,547.20","2,559.73","33,64,092","8,61,11,63,857.75","1,47,642","15,57,651","46.30"
"RELIANCE","EQ","29-Dec-2022","2,544.45","2,527.00","2,548.90","2,525.50","2,544.95","2,543.30","2,536.86","31,98,493","8,11,41,44,680.25","1,24,496","16,08,415","50.29"
"RELIANCE","EQ","28-Dec-2022","2,544.70","2,538.00","2,549.80","2,521.50","2,542.00","2,544.45","2,537.68","34,42,509","8,73,59,79,365.75","1,58,888","19,08,597","55.44"
"RELIANCE","EQ","27-Dec-2022","2,524.05","2,530.00","2,548.80","2,515.25","2,542.70","2,544.70","2,534.62","26,59,749","6,74,14,52,650.05","1,38,609","12,46,382","46.86"
"RELIANCE","EQ","26-Dec-2022","2,502.20","2,514.75","2,542.00","2,492.40","2,525.00","2,524.05","2,523.81","27,64,496","6,97,70,59,265.30","1,17,927","12,25,057","44.31"
"RELIANCE","EQ","23-Dec-2022","2,577.80","2,563.30","2,590.50","2,492.25","2,508.50","2,502.20","2,540.02","47,33,657","12,02,35,88,105.45","2,31,798","20,70,781","43.75"
"RELIANCE","EQ","22-Dec-2022","2,584.50","2,598.00","2,604.65","2,566.75","2,577.00","2,577.80","2,582.55","34,38,692","8,88,05,81,065.90","1,49,770","14,90,951","43.36"
"RELIANCE","EQ","21-Dec-2022","2,621.80","2,621.00","2,633.00","2,576.10","2,583.20","2,584.50","2,601.19","39,35,463","10,23,68,89,380.75","1,42,775","16,77,915","42.64"
"RELIANCE","EQ","20-Dec-2022","2,599.30","2,583.90","2,626.00","2,566.00","2,619.95","2,621.80","2,594.80","34,46,291","8,94,24,20,886.85","1,65,894","15,67,590","45.49"
"RELIANCE","EQ","19-Dec-2022","2,565.60","2,581.00","2,604.00","2,566.70","2,603.00","2,599.30","2,582.95","35,67,363","9,21,43,19,519.75","1,74,281","18,81,722","52.75"
"RELIANCE","EQ","16-Dec-2022","2,578.35","2,571.00","2,618.80","2,558.15","2,567.90","2,565.60","2,583.46","73,08,934","18,88,23,67,676.10","2,16,883","39,95,069","54.66"
"RELIANCE","EQ","15-Dec-2022","2,615.50","2,602.50","2,615.00","2,571.00","2,580.00","2,578.35","2,590.74","40,09,765","10,38,82,61,664.65","1,75,220","26,29,878","65.59"
"RELIANCE","EQ","14-Dec-2022","2,625.00","2,637.65","2,638.95","2,611.00","2,613.50","2,615.50","2,620.85","33,54,618","8,79,19,39,261.60","1,49,123","21,35,521","63.66"
"RELIANCE","EQ","13-Dec-2022","2,613.10","2,613.10","2,633.00","2,606.70","2,622.00","2,625.00","2,622.04","38,45,839","10,08,39,40,253.45","1,36,575","21,71,219","56.46"
"RELIANCE","EQ","12-Dec-2022","2,609.10","2,585.50","2,623.00","2,585.00","2,617.00","2,613.10","2,607.23","43,74,946","11,40,65,08,900.60","1,51,760","24,39,231","55.75"
"RELIANCE","EQ","09-Dec-2022","2,649.25","2,646.00","2,660.00","2,601.85","2,609.50","2,609.10","2,627.54","58,40,633","15,34,64,88,528.00","1,72,574","39,27,269","67.24"
"RELIANCE","EQ","08-Dec-2022","2,650.50","2,660.00","2,665.00","2,640.10","2,649.00","2,649.25","2,651.78","35,79,858","9,49,29,88,488.55","1,44,130","21,90,085","61.18"
"RELIANCE","EQ","07-Dec-2022","2,690.20","2,685.00","2,695.00","2,642.15","2,647.00","2,650.50","2,665.31","39,05,263","10,40,87,39,251.40","1,58,784","24,25,575","62.11"
"RELIANCE","EQ","06-Dec-2022","2,682.45","2,665.10","2,697.00","2,661.00","2,689.45","2,690.20","2,685.66","39,66,243","10,65,19,99,752.80","1,56,158","22,04,998","55.59"
"RELIANCE","EQ","05-Dec-2022","2,722.15","2,712.00","2,716.75","2,678.00","2,682.00","2,682.45","2,694.53","68,43,367","18,43,96,68,158.05","2,27,194","48,61,671","71.04"
"RELIANCE","EQ","02-Dec-2022","2,723.30","2,730.00","2,748.00","2,700.60","2,727.00","2,722.15","2,725.02","53,48,595","14,57,50,17,227.75","2,04,222","29,99,370","56.08"
"RELIANCE","EQ","01-Dec-2022","2,731.35","2,741.80","2,755.00","2,716.00","2,725.25","2,723.30","2,738.93","43,77,696","11,99,02,09,635.60","1,77,158","25,38,726","57.99"
"RELIANCE","EQ","30-Nov-2022","2,712.20","2,712.50","2,745.45","2,698.20","2,733.05","2,731.35","2,727.09","1,20,75,137","32,92,99,88,867.00","2,76,976","77,80,847","64.44"
"RELIANCE","EQ","29-Nov-2022","2,707.55","2,703.95","2,731.65","2,694.00","2,708.35","2,712.20","2,713.16","51,03,687","13,84,71,36,356.65","2,17,704","28,52,331","55.89"
"RELIANCE","EQ","28-Nov-2022","2,617.60","2,608.90","2,721.05","2,502.00","2,706.00","2,707.55","2,686.06","1,45,49,929","39,08,19,53,191.85","3,22,273","67,94,072","46.69"
"RELIANCE","EQ","25-Nov-2022","2,579.10","2,589.00","2,624.90","2,582.10","2,612.75","2,617.60","2,605.35","33,91,988","8,83,73,31,953.30","1,28,621","15,78,251","46.53"
"RELIANCE","EQ","24-Nov-2022","2,557.05","2,566.00","2,594.00","2,548.20","2,588.00","2,579.10","2,564.10","43,33,225","11,11,08,42,573.85","1,54,377","27,23,781","62.86"
"RELIANCE","EQ","23-Nov-2022","2,565.05","2,575.00","2,577.90","2,552.25","2,557.50","2,557.05","2,561.22","29,59,787","7,58,06,60,698.90","1,21,346","18,73,450","63.30"
"RELIANCE","EQ","22-Nov-2022","2,550.90","2,545.00","2,568.50","2,536.50","2,564.90","2,565.05","2,556.94","30,51,201","7,80,17,36,581.00","1,38,342","16,43,928","53.88"
"RELIANCE","EQ","21-Nov-2022","2,597.65","2,588.00","2,588.00","2,543.10","2,548.00","2,550.90","2,556.28","29,49,108","7,53,87,48,417.35","1,31,742","15,49,394","52.54"
"RELIANCE","EQ","18-Nov-2022","2,599.05","2,606.75","2,609.00","2,571.10","2,597.05","2,597.65","2,589.31","24,47,425","6,33,71,49,845.85","1,04,090","12,15,602","49.67"
"RELIANCE","EQ","17-Nov-2022","2,592.35","2,584.95","2,613.00","2,580.00","2,598.95","2,599.05","2,599.58","30,74,259","7,99,17,93,077.85","1,15,328","15,94,081","51.85"
"RELIANCE","EQ","16-Nov-2022","2,607.30","2,610.00","2,615.95","2,581.35","2,592.95","2,592.35","2,601.87","44,84,007","11,66,68,07,298.05","1,45,159","29,19,028","65.10"
"RELIANCE","EQ","15-Nov-2022","2,619.05","2,622.30","2,626.40","2,590.00","2,607.20","2,607.30","2,603.39","32,70,388","8,51,41,00,480.75","1,57,977","18,52,654","56.65"
"RELIANCE","EQ","14-Nov-2022","2,631.80","2,630.75","2,642.00","2,605.15","2,614.65","2,619.05","2,624.26","41,73,395","10,95,20,68,321.50","1,85,791","24,00,549","57.52"
"RELIANCE","EQ","11-Nov-2022","2,572.50","2,600.00","2,636.00","2,588.00","2,630.00","2,631.80","2,614.60","56,81,124","14,85,38,80,989.55","2,16,539","32,38,628","57.01"
"RELIANCE","EQ","10-Nov-2022","2,604.00","2,590.00","2,596.55","2,563.00","2,572.35","2,572.50","2,575.91","27,53,420","7,09,25,62,040.10","1,33,955","15,24,085","55.35"
"RELIANCE","EQ","09-Nov-2022","2,606.60","2,610.30","2,621.95","2,590.05","2,593.70","2,604.00","2,610.46","51,93,814","13,55,82,51,214.20","1,66,982","33,30,006","64.11"
"RELIANCE","EQ","07-Nov-2022","2,592.75","2,591.00","2,610.30","2,574.00","2,604.00","2,606.60","2,595.94","54,40,967","14,12,44,30,758.45","1,95,001","32,75,176","60.19"
"RELIANCE","EQ","04-Nov-2022","2,555.15","2,553.90","2,600.00","2,551.10","2,594.20","2,592.75","2,582.57","58,03,737","14,98,85,68,897.45","1,72,676","38,07,151","65.60"
"RELIANCE","EQ","03-Nov-2022","2,545.65","2,529.85","2,559.55","2,525.05","2,552.00","2,555.15","2,546.83","30,89,026","7,86,72,09,428.75","1,22,250","15,36,115","49.73"
"RELIANCE","BL","03-Nov-2022","2,370.70","2,545.65","2,545.65","2,545.65","2,545.65","2,545.65","2,545.65","46,55,522","11,85,13,29,579.30","1","-","-"
"RELIANCE","EQ","02-Nov-2022","2,529.85","2,532.30","2,550.20","2,515.00","2,542.55","2,545.65","2,535.59","41,45,144","10,51,03,78,542.40","2,02,520","21,87,290","52.77"
"RELIANCE","EQ","01-Nov-2022","2,549.60","2,600.00","2,600.00","2,508.00","2,531.70","2,529.85","2,543.76","64,43,999","16,39,19,94,975.90","2,43,797","34,34,726","53.30"
"RELIANCE","EQ","31-Oct-2022","2,526.15","2,541.00","2,560.95","2,532.20","2,545.80","2,549.60","2,548.29","57,31,802","14,60,63,11,320.10","2,07,585","31,67,712","55.27"
"RELIANCE","EQ","28-Oct-2022","2,451.15","2,465.00","2,535.00","2,459.45","2,527.00","2,526.15","2,508.14","81,26,824","20,38,32,47,305.20","3,13,227","40,21,804","49.49"
"RELIANCE","EQ","27-Oct-2022","2,441.55","2,458.00","2,468.45","2,432.80","2,459.20","2,451.15","2,448.82","57,74,775","14,14,13,65,856.20","1,97,403","33,20,289","57.50"
"RELIANCE","EQ","25-Oct-2022","2,479.85","2,499.00","2,499.00","2,438.00","2,441.80","2,441.55","2,465.38","56,45,639","13,91,86,29,427.80","1,99,350","34,73,856","61.53"
"RELIANCE","EQ","24-Oct-2022","2,471.60","2,460.00","2,502.50","2,455.30","2,480.80","2,479.85","2,481.80","15,55,270","3,85,98,66,818.15","68,811","4,36,975","28.10"
"RELIANCE","EQ","21-Oct-2022","2,500.60","2,507.70","2,516.80","2,467.00","2,470.00","2,471.60","2,491.53","38,04,352","9,47,86,48,257.95","1,64,406","16,89,855","44.42"
"RELIANCE","EQ","20-Oct-2022","2,493.90","2,485.00","2,519.00","2,485.00","2,496.05","2,500.60","2,502.71","40,22,919","10,06,81,97,552.85","1,52,697","19,94,838","49.59"
"RELIANCE","EQ","19-Oct-2022","2,451.25","2,454.50","2,527.85","2,441.70","2,496.00","2,493.90","2,499.51","88,82,553","22,20,20,63,579.30","2,60,623","37,68,892","42.43"
"RELIANCE","EQ","18-Oct-2022","2,408.75","2,422.00","2,463.00","2,420.15","2,453.35","2,451.25","2,450.34","57,29,899","14,04,02,01,497.40","1,93,197","32,10,585","56.03"
"RELIANCE","BL","17-Oct-2022","2,377.75","2,370.70","2,370.70","2,370.70","2,370.70","2,370.70","2,370.70","39,36,069","9,33,12,38,778.30","1","-","-"
"RELIANCE","EQ","17-Oct-2022","2,370.70","2,355.00","2,414.00","2,343.60","2,406.60","2,408.75","2,376.10","77,20,595","18,34,49,14,890.00","1,85,379","24,73,925","32.04"
"RELIANCE","EQ","14-Oct-2022","2,382.80","2,415.00","2,416.35","2,369.10","2,371.75","2,370.70","2,392.60","42,02,459","10,05,48,22,904.25","1,78,804","26,76,992","63.70"
"RELIANCE","EQ","13-Oct-2022","2,375.25","2,371.40","2,394.00","2,360.10","2,381.00","2,382.80","2,379.51","33,82,098","8,04,77,37,069.20","1,63,282","19,76,668","58.45"
"RELIANCE","EQ","12-Oct-2022","2,357.90","2,352.00","2,381.70","2,343.10","2,377.00","2,375.25","2,368.06","34,22,992","8,10,58,61,297.40","1,58,484","19,14,563","55.93"
"RELIANCE","EQ","11-Oct-2022","2,405.80","2,414.00","2,414.00","2,351.10","2,353.55","2,357.90","2,377.84","42,52,803","10,11,24,92,555.10","1,97,213","24,80,007","58.31"
"RELIANCE","EQ","10-Oct-2022","2,432.35","2,405.00","2,417.60","2,388.00","2,407.00","2,405.80","2,403.20","29,21,076","7,01,99,27,774.65","1,36,725","14,53,561","49.76"
"RELIANCE","EQ","07-Oct-2022","2,422.10","2,414.65","2,443.90","2,414.65","2,431.95","2,432.35","2,431.89","35,60,167","8,65,79,40,132.20","1,19,485","19,45,241","54.64"
"RELIANCE","EQ","06-Oct-2022","2,413.20","2,429.00","2,450.00","2,418.15","2,422.50","2,422.10","2,433.70","61,62,021","14,99,64,87,081.50","2,12,103","42,93,494","69.68"
"RELIANCE","EQ","04-Oct-2022","2,369.50","2,397.80","2,418.00","2,390.15","2,412.90","2,413.20","2,406.73","41,29,893","9,93,95,56,462.20","1,52,496","20,69,006","50.10"
"RELIANCE","BL","03-Oct-2022","2,534.00","2,377.75","2,377.75","2,377.75","2,377.75","2,377.75","2,377.75","38,51,162","9,15,71,00,445.50","1","-","-"
"RELIANCE","EQ","03-Oct-2022","2,377.75","2,391.50","2,416.95","2,363.00","2,367.05","2,369.50","2,382.06","54,70,030","13,02,99,23,334.80","2,30,794","27,17,072","49.67"
"RELIANCE","EQ","30-Sep-2022","2,325.30","2,311.00","2,402.00","2,311.00","2,376.15","2,377.75","2,371.60","85,89,908","20,37,18,10,194.00","2,64,760","50,32,369","58.58"
"RELIANCE","EQ","29-Sep-2022","2,332.45","2,360.00","2,367.50","2,313.00","2,328.00","2,325.30","2,334.53","67,71,046","15,80,72,34,115.85","2,88,225","43,18,113","63.77"
"RELIANCE","EQ","28-Sep-2022","2,396.25","2,360.35","2,378.00","2,327.10","2,330.50","2,332.45","2,353.58","78,44,140","18,46,17,91,856.30","3,87,724","44,21,083","56.36"
"RELIANCE","EQ","27-Sep-2022","2,377.35","2,394.00","2,426.00","2,360.10","2,394.00","2,396.25","2,390.70","74,55,448","17,82,37,38,488.00","2,95,538","41,99,383","56.33"
"RELIANCE","EQ","26-Sep-2022","2,439.50","2,394.05","2,417.80","2,375.15","2,378.15","2,377.35","2,392.03","57,59,298","13,77,64,01,753.70","3,34,638","32,59,263","56.59"
"RELIANCE","EQ","23-Sep-2022","2,486.10","2,485.00","2,495.95","2,436.10","2,438.80","2,439.50","2,455.68","43,97,194","10,79,81,21,356.15","2,46,646","24,91,690","56.67"
"RELIANCE","EQ","22-Sep-2022","2,509.75","2,486.00","2,503.00","2,472.10","2,487.95","2,486.10","2,488.77","47,57,219","11,83,96,11,958.30","2,07,678","26,69,635","56.12"
"RELIANCE","EQ","21-Sep-2022","2,502.85","2,496.75","2,533.00","2,495.00","2,507.70","2,509.75","2,515.30","42,49,172","10,68,79,28,437.35","1,46,056","20,95,628","49.32"
"RELIANCE","EQ","20-Sep-2022","2,502.45","2,522.45","2,537.70","2,494.70","2,497.85","2,502.85","2,518.24","38,81,882","9,77,54,96,109.20","1,78,557","17,76,953","45.78"
"RELIANCE","EQ","19-Sep-2022","2,499.20","2,499.20","2,522.70","2,481.35","2,502.40","2,502.45","2,506.17","34,98,286","8,76,73,14,647.00","1,37,901","16,78,286","47.97"
"RELIANCE","EQ","16-Sep-2022","2,562.70","2,543.75","2,553.00","2,491.00","2,498.00","2,499.20","2,509.51","93,30,469","23,41,48,92,723.80","3,11,718","55,87,220","59.88"
"RELIANCE","EQ","15-Sep-2022","2,588.35","2,583.00","2,603.55","2,556.75","2,563.00","2,562.70","2,573.85","47,83,723","12,31,26,02,615.90","1,81,399","28,38,610","59.34"
"RELIANCE","EQ","14-Sep-2022","2,619.75","2,575.00","2,610.00","2,572.75","2,589.15","2,588.35","2,595.02","40,04,997","10,39,30,65,929.10","1,56,954","21,91,578","54.72"
"RELIANCE","EQ","13-Sep-2022","2,598.05","2,618.00","2,629.70","2,601.00","2,619.00","2,619.75","2,617.12","41,02,114","10,73,57,22,213.80","1,55,135","21,70,824","52.92"
"RELIANCE","EQ","12-Sep-2022","2,569.30","2,570.55","2,612.00","2,570.55","2,597.60","2,598.05","2,596.44","34,31,445","8,90,95,27,157.50","1,23,802","16,12,795","47.00"
"RELIANCE","EQ","09-Sep-2022","2,585.40","2,610.00","2,610.00","2,564.00","2,568.90","2,569.30","2,577.69","38,37,302","9,89,13,79,842.80","1,85,947","21,49,444","56.01"
"RELIANCE","EQ","08-Sep-2022","2,581.75","2,588.25","2,598.00","2,571.00","2,583.05","2,585.40","2,583.54","32,56,840","8,41,41,88,239.00","1,16,529","18,21,103","55.92"
"RELIANCE","EQ","07-Sep-2022","2,596.85","2,575.00","2,594.90","2,570.00","2,580.50","2,581.75","2,580.95","34,55,942","8,91,96,02,471.35","1,17,855","17,24,115","49.89"
"RELIANCE","EQ","06-Sep-2022","2,569.80","2,573.00","2,606.00","2,572.00","2,594.00","2,596.85","2,592.68","50,30,172","13,04,16,46,173.55","1,74,426","25,88,620","51.46"
"RELIANCE","EQ","05-Sep-2022","2,530.50","2,531.00","2,581.50","2,531.00","2,567.15","2,569.80","2,563.92","52,27,785","13,40,36,22,183.40","1,89,614","26,58,456","50.85"
"RELIANCE","EQ","02-Sep-2022","2,560.40","2,560.40","2,575.35","2,525.70","2,527.95","2,530.50","2,546.24","59,99,196","15,27,53,78,547.55","2,66,158","31,85,305","53.10"
"RELIANCE","EQ","01-Sep-2022","2,637.95","2,582.65","2,604.95","2,550.70","2,564.00","2,560.40","2,580.13","91,88,434","23,70,73,62,824.55","3,46,414","56,58,983","61.59"
"RELIANCE","EQ","30-Aug-2022","2,597.65","2,614.00","2,645.25","2,576.60","2,642.00","2,637.95","2,614.74","1,06,78,670","27,92,19,81,356.70","2,85,656","56,24,355","52.67"
"RELIANCE","EQ","29-Aug-2022","2,618.00","2,585.00","2,655.00","2,578.05","2,600.00","2,597.65","2,614.34","91,55,684","23,93,60,68,091.80","3,26,003","37,37,011","40.82"
"RELIANCE","EQ","26-Aug-2022","2,632.05","2,633.00","2,650.00","2,607.00","2,623.00","2,618.00","2,622.30","49,57,449","12,99,99,29,105.55","1,91,312","28,85,652","58.21"
"RELIANCE","EQ","25-Aug-2022","2,639.75","2,648.95","2,662.90","2,622.60","2,628.00","2,632.05","2,648.65","36,32,902","9,62,23,00,857.85","1,33,033","17,83,626","49.10"
"RELIANCE","EQ","24-Aug-2022","2,646.80","2,640.10","2,670.00","2,635.35","2,645.00","2,639.75","2,648.95","47,85,579","12,67,67,50,456.45","1,68,584","23,82,456","49.78"
"RELIANCE","EQ","23-Aug-2022","2,606.60","2,594.00","2,653.20","2,591.35","2,649.00","2,646.80","2,630.64","44,66,619","11,75,00,46,560.20","1,73,321","22,11,602","49.51"
"RELIANCE","EQ","22-Aug-2022","2,613.85","2,617.00","2,631.30","2,586.00","2,602.50","2,606.60","2,606.47","43,71,179","11,39,33,40,723.50","1,93,858","21,85,175","49.99"
"RELIANCE","EQ","19-Aug-2022","2,661.30","2,650.00","2,661.70","2,604.95","2,609.80","2,613.85","2,631.57","43,66,123","11,48,97,47,684.60","1,59,356","20,43,043","46.79"
"RELIANCE","EQ","18-Aug-2022","2,665.15","2,660.00","2,669.00","2,640.20","2,662.00","2,661.30","2,654.44","34,19,730","9,07,74,57,998.05","1,31,393","15,29,502","44.73"
"RELIANCE","EQ","17-Aug-2022","2,651.30","2,665.00","2,676.90","2,655.55","2,661.70","2,665.15","2,666.17","30,44,037","8,11,59,22,559.35","1,21,433","14,76,684","48.51"
"RELIANCE","EQ","16-Aug-2022","2,633.00","2,646.20","2,657.30","2,627.30","2,656.00","2,651.30","2,643.49","30,49,304","8,06,07,90,553.15","1,40,058","14,36,439","47.11"
"RELIANCE","EQ","12-Aug-2022","2,591.10","2,590.30","2,641.35","2,582.20","2,632.00","2,633.00","2,626.23","58,38,244","15,33,25,63,329.35","2,56,139","26,83,554","45.97"
"RELIANCE","EQ","11-Aug-2022","2,582.50","2,603.10","2,609.90","2,580.20","2,586.70","2,591.10","2,593.04","37,83,480","9,81,07,22,225.40","1,71,131","22,96,573","60.70"
"RELIANCE","EQ","10-Aug-2022","2,567.15","2,576.90","2,589.90","2,557.05","2,578.95","2,582.50","2,574.23","49,49,442","12,74,10,05,921.30","1,83,157","29,41,793","59.44"
"RELIANCE","BL","08-Aug-2022","2,503.10","2,534.00","2,534.00","2,534.00","2,534.00","2,534.00","2,534.00","41,31,769","10,46,99,02,646.00","1","-","-"
"RELIANCE","EQ","08-Aug-2022","2,534.00","2,531.00","2,583.55","2,531.00","2,568.00","2,567.15","2,567.43","46,91,228","12,04,44,17,897.15","1,72,002","26,15,697","55.76"
"RELIANCE","EQ","05-Aug-2022","2,571.90","2,576.00","2,578.80","2,526.95","2,532.90","2,534.00","2,543.41","64,34,433","16,36,54,07,365.90","2,49,464","41,06,312","63.82"
"RELIANCE","EQ","04-Aug-2022","2,606.35","2,610.00","2,617.75","2,535.00","2,570.00","2,571.90","2,569.27","66,76,577","17,15,39,07,762.65","3,09,213","32,15,051","48.15"
"RELIANCE","EQ","03-Aug-2022","2,584.65","2,600.00","2,610.00","2,567.45","2,606.20","2,606.35","2,591.04","65,76,824","17,04,08,29,415.65","2,50,247","37,25,408","56.64"
"RELIANCE","EQ","02-Aug-2022","2,574.85","2,572.50","2,607.80","2,561.55","2,575.50","2,584.65","2,583.64","64,23,115","16,59,49,94,133.95","2,30,608","34,20,282","53.25"
"RELIANCE","EQ","01-Aug-2022","2,509.45","2,519.15","2,587.75","2,507.60","2,569.00","2,574.85","2,560.47","72,45,568","18,55,20,37,709.10","2,62,991","36,95,549","51.00"
"RELIANCE","EQ","29-Jul-2022","2,457.10","2,474.70","2,517.10","2,464.00","2,507.20","2,509.45","2,494.30","69,82,808","17,41,72,22,455.45","2,70,354","37,83,646","54.19"
"RELIANCE","EQ","28-Jul-2022","2,419.20","2,436.00","2,467.95","2,421.00","2,453.60","2,457.10","2,446.73","57,66,936","14,11,01,46,776.35","2,07,490","29,73,888","51.57"
"RELIANCE","EQ","27-Jul-2022","2,421.50","2,419.95","2,427.00","2,402.00","2,422.00","2,419.20","2,416.05","39,94,321","9,65,04,59,374.80","1,65,700","20,97,378","52.51"
"RELIANCE","EQ","26-Jul-2022","2,420.40","2,421.10","2,443.90","2,411.35","2,419.40","2,421.50","2,430.94","52,16,466","12,68,09,27,214.10","1,88,181","23,68,186","45.40"
"RELIANCE","EQ","25-Jul-2022","2,503.10","2,467.45","2,467.45","2,403.00","2,417.40","2,420.40","2,422.67","1,06,65,470","25,83,88,70,736.65","4,50,900","50,24,203","47.11"
"RELIANCE","BL","25-Jul-2022","2,523.70","2,503.10","2,503.10","2,503.10","2,503.10","2,503.10","2,503.10","41,31,767","10,34,22,25,977.70","1","-","-"
"RELIANCE","EQ","22-Jul-2022","2,486.30","2,500.00","2,516.30","2,495.00","2,502.95","2,503.10","2,504.62","50,62,651","12,67,99,94,866.30","1,72,852","23,74,481","46.90"
"RELIANCE","EQ","21-Jul-2022","2,503.00","2,494.00","2,500.00","2,467.30","2,486.00","2,486.30","2,482.92","76,25,468","18,93,34,28,050.10","1,97,537","40,32,523","52.88"
"RELIANCE","EQ","20-Jul-2022","2,437.10","2,540.00","2,542.50","2,486.25","2,499.00","2,503.00","2,506.66","1,10,41,036","27,67,61,29,582.85","3,25,796","55,71,093","50.46"
"RELIANCE","EQ","19-Jul-2022","2,422.25","2,400.30","2,447.00","2,400.30","2,433.00","2,437.10","2,429.46","75,87,006","18,43,23,14,366.20","2,13,280","32,80,412","43.24"
"RELIANCE","EQ","18-Jul-2022","2,401.80","2,421.00","2,425.00","2,392.30","2,423.00","2,422.25","2,408.23","69,96,757","16,84,98,06,027.65","2,12,210","36,41,338","52.04"
"RELIANCE","EQ","15-Jul-2022","2,397.15","2,415.00","2,415.00","2,383.10","2,401.15","2,401.80","2,397.18","44,31,880","10,62,39,95,556.20","1,37,878","20,13,822","45.44"
"RELIANCE","EQ","14-Jul-2022","2,377.55","2,388.00","2,433.95","2,376.95","2,399.00","2,397.15","2,398.08","78,31,798","18,78,12,43,733.65","2,57,217","31,62,562","40.38"
"RELIANCE","EQ","13-Jul-2022","2,420.45","2,427.30","2,434.00","2,373.00","2,379.00","2,377.55","2,398.49","65,64,435","15,74,47,18,033.45","2,63,635","38,20,557","58.20"
"RELIANCE","EQ","12-Jul-2022","2,423.90","2,404.00","2,439.70","2,404.00","2,418.80","2,420.45","2,424.68","49,74,502","12,06,15,61,234.20","2,03,393","20,91,493","42.04"
"RELIANCE","EQ","11-Jul-2022","2,391.40","2,376.50","2,428.80","2,370.00","2,421.50","2,423.90","2,400.92","63,90,604","15,34,33,20,840.20","2,24,208","27,90,542","43.67"
"RELIANCE","EQ","08-Jul-2022","2,388.10","2,418.00","2,418.00","2,382.55","2,391.00","2,391.40","2,393.99","87,73,162","21,00,28,72,434.25","3,10,810","52,66,144","60.03"
"RELIANCE","EQ","07-Jul-2022","2,411.85","2,425.90","2,433.25","2,375.00","2,391.00","2,388.10","2,392.12","1,07,53,423","25,72,34,62,115.35","3,88,023","64,00,200","59.52"
"RELIANCE","EQ","06-Jul-2022","2,433.25","2,420.10","2,441.95","2,388.00","2,415.00","2,411.85","2,410.61","1,10,50,026","26,63,72,48,724.35","3,92,094","53,56,881","48.48"
"RELIANCE","EQ","05-Jul-2022","2,413.70","2,423.00","2,464.90","2,417.10","2,431.55","2,433.25","2,440.39","81,44,239","19,87,51,58,179.60","3,51,338","32,41,427","39.80"
"RELIANCE","EQ","04-Jul-2022","2,408.70","2,378.95","2,442.00","2,366.10","2,413.00","2,413.70","2,412.08","1,93,17,335","46,59,49,29,825.60","5,25,122","89,25,205","46.20"
"RELIANCE","EQ","01-Jul-2022","2,595.65","2,574.90","2,592.00","2,365.00","2,406.00","2,408.70","2,434.35","3,78,41,671","92,11,99,94,931.80","11,65,095","1,61,24,097","42.61"
"RELIANCE","EQ","30-Jun-2022","2,580.15","2,580.00","2,615.90","2,566.00","2,589.00","2,595.65","2,596.11","1,06,66,627","27,69,17,90,169.90","3,21,110","54,19,202","50.81"
"RELIANCE","EQ","29-Jun-2022","2,527.70","2,507.20","2,597.00","2,501.00","2,576.00","2,580.15","2,559.16","88,63,172","22,68,22,90,935.35","3,83,990","36,17,967","40.82"
"RELIANCE","EQ","28-Jun-2022","2,492.65","2,482.10","2,533.95","2,482.10","2,530.00","2,527.70","2,515.75","62,63,867","15,75,83,39,977.00","2,79,432","25,90,698","41.36"
"RELIANCE","EQ","27-Jun-2022","2,500.05","2,544.95","2,544.95","2,481.55","2,495.60","2,492.65","2,511.81","71,41,493","17,93,81,04,628.25","2,45,447","41,27,406","57.79"
"RELIANCE","EQ","24-Jun-2022","2,464.95","2,480.00","2,511.00","2,468.00","2,497.55","2,500.05","2,491.97","65,71,866","16,37,69,08,912.20","2,58,066","34,40,303","52.35"
"RELIANCE","EQ","23-Jun-2022","2,505.60","2,515.05","2,525.00","2,445.00","2,469.00","2,464.95","2,485.55","89,74,475","22,30,64,90,549.05","4,00,081","40,49,346","45.12"
"RELIANCE","EQ","22-Jun-2022","2,584.10","2,558.10","2,558.30","2,501.00","2,502.00","2,505.60","2,524.18","48,99,839","12,36,80,75,581.25","2,29,961","21,29,069","43.45"
"RELIANCE","EQ","21-Jun-2022","2,543.05","2,560.00","2,593.40","2,528.30","2,582.00","2,584.10","2,562.46","54,08,801","13,85,98,27,576.20","2,19,641","19,06,058","35.24"
"RELIANCE","EQ","20-Jun-2022","2,590.00","2,605.00","2,617.10","2,521.10","2,542.90","2,543.05","2,552.96","55,68,825","14,21,69,89,371.65","2,28,914","24,10,448","43.28"
"RELIANCE","EQ","17-Jun-2022","2,560.00","2,560.00","2,624.85","2,556.10","2,605.05","2,590.00","2,592.42","1,12,86,988","29,26,06,39,914.30","2,87,827","54,10,573","47.94"
"RELIANCE","EQ","16-Jun-2022","2,596.30","2,623.00","2,659.05","2,554.00","2,555.10","2,560.00","2,603.56","78,96,943","20,56,01,73,723.70","2,82,387","36,64,860","46.41"
"RELIANCE","EQ","15-Jun-2022","2,628.10","2,617.55","2,637.30","2,584.40","2,595.80","2,596.30","2,613.39","51,66,738","13,50,27,08,125.15","2,14,934","18,88,736","36.56"
"RELIANCE","EQ","14-Jun-2022","2,662.90","2,650.05","2,671.85","2,613.45","2,627.75","2,628.10","2,637.47","67,90,653","17,91,01,40,469.65","2,37,522","32,99,932","48.60"
"RELIANCE","EQ","13-Jun-2022","2,714.25","2,650.00","2,672.80","2,616.30","2,668.00","2,662.90","2,646.30","81,31,998","21,51,96,68,179.50","3,03,540","42,42,241","52.17"
"RELIANCE","EQ","10-Jun-2022","2,798.75","2,771.90","2,789.90","2,701.50","2,713.90","2,714.25","2,740.01","83,49,943","22,87,89,43,836.30","2,78,759","46,08,963","55.20"
"RELIANCE","EQ","09-Jun-2022","2,724.05","2,710.00","2,803.00","2,710.00","2,796.05","2,798.75","2,763.87","79,73,935","22,03,88,90,334.10","2,81,501","43,01,647","53.95"
"RELIANCE","EQ","08-Jun-2022","2,772.75","2,772.75","2,781.00","2,716.30","2,722.00","2,724.05","2,741.07","57,59,172","15,78,62,94,151.30","2,41,691","30,12,536","52.31"
"RELIANCE","EQ","07-Jun-2022","2,767.55","2,769.90","2,791.10","2,752.05","2,767.05","2,772.75","2,773.03","57,03,333","15,81,54,85,543.85","2,32,290","27,12,556","47.56"
"RELIANCE","EQ","06-Jun-2022","2,779.50","2,780.00","2,814.00","2,751.80","2,766.25","2,767.55","2,775.79","51,19,488","14,21,05,99,849.75","2,17,253","16,80,712","32.83"
"RELIANCE","EQ","03-Jun-2022","2,724.30","2,744.00","2,817.35","2,742.00","2,778.00","2,779.50","2,793.34","1,10,48,210","30,86,14,49,556.90","3,53,834","51,36,072","46.49"
"RELIANCE","EQ","02-Jun-2022","2,633.50","2,634.00","2,732.45","2,634.00","2,728.30","2,724.30","2,701.30","1,02,11,408","27,58,41,03,887.40","2,97,958","47,88,206","46.89"
"RELIANCE","EQ","01-Jun-2022","2,632.65","2,634.30","2,655.20","2,616.20","2,635.00","2,633.50","2,638.15","45,12,079","11,90,35,42,973.55","1,65,071","20,72,536","45.93"
"RELIANCE","EQ","31-May-2022","2,664.80","2,641.40","2,678.80","2,615.70","2,623.60","2,632.65","2,638.54","3,25,91,420","85,99,38,98,870.00","3,09,551","1,97,34,107","60.55"
"RELIANCE","EQ","30-May-2022","2,575.10","2,615.00","2,674.00","2,594.20","2,668.00","2,664.80","2,640.57","63,93,341","16,88,20,83,950.05","1,76,733","27,16,871","42.50"
"RELIANCE","EQ","27-May-2022","2,587.10","2,593.05","2,605.15","2,540.10","2,575.30","2,575.10","2,574.11","76,24,888","19,62,72,94,687.95","2,23,459","35,19,149","46.15"
"RELIANCE","EQ","26-May-2022","2,612.00","2,624.40","2,634.90","2,548.00","2,589.00","2,587.10","2,587.30","82,52,551","21,35,18,51,439.70","2,95,460","35,68,836","43.25"
"RELIANCE","EQ","25-May-2022","2,615.85","2,635.00","2,656.70","2,601.50","2,613.40","2,612.00","2,625.82","58,67,760","15,40,76,80,360.40","2,24,077","27,40,033","46.70"
"RELIANCE","EQ","24-May-2022","2,606.90","2,607.00","2,638.00","2,597.70","2,615.05","2,615.85","2,619.42","62,43,086","16,35,32,68,081.50","2,38,049","30,94,755","49.57"
"RELIANCE","EQ","23-May-2022","2,624.45","2,631.50","2,653.55","2,593.00","2,602.50","2,606.90","2,617.90","70,39,144","18,42,77,94,860.95","2,56,879","30,78,691","43.74"
"RELIANCE","EQ","20-May-2022","2,479.85","2,512.50","2,644.40","2,502.00","2,628.85","2,624.45","2,569.30","1,00,57,508","25,84,08,01,772.20","3,66,921","51,98,311","51.69"
"RELIANCE","EQ","19-May-2022","2,538.35","2,484.00","2,512.50","2,466.05","2,477.90","2,479.85","2,494.14","67,83,641","16,91,93,58,308.20","2,66,213","37,13,450","54.74"
"RELIANCE","EQ","18-May-2022","2,529.15","2,539.65","2,570.00","2,508.25","2,542.25","2,538.35","2,535.87","79,73,235","20,21,91,14,283.45","2,93,806","39,48,750","49.53"
"RELIANCE","EQ","17-May-2022","2,427.20","2,435.10","2,539.90","2,432.00","2,533.50","2,529.15","2,501.03","76,38,666","19,10,45,26,814.40","2,78,980","40,85,578","53.49"
"RELIANCE","EQ","16-May-2022","2,426.60","2,434.45","2,481.00","2,416.65","2,428.05","2,427.20","2,444.28","62,01,594","15,15,84,12,714.25","2,44,925","30,89,139","49.81"
"RELIANCE","EQ","13-May-2022","2,399.40","2,426.00","2,478.00","2,415.35","2,431.45","2,426.60","2,451.67","89,10,998","21,84,67,99,849.40","4,08,746","46,52,716","52.21"
"RELIANCE","EQ","12-May-2022","2,449.30","2,427.50","2,434.85","2,370.00","2,403.50","2,399.40","2,400.60","94,56,280","22,70,07,52,366.95","3,59,540","53,44,949","56.52"
"RELIANCE","EQ","11-May-2022","2,474.65","2,472.65","2,484.95","2,421.95","2,450.75","2,449.30","2,454.29","76,81,157","18,85,17,60,949.05","3,25,039","34,71,644","45.20"
"RELIANCE","EQ","10-May-2022","2,518.30","2,495.00","2,526.60","2,458.00","2,461.70","2,474.65","2,495.14","90,04,636","22,46,78,46,480.75","3,29,083","42,14,002","46.80"
"RELIANCE","EQ","09-May-2022","2,620.65","2,574.95","2,597.10","2,507.00","2,508.00","2,518.30","2,540.75","83,45,649","21,20,42,15,137.35","3,44,258","34,96,083","41.89"
"RELIANCE","EQ","06-May-2022","2,640.90","2,612.20","2,659.00","2,593.55","2,628.00","2,620.65","2,619.88","90,68,448","23,75,82,82,132.90","2,91,431","41,17,945","45.41"
"RELIANCE","EQ","05-May-2022","2,693.65","2,723.50","2,730.00","2,632.00","2,643.00","2,640.90","2,677.81","79,42,721","21,26,90,98,539.05","2,56,514","41,35,949","52.07"
"RELIANCE","EQ","04-May-2022","2,780.45","2,785.00","2,790.00","2,676.30","2,692.00","2,693.65","2,728.03","88,82,792","24,23,24,82,662.45","2,77,638","47,58,487","53.57"
"RELIANCE","EQ","02-May-2022","2,790.25","2,762.00","2,805.50","2,758.05","2,780.90","2,780.45","2,783.29","43,69,022","12,16,02,68,319.90","1,89,251","19,39,501","44.39"
"RELIANCE","EQ","29-Apr-2022","2,819.85","2,856.15","2,856.15","2,777.30","2,799.70","2,790.25","2,817.63","84,06,156","23,68,54,32,933.45","2,31,044","43,08,908","51.26"
"RELIANCE","EQ","28-Apr-2022","2,778.35","2,809.95","2,851.00","2,786.10","2,810.00","2,819.85","2,823.91","1,18,20,892","33,38,11,06,175.20","3,61,970","69,37,716","58.69"
"RELIANCE","EQ","27-Apr-2022","2,775.65","2,755.85","2,828.00","2,755.05","2,776.00","2,778.35","2,794.98","89,24,920","24,94,49,37,712.60","3,80,463","40,14,016","44.98"
"RELIANCE","EQ","26-Apr-2022","2,695.00","2,710.00","2,795.00","2,707.70","2,788.20","2,775.65","2,744.48","56,43,066","15,48,72,83,096.85","2,15,190","23,82,379","42.22"
"RELIANCE","EQ","25-Apr-2022","2,758.80","2,742.40","2,758.40","2,663.65","2,696.00","2,695.00","2,711.20","78,74,671","21,34,98,02,724.25","2,82,246","42,10,856","53.47"
"RELIANCE","EQ","22-Apr-2022","2,782.10","2,758.90","2,802.00","2,744.20","2,762.00","2,758.80","2,768.55","69,47,490","19,23,44,86,953.00","2,21,036","31,13,096","44.81"
"RELIANCE","EQ","21-Apr-2022","2,718.45","2,750.90","2,789.00","2,732.00","2,782.00","2,782.10","2,773.48","1,00,18,531","27,78,62,22,124.30","3,52,010","51,51,153","51.42"
"RELIANCE","EQ","20-Apr-2022","2,640.80","2,657.10","2,734.00","2,649.10","2,717.50","2,718.45","2,710.69","1,15,70,835","31,36,49,25,329.30","4,61,685","57,67,347","49.84"
"RELIANCE","EQ","19-Apr-2022","2,543.85","2,558.00","2,668.00","2,551.05","2,626.00","2,640.80","2,628.35","1,20,64,446","31,70,95,58,937.80","4,59,863","67,35,937","55.83"
"RELIANCE","EQ","18-Apr-2022","2,551.65","2,533.00","2,559.80","2,521.80","2,540.20","2,543.85","2,538.38","46,03,103","11,68,44,40,905.45","2,22,881","30,79,230","66.89"
"RELIANCE","EQ","13-Apr-2022","2,561.05","2,574.50","2,592.60","2,545.50","2,551.90","2,551.65","2,565.29","47,78,478","12,25,81,58,723.00","1,92,467","30,09,160","62.97"
"RELIANCE","EQ","12-Apr-2022","2,610.20","2,587.00","2,602.60","2,555.40","2,560.00","2,561.05","2,571.18","60,99,986","15,68,41,39,811.00","2,77,354","40,19,726","65.90"
"RELIANCE","EQ","11-Apr-2022","2,615.65","2,600.00","2,638.55","2,583.00","2,610.95","2,610.20","2,606.45","42,70,816","11,13,16,87,285.25","1,95,602","21,03,573","49.25"
"RELIANCE","EQ","08-Apr-2022","2,572.85","2,560.00","2,625.00","2,560.00","2,617.95","2,615.65","2,602.86","69,92,874","18,20,14,44,976.80","2,13,226","44,58,242","63.75"
"RELIANCE","EQ","07-Apr-2022","2,619.05","2,595.10","2,606.00","2,567.00","2,572.20","2,572.85","2,583.10","71,51,632","18,47,33,48,627.45","2,33,582","49,36,384","69.02"
"RELIANCE","EQ","06-Apr-2022","2,626.05","2,587.10","2,634.50","2,587.10","2,616.00","2,619.05","2,613.61","56,56,703","14,78,43,87,493.60","1,63,311","36,40,461","64.36"
"RELIANCE","EQ","05-Apr-2022","2,663.70","2,651.10","2,669.90","2,620.70","2,626.00","2,626.05","2,636.90","60,68,663","16,00,24,66,152.10","2,04,933","39,62,890","65.30"
"RELIANCE","EQ","04-Apr-2022","2,655.85","2,655.45","2,675.00","2,641.65","2,660.65","2,663.70","2,658.17","36,59,307","9,72,70,52,260.30","1,67,593","18,59,891","50.83"
"RELIANCE","EQ","01-Apr-2022","2,634.75","2,636.00","2,665.15","2,622.00","2,661.00","2,655.85","2,641.48","36,56,408","9,65,83,25,026.60","1,63,060","18,45,831","50.48"
"RELIANCE","EQ","31-Mar-2022","2,672.95","2,664.95","2,669.70","2,628.60","2,636.00","2,634.75","2,642.00","61,02,744","16,12,34,65,625.40","2,49,443","38,93,403","63.80"
"RELIANCE","EQ","30-Mar-2022","2,622.55","2,639.90","2,688.00","2,617.10","2,658.70","2,672.95","2,661.36","72,97,028","19,42,00,19,029.30","2,19,316","42,59,734","58.38"
"RELIANCE","EQ","29-Mar-2022","2,621.95","2,638.00","2,638.00","2,607.40","2,618.00","2,622.55","2,623.00","40,07,695","10,51,21,98,455.70","2,03,830","22,80,912","56.91"
"RELIANCE","EQ","28-Mar-2022","2,595.85","2,610.00","2,629.75","2,586.50","2,617.00","2,621.95","2,611.69","45,64,891","11,92,20,93,056.05","1,83,261","21,49,565","47.09"
"RELIANCE","EQ","25-Mar-2022","2,578.65","2,582.50","2,616.00","2,577.00","2,600.90","2,595.85","2,596.66","65,63,676","17,04,36,06,171.05","2,76,908","38,21,279","58.22"
"RELIANCE","EQ","24-Mar-2022","2,539.20","2,510.00","2,584.15","2,510.00","2,572.00","2,578.65","2,557.80","60,77,153","15,54,41,15,850.20","2,21,309","32,08,900","52.80"
"RELIANCE","EQ","23-Mar-2022","2,531.15","2,523.00","2,564.85","2,523.00","2,535.00","2,539.20","2,546.52","71,35,797","18,17,14,79,956.25","2,35,853","43,21,837","60.57"
"RELIANCE","EQ","22-Mar-2022","2,467.40","2,460.10","2,534.95","2,453.60","2,528.00","2,531.15","2,508.41","1,04,10,082","26,11,27,51,091.55","3,14,410","57,53,732","55.27"
"RELIANCE","EQ","21-Mar-2022","2,481.70","2,444.00","2,484.00","2,439.00","2,463.00","2,467.40","2,465.17","55,37,752","13,65,15,02,305.15","2,35,063","30,19,258","54.52"
"RELIANCE","EQ","17-Mar-2022","2,403.35","2,432.75","2,497.40","2,415.10","2,487.50","2,481.70","2,456.66","98,86,295","24,28,72,96,550.40","2,74,442","59,61,590","60.30"
"RELIANCE","EQ","16-Mar-2022","2,363.45","2,382.00","2,407.90","2,377.10","2,401.50","2,403.35","2,396.17","51,45,644","12,32,98,54,279.30","1,85,464","28,24,434","54.89"
"RELIANCE","EQ","15-Mar-2022","2,418.85","2,427.95","2,427.95","2,340.85","2,362.00","2,363.45","2,386.09","73,49,740","17,53,71,36,611.95","2,57,511","39,24,279","53.39"
"RELIANCE","EQ","14-Mar-2022","2,399.15","2,386.90","2,424.40","2,374.00","2,422.20","2,418.85","2,401.52","38,49,222","9,24,39,98,854.25","1,60,500","18,00,381","46.77"
"RELIANCE","EQ","11-Mar-2022","2,392.25","2,376.05","2,411.00","2,376.05","2,393.15","2,399.15","2,396.11","56,56,799","13,55,42,90,818.70","1,99,494","30,28,604","53.54"
"RELIANCE","EQ","10-Mar-2022","2,354.10","2,400.00","2,405.00","2,360.00","2,387.00","2,392.25","2,386.79","82,97,995","19,80,55,99,252.70","2,78,083","41,02,149","49.44"
"RELIANCE","EQ","09-Mar-2022","2,235.50","2,236.00","2,367.00","2,234.15","2,358.30","2,354.10","2,316.35","94,21,163","21,82,27,06,477.90","3,25,395","46,47,153","49.33"
"RELIANCE","EQ","08-Mar-2022","2,239.55","2,211.50","2,246.00","2,180.00","2,235.05","2,235.50","2,220.15","98,25,043","21,81,30,21,864.70","4,28,117","56,02,260","57.02"
"RELIANCE","EQ","07-Mar-2022","2,325.55","2,278.70","2,312.10","2,222.00","2,240.05","2,239.55","2,256.84","82,99,295","18,73,01,68,161.15","3,72,828","49,62,748","59.80"
"RELIANCE","EQ","04-Mar-2022","2,378.30","2,353.00","2,364.30","2,320.35","2,327.95","2,325.55","2,338.20","49,86,814","11,66,01,49,352.95","2,19,860","27,54,095","55.23"
"RELIANCE","EQ","03-Mar-2022","2,398.55","2,400.00","2,414.85","2,370.05","2,382.00","2,378.30","2,392.27","47,01,183","11,24,64,76,348.75","2,30,143","24,79,449","52.74"
"RELIANCE","EQ","02-Mar-2022","2,359.55","2,334.45","2,401.00","2,329.20","2,399.25","2,398.55","2,376.69","99,09,226","23,55,11,57,613.65","3,09,328","62,77,829","63.35"
"RELIANCE","EQ","28-Feb-2022","2,283.95","2,243.00","2,367.35","2,243.00","2,355.00","2,359.55","2,328.64","98,28,768","22,88,76,83,561.40","2,40,020","53,21,030","54.14"
"RELIANCE","EQ","25-Feb-2022","2,255.75","2,280.10","2,307.95","2,276.25","2,283.00","2,283.95","2,290.84","67,24,094","15,40,38,44,188.65","2,81,047","36,70,287","54.58"
"RELIANCE","EQ","24-Feb-2022","2,374.05","2,305.00","2,339.90","2,243.40","2,250.00","2,255.75","2,291.15","1,14,66,725","26,27,20,08,237.55","4,93,459","72,66,877","63.37"
"RELIANCE","EQ","23-Feb-2022","2,389.00","2,401.10","2,406.55","2,368.00","2,371.25","2,374.05","2,391.23","33,73,615","8,06,71,02,258.45","1,95,350","19,28,054","57.15"
"RELIANCE","EQ","22-Feb-2022","2,399.90","2,352.90","2,395.90","2,347.15","2,389.75","2,389.00","2,372.16","62,27,901","14,77,35,84,971.00","1,97,401","39,20,789","62.96"
"RELIANCE","EQ","21-Feb-2022","2,424.40","2,412.00","2,437.50","2,384.60","2,399.60","2,399.90","2,409.12","51,25,968","12,34,90,78,484.55","2,26,214","28,88,548","56.35"
"RELIANCE","EQ","18-Feb-2022","2,443.50","2,444.40","2,456.40","2,420.15","2,427.30","2,424.40","2,440.25","31,26,873","7,63,03,67,399.75","1,58,691","12,16,161","38.89"
"RELIANCE","EQ","17-Feb-2022","2,412.95","2,420.10","2,454.90","2,410.00","2,441.00","2,443.50","2,439.61","59,31,774","14,47,12,12,589.25","2,11,881","28,72,619","48.43"
"RELIANCE","EQ","16-Feb-2022","2,417.95","2,430.00","2,433.00","2,395.95","2,407.65","2,412.95","2,417.77","47,96,294","11,59,63,25,561.15","1,90,438","26,07,957","54.37"
"RELIANCE","EQ","15-Feb-2022","2,338.55","2,351.20","2,423.90","2,335.70","2,415.10","2,417.95","2,381.19","51,74,646","12,32,18,14,147.55","2,61,746","25,63,105","49.53"
"RELIANCE","EQ","14-Feb-2022","2,376.40","2,340.25","2,354.95","2,313.00","2,332.00","2,338.55","2,338.11","49,47,109","11,56,68,67,666.20","2,19,862","27,51,275","55.61"
"RELIANCE","EQ","11-Feb-2022","2,381.05","2,373.25","2,384.50","2,344.10","2,372.55","2,376.40","2,367.97","73,57,863","17,42,31,86,717.85","2,83,837","49,05,802","66.67"
"RELIANCE","EQ","10-Feb-2022","2,383.50","2,395.70","2,395.70","2,365.10","2,376.95","2,381.05","2,381.99","57,52,361","13,70,20,86,540.00","2,10,155","36,08,073","62.72"
"RELIANCE","EQ","09-Feb-2022","2,356.05","2,371.15","2,387.20","2,358.00","2,384.00","2,383.50","2,373.06","53,00,891","12,57,93,55,094.55","1,80,905","31,04,784","58.57"
"RELIANCE","EQ","08-Feb-2022","2,317.10","2,330.65","2,360.00","2,310.00","2,357.50","2,356.05","2,338.32","55,66,080","13,01,52,60,812.95","1,86,348","29,63,152","53.24"
"RELIANCE","EQ","07-Feb-2022","2,331.30","2,342.00","2,356.80","2,305.00","2,319.40","2,317.10","2,330.89","49,44,725","11,52,55,87,391.70","2,43,702","21,90,778","44.31"
"RELIANCE","EQ","04-Feb-2022","2,352.75","2,341.00","2,348.45","2,321.10","2,330.50","2,331.30","2,334.17","51,04,761","11,91,53,65,723.15","2,30,586","23,46,527","45.97"
"RELIANCE","EQ","03-Feb-2022","2,383.55","2,392.00","2,401.45","2,347.20","2,348.45","2,352.75","2,367.01","44,17,864","10,45,71,43,007.15","2,36,441","25,96,474","58.77"
"RELIANCE","EQ","02-Feb-2022","2,378.70","2,407.00","2,407.00","2,375.10","2,385.00","2,383.55","2,384.84","46,23,163","11,02,54,84,207.55","1,53,391","28,21,709","61.03"
"RELIANCE","EQ","01-Feb-2022","2,386.60","2,408.00","2,420.60","2,347.10","2,382.80","2,378.70","2,394.79","60,92,033","14,58,91,69,629.60","2,27,599","29,33,488","48.15"
"RELIANCE","EQ","31-Jan-2022","2,335.85","2,360.20","2,406.40","2,356.20","2,384.05","2,386.60","2,388.27","56,04,308","13,38,46,12,779.60","2,68,776","29,89,691","53.35"
"RELIANCE","EQ","28-Jan-2022","2,338.10","2,365.00","2,375.90","2,328.40","2,336.00","2,335.85","2,347.94","67,69,154","15,89,35,36,411.75","2,55,535","40,21,895","59.42"
"RELIANCE","EQ","27-Jan-2022","2,373.25","2,336.00","2,356.10","2,311.05","2,347.00","2,338.10","2,333.67","92,39,426","21,56,17,79,760.10","3,15,266","52,71,565","57.06"
"RELIANCE","EQ","25-Jan-2022","2,377.90","2,349.55","2,388.65","2,305.00","2,368.10","2,373.25","2,343.88","1,13,11,456","26,51,27,43,789.90","4,82,175","64,46,850","56.99"
"RELIANCE","EQ","24-Jan-2022","2,477.85","2,475.00","2,504.75","2,355.10","2,379.90","2,377.90","2,418.60","1,00,92,511","24,40,97,35,846.55","3,99,996","48,47,529","48.03"
"RELIANCE","EQ","21-Jan-2022","2,477.45","2,452.00","2,502.25","2,452.00","2,476.05","2,477.85","2,475.83","61,55,759","15,24,06,31,432.55","2,36,838","32,03,303","52.04"
"RELIANCE","EQ","20-Jan-2022","2,521.60","2,500.05","2,509.95","2,455.00","2,482.10","2,477.45","2,480.98","76,12,203","18,88,57,33,850.80","2,51,195","52,20,672","68.58"
"RELIANCE","EQ","19-Jan-2022","2,521.80","2,530.00","2,542.00","2,509.00","2,521.40","2,521.60","2,522.72","45,02,155","11,35,76,96,261.65","1,53,189","25,89,631","57.52"
"RELIANCE","EQ","18-Jan-2022","2,552.25","2,554.75","2,562.35","2,515.75","2,523.00","2,521.80","2,540.02","28,68,235","7,28,53,64,914.75","1,58,330","13,12,810","45.77"
"RELIANCE","EQ","17-Jan-2022","2,539.00","2,538.00","2,565.00","2,537.00","2,553.00","2,552.25","2,555.10","37,08,822","9,47,64,27,091.05","1,60,043","22,07,498","59.52"
"RELIANCE","EQ","14-Jan-2022","2,535.30","2,535.00","2,567.30","2,525.85","2,537.00","2,539.00","2,545.66","91,97,773","23,41,43,60,751.05","1,95,865","58,04,124","63.10"
"RELIANCE","EQ","13-Jan-2022","2,521.10","2,521.25","2,541.00","2,508.40","2,536.25","2,535.30","2,525.55","54,71,871","13,81,94,65,157.00","1,86,278","31,15,794","56.94"
"RELIANCE","EQ","12-Jan-2022","2,455.55","2,471.30","2,524.95","2,465.00","2,518.00","2,521.10","2,505.89","68,30,402","17,11,62,27,265.60","2,67,056","32,38,315","47.41"
"RELIANCE","EQ","11-Jan-2022","2,438.00","2,436.00","2,474.95","2,435.00","2,455.80","2,455.55","2,459.51","74,78,681","18,39,39,12,175.85","2,09,712","47,46,648","63.47"
"RELIANCE","EQ","10-Jan-2022","2,436.00","2,452.00","2,457.00","2,416.05","2,440.20","2,438.00","2,432.54","42,67,365","10,38,05,27,641.00","2,14,098","21,52,906","50.45"
"RELIANCE","EQ","07-Jan-2022","2,416.50","2,430.95","2,458.05","2,411.55","2,439.90","2,436.00","2,436.73","60,51,239","14,74,52,14,277.80","1,91,088","33,42,839","55.24"
"RELIANCE","EQ","06-Jan-2022","2,469.60","2,451.20","2,454.00","2,409.00","2,419.15","2,416.50","2,423.21","66,67,483","16,15,67,35,762.35","2,27,953","39,50,375","59.25"
"RELIANCE","EQ","05-Jan-2022","2,458.10","2,462.00","2,477.00","2,432.95","2,461.85","2,469.60","2,455.69","53,73,618","13,19,59,34,862.50","2,10,976","29,63,957","55.16"
"RELIANCE","EQ","04-Jan-2022","2,403.85","2,415.90","2,461.00","2,404.00","2,460.00","2,458.10","2,437.26","50,06,225","12,20,14,91,701.65","2,08,647","24,21,857","48.38"
"RELIANCE","EQ","03-Jan-2022","2,368.15","2,365.00","2,407.95","2,363.55","2,407.95","2,403.85","2,392.64","25,02,073","5,98,65,68,510.10","1,05,190","10,82,865","43.28"
"RELIANCE","EQ","31-Dec-2021","2,359.10","2,373.00","2,383.90","2,360.00","2,368.50","2,368.15","2,370.53","43,73,768","10,36,81,36,137.70","1,38,728","21,09,083","48.22"
"RELIANCE","EQ","30-Dec-2021","2,402.50","2,400.00","2,404.95","2,345.60","2,364.00","2,359.10","2,366.88","1,35,37,254","32,04,10,15,240.70","2,26,181","77,09,766","56.95"
"RELIANCE","EQ","29-Dec-2021","2,398.40","2,391.00","2,419.00","2,382.10","2,398.00","2,402.50","2,400.08","71,18,779","17,08,56,10,789.25","1,69,024","41,90,091","58.86"
"RELIANCE","EQ","28-Dec-2021","2,370.25","2,375.60","2,404.85","2,373.05","2,404.00","2,398.40","2,389.02","29,41,883","7,02,82,26,280.45","1,21,810","12,30,092","41.81"
"RELIANCE","EQ","27-Dec-2021","2,372.80","2,361.55","2,378.00","2,348.10","2,371.00","2,370.25","2,366.87","18,53,948","4,38,80,54,040.05","89,509","5,32,328","28.71"
"RELIANCE","EQ","24-Dec-2021","2,365.25","2,370.00","2,392.00","2,337.55","2,367.15","2,372.80","2,360.96","36,39,616","8,59,29,80,567.85","1,59,321","11,60,672","31.89"
"RELIANCE","EQ","23-Dec-2021","2,366.10","2,374.00","2,380.00","2,358.05","2,365.00","2,365.25","2,367.28","41,86,912","9,91,15,98,013.55","1,73,393","23,64,993","56.49"
"RELIANCE","EQ","22-Dec-2021","2,311.25","2,324.90","2,371.90","2,322.00","2,365.00","2,366.10","2,346.81","81,49,415","19,12,51,25,458.70","2,22,615","53,25,994","65.35"
"RELIANCE","EQ","21-Dec-2021","2,277.35","2,311.35","2,346.00","2,292.20","2,313.00","2,311.25","2,317.69","59,24,071","13,73,01,77,504.20","2,41,858","29,54,613","49.87"
"RELIANCE","EQ","20-Dec-2021","2,340.45","2,317.85","2,317.85","2,247.10","2,276.80","2,277.35","2,277.67","66,11,376","15,05,85,13,385.60","3,31,211","37,44,186","56.63"
"RELIANCE","EQ","17-Dec-2021","2,403.90","2,398.05","2,408.00","2,320.00","2,343.40","2,340.45","2,346.72","97,14,489","22,79,71,50,333.50","3,01,459","51,56,114","53.08"
"RELIANCE","EQ","16-Dec-2021","2,373.20","2,405.70","2,415.50","2,368.65","2,413.95","2,403.90","2,392.29","45,04,829","10,77,68,55,117.15","1,87,830","20,41,248","45.31"
"RELIANCE","EQ","15-Dec-2021","2,380.15","2,384.00","2,405.00","2,361.10","2,369.90","2,373.20","2,379.84","43,22,855","10,28,77,01,638.50","1,99,178","19,91,411","46.07"
"RELIANCE","EQ","14-Dec-2021","2,409.65","2,380.00","2,406.00","2,373.40","2,382.50","2,380.15","2,386.78","59,95,586","14,31,01,34,060.60","2,48,926","33,70,468","56.22"
"RELIANCE","EQ","13-Dec-2021","2,458.95","2,473.50","2,474.10","2,404.00","2,411.45","2,409.65","2,425.30","59,54,148","14,44,06,14,208.20","2,40,510","32,89,988","55.26"
"RELIANCE","EQ","10-Dec-2021","2,456.45","2,440.25","2,466.00","2,430.35","2,457.25","2,458.95","2,443.62","38,60,176","9,43,28,10,632.75","1,77,038","19,88,951","51.52"
"RELIANCE","EQ","09-Dec-2021","2,418.10","2,435.00","2,474.90","2,425.00","2,453.00","2,456.45","2,453.15","60,98,050","14,95,94,57,280.85","2,48,350","26,55,912","43.55"
"RELIANCE","EQ","08-Dec-2021","2,381.85","2,424.10","2,431.80","2,406.30","2,420.95","2,418.10","2,418.81","40,35,437","9,76,09,53,632.95","1,75,071","17,12,929","42.45"
"RELIANCE","EQ","07-Dec-2021","2,362.60","2,376.15","2,404.00","2,360.00","2,382.00","2,381.85","2,387.87","51,85,007","12,38,11,07,849.30","2,33,720","27,82,548","53.67"
"RELIANCE","EQ","06-Dec-2021","2,408.25","2,416.00","2,425.00","2,357.15","2,365.95","2,362.60","2,388.06","47,68,334","11,38,70,71,064.70","2,10,176","17,50,877","36.72"
"RELIANCE","EQ","03-Dec-2021","2,482.85","2,498.40","2,498.50","2,400.00","2,413.15","2,408.25","2,436.10","88,71,172","21,61,10,45,769.40","2,83,259","48,98,098","55.21"
"RELIANCE","EQ","02-Dec-2021","2,467.00","2,469.70","2,496.20","2,461.60","2,481.95","2,482.85","2,482.51","58,70,468","14,57,35,15,872.05","2,48,052","31,56,679","53.77"
"RELIANCE","EQ","01-Dec-2021","2,405.40","2,433.00","2,474.00","2,425.10","2,467.75","2,467.00","2,449.60","46,63,276","11,42,31,47,561.65","2,02,787","16,87,324","36.18"
"RELIANCE","EQ","30-Nov-2021","2,441.50","2,468.00","2,475.90","2,388.85","2,401.20","2,405.40","2,424.91","1,48,47,511","36,00,38,21,297.30","3,81,257","86,01,779","57.93"
"RELIANCE","EQ","29-Nov-2021","2,412.60","2,439.10","2,500.00","2,399.10","2,437.70","2,441.50","2,464.20","1,12,26,147","27,66,34,93,598.00","3,75,905","41,17,378","36.68"
"RELIANCE","EQ","26-Nov-2021","2,492.95","2,467.80","2,477.60","2,401.50","2,405.10","2,412.60","2,433.36","72,74,686","17,70,18,96,486.35","3,06,992","29,21,250","40.16"
"RELIANCE","EQ","25-Nov-2021","2,351.40","2,373.00","2,502.00","2,357.15","2,501.00","2,492.95","2,452.67","1,95,68,487","47,99,49,98,310.55","4,97,536","92,45,255","47.25"
"RELIANCE","EQ","24-Nov-2021","2,385.85","2,380.00","2,409.90","2,343.55","2,343.55","2,351.40","2,376.12","77,62,564","18,44,47,68,823.80","2,91,051","43,45,352","55.98"
"RELIANCE","EQ","23-Nov-2021","2,363.75","2,333.05","2,401.25","2,309.00","2,389.95","2,385.85","2,362.47","1,16,88,406","27,61,35,01,135.60","3,93,864","71,61,105","61.27"
"RELIANCE","EQ","22-Nov-2021","2,473.30","2,436.10","2,449.00","2,351.00","2,365.65","2,363.75","2,380.24","1,11,33,364","26,50,01,12,857.50","4,69,744","62,57,212","56.20"
"RELIANCE","EQ","18-Nov-2021","2,464.00","2,460.00","2,489.00","2,450.05","2,473.00","2,473.30","2,467.65","39,25,345","9,68,63,86,834.65","2,18,820","15,73,249","40.08"
"RELIANCE","EQ","17-Nov-2021","2,517.90","2,498.95","2,498.95","2,461.00","2,462.80","2,464.00","2,479.92","47,08,235","11,67,60,42,764.70","2,40,722","25,37,105","53.89"
"RELIANCE","EQ","16-Nov-2021","2,577.80","2,572.05","2,575.00","2,495.00","2,497.25","2,517.90","2,536.01","52,32,292","13,26,91,27,406.10","2,09,557","26,60,951","50.86"
"RELIANCE","EQ","15-Nov-2021","2,593.10","2,600.00","2,602.20","2,570.00","2,574.50","2,577.80","2,581.57","22,16,708","5,72,25,94,256.70","1,07,475","10,54,022","47.55"
"RELIANCE","EQ","12-Nov-2021","2,554.55","2,562.90","2,598.75","2,557.00","2,588.00","2,593.10","2,582.61","40,20,744","10,38,40,09,844.25","1,49,602","23,36,224","58.10"
"RELIANCE","EQ","11-Nov-2021","2,549.90","2,540.05","2,570.50","2,535.55","2,556.00","2,554.55","2,551.89","49,48,422","12,62,78,28,736.25","2,16,865","28,46,346","57.52"
"RELIANCE","EQ","10-Nov-2021","2,521.70","2,516.70","2,558.00","2,503.65","2,546.45","2,549.90","2,538.63","47,31,975","12,01,27,42,203.00","1,68,600","24,29,050","51.33"
"RELIANCE","EQ","09-Nov-2021","2,501.95","2,505.00","2,528.90","2,487.05","2,528.60","2,521.70","2,508.11","72,37,470","18,15,23,75,051.00","2,05,289","46,23,106","63.88"
"RELIANCE","EQ","08-Nov-2021","2,498.85","2,519.40","2,520.00","2,456.40","2,502.90","2,501.95","2,483.27","93,85,607","23,30,69,81,380.10","4,56,493","67,43,994","71.85"
"RELIANCE","EQ","04-Nov-2021","2,483.60","2,492.95","2,504.90","2,490.00","2,503.00","2,498.85","2,497.33","7,87,160","1,96,58,00,892.45","63,285","4,02,932","51.19"
"RELIANCE","EQ","03-Nov-2021","2,500.80","2,506.05","2,520.00","2,461.00","2,483.00","2,483.60","2,487.70","55,33,120","13,76,47,33,320.45","2,40,878","32,07,104","57.96"
"RELIANCE","EQ","02-Nov-2021","2,537.80","2,545.00","2,548.00","2,495.25","2,503.05","2,500.80","2,510.10","48,77,652","12,24,33,84,395.60","2,25,933","29,97,092","61.45"
"RELIANCE","EQ","01-Nov-2021","2,536.25","2,536.25","2,556.00","2,494.10","2,538.10","2,537.80","2,523.59","71,44,532","18,02,98,85,097.90","2,73,829","41,44,630","58.01"
"RELIANCE","EQ","29-Oct-2021","2,598.60","2,596.15","2,596.15","2,501.70","2,540.00","2,536.25","2,548.04","65,68,539","16,73,68,93,522.25","2,77,855","31,11,491","47.37"
"RELIANCE","EQ","28-Oct-2021","2,627.40","2,620.00","2,637.95","2,590.50","2,598.00","2,598.60","2,610.69","45,62,471","11,91,11,87,008.75","1,70,822","24,60,989","53.94"
"RELIANCE","EQ","27-Oct-2021","2,661.05","2,652.00","2,676.80","2,619.95","2,622.30","2,627.40","2,652.28","45,67,140","12,11,33,30,049.05","1,76,020","20,90,011","45.76"
"RELIANCE","EQ","26-Oct-2021","2,601.80","2,617.10","2,668.90","2,603.15","2,666.30","2,661.05","2,635.70","44,99,706","11,85,98,59,536.85","1,99,021","21,13,316","46.97"
"RELIANCE","EQ","25-Oct-2021","2,627.40","2,680.00","2,680.00","2,570.00","2,607.00","2,601.80","2,611.17","79,37,067","20,72,50,06,859.30","3,17,548","29,50,789","37.18"
"RELIANCE","EQ","22-Oct-2021","2,622.50","2,620.00","2,664.90","2,611.50","2,625.75","2,627.40","2,635.21","50,89,178","13,41,10,67,863.00","2,09,472","23,98,678","47.13"
"RELIANCE","EQ","21-Oct-2021","2,700.40","2,727.40","2,728.00","2,603.20","2,635.00","2,622.50","2,642.91","96,13,812","25,40,84,16,389.20","3,56,400","62,38,985","64.90"
"RELIANCE","EQ","20-Oct-2021","2,731.85","2,742.75","2,742.75","2,691.50","2,703.50","2,700.40","2,710.54","58,65,926","15,89,98,37,285.85","1,86,061","37,85,182","64.53"
"RELIANCE","EQ","19-Oct-2021","2,707.60","2,723.80","2,751.35","2,708.00","2,730.80","2,731.85","2,733.67","40,76,617","11,14,41,19,425.10","2,03,192","18,55,378","45.51"
"RELIANCE","EQ","18-Oct-2021","2,700.40","2,668.60","2,745.00","2,662.30","2,707.80","2,707.60","2,713.78","62,73,850","17,02,58,55,506.65","2,74,696","35,27,305","56.22"
"RELIANCE","EQ","14-Oct-2021","2,694.95","2,700.35","2,717.45","2,687.20","2,701.00","2,700.40","2,700.84","39,79,730","10,74,85,97,410.00","1,44,964","22,54,495","56.65"
"RELIANCE","EQ","13-Oct-2021","2,667.80","2,679.00","2,719.50","2,669.30","2,698.00","2,694.95","2,691.35","45,96,429","12,37,06,07,840.50","2,05,663","23,60,789","51.36"
"RELIANCE","EQ","12-Oct-2021","2,652.65","2,645.00","2,683.00","2,641.25","2,668.00","2,667.80","2,661.50","30,83,747","8,20,74,02,615.65","1,45,888","15,84,484","51.38"
"RELIANCE","EQ","11-Oct-2021","2,671.25","2,701.40","2,720.00","2,645.35","2,655.00","2,652.65","2,682.21","68,15,737","18,28,12,09,273.00","2,47,361","38,63,950","56.69"
"RELIANCE","EQ","08-Oct-2021","2,572.40","2,585.25","2,684.40","2,581.50","2,669.20","2,671.25","2,642.81","72,79,003","19,23,70,49,930.20","2,53,640","29,53,704","40.58"
"RELIANCE","EQ","07-Oct-2021","2,559.85","2,595.00","2,598.75","2,567.70","2,572.00","2,572.40","2,583.27","29,24,370","7,55,44,40,823.00","1,22,777","14,79,822","50.60"
"RELIANCE","EQ","06-Oct-2021","2,609.20","2,619.95","2,619.95","2,551.10","2,554.00","2,559.85","2,585.47","47,34,472","12,24,08,33,224.70","1,75,209","24,32,010","51.37"
"RELIANCE","EQ","05-Oct-2021","2,556.15","2,555.10","2,612.00","2,547.35","2,610.25","2,609.20","2,582.03","62,45,770","16,12,67,67,140.45","1,90,163","32,35,964","51.81"
"RELIANCE","EQ","04-Oct-2021","2,523.70","2,553.00","2,574.85","2,537.05","2,558.00","2,556.15","2,556.97","50,38,910","12,88,43,46,776.35","1,63,519","26,74,027","53.07"
"RELIANCE","BL","04-Oct-2021","2,076.85","2,523.70","2,523.70","2,523.70","2,523.70","2,523.70","2,523.70","27,05,236","6,82,72,04,093.20","1","-","-"
"RELIANCE","EQ","01-Oct-2021","2,519.25","2,501.95","2,539.80","2,495.00","2,525.00","2,523.70","2,521.05","41,34,544","10,42,33,89,476.20","1,44,149","20,32,482","49.16"
"RELIANCE","EQ","30-Sep-2021","2,527.85","2,525.00","2,534.60","2,500.35","2,511.00","2,519.25","2,517.46","62,72,085","15,78,97,02,474.85","1,73,121","34,08,378","54.34"
"RELIANCE","EQ","29-Sep-2021","2,548.05","2,570.00","2,570.00","2,520.05","2,530.00","2,527.85","2,536.91","44,85,721","11,37,98,66,281.20","1,66,259","22,23,603","49.57"
"RELIANCE","EQ","28-Sep-2021","2,524.45","2,534.00","2,564.90","2,512.80","2,545.00","2,548.05","2,539.99","83,23,269","21,14,10,19,462.35","2,29,286","43,21,030","51.92"
"RELIANCE","EQ","27-Sep-2021","2,482.70","2,487.00","2,529.90","2,475.30","2,527.00","2,524.45","2,510.93","70,95,022","17,81,51,16,544.95","2,24,209","41,84,695","58.98"
"RELIANCE","EQ","24-Sep-2021","2,489.90","2,503.55","2,505.45","2,472.00","2,479.00","2,482.70","2,488.36","70,11,181","17,44,63,21,055.45","2,34,214","42,28,344","60.31"
"RELIANCE","EQ","23-Sep-2021","2,430.50","2,447.40","2,497.00","2,445.50","2,488.10","2,489.90","2,475.75","72,67,883","17,99,34,32,142.75","2,55,176","39,10,090","53.80"
"RELIANCE","EQ","22-Sep-2021","2,404.70","2,408.00","2,442.00","2,398.25","2,430.80","2,430.50","2,426.47","50,74,612","12,31,34,09,794.10","1,79,090","28,11,116","55.40"
"RELIANCE","EQ","21-Sep-2021","2,394.35","2,405.00","2,416.60","2,384.00","2,400.00","2,404.70","2,401.93","45,76,111","10,99,15,10,851.65","1,49,803","23,65,643","51.70"
"RELIANCE","EQ","20-Sep-2021","2,390.55","2,372.10","2,418.35","2,370.00","2,391.85","2,394.35","2,398.57","54,36,385","13,03,95,53,487.25","1,71,011","30,42,705","55.97"
"RELIANCE","EQ","17-Sep-2021","2,428.20","2,446.00","2,455.85","2,375.60","2,387.00","2,390.55","2,410.13","1,60,98,099","38,79,85,80,126.85","2,78,098","94,60,717","58.77"
"RELIANCE","EQ","16-Sep-2021","2,378.30","2,381.55","2,436.75","2,367.00","2,424.00","2,428.20","2,408.55","62,06,657","14,94,90,50,569.95","2,14,010","24,73,588","39.85"
"RELIANCE","EQ","15-Sep-2021","2,368.45","2,368.50","2,395.75","2,368.50","2,379.40","2,378.30","2,380.39","41,86,300","9,96,50,45,382.75","1,68,130","23,10,144","55.18"
"RELIANCE","EQ","14-Sep-2021","2,371.55","2,375.00","2,394.00","2,366.00","2,370.50","2,368.45","2,377.55","41,11,205","9,77,45,84,167.80","1,53,291","24,91,875","60.61"
"RELIANCE","EQ","13-Sep-2021","2,425.60","2,433.00","2,433.00","2,368.05","2,369.80","2,371.55","2,381.94","75,27,598","17,93,02,86,910.15","3,27,407","44,14,702","58.65"