"Symbol  ","Series  ","Date  ","Prev Close  ","Open Price  ","High Price  ","Low Price  ","Last Price  ","Close Price  ","Average Price ","Total Traded Quantity  ","Turnover ₹  ","No. of Trades  ","Deliverable Qty  ","% Dly Qt to Traded Qty  "
"HDFCBANK","EQ","11-Sep-2026","693.80","683.90","709.00","681.90","708.25","708.25","693.30","3,14,11,934","21,77,79,65,303.50","4,14,216","1,34,08,691","47.31"
"HDFCBANK","EQ","10-Sep-2026","687.10","687.10","694.50","686.20","693.80","693.80","690.29","2,71,08,053","18,71,25,39,671.55","4,35,920","1,70,74,185","62.99"
"HDFCBANK","EQ","09-Sep-2026","703.00","698.00","700.00","687.10","687.10","687.10","693.47","3,91,73,990","27,16,61,63,430.35","5,25,234","2,61,63,697","66.79"
"HDFCBANK","EQ","08-Sep-2026","710.50","707.10","708.90","703.00","703.00","703.00","704.77","1,98,83,515","14,01,33,51,184.50","2,48,573","1,32,64,353","66.71"
"HDFCBANK","EQ","07-Sep-2026","712.10","712.10","713.00","707.05","710.50","710.50","710.44","1,21,80,390","8,65,34,15,620.75","1,90,729","76,66,610","62.94"
"HDFCBANK","EQ","04-Sep-2026","706.65","708.35","716.50","708.35","712.10","712.10","713.56","1,44,88,024","10,33,81,45,691.25","2,02,544","83,71,615","57.78"
"HDFCBANK","EQ","03-Sep-2026","700.80","705.00","712.60","705.00","706.65","706.65","708.33","2,77,70,641","19,67,06,39,968.70","2,93,146","1,65,90,339","59.74"
"HDFCBANK","EQ","02-Sep-2026","711.90","702.30","705.65","700.00","700.80","700.80","702.22","3,69,50,338","25,94,71,21,981.35","4,75,283","2,27,51,679","61.57"
"HDFCBANK","EQ","01-Sep-2026","709.00","705.05","715.45","698.50","711.90","711.90","707.88","4,44,17,092","31,44,20,10,162.85","5,09,180","1,85,68,849","41.81"
"HDFCBANK","EQ","31-Aug-2026","720.30","723.05","739.75","704.15","709.00","709.00","720.91","7,81,57,067","56,34,41,22,962.20","7,63,649","4,17,01,133","53.36"
"HDFCBANK","EQ","28-Aug-2026","711.00","710.85","720.30","707.00","720.30","720.30","715.16","1,64,94,301","11,79,60,10,616.70","2,21,663","87,35,071","52.96"
"HDFCBANK","EQ","27-Aug-2026","727.20","728.15","728.15","710.00","711.00","711.00","715.81","4,65,15,020","33,29,58,43,038.85","6,40,207","2,66,54,212","57.30"
"HDFCBANK","EQ","26-Aug-2026","727.50","728.00","731.00","724.15","727.20","727.20","727.50","2,11,56,463","15,39,13,07,909.10","2,14,223","1,41,35,347","66.81"
"HDFCBANK","EQ","25-Aug-2026","729.00","726.60","728.70","722.00","727.50","727.50","725.08","1,75,11,874","12,69,75,54,251.30","1,93,712","76,85,248","43.89"
"HDFCBANK","EQ","24-Aug-2026","726.95","732.50","734.40","724.10","729.00","729.00","727.99","1,14,08,345","8,30,52,09,859.50","1,91,412","67,24,175","58.94"
"HDFCBANK","EQ","21-Aug-2026","725.05","728.30","732.80","726.60","726.95","726.95","730.40","2,60,29,811","19,01,21,84,361.20","2,05,927","1,71,99,226","66.08"
"HDFCBANK","EQ","20-Aug-2026","720.00","725.50","728.30","724.30","725.05","725.05","726.11","1,76,03,805","12,78,22,34,279.05","2,10,154","1,22,70,042","69.70"
"HDFCBANK","EQ","19-Aug-2026","723.00","724.00","725.40","715.10","720.00","720.00","718.98","2,13,42,651","15,34,50,27,068.05","2,91,728","1,32,54,077","62.10"
"HDFCBANK","EQ","18-Aug-2026","729.00","726.30","729.00","723.00","723.00","723.00","724.70","1,79,16,507","12,98,40,34,098.10","2,56,567","1,05,69,314","58.99"
"HDFCBANK","EQ","17-Aug-2026","727.00","727.05","732.10","724.50","729.00","729.00","727.62","1,48,23,722","10,78,59,63,097.50","2,15,237","99,31,639","67.00"
"HDFCBANK","EQ","14-Aug-2026","725.00","725.00","729.60","723.50","727.00","727.00","726.97","2,03,64,131","14,80,40,79,006.05","2,42,796","1,47,96,227","72.66"
"HDFCBANK","EQ","13-Aug-2026","729.00","726.90","729.00","724.50","725.00","725.00","726.89","2,21,29,893","16,08,60,58,551.35","2,90,871","1,32,65,986","59.95"
"HDFCBANK","EQ","12-Aug-2026","729.00","729.00","730.65","722.00","729.00","729.00","725.18","2,69,93,177","19,57,47,77,188.00","5,25,619","1,76,23,358","65.29"
"HDFCBANK","EQ","11-Aug-2026","731.00","730.50","730.85","726.55","729.00","729.00","728.77","2,91,54,365","21,24,68,16,101.75","3,86,461","1,66,48,262","57.10"
"HDFCBANK","EQ","10-Aug-2026","731.00","731.50","737.55","728.50","731.00","731.00","732.79","2,36,60,590","17,33,83,17,737.15","3,75,251","1,58,10,637","66.82"
"HDFCBANK","EQ","07-Aug-2026","734.30","733.00","736.00","728.20","731.00","731.00","732.24","1,93,82,042","14,19,22,25,193.55","3,14,352","1,31,85,891","68.03"
"HDFCBANK","EQ","06-Aug-2026","735.00","739.00","740.50","733.55","734.30","734.30","735.70","4,47,72,122","32,93,88,32,886.35","3,92,473","2,94,90,980","65.87"
"HDFCBANK","EQ","05-Aug-2026","742.00","733.80","741.95","732.60","735.00","735.00","736.21","6,00,50,538","44,21,00,01,665.45","4,53,005","4,29,40,980","71.51"
"HDFCBANK","EQ","04-Aug-2026","753.00","753.20","753.20","738.00","742.00","742.00","742.63","3,15,59,802","23,43,73,41,270.35","4,23,043","1,94,91,117","61.76"
"HDFCBANK","EQ","03-Aug-2026","748.15","753.05","756.85","750.05","753.00","753.00","752.96","1,48,27,841","11,16,47,88,358.50","3,92,396","93,18,631","62.85"
"HDFCBANK","EQ","31-Jul-2026","753.95","753.95","757.55","747.20","748.00","748.15","749.63","2,55,22,483","19,13,23,30,689.35","2,96,777","1,90,81,002","74.76"
"HDFCBANK","EQ","30-Jul-2026","748.20","752.80","757.90","745.50","753.40","753.95","750.92","3,58,44,392","26,91,63,53,128.70","3,56,030","2,06,68,475","57.66"
"HDFCBANK","EQ","29-Jul-2026","735.40","743.00","751.25","740.80","748.30","748.20","747.80","2,04,60,659","15,30,04,01,444.85","2,56,480","1,38,46,743","67.67"
"HDFCBANK","EQ","28-Jul-2026","739.55","732.00","740.25","732.00","736.75","735.40","736.47","3,38,86,037","24,95,61,02,852.90","4,38,835","2,25,42,741","66.53"
"HDFCBANK","EQ","27-Jul-2026","742.80","746.10","747.95","738.10","740.25","739.55","740.88","2,96,78,752","21,98,84,22,477.70","3,33,807","2,06,96,690","69.74"
"HDFCBANK","EQ","24-Jul-2026","747.25","738.50","748.25","737.25","743.50","742.80","742.56","2,38,37,859","17,70,10,80,022.35","3,85,478","1,55,23,990","65.12"
"HDFCBANK","EQ","23-Jul-2026","753.15","749.40","751.00","743.25","745.85","747.25","746.39","3,25,32,090","24,28,17,38,985.55","4,15,811","2,12,73,440","65.39"
"HDFCBANK","EQ","22-Jul-2026","761.45","760.25","761.35","750.35","753.90","753.15","753.56","2,33,85,446","17,62,22,36,888.00","3,96,951","1,53,79,763","65.77"
"HDFCBANK","EQ","21-Jul-2026","777.60","769.15","772.50","760.10","761.50","761.45","765.46","4,22,46,009","32,33,78,26,325.50","6,44,512","2,64,85,261","62.69"
"HDFCBANK","EQ","20-Jul-2026","819.60","790.00","790.00","774.55","777.95","777.60","780.64","5,60,61,789","43,76,38,98,766.60","9,79,171","3,47,25,639","61.94"
"HDFCBANK","EQ","17-Jul-2026","808.30","810.00","823.70","808.50","820.80","819.60","817.91","1,74,15,322","14,24,41,31,598.80","2,52,225","1,08,83,338","62.49"
"HDFCBANK","EQ","16-Jul-2026","815.45","814.50","818.00","806.50","808.35","808.30","810.80","1,86,98,186","15,16,04,91,649.40","1,81,496","1,04,73,082","56.01"
"HDFCBANK","EQ","15-Jul-2026","809.40","811.00","819.70","809.70","815.00","815.45","815.46","2,14,88,739","17,52,32,29,835.80","2,50,860","1,36,42,307","63.49"
"HDFCBANK","EQ","14-Jul-2026","817.95","811.40","818.40","807.00","809.00","809.40","811.90","2,56,05,395","20,78,91,13,493.00","2,92,714","1,21,89,945","47.61"
"HDFCBANK","EQ","13-Jul-2026","824.95","817.00","821.95","811.00","817.50","817.95","817.72","2,17,41,736","17,77,86,97,986.00","2,42,082","1,18,94,060","54.71"
"HDFCBANK","EQ","10-Jul-2026","817.55","824.00","827.70","820.30","824.50","824.95","824.61","2,35,95,785","19,45,73,53,746.75","2,96,453","1,69,77,137","71.95"
"HDFCBANK","EQ","09-Jul-2026","810.30","813.00","822.85","812.30","817.00","817.55","818.64","3,98,91,798","32,65,68,70,500.60","3,36,701","2,19,11,701","54.93"
"HDFCBANK","EQ","08-Jul-2026","829.30","825.90","834.35","806.95","809.30","810.30","821.95","3,87,54,632","31,85,42,45,392.45","3,92,366","2,24,53,892","57.94"
"HDFCBANK","EQ","07-Jul-2026","829.85","843.00","843.00","826.10","827.50","829.30","834.07","5,76,11,729","48,05,23,50,466.80","5,00,541","3,81,96,928","66.30"
"HDFCBANK","EQ","06-Jul-2026","801.05","805.00","831.50","805.00","828.00","829.85","824.42","6,32,03,327","52,10,59,54,194.00","7,31,245","4,33,10,150","68.53"
"HDFCBANK","EQ","03-Jul-2026","795.90","803.00","807.00","798.55","801.50","801.05","802.89","2,58,71,958","20,77,22,33,463.35","2,25,856","1,83,15,362","70.79"
"HDFCBANK","EQ","02-Jul-2026","796.15","795.00","805.45","794.00","794.95","795.90","798.17","3,41,43,823","27,25,24,82,310.70","3,67,026","2,01,98,744","59.16"
"HDFCBANK","EQ","01-Jul-2026","797.95","793.50","802.25","793.50","796.00","796.15","797.89","2,60,94,378","20,82,04,85,429.50","2,65,057","1,78,13,540","68.27"
"HDFCBANK","EQ","30-Jun-2026","798.90","806.10","806.10","792.75","800.45","797.95","798.65","4,57,78,356","36,56,10,96,124.85","5,07,833","2,77,08,562","60.53"
"HDFCBANK","EQ","29-Jun-2026","796.30","800.00","805.90","793.30","797.05","798.90","799.29","4,66,95,977","37,32,36,37,057.70","4,21,982","3,09,19,361","66.21"
"HDFCBANK","EQ","25-Jun-2026","793.20","798.50","804.45","794.75","796.00","796.30","799.35","4,67,07,966","37,33,61,68,879.30","4,67,329","3,00,31,159","64.30"
"HDFCBANK","EQ","24-Jun-2026","774.65","773.00","794.90","772.65","792.80","793.20","788.60","3,47,01,292","27,36,52,90,725.10","3,20,163","2,14,86,006","61.92"
"HDFCBANK","BL","24-Jun-2026","868.65","774.65","774.65","774.65","774.65","774.65","774.65","10,13,597","78,51,82,916.05","1","-","-"
"HDFCBANK","EQ","23-Jun-2026","786.40","783.05","790.90","772.55","772.60","774.65","781.94","2,82,89,062","22,12,02,96,631.60","2,73,325","1,55,68,384","55.03"
"HDFCBANK","EQ","22-Jun-2026","779.80","789.90","789.90","783.10","785.60","786.40","786.71","2,51,94,765","19,82,08,93,965.30","2,57,091","1,74,80,801","69.38"
"HDFCBANK","EQ","19-Jun-2026","799.00","788.70","789.05","776.20","781.00","779.80","780.80","3,37,98,761","26,38,99,48,086.30","3,42,920","2,12,70,632","62.93"
"HDFCBANK","EQ","18-Jun-2026","787.10","786.50","802.95","786.20","800.80","799.00","797.21","4,14,92,071","33,07,79,50,871.00","3,86,510","2,00,63,205","48.35"
"HDFCBANK","EQ","17-Jun-2026","784.90","787.65","794.30","783.10","787.00","787.10","788.39","3,24,05,604","25,54,83,97,540.45","4,66,023","2,15,08,982","66.37"
"HDFCBANK","EQ","16-Jun-2026","777.35","780.50","787.70","779.45","784.75","784.90","784.34","2,78,20,970","21,82,11,64,302.20","3,34,802","1,29,95,866","46.71"
"HDFCBANK","EQ","15-Jun-2026","772.45","790.00","793.50","775.60","777.45","777.35","783.75","3,99,90,334","31,34,26,00,344.40","4,10,968","2,55,53,938","63.90"
"HDFCBANK","EQ","12-Jun-2026","744.60","754.70","774.45","753.10","771.95","772.45","764.47","3,60,88,159","27,58,82,17,228.10","4,24,418","2,21,90,749","61.49"
"HDFCBANK","EQ","11-Jun-2026","746.85","743.00","756.00","740.10","745.30","744.60","746.84","3,26,32,007","24,37,08,45,118.65","2,62,963","1,69,55,815","51.96"
"HDFCBANK","EQ","10-Jun-2026","738.35","736.50","755.95","736.40","747.80","746.85","744.98","4,44,58,159","33,12,06,48,229.85","3,23,114","2,36,70,967","53.24"
"HDFCBANK","EQ","09-Jun-2026","738.65","739.45","743.95","732.30","739.70","738.35","738.36","3,85,39,563","28,45,62,51,128.80","3,46,855","1,52,14,315","39.48"
"HDFCBANK","EQ","08-Jun-2026","747.05","738.00","741.50","734.50","738.00","738.65","738.38","2,15,50,700","15,91,26,98,807.25","3,07,762","90,97,681","42.22"
"HDFCBANK","EQ","05-Jun-2026","754.20","753.95","758.70","744.65","748.20","747.05","750.42","2,21,16,568","16,59,66,36,748.90","2,14,858","1,25,16,185","56.59"
"HDFCBANK","EQ","04-Jun-2026","753.65","749.15","757.30","745.00","753.25","754.20","751.95","4,26,73,538","32,08,83,55,961.35","3,85,239","1,99,85,833","46.83"
"HDFCBANK","EQ","03-Jun-2026","748.25","744.45","756.90","742.60","753.00","753.65","748.83","3,61,09,480","27,03,97,36,378.55","5,55,057","1,91,28,489","52.97"
"HDFCBANK","EQ","02-Jun-2026","742.70","737.00","753.60","733.15","749.15","748.25","745.07","4,73,14,447","35,25,24,89,656.40","4,23,085","1,98,91,849","42.04"
"HDFCBANK","EQ","01-Jun-2026","744.55","749.00","752.35","739.20","742.50","742.70","743.70","4,79,96,441","35,69,50,84,062.85","3,64,744","1,93,02,413","40.22"
"HDFCBANK","EQ","29-May-2026","758.65","746.05","760.50","737.75","747.25","744.55","747.79","10,12,99,431","75,75,03,25,248.25","5,82,913","6,98,04,226","68.91"
"HDFCBANK","EQ","27-May-2026","778.90","769.50","773.90","756.90","759.15","758.65","762.18","6,36,80,153","48,53,57,04,652.80","6,03,423","3,68,18,001","57.82"
"HDFCBANK","EQ","26-May-2026","786.85","784.05","790.85","776.75","780.25","778.90","783.86","3,15,28,062","24,71,34,57,734.45","2,68,365","1,29,77,242","41.16"
"HDFCBANK","EQ","25-May-2026","766.80","776.00","787.85","775.20","787.45","786.85","783.84","2,60,43,952","20,41,43,23,481.90","3,40,237","1,71,99,873","66.04"
"HDFCBANK","EQ","22-May-2026","759.15","759.15","775.00","759.15","769.00","766.80","768.46","2,56,04,071","19,67,56,29,937.40","2,54,373","1,53,56,926","59.98"
"HDFCBANK","EQ","21-May-2026","759.50","767.00","768.25","755.15","758.80","759.15","760.54","3,46,64,725","26,36,39,66,148.40","3,00,382","1,67,78,236","48.40"
"HDFCBANK","EQ","20-May-2026","762.45","759.60","762.25","755.15","760.10","759.50","759.21","2,40,13,451","18,23,12,01,059.00","3,34,493","1,52,00,147","63.30"
"HDFCBANK","EQ","19-May-2026","768.65","766.70","770.80","760.25","762.80","762.45","765.85","4,03,07,830","30,86,96,53,333.95","4,14,780","2,00,36,484","49.71"
"HDFCBANK","EQ","18-May-2026","767.50","759.00","774.10","751.35","768.80","768.65","765.63","2,98,12,079","22,82,50,15,390.55","3,96,597","1,73,24,667","58.11"
"HDFCBANK","EQ","15-May-2026","769.55","773.00","781.90","765.40","770.00","767.50","774.13","2,43,47,873","18,84,84,26,198.20","2,68,604","1,54,34,589","63.39"
"HDFCBANK","EQ","14-May-2026","749.60","751.00","778.30","747.00","770.10","769.55","767.26","5,09,92,358","39,12,46,47,345.10","5,21,121","2,69,23,055","52.80"
"HDFCBANK","EQ","13-May-2026","750.45","752.00","759.95","747.35","749.15","749.60","752.96","2,89,60,919","21,80,63,58,980.45","3,95,816","1,54,86,806","53.47"
"HDFCBANK","EQ","12-May-2026","763.65","756.60","759.70","747.80","755.00","750.45","753.71","4,39,37,132","33,11,58,12,661.00","7,82,428","1,90,36,053","43.33"
"HDFCBANK","EQ","11-May-2026","780.85","771.95","774.85","761.90","766.25","763.65","769.20","4,11,23,422","31,63,23,11,080.15","4,46,831","2,61,75,868","63.65"
"HDFCBANK","EQ","08-May-2026","796.05","784.00","788.75","777.20","781.00","780.85","781.63","3,80,16,841","29,71,52,55,302.00","3,86,448","2,54,03,985","66.82"
"HDFCBANK","EQ","07-May-2026","796.55","794.00","801.55","788.55","795.55","796.05","795.15","4,61,37,553","36,68,63,70,164.65","3,69,255","1,97,62,031","42.83"
"HDFCBANK","EQ","06-May-2026","772.30","775.15","798.95","773.50","796.00","796.55","785.36","3,55,30,831","27,90,44,17,066.50","4,02,081","1,79,53,925","50.53"
"HDFCBANK","EQ","05-May-2026","779.40","774.40","776.90","763.70","773.20","772.30","771.31","3,88,87,657","29,99,43,77,836.65","4,91,093","1,79,20,543","46.08"
"HDFCBANK","EQ","04-May-2026","771.70","772.60","786.60","772.60","779.50","779.40","779.72","2,90,28,060","22,63,37,11,388.45","3,82,758","1,70,25,706","58.65"
"HDFCBANK","EQ","30-Apr-2026","779.00","770.00","778.80","762.25","774.75","771.70","770.36","4,79,98,755","36,97,63,52,716.85","5,68,313","2,29,15,732","47.74"
"HDFCBANK","EQ","29-Apr-2026","782.55","785.50","790.00","777.35","778.30","779.00","783.90","2,57,99,963","20,22,47,13,818.45","4,68,032","1,52,85,775","59.25"
"HDFCBANK","EQ","28-Apr-2026","789.80","785.00","794.50","778.30","782.35","782.55","786.39","3,53,66,803","27,81,22,42,540.60","3,33,592","1,88,08,136","53.18"
"HDFCBANK","EQ","27-Apr-2026","784.85","787.50","793.00","785.00","790.00","789.80","789.16","1,81,15,375","14,29,59,37,140.45","2,78,374","1,03,24,992","57.00"
"HDFCBANK","EQ","24-Apr-2026","784.35","777.30","787.60","777.00","785.15","784.85","782.99","2,77,20,358","21,70,47,72,419.30","3,63,338","1,66,02,584","59.89"
"HDFCBANK","EQ","23-Apr-2026","799.90","792.00","796.65","782.50","783.90","784.35","788.13","3,76,77,616","29,69,48,61,381.85","4,90,484","2,17,01,707","57.60"
"HDFCBANK","EQ","22-Apr-2026","811.75","810.00","813.05","798.00","799.40","799.90","804.11","2,38,76,412","19,19,92,37,337.70","2,78,743","1,50,59,392","63.07"
"HDFCBANK","EQ","21-Apr-2026","795.45","795.20","814.90","795.20","812.00","811.75","808.97","4,91,35,752","39,74,92,81,377.25","3,86,140","2,39,01,902","48.64"
"HDFCBANK","EQ","20-Apr-2026","799.90","797.10","809.95","790.00","795.20","795.45","796.95","5,21,48,044","41,55,93,15,742.55","5,50,200","2,73,75,949","52.50"
"HDFCBANK","EQ","17-Apr-2026","795.45","790.10","803.95","788.20","800.00","799.90","799.40","3,72,82,544","29,80,38,42,840.25","3,29,801","2,32,96,927","62.49"
"HDFCBANK","EQ","16-Apr-2026","809.90","818.00","820.05","792.20","794.00","795.45","802.59","6,28,61,293","50,45,20,84,027.00","5,12,745","2,65,40,350","42.22"
"HDFCBANK","EQ","15-Apr-2026","794.70","804.95","814.80","804.00","810.00","809.90","809.73","3,97,69,515","32,20,25,17,376.60","4,68,104","1,89,63,852","47.68"
"HDFCBANK","EQ","13-Apr-2026","810.30","791.50","798.50","787.35","793.00","794.70","792.47","4,75,49,328","37,68,15,70,377.55","4,28,978","1,89,34,176","39.82"
"HDFCBANK","EQ","10-Apr-2026","797.70","804.00","812.25","801.00","810.10","810.30","809.15","3,81,56,026","30,87,39,43,034.35","3,84,976","2,06,35,660","54.08"
"HDFCBANK","EQ","09-Apr-2026","816.10","815.00","819.00","793.10","798.00","797.70","800.68","4,88,79,392","39,13,67,41,055.40","5,32,333","2,14,26,068","43.83"
"HDFCBANK","EQ","08-Apr-2026","772.00","800.00","817.80","796.00","817.50","816.10","809.87","7,02,69,512","56,90,93,58,152.40","5,61,769","4,17,91,230","59.47"
"HDFCBANK","EQ","07-Apr-2026","771.00","766.00","774.00","761.00","772.40","772.00","768.18","5,13,09,793","39,41,50,68,155.95","7,77,553","2,73,29,359","53.26"
"HDFCBANK","EQ","06-Apr-2026","750.90","759.00","772.75","745.00","770.90","771.00","759.21","4,29,76,659","32,62,81,40,429.95","6,26,168","2,40,18,015","55.89"
"HDFCBANK","EQ","02-Apr-2026","742.25","730.00","755.00","726.65","751.00","750.90","740.56","4,93,10,300","36,51,71,73,048.10","6,18,264","2,38,04,482","48.27"
"HDFCBANK","EQ","01-Apr-2026","731.55","743.00","755.90","739.10","744.00","742.25","745.52","7,88,62,761","58,79,41,04,725.50","6,17,196","5,00,17,843","63.42"
"HDFCBANK","EQ","30-Mar-2026","756.20","745.20","751.00","726.65","735.00","731.55","737.88","10,35,00,135","76,37,01,80,749.45","7,87,374","6,24,23,108","60.31"
"HDFCBANK","EQ","27-Mar-2026","782.30","773.20","774.90","754.55","757.95","756.20","761.30","6,54,85,199","49,85,36,60,404.55","6,99,107","4,19,29,255","64.03"
"HDFCBANK","EQ","25-Mar-2026","764.90","768.20","794.80","768.20","780.10","782.30","785.22","5,92,30,640","46,50,89,23,123.65","6,28,380","3,58,52,906","60.53"
"HDFCBANK","EQ","24-Mar-2026","744.15","755.00","772.75","747.70","766.50","764.90","761.63","6,12,69,986","46,66,53,56,241.25","6,26,314","3,44,73,827","56.27"
"HDFCBANK","EQ","23-Mar-2026","780.45","763.15","768.70","741.05","742.30","744.15","752.37","7,23,41,738","54,42,75,19,734.60","8,72,248","4,41,05,103","60.97"
"HDFCBANK","EQ","20-Mar-2026","798.20","785.00","793.75","778.20","781.00","780.45","784.12","10,31,29,469","80,86,58,60,514.30","9,63,682","6,61,11,622","64.11"
"HDFCBANK","EQ","19-Mar-2026","843.05","770.00","815.65","770.00","800.00","798.20","801.78","17,16,37,393","1,37,61,50,84,047.35","14,39,390","9,96,28,149","58.05"
"HDFCBANK","EQ","18-Mar-2026","845.35","845.35","846.80","831.60","842.00","843.05","840.38","2,35,07,063","19,75,49,16,389.35","2,94,181","1,35,48,006","57.63"
"HDFCBANK","EQ","17-Mar-2026","840.60","847.70","848.90","835.10","842.80","845.35","843.42","3,88,26,979","32,74,75,78,708.05","4,57,590","2,00,71,710","51.70"
"HDFCBANK","EQ","16-Mar-2026","817.00","817.00","844.50","815.65","838.80","840.60","832.00","5,21,82,605","43,41,59,02,026.80","4,97,371","2,88,89,106","55.36"
"HDFCBANK","EQ","13-Mar-2026","832.75","820.00","823.80","812.00","816.70","817.00","817.73","4,17,00,464","34,09,98,71,018.10","5,42,628","2,26,92,726","54.42"
"HDFCBANK","EQ","12-Mar-2026","833.95","820.10","836.40","820.10","833.30","832.75","831.86","4,61,07,561","38,35,49,69,893.00","6,83,178","2,75,87,429","59.83"
"HDFCBANK","EQ","11-Mar-2026","849.45","845.00","848.85","827.60","834.40","833.95","834.32","4,22,61,076","35,25,93,18,337.50","5,80,385","2,67,28,940","63.25"
"HDFCBANK","EQ","10-Mar-2026","840.70","850.05","856.80","840.60","849.00","849.45","849.47","5,28,66,024","44,90,79,44,293.60","4,75,796","2,97,96,626","56.36"
"HDFCBANK","EQ","09-Mar-2026","857.05","825.00","842.45","821.50","839.10","840.70","833.63","3,55,92,613","29,67,09,87,891.55","4,20,429","1,86,86,662","52.50"
"HDFCBANK","EQ","06-Mar-2026","877.75","868.05","871.70","855.10","857.20","857.05","862.50","3,44,39,647","29,70,42,05,809.35","7,06,964","2,16,29,001","62.80"
"HDFCBANK","BL","05-Mar-2026","992.45","868.65","868.65","868.65","868.65","868.65","868.65","7,06,962","61,41,02,541.30","1","-","-"
"HDFCBANK","EQ","05-Mar-2026","868.65","873.85","881.40","863.50","875.10","877.75","873.44","3,13,24,582","27,36,00,19,475.00","2,81,674","1,35,20,710","43.16"
"HDFCBANK","EQ","04-Mar-2026","879.40","848.00","879.30","848.00","869.00","868.65","866.00","3,98,62,322","34,52,08,91,227.90","4,56,224","2,23,63,360","56.10"
"HDFCBANK","EQ","02-Mar-2026","887.75","876.20","887.75","871.55","882.10","879.40","879.38","3,83,78,924","33,74,97,54,117.70","4,01,981","1,94,91,777","50.79"
"HDFCBANK","EQ","27-Feb-2026","898.60","898.60","898.95","885.00","887.45","887.75","889.69","3,46,20,755","30,80,16,52,275.45","4,11,801","2,67,65,937","77.31"
"HDFCBANK","EQ","26-Feb-2026","907.60","912.00","912.00","895.00","896.00","898.60","901.32","4,11,65,937","37,10,36,36,109.45","5,02,649","2,40,28,758","58.37"
"HDFCBANK","EQ","25-Feb-2026","910.50","910.55","916.00","903.10","907.40","907.60","909.00","2,78,84,303","25,34,69,43,106.45","3,23,744","2,02,13,660","72.49"
"HDFCBANK","EQ","24-Feb-2026","923.60","927.95","927.95","909.15","911.50","910.50","915.33","3,13,13,985","28,66,25,10,212.40","2,98,283","1,69,94,295","54.27"
"HDFCBANK","EQ","23-Feb-2026","911.85","916.50","925.65","915.25","924.10","923.60","921.17","2,32,70,122","21,43,56,60,334.00","2,28,672","1,49,88,411","64.41"
"HDFCBANK","EQ","20-Feb-2026","915.60","911.00","917.85","908.40","913.15","911.85","913.52","2,26,54,907","20,69,58,10,498.85","2,95,931","1,28,08,207","56.54"
"HDFCBANK","EQ","19-Feb-2026","924.70","929.00","929.20","912.45","914.30","915.60","918.86","2,12,09,234","19,48,82,60,011.45","2,97,364","85,57,551","40.35"
"HDFCBANK","EQ","18-Feb-2026","925.70","923.20","925.50","919.55","923.70","924.70","922.79","1,27,38,702","11,75,51,17,113.45","2,17,327","71,77,757","56.35"
"HDFCBANK","EQ","17-Feb-2026","925.80","923.00","928.10","918.60","926.45","925.70","925.32","2,25,99,629","20,91,18,78,079.60","3,37,196","88,83,355","39.31"
"HDFCBANK","EQ","16-Feb-2026","903.90","903.90","929.50","902.10","925.50","925.80","922.18","1,88,06,989","17,34,35,14,574.60","3,09,517","1,05,41,147","56.05"
"HDFCBANK","EQ","13-Feb-2026","920.60","913.00","928.20","901.00","903.90","903.90","912.26","5,01,88,359","45,78,48,29,506.25","3,61,977","3,99,07,545","79.52"
"HDFCBANK","EQ","12-Feb-2026","927.10","927.00","928.60","918.50","919.75","920.60","922.37","3,38,72,203","31,24,26,14,792.65","4,25,115","2,06,80,584","61.05"
"HDFCBANK","EQ","11-Feb-2026","932.40","931.25","936.00","925.30","926.80","927.10","928.91","2,48,69,804","23,10,17,39,084.15","3,68,828","1,68,76,206","67.86"
"HDFCBANK","EQ","10-Feb-2026","937.25","930.00","940.90","929.95","932.60","932.40","933.93","3,15,25,385","29,44,26,15,462.90","4,08,707","1,82,44,866","57.87"
"HDFCBANK","EQ","09-Feb-2026","941.10","945.00","950.00","935.35","938.80","937.25","938.27","2,39,47,829","22,46,95,73,398.45","2,74,371","1,76,66,012","73.77"
"HDFCBANK","EQ","06-Feb-2026","949.70","945.00","948.10","937.60","941.00","941.10","941.73","1,81,20,272","17,06,43,39,108.70","4,23,858","1,13,28,454","62.52"
"HDFCBANK","EQ","05-Feb-2026","953.10","956.00","956.05","946.70","949.70","949.70","950.22","2,81,03,169","26,70,43,14,508.90","3,72,775","1,97,89,477","70.42"
"HDFCBANK","EQ","04-Feb-2026","948.70","952.50","957.20","947.95","949.00","953.10","952.91","2,43,66,770","23,21,94,30,282.65","2,51,099","1,82,91,924","75.07"
"HDFCBANK","EQ","03-Feb-2026","928.10","983.75","994.00","945.00","947.65","948.70","954.45","5,03,36,968","48,04,39,34,757.85","4,90,165","3,39,91,872","67.53"
"HDFCBANK","EQ","02-Feb-2026","922.10","915.00","929.80","909.30","928.10","928.10","924.14","2,80,32,106","25,90,55,16,822.80","3,87,552","1,79,29,669","63.96"
"HDFCBANK","EQ","01-Feb-2026","929.25","932.00","939.65","912.65","918.05","922.10","929.20","98,56,486","9,15,86,89,990.90","1,46,417","45,58,330","46.25"
"HDFCBANK","EQ","30-Jan-2026","935.50","930.00","938.90","927.75","929.00","929.25","931.84","2,96,91,233","27,66,73,70,875.05","2,51,637","2,17,92,184","73.40"
"HDFCBANK","EQ","29-Jan-2026","932.70","930.10","939.30","924.35","935.00","935.50","933.24","3,71,75,628","34,69,37,41,736.20","4,20,812","2,33,37,389","62.78"
"HDFCBANK","EQ","28-Jan-2026","926.40","932.50","941.45","928.40","932.40","932.70","934.95","3,53,47,138","33,04,77,87,224.50","2,72,519","2,57,68,276","72.90"
"HDFCBANK","EQ","27-Jan-2026","916.10","906.00","931.20","905.00","928.00","926.40","917.11","4,47,53,093","41,04,34,45,636.30","4,83,204","2,48,63,244","55.56"
"HDFCBANK","EQ","23-Jan-2026","918.70","920.00","926.10","909.25","915.80","916.10","916.45","3,09,85,247","28,39,64,80,018.55","3,35,766","2,00,36,841","64.67"
"HDFCBANK","EQ","22-Jan-2026","920.35","928.00","928.30","913.20","921.00","918.70","918.56","4,44,44,755","40,82,53,01,054.65","5,72,341","2,79,90,021","62.98"
"HDFCBANK","EQ","21-Jan-2026","931.20","925.00","932.15","915.50","921.00","920.35","924.64","3,27,66,854","30,29,75,28,335.75","3,51,406","1,84,90,570","56.43"
"HDFCBANK","EQ","20-Jan-2026","927.90","929.30","934.50","919.60","930.50","931.20","930.12","3,60,22,727","33,50,55,44,795.30","3,57,134","2,53,87,797","70.48"
"HDFCBANK","EQ","19-Jan-2026","931.10","935.90","936.15","919.50","925.95","927.90","927.58","3,81,91,942","35,42,60,72,965.65","4,32,335","2,55,89,700","67.00"
"HDFCBANK","EQ","16-Jan-2026","925.45","922.00","935.95","919.20","930.55","931.10","929.18","3,77,80,235","35,10,44,52,366.25","3,61,119","2,79,60,990","74.01"
"HDFCBANK","EQ","14-Jan-2026","937.35","930.00","940.05","920.20","925.00","925.45","929.85","3,66,88,248","34,11,44,24,012.75","3,06,076","2,77,00,155","75.50"
"HDFCBANK","EQ","13-Jan-2026","936.95","947.70","947.70","932.60","934.75","937.35","940.27","3,20,42,827","30,12,90,21,006.45","3,48,726","1,96,82,550","61.43"
"HDFCBANK","EQ","12-Jan-2026","939.00","937.50","942.00","929.60","936.40","936.95","936.87","2,10,71,666","19,74,13,46,998.05","2,82,222","1,59,11,209","75.51"
"HDFCBANK","EQ","09-Jan-2026","946.70","945.00","950.60","933.30","939.00","939.00","940.91","3,81,83,839","35,92,75,36,459.55","3,24,301","3,09,38,163","81.02"
"HDFCBANK","EQ","08-Jan-2026","949.05","944.70","953.00","941.40","948.00","946.70","947.59","2,19,28,849","20,77,96,38,865.45","3,16,595","1,43,41,808","65.40"
"HDFCBANK","EQ","07-Jan-2026","962.20","956.00","956.45","946.00","950.25","949.05","950.10","5,28,84,712","50,24,57,38,779.65","4,14,168","4,39,98,886","83.20"
"HDFCBANK","EQ","06-Jan-2026","977.50","962.70","966.70","956.00","962.95","962.20","962.45","3,19,88,783","30,78,75,69,132.70","4,59,604","2,26,50,555","70.81"
"HDFCBANK","EQ","05-Jan-2026","1,001.60","1,005.75","1,006.40","976.30","978.50","977.50","984.33","2,76,47,379","27,21,41,19,283.50","3,82,990","2,09,56,352","75.80"
"HDFCBANK","EQ","02-Jan-2026","991.15","991.15","1,003.20","988.80","1,000.25","1,001.60","998.46","1,17,51,459","11,73,33,33,129.85","1,78,613","78,14,202","66.50"
"HDFCBANK","EQ","01-Jan-2026","991.20","993.50","997.55","989.50","991.15","991.15","991.88","71,32,074","7,07,41,47,525.95","1,26,886","24,85,813","34.85"
"HDFCBANK","EQ","31-Dec-2025","990.90","991.00","997.60","987.60","992.90","991.20","992.61","1,09,63,454","10,88,24,83,821.40","1,93,549","70,39,332","64.21"
"HDFCBANK","EQ","30-Dec-2025","991.70","990.20","995.00","982.20","995.00","990.90","989.16","3,31,55,849","32,79,62,79,701.40","3,93,869","2,21,77,609","66.89"
"HDFCBANK","EQ","29-Dec-2025","992.10","993.10","997.40","987.20","992.80","991.70","991.31","1,35,45,749","13,42,79,99,756.00","1,90,711","84,36,541","62.28"
"HDFCBANK","EQ","26-Dec-2025","997.20","996.00","997.20","987.70","992.00","992.10","992.32","93,60,853","9,28,89,52,052.70","1,96,688","70,31,168","75.11"
"HDFCBANK","EQ","24-Dec-2025","996.60","993.00","999.40","993.00","995.30","997.20","996.34","1,36,99,996","13,64,98,27,358.40","2,03,107","60,62,889","44.25"
"HDFCBANK","EQ","23-Dec-2025","987.70","990.50","998.90","987.70","997.00","996.60","994.81","1,79,27,849","17,83,48,64,449.30","2,27,121","94,34,296","52.62"
"HDFCBANK","EQ","22-Dec-2025","985.50","988.00","992.90","983.90","987.20","987.70","987.63","1,35,40,411","13,37,28,75,582.70","2,53,393","81,88,244","60.47"
"HDFCBANK","EQ","19-Dec-2025","979.70","987.00","988.00","978.70","985.20","985.50","984.91","2,59,52,384","25,56,06,67,946.00","2,46,675","1,90,02,918","73.22"
"HDFCBANK","EQ","18-Dec-2025","984.00","973.30","987.40","973.30","980.00","979.70","981.48","1,49,12,404","14,63,61,96,743.00","4,12,559","95,59,809","64.11"
"HDFCBANK","EQ","17-Dec-2025","994.30","996.00","996.00","980.80","985.20","984.00","985.22","1,90,80,922","18,79,88,80,243.80","2,88,605","1,37,49,573","72.06"
"HDFCBANK","EQ","16-Dec-2025","996.10","990.10","998.70","990.10","994.20","994.30","994.74","2,00,49,088","19,94,36,98,733.60","3,07,140","1,05,78,543","52.76"
"HDFCBANK","EQ","15-Dec-2025","1,001.50","992.00","1,001.80","992.00","995.00","996.10","995.95","97,90,060","9,75,03,88,373.60","1,82,612","56,89,455","58.11"
"HDFCBANK","EQ","12-Dec-2025","1,000.30","1,003.00","1,004.70","998.20","1,002.90","1,001.50","1,001.52","1,19,88,618","12,00,68,83,854.10","1,53,825","89,74,647","74.86"
"HDFCBANK","EQ","11-Dec-2025","989.80","990.00","1,002.70","988.50","999.90","1,000.30","996.96","1,18,44,809","11,80,88,32,354.30","1,77,935","75,53,960","63.77"
"HDFCBANK","EQ","10-Dec-2025","997.10","997.50","998.50","985.30","990.40","989.80","990.90","1,53,22,830","15,18,34,09,188.40","2,75,347","1,03,99,067","67.87"
"HDFCBANK","EQ","09-Dec-2025","1,003.10","994.90","1,002.80","994.00","997.00","997.10","998.68","1,52,94,322","15,27,41,86,067.40","2,06,598","88,51,628","57.88"
"HDFCBANK","EQ","08-Dec-2025","1,003.30","1,000.00","1,006.50","997.50","1,001.80","1,003.10","1,002.21","1,29,01,022","12,92,94,80,947.90","2,19,872","85,40,982","66.20"
"HDFCBANK","EQ","05-Dec-2025","997.20","992.00","1,008.00","990.20","1,001.20","1,003.30","1,000.86","1,28,43,366","12,85,43,50,197.30","1,92,024","77,82,512","60.60"
"HDFCBANK","EQ","04-Dec-2025","1,000.50","1,000.00","1,004.70","993.00","998.50","997.20","998.28","1,45,28,169","14,50,32,48,744.00","2,41,847","1,01,17,111","69.64"
"HDFCBANK","EQ","03-Dec-2025","989.80","986.00","1,002.30","986.00","1,000.10","1,000.50","993.84","1,54,48,777","15,35,36,18,863.90","2,22,651","1,06,62,697","69.02"
"HDFCBANK","EQ","02-Dec-2025","1,002.10","988.00","994.40","985.00","991.40","989.80","990.24","2,73,16,662","27,05,01,86,723.20","3,63,303","1,80,25,565","65.99"
"HDFCBANK","EQ","01-Dec-2025","1,007.60","1,017.50","1,017.50","999.30","1,002.90","1,002.10","1,005.66","1,67,46,566","16,84,13,29,243.20","2,82,719","1,04,12,743","62.18"
"HDFCBANK","EQ","28-Nov-2025","1,009.50","1,007.00","1,012.05","1,004.20","1,006.70","1,007.60","1,008.93","1,59,88,807","16,13,15,18,093.40","1,78,196","1,11,79,507","69.92"
"HDFCBANK","EQ","27-Nov-2025","1,003.90","1,002.10","1,016.80","1,001.00","1,009.05","1,009.50","1,010.95","2,55,36,848","25,81,63,56,116.10","3,13,073","1,68,30,504","65.91"
"HDFCBANK","EQ","26-Nov-2025","989.80","981.30","1,006.95","981.30","1,005.00","1,003.90","999.58","1,94,94,356","19,48,61,97,443.70","2,07,998","1,05,53,283","54.14"
"HDFCBANK","EQ","25-Nov-2025","999.15","1,004.00","1,006.10","988.40","989.45","989.80","995.08","2,49,89,383","24,86,65,05,641.80","2,75,451","1,43,45,733","57.41"
"HDFCBANK","EQ","24-Nov-2025","998.05","1,000.00","1,011.45","993.60","997.85","999.15","1,001.79","3,22,04,053","32,26,16,18,761.75","2,80,226","2,31,58,827","71.91"
"HDFCBANK","EQ","21-Nov-2025","1,008.85","1,003.10","1,008.30","996.55","998.00","998.05","1,001.07","1,74,99,897","17,51,86,94,760.00","2,71,649","1,17,81,873","67.33"
"HDFCBANK","EQ","20-Nov-2025","994.60","995.30","1,011.60","992.45","1,008.60","1,008.85","1,003.81","1,98,50,865","19,92,64,17,239.25","2,54,686","1,23,10,443","62.01"
"HDFCBANK","EQ","19-Nov-2025","992.45","990.00","996.55","984.00","994.80","994.60","989.67","1,98,13,847","19,60,91,99,278.35","2,01,324","1,43,80,578","72.58"
"HDFCBANK","BL","19-Nov-2025","978.50","992.45","992.45","992.45","992.45","992.45","992.45","1,53,702","15,25,41,549.90","1","-","-"
"HDFCBANK","EQ","18-Nov-2025","996.55","997.65","999.00","990.00","990.85","992.45","994.68","2,00,02,640","19,89,62,87,879.55","2,17,914","1,32,76,284","66.37"
"HDFCBANK","EQ","17-Nov-2025","989.60","991.25","997.95","985.60","996.45","996.55","993.87","1,83,96,408","18,28,36,67,280.45","1,97,155","1,24,83,495","67.86"
"HDFCBANK","EQ","14-Nov-2025","986.65","976.05","991.65","976.05","989.00","989.60","984.95","2,13,86,965","21,06,50,33,481.45","3,01,431","1,56,69,091","73.26"
"HDFCBANK","EQ","13-Nov-2025","989.50","984.00","990.10","982.60","985.75","986.65","986.34","1,41,24,839","13,93,18,55,903.95","2,89,471","84,00,766","59.48"
"HDFCBANK","EQ","12-Nov-2025","991.70","998.80","999.00","987.70","990.25","989.50","992.14","1,31,37,263","13,03,40,39,694.95","1,66,500","90,64,648","69.00"
"HDFCBANK","EQ","11-Nov-2025","984.50","983.50","993.50","978.00","992.00","991.70","987.26","1,02,00,530","10,07,05,24,484.25","2,29,810","51,78,183","50.76"
"HDFCBANK","EQ","10-Nov-2025","982.30","982.30","990.95","980.20","984.60","984.50","986.19","1,59,88,262","15,76,73,86,584.00","3,73,004","1,13,29,554","70.86"
"HDFCBANK","EQ","07-Nov-2025","984.65","980.00","984.90","974.75","984.30","982.30","979.96","1,50,04,568","14,70,38,32,279.80","3,15,369","1,06,69,610","71.11"
"HDFCBANK","EQ","06-Nov-2025","985.25","981.00","991.05","974.00","987.50","984.65","984.48","2,22,79,516","21,93,38,18,395.90","2,78,532","1,14,00,343","51.17"
"HDFCBANK","EQ","04-Nov-2025","992.65","987.00","997.00","983.70","985.70","985.25","990.21","2,00,24,544","19,82,85,27,608.75","3,02,828","1,07,92,510","53.90"
"HDFCBANK","EQ","03-Nov-2025","987.30","985.00","994.55","983.30","993.40","992.65","991.15","1,66,07,180","16,46,02,36,700.55","2,88,032","99,95,580","60.19"
"HDFCBANK","EQ","31-Oct-2025","998.15","994.00","1,004.45","981.15","987.95","987.30","989.37","2,32,21,330","22,97,45,58,984.15","4,54,775","1,45,30,695","62.57"
"HDFCBANK","EQ","30-Oct-2025","1,007.85","1,000.00","1,009.50","997.10","999.95","998.15","1,001.53","1,99,62,917","19,99,35,06,579.25","3,65,104","1,10,16,753","55.19"
"HDFCBANK","T0","30-Oct-2025","1,007.85","1,007.85","1,007.85","1,007.85","1,007.85","998.15","1,007.85","1","1,007.85","1","1","100.00"
"HDFCBANK","EQ","29-Oct-2025","1,003.55","1,004.90","1,012.50","1,000.00","1,008.50","1,007.85","1,007.89","1,77,69,445","17,90,96,76,109.65","2,81,715","1,01,83,404","57.31"
"HDFCBANK","EQ","28-Oct-2025","1,002.95","997.65","1,008.00","995.00","1,004.90","1,003.55","1,001.18","3,39,04,289","33,94,41,77,651.40","4,23,621","1,78,02,447","52.51"
"HDFCBANK","EQ","27-Oct-2025","994.75","996.50","1,009.05","996.20","1,003.50","1,002.95","1,003.92","1,57,00,796","15,76,22,65,430.25","2,97,938","1,08,76,558","69.27"
"HDFCBANK","EQ","24-Oct-2025","1,008.80","1,011.00","1,011.95","991.30","995.90","994.75","999.40","1,77,07,768","17,69,70,89,817.30","3,62,016","1,03,25,814","58.31"
"HDFCBANK","EQ","23-Oct-2025","1,007.70","1,016.00","1,020.50","1,006.00","1,006.60","1,008.80","1,013.19","4,35,26,526","44,10,04,30,667.15","5,18,216","2,94,30,278","67.61"
"HDFCBANK","EQ","21-Oct-2025","1,002.95","1,006.00","1,010.00","1,004.00","1,004.00","1,007.70","1,008.15","34,71,600","3,49,99,06,215.35","88,749","22,08,820","63.63"
"HDFCBANK","EQ","20-Oct-2025","1,002.55","997.00","1,020.00","997.00","1,003.60","1,002.95","1,005.08","2,21,95,202","22,30,79,32,790.70","4,16,206","1,19,49,161","53.84"
"HDFCBANK","EQ","17-Oct-2025","994.35","993.95","1,009.00","986.00","1,000.60","1,002.55","1,001.76","2,52,10,511","25,25,47,61,309.80","3,71,430","1,40,88,788","55.88"
"HDFCBANK","EQ","16-Oct-2025","978.25","982.65","996.60","981.50","993.60","994.35","989.28","2,29,36,566","22,69,06,15,843.35","3,62,882","1,48,25,575","64.64"
"HDFCBANK","EQ","15-Oct-2025","977.15","975.00","984.90","973.35","978.50","978.25","979.29","2,33,10,447","22,82,77,42,875.95","2,51,500","1,59,31,470","68.34"
"HDFCBANK","EQ","14-Oct-2025","977.00","970.00","980.45","967.00","976.25","977.15","975.43","2,29,34,382","22,37,09,80,681.75","2,17,173","1,29,64,881","56.53"
"HDFCBANK","BL","13-Oct-2025","978.70","978.50","978.50","978.50","978.50","978.50","978.50","2,72,219","26,63,66,291.50","1","-","-"
"HDFCBANK","EQ","13-Oct-2025","980.90","974.30","981.00","972.00","977.10","977.00","977.15","1,86,34,254","18,20,84,00,781.70","2,80,003","1,19,86,144","64.32"
"HDFCBANK","EQ","10-Oct-2025","977.10","979.00","986.20","978.10","981.45","980.90","982.56","1,37,57,080","13,51,71,76,056.05","2,37,034","84,99,509","61.78"
"HDFCBANK","EQ","09-Oct-2025","978.70","974.50","979.00","970.15","975.00","977.10","976.00","1,53,70,950","15,00,19,96,973.25","2,13,008","81,47,055","53.00"
"HDFCBANK","BL","09-Oct-2025","1,983.00","978.70","978.70","978.70","978.70","978.70","978.70","1,14,327","11,18,91,834.90","1","-","-"
"HDFCBANK","EQ","08-Oct-2025","982.50","976.00","985.90","974.55","977.20","978.70","979.57","1,59,39,710","15,61,39,97,664.15","2,09,764","97,71,789","61.30"
"HDFCBANK","EQ","07-Oct-2025","973.45","974.00","989.85","971.00","981.80","982.50","983.54","2,55,35,736","25,11,54,33,186.60","2,46,182","1,54,58,605","60.54"
"HDFCBANK","EQ","06-Oct-2025","965.15","971.90","977.40","962.00","973.90","973.45","973.33","1,85,42,683","18,04,81,85,820.20","2,42,243","1,14,19,980","61.59"
"HDFCBANK","EQ","03-Oct-2025","965.25","952.00","966.75","952.00","963.70","965.15","960.81","2,66,58,296","25,61,34,77,189.50","2,62,320","1,80,18,739","67.59"
"HDFCBANK","EQ","01-Oct-2025","951.00","952.70","969.60","946.00","965.80","965.25","961.75","2,53,50,832","24,38,10,70,597.70","2,84,713","1,67,42,115","66.04"
"HDFCBANK","EQ","30-Sep-2025","950.30","958.05","960.00","946.30","952.50","951.00","951.48","2,82,96,687","26,92,36,71,201.95","2,54,597","1,65,06,431","58.33"
"HDFCBANK","EQ","29-Sep-2025","945.05","946.05","956.80","939.10","953.40","950.30","950.17","3,23,98,179","30,78,38,88,581.80","2,96,694","2,28,19,747","70.44"
"HDFCBANK","EQ","26-Sep-2025","949.85","945.10","951.45","941.30","944.25","945.05","945.96","1,48,74,656","14,07,07,86,048.15","2,09,563","90,35,935","60.75"
"HDFCBANK","EQ","25-Sep-2025","951.05","952.50","958.00","947.40","951.20","949.85","952.03","3,14,13,279","29,90,63,81,362.70","2,56,060","2,08,33,726","66.32"
"HDFCBANK","EQ","24-Sep-2025","957.20","952.20","956.45","943.00","951.00","951.05","949.21","1,51,17,220","14,34,94,11,269.75","2,48,417","97,95,696","64.80"
"HDFCBANK","EQ","23-Sep-2025","964.20","967.00","968.20","955.50","958.45","957.20","960.10","2,10,22,298","20,18,34,27,172.90","1,90,721","1,13,19,285","53.84"
"HDFCBANK","EQ","22-Sep-2025","966.90","964.00","971.20","961.95","965.40","964.20","966.40","1,08,54,415","10,48,97,24,995.75","1,39,126","61,52,391","56.68"
"HDFCBANK","EQ","19-Sep-2025","976.90","974.90","976.70","962.10","967.00","966.90","967.22","3,12,43,267","30,21,92,30,008.15","2,20,137","2,32,82,508","74.52"
"HDFCBANK","EQ","18-Sep-2025","966.50","973.30","979.65","969.25","976.00","976.90","974.66","1,77,91,598","17,34,08,47,521.60","2,67,040","95,72,957","53.81"
"HDFCBANK","EQ","17-Sep-2025","966.85","965.15","974.40","964.35","967.00","966.50","968.39","1,73,61,476","16,81,26,55,777.90","2,69,236","1,24,77,258","71.87"
"HDFCBANK","EQ","16-Sep-2025","967.05","961.20","969.35","961.20","966.30","966.85","966.32","1,86,61,794","18,03,32,79,292.75","2,01,920","1,33,72,765","71.66"
"HDFCBANK","EQ","15-Sep-2025","967.30","969.60","972.35","965.00","966.10","967.05","968.58","1,44,86,377","14,03,12,09,535.60","1,98,502","93,76,182","64.72"
"HDFCBANK","EQ","12-Sep-2025","967.80","969.90","970.75","962.25","966.90","967.30","966.65","1,43,63,519","13,88,44,30,847.50","2,65,851","1,08,37,642","75.45"
"HDFCBANK","EQ","11-Sep-2025","965.90","960.30","969.25","959.90","966.50","967.80","965.95","1,51,13,633","14,59,89,45,433.15","2,20,801","78,24,117","51.77"
"HDFCBANK","EQ","10-Sep-2025","965.15","973.90","973.90","961.70","965.50","965.90","966.21","1,80,91,100","17,47,97,79,505.30","2,18,336","1,32,33,607","73.15"
"HDFCBANK","EQ","09-Sep-2025","966.00","974.00","974.40","962.70","966.45","965.15","967.81","1,39,85,539","13,53,53,96,477.20","1,81,800","86,74,252","62.02"
"HDFCBANK","EQ","08-Sep-2025","963.40","969.00","973.15","960.45","967.35","966.00","967.58","1,17,11,307","11,33,16,77,355.70","1,93,535","77,23,748","65.95"
"HDFCBANK","EQ","05-Sep-2025","961.25","967.50","967.50","954.05","962.60","963.40","960.70","1,16,02,111","11,14,62,02,039.65","2,10,037","80,25,866","69.18"
"HDFCBANK","EQ","04-Sep-2025","954.45","960.20","965.70","956.25","960.95","961.25","961.34","1,75,97,657","16,91,73,00,954.60","2,12,281","98,25,135","55.83"
"HDFCBANK","EQ","03-Sep-2025","944.50","945.00","956.30","940.00","953.95","954.45","947.66","1,60,83,481","15,24,17,46,460.65","2,88,240","1,10,88,091","68.94"
"HDFCBANK","EQ","02-Sep-2025","950.60","951.00","954.80","944.00","944.70","944.50","948.80","1,41,96,320","13,46,94,17,784.70","3,43,637","85,59,801","60.30"
"HDFCBANK","EQ","01-Sep-2025","951.60","949.60","957.45","946.35","950.80","950.60","950.62","2,01,78,344","19,18,19,19,082.15","4,10,933","1,54,70,566","76.67"
"HDFCBANK","EQ","29-Aug-2025","957.80","954.00","963.30","950.10","953.40","951.60","955.24","1,48,23,813","14,16,03,14,228.10","2,60,839","1,09,21,593","73.68"
"HDFCBANK","EQ","28-Aug-2025","973.40","967.00","972.20","955.00","961.80","957.80","962.09","2,54,38,255","24,47,38,86,027.80","3,77,835","1,47,79,593","58.10"
"HDFCBANK","EQ","26-Aug-2025","1,964.10","979.50","985.70","968.00","972.30","973.40","973.26","1,69,17,731","16,46,54,10,030.90","2,96,302","1,11,17,324","65.71"
"HDFCBANK","EQ","25-Aug-2025","1,964.60","1,960.20","1,977.40","1,957.00","1,969.20","1,964.10","1,967.27","87,59,022","17,23,13,88,424.40","2,17,503","62,85,996","71.77"
"HDFCBANK","EQ","22-Aug-2025","1,991.20","1,989.90","1,996.00","1,957.10","1,965.50","1,964.60","1,968.66","99,16,751","19,52,27,14,269.10","2,53,318","72,96,028","73.57"
"HDFCBANK","EQ","21-Aug-2025","1,988.20","1,997.50","1,997.50","1,983.20","1,990.50","1,991.20","1,991.62","62,19,925","12,38,77,22,464.00","1,60,599","39,38,606","63.32"
"HDFCBANK","EQ","20-Aug-2025","1,991.10","1,987.00","1,992.00","1,979.00","1,988.30","1,988.20","1,985.13","49,75,114","9,87,62,63,155.30","1,73,424","32,62,221","65.57"
"HDFCBANK","EQ","19-Aug-2025","2,003.60","1,998.30","2,006.10","1,986.70","1,990.00","1,991.10","1,995.49","61,76,219","12,32,45,74,114.90","1,70,899","33,56,794","54.35"
"HDFCBANK","EQ","18-Aug-2025","1,991.10","2,010.00","2,026.60","1,995.60","2,005.00","2,003.60","2,008.73","96,42,398","19,36,89,89,917.90","2,20,027","58,90,386","61.09"
"HDFCBANK","EQ","14-Aug-2025","1,980.30","1,978.00","1,996.00","1,971.20","1,989.50","1,991.10","1,990.18","87,55,858","17,42,57,42,818.70","1,74,342","53,99,734","61.67"
"HDFCBANK","EQ","13-Aug-2025","1,969.90","1,994.00","1,994.00","1,969.10","1,979.90","1,980.30","1,977.14","67,88,698","13,42,21,76,534.10","1,77,703","46,59,295","68.63"
"HDFCBANK","EQ","12-Aug-2025","1,995.60","1,991.90","1,996.00","1,967.50","1,969.70","1,969.90","1,978.54","64,68,901","12,79,89,99,218.20","2,37,925","37,63,379","58.18"
"HDFCBANK","EQ","11-Aug-2025","1,973.90","1,975.90","1,997.60","1,973.10","1,992.00","1,995.60","1,986.89","45,52,927","9,04,61,55,578.70","1,65,998","28,93,629","63.56"
"HDFCBANK","EQ","08-Aug-2025","1,995.40","1,987.10","1,992.80","1,970.00","1,972.00","1,973.90","1,978.99","69,47,632","13,74,92,88,126.40","1,78,320","49,21,047","70.83"
"HDFCBANK","EQ","07-Aug-2025","1,985.30","1,980.10","2,001.60","1,976.80","1,998.00","1,995.40","1,986.09","65,40,593","12,99,02,37,207.70","2,23,527","39,57,541","60.51"
"HDFCBANK","EQ","06-Aug-2025","1,977.60","1,971.10","1,988.00","1,970.00","1,987.00","1,985.30","1,978.39","70,40,102","13,92,80,74,705.90","2,11,058","51,93,296","73.77"
"HDFCBANK","EQ","05-Aug-2025","1,992.00","1,986.50","1,994.40","1,965.50","1,981.00","1,977.60","1,975.61","1,19,89,029","23,68,56,33,703.60","1,94,332","86,86,084","72.45"
"HDFCBANK","EQ","04-Aug-2025","2,012.20","2,010.10","2,018.50","1,988.10","1,994.40","1,992.00","1,997.96","69,66,973","13,91,97,56,957.20","2,48,150","53,92,274","77.40"
"HDFCBANK","EQ","01-Aug-2025","2,018.20","2,014.00","2,028.30","2,009.30","2,016.90","2,012.20","2,015.24","56,58,629","11,40,34,73,962.30","1,38,595","38,77,981","68.53"
"HDFCBANK","EQ","31-Jul-2025","2,025.80","2,014.60","2,031.40","2,008.00","2,018.00","2,018.20","2,020.81","1,10,91,516","22,41,37,95,872.20","1,99,191","46,63,953","42.05"
"HDFCBANK","EQ","30-Jul-2025","2,021.60","2,028.00","2,032.60","2,017.00","2,025.90","2,025.80","2,023.94","75,77,018","15,33,54,57,713.70","1,52,763","52,92,067","69.84"
"HDFCBANK","EQ","29-Jul-2025","2,008.50","1,999.90","2,026.50","1,996.30","2,023.00","2,021.60","2,015.07","99,47,848","20,04,56,35,384.90","2,34,546","69,12,288","69.49"
"HDFCBANK","EQ","28-Jul-2025","2,004.60","2,003.00","2,021.40","2,000.50","2,009.90","2,008.50","2,011.08","60,29,790","12,12,64,12,272.80","2,19,624","42,69,112","70.80"
"HDFCBANK","EQ","25-Jul-2025","2,014.20","2,015.00","2,015.00","1,999.00","2,005.00","2,004.60","2,005.63","46,53,299","9,33,28,02,398.80","1,63,735","26,70,096","57.38"
"HDFCBANK","EQ","24-Jul-2025","2,024.30","2,037.70","2,037.70","2,008.40","2,011.70","2,014.20","2,019.12","95,53,588","19,28,98,76,404.20","1,83,573","59,46,175","62.24"
"HDFCBANK","EQ","23-Jul-2025","2,007.10","2,011.00","2,029.80","2,003.00","2,024.50","2,024.30","2,019.97","68,17,458","13,77,10,89,884.70","1,91,989","48,87,186","71.69"
"HDFCBANK","EQ","22-Jul-2025","2,000.50","2,013.10","2,018.00","2,003.00","2,005.00","2,007.10","2,009.05","74,18,407","14,90,39,39,836.30","2,26,727","52,86,787","71.27"
"HDFCBANK","EQ","21-Jul-2025","1,957.40","1,978.20","2,002.00","1,976.50","2,001.50","2,000.50","1,993.45","1,11,54,539","22,23,60,41,336.40","2,75,691","65,36,125","58.60"
"HDFCBANK","EQ","18-Jul-2025","1,986.90","1,986.90","1,997.00","1,953.00","1,956.00","1,957.40","1,968.80","80,64,723","15,87,78,08,287.50","2,21,823","55,24,936","68.51"
"HDFCBANK","EQ","17-Jul-2025","1,996.30","2,004.00","2,004.80","1,982.70","1,986.00","1,986.90","1,991.85","1,12,64,579","22,43,74,06,105.60","2,56,020","63,66,220","56.52"
"HDFCBANK","EQ","16-Jul-2025","1,995.50","2,018.00","2,022.70","1,992.60","1,996.00","1,996.30","2,005.54","89,97,306","18,04,44,32,313.40","2,16,845","52,65,661","58.52"
"HDFCBANK","EQ","15-Jul-2025","1,983.00","1,973.00","2,003.60","1,973.00","1,998.00","1,995.50","1,993.02","72,49,084","14,44,75,99,382.10","1,57,806","40,70,577","56.15"
"HDFCBANK","EQ","14-Jul-2025","1,983.70","1,983.00","1,988.70","1,970.60","1,982.90","1,983.00","1,978.80","65,44,425","12,95,00,97,345.90","1,32,854","49,32,484","75.37"
"HDFCBANK","BL","14-Jul-2025","1,743.35","1,983.00","1,983.00","1,983.00","1,983.00","1,983.00","1,983.00","10,71,175","2,12,41,40,025.00","1","-","-"
"HDFCBANK","EQ","11-Jul-2025","2,006.20","1,998.00","2,004.80","1,980.90","1,983.00","1,983.70","1,987.41","62,58,461","12,43,81,53,798.20","1,25,871","49,58,892","79.24"
"HDFCBANK","EQ","10-Jul-2025","2,011.20","2,016.00","2,017.00","2,000.00","2,002.80","2,006.20","2,008.54","85,15,155","17,10,30,52,403.80","1,84,619","46,03,926","54.07"
"HDFCBANK","EQ","09-Jul-2025","2,001.40","2,007.00","2,013.80","1,998.10","2,008.50","2,011.20","2,007.10","69,30,714","13,91,06,45,549.40","1,51,284","47,75,873","68.91"
"HDFCBANK","EQ","08-Jul-2025","1,987.40","1,977.00","2,005.00","1,977.00","1,999.40","2,001.40","1,992.88","76,12,158","15,17,00,95,365.50","1,99,823","47,19,470","62.00"
"HDFCBANK","EQ","07-Jul-2025","1,989.30","1,989.00","1,998.40","1,983.80","1,985.50","1,987.40","1,989.37","56,74,713","11,28,90,78,543.00","1,63,393","35,80,127","63.09"
"HDFCBANK","EQ","04-Jul-2025","1,987.10","1,987.10","2,003.50","1,980.00","1,992.70","1,989.30","1,987.51","39,31,972","7,81,48,32,915.60","1,50,676","23,86,234","60.69"
"HDFCBANK","EQ","03-Jul-2025","1,986.00","1,994.90","2,008.00","1,984.30","1,985.90","1,987.10","1,993.22","84,30,253","16,80,33,71,805.60","1,82,242","40,21,259","47.70"
"HDFCBANK","EQ","02-Jul-2025","2,012.10","2,019.90","2,019.90","1,977.90","1,985.50","1,986.00","1,990.25","94,39,125","18,78,62,19,250.60","2,68,429","65,16,626","69.04"
"HDFCBANK","EQ","01-Jul-2025","2,001.50","2,005.00","2,016.00","2,004.00","2,011.10","2,012.10","2,010.15","71,94,693","14,46,24,21,818.60","1,69,976","48,95,516","68.04"
"HDFCBANK","EQ","30-Jun-2025","2,014.90","2,011.50","2,013.80","1,995.50","2,000.00","2,001.50","2,001.16","68,24,510","13,65,69,39,181.00","1,99,780","50,25,817","73.64"
"HDFCBANK","EQ","27-Jun-2025","2,021.80","2,013.00","2,019.80","1,993.40","2,011.50","2,014.90","2,011.75","1,41,06,692","28,37,90,71,385.70","2,26,961","1,17,90,269","83.58"
"HDFCBANK","EQ","26-Jun-2025","1,980.20","1,981.40","2,027.10","1,980.00","2,017.70","2,021.80","2,011.21","2,50,42,415","50,36,56,56,414.50","3,43,662","1,70,82,370","68.21"
"HDFCBANK","EQ","25-Jun-2025","1,960.90","1,966.00","1,982.00","1,963.90","1,980.00","1,980.20","1,977.13","92,02,966","18,19,54,46,515.70","2,06,190","68,56,865","74.51"
"HDFCBANK","EQ","24-Jun-2025","1,948.40","1,965.00","1,979.00","1,955.60","1,963.70","1,960.90","1,964.12","1,13,12,661","22,21,94,42,191.50","2,31,814","55,90,603","49.42"
"HDFCBANK","EQ","23-Jun-2025","1,964.70","1,948.40","1,957.90","1,941.80","1,948.10","1,948.40","1,948.19","58,69,759","11,43,53,95,881.10","1,76,324","41,36,205","70.47"
"HDFCBANK","EQ","20-Jun-2025","1,935.30","1,931.60","1,969.90","1,931.60","1,963.10","1,964.70","1,960.39","1,64,50,204","32,24,88,39,586.40","2,61,970","1,32,34,979","80.45"
"HDFCBANK","EQ","19-Jun-2025","1,933.90","1,933.90","1,946.80","1,925.60","1,933.10","1,935.30","1,937.61","84,38,110","16,34,97,32,658.70","2,02,215","50,83,169","60.24"
"HDFCBANK","EQ","18-Jun-2025","1,929.60","1,917.00","1,936.30","1,917.00","1,932.50","1,933.90","1,928.12","92,16,908","17,77,13,02,525.40","2,51,910","73,13,289","79.35"
"HDFCBANK","EQ","17-Jun-2025","1,935.40","1,937.00","1,941.60","1,919.10","1,926.00","1,929.60","1,927.55","84,89,368","16,36,36,91,276.80","2,19,738","58,36,894","68.76"
"HDFCBANK","EQ","16-Jun-2025","1,917.60","1,924.00","1,938.90","1,920.10","1,936.90","1,935.40","1,933.31","82,56,873","15,96,31,22,374.70","1,99,177","67,55,556","81.82"
"HDFCBANK","EQ","13-Jun-2025","1,943.40","1,920.00","1,933.00","1,913.00","1,919.50","1,917.60","1,920.08","60,58,881","11,63,35,22,704.60","1,87,789","41,57,664","68.62"
"HDFCBANK","EQ","12-Jun-2025","1,950.40","1,950.00","1,961.00","1,935.30","1,940.00","1,943.40","1,945.18","81,74,565","15,90,10,14,848.90","1,79,174","47,09,228","57.61"
"HDFCBANK","EQ","11-Jun-2025","1,965.30","1,967.60","1,967.60","1,947.00","1,947.90","1,950.40","1,956.28","55,48,197","10,85,38,32,767.00","1,81,762","43,81,595","78.97"
"HDFCBANK","EQ","10-Jun-2025","1,978.90","1,982.80","1,982.80","1,961.10","1,962.80","1,965.30","1,967.94","77,66,563","15,28,41,54,944.50","2,81,306","54,33,094","69.95"
"HDFCBANK","EQ","09-Jun-2025","1,978.70","1,995.00","1,995.00","1,975.90","1,980.10","1,978.90","1,982.15","66,01,294","13,08,47,80,209.80","2,03,285","43,10,858","65.30"
"HDFCBANK","EQ","06-Jun-2025","1,949.60","1,944.00","1,996.30","1,942.70","1,978.00","1,978.70","1,976.03","1,50,63,504","29,76,59,91,590.30","3,54,572","92,08,623","61.13"
"HDFCBANK","EQ","05-Jun-2025","1,941.20","1,948.00","1,958.90","1,940.20","1,952.00","1,949.60","1,950.15","1,11,27,709","21,70,06,98,216.20","2,16,860","62,48,672","56.15"
"HDFCBANK","EQ","04-Jun-2025","1,924.60","1,921.00","1,943.30","1,920.90","1,939.50","1,941.20","1,935.52","64,80,771","12,54,36,93,178.60","2,05,372","46,48,807","71.73"
"HDFCBANK","EQ","03-Jun-2025","1,932.10","1,938.00","1,952.00","1,920.00","1,923.50","1,924.60","1,933.85","1,21,88,792","23,57,13,32,796.70","2,02,204","88,84,330","72.89"
"HDFCBANK","EQ","02-Jun-2025","1,944.90","1,930.10","1,936.00","1,908.00","1,931.00","1,932.10","1,924.65","73,34,411","14,11,61,52,681.30","2,02,297","48,06,505","65.53"
"HDFCBANK","EQ","30-May-2025","1,927.50","1,931.90","1,948.80","1,925.40","1,941.50","1,944.90","1,939.36","1,43,74,039","27,87,63,95,261.10","1,52,055","1,06,80,728","74.31"
"HDFCBANK","EQ","29-May-2025","1,923.50","1,928.00","1,940.80","1,907.30","1,937.60","1,927.50","1,921.28","1,44,58,897","27,77,95,60,938.60","2,15,462","80,83,688","55.91"
"HDFCBANK","EQ","28-May-2025","1,926.30","1,920.20","1,934.50","1,917.70","1,928.40","1,923.50","1,922.92","90,78,797","17,45,78,06,722.10","1,79,687","66,53,105","73.28"
"HDFCBANK","EQ","27-May-2025","1,940.20","1,931.60","1,948.00","1,916.30","1,926.80","1,926.30","1,927.12","1,30,81,074","25,20,87,51,300.70","2,02,672","75,60,818","57.80"
"HDFCBANK","EQ","26-May-2025","1,933.60","1,935.00","1,949.90","1,926.90","1,940.30","1,940.20","1,939.47","54,01,430","10,47,59,11,940.90","2,01,842","33,86,064","62.69"
"HDFCBANK","EQ","23-May-2025","1,919.90","1,920.10","1,937.00","1,914.50","1,933.50","1,933.60","1,929.98","47,83,036","9,23,11,50,800.40","1,16,301","33,24,907","69.51"
"HDFCBANK","EQ","22-May-2025","1,926.80","1,915.20","1,924.20","1,905.20","1,924.00","1,919.90","1,914.84","1,06,53,335","20,39,94,11,133.40","2,55,429","69,93,511","65.65"
"HDFCBANK","EQ","21-May-2025","1,914.90","1,927.00","1,946.90","1,921.10","1,925.20","1,926.80","1,930.42","75,66,020","14,60,55,82,585.70","2,05,548","44,81,751","59.24"
"HDFCBANK","EQ","20-May-2025","1,938.70","1,928.10","1,934.60","1,913.00","1,917.10","1,914.90","1,918.55","1,19,39,545","22,90,66,55,882.10","1,76,524","82,68,352","69.25"
"HDFCBANK","EQ","19-May-2025","1,934.70","1,937.00","1,945.00","1,931.00","1,937.10","1,938.70","1,938.13","51,01,482","9,88,73,38,159.20","1,56,815","32,40,362","63.52"
"HDFCBANK","EQ","16-May-2025","1,933.80","1,933.80","1,943.80","1,928.40","1,934.50","1,934.70","1,933.50","79,34,005","15,34,04,26,257.00","1,75,140","58,21,408","73.37"
"HDFCBANK","EQ","15-May-2025","1,910.60","1,913.50","1,944.80","1,897.00","1,933.80","1,933.80","1,923.01","1,61,20,729","31,00,03,29,957.90","2,24,596","88,75,200","55.05"
"HDFCBANK","EQ","14-May-2025","1,922.60","1,922.10","1,930.20","1,903.00","1,913.50","1,910.60","1,914.76","77,22,654","14,78,70,00,374.50","1,89,542","53,24,638","68.95"
"HDFCBANK","EQ","13-May-2025","1,957.20","1,950.00","1,961.70","1,920.00","1,924.90","1,922.60","1,930.60","1,21,21,051","23,40,09,36,924.40","2,34,495","81,11,085","66.92"
"HDFCBANK","EQ","12-May-2025","1,889.70","1,917.60","1,959.90","1,912.30","1,956.40","1,957.20","1,948.86","93,09,486","18,14,28,65,391.20","2,07,249","64,84,427","69.65"
"HDFCBANK","EQ","09-May-2025","1,928.50","1,910.10","1,919.00","1,886.80","1,893.30","1,889.70","1,894.97","85,94,398","16,28,61,44,558.60","2,92,155","64,18,433","74.68"
"HDFCBANK","EQ","08-May-2025","1,945.60","1,954.80","1,954.80","1,919.10","1,921.50","1,928.50","1,933.80","1,74,01,715","33,65,14,32,174.30","2,80,256","1,19,92,864","68.92"
"HDFCBANK","EQ","07-May-2025","1,931.70","1,934.00","1,948.70","1,922.40","1,945.00","1,945.60","1,939.91","1,07,10,389","20,77,71,45,511.00","1,78,998","78,16,814","72.98"
"HDFCBANK","EQ","06-May-2025","1,936.80","1,930.00","1,940.10","1,924.30","1,928.60","1,931.70","1,931.89","87,45,078","16,89,44,88,689.10","1,40,830","63,77,477","72.93"
"HDFCBANK","EQ","05-May-2025","1,925.00","1,939.00","1,952.00","1,932.30","1,935.80","1,936.80","1,940.79","75,34,012","14,62,19,40,034.00","1,60,044","47,72,438","63.35"
"HDFCBANK","EQ","02-May-2025","1,925.00","1,929.80","1,941.90","1,920.00","1,923.50","1,925.00","1,930.63","1,14,06,024","22,02,08,20,771.50","2,36,285","86,47,253","75.81"
"HDFCBANK","EQ","30-Apr-2025","1,908.80","1,913.00","1,936.90","1,910.30","1,920.10","1,925.00","1,925.02","1,59,68,435","30,73,94,92,241.20","2,75,126","1,13,78,694","71.26"
"HDFCBANK","EQ","29-Apr-2025","1,920.20","1,918.80","1,928.80","1,900.20","1,906.00","1,908.80","1,909.52","94,59,154","18,06,24,38,512.30","1,86,299","60,19,766","63.64"
"HDFCBANK","EQ","28-Apr-2025","1,911.20","1,911.20","1,929.70","1,908.40","1,921.00","1,920.20","1,922.17","69,60,246","13,37,87,45,824.70","1,55,527","48,59,663","69.82"
"HDFCBANK","EQ","25-Apr-2025","1,916.80","1,924.80","1,933.00","1,891.80","1,908.00","1,911.20","1,911.37","92,50,439","17,68,10,17,343.80","2,01,781","59,99,133","64.85"
"HDFCBANK","EQ","24-Apr-2025","1,923.90","1,910.00","1,923.90","1,905.10","1,914.90","1,916.80","1,916.73","1,29,65,877","24,85,20,91,752.80","2,27,034","76,62,734","59.10"
"HDFCBANK","EQ","23-Apr-2025","1,961.70","1,978.90","1,978.90","1,920.50","1,920.70","1,923.90","1,939.04","1,52,85,321","29,63,89,23,676.10","2,47,823","1,11,59,514","73.01"
"HDFCBANK","EQ","22-Apr-2025","1,927.10","1,935.00","1,970.60","1,935.00","1,960.00","1,961.70","1,957.16","2,29,80,875","44,97,72,15,852.40","5,12,026","1,65,13,580","71.86"
"HDFCBANK","EQ","21-Apr-2025","1,906.70","1,924.00","1,950.70","1,910.00","1,925.20","1,927.10","1,930.83","1,71,23,649","33,06,28,32,499.30","4,11,337","1,16,00,626","67.75"
"HDFCBANK","EQ","17-Apr-2025","1,878.00","1,882.00","1,919.70","1,876.70","1,905.80","1,906.70","1,901.41","1,78,51,542","33,94,31,68,763.20","3,94,807","1,13,00,117","63.30"
"HDFCBANK","EQ","16-Apr-2025","1,864.90","1,883.80","1,883.80","1,860.50","1,875.90","1,878.00","1,874.15","95,68,410","17,93,26,65,363.90","2,52,887","60,23,703","62.95"
"HDFCBANK","EQ","15-Apr-2025","1,806.75","1,865.00","1,876.80","1,855.00","1,865.60","1,864.90","1,866.76","2,46,49,172","46,01,41,08,976.00","3,60,194","1,79,86,230","72.97"
"HDFCBANK","EQ","11-Apr-2025","1,765.00","1,774.75","1,819.40","1,774.75","1,805.20","1,806.75","1,803.31","1,63,87,883","29,55,24,99,474.85","3,95,826","1,13,67,066","69.36"
"HDFCBANK","EQ","09-Apr-2025","1,769.15","1,765.00","1,775.00","1,753.50","1,765.30","1,765.00","1,761.66","1,12,27,304","19,77,87,28,957.55","2,07,950","76,75,538","68.36"
"HDFCBANK","EQ","08-Apr-2025","1,757.70","1,765.00","1,782.00","1,750.30","1,770.15","1,769.15","1,769.16","1,77,81,936","31,45,90,03,790.15","3,55,184","1,02,50,737","57.65"
"HDFCBANK","EQ","07-Apr-2025","1,817.30","1,762.80","1,779.85","1,738.20","1,760.05","1,757.70","1,759.15","1,89,97,725","33,41,98,75,202.00","3,74,557","1,22,50,901","64.49"
"HDFCBANK","EQ","04-Apr-2025","1,794.85","1,813.00","1,841.95","1,811.10","1,816.80","1,817.30","1,824.22","1,67,70,227","30,59,26,39,918.20","3,16,416","1,15,18,395","68.68"
"HDFCBANK","EQ","03-Apr-2025","1,796.90","1,781.10","1,804.00","1,777.00","1,792.80","1,794.85","1,794.09","56,25,019","10,09,18,17,304.10","1,47,618","37,22,325","66.17"
"HDFCBANK","EQ","02-Apr-2025","1,767.85","1,770.70","1,799.20","1,770.70","1,798.90","1,796.90","1,791.24","57,86,782","10,36,55,35,361.90","1,44,509","37,78,623","65.30"
"HDFCBANK","EQ","01-Apr-2025","1,828.20","1,802.00","1,809.90","1,765.35","1,769.90","1,767.85","1,781.74","1,42,55,503","25,39,96,32,617.35","4,09,481","93,01,658","65.25"
"HDFCBANK","EQ","28-Mar-2025","1,825.35","1,829.00","1,836.00","1,805.85","1,825.50","1,828.20","1,821.88","1,43,86,824","26,21,10,31,845.90","2,76,619","1,03,30,293","71.80"
"HDFCBANK","EQ","27-Mar-2025","1,806.55","1,800.00","1,841.00","1,798.10","1,821.20","1,825.35","1,827.55","2,08,29,050","38,06,61,30,418.30","4,16,415","1,48,16,314","71.13"
"HDFCBANK","EQ","26-Mar-2025","1,821.45","1,825.00","1,827.50","1,802.00","1,803.00","1,806.55","1,814.11","1,22,39,221","22,20,33,11,052.10","2,65,431","87,82,277","71.76"
"HDFCBANK","EQ","25-Mar-2025","1,800.00","1,804.90","1,843.70","1,801.50","1,816.00","1,821.45","1,825.84","1,95,50,708","35,69,65,16,139.20","4,07,401","1,19,74,103","61.25"
"HDFCBANK","EQ","24-Mar-2025","1,770.35","1,779.00","1,804.40","1,773.65","1,802.80","1,800.00","1,794.28","86,96,868","15,60,46,55,158.80","2,86,856","57,67,323","66.31"
"HDFCBANK","EQ","21-Mar-2025","1,768.75","1,755.55","1,774.10","1,755.55","1,772.50","1,770.35","1,766.98","1,67,54,132","29,60,41,96,148.95","2,10,244","1,28,49,014","76.69"
"HDFCBANK","EQ","20-Mar-2025","1,744.10","1,754.00","1,774.00","1,749.30","1,766.60","1,768.75","1,760.62","89,16,989","15,69,93,98,473.15","2,18,030","59,04,489","66.22"
"HDFCBANK","EQ","19-Mar-2025","1,732.20","1,735.00","1,751.00","1,732.20","1,743.95","1,744.10","1,743.72","76,10,703","13,27,09,34,759.25","2,01,878","58,11,993","76.37"
"HDFCBANK","EQ","18-Mar-2025","1,710.40","1,728.00","1,737.40","1,715.05","1,735.60","1,732.20","1,729.28","1,09,53,589","18,94,17,85,563.70","2,48,631","68,34,573","62.40"
"HDFCBANK","EQ","17-Mar-2025","1,706.60","1,705.00","1,724.00","1,705.00","1,710.50","1,710.40","1,711.13","94,75,957","16,21,46,35,449.55","3,65,060","71,11,163","75.04"
"HDFCBANK","EQ","13-Mar-2025","1,711.15","1,716.05","1,720.80","1,700.05","1,705.00","1,706.60","1,711.11","78,68,132","13,46,32,15,400.70","1,85,351","52,38,428","66.58"
"HDFCBANK","EQ","12-Mar-2025","1,685.50","1,691.55","1,718.50","1,691.55","1,711.80","1,711.15","1,710.44","93,92,053","16,06,45,64,334.10","2,77,146","67,80,880","72.20"
"HDFCBANK","EQ","11-Mar-2025","1,687.50","1,682.40","1,694.00","1,670.05","1,687.90","1,685.50","1,685.65","99,49,215","16,77,09,18,814.65","2,72,484","70,71,075","71.07"
"HDFCBANK","EQ","10-Mar-2025","1,689.25","1,689.00","1,699.90","1,683.05","1,688.70","1,687.50","1,689.67","78,02,025","13,18,28,46,005.05","2,84,969","57,64,864","73.89"
"HDFCBANK","EQ","07-Mar-2025","1,691.20","1,682.00","1,701.15","1,677.60","1,688.00","1,689.25","1,690.66","66,86,457","11,30,45,55,576.90","1,91,461","43,33,273","64.81"
"HDFCBANK","EQ","06-Mar-2025","1,690.00","1,687.00","1,699.90","1,672.25","1,692.40","1,691.20","1,686.14","1,64,83,044","27,79,26,85,275.85","3,99,697","1,00,38,498","60.90"
"HDFCBANK","EQ","05-Mar-2025","1,710.00","1,701.95","1,710.80","1,688.25","1,692.10","1,690.00","1,695.97","1,07,91,936","18,30,27,95,483.00","3,61,183","77,58,409","71.89"
"HDFCBANK","EQ","04-Mar-2025","1,701.55","1,698.00","1,714.30","1,693.25","1,711.30","1,710.00","1,706.30","99,60,479","16,99,55,92,810.65","3,23,741","72,76,857","73.06"
"HDFCBANK","EQ","03-Mar-2025","1,732.40","1,739.80","1,743.05","1,694.10","1,703.55","1,701.55","1,709.27","1,06,02,682","18,12,28,15,702.35","2,98,350","71,74,359","67.67"
"HDFCBANK","EQ","28-Feb-2025","1,700.70","1,685.00","1,737.25","1,685.00","1,730.15","1,732.40","1,721.14","2,72,58,364","46,91,55,54,649.05","4,39,035","1,95,48,687","71.72"
"HDFCBANK","EQ","27-Feb-2025","1,682.35","1,682.55","1,710.75","1,682.55","1,698.25","1,700.70","1,701.04","1,78,93,400","30,43,73,23,745.00","3,33,728","1,32,47,979","74.04"
"HDFCBANK","EQ","25-Feb-2025","1,677.10","1,671.10","1,688.00","1,671.10","1,680.85","1,682.35","1,681.80","1,20,69,354","20,29,82,55,600.95","2,22,521","71,40,142","59.16"
"HDFCBANK","EQ","24-Feb-2025","1,692.50","1,681.10","1,684.20","1,661.10","1,677.00","1,677.10","1,672.34","1,03,46,823","17,30,34,02,535.10","2,45,559","77,39,708","74.80"
"HDFCBANK","EQ","21-Feb-2025","1,687.10","1,680.90","1,694.95","1,677.25","1,690.00","1,692.50","1,686.23","78,40,470","13,22,08,29,593.15","2,92,907","52,81,578","67.36"
"HDFCBANK","EQ","20-Feb-2025","1,727.20","1,711.00","1,714.70","1,685.30","1,685.95","1,687.10","1,695.04","1,31,95,255","22,36,64,35,828.30","2,46,655","93,94,627","71.20"
"HDFCBANK","EQ","19-Feb-2025","1,723.05","1,717.00","1,737.90","1,712.45","1,725.05","1,727.20","1,727.42","59,42,056","10,26,44,54,339.75","3,00,603","40,27,432","67.78"
"HDFCBANK","EQ","18-Feb-2025","1,717.35","1,713.05","1,731.55","1,706.15","1,723.00","1,723.05","1,721.09","81,75,455","14,07,06,71,116.40","3,22,226","58,95,356","72.11"
"HDFCBANK","EQ","17-Feb-2025","1,694.85","1,685.20","1,720.00","1,681.25","1,719.00","1,717.35","1,702.14","64,69,473","11,01,19,75,039.00","2,62,946","42,02,038","64.95"
"HDFCBANK","EQ","14-Feb-2025","1,697.70","1,701.90","1,701.90","1,680.00","1,694.40","1,694.85","1,690.46","99,79,946","16,87,06,60,139.45","3,09,031","78,05,589","78.21"
"HDFCBANK","EQ","13-Feb-2025","1,706.80","1,699.00","1,714.25","1,693.55","1,698.95","1,697.70","1,702.88","63,01,217","10,73,02,16,799.15","2,00,278","35,80,241","56.82"
"HDFCBANK","EQ","12-Feb-2025","1,701.40","1,693.00","1,712.00","1,681.20","1,710.65","1,706.80","1,696.59","1,14,04,785","19,34,92,71,431.55","2,86,053","81,33,575","71.32"
"HDFCBANK","EQ","11-Feb-2025","1,715.75","1,703.00","1,711.00","1,688.70","1,700.95","1,701.40","1,700.06","1,13,62,352","19,31,66,30,388.15","1,82,730","78,06,510","68.71"
"HDFCBANK","EQ","10-Feb-2025","1,732.75","1,717.30","1,723.45","1,708.50","1,716.60","1,715.75","1,715.57","85,97,975","14,75,03,90,095.15","1,75,150","63,64,813","74.03"
"HDFCBANK","EQ","07-Feb-2025","1,743.85","1,750.00","1,767.00","1,725.00","1,732.00","1,732.75","1,744.99","1,17,54,800","20,51,20,07,682.55","3,26,327","79,64,834","67.76"
"HDFCBANK","EQ","06-Feb-2025","1,737.80","1,735.50","1,749.00","1,724.00","1,746.50","1,743.85","1,735.75","1,33,80,358","23,22,50,08,521.55","2,25,108","86,94,892","64.98"
"HDFCBANK","EQ","05-Feb-2025","1,720.90","1,733.00","1,744.20","1,718.90","1,734.80","1,737.80","1,733.84","1,18,37,753","20,52,47,85,237.35","2,75,185","94,25,082","79.62"
"HDFCBANK","EQ","04-Feb-2025","1,678.00","1,688.70","1,725.80","1,680.05","1,716.30","1,720.90","1,710.93","1,43,08,251","24,48,03,95,914.25","3,42,091","1,03,00,349","71.99"
"HDFCBANK","EQ","03-Feb-2025","1,690.95","1,670.00","1,686.80","1,663.45","1,679.60","1,678.00","1,679.49","1,01,38,270","17,02,70,93,333.70","2,30,780","78,93,988","77.86"
"HDFCBANK","EQ","01-Feb-2025","1,698.75","1,697.50","1,713.00","1,676.05","1,692.00","1,690.95","1,694.22","27,93,764","4,73,32,38,897.95","88,839","10,39,250","37.20"
"HDFCBANK","EQ","31-Jan-2025","1,691.50","1,687.25","1,704.70","1,683.95","1,699.50","1,698.75","1,696.52","79,10,843","13,42,08,73,179.40","2,15,938","55,43,535","70.08"
"HDFCBANK","EQ","30-Jan-2025","1,677.30","1,681.00","1,697.90","1,672.55","1,693.10","1,691.50","1,685.73","1,28,72,423","21,69,94,04,205.05","2,63,161","72,27,795","56.15"
"HDFCBANK","EQ","29-Jan-2025","1,670.40","1,675.00","1,681.15","1,668.85","1,676.00","1,677.30","1,675.45","63,09,945","10,57,19,94,646.45","1,96,187","43,46,810","68.89"
"HDFCBANK","EQ","28-Jan-2025","1,629.80","1,647.00","1,684.30","1,647.00","1,673.30","1,670.40","1,670.57","1,50,89,656","25,20,82,71,808.85","3,50,835","85,76,705","56.84"
"HDFCBANK","EQ","27-Jan-2025","1,649.80","1,641.10","1,643.60","1,626.00","1,629.50","1,629.80","1,632.37","1,14,02,083","18,61,24,39,467.95","2,77,125","85,46,424","74.95"
"HDFCBANK","EQ","24-Jan-2025","1,664.90","1,660.00","1,670.30","1,644.50","1,645.00","1,649.80","1,658.68","1,21,18,100","20,10,00,37,678.05","2,71,994","90,52,586","74.70"
"HDFCBANK","EQ","23-Jan-2025","1,666.05","1,687.00","1,687.00","1,651.25","1,665.00","1,664.90","1,665.84","1,74,54,579","29,07,65,66,202.70","4,45,411","1,18,72,698","68.02"
"HDFCBANK","EQ","22-Jan-2025","1,642.40","1,642.40","1,671.90","1,625.45","1,671.90","1,666.05","1,653.85","1,53,09,653","25,31,98,45,164.80","3,67,130","76,97,124","50.28"
"HDFCBANK","EQ","21-Jan-2025","1,651.25","1,658.25","1,661.05","1,633.05","1,645.75","1,642.40","1,645.24","1,55,79,072","25,63,13,80,761.95","2,70,722","72,11,191","46.29"
"HDFCBANK","EQ","20-Jan-2025","1,636.75","1,626.00","1,660.95","1,626.00","1,652.85","1,651.25","1,646.81","87,78,809","14,45,70,09,775.10","2,26,533","59,64,056","67.94"
"HDFCBANK","EQ","17-Jan-2025","1,652.05","1,643.50","1,650.50","1,628.50","1,636.70","1,636.75","1,636.01","1,15,56,038","18,90,57,38,551.00","2,14,237","83,58,047","72.33"
"HDFCBANK","EQ","16-Jan-2025","1,643.05","1,652.85","1,660.55","1,642.85","1,654.85","1,652.05","1,650.92","1,06,06,227","17,51,00,25,478.45","2,15,124","67,79,516","63.92"
"HDFCBANK","EQ","15-Jan-2025","1,646.60","1,656.50","1,662.70","1,636.30","1,645.70","1,643.05","1,648.56","70,11,446","11,55,88,19,066.05","2,07,907","45,47,576","64.86"
"HDFCBANK","EQ","14-Jan-2025","1,630.85","1,639.90","1,656.20","1,637.00","1,650.75","1,646.60","1,646.85","1,33,30,716","21,95,36,39,202.10","3,15,905","93,62,523","70.23"
"HDFCBANK","EQ","13-Jan-2025","1,656.75","1,640.00","1,646.75","1,624.30","1,632.10","1,630.85","1,634.50","1,08,34,533","17,70,90,48,137.70","2,75,849","73,59,117","67.92"
"HDFCBANK","EQ","10-Jan-2025","1,667.80","1,671.00","1,674.90","1,654.00","1,657.00","1,656.75","1,664.65","87,26,640","14,52,68,37,756.80","2,15,325","60,98,530","69.88"
"HDFCBANK","EQ","09-Jan-2025","1,694.30","1,684.15","1,689.00","1,658.10","1,668.80","1,667.80","1,668.10","2,02,10,111","33,71,25,59,507.35","4,84,900","1,59,02,698","78.69"
"HDFCBANK","EQ","08-Jan-2025","1,713.40","1,708.25","1,711.65","1,683.35","1,694.20","1,694.30","1,694.07","98,69,095","16,71,89,30,725.70","3,33,259","73,59,145","74.57"
"HDFCBANK","EQ","07-Jan-2025","1,710.50","1,715.00","1,721.00","1,700.00","1,712.95","1,713.40","1,712.76","67,63,953","11,58,50,14,112.50","1,83,035","43,79,489","64.75"
"HDFCBANK","EQ","06-Jan-2025","1,749.20","1,740.10","1,757.20","1,705.80","1,711.00","1,710.50","1,725.21","94,08,174","16,23,10,88,938.60","2,86,152","56,39,127","59.94"
"HDFCBANK","EQ","03-Jan-2025","1,793.75","1,791.00","1,795.25","1,746.30","1,748.40","1,749.20","1,758.60","1,22,13,097","21,47,79,58,569.15","3,31,392","74,52,366","61.02"
"HDFCBANK","EQ","02-Jan-2025","1,782.75","1,777.10","1,803.45","1,773.00","1,792.35","1,793.75","1,792.00","92,79,288","16,62,84,52,536.95","2,07,825","58,04,214","62.55"
"HDFCBANK","EQ","01-Jan-2025","1,772.85","1,773.45","1,794.00","1,761.10","1,784.95","1,782.75","1,781.22","36,56,903","6,51,37,66,065.70","1,37,050","16,46,509","45.02"
"HDFCBANK","EQ","31-Dec-2024","1,777.90","1,770.30","1,781.80","1,765.60","1,772.00","1,772.85","1,773.08","70,58,618","12,51,54,66,451.75","1,78,863","42,99,418","60.91"
"HDFCBANK","EQ","30-Dec-2024","1,798.25","1,792.20","1,815.00","1,771.00","1,784.00","1,777.90","1,785.20","1,11,11,109","19,83,56,03,545.90","2,42,576","61,85,214","55.67"
"HDFCBANK","EQ","27-Dec-2024","1,790.75","1,794.80","1,805.95","1,789.10","1,801.00","1,798.25","1,796.11","36,29,665","6,51,92,60,348.40","1,18,374","19,01,649","52.39"
"HDFCBANK","EQ","26-Dec-2024","1,798.10","1,798.55","1,812.00","1,780.75","1,792.50","1,790.75","1,793.76","52,40,839","9,40,08,10,018.35","2,06,346","27,16,334","51.83"
"HDFCBANK","EQ","24-Dec-2024","1,801.00","1,802.05","1,808.70","1,789.55","1,799.65","1,798.10","1,798.76","72,42,917","13,02,82,70,259.60","1,86,401","32,68,593","45.13"
"HDFCBANK","EQ","23-Dec-2024","1,771.50","1,782.00","1,806.00","1,781.30","1,802.00","1,801.00","1,798.41","55,22,296","9,93,13,39,240.15","1,96,041","29,93,179","54.20"
"HDFCBANK","EQ","20-Dec-2024","1,793.50","1,782.20","1,797.55","1,767.05","1,777.10","1,771.50","1,778.49","1,28,46,174","22,84,68,37,948.65","2,48,859","77,00,019","59.94"
"HDFCBANK","EQ","19-Dec-2024","1,810.70","1,799.60","1,801.10","1,779.00","1,794.00","1,793.50","1,791.37","1,26,90,385","22,73,31,48,296.10","2,26,833","86,48,980","68.15"
"HDFCBANK","EQ","18-Dec-2024","1,833.25","1,829.85","1,836.00","1,807.15","1,812.00","1,810.70","1,817.52","1,17,11,156","21,28,52,73,596.85","2,35,785","79,99,429","68.31"
"HDFCBANK","EQ","17-Dec-2024","1,865.20","1,856.35","1,862.35","1,826.50","1,829.90","1,833.25","1,840.34","1,05,39,766","19,39,67,85,094.90","2,73,231","59,30,094","56.26"
"HDFCBANK","EQ","16-Dec-2024","1,871.75","1,865.10","1,869.95","1,855.25","1,862.00","1,865.20","1,863.37","65,53,541","12,21,17,02,096.00","1,77,602","37,29,437","56.91"
"HDFCBANK","EQ","13-Dec-2024","1,859.25","1,862.50","1,875.00","1,829.25","1,873.30","1,871.75","1,858.29","95,04,501","17,66,20,74,120.80","2,18,405","49,85,509","52.45"
"HDFCBANK","EQ","12-Dec-2024","1,863.10","1,851.00","1,868.65","1,848.70","1,858.00","1,859.25","1,858.38","86,46,895","16,06,92,41,440.60","2,01,479","46,30,670","53.55"
"HDFCBANK","EQ","11-Dec-2024","1,868.10","1,861.70","1,871.90","1,856.75","1,862.50","1,863.10","1,864.00","70,22,713","13,09,03,28,471.35","2,33,801","40,31,962","57.41"
"HDFCBANK","EQ","10-Dec-2024","1,870.00","1,877.70","1,877.70","1,858.55","1,867.65","1,868.10","1,867.30","66,62,740","12,44,13,43,169.15","2,31,195","40,95,005","61.46"
"HDFCBANK","EQ","09-Dec-2024","1,855.85","1,853.65","1,880.00","1,849.00","1,867.55","1,870.00","1,871.09","1,34,73,956","25,21,10,39,597.45","2,34,236","1,01,15,077","75.07"
"HDFCBANK","EQ","06-Dec-2024","1,865.75","1,857.00","1,864.20","1,844.00","1,855.45","1,855.85","1,856.73","88,91,578","16,50,93,03,748.10","3,06,905","55,45,799","62.37"
"HDFCBANK","EQ","05-Dec-2024","1,860.10","1,860.00","1,879.95","1,835.20","1,864.85","1,865.75","1,862.43","1,98,41,357","36,95,30,40,114.30","4,36,462","1,17,28,370","59.11"
"HDFCBANK","EQ","04-Dec-2024","1,826.30","1,838.00","1,865.00","1,831.15","1,856.80","1,860.10","1,854.85","2,23,34,542","41,42,72,49,107.90","4,36,235","1,57,76,554","70.64"
"HDFCBANK","EQ","03-Dec-2024","1,804.70","1,822.70","1,837.40","1,816.10","1,825.30","1,826.30","1,827.25","2,17,05,121","39,66,07,23,545.25","3,04,635","1,58,04,923","72.82"
"HDFCBANK","EQ","02-Dec-2024","1,796.05","1,803.50","1,808.15","1,775.00","1,805.95","1,804.70","1,791.81","75,55,438","13,53,79,40,498.05","2,19,254","49,45,801","65.46"
"HDFCBANK","EQ","29-Nov-2024","1,793.15","1,801.30","1,804.60","1,782.90","1,795.50","1,796.05","1,793.91","1,38,34,768","24,81,83,89,358.55","3,77,555","91,43,382","66.09"
"HDFCBANK","EQ","28-Nov-2024","1,812.30","1,819.00","1,836.10","1,788.00","1,793.00","1,793.15","1,808.45","1,78,61,196","32,30,11,09,888.90","3,79,898","1,00,98,151","56.54"
"HDFCBANK","EQ","27-Nov-2024","1,785.55","1,789.90","1,817.35","1,785.15","1,809.50","1,812.30","1,801.57","1,63,57,488","29,46,92,24,217.60","3,30,771","87,40,131","53.43"
"HDFCBANK","EQ","26-Nov-2024","1,785.60","1,810.00","1,810.00","1,769.80","1,786.40","1,785.55","1,784.75","1,54,67,783","27,60,60,61,237.40","2,61,322","90,10,084","58.25"
"HDFCBANK","EQ","25-Nov-2024","1,745.60","1,785.05","1,803.55","1,764.90","1,778.95","1,785.60","1,784.46","21,38,68,637","3,81,63,91,43,690.10","6,00,228","17,42,12,666","81.46"
"HDFCBANK","EQ","22-Nov-2024","1,741.20","1,743.55","1,754.30","1,729.55","1,742.10","1,745.60","1,743.57","1,23,86,806","21,59,72,23,792.50","2,60,956","81,37,880","65.70"
"HDFCBANK","EQ","21-Nov-2024","1,742.25","1,749.40","1,759.00","1,734.20","1,739.95","1,741.20","1,743.63","1,78,58,256","31,13,81,62,734.40","3,68,837","1,19,02,796","66.65"
"HDFCBANK","EQ","19-Nov-2024","1,705.10","1,714.00","1,753.75","1,702.70","1,736.00","1,742.25","1,739.10","2,54,90,636","44,33,08,62,947.85","4,58,303","1,90,18,449","74.61"
"HDFCBANK","EQ","18-Nov-2024","1,692.75","1,700.00","1,718.90","1,695.00","1,708.30","1,705.10","1,707.94","1,35,40,984","23,12,71,23,855.10","2,91,631","95,62,272","70.62"
"HDFCBANK","EQ","14-Nov-2024","1,681.35","1,673.10","1,704.85","1,672.10","1,692.40","1,692.75","1,692.96","1,35,73,235","22,97,89,07,908.45","3,31,159","73,07,878","53.84"
"HDFCBANK","EQ","13-Nov-2024","1,718.20","1,716.75","1,729.40","1,673.00","1,688.15","1,681.35","1,699.70","1,78,64,250","30,36,39,47,641.30","3,84,592","98,78,595","55.30"
"HDFCBANK","EQ","12-Nov-2024","1,766.30","1,772.00","1,775.00","1,708.65","1,719.00","1,718.20","1,731.71","1,56,97,703","27,18,38,31,491.15","4,10,691","74,10,508","47.21"
"HDFCBANK","EQ","11-Nov-2024","1,754.45","1,754.55","1,782.80","1,751.20","1,763.90","1,766.30","1,768.85","1,22,82,681","21,72,62,35,735.65","3,66,875","74,56,943","60.71"
"HDFCBANK","EQ","08-Nov-2024","1,746.55","1,752.00","1,761.80","1,745.85","1,751.90","1,754.45","1,754.62","99,51,493","17,46,10,70,459.45","2,53,333","66,88,588","67.21"
"HDFCBANK","EQ","07-Nov-2024","1,755.25","1,744.30","1,760.95","1,738.00","1,743.50","1,746.55","1,746.60","94,47,728","16,50,13,84,112.80","3,15,964","56,81,231","60.13"
"HDFCBANK","BL","07-Nov-2024","1,751.55","1,743.35","1,743.35","1,743.35","1,743.35","1,743.35","1,743.35","8,59,105","1,49,77,20,701.75","2","-","-"
"HDFCBANK","BL","06-Nov-2024","1,636.90","1,751.55","1,751.55","1,751.55","1,751.55","1,751.55","1,751.55","12,55,133","2,19,84,28,206.15","2","-","-"
"HDFCBANK","EQ","06-Nov-2024","1,757.85","1,771.50","1,771.50","1,745.35","1,756.00","1,755.25","1,753.58","1,38,93,955","24,36,42,01,740.05","2,49,677","81,70,849","58.81"
"HDFCBANK","EQ","05-Nov-2024","1,714.10","1,703.00","1,762.70","1,697.90","1,753.50","1,757.85","1,736.40","2,21,16,203","38,40,25,43,188.05","3,62,395","1,25,08,130","56.56"
"HDFCBANK","EQ","04-Nov-2024","1,737.30","1,745.00","1,745.00","1,710.90","1,716.80","1,714.10","1,723.47","1,40,44,624","24,20,55,13,156.95","3,42,162","96,28,154","68.55"
"HDFCBANK","EQ","01-Nov-2024","1,735.70","1,733.00","1,744.10","1,726.10","1,737.00","1,737.30","1,738.79","8,79,846","1,52,98,70,165.60","69,860","3,11,374","35.39"
"HDFCBANK","EQ","31-Oct-2024","1,734.60","1,728.00","1,738.90","1,719.40","1,734.30","1,735.70","1,731.49","1,14,47,956","19,82,20,46,508.90","2,77,300","81,52,758","71.22"
"HDFCBANK","EQ","30-Oct-2024","1,751.85","1,742.00","1,754.75","1,724.20","1,737.00","1,734.60","1,736.38","1,63,57,862","28,40,34,32,611.95","3,50,916","98,06,297","59.95"
"HDFCBANK","EQ","29-Oct-2024","1,734.20","1,726.15","1,764.00","1,725.10","1,749.75","1,751.85","1,744.14","1,78,97,463","31,21,57,11,397.75","3,81,375","1,06,58,618","59.55"
"HDFCBANK","EQ","28-Oct-2024","1,743.40","1,742.00","1,751.00","1,728.90","1,737.00","1,734.20","1,738.17","1,10,06,071","19,13,04,22,535.50","3,34,425","69,98,364","63.59"
"HDFCBANK","EQ","25-Oct-2024","1,749.65","1,755.00","1,757.85","1,728.70","1,745.80","1,743.40","1,740.64","1,30,65,239","22,74,18,61,620.40","3,37,950","78,65,650","60.20"
"HDFCBANK","EQ","24-Oct-2024","1,735.80","1,738.10","1,768.65","1,738.10","1,750.50","1,749.65","1,755.99","1,54,16,129","27,07,05,10,755.60","3,42,755","1,05,27,020","68.29"
"HDFCBANK","EQ","23-Oct-2024","1,714.55","1,705.05","1,746.50","1,705.05","1,736.20","1,735.80","1,736.32","1,90,18,045","33,02,15,03,108.55","3,86,048","1,23,09,362","64.72"
"HDFCBANK","EQ","22-Oct-2024","1,728.70","1,730.05","1,740.00","1,710.70","1,714.80","1,714.55","1,721.78","1,94,37,640","33,46,73,38,354.45","4,11,821","1,03,90,546","53.46"
"HDFCBANK","EQ","21-Oct-2024","1,681.85","1,715.00","1,748.15","1,711.05","1,725.00","1,728.70","1,732.82","2,32,74,177","40,33,00,32,735.80","5,74,448","1,27,67,823","54.86"
"HDFCBANK","EQ","18-Oct-2024","1,673.15","1,663.10","1,691.00","1,654.10","1,684.80","1,681.85","1,674.90","1,24,04,862","20,77,68,48,848.90","2,32,916","82,55,525","66.55"
"HDFCBANK","EQ","17-Oct-2024","1,699.80","1,694.95","1,697.65","1,665.20","1,672.70","1,673.15","1,676.22","73,47,866","12,31,66,27,212.90","1,99,044","47,17,214","64.20"
"HDFCBANK","EQ","16-Oct-2024","1,684.10","1,680.10","1,707.95","1,680.10","1,700.45","1,699.80","1,698.75","1,02,35,341","17,38,73,34,812.90","2,44,836","62,62,690","61.19"
"HDFCBANK","EQ","15-Oct-2024","1,688.10","1,694.00","1,698.00","1,675.50","1,686.00","1,684.10","1,684.09","98,25,565","16,54,70,93,800.10","1,95,771","59,37,555","60.43"
"HDFCBANK","EQ","14-Oct-2024","1,651.00","1,656.05","1,692.05","1,654.00","1,689.00","1,688.10","1,682.72","92,63,754","15,58,82,85,093.55","2,61,742","61,20,592","66.07"
"HDFCBANK","EQ","11-Oct-2024","1,662.40","1,664.45","1,664.45","1,643.25","1,651.50","1,651.00","1,651.51","1,18,36,297","19,54,77,19,278.00","1,86,378","85,29,644","72.06"
"HDFCBANK","EQ","10-Oct-2024","1,633.15","1,639.00","1,665.45","1,632.50","1,661.00","1,662.40","1,649.38","1,08,77,383","17,94,09,24,970.40","2,44,906","51,65,604","47.49"
"HDFCBANK","EQ","09-Oct-2024","1,651.05","1,649.50","1,656.75","1,628.70","1,638.00","1,633.15","1,640.12","2,05,62,821","33,72,55,05,661.60","4,42,682","95,64,097","46.51"
"HDFCBANK","EQ","08-Oct-2024","1,617.80","1,630.00","1,656.80","1,622.00","1,651.25","1,651.05","1,645.56","1,48,67,203","24,46,49,06,859.05","3,57,296","95,03,807","63.92"
"HDFCBANK","EQ","07-Oct-2024","1,657.65","1,652.20","1,659.00","1,613.00","1,623.05","1,617.80","1,631.55","4,72,29,148","77,05,68,14,750.10","5,35,347","2,80,14,374","59.32"
"HDFCBANK","EQ","04-Oct-2024","1,682.00","1,674.50","1,690.65","1,653.00","1,661.25","1,657.65","1,673.77","2,43,41,616","40,74,21,81,439.25","4,19,392","1,36,73,903","56.18"
"HDFCBANK","EQ","03-Oct-2024","1,726.20","1,715.65","1,726.15","1,673.35","1,681.00","1,682.00","1,694.79","2,42,36,699","41,07,62,20,098.05","5,20,129","1,76,10,464","72.66"
"HDFCBANK","EQ","01-Oct-2024","1,732.05","1,724.00","1,742.00","1,720.10","1,728.30","1,726.20","1,725.83","1,22,86,142","21,20,38,53,820.45","2,37,679","69,53,201","56.59"
"HDFCBANK","EQ","30-Sep-2024","1,752.65","1,748.80","1,751.45","1,724.40","1,732.00","1,732.05","1,734.57","1,31,91,767","22,88,20,63,615.10","3,43,613","95,41,132","72.33"
"HDFCBANK","EQ","27-Sep-2024","1,783.45","1,777.00","1,778.20","1,750.00","1,753.00","1,752.65","1,759.73","1,78,06,751","31,33,50,62,628.80","3,39,917","1,30,02,178","73.02"
"HDFCBANK","EQ","26-Sep-2024","1,779.10","1,773.05","1,788.00","1,768.05","1,778.00","1,783.45","1,778.51","1,59,49,822","28,36,69,59,862.95","3,43,553","1,09,85,707","68.88"
"HDFCBANK","EQ","25-Sep-2024","1,768.05","1,760.15","1,788.00","1,760.15","1,779.85","1,779.10","1,778.97","1,59,82,656","28,43,25,92,068.70","4,98,237","98,63,354","61.71"
"HDFCBANK","EQ","24-Sep-2024","1,759.80","1,765.00","1,781.65","1,754.25","1,766.70","1,768.05","1,768.80","1,65,19,518","29,21,97,57,725.30","4,04,809","94,25,560","57.06"
"HDFCBANK","EQ","23-Sep-2024","1,741.20","1,749.00","1,766.35","1,740.25","1,757.00","1,759.80","1,756.93","1,34,82,675","23,68,80,96,929.70","4,49,232","87,94,661","65.23"
"HDFCBANK","EQ","20-Sep-2024","1,708.50","1,716.50","1,744.95","1,707.55","1,737.20","1,741.20","1,734.60","3,03,11,693","52,57,86,27,456.00","5,19,608","1,74,65,531","57.62"
"HDFCBANK","EQ","19-Sep-2024","1,694.80","1,699.20","1,719.00","1,699.15","1,707.70","1,708.50","1,710.95","1,53,25,888","26,22,17,70,150.40","3,47,649","97,14,192","63.38"
"HDFCBANK","EQ","18-Sep-2024","1,668.80","1,671.85","1,698.90","1,671.10","1,692.95","1,694.80","1,691.30","2,04,58,671","34,60,16,83,780.25","4,47,311","1,22,37,216","59.81"
"HDFCBANK","EQ","17-Sep-2024","1,670.95","1,678.00","1,678.00","1,664.15","1,668.30","1,668.80","1,668.90","1,00,63,561","16,79,50,97,219.15","2,73,207","56,93,003","56.57"
"HDFCBANK","EQ","16-Sep-2024","1,665.95","1,667.00","1,677.80","1,664.05","1,670.00","1,670.95","1,670.83","75,86,410","12,67,56,30,406.45","2,14,575","52,58,278","69.31"
"HDFCBANK","EQ","13-Sep-2024","1,666.60","1,674.00","1,674.00","1,657.05","1,664.80","1,665.95","1,663.66","1,19,30,266","19,84,79,46,539.35","2,75,521","70,79,723","59.34"
"HDFCBANK","EQ","12-Sep-2024","1,643.90","1,654.00","1,670.00","1,647.05","1,661.45","1,666.60","1,659.83","1,62,12,023","26,90,91,82,591.25","2,66,121","92,74,830","57.21"
"HDFCBANK","EQ","11-Sep-2024","1,650.35","1,650.40","1,652.50","1,639.20","1,650.00","1,643.90","1,645.85","1,11,13,342","18,29,09,01,279.50","2,48,100","45,60,477","41.04"
"HDFCBANK","EQ","10-Sep-2024","1,646.50","1,654.00","1,654.00","1,638.00","1,650.80","1,650.35","1,648.20","1,33,03,323","21,92,65,34,318.85","3,06,124","69,78,769","52.46"
"HDFCBANK","EQ","09-Sep-2024","1,636.95","1,638.00","1,648.50","1,630.10","1,644.85","1,646.50","1,640.85","1,18,96,457","19,52,02,44,474.05","2,58,547","78,16,428","65.70"
"HDFCBANK","EQ","06-Sep-2024","1,645.45","1,638.30","1,647.75","1,634.10","1,638.15","1,636.95","1,639.77","1,30,14,801","21,34,13,04,566.10","2,96,891","85,62,105","65.79"
"HDFCBANK","EQ","05-Sep-2024","1,641.80","1,646.00","1,649.90","1,642.00","1,644.40","1,645.45","1,645.43","1,14,38,159","18,82,07,12,001.80","2,45,493","86,88,322","75.96"
"HDFCBANK","EQ","04-Sep-2024","1,637.35","1,639.00","1,644.80","1,632.00","1,641.05","1,641.80","1,639.54","1,23,41,372","20,23,42,15,559.05","2,94,496","62,68,023","50.79"
"HDFCBANK","EQ","03-Sep-2024","1,626.95","1,634.00","1,639.95","1,624.60","1,638.00","1,637.35","1,632.11","1,86,41,430","30,42,48,19,912.05","2,92,439","1,25,51,277","67.33"
"HDFCBANK","BL","02-Sep-2024","1,546.60","1,636.90","1,636.90","1,636.90","1,636.90","1,636.90","1,636.90","10,20,085","1,66,97,77,136.50","1","-","-"
"HDFCBANK","EQ","02-Sep-2024","1,636.90","1,646.80","1,646.80","1,623.20","1,626.00","1,626.95","1,631.94","1,70,24,840","27,78,34,83,803.95","3,75,245","1,20,18,518","70.59"
"HDFCBANK","EQ","30-Aug-2024","1,638.55","1,656.00","1,662.00","1,621.15","1,625.75","1,636.90","1,638.34","22,26,71,050","3,64,81,13,05,104.20","5,64,643","15,43,80,134","69.33"
"HDFCBANK","EQ","29-Aug-2024","1,637.10","1,642.00","1,644.40","1,631.15","1,639.95","1,638.55","1,637.56","2,45,26,302","40,16,32,06,501.15","4,32,962","1,87,60,652","76.49"
"HDFCBANK","EQ","28-Aug-2024","1,637.75","1,637.75","1,639.75","1,630.20","1,635.95","1,637.10","1,636.29","1,34,60,594","22,02,53,91,586.45","2,75,424","85,41,633","63.46"
"HDFCBANK","EQ","27-Aug-2024","1,639.95","1,643.40","1,647.40","1,632.20","1,634.45","1,637.75","1,639.59","1,78,86,622","29,32,67,92,469.00","2,92,507","1,10,20,707","61.61"
"HDFCBANK","EQ","26-Aug-2024","1,625.05","1,632.20","1,647.95","1,632.20","1,640.00","1,639.95","1,642.31","1,11,82,133","18,36,44,86,559.55","2,75,112","78,46,052","70.17"
"HDFCBANK","EQ","23-Aug-2024","1,631.30","1,634.00","1,634.00","1,623.00","1,625.20","1,625.05","1,627.63","1,01,66,711","16,54,76,68,751.15","2,12,238","72,12,100","70.94"
"HDFCBANK","EQ","22-Aug-2024","1,625.80","1,632.00","1,638.30","1,628.00","1,628.95","1,631.30","1,632.58","1,06,50,319","17,38,75,21,802.75","2,72,441","69,04,642","64.83"
"HDFCBANK","EQ","21-Aug-2024","1,637.70","1,628.10","1,634.55","1,617.80","1,628.00","1,625.80","1,624.85","2,38,15,452","38,69,65,27,016.25","3,23,415","1,46,02,427","61.31"
"HDFCBANK","EQ","20-Aug-2024","1,631.55","1,627.45","1,646.00","1,627.45","1,634.00","1,637.70","1,639.14","1,55,67,247","25,51,69,52,644.85","2,40,802","71,59,684","45.99"
"HDFCBANK","EQ","19-Aug-2024","1,632.10","1,637.65","1,637.65","1,623.70","1,632.75","1,631.55","1,628.46","97,51,082","15,87,92,78,800.80","1,66,314","53,71,807","55.09"
"HDFCBANK","EQ","16-Aug-2024","1,607.80","1,628.50","1,634.15","1,611.00","1,631.50","1,632.10","1,624.71","1,39,24,623","22,62,34,79,529.55","3,02,506","76,29,703","54.79"
"HDFCBANK","EQ","14-Aug-2024","1,603.20","1,606.50","1,613.70","1,603.20","1,607.80","1,607.80","1,607.97","1,61,67,214","25,99,64,12,110.40","2,59,067","84,19,023","52.07"
"HDFCBANK","EQ","13-Aug-2024","1,660.10","1,628.00","1,632.40","1,601.15","1,605.90","1,603.20","1,613.32","2,70,27,521","43,60,41,63,966.10","6,01,558","1,51,22,063","55.95"
"HDFCBANK","EQ","12-Aug-2024","1,650.20","1,652.00","1,675.95","1,647.35","1,660.00","1,660.10","1,664.63","1,96,58,098","32,72,35,06,965.00","3,63,538","1,26,28,587","64.24"
"HDFCBANK","EQ","09-Aug-2024","1,642.70","1,652.00","1,662.55","1,645.80","1,650.00","1,650.20","1,655.58","1,33,22,309","22,05,61,57,155.50","2,91,916","92,26,887","69.26"
"HDFCBANK","EQ","08-Aug-2024","1,623.50","1,624.00","1,653.30","1,619.25","1,640.20","1,642.70","1,638.73","1,69,88,475","27,83,95,62,575.60","3,27,468","94,72,859","55.76"
"HDFCBANK","EQ","07-Aug-2024","1,601.20","1,617.00","1,630.00","1,602.20","1,628.50","1,623.50","1,617.23","2,11,73,132","34,24,18,47,264.50","3,37,720","1,20,68,956","57.00"
"HDFCBANK","EQ","06-Aug-2024","1,615.75","1,630.00","1,632.95","1,593.30","1,602.70","1,601.20","1,608.02","2,25,58,025","36,27,38,37,922.85","3,88,854","1,45,45,393","64.48"
"HDFCBANK","EQ","05-Aug-2024","1,659.15","1,640.10","1,646.00","1,601.00","1,616.05","1,615.75","1,622.77","2,06,66,817","33,53,74,31,288.70","4,64,696","1,21,12,310","58.61"
"HDFCBANK","EQ","02-Aug-2024","1,638.80","1,631.00","1,670.50","1,631.00","1,658.05","1,659.15","1,658.62","2,20,59,619","36,58,86,23,126.10","4,57,935","1,23,83,195","56.14"
"HDFCBANK","EQ","01-Aug-2024","1,615.75","1,622.90","1,650.05","1,617.95","1,647.65","1,638.80","1,632.59","1,31,07,587","21,39,93,47,523.90","2,87,915","86,08,562","65.68"
"HDFCBANK","EQ","31-Jul-2024","1,615.55","1,614.00","1,627.90","1,609.20","1,617.95","1,615.75","1,617.31","1,89,10,242","30,58,38,06,061.70","3,34,519","99,52,915","52.63"
"HDFCBANK","EQ","30-Jul-2024","1,605.05","1,602.00","1,634.75","1,599.00","1,614.20","1,615.55","1,615.74","2,72,97,917","44,10,64,24,811.40","4,55,812","1,08,36,941","39.70"
"HDFCBANK","EQ","29-Jul-2024","1,618.15","1,615.00","1,631.85","1,598.30","1,605.00","1,605.05","1,611.97","2,55,00,574","41,10,61,52,746.35","4,72,326","1,24,91,496","48.99"
"HDFCBANK","EQ","26-Jul-2024","1,616.60","1,605.00","1,621.75","1,596.45","1,616.30","1,618.15","1,609.37","2,19,05,270","35,25,36,30,971.05","3,55,180","1,38,65,974","63.30"
"HDFCBANK","EQ","25-Jul-2024","1,604.05","1,593.00","1,625.00","1,593.00","1,616.75","1,616.60","1,613.59","1,27,67,866","20,60,20,46,896.30","2,79,974","68,58,515","53.72"
"HDFCBANK","EQ","24-Jul-2024","1,618.40","1,608.15","1,621.00","1,588.05","1,608.35","1,604.05","1,604.13","3,08,64,103","49,50,99,47,077.30","4,32,932","1,54,18,875","49.96"
"HDFCBANK","EQ","23-Jul-2024","1,642.55","1,647.55","1,647.80","1,605.00","1,616.60","1,618.40","1,623.96","2,60,01,076","42,22,47,80,773.65","4,49,509","1,02,15,610","39.29"
"HDFCBANK","EQ","22-Jul-2024","1,607.30","1,617.00","1,651.00","1,612.65","1,642.00","1,642.55","1,637.66","2,68,72,411","44,00,79,04,357.70","5,48,620","1,65,99,256","61.77"
"HDFCBANK","EQ","19-Jul-2024","1,614.80","1,616.00","1,623.00","1,603.50","1,605.00","1,607.30","1,609.91","1,30,01,076","20,93,05,35,372.85","2,76,983","81,18,699","62.45"
"HDFCBANK","EQ","18-Jul-2024","1,619.75","1,608.00","1,623.95","1,599.15","1,615.00","1,614.80","1,613.29","1,68,58,532","27,19,76,55,556.65","3,32,318","94,44,621","56.02"
"HDFCBANK","EQ","16-Jul-2024","1,622.10","1,620.75","1,627.00","1,616.80","1,621.00","1,619.75","1,621.84","1,44,75,162","23,47,63,41,772.45","2,69,979","85,09,090","58.78"
"HDFCBANK","EQ","15-Jul-2024","1,622.70","1,623.50","1,629.80","1,615.20","1,623.00","1,622.10","1,622.00","1,66,87,847","27,06,76,66,840.40","2,17,738","95,95,558","57.50"
"HDFCBANK","EQ","12-Jul-2024","1,621.90","1,622.00","1,638.40","1,611.15","1,627.55","1,622.70","1,624.06","2,80,24,980","45,51,42,20,345.85","3,32,780","1,66,63,973","59.46"
"HDFCBANK","EQ","11-Jul-2024","1,626.10","1,623.95","1,625.85","1,601.00","1,623.00","1,621.90","1,612.69","2,20,88,537","35,62,18,65,220.10","4,83,343","1,47,12,286","66.61"
"HDFCBANK","EQ","10-Jul-2024","1,636.50","1,629.95","1,640.00","1,620.75","1,628.70","1,626.10","1,627.60","2,27,53,591","37,03,37,58,498.90","4,05,034","1,49,77,914","65.83"
"HDFCBANK","EQ","09-Jul-2024","1,635.35","1,625.00","1,646.70","1,620.35","1,638.80","1,636.50","1,638.53","2,42,75,439","39,77,60,84,749.70","4,42,487","1,67,11,437","68.84"
"HDFCBANK","EQ","08-Jul-2024","1,648.10","1,645.30","1,654.95","1,627.15","1,636.35","1,635.35","1,640.07","1,95,43,900","32,05,33,06,234.35","3,24,769","1,42,97,454","73.16"
"HDFCBANK","EQ","05-Jul-2024","1,727.15","1,685.00","1,685.00","1,642.20","1,649.40","1,648.10","1,656.79","4,11,21,274","68,12,92,39,005.75","11,17,072","2,66,57,099","64.83"
"HDFCBANK","EQ","04-Jul-2024","1,768.65","1,759.75","1,759.75","1,724.85","1,728.00","1,727.15","1,735.22","2,29,24,329","39,77,87,17,290.50","4,05,416","1,54,88,873","67.57"
"HDFCBANK","EQ","03-Jul-2024","1,730.60","1,791.00","1,794.00","1,764.65","1,767.70","1,768.65","1,776.87","6,16,08,901","1,09,47,08,77,766.90","8,46,404","3,86,98,242","62.81"
"HDFCBANK","EQ","02-Jul-2024","1,705.20","1,715.00","1,734.90","1,702.75","1,728.00","1,730.60","1,722.46","2,29,60,845","39,54,91,18,301.05","4,86,972","1,02,99,873","44.86"
"HDFCBANK","EQ","01-Jul-2024","1,683.80","1,680.00","1,707.30","1,680.00","1,704.20","1,705.20","1,699.74","1,05,93,512","18,00,61,89,828.25","3,55,235","62,50,644","59.00"
"HDFCBANK","EQ","28-Jun-2024","1,696.15","1,697.60","1,706.60","1,679.00","1,685.00","1,683.80","1,692.59","1,32,38,023","22,40,65,74,604.55","3,12,550","77,02,121","58.18"
"HDFCBANK","EQ","27-Jun-2024","1,701.50","1,696.10","1,713.00","1,686.60","1,696.45","1,696.15","1,697.92","2,75,37,325","46,75,61,42,645.90","5,86,504","1,46,20,093","53.09"
"HDFCBANK","EQ","26-Jun-2024","1,711.35","1,707.95","1,710.90","1,691.10","1,693.50","1,701.50","1,703.01","2,37,98,333","40,52,88,70,562.05","4,24,591","1,50,83,364","63.38"
"HDFCBANK","EQ","25-Jun-2024","1,672.40","1,671.10","1,716.95","1,671.10","1,707.00","1,711.35","1,705.04","3,72,60,774","63,53,11,28,010.50","6,90,683","1,92,31,430","51.61"
"HDFCBANK","EQ","24-Jun-2024","1,665.75","1,647.00","1,675.10","1,645.75","1,671.00","1,672.40","1,664.93","1,42,72,497","23,76,26,44,259.60","3,87,580","80,66,775","56.52"
"HDFCBANK","EQ","21-Jun-2024","1,669.35","1,672.85","1,672.85","1,643.15","1,661.65","1,665.75","1,658.68","2,58,15,388","42,81,94,37,838.90","4,08,577","1,35,92,741","52.65"
"HDFCBANK","EQ","20-Jun-2024","1,657.85","1,669.80","1,681.45","1,652.00","1,667.25","1,669.35","1,667.89","2,07,04,371","34,53,26,04,621.85","4,65,827","1,29,30,152","62.45"
"HDFCBANK","EQ","19-Jun-2024","1,607.80","1,613.40","1,669.90","1,604.00","1,657.00","1,657.85","1,644.44","4,50,65,598","74,10,75,87,437.40","7,09,705","2,48,50,893","55.14"
"HDFCBANK","EQ","18-Jun-2024","1,596.90","1,596.90","1,610.50","1,589.45","1,608.00","1,607.80","1,604.04","1,62,07,857","25,99,80,73,833.50","3,53,540","92,80,334","57.26"
"HDFCBANK","EQ","14-Jun-2024","1,580.75","1,584.00","1,599.00","1,577.70","1,595.60","1,596.90","1,592.12","1,27,70,277","20,33,18,73,861.15","3,20,179","78,75,479","61.67"
"HDFCBANK","EQ","13-Jun-2024","1,574.15","1,581.75","1,585.70","1,574.00","1,581.20","1,580.75","1,581.85","1,20,60,096","19,07,72,28,502.15","2,81,276","78,52,775","65.11"
"HDFCBANK","EQ","12-Jun-2024","1,564.80","1,575.00","1,588.30","1,566.40","1,569.00","1,574.15","1,576.98","1,96,40,218","30,97,22,87,118.05","3,41,079","95,69,983","48.73"
"HDFCBANK","EQ","11-Jun-2024","1,561.30","1,556.00","1,571.00","1,552.20","1,563.05","1,564.80","1,564.24","1,47,72,663","23,10,79,28,769.20","4,58,802","83,60,761","56.60"
"HDFCBANK","EQ","10-Jun-2024","1,573.35","1,574.00","1,580.65","1,557.60","1,559.55","1,561.30","1,566.93","1,12,27,029","17,59,19,12,808.65","3,14,062","75,35,938","67.12"
"HDFCBANK","EQ","07-Jun-2024","1,559.70","1,561.05","1,584.35","1,552.05","1,575.00","1,573.35","1,572.47","1,83,56,108","28,86,44,83,389.90","4,16,517","85,58,942","46.63"
"HDFCBANK","EQ","06-Jun-2024","1,551.80","1,564.90","1,565.45","1,546.60","1,559.50","1,559.70","1,557.00","2,32,11,435","36,14,02,49,317.55","5,99,204","1,25,28,131","53.97"
"HDFCBANK","EQ","05-Jun-2024","1,483.15","1,494.05","1,559.60","1,482.35","1,545.85","1,551.80","1,523.83","4,08,15,825","62,19,63,52,485.40","6,50,501","1,72,26,690","42.21"
"HDFCBANK","EQ","04-Jun-2024","1,572.20","1,557.00","1,559.00","1,454.00","1,489.75","1,483.15","1,504.91","4,47,65,620","67,36,84,18,218.55","7,86,620","1,53,39,068","34.27"
"HDFCBANK","EQ","03-Jun-2024","1,531.55","1,599.00","1,599.00","1,550.00","1,573.00","1,572.20","1,567.87","3,63,18,628","56,94,29,88,275.80","5,84,235","2,09,67,682","57.73"
"HDFCBANK","EQ","31-May-2024","1,514.85","1,519.00","1,536.00","1,514.00","1,525.95","1,531.55","1,528.77","3,70,39,794","56,62,52,43,621.65","4,74,591","2,45,61,027","66.31"
"HDFCBANK","EQ","30-May-2024","1,508.30","1,499.20","1,523.60","1,497.65","1,518.30","1,514.85","1,513.96","1,68,77,675","25,55,22,06,595.80","4,09,393","1,01,63,087","60.22"
"HDFCBANK","EQ","29-May-2024","1,530.50","1,518.00","1,523.85","1,501.25","1,506.00","1,508.30","1,510.22","1,75,73,853","26,54,04,04,866.50","3,24,703","1,02,69,574","58.44"
"HDFCBANK","EQ","28-May-2024","1,527.70","1,530.10","1,536.05","1,524.80","1,528.60","1,530.50","1,531.14","1,39,54,452","21,36,62,45,980.65","2,87,323","82,58,977","59.19"
"HDFCBANK","EQ","27-May-2024","1,517.20","1,523.35","1,545.00","1,519.05","1,528.00","1,527.70","1,533.69","1,46,92,720","22,53,40,43,945.55","3,60,983","85,78,854","58.39"
"HDFCBANK","EQ","24-May-2024","1,492.60","1,487.50","1,519.90","1,486.00","1,516.50","1,517.20","1,507.33","1,55,30,103","23,40,89,82,967.80","3,25,557","89,25,912","57.47"
"HDFCBANK","EQ","23-May-2024","1,459.20","1,458.65","1,495.65","1,457.05","1,492.85","1,492.60","1,477.10","2,04,30,960","30,17,85,06,688.95","3,37,200","1,15,92,193","56.74"
"HDFCBANK","EQ","22-May-2024","1,458.80","1,457.85","1,465.60","1,448.15","1,463.75","1,459.20","1,456.24","1,99,98,139","29,12,21,60,427.50","3,94,368","1,15,01,213","57.51"
"HDFCBANK","EQ","21-May-2024","1,466.05","1,450.10","1,469.70","1,450.10","1,457.20","1,458.80","1,460.08","2,18,84,989","31,95,37,90,444.80","4,13,346","1,56,85,407","71.67"
"HDFCBANK","EQ","18-May-2024","1,464.10","1,466.00","1,467.10","1,463.05","1,466.35","1,466.05","1,465.57","5,28,557","77,46,36,045.30","15,995","2,76,670","52.34"
"HDFCBANK","EQ","17-May-2024","1,460.25","1,446.20","1,468.00","1,446.20","1,463.00","1,464.10","1,461.22","1,04,60,095","15,28,45,49,919.50","2,68,477","60,40,042","57.74"
"HDFCBANK","EQ","16-May-2024","1,438.50","1,446.05","1,462.55","1,435.50","1,459.75","1,460.25","1,449.96","1,74,72,618","25,33,45,16,598.70","3,82,855","88,39,279","50.59"
"HDFCBANK","EQ","15-May-2024","1,460.95","1,459.70","1,459.70","1,435.80","1,440.80","1,438.50","1,443.04","1,94,65,998","28,09,02,23,298.30","3,93,567","1,06,40,101","54.66"
"HDFCBANK","EQ","14-May-2024","1,455.25","1,452.25","1,465.50","1,450.30","1,461.60","1,460.95","1,459.59","1,28,32,571","18,73,03,07,625.40","3,15,935","83,09,204","64.75"
"HDFCBANK","EQ","13-May-2024","1,437.90","1,432.00","1,459.80","1,430.30","1,456.50","1,455.25","1,447.14","1,35,23,601","19,57,05,07,197.60","4,63,000","78,20,181","57.83"
"HDFCBANK","EQ","10-May-2024","1,447.50","1,439.00","1,451.95","1,426.80","1,439.85","1,437.90","1,440.93","1,36,38,304","19,65,18,68,794.15","3,68,755","82,90,712","60.79"
"HDFCBANK","EQ","09-May-2024","1,482.65","1,474.95","1,486.75","1,445.30","1,450.80","1,447.50","1,461.55","2,31,40,639","33,82,11,48,758.20","6,69,580","1,78,83,266","77.28"
"HDFCBANK","EQ","08-May-2024","1,506.15","1,495.95","1,496.95","1,480.35","1,483.50","1,482.65","1,486.59","2,08,43,931","30,98,64,22,880.60","4,65,848","1,35,94,981","65.22"
"HDFCBANK","EQ","07-May-2024","1,522.65","1,521.95","1,524.05","1,504.15","1,505.10","1,506.15","1,510.70","1,42,40,301","21,51,28,20,634.10","3,44,750","83,56,783","58.68"
"HDFCBANK","EQ","06-May-2024","1,519.60","1,522.00","1,534.50","1,517.15","1,523.75","1,522.65","1,525.73","1,43,96,698","21,96,54,19,859.10","2,90,222","96,72,086","67.18"
"HDFCBANK","EQ","03-May-2024","1,532.25","1,533.25","1,540.60","1,507.20","1,515.65","1,519.60","1,521.12","1,59,32,621","24,23,54,95,414.80","3,09,946","73,82,850","46.34"
"HDFCBANK","EQ","02-May-2024","1,520.10","1,522.00","1,537.00","1,520.35","1,532.90","1,532.25","1,531.60","1,67,37,503","25,63,51,47,567.95","3,67,994","77,61,502","46.37"
"HDFCBANK","EQ","30-Apr-2024","1,529.50","1,529.20","1,539.50","1,514.90","1,515.45","1,520.10","1,528.27","2,61,53,691","39,96,98,10,062.50","3,96,483","1,04,15,468","39.82"
"HDFCBANK","EQ","29-Apr-2024","1,509.80","1,515.00","1,534.45","1,506.55","1,528.55","1,529.50","1,521.15","1,80,46,675","27,45,16,36,250.70","3,46,924","88,62,484","49.11"
"HDFCBANK","EQ","26-Apr-2024","1,510.75","1,519.80","1,528.00","1,505.55","1,511.00","1,509.80","1,515.19","1,24,27,347","18,82,97,91,289.85","3,07,546","64,47,334","51.88"
"HDFCBANK","EQ","25-Apr-2024","1,511.70","1,506.25","1,519.70","1,506.25","1,513.80","1,510.75","1,512.64","1,77,22,602","26,80,79,94,509.45","4,12,279","97,76,931","55.17"
"HDFCBANK","EQ","24-Apr-2024","1,507.60","1,515.00","1,521.75","1,509.05","1,512.90","1,511.70","1,514.50","1,12,20,790","16,99,38,56,319.65","2,70,693","64,29,367","57.30"
"HDFCBANK","EQ","23-Apr-2024","1,512.20","1,526.30","1,526.50","1,503.25","1,507.50","1,507.60","1,510.64","1,34,13,530","20,26,29,98,928.70","2,92,429","85,15,775","63.49"
"HDFCBANK","EQ","22-Apr-2024","1,531.30","1,557.40","1,557.40","1,508.30","1,514.35","1,512.20","1,519.66","2,11,49,219","32,13,97,20,597.85","5,31,868","1,19,96,190","56.72"
"HDFCBANK","EQ","19-Apr-2024","1,494.70","1,486.55","1,534.95","1,480.25","1,534.20","1,531.30","1,514.56","1,72,88,217","26,18,40,17,914.35","3,85,294","95,42,891","55.20"
"HDFCBANK","EQ","18-Apr-2024","1,509.25","1,509.80","1,518.85","1,491.05","1,496.80","1,494.70","1,503.85","1,71,17,442","25,74,19,97,797.45","4,00,151","90,61,937","52.94"
"HDFCBANK","EQ","16-Apr-2024","1,494.70","1,487.00","1,512.90","1,482.25","1,512.00","1,509.25","1,499.45","1,03,72,443","15,55,29,84,303.10","2,54,321","56,76,628","54.73"
"HDFCBANK","EQ","15-Apr-2024","1,518.95","1,497.55","1,510.00","1,492.05","1,493.00","1,494.70","1,501.19","1,17,07,624","17,57,53,73,460.40","3,03,733","68,69,481","58.68"
"HDFCBANK","EQ","12-Apr-2024","1,536.35","1,521.00","1,529.85","1,513.45","1,516.25","1,518.95","1,520.13","2,05,42,104","31,22,67,29,837.45","3,53,957","1,28,01,265","62.32"
"HDFCBANK","EQ","10-Apr-2024","1,548.55","1,549.90","1,549.90","1,532.95","1,534.95","1,536.35","1,539.41","1,39,03,700","21,40,35,51,158.35","2,64,951","76,97,580","55.36"
"HDFCBANK","EQ","09-Apr-2024","1,546.60","1,554.85","1,554.85","1,540.30","1,544.40","1,548.55","1,547.47","1,09,42,247","16,93,27,84,193.35","2,86,447","68,14,594","62.28"
"HDFCBANK","BL","09-Apr-2024","1,445.75","1,546.60","1,546.60","1,546.60","1,546.60","1,546.60","1,546.60","4,09,783","63,37,70,387.80","1","-","-"
"HDFCBANK","EQ","08-Apr-2024","1,549.55","1,554.95","1,557.25","1,541.55","1,545.00","1,546.60","1,546.80","1,02,41,470","15,84,14,81,181.95","2,82,686","76,70,253","74.89"
"HDFCBANK","EQ","05-Apr-2024","1,527.60","1,539.00","1,554.50","1,530.15","1,550.05","1,549.55","1,545.34","2,95,27,951","45,63,07,07,255.45","4,46,260","2,11,64,256","71.68"
"HDFCBANK","EQ","04-Apr-2024","1,482.30","1,504.00","1,530.00","1,504.00","1,529.00","1,527.60","1,520.65","4,44,67,533","67,61,97,06,935.10","6,38,189","2,56,19,874","57.61"
"HDFCBANK","EQ","03-Apr-2024","1,480.15","1,472.10","1,495.65","1,471.40","1,484.50","1,482.30","1,485.06","2,27,92,193","33,84,77,85,699.15","3,81,267","1,36,84,601","60.04"
"HDFCBANK","EQ","02-Apr-2024","1,470.50","1,465.15","1,494.85","1,463.25","1,479.55","1,480.15","1,483.23","2,06,12,723","30,57,33,59,203.20","3,15,849","1,09,60,586","53.17"
"HDFCBANK","EQ","01-Apr-2024","1,447.90","1,458.00","1,473.80","1,455.60","1,470.00","1,470.50","1,466.67","1,25,99,785","18,47,97,61,763.45","2,66,085","84,31,758","66.92"
"HDFCBANK","EQ","28-Mar-2024","1,440.70","1,440.70","1,460.50","1,440.70","1,447.00","1,447.90","1,451.60","2,77,96,071","40,34,86,58,115.25","3,70,836","1,68,28,698","60.54"
"HDFCBANK","EQ","27-Mar-2024","1,425.40","1,423.55","1,447.95","1,421.25","1,443.65","1,440.70","1,436.27","3,10,84,334","44,64,54,17,268.50","4,12,302","1,97,82,418","63.64"
"HDFCBANK","EQ","26-Mar-2024","1,442.85","1,427.20","1,437.95","1,422.15","1,424.90","1,425.40","1,430.24","2,84,22,145","40,65,04,67,046.25","5,19,149","2,05,03,182","72.14"
"HDFCBANK","EQ","22-Mar-2024","1,445.75","1,441.00","1,450.75","1,437.75","1,442.55","1,442.85","1,443.79","2,29,90,163","33,19,29,80,386.60","4,08,312","1,45,85,298","63.44"
"HDFCBANK","EQ","21-Mar-2024","1,431.05","1,442.60","1,451.25","1,438.30","1,445.40","1,445.75","1,445.43","1,44,61,430","20,90,30,15,204.35","2,61,033","89,47,572","61.87"
"HDFCBANK","EQ","20-Mar-2024","1,449.35","1,449.05","1,451.65","1,424.65","1,432.00","1,431.05","1,435.82","2,18,03,047","31,30,51,42,954.85","3,91,871","1,23,57,309","56.68"
"HDFCBANK","EQ","19-Mar-2024","1,446.05","1,435.50","1,452.40","1,435.50","1,449.95","1,449.35","1,445.73","1,80,91,797","26,15,58,72,952.15","3,57,501","1,13,20,260","62.57"
"HDFCBANK","EQ","18-Mar-2024","1,452.65","1,447.00","1,456.00","1,435.80","1,445.75","1,446.05","1,447.44","1,07,18,928","15,51,49,93,593.40","2,98,423","56,92,012","53.10"
"HDFCBANK","EQ","15-Mar-2024","1,455.45","1,450.00","1,459.30","1,442.25","1,454.70","1,452.65","1,452.16","7,18,06,902","1,04,27,52,32,909.40","4,23,259","5,07,94,310","70.74"
"HDFCBANK","EQ","14-Mar-2024","1,460.40","1,462.10","1,466.00","1,444.30","1,457.00","1,455.45","1,452.98","2,62,16,079","38,09,14,65,327.10","3,55,538","1,45,05,354","55.33"
"HDFCBANK","EQ","13-Mar-2024","1,459.55","1,465.50","1,471.60","1,450.10","1,459.70","1,460.40","1,461.57","3,15,33,727","46,08,88,10,985.45","5,55,367","1,78,16,086","56.50"
"HDFCBANK","EQ","12-Mar-2024","1,427.80","1,434.00","1,464.00","1,429.25","1,460.75","1,459.55","1,455.21","3,27,09,227","47,59,89,03,857.45","5,63,469","1,63,84,302","50.09"
"HDFCBANK","EQ","11-Mar-2024","1,446.10","1,430.00","1,445.95","1,423.00","1,427.00","1,427.80","1,431.56","2,52,65,547","36,16,91,85,792.10","4,00,746","1,89,64,859","75.06"
"HDFCBANK","EQ","07-Mar-2024","1,442.60","1,445.50","1,451.05","1,441.40","1,446.00","1,446.10","1,445.23","2,46,74,023","35,65,95,21,740.40","3,01,040","2,08,66,170","84.57"
"HDFCBANK","EQ","06-Mar-2024","1,440.85","1,433.55","1,452.85","1,433.55","1,442.85","1,442.60","1,444.30","2,12,04,765","30,62,59,70,319.20","4,29,803","1,10,03,451","51.89"
"HDFCBANK","EQ","05-Mar-2024","1,432.70","1,422.00","1,443.00","1,421.65","1,439.20","1,440.85","1,432.70","1,89,95,836","27,21,52,48,874.45","3,45,780","1,30,54,500","68.72"
"HDFCBANK","EQ","04-Mar-2024","1,430.75","1,430.95","1,437.00","1,424.30","1,432.00","1,432.70","1,430.81","1,78,08,237","25,48,02,70,998.65","3,20,401","1,35,14,118","75.89"
"HDFCBANK","EQ","02-Mar-2024","1,430.75","1,434.55","1,436.00","1,428.10","1,430.95","1,430.75","1,431.16","8,95,265","1,28,12,70,465.10","27,274","5,14,675","57.49"
"HDFCBANK","EQ","01-Mar-2024","1,403.40","1,400.00","1,432.75","1,400.00","1,429.30","1,430.75","1,419.53","1,73,69,449","24,65,65,07,108.45","4,30,030","1,09,39,226","62.98"
"HDFCBANK","EQ","29-Feb-2024","1,409.40","1,402.10","1,410.40","1,397.30","1,407.80","1,403.40","1,403.21","2,66,47,850","37,39,25,69,225.70","5,67,422","1,69,04,852","63.44"
"HDFCBANK","EQ","28-Feb-2024","1,420.15","1,420.15","1,424.20","1,404.00","1,406.15","1,409.40","1,414.58","1,26,60,993","17,91,00,38,294.10","3,02,672","82,85,620","65.44"
"HDFCBANK","EQ","27-Feb-2024","1,422.30","1,413.55","1,426.70","1,413.05","1,421.90","1,420.15","1,419.95","1,60,43,575","22,78,11,19,940.60","3,84,714","1,02,38,487","63.82"
"HDFCBANK","EQ","26-Feb-2024","1,420.60","1,413.55","1,434.85","1,413.55","1,421.95","1,422.30","1,426.02","1,17,53,435","16,76,05,78,868.05","3,81,979","71,60,171","60.92"
"HDFCBANK","EQ","23-Feb-2024","1,419.55","1,422.55","1,433.90","1,418.00","1,419.45","1,420.60","1,425.27","1,49,16,726","21,26,04,19,308.00","3,35,851","96,40,709","64.63"
"HDFCBANK","EQ","22-Feb-2024","1,439.15","1,417.75","1,428.80","1,412.20","1,422.00","1,419.55","1,419.78","2,52,80,441","35,89,27,43,575.45","4,77,326","1,42,39,980","56.33"
"HDFCBANK","EQ","21-Feb-2024","1,454.30","1,464.00","1,464.00","1,435.00","1,436.00","1,439.15","1,446.29","2,29,46,568","33,18,73,13,941.50","4,93,970","1,47,41,892","64.24"
"HDFCBANK","EQ","20-Feb-2024","1,417.10","1,415.00","1,457.25","1,411.80","1,453.00","1,454.30","1,443.09","2,80,66,754","40,50,28,22,506.55","5,18,597","1,79,63,922","64.00"
"HDFCBANK","EQ","19-Feb-2024","1,419.90","1,429.00","1,429.00","1,415.20","1,419.00","1,417.10","1,420.94","1,72,25,878","24,47,68,80,448.95","2,96,087","1,21,72,296","70.66"
"HDFCBANK","EQ","16-Feb-2024","1,414.05","1,423.90","1,427.70","1,408.45","1,417.05","1,419.90","1,417.97","1,60,87,871","22,81,21,94,900.15","4,02,453","88,20,734","54.83"
"HDFCBANK","EQ","15-Feb-2024","1,384.05","1,385.00","1,415.50","1,384.35","1,414.65","1,414.05","1,402.53","2,07,92,472","29,16,21,28,685.10","5,33,782","1,05,60,634","50.79"
"HDFCBANK","EQ","14-Feb-2024","1,394.45","1,376.00","1,391.50","1,363.55","1,384.95","1,384.05","1,373.20","4,56,60,405","62,70,09,16,687.85","8,83,690","2,49,52,955","54.65"
"HDFCBANK","EQ","13-Feb-2024","1,390.00","1,391.95","1,404.35","1,384.35","1,391.95","1,394.45","1,394.82","2,87,90,497","40,15,76,78,244.65","4,45,958","1,61,99,067","56.27"
"HDFCBANK","EQ","12-Feb-2024","1,403.60","1,399.65","1,413.65","1,383.35","1,392.40","1,390.00","1,394.91","1,72,23,906","24,02,57,25,748.70","4,86,804","1,11,02,019","64.46"
"HDFCBANK","EQ","09-Feb-2024","1,403.05","1,392.15","1,414.20","1,387.00","1,408.00","1,403.60","1,402.42","2,83,21,062","39,71,79,43,985.60","5,12,854","1,89,21,440","66.81"
"HDFCBANK","EQ","08-Feb-2024","1,429.95","1,429.85","1,438.95","1,400.50","1,407.25","1,403.05","1,415.51","3,45,53,062","48,91,02,44,009.15","7,97,559","2,23,15,085","64.58"
"HDFCBANK","EQ","07-Feb-2024","1,444.10","1,453.00","1,453.80","1,426.65","1,430.00","1,429.95","1,435.86","2,74,18,543","39,36,90,92,511.05","5,23,984","1,76,64,287","64.42"
"HDFCBANK","EQ","06-Feb-2024","1,444.85","1,445.55","1,449.70","1,432.60","1,443.55","1,444.10","1,442.11","2,05,37,870","29,61,79,40,997.40","4,10,774","1,23,54,485","60.15"
"HDFCBANK","EQ","05-Feb-2024","1,446.15","1,446.00","1,451.90","1,434.05","1,443.05","1,444.85","1,442.08","1,93,02,523","27,83,57,69,812.35","4,87,034","95,05,231","49.24"
"HDFCBANK","EQ","02-Feb-2024","1,466.35","1,475.00","1,480.85","1,442.05","1,445.90","1,446.15","1,461.81","2,24,33,877","32,79,41,41,061.40","5,47,098","1,18,94,099","53.02"
"HDFCBANK","EQ","01-Feb-2024","1,462.55","1,465.05","1,473.60","1,456.05","1,466.50","1,466.35","1,465.35","1,63,45,370","23,95,17,31,259.20","3,95,148","1,04,41,607","63.88"
"HDFCBANK","EQ","31-Jan-2024","1,444.30","1,439.50","1,474.95","1,436.80","1,462.65","1,462.55","1,462.25","3,28,80,520","48,07,95,51,289.50","5,48,526","1,98,99,886","60.52"
"HDFCBANK","EQ","30-Jan-2024","1,454.65","1,454.55","1,463.20","1,440.90","1,444.70","1,444.30","1,447.91","2,08,64,384","30,20,98,49,168.35","4,51,375","1,12,58,264","53.96"
"HDFCBANK","EQ","29-Jan-2024","1,434.90","1,448.05","1,462.80","1,445.80","1,456.80","1,454.65","1,454.14","3,28,22,749","47,72,87,90,185.85","6,94,082","2,37,04,142","72.22"
"HDFCBANK","EQ","25-Jan-2024","1,455.90","1,452.50","1,457.35","1,419.40","1,440.70","1,434.90","1,434.16","4,94,70,926","70,94,91,59,079.50","7,87,699","3,15,35,782","63.75"
"HDFCBANK","EQ","24-Jan-2024","1,427.35","1,380.25","1,458.45","1,380.25","1,456.30","1,455.90","1,435.74","4,30,02,202","61,74,01,25,439.00","8,17,417","2,74,74,718","63.89"
"HDFCBANK","EQ","23-Jan-2024","1,478.85","1,465.00","1,474.70","1,425.00","1,430.95","1,427.35","1,442.66","5,77,34,701","83,29,15,08,720.05","14,15,782","3,79,49,562","65.73"
"HDFCBANK","EQ","20-Jan-2024","1,470.65","1,483.20","1,495.70","1,476.00","1,480.65","1,478.85","1,483.92","1,29,20,293","19,17,26,37,247.30","4,03,196","47,71,146","36.93"
"HDFCBANK","EQ","19-Jan-2024","1,486.15","1,505.95","1,510.25","1,468.40","1,474.90","1,470.65","1,483.88","5,48,00,269","81,31,68,62,185.55","12,75,220","4,09,88,837","74.80"
"HDFCBANK","EQ","18-Jan-2024","1,537.50","1,494.00","1,515.00","1,480.05","1,490.00","1,486.15","1,495.03","8,05,35,465","1,20,40,26,78,844.55","15,82,497","5,59,33,202","69.45"
"HDFCBANK","EQ","17-Jan-2024","1,679.15","1,570.00","1,596.80","1,528.40","1,542.15","1,537.50","1,565.65","8,50,72,618","1,33,19,36,18,859.55","20,98,772","5,33,80,592","62.75"
"HDFCBANK","EQ","16-Jan-2024","1,672.80","1,673.00","1,683.65","1,658.10","1,678.00","1,679.15","1,672.44","1,26,61,250","21,17,51,43,184.95","3,47,404","70,75,982","55.89"
"HDFCBANK","EQ","15-Jan-2024","1,641.20","1,647.70","1,680.90","1,643.60","1,679.70","1,672.80","1,666.61","1,41,60,178","23,59,95,25,731.75","4,14,759","97,81,433","69.08"
"HDFCBANK","EQ","12-Jan-2024","1,649.00","1,652.00","1,656.00","1,633.60","1,643.95","1,641.20","1,645.10","98,86,776","16,26,47,60,030.85","2,78,690","59,97,002","60.66"
"HDFCBANK","EQ","11-Jan-2024","1,655.95","1,660.00","1,662.90","1,643.00","1,649.30","1,649.00","1,653.30","91,57,005","15,13,92,71,150.70","2,30,772","67,16,094","73.34"
"HDFCBANK","EQ","10-Jan-2024","1,650.50","1,643.00","1,659.95","1,641.40","1,656.00","1,655.95","1,653.21","80,57,912","13,32,14,22,833.20","1,73,498","53,76,758","66.73"
"HDFCBANK","EQ","09-Jan-2024","1,663.45","1,667.15","1,677.80","1,646.75","1,650.95","1,650.50","1,660.84","1,26,63,444","21,03,19,58,360.50","2,69,602","65,28,474","51.55"
"HDFCBANK","EQ","08-Jan-2024","1,682.20","1,678.50","1,682.35","1,660.00","1,662.90","1,663.45","1,671.84","89,99,235","15,04,53,04,192.30","3,68,430","56,43,830","62.71"
"HDFCBANK","EQ","05-Jan-2024","1,690.85","1,687.15","1,704.90","1,668.10","1,679.00","1,682.20","1,679.44","1,59,44,735","26,77,82,51,761.45","4,26,162","96,17,611","60.32"
"HDFCBANK","EQ","04-Jan-2024","1,672.90","1,678.00","1,694.95","1,670.70","1,690.85","1,690.85","1,681.98","1,33,67,028","22,48,31,29,792.50","3,35,934","94,57,028","70.75"
"HDFCBANK","EQ","03-Jan-2024","1,699.10","1,702.00","1,704.70","1,668.95","1,674.60","1,672.90","1,681.27","1,41,94,881","23,86,54,12,912.55","4,26,015","86,13,392","60.68"
"HDFCBANK","EQ","02-Jan-2024","1,698.10","1,698.80","1,702.80","1,688.70","1,697.50","1,699.10","1,697.43","1,46,21,046","24,81,81,49,211.10","3,34,886","86,90,628","59.44"
"HDFCBANK","EQ","01-Jan-2024","1,709.25","1,706.00","1,709.15","1,692.00","1,692.90","1,698.10","1,701.52","71,19,843","12,11,45,68,489.30","2,58,349","44,16,670","62.03"
"HDFCBANK","EQ","29-Dec-2023","1,705.25","1,697.00","1,714.90","1,696.00","1,708.65","1,709.25","1,707.51","1,25,05,713","21,35,36,50,105.25","2,64,143","91,95,603","73.53"
"HDFCBANK","EQ","28-Dec-2023","1,703.30","1,709.30","1,721.40","1,702.00","1,708.85","1,705.25","1,711.26","2,20,38,235","37,71,30,47,859.00","4,23,062","1,50,56,267","68.32"
"HDFCBANK","EQ","27-Dec-2023","1,682.45","1,681.50","1,706.50","1,678.60","1,702.10","1,703.30","1,695.87","1,35,04,539","22,90,18,80,536.75","3,21,373","91,79,567","67.97"
"HDFCBANK","EQ","26-Dec-2023","1,670.85","1,673.25","1,685.95","1,668.55","1,684.10","1,682.45","1,678.46","90,22,928","15,14,45,82,177.45","2,43,596","50,04,732","55.47"
"HDFCBANK","EQ","22-Dec-2023","1,686.70","1,683.60","1,685.90","1,667.10","1,668.70","1,670.85","1,675.74","2,42,89,425","40,70,27,11,527.50","4,50,284","1,71,51,697","70.61"
"HDFCBANK","EQ","21-Dec-2023","1,657.00","1,657.00","1,689.75","1,650.25","1,685.00","1,686.70","1,672.87","1,82,94,620","30,60,44,91,502.45","3,85,913","1,05,06,095","57.43"
"HDFCBANK","EQ","20-Dec-2023","1,652.90","1,658.00","1,668.95","1,644.45","1,644.75","1,657.00","1,662.23","1,71,16,260","28,45,12,45,154.05","4,15,287","1,14,01,194","66.61"
"HDFCBANK","EQ","19-Dec-2023","1,655.70","1,650.00","1,658.65","1,644.05","1,650.50","1,652.90","1,651.23","1,20,04,223","19,82,17,02,426.65","2,57,002","68,61,842","57.16"
"HDFCBANK","EQ","18-Dec-2023","1,656.55","1,660.70","1,664.70","1,650.95","1,652.50","1,655.70","1,657.78","90,07,377","14,93,22,77,614.85","2,58,215","57,29,288","63.61"
"HDFCBANK","EQ","15-Dec-2023","1,650.15","1,650.00","1,668.00","1,646.60","1,656.05","1,656.55","1,655.35","6,94,18,565","1,14,91,20,65,107.80","4,20,832","4,95,73,293","71.41"
"HDFCBANK","EQ","14-Dec-2023","1,630.90","1,646.00","1,658.95","1,645.00","1,650.45","1,650.15","1,651.03","1,75,86,183","29,03,53,47,300.80","3,45,239","1,24,01,147","70.52"
"HDFCBANK","EQ","13-Dec-2023","1,634.60","1,632.45","1,636.00","1,615.10","1,633.80","1,630.90","1,628.14","1,46,73,457","23,89,04,10,498.90","3,52,315","79,26,681","54.02"
"HDFCBANK","EQ","12-Dec-2023","1,651.00","1,654.20","1,656.25","1,631.85","1,634.45","1,634.60","1,645.41","1,82,90,738","30,09,58,21,186.80","3,86,854","1,25,47,290","68.60"
"HDFCBANK","EQ","11-Dec-2023","1,653.20","1,650.05","1,663.70","1,647.00","1,650.00","1,651.00","1,653.00","1,15,93,810","19,16,46,09,234.90","3,76,768","80,95,762","69.83"
"HDFCBANK","EQ","08-Dec-2023","1,630.45","1,630.45","1,655.00","1,630.45","1,653.00","1,653.20","1,648.92","1,68,64,019","27,80,74,18,190.95","3,72,167","1,25,03,238","74.14"
"HDFCBANK","EQ","07-Dec-2023","1,627.80","1,625.00","1,634.00","1,616.20","1,630.50","1,630.45","1,628.48","1,02,25,193","16,65,15,13,307.40","2,19,921","69,93,493","68.39"
"HDFCBANK","EQ","06-Dec-2023","1,623.70","1,638.45","1,638.45","1,616.65","1,626.30","1,627.80","1,627.41","1,93,06,530","31,41,95,73,681.05","3,40,998","1,12,06,777","58.05"
"HDFCBANK","EQ","05-Dec-2023","1,609.40","1,636.50","1,639.00","1,616.50","1,622.00","1,623.70","1,626.07","2,61,15,410","42,46,55,36,275.85","3,97,106","1,51,52,680","58.02"
"HDFCBANK","EQ","04-Dec-2023","1,555.40","1,588.00","1,612.00","1,573.65","1,609.15","1,609.40","1,592.26","2,53,31,228","40,33,38,20,531.20","4,41,679","1,89,92,621","74.98"
"HDFCBANK","EQ","01-Dec-2023","1,558.80","1,557.90","1,565.75","1,552.10","1,552.35","1,555.40","1,559.16","1,10,76,768","17,27,04,79,586.70","2,99,721","78,16,765","70.57"
"HDFCBANK","EQ","30-Nov-2023","1,559.15","1,569.15","1,572.45","1,542.15","1,556.60","1,558.80","1,555.55","3,47,45,720","54,04,86,90,749.35","3,52,886","2,41,27,159","69.44"
"HDFCBANK","EQ","29-Nov-2023","1,528.65","1,533.90","1,563.00","1,533.00","1,560.30","1,559.15","1,547.46","1,70,21,244","26,33,97,38,845.55","3,14,977","1,25,73,984","73.87"
"HDFCBANK","EQ","28-Nov-2023","1,532.10","1,535.20","1,537.25","1,525.80","1,530.95","1,528.65","1,531.88","1,42,44,669","21,82,11,67,498.85","2,54,566","1,03,73,959","72.83"
"HDFCBANK","EQ","24-Nov-2023","1,521.30","1,521.20","1,533.15","1,519.85","1,531.40","1,532.10","1,529.01","82,34,596","12,59,07,57,692.80","1,91,494","57,71,108","70.08"
"HDFCBANK","EQ","23-Nov-2023","1,512.55","1,508.50","1,523.85","1,508.50","1,521.70","1,521.30","1,519.21","65,23,110","9,90,99,95,976.95","1,70,796","38,34,686","58.79"
"HDFCBANK","EQ","22-Nov-2023","1,517.95","1,520.00","1,520.00","1,503.55","1,512.90","1,512.55","1,513.24","1,45,61,825","22,03,55,95,098.85","2,61,084","49,91,663","34.28"
"HDFCBANK","EQ","21-Nov-2023","1,505.20","1,519.00","1,522.00","1,512.10","1,518.25","1,517.95","1,517.79","1,24,79,986","18,94,19,39,824.75","2,91,918","75,56,905","60.55"
"HDFCBANK","EQ","20-Nov-2023","1,505.10","1,513.00","1,513.00","1,501.55","1,505.90","1,505.20","1,505.46","96,65,726","14,55,13,79,677.65","2,00,480","57,02,845","59.00"
"HDFCBANK","EQ","17-Nov-2023","1,508.35","1,490.00","1,507.50","1,489.00","1,505.00","1,505.10","1,502.48","1,18,50,937","17,80,58,35,559.30","2,98,602","79,24,052","66.86"
"HDFCBANK","EQ","16-Nov-2023","1,504.40","1,509.70","1,519.00","1,503.75","1,508.00","1,508.35","1,511.01","1,48,56,919","22,44,90,02,896.90","2,70,257","92,11,530","62.00"
"HDFCBANK","EQ","15-Nov-2023","1,488.80","1,504.10","1,510.95","1,500.55","1,504.80","1,504.40","1,505.70","2,06,22,730","31,05,15,66,881.50","3,31,586","1,12,54,599","54.57"
"HDFCBANK","EQ","13-Nov-2023","1,500.00","1,492.10","1,495.95","1,485.90","1,489.00","1,488.80","1,490.72","1,03,02,957","15,35,88,48,457.45","3,18,892","53,82,293","52.24"
"HDFCBANK","EQ","12-Nov-2023","1,491.50","1,500.00","1,502.00","1,496.15","1,499.00","1,500.00","1,499.50","19,75,463","2,96,22,07,492.65","85,801","7,72,458","39.10"
"HDFCBANK","EQ","10-Nov-2023","1,485.65","1,480.10","1,496.00","1,480.05","1,495.00","1,491.50","1,486.67","70,07,593","10,41,79,71,067.75","1,81,055","39,24,576","56.00"
"HDFCBANK","EQ","09-Nov-2023","1,491.55","1,486.00","1,492.60","1,483.50","1,486.50","1,485.65","1,487.69","1,10,58,370","16,45,14,04,289.60","2,81,527","62,63,802","56.64"
"HDFCBANK","EQ","08-Nov-2023","1,487.25","1,483.95","1,493.45","1,481.00","1,491.80","1,491.55","1,489.03","1,56,99,773","23,37,74,06,572.30","4,99,216","60,62,315","38.61"
"HDFCBANK","EQ","07-Nov-2023","1,494.50","1,494.00","1,494.00","1,477.20","1,490.00","1,487.25","1,484.48","2,09,76,424","31,13,90,51,244.05","5,85,794","93,47,401","44.56"
"HDFCBANK","EQ","06-Nov-2023","1,483.75","1,498.00","1,498.00","1,483.00","1,493.80","1,494.50","1,488.25","1,27,96,865","19,04,49,45,751.70","3,86,836","90,45,785","70.69"
"HDFCBANK","EQ","03-Nov-2023","1,476.75","1,488.00","1,491.40","1,481.65","1,484.50","1,483.75","1,487.25","90,47,670","13,45,61,52,900.70","2,26,806","59,28,328","65.52"
"HDFCBANK","EQ","02-Nov-2023","1,474.50","1,485.00","1,490.50","1,467.15","1,478.70","1,476.75","1,472.27","2,26,12,577","33,29,18,73,290.70","2,60,964","1,57,05,946","69.46"
"HDFCBANK","EQ","01-Nov-2023","1,476.50","1,462.25","1,477.45","1,462.25","1,477.00","1,474.50","1,469.20","1,69,38,733","24,88,64,25,534.80","3,40,052","70,38,967","41.56"
"HDFCBANK","BL","01-Nov-2023","1,650.50","1,476.50","1,476.50","1,476.50","1,476.50","1,476.50","1,476.50","88,838","13,11,69,307.00","1","-","-"
"HDFCBANK","EQ","31-Oct-2023","1,485.10","1,504.00","1,504.00","1,474.00","1,475.00","1,476.50","1,482.03","1,63,17,412","24,18,28,40,370.90","4,22,644","73,50,202","45.05"
"HDFCBANK","EQ","30-Oct-2023","1,469.15","1,463.25","1,489.95","1,461.90","1,487.85","1,485.10","1,479.49","1,16,55,491","17,24,41,38,134.55","2,69,734","71,57,538","61.41"
"HDFCBANK","EQ","27-Oct-2023","1,463.40","1,469.50","1,478.00","1,466.90","1,472.55","1,469.15","1,470.94","1,59,70,266","23,49,13,78,766.10","2,83,464","1,11,20,498","69.63"
"HDFCBANK","EQ","26-Oct-2023","1,496.50","1,491.25","1,492.00","1,460.25","1,462.45","1,463.40","1,469.55","2,77,80,899","40,82,54,80,054.70","6,24,140","1,63,71,972","58.93"
"HDFCBANK","EQ","25-Oct-2023","1,506.05","1,521.00","1,522.80","1,491.45","1,494.20","1,496.50","1,505.86","1,41,55,998","21,31,69,45,153.10","3,72,043","1,00,78,087","71.19"
"HDFCBANK","EQ","23-Oct-2023","1,522.80","1,523.50","1,528.75","1,500.10","1,507.00","1,506.05","1,520.08","1,11,88,068","17,00,67,38,603.70","2,49,005","63,65,030","56.89"
"HDFCBANK","EQ","20-Oct-2023","1,514.95","1,505.00","1,527.00","1,505.00","1,523.40","1,522.80","1,519.35","1,05,47,005","16,02,45,69,217.40","2,67,376","69,03,339","65.45"
"HDFCBANK","EQ","19-Oct-2023","1,519.75","1,505.40","1,526.25","1,503.20","1,514.50","1,514.95","1,516.62","1,51,26,182","22,94,06,29,736.40","3,31,067","91,83,556","60.71"
"HDFCBANK","EQ","18-Oct-2023","1,541.20","1,541.20","1,541.20","1,518.10","1,519.00","1,519.75","1,524.62","1,56,08,100","23,79,63,58,906.90","3,42,915","90,49,826","57.98"
"HDFCBANK","EQ","17-Oct-2023","1,529.60","1,555.75","1,555.75","1,535.00","1,542.50","1,541.20","1,542.46","1,64,51,279","25,37,54,68,422.15","3,82,090","99,11,443","60.25"
"HDFCBANK","EQ","16-Oct-2023","1,535.75","1,531.50","1,534.45","1,520.50","1,532.00","1,529.60","1,529.19","89,28,042","13,65,26,81,917.00","2,23,477","53,32,772","59.73"
"HDFCBANK","EQ","13-Oct-2023","1,549.85","1,540.00","1,548.80","1,529.95","1,533.50","1,535.75","1,539.45","1,98,72,650","30,59,28,84,042.20","2,56,367","1,38,87,161","69.88"
"HDFCBANK","EQ","12-Oct-2023","1,539.60","1,536.10","1,552.00","1,531.60","1,548.00","1,549.85","1,541.66","1,10,12,668","16,97,78,44,444.80","2,39,200","70,92,056","64.40"
"HDFCBANK","EQ","11-Oct-2023","1,524.85","1,530.10","1,542.15","1,528.50","1,542.00","1,539.60","1,534.92","1,56,66,680","24,04,71,40,129.10","2,82,864","95,31,878","60.84"
"HDFCBANK","EQ","10-Oct-2023","1,516.25","1,520.55","1,529.00","1,515.20","1,526.00","1,524.85","1,523.15","1,66,33,146","25,33,48,54,412.75","3,75,460","1,02,96,948","61.91"
"HDFCBANK","EQ","09-Oct-2023","1,534.05","1,528.00","1,530.00","1,512.00","1,516.00","1,516.25","1,517.69","82,27,486","12,48,67,90,439.80","2,19,643","56,37,607","68.52"
"HDFCBANK","EQ","06-Oct-2023","1,535.75","1,544.00","1,545.00","1,529.85","1,535.00","1,534.05","1,539.10","88,79,678","13,66,66,72,813.35","2,21,516","59,38,403","66.88"
"HDFCBANK","EQ","05-Oct-2023","1,529.55","1,535.05","1,551.55","1,532.60","1,535.85","1,535.75","1,540.76","2,42,56,337","37,37,31,76,644.20","3,60,029","1,74,51,398","71.95"
"HDFCBANK","EQ","04-Oct-2023","1,508.05","1,495.00","1,535.00","1,489.25","1,532.00","1,529.55","1,519.36","2,73,24,715","41,51,59,75,722.85","4,65,424","1,55,48,264","56.90"
"HDFCBANK","EQ","03-Oct-2023","1,526.30","1,527.00","1,527.00","1,506.00","1,508.00","1,508.05","1,511.94","1,94,85,847","29,46,14,59,601.05","4,66,405","1,28,69,902","66.05"
"HDFCBANK","EQ","29-Sep-2023","1,523.70","1,523.70","1,535.45","1,522.30","1,525.85","1,526.30","1,529.20","1,60,26,891","24,50,83,75,856.50","2,74,764","93,39,695","58.28"
"HDFCBANK","EQ","28-Sep-2023","1,526.85","1,534.00","1,537.60","1,518.35","1,518.40","1,523.70","1,526.61","2,76,77,094","42,25,20,70,128.65","3,24,684","1,36,38,761","49.28"
"HDFCBANK","EQ","27-Sep-2023","1,537.65","1,523.00","1,532.50","1,515.00","1,527.45","1,526.85","1,524.39","1,96,69,269","29,98,35,98,526.15","3,84,553","1,35,95,388","69.12"
"HDFCBANK","EQ","26-Sep-2023","1,531.00","1,525.00","1,540.00","1,525.00","1,538.00","1,537.65","1,535.23","1,37,87,654","21,16,71,97,917.55","3,03,026","79,08,660","57.36"
"HDFCBANK","EQ","25-Sep-2023","1,529.65","1,525.00","1,540.70","1,525.00","1,528.90","1,531.00","1,533.28","2,01,04,377","30,82,57,20,275.30","3,38,863","1,42,95,701","71.11"
"HDFCBANK","EQ","22-Sep-2023","1,553.35","1,559.00","1,564.40","1,523.75","1,530.20","1,529.65","1,544.59","3,08,52,125","47,65,39,55,740.50","5,48,206","2,04,33,576","66.23"
"HDFCBANK","EQ","21-Sep-2023","1,563.70","1,553.00","1,568.95","1,537.05","1,554.50","1,553.35","1,555.34","3,64,20,721","56,64,66,57,569.55","6,14,240","2,04,39,570","56.12"
"HDFCBANK","EQ","20-Sep-2023","1,629.05","1,599.00","1,599.00","1,560.40","1,566.00","1,563.70","1,570.63","5,77,37,324","90,68,40,80,075.60","9,77,717","3,52,68,822","61.08"
"HDFCBANK","EQ","18-Sep-2023","1,661.75","1,653.75","1,655.00","1,626.10","1,629.65","1,629.05","1,636.50","1,85,28,144","30,32,12,24,693.30","2,92,658","76,32,991","41.20"
"HDFCBANK","EQ","15-Sep-2023","1,642.90","1,650.00","1,670.00","1,650.00","1,657.00","1,661.75","1,660.63","8,67,05,601","1,43,98,61,31,583.85","4,85,971","6,21,76,243","71.71"
"HDFCBANK","EQ","14-Sep-2023","1,643.90","1,644.25","1,650.00","1,635.10","1,643.00","1,642.90","1,642.38","1,17,69,424","19,32,98,82,409.25","2,69,108","45,94,361","39.04"
"HDFCBANK","EQ","13-Sep-2023","1,636.90","1,631.30","1,651.60","1,628.60","1,641.60","1,643.90","1,643.76","2,32,10,047","38,15,17,41,645.90","3,53,522","1,09,13,856","47.02"
"HDFCBANK","EQ","12-Sep-2023","1,631.80","1,640.00","1,642.90","1,625.05","1,636.00","1,636.90","1,635.47","1,95,16,670","31,91,89,59,857.45","3,10,906","84,20,128","43.14"
"HDFCBANK","EQ","11-Sep-2023","1,623.40","1,628.90","1,636.50","1,624.00","1,633.00","1,631.80","1,631.32","1,57,86,511","25,75,28,84,037.25","2,90,843","1,17,94,625","74.71"
"HDFCBANK","EQ","08-Sep-2023","1,610.85","1,608.30","1,632.90","1,607.60","1,623.20","1,623.40","1,619.68","1,72,51,105","27,94,12,56,455.40","2,63,597","70,88,173","41.09"
"HDFCBANK","EQ","07-Sep-2023","1,595.50","1,595.50","1,614.00","1,587.15","1,611.00","1,610.85","1,601.67","1,71,04,171","27,39,52,55,131.15","2,82,493","63,02,758","36.85"
"HDFCBANK","EQ","06-Sep-2023","1,574.90","1,576.80","1,600.00","1,574.90","1,599.00","1,595.50","1,588.41","2,81,60,455","44,73,03,93,184.30","3,94,705","1,02,22,093","36.30"
"HDFCBANK","EQ","05-Sep-2023","1,584.55","1,588.40","1,588.40","1,570.60","1,575.00","1,574.90","1,576.27","1,93,56,041","30,51,03,14,620.10","4,07,651","73,19,213","37.81"
"HDFCBANK","EQ","04-Sep-2023","1,574.70","1,590.00","1,591.45","1,574.90","1,584.50","1,584.55","1,582.03","1,25,36,819","19,83,36,66,505.30","2,36,702","68,78,890","54.87"
"HDFCBANK","EQ","01-Sep-2023","1,571.45","1,571.00","1,579.00","1,559.35","1,573.75","1,574.70","1,569.33","2,16,13,388","33,91,85,08,405.30","4,50,304","1,17,12,682","54.19"
"HDFCBANK","EQ","31-Aug-2023","1,578.70","1,579.00","1,583.15","1,563.10","1,577.00","1,571.45","1,570.99","5,00,37,886","78,60,89,31,136.20","4,19,748","2,73,44,438","54.65"
"HDFCBANK","EQ","30-Aug-2023","1,590.30","1,603.95","1,603.95","1,573.70","1,579.00","1,578.70","1,589.56","1,40,42,102","22,32,07,81,696.10","2,97,743","74,65,190","53.16"
"HDFCBANK","EQ","29-Aug-2023","1,577.75","1,589.70","1,592.65","1,581.45","1,591.25","1,590.30","1,588.37","1,77,69,466","28,22,44,20,149.05","3,41,561","92,26,802","51.93"
"HDFCBANK","EQ","28-Aug-2023","1,561.50","1,561.50","1,582.65","1,561.50","1,578.00","1,577.75","1,574.43","1,44,33,619","22,72,46,92,200.70","2,89,068","80,43,360","55.73"
"HDFCBANK","EQ","25-Aug-2023","1,579.30","1,574.55","1,577.50","1,558.40","1,559.20","1,561.50","1,564.93","1,50,34,878","23,52,84,89,943.80","3,50,735","87,64,737","58.30"
"HDFCBANK","EQ","24-Aug-2023","1,586.60","1,593.30","1,596.20","1,576.15","1,579.60","1,579.30","1,583.60","2,15,72,896","34,16,27,75,004.65","3,97,769","73,52,169","34.08"
"HDFCBANK","EQ","23-Aug-2023","1,582.70","1,580.00","1,590.55","1,573.25","1,588.50","1,586.60","1,581.99","1,82,49,294","28,87,01,23,207.45","3,29,674","1,03,07,529","56.48"
"HDFCBANK","EQ","22-Aug-2023","1,589.50","1,596.35","1,598.00","1,580.00","1,581.45","1,582.70","1,588.09","1,61,36,785","25,62,67,13,594.35","4,20,291","68,03,467","42.16"
"HDFCBANK","EQ","21-Aug-2023","1,590.75","1,600.50","1,600.50","1,587.00","1,587.80","1,589.50","1,593.07","1,09,18,635","17,39,41,09,160.45","2,41,780","49,67,663","45.50"
"HDFCBANK","EQ","18-Aug-2023","1,597.30","1,587.55","1,596.30","1,585.50","1,588.70","1,590.75","1,590.59","1,28,16,683","20,38,61,33,002.30","2,82,239","58,30,172","45.49"
"HDFCBANK","EQ","17-Aug-2023","1,606.20","1,597.60","1,609.90","1,594.00","1,595.00","1,597.30","1,600.21","2,64,42,020","42,31,28,60,300.10","4,00,922","94,05,436","35.57"
"HDFCBANK","EQ","16-Aug-2023","1,610.90","1,583.10","1,609.65","1,581.30","1,604.35","1,606.20","1,596.67","1,70,68,771","27,25,31,51,750.90","3,00,850","74,82,636","43.84"
"HDFCBANK","EQ","14-Aug-2023","1,618.80","1,611.00","1,615.00","1,600.25","1,608.50","1,610.90","1,608.96","1,56,52,205","25,18,37,94,816.50","3,49,385","62,96,942","40.23"
"HDFCBANK","EQ","11-Aug-2023","1,635.85","1,638.40","1,638.40","1,616.20","1,620.90","1,618.80","1,625.76","1,41,12,911","22,94,42,47,784.10","2,71,050","59,68,867","42.29"
"HDFCBANK","BL","10-Aug-2023","1,678.90","1,650.50","1,650.50","1,650.50","1,650.50","1,650.50","1,650.50","1,12,425","18,55,57,462.50","1","-","-"
"HDFCBANK","EQ","10-Aug-2023","1,650.50","1,647.05","1,654.25","1,631.00","1,638.00","1,635.85","1,638.99","2,53,90,559","41,61,49,59,546.45","3,32,263","68,35,898","26.92"
"HDFCBANK","W3","09-Aug-2023","600.50","565.00","598.00","565.00","596.50","594.15","583.23","43,200","2,51,95,680.00","54","22,200","51.39"
"HDFCBANK","EQ","09-Aug-2023","1,649.90","1,653.00","1,654.50","1,631.10","1,652.70","1,650.50","1,640.24","1,66,80,618","27,36,02,30,365.00","2,28,397","55,46,894","33.25"
"HDFCBANK","W3","08-Aug-2023","604.50","609.00","609.00","594.05","600.05","600.50","601.90","61,800","3,71,97,630.00","60","49,800","80.58"
"HDFCBANK","EQ","08-Aug-2023","1,651.25","1,651.70","1,655.60","1,642.05","1,649.00","1,649.90","1,650.13","2,18,86,914","36,11,62,74,511.30","3,00,979","74,01,918","33.82"
"HDFCBANK","W3","07-Aug-2023","598.15","605.00","611.95","595.00","602.00","604.50","602.08","4,00,200","24,09,53,550.00","261","3,65,400","91.30"
"HDFCBANK","EQ","07-Aug-2023","1,652.20","1,663.10","1,663.10","1,647.55","1,651.00","1,651.25","1,653.09","1,41,50,459","23,39,19,43,678.55","2,56,889","56,47,029","39.91"
"HDFCBANK","W3","04-Aug-2023","564.95","568.10","604.00","563.00","598.00","598.15","578.06","6,13,800","35,48,16,240.00","155","5,95,200","96.97"
"HDFCBANK","EQ","04-Aug-2023","1,628.65","1,635.15","1,656.50","1,629.25","1,652.85","1,652.20","1,641.73","1,86,94,152","30,69,07,12,012.15","3,10,206","57,85,079","30.95"
"HDFCBANK","EQ","03-Aug-2023","1,640.50","1,640.00","1,651.35","1,623.00","1,632.60","1,628.65","1,633.08","2,88,36,973","47,09,31,13,412.85","4,39,722","96,06,761","33.31"
"HDFCBANK","W3","03-Aug-2023","578.20","585.00","593.00","552.00","566.00","564.95","571.50","4,46,400","25,51,19,700.00","484","3,84,600","86.16"
"HDFCBANK","W3","02-Aug-2023","603.80","582.00","589.90","567.25","579.00","578.20","581.87","3,02,400","17,59,56,540.00","408","2,88,600","95.44"
"HDFCBANK","EQ","02-Aug-2023","1,662.25","1,642.00","1,651.50","1,633.15","1,641.90","1,640.50","1,644.34","1,40,58,161","23,11,63,46,478.45","3,80,609","65,88,171","46.86"
"HDFCBANK","W3","01-Aug-2023","591.15","594.00","605.95","586.00","601.20","603.80","599.10","3,56,400","21,35,19,120.00","533","3,00,000","84.18"
"HDFCBANK","EQ","01-Aug-2023","1,651.20","1,654.45","1,667.45","1,650.00","1,660.00","1,662.25","1,659.39","1,76,97,094","29,36,64,53,399.30","3,85,496","57,58,362","32.54"
"HDFCBANK","EQ","31-Jul-2023","1,643.50","1,650.05","1,656.80","1,638.70","1,650.00","1,651.20","1,649.01","1,72,82,503","28,49,90,54,865.30","4,34,555","94,57,401","54.72"
"HDFCBANK","W3","31-Jul-2023","581.85","585.00","596.25","580.05","589.00","591.15","587.10","1,55,400","9,12,34,740.00","240","1,44,600","93.05"
"HDFCBANK","W3","28-Jul-2023","630.65","601.00","604.95","579.00","579.00","581.85","591.01","1,70,400","10,07,08,050.00","229","1,08,000","63.38"
"HDFCBANK","EQ","28-Jul-2023","1,673.15","1,661.50","1,668.90","1,641.10","1,642.90","1,643.50","1,649.58","2,05,07,842","33,82,93,21,793.55","4,22,378","1,35,10,158","65.88"
"HDFCBANK","W3","27-Jul-2023","652.25","669.00","670.50","624.00","630.00","630.65","646.87","76,800","4,96,79,310.00","112","54,600","71.09"
"HDFCBANK","EQ","27-Jul-2023","1,690.70","1,699.90","1,703.00","1,667.45","1,676.95","1,673.15","1,681.08","2,98,70,651","50,21,48,60,523.75","5,06,283","1,42,26,217","47.63"
"HDFCBANK","EQ","26-Jul-2023","1,696.60","1,699.60","1,699.60","1,688.00","1,689.30","1,690.70","1,692.97","1,23,97,179","20,98,80,22,760.35","2,51,108","57,93,581","46.73"
"HDFCBANK","W3","26-Jul-2023","660.60","654.95","660.00","647.40","650.95","652.25","653.92","78,600","5,13,97,770.00","118","68,400","87.02"
"HDFCBANK","EQ","25-Jul-2023","1,678.40","1,684.65","1,699.00","1,678.40","1,694.55","1,696.60","1,692.19","2,79,96,298","47,37,50,21,905.75","5,34,396","1,01,39,007","36.22"
"HDFCBANK","W3","25-Jul-2023","637.25","640.00","661.90","640.00","661.00","660.60","648.78","4,45,200","28,88,38,980.00","609","3,93,600","88.41"
"HDFCBANK","W3","24-Jul-2023","638.00","638.00","645.00","620.00","637.00","637.25","632.73","84,000","5,31,49,500.00","102","76,200","90.71"
"HDFCBANK","EQ","24-Jul-2023","1,675.75","1,678.50","1,684.65","1,670.10","1,679.50","1,678.40","1,677.75","1,60,89,722","26,99,45,70,123.70","2,96,190","90,94,607","56.52"
"HDFCBANK","W3","21-Jul-2023","650.10","650.00","652.00","635.00","639.00","638.00","641.15","3,18,600","20,42,71,710.00","294","2,85,000","89.45"
"HDFCBANK","EQ","21-Jul-2023","1,688.75","1,680.00","1,689.80","1,673.25","1,677.75","1,675.75","1,680.80","2,10,77,124","35,42,64,65,573.70","3,37,174","1,13,44,016","53.82"
"HDFCBANK","EQ","20-Jul-2023","1,685.10","1,681.15","1,692.00","1,680.00","1,688.90","1,688.75","1,686.08","2,81,05,474","47,38,80,96,303.30","4,33,278","1,31,78,804","46.89"
"HDFCBANK","W3","20-Jul-2023","644.75","640.50","654.00","640.50","650.00","650.10","649.85","3,44,400","22,38,09,240.00","303","3,29,400","95.64"
"HDFCBANK","W3","19-Jul-2023","631.20","635.00","647.00","631.00","645.00","644.75","636.25","1,37,400","8,74,20,150.00","160","1,12,200","81.66"
"HDFCBANK","EQ","19-Jul-2023","1,677.50","1,681.10","1,688.75","1,675.00","1,684.75","1,685.10","1,682.45","1,64,67,567","27,70,59,15,264.20","4,27,479","63,04,659","38.29"
"HDFCBANK","EQ","18-Jul-2023","1,678.90","1,698.00","1,704.00","1,670.00","1,678.00","1,677.50","1,683.83","4,05,38,409","68,25,98,72,564.30","7,04,526","1,65,99,436","40.95"
"HDFCBANK","BL","18-Jul-2023","1,644.50","1,678.90","1,678.90","1,678.90","1,678.90","1,678.90","1,678.90","2,73,810","45,96,99,609.00","1","-","-"
"HDFCBANK","W3","18-Jul-2023","612.95","665.00","670.00","622.00","635.00","631.20","642.55","1,42,200","9,13,71,030.00","205","1,15,800","81.43"
"HDFCBANK","EQ","17-Jul-2023","1,644.50","1,650.00","1,682.00","1,633.00","1,678.35","1,678.90","1,660.51","2,46,26,464","40,89,25,07,962.10","4,35,163","99,84,310","40.54"
"HDFCBANK","W3","17-Jul-2023","557.25","560.00","612.95","560.00","612.95","612.95","588.20","66,600","3,91,73,820.00","95","59,400","89.19"
"HDFCBANK","EQ","14-Jul-2023","1,641.10","1,653.60","1,653.60","1,635.00","1,645.60","1,644.50","1,642.71","1,23,63,607","20,30,98,76,686.30","4,62,491","62,76,284","50.76"
"HDFCBANK","EQ","13-Jul-2023","1,632.95","1,656.70","1,657.45","1,638.05","1,644.55","1,641.10","1,648.62","2,09,56,773","34,54,98,48,532.65","4,32,632","54,98,771","26.24"
"HDFCBANK","EQ","12-Jul-2023","1,648.40","1,655.35","1,666.30","1,627.15","1,636.00","1,632.95","1,643.87","3,54,79,179","58,32,32,00,837.30","4,98,866","2,00,20,165","56.43"
"HDFCBANK","EQ","11-Jul-2023","1,656.45","1,663.00","1,676.00","1,645.50","1,650.00","1,648.40","1,664.90","2,53,35,213","42,18,04,75,745.65","3,79,237","74,17,565","29.28"
"HDFCBANK","EQ","10-Jul-2023","1,660.40","1,661.00","1,676.75","1,649.70","1,658.00","1,656.45","1,659.09","1,91,99,221","31,85,31,62,737.15","3,17,755","39,19,467","20.41"
"HDFCBANK","EQ","07-Jul-2023","1,675.00","1,665.00","1,675.00","1,656.30","1,659.90","1,660.40","1,663.54","99,63,168","16,57,41,55,973.95","3,20,533","38,63,511","38.78"
"HDFCBANK","EQ","06-Jul-2023","1,673.30","1,673.00","1,687.85","1,660.40","1,674.80","1,675.00","1,674.63","2,60,78,272","43,67,15,47,685.50","3,77,109","79,30,745","30.41"
"HDFCBANK","EQ","05-Jul-2023","1,728.20","1,716.25","1,720.00","1,668.55","1,676.60","1,673.30","1,681.63","1,85,82,877","31,24,95,28,816.15","4,77,385","94,31,298","50.75"
"HDFCBANK","EQ","04-Jul-2023","1,719.80","1,723.45","1,747.00","1,713.80","1,725.00","1,728.20","1,731.04","1,93,97,594","33,57,79,54,092.40","3,79,487","77,95,269","40.19"
"HDFCBANK","EQ","03-Jul-2023","1,701.40","1,712.50","1,757.50","1,710.00","1,721.00","1,719.80","1,733.31","2,20,52,058","38,22,31,61,666.50","5,40,520","1,15,12,012","52.20"
"HDFCBANK","EQ","30-Jun-2023","1,676.15","1,704.00","1,708.80","1,683.25","1,700.75","1,701.40","1,698.70","2,03,49,508","34,56,76,75,938.75","3,26,058","1,47,89,780","72.68"
"HDFCBANK","EQ","28-Jun-2023","1,658.60","1,670.00","1,679.90","1,660.50","1,673.10","1,676.15","1,673.30","2,97,81,475","49,83,32,44,547.95","4,39,006","1,68,87,785","56.71"
"HDFCBANK","EQ","27-Jun-2023","1,635.55","1,642.95","1,672.90","1,638.55","1,658.25","1,658.60","1,654.06","1,69,15,932","27,97,99,20,820.40","3,14,003","85,17,518","50.35"
"HDFCBANK","EQ","26-Jun-2023","1,643.50","1,645.00","1,650.75","1,628.70","1,635.70","1,635.55","1,637.33","80,65,157","13,20,53,20,442.40","1,99,872","43,28,332","53.67"
"HDFCBANK","EQ","23-Jun-2023","1,643.60","1,637.55","1,659.90","1,634.05","1,642.90","1,643.50","1,649.49","1,06,69,609","17,59,94,09,604.40","2,48,242","47,58,035","44.59"
"HDFCBANK","EQ","22-Jun-2023","1,635.60","1,640.00","1,657.55","1,639.05","1,644.80","1,643.60","1,646.70","2,82,98,070","46,59,85,24,688.10","3,67,511","1,00,15,810","35.39"
"HDFCBANK","EQ","21-Jun-2023","1,607.50","1,616.00","1,637.25","1,611.00","1,635.55","1,635.60","1,628.22","1,21,54,473","19,79,01,44,100.50","2,76,058","56,96,387","46.87"
"HDFCBANK","EQ","20-Jun-2023","1,604.15","1,604.15","1,611.00","1,590.65","1,609.40","1,607.50","1,599.68","1,00,02,813","16,00,12,91,895.20","2,87,119","42,73,291","42.72"
"HDFCBANK","EQ","19-Jun-2023","1,602.75","1,611.00","1,614.25","1,598.35","1,604.90","1,604.15","1,606.00","1,24,14,573","19,93,77,59,557.10","1,62,051","43,83,742","35.31"
"HDFCBANK","EQ","16-Jun-2023","1,582.05","1,587.15","1,609.20","1,584.00","1,602.50","1,602.75","1,598.25","78,89,636","12,60,95,94,950.00","1,81,546","42,48,458","53.85"
"HDFCBANK","EQ","15-Jun-2023","1,601.75","1,604.00","1,605.95","1,579.00","1,580.55","1,582.05","1,590.41","1,76,88,738","28,13,24,06,376.20","2,71,848","59,65,872","33.73"
"HDFCBANK","EQ","14-Jun-2023","1,603.50","1,610.45","1,612.00","1,600.20","1,601.75","1,601.75","1,606.76","1,00,56,984","16,15,91,16,681.25","1,74,004","44,18,111","43.93"
"HDFCBANK","EQ","13-Jun-2023","1,600.80","1,590.10","1,609.00","1,590.10","1,607.95","1,603.50","1,602.57","1,39,63,054","22,37,68,05,987.05","1,84,386","61,79,907","44.26"
"HDFCBANK","EQ","12-Jun-2023","1,610.60","1,612.55","1,615.80","1,599.45","1,600.90","1,600.80","1,604.34","67,04,146","10,75,57,48,258.60","1,56,138","31,88,691","47.56"
"HDFCBANK","EQ","09-Jun-2023","1,608.70","1,615.90","1,618.50","1,607.00","1,609.50","1,610.60","1,613.79","91,06,289","14,69,56,39,541.25","1,85,235","29,48,383","32.38"
"HDFCBANK","EQ","08-Jun-2023","1,607.70","1,603.25","1,626.00","1,603.25","1,608.35","1,608.70","1,617.05","1,86,97,761","30,23,52,56,021.30","2,68,888","53,30,369","28.51"
"HDFCBANK","EQ","07-Jun-2023","1,599.40","1,603.45","1,612.55","1,596.00","1,611.50","1,607.70","1,602.11","1,24,74,513","19,98,55,40,209.25","1,76,230","39,34,644","31.54"
"HDFCBANK","EQ","06-Jun-2023","1,604.40","1,607.65","1,609.85","1,592.25","1,605.00","1,599.40","1,598.09","1,60,91,426","25,71,56,16,381.45","2,33,706","50,98,265","31.68"
"HDFCBANK","EQ","05-Jun-2023","1,606.50","1,614.50","1,616.50","1,602.45","1,604.05","1,604.40","1,610.46","93,48,621","15,05,56,21,088.80","1,53,663","28,90,771","30.92"
"HDFCBANK","EQ","02-Jun-2023","1,604.00","1,612.45","1,614.80","1,601.00","1,605.50","1,606.50","1,607.62","89,29,855","14,35,58,01,663.75","3,16,938","32,88,557","36.83"
"HDFCBANK","EQ","01-Jun-2023","1,610.85","1,619.90","1,619.90","1,600.00","1,601.00","1,604.00","1,612.23","2,51,83,469","40,60,14,23,757.55","2,82,772","54,95,345","21.82"
"HDFCBANK","EQ","31-May-2023","1,636.75","1,629.90","1,634.95","1,604.65","1,611.20","1,610.85","1,613.25","2,16,67,135","34,95,45,11,959.60","2,91,055","66,42,898","30.66"
"HDFCBANK","EQ","30-May-2023","1,635.50","1,633.60","1,642.65","1,628.55","1,640.80","1,636.75","1,633.96","1,85,62,964","30,33,11,62,063.85","2,64,829","34,53,800","18.61"
"HDFCBANK","EQ","29-May-2023","1,615.80","1,628.50","1,641.00","1,624.85","1,630.00","1,635.50","1,636.20","1,09,08,146","17,84,79,15,681.45","2,07,071","31,51,605","28.89"
"HDFCBANK","EQ","26-May-2023","1,609.60","1,619.00","1,619.00","1,602.25","1,617.00","1,615.80","1,611.17","1,33,17,533","21,45,68,49,112.15","2,47,378","56,58,462","42.49"
"HDFCBANK","EQ","25-May-2023","1,615.80","1,615.70","1,620.05","1,597.35","1,613.35","1,609.60","1,606.52","1,48,88,465","23,91,85,72,885.90","3,18,672","49,45,842","33.22"
"HDFCBANK","EQ","24-May-2023","1,637.20","1,627.55","1,634.75","1,613.60","1,615.00","1,615.80","1,624.67","1,67,94,056","27,28,48,71,539.45","2,98,545","58,75,912","34.99"
"HDFCBANK","EQ","23-May-2023","1,641.05","1,649.00","1,649.60","1,633.45","1,634.05","1,637.20","1,641.32","1,12,35,037","18,44,03,00,706.25","1,98,675","21,42,827","19.07"
"HDFCBANK","EQ","22-May-2023","1,646.90","1,645.00","1,652.90","1,632.70","1,638.45","1,641.05","1,641.70","1,41,67,016","23,25,79,23,466.55","2,04,936","28,96,707","20.45"
"HDFCBANK","EQ","19-May-2023","1,645.00","1,648.00","1,650.00","1,631.55","1,646.50","1,646.90","1,641.50","1,52,30,166","25,00,03,35,648.35","1,97,258","35,31,945","23.19"
"HDFCBANK","EQ","18-May-2023","1,638.45","1,648.00","1,653.95","1,640.00","1,644.50","1,645.00","1,646.05","2,48,23,471","40,86,05,59,448.95","2,78,185","48,76,002","19.64"
"HDFCBANK","EQ","17-May-2023","1,647.30","1,650.00","1,650.00","1,625.35","1,640.85","1,638.45","1,638.82","1,52,33,434","24,96,49,17,751.70","2,24,112","32,09,871","21.07"
"HDFCBANK","EQ","16-May-2023","1,675.80","1,671.80","1,671.80","1,644.00","1,646.00","1,647.30","1,654.31","1,63,61,043","27,06,63,15,642.35","2,36,552","46,93,548","28.69"
"HDFCBANK","EQ","15-May-2023","1,667.80","1,672.00","1,680.75","1,665.10","1,677.00","1,675.80","1,676.61","92,56,130","15,51,89,20,431.50","2,04,219","32,46,381","35.07"
"HDFCBANK","EQ","12-May-2023","1,653.20","1,647.00","1,672.80","1,644.25","1,667.95","1,667.80","1,662.68","1,12,39,380","18,68,75,07,675.25","2,00,542","30,11,860","26.80"
"HDFCBANK","EQ","11-May-2023","1,652.10","1,665.15","1,688.00","1,649.25","1,655.00","1,653.20","1,656.04","1,78,67,309","29,58,89,45,347.95","2,19,658","39,88,602","22.32"
"HDFCBANK","EQ","10-May-2023","1,644.50","1,644.50","1,654.65","1,633.10","1,652.30","1,652.10","1,644.49","2,31,70,275","38,10,33,10,084.95","2,28,151","50,86,170","21.95"
"HDFCBANK","EQ","09-May-2023","1,644.45","1,649.90","1,656.00","1,639.95","1,642.75","1,644.50","1,649.29","2,18,44,469","36,02,79,43,472.75","2,70,463","57,28,006","26.22"
"HDFCBANK","EQ","08-May-2023","1,625.65","1,635.00","1,650.35","1,630.00","1,646.75","1,644.45","1,645.52","1,86,22,262","30,64,32,51,208.65","2,40,839","48,62,261","26.11"
"HDFCBANK","EQ","05-May-2023","1,727.80","1,639.00","1,660.95","1,622.10","1,626.95","1,625.65","1,640.31","3,13,85,208","51,48,13,96,583.70","6,97,018","1,70,89,608","54.45"
"HDFCBANK","EQ","04-May-2023","1,693.15","1,687.10","1,734.45","1,687.10","1,729.00","1,727.80","1,712.72","2,84,27,319","48,68,79,68,070.25","2,55,713","65,63,905","23.09"
"HDFCBANK","EQ","03-May-2023","1,687.25","1,684.95","1,696.00","1,679.65","1,693.95","1,693.15","1,687.29","1,47,03,635","24,80,92,69,719.05","1,76,478","29,87,497","20.32"
"HDFCBANK","EQ","02-May-2023","1,687.60","1,688.70","1,699.00","1,682.00","1,682.90","1,687.25","1,692.45","1,61,10,592","27,26,63,77,374.55","1,85,905","34,44,446","21.38"
"HDFCBANK","EQ","28-Apr-2023","1,681.00","1,684.70","1,691.00","1,670.00","1,687.15","1,687.60","1,678.51","1,39,58,136","23,42,89,39,295.55","1,82,365","34,10,418","24.43"
"HDFCBANK","EQ","27-Apr-2023","1,671.80","1,670.50","1,685.25","1,665.85","1,680.00","1,681.00","1,673.65","2,38,95,196","39,99,23,03,899.70","2,58,905","42,54,912","17.81"
"HDFCBANK","EQ","26-Apr-2023","1,664.15","1,660.00","1,675.00","1,655.00","1,675.00","1,671.80","1,666.08","1,36,96,375","22,81,93,00,576.90","1,84,866","40,28,705","29.41"
"HDFCBANK","EQ","25-Apr-2023","1,688.15","1,687.70","1,687.70","1,661.90","1,663.60","1,664.15","1,671.96","2,51,76,534","42,09,41,15,747.50","2,30,940","78,69,001","31.26"
"HDFCBANK","EQ","24-Apr-2023","1,674.60","1,687.00","1,691.45","1,674.10","1,689.50","1,688.15","1,681.20","1,78,37,926","29,98,91,17,787.95","1,81,877","66,44,555","37.25"
"HDFCBANK","EQ","21-Apr-2023","1,671.90","1,669.00","1,676.95","1,663.25","1,672.00","1,674.60","1,670.10","1,00,64,309","16,80,83,90,125.10","1,59,632","37,68,485","37.44"
"HDFCBANK","EQ","20-Apr-2023","1,665.70","1,671.70","1,677.45","1,666.40","1,673.00","1,671.90","1,671.10","1,64,61,358","27,50,85,41,645.25","1,71,106","42,49,514","25.82"
"HDFCBANK","EQ","19-Apr-2023","1,659.60","1,665.00","1,670.30","1,657.15","1,668.70","1,665.70","1,664.28","1,23,70,584","20,58,80,90,646.20","1,42,796","18,94,807","15.32"
"HDFCBANK","EQ","18-Apr-2023","1,666.65","1,670.00","1,677.25","1,656.40","1,660.35","1,659.60","1,666.90","1,48,18,613","24,70,12,10,477.55","1,98,013","47,53,066","32.07"
"HDFCBANK","EQ","17-Apr-2023","1,692.45","1,720.00","1,720.00","1,653.30","1,665.05","1,666.65","1,669.13","1,62,02,574","27,04,41,65,347.35","2,42,646","55,76,536","34.42"
"HDFCBANK","EQ","13-Apr-2023","1,684.90","1,688.30","1,697.05","1,678.15","1,695.00","1,692.45","1,686.70","1,76,65,043","29,79,57,08,472.95","1,77,271","25,63,024","14.51"
"HDFCBANK","EQ","12-Apr-2023","1,663.30","1,668.00","1,688.20","1,667.80","1,685.00","1,684.90","1,679.14","1,34,77,752","22,63,09,71,070.95","1,83,654","37,49,528","27.82"
"HDFCBANK","EQ","11-Apr-2023","1,658.45","1,659.00","1,669.40","1,651.10","1,664.95","1,663.30","1,662.57","2,11,80,771","35,21,44,68,680.05","2,00,423","64,03,988","30.23"
"HDFCBANK","EQ","10-Apr-2023","1,666.35","1,663.25","1,671.00","1,654.00","1,655.15","1,658.45","1,662.14","1,59,06,643","26,43,90,42,028.15","1,38,726","17,35,856","10.91"
"HDFCBANK","EQ","06-Apr-2023","1,653.75","1,648.55","1,669.20","1,647.10","1,666.00","1,666.35","1,659.15","2,23,18,672","37,02,99,76,857.60","2,33,336","44,16,527","19.79"
"HDFCBANK","EQ","05-Apr-2023","1,610.55","1,618.60","1,656.00","1,616.00","1,654.00","1,653.75","1,647.03","2,16,82,696","35,71,20,51,912.40","2,85,701","59,85,667","27.61"
"HDFCBANK","EQ","03-Apr-2023","1,609.55","1,607.55","1,615.70","1,602.75","1,609.90","1,610.55","1,608.28","2,00,12,699","32,18,59,70,936.50","1,65,016","23,56,666","11.78"
"HDFCBANK","EQ","31-Mar-2023","1,587.80","1,595.60","1,612.95","1,592.40","1,609.00","1,609.55","1,601.95","1,73,55,614","27,80,28,79,066.75","2,13,559","49,27,372","28.39"
"HDFCBANK","EQ","29-Mar-2023","1,580.20","1,584.00","1,602.00","1,581.90","1,593.00","1,587.80","1,591.40","1,98,81,806","31,63,98,48,468.25","2,08,681","47,71,362","24.00"
"HDFCBANK","EQ","28-Mar-2023","1,567.45","1,565.70","1,582.90","1,564.10","1,581.60","1,580.20","1,574.78","1,96,38,151","30,92,58,14,365.90","1,95,952","43,46,740","22.13"
"HDFCBANK","EQ","27-Mar-2023","1,560.65","1,562.20","1,579.45","1,558.90","1,560.70","1,567.45","1,569.43","1,59,36,003","25,01,05,12,320.00","1,71,004","22,09,533","13.87"
"HDFCBANK","EQ","24-Mar-2023","1,563.15","1,560.00","1,573.90","1,554.95","1,559.65","1,560.65","1,565.66","1,57,38,874","24,64,17,90,955.35","1,71,286","25,65,670","16.30"
"HDFCBANK","EQ","23-Mar-2023","1,575.80","1,567.75","1,590.35","1,558.55","1,561.00","1,563.15","1,576.46","1,41,82,089","22,35,75,56,930.90","1,71,995","22,16,559","15.63"
"HDFCBANK","EQ","22-Mar-2023","1,579.45","1,584.00","1,586.05","1,565.30","1,573.70","1,575.80","1,573.31","70,88,662","11,15,26,57,442.95","1,39,019","21,51,120","30.35"
"HDFCBANK","EQ","21-Mar-2023","1,561.75","1,571.95","1,582.50","1,556.20","1,577.30","1,579.45","1,566.20","1,65,25,247","25,88,17,67,757.50","1,66,646","22,46,766","13.60"
"HDFCBANK","EQ","20-Mar-2023","1,572.65","1,567.95","1,568.10","1,545.40","1,563.00","1,561.75","1,554.24","1,32,51,557","20,59,61,24,335.40","1,94,499","32,55,441","24.57"
"HDFCBANK","EQ","17-Mar-2023","1,551.90","1,557.50","1,579.20","1,540.00","1,578.65","1,572.65","1,555.94","1,14,75,438","17,85,50,50,758.60","1,77,856","56,56,689","49.29"
"HDFCBANK","EQ","16-Mar-2023","1,541.90","1,539.00","1,559.10","1,532.05","1,552.10","1,551.90","1,547.23","1,08,76,671","16,82,87,24,100.65","2,25,162","46,21,863","42.49"
"HDFCBANK","EQ","15-Mar-2023","1,564.35","1,578.00","1,582.90","1,536.60","1,542.95","1,541.90","1,559.54","1,86,32,377","29,05,80,23,463.95","2,09,694","68,34,871","36.68"
"HDFCBANK","EQ","14-Mar-2023","1,568.55","1,570.25","1,583.60","1,559.30","1,568.00","1,564.35","1,570.59","1,65,92,806","26,06,05,11,633.95","1,93,032","33,28,303","20.06"
"HDFCBANK","EQ","13-Mar-2023","1,588.65","1,587.90","1,603.80","1,564.95","1,571.50","1,568.55","1,584.50","1,32,21,775","20,94,98,79,575.00","1,64,259","26,48,118","20.03"
"HDFCBANK","EQ","10-Mar-2023","1,630.70","1,610.45","1,613.75","1,585.00","1,588.10","1,588.65","1,594.45","1,36,93,500","21,83,35,68,464.50","2,16,265","37,55,232","27.42"
"HDFCBANK","EQ","09-Mar-2023","1,630.55","1,629.95","1,645.95","1,627.00","1,630.00","1,630.70","1,636.24","1,03,50,083","16,93,52,18,497.40","1,38,340","34,12,703","32.97"
"HDFCBANK","EQ","08-Mar-2023","1,627.30","1,620.00","1,639.50","1,620.00","1,630.00","1,630.55","1,628.76","1,00,49,887","16,36,88,28,094.50","1,69,090","30,31,735","30.17"
"HDFCBANK","EQ","06-Mar-2023","1,615.90","1,620.00","1,639.45","1,618.05","1,628.35","1,627.30","1,631.52","1,35,02,355","22,02,93,57,861.45","1,70,565","40,25,512","29.81"
"HDFCBANK","EQ","03-Mar-2023","1,584.45","1,596.00","1,620.00","1,588.00","1,615.25","1,615.90","1,610.57","74,93,117","12,06,81,76,740.30","1,47,003","27,99,132","37.36"
"HDFCBANK","EQ","02-Mar-2023","1,598.05","1,594.00","1,605.95","1,582.00","1,583.90","1,584.45","1,591.80","86,95,907","13,84,21,64,334.75","1,45,929","26,65,184","30.65"
"HDFCBANK","EQ","01-Mar-2023","1,599.60","1,612.00","1,613.00","1,595.75","1,599.00","1,598.05","1,601.75","70,68,628","11,32,21,67,673.75","1,70,088","30,98,750","43.84"
"HDFCBANK","EQ","28-Feb-2023","1,592.90","1,592.00","1,605.30","1,588.70","1,603.00","1,599.60","1,597.73","94,96,996","15,17,36,65,803.80","1,28,911","28,49,154","30.00"
"HDFCBANK","EQ","27-Feb-2023","1,588.95","1,585.90","1,599.00","1,577.30","1,598.65","1,592.90","1,590.06","71,56,486","11,37,92,44,627.25","1,43,487","33,81,817","47.26"
"HDFCBANK","EQ","24-Feb-2023","1,603.25","1,617.90","1,617.90","1,585.20","1,588.50","1,588.95","1,594.44","85,30,870","13,60,19,92,894.90","1,79,066","44,56,233","52.24"
"HDFCBANK","EQ","23-Feb-2023","1,614.20","1,613.00","1,618.85","1,592.10","1,604.00","1,603.25","1,603.00","1,39,41,005","22,34,74,75,793.50","2,27,065","46,10,082","33.07"
"HDFCBANK","EQ","22-Feb-2023","1,646.50","1,639.00","1,641.95","1,609.05","1,614.20","1,614.20","1,622.70","51,79,551","8,40,48,52,589.05","1,39,134","28,38,734","54.81"
"HDFCBANK","EQ","21-Feb-2023","1,640.35","1,640.00","1,662.35","1,634.00","1,649.95","1,646.50","1,647.50","61,94,648","10,20,56,67,202.40","1,67,166","27,41,753","44.26"
"HDFCBANK","EQ","20-Feb-2023","1,655.90","1,660.00","1,669.45","1,634.80","1,640.50","1,640.35","1,653.10","40,43,353","6,68,40,47,187.45","1,61,532","16,57,241","40.99"
"HDFCBANK","EQ","17-Feb-2023","1,664.25","1,661.00","1,668.15","1,642.95","1,656.00","1,655.90","1,654.92","44,78,135","7,41,09,51,450.25","1,16,571","21,22,264","47.39"
"HDFCBANK","EQ","16-Feb-2023","1,670.30","1,673.20","1,681.90","1,661.00","1,663.45","1,664.25","1,674.01","40,31,250","6,74,83,66,478.80","1,12,501","16,10,834","39.96"
"HDFCBANK","EQ","15-Feb-2023","1,673.70","1,678.00","1,678.00","1,656.75","1,670.00","1,670.30","1,666.60","57,19,356","9,53,18,63,377.00","1,31,147","35,76,018","62.52"
"HDFCBANK","EQ","14-Feb-2023","1,658.35","1,665.00","1,677.50","1,657.95","1,672.00","1,673.70","1,667.58","54,54,296","9,09,55,01,854.70","1,88,196","32,84,370","60.22"
"HDFCBANK","EQ","13-Feb-2023","1,657.10","1,655.00","1,661.75","1,644.55","1,658.80","1,658.35","1,653.05","28,68,472","4,74,17,28,896.75","1,28,413","16,03,818","55.91"
"HDFCBANK","EQ","10-Feb-2023","1,650.55","1,648.80","1,658.50","1,642.20","1,652.30","1,657.10","1,652.80","40,86,058","6,75,34,56,557.50","1,12,380","26,80,657","65.60"
"HDFCBANK","EQ","09-Feb-2023","1,654.00","1,660.00","1,661.65","1,635.55","1,650.20","1,650.55","1,646.47","58,88,668","9,69,55,34,662.35","1,56,658","39,03,281","66.28"
"HDFCBANK","EQ","08-Feb-2023","1,654.20","1,654.25","1,668.20","1,650.00","1,652.00","1,654.00","1,658.26","42,22,413","7,00,18,61,740.25","1,22,581","28,06,902","66.48"
"HDFCBANK","EQ","07-Feb-2023","1,651.75","1,659.40","1,664.90","1,632.60","1,652.00","1,654.20","1,650.73","51,32,294","8,47,20,10,812.25","1,54,701","33,67,728","65.62"
"HDFCBANK","EQ","06-Feb-2023","1,658.80","1,660.00","1,669.40","1,646.20","1,650.00","1,651.75","1,656.81","55,83,836","9,25,13,44,923.60","1,60,975","39,12,306","70.06"
"HDFCBANK","EQ","03-Feb-2023","1,603.35","1,611.00","1,660.50","1,607.00","1,658.25","1,658.80","1,641.97","72,05,550","11,83,12,79,561.50","2,96,046","44,61,313","61.91"
"HDFCBANK","EQ","02-Feb-2023","1,627.55","1,608.10","1,624.50","1,588.75","1,605.70","1,603.35","1,601.95","87,48,553","14,01,47,86,208.00","2,72,747","52,88,239","60.45"
"HDFCBANK","EQ","01-Feb-2023","1,603.50","1,624.00","1,665.00","1,606.00","1,625.50","1,627.55","1,633.55","86,51,395","14,13,24,76,806.60","2,30,246","46,77,377","54.07"
"HDFCBANK","EQ","31-Jan-2023","1,614.15","1,619.70","1,622.70","1,595.00","1,605.80","1,603.50","1,606.73","92,98,122","14,93,95,88,504.95","3,13,012","58,80,193","63.24"
"HDFCBANK","EQ","30-Jan-2023","1,615.80","1,595.00","1,625.30","1,582.00","1,617.40","1,614.15","1,603.35","92,56,411","14,84,12,78,614.15","2,82,514","56,45,620","60.99"
"HDFCBANK","EQ","27-Jan-2023","1,648.65","1,632.00","1,637.00","1,589.95","1,614.80","1,615.80","1,614.04","1,75,89,974","28,39,09,35,612.35","3,64,306","1,25,93,316","71.59"
"HDFCBANK","EQ","25-Jan-2023","1,695.50","1,691.40","1,692.95","1,645.30","1,649.70","1,648.65","1,657.89","73,52,071","12,18,89,18,619.35","1,90,090","49,00,092","66.65"
"HDFCBANK","EQ","24-Jan-2023","1,673.10","1,675.05","1,702.40","1,675.00","1,693.00","1,695.50","1,692.57","1,24,91,970","21,14,35,17,490.30","2,29,064","89,97,454","72.03"
"HDFCBANK","EQ","23-Jan-2023","1,660.95","1,666.25","1,682.60","1,661.40","1,671.90","1,673.10","1,674.88","77,22,200","12,93,37,89,977.65","3,02,449","57,85,548","74.92"
"HDFCBANK","EQ","20-Jan-2023","1,644.10","1,644.10","1,669.00","1,643.40","1,659.25","1,660.95","1,661.60","94,21,702","15,65,50,96,016.05","1,83,678","67,61,155","71.76"
"HDFCBANK","EQ","19-Jan-2023","1,637.30","1,637.00","1,650.00","1,633.00","1,640.10","1,644.10","1,643.36","55,86,081","9,17,99,47,870.95","2,12,074","36,94,351","66.13"
"HDFCBANK","EQ","18-Jan-2023","1,608.90","1,605.00","1,641.60","1,599.70","1,637.15","1,637.30","1,631.33","95,45,321","15,57,15,75,456.30","2,73,645","57,89,503","60.65"
"HDFCBANK","EQ","17-Jan-2023","1,585.30","1,589.80","1,611.00","1,577.50","1,607.45","1,608.90","1,602.40","53,93,177","8,64,20,51,691.35","1,36,682","32,02,706","59.38"
"HDFCBANK","EQ","16-Jan-2023","1,600.65","1,615.00","1,621.30","1,580.30","1,585.80","1,585.30","1,600.14","73,74,047","11,79,95,32,275.45","2,16,647","36,69,896","49.77"
"HDFCBANK","EQ","13-Jan-2023","1,599.40","1,598.75","1,609.90","1,586.00","1,601.00","1,600.65","1,598.66","46,22,273","7,38,94,63,181.30","1,49,441","30,09,511","65.11"
"HDFCBANK","EQ","12-Jan-2023","1,590.90","1,587.80","1,603.90","1,584.15","1,597.00","1,599.40","1,593.76","46,25,035","7,37,12,03,643.65","1,60,323","27,96,561","60.47"
"HDFCBANK","EQ","11-Jan-2023","1,568.30","1,567.95","1,598.00","1,560.00","1,589.00","1,590.90","1,585.27","75,97,899","12,04,47,52,262.45","2,63,176","54,79,706","72.12"
"HDFCBANK","EQ","10-Jan-2023","1,597.50","1,600.00","1,600.00","1,565.00","1,570.00","1,568.30","1,572.13","81,85,883","12,86,92,32,604.25","2,90,553","63,00,941","76.97"
"HDFCBANK","EQ","09-Jan-2023","1,594.40","1,596.00","1,611.55","1,590.00","1,597.95","1,597.50","1,601.83","53,64,670","8,59,32,88,222.10","1,64,427","36,32,471","67.71"
"HDFCBANK","EQ","06-Jan-2023","1,599.70","1,602.00","1,609.10","1,578.20","1,594.05","1,594.40","1,592.77","45,46,231","7,24,10,79,692.35","1,47,775","29,19,025","64.21"
"HDFCBANK","EQ","05-Jan-2023","1,610.05","1,615.00","1,618.05","1,589.40","1,599.95","1,599.70","1,602.26","54,70,718","8,76,55,09,490.95","1,93,143","35,82,675","65.49"
"HDFCBANK","EQ","04-Jan-2023","1,639.35","1,635.00","1,645.75","1,607.00","1,610.30","1,610.05","1,622.71","51,75,800","8,39,88,37,748.00","1,64,250","32,71,719","63.21"
"HDFCBANK","EQ","03-Jan-2023","1,628.70","1,622.20","1,643.00","1,622.20","1,640.50","1,639.35","1,634.63","41,89,015","6,84,74,95,805.65","1,02,047","27,54,739","65.76"
"HDFCBANK","EQ","02-Jan-2023","1,628.15","1,627.00","1,639.75","1,618.55","1,628.15","1,628.70","1,629.49","21,90,689","3,56,96,97,184.00","89,456","10,36,063","47.29"
"HDFCBANK","BL","02-Jan-2023","1,427.05","1,628.15","1,628.15","1,628.15","1,628.15","1,628.15","1,628.15","7,74,148","1,26,04,29,066.20","1","-","-"
"HDFCBANK","EQ","30-Dec-2022","1,641.30","1,645.00","1,645.00","1,620.00","1,630.00","1,628.15","1,632.15","35,61,320","5,81,26,10,084.20","1,38,629","22,17,017","62.25"
"HDFCBANK","EQ","29-Dec-2022","1,629.80","1,620.10","1,643.50","1,611.00","1,639.10","1,641.30","1,629.83","55,06,448","8,97,45,49,942.25","2,04,767","36,85,001","66.92"
"HDFCBANK","EQ","28-Dec-2022","1,631.10","1,623.10","1,633.00","1,623.10","1,628.50","1,629.80","1,628.46","43,45,935","7,07,71,64,442.15","1,43,232","32,11,265","73.89"
"HDFCBANK","EQ","27-Dec-2022","1,629.45","1,633.00","1,635.95","1,613.50","1,630.90","1,631.10","1,622.27","39,63,386","6,42,96,69,607.95","1,01,780","22,07,068","55.69"
"HDFCBANK","EQ","26-Dec-2022","1,597.65","1,599.50","1,639.00","1,590.00","1,628.95","1,629.45","1,617.09","49,53,661","8,01,05,32,444.25","1,27,280","30,52,548","61.62"
"HDFCBANK","EQ","23-Dec-2022","1,612.05","1,587.00","1,604.15","1,585.45","1,599.00","1,597.65","1,596.11","53,46,576","8,53,37,38,599.50","1,61,132","32,05,816","59.96"
"HDFCBANK","EQ","22-Dec-2022","1,617.60","1,622.20","1,627.50","1,609.00","1,612.85","1,612.05","1,617.13","48,73,548","7,88,11,52,431.20","1,56,615","32,42,753","66.54"
"HDFCBANK","EQ","21-Dec-2022","1,633.40","1,641.00","1,644.80","1,606.55","1,620.00","1,617.60","1,625.86","46,34,599","7,53,52,06,897.25","1,55,853","29,68,950","64.06"
"HDFCBANK","EQ","20-Dec-2022","1,644.75","1,620.20","1,636.40","1,620.20","1,635.00","1,633.40","1,630.10","35,87,349","5,84,77,49,606.55","94,981","20,13,155","56.12"
"HDFCBANK","EQ","19-Dec-2022","1,639.65","1,644.00","1,646.65","1,626.20","1,645.90","1,644.75","1,636.95","48,02,271","7,86,10,87,915.35","1,11,511","29,99,960","62.47"
"HDFCBANK","EQ","16-Dec-2022","1,631.80","1,620.05","1,645.10","1,609.00","1,635.20","1,639.65","1,634.08","73,23,979","11,96,80,01,262.30","1,77,618","52,36,766","71.50"
"HDFCBANK","EQ","15-Dec-2022","1,662.25","1,657.05","1,669.40","1,627.05","1,630.00","1,631.80","1,659.58","90,91,324","15,08,77,60,729.00","1,45,032","54,07,373","59.48"
"HDFCBANK","EQ","14-Dec-2022","1,648.30","1,653.00","1,665.50","1,650.00","1,660.00","1,662.25","1,658.28","71,13,820","11,79,66,81,944.40","1,83,221","49,89,446","70.14"
"HDFCBANK","EQ","13-Dec-2022","1,643.75","1,650.00","1,657.00","1,645.00","1,645.30","1,648.30","1,651.67","85,15,851","14,06,53,39,215.85","1,65,451","54,91,823","64.49"
"HDFCBANK","EQ","12-Dec-2022","1,631.05","1,625.00","1,653.60","1,621.40","1,642.80","1,643.75","1,643.67","72,17,404","11,86,30,26,689.80","1,91,429","49,84,206","69.06"
"HDFCBANK","EQ","09-Dec-2022","1,619.50","1,626.00","1,634.85","1,620.00","1,630.15","1,631.05","1,626.86","59,81,692","9,73,14,03,133.75","1,42,195","44,69,120","74.71"
"HDFCBANK","EQ","08-Dec-2022","1,610.45","1,610.00","1,626.00","1,605.00","1,620.00","1,619.50","1,615.97","74,01,817","11,96,11,38,033.60","1,62,638","54,44,038","73.55"
"HDFCBANK","EQ","07-Dec-2022","1,611.15","1,614.15","1,618.60","1,604.45","1,611.00","1,610.45","1,610.02","58,37,360","9,39,82,61,261.05","1,75,386","45,80,110","78.46"
"HDFCBANK","EQ","06-Dec-2022","1,612.95","1,601.00","1,613.70","1,600.00","1,612.95","1,611.15","1,607.20","61,76,546","9,92,69,51,123.55","1,52,759","47,67,748","77.19"
"HDFCBANK","EQ","05-Dec-2022","1,607.10","1,609.95","1,614.60","1,596.20","1,613.00","1,612.95","1,604.77","57,96,311","9,30,17,37,289.50","1,98,169","37,67,906","65.01"
"HDFCBANK","EQ","02-Dec-2022","1,619.50","1,610.00","1,618.60","1,605.15","1,607.75","1,607.10","1,609.97","39,05,539","6,28,77,98,248.00","1,57,768","26,75,200","68.50"
"HDFCBANK","EQ","01-Dec-2022","1,608.45","1,622.00","1,637.00","1,615.00","1,618.00","1,619.50","1,625.06","1,02,23,183","16,61,32,68,315.75","2,23,935","72,12,087","70.55"
"HDFCBANK","EQ","30-Nov-2022","1,597.85","1,597.10","1,612.90","1,597.10","1,611.90","1,608.45","1,603.75","75,92,403","12,17,62,99,410.40","1,37,140","60,30,327","79.43"
"HDFCBANK","EQ","29-Nov-2022","1,600.25","1,597.25","1,612.35","1,592.85","1,600.00","1,597.85","1,602.17","63,19,118","10,12,42,73,482.90","1,86,705","46,09,779","72.95"
"HDFCBANK","EQ","28-Nov-2022","1,617.65","1,602.90","1,607.45","1,594.05","1,600.50","1,600.25","1,600.57","80,52,990","12,88,93,97,052.70","1,65,436","58,41,703","72.54"
"HDFCBANK","EQ","25-Nov-2022","1,625.15","1,629.70","1,631.70","1,614.10","1,617.00","1,617.65","1,620.31","42,05,248","6,81,37,92,904.55","1,17,799","26,66,082","63.40"
"HDFCBANK","EQ","24-Nov-2022","1,599.15","1,605.95","1,632.00","1,599.15","1,627.60","1,625.15","1,614.59","85,98,980","13,88,38,49,723.65","1,61,678","59,65,589","69.38"
"HDFCBANK","EQ","23-Nov-2022","1,595.00","1,605.00","1,605.00","1,594.00","1,596.80","1,599.15","1,598.79","50,92,869","8,14,24,53,343.30","1,24,888","37,38,575","73.41"
"HDFCBANK","EQ","22-Nov-2022","1,597.35","1,600.00","1,604.35","1,591.00","1,597.00","1,595.00","1,596.15","42,73,157","6,82,06,13,224.25","1,59,221","28,71,575","67.20"
"HDFCBANK","EQ","21-Nov-2022","1,613.90","1,607.65","1,612.00","1,590.20","1,597.10","1,597.35","1,597.33","41,72,408","6,66,47,13,134.40","1,56,009","25,91,643","62.11"
"HDFCBANK","EQ","18-Nov-2022","1,618.15","1,621.00","1,623.00","1,605.25","1,612.05","1,613.90","1,611.71","52,29,616","8,42,86,47,397.70","1,55,906","36,17,158","69.17"
"HDFCBANK","EQ","17-Nov-2022","1,632.90","1,618.10","1,631.55","1,613.90","1,617.00","1,618.15","1,623.76","60,50,465","9,82,45,11,118.70","1,33,033","38,55,491","63.72"
"HDFCBANK","EQ","16-Nov-2022","1,619.00","1,618.65","1,642.00","1,612.00","1,630.00","1,632.90","1,630.44","67,89,075","11,06,91,79,609.25","2,08,132","39,54,055","58.24"
"HDFCBANK","EQ","15-Nov-2022","1,615.05","1,623.15","1,623.15","1,605.25","1,622.00","1,619.00","1,614.94","55,15,101","8,90,65,72,969.00","1,58,707","34,70,935","62.94"
"HDFCBANK","EQ","14-Nov-2022","1,611.15","1,612.00","1,628.00","1,598.00","1,615.00","1,615.05","1,613.89","95,97,695","15,48,96,57,292.10","2,54,705","63,43,124","66.09"
"HDFCBANK","EQ","11-Nov-2022","1,524.75","1,545.00","1,637.00","1,538.00","1,611.90","1,611.15","1,599.68","2,83,61,169","45,36,87,89,544.60","6,11,619","1,53,17,967","54.01"
"HDFCBANK","EQ","10-Nov-2022","1,508.35","1,497.10","1,527.00","1,495.05","1,527.00","1,524.75","1,511.37","63,87,091","9,65,32,35,507.40","1,39,631","42,74,394","66.92"
"HDFCBANK","EQ","09-Nov-2022","1,508.80","1,515.05","1,517.95","1,504.00","1,508.00","1,508.35","1,511.66","46,34,895","7,00,63,81,268.25","99,843","29,45,729","63.56"
"HDFCBANK","EQ","07-Nov-2022","1,497.15","1,510.00","1,512.00","1,492.10","1,510.25","1,508.80","1,501.97","49,17,917","7,38,65,87,082.60","1,23,611","31,04,244","63.12"
"HDFCBANK","EQ","04-Nov-2022","1,507.55","1,503.20","1,516.10","1,489.60","1,497.10","1,497.15","1,497.96","54,09,030","8,10,25,28,471.55","1,50,429","35,93,837","66.44"
"HDFCBANK","EQ","03-Nov-2022","1,514.20","1,497.70","1,520.25","1,497.00","1,507.45","1,507.55","1,511.46","51,66,176","7,80,84,53,715.85","1,58,632","29,59,149","57.28"
"HDFCBANK","EQ","02-Nov-2022","1,513.25","1,517.00","1,528.25","1,511.60","1,514.95","1,514.20","1,520.14","63,60,203","9,66,84,07,272.05","1,34,056","43,16,158","67.86"
"HDFCBANK","EQ","01-Nov-2022","1,496.70","1,503.50","1,529.00","1,498.90","1,513.50","1,513.25","1,519.63","95,36,878","14,49,25,30,604.20","2,09,190","66,82,068","70.07"
"HDFCBANK","EQ","31-Oct-2022","1,458.70","1,472.00","1,498.00","1,467.25","1,495.90","1,496.70","1,487.44","64,15,264","9,54,23,06,136.50","1,97,801","38,99,406","60.78"
"HDFCBANK","EQ","28-Oct-2022","1,454.40","1,450.00","1,467.00","1,447.40","1,459.95","1,458.70","1,459.47","52,37,139","7,64,34,52,528.10","1,42,985","32,96,642","62.95"
"HDFCBANK","EQ","27-Oct-2022","1,450.90","1,464.50","1,467.35","1,451.25","1,456.00","1,454.40","1,457.90","79,68,638","11,61,74,89,645.45","1,67,453","61,90,681","77.69"
"HDFCBANK","EQ","25-Oct-2022","1,461.05","1,461.10","1,467.80","1,445.00","1,447.40","1,450.90","1,456.91","68,86,697","10,03,32,74,401.00","1,74,010","50,86,954","73.87"
"HDFCBANK","EQ","24-Oct-2022","1,438.60","1,454.30","1,463.00","1,454.30","1,458.85","1,461.05","1,460.44","10,83,897","1,58,29,62,572.75","44,924","4,66,892","43.08"
"HDFCBANK","EQ","21-Oct-2022","1,448.80","1,452.00","1,457.65","1,434.00","1,442.30","1,438.60","1,446.76","52,46,303","7,59,01,43,970.30","1,12,584","33,57,945","64.01"
"HDFCBANK","EQ","20-Oct-2022","1,458.65","1,444.00","1,452.90","1,442.50","1,449.05","1,448.80","1,447.55","39,49,039","5,71,64,41,334.25","1,49,480","25,11,393","63.60"
"HDFCBANK","EQ","19-Oct-2022","1,443.85","1,464.00","1,477.40","1,453.40","1,459.95","1,458.65","1,464.96","64,83,520","9,49,80,87,668.10","1,86,569","35,43,870","54.66"
"HDFCBANK","EQ","18-Oct-2022","1,446.55","1,458.05","1,462.90","1,440.00","1,442.85","1,443.85","1,449.88","52,80,554","7,65,61,44,753.65","1,44,735","32,26,764","61.11"
"HDFCBANK","EQ","17-Oct-2022","1,439.00","1,435.00","1,457.60","1,427.00","1,445.45","1,446.55","1,443.39","92,05,250","13,28,67,64,094.40","1,85,541","43,71,481","47.49"
"HDFCBANK","EQ","14-Oct-2022","1,393.60","1,417.00","1,447.00","1,415.25","1,446.00","1,439.00","1,434.65","64,24,960","9,21,75,92,931.30","1,49,782","31,14,030","48.47"
"HDFCBANK","EQ","13-Oct-2022","1,409.80","1,402.05","1,406.25","1,384.00","1,396.00","1,393.60","1,392.46","73,57,117","10,24,45,25,589.70","2,19,960","49,56,624","67.37"
"HDFCBANK","EQ","12-Oct-2022","1,400.65","1,403.20","1,414.85","1,397.30","1,410.75","1,409.80","1,406.74","46,12,525","6,48,86,07,643.50","1,12,637","29,69,793","64.39"
"HDFCBANK","EQ","11-Oct-2022","1,415.00","1,401.10","1,417.00","1,399.45","1,401.75","1,400.65","1,406.63","72,60,810","10,21,32,63,445.80","1,34,054","51,47,322","70.89"
"HDFCBANK","EQ","10-Oct-2022","1,430.80","1,408.00","1,426.00","1,398.20","1,415.95","1,415.00","1,409.21","65,54,651","9,23,69,03,280.05","2,15,487","41,89,926","63.92"
"HDFCBANK","EQ","07-Oct-2022","1,437.00","1,430.25","1,434.95","1,420.35","1,431.00","1,430.80","1,427.47","66,48,997","9,49,12,76,053.80","1,60,989","48,65,856","73.18"
"HDFCBANK","EQ","06-Oct-2022","1,453.00","1,459.95","1,462.60","1,434.20","1,436.00","1,437.00","1,449.04","62,74,599","9,09,21,18,877.70","1,70,441","42,51,575","67.76"
"HDFCBANK","EQ","04-Oct-2022","1,413.20","1,429.50","1,458.00","1,426.15","1,456.15","1,453.00","1,448.36","57,69,263","8,35,59,97,412.35","1,30,624","39,44,499","68.37"
"HDFCBANK","EQ","03-Oct-2022","1,421.35","1,409.95","1,417.85","1,401.10","1,411.00","1,413.20","1,410.01","57,70,556","8,13,65,20,348.45","1,47,339","38,23,032","66.25"
"HDFCBANK","EQ","30-Sep-2022","1,382.35","1,378.80","1,431.45","1,365.00","1,422.05","1,421.35","1,407.93","78,90,878","11,10,97,99,543.35","1,81,624","47,09,460","59.68"
"HDFCBANK","EQ","29-Sep-2022","1,389.55","1,396.30","1,402.20","1,378.80","1,381.50","1,382.35","1,387.85","72,05,194","9,99,97,18,372.70","2,58,296","47,37,741","65.75"
"HDFCBANK","EQ","28-Sep-2022","1,413.85","1,406.00","1,410.60","1,385.90","1,387.00","1,389.55","1,397.25","59,08,066","8,25,50,59,324.45","2,15,474","33,84,446","57.29"
"HDFCBANK","EQ","27-Sep-2022","1,426.65","1,432.40","1,440.00","1,407.00","1,414.65","1,413.85","1,423.81","63,19,850","8,99,82,92,829.25","1,81,595","38,74,624","61.31"
"HDFCBANK","EQ","26-Sep-2022","1,446.15","1,425.35","1,436.45","1,418.00","1,429.80","1,426.65","1,426.27","44,61,743","6,36,36,59,216.05","1,83,001","24,89,197","55.79"
"HDFCBANK","EQ","23-Sep-2022","1,486.00","1,472.35","1,475.00","1,437.00","1,447.00","1,446.15","1,451.15","79,03,126","11,46,86,24,906.55","2,54,765","47,30,527","59.86"
"HDFCBANK","EQ","22-Sep-2022","1,518.35","1,502.00","1,510.15","1,482.75","1,486.20","1,486.00","1,494.95","60,24,072","9,00,56,66,828.65","1,30,337","33,37,049","55.40"
"HDFCBANK","EQ","21-Sep-2022","1,520.70","1,508.00","1,521.50","1,505.00","1,517.40","1,518.35","1,515.55","45,36,152","6,87,47,79,529.40","1,29,113","27,89,254","61.49"
"HDFCBANK","EQ","20-Sep-2022","1,502.60","1,514.00","1,524.00","1,509.90","1,517.55","1,520.70","1,518.57","53,90,834","8,18,63,58,426.60","1,25,775","33,84,983","62.79"
"HDFCBANK","EQ","19-Sep-2022","1,492.75","1,489.00","1,514.00","1,480.00","1,504.25","1,502.60","1,501.17","60,38,019","9,06,40,64,674.30","1,23,407","39,81,527","65.94"
"HDFCBANK","EQ","16-Sep-2022","1,520.70","1,503.10","1,514.70","1,483.00","1,497.50","1,492.75","1,499.18","1,02,80,023","15,41,15,85,013.35","2,04,150","73,53,883","71.54"
"HDFCBANK","EQ","15-Sep-2022","1,528.65","1,530.00","1,540.95","1,512.00","1,520.50","1,520.70","1,525.41","67,69,686","10,32,65,31,542.60","2,09,664","41,03,802","60.62"
"HDFCBANK","EQ","14-Sep-2022","1,513.10","1,494.05","1,538.90","1,492.35","1,525.10","1,528.65","1,519.30","1,01,09,880","15,35,99,82,950.00","2,66,662","67,55,553","66.82"
"HDFCBANK","EQ","13-Sep-2022","1,493.55","1,498.90","1,515.90","1,498.55","1,514.35","1,513.10","1,509.49","65,00,983","9,81,31,39,426.55","1,78,976","43,95,012","67.61"
"HDFCBANK","EQ","12-Sep-2022","1,498.60","1,500.00","1,504.00","1,490.00","1,491.60","1,493.55","1,498.08","55,40,246","8,29,97,19,758.65","1,58,509","40,20,172","72.56"
"HDFCBANK","EQ","09-Sep-2022","1,497.60","1,496.20","1,509.00","1,494.05","1,498.00","1,498.60","1,501.98","75,64,444","11,36,16,70,171.70","1,59,222","50,60,078","66.89"
"HDFCBANK","EQ","08-Sep-2022","1,482.30","1,490.10","1,500.00","1,482.15","1,496.65","1,497.60","1,491.81","55,82,345","8,32,77,93,778.20","1,05,543","30,67,771","54.95"
"HDFCBANK","EQ","07-Sep-2022","1,489.35","1,471.30","1,490.00","1,471.30","1,483.05","1,482.30","1,483.04","48,88,103","7,24,92,68,552.20","89,838","33,79,255","69.13"
"HDFCBANK","EQ","06-Sep-2022","1,495.05","1,498.90","1,506.65","1,486.45","1,489.00","1,489.35","1,497.95","61,19,348","9,16,64,92,283.65","1,15,379","41,61,011","68.00"
"HDFCBANK","EQ","05-Sep-2022","1,485.50","1,486.10","1,499.00","1,484.10","1,494.00","1,495.05","1,493.54","60,65,966","9,05,97,54,660.00","1,28,519","43,37,890","71.51"
"HDFCBANK","EQ","02-Sep-2022","1,472.15","1,472.15","1,490.50","1,465.20","1,482.00","1,485.50","1,477.45","60,19,043","8,89,28,60,828.10","1,19,285","36,65,208","60.89"
"HDFCBANK","EQ","01-Sep-2022","1,486.10","1,464.75","1,489.45","1,459.00","1,471.00","1,472.15","1,469.61","1,12,01,568","16,46,19,81,807.55","1,82,041","61,46,956","54.88"
"HDFCBANK","EQ","30-Aug-2022","1,439.40","1,446.45","1,489.95","1,443.10","1,483.65","1,486.10","1,468.87","50,67,700","7,44,37,85,303.75","1,92,942","29,48,334","58.18"
"HDFCBANK","EQ","29-Aug-2022","1,465.10","1,437.00","1,446.00","1,428.60","1,442.00","1,439.40","1,438.69","43,26,589","6,22,46,08,203.95","1,87,389","24,93,343","57.63"
"HDFCBANK","EQ","26-Aug-2022","1,464.85","1,472.05","1,481.80","1,461.20","1,466.00","1,465.10","1,471.45","38,53,088","5,66,96,34,958.80","1,28,698","22,85,799","59.32"
"HDFCBANK","EQ","25-Aug-2022","1,472.85","1,479.90","1,486.80","1,457.00","1,462.95","1,464.85","1,477.82","59,11,520","8,73,61,66,442.20","1,27,054","36,93,897","62.49"
"HDFCBANK","EQ","24-Aug-2022","1,465.80","1,461.90","1,475.50","1,459.20","1,475.00","1,472.85","1,467.34","67,27,760","9,87,18,97,938.50","1,40,656","46,89,197","69.70"
"HDFCBANK","EQ","23-Aug-2022","1,470.35","1,453.30","1,475.95","1,450.40","1,471.50","1,465.80","1,461.68","74,83,442","10,93,84,31,495.85","1,44,071","47,37,698","63.31"
"HDFCBANK","EQ","22-Aug-2022","1,493.05","1,484.80","1,488.35","1,467.70","1,468.70","1,470.35","1,474.40","41,17,033","6,07,01,40,731.70","1,22,931","25,91,613","62.95"
"HDFCBANK","EQ","19-Aug-2022","1,511.70","1,510.00","1,512.00","1,490.00","1,492.35","1,493.05","1,498.24","40,31,851","6,04,06,84,835.50","1,47,346","22,98,218","57.00"
"HDFCBANK","EQ","18-Aug-2022","1,509.90","1,500.00","1,513.90","1,499.65","1,511.00","1,511.70","1,507.50","41,71,069","6,28,78,79,823.10","1,26,031","29,00,950","69.55"
"HDFCBANK","EQ","17-Aug-2022","1,502.15","1,500.00","1,512.75","1,485.75","1,507.10","1,509.90","1,503.31","61,92,175","9,30,87,43,851.90","1,90,873","44,99,905","72.67"
"HDFCBANK","EQ","16-Aug-2022","1,485.15","1,494.80","1,508.50","1,488.05","1,501.80","1,502.15","1,501.93","62,81,878","9,43,49,64,816.80","1,72,125","46,82,614","74.54"
"HDFCBANK","EQ","12-Aug-2022","1,485.70","1,485.00","1,489.30","1,475.95","1,483.95","1,485.15","1,484.00","44,25,185","6,56,69,82,475.55","1,75,766","32,83,921","74.21"
"HDFCBANK","EQ","11-Aug-2022","1,466.30","1,486.50","1,491.00","1,474.55","1,480.00","1,485.70","1,483.63","91,50,883","13,57,64,83,134.00","2,36,473","69,90,323","76.39"
"HDFCBANK","EQ","10-Aug-2022","1,462.05","1,461.35","1,471.50","1,449.05","1,465.00","1,466.30","1,464.71","86,76,551","12,70,86,37,823.20","2,19,403","63,12,330","72.75"
"HDFCBANK","BL","08-Aug-2022","1,392.50","1,427.05","1,427.05","1,427.05","1,427.05","1,427.05","1,427.05","6,85,923","97,88,46,417.15","1","-","-"
"HDFCBANK","EQ","08-Aug-2022","1,427.05","1,428.00","1,464.50","1,427.10","1,461.35","1,462.05","1,454.57","76,78,868","11,16,94,57,261.65","2,07,907","41,39,183","53.90"
"HDFCBANK","EQ","05-Aug-2022","1,431.90","1,433.00","1,436.95","1,421.15","1,426.05","1,427.05","1,429.21","46,34,491","6,62,36,49,945.65","1,21,554","27,54,688","59.44"
"HDFCBANK","EQ","04-Aug-2022","1,433.60","1,440.00","1,446.70","1,412.95","1,429.35","1,431.90","1,431.33","60,06,103","8,59,67,34,035.35","2,28,173","38,72,371","64.47"
"HDFCBANK","EQ","03-Aug-2022","1,430.25","1,424.95","1,435.75","1,417.00","1,433.25","1,433.60","1,427.43","54,87,749","7,83,33,55,196.55","2,06,821","33,65,558","61.33"
"HDFCBANK","EQ","02-Aug-2022","1,446.15","1,442.00","1,444.60","1,423.05","1,424.95","1,430.25","1,431.60","75,18,255","10,76,31,37,989.20","1,65,021","52,15,624","69.37"
"HDFCBANK","EQ","01-Aug-2022","1,434.20","1,439.00","1,448.45","1,430.05","1,442.90","1,446.15","1,440.76","65,96,518","9,50,40,16,259.35","1,46,180","45,24,404","68.59"
"HDFCBANK","EQ","29-Jul-2022","1,416.85","1,438.00","1,438.60","1,415.30","1,436.40","1,434.20","1,428.73","1,00,09,868","14,30,13,85,368.80","2,41,020","66,24,853","66.18"
"HDFCBANK","EQ","28-Jul-2022","1,404.40","1,415.05","1,424.00","1,411.00","1,416.00","1,416.85","1,419.21","87,10,203","12,36,16,05,197.85","2,13,161","57,45,696","65.97"
"HDFCBANK","EQ","27-Jul-2022","1,393.75","1,388.90","1,406.00","1,384.25","1,404.40","1,404.40","1,399.80","46,06,389","6,44,80,18,339.80","1,31,184","27,74,857","60.24"
"HDFCBANK","EQ","26-Jul-2022","1,396.60","1,396.00","1,402.00","1,386.30","1,390.60","1,393.75","1,395.38","42,63,982","5,94,98,86,417.25","1,15,649","25,70,760","60.29"
"HDFCBANK","BL","25-Jul-2022","1,471.00","1,392.50","1,392.50","1,392.50","1,392.50","1,392.50","1,392.50","6,85,922","95,51,46,385.00","1","-","-"
"HDFCBANK","EQ","25-Jul-2022","1,392.50","1,395.00","1,404.60","1,383.30","1,394.00","1,396.60","1,393.40","50,71,563","7,06,67,00,506.25","1,56,586","25,80,137","50.87"
"HDFCBANK","EQ","22-Jul-2022","1,360.75","1,366.00","1,397.00","1,362.40","1,394.40","1,392.50","1,384.48","63,64,796","8,81,19,47,079.70","1,90,910","35,33,143","55.51"
"HDFCBANK","EQ","21-Jul-2022","1,365.05","1,360.55","1,369.50","1,358.10","1,363.00","1,360.75","1,363.06","63,20,139","8,61,47,10,412.00","1,58,369","41,83,622","66.20"
"HDFCBANK","EQ","20-Jul-2022","1,348.05","1,359.90","1,371.10","1,355.25","1,363.55","1,365.05","1,364.16","1,01,73,931","13,87,88,62,594.90","2,79,863","77,41,686","76.09"
"HDFCBANK","EQ","19-Jul-2022","1,347.55","1,337.00","1,358.55","1,337.00","1,348.20","1,348.05","1,349.05","78,96,269","10,65,24,52,469.15","1,41,741","50,88,248","64.44"
"HDFCBANK","EQ","18-Jul-2022","1,362.05","1,348.00","1,366.10","1,342.05","1,348.20","1,347.55","1,347.82","1,01,66,110","13,70,21,25,272.85","2,91,810","71,99,900","70.82"
"HDFCBANK","EQ","15-Jul-2022","1,351.05","1,353.00","1,364.90","1,346.80","1,364.00","1,362.05","1,357.60","67,97,823","9,22,87,35,489.20","1,26,512","47,10,365","69.29"
"HDFCBANK","EQ","14-Jul-2022","1,357.85","1,362.00","1,372.65","1,349.25","1,352.00","1,351.05","1,359.74","51,86,205","7,05,18,94,375.95","1,56,703","29,92,747","57.71"
"HDFCBANK","EQ","13-Jul-2022","1,391.80","1,390.00","1,394.20","1,354.25","1,359.55","1,357.85","1,371.20","79,72,805","10,93,22,96,276.95","1,85,857","50,63,094","63.50"
"HDFCBANK","EQ","12-Jul-2022","1,406.15","1,405.25","1,405.25","1,389.40","1,391.20","1,391.80","1,395.12","49,38,487","6,88,97,88,254.60","1,07,652","33,82,902","68.50"
"HDFCBANK","EQ","11-Jul-2022","1,397.10","1,394.00","1,409.90","1,393.25","1,403.20","1,406.15","1,403.07","37,31,440","5,23,54,81,481.55","1,15,690","23,85,267","63.92"
"HDFCBANK","EQ","08-Jul-2022","1,395.80","1,410.00","1,410.00","1,394.75","1,395.80","1,397.10","1,402.07","62,37,015","8,74,47,24,388.50","1,22,217","46,98,117","75.33"
"HDFCBANK","EQ","07-Jul-2022","1,371.25","1,380.00","1,398.00","1,374.45","1,395.00","1,395.80","1,387.53","88,71,571","12,30,96,03,700.50","1,77,340","62,52,423","70.48"
"HDFCBANK","EQ","06-Jul-2022","1,352.60","1,348.00","1,373.40","1,347.10","1,371.55","1,371.25","1,365.48","75,24,539","10,27,46,05,412.40","1,75,408","52,92,401","70.34"
"HDFCBANK","EQ","05-Jul-2022","1,355.65","1,364.00","1,379.35","1,348.30","1,349.05","1,352.60","1,366.82","71,62,859","9,79,03,34,619.55","1,75,254","44,57,746","62.23"
"HDFCBANK","EQ","04-Jul-2022","1,353.75","1,353.70","1,360.20","1,342.25","1,356.55","1,355.65","1,352.23","42,43,740","5,73,85,08,714.75","1,22,056","26,87,132","63.32"
"HDFCBANK","EQ","01-Jul-2022","1,348.00","1,343.95","1,360.00","1,330.05","1,354.95","1,353.75","1,346.28","57,36,226","7,72,25,38,774.50","1,47,092","40,59,233","70.76"
"HDFCBANK","EQ","30-Jun-2022","1,343.95","1,336.00","1,354.00","1,336.00","1,344.00","1,348.00","1,346.87","62,37,911","8,40,16,64,068.50","1,53,516","33,85,436","54.27"
"HDFCBANK","EQ","29-Jun-2022","1,345.90","1,331.25","1,350.75","1,331.25","1,343.80","1,343.95","1,343.41","49,97,023","6,71,30,40,907.65","1,55,488","31,98,246","64.00"
"HDFCBANK","EQ","28-Jun-2022","1,356.25","1,344.00","1,351.00","1,338.40","1,349.90","1,345.90","1,344.55","48,85,287","6,56,84,95,136.05","1,70,596","29,78,267","60.96"
"HDFCBANK","EQ","27-Jun-2022","1,353.80","1,370.00","1,376.00","1,352.00","1,355.90","1,356.25","1,362.63","49,02,082","6,67,97,21,013.60","1,53,532","28,20,551","57.54"
"HDFCBANK","EQ","24-Jun-2022","1,335.15","1,338.55","1,361.65","1,338.55","1,355.00","1,353.80","1,354.94","40,06,716","5,42,88,48,372.95","2,65,751","21,54,728","53.78"
"HDFCBANK","EQ","23-Jun-2022","1,330.25","1,330.50","1,348.00","1,318.50","1,336.60","1,335.15","1,336.91","76,86,122","10,27,56,34,335.15","2,24,102","28,99,363","37.72"
"HDFCBANK","EQ","22-Jun-2022","1,336.55","1,332.25","1,336.95","1,323.20","1,325.90","1,330.25","1,329.70","40,79,849","5,42,49,72,795.20","1,44,197","22,78,477","55.85"
"HDFCBANK","EQ","21-Jun-2022","1,322.15","1,336.90","1,354.00","1,324.05","1,333.70","1,336.55","1,341.22","66,10,342","8,86,59,41,646.10","1,90,833","38,37,013","58.05"
"HDFCBANK","EQ","20-Jun-2022","1,289.75","1,304.70","1,325.00","1,294.15","1,321.95","1,322.15","1,313.17","79,68,420","10,46,39,10,206.85","2,14,315","51,78,660","64.99"
"HDFCBANK","EQ","17-Jun-2022","1,281.30","1,275.00","1,299.00","1,271.60","1,296.70","1,289.75","1,282.59","73,61,961","9,44,23,47,329.35","2,93,741","44,04,126","59.82"
"HDFCBANK","EQ","16-Jun-2022","1,307.45","1,310.00","1,320.55","1,278.00","1,279.45","1,281.30","1,297.76","60,84,596","7,89,63,14,988.40","2,69,747","30,65,105","50.37"
"HDFCBANK","EQ","15-Jun-2022","1,312.00","1,301.65","1,315.80","1,298.40","1,308.45","1,307.45","1,307.49","59,05,235","7,72,10,44,050.45","2,39,871","32,62,631","55.25"
"HDFCBANK","EQ","14-Jun-2022","1,326.60","1,311.25","1,326.00","1,305.00","1,314.00","1,312.00","1,316.04","59,35,178","7,81,09,16,645.65","2,47,100","36,17,141","60.94"
"HDFCBANK","EQ","13-Jun-2022","1,351.10","1,323.60","1,330.00","1,308.30","1,329.00","1,326.60","1,318.54","54,46,286","7,18,11,45,207.65","2,69,494","35,34,036","64.89"
"HDFCBANK","EQ","10-Jun-2022","1,377.70","1,360.10","1,367.95","1,343.60","1,348.75","1,351.10","1,351.94","45,77,715","6,18,88,00,152.60","1,59,998","28,41,114","62.06"
"HDFCBANK","EQ","09-Jun-2022","1,367.40","1,362.25","1,382.05","1,357.15","1,379.60","1,377.70","1,368.42","36,55,908","5,00,28,26,094.50","1,49,498","19,66,831","53.80"
"HDFCBANK","EQ","08-Jun-2022","1,362.60","1,373.30","1,381.00","1,357.00","1,366.00","1,367.40","1,369.67","29,93,294","4,09,98,30,912.80","1,08,646","12,45,470","41.61"
"HDFCBANK","EQ","07-Jun-2022","1,378.45","1,362.00","1,374.30","1,354.10","1,362.15","1,362.60","1,362.41","51,26,983","6,98,50,65,721.75","1,33,385","34,14,627","66.60"
"HDFCBANK","EQ","06-Jun-2022","1,380.30","1,376.30","1,387.00","1,360.65","1,377.00","1,378.45","1,380.25","30,86,633","4,26,03,32,744.20","1,26,359","13,88,767","44.99"
"HDFCBANK","EQ","03-Jun-2022","1,385.10","1,398.30","1,400.75","1,376.30","1,379.00","1,380.30","1,388.75","34,78,622","4,83,09,49,975.05","1,74,541","18,79,231","54.02"
"HDFCBANK","EQ","02-Jun-2022","1,394.85","1,387.25","1,388.00","1,378.60","1,385.20","1,385.10","1,383.53","57,37,510","7,93,80,05,254.70","1,60,429","34,58,109","60.27"
"HDFCBANK","EQ","01-Jun-2022","1,388.95","1,380.00","1,400.45","1,379.15","1,396.10","1,394.85","1,391.06","60,45,948","8,41,02,76,065.05","1,52,770","34,61,082","57.25"
"HDFCBANK","EQ","31-May-2022","1,401.55","1,395.90","1,404.80","1,380.00","1,384.00","1,388.95","1,396.23","67,42,694","9,41,43,34,821.10","1,78,695","44,00,633","65.27"
"HDFCBANK","EQ","30-May-2022","1,392.05","1,410.25","1,420.50","1,398.45","1,401.00","1,401.55","1,409.32","63,12,337","8,89,61,29,502.80","1,91,283","37,70,222","59.73"
"HDFCBANK","EQ","27-May-2022","1,366.70","1,371.80","1,394.70","1,370.75","1,393.40","1,392.05","1,384.20","1,20,15,859","16,63,23,15,263.75","1,96,266","84,05,082","69.95"
"HDFCBANK","EQ","26-May-2022","1,328.80","1,342.15","1,371.00","1,340.00","1,369.00","1,366.70","1,355.58","1,34,96,214","18,29,52,60,027.75","3,80,760","79,43,634","58.86"
"HDFCBANK","EQ","25-May-2022","1,318.95","1,330.00","1,335.95","1,323.20","1,327.50","1,328.80","1,329.41","64,43,556","8,56,61,44,702.45","2,12,264","38,60,760","59.92"
"HDFCBANK","EQ","24-May-2022","1,304.00","1,300.00","1,325.00","1,296.90","1,320.00","1,318.95","1,313.26","64,35,398","8,45,13,79,583.55","1,72,378","35,28,928","54.84"
"HDFCBANK","EQ","23-May-2022","1,320.95","1,314.00","1,329.95","1,299.10","1,301.30","1,304.00","1,319.39","97,43,160","12,85,50,45,365.50","1,89,598","63,80,092","65.48"
"HDFCBANK","EQ","20-May-2022","1,287.05","1,303.00","1,324.20","1,292.35","1,323.45","1,320.95","1,311.98","69,59,675","9,13,09,82,889.25","1,68,094","40,13,046","57.66"
"HDFCBANK","EQ","19-May-2022","1,313.90","1,286.20","1,296.40","1,278.30","1,290.45","1,287.05","1,286.32","1,02,68,753","13,20,88,58,469.15","2,71,471","65,51,034","63.80"
"HDFCBANK","EQ","18-May-2022","1,314.00","1,324.05","1,333.30","1,310.00","1,315.85","1,313.90","1,321.44","78,66,192","10,39,46,68,975.65","2,06,774","45,72,201","58.12"
"HDFCBANK","EQ","17-May-2022","1,305.10","1,312.60","1,317.00","1,298.20","1,316.00","1,314.00","1,309.07","83,20,722","10,89,24,32,064.40","2,04,025","48,12,774","57.84"
"HDFCBANK","EQ","16-May-2022","1,291.35","1,299.00","1,312.00","1,285.30","1,308.00","1,305.10","1,301.12","49,02,178","6,37,83,42,592.45","1,65,187","20,97,397","42.79"
"HDFCBANK","EQ","13-May-2022","1,303.05","1,310.05","1,318.00","1,287.00","1,292.50","1,291.35","1,301.55","83,84,119","10,91,23,31,002.70","2,78,869","44,43,428","53.00"
"HDFCBANK","EQ","12-May-2022","1,348.60","1,321.10","1,326.80","1,293.00","1,302.50","1,303.05","1,307.63","1,11,91,145","14,63,38,65,531.95","4,11,521","68,36,437","61.09"
"HDFCBANK","EQ","11-May-2022","1,341.05","1,353.00","1,355.00","1,328.65","1,349.45","1,348.60","1,343.69","85,51,462","11,49,05,50,846.50","3,25,879","49,09,202","57.41"
"HDFCBANK","EQ","10-May-2022","1,319.85","1,315.05","1,353.00","1,315.05","1,339.00","1,341.05","1,334.92","1,00,56,906","13,42,51,32,837.95","2,04,894","56,75,153","56.43"
"HDFCBANK","EQ","09-May-2022","1,317.60","1,300.00","1,326.50","1,295.50","1,321.75","1,319.85","1,305.53","1,63,81,217","21,38,62,30,365.40","3,15,707","1,14,37,293","69.82"
"HDFCBANK","EQ","06-May-2022","1,352.95","1,330.00","1,335.00","1,313.00","1,321.05","1,317.60","1,321.98","1,33,65,634","17,66,90,93,791.95","3,53,439","88,13,715","65.94"
"HDFCBANK","EQ","05-May-2022","1,356.00","1,375.00","1,375.00","1,346.50","1,349.00","1,352.95","1,362.20","89,31,456","12,16,64,64,277.30","2,16,825","53,45,763","59.85"
"HDFCBANK","EQ","04-May-2022","1,403.70","1,400.00","1,403.60","1,350.00","1,358.10","1,356.00","1,376.57","1,45,27,958","19,99,87,48,922.05","3,23,211","93,19,443","64.15"
"HDFCBANK","EQ","02-May-2022","1,384.60","1,362.05","1,406.45","1,362.05","1,400.25","1,403.70","1,390.41","97,47,158","13,55,25,59,643.90","2,21,031","61,27,912","62.87"
"HDFCBANK","EQ","29-Apr-2022","1,371.35","1,380.35","1,404.75","1,371.55","1,382.00","1,384.60","1,390.53","1,42,00,738","19,74,65,33,797.30","2,62,069","84,54,095","59.53"
"HDFCBANK","EQ","28-Apr-2022","1,372.55","1,372.00","1,379.00","1,362.10","1,372.50","1,371.35","1,369.11","1,03,86,861","14,22,07,08,700.25","1,82,049","73,86,475","71.11"
"HDFCBANK","EQ","27-Apr-2022","1,372.05","1,360.00","1,379.00","1,356.10","1,372.00","1,372.55","1,370.67","90,27,167","12,37,32,29,228.55","2,56,736","54,74,691","60.65"
"HDFCBANK","EQ","26-Apr-2022","1,365.75","1,372.00","1,381.95","1,357.15","1,370.45","1,372.05","1,371.84","85,08,421","11,67,22,25,925.50","2,95,807","44,36,263","52.14"
"HDFCBANK","EQ","25-Apr-2022","1,355.60","1,350.00","1,370.65","1,322.25","1,369.95","1,365.75","1,352.50","1,04,67,744","14,15,76,39,113.95","3,02,713","50,26,963","48.02"
"HDFCBANK","EQ","22-Apr-2022","1,374.35","1,360.00","1,375.35","1,349.15","1,353.35","1,355.60","1,360.90","1,03,29,574","14,05,75,09,231.75","3,17,119","53,12,415","51.43"
"HDFCBANK","EQ","21-Apr-2022","1,354.30","1,365.00","1,379.80","1,353.30","1,377.70","1,374.35","1,363.26","2,62,23,135","35,74,89,42,819.35","2,88,746","2,01,53,852","76.86"
"HDFCBANK","EQ","20-Apr-2022","1,342.20","1,354.45","1,359.90","1,335.35","1,356.00","1,354.30","1,349.57","2,46,62,868","33,28,41,92,237.45","4,24,453","1,62,64,587","65.95"
"HDFCBANK","EQ","19-Apr-2022","1,395.45","1,380.90","1,389.55","1,327.00","1,335.00","1,342.20","1,361.49","3,70,48,011","50,44,04,28,788.55","9,61,819","2,45,20,385","66.19"
"HDFCBANK","EQ","18-Apr-2022","1,464.95","1,418.85","1,431.65","1,390.05","1,397.50","1,395.45","1,408.02","2,28,10,188","32,11,72,57,835.45","6,50,936","1,62,93,702","71.43"
"HDFCBANK","EQ","13-Apr-2022","1,493.50","1,490.00","1,502.30","1,462.65","1,464.00","1,464.95","1,477.78","1,44,46,260","21,34,84,37,343.80","3,99,313","90,61,541","62.73"
"HDFCBANK","EQ","12-Apr-2022","1,496.15","1,484.00","1,506.85","1,480.15","1,494.90","1,493.50","1,492.32","1,37,17,701","20,47,12,05,729.10","3,65,154","92,37,043","67.34"
"HDFCBANK","EQ","11-Apr-2022","1,514.65","1,506.00","1,510.00","1,493.25","1,495.40","1,496.15","1,501.19","1,03,99,533","15,61,17,07,406.60","3,85,962","69,62,013","66.95"
"HDFCBANK","EQ","08-Apr-2022","1,516.75","1,512.10","1,525.75","1,497.30","1,516.55","1,514.65","1,510.81","2,06,28,161","31,16,51,85,145.30","3,71,256","1,33,23,404","64.59"
"HDFCBANK","EQ","07-Apr-2022","1,550.85","1,541.30","1,541.35","1,513.70","1,521.00","1,516.75","1,525.08","2,03,90,866","31,09,76,18,185.95","4,31,701","1,45,78,431","71.49"
"HDFCBANK","EQ","06-Apr-2022","1,608.25","1,587.70","1,589.80","1,547.35","1,550.50","1,550.85","1,564.33","1,35,13,930","21,14,02,25,559.20","4,14,144","78,82,128","58.33"
"HDFCBANK","EQ","05-Apr-2022","1,656.80","1,666.70","1,666.70","1,602.00","1,604.95","1,608.25","1,619.67","1,54,61,291","25,04,21,97,750.45","4,40,413","67,83,757","43.88"
"HDFCBANK","EQ","04-Apr-2022","1,506.00","1,580.00","1,722.10","1,562.55","1,654.10","1,656.80","1,651.17","4,87,25,485","80,45,39,72,718.55","9,20,761","1,95,54,980","40.13"
"HDFCBANK","EQ","01-Apr-2022","1,470.35","1,476.40","1,510.00","1,470.30","1,507.50","1,506.00","1,494.73","72,84,278","10,88,80,17,388.80","2,25,554","47,98,533","65.88"
"HDFCBANK","EQ","31-Mar-2022","1,476.95","1,471.00","1,484.70","1,465.90","1,470.00","1,470.35","1,473.98","71,47,857","10,53,58,00,362.90","1,75,701","39,77,915","55.65"
"HDFCBANK","EQ","30-Mar-2022","1,451.80","1,472.00","1,482.75","1,454.05","1,476.00","1,476.95","1,468.52","1,00,54,871","14,76,57,80,325.45","2,25,951","70,90,115","70.51"
"HDFCBANK","EQ","29-Mar-2022","1,432.80","1,441.00","1,460.25","1,430.00","1,458.00","1,451.80","1,442.08","61,88,724","8,92,46,54,172.95","2,03,589","39,47,381","63.78"
"HDFCBANK","EQ","28-Mar-2022","1,430.90","1,430.90","1,438.00","1,401.60","1,436.00","1,432.80","1,417.35","78,77,443","11,16,50,74,398.95","2,63,045","46,59,853","59.15"
"HDFCBANK","EQ","25-Mar-2022","1,442.65","1,451.00","1,452.00","1,419.00","1,436.80","1,430.90","1,430.95","81,83,231","11,70,97,62,372.25","2,23,085","52,10,224","63.67"
"HDFCBANK","EQ","24-Mar-2022","1,479.25","1,466.00","1,469.65","1,434.55","1,442.90","1,442.65","1,449.15","1,00,80,022","14,60,74,32,713.30","2,47,575","56,45,030","56.00"
"HDFCBANK","EQ","23-Mar-2022","1,494.15","1,507.00","1,518.80","1,473.60","1,479.15","1,479.25","1,481.70","1,55,94,128","23,10,58,06,046.35","2,01,491","1,26,17,083","80.91"
"HDFCBANK","EQ","22-Mar-2022","1,486.50","1,481.30","1,498.00","1,457.20","1,496.80","1,494.15","1,478.67","52,30,907","7,73,47,91,215.15","2,17,951","25,96,078","49.63"
"HDFCBANK","EQ","21-Mar-2022","1,480.05","1,487.00","1,493.65","1,472.80","1,487.40","1,486.50","1,484.44","61,28,938","9,09,80,11,072.35","2,04,348","40,58,527","66.22"
"HDFCBANK","EQ","17-Mar-2022","1,448.15","1,472.00","1,489.80","1,470.55","1,477.95","1,480.05","1,482.21","74,11,977","10,98,60,72,825.80","2,37,930","44,37,033","59.86"
"HDFCBANK","EQ","16-Mar-2022","1,424.00","1,447.00","1,455.00","1,436.20","1,445.95","1,448.15","1,446.50","66,82,054","9,66,56,23,348.95","2,23,791","44,12,774","66.04"
"HDFCBANK","EQ","15-Mar-2022","1,442.55","1,443.50","1,449.50","1,411.75","1,422.00","1,424.00","1,435.02","94,33,964","13,53,79,48,637.95","2,77,249","60,25,245","63.87"
"HDFCBANK","EQ","14-Mar-2022","1,396.80","1,415.00","1,450.00","1,415.00","1,442.25","1,442.55","1,433.68","1,25,09,063","17,93,39,40,554.75","3,44,549","72,20,428","57.72"
"HDFCBANK","EQ","11-Mar-2022","1,392.70","1,388.00","1,408.95","1,372.70","1,396.00","1,396.80","1,396.47","75,75,390","10,57,87,97,843.20","2,04,283","44,34,451","58.54"
"HDFCBANK","EQ","10-Mar-2022","1,371.15","1,427.00","1,427.00","1,380.25","1,388.90","1,392.70","1,404.82","1,11,36,603","15,64,48,70,615.70","2,77,256","58,15,424","52.22"
"HDFCBANK","EQ","09-Mar-2022","1,327.80","1,330.00","1,374.70","1,318.85","1,371.05","1,371.15","1,347.62","1,15,67,347","15,58,83,58,448.15","3,30,592","74,59,892","64.49"
"HDFCBANK","EQ","08-Mar-2022","1,324.80","1,302.20","1,334.00","1,292.00","1,333.00","1,327.80","1,305.18","1,96,06,246","25,58,96,77,980.15","5,27,016","1,19,34,591","60.87"
"HDFCBANK","EQ","07-Mar-2022","1,366.50","1,318.50","1,332.35","1,297.05","1,326.00","1,324.80","1,314.70","1,35,27,229","17,78,42,38,071.95","4,26,139","84,18,793","62.24"
"HDFCBANK","EQ","04-Mar-2022","1,371.00","1,360.00","1,386.00","1,336.90","1,364.95","1,366.50","1,359.66","1,06,09,682","14,42,55,84,670.80","3,51,310","70,05,918","66.03"
"HDFCBANK","EQ","03-Mar-2022","1,374.25","1,381.00","1,392.00","1,362.90","1,373.35","1,371.00","1,377.34","87,63,961","12,07,09,39,839.35","3,55,777","56,07,536","63.98"
"HDFCBANK","EQ","02-Mar-2022","1,426.25","1,386.50","1,398.40","1,354.40","1,378.55","1,374.25","1,372.96","1,92,52,780","26,43,33,16,653.60","5,90,118","1,35,93,351","70.60"
"HDFCBANK","EQ","28-Feb-2022","1,456.10","1,426.00","1,438.55","1,414.05","1,428.80","1,426.25","1,424.95","1,24,40,416","17,72,69,91,025.25","3,37,515","92,06,870","74.01"
"HDFCBANK","EQ","25-Feb-2022","1,419.40","1,439.95","1,465.90","1,432.85","1,456.30","1,456.10","1,454.62","91,59,327","13,32,33,09,790.05","2,04,609","62,57,959","68.32"
"HDFCBANK","EQ","24-Feb-2022","1,500.90","1,449.90","1,474.95","1,407.15","1,410.20","1,419.40","1,448.27","1,18,15,383","17,11,18,12,498.00","3,64,952","71,59,199","60.59"
"HDFCBANK","EQ","23-Feb-2022","1,510.70","1,525.10","1,525.70","1,495.65","1,500.00","1,500.90","1,511.14","45,14,781","6,82,24,87,865.95","1,82,373","28,97,494","64.18"
"HDFCBANK","EQ","22-Feb-2022","1,522.10","1,489.80","1,522.10","1,487.95","1,508.00","1,510.70","1,508.83","47,68,098","7,19,42,45,650.20","2,38,977","23,62,526","49.55"
"HDFCBANK","EQ","21-Feb-2022","1,512.35","1,504.00","1,530.70","1,495.55","1,523.45","1,522.10","1,518.53","37,34,033","5,67,02,27,018.00","1,48,113","18,43,676","49.37"
"HDFCBANK","EQ","18-Feb-2022","1,506.50","1,498.30","1,517.00","1,490.45","1,511.00","1,512.35","1,505.99","38,98,064","5,87,04,62,943.20","1,35,186","22,21,655","56.99"
"HDFCBANK","EQ","17-Feb-2022","1,515.75","1,513.10","1,522.00","1,502.00","1,504.45","1,506.50","1,511.79","36,75,604","5,55,67,43,520.45","1,24,317","17,87,207","48.62"
"HDFCBANK","EQ","16-Feb-2022","1,517.80","1,534.35","1,534.75","1,507.00","1,512.50","1,515.75","1,521.07","50,16,132","7,62,98,65,425.35","1,42,489","29,24,735","58.31"
"HDFCBANK","EQ","15-Feb-2022","1,473.70","1,476.00","1,524.90","1,473.05","1,519.45","1,517.80","1,499.93","65,67,533","9,85,08,25,873.15","2,13,639","41,45,769","63.13"
"HDFCBANK","EQ","14-Feb-2022","1,518.85","1,490.00","1,499.45","1,469.30","1,472.00","1,473.70","1,479.38","73,28,310","10,84,13,72,315.75","2,28,169","54,09,143","73.81"
"HDFCBANK","EQ","11-Feb-2022","1,525.10","1,500.25","1,525.00","1,499.50","1,516.00","1,518.85","1,514.35","53,55,552","8,11,01,62,062.90","1,43,617","37,04,108","69.16"
"HDFCBANK","EQ","10-Feb-2022","1,497.60","1,514.00","1,535.50","1,501.65","1,523.60","1,525.10","1,523.34","71,57,265","10,90,29,40,455.85","2,13,562","46,16,913","64.51"
"HDFCBANK","EQ","09-Feb-2022","1,461.85","1,474.00","1,499.70","1,467.00","1,498.40","1,497.60","1,487.26","56,54,171","8,40,92,11,754.95","1,52,404","33,79,878","59.78"
"HDFCBANK","EQ","08-Feb-2022","1,468.15","1,476.40","1,478.45","1,444.55","1,458.00","1,461.85","1,459.69","69,90,565","10,20,40,65,680.95","2,17,552","41,97,709","60.05"
"HDFCBANK","EQ","07-Feb-2022","1,524.00","1,512.10","1,519.00","1,460.00","1,471.05","1,468.15","1,478.57","61,34,021","9,06,95,79,092.75","2,63,901","37,93,237","61.84"
"HDFCBANK","EQ","04-Feb-2022","1,515.35","1,528.40","1,532.85","1,514.10","1,521.10","1,524.00","1,523.56","57,89,979","8,82,13,62,879.95","1,68,452","39,67,301","68.52"
"HDFCBANK","EQ","03-Feb-2022","1,531.20","1,528.75","1,539.95","1,509.00","1,510.40","1,515.35","1,527.81","52,82,381","8,07,04,75,923.25","2,80,078","35,47,783","67.16"
"HDFCBANK","EQ","02-Feb-2022","1,497.00","1,511.95","1,535.00","1,505.60","1,535.00","1,531.20","1,526.26","69,84,645","10,66,03,87,041.25","1,82,857","46,95,614","67.23"
"HDFCBANK","EQ","01-Feb-2022","1,485.70","1,508.50","1,517.00","1,473.45","1,500.00","1,497.00","1,500.43","73,69,742","11,05,77,83,148.00","2,09,907","35,75,266","48.51"
"HDFCBANK","EQ","31-Jan-2022","1,463.25","1,472.75","1,491.55","1,466.80","1,484.55","1,485.70","1,479.18","64,21,273","9,49,82,16,296.10","1,78,623","39,81,352","62.00"
"HDFCBANK","EQ","28-Jan-2022","1,474.95","1,477.50","1,486.70","1,460.00","1,463.25","1,463.25","1,475.50","1,24,62,604","18,38,86,22,965.70","3,10,264","91,79,509","73.66"
"HDFCBANK","EQ","27-Jan-2022","1,488.05","1,450.00","1,485.00","1,435.00","1,482.00","1,474.95","1,454.91","1,43,08,919","20,81,81,70,830.00","3,98,704","90,49,568","63.24"
"HDFCBANK","EQ","25-Jan-2022","1,486.65","1,458.65","1,495.00","1,444.00","1,490.25","1,488.05","1,467.17","67,97,124","9,97,25,48,095.60","3,07,977","35,19,095","51.77"
"HDFCBANK","EQ","24-Jan-2022","1,521.60","1,509.95","1,521.25","1,467.55","1,484.60","1,486.65","1,493.60","59,34,254","8,86,34,01,561.75","2,11,145","35,47,344","59.78"
"HDFCBANK","EQ","21-Jan-2022","1,509.00","1,500.00","1,529.80","1,485.60","1,527.70","1,521.60","1,509.69","57,68,847","8,70,91,64,177.35","1,84,858","35,48,919","61.52"
"HDFCBANK","EQ","20-Jan-2022","1,518.45","1,528.45","1,528.50","1,500.10","1,512.00","1,509.00","1,512.74","75,98,923","11,49,52,22,004.60","1,87,879","52,45,213","69.03"
"HDFCBANK","EQ","19-Jan-2022","1,529.25","1,534.00","1,539.75","1,513.35","1,519.10","1,518.45","1,525.22","71,58,813","10,91,87,35,959.45","2,27,709","42,33,848","59.14"
"HDFCBANK","EQ","18-Jan-2022","1,521.50","1,533.00","1,550.90","1,523.00","1,528.10","1,529.25","1,536.97","61,70,576","9,48,39,60,773.90","2,02,364","26,41,844","42.81"
"HDFCBANK","EQ","17-Jan-2022","1,545.15","1,530.00","1,556.00","1,519.15","1,523.50","1,521.50","1,530.58","1,14,94,686","17,59,35,33,649.05","2,94,100","70,79,977","61.59"
"HDFCBANK","EQ","14-Jan-2022","1,528.00","1,530.00","1,548.70","1,519.00","1,543.80","1,545.15","1,535.22","56,04,484","8,60,41,02,722.25","1,49,071","32,41,415","57.84"
"HDFCBANK","EQ","13-Jan-2022","1,556.65","1,555.00","1,555.00","1,520.40","1,529.00","1,528.00","1,532.69","2,09,81,948","32,15,87,17,522.45","2,59,715","1,34,11,804","63.92"
"HDFCBANK","EQ","12-Jan-2022","1,565.90","1,568.00","1,576.65","1,552.00","1,556.15","1,556.65","1,564.75","1,05,42,765","16,49,67,87,237.55","2,39,760","84,72,922","80.37"
"HDFCBANK","EQ","11-Jan-2022","1,559.15","1,561.55","1,568.70","1,547.80","1,566.00","1,565.90","1,558.68","41,94,599","6,53,80,55,144.40","1,66,520","26,92,404","64.19"
"HDFCBANK","EQ","10-Jan-2022","1,550.55","1,558.00","1,572.00","1,545.50","1,561.00","1,559.15","1,556.89","44,28,248","6,89,43,10,964.25","1,59,643","27,24,323","61.52"
"HDFCBANK","EQ","07-Jan-2022","1,539.75","1,544.00","1,566.75","1,535.90","1,552.75","1,550.55","1,552.05","55,89,692","8,67,54,65,609.40","1,66,966","33,18,463","59.37"
"HDFCBANK","EQ","06-Jan-2022","1,564.85","1,543.00","1,554.75","1,530.05","1,540.00","1,539.75","1,540.71","48,14,465","7,41,76,94,108.65","1,43,958","26,10,792","54.23"
"HDFCBANK","EQ","05-Jan-2022","1,528.55","1,536.80","1,572.00","1,528.10","1,562.10","1,564.85","1,554.91","71,66,319","11,14,29,88,763.20","2,08,851","43,30,325","60.43"
"HDFCBANK","EQ","04-Jan-2022","1,519.65","1,520.00","1,532.90","1,507.80","1,528.05","1,528.55","1,521.68","44,28,676","6,73,90,31,718.85","1,34,455","22,90,497","51.72"
"HDFCBANK","EQ","03-Jan-2022","1,479.40","1,485.00","1,523.00","1,480.50","1,519.80","1,519.65","1,507.81","45,34,592","6,83,73,17,353.95","1,49,449","25,47,793","56.19"
"HDFCBANK","EQ","31-Dec-2021","1,461.50","1,461.50","1,484.80","1,461.50","1,481.00","1,479.40","1,478.42","31,62,868","4,67,60,36,651.65","1,23,205","22,13,965","70.00"
"HDFCBANK","EQ","30-Dec-2021","1,453.85","1,458.50","1,466.85","1,445.00","1,464.00","1,461.50","1,459.33","36,07,959","5,26,51,99,026.30","97,583","21,72,466","60.21"
"HDFCBANK","EQ","29-Dec-2021","1,460.80","1,456.05","1,461.00","1,447.40","1,451.00","1,453.85","1,455.12","38,34,351","5,57,94,43,240.75","1,14,258","26,99,942","70.41"
"HDFCBANK","EQ","28-Dec-2021","1,450.80","1,460.70","1,466.90","1,453.40","1,460.95","1,460.80","1,460.32","27,25,339","3,97,98,61,736.65","1,15,091","15,37,103","56.40"
"HDFCBANK","EQ","27-Dec-2021","1,438.90","1,428.90","1,454.00","1,422.15","1,453.00","1,450.80","1,440.89","23,52,549","3,38,97,65,991.15","1,02,204","10,59,977","45.06"
"HDFCBANK","EQ","24-Dec-2021","1,444.10","1,445.50","1,452.00","1,428.00","1,439.45","1,438.90","1,438.31","27,80,512","3,99,92,33,572.85","1,10,788","13,33,057","47.94"
"HDFCBANK","EQ","23-Dec-2021","1,445.20","1,453.25","1,457.80","1,436.85","1,438.70","1,444.10","1,449.12","48,89,583","7,08,56,01,869.05","1,62,623","34,88,706","71.35"
"HDFCBANK","EQ","22-Dec-2021","1,441.80","1,452.30","1,456.00","1,435.70","1,447.50","1,445.20","1,443.59","42,88,742","6,19,11,98,173.75","1,67,203","26,21,782","61.13"
"HDFCBANK","EQ","21-Dec-2021","1,425.65","1,439.50","1,450.75","1,430.00","1,444.65","1,441.80","1,441.88","45,59,375","6,57,40,78,457.00","1,71,631","29,26,685","64.19"
"HDFCBANK","EQ","20-Dec-2021","1,473.05","1,452.00","1,458.00","1,414.10","1,424.50","1,425.65","1,426.64","1,05,78,334","15,09,14,75,327.05","4,11,439","61,30,252","57.95"
"HDFCBANK","EQ","17-Dec-2021","1,500.10","1,497.00","1,506.00","1,467.70","1,476.00","1,473.05","1,479.06","74,97,384","11,08,90,43,997.50","1,94,713","43,84,118","58.48"
"HDFCBANK","EQ","16-Dec-2021","1,500.00","1,512.80","1,517.00","1,494.00","1,503.35","1,500.10","1,505.13","66,05,216","9,94,17,39,913.65","1,79,348","43,27,258","65.51"
"HDFCBANK","EQ","15-Dec-2021","1,502.45","1,503.00","1,523.35","1,495.65","1,500.00","1,500.00","1,504.12","50,57,574","7,60,71,73,782.90","1,33,205","32,07,512","63.42"
"HDFCBANK","EQ","14-Dec-2021","1,511.15","1,502.50","1,516.00","1,497.05","1,504.00","1,502.45","1,505.10","45,95,550","6,91,67,56,665.40","1,75,566","27,80,047","60.49"
"HDFCBANK","EQ","13-Dec-2021","1,522.55","1,526.00","1,537.65","1,507.20","1,513.20","1,511.15","1,523.63","51,61,071","7,86,35,62,721.05","1,43,473","30,12,915","58.38"
"HDFCBANK","EQ","10-Dec-2021","1,526.85","1,524.90","1,528.00","1,508.45","1,524.00","1,522.55","1,521.33","38,89,692","5,91,75,12,516.45","1,23,564","25,03,457","64.36"
"HDFCBANK","EQ","09-Dec-2021","1,553.80","1,545.20","1,554.70","1,522.00","1,526.00","1,526.85","1,530.57","58,73,872","8,99,03,97,300.15","1,48,558","39,00,369","66.40"
"HDFCBANK","EQ","08-Dec-2021","1,525.70","1,536.00","1,555.05","1,534.00","1,553.50","1,553.80","1,545.20","76,47,767","11,81,73,05,888.55","2,29,215","56,41,750","73.77"
"HDFCBANK","EQ","07-Dec-2021","1,503.80","1,513.95","1,532.00","1,509.90","1,524.65","1,525.70","1,523.82","62,13,767","9,46,86,35,108.15","1,48,533","43,33,305","69.74"
"HDFCBANK","EQ","06-Dec-2021","1,513.55","1,513.00","1,518.80","1,497.35","1,504.70","1,503.80","1,507.25","35,14,766","5,29,76,35,143.40","1,41,743","18,70,296","53.21"
"HDFCBANK","EQ","03-Dec-2021","1,525.75","1,525.80","1,535.95","1,507.05","1,514.00","1,513.55","1,522.48","40,62,347","6,18,48,45,154.85","1,43,318","27,22,337","67.01"
"HDFCBANK","EQ","02-Dec-2021","1,504.65","1,504.50","1,528.80","1,500.00","1,526.00","1,525.75","1,519.11","56,01,555","8,50,93,95,043.85","1,87,845","38,34,955","68.46"
"HDFCBANK","EQ","01-Dec-2021","1,493.55","1,495.00","1,507.05","1,489.10","1,506.40","1,504.65","1,500.08","43,38,817","6,50,85,62,416.95","1,62,233","26,02,790","59.99"
"HDFCBANK","EQ","30-Nov-2021","1,501.25","1,495.00","1,529.00","1,486.55","1,490.80","1,493.55","1,508.60","1,26,10,771","19,02,46,41,550.10","2,57,120","91,36,547","72.45"
"HDFCBANK","EQ","29-Nov-2021","1,489.90","1,494.80","1,507.65","1,462.00","1,499.05","1,501.25","1,489.00","64,95,498","9,67,17,97,937.90","2,02,157","40,00,943","61.60"
"HDFCBANK","EQ","26-Nov-2021","1,525.95","1,500.00","1,506.70","1,485.00","1,489.50","1,489.90","1,497.04","93,12,468","13,94,11,34,793.15","2,50,716","71,21,233","76.47"
"HDFCBANK","EQ","25-Nov-2021","1,518.05","1,514.80","1,533.30","1,507.00","1,522.80","1,525.95","1,518.57","51,25,826","7,78,39,49,039.15","1,38,468","34,49,892","67.30"
"HDFCBANK","EQ","24-Nov-2021","1,515.55","1,524.00","1,536.35","1,514.05","1,516.95","1,518.05","1,524.49","1,54,01,143","23,47,88,56,200.40","1,41,801","1,32,38,732","85.96"
"HDFCBANK","EQ","23-Nov-2021","1,515.35","1,502.00","1,527.80","1,496.35","1,517.00","1,515.55","1,517.40","56,17,607","8,52,41,61,069.85","1,64,898","34,30,808","61.07"
"HDFCBANK","EQ","22-Nov-2021","1,539.40","1,546.00","1,552.70","1,499.05","1,520.95","1,515.35","1,524.17","76,30,636","11,63,03,87,262.15","2,22,669","51,81,802","67.91"
"HDFCBANK","EQ","18-Nov-2021","1,530.80","1,526.05","1,543.50","1,525.25","1,538.50","1,539.40","1,536.60","45,76,437","7,03,21,68,198.55","1,81,690","27,75,777","60.65"
"HDFCBANK","EQ","17-Nov-2021","1,548.00","1,536.90","1,544.00","1,528.50","1,531.20","1,530.80","1,535.47","37,99,439","5,83,39,10,234.85","1,45,953","24,26,211","63.86"
"HDFCBANK","EQ","16-Nov-2021","1,557.25","1,555.00","1,557.20","1,541.60","1,547.55","1,548.00","1,548.02","41,22,703","6,38,20,46,601.15","1,39,578","31,20,847","75.70"
"HDFCBANK","EQ","15-Nov-2021","1,553.00","1,562.10","1,571.85","1,554.40","1,555.00","1,557.25","1,561.48","47,66,797","7,44,32,40,911.85","2,31,105","33,48,551","70.25"
"HDFCBANK","EQ","12-Nov-2021","1,548.30","1,550.00","1,559.05","1,545.05","1,554.45","1,553.00","1,551.65","74,57,046","11,57,07,22,042.80","1,70,825","60,28,992","80.85"
"HDFCBANK","EQ","11-Nov-2021","1,555.25","1,550.05","1,554.90","1,535.60","1,549.60","1,548.30","1,543.95","39,99,702","6,17,53,23,288.30","1,57,896","23,59,811","59.00"
"HDFCBANK","EQ","10-Nov-2021","1,572.25","1,568.00","1,569.00","1,550.00","1,555.00","1,555.25","1,556.97","68,57,063","10,67,62,61,141.35","2,33,747","53,16,027","77.53"
"HDFCBANK","EQ","09-Nov-2021","1,600.25","1,594.60","1,594.60","1,569.05","1,573.00","1,572.25","1,576.98","63,47,738","10,01,02,75,270.50","2,40,815","46,13,239","72.68"
"HDFCBANK","EQ","08-Nov-2021","1,593.95","1,592.10","1,604.70","1,570.45","1,600.00","1,600.25","1,586.02","94,71,790","15,02,24,53,102.50","2,01,396","74,15,309","78.29"
"HDFCBANK","EQ","04-Nov-2021","1,581.45","1,595.00","1,597.85","1,590.10","1,595.20","1,593.95","1,594.17","5,48,404","87,42,47,081.10","41,400","3,27,517","59.72"
"HDFCBANK","EQ","03-Nov-2021","1,606.75","1,605.10","1,609.90","1,575.55","1,582.00","1,581.45","1,596.24","51,03,669","8,14,66,88,582.90","1,71,297","30,13,031","59.04"
"HDFCBANK","EQ","02-Nov-2021","1,605.30","1,606.00","1,622.00","1,600.05","1,605.00","1,606.75","1,610.07","66,18,861","10,65,68,13,765.40","1,90,992","43,27,632","65.38"
"HDFCBANK","EQ","01-Nov-2021","1,582.85","1,585.00","1,611.00","1,583.55","1,609.00","1,605.30","1,594.91","40,61,160","6,47,71,68,351.50","1,54,509","21,86,450","53.84"
"HDFCBANK","EQ","29-Oct-2021","1,593.60","1,590.00","1,602.00","1,560.00","1,587.90","1,582.85","1,584.16","62,03,437","9,82,72,17,126.80","1,87,391","35,09,518","56.57"
"HDFCBANK","EQ","28-Oct-2021","1,642.80","1,650.00","1,650.00","1,587.15","1,592.40","1,593.60","1,617.53","88,98,875","14,39,42,11,074.40","1,97,678","53,21,326","59.80"
"HDFCBANK","EQ","27-Oct-2021","1,652.75","1,652.75","1,665.05","1,637.30","1,642.70","1,642.80","1,649.62","66,24,821","10,92,84,33,828.30","1,59,662","48,49,303","73.20"
"HDFCBANK","EQ","26-Oct-2021","1,657.00","1,650.00","1,673.85","1,646.35","1,655.45","1,652.75","1,656.80","60,45,328","10,01,58,73,516.45","1,67,665","42,94,683","71.04"
"HDFCBANK","EQ","25-Oct-2021","1,680.75","1,690.00","1,690.00","1,613.80","1,657.30","1,657.00","1,654.95","82,13,383","13,59,27,47,672.70","2,30,480","40,06,629","48.78"
"HDFCBANK","EQ","22-Oct-2021","1,676.30","1,680.10","1,708.00","1,670.75","1,683.00","1,680.75","1,692.82","60,87,777","10,30,55,20,528.65","1,73,531","31,71,466","52.10"
"HDFCBANK","EQ","21-Oct-2021","1,673.85","1,671.80","1,681.95","1,660.85","1,680.00","1,676.30","1,672.14","48,69,095","8,14,18,31,326.95","1,81,241","29,26,337","60.10"
"HDFCBANK","EQ","20-Oct-2021","1,688.70","1,689.10","1,698.75","1,664.45","1,675.60","1,673.85","1,676.16","54,54,284","9,14,22,41,514.60","1,87,374","35,21,937","64.57"
"HDFCBANK","EQ","19-Oct-2021","1,670.30","1,675.45","1,692.45","1,671.00","1,687.60","1,688.70","1,685.37","44,93,770","7,57,36,46,982.90","1,46,669","22,18,411","49.37"
"HDFCBANK","EQ","18-Oct-2021","1,687.40","1,705.00","1,725.00","1,667.05","1,674.50","1,670.30","1,690.00","1,44,28,228","24,38,37,00,241.85","4,13,049","82,20,482","56.97"
"HDFCBANK","EQ","14-Oct-2021","1,639.40","1,638.00","1,690.00","1,638.00","1,687.00","1,687.40","1,668.19","73,78,644","12,30,89,70,465.55","2,18,094","38,35,435","51.98"
"HDFCBANK","EQ","13-Oct-2021","1,629.60","1,637.00","1,648.00","1,630.00","1,637.00","1,639.40","1,638.14","31,12,822","5,09,92,33,631.50","1,21,391","17,98,733","57.78"
"HDFCBANK","EQ","12-Oct-2021","1,633.80","1,625.00","1,641.55","1,625.00","1,630.00","1,629.60","1,632.78","40,88,473","6,67,55,77,153.90","1,27,205","21,49,685","52.58"
"HDFCBANK","EQ","11-Oct-2021","1,602.65","1,599.90","1,645.00","1,599.00","1,633.10","1,633.80","1,631.24","65,40,424","10,66,90,09,659.45","1,99,109","42,88,726","65.57"
"HDFCBANK","EQ","08-Oct-2021","1,610.50","1,612.00","1,622.00","1,600.15","1,607.00","1,602.65","1,612.01","36,22,781","5,83,99,65,046.25","1,80,918","22,98,470","63.44"
"HDFCBANK","EQ","07-Oct-2021","1,614.90","1,626.60","1,627.70","1,607.00","1,610.40","1,610.50","1,617.47","56,32,862","9,11,09,70,657.30","1,79,258","34,60,296","61.43"
"HDFCBANK","EQ","06-Oct-2021","1,595.45","1,596.00","1,626.85","1,587.00","1,613.00","1,614.90","1,614.91","93,00,415","15,01,93,64,575.35","1,98,719","62,27,027","66.95"
"HDFCBANK","EQ","05-Oct-2021","1,585.75","1,592.00","1,597.50","1,576.25","1,593.80","1,595.45","1,589.01","51,28,589","8,14,93,78,134.45","1,54,894","33,46,622","65.25"
"HDFCBANK","EQ","04-Oct-2021","1,582.70","1,589.00","1,601.35","1,583.60","1,588.00","1,585.75","1,591.34","35,25,514","5,61,03,00,755.65","1,41,789","22,40,254","63.54"
"HDFCBANK","EQ","01-Oct-2021","1,594.95","1,583.00","1,589.00","1,565.25","1,585.65","1,582.70","1,577.48","55,64,298","8,77,75,82,941.65","1,45,318","38,62,291","69.41"
"HDFCBANK","EQ","30-Sep-2021","1,593.85","1,586.00","1,606.35","1,583.10","1,592.85","1,594.95","1,594.87","79,87,674","12,73,92,78,381.65","2,16,914","42,13,557","52.75"
"HDFCBANK","EQ","29-Sep-2021","1,615.05","1,597.00","1,606.60","1,585.15","1,594.85","1,593.85","1,595.02","81,31,518","12,96,99,42,389.35","1,80,383","54,00,885","66.42"
"HDFCBANK","EQ","28-Sep-2021","1,625.10","1,632.00","1,632.00","1,582.00","1,606.80","1,615.05","1,605.07","63,86,895","10,25,14,17,507.15","1,93,041","34,72,588","54.37"
"HDFCBANK","EQ","27-Sep-2021","1,601.55","1,615.70","1,635.50","1,608.00","1,625.00","1,625.10","1,626.52","82,07,731","13,35,00,52,031.55","2,45,375","50,61,617","61.67"
"HDFCBANK","EQ","24-Sep-2021","1,570.00","1,579.00","1,607.95","1,575.00","1,599.50","1,601.55","1,593.03","1,04,03,351","16,57,28,94,842.45","2,85,125","62,12,213","59.71"
"HDFCBANK","EQ","23-Sep-2021","1,533.70","1,542.00","1,572.00","1,542.00","1,571.60","1,570.00","1,561.26","68,32,152","10,66,67,87,042.00","2,21,318","43,66,722","63.91"
"HDFCBANK","EQ","22-Sep-2021","1,551.95","1,549.00","1,550.15","1,530.00","1,536.05","1,533.70","1,536.98","52,91,101","8,13,23,32,795.90","2,04,046","30,43,041","57.51"
"HDFCBANK","EQ","21-Sep-2021","1,559.85","1,562.00","1,568.65","1,528.95","1,553.50","1,551.95","1,544.53","73,87,498","11,41,02,02,963.40","1,62,406","46,42,760","62.85"
"HDFCBANK","EQ","20-Sep-2021","1,582.15","1,564.00","1,581.70","1,558.00","1,559.75","1,559.85","1,569.06","43,90,805","6,88,94,37,483.30","1,44,006","26,18,610","59.64"
"HDFCBANK","EQ","17-Sep-2021","1,559.95","1,569.00","1,589.00","1,559.20","1,585.55","1,582.15","1,576.23","1,02,49,051","16,15,48,11,176.70","2,03,624","61,60,971","60.11"
"HDFCBANK","EQ","16-Sep-2021","1,546.80","1,537.75","1,564.30","1,536.30","1,561.00","1,559.95","1,551.38","51,30,275","7,95,89,96,358.25","1,58,542","24,78,795","48.32"
"HDFCBANK","EQ","15-Sep-2021","1,548.55","1,535.00","1,554.80","1,535.00","1,546.75","1,546.80","1,543.76","74,11,499","11,44,15,51,323.50","1,96,864","54,19,693","73.13"
"HDFCBANK","EQ","14-Sep-2021","1,555.55","1,560.00","1,564.50","1,546.60","1,550.00","1,548.55","1,552.26","48,79,253","7,57,38,82,023.65","1,52,737","37,48,148","76.82"
"HDFCBANK","EQ","13-Sep-2021","1,568.60","1,562.00","1,584.00","1,553.65","1,555.75","1,555.55","1,560.43","44,79,582","6,99,00,94,956.85","1,62,851","33,54,836","74.89"