"Symbol  ","Series  ","Date  ","Prev Close  ","Open Price  ","High Price  ","Low Price  ","Last Price  ","Close Price  ","Average Price ","Total Traded Quantity  ","Turnover ₹  ","No. of Trades  ","Deliverable Qty  ","% Dly Qt to Traded Qty  "
"INFY","EQ","11-Sep-2026","1,036.50","1,032.00","1,047.30","1,029.70","1,037.70","1,037.70","1,039.69","61,68,088","6,41,29,29,953.10","1,45,206","31,09,903","56.59"
"INFY","EQ","10-Sep-2026","1,035.00","1,039.60","1,046.60","1,027.30","1,036.50","1,036.50","1,035.09","89,98,529","9,31,42,45,718.70","1,32,817","52,50,417","58.35"
"INFY","EQ","09-Sep-2026","1,082.00","1,059.00","1,059.00","1,026.50","1,035.00","1,035.00","1,038.28","1,35,30,457","14,04,83,85,874.80","2,48,758","80,43,809","59.45"
"INFY","EQ","08-Sep-2026","1,087.50","1,095.00","1,095.00","1,078.90","1,082.00","1,082.00","1,084.29","62,69,037","6,79,74,33,881.60","1,51,673","36,27,483","57.86"
"INFY","EQ","07-Sep-2026","1,130.00","1,109.50","1,109.90","1,085.00","1,087.50","1,087.50","1,094.17","76,68,346","8,39,04,99,184.00","1,95,551","37,94,091","49.48"
"INFY","EQ","04-Sep-2026","1,130.30","1,133.00","1,146.70","1,125.40","1,130.00","1,130.00","1,132.09","58,81,388","6,65,82,77,427.90","1,09,162","38,29,599","65.11"
"INFY","EQ","03-Sep-2026","1,140.00","1,144.00","1,144.00","1,122.50","1,130.30","1,130.30","1,130.60","57,86,250","6,54,19,60,761.60","1,72,536","30,86,150","53.34"
"INFY","EQ","02-Sep-2026","1,156.00","1,137.70","1,147.80","1,118.60","1,140.00","1,140.00","1,134.99","85,64,358","9,72,05,00,603.10","1,92,466","46,96,289","54.84"
"INFY","EQ","01-Sep-2026","1,133.80","1,128.00","1,156.00","1,125.60","1,156.00","1,156.00","1,145.40","1,35,16,123","15,48,13,78,653.40","1,63,276","59,09,583","43.72"
"INFY","EQ","31-Aug-2026","1,144.00","1,138.60","1,143.90","1,111.10","1,133.80","1,133.80","1,125.02","88,08,120","9,90,93,13,175.80","1,18,949","58,22,176","66.10"
"INFY","EQ","28-Aug-2026","1,110.80","1,123.60","1,145.00","1,123.30","1,144.00","1,144.00","1,139.38","96,21,969","10,96,30,88,036.20","1,47,819","59,05,963","61.38"
"INFY","EQ","27-Aug-2026","1,120.00","1,120.00","1,130.70","1,107.20","1,110.80","1,110.80","1,112.52","69,33,998","7,71,41,83,978.30","1,32,760","37,39,281","53.93"
"INFY","EQ","26-Aug-2026","1,144.00","1,142.00","1,142.00","1,118.30","1,120.00","1,120.00","1,125.69","63,23,984","7,11,88,76,913.10","88,562","35,70,273","56.46"
"INFY","EQ","25-Aug-2026","1,130.00","1,132.00","1,144.00","1,119.90","1,144.00","1,144.00","1,126.97","81,21,237","9,15,23,54,371.60","1,30,691","53,21,320","65.52"
"INFY","EQ","24-Aug-2026","1,121.00","1,126.50","1,144.50","1,122.00","1,130.00","1,130.00","1,133.16","85,65,354","9,70,59,45,957.70","1,70,563","46,44,257","54.22"
"INFY","EQ","21-Aug-2026","1,130.00","1,133.00","1,133.50","1,118.00","1,121.00","1,121.00","1,126.04","60,94,967","6,86,31,58,941.30","1,20,734","37,89,460","62.17"
"INFY","EQ","20-Aug-2026","1,119.80","1,143.00","1,144.70","1,125.70","1,130.00","1,130.00","1,134.18","85,59,841","9,70,84,37,176.30","1,70,960","42,01,639","49.09"
"INFY","EQ","19-Aug-2026","1,115.00","1,125.60","1,134.70","1,113.80","1,119.80","1,119.80","1,120.37","84,08,573","9,42,07,46,982.00","2,44,109","53,74,031","63.91"
"INFY","EQ","18-Aug-2026","1,139.90","1,124.50","1,131.90","1,112.50","1,115.00","1,115.00","1,116.78","88,51,110","9,88,47,51,133.50","1,97,181","53,21,015","60.12"
"INFY","EQ","17-Aug-2026","1,169.20","1,163.90","1,166.50","1,129.70","1,139.90","1,139.90","1,142.87","58,17,153","6,64,82,63,350.20","1,47,213","28,49,720","48.99"
"INFY","EQ","14-Aug-2026","1,175.00","1,170.40","1,174.10","1,158.90","1,169.20","1,169.20","1,166.93","58,44,763","6,82,04,53,891.50","1,36,821","34,93,653","59.77"
"INFY","EQ","13-Aug-2026","1,176.10","1,170.00","1,175.00","1,157.00","1,175.00","1,175.00","1,166.54","62,34,215","7,27,24,56,244.70","1,25,625","33,69,872","54.05"
"INFY","EQ","12-Aug-2026","1,190.70","1,185.60","1,190.40","1,163.30","1,176.10","1,176.10","1,173.38","75,29,777","8,83,52,93,993.20","1,71,090","45,13,205","59.94"
"INFY","EQ","11-Aug-2026","1,183.00","1,188.00","1,193.50","1,182.00","1,190.70","1,190.70","1,188.94","1,01,60,091","12,07,97,53,116.30","1,69,719","57,03,511","56.14"
"INFY","EQ","10-Aug-2026","1,175.10","1,178.10","1,195.00","1,175.20","1,183.00","1,183.00","1,185.17","93,77,001","11,11,33,17,655.60","1,58,965","49,63,541","52.93"
"INFY","EQ","07-Aug-2026","1,165.00","1,160.00","1,183.00","1,155.60","1,175.10","1,175.10","1,175.23","75,81,410","8,90,98,96,939.80","1,76,650","41,82,909","55.17"
"INFY","EQ","06-Aug-2026","1,174.00","1,174.10","1,185.80","1,163.00","1,165.00","1,165.00","1,169.30","85,21,064","9,96,37,00,971.80","1,75,674","43,55,569","51.12"
"INFY","EQ","05-Aug-2026","1,167.50","1,174.70","1,177.50","1,162.30","1,174.00","1,174.00","1,168.01","99,64,155","11,63,82,59,746.10","1,32,200","51,86,041","52.05"
"INFY","EQ","04-Aug-2026","1,180.00","1,168.00","1,175.70","1,153.30","1,167.50","1,167.50","1,160.52","92,43,589","10,72,74,10,174.00","1,30,401","50,31,857","54.44"
"INFY","EQ","03-Aug-2026","1,130.10","1,145.10","1,180.00","1,138.10","1,180.00","1,180.00","1,160.88","85,82,270","9,96,29,89,189.50","1,57,993","42,22,831","49.20"
"INFY","EQ","31-Jul-2026","1,155.10","1,118.90","1,139.30","1,107.20","1,129.90","1,130.10","1,128.12","1,43,67,075","16,20,77,71,804.10","2,71,437","70,32,188","48.95"
"INFY","EQ","30-Jul-2026","1,155.60","1,168.00","1,187.70","1,151.30","1,155.00","1,155.10","1,173.03","2,26,30,218","26,54,58,97,058.20","4,13,605","1,24,57,743","55.05"
"INFY","EQ","29-Jul-2026","1,105.70","1,147.00","1,164.50","1,128.40","1,153.50","1,155.60","1,152.38","3,44,00,369","39,64,21,72,401.80","4,59,638","2,01,31,710","58.52"
"INFY","EQ","28-Jul-2026","1,079.20","1,097.00","1,118.50","1,097.00","1,105.00","1,105.70","1,108.56","2,81,00,895","31,15,15,07,286.70","3,16,063","1,65,12,178","58.76"
"INFY","EQ","27-Jul-2026","1,040.90","1,065.00","1,082.00","1,057.40","1,078.30","1,079.20","1,075.47","1,59,56,349","17,16,05,07,472.60","2,41,917","83,71,338","52.46"
"INFY","EQ","24-Jul-2026","1,047.40","1,028.00","1,043.40","1,013.90","1,039.00","1,040.90","1,030.11","2,90,36,900","29,91,12,99,063.80","3,90,894","1,60,78,498","55.37"
"INFY","EQ","23-Jul-2026","1,052.10","1,046.90","1,058.50","1,032.00","1,052.90","1,047.40","1,045.50","1,37,94,578","14,42,22,43,163.20","2,12,403","71,35,991","51.73"
"INFY","EQ","22-Jul-2026","1,073.50","1,064.00","1,069.30","1,046.20","1,052.00","1,052.10","1,054.05","75,17,203","7,92,35,24,641.50","2,07,323","42,34,284","56.33"
"INFY","EQ","21-Jul-2026","1,087.10","1,080.00","1,094.50","1,067.20","1,070.60","1,073.50","1,074.70","94,85,229","10,19,38,02,082.30","1,87,625","54,21,121","57.15"
"INFY","EQ","20-Jul-2026","1,096.50","1,102.00","1,103.80","1,083.20","1,087.60","1,087.10","1,091.72","63,72,645","6,95,71,62,725.00","1,55,749","33,75,183","52.96"
"INFY","EQ","17-Jul-2026","1,082.40","1,105.00","1,116.80","1,092.00","1,094.20","1,096.50","1,102.00","1,25,47,728","13,82,75,61,159.30","1,70,273","61,30,365","48.86"
"INFY","EQ","16-Jul-2026","1,076.30","1,082.50","1,097.30","1,077.90","1,085.00","1,082.40","1,088.27","85,92,146","9,35,05,44,952.20","1,73,656","45,47,577","52.93"
"INFY","EQ","15-Jul-2026","1,092.90","1,079.00","1,088.10","1,073.00","1,077.40","1,076.30","1,079.35","85,01,933","9,17,65,60,288.40","1,75,275","37,60,766","44.23"
"INFY","EQ","14-Jul-2026","1,102.60","1,107.80","1,113.50","1,090.00","1,092.10","1,092.90","1,099.29","1,48,19,413","16,29,09,05,496.60","2,64,399","74,71,404","50.42"
"INFY","EQ","13-Jul-2026","1,068.00","1,057.10","1,114.90","1,057.10","1,102.60","1,102.60","1,095.60","2,09,94,760","23,00,19,58,436.30","3,38,475","1,09,37,818","52.10"
"INFY","EQ","10-Jul-2026","1,050.80","1,075.00","1,091.30","1,064.70","1,068.70","1,068.00","1,071.86","97,47,266","10,44,76,88,759.10","2,23,565","48,65,063","49.91"
"INFY","EQ","09-Jul-2026","1,069.30","1,062.70","1,062.70","1,040.40","1,055.30","1,050.80","1,052.44","90,03,333","9,47,54,52,928.90","1,74,766","33,45,409","37.16"
"INFY","EQ","08-Jul-2026","1,071.80","1,071.90","1,079.70","1,064.40","1,069.00","1,069.30","1,070.65","1,30,22,221","13,94,21,82,222.50","2,13,848","80,51,297","61.83"
"INFY","EQ","07-Jul-2026","1,042.20","1,040.60","1,087.50","1,040.60","1,071.90","1,071.80","1,074.93","1,88,66,296","20,27,99,30,819.60","3,32,585","92,28,289","48.91"
"INFY","EQ","06-Jul-2026","1,047.20","1,050.10","1,053.00","1,033.00","1,043.80","1,042.20","1,039.08","55,59,747","5,77,70,24,579.70","1,20,352","29,25,455","52.62"
"INFY","EQ","03-Jul-2026","1,040.90","1,063.00","1,068.70","1,042.00","1,047.10","1,047.20","1,051.35","1,16,53,534","12,25,19,84,529.00","3,06,437","56,80,079","48.74"
"INFY","EQ","02-Jul-2026","985.30","1,006.40","1,045.00","1,006.00","1,042.60","1,040.90","1,034.09","1,87,41,111","19,37,99,13,697.50","3,18,388","79,99,570","42.68"
"INFY","EQ","01-Jul-2026","1,000.40","1,006.00","1,014.00","982.40","986.00","985.30","993.98","1,30,37,982","12,95,94,56,154.70","3,01,193","69,41,533","53.24"
"INFY","EQ","30-Jun-2026","1,036.70","1,030.00","1,030.40","996.00","1,006.00","1,000.40","1,007.28","2,41,28,263","24,30,39,60,220.50","4,40,240","1,30,58,140","54.12"
"INFY","BL","29-Jun-2026","1,029.30","1,034.00","1,034.00","1,034.00","1,034.00","1,034.00","1,034.00","5,14,800","53,23,03,200.00","1","-","-"
"INFY","EQ","29-Jun-2026","1,041.20","1,037.10","1,046.60","1,029.10","1,034.00","1,036.70","1,035.17","1,50,80,892","15,61,12,16,315.10","2,48,692","89,09,976","59.08"
"INFY","EQ","25-Jun-2026","1,056.60","1,065.00","1,068.00","1,039.10","1,042.90","1,041.20","1,048.00","1,58,66,779","16,62,84,60,525.50","2,75,365","91,12,752","57.43"
"INFY","EQ","24-Jun-2026","1,029.30","1,040.90","1,065.50","1,037.70","1,056.00","1,056.60","1,050.65","1,23,46,266","12,97,16,00,161.40","2,16,180","55,58,437","45.02"
"INFY","BL","24-Jun-2026","1,505.00","1,029.30","1,029.30","1,029.30","1,029.30","1,029.30","1,029.30","6,13,120","63,10,84,416.00","1","-","-"
"INFY","EQ","23-Jun-2026","1,065.40","1,053.80","1,055.30","1,026.00","1,029.00","1,029.30","1,034.72","1,93,23,064","19,99,40,16,676.90","4,04,611","97,57,180","50.49"
"INFY","EQ","22-Jun-2026","1,051.40","1,055.00","1,080.30","1,055.00","1,065.00","1,065.40","1,067.86","1,01,78,505","10,86,91,91,699.80","1,90,156","42,36,224","41.62"
"INFY","EQ","19-Jun-2026","1,127.50","1,062.30","1,066.00","1,030.00","1,054.20","1,051.40","1,043.82","4,56,65,442","47,66,66,65,585.60","7,65,616","2,25,06,869","49.29"
"INFY","EQ","18-Jun-2026","1,157.70","1,142.90","1,142.90","1,125.30","1,127.40","1,127.50","1,130.34","1,67,81,447","18,96,87,61,942.20","2,13,308","96,21,856","57.34"
"INFY","EQ","17-Jun-2026","1,143.60","1,149.00","1,162.50","1,148.00","1,156.00","1,157.70","1,157.38","59,95,119","6,93,86,01,945.20","1,25,573","28,18,504","47.01"
"INFY","EQ","16-Jun-2026","1,134.90","1,136.90","1,153.80","1,123.20","1,145.00","1,143.60","1,140.85","1,04,56,090","11,92,88,04,188.90","1,62,431","50,98,711","48.76"
"INFY","EQ","15-Jun-2026","1,116.40","1,130.00","1,151.00","1,123.00","1,135.60","1,134.90","1,135.97","78,56,192","8,92,43,77,450.20","1,29,357","39,64,378","50.46"
"INFY","EQ","12-Jun-2026","1,114.60","1,120.00","1,123.30","1,111.50","1,118.50","1,116.40","1,116.40","80,75,333","9,01,53,14,182.30","1,51,562","49,56,397","61.38"
"INFY","EQ","11-Jun-2026","1,145.30","1,129.70","1,133.70","1,109.00","1,119.50","1,114.60","1,116.74","93,72,176","10,46,62,92,643.10","2,45,811","41,16,938","43.93"
"INFY","EQ","10-Jun-2026","1,180.30","1,160.10","1,171.40","1,143.30","1,144.00","1,145.30","1,154.24","88,87,626","10,25,84,50,697.60","1,74,623","42,58,395","47.91"
"INFY","EQ","09-Jun-2026","1,187.60","1,193.60","1,193.60","1,167.30","1,181.70","1,180.30","1,176.06","1,09,84,054","12,91,79,03,889.00","1,90,190","53,96,204","49.13"
"INFY","EQ","08-Jun-2026","1,197.50","1,177.50","1,200.70","1,176.50","1,187.00","1,187.60","1,189.58","86,31,711","10,26,81,42,160.10","1,64,182","47,35,993","54.87"
"INFY","EQ","05-Jun-2026","1,201.30","1,220.00","1,223.80","1,194.30","1,199.00","1,197.50","1,201.93","86,92,290","10,44,75,14,955.60","1,38,390","49,02,149","56.40"
"INFY","EQ","04-Jun-2026","1,222.60","1,208.00","1,215.20","1,196.20","1,204.40","1,201.30","1,203.46","1,27,55,957","15,35,12,98,787.80","2,06,266","59,34,118","46.52"
"INFY","EQ","03-Jun-2026","1,270.80","1,242.10","1,249.90","1,216.00","1,220.50","1,222.60","1,225.95","1,85,34,303","22,72,21,20,449.40","3,53,815","1,06,26,302","57.33"
"INFY","EQ","02-Jun-2026","1,202.50","1,232.50","1,278.90","1,232.50","1,270.00","1,270.80","1,263.28","3,60,32,600","45,51,91,12,148.80","4,97,139","2,09,83,487","58.23"
"INFY","EQ","01-Jun-2026","1,160.90","1,175.00","1,217.00","1,173.70","1,203.50","1,202.50","1,205.22","1,94,39,331","23,42,86,14,350.30","2,61,853","82,38,710","42.38"
"INFY","EQ","29-May-2026","1,159.90","1,182.00","1,210.00","1,153.60","1,156.40","1,160.90","1,169.50","6,90,85,430","80,79,53,33,060.80","3,92,999","4,79,11,031","69.35"
"INFY","EQ","27-May-2026","1,167.70","1,161.00","1,167.30","1,155.00","1,162.00","1,159.90","1,160.50","63,71,871","7,39,45,29,529.50","1,35,727","25,85,058","40.57"
"INFY","EQ","26-May-2026","1,168.50","1,166.30","1,180.70","1,162.90","1,166.00","1,167.70","1,172.18","80,05,767","9,38,41,92,190.60","1,51,193","43,23,399","54.00"
"INFY","EQ","25-May-2026","1,174.50","1,183.00","1,185.00","1,166.10","1,168.00","1,168.50","1,173.45","58,56,136","6,87,18,86,851.00","1,02,287","32,85,372","56.10"
"INFY","EQ","22-May-2026","1,181.20","1,182.50","1,191.80","1,172.50","1,175.00","1,174.50","1,179.30","88,03,066","10,38,14,17,170.70","1,52,471","58,07,661","65.97"
"INFY","EQ","21-May-2026","1,193.70","1,196.10","1,201.80","1,177.00","1,178.20","1,181.20","1,185.68","1,00,21,033","11,88,17,71,275.10","1,92,009","52,05,193","51.94"
"INFY","EQ","20-May-2026","1,196.90","1,187.00","1,206.90","1,184.90","1,190.00","1,193.70","1,195.38","1,51,21,010","18,07,53,35,888.50","1,80,970","1,05,10,891","69.51"
"INFY","EQ","19-May-2026","1,142.50","1,162.00","1,198.40","1,162.00","1,194.00","1,196.90","1,190.55","3,21,75,705","38,30,68,60,777.50","3,77,426","2,21,02,537","68.69"
"INFY","EQ","18-May-2026","1,119.00","1,119.00","1,146.10","1,118.00","1,145.60","1,142.50","1,134.98","1,20,96,377","13,72,91,12,433.30","3,22,692","60,58,529","50.09"
"INFY","EQ","15-May-2026","1,095.00","1,102.00","1,133.20","1,101.60","1,116.00","1,119.00","1,120.63","1,74,82,450","19,59,13,03,917.70","2,43,995","1,08,52,181","62.07"
"INFY","EQ","14-May-2026","1,123.10","1,119.80","1,121.90","1,089.00","1,094.10","1,095.00","1,098.25","1,69,14,842","18,57,66,54,825.50","5,61,427","94,37,024","55.79"
"INFY","EQ","13-May-2026","1,140.30","1,136.60","1,142.60","1,121.00","1,123.40","1,123.10","1,128.99","66,64,111","7,52,37,46,916.20","2,29,143","35,33,941","53.03"
"INFY","EQ","12-May-2026","1,177.00","1,162.00","1,162.00","1,123.00","1,139.70","1,140.30","1,137.20","1,68,91,948","19,20,94,76,661.90","3,59,355","86,94,986","51.47"
"INFY","EQ","11-May-2026","1,179.20","1,176.00","1,187.00","1,172.10","1,176.00","1,177.00","1,180.51","73,36,288","8,66,05,45,241.40","1,54,970","45,03,512","61.39"
"INFY","EQ","08-May-2026","1,162.70","1,161.00","1,183.50","1,158.80","1,179.50","1,179.20","1,174.01","75,82,770","8,90,22,53,764.70","1,48,760","42,85,714","56.52"
"INFY","EQ","07-May-2026","1,167.20","1,173.00","1,175.40","1,159.20","1,165.90","1,162.70","1,166.46","1,20,13,987","14,01,37,85,057.40","1,93,359","67,95,220","56.56"
"INFY","EQ","06-May-2026","1,178.10","1,187.00","1,191.50","1,164.10","1,170.50","1,167.20","1,172.21","98,56,963","11,55,43,82,987.30","2,02,253","57,53,750","58.37"
"INFY","EQ","05-May-2026","1,168.40","1,169.50","1,185.20","1,160.10","1,177.60","1,178.10","1,174.90","81,64,108","9,59,19,73,587.00","1,62,395","31,79,505","38.94"
"INFY","EQ","04-May-2026","1,181.80","1,195.00","1,195.00","1,165.20","1,168.00","1,168.40","1,175.30","77,35,811","9,09,19,29,599.20","1,92,293","42,58,976","55.06"
"INFY","EQ","30-Apr-2026","1,167.50","1,167.50","1,189.80","1,159.60","1,182.60","1,181.80","1,178.22","1,22,05,669","14,38,10,16,153.80","2,74,308","52,51,658","43.03"
"INFY","EQ","29-Apr-2026","1,152.10","1,158.50","1,178.20","1,156.80","1,167.10","1,167.50","1,170.79","83,03,109","9,72,11,82,659.70","1,95,759","44,21,835","53.26"
"INFY","EQ","28-Apr-2026","1,170.30","1,162.70","1,169.40","1,149.80","1,151.00","1,152.10","1,155.41","1,27,20,276","14,69,71,31,325.40","3,24,704","61,23,998","48.14"
"INFY","EQ","27-Apr-2026","1,154.60","1,154.60","1,179.90","1,154.50","1,172.90","1,170.30","1,172.14","1,95,79,883","22,95,04,22,792.30","3,69,480","1,27,26,126","65.00"
"INFY","EQ","24-Apr-2026","1,240.60","1,200.00","1,223.90","1,152.20","1,154.80","1,154.60","1,176.27","4,20,78,914","49,49,59,91,824.80","8,53,322","2,42,67,713","57.67"
"INFY","EQ","23-Apr-2026","1,268.60","1,254.00","1,265.70","1,226.00","1,231.80","1,240.60","1,250.48","1,47,92,854","18,49,82,35,558.90","3,01,379","78,21,073","52.87"
"INFY","EQ","22-Apr-2026","1,313.20","1,295.00","1,297.70","1,255.90","1,268.80","1,268.60","1,269.30","2,00,88,378","25,49,82,72,367.70","4,77,139","1,09,62,883","54.57"
"INFY","EQ","21-Apr-2026","1,312.60","1,310.00","1,325.00","1,299.30","1,314.50","1,313.20","1,313.32","1,00,57,440","13,20,85,88,335.20","2,58,765","42,26,621","42.02"
"INFY","EQ","20-Apr-2026","1,318.70","1,320.00","1,324.90","1,308.10","1,310.00","1,312.60","1,315.09","71,72,300","9,43,22,44,509.90","2,47,560","37,64,728","52.49"
"INFY","EQ","17-Apr-2026","1,319.20","1,313.00","1,328.30","1,306.10","1,320.00","1,318.70","1,314.73","1,20,64,048","15,86,09,72,369.80","2,59,325","72,21,032","59.86"
"INFY","EQ","16-Apr-2026","1,305.30","1,322.10","1,331.00","1,309.00","1,316.00","1,319.20","1,318.24","1,85,27,029","24,42,31,15,279.40","2,57,560","76,27,528","41.17"
"INFY","EQ","15-Apr-2026","1,276.80","1,306.30","1,322.50","1,300.50","1,305.00","1,305.30","1,307.53","1,20,98,912","15,81,97,28,646.70","2,44,777","63,97,523","52.88"
"INFY","EQ","13-Apr-2026","1,292.50","1,272.00","1,289.00","1,265.70","1,276.00","1,276.80","1,274.61","1,03,66,082","13,21,27,54,169.50","2,39,931","34,88,997","33.66"
"INFY","EQ","10-Apr-2026","1,331.60","1,318.00","1,318.90","1,283.30","1,291.40","1,292.50","1,292.69","1,92,33,369","24,86,27,18,008.90","4,00,593","1,01,37,268","52.71"
"INFY","EQ","09-Apr-2026","1,346.20","1,329.90","1,337.50","1,314.00","1,331.50","1,331.60","1,325.55","1,48,94,607","19,74,35,54,159.00","2,53,395","68,80,666","46.20"
"INFY","EQ","08-Apr-2026","1,339.40","1,349.00","1,376.90","1,331.00","1,346.90","1,346.20","1,344.07","1,60,30,133","21,54,56,88,181.80","3,58,674","85,77,549","53.51"
"INFY","EQ","07-Apr-2026","1,306.20","1,302.00","1,345.10","1,293.50","1,340.00","1,339.40","1,329.80","1,53,55,792","20,42,01,15,727.00","2,86,203","75,61,995","49.25"
"INFY","EQ","06-Apr-2026","1,300.80","1,301.40","1,320.00","1,299.00","1,307.00","1,306.20","1,308.79","1,02,08,682","13,36,09,81,079.30","1,78,362","60,63,879","59.40"
"INFY","EQ","02-Apr-2026","1,275.70","1,260.00","1,305.40","1,259.80","1,297.50","1,300.80","1,285.35","1,28,73,492","16,54,69,33,791.60","2,70,496","54,72,993","42.51"
"INFY","EQ","01-Apr-2026","1,250.60","1,290.00","1,303.00","1,269.50","1,279.00","1,275.70","1,285.76","81,37,156","10,46,24,32,396.20","1,65,242","33,25,634","40.87"
"INFY","EQ","30-Mar-2026","1,269.70","1,250.00","1,265.50","1,243.00","1,247.80","1,250.60","1,252.83","1,41,08,486","17,67,55,94,507.30","1,86,753","69,91,018","49.55"
"INFY","EQ","27-Mar-2026","1,279.10","1,285.20","1,294.80","1,263.20","1,267.50","1,269.70","1,275.47","1,30,92,541","16,69,90,80,590.00","2,54,408","66,53,171","50.82"
"INFY","EQ","25-Mar-2026","1,278.30","1,270.00","1,290.60","1,257.10","1,278.60","1,279.10","1,280.38","1,08,24,030","13,85,88,42,535.00","2,14,173","55,51,632","51.29"
"INFY","EQ","24-Mar-2026","1,256.80","1,269.00","1,297.00","1,251.00","1,280.00","1,278.30","1,281.37","1,36,13,495","17,44,39,91,145.50","3,18,400","75,79,038","55.67"
"INFY","EQ","23-Mar-2026","1,255.90","1,238.20","1,261.10","1,227.40","1,253.00","1,256.80","1,250.80","1,24,20,293","15,53,52,85,076.70","3,07,309","73,50,402","59.18"
"INFY","EQ","20-Mar-2026","1,220.80","1,242.00","1,264.80","1,229.20","1,256.00","1,255.90","1,252.63","2,72,99,975","34,19,68,97,254.40","2,84,225","1,36,70,533","50.08"
"INFY","EQ","19-Mar-2026","1,267.10","1,244.20","1,255.00","1,215.10","1,226.00","1,220.80","1,229.30","91,56,461","11,25,60,74,115.00","2,16,034","39,27,850","42.90"
"INFY","EQ","18-Mar-2026","1,232.90","1,238.00","1,290.80","1,234.90","1,266.70","1,267.10","1,273.96","1,23,65,381","15,75,29,43,986.60","2,50,603","60,63,376","49.04"
"INFY","EQ","17-Mar-2026","1,249.80","1,245.00","1,245.00","1,215.10","1,234.00","1,232.90","1,231.34","1,12,23,276","13,81,96,36,472.40","3,10,645","50,64,325","45.12"
"INFY","EQ","16-Mar-2026","1,248.30","1,240.20","1,254.30","1,224.20","1,245.50","1,249.80","1,240.47","1,23,14,450","15,27,57,03,036.90","2,29,608","61,70,064","50.10"
"INFY","EQ","13-Mar-2026","1,265.80","1,251.00","1,269.60","1,242.60","1,250.40","1,248.30","1,253.62","73,66,098","9,23,42,98,649.00","2,19,682","34,76,334","47.19"
"INFY","EQ","12-Mar-2026","1,276.30","1,272.50","1,278.60","1,258.00","1,265.90","1,265.80","1,268.31","75,99,940","9,63,91,08,719.00","2,46,055","33,60,894","44.22"
"INFY","EQ","11-Mar-2026","1,295.60","1,288.00","1,299.50","1,271.30","1,275.80","1,276.30","1,283.20","78,68,891","10,09,73,31,387.10","1,99,350","36,01,915","45.77"
"INFY","EQ","10-Mar-2026","1,315.00","1,320.00","1,321.00","1,284.10","1,296.50","1,295.60","1,295.54","96,00,171","12,43,73,87,150.10","2,33,660","27,82,988","28.99"
"INFY","EQ","09-Mar-2026","1,308.40","1,290.00","1,318.00","1,282.50","1,316.00","1,315.00","1,300.34","1,00,68,514","13,09,25,20,668.10","2,19,959","53,64,924","53.28"
"INFY","EQ","06-Mar-2026","1,305.80","1,303.00","1,327.20","1,303.00","1,311.00","1,308.40","1,313.84","87,24,291","11,46,23,28,914.00","1,78,932","46,57,152","53.38"
"INFY","EQ","05-Mar-2026","1,307.40","1,320.00","1,320.00","1,290.10","1,305.30","1,305.80","1,301.28","1,03,62,147","13,48,40,30,416.60","1,91,689","47,69,562","46.03"
"INFY","EQ","04-Mar-2026","1,288.90","1,292.00","1,317.00","1,292.00","1,306.10","1,307.40","1,305.61","1,51,54,950","19,78,63,82,739.50","3,00,021","77,84,554","51.37"
"INFY","EQ","02-Mar-2026","1,300.10","1,291.00","1,298.80","1,273.00","1,288.90","1,288.90","1,286.79","97,00,361","12,48,23,05,603.80","2,73,789","33,64,327","34.68"
"INFY","EQ","27-Feb-2026","1,289.10","1,326.30","1,335.00","1,294.20","1,298.90","1,300.10","1,304.82","2,31,41,724","30,19,57,65,196.90","2,52,495","1,46,52,215","63.32"
"INFY","EQ","26-Feb-2026","1,290.10","1,305.50","1,314.00","1,286.30","1,291.00","1,289.10","1,296.59","1,14,93,914","14,90,29,44,240.50","2,18,393","44,28,173","38.53"
"INFY","EQ","25-Feb-2026","1,275.50","1,286.20","1,323.60","1,286.20","1,289.90","1,290.10","1,302.76","1,66,69,618","21,71,65,39,259.20","2,82,845","77,19,120","46.31"
"INFY","EQ","24-Feb-2026","1,327.50","1,301.00","1,303.60","1,264.10","1,280.20","1,275.50","1,277.70","2,78,39,061","35,56,99,25,009.70","6,75,579","1,59,53,772","57.31"
"INFY","EQ","23-Feb-2026","1,353.20","1,352.00","1,352.00","1,318.00","1,328.00","1,327.50","1,330.99","1,28,87,826","17,15,35,40,701.10","2,98,012","69,02,219","53.56"
"INFY","EQ","20-Feb-2026","1,370.50","1,359.20","1,365.00","1,338.20","1,353.00","1,353.20","1,354.72","1,26,33,552","17,11,49,83,625.40","2,28,342","57,53,712","45.54"
"INFY","EQ","19-Feb-2026","1,373.70","1,385.00","1,402.00","1,363.20","1,366.50","1,370.50","1,385.83","1,45,74,228","20,19,73,52,996.40","2,84,487","58,99,630","40.48"
"INFY","EQ","18-Feb-2026","1,391.20","1,390.90","1,401.00","1,345.30","1,372.00","1,373.70","1,366.92","2,02,41,373","27,66,83,63,802.90","3,32,674","90,98,442","44.95"
"INFY","EQ","17-Feb-2026","1,365.60","1,370.00","1,431.00","1,367.00","1,391.30","1,391.20","1,405.93","2,53,47,684","35,63,69,67,386.40","4,37,387","85,13,708","33.59"
"INFY","EQ","16-Feb-2026","1,369.10","1,373.70","1,376.00","1,338.30","1,370.00","1,365.60","1,350.57","1,46,21,891","19,74,79,51,582.00","2,65,381","68,86,286","47.10"
"INFY","EQ","13-Feb-2026","1,386.00","1,293.90","1,377.30","1,281.50","1,369.00","1,369.10","1,335.86","4,57,85,709","61,16,34,53,152.00","8,66,417","2,08,79,125","45.60"
"INFY","EQ","12-Feb-2026","1,471.90","1,428.90","1,435.70","1,380.50","1,384.10","1,386.00","1,398.59","2,60,48,896","36,43,18,34,029.50","6,97,120","1,43,78,387","55.20"
"INFY","EQ","11-Feb-2026","1,497.80","1,501.20","1,505.90","1,469.00","1,471.00","1,471.90","1,482.71","79,34,411","11,76,44,23,683.40","2,15,446","43,81,775","55.22"
"INFY","EQ","10-Feb-2026","1,497.20","1,500.00","1,515.90","1,491.00","1,495.00","1,497.80","1,501.34","86,57,000","12,99,71,37,147.00","1,93,569","40,28,941","46.54"
"INFY","EQ","09-Feb-2026","1,507.10","1,522.10","1,528.00","1,493.00","1,497.00","1,497.20","1,501.27","82,94,615","12,45,24,82,086.60","2,17,667","55,53,334","66.95"
"INFY","EQ","06-Feb-2026","1,520.20","1,522.10","1,525.00","1,480.00","1,505.70","1,507.10","1,500.77","1,39,00,866","20,86,19,38,490.90","3,78,234","83,07,735","59.76"
"INFY","EQ","05-Feb-2026","1,535.80","1,534.00","1,551.00","1,515.70","1,520.00","1,520.20","1,528.44","1,06,28,127","16,24,44,89,094.30","3,21,300","55,71,534","52.42"
"INFY","EQ","04-Feb-2026","1,656.00","1,574.00","1,584.90","1,510.10","1,534.00","1,535.80","1,539.37","2,88,28,622","44,37,79,56,079.30","7,08,823","1,56,15,829","54.17"
"INFY","EQ","03-Feb-2026","1,629.40","1,727.20","1,728.00","1,653.00","1,654.70","1,656.00","1,673.77","88,05,868","14,73,90,39,549.50","2,13,721","46,93,760","53.30"
"INFY","EQ","02-Feb-2026","1,654.50","1,662.00","1,662.00","1,618.00","1,627.00","1,629.40","1,631.44","67,84,887","11,06,91,32,917.00","2,21,651","42,84,565","63.15"
"INFY","EQ","01-Feb-2026","1,641.00","1,630.00","1,677.30","1,604.00","1,642.00","1,654.50","1,643.30","62,41,188","10,25,61,30,696.20","1,56,229","25,34,721","40.61"
"INFY","EQ","30-Jan-2026","1,659.50","1,655.00","1,655.00","1,618.10","1,642.70","1,641.00","1,634.50","92,07,926","15,05,03,41,851.30","1,67,212","62,83,488","68.24"
"INFY","EQ","29-Jan-2026","1,666.50","1,658.00","1,666.50","1,642.10","1,661.00","1,659.50","1,655.78","47,49,582","7,86,42,68,075.70","1,59,472","21,67,216","45.63"
"INFY","EQ","28-Jan-2026","1,682.70","1,680.00","1,688.80","1,650.00","1,666.00","1,666.50","1,662.80","85,88,664","14,28,12,57,133.20","1,80,512","52,18,768","60.76"
"INFY","EQ","27-Jan-2026","1,670.80","1,685.80","1,689.40","1,661.10","1,687.40","1,682.70","1,679.04","1,06,73,087","17,92,05,91,239.00","2,23,960","72,17,960","67.63"
"INFY","EQ","23-Jan-2026","1,663.50","1,667.20","1,675.70","1,662.20","1,672.00","1,670.80","1,668.83","58,69,137","9,79,45,71,597.00","1,52,342","39,40,873","67.15"
"INFY","EQ","22-Jan-2026","1,654.40","1,666.00","1,671.20","1,653.80","1,662.80","1,663.50","1,661.08","62,28,892","10,34,66,90,586.50","1,84,046","31,91,901","51.24"
"INFY","EQ","21-Jan-2026","1,658.90","1,651.00","1,657.00","1,631.20","1,655.10","1,654.40","1,648.33","62,24,582","10,26,01,52,588.00","1,95,264","33,65,346","54.07"
"INFY","EQ","20-Jan-2026","1,681.20","1,673.00","1,680.20","1,652.90","1,654.40","1,658.90","1,664.20","64,06,503","10,66,17,23,561.20","1,90,297","33,75,861","52.69"
"INFY","EQ","19-Jan-2026","1,689.80","1,685.00","1,685.00","1,666.50","1,679.90","1,681.20","1,678.98","51,04,958","8,57,11,26,563.30","1,44,195","29,76,398","58.30"
"INFY","EQ","16-Jan-2026","1,599.80","1,663.70","1,694.00","1,653.40","1,689.10","1,689.80","1,679.42","1,93,35,957","32,47,32,41,076.50","4,04,792","1,03,28,756","53.42"
"INFY","EQ","14-Jan-2026","1,599.00","1,588.00","1,617.00","1,583.10","1,608.90","1,599.80","1,598.47","75,57,157","12,07,98,66,717.30","1,57,399","40,15,848","53.14"
"INFY","EQ","13-Jan-2026","1,595.90","1,618.00","1,618.00","1,586.40","1,600.00","1,599.00","1,595.24","80,80,618","12,89,05,13,857.40","1,76,411","39,87,983","49.35"
"INFY","EQ","12-Jan-2026","1,614.10","1,610.10","1,613.30","1,592.60","1,597.60","1,595.90","1,599.67","69,85,362","11,17,42,99,825.40","2,10,446","48,91,397","70.02"
"INFY","EQ","09-Jan-2026","1,613.30","1,610.00","1,631.30","1,607.00","1,616.90","1,614.10","1,616.35","68,16,681","11,01,81,32,001.70","1,31,498","47,25,239","69.32"
"INFY","EQ","08-Jan-2026","1,639.00","1,638.90","1,644.30","1,608.60","1,612.60","1,613.30","1,619.65","39,42,131","6,38,48,66,730.40","1,30,780","19,42,792","49.28"
"INFY","EQ","07-Jan-2026","1,612.20","1,615.00","1,642.00","1,615.00","1,640.00","1,639.00","1,633.23","45,08,079","7,36,27,15,155.00","1,29,457","23,95,056","53.13"
"INFY","EQ","06-Jan-2026","1,606.40","1,600.10","1,619.90","1,599.00","1,605.00","1,612.20","1,612.25","44,66,729","7,20,15,00,282.70","1,32,512","25,59,970","57.31"
"INFY","EQ","05-Jan-2026","1,640.40","1,637.00","1,637.00","1,583.10","1,604.10","1,606.40","1,602.81","59,17,885","9,48,52,45,520.40","2,20,171","31,20,876","52.74"
"INFY","EQ","02-Jan-2026","1,629.80","1,635.90","1,643.50","1,627.50","1,642.10","1,640.40","1,638.65","25,24,526","4,13,68,08,012.60","86,514","15,86,098","62.83"
"INFY","EQ","01-Jan-2026","1,615.40","1,615.40","1,639.60","1,614.10","1,629.50","1,629.80","1,630.77","36,58,165","5,96,56,15,873.20","96,560","13,56,702","37.09"
"INFY","EQ","31-Dec-2025","1,621.60","1,621.00","1,628.60","1,609.20","1,617.90","1,615.40","1,616.58","65,38,656","10,57,02,70,246.20","1,02,413","48,19,875","73.71"
"INFY","EQ","30-Dec-2025","1,644.70","1,647.00","1,647.90","1,616.80","1,623.50","1,621.60","1,625.72","93,95,937","15,27,51,31,268.30","1,50,131","67,31,182","71.64"
"INFY","EQ","29-Dec-2025","1,656.10","1,658.00","1,673.10","1,637.10","1,645.00","1,644.70","1,647.30","40,62,817","6,69,26,75,971.00","1,03,013","20,63,179","50.78"
"INFY","EQ","26-Dec-2025","1,663.40","1,663.40","1,668.80","1,651.70","1,657.00","1,656.10","1,657.89","20,06,491","3,32,65,44,399.90","97,220","11,36,350","56.63"
"INFY","EQ","24-Dec-2025","1,668.30","1,661.00","1,667.60","1,652.50","1,667.00","1,663.40","1,660.54","42,71,167","7,09,24,30,849.40","1,42,602","16,54,750","38.74"
"INFY","EQ","23-Dec-2025","1,689.60","1,679.00","1,679.00","1,656.40","1,664.60","1,668.30","1,666.35","65,93,060","10,98,63,62,727.70","2,28,310","28,82,141","43.71"
"INFY","EQ","22-Dec-2025","1,638.70","1,664.00","1,693.20","1,664.00","1,686.00","1,689.60","1,682.86","2,30,98,923","38,87,22,18,965.50","4,12,335","1,74,33,819","75.47"
"INFY","EQ","19-Dec-2025","1,626.80","1,650.00","1,654.90","1,629.80","1,638.00","1,638.70","1,640.02","1,31,49,023","21,56,46,29,614.10","2,01,281","85,71,381","65.19"
"INFY","EQ","18-Dec-2025","1,602.00","1,610.50","1,630.00","1,606.70","1,627.10","1,626.80","1,623.68","65,77,293","10,67,94,09,219.40","2,88,341","34,52,858","52.50"
"INFY","EQ","17-Dec-2025","1,592.90","1,587.20","1,606.90","1,586.00","1,602.00","1,602.00","1,600.21","48,17,628","7,70,92,07,454.90","1,55,044","24,77,747","51.43"
"INFY","EQ","16-Dec-2025","1,606.80","1,600.00","1,603.00","1,585.60","1,592.60","1,592.90","1,591.77","54,99,258","8,75,35,33,458.70","2,20,591","27,34,561","49.73"
"INFY","EQ","15-Dec-2025","1,598.20","1,585.00","1,610.80","1,585.00","1,607.00","1,606.80","1,603.88","41,90,558","6,72,11,34,417.80","1,63,737","26,78,830","63.93"
"INFY","EQ","12-Dec-2025","1,598.00","1,601.40","1,601.80","1,582.60","1,597.50","1,598.20","1,593.93","46,33,912","7,38,61,37,017.50","1,44,042","30,98,128","66.86"
"INFY","EQ","11-Dec-2025","1,584.80","1,598.00","1,607.40","1,580.50","1,596.20","1,598.00","1,592.84","51,59,319","8,21,79,52,937.00","1,54,906","25,49,319","49.41"
"INFY","EQ","10-Dec-2025","1,599.00","1,608.00","1,608.00","1,582.80","1,584.80","1,584.80","1,590.84","51,16,140","8,13,89,64,777.00","1,91,185","35,15,380","68.71"
"INFY","EQ","09-Dec-2025","1,610.80","1,601.20","1,606.90","1,582.40","1,597.00","1,599.00","1,596.28","69,57,599","11,10,62,55,546.90","1,56,650","35,00,119","50.31"
"INFY","EQ","08-Dec-2025","1,616.20","1,617.10","1,630.00","1,600.20","1,608.00","1,610.80","1,616.80","75,50,413","12,20,75,31,800.50","3,02,234","47,14,448","62.44"
"INFY","EQ","05-Dec-2025","1,597.60","1,610.00","1,631.80","1,600.00","1,613.90","1,616.20","1,617.78","1,03,44,725","16,73,55,28,909.20","3,27,955","62,76,473","60.67"
"INFY","EQ","04-Dec-2025","1,578.70","1,568.00","1,599.00","1,568.00","1,593.20","1,597.60","1,591.52","1,26,09,619","20,06,84,24,408.50","3,25,755","79,83,181","63.31"
"INFY","EQ","03-Dec-2025","1,561.00","1,555.10","1,586.00","1,554.10","1,575.60","1,578.70","1,574.15","1,28,95,312","20,29,91,83,597.60","3,39,751","82,87,934","64.27"
"INFY","EQ","02-Dec-2025","1,564.00","1,567.00","1,579.90","1,556.10","1,563.00","1,561.00","1,564.22","63,35,969","9,91,08,27,669.40","2,43,238","33,50,493","52.88"
"INFY","EQ","01-Dec-2025","1,560.10","1,562.50","1,574.00","1,556.00","1,563.50","1,564.00","1,564.42","53,41,800","8,35,68,20,751.00","1,89,364","30,36,715","56.85"
"INFY","EQ","28-Nov-2025","1,566.40","1,565.00","1,568.40","1,557.00","1,558.10","1,560.10","1,561.93","44,53,221","6,95,56,03,409.70","1,15,190","25,81,298","57.96"
"INFY","EQ","27-Nov-2025","1,557.90","1,564.00","1,574.30","1,552.20","1,565.00","1,566.40","1,563.46","75,52,252","11,80,76,63,907.20","1,68,875","46,72,092","61.86"
"INFY","EQ","26-Nov-2025","1,530.60","1,532.10","1,560.30","1,532.10","1,557.30","1,557.90","1,550.71","75,75,038","11,74,67,21,789.00","1,22,796","45,46,624","60.02"
"INFY","EQ","25-Nov-2025","1,548.00","1,549.00","1,550.60","1,525.90","1,530.20","1,530.60","1,532.04","81,07,952","12,42,17,20,830.60","1,70,664","44,56,829","54.97"
"INFY","EQ","24-Nov-2025","1,545.00","1,563.60","1,585.00","1,541.00","1,546.20","1,548.00","1,558.71","1,92,70,381","30,03,69,94,341.40","2,67,249","1,18,31,028","61.39"
"INFY","EQ","21-Nov-2025","1,536.50","1,531.00","1,551.50","1,526.30","1,544.10","1,545.00","1,543.83","91,86,302","14,18,20,74,317.80","2,27,357","64,77,046","70.51"
"INFY","EQ","20-Nov-2025","1,541.10","1,555.00","1,555.00","1,534.00","1,536.30","1,536.50","1,539.60","73,87,584","11,37,39,29,222.90","1,74,272","36,69,775","49.67"
"INFY","EQ","19-Nov-2025","1,486.40","1,490.50","1,543.00","1,490.50","1,542.00","1,541.10","1,531.48","1,09,81,126","16,81,73,87,454.20","2,12,749","54,16,586","49.33"
"INFY","EQ","18-Nov-2025","1,507.60","1,506.00","1,506.00","1,483.20","1,486.80","1,486.40","1,489.33","75,25,119","11,20,73,98,254.70","1,64,811","34,99,941","46.51"
"INFY","EQ","17-Nov-2025","1,502.80","1,496.00","1,510.20","1,492.50","1,507.00","1,507.60","1,502.37","79,10,354","11,88,42,61,119.20","2,71,436","48,94,475","61.87"
"INFY","EQ","14-Nov-2025","1,541.80","1,520.00","1,530.00","1,488.80","1,505.80","1,502.80","1,502.86","97,39,549","14,63,71,69,031.70","2,36,102","57,02,326","58.55"
"INFY","EQ","13-Nov-2025","1,551.70","1,557.10","1,557.50","1,530.30","1,542.00","1,541.80","1,546.18","1,96,55,689","30,39,11,36,875.00","3,84,451","1,53,42,199","78.05"
"INFY","EQ","12-Nov-2025","1,530.30","1,540.00","1,559.20","1,538.10","1,550.60","1,551.70","1,551.22","1,46,35,417","22,70,27,69,740.90","3,94,127","1,09,02,389","74.49"
"INFY","EQ","11-Nov-2025","1,513.50","1,525.00","1,533.40","1,511.10","1,531.10","1,530.30","1,523.87","1,36,92,989","20,86,62,99,929.10","2,55,611","93,54,527","68.32"
"INFY","EQ","10-Nov-2025","1,476.80","1,490.10","1,520.00","1,490.00","1,515.00","1,513.50","1,510.83","97,87,975","14,78,79,62,928.50","2,23,666","58,71,349","59.99"
"INFY","EQ","07-Nov-2025","1,466.70","1,470.00","1,480.90","1,449.10","1,478.00","1,476.80","1,466.50","87,65,759","12,85,50,16,020.60","2,54,091","58,14,986","66.34"
"INFY","EQ","06-Nov-2025","1,467.90","1,478.60","1,483.00","1,461.90","1,466.50","1,466.70","1,471.99","79,44,752","11,69,46,18,273.50","2,88,667","52,96,745","66.67"
"INFY","EQ","04-Nov-2025","1,485.50","1,479.70","1,481.90","1,462.90","1,468.00","1,467.90","1,470.61","86,91,330","12,78,15,68,402.80","2,50,131","60,04,186","69.08"
"INFY","EQ","03-Nov-2025","1,482.30","1,482.30","1,491.40","1,474.20","1,486.00","1,485.50","1,482.11","54,70,600","8,10,80,37,412.10","1,66,500","31,75,928","58.05"
"INFY","EQ","31-Oct-2025","1,493.80","1,490.00","1,497.10","1,480.70","1,481.90","1,482.30","1,485.71","48,19,814","7,16,08,28,351.20","1,85,234","30,19,368","62.64"
"INFY","EQ","30-Oct-2025","1,510.40","1,507.00","1,508.20","1,489.10","1,495.00","1,493.80","1,494.92","56,08,867","8,38,48,10,481.60","1,58,047","33,18,844","59.17"
"INFY","EQ","29-Oct-2025","1,500.20","1,500.20","1,520.20","1,496.90","1,511.50","1,510.40","1,510.57","48,84,976","7,37,91,12,106.40","1,77,757","33,24,050","68.05"
"INFY","EQ","28-Oct-2025","1,504.50","1,499.70","1,506.50","1,490.50","1,502.20","1,500.20","1,497.66","82,11,019","12,29,73,45,650.30","1,85,479","42,80,959","52.14"
"INFY","EQ","27-Oct-2025","1,525.40","1,510.00","1,515.30","1,498.10","1,504.90","1,504.50","1,506.50","72,73,211","10,95,71,13,552.60","1,31,339","48,52,179","66.71"
"INFY","EQ","24-Oct-2025","1,528.50","1,539.50","1,543.00","1,518.00","1,523.90","1,525.40","1,525.75","86,52,257","13,20,11,69,899.70","2,17,512","52,08,574","60.20"
"INFY","EQ","23-Oct-2025","1,472.40","1,510.00","1,546.00","1,506.00","1,525.00","1,528.50","1,530.64","2,03,58,624","31,16,16,87,039.20","4,58,468","1,05,72,517","51.93"
"INFY","T0","23-Oct-2025","1,472.40","1,542.00","1,552.00","1,542.00","1,545.00","1,528.50","1,546.20","5","7,731.00","5","1","20.00"
"INFY","EQ","21-Oct-2025","1,460.90","1,478.00","1,486.00","1,470.00","1,471.00","1,472.40","1,476.04","16,98,704","2,50,73,52,685.60","42,723","7,31,718","43.08"
"INFY","T0","20-Oct-2025","1,441.10","1,460.00","1,460.00","1,460.00","1,460.00","1,460.90","1,460.00","1","1,460.00","1","1","100.00"
"INFY","EQ","20-Oct-2025","1,441.10","1,453.70","1,467.00","1,450.00","1,462.70","1,460.90","1,460.15","69,94,246","10,21,26,38,243.40","2,18,283","36,73,328","52.52"
"INFY","EQ","17-Oct-2025","1,471.50","1,454.90","1,458.40","1,434.00","1,440.90","1,441.10","1,444.15","1,69,59,378","24,49,18,95,479.50","4,08,253","1,02,29,755","60.32"
"INFY","EQ","16-Oct-2025","1,474.40","1,473.90","1,474.50","1,460.50","1,470.90","1,471.50","1,468.35","80,05,748","11,75,52,32,719.60","1,78,279","45,85,026","57.27"
"INFY","EQ","15-Oct-2025","1,489.90","1,483.90","1,488.60","1,467.50","1,474.40","1,474.40","1,475.22","69,86,098","10,30,60,28,748.90","1,64,747","37,18,910","53.23"
"INFY","EQ","14-Oct-2025","1,493.20","1,499.00","1,514.40","1,486.50","1,488.00","1,489.90","1,494.67","56,00,789","8,37,13,48,792.60","1,36,364","23,70,380","42.32"
"INFY","EQ","13-Oct-2025","1,514.90","1,497.00","1,504.70","1,483.40","1,492.40","1,493.20","1,492.35","58,59,355","8,74,42,11,054.50","1,44,645","31,27,396","53.37"
"INFY","EQ","10-Oct-2025","1,509.30","1,510.00","1,521.70","1,498.80","1,511.90","1,514.90","1,513.91","37,38,353","5,65,95,44,676.20","1,12,569","17,11,232","45.78"
"INFY","EQ","09-Oct-2025","1,495.00","1,502.00","1,514.00","1,487.00","1,509.70","1,509.30","1,504.17","70,28,753","10,57,24,16,602.70","1,77,885","32,44,728","46.16"
"INFY","EQ","08-Oct-2025","1,458.50","1,457.00","1,498.00","1,455.00","1,492.00","1,495.00","1,489.22","46,57,192","6,93,56,05,075.60","1,25,936","18,76,820","40.30"
"INFY","EQ","07-Oct-2025","1,476.00","1,477.70","1,482.90","1,454.00","1,458.10","1,458.50","1,463.53","55,70,320","8,15,23,22,227.90","1,71,449","22,86,466","41.05"
"INFY","EQ","06-Oct-2025","1,446.60","1,446.60","1,478.80","1,442.30","1,474.90","1,476.00","1,465.66","46,30,590","6,78,68,47,790.90","1,05,537","26,60,451","57.45"
"INFY","EQ","03-Oct-2025","1,445.80","1,439.00","1,448.30","1,433.20","1,445.50","1,446.60","1,442.27","68,77,533","9,91,92,77,058.40","1,56,026","44,65,453","64.93"
"INFY","EQ","01-Oct-2025","1,441.80","1,446.00","1,449.50","1,427.40","1,447.90","1,445.80","1,439.54","62,50,692","8,99,81,33,310.60","1,94,062","32,86,095","52.57"
"INFY","EQ","30-Sep-2025","1,441.80","1,443.00","1,452.20","1,438.10","1,442.60","1,441.80","1,443.52","75,56,305","10,90,77,07,364.40","2,47,554","45,80,587","60.62"
"INFY","EQ","29-Sep-2025","1,448.90","1,460.00","1,465.00","1,436.50","1,449.20","1,441.80","1,447.06","1,05,13,117","15,21,31,02,142.10","1,81,113","63,88,417","60.77"
"INFY","EQ","26-Sep-2025","1,484.80","1,475.00","1,478.70","1,441.20","1,452.20","1,448.90","1,457.70","85,97,058","12,53,19,71,834.70","4,45,150","61,48,956","71.52"
"INFY","EQ","25-Sep-2025","1,494.60","1,489.00","1,502.70","1,476.50","1,491.20","1,484.80","1,487.92","94,91,867","14,12,31,54,812.70","1,85,456","64,51,951","67.97"
"INFY","EQ","24-Sep-2025","1,497.50","1,487.20","1,496.70","1,482.70","1,494.90","1,494.60","1,490.99","49,37,004","7,36,10,23,173.70","1,43,787","30,49,963","61.78"
"INFY","EQ","23-Sep-2025","1,499.50","1,493.00","1,513.00","1,493.00","1,500.60","1,497.50","1,500.60","98,32,164","14,75,41,26,838.70","1,64,451","58,82,928","59.83"
"INFY","EQ","22-Sep-2025","1,540.20","1,482.70","1,514.70","1,482.00","1,500.90","1,499.50","1,499.71","1,56,55,204","23,47,83,11,082.40","4,36,891","98,98,677","63.23"
"INFY","EQ","19-Sep-2025","1,540.60","1,544.60","1,551.30","1,520.10","1,543.90","1,540.20","1,536.05","1,29,88,129","19,95,04,22,136.70","1,52,059","93,58,468","72.05"
"INFY","EQ","18-Sep-2025","1,522.40","1,550.00","1,555.00","1,538.50","1,541.10","1,540.60","1,545.13","93,31,945","14,41,90,61,402.30","3,41,731","49,43,336","52.97"
"INFY","EQ","17-Sep-2025","1,511.30","1,516.90","1,526.70","1,514.00","1,521.50","1,522.40","1,521.42","47,95,698","7,29,62,93,565.90","1,37,197","28,69,131","59.83"
"INFY","EQ","16-Sep-2025","1,508.40","1,508.40","1,514.00","1,503.50","1,513.50","1,511.30","1,507.82","89,23,112","13,45,44,16,476.30","2,02,258","60,05,480","67.30"
"INFY","BL","16-Sep-2025","1,525.60","1,505.00","1,505.00","1,505.00","1,505.00","1,505.00","1,505.00","3,03,400","45,66,17,000.00","1","-","-"
"INFY","BL","15-Sep-2025","1,432.90","1,525.60","1,525.60","1,525.60","1,525.60","1,525.60","1,525.60","2,22,653","33,96,79,416.80","1","-","-"
"INFY","EQ","15-Sep-2025","1,525.60","1,525.60","1,527.50","1,501.20","1,508.50","1,508.40","1,509.78","61,67,414","9,31,14,10,949.80","1,73,954","38,57,286","62.54"
"INFY","EQ","12-Sep-2025","1,509.70","1,537.00","1,542.90","1,521.10","1,524.10","1,525.60","1,529.87","1,28,56,963","19,66,94,25,031.10","3,32,492","72,55,565","56.43"
"INFY","EQ","11-Sep-2025","1,532.60","1,523.90","1,527.50","1,506.50","1,512.20","1,509.70","1,512.35","80,03,662","12,10,43,67,139.30","2,25,605","37,63,481","47.02"
"INFY","EQ","10-Sep-2025","1,504.30","1,510.10","1,534.90","1,509.30","1,532.00","1,532.60","1,528.49","72,81,071","11,12,90,62,219.70","2,09,861","41,86,447","57.50"
"INFY","EQ","09-Sep-2025","1,432.90","1,481.00","1,507.20","1,472.50","1,502.40","1,504.30","1,495.04","1,30,72,640","19,54,41,74,524.90","3,02,959","49,26,732","37.69"
"INFY","BL","09-Sep-2025","1,574.00","1,432.90","1,432.90","1,432.90","1,432.90","1,432.90","1,432.90","9,69,639","1,38,93,95,723.10","2","-","-"
"INFY","EQ","08-Sep-2025","1,444.60","1,451.00","1,458.00","1,428.30","1,436.10","1,432.90","1,436.94","38,11,567","5,47,69,95,827.20","1,51,828","21,24,706","55.74"
"INFY","EQ","05-Sep-2025","1,463.00","1,470.00","1,472.70","1,433.00","1,446.00","1,444.60","1,445.24","54,66,487","7,90,03,95,050.80","1,66,130","29,17,689","53.37"
"INFY","EQ","04-Sep-2025","1,479.10","1,484.00","1,484.00","1,460.10","1,461.50","1,463.00","1,469.07","57,87,724","8,50,25,79,414.80","1,87,871","26,16,216","45.20"
"INFY","EQ","03-Sep-2025","1,498.70","1,500.00","1,501.90","1,473.00","1,480.00","1,479.10","1,479.49","46,23,483","6,84,03,88,121.30","1,94,968","29,29,170","63.35"
"INFY","EQ","02-Sep-2025","1,499.40","1,499.40","1,512.80","1,486.30","1,494.00","1,498.70","1,501.52","52,18,763","7,83,60,67,856.90","2,30,255","25,90,726","49.64"
"INFY","EQ","01-Sep-2025","1,469.60","1,476.70","1,503.40","1,476.20","1,500.60","1,499.40","1,497.49","45,46,057","6,80,76,59,263.50","2,51,323","24,42,325","53.72"
"INFY","EQ","29-Aug-2025","1,500.10","1,501.90","1,501.90","1,467.70","1,469.00","1,469.60","1,479.78","81,69,075","12,08,84,73,402.60","1,80,969","52,02,956","63.69"
"INFY","EQ","28-Aug-2025","1,529.60","1,529.60","1,529.60","1,498.00","1,503.00","1,500.10","1,505.61","54,43,364","8,19,56,06,188.20","1,91,326","29,91,520","54.96"
"INFY","EQ","26-Aug-2025","1,532.10","1,523.00","1,538.40","1,518.60","1,525.80","1,529.60","1,528.71","1,59,94,798","24,45,13,97,801.60","2,29,265","1,22,24,013","76.42"
"INFY","EQ","25-Aug-2025","1,487.50","1,506.70","1,539.00","1,506.70","1,533.30","1,532.10","1,529.98","1,06,94,531","16,36,24,27,034.30","2,93,354","71,84,403","67.18"
"INFY","EQ","22-Aug-2025","1,496.40","1,498.10","1,504.30","1,486.10","1,487.90","1,487.50","1,492.10","55,43,397","8,27,13,10,707.60","1,81,180","42,16,371","76.06"
"INFY","EQ","21-Aug-2025","1,496.20","1,508.00","1,508.00","1,484.30","1,495.50","1,496.40","1,497.17","65,65,539","9,82,97,15,323.00","2,08,499","42,17,557","64.24"
"INFY","EQ","20-Aug-2025","1,440.00","1,440.70","1,499.00","1,440.70","1,495.10","1,496.20","1,482.74","1,04,13,061","15,43,98,23,972.40","3,07,308","61,06,477","58.64"
"INFY","EQ","19-Aug-2025","1,435.80","1,432.70","1,449.40","1,432.70","1,442.50","1,440.00","1,442.34","39,86,094","5,74,93,06,331.60","1,47,879","23,39,803","58.70"
"INFY","EQ","18-Aug-2025","1,447.70","1,464.70","1,464.70","1,429.60","1,436.00","1,435.80","1,438.72","72,54,561","10,43,72,79,703.70","1,82,842","52,65,537","72.58"
"INFY","EQ","14-Aug-2025","1,426.60","1,426.20","1,470.00","1,426.20","1,448.00","1,447.70","1,451.87","1,29,02,347","18,73,25,83,333.60","2,16,803","73,59,040","57.04"
"INFY","EQ","13-Aug-2025","1,424.10","1,425.00","1,434.00","1,422.40","1,426.40","1,426.60","1,427.16","1,03,18,063","14,72,55,70,609.00","2,82,240","80,02,958","77.56"
"INFY","EQ","12-Aug-2025","1,428.20","1,428.20","1,441.00","1,421.00","1,425.80","1,424.10","1,431.09","98,99,184","14,16,66,00,704.20","2,96,874","63,95,956","64.61"
"INFY","EQ","11-Aug-2025","1,423.10","1,419.90","1,433.40","1,414.00","1,426.00","1,428.20","1,425.61","66,25,368","9,44,51,85,928.90","2,87,957","48,05,556","72.53"
"INFY","EQ","08-Aug-2025","1,436.90","1,425.00","1,433.20","1,417.10","1,424.00","1,423.10","1,424.44","1,00,48,009","14,31,27,81,899.70","3,10,037","73,18,471","72.84"
"INFY","EQ","07-Aug-2025","1,436.70","1,430.00","1,442.00","1,414.20","1,441.00","1,436.90","1,428.81","98,92,020","14,13,37,71,799.70","2,74,685","69,76,762","70.53"
"INFY","EQ","06-Aug-2025","1,460.30","1,452.00","1,456.10","1,430.30","1,433.00","1,436.70","1,440.41","1,05,66,934","15,22,06,82,581.70","3,24,361","84,02,195","79.51"
"INFY","EQ","05-Aug-2025","1,480.50","1,478.70","1,478.70","1,455.00","1,460.00","1,460.30","1,461.05","1,02,13,323","14,92,22,02,900.20","2,59,533","83,24,578","81.51"
"INFY","EQ","04-Aug-2025","1,469.60","1,461.50","1,482.80","1,451.00","1,480.70","1,480.50","1,469.55","86,10,216","12,65,31,81,879.40","2,03,292","61,99,318","72.00"
"INFY","EQ","01-Aug-2025","1,509.00","1,493.90","1,498.70","1,465.50","1,468.30","1,469.60","1,479.80","87,02,978","12,87,86,42,442.30","2,45,779","61,75,548","70.96"
"INFY","EQ","31-Jul-2025","1,519.00","1,509.70","1,527.10","1,497.00","1,508.90","1,509.00","1,510.45","68,51,407","10,34,86,81,107.70","2,44,747","44,49,459","64.94"
"INFY","EQ","30-Jul-2025","1,513.70","1,519.90","1,521.70","1,506.00","1,518.00","1,519.00","1,515.04","57,19,051","8,66,45,75,239.60","1,17,771","42,45,214","74.23"
"INFY","EQ","29-Jul-2025","1,516.00","1,512.90","1,517.20","1,496.10","1,513.50","1,513.70","1,509.14","70,70,448","10,67,02,96,870.50","2,29,718","52,50,641","74.26"
"INFY","EQ","28-Jul-2025","1,515.70","1,513.90","1,519.30","1,482.50","1,514.90","1,516.00","1,508.30","64,39,855","9,71,32,23,437.60","2,09,764","41,08,515","63.80"
"INFY","EQ","25-Jul-2025","1,552.50","1,543.40","1,549.50","1,511.30","1,518.50","1,515.70","1,523.67","1,08,51,259","16,53,37,25,148.10","2,41,673","78,36,226","72.21"
"INFY","EQ","24-Jul-2025","1,574.50","1,580.00","1,582.00","1,548.20","1,553.00","1,552.50","1,557.81","1,41,69,664","22,07,36,17,144.50","2,70,970","86,07,462","60.75"
"INFY","EQ","23-Jul-2025","1,570.90","1,576.30","1,591.90","1,550.00","1,558.90","1,574.50","1,580.42","80,35,026","12,69,87,18,376.80","1,73,368","56,48,616","70.30"
"INFY","EQ","22-Jul-2025","1,584.30","1,565.00","1,585.80","1,565.00","1,575.00","1,570.90","1,574.26","84,73,741","13,33,98,59,186.70","1,76,472","59,03,590","69.67"
"INFY","EQ","21-Jul-2025","1,586.10","1,580.00","1,589.00","1,566.80","1,585.60","1,584.30","1,579.48","36,82,661","5,81,67,01,900.10","1,23,969","22,04,654","59.87"
"INFY","EQ","18-Jul-2025","1,583.50","1,592.10","1,599.30","1,580.00","1,588.20","1,586.10","1,586.74","51,61,833","8,19,05,10,577.60","1,13,626","34,10,952","66.08"
"INFY","EQ","17-Jul-2025","1,607.90","1,598.00","1,610.00","1,580.10","1,581.00","1,583.50","1,590.26","73,74,814","11,72,78,38,015.50","1,71,441","48,91,751","66.33"
"INFY","EQ","16-Jul-2025","1,585.60","1,579.00","1,612.00","1,578.50","1,609.00","1,607.90","1,601.98","62,23,491","9,96,99,27,355.90","1,44,773","43,14,184","69.32"
"INFY","EQ","15-Jul-2025","1,570.30","1,565.10","1,603.60","1,564.00","1,587.20","1,585.60","1,586.28","76,14,807","12,07,92,52,385.60","2,08,916","45,62,656","59.92"
"INFY","EQ","14-Jul-2025","1,594.90","1,591.80","1,591.80","1,559.80","1,570.50","1,570.30","1,569.39","91,73,426","14,39,66,57,160.90","3,34,884","66,21,085","72.18"
"INFY","EQ","11-Jul-2025","1,615.80","1,579.10","1,607.10","1,563.00","1,594.50","1,594.90","1,590.33","1,13,91,755","18,11,65,97,961.40","4,24,033","68,45,235","60.09"
"INFY","EQ","10-Jul-2025","1,633.70","1,638.90","1,638.90","1,607.10","1,618.80","1,615.80","1,617.52","53,30,179","8,62,16,69,458.80","1,47,697","32,08,942","60.20"
"INFY","EQ","09-Jul-2025","1,638.70","1,637.80","1,638.00","1,623.60","1,632.70","1,633.70","1,630.89","45,80,828","7,47,08,23,010.30","1,71,713","32,12,790","70.14"
"INFY","EQ","08-Jul-2025","1,627.00","1,628.00","1,646.20","1,621.50","1,638.50","1,638.70","1,635.98","45,90,681","7,51,02,64,528.10","1,31,513","32,16,433","70.06"
"INFY","EQ","07-Jul-2025","1,640.70","1,640.00","1,644.00","1,623.00","1,626.90","1,627.00","1,630.54","32,94,523","5,37,18,40,769.70","1,27,270","20,78,408","63.09"
"INFY","EQ","04-Jul-2025","1,618.70","1,625.00","1,643.40","1,612.30","1,639.70","1,640.70","1,631.46","44,11,273","7,19,68,24,362.20","1,13,037","31,83,630","72.17"
"INFY","EQ","03-Jul-2025","1,610.50","1,618.50","1,632.40","1,615.00","1,616.90","1,618.70","1,622.33","52,59,695","8,53,29,44,662.10","1,57,372","24,32,464","46.25"
"INFY","EQ","02-Jul-2025","1,606.80","1,618.00","1,649.00","1,603.40","1,609.60","1,610.50","1,622.60","86,53,641","14,04,14,32,376.70","1,74,866","38,80,391","44.84"
"INFY","EQ","01-Jul-2025","1,601.80","1,609.00","1,617.70","1,600.50","1,603.00","1,606.80","1,607.18","41,78,937","6,71,63,11,825.10","1,51,406","26,69,320","63.88"
"INFY","EQ","30-Jun-2025","1,608.00","1,615.00","1,615.00","1,594.10","1,603.40","1,601.80","1,603.36","62,94,505","10,09,23,87,934.00","1,83,538","43,65,366","69.35"
"INFY","EQ","27-Jun-2025","1,616.00","1,619.00","1,629.60","1,602.40","1,611.00","1,608.00","1,611.01","89,12,268","14,35,77,11,409.20","1,76,021","68,43,722","76.79"
"INFY","EQ","26-Jun-2025","1,614.90","1,608.80","1,624.00","1,606.60","1,614.20","1,616.00","1,615.17","65,19,233","10,52,96,69,764.00","1,43,707","34,55,193","53.00"
"INFY","EQ","25-Jun-2025","1,581.60","1,590.00","1,619.90","1,585.10","1,612.50","1,614.90","1,608.74","78,13,533","12,56,99,66,638.70","1,87,869","53,29,529","68.21"
"INFY","EQ","24-Jun-2025","1,584.00","1,601.00","1,609.00","1,576.60","1,579.60","1,581.60","1,590.26","80,83,992","12,85,56,08,766.60","1,57,878","43,18,249","53.42"
"INFY","EQ","23-Jun-2025","1,622.90","1,601.00","1,601.00","1,575.40","1,584.70","1,584.00","1,585.78","79,43,676","12,59,69,45,674.40","2,06,475","43,45,407","54.70"
"INFY","EQ","20-Jun-2025","1,618.40","1,619.00","1,630.70","1,608.90","1,618.00","1,622.90","1,621.30","92,02,821","14,92,05,07,153.70","1,35,603","69,69,842","75.74"
"INFY","EQ","19-Jun-2025","1,632.90","1,623.90","1,630.00","1,611.50","1,616.90","1,618.40","1,618.85","51,47,760","8,33,34,49,709.60","1,62,048","24,82,106","48.22"
"INFY","EQ","18-Jun-2025","1,639.90","1,621.00","1,644.70","1,621.00","1,632.00","1,632.90","1,631.66","56,29,707","9,18,57,42,882.60","1,40,846","36,33,595","64.54"
"INFY","EQ","17-Jun-2025","1,623.80","1,620.70","1,647.40","1,615.60","1,638.00","1,639.90","1,637.98","76,22,083","12,48,48,37,334.90","2,12,796","47,50,675","62.33"
"INFY","EQ","16-Jun-2025","1,602.00","1,600.00","1,634.80","1,597.10","1,622.10","1,623.80","1,621.63","55,91,842","9,06,79,22,727.70","1,38,140","36,82,856","65.86"
"INFY","EQ","13-Jun-2025","1,608.60","1,576.00","1,609.00","1,570.20","1,605.00","1,602.00","1,598.18","69,68,315","11,13,66,53,004.60","2,16,576","45,44,327","65.21"
"INFY","EQ","12-Jun-2025","1,631.10","1,617.00","1,628.00","1,598.10","1,605.00","1,608.60","1,612.28","1,04,83,574","16,90,24,14,982.00","3,16,383","61,74,237","58.89"
"INFY","EQ","11-Jun-2025","1,596.00","1,590.10","1,634.60","1,590.10","1,628.00","1,631.10","1,617.71","1,05,97,410","17,14,35,54,884.60","2,19,452","75,78,232","71.51"
"INFY","EQ","10-Jun-2025","1,572.90","1,584.00","1,607.50","1,577.50","1,594.00","1,596.00","1,595.07","85,91,925","13,70,46,98,707.80","2,22,769","46,55,959","54.19"
"INFY","EQ","09-Jun-2025","1,563.80","1,578.00","1,588.00","1,571.00","1,572.00","1,572.90","1,577.22","29,03,202","4,57,89,75,981.40","1,13,233","15,28,864","52.66"
"INFY","EQ","06-Jun-2025","1,554.30","1,554.70","1,568.90","1,543.10","1,568.00","1,563.80","1,557.14","39,60,020","6,16,62,93,295.00","90,826","23,76,954","60.02"
"INFY","EQ","05-Jun-2025","1,551.20","1,547.90","1,567.70","1,541.60","1,554.50","1,554.30","1,554.78","69,48,539","10,80,34,74,457.10","1,28,309","34,83,095","50.13"
"INFY","EQ","04-Jun-2025","1,543.00","1,543.00","1,557.30","1,541.40","1,550.00","1,551.20","1,550.49","45,48,307","7,05,21,04,860.60","1,18,648","31,40,523","69.05"
"INFY","EQ","03-Jun-2025","1,553.80","1,559.00","1,567.30","1,535.60","1,543.00","1,543.00","1,546.37","68,53,403","10,59,78,70,232.10","1,95,003","41,83,164","61.04"
"INFY","EQ","02-Jun-2025","1,562.70","1,560.00","1,560.00","1,539.00","1,551.00","1,553.80","1,550.25","43,74,509","6,78,15,87,274.00","1,31,906","25,83,543","59.06"
"INFY","EQ","30-May-2025","1,585.60","1,571.00","1,572.00","1,555.10","1,561.90","1,562.70","1,563.06","1,31,48,092","20,55,12,63,119.00","1,67,400","92,05,070","70.01"
"INFY","EQ","29-May-2025","1,571.80","1,589.00","1,608.90","1,576.60","1,586.50","1,585.60","1,588.46","86,09,500","13,67,58,17,253.90","1,94,291","41,61,862","48.34"
"INFY","EQ","28-May-2025","1,570.10","1,581.00","1,587.70","1,570.00","1,571.80","1,571.80","1,576.59","36,23,370","5,71,25,74,459.00","1,36,660","22,13,676","61.09"
"INFY","EQ","27-May-2025","1,580.50","1,579.90","1,582.90","1,556.40","1,570.90","1,570.10","1,567.80","77,75,714","12,19,07,51,506.20","2,06,543","43,01,312","55.32"
"INFY","EQ","26-May-2025","1,564.80","1,566.60","1,583.80","1,562.70","1,582.00","1,580.50","1,577.54","31,70,102","5,00,09,73,812.70","84,853","18,72,239","59.06"
"INFY","EQ","23-May-2025","1,547.50","1,550.00","1,587.20","1,550.00","1,566.10","1,564.80","1,573.82","50,38,421","7,92,95,81,517.50","1,19,392","28,52,197","56.61"
"INFY","EQ","22-May-2025","1,568.50","1,555.50","1,560.80","1,540.00","1,551.00","1,547.50","1,548.79","61,58,990","9,53,89,94,454.70","1,62,974","30,66,603","49.79"
"INFY","EQ","21-May-2025","1,560.60","1,567.90","1,571.00","1,552.10","1,566.90","1,568.50","1,566.02","41,57,309","6,51,04,14,089.90","1,12,304","26,50,877","63.76"
"INFY","EQ","20-May-2025","1,559.80","1,570.00","1,583.50","1,558.00","1,563.50","1,560.60","1,566.97","71,43,998","11,19,44,55,092.90","1,60,169","42,21,467","59.09"
"INFY","EQ","19-May-2025","1,589.90","1,576.50","1,585.00","1,555.70","1,557.90","1,559.80","1,565.44","88,55,798","13,86,32,31,180.10","1,86,064","54,56,677","61.62"
"INFY","EQ","16-May-2025","1,613.00","1,612.60","1,612.60","1,581.50","1,589.40","1,589.90","1,591.32","45,76,751","7,28,30,67,573.40","1,32,211","25,96,001","56.72"
"INFY","EQ","15-May-2025","1,592.40","1,589.80","1,618.60","1,571.00","1,609.50","1,613.00","1,600.37","1,11,51,167","17,84,60,28,418.30","2,26,053","57,05,420","51.16"
"INFY","EQ","14-May-2025","1,568.60","1,574.00","1,595.00","1,569.50","1,592.80","1,592.40","1,588.83","48,70,057","7,73,76,87,686.00","1,44,908","30,98,691","63.63"
"INFY","EQ","13-May-2025","1,626.90","1,609.00","1,612.20","1,564.60","1,567.90","1,568.60","1,579.63","1,28,46,210","20,29,22,58,361.30","3,35,293","73,62,230","57.31"
"INFY","EQ","12-May-2025","1,507.60","1,537.00","1,632.00","1,532.00","1,623.50","1,626.90","1,593.89","1,13,72,857","18,12,71,26,262.50","2,90,108","66,67,113","58.62"
"INFY","EQ","09-May-2025","1,511.40","1,500.70","1,511.40","1,494.10","1,507.20","1,507.60","1,504.20","44,78,653","6,73,67,82,019.20","1,44,158","29,95,090","66.87"
"INFY","EQ","08-May-2025","1,508.30","1,508.00","1,516.50","1,501.20","1,506.00","1,511.40","1,508.80","84,24,409","12,71,07,83,626.50","2,17,543","46,24,643","54.90"
"INFY","EQ","07-May-2025","1,511.50","1,500.00","1,518.80","1,496.60","1,508.80","1,508.30","1,509.03","56,91,799","8,58,91,04,210.90","1,44,103","37,46,480","65.82"
"INFY","EQ","06-May-2025","1,508.60","1,506.00","1,515.60","1,499.10","1,511.00","1,511.50","1,509.58","42,70,530","6,44,66,98,483.90","1,05,354","24,38,354","57.10"
"INFY","EQ","05-May-2025","1,506.80","1,515.00","1,523.00","1,502.80","1,507.00","1,508.60","1,509.96","42,82,493","6,46,63,87,044.70","1,30,549","25,83,603","60.33"
"INFY","EQ","02-May-2025","1,500.10","1,499.70","1,523.20","1,496.20","1,502.00","1,506.80","1,509.45","87,33,014","13,18,20,67,260.50","2,35,475","50,90,091","58.29"
"INFY","EQ","30-Apr-2025","1,497.50","1,496.80","1,508.80","1,482.60","1,491.50","1,500.10","1,499.93","77,04,183","11,55,57,16,056.40","1,28,359","54,24,565","70.41"
"INFY","EQ","29-Apr-2025","1,482.10","1,482.00","1,509.80","1,474.10","1,498.00","1,497.50","1,495.87","80,56,743","12,05,18,62,382.60","2,07,221","46,00,292","57.10"
"INFY","EQ","28-Apr-2025","1,480.20","1,480.20","1,489.60","1,465.30","1,481.00","1,482.10","1,478.19","58,86,253","8,70,10,29,482.70","1,46,345","33,83,796","57.49"
"INFY","EQ","25-Apr-2025","1,471.40","1,475.50","1,501.70","1,463.50","1,480.00","1,480.20","1,484.47","83,29,979","12,36,55,98,001.80","1,99,876","36,56,613","43.90"
"INFY","EQ","24-Apr-2025","1,474.90","1,469.90","1,482.90","1,461.50","1,473.00","1,471.40","1,471.62","71,14,292","10,46,95,60,317.20","1,75,991","44,14,774","62.06"
"INFY","EQ","23-Apr-2025","1,422.80","1,446.00","1,487.80","1,439.60","1,476.20","1,474.90","1,471.47","1,11,36,642","16,38,71,81,464.50","2,49,560","60,32,751","54.17"
"INFY","EQ","22-Apr-2025","1,451.00","1,440.00","1,440.00","1,419.30","1,423.00","1,422.80","1,425.14","93,99,738","13,39,59,56,021.30","2,45,817","51,02,605","54.28"
"INFY","EQ","21-Apr-2025","1,419.50","1,410.00","1,471.80","1,410.00","1,449.00","1,451.00","1,452.45","1,56,48,970","22,72,93,78,761.10","2,71,048","78,51,537","50.17"
"INFY","EQ","17-Apr-2025","1,413.10","1,398.00","1,429.80","1,378.30","1,427.70","1,419.50","1,400.17","1,42,64,227","19,97,23,55,994.00","3,49,779","82,63,644","57.93"
"INFY","EQ","16-Apr-2025","1,426.00","1,425.00","1,427.50","1,396.80","1,412.20","1,413.10","1,409.87","1,20,22,740","16,95,05,24,011.30","3,31,555","74,11,100","61.64"
"INFY","EQ","15-Apr-2025","1,409.45","1,445.60","1,447.70","1,409.00","1,430.40","1,426.00","1,424.37","1,01,78,530","14,49,79,63,348.80","2,58,203","65,33,725","64.19"
"INFY","EQ","11-Apr-2025","1,403.70","1,411.25","1,438.80","1,397.05","1,416.80","1,409.45","1,418.10","1,25,67,440","17,82,18,40,695.45","2,62,867","80,16,523","63.79"
"INFY","EQ","09-Apr-2025","1,428.80","1,405.05","1,409.45","1,381.90","1,402.00","1,403.70","1,396.23","85,46,854","11,93,33,54,452.15","2,20,436","46,00,141","53.82"
"INFY","EQ","08-Apr-2025","1,396.75","1,431.00","1,456.50","1,415.00","1,428.00","1,428.80","1,435.73","1,28,05,001","18,38,44,91,521.00","2,54,762","67,52,942","52.74"
"INFY","EQ","07-Apr-2025","1,451.65","1,352.00","1,405.90","1,307.00","1,404.90","1,396.75","1,365.23","2,17,15,252","29,64,62,33,824.90","4,45,720","1,33,50,769","61.48"
"INFY","EQ","04-Apr-2025","1,496.50","1,460.50","1,472.00","1,448.00","1,456.10","1,451.65","1,458.65","95,90,254","13,98,88,55,633.45","2,45,192","61,70,307","64.34"
"INFY","EQ","03-Apr-2025","1,550.15","1,534.65","1,534.65","1,485.05","1,495.80","1,496.50","1,499.79","1,04,59,504","15,68,70,69,999.20","3,90,507","66,06,750","63.17"
"INFY","EQ","02-Apr-2025","1,526.50","1,535.20","1,555.65","1,535.20","1,550.00","1,550.15","1,547.09","61,93,478","9,58,18,59,877.35","1,83,381","38,86,506","62.75"
"INFY","EQ","01-Apr-2025","1,570.65","1,539.25","1,547.40","1,517.85","1,530.20","1,526.50","1,529.41","1,26,80,733","19,39,40,47,386.75","3,28,764","83,67,272","65.98"
"INFY","EQ","28-Mar-2025","1,603.55","1,590.00","1,598.45","1,560.00","1,569.00","1,570.65","1,576.42","67,99,047","10,71,81,60,396.85","2,17,515","41,52,763","61.08"
"INFY","EQ","27-Mar-2025","1,599.45","1,595.55","1,619.95","1,586.00","1,605.00","1,603.55","1,601.41","94,26,573","15,09,58,08,795.90","2,01,020","58,07,993","61.61"
"INFY","EQ","26-Mar-2025","1,628.45","1,626.00","1,637.75","1,595.00","1,599.00","1,599.45","1,610.78","66,51,302","10,71,37,71,940.10","2,22,554","41,50,616","62.40"
"INFY","EQ","25-Mar-2025","1,592.75","1,605.00","1,636.15","1,605.00","1,619.25","1,628.45","1,626.09","98,90,140","16,08,22,64,118.35","2,66,112","54,16,666","54.77"
"INFY","EQ","24-Mar-2025","1,592.55","1,597.95","1,607.10","1,572.70","1,593.95","1,592.75","1,588.76","88,57,726","14,07,28,23,625.15","2,50,512","47,36,908","53.48"
"INFY","EQ","21-Mar-2025","1,615.55","1,577.95","1,603.90","1,563.65","1,595.40","1,592.55","1,591.34","1,00,74,677","16,03,22,62,527.35","2,41,185","58,70,110","58.27"
"INFY","EQ","20-Mar-2025","1,586.55","1,592.00","1,631.90","1,592.00","1,609.05","1,615.55","1,616.31","71,86,750","11,61,60,04,800.30","2,29,276","43,26,447","60.20"
"INFY","EQ","19-Mar-2025","1,609.35","1,603.00","1,603.00","1,572.80","1,589.10","1,586.55","1,583.14","73,87,068","11,69,47,51,809.10","2,50,311","48,20,415","65.25"
"INFY","EQ","18-Mar-2025","1,590.05","1,597.65","1,612.90","1,582.35","1,608.20","1,609.35","1,602.43","62,98,054","10,09,21,66,910.70","1,57,097","40,25,438","63.92"
"INFY","EQ","17-Mar-2025","1,579.85","1,545.15","1,594.00","1,545.15","1,590.00","1,590.05","1,581.70","75,26,032","11,90,39,59,172.65","2,20,262","43,76,533","58.15"
"INFY","EQ","13-Mar-2025","1,590.85","1,599.25","1,606.05","1,570.30","1,579.00","1,579.85","1,582.31","78,22,888","12,37,82,47,563.85","2,58,464","51,66,521","66.04"
"INFY","BL","12-Mar-2025","1,657.00","1,574.00","1,574.00","1,574.00","1,574.00","1,574.00","1,574.00","29,84,056","4,69,69,04,144.00","1","-","-"
"INFY","EQ","12-Mar-2025","1,661.60","1,636.90","1,636.90","1,563.80","1,590.05","1,590.85","1,586.51","1,48,70,008","23,59,13,64,599.50","4,91,121","93,42,131","62.83"
"INFY","BL","11-Mar-2025","1,868.60","1,657.00","1,657.00","1,657.00","1,657.00","1,657.00","1,657.00","29,84,057","4,94,45,82,449.00","1","-","-"
"INFY","EQ","11-Mar-2025","1,701.45","1,680.00","1,680.00","1,637.05","1,667.00","1,661.60","1,655.07","1,26,71,234","20,97,17,94,102.35","2,59,181","95,49,899","75.37"
"INFY","EQ","10-Mar-2025","1,686.00","1,686.00","1,719.00","1,676.20","1,700.05","1,701.45","1,703.14","75,58,981","12,87,40,09,178.00","1,84,536","53,09,363","70.24"
"INFY","EQ","07-Mar-2025","1,715.85","1,703.10","1,705.00","1,675.50","1,685.00","1,686.00","1,686.32","80,19,331","13,52,31,83,544.05","2,34,031","57,11,906","71.23"
"INFY","EQ","06-Mar-2025","1,711.50","1,715.00","1,722.30","1,691.10","1,712.00","1,715.85","1,709.66","1,06,10,547","18,14,03,99,842.70","2,36,281","72,37,730","68.21"
"INFY","EQ","05-Mar-2025","1,688.30","1,692.45","1,732.95","1,692.45","1,707.00","1,711.50","1,714.51","81,80,782","14,02,60,24,448.60","1,84,308","55,25,919","67.55"
"INFY","EQ","04-Mar-2025","1,708.60","1,695.00","1,699.00","1,670.00","1,684.00","1,688.30","1,686.14","67,59,673","11,39,77,44,323.60","2,44,487","44,61,420","66.00"
"INFY","EQ","03-Mar-2025","1,687.70","1,692.30","1,728.60","1,692.30","1,711.00","1,708.60","1,711.06","75,04,969","12,84,14,55,573.45","2,86,660","55,18,645","73.53"
"INFY","EQ","28-Feb-2025","1,764.30","1,755.05","1,755.10","1,682.45","1,693.00","1,687.70","1,694.54","1,21,82,167","20,64,31,37,452.85","4,60,200","87,16,304","71.55"
"INFY","EQ","27-Feb-2025","1,767.70","1,755.20","1,775.85","1,751.10","1,763.00","1,764.30","1,763.43","57,57,079","10,15,21,84,052.30","1,68,385","36,78,871","63.90"
"INFY","EQ","25-Feb-2025","1,764.10","1,745.15","1,778.45","1,745.15","1,766.75","1,767.70","1,766.12","50,92,963","8,99,47,61,660.15","1,92,822","27,77,072","54.53"
"INFY","EQ","24-Feb-2025","1,815.00","1,800.05","1,808.00","1,750.25","1,763.00","1,764.10","1,766.73","75,94,720","13,41,78,27,673.25","3,62,392","55,77,218","73.44"
"INFY","EQ","21-Feb-2025","1,825.15","1,821.80","1,829.85","1,806.20","1,815.00","1,815.00","1,817.56","33,79,879","6,14,31,29,066.35","1,01,664","23,68,505","70.08"
"INFY","EQ","20-Feb-2025","1,810.80","1,805.55","1,831.00","1,805.55","1,826.00","1,825.15","1,822.29","22,18,020","4,04,18,74,473.40","1,16,360","12,05,878","54.37"
"INFY","EQ","19-Feb-2025","1,851.95","1,847.40","1,849.20","1,805.90","1,810.85","1,810.80","1,820.83","46,11,411","8,39,65,92,012.20","2,14,412","33,11,722","71.82"
"INFY","EQ","18-Feb-2025","1,842.30","1,842.30","1,861.65","1,837.60","1,848.00","1,851.95","1,848.81","43,65,260","8,07,05,46,827.05","1,00,362","31,18,509","71.44"
"INFY","EQ","17-Feb-2025","1,856.40","1,838.55","1,852.75","1,822.15","1,843.05","1,842.30","1,838.63","44,28,956","8,14,32,13,452.30","1,49,656","27,09,194","61.17"
"INFY","EQ","14-Feb-2025","1,843.25","1,854.00","1,859.30","1,828.35","1,853.00","1,856.40","1,845.06","52,92,961","9,76,58,18,737.55","1,79,989","34,37,540","64.95"
"INFY","EQ","13-Feb-2025","1,863.15","1,868.50","1,873.50","1,835.65","1,840.65","1,843.25","1,851.21","52,37,744","9,69,61,50,378.65","1,92,119","34,47,995","65.83"
"INFY","EQ","12-Feb-2025","1,875.65","1,885.00","1,894.60","1,847.00","1,864.00","1,863.15","1,866.72","56,33,947","10,51,69,84,029.10","2,22,006","38,85,198","68.96"
"INFY","EQ","11-Feb-2025","1,880.30","1,883.10","1,903.00","1,870.00","1,879.00","1,875.65","1,883.68","44,11,601","8,31,00,66,406.30","1,60,934","22,91,728","51.95"
"INFY","EQ","10-Feb-2025","1,903.65","1,905.00","1,905.00","1,878.60","1,880.00","1,880.30","1,885.89","38,28,734","7,22,05,70,924.25","1,51,607","29,27,900","76.47"
"INFY","EQ","07-Feb-2025","1,915.65","1,919.30","1,923.70","1,889.45","1,901.10","1,903.65","1,902.44","41,26,260","7,84,99,62,358.05","1,55,494","30,34,536","73.54"
"INFY","EQ","06-Feb-2025","1,897.05","1,917.00","1,924.00","1,900.00","1,913.75","1,915.65","1,910.66","47,65,255","9,10,47,91,357.40","1,51,924","26,69,914","56.03"
"INFY","EQ","05-Feb-2025","1,898.80","1,906.00","1,919.70","1,894.30","1,899.15","1,897.05","1,901.79","49,96,744","9,50,27,54,311.35","1,70,651","35,51,507","71.08"
"INFY","EQ","04-Feb-2025","1,863.30","1,889.00","1,911.20","1,875.00","1,894.85","1,898.80","1,892.32","73,34,787","13,87,97,56,408.55","2,54,137","48,13,522","65.63"
"INFY","EQ","03-Feb-2025","1,851.35","1,836.00","1,876.55","1,832.40","1,864.10","1,863.30","1,858.62","48,23,228","8,96,45,53,565.40","1,77,156","29,13,963","60.42"
"INFY","EQ","01-Feb-2025","1,879.80","1,880.30","1,890.60","1,846.00","1,863.00","1,851.35","1,862.44","17,01,402","3,16,87,63,954.00","70,335","7,62,694","44.83"
"INFY","EQ","31-Jan-2025","1,859.95","1,871.00","1,897.45","1,871.00","1,882.95","1,879.80","1,881.49","58,20,470","10,95,11,49,690.20","1,81,998","41,33,792","71.02"
"INFY","EQ","30-Jan-2025","1,881.25","1,873.15","1,887.20","1,844.00","1,868.40","1,859.95","1,859.61","73,36,056","13,64,21,83,045.25","2,03,038","48,67,698","66.35"
"INFY","EQ","29-Jan-2025","1,829.75","1,845.00","1,888.65","1,840.50","1,877.55","1,881.25","1,867.04","51,45,155","9,60,61,85,635.05","2,08,458","29,81,332","57.94"
"INFY","EQ","28-Jan-2025","1,822.00","1,830.00","1,863.50","1,824.90","1,831.00","1,829.75","1,842.44","69,99,495","12,89,61,53,068.90","3,43,851","40,74,581","58.21"
"INFY","EQ","27-Jan-2025","1,875.45","1,848.75","1,863.00","1,812.00","1,823.00","1,822.00","1,838.09","76,52,371","14,06,57,47,508.90","2,42,782","53,95,441","70.51"
"INFY","EQ","24-Jan-2025","1,865.45","1,865.50","1,894.90","1,864.25","1,875.00","1,875.45","1,881.56","48,87,027","9,19,52,42,026.10","2,94,925","32,14,944","65.79"
"INFY","BL","23-Jan-2025","1,675.40","1,868.60","1,868.60","1,868.60","1,868.60","1,868.60","1,868.60","4,85,672","90,75,26,699.20","1","-","-"
"INFY","EQ","23-Jan-2025","1,856.45","1,858.00","1,879.55","1,852.70","1,864.80","1,865.45","1,868.88","59,07,471","11,04,03,65,439.10","3,05,255","33,82,069","57.25"
"INFY","EQ","22-Jan-2025","1,800.70","1,807.40","1,865.80","1,805.15","1,855.00","1,856.45","1,846.53","83,73,913","15,46,26,99,193.55","4,93,438","47,46,138","56.68"
"INFY","EQ","21-Jan-2025","1,813.30","1,819.05","1,831.65","1,793.05","1,804.00","1,800.70","1,814.25","71,69,109","13,00,65,82,697.55","2,52,390","35,33,749","49.29"
"INFY","EQ","20-Jan-2025","1,815.45","1,822.95","1,827.95","1,793.15","1,813.00","1,813.30","1,809.37","43,33,011","7,84,00,06,233.80","1,92,938","24,34,695","56.19"
"INFY","EQ","17-Jan-2025","1,928.45","1,851.00","1,858.00","1,812.00","1,817.50","1,815.45","1,824.17","1,64,09,953","29,93,46,01,377.85","5,03,030","99,59,925","60.69"
"INFY","EQ","16-Jan-2025","1,949.65","1,965.95","1,966.95","1,916.85","1,920.05","1,928.45","1,939.38","75,33,579","14,61,04,85,616.25","2,33,848","44,19,678","58.67"
"INFY","EQ","15-Jan-2025","1,940.05","1,947.00","1,958.05","1,937.10","1,951.65","1,949.65","1,949.16","29,85,439","5,81,90,96,239.50","1,53,629","18,90,937","63.34"
"INFY","EQ","14-Jan-2025","1,962.20","1,968.85","1,971.80","1,931.10","1,938.00","1,940.05","1,943.92","57,92,162","11,25,94,72,879.00","2,67,855","35,70,363","61.64"
"INFY","EQ","13-Jan-2025","1,966.95","1,956.00","1,982.80","1,949.00","1,963.00","1,962.20","1,965.87","58,04,152","11,41,01,82,349.85","2,24,017","37,36,459","64.38"
"INFY","EQ","10-Jan-2025","1,917.30","1,937.00","1,977.80","1,932.25","1,965.80","1,966.95","1,961.18","80,36,913","15,76,18,35,256.95","3,51,137","48,25,704","60.04"
"INFY","EQ","09-Jan-2025","1,933.15","1,934.05","1,951.85","1,910.55","1,920.10","1,917.30","1,928.12","68,33,503","13,17,58,34,552.90","2,28,829","41,46,705","60.68"
"INFY","EQ","08-Jan-2025","1,930.85","1,930.00","1,938.60","1,888.75","1,932.75","1,933.15","1,916.14","54,82,050","10,50,43,91,305.45","2,10,525","34,67,575","63.25"
"INFY","EQ","07-Jan-2025","1,937.85","1,945.00","1,958.55","1,923.65","1,929.00","1,930.85","1,936.28","42,94,832","8,31,59,96,332.75","2,50,125","26,71,982","62.21"
"INFY","EQ","06-Jan-2025","1,938.75","1,952.00","1,973.00","1,928.00","1,939.00","1,937.85","1,943.77","71,64,403","13,92,59,86,567.85","2,47,931","44,18,088","61.67"
"INFY","EQ","03-Jan-2025","1,957.85","1,952.95","1,952.95","1,922.00","1,939.10","1,938.75","1,936.53","62,18,003","12,04,13,66,929.80","2,26,724","41,34,046","66.49"
"INFY","EQ","02-Jan-2025","1,882.50","1,887.00","1,962.65","1,885.30","1,954.75","1,957.85","1,944.51","70,83,645","13,77,42,39,233.15","2,39,506","41,11,627","58.04"
"INFY","EQ","01-Jan-2025","1,880.00","1,874.00","1,892.95","1,874.00","1,885.00","1,882.50","1,884.95","18,38,368","3,46,52,23,831.85","69,020","8,12,809","44.21"
"INFY","EQ","31-Dec-2024","1,906.00","1,892.30","1,897.00","1,845.05","1,885.65","1,880.00","1,872.77","36,13,063","6,76,64,28,350.50","1,50,014","21,23,769","58.78"
"INFY","EQ","30-Dec-2024","1,916.75","1,915.70","1,916.00","1,886.50","1,898.45","1,906.00","1,903.27","77,89,055","14,82,47,04,664.65","1,80,342","57,88,727","74.32"
"INFY","EQ","27-Dec-2024","1,907.40","1,909.40","1,924.15","1,903.90","1,917.00","1,916.75","1,912.07","39,37,500","7,52,87,76,747.25","1,08,688","25,85,416","65.66"
"INFY","EQ","26-Dec-2024","1,909.05","1,909.05","1,919.75","1,902.30","1,909.00","1,907.40","1,908.04","36,23,321","6,91,34,42,832.95","1,23,979","25,85,611","71.36"
"INFY","EQ","24-Dec-2024","1,924.30","1,927.05","1,942.00","1,840.00","1,903.35","1,909.05","1,918.59","23,60,544","4,52,89,21,027.25","93,412","13,62,344","57.71"
"INFY","EQ","23-Dec-2024","1,922.15","1,930.05","1,940.00","1,909.00","1,921.00","1,924.30","1,923.61","27,81,793","5,35,10,92,778.15","1,27,723","14,66,327","52.71"
"INFY","EQ","20-Dec-2024","1,946.20","1,975.15","1,979.95","1,911.25","1,927.80","1,922.15","1,932.55","1,10,56,720","21,36,76,88,611.40","2,70,540","61,60,693","55.72"
"INFY","EQ","19-Dec-2024","1,979.15","1,934.00","1,959.75","1,920.00","1,948.50","1,946.20","1,940.72","53,23,592","10,33,16,27,136.20","1,97,114","29,24,678","54.94"
"INFY","EQ","18-Dec-2024","1,976.60","1,966.80","1,984.95","1,961.60","1,979.00","1,979.15","1,976.08","30,64,095","6,05,49,11,475.20","1,38,618","18,96,034","61.88"
"INFY","EQ","17-Dec-2024","1,980.05","1,968.00","1,982.00","1,958.00","1,974.00","1,976.60","1,971.86","58,11,050","11,45,85,71,096.45","2,43,202","31,52,209","54.25"
"INFY","EQ","16-Dec-2024","1,999.70","1,995.45","1,999.60","1,977.60","1,979.20","1,980.05","1,985.38","31,19,221","6,19,28,34,340.70","1,58,954","18,47,676","59.24"
"INFY","EQ","13-Dec-2024","1,987.00","1,969.75","2,006.45","1,953.80","1,999.00","1,999.70","1,985.40","53,62,693","10,64,70,66,758.55","2,43,211","27,30,177","50.91"
"INFY","EQ","12-Dec-2024","1,974.15","1,975.20","1,998.80","1,970.55","1,985.10","1,987.00","1,989.23","64,62,130","12,85,46,35,035.90","2,86,504","32,97,440","51.03"
"INFY","EQ","11-Dec-2024","1,948.55","1,955.00","1,978.00","1,952.00","1,967.30","1,974.15","1,968.23","50,25,612","9,89,15,78,979.60","2,01,273","29,25,094","58.20"
"INFY","EQ","10-Dec-2024","1,923.65","1,939.00","1,965.60","1,932.00","1,947.10","1,948.55","1,947.08","61,74,921","12,02,30,85,384.00","2,19,707","37,69,961","61.05"
"INFY","EQ","09-Dec-2024","1,922.40","1,924.20","1,930.20","1,897.20","1,926.95","1,923.65","1,912.43","42,74,645","8,17,49,59,449.55","1,69,220","27,96,004","65.41"
"INFY","EQ","06-Dec-2024","1,934.85","1,932.80","1,937.95","1,912.40","1,919.00","1,922.40","1,921.54","35,73,331","6,86,63,14,025.75","1,33,773","21,67,743","60.66"
"INFY","EQ","05-Dec-2024","1,889.25","1,900.00","1,949.90","1,888.95","1,935.00","1,934.85","1,925.05","90,50,038","17,42,17,67,118.35","3,00,510","44,50,530","49.18"
"INFY","EQ","04-Dec-2024","1,892.10","1,884.00","1,913.95","1,875.00","1,892.00","1,889.25","1,895.14","47,05,573","8,91,77,17,924.90","2,15,259","25,51,444","54.22"
"INFY","EQ","03-Dec-2024","1,879.80","1,887.00","1,899.75","1,871.15","1,890.00","1,892.10","1,891.36","47,15,792","8,91,92,59,125.80","1,65,988","32,06,192","67.99"
"INFY","EQ","02-Dec-2024","1,857.85","1,859.00","1,882.80","1,835.20","1,877.45","1,879.80","1,868.92","28,68,263","5,36,05,64,446.55","1,43,774","15,34,907","53.51"
"INFY","EQ","29-Nov-2024","1,856.65","1,851.10","1,877.00","1,845.00","1,856.95","1,857.85","1,859.93","52,44,346","9,75,41,22,115.25","2,17,020","29,06,341","55.42"
"INFY","EQ","28-Nov-2024","1,924.50","1,914.90","1,914.90","1,851.65","1,860.30","1,856.65","1,869.78","84,68,790","15,83,47,48,613.30","2,84,687","56,57,358","66.80"
"INFY","EQ","27-Nov-2024","1,924.15","1,930.10","1,941.40","1,911.75","1,927.00","1,924.50","1,926.81","44,47,143","8,56,87,81,533.80","1,46,524","27,56,729","61.99"
"INFY","EQ","26-Nov-2024","1,889.70","1,904.95","1,938.60","1,897.30","1,920.20","1,924.15","1,926.35","68,50,495","13,19,64,71,061.70","3,12,960","42,64,818","62.26"
"INFY","EQ","25-Nov-2024","1,902.25","1,916.00","1,919.30","1,882.00","1,891.00","1,889.70","1,890.66","1,27,64,638","24,13,35,84,391.95","1,96,770","90,70,318","71.06"
"INFY","EQ","22-Nov-2024","1,834.05","1,854.10","1,914.05","1,834.00","1,889.20","1,902.25","1,880.71","63,01,486","11,85,12,97,771.15","1,85,473","37,23,656","59.09"
"INFY","EQ","21-Nov-2024","1,824.75","1,842.00","1,867.00","1,820.60","1,834.00","1,834.05","1,836.76","54,36,504","9,98,55,80,026.60","2,32,740","26,00,161","47.83"
"INFY","EQ","19-Nov-2024","1,811.45","1,825.50","1,859.70","1,820.55","1,822.50","1,824.75","1,839.98","46,69,769","8,59,22,82,283.60","1,42,990","32,29,861","69.17"
"INFY","EQ","18-Nov-2024","1,864.55","1,849.20","1,849.20","1,795.00","1,815.05","1,811.45","1,813.82","48,39,244","8,77,75,30,199.20","2,07,559","29,93,164","61.85"
"INFY","EQ","14-Nov-2024","1,868.40","1,865.60","1,876.00","1,856.00","1,865.00","1,864.55","1,865.97","43,11,431","8,04,50,09,313.65","2,06,703","28,41,321","65.90"
"INFY","EQ","13-Nov-2024","1,868.80","1,861.10","1,873.20","1,856.30","1,869.00","1,868.40","1,866.77","42,57,495","7,94,77,52,333.85","1,87,205","31,07,684","72.99"
"INFY","EQ","12-Nov-2024","1,860.10","1,871.10","1,881.00","1,861.00","1,861.00","1,868.80","1,871.65","50,12,450","9,38,15,50,004.50","1,82,346","33,41,498","66.66"
"INFY","EQ","11-Nov-2024","1,829.95","1,829.00","1,868.00","1,822.55","1,859.05","1,860.10","1,855.73","38,04,234","7,05,96,43,882.45","2,40,025","24,40,014","64.14"
"INFY","EQ","08-Nov-2024","1,803.05","1,818.00","1,840.60","1,813.15","1,825.95","1,829.95","1,832.23","42,10,960","7,71,54,46,613.70","1,99,379","20,76,350","49.31"
"INFY","EQ","07-Nov-2024","1,823.70","1,812.95","1,825.70","1,787.00","1,802.85","1,803.05","1,802.49","45,50,965","8,20,30,53,863.70","2,74,916","29,45,745","64.73"
"INFY","EQ","06-Nov-2024","1,754.20","1,764.00","1,827.20","1,762.65","1,821.00","1,823.70","1,809.14","1,04,21,494","18,85,39,55,667.25","3,05,870","66,33,255","63.65"
"INFY","EQ","05-Nov-2024","1,763.65","1,760.00","1,768.45","1,745.00","1,753.00","1,754.20","1,754.19","31,60,880","5,54,47,81,198.40","1,68,160","18,86,454","59.68"
"INFY","EQ","04-Nov-2024","1,760.85","1,724.50","1,767.00","1,718.00","1,763.05","1,763.65","1,742.20","73,36,722","12,78,20,53,575.35","2,37,541","45,46,264","61.97"
"INFY","EQ","01-Nov-2024","1,757.25","1,764.50","1,766.00","1,752.05","1,755.60","1,760.85","1,761.68","3,71,966","65,52,84,656.85","29,613","1,77,843","47.81"
"INFY","EQ","31-Oct-2024","1,802.10","1,787.90","1,787.90","1,746.50","1,762.95","1,757.25","1,759.11","73,95,236","13,00,90,50,347.40","2,83,103","48,22,516","65.21"
"INFY","EQ","30-Oct-2024","1,839.30","1,832.00","1,839.00","1,796.35","1,798.80","1,802.10","1,813.08","59,19,715","10,73,29,32,366.35","2,21,376","42,29,513","71.45"
"INFY","EQ","29-Oct-2024","1,865.35","1,846.00","1,851.60","1,829.00","1,839.95","1,839.30","1,840.82","46,21,252","8,50,68,71,719.80","1,57,581","31,87,422","68.97"
"INFY","EQ","28-Oct-2024","1,862.05","1,859.70","1,881.90","1,857.00","1,865.00","1,865.35","1,872.16","70,18,940","13,14,06,01,455.55","1,57,551","55,71,125","79.37"
"INFY","EQ","25-Oct-2024","1,863.35","1,863.45","1,876.35","1,846.40","1,866.00","1,862.05","1,861.41","46,89,120","8,72,83,92,271.00","1,81,283","25,97,591","55.40"
"INFY","EQ","24-Oct-2024","1,873.40","1,861.40","1,884.00","1,860.00","1,863.60","1,863.35","1,866.54","29,06,475","5,42,50,65,456.80","1,37,718","18,92,942","65.13"
"INFY","EQ","23-Oct-2024","1,851.60","1,845.25","1,886.00","1,844.00","1,868.30","1,873.40","1,872.18","43,11,910","8,07,26,63,538.05","1,77,546","24,16,683","56.05"
"INFY","EQ","22-Oct-2024","1,852.75","1,858.20","1,877.80","1,846.95","1,853.55","1,851.60","1,858.27","41,25,240","7,66,57,99,770.25","1,89,972","24,94,370","60.47"
"INFY","EQ","21-Oct-2024","1,879.60","1,891.10","1,898.80","1,838.00","1,850.10","1,852.75","1,856.08","46,54,601","8,63,93,26,330.60","1,85,546","23,43,503","50.35"
"INFY","EQ","18-Oct-2024","1,968.10","1,893.80","1,936.85","1,869.25","1,885.00","1,879.60","1,891.59","1,05,26,196","19,91,12,46,940.10","3,35,832","49,16,524","46.71"
"INFY","EQ","17-Oct-2024","1,920.10","1,935.20","1,978.00","1,930.15","1,974.55","1,968.10","1,957.70","81,62,822","15,98,03,88,201.05","2,95,717","40,19,395","49.24"
"INFY","EQ","16-Oct-2024","1,959.30","1,955.00","1,959.55","1,916.35","1,918.10","1,920.10","1,937.33","31,11,512","6,02,80,23,137.55","1,39,457","17,36,836","55.82"
"INFY","EQ","15-Oct-2024","1,958.90","1,960.00","1,991.45","1,951.75","1,960.00","1,959.30","1,965.59","53,53,705","10,52,31,64,056.35","1,84,609","31,91,676","59.62"
"INFY","EQ","14-Oct-2024","1,935.10","1,932.15","1,969.50","1,931.10","1,966.00","1,958.90","1,957.08","37,51,378","7,34,17,34,867.25","2,42,164","24,57,354","65.51"
"INFY","EQ","11-Oct-2024","1,919.00","1,918.00","1,947.00","1,910.10","1,935.00","1,935.10","1,932.54","47,09,431","9,10,11,57,285.95","2,09,438","27,07,269","57.49"
"INFY","EQ","10-Oct-2024","1,952.75","1,957.90","1,964.00","1,914.10","1,917.55","1,919.00","1,934.31","47,82,119","9,25,00,80,166.00","1,87,711","21,80,497","45.60"
"INFY","EQ","09-Oct-2024","1,948.55","1,952.55","1,977.00","1,945.10","1,959.00","1,952.75","1,961.35","48,57,163","9,52,66,13,749.45","2,40,629","25,44,632","52.39"
"INFY","EQ","08-Oct-2024","1,934.30","1,937.90","1,957.95","1,906.35","1,945.95","1,948.55","1,937.77","56,37,391","10,92,39,47,722.80","3,01,214","34,81,309","61.75"
"INFY","EQ","07-Oct-2024","1,918.15","1,923.20","1,942.00","1,916.05","1,930.15","1,934.30","1,932.07","61,12,575","11,80,99,11,119.45","2,32,953","35,86,241","58.67"
"INFY","EQ","04-Oct-2024","1,893.40","1,889.55","1,954.10","1,886.00","1,922.00","1,918.15","1,926.60","1,00,01,483","19,26,89,03,580.40","3,17,341","49,33,263","49.33"
"INFY","EQ","03-Oct-2024","1,904.35","1,889.50","1,911.85","1,881.00","1,889.00","1,893.40","1,895.02","75,03,887","14,22,00,32,273.75","2,79,836","45,77,700","61.00"
"INFY","EQ","01-Oct-2024","1,875.60","1,875.00","1,908.95","1,875.00","1,906.00","1,904.35","1,898.99","40,29,072","7,65,11,53,333.05","1,53,975","22,38,191","55.55"
"INFY","EQ","30-Sep-2024","1,906.75","1,880.00","1,901.25","1,870.50","1,877.60","1,875.60","1,881.30","69,86,955","13,14,45,82,073.90","2,25,929","51,19,815","73.28"
"INFY","EQ","27-Sep-2024","1,900.25","1,932.10","1,974.60","1,903.30","1,908.00","1,906.75","1,926.62","1,49,08,931","28,72,38,92,455.00","3,01,305","89,83,190","60.25"
"INFY","EQ","26-Sep-2024","1,895.30","1,897.80","1,917.95","1,893.00","1,894.00","1,900.25","1,902.94","89,52,803","17,03,66,13,838.85","2,04,902","59,93,852","66.95"
"INFY","EQ","25-Sep-2024","1,898.60","1,886.35","1,901.60","1,876.80","1,900.00","1,895.30","1,889.52","42,68,341","8,06,51,07,237.85","1,73,033","31,49,517","73.79"
"INFY","EQ","24-Sep-2024","1,896.45","1,888.00","1,910.90","1,871.40","1,900.00","1,898.60","1,888.94","72,77,616","13,74,69,48,535.65","1,81,532","56,76,045","77.99"
"INFY","EQ","23-Sep-2024","1,905.75","1,909.00","1,918.90","1,878.45","1,895.00","1,896.45","1,890.26","36,36,672","6,87,42,60,634.45","1,33,793","23,04,184","63.36"
"INFY","EQ","20-Sep-2024","1,894.20","1,905.00","1,915.00","1,867.40","1,910.00","1,905.75","1,902.04","1,52,42,974","28,99,27,78,817.95","3,46,786","83,54,395","54.81"
"INFY","EQ","19-Sep-2024","1,892.15","1,910.60","1,924.90","1,878.80","1,897.00","1,894.20","1,894.84","79,76,570","15,11,43,09,893.55","2,19,801","51,95,192","65.13"
"INFY","EQ","18-Sep-2024","1,952.55","1,938.75","1,938.75","1,881.30","1,892.35","1,892.15","1,898.20","63,85,468","12,12,08,91,191.90","2,52,266","41,41,671","64.86"
"INFY","EQ","17-Sep-2024","1,950.25","1,947.75","1,958.45","1,942.15","1,950.00","1,952.55","1,951.76","27,93,127","5,45,15,01,004.50","1,42,203","21,01,774","75.25"
"INFY","EQ","16-Sep-2024","1,944.10","1,945.75","1,952.00","1,933.05","1,946.00","1,950.25","1,943.67","15,70,181","3,05,19,12,524.40","72,563","8,06,120","51.34"
"INFY","EQ","13-Sep-2024","1,950.45","1,950.45","1,958.60","1,935.65","1,943.00","1,944.10","1,948.85","38,43,127","7,48,96,65,426.75","1,20,139","21,59,217","56.18"
"INFY","EQ","12-Sep-2024","1,910.15","1,925.00","1,956.40","1,910.80","1,943.80","1,950.45","1,933.56","85,55,092","16,54,17,70,366.05","2,19,622","50,12,053","58.59"
"INFY","EQ","11-Sep-2024","1,912.30","1,914.70","1,926.00","1,905.00","1,912.95","1,910.15","1,915.80","53,12,946","10,17,85,52,300.90","2,54,659","36,83,394","69.33"
"INFY","EQ","10-Sep-2024","1,894.65","1,904.90","1,935.00","1,896.00","1,914.15","1,912.30","1,920.51","69,09,600","13,26,99,85,403.85","2,65,300","47,64,583","68.96"
"INFY","EQ","09-Sep-2024","1,901.85","1,890.00","1,920.85","1,889.00","1,903.00","1,894.65","1,905.13","47,72,612","9,09,24,31,539.80","1,86,509","31,52,860","66.06"
"INFY","EQ","06-Sep-2024","1,933.15","1,922.00","1,936.50","1,896.85","1,904.00","1,901.85","1,908.09","58,48,106","11,15,87,20,885.65","1,90,652","29,37,129","50.22"
"INFY","EQ","05-Sep-2024","1,922.45","1,926.25","1,940.00","1,909.60","1,933.00","1,933.15","1,924.01","40,81,810","7,85,34,28,072.45","1,48,492","25,15,420","61.63"
"INFY","EQ","04-Sep-2024","1,941.25","1,921.10","1,927.20","1,900.05","1,920.70","1,922.45","1,913.05","47,78,310","9,14,11,25,232.25","1,78,663","28,61,788","59.89"
"INFY","EQ","03-Sep-2024","1,964.50","1,967.00","1,967.00","1,936.45","1,940.90","1,941.25","1,952.15","46,94,322","9,16,40,03,289.55","1,46,119","35,28,063","75.16"
"INFY","EQ","02-Sep-2024","1,943.70","1,943.35","1,975.75","1,942.80","1,959.50","1,964.50","1,961.02","55,73,739","10,93,02,27,192.05","2,31,832","36,72,534","65.89"
"INFY","EQ","30-Aug-2024","1,933.35","1,938.00","1,950.00","1,928.00","1,949.85","1,943.70","1,940.67","1,34,66,759","26,13,45,16,922.15","2,46,824","89,68,520","66.60"
"INFY","EQ","29-Aug-2024","1,939.10","1,933.00","1,950.50","1,920.90","1,930.20","1,933.35","1,936.08","72,28,284","13,99,45,72,218.80","2,51,568","39,92,413","55.23"
"INFY","EQ","28-Aug-2024","1,900.10","1,906.90","1,951.00","1,897.40","1,938.00","1,939.10","1,935.93","65,14,531","12,61,16,99,907.10","2,39,601","35,59,202","54.63"
"INFY","EQ","27-Aug-2024","1,876.15","1,876.15","1,902.75","1,873.90","1,898.00","1,900.10","1,895.32","38,30,679","7,26,03,60,446.00","1,69,020","24,34,852","63.56"
"INFY","EQ","26-Aug-2024","1,862.10","1,870.00","1,888.75","1,864.00","1,878.00","1,876.15","1,879.70","37,28,589","7,00,86,12,072.55","1,64,417","26,32,742","70.61"
"INFY","EQ","23-Aug-2024","1,880.25","1,878.20","1,882.60","1,857.00","1,865.95","1,862.10","1,864.29","50,15,935","9,35,11,50,975.10","1,58,876","33,49,976","66.79"
"INFY","EQ","22-Aug-2024","1,872.70","1,884.00","1,893.65","1,869.70","1,879.95","1,880.25","1,880.39","43,00,287","8,08,62,21,002.75","1,85,241","28,15,163","65.46"
"INFY","EQ","21-Aug-2024","1,872.20","1,875.10","1,879.00","1,867.10","1,872.60","1,872.70","1,871.57","19,66,902","3,68,11,87,613.50","1,16,979","13,93,116","70.83"
"INFY","EQ","20-Aug-2024","1,864.80","1,880.00","1,885.70","1,868.20","1,871.00","1,872.20","1,875.20","38,70,333","7,25,76,35,525.75","1,41,879","27,95,587","72.23"
"INFY","EQ","19-Aug-2024","1,858.95","1,860.00","1,867.55","1,849.20","1,865.00","1,864.80","1,862.30","25,85,989","4,81,58,90,949.80","1,40,168","16,82,024","65.04"
"INFY","EQ","16-Aug-2024","1,823.25","1,850.00","1,861.85","1,829.50","1,856.95","1,858.95","1,844.85","73,35,657","13,53,31,80,793.15","2,18,353","46,22,977","63.02"
"INFY","EQ","14-Aug-2024","1,797.45","1,802.00","1,825.00","1,797.45","1,820.00","1,823.25","1,813.72","74,50,718","13,51,35,04,750.80","1,95,413","50,99,465","68.44"
"INFY","EQ","13-Aug-2024","1,797.40","1,810.00","1,810.00","1,789.05","1,795.95","1,797.45","1,799.30","41,76,918","7,51,55,36,069.05","1,52,390","27,97,011","66.96"
"INFY","EQ","12-Aug-2024","1,770.75","1,773.05","1,803.50","1,768.10","1,793.30","1,797.40","1,793.12","43,15,329","7,73,79,16,018.35","1,38,899","28,03,139","64.96"
"INFY","EQ","09-Aug-2024","1,743.15","1,771.25","1,780.75","1,756.00","1,770.70","1,770.75","1,766.78","42,58,524","7,52,38,90,127.90","1,30,511","28,53,488","67.01"
"INFY","EQ","08-Aug-2024","1,791.65","1,779.95","1,779.95","1,727.10","1,739.00","1,743.15","1,748.61","62,27,910","10,89,02,09,220.55","2,37,457","32,58,191","52.32"
"INFY","EQ","07-Aug-2024","1,751.10","1,796.00","1,797.90","1,762.10","1,792.00","1,791.65","1,782.20","50,94,329","9,07,91,19,381.90","1,89,924","30,36,663","59.61"
"INFY","EQ","06-Aug-2024","1,751.90","1,760.20","1,796.95","1,744.85","1,756.00","1,751.10","1,762.70","76,90,163","13,55,54,53,181.95","2,29,956","45,34,327","58.96"
"INFY","EQ","05-Aug-2024","1,821.20","1,784.95","1,797.50","1,718.55","1,751.45","1,751.90","1,748.15","1,07,36,703","18,76,93,78,971.85","3,57,150","77,07,641","71.79"
"INFY","EQ","02-Aug-2024","1,852.60","1,843.00","1,859.50","1,816.15","1,819.00","1,821.20","1,829.19","74,00,938","13,53,77,36,459.15","2,44,351","44,97,093","60.76"
"INFY","EQ","01-Aug-2024","1,868.25","1,856.10","1,867.90","1,845.10","1,847.65","1,852.60","1,854.74","74,75,014","13,86,42,07,889.10","2,87,435","40,92,451","54.75"
"INFY","EQ","31-Jul-2024","1,877.15","1,877.00","1,885.15","1,865.05","1,869.00","1,868.25","1,870.34","50,04,209","9,35,95,89,029.40","2,52,105","35,08,928","70.12"
"INFY","EQ","30-Jul-2024","1,871.10","1,871.10","1,879.95","1,860.00","1,875.20","1,877.15","1,870.20","27,21,265","5,08,93,17,285.25","1,60,022","17,21,228","63.25"
"INFY","EQ","29-Jul-2024","1,878.90","1,893.60","1,903.00","1,864.00","1,874.95","1,871.10","1,877.26","46,35,931","8,70,28,53,106.45","2,08,557","30,86,678","66.58"
"INFY","EQ","26-Jul-2024","1,824.85","1,825.35","1,883.00","1,825.35","1,880.00","1,878.90","1,871.89","1,13,69,047","21,28,15,66,352.95","3,13,143","70,09,771","61.66"
"INFY","EQ","25-Jul-2024","1,833.95","1,820.00","1,830.90","1,812.00","1,826.35","1,824.85","1,823.35","58,15,599","10,60,38,90,936.70","1,26,746","36,97,613","63.58"
"INFY","EQ","24-Jul-2024","1,836.90","1,837.50","1,842.35","1,819.60","1,835.70","1,833.95","1,830.65","60,02,845","10,98,90,83,504.35","1,82,691","42,83,644","71.36"
"INFY","EQ","23-Jul-2024","1,810.85","1,810.00","1,839.95","1,783.25","1,832.90","1,836.90","1,817.22","71,13,056","12,92,60,22,858.90","2,84,929","44,33,183","62.32"
"INFY","EQ","22-Jul-2024","1,792.95","1,800.15","1,823.00","1,792.95","1,810.00","1,810.85","1,810.74","84,62,126","15,32,27,28,881.10","2,86,478","59,36,380","70.15"
"INFY","EQ","19-Jul-2024","1,758.05","1,844.00","1,844.00","1,786.45","1,789.35","1,792.95","1,810.54","2,98,19,116","53,98,87,94,114.70","6,44,673","1,38,69,085","46.51"
"INFY","EQ","18-Jul-2024","1,726.05","1,719.00","1,765.40","1,719.00","1,764.05","1,758.05","1,747.57","1,12,48,896","19,65,82,77,359.25","3,41,763","59,70,209","53.07"
"INFY","EQ","16-Jul-2024","1,707.05","1,718.60","1,737.90","1,700.00","1,725.10","1,726.05","1,723.79","68,86,281","11,87,05,10,393.35","2,27,602","44,48,421","64.60"
"INFY","EQ","15-Jul-2024","1,711.75","1,726.20","1,728.00","1,702.65","1,709.00","1,707.05","1,715.63","69,42,230","11,91,03,04,891.25","1,77,986","47,76,950","68.81"
"INFY","EQ","12-Jul-2024","1,652.70","1,680.00","1,719.75","1,666.65","1,706.35","1,711.75","1,702.02","1,70,78,316","29,06,76,35,670.15","4,24,229","1,06,31,638","62.25"
"INFY","EQ","11-Jul-2024","1,648.25","1,656.00","1,665.00","1,642.05","1,652.00","1,652.70","1,654.43","88,57,679","14,65,44,03,571.10","2,29,626","59,54,171","67.22"
"INFY","EQ","10-Jul-2024","1,657.15","1,657.00","1,674.00","1,637.55","1,645.00","1,648.25","1,652.95","98,52,770","16,28,61,53,350.05","2,12,673","69,18,154","70.22"
"INFY","EQ","09-Jul-2024","1,661.65","1,659.90","1,666.75","1,651.00","1,656.20","1,657.15","1,659.82","51,91,182","8,61,64,14,737.65","1,80,329","39,64,038","76.36"
"INFY","EQ","08-Jul-2024","1,647.45","1,643.10","1,666.00","1,640.00","1,660.95","1,661.65","1,656.59","58,80,533","9,74,16,54,630.55","1,80,580","41,42,205","70.44"
"INFY","EQ","05-Jul-2024","1,650.65","1,651.45","1,665.85","1,633.35","1,641.10","1,647.45","1,652.13","70,65,022","11,67,23,61,071.65","1,97,833","41,84,004","59.22"
"INFY","EQ","04-Jul-2024","1,627.40","1,628.20","1,660.00","1,628.00","1,648.95","1,650.65","1,652.82","80,08,311","13,23,62,97,146.75","2,26,165","50,65,095","63.25"
"INFY","EQ","03-Jul-2024","1,621.05","1,625.00","1,636.00","1,606.00","1,629.25","1,627.40","1,621.60","72,69,965","11,78,90,03,344.75","1,57,551","51,08,087","70.26"
"INFY","EQ","02-Jul-2024","1,590.80","1,596.20","1,633.80","1,586.50","1,620.00","1,621.05","1,618.80","1,04,93,173","16,98,63,88,682.30","3,92,727","67,07,345","63.92"
"INFY","EQ","01-Jul-2024","1,566.75","1,559.50","1,599.90","1,559.50","1,586.00","1,590.80","1,588.60","68,01,771","10,80,52,77,301.65","2,44,645","46,05,695","67.71"
"INFY","EQ","28-Jun-2024","1,573.35","1,572.55","1,588.50","1,564.25","1,566.65","1,566.75","1,573.00","81,97,544","12,89,47,21,249.45","2,47,411","49,19,176","60.01"
"INFY","EQ","27-Jun-2024","1,540.70","1,538.45","1,578.40","1,532.05","1,571.00","1,573.35","1,562.84","1,47,57,754","23,06,40,65,426.25","3,35,798","93,96,366","63.67"
"INFY","EQ","26-Jun-2024","1,541.95","1,541.00","1,548.85","1,535.00","1,540.15","1,540.70","1,541.97","48,51,004","7,48,00,90,346.65","1,33,969","35,06,433","72.28"
"INFY","EQ","25-Jun-2024","1,527.15","1,526.00","1,543.90","1,520.35","1,540.00","1,541.95","1,536.34","45,51,525","6,99,26,69,447.30","1,62,269","33,62,525","73.88"
"INFY","EQ","24-Jun-2024","1,532.70","1,524.55","1,529.10","1,515.40","1,526.00","1,527.15","1,524.12","55,64,989","8,48,17,16,683.90","1,91,438","40,93,833","73.56"
"INFY","EQ","21-Jun-2024","1,515.40","1,545.00","1,557.75","1,523.70","1,525.10","1,532.70","1,538.98","1,73,01,941","26,62,72,64,655.05","3,86,255","88,01,952","50.87"
"INFY","EQ","20-Jun-2024","1,511.35","1,516.30","1,517.50","1,499.10","1,516.10","1,515.40","1,510.80","79,27,010","11,97,61,10,388.75","1,66,148","48,40,779","61.07"
"INFY","EQ","19-Jun-2024","1,498.20","1,505.00","1,515.65","1,496.70","1,510.25","1,511.35","1,508.16","54,93,456","8,28,50,25,892.10","1,84,453","34,88,587","63.50"
"INFY","EQ","18-Jun-2024","1,488.90","1,497.00","1,507.00","1,495.40","1,499.00","1,498.20","1,500.33","54,20,939","8,13,31,82,879.15","1,93,064","39,41,258","72.70"
"INFY","EQ","14-Jun-2024","1,493.95","1,503.70","1,503.70","1,486.05","1,488.50","1,488.90","1,489.97","42,37,727","6,31,40,88,833.20","1,61,152","25,08,255","59.19"
"INFY","EQ","13-Jun-2024","1,485.20","1,495.00","1,505.00","1,489.35","1,494.00","1,493.95","1,495.78","73,07,565","10,93,05,15,249.65","1,91,937","44,15,299","60.42"
"INFY","EQ","12-Jun-2024","1,495.75","1,507.00","1,508.75","1,482.75","1,486.40","1,485.20","1,493.28","95,64,320","14,28,22,18,151.55","2,08,574","71,79,724","75.07"
"INFY","EQ","11-Jun-2024","1,499.75","1,500.05","1,506.45","1,493.95","1,496.00","1,495.75","1,500.46","48,53,054","7,28,17,90,761.15","1,96,731","33,09,314","68.19"
"INFY","EQ","10-Jun-2024","1,533.60","1,525.30","1,529.80","1,497.30","1,498.10","1,499.75","1,504.76","68,10,606","10,24,83,20,789.20","2,15,749","42,75,279","62.77"
"INFY","EQ","07-Jun-2024","1,472.25","1,481.00","1,539.70","1,477.25","1,531.00","1,533.60","1,523.28","2,40,75,302","36,67,35,07,939.55","6,71,586","1,55,35,234","64.53"
"INFY","EQ","06-Jun-2024","1,430.10","1,444.95","1,474.30","1,437.50","1,473.00","1,472.25","1,460.72","1,26,60,930","18,49,40,14,220.35","4,27,537","68,44,746","54.06"
"INFY","EQ","05-Jun-2024","1,393.65","1,400.15","1,438.00","1,400.15","1,429.95","1,430.10","1,422.55","92,33,424","13,13,50,40,249.80","2,75,273","65,63,777","71.09"
"INFY","EQ","04-Jun-2024","1,405.90","1,409.00","1,415.00","1,358.35","1,400.05","1,393.65","1,394.53","1,37,36,134","19,15,54,47,817.95","3,89,770","81,13,166","59.06"
"INFY","EQ","03-Jun-2024","1,406.90","1,440.00","1,440.00","1,404.00","1,408.30","1,405.90","1,410.56","1,05,89,244","14,93,67,54,676.45","2,76,536","79,74,682","75.31"
"INFY","EQ","31-May-2024","1,427.45","1,409.80","1,436.75","1,400.00","1,407.00","1,406.90","1,414.33","3,71,13,815","52,49,12,66,228.35","4,80,522","2,25,66,239","60.80"
"INFY","EQ","30-May-2024","1,450.95","1,442.80","1,449.85","1,421.55","1,434.95","1,427.45","1,431.84","96,63,150","13,83,61,20,754.00","2,69,401","58,48,165","60.52"
"INFY","EQ","29-May-2024","1,467.05","1,465.40","1,465.50","1,450.00","1,455.00","1,450.95","1,454.96","74,01,634","10,76,90,91,064.90","2,45,143","54,85,547","74.11"
"INFY","EQ","28-May-2024","1,471.35","1,475.50","1,476.00","1,460.30","1,463.00","1,467.05","1,471.00","61,86,922","9,10,09,58,068.45","1,78,525","47,23,117","76.34"
"INFY","EQ","27-May-2024","1,465.10","1,471.85","1,479.60","1,460.25","1,471.00","1,471.35","1,470.82","58,21,844","8,56,28,95,961.60","2,09,335","40,82,361","70.12"
"INFY","EQ","24-May-2024","1,472.40","1,468.25","1,475.50","1,460.00","1,462.60","1,465.10","1,467.29","52,77,938","7,74,42,83,255.40","1,73,496","35,35,961","67.00"
"INFY","EQ","23-May-2024","1,454.80","1,454.70","1,478.15","1,450.00","1,471.05","1,472.40","1,469.37","86,41,428","12,69,74,20,682.20","3,00,489","46,64,587","53.98"
"INFY","EQ","22-May-2024","1,434.15","1,428.75","1,459.95","1,428.00","1,454.20","1,454.80","1,450.92","71,73,285","10,40,78,81,536.70","2,26,692","50,66,600","70.63"
"INFY","EQ","21-May-2024","1,443.65","1,430.00","1,444.70","1,428.40","1,435.55","1,434.15","1,435.51","67,52,663","9,69,35,16,261.30","2,04,780","50,85,153","75.31"
"INFY","EQ","18-May-2024","1,444.30","1,445.00","1,450.00","1,442.00","1,444.30","1,443.65","1,445.13","3,18,277","45,99,52,847.90","13,136","2,01,491","63.31"
"INFY","EQ","17-May-2024","1,453.35","1,457.00","1,457.00","1,439.25","1,445.00","1,444.30","1,445.43","75,42,860","10,90,26,58,147.90","1,70,369","54,28,897","71.97"
"INFY","EQ","16-May-2024","1,419.95","1,433.95","1,455.75","1,427.00","1,450.90","1,453.35","1,444.18","92,49,145","13,35,74,45,779.85","2,54,894","43,32,678","46.84"
"INFY","EQ","15-May-2024","1,424.70","1,426.00","1,431.80","1,418.55","1,420.00","1,419.95","1,422.38","43,27,544","6,15,54,30,094.40","1,86,636","31,04,530","71.74"
"INFY","EQ","14-May-2024","1,423.45","1,426.40","1,433.75","1,418.05","1,425.45","1,424.70","1,423.77","34,63,230","4,93,08,26,754.15","1,37,743","23,56,758","68.05"
"INFY","EQ","13-May-2024","1,424.90","1,425.00","1,425.00","1,411.20","1,423.75","1,423.45","1,418.38","37,35,954","5,29,90,06,122.20","1,89,679","26,39,198","70.64"
"INFY","EQ","10-May-2024","1,439.55","1,435.05","1,435.95","1,413.00","1,425.90","1,424.90","1,421.71","87,77,481","12,47,90,37,534.70","2,74,606","61,21,260","69.74"
"INFY","EQ","09-May-2024","1,427.30","1,427.55","1,449.95","1,424.85","1,434.15","1,439.55","1,439.59","60,88,406","8,76,48,17,592.90","2,96,655","31,74,592","52.14"
"INFY","EQ","08-May-2024","1,440.95","1,435.25","1,439.75","1,425.60","1,428.00","1,427.30","1,432.51","62,34,983","8,93,16,79,104.40","2,12,505","45,69,519","73.29"
"INFY","EQ","07-May-2024","1,425.90","1,424.95","1,443.35","1,415.60","1,438.00","1,440.95","1,429.44","60,80,661","8,69,19,54,830.50","1,65,156","40,33,908","66.34"
"INFY","EQ","06-May-2024","1,416.30","1,420.00","1,445.70","1,417.10","1,427.40","1,425.90","1,433.20","64,45,422","9,23,75,48,653.00","1,53,619","39,32,601","61.01"
"INFY","EQ","03-May-2024","1,414.45","1,422.10","1,424.80","1,403.20","1,415.75","1,416.30","1,412.37","88,42,345","12,48,86,25,513.05","2,75,760","48,61,319","54.98"
"INFY","EQ","02-May-2024","1,420.55","1,413.00","1,424.00","1,411.85","1,417.45","1,414.45","1,417.48","1,00,76,354","14,28,30,72,270.80","5,41,169","57,36,028","56.93"
"INFY","EQ","30-Apr-2024","1,434.75","1,434.70","1,436.55","1,417.55","1,421.75","1,420.55","1,427.00","69,36,588","9,89,85,42,475.00","2,57,285","55,10,877","79.45"
"INFY","EQ","29-Apr-2024","1,430.25","1,429.95","1,439.80","1,428.25","1,436.00","1,434.75","1,434.76","50,55,957","7,25,40,71,794.35","1,72,407","37,10,352","73.39"
"INFY","EQ","26-Apr-2024","1,438.45","1,439.70","1,445.40","1,427.00","1,432.00","1,430.25","1,435.15","80,62,444","11,57,08,21,186.60","3,31,963","51,11,560","63.40"
"INFY","EQ","25-Apr-2024","1,430.75","1,420.00","1,444.90","1,420.00","1,438.30","1,438.45","1,436.68","90,89,398","13,05,85,70,636.85","2,13,914","53,07,048","58.39"
"INFY","EQ","24-Apr-2024","1,442.40","1,444.30","1,444.30","1,427.05","1,433.55","1,430.75","1,433.90","42,68,213","6,12,01,74,208.45","1,88,856","29,69,152","69.56"
"INFY","EQ","23-Apr-2024","1,432.75","1,443.00","1,446.85","1,433.00","1,439.45","1,442.40","1,441.38","48,56,174","6,99,96,04,667.85","1,55,079","33,68,597","69.37"
"INFY","EQ","22-Apr-2024","1,411.25","1,419.90","1,436.85","1,413.05","1,434.50","1,432.75","1,423.20","58,59,087","8,33,86,45,897.90","1,94,813","39,24,563","66.98"
"INFY","EQ","19-Apr-2024","1,419.25","1,385.00","1,426.85","1,378.75","1,411.95","1,411.25","1,400.77","2,06,03,621","28,86,09,39,169.90","4,91,788","1,14,59,010","55.62"
"INFY","EQ","18-Apr-2024","1,414.45","1,421.10","1,444.70","1,407.50","1,429.50","1,419.25","1,422.24","2,21,07,945","31,44,28,52,348.50","3,80,213","1,27,59,873","57.72"
"INFY","EQ","16-Apr-2024","1,468.15","1,451.00","1,455.15","1,413.05","1,415.20","1,414.45","1,426.60","1,61,73,541","23,07,31,44,617.70","4,98,463","1,13,70,535","70.30"
"INFY","EQ","15-Apr-2024","1,484.75","1,480.00","1,491.95","1,461.05","1,467.25","1,468.15","1,471.43","85,31,224","12,55,30,72,127.80","2,79,992","50,94,820","59.72"
"INFY","EQ","12-Apr-2024","1,506.80","1,504.00","1,506.80","1,479.50","1,484.85","1,484.75","1,491.90","1,22,75,616","18,31,39,54,690.15","3,29,470","74,44,467","60.64"
"INFY","EQ","10-Apr-2024","1,494.85","1,500.35","1,509.85","1,484.55","1,506.50","1,506.80","1,500.18","67,44,595","10,11,81,34,819.35","2,31,665","42,77,073","63.41"
"INFY","EQ","09-Apr-2024","1,476.70","1,490.00","1,513.80","1,487.30","1,497.25","1,494.85","1,501.10","94,23,230","14,14,51,82,659.45","2,21,885","56,71,574","60.19"
"INFY","EQ","08-Apr-2024","1,479.10","1,483.00","1,490.95","1,474.10","1,475.50","1,476.70","1,480.51","66,10,887","9,78,75,17,054.25","1,82,211","51,52,016","77.93"
"INFY","EQ","05-Apr-2024","1,486.70","1,480.05","1,486.70","1,476.05","1,480.40","1,479.10","1,480.24","50,72,482","7,50,84,74,798.80","1,51,929","29,39,200","57.94"
"INFY","EQ","04-Apr-2024","1,480.65","1,490.55","1,495.65","1,468.00","1,489.00","1,486.70","1,481.80","1,11,86,915","16,57,67,57,070.95","3,13,152","52,87,105","47.26"
"INFY","EQ","03-Apr-2024","1,482.85","1,479.00","1,495.10","1,475.00","1,480.60","1,480.65","1,485.37","87,36,248","12,97,65,30,261.30","2,06,909","59,05,070","67.59"
"INFY","EQ","02-Apr-2024","1,495.45","1,484.85","1,493.15","1,480.85","1,483.90","1,482.85","1,484.83","72,79,400","10,80,87,00,023.30","2,16,472","55,02,486","75.59"
"INFY","EQ","01-Apr-2024","1,498.05","1,525.00","1,529.95","1,492.80","1,497.50","1,495.45","1,505.46","65,80,002","9,90,59,17,258.20","2,33,368","37,80,879","57.46"
"INFY","EQ","28-Mar-2024","1,483.85","1,487.15","1,511.80","1,487.15","1,495.25","1,498.05","1,502.78","1,24,99,530","18,78,40,20,019.00","2,88,652","65,51,454","52.41"
"INFY","EQ","27-Mar-2024","1,492.65","1,496.00","1,499.00","1,481.55","1,487.15","1,483.85","1,489.96","68,57,402","10,21,72,37,548.90","2,27,899","48,85,357","71.24"
"INFY","EQ","26-Mar-2024","1,508.85","1,492.00","1,507.45","1,487.90","1,495.00","1,492.65","1,495.68","83,51,081","12,49,05,45,025.35","3,07,407","58,58,829","70.16"
"INFY","EQ","22-Mar-2024","1,554.70","1,521.00","1,528.90","1,498.20","1,511.45","1,508.85","1,513.20","1,46,73,890","22,20,45,70,809.45","5,12,162","73,29,137","49.95"
"INFY","EQ","21-Mar-2024","1,554.95","1,564.00","1,576.95","1,543.40","1,555.50","1,554.70","1,556.70","1,10,62,497","17,22,10,25,530.50","2,23,612","71,70,906","64.82"
"INFY","EQ","20-Mar-2024","1,561.45","1,563.00","1,574.95","1,552.35","1,555.80","1,554.95","1,561.46","47,59,059","7,43,10,59,606.05","2,35,538","34,92,171","73.38"
"INFY","EQ","19-Mar-2024","1,602.65","1,592.35","1,599.00","1,558.00","1,566.50","1,561.45","1,573.88","68,70,411","10,81,31,85,653.45","2,47,678","48,05,662","69.95"
"INFY","EQ","18-Mar-2024","1,634.00","1,630.00","1,632.65","1,598.85","1,601.80","1,602.65","1,614.01","49,58,904","8,00,37,00,121.25","2,01,320","34,51,750","69.61"
"INFY","EQ","15-Mar-2024","1,653.30","1,641.10","1,645.80","1,618.35","1,631.45","1,634.00","1,631.78","1,18,09,997","19,27,13,70,665.00","2,85,667","83,33,981","70.57"
"INFY","EQ","14-Mar-2024","1,611.40","1,614.40","1,657.75","1,608.00","1,649.95","1,653.30","1,643.02","88,03,799","14,46,48,50,154.75","2,24,912","52,79,254","59.97"
"INFY","EQ","13-Mar-2024","1,612.95","1,612.90","1,624.50","1,598.55","1,613.00","1,611.40","1,611.41","56,88,997","9,16,72,81,916.80","1,95,986","37,41,349","65.76"
"INFY","EQ","12-Mar-2024","1,600.60","1,600.00","1,625.00","1,597.65","1,614.10","1,612.95","1,616.23","46,14,222","7,45,76,66,086.00","2,07,553","28,74,045","62.29"
"INFY","EQ","11-Mar-2024","1,616.45","1,608.15","1,613.80","1,588.00","1,600.00","1,600.60","1,600.80","67,52,895","10,81,00,22,836.75","2,43,001","45,92,019","68.00"
"INFY","EQ","07-Mar-2024","1,617.55","1,616.60","1,628.45","1,604.20","1,612.00","1,616.45","1,616.64","63,48,359","10,26,30,36,188.75","2,44,687","40,08,257","63.14"
"INFY","EQ","06-Mar-2024","1,606.50","1,602.80","1,620.15","1,576.00","1,618.50","1,617.55","1,596.53","64,20,684","10,25,08,00,224.90","2,43,568","39,22,499","61.09"
"INFY","EQ","05-Mar-2024","1,637.20","1,634.00","1,637.35","1,602.00","1,604.00","1,606.50","1,610.57","45,96,579","7,40,30,97,435.55","2,41,650","30,21,130","65.73"
"INFY","EQ","04-Mar-2024","1,656.30","1,657.85","1,664.45","1,633.65","1,635.75","1,637.20","1,641.87","44,45,156","7,29,83,68,189.55","1,93,640","34,02,124","76.54"
"INFY","EQ","02-Mar-2024","1,654.70","1,658.85","1,665.00","1,654.05","1,655.20","1,656.30","1,659.64","2,92,153","48,48,68,460.90","9,759","1,62,983","55.79"
"INFY","EQ","01-Mar-2024","1,673.90","1,669.00","1,671.95","1,651.00","1,653.80","1,654.70","1,662.37","63,87,291","10,61,80,54,258.60","2,68,042","44,21,453","69.22"
"INFY","EQ","29-Feb-2024","1,671.25","1,665.00","1,682.25","1,653.30","1,674.00","1,673.90","1,669.82","78,14,722","13,04,91,88,571.25","1,99,180","48,12,766","61.59"
"INFY","EQ","28-Feb-2024","1,663.60","1,670.00","1,687.80","1,662.05","1,666.00","1,671.25","1,673.95","31,88,916","5,33,80,82,989.15","1,68,195","17,23,575","54.05"
"INFY","EQ","27-Feb-2024","1,660.15","1,661.00","1,671.10","1,652.80","1,664.50","1,663.60","1,660.89","51,59,088","8,56,86,54,402.45","1,77,632","39,76,932","77.09"
"INFY","EQ","26-Feb-2024","1,676.85","1,674.95","1,674.95","1,645.00","1,660.00","1,660.15","1,656.14","27,82,438","4,60,80,93,160.55","1,38,789","16,94,781","60.91"
"INFY","EQ","23-Feb-2024","1,681.35","1,697.00","1,698.45","1,671.90","1,675.05","1,676.85","1,680.38","53,73,072","9,02,88,06,812.45","1,59,253","31,87,718","59.33"
"INFY","EQ","22-Feb-2024","1,655.55","1,665.00","1,684.60","1,644.40","1,678.25","1,681.35","1,664.73","58,41,277","9,72,41,35,539.35","2,01,360","23,13,481","39.61"
"INFY","EQ","21-Feb-2024","1,685.25","1,674.00","1,674.00","1,645.30","1,652.00","1,655.55","1,659.26","43,00,508","7,13,56,69,393.95","1,99,597","25,82,366","60.05"
"INFY","EQ","20-Feb-2024","1,699.75","1,685.00","1,694.25","1,668.75","1,685.40","1,685.25","1,680.60","37,06,389","6,22,89,68,391.50","1,58,582","24,12,465","65.09"
"INFY","EQ","19-Feb-2024","1,701.65","1,705.00","1,711.50","1,687.70","1,699.00","1,699.75","1,702.16","36,90,993","6,28,26,64,069.35","1,00,191","25,43,379","68.91"
"INFY","EQ","16-Feb-2024","1,676.35","1,689.00","1,709.00","1,687.95","1,698.65","1,701.65","1,699.40","48,80,654","8,29,41,63,221.15","1,61,141","30,29,407","62.07"
"INFY","EQ","15-Feb-2024","1,666.20","1,677.00","1,687.75","1,661.60","1,680.00","1,676.35","1,673.73","48,34,391","8,09,14,76,059.50","1,91,636","28,81,563","59.61"
"INFY","EQ","14-Feb-2024","1,684.55","1,660.20","1,669.45","1,635.50","1,666.80","1,666.20","1,648.69","37,68,579","6,21,32,15,180.90","1,62,385","20,46,752","54.31"
"INFY","EQ","13-Feb-2024","1,680.10","1,683.00","1,689.10","1,663.50","1,681.50","1,684.55","1,676.31","26,96,481","4,52,01,35,184.85","1,43,586","18,36,216","68.10"
"INFY","EQ","12-Feb-2024","1,669.35","1,670.35","1,692.95","1,670.35","1,677.20","1,680.10","1,684.63","35,55,808","5,99,02,36,481.55","1,72,951","23,24,220","65.36"
"INFY","EQ","09-Feb-2024","1,692.10","1,684.70","1,692.90","1,659.80","1,670.00","1,669.35","1,669.56","46,00,004","7,68,00,00,364.95","2,28,352","22,55,319","49.03"
"INFY","EQ","08-Feb-2024","1,693.75","1,698.00","1,706.35","1,682.80","1,693.00","1,692.10","1,692.50","59,19,715","10,01,91,45,488.00","2,37,027","33,27,271","56.21"
"INFY","EQ","07-Feb-2024","1,729.45","1,729.00","1,729.00","1,686.85","1,695.00","1,693.75","1,699.46","46,13,877","7,84,11,02,727.05","2,73,680","30,23,295","65.53"
"INFY","EQ","06-Feb-2024","1,687.20","1,686.75","1,733.00","1,673.95","1,728.00","1,729.45","1,717.32","76,94,265","13,21,34,81,875.40","2,50,855","51,32,644","66.71"
"INFY","EQ","05-Feb-2024","1,693.35","1,694.75","1,700.75","1,681.85","1,683.40","1,687.20","1,690.95","36,34,135","6,14,51,32,559.05","1,37,014","25,54,793","70.30"
"INFY","EQ","02-Feb-2024","1,657.05","1,666.05","1,718.50","1,665.00","1,693.30","1,693.35","1,697.40","78,58,483","13,33,90,26,486.55","2,59,562","39,21,749","49.90"
"INFY","EQ","01-Feb-2024","1,660.90","1,659.55","1,677.00","1,650.35","1,655.00","1,657.05","1,662.81","57,60,011","9,57,78,04,761.60","1,69,224","31,99,270","55.54"
"INFY","EQ","31-Jan-2024","1,651.45","1,648.25","1,667.25","1,638.10","1,656.75","1,660.90","1,655.75","67,63,779","11,19,90,94,787.80","1,81,217","49,12,606","72.63"
"INFY","EQ","30-Jan-2024","1,656.60","1,662.45","1,690.00","1,648.25","1,653.00","1,651.45","1,667.00","49,95,943","8,32,82,52,976.30","1,71,051","31,78,389","63.62"
"INFY","EQ","29-Jan-2024","1,669.10","1,665.15","1,679.35","1,647.60","1,651.05","1,656.60","1,658.53","42,53,785","7,05,50,50,164.10","1,69,843","29,36,126","69.02"
"INFY","EQ","25-Jan-2024","1,675.40","1,672.95","1,680.55","1,658.00","1,666.00","1,669.10","1,669.03","88,65,304","14,79,64,64,532.60","2,38,696","58,60,225","66.10"
"INFY","BL","25-Jan-2024","1,419.10","1,675.40","1,675.40","1,675.40","1,675.40","1,675.40","1,675.40","1,32,935","22,27,19,299.00","1","-","-"
"INFY","EQ","24-Jan-2024","1,642.15","1,659.90","1,680.00","1,645.00","1,673.00","1,675.40","1,662.71","89,99,681","14,96,38,38,639.25","2,88,491","63,45,346","70.51"
"INFY","EQ","23-Jan-2024","1,648.85","1,650.10","1,674.70","1,637.70","1,642.00","1,642.15","1,658.08","94,01,255","15,58,80,46,050.30","2,41,104","67,39,466","71.69"
"INFY","EQ","20-Jan-2024","1,659.20","1,665.55","1,669.25","1,645.00","1,649.45","1,648.85","1,652.55","11,58,144","1,91,38,95,855.10","41,544","6,23,773","53.86"
"INFY","EQ","19-Jan-2024","1,642.60","1,651.60","1,665.50","1,644.15","1,657.85","1,659.20","1,657.08","45,22,736","7,49,45,49,930.50","1,89,909","27,62,887","61.09"
"INFY","EQ","18-Jan-2024","1,640.20","1,642.65","1,649.00","1,628.25","1,646.65","1,642.60","1,639.29","63,75,464","10,45,12,08,678.00","2,27,265","43,15,690","67.69"
"INFY","EQ","17-Jan-2024","1,631.55","1,620.25","1,647.50","1,620.25","1,641.00","1,640.20","1,639.02","92,09,876","15,09,52,10,616.95","2,95,426","69,66,637","75.64"
"INFY","EQ","16-Jan-2024","1,652.10","1,644.80","1,648.50","1,625.00","1,626.00","1,631.55","1,637.98","65,00,917","10,64,83,51,664.50","2,70,528","47,10,032","72.45"
"INFY","EQ","15-Jan-2024","1,612.75","1,644.95","1,664.95","1,636.00","1,652.00","1,652.10","1,648.80","1,32,28,305","21,81,07,81,228.50","3,32,165","89,42,618","67.60"
"INFY","EQ","12-Jan-2024","1,494.20","1,562.00","1,618.00","1,555.40","1,615.00","1,612.75","1,597.81","2,67,54,401","42,74,84,63,414.70","7,07,055","1,25,75,224","47.00"
"INFY","EQ","11-Jan-2024","1,519.90","1,524.90","1,525.00","1,486.60","1,520.30","1,494.20","1,499.59","1,12,96,088","16,93,95,11,689.75","3,11,866","70,72,608","62.61"
"INFY","EQ","10-Jan-2024","1,529.30","1,524.95","1,535.45","1,505.00","1,519.95","1,519.90","1,519.11","40,96,845","6,22,35,56,847.75","1,44,590","20,84,021","50.87"
"INFY","EQ","09-Jan-2024","1,522.80","1,541.90","1,553.00","1,525.85","1,530.05","1,529.30","1,541.86","44,12,074","6,80,27,82,136.25","1,42,604","24,15,178","54.74"
"INFY","EQ","08-Jan-2024","1,532.55","1,528.95","1,536.00","1,513.25","1,520.00","1,522.80","1,523.73","44,40,136","6,76,55,59,618.55","1,59,896","25,30,960","57.00"
"INFY","EQ","05-Jan-2024","1,512.70","1,506.75","1,539.70","1,506.25","1,531.00","1,532.55","1,530.26","88,95,403","13,61,23,15,790.95","2,19,641","51,50,237","57.90"
"INFY","EQ","04-Jan-2024","1,490.00","1,504.95","1,519.75","1,492.90","1,513.00","1,512.70","1,508.26","70,56,038","10,64,23,69,199.20","2,02,211","42,28,964","59.93"
"INFY","EQ","03-Jan-2024","1,534.40","1,519.95","1,519.95","1,488.00","1,492.00","1,490.00","1,499.65","75,50,363","11,32,28,98,630.30","3,03,866","54,44,109","72.10"
"INFY","EQ","02-Jan-2024","1,551.35","1,546.00","1,549.15","1,523.00","1,533.00","1,534.40","1,533.27","53,96,313","8,27,39,80,868.20","2,35,015","38,02,441","70.46"
"INFY","EQ","01-Jan-2024","1,542.90","1,539.00","1,557.00","1,535.25","1,548.00","1,551.35","1,548.27","28,08,451","4,34,82,39,185.30","1,44,697","14,47,369","51.54"
"INFY","EQ","29-Dec-2023","1,562.65","1,541.05","1,559.45","1,540.00","1,542.65","1,542.90","1,544.62","43,88,990","6,77,93,38,989.40","2,18,692","25,43,904","57.96"
"INFY","EQ","28-Dec-2023","1,567.10","1,568.95","1,568.95","1,555.00","1,566.00","1,562.65","1,561.64","57,02,253","8,90,48,44,135.20","2,36,913","33,90,265","59.45"
"INFY","EQ","27-Dec-2023","1,543.95","1,544.00","1,570.00","1,544.00","1,568.60","1,567.10","1,560.67","42,25,849","6,59,51,35,370.20","1,82,574","24,94,979","59.04"
"INFY","EQ","26-Dec-2023","1,562.90","1,535.00","1,548.00","1,523.00","1,546.00","1,543.95","1,539.75","68,78,067","10,59,05,06,115.85","3,06,708","27,12,704","39.44"
"INFY","EQ","22-Dec-2023","1,536.00","1,534.95","1,566.00","1,523.00","1,560.60","1,562.90","1,544.96","67,41,060","10,41,46,64,838.55","2,48,721","29,38,241","43.59"
"INFY","EQ","21-Dec-2023","1,536.40","1,521.25","1,546.65","1,521.25","1,540.05","1,536.00","1,536.05","53,19,038","8,17,03,01,358.70","2,34,678","27,41,399","51.54"
"INFY","EQ","20-Dec-2023","1,558.30","1,565.05","1,583.50","1,530.00","1,531.00","1,536.40","1,561.35","65,92,367","10,29,30,14,666.50","3,13,361","39,99,159","60.66"
"INFY","EQ","19-Dec-2023","1,564.35","1,570.10","1,573.95","1,543.25","1,555.00","1,558.30","1,557.15","42,21,721","6,57,38,62,521.35","1,64,124","21,66,832","51.33"
"INFY","EQ","18-Dec-2023","1,578.40","1,567.95","1,593.00","1,560.30","1,563.00","1,564.35","1,572.19","64,67,243","10,16,77,42,673.65","2,61,709","38,41,944","59.41"
"INFY","EQ","15-Dec-2023","1,501.45","1,523.05","1,588.55","1,521.00","1,576.55","1,578.40","1,561.19","1,83,95,389","28,71,86,90,705.75","4,53,100","1,03,46,750","56.25"
"INFY","EQ","14-Dec-2023","1,449.00","1,463.40","1,511.00","1,461.35","1,506.00","1,501.45","1,492.04","1,24,89,858","18,63,53,69,658.15","3,15,316","72,09,269","57.72"
"INFY","EQ","13-Dec-2023","1,476.05","1,476.00","1,476.05","1,433.15","1,449.95","1,449.00","1,446.80","85,49,258","12,36,90,77,225.90","3,37,694","55,09,110","64.44"
"INFY","EQ","12-Dec-2023","1,488.50","1,477.50","1,490.00","1,467.65","1,476.00","1,476.05","1,477.51","61,03,494","9,01,80,01,007.80","1,84,795","38,05,035","62.34"
"INFY","EQ","11-Dec-2023","1,491.15","1,490.00","1,498.00","1,482.00","1,489.50","1,488.50","1,490.33","38,62,018","5,75,56,86,043.50","1,47,641","25,80,495","66.82"
"INFY","EQ","08-Dec-2023","1,465.90","1,470.40","1,494.70","1,466.25","1,491.00","1,491.15","1,481.11","63,23,433","9,36,56,81,016.10","2,02,289","35,68,775","56.44"
"INFY","EQ","07-Dec-2023","1,474.30","1,472.85","1,472.85","1,461.80","1,468.50","1,465.90","1,466.24","44,24,453","6,48,72,93,482.65","1,37,173","27,60,236","62.39"
"INFY","EQ","06-Dec-2023","1,453.95","1,456.75","1,477.00","1,451.05","1,475.00","1,474.30","1,466.59","52,69,178","7,72,77,07,099.80","1,75,001","31,80,072","60.35"
"INFY","EQ","05-Dec-2023","1,464.35","1,465.80","1,466.90","1,442.00","1,454.90","1,453.95","1,449.86","51,23,039","7,42,76,70,191.25","1,90,424","32,19,898","62.85"
"INFY","EQ","04-Dec-2023","1,452.30","1,460.45","1,471.90","1,449.30","1,464.90","1,464.35","1,462.41","55,11,948","8,06,07,45,711.40","1,72,254","35,93,504","65.19"
"INFY","EQ","01-Dec-2023","1,455.15","1,459.90","1,459.90","1,446.15","1,451.50","1,452.30","1,450.95","34,89,187","5,06,26,51,361.85","1,30,850","20,73,907","59.44"
"INFY","EQ","30-Nov-2023","1,459.60","1,453.25","1,460.65","1,449.55","1,455.00","1,455.15","1,455.41","1,01,20,867","14,73,00,43,834.95","1,81,568","73,39,597","72.52"
"INFY","EQ","29-Nov-2023","1,442.70","1,451.10","1,460.70","1,449.80","1,459.20","1,459.60","1,456.94","38,75,778","5,64,67,90,254.25","1,50,433","27,08,182","69.87"
"INFY","EQ","28-Nov-2023","1,437.40","1,444.00","1,445.00","1,427.05","1,442.65","1,442.70","1,435.92","37,55,373","5,39,24,24,299.00","1,66,202","26,10,674","69.52"
"INFY","EQ","24-Nov-2023","1,449.25","1,445.55","1,452.65","1,433.85","1,437.00","1,437.40","1,440.18","29,73,195","4,28,19,44,525.20","92,376","18,34,753","61.71"
"INFY","EQ","23-Nov-2023","1,457.80","1,467.90","1,467.90","1,447.70","1,450.75","1,449.25","1,455.48","31,86,928","4,63,85,17,071.40","1,02,139","16,25,171","50.99"
"INFY","EQ","22-Nov-2023","1,439.00","1,436.20","1,458.95","1,436.20","1,457.30","1,457.80","1,448.39","31,08,786","4,50,27,47,300.20","1,12,434","21,20,633","68.21"
"INFY","EQ","21-Nov-2023","1,436.60","1,442.00","1,450.00","1,436.75","1,439.40","1,439.00","1,441.14","37,93,135","5,46,64,31,358.05","1,37,793","27,81,972","73.34"
"INFY","EQ","20-Nov-2023","1,437.55","1,442.00","1,452.00","1,433.65","1,437.45","1,436.60","1,439.72","35,84,210","5,16,02,51,818.80","1,60,690","25,93,529","72.36"
"INFY","EQ","17-Nov-2023","1,444.90","1,441.05","1,451.00","1,435.05","1,437.20","1,437.55","1,440.60","49,01,251","7,06,07,46,836.60","1,55,046","30,97,753","63.20"
"INFY","EQ","16-Nov-2023","1,410.50","1,416.10","1,453.40","1,410.60","1,445.00","1,444.90","1,438.50","66,73,907","9,60,04,47,548.95","2,05,547","32,02,360","47.98"
"INFY","EQ","15-Nov-2023","1,373.55","1,399.00","1,414.00","1,393.00","1,412.00","1,410.50","1,401.79","85,51,860","11,98,79,24,650.60","2,13,458","67,23,599","78.62"
"INFY","EQ","13-Nov-2023","1,388.20","1,379.85","1,382.45","1,370.85","1,373.75","1,373.55","1,375.99","34,62,092","4,76,37,94,426.75","1,53,816","25,16,782","72.70"
"INFY","EQ","12-Nov-2023","1,368.85","1,380.05","1,389.10","1,380.05","1,389.00","1,388.20","1,386.21","5,72,298","79,33,25,412.10","41,383","3,14,654","54.98"
"INFY","EQ","10-Nov-2023","1,374.80","1,369.95","1,373.15","1,361.00","1,370.40","1,368.85","1,366.16","29,43,649","4,02,14,87,680.45","1,26,698","19,66,148","66.79"
"INFY","EQ","09-Nov-2023","1,391.00","1,395.90","1,397.50","1,370.05","1,377.00","1,374.80","1,380.21","54,98,051","7,58,84,83,905.60","2,15,986","29,36,461","53.41"
"INFY","EQ","08-Nov-2023","1,404.30","1,405.00","1,405.00","1,386.45","1,390.50","1,391.00","1,397.84","35,50,635","4,96,32,20,499.25","1,05,192","24,67,126","69.48"
"INFY","EQ","07-Nov-2023","1,403.30","1,400.00","1,405.90","1,394.85","1,404.50","1,404.30","1,401.76","22,72,209","3,18,50,82,415.90","1,02,779","13,81,718","60.81"
"INFY","EQ","06-Nov-2023","1,389.05","1,393.90","1,407.25","1,390.80","1,404.05","1,403.30","1,397.26","27,36,381","3,82,34,36,234.45","97,586","19,47,084","71.16"
"INFY","EQ","03-Nov-2023","1,370.15","1,380.05","1,392.00","1,377.75","1,388.00","1,389.05","1,386.28","33,49,045","4,64,27,17,150.25","1,48,758","17,03,832","50.88"
"INFY","EQ","02-Nov-2023","1,354.15","1,370.00","1,376.30","1,361.65","1,372.50","1,370.15","1,368.74","37,58,060","5,14,38,12,211.55","1,46,001","14,70,397","39.13"
"INFY","EQ","01-Nov-2023","1,368.40","1,373.05","1,377.45","1,351.65","1,354.80","1,354.15","1,361.99","30,90,672","4,20,94,55,990.15","1,43,436","21,60,789","69.91"
"INFY","EQ","31-Oct-2023","1,377.05","1,379.95","1,381.15","1,363.00","1,370.25","1,368.40","1,368.99","34,51,595","4,72,52,10,925.85","1,59,180","21,67,399","62.79"
"INFY","EQ","30-Oct-2023","1,380.35","1,380.35","1,380.35","1,363.10","1,379.90","1,377.05","1,374.57","26,67,696","3,66,69,30,263.25","1,19,502","15,42,504","57.82"
"INFY","EQ","27-Oct-2023","1,359.45","1,363.65","1,385.00","1,363.65","1,381.05","1,380.35","1,379.97","46,34,358","6,39,52,68,362.30","1,60,477","30,50,496","65.82"
"INFY","EQ","26-Oct-2023","1,370.05","1,355.05","1,374.00","1,353.10","1,360.00","1,359.45","1,362.57","63,57,656","8,66,27,78,308.65","2,49,756","36,28,009","57.07"
"INFY","EQ","25-Oct-2023","1,408.65","1,399.00","1,402.55","1,361.30","1,372.00","1,370.05","1,377.15","69,40,777","9,55,84,70,846.45","3,11,500","45,53,720","65.61"
"INFY","EQ","23-Oct-2023","1,427.25","1,425.60","1,432.35","1,405.25","1,409.00","1,408.65","1,417.66","26,36,516","3,73,76,81,221.95","1,54,127","15,74,405","59.72"
"INFY","EQ","20-Oct-2023","1,433.65","1,430.00","1,438.50","1,425.25","1,428.00","1,427.25","1,430.32","39,28,622","5,61,91,91,744.00","1,80,553","24,49,173","62.34"
"INFY","EQ","19-Oct-2023","1,440.55","1,426.10","1,439.65","1,426.10","1,434.00","1,433.65","1,434.77","67,95,691","9,75,02,32,109.00","3,26,099","48,03,117","70.68"
"INFY","EQ","18-Oct-2023","1,442.45","1,442.00","1,454.00","1,438.35","1,441.25","1,440.55","1,446.44","42,64,837","6,16,88,31,848.85","1,84,522","28,19,859","66.12"
"INFY","EQ","17-Oct-2023","1,434.15","1,440.25","1,453.35","1,438.05","1,443.00","1,442.45","1,444.93","39,23,764","5,66,95,74,246.00","1,37,943","26,48,888","67.51"
"INFY","EQ","16-Oct-2023","1,431.15","1,432.10","1,443.60","1,430.00","1,432.95","1,434.15","1,438.44","48,50,745","6,97,75,26,909.40","1,97,297","32,31,162","66.61"
"INFY","EQ","13-Oct-2023","1,465.50","1,405.00","1,438.00","1,400.00","1,432.85","1,431.15","1,426.51","1,79,73,439","25,63,92,35,717.30","4,67,156","1,00,16,627","55.73"
"INFY","EQ","12-Oct-2023","1,494.40","1,491.90","1,504.40","1,452.00","1,452.30","1,465.50","1,480.03","1,10,81,662","16,40,12,29,152.35","3,04,763","66,10,411","59.65"
"INFY","EQ","11-Oct-2023","1,495.15","1,497.00","1,518.25","1,481.45","1,490.75","1,494.40","1,501.73","72,20,129","10,84,26,61,483.80","2,55,570","45,70,876","63.31"
"INFY","EQ","10-Oct-2023","1,475.45","1,483.90","1,497.00","1,469.10","1,495.25","1,495.15","1,489.67","56,88,951","8,47,46,87,374.45","1,80,174","38,49,365","67.66"
"INFY","EQ","09-Oct-2023","1,478.70","1,464.90","1,491.00","1,462.20","1,475.75","1,475.45","1,480.76","35,67,552","5,28,26,88,692.20","1,73,179","18,45,921","51.74"
"INFY","EQ","06-Oct-2023","1,463.45","1,469.50","1,484.50","1,463.30","1,479.20","1,478.70","1,476.25","35,98,672","5,31,25,35,565.05","1,59,979","18,37,693","51.07"
"INFY","EQ","05-Oct-2023","1,444.35","1,452.00","1,475.65","1,450.20","1,461.10","1,463.45","1,463.54","73,84,621","10,80,77,13,923.70","3,15,883","37,48,162","50.76"
"INFY","EQ","04-Oct-2023","1,434.00","1,425.00","1,449.95","1,418.20","1,449.50","1,444.35","1,431.51","45,10,406","6,45,66,91,190.85","1,86,022","30,99,409","68.72"
"INFY","EQ","03-Oct-2023","1,435.45","1,436.05","1,437.00","1,420.30","1,429.65","1,434.00","1,430.54","41,81,867","5,98,23,33,579.75","1,67,151","27,55,553","65.89"
"INFY","EQ","29-Sep-2023","1,439.45","1,432.10","1,446.80","1,416.00","1,429.65","1,435.45","1,432.83","60,68,968","8,69,57,77,966.65","2,14,627","30,78,641","50.73"
"INFY","EQ","28-Sep-2023","1,467.00","1,467.90","1,472.60","1,435.00","1,444.00","1,439.45","1,448.56","58,14,602","8,42,28,08,365.50","1,67,609","30,72,913","52.85"
"INFY","EQ","27-Sep-2023","1,460.65","1,456.00","1,469.60","1,450.05","1,469.00","1,467.00","1,462.30","38,63,586","5,64,97,38,071.45","1,42,755","23,38,942","60.54"
"INFY","EQ","26-Sep-2023","1,474.15","1,479.15","1,479.90","1,459.00","1,460.50","1,460.65","1,465.23","39,96,528","5,85,58,38,858.70","1,54,610","27,39,301","68.54"
"INFY","EQ","25-Sep-2023","1,496.15","1,489.85","1,489.85","1,471.55","1,475.40","1,474.15","1,478.07","42,17,863","6,23,42,96,799.30","1,65,240","27,57,566","65.38"
"INFY","EQ","22-Sep-2023","1,501.75","1,491.90","1,506.95","1,485.20","1,495.00","1,496.15","1,498.04","54,55,613","8,17,27,50,781.15","2,07,641","27,32,362","50.08"
"INFY","EQ","21-Sep-2023","1,490.25","1,486.55","1,504.55","1,476.00","1,500.00","1,501.75","1,493.20","67,79,195","10,12,27,12,262.45","1,97,654","38,45,169","56.72"
"INFY","EQ","20-Sep-2023","1,491.80","1,476.20","1,495.10","1,476.20","1,492.25","1,490.25","1,485.72","41,69,337","6,19,44,84,928.40","1,37,453","26,84,049","64.38"
"INFY","EQ","18-Sep-2023","1,511.60","1,504.90","1,504.90","1,488.00","1,490.00","1,491.80","1,493.78","39,91,916","5,96,30,27,755.00","1,41,817","28,66,845","71.82"
"INFY","EQ","15-Sep-2023","1,506.95","1,518.00","1,518.40","1,509.00","1,512.00","1,511.60","1,512.25","86,57,816","13,09,27,75,477.55","1,85,595","56,74,517","65.54"
"INFY","EQ","14-Sep-2023","1,498.35","1,505.00","1,512.55","1,499.15","1,505.55","1,506.95","1,505.99","64,44,213","9,70,48,89,706.65","2,11,776","33,51,289","52.00"
"INFY","EQ","13-Sep-2023","1,501.10","1,505.00","1,505.00","1,488.65","1,495.10","1,498.35","1,497.72","48,04,686","7,19,60,63,245.95","1,57,756","32,71,764","68.10"
"INFY","EQ","12-Sep-2023","1,476.45","1,482.50","1,504.00","1,477.10","1,501.00","1,501.10","1,492.48","67,93,161","10,13,86,68,745.00","2,23,119","44,51,584","65.53"
"INFY","EQ","11-Sep-2023","1,469.60","1,469.60","1,478.05","1,464.50","1,475.00","1,476.45","1,473.49","41,82,226","6,16,24,82,962.90","1,39,464","31,60,591","75.57"
"INFY","EQ","08-Sep-2023","1,466.20","1,463.50","1,474.75","1,460.20","1,468.45","1,469.60","1,469.26","31,25,838","4,59,26,75,942.50","1,13,333","17,01,109","54.42"
"INFY","EQ","07-Sep-2023","1,477.45","1,470.60","1,473.40","1,462.05","1,467.30","1,466.20","1,467.29","44,11,743","6,47,32,90,821.15","1,34,781","25,38,174","57.53"
"INFY","EQ","06-Sep-2023","1,478.90","1,481.90","1,482.90","1,463.30","1,475.80","1,477.45","1,472.98","50,75,786","7,47,65,34,609.00","1,86,641","38,50,824","75.87"
"INFY","EQ","05-Sep-2023","1,465.10","1,465.00","1,480.05","1,456.50","1,477.30","1,478.90","1,474.94","54,96,840","8,10,75,02,478.25","1,83,671","40,92,711","74.46"
"INFY","EQ","04-Sep-2023","1,443.85","1,443.00","1,470.00","1,434.70","1,468.50","1,465.10","1,453.48","46,09,014","6,69,91,08,919.40","1,49,765","28,74,026","62.36"
"INFY","EQ","01-Sep-2023","1,435.45","1,430.95","1,446.00","1,428.20","1,442.00","1,443.85","1,439.90","35,82,133","5,15,79,07,934.50","1,55,076","24,06,579","67.18"
"INFY","EQ","31-Aug-2023","1,435.15","1,435.15","1,444.90","1,428.65","1,436.50","1,435.45","1,437.31","97,92,735","14,07,52,09,330.60","1,56,538","70,54,020","72.03"
"INFY","EQ","30-Aug-2023","1,417.65","1,427.00","1,436.65","1,424.00","1,433.40","1,435.15","1,431.30","30,70,887","4,39,53,53,658.35","1,08,717","20,76,840","67.63"
"INFY","EQ","29-Aug-2023","1,415.65","1,424.00","1,424.40","1,415.30","1,418.00","1,417.65","1,419.44","30,74,444","4,36,39,79,784.60","1,11,666","23,96,108","77.94"
"INFY","EQ","28-Aug-2023","1,420.10","1,420.10","1,424.80","1,411.40","1,416.15","1,415.65","1,417.15","31,33,464","4,44,05,84,610.25","1,12,136","22,65,849","72.31"
"INFY","EQ","25-Aug-2023","1,423.60","1,413.00","1,422.50","1,411.40","1,416.55","1,420.10","1,417.89","43,07,172","6,10,71,13,235.85","1,65,554","29,92,651","69.48"
"INFY","EQ","24-Aug-2023","1,407.95","1,421.50","1,425.05","1,414.45","1,424.00","1,423.60","1,420.47","51,71,963","7,34,66,09,246.85","1,92,387","39,25,956","75.91"
"INFY","EQ","23-Aug-2023","1,403.75","1,416.00","1,416.60","1,405.65","1,407.00","1,407.95","1,409.22","25,59,125","3,60,63,78,738.90","1,09,292","15,41,725","60.24"
"INFY","EQ","22-Aug-2023","1,405.40","1,404.70","1,406.05","1,396.65","1,404.00","1,403.75","1,401.36","28,90,714","4,05,09,30,669.10","1,03,697","19,36,370","66.99"
"INFY","EQ","21-Aug-2023","1,388.80","1,389.75","1,407.00","1,387.15","1,404.50","1,405.40","1,400.57","30,32,722","4,24,75,53,400.10","1,08,762","21,06,554","69.46"
"INFY","EQ","18-Aug-2023","1,411.55","1,403.70","1,408.70","1,386.15","1,387.00","1,388.80","1,391.80","51,34,103","7,14,56,29,601.30","1,89,102","28,00,493","54.55"
"INFY","EQ","17-Aug-2023","1,418.50","1,420.00","1,420.00","1,406.00","1,410.50","1,411.55","1,413.24","56,18,346","7,94,00,72,970.95","1,60,656","39,33,795","70.02"
"INFY","BL","16-Aug-2023","1,425.95","1,419.10","1,419.10","1,419.10","1,419.10","1,419.10","1,419.10","11,10,000","1,57,52,01,000.00","1","-","-"
"INFY","EQ","16-Aug-2023","1,393.55","1,410.80","1,419.95","1,405.40","1,417.90","1,418.50","1,415.36","77,35,313","10,94,82,46,416.20","2,46,211","48,39,342","62.56"
"INFY","EQ","14-Aug-2023","1,371.85","1,371.85","1,395.00","1,365.60","1,392.95","1,393.55","1,384.14","43,04,135","5,95,75,19,188.70","1,65,734","25,84,744","60.05"
"INFY","EQ","11-Aug-2023","1,389.10","1,392.00","1,396.85","1,367.05","1,372.95","1,371.85","1,376.57","57,83,517","7,96,14,42,924.85","1,51,268","33,56,158","58.03"
"INFY","EQ","10-Aug-2023","1,394.40","1,391.60","1,395.80","1,385.60","1,391.00","1,389.10","1,390.73","38,73,025","5,38,63,28,012.50","1,63,971","26,37,919","68.11"
"INFY","EQ","09-Aug-2023","1,390.20","1,384.00","1,396.00","1,382.50","1,395.00","1,394.40","1,390.67","40,90,828","5,68,89,74,530.10","1,44,670","29,67,229","72.53"
"INFY","EQ","08-Aug-2023","1,393.00","1,392.85","1,393.55","1,384.40","1,389.25","1,390.20","1,389.34","41,61,877","5,78,22,80,835.25","1,36,200","31,20,315","74.97"
"INFY","EQ","07-Aug-2023","1,378.35","1,387.90","1,395.00","1,377.00","1,393.80","1,393.00","1,385.83","37,29,093","5,16,78,98,529.55","1,32,041","25,18,019","67.52"
"INFY","EQ","04-Aug-2023","1,364.30","1,368.90","1,385.90","1,362.00","1,377.90","1,378.35","1,377.87","57,12,345","7,87,08,81,966.60","1,66,998","34,49,422","60.39"
"INFY","EQ","03-Aug-2023","1,356.85","1,350.00","1,366.55","1,349.00","1,364.00","1,364.30","1,357.25","65,03,741","8,82,72,22,280.60","2,09,748","42,84,709","65.88"
"INFY","EQ","02-Aug-2023","1,365.20","1,369.30","1,371.95","1,348.45","1,356.00","1,356.85","1,357.84","74,19,145","10,07,40,45,254.05","2,45,081","57,34,898","77.30"
"INFY","EQ","01-Aug-2023","1,355.70","1,362.00","1,369.00","1,357.00","1,365.05","1,365.20","1,363.65","60,64,652","8,27,00,79,930.95","1,93,367","44,99,852","74.20"
"INFY","EQ","31-Jul-2023","1,340.50","1,348.75","1,357.50","1,333.25","1,354.80","1,355.70","1,350.30","79,02,180","10,67,03,32,937.25","1,73,177","59,09,684","74.79"
"INFY","EQ","28-Jul-2023","1,353.15","1,353.85","1,363.85","1,336.00","1,340.60","1,340.50","1,344.94","61,22,735","8,23,46,88,150.70","2,07,337","39,98,866","65.31"
"INFY","EQ","27-Jul-2023","1,348.85","1,358.60","1,363.80","1,347.05","1,354.50","1,353.15","1,355.95","91,91,861","12,46,36,76,253.30","2,91,560","66,32,199","72.15"
"INFY","EQ","26-Jul-2023","1,334.60","1,343.00","1,350.00","1,339.40","1,347.45","1,348.85","1,345.30","55,28,885","7,43,79,86,216.20","2,91,888","38,90,037","70.36"
"INFY","EQ","25-Jul-2023","1,336.60","1,337.00","1,342.85","1,324.25","1,335.65","1,334.60","1,335.03","68,01,982","9,08,08,34,436.60","3,63,645","48,69,004","71.58"
"INFY","EQ","24-Jul-2023","1,331.60","1,341.00","1,349.90","1,334.25","1,336.00","1,336.60","1,338.20","88,59,789","11,85,61,66,389.25","4,77,371","57,02,682","64.37"
"INFY","EQ","21-Jul-2023","1,449.50","1,320.20","1,350.00","1,305.00","1,337.45","1,331.60","1,333.24","4,55,48,305","60,72,66,22,128.55","13,08,356","2,74,89,981","60.35"
"INFY","EQ","20-Jul-2023","1,474.95","1,471.00","1,471.00","1,440.70","1,442.75","1,449.50","1,449.79","83,47,221","12,10,16,79,686.35","2,65,215","42,34,742","50.73"
"INFY","EQ","19-Jul-2023","1,475.20","1,486.00","1,498.80","1,460.70","1,476.00","1,474.95","1,477.19","1,36,87,062","20,21,83,83,563.70","3,39,400","89,62,447","65.48"
"INFY","EQ","18-Jul-2023","1,422.95","1,434.00","1,477.95","1,429.00","1,476.00","1,475.20","1,457.82","1,67,43,977","24,40,97,44,726.80","3,34,573","95,69,644","57.15"
"INFY","BL","17-Jul-2023","1,553.30","1,425.95","1,425.95","1,425.95","1,425.95","1,425.95","1,425.95","1,45,679","20,77,30,970.05","1","-","-"
"INFY","EQ","17-Jul-2023","1,425.95","1,425.95","1,458.95","1,414.30","1,424.55","1,422.95","1,436.15","1,15,69,884","16,61,60,97,231.40","3,87,899","66,00,078","57.05"
"INFY","EQ","14-Jul-2023","1,365.10","1,380.65","1,430.00","1,380.65","1,426.00","1,425.95","1,406.74","1,28,33,381","18,05,32,68,378.10","3,68,638","75,42,542","58.77"
"INFY","EQ","13-Jul-2023","1,333.30","1,334.90","1,376.80","1,330.85","1,365.10","1,365.10","1,365.21","99,77,644","13,62,15,94,105.55","3,02,367","63,14,123","63.28"
"INFY","EQ","12-Jul-2023","1,348.60","1,351.00","1,351.90","1,327.00","1,333.00","1,333.30","1,335.03","81,02,770","10,81,74,33,938.75","2,39,051","58,34,461","72.01"
"INFY","EQ","11-Jul-2023","1,329.15","1,333.45","1,350.90","1,327.00","1,347.00","1,348.60","1,345.07","61,26,128","8,24,00,92,451.05","2,09,092","46,74,592","76.31"
"INFY","EQ","10-Jul-2023","1,330.20","1,336.55","1,341.90","1,319.30","1,328.50","1,329.15","1,331.62","39,40,315","5,24,69,83,834.90","1,70,676","23,74,388","60.26"
"INFY","EQ","07-Jul-2023","1,343.90","1,334.00","1,345.80","1,325.35","1,329.00","1,330.20","1,334.21","62,95,647","8,39,96,92,964.05","1,71,241","41,87,050","66.51"
"INFY","EQ","06-Jul-2023","1,347.30","1,342.55","1,347.45","1,337.15","1,342.95","1,343.90","1,342.72","59,63,897","8,00,78,36,151.70","1,56,641","41,16,187","69.02"
"INFY","EQ","05-Jul-2023","1,345.15","1,357.85","1,357.95","1,341.00","1,346.00","1,347.30","1,347.09","54,14,936","7,29,44,31,158.15","1,55,589","37,56,154","69.37"
"INFY","EQ","04-Jul-2023","1,333.70","1,344.30","1,346.00","1,331.40","1,344.65","1,345.15","1,338.62","57,97,775","7,76,09,91,788.60","2,02,818","38,88,566","67.07"
"INFY","EQ","03-Jul-2023","1,335.50","1,330.00","1,346.00","1,328.45","1,333.00","1,333.70","1,335.46","77,32,412","10,32,63,58,178.05","2,61,409","53,17,689","68.77"
"INFY","EQ","30-Jun-2023","1,293.35","1,308.20","1,338.90","1,304.45","1,337.85","1,335.50","1,326.14","1,28,21,692","17,00,32,96,938.75","3,45,935","83,59,716","65.20"
"INFY","EQ","28-Jun-2023","1,279.15","1,290.00","1,296.70","1,281.40","1,296.00","1,293.35","1,291.75","56,62,358","7,31,43,58,363.90","1,70,226","39,71,353","70.14"
"INFY","EQ","27-Jun-2023","1,270.35","1,280.00","1,282.00","1,274.20","1,278.95","1,279.15","1,278.39","32,40,024","4,14,20,00,392.60","1,35,123","22,50,216","69.45"
"INFY","EQ","26-Jun-2023","1,265.00","1,270.25","1,274.00","1,262.25","1,270.70","1,270.35","1,270.02","34,03,244","4,32,21,79,502.70","1,49,079","23,32,680","68.54"
"INFY","EQ","23-Jun-2023","1,281.55","1,276.45","1,279.35","1,263.35","1,265.70","1,265.00","1,270.07","72,39,467","9,19,46,54,166.50","2,52,153","53,13,677","73.40"
"INFY","EQ","22-Jun-2023","1,299.35","1,289.40","1,289.40","1,273.50","1,283.00","1,281.55","1,282.51","66,76,607","8,56,28,29,405.90","2,19,932","43,69,639","65.45"
"INFY","EQ","21-Jun-2023","1,303.40","1,299.95","1,303.80","1,295.00","1,298.50","1,299.35","1,300.26","40,41,529","5,25,50,42,672.85","1,33,363","25,44,545","62.96"
"INFY","EQ","20-Jun-2023","1,294.00","1,294.00","1,305.00","1,291.10","1,304.50","1,303.40","1,299.80","40,09,180","5,21,11,50,582.55","1,29,677","26,96,387","67.26"
"INFY","EQ","19-Jun-2023","1,291.65","1,294.00","1,299.50","1,287.05","1,292.50","1,294.00","1,292.58","44,51,787","5,75,42,81,563.90","1,23,872","29,97,527","67.33"
"INFY","EQ","16-Jun-2023","1,286.80","1,287.00","1,301.50","1,281.05","1,290.00","1,291.65","1,290.23","85,36,287","11,01,37,81,162.55","1,85,318","57,91,502","67.85"
"INFY","EQ","15-Jun-2023","1,300.40","1,293.95","1,293.95","1,282.65","1,287.00","1,286.80","1,287.49","61,61,155","7,93,24,47,626.70","1,90,175","36,45,764","59.17"
"INFY","EQ","14-Jun-2023","1,304.85","1,306.35","1,306.70","1,293.20","1,302.00","1,300.40","1,298.26","34,57,981","4,48,93,68,747.25","1,54,625","19,80,277","57.27"
"INFY","EQ","13-Jun-2023","1,291.95","1,299.90","1,306.50","1,297.05","1,304.90","1,304.85","1,303.05","48,46,587","6,31,53,61,306.70","2,38,816","34,31,593","70.80"
"INFY","EQ","12-Jun-2023","1,265.95","1,273.50","1,295.70","1,273.00","1,292.65","1,291.95","1,288.72","47,85,588","6,16,72,63,779.80","2,05,416","27,73,671","57.96"
"INFY","EQ","09-Jun-2023","1,282.80","1,282.50","1,282.50","1,264.00","1,266.60","1,265.95","1,268.53","53,39,073","6,77,27,91,477.40","2,30,254","35,35,776","66.22"
"INFY","EQ","08-Jun-2023","1,288.95","1,286.20","1,292.00","1,281.10","1,283.30","1,282.80","1,286.41","50,34,942","6,47,69,75,763.90","1,94,917","32,36,384","64.28"
"INFY","EQ","07-Jun-2023","1,279.00","1,290.50","1,294.00","1,282.50","1,288.80","1,288.95","1,288.30","53,97,578","6,95,37,03,730.40","2,16,607","33,38,682","61.86"
"INFY","EQ","06-Jun-2023","1,304.50","1,288.60","1,288.60","1,273.00","1,281.00","1,279.00","1,278.94","1,00,08,100","12,79,97,83,085.80","4,29,482","69,33,560","69.28"
"INFY","EQ","05-Jun-2023","1,299.00","1,304.00","1,309.45","1,297.30","1,306.00","1,304.50","1,305.52","50,02,553","6,53,09,40,466.45","1,46,088","35,58,662","71.14"
"INFY","EQ","02-Jun-2023","1,319.50","1,309.00","1,312.90","1,296.05","1,299.70","1,299.00","1,302.59","1,09,09,311","14,21,04,01,347.45","3,25,917","83,90,762","76.91"
"INFY","EQ","01-Jun-2023","1,318.30","1,322.55","1,329.50","1,318.10","1,320.55","1,319.50","1,322.90","42,77,841","5,65,91,76,889.55","1,89,819","27,51,545","64.32"
"INFY","EQ","31-May-2023","1,323.85","1,319.85","1,331.10","1,314.15","1,317.80","1,318.30","1,320.55","1,78,00,782","23,50,68,91,088.20","1,80,184","1,29,03,356","72.49"
"INFY","EQ","30-May-2023","1,314.40","1,315.00","1,326.40","1,309.15","1,322.40","1,323.85","1,318.50","62,74,719","8,27,31,97,083.60","1,67,284","35,62,594","56.78"
"INFY","EQ","29-May-2023","1,317.45","1,332.70","1,332.70","1,309.85","1,315.00","1,314.40","1,316.49","44,19,365","5,81,80,35,563.65","1,60,816","23,73,446","53.71"
"INFY","EQ","26-May-2023","1,304.35","1,306.00","1,323.45","1,306.00","1,316.00","1,317.45","1,317.45","55,21,606","7,27,44,38,393.35","1,67,863","39,51,713","71.57"
"INFY","EQ","25-May-2023","1,298.65","1,294.50","1,307.00","1,289.25","1,306.00","1,304.35","1,298.27","43,34,121","5,62,68,53,058.25","1,08,453","22,27,626","51.40"
"INFY","EQ","24-May-2023","1,300.05","1,296.30","1,305.00","1,291.30","1,299.90","1,298.65","1,299.49","48,24,077","6,26,88,59,654.15","1,25,041","28,51,490","59.11"
"INFY","EQ","23-May-2023","1,292.80","1,299.20","1,314.15","1,297.05","1,300.80","1,300.05","1,306.71","74,36,031","9,71,67,02,068.30","2,22,142","47,04,959","63.27"
"INFY","EQ","22-May-2023","1,268.90","1,272.95","1,295.60","1,270.25","1,291.80","1,292.80","1,286.85","76,25,947","9,81,34,24,557.30","1,85,776","47,67,064","62.51"
"INFY","EQ","19-May-2023","1,246.00","1,256.05","1,273.30","1,252.80","1,269.00","1,268.90","1,267.85","1,10,94,136","14,06,56,70,107.50","2,26,582","80,41,939","72.49"
"INFY","EQ","18-May-2023","1,246.90","1,258.60","1,259.65","1,242.45","1,249.95","1,246.00","1,251.78","69,48,732","8,69,83,06,736.25","1,96,055","36,69,257","52.80"
"INFY","EQ","17-May-2023","1,264.30","1,260.60","1,260.95","1,242.45","1,248.40","1,246.90","1,248.69","1,04,65,667","13,06,83,46,605.80","3,25,651","74,99,480","71.66"
"INFY","EQ","16-May-2023","1,258.35","1,265.00","1,273.95","1,262.75","1,263.15","1,264.30","1,268.45","52,36,469","6,64,22,19,899.60","2,26,514","38,12,472","72.81"
"INFY","EQ","15-May-2023","1,245.20","1,249.90","1,268.90","1,245.65","1,258.40","1,258.35","1,261.92","55,34,710","6,98,43,73,569.40","2,92,801","35,26,028","63.71"
"INFY","EQ","12-May-2023","1,256.10","1,253.35","1,256.00","1,239.05","1,247.00","1,245.20","1,247.46","82,92,212","10,34,42,38,724.75","3,58,335","61,98,401","74.75"
"INFY","EQ","11-May-2023","1,263.25","1,270.25","1,275.90","1,253.05","1,257.95","1,256.10","1,263.79","68,88,461","8,70,55,78,132.05","2,92,712","40,49,454","58.79"
"INFY","EQ","10-May-2023","1,270.70","1,276.40","1,276.40","1,259.15","1,264.00","1,263.25","1,264.19","65,15,734","8,23,71,32,025.55","2,51,732","46,46,788","71.32"
"INFY","EQ","09-May-2023","1,265.60","1,266.00","1,272.00","1,260.70","1,271.55","1,270.70","1,268.61","49,69,897","6,30,48,37,447.50","1,49,093","35,49,859","71.43"
"INFY","EQ","08-May-2023","1,259.10","1,262.45","1,270.30","1,255.20","1,266.50","1,265.60","1,264.62","52,60,842","6,65,29,49,232.95","1,75,093","36,37,949","69.15"
"INFY","EQ","05-May-2023","1,273.55","1,279.00","1,279.00","1,254.25","1,260.40","1,259.10","1,262.94","53,73,791","6,78,67,76,239.30","1,75,015","31,98,203","59.51"
"INFY","EQ","04-May-2023","1,269.15","1,268.95","1,275.80","1,262.50","1,272.50","1,273.55","1,271.17","45,05,401","5,72,71,14,799.70","1,57,671","25,54,254","56.69"
"INFY","EQ","03-May-2023","1,277.45","1,266.00","1,272.50","1,262.10","1,268.00","1,269.15","1,268.21","55,49,783","7,03,82,85,252.90","1,38,772","38,96,287","70.21"
"INFY","EQ","02-May-2023","1,252.75","1,254.55","1,279.75","1,254.55","1,278.10","1,277.45","1,272.67","88,86,401","11,30,94,40,091.60","2,78,371","56,73,140","63.84"
"INFY","EQ","28-Apr-2023","1,246.25","1,255.70","1,259.00","1,244.95","1,252.95","1,252.75","1,252.17","1,01,18,277","12,66,97,77,883.05","2,40,556","69,23,379","68.42"
"INFY","EQ","27-Apr-2023","1,227.55","1,230.00","1,247.80","1,225.40","1,247.00","1,246.25","1,237.22","80,20,704","9,92,34,08,235.75","2,06,555","53,09,591","66.20"
"INFY","EQ","26-Apr-2023","1,224.90","1,228.00","1,233.00","1,220.55","1,227.00","1,227.55","1,226.74","56,80,192","6,96,80,97,179.25","1,66,360","36,69,872","64.61"
"INFY","EQ","25-Apr-2023","1,226.30","1,225.95","1,235.50","1,215.00","1,227.00","1,224.90","1,226.05","68,08,576","8,34,76,24,194.35","2,10,989","43,64,272","64.10"
"INFY","EQ","24-Apr-2023","1,227.35","1,228.00","1,230.00","1,218.00","1,228.85","1,226.30","1,223.22","83,13,774","10,16,95,81,098.40","2,74,139","61,13,775","73.54"
"INFY","EQ","21-Apr-2023","1,223.40","1,228.10","1,233.25","1,220.00","1,227.00","1,227.35","1,226.45","86,91,352","10,65,95,41,176.70","2,09,013","61,69,479","70.98"
"INFY","EQ","20-Apr-2023","1,232.20","1,230.70","1,237.85","1,221.40","1,223.50","1,223.40","1,227.55","86,21,249","10,58,29,96,524.25","2,96,296","43,14,626","50.05"
"INFY","EQ","19-Apr-2023","1,259.35","1,254.35","1,254.35","1,229.40","1,230.95","1,232.20","1,238.18","1,13,07,230","14,00,03,60,449.75","4,03,650","65,94,608","58.32"
"INFY","EQ","18-Apr-2023","1,258.30","1,269.95","1,269.95","1,253.10","1,259.00","1,259.35","1,260.58","1,24,30,884","15,67,01,47,000.65","4,54,051","65,05,768","52.34"
"INFY","EQ","17-Apr-2023","1,389.20","1,250.30","1,261.15","1,185.30","1,259.00","1,258.30","1,239.97","5,31,71,705","65,93,11,04,710.55","13,24,241","3,09,38,494","58.19"
"INFY","EQ","13-Apr-2023","1,428.30","1,409.75","1,411.05","1,383.00","1,383.40","1,389.20","1,394.12","1,12,67,238","15,70,78,60,354.85","3,45,857","70,35,510","62.44"
"INFY","EQ","12-Apr-2023","1,406.15","1,413.05","1,431.50","1,400.00","1,429.00","1,428.30","1,419.34","58,31,169","8,27,64,00,910.70","1,36,836","31,12,201","53.37"
"INFY","EQ","11-Apr-2023","1,427.60","1,428.90","1,433.35","1,389.00","1,402.30","1,406.15","1,409.62","69,42,255","9,78,59,70,823.85","1,82,219","39,51,872","56.92"
"INFY","EQ","10-Apr-2023","1,421.90","1,423.95","1,434.00","1,415.00","1,427.00","1,427.60","1,427.30","49,93,788","7,12,76,32,332.50","1,29,744","24,25,191","48.56"
"INFY","EQ","06-Apr-2023","1,423.55","1,416.00","1,428.40","1,410.35","1,422.35","1,421.90","1,419.78","69,48,465","9,86,52,66,278.35","2,29,597","22,29,924","32.09"
"INFY","EQ","05-Apr-2023","1,410.85","1,400.00","1,427.50","1,400.00","1,425.85","1,423.55","1,420.13","75,06,334","10,66,00,03,784.65","1,42,387","53,34,485","71.07"
"INFY","EQ","03-Apr-2023","1,427.95","1,435.00","1,435.00","1,405.15","1,410.00","1,410.85","1,412.65","52,42,764","7,40,61,74,019.45","1,81,180","35,88,575","68.45"
"INFY","EQ","31-Mar-2023","1,383.55","1,404.00","1,429.95","1,393.90","1,425.70","1,427.95","1,416.85","87,11,975","12,34,35,57,621.55","2,28,023","63,12,000","72.45"
"INFY","EQ","29-Mar-2023","1,377.60","1,379.00","1,389.90","1,364.55","1,388.60","1,383.55","1,377.31","88,13,966","12,13,95,74,639.95","2,35,693","63,48,499","72.03"
"INFY","EQ","28-Mar-2023","1,388.95","1,392.10","1,398.00","1,375.85","1,378.60","1,377.60","1,382.99","66,33,366","9,17,38,51,091.35","1,54,855","48,43,490","73.02"
"INFY","EQ","27-Mar-2023","1,380.65","1,386.25","1,395.75","1,374.10","1,388.20","1,388.95","1,388.84","41,70,193","5,79,17,47,773.55","2,14,904","25,94,183","62.21"
"INFY","EQ","24-Mar-2023","1,374.55","1,388.00","1,398.95","1,377.50","1,378.95","1,380.65","1,388.97","75,59,127","10,49,94,01,208.95","2,04,870","47,57,124","62.93"
"INFY","EQ","23-Mar-2023","1,389.25","1,383.95","1,383.95","1,370.00","1,376.05","1,374.55","1,376.21","76,07,718","10,46,98,39,628.50","3,39,878","58,01,036","76.25"
"INFY","EQ","22-Mar-2023","1,390.70","1,403.00","1,407.25","1,382.15","1,390.70","1,389.25","1,389.72","83,56,487","11,61,31,61,656.70","2,45,942","62,36,213","74.63"
"INFY","EQ","21-Mar-2023","1,403.65","1,399.00","1,405.00","1,390.00","1,392.00","1,390.70","1,394.66","85,36,755","11,90,58,55,384.70","3,11,684","65,71,749","76.98"
"INFY","EQ","20-Mar-2023","1,420.70","1,419.70","1,419.70","1,384.85","1,406.00","1,403.65","1,399.76","82,21,829","11,50,85,78,317.75","2,58,614","57,44,126","69.86"
"INFY","EQ","17-Mar-2023","1,404.10","1,430.00","1,442.90","1,411.40","1,423.65","1,420.70","1,426.69","90,90,018","12,96,86,34,618.20","2,21,212","59,75,144","65.73"
"INFY","EQ","16-Mar-2023","1,419.65","1,417.80","1,417.80","1,398.70","1,407.00","1,404.10","1,406.40","73,23,117","10,29,91,98,276.25","3,44,114","50,20,178","68.55"
"INFY","EQ","15-Mar-2023","1,420.00","1,438.00","1,442.85","1,416.85","1,421.00","1,419.65","1,423.38","75,56,182","10,75,52,99,509.85","4,69,861","57,53,128","76.14"
"INFY","EQ","14-Mar-2023","1,435.10","1,441.00","1,448.35","1,411.00","1,421.15","1,420.00","1,422.68","74,02,784","10,53,17,85,841.70","3,72,984","50,42,901","68.12"
"INFY","EQ","13-Mar-2023","1,471.55","1,464.20","1,478.30","1,428.00","1,438.95","1,435.10","1,444.94","87,98,403","12,71,31,35,353.35","3,78,220","56,29,025","63.98"
"INFY","EQ","10-Mar-2023","1,480.40","1,460.00","1,474.30","1,457.65","1,473.95","1,471.55","1,467.74","36,99,580","5,43,00,29,458.10","2,19,851","26,60,153","71.90"
"INFY","EQ","09-Mar-2023","1,492.70","1,495.00","1,498.35","1,474.60","1,480.60","1,480.40","1,485.30","51,04,656","7,58,19,63,844.80","1,58,728","32,66,428","63.99"
"INFY","EQ","08-Mar-2023","1,507.45","1,490.55","1,496.00","1,481.10","1,493.00","1,492.70","1,489.55","41,37,080","6,16,23,90,404.40","1,51,252","26,61,416","64.33"
"INFY","EQ","06-Mar-2023","1,479.30","1,494.55","1,520.40","1,493.15","1,506.60","1,507.45","1,509.37","65,61,742","9,90,40,87,794.20","1,95,359","42,25,831","64.40"
"INFY","EQ","03-Mar-2023","1,472.15","1,486.75","1,489.80","1,473.00","1,480.90","1,479.30","1,479.60","46,15,015","6,82,83,89,778.30","1,98,050","29,30,265","63.49"
"INFY","EQ","02-Mar-2023","1,496.05","1,485.00","1,488.60","1,467.30","1,471.75","1,472.15","1,474.05","46,44,499","6,84,62,26,930.70","2,45,727","27,49,420","59.20"
"INFY","EQ","01-Mar-2023","1,487.55","1,492.40","1,500.85","1,481.50","1,496.95","1,496.05","1,494.12","51,25,043","7,65,74,08,377.75","2,15,581","33,24,328","64.86"
"INFY","EQ","28-Feb-2023","1,509.30","1,515.60","1,524.00","1,481.30","1,490.00","1,487.55","1,494.67","96,79,811","14,46,81,39,110.40","2,37,105","62,82,158","64.90"
"INFY","EQ","27-Feb-2023","1,550.65","1,540.00","1,540.00","1,502.00","1,510.65","1,509.30","1,509.98","49,20,268","7,42,95,09,645.70","2,09,158","33,17,010","67.42"
"INFY","EQ","24-Feb-2023","1,550.70","1,560.00","1,569.00","1,545.00","1,548.00","1,550.65","1,554.49","27,90,986","4,33,85,55,110.95","1,09,535","18,99,968","68.08"
"INFY","EQ","23-Feb-2023","1,561.80","1,569.85","1,569.85","1,548.15","1,551.00","1,550.70","1,557.16","47,66,854","7,42,27,70,441.75","2,02,345","36,17,296","75.88"
"INFY","EQ","22-Feb-2023","1,579.50","1,563.00","1,575.00","1,555.30","1,561.80","1,561.80","1,565.17","36,56,244","5,72,26,49,682.00","1,45,415","27,56,511","75.39"
"INFY","EQ","21-Feb-2023","1,592.45","1,598.70","1,601.65","1,576.00","1,581.00","1,579.50","1,586.47","27,23,288","4,32,04,25,602.15","99,334","18,19,074","66.80"
"INFY","EQ","20-Feb-2023","1,583.80","1,584.95","1,603.00","1,582.50","1,595.95","1,592.45","1,593.99","24,17,716","3,85,38,13,484.60","92,760","13,49,852","55.83"
"INFY","EQ","17-Feb-2023","1,601.80","1,594.00","1,595.00","1,575.50","1,585.00","1,583.80","1,586.26","28,57,734","4,53,30,97,645.70","1,15,187","17,92,327","62.72"
"INFY","EQ","16-Feb-2023","1,597.05","1,600.00","1,614.45","1,597.85","1,601.00","1,601.80","1,606.62","42,90,289","6,89,28,84,421.45","2,02,392","30,27,313","70.56"
"INFY","EQ","15-Feb-2023","1,593.25","1,584.00","1,599.00","1,576.00","1,597.00","1,597.05","1,591.35","34,65,747","5,51,52,18,754.90","1,21,895","23,04,377","66.49"
"INFY","EQ","14-Feb-2023","1,567.45","1,584.70","1,596.00","1,578.15","1,591.15","1,593.25","1,591.44","50,43,736","8,02,67,83,623.85","1,44,115","34,66,252","68.72"
"INFY","EQ","13-Feb-2023","1,608.55","1,597.00","1,597.00","1,566.00","1,567.35","1,567.45","1,572.36","40,01,199","6,29,13,30,890.45","1,35,515","25,26,135","63.13"
"INFY","EQ","10-Feb-2023","1,617.00","1,612.95","1,616.30","1,596.45","1,608.55","1,608.55","1,608.20","47,86,762","7,69,80,59,397.10","1,55,297","35,63,865","74.45"
"INFY","EQ","09-Feb-2023","1,590.50","1,596.20","1,619.75","1,586.05","1,617.00","1,617.00","1,605.30","69,04,911","11,08,44,60,708.85","1,87,813","51,71,300","74.89"
"INFY","EQ","08-Feb-2023","1,562.40","1,565.50","1,603.00","1,565.50","1,590.00","1,590.50","1,594.11","79,83,338","12,72,63,41,119.90","1,93,218","59,49,971","74.53"
"INFY","EQ","07-Feb-2023","1,569.85","1,569.00","1,576.05","1,555.10","1,563.10","1,562.40","1,567.15","43,36,238","6,79,55,52,061.50","1,22,034","30,70,813","70.82"
"INFY","EQ","06-Feb-2023","1,599.40","1,598.00","1,598.00","1,561.60","1,565.00","1,569.85","1,570.72","45,70,612","7,17,91,33,169.90","1,54,367","28,90,524","63.24"
"INFY","EQ","03-Feb-2023","1,583.75","1,597.50","1,604.65","1,573.00","1,595.65","1,599.40","1,593.62","70,40,194","11,21,93,69,732.75","1,91,136","48,44,776","68.82"
"INFY","EQ","02-Feb-2023","1,551.10","1,552.00","1,586.95","1,552.00","1,581.00","1,583.75","1,577.61","69,16,834","10,91,20,94,672.75","1,96,421","46,57,339","67.33"
"INFY","EQ","01-Feb-2023","1,533.75","1,542.20","1,555.05","1,528.05","1,545.15","1,551.10","1,542.70","61,94,199","9,55,57,89,510.40","1,57,639","42,91,328","69.28"
"INFY","EQ","31-Jan-2023","1,538.80","1,548.90","1,548.90","1,513.00","1,534.00","1,533.75","1,526.42","94,48,126","14,42,17,80,538.55","2,13,737","67,84,098","71.80"
"INFY","EQ","30-Jan-2023","1,519.15","1,528.80","1,544.00","1,520.00","1,538.00","1,538.80","1,534.34","69,64,719","10,68,62,69,253.80","1,87,399","48,35,871","69.43"
"INFY","EQ","27-Jan-2023","1,543.00","1,546.00","1,550.95","1,507.40","1,518.60","1,519.15","1,529.67","62,09,955","9,49,91,58,228.85","2,00,961","43,43,997","69.95"
"INFY","EQ","25-Jan-2023","1,551.90","1,547.00","1,556.00","1,538.75","1,542.00","1,543.00","1,546.58","41,58,617","6,43,16,44,720.05","99,299","28,90,049","69.50"
"INFY","EQ","24-Jan-2023","1,548.00","1,560.00","1,568.80","1,549.75","1,551.00","1,551.90","1,559.78","52,00,802","8,11,21,23,939.60","1,33,921","35,36,071","67.99"
"INFY","EQ","23-Jan-2023","1,525.55","1,535.00","1,553.30","1,528.10","1,548.00","1,548.00","1,542.98","48,55,020","7,49,11,77,763.05","1,42,861","36,09,723","74.35"
"INFY","EQ","20-Jan-2023","1,538.90","1,538.00","1,545.00","1,524.00","1,527.10","1,525.55","1,531.56","64,96,429","9,94,96,78,360.50","1,56,478","51,66,082","79.52"
"INFY","EQ","19-Jan-2023","1,545.40","1,539.90","1,549.55","1,526.15","1,534.00","1,538.90","1,540.29","61,65,284","9,49,63,29,847.20","1,33,347","43,06,263","69.85"
"INFY","EQ","18-Jan-2023","1,539.50","1,544.75","1,551.85","1,539.60","1,545.00","1,545.40","1,546.60","58,43,098","9,03,69,13,833.95","1,48,114","41,41,047","70.87"
"INFY","EQ","17-Jan-2023","1,525.50","1,527.00","1,542.20","1,524.00","1,538.80","1,539.50","1,536.08","59,22,644","9,09,76,80,231.45","1,86,504","42,51,629","71.79"
"INFY","EQ","16-Jan-2023","1,503.65","1,510.00","1,528.00","1,502.30","1,523.90","1,525.50","1,520.30","60,73,063","9,23,28,97,461.80","1,81,302","38,87,055","64.00"
"INFY","EQ","13-Jan-2023","1,480.60","1,483.50","1,519.40","1,468.00","1,504.00","1,503.65","1,496.44","1,16,10,426","17,37,42,77,548.00","2,97,370","57,58,849","49.60"
"INFY","EQ","12-Jan-2023","1,471.25","1,481.95","1,485.00","1,455.00","1,482.95","1,480.60","1,472.52","65,91,385","9,70,59,52,016.20","2,18,505","38,11,007","57.82"
"INFY","EQ","11-Jan-2023","1,469.75","1,470.00","1,494.00","1,464.00","1,471.05","1,471.25","1,478.13","61,73,092","9,12,46,51,920.20","2,00,568","37,45,814","60.68"
"INFY","EQ","10-Jan-2023","1,484.45","1,482.00","1,483.90","1,454.05","1,470.80","1,469.75","1,464.41","71,58,624","10,48,31,79,205.70","1,71,260","48,72,974","68.07"
"INFY","EQ","09-Jan-2023","1,448.50","1,448.20","1,489.35","1,448.20","1,485.50","1,484.45","1,477.72","1,14,98,717","16,99,19,17,374.85","2,69,942","84,01,110","73.06"
"INFY","EQ","06-Jan-2023","1,475.20","1,470.00","1,475.00","1,446.50","1,449.80","1,448.50","1,457.41","64,43,714","9,39,11,09,271.15","2,54,921","45,27,609","70.26"
"INFY","EQ","05-Jan-2023","1,494.80","1,505.90","1,505.90","1,469.25","1,475.60","1,475.20","1,481.40","98,68,404","14,61,90,77,864.80","2,94,920","75,77,717","76.79"
"INFY","EQ","04-Jan-2023","1,522.55","1,521.00","1,521.00","1,491.10","1,494.95","1,494.80","1,501.49","70,59,590","10,59,99,36,790.80","2,13,900","50,91,489","72.12"
"INFY","EQ","03-Jan-2023","1,524.00","1,519.85","1,532.65","1,515.10","1,521.00","1,522.55","1,526.71","45,51,130","6,94,82,67,864.80","1,18,266","32,55,898","71.54"
"INFY","EQ","02-Jan-2023","1,508.20","1,514.00","1,526.50","1,504.05","1,524.40","1,524.00","1,518.62","38,01,140","5,77,24,95,934.15","1,03,834","25,87,911","68.08"
"INFY","EQ","30-Dec-2022","1,517.55","1,528.00","1,530.40","1,504.05","1,508.60","1,508.20","1,518.27","50,60,544","7,68,32,72,019.95","1,23,954","34,33,267","67.84"
"INFY","EQ","29-Dec-2022","1,510.15","1,504.00","1,521.30","1,501.00","1,519.00","1,517.55","1,511.51","46,24,745","6,99,03,42,622.05","1,16,090","30,61,244","66.19"
"INFY","EQ","28-Dec-2022","1,514.85","1,505.10","1,524.95","1,498.50","1,510.00","1,510.15","1,510.98","50,29,860","7,60,00,16,720.25","1,38,568","31,81,202","63.25"
"INFY","EQ","27-Dec-2022","1,502.40","1,509.95","1,521.45","1,497.50","1,516.40","1,514.85","1,509.99","48,60,076","7,33,86,89,836.70","1,51,234","35,75,077","73.56"
"INFY","EQ","26-Dec-2022","1,497.10","1,500.50","1,509.90","1,496.35","1,500.35","1,502.40","1,504.05","41,15,459","6,18,98,68,085.40","1,28,273","28,17,731","68.47"
"INFY","EQ","23-Dec-2022","1,522.05","1,508.70","1,509.90","1,493.00","1,498.30","1,497.10","1,501.85","62,83,822","9,43,73,76,869.85","2,09,853","40,97,699","65.21"
"INFY","EQ","22-Dec-2022","1,509.55","1,521.50","1,529.95","1,511.75","1,518.00","1,522.05","1,521.35","63,02,640","9,58,85,15,437.25","1,62,243","37,44,916","59.42"
"INFY","EQ","21-Dec-2022","1,507.30","1,515.00","1,521.00","1,502.35","1,512.10","1,509.55","1,511.41","62,36,361","9,42,57,17,455.45","1,68,630","40,44,708","64.86"
"INFY","EQ","20-Dec-2022","1,507.35","1,501.00","1,516.00","1,482.45","1,505.90","1,507.30","1,499.43","73,96,259","11,09,01,63,957.45","2,52,252","45,95,686","62.14"
"INFY","EQ","19-Dec-2022","1,522.20","1,507.95","1,516.90","1,495.05","1,510.00","1,507.35","1,507.63","62,22,740","9,38,15,70,380.60","2,08,003","39,34,980","63.24"
"INFY","EQ","16-Dec-2022","1,540.50","1,525.00","1,549.50","1,512.05","1,521.50","1,522.20","1,526.77","96,30,453","14,70,35,23,653.25","1,91,749","54,20,140","56.28"
"INFY","EQ","15-Dec-2022","1,579.40","1,569.30","1,570.00","1,535.25","1,539.95","1,540.50","1,549.15","64,43,866","9,98,25,26,579.70","1,85,365","44,84,423","69.59"
"INFY","EQ","14-Dec-2022","1,572.15","1,582.00","1,588.50","1,573.00","1,574.00","1,579.40","1,581.49","49,76,020","7,86,95,15,572.65","1,43,293","34,13,371","68.60"
"INFY","EQ","13-Dec-2022","1,547.20","1,547.20","1,577.50","1,541.15","1,571.00","1,572.15","1,563.52","61,35,067","9,59,22,74,371.70","1,56,994","36,87,457","60.10"
"INFY","EQ","12-Dec-2022","1,569.30","1,550.00","1,565.95","1,530.05","1,545.20","1,547.20","1,545.76","80,37,679","12,42,43,27,971.90","2,52,048","49,32,699","61.37"
"INFY","EQ","09-Dec-2022","1,620.15","1,628.00","1,628.00","1,561.10","1,570.20","1,569.30","1,581.54","88,80,658","14,04,51,08,335.70","3,24,427","58,84,957","66.27"
"INFY","EQ","08-Dec-2022","1,605.50","1,605.50","1,623.90","1,598.50","1,619.50","1,620.15","1,611.67","42,06,837","6,78,00,22,875.80","1,56,038","28,85,575","68.59"
"INFY","EQ","07-Dec-2022","1,612.90","1,608.00","1,623.80","1,596.70","1,602.00","1,605.50","1,612.56","48,98,087","7,89,84,60,952.45","1,50,548","30,42,096","62.11"
"INFY","EQ","06-Dec-2022","1,639.75","1,625.00","1,626.00","1,607.55","1,614.00","1,612.90","1,614.65","48,22,398","7,78,64,70,439.30","1,62,481","31,40,900","65.13"
"INFY","EQ","05-Dec-2022","1,637.90","1,638.00","1,644.85","1,623.30","1,638.65","1,639.75","1,634.50","38,24,966","6,25,19,21,099.20","1,33,011","25,27,285","66.07"
"INFY","EQ","02-Dec-2022","1,657.10","1,656.00","1,661.80","1,633.95","1,640.95","1,637.90","1,642.69","42,83,343","7,03,61,88,257.60","1,44,010","28,83,697","67.32"
"INFY","EQ","01-Dec-2022","1,634.95","1,656.20","1,672.60","1,652.30","1,655.75","1,657.10","1,660.59","54,07,928","8,98,03,36,641.45","2,14,832","29,11,901","53.85"
"INFY","EQ","30-Nov-2022","1,629.05","1,619.95","1,645.75","1,613.15","1,639.00","1,634.95","1,630.66","1,18,68,134","19,35,29,38,429.15","1,57,980","78,45,626","66.11"
"INFY","EQ","29-Nov-2022","1,623.40","1,621.20","1,638.75","1,615.05","1,626.80","1,629.05","1,627.46","31,31,710","5,09,67,17,761.50","1,16,838","17,33,630","55.36"
"INFY","EQ","28-Nov-2022","1,635.65","1,628.00","1,653.50","1,620.00","1,621.20","1,623.40","1,637.55","38,25,766","6,26,49,02,015.65","1,44,926","20,86,038","54.53"
"INFY","EQ","25-Nov-2022","1,629.80","1,631.40","1,644.00","1,613.80","1,630.05","1,635.65","1,627.35","45,63,255","7,42,60,19,017.25","1,81,147","25,85,653","56.66"
"INFY","EQ","24-Nov-2022","1,583.15","1,589.00","1,636.00","1,584.75","1,635.00","1,629.80","1,614.88","52,82,215","8,53,01,67,324.35","1,54,105","30,50,333","57.75"
"INFY","EQ","23-Nov-2022","1,585.05","1,588.90","1,592.00","1,579.30","1,582.55","1,583.15","1,585.17","32,45,067","5,14,39,87,144.95","99,116","21,67,879","66.81"
"INFY","EQ","22-Nov-2022","1,568.20","1,569.00","1,588.00","1,562.00","1,586.90","1,585.05","1,576.03","33,99,329","5,35,74,54,857.50","1,32,533","24,51,044","72.10"
"INFY","EQ","21-Nov-2022","1,593.40","1,582.10","1,587.85","1,564.05","1,567.00","1,568.20","1,571.24","30,71,764","4,82,64,80,055.75","1,27,843","19,89,342","64.76"
"INFY","EQ","18-Nov-2022","1,587.40","1,591.70","1,598.00","1,575.50","1,594.40","1,593.40","1,586.37","31,26,064","4,95,90,81,574.45","1,23,526","19,30,218","61.75"
"INFY","EQ","17-Nov-2022","1,602.80","1,597.20","1,602.80","1,582.95","1,585.60","1,587.40","1,592.58","34,69,515","5,52,54,64,430.50","1,07,072","22,30,119","64.28"
"INFY","EQ","16-Nov-2022","1,594.00","1,597.15","1,609.00","1,593.50","1,601.00","1,602.80","1,602.60","44,97,697","7,20,80,07,205.85","1,76,176","29,01,588","64.51"
"INFY","EQ","15-Nov-2022","1,585.30","1,577.85","1,597.85","1,572.75","1,596.00","1,594.00","1,585.55","34,97,614","5,54,56,24,935.75","1,22,547","23,90,003","68.33"
"INFY","EQ","14-Nov-2022","1,570.10","1,575.15","1,591.40","1,568.45","1,582.00","1,585.30","1,583.45","49,08,813","7,77,28,57,521.60","1,34,054","30,45,948","62.05"
"INFY","EQ","11-Nov-2022","1,501.95","1,546.65","1,573.50","1,546.65","1,570.70","1,570.10","1,563.49","72,14,098","11,27,92,01,381.35","2,33,749","42,55,303","58.99"
"INFY","EQ","10-Nov-2022","1,511.20","1,485.00","1,512.00","1,485.00","1,503.00","1,501.95","1,501.42","34,35,763","5,15,85,11,137.70","1,14,576","19,95,097","58.07"
"INFY","EQ","09-Nov-2022","1,507.45","1,529.00","1,529.00","1,501.10","1,509.60","1,511.20","1,515.75","33,34,755","5,05,46,51,934.85","1,01,945","18,45,609","55.34"
"INFY","EQ","07-Nov-2022","1,514.00","1,521.40","1,527.90","1,491.10","1,507.00","1,507.45","1,506.07","48,98,592","7,37,76,30,657.10","1,75,332","29,38,456","59.99"
"INFY","EQ","04-Nov-2022","1,530.75","1,520.45","1,520.45","1,501.15","1,516.00","1,514.00","1,509.47","45,09,682","6,80,72,47,315.10","1,55,259","23,56,424","52.25"
"INFY","BL","03-Nov-2022","1,413.45","1,553.30","1,553.30","1,553.30","1,553.30","1,553.30","1,553.30","48,49,687","7,53,30,18,817.10","1","-","-"
"INFY","EQ","03-Nov-2022","1,553.30","1,538.75","1,543.90","1,521.65","1,530.80","1,530.75","1,531.83","31,74,027","4,86,20,85,395.75","1,31,708","16,73,434","52.72"
"INFY","EQ","02-Nov-2022","1,573.00","1,572.00","1,572.75","1,545.00","1,553.05","1,553.30","1,553.19","29,38,906","4,56,46,65,624.40","1,16,831","16,25,301","55.30"
"INFY","EQ","01-Nov-2022","1,537.65","1,553.05","1,575.00","1,547.10","1,572.00","1,573.00","1,561.63","45,42,692","7,09,40,18,928.95","1,58,171","27,15,922","59.79"
"INFY","EQ","31-Oct-2022","1,513.25","1,530.25","1,546.40","1,530.25","1,539.25","1,537.65","1,537.80","45,42,336","6,98,52,10,435.60","1,36,286","25,26,360","55.62"
"INFY","EQ","28-Oct-2022","1,523.95","1,526.00","1,527.95","1,507.00","1,512.50","1,513.25","1,515.77","30,53,981","4,62,91,23,565.05","1,47,417","19,49,433","63.83"
"INFY","EQ","27-Oct-2022","1,526.30","1,530.80","1,534.90","1,512.50","1,525.55","1,523.95","1,523.65","67,60,137","10,30,01,14,909.65","1,68,640","43,68,210","64.62"
"INFY","EQ","25-Oct-2022","1,517.85","1,528.10","1,532.90","1,521.05","1,526.00","1,526.30","1,526.88","39,14,341","5,97,67,17,984.90","1,19,608","25,65,830","65.55"
"INFY","EQ","24-Oct-2022","1,500.50","1,518.50","1,521.80","1,511.00","1,518.20","1,517.85","1,518.55","9,82,837","1,49,24,89,542.85","56,514","6,35,594","64.67"
"INFY","EQ","21-Oct-2022","1,500.90","1,500.30","1,506.00","1,491.35","1,500.60","1,500.50","1,499.85","35,94,485","5,39,11,88,978.50","98,291","23,70,366","65.94"
"INFY","EQ","20-Oct-2022","1,485.45","1,475.00","1,504.00","1,474.20","1,501.35","1,500.90","1,496.10","45,83,939","6,85,80,28,457.00","1,40,049","29,01,475","63.30"
"INFY","EQ","19-Oct-2022","1,503.70","1,504.00","1,504.95","1,481.30","1,488.00","1,485.45","1,489.02","35,53,171","5,29,07,52,776.40","1,12,770","18,90,043","53.19"
"INFY","EQ","18-Oct-2022","1,489.95","1,510.00","1,510.95","1,497.25","1,504.00","1,503.70","1,503.95","46,92,004","7,05,65,26,673.60","1,19,660","26,34,690","56.15"
"INFY","EQ","17-Oct-2022","1,474.25","1,476.90","1,495.00","1,475.50","1,491.00","1,489.95","1,488.47","42,86,396","6,38,01,87,690.05","1,76,595","21,50,807","50.18"
"INFY","EQ","14-Oct-2022","1,419.90","1,485.00","1,494.00","1,467.25","1,477.00","1,474.25","1,480.83","1,49,90,688","22,19,87,28,911.80","3,88,421","64,27,583","42.88"
"INFY","EQ","13-Oct-2022","1,428.70","1,431.00","1,437.95","1,415.00","1,422.00","1,419.90","1,423.15","48,21,514","6,86,17,25,912.15","1,37,929","30,00,082","62.22"
"INFY","EQ","12-Oct-2022","1,423.80","1,437.00","1,441.10","1,413.55","1,430.00","1,428.70","1,430.73","54,81,467","7,84,24,89,842.80","1,61,320","32,46,449","59.23"
"INFY","EQ","11-Oct-2022","1,462.65","1,462.65","1,479.65","1,420.10","1,425.00","1,423.80","1,450.42","1,28,24,774","18,60,12,99,291.80","3,57,001","76,13,537","59.37"
"INFY","EQ","10-Oct-2022","1,451.20","1,426.35","1,465.00","1,426.35","1,465.00","1,462.65","1,449.12","52,74,677","7,64,36,48,786.60","2,02,762","34,28,076","64.99"
"INFY","EQ","07-Oct-2022","1,455.15","1,446.35","1,457.85","1,440.15","1,452.00","1,451.20","1,449.16","39,94,466","5,78,86,40,009.75","1,63,553","25,04,702","62.70"
"INFY","EQ","06-Oct-2022","1,429.40","1,445.00","1,459.80","1,444.10","1,454.00","1,455.15","1,453.30","61,80,672","8,98,23,53,045.35","1,86,110","42,57,208","68.88"
"INFY","EQ","04-Oct-2022","1,393.75","1,419.70","1,432.25","1,414.00","1,428.00","1,429.40","1,426.65","66,31,341","9,46,06,07,735.95","1,65,041","42,39,879","63.94"
"INFY","BL","03-Oct-2022","1,616.65","1,413.45","1,413.45","1,413.45","1,413.45","1,413.45","1,413.45","42,55,566","6,01,50,29,762.70","1","-","-"
"INFY","EQ","03-Oct-2022","1,413.45","1,412.00","1,412.00","1,386.00","1,393.75","1,393.75","1,398.82","49,43,169","6,91,45,90,029.80","1,64,361","28,90,909","58.48"
"INFY","EQ","30-Sep-2022","1,398.65","1,388.95","1,419.30","1,376.00","1,413.80","1,413.45","1,399.71","81,20,130","11,36,58,39,916.45","2,35,225","50,72,307","62.47"
"INFY","EQ","29-Sep-2022","1,394.70","1,404.90","1,409.85","1,393.00","1,401.50","1,398.65","1,399.14","61,19,965","8,56,26,86,107.45","1,89,378","43,47,261","71.03"
"INFY","EQ","28-Sep-2022","1,393.55","1,379.00","1,405.85","1,377.00","1,394.45","1,394.70","1,396.79","70,22,098","9,80,83,75,442.85","2,35,532","48,02,889","68.40"
"INFY","EQ","27-Sep-2022","1,380.25","1,393.45","1,406.50","1,378.00","1,398.25","1,393.55","1,393.26","85,61,254","11,92,80,32,958.80","2,34,333","56,97,364","66.55"
"INFY","EQ","26-Sep-2022","1,365.45","1,360.00","1,399.45","1,355.00","1,383.00","1,380.25","1,380.76","94,14,587","12,99,92,91,293.20","2,83,295","48,01,178","51.00"
"INFY","EQ","23-Sep-2022","1,367.95","1,367.50","1,394.80","1,362.00","1,367.95","1,365.45","1,377.01","1,04,26,200","14,35,70,16,787.70","3,06,005","60,33,837","57.87"
"INFY","EQ","22-Sep-2022","1,377.25","1,366.35","1,383.95","1,360.00","1,368.00","1,367.95","1,371.40","91,68,498","12,57,36,95,052.50","2,89,781","63,69,324","69.47"
"INFY","EQ","21-Sep-2022","1,388.55","1,379.90","1,388.80","1,368.40","1,380.40","1,377.25","1,378.58","79,17,054","10,91,43,26,538.00","3,04,433","49,18,936","62.13"
"INFY","EQ","20-Sep-2022","1,390.30","1,407.95","1,413.55","1,385.10","1,388.00","1,388.55","1,399.75","72,19,797","10,10,58,98,809.35","2,12,073","45,73,076","63.34"
"INFY","EQ","19-Sep-2022","1,377.05","1,392.00","1,406.00","1,380.60","1,391.20","1,390.30","1,392.54","65,95,241","9,18,41,42,465.45","2,34,193","36,43,053","55.24"
"INFY","EQ","16-Sep-2022","1,432.80","1,425.00","1,425.00","1,368.35","1,377.00","1,377.05","1,388.01","2,04,64,045","28,40,42,70,084.50","6,03,746","1,24,04,429","60.62"
"INFY","EQ","15-Sep-2022","1,475.40","1,475.00","1,475.20","1,429.05","1,432.00","1,432.80","1,442.26","1,27,84,100","18,43,80,08,294.00","5,02,967","80,79,385","63.20"
"INFY","EQ","14-Sep-2022","1,544.95","1,497.00","1,498.95","1,472.00","1,475.00","1,475.40","1,480.69","1,43,32,197","21,22,16,02,847.55","4,31,674","88,73,219","61.91"
"INFY","EQ","13-Sep-2022","1,536.20","1,551.90","1,553.00","1,541.30","1,545.00","1,544.95","1,547.66","49,47,158","7,65,65,40,764.10","1,13,762","33,03,570","66.78"
"INFY","EQ","12-Sep-2022","1,511.65","1,525.80","1,545.90","1,521.15","1,534.40","1,536.20","1,538.61","54,94,819","8,45,43,60,840.70","1,57,389","34,72,880","63.20"
"INFY","EQ","09-Sep-2022","1,475.90","1,488.00","1,520.00","1,480.00","1,512.00","1,511.65","1,499.38","48,16,910","7,22,23,90,189.10","1,57,963","26,29,475","54.59"
"INFY","EQ","08-Sep-2022","1,457.65","1,475.00","1,481.10","1,463.60","1,475.05","1,475.90","1,473.40","40,61,475","5,98,41,86,689.80","1,47,100","23,50,228","57.87"
"INFY","EQ","07-Sep-2022","1,455.10","1,440.00","1,465.75","1,438.05","1,462.00","1,457.65","1,453.03","36,00,574","5,23,17,31,491.10","1,37,578","18,12,558","50.34"
"INFY","EQ","06-Sep-2022","1,461.30","1,461.30","1,470.00","1,445.45","1,456.65","1,455.10","1,456.32","34,28,442","4,99,29,13,121.30","1,29,028","20,36,640","59.40"
"INFY","EQ","05-Sep-2022","1,453.00","1,451.00","1,467.00","1,446.35","1,461.25","1,461.30","1,459.87","36,69,352","5,35,67,63,254.65","1,33,172","23,44,738","63.90"
"INFY","EQ","02-Sep-2022","1,464.20","1,478.00","1,478.00","1,448.00","1,452.95","1,453.00","1,456.40","51,75,653","7,53,78,34,806.45","1,99,570","30,67,071","59.26"
"INFY","EQ","01-Sep-2022","1,492.95","1,460.05","1,468.10","1,451.05","1,467.00","1,464.20","1,460.62","81,40,604","11,89,03,04,297.90","3,19,918","58,86,083","72.31"
"INFY","EQ","30-Aug-2022","1,461.75","1,473.10","1,496.10","1,466.00","1,489.90","1,492.95","1,485.72","67,25,875","9,99,27,39,411.25","1,85,187","40,53,627","60.27"
"INFY","EQ","29-Aug-2022","1,521.55","1,468.55","1,468.55","1,450.00","1,463.50","1,461.75","1,458.38","80,79,050","11,78,23,06,780.85","3,61,066","52,24,496","64.67"
"INFY","EQ","26-Aug-2022","1,518.15","1,535.15","1,544.95","1,517.45","1,526.80","1,521.55","1,530.22","30,79,136","4,71,17,66,478.45","1,01,529","17,22,219","55.93"
"INFY","EQ","25-Aug-2022","1,537.50","1,548.00","1,548.70","1,513.75","1,520.00","1,518.15","1,532.79","43,31,088","6,63,86,50,734.65","1,67,891","26,04,870","60.14"
"INFY","EQ","24-Aug-2022","1,542.40","1,535.00","1,546.00","1,531.00","1,538.00","1,537.50","1,538.48","28,88,426","4,44,37,85,545.05","1,54,990","17,01,606","58.91"
"INFY","EQ","23-Aug-2022","1,575.65","1,548.00","1,554.50","1,533.00","1,548.20","1,542.40","1,542.45","55,51,574","8,56,30,38,003.90","2,05,150","31,76,755","57.22"
"INFY","EQ","22-Aug-2022","1,597.10","1,586.00","1,599.00","1,574.00","1,577.00","1,575.65","1,586.15","39,50,555","6,26,61,91,900.90","1,08,149","25,65,726","64.95"
"INFY","EQ","19-Aug-2022","1,582.95","1,585.30","1,604.90","1,585.10","1,591.00","1,597.10","1,596.83","47,39,884","7,56,88,03,663.40","1,63,412","24,77,938","52.28"
"INFY","EQ","18-Aug-2022","1,606.25","1,594.10","1,598.20","1,574.00","1,585.00","1,582.95","1,583.57","46,35,706","7,34,09,80,025.95","1,51,600","29,14,298","62.87"
"INFY","EQ","17-Aug-2022","1,596.45","1,596.45","1,612.00","1,585.00","1,607.20","1,606.25","1,602.88","40,67,324","6,51,94,51,947.60","1,39,693","22,78,315","56.02"
"INFY","EQ","16-Aug-2022","1,594.10","1,609.00","1,609.00","1,591.10","1,595.00","1,596.45","1,598.37","30,04,430","4,80,21,76,270.65","1,16,646","20,04,898","66.73"
"INFY","EQ","12-Aug-2022","1,619.95","1,613.30","1,614.00","1,590.15","1,593.75","1,594.10","1,598.82","35,62,286","5,69,54,42,291.90","1,51,120","23,23,110","65.21"
"INFY","EQ","11-Aug-2022","1,602.45","1,630.00","1,631.35","1,616.00","1,619.00","1,619.95","1,621.28","34,62,090","5,61,30,33,930.80","1,30,406","20,39,456","58.91"
"INFY","EQ","10-Aug-2022","1,619.40","1,621.20","1,621.20","1,588.10","1,600.00","1,602.45","1,599.27","44,23,829","7,07,49,14,444.10","1,55,928","24,43,115","55.23"
"INFY","EQ","08-Aug-2022","1,616.65","1,617.00","1,622.00","1,596.00","1,617.05","1,619.40","1,609.77","37,63,409","6,05,82,38,545.70","1,69,613","21,12,134","56.12"
"INFY","BL","08-Aug-2022","1,506.30","1,616.65","1,616.65","1,616.65","1,616.65","1,616.65","1,616.65","45,51,387","7,35,79,99,793.55","1","-","-"
"INFY","EQ","05-Aug-2022","1,599.90","1,608.40","1,625.70","1,602.30","1,617.00","1,616.65","1,616.48","53,61,971","8,66,75,07,626.50","1,75,709","35,61,833","66.43"
"INFY","EQ","04-Aug-2022","1,566.10","1,587.50","1,603.85","1,574.95","1,599.05","1,599.90","1,593.76","74,02,209","11,79,73,74,600.35","2,37,197","41,45,082","56.00"
"INFY","EQ","03-Aug-2022","1,543.60","1,549.00","1,570.00","1,539.90","1,569.90","1,566.10","1,558.25","60,11,955","9,36,81,13,437.55","1,88,692","38,20,039","63.54"
"INFY","EQ","02-Aug-2022","1,551.05","1,546.55","1,547.00","1,528.35","1,539.90","1,543.60","1,538.18","43,74,635","6,72,89,92,376.10","1,71,243","25,72,133","58.80"
"INFY","EQ","01-Aug-2022","1,549.70","1,564.00","1,564.00","1,537.90","1,551.50","1,551.05","1,550.21","29,83,249","4,62,46,72,839.80","1,49,288","17,50,031","58.66"
"INFY","EQ","29-Jul-2022","1,517.40","1,532.80","1,555.70","1,528.00","1,546.00","1,549.70","1,547.25","70,09,465","10,84,53,76,720.40","2,46,805","43,42,842","61.96"
"INFY","EQ","28-Jul-2022","1,471.05","1,496.40","1,524.45","1,489.85","1,517.20","1,517.40","1,511.74","66,36,841","10,03,31,86,128.90","2,52,053","38,10,803","57.42"
"INFY","EQ","27-Jul-2022","1,451.15","1,451.00","1,473.00","1,445.00","1,468.20","1,471.05","1,460.89","45,17,285","6,59,92,37,909.60","1,60,787","26,81,133","59.35"
"INFY","EQ","26-Jul-2022","1,503.60","1,496.65","1,496.65","1,445.00","1,450.85","1,451.15","1,461.09","72,68,273","10,61,95,87,082.45","2,65,599","40,16,496","55.26"
"INFY","EQ","25-Jul-2022","1,506.30","1,480.10","1,517.15","1,480.10","1,502.00","1,503.60","1,500.15","78,59,626","11,79,06,53,830.55","2,12,233","40,86,661","52.00"
"INFY","BL","25-Jul-2022","1,665.15","1,506.30","1,506.30","1,506.30","1,506.30","1,506.30","1,506.30","45,51,385","6,85,57,51,225.50","1","-","-"
"INFY","EQ","22-Jul-2022","1,532.90","1,534.00","1,540.00","1,492.15","1,506.00","1,506.30","1,507.60","70,20,642","10,58,43,25,682.30","2,15,051","39,86,383","56.78"
"INFY","EQ","21-Jul-2022","1,515.30","1,517.00","1,535.45","1,503.10","1,532.00","1,532.90","1,527.42","50,08,061","7,64,94,15,941.05","1,57,115","29,12,634","58.16"
"INFY","EQ","20-Jul-2022","1,484.15","1,501.25","1,525.80","1,500.00","1,512.00","1,515.30","1,515.63","50,79,392","7,69,84,82,417.20","1,58,381","31,15,026","61.33"
"INFY","EQ","19-Jul-2022","1,489.90","1,471.55","1,486.85","1,470.10","1,483.80","1,484.15","1,478.79","34,18,540","5,05,53,04,449.00","1,14,499","18,81,917","55.05"
"INFY","EQ","18-Jul-2022","1,430.35","1,450.00","1,493.60","1,448.05","1,490.70","1,489.90","1,481.63","58,35,171","8,64,55,65,248.80","1,62,450","30,26,158","51.86"
"INFY","EQ","15-Jul-2022","1,428.85","1,446.00","1,446.00","1,410.65","1,434.85","1,430.35","1,424.89","56,20,018","8,00,78,93,440.15","1,70,216","35,49,456","63.16"
"INFY","EQ","14-Jul-2022","1,444.45","1,451.00","1,452.95","1,414.00","1,433.00","1,428.85","1,434.46","61,57,606","8,83,28,40,289.85","1,44,148","39,38,343","63.96"
"INFY","EQ","13-Jul-2022","1,438.60","1,450.00","1,460.00","1,438.60","1,447.90","1,444.45","1,447.72","52,64,025","7,62,08,19,405.90","1,47,896","35,32,089","67.10"
"INFY","EQ","12-Jul-2022","1,473.15","1,461.80","1,468.60","1,436.00","1,437.05","1,438.60","1,450.62","47,10,356","6,83,29,44,704.15","1,81,598","30,12,822","63.96"
"INFY","EQ","11-Jul-2022","1,514.45","1,495.00","1,499.90","1,466.40","1,470.50","1,473.15","1,474.75","47,02,815","6,93,54,83,773.75","1,88,382","28,56,326","60.74"
"INFY","EQ","08-Jul-2022","1,498.70","1,515.00","1,516.95","1,499.95","1,515.00","1,514.45","1,508.56","36,52,582","5,51,01,22,803.55","1,55,962","24,67,042","67.54"
"INFY","EQ","07-Jul-2022","1,491.65","1,503.05","1,513.95","1,495.70","1,497.85","1,498.70","1,503.51","33,23,472","4,99,68,60,163.10","1,21,073","19,37,247","58.29"
"INFY","EQ","06-Jul-2022","1,475.95","1,482.20","1,500.00","1,470.00","1,491.90","1,491.65","1,485.98","52,09,162","7,74,07,36,357.50","1,56,085","31,61,700","60.69"
"INFY","EQ","05-Jul-2022","1,488.00","1,498.80","1,509.95","1,472.00","1,476.90","1,475.95","1,495.61","73,79,669","11,03,70,88,108.20","2,49,546","51,05,329","69.18"
"INFY","EQ","04-Jul-2022","1,479.40","1,480.25","1,492.25","1,462.00","1,486.60","1,488.00","1,478.79","48,00,224","7,09,85,45,533.35","2,20,885","30,73,970","64.04"
"INFY","EQ","01-Jul-2022","1,461.90","1,454.00","1,485.00","1,442.35","1,481.00","1,479.40","1,461.94","46,51,635","6,80,04,17,469.70","1,77,961","25,86,263","55.60"
"INFY","EQ","30-Jun-2022","1,463.25","1,465.05","1,482.00","1,455.00","1,459.50","1,461.90","1,465.35","91,65,177","13,43,02,02,954.15","2,37,326","57,69,830","62.95"
"INFY","EQ","29-Jun-2022","1,480.15","1,464.70","1,477.00","1,457.00","1,464.00","1,463.25","1,468.07","50,60,038","7,42,85,09,395.50","1,43,914","39,07,677","77.23"
"INFY","EQ","28-Jun-2022","1,474.60","1,469.00","1,488.25","1,453.00","1,486.00","1,480.15","1,468.85","44,12,178","6,48,08,18,446.05","1,43,516","28,56,516","64.74"
"INFY","EQ","27-Jun-2022","1,441.10","1,468.05","1,484.00","1,465.15","1,476.65","1,474.60","1,476.34","45,11,097","6,65,99,14,554.25","1,88,158","26,44,348","58.62"
"INFY","EQ","24-Jun-2022","1,452.45","1,458.00","1,467.50","1,428.90","1,441.30","1,441.10","1,442.06","61,14,340","8,81,72,69,189.35","2,60,872","33,70,353","55.12"
"INFY","EQ","23-Jun-2022","1,437.25","1,439.80","1,458.00","1,433.00","1,457.90","1,452.45","1,446.47","62,54,281","9,04,66,55,357.50","1,96,616","35,83,909","57.30"
"INFY","EQ","22-Jun-2022","1,449.90","1,436.05","1,459.60","1,435.00","1,436.90","1,437.25","1,445.29","62,53,366","9,03,79,20,246.75","1,72,406","36,10,368","57.73"
"INFY","EQ","21-Jun-2022","1,414.15","1,424.00","1,456.00","1,422.75","1,448.90","1,449.90","1,446.99","62,70,787","9,07,37,88,040.65","1,91,713","42,25,211","67.38"
"INFY","EQ","20-Jun-2022","1,387.30","1,390.05","1,422.35","1,382.00","1,418.55","1,414.15","1,403.98","45,95,194","6,45,15,50,707.85","1,43,018","25,72,187","55.98"
"INFY","EQ","17-Jun-2022","1,397.20","1,391.05","1,396.95","1,367.15","1,394.85","1,387.30","1,384.61","96,92,047","13,41,96,95,918.45","4,05,928","61,14,925","63.09"
"INFY","EQ","16-Jun-2022","1,422.20","1,438.00","1,443.75","1,392.00","1,398.25","1,397.20","1,410.57","66,41,772","9,36,87,00,309.05","2,86,168","42,86,299","64.54"
"INFY","EQ","15-Jun-2022","1,440.55","1,440.20","1,446.40","1,418.85","1,421.30","1,422.20","1,430.55","46,51,958","6,65,48,55,561.25","1,50,561","28,06,543","60.33"
"INFY","EQ","14-Jun-2022","1,424.50","1,410.00","1,448.90","1,403.15","1,440.95","1,440.55","1,437.63","60,90,247","8,75,55,49,345.35","2,01,978","39,90,459","65.52"
"INFY","EQ","13-Jun-2022","1,476.80","1,443.60","1,443.60","1,411.70","1,428.85","1,424.50","1,426.23","69,87,685","9,96,60,35,592.45","3,27,403","47,12,888","67.45"
"INFY","EQ","10-Jun-2022","1,515.00","1,486.10","1,493.95","1,473.60","1,475.00","1,476.80","1,482.27","65,16,436","9,65,91,16,721.85","2,34,283","44,21,702","67.85"
"INFY","EQ","09-Jun-2022","1,500.00","1,485.00","1,516.95","1,481.50","1,514.50","1,515.00","1,504.92","43,61,061","6,56,30,50,773.85","1,45,083","25,87,777","59.34"
"INFY","EQ","08-Jun-2022","1,506.70","1,520.20","1,520.20","1,492.00","1,498.50","1,500.00","1,502.54","46,97,608","7,05,83,62,387.95","1,70,475","28,24,244","60.12"
"INFY","EQ","07-Jun-2022","1,530.05","1,519.85","1,519.85","1,502.60","1,506.60","1,506.70","1,509.44","49,04,592","7,40,31,78,927.00","1,26,118","31,34,730","63.91"
"INFY","EQ","06-Jun-2022","1,521.70","1,516.00","1,536.60","1,493.00","1,531.00","1,530.05","1,518.42","66,24,883","10,05,93,23,384.50","2,10,472","40,58,647","61.26"
"INFY","EQ","03-Jun-2022","1,508.00","1,524.90","1,555.00","1,518.00","1,522.75","1,521.70","1,540.73","93,95,707","14,47,62,19,586.75","2,14,669","55,66,374","59.24"
"INFY","EQ","02-Jun-2022","1,478.55","1,484.00","1,513.85","1,475.60","1,508.00","1,508.00","1,497.25","72,05,840","10,78,89,40,908.75","1,81,247","44,29,957","61.48"
"INFY","EQ","01-Jun-2022","1,503.60","1,513.00","1,514.75","1,472.10","1,487.00","1,478.55","1,491.29","87,38,508","13,03,16,29,592.15","2,50,909","54,18,165","62.00"
"INFY","EQ","31-May-2022","1,526.80","1,510.70","1,518.00","1,488.15","1,510.00","1,503.60","1,503.66","1,60,33,857","24,10,94,58,123.65","2,08,356","1,02,78,901","64.11"
"INFY","EQ","30-May-2022","1,461.35","1,487.00","1,530.00","1,485.00","1,529.00","1,526.80","1,519.01","1,09,04,213","16,56,35,55,827.95","2,51,321","73,51,138","67.42"
"INFY","EQ","27-May-2022","1,423.95","1,443.95","1,467.00","1,437.40","1,466.50","1,461.35","1,451.94","82,84,860","12,02,91,56,202.15","2,13,654","47,28,826","57.08"
"INFY","EQ","26-May-2022","1,410.45","1,418.00","1,430.00","1,407.05","1,427.95","1,423.95","1,419.06","1,30,40,065","18,50,45,82,625.65","3,05,186","82,36,068","63.16"
"INFY","EQ","25-May-2022","1,441.00","1,435.00","1,442.50","1,399.25","1,418.00","1,410.45","1,418.99","96,30,092","13,66,49,90,144.70","2,62,121","65,32,130","67.83"
"INFY","EQ","24-May-2022","1,468.40","1,468.60","1,469.55","1,435.25","1,444.00","1,441.00","1,446.72","56,93,167","8,23,64,26,021.40","1,76,635","36,70,932","64.48"
"INFY","EQ","23-May-2022","1,455.15","1,455.10","1,488.00","1,450.05","1,469.55","1,468.40","1,474.06","58,87,569","8,67,86,30,195.35","1,94,715","37,77,004","64.15"
"INFY","EQ","20-May-2022","1,427.15","1,453.00","1,466.75","1,446.70","1,459.00","1,455.15","1,456.73","1,04,88,908","15,27,95,29,309.85","2,66,730","78,70,656","75.04"
"INFY","EQ","19-May-2022","1,509.20","1,481.00","1,484.70","1,417.65","1,431.00","1,427.15","1,437.53","1,65,61,140","23,80,71,74,900.00","6,59,166","1,18,27,263","71.42"
"INFY","EQ","18-May-2022","1,518.45","1,522.00","1,549.70","1,505.30","1,514.55","1,509.20","1,525.79","65,94,126","10,06,12,19,715.75","2,00,417","40,62,967","61.61"
"INFY","EQ","17-May-2022","1,489.10","1,494.90","1,525.00","1,480.90","1,521.00","1,518.45","1,508.46","65,16,378","9,82,97,15,300.65","2,28,982","43,45,825","66.69"
"INFY","EQ","16-May-2022","1,504.40","1,510.00","1,511.85","1,478.65","1,492.90","1,489.10","1,491.82","61,45,331","9,16,77,43,366.55","2,53,982","39,63,067","64.49"
"INFY","EQ","13-May-2022","1,508.80","1,519.30","1,529.25","1,498.10","1,501.90","1,504.40","1,516.02","67,23,761","10,19,33,67,339.60","2,03,286","42,66,241","63.45"
"INFY","EQ","12-May-2022","1,526.75","1,514.00","1,527.50","1,504.30","1,509.70","1,508.80","1,514.29","70,34,979","10,65,30,03,624.85","2,42,670","48,16,162","68.46"
"INFY","EQ","11-May-2022","1,553.00","1,549.95","1,549.95","1,511.60","1,531.00","1,526.75","1,525.18","78,46,080","11,96,66,77,214.05","2,91,699","52,49,131","66.90"
"INFY","EQ","10-May-2022","1,570.35","1,558.00","1,569.15","1,546.05","1,551.00","1,553.00","1,558.97","62,12,545","9,68,51,76,738.30","2,14,384","43,90,025","70.66"
"INFY","EQ","09-May-2022","1,542.85","1,540.00","1,586.80","1,522.15","1,573.15","1,570.35","1,565.89","68,32,202","10,69,84,65,306.75","2,65,549","36,73,248","53.76"
"INFY","EQ","06-May-2022","1,585.15","1,550.00","1,561.85","1,535.05","1,545.00","1,542.85","1,543.57","61,71,472","9,52,60,90,604.90","2,57,203","39,19,307","63.51"
"INFY","EQ","05-May-2022","1,535.55","1,560.05","1,589.40","1,557.45","1,586.00","1,585.15","1,581.05","61,44,870","9,71,53,61,525.55","2,17,185","39,12,363","63.67"
"INFY","EQ","04-May-2022","1,541.00","1,547.25","1,570.00","1,530.15","1,536.70","1,535.55","1,548.21","62,20,959","9,63,13,79,024.50","2,34,262","38,85,290","62.45"
"INFY","EQ","02-May-2022","1,567.55","1,550.90","1,552.75","1,531.00","1,544.95","1,541.00","1,538.24","70,72,627","10,87,93,71,919.35","3,01,415","50,72,832","71.72"
"INFY","EQ","29-Apr-2022","1,582.60","1,590.00","1,597.30","1,560.80","1,568.00","1,567.55","1,576.89","98,31,395","15,50,29,90,987.65","2,63,325","69,13,315","70.32"
"INFY","EQ","28-Apr-2022","1,552.80","1,570.00","1,601.80","1,557.45","1,581.00","1,582.60","1,581.64","92,45,177","14,62,25,27,486.50","2,34,468","65,41,922","70.76"
"INFY","EQ","27-Apr-2022","1,581.00","1,572.75","1,572.75","1,550.35","1,556.35","1,552.80","1,557.11","88,19,356","13,73,27,18,003.55","2,96,887","67,72,146","76.79"
"INFY","EQ","26-Apr-2022","1,561.10","1,577.20","1,592.00","1,566.55","1,576.00","1,581.00","1,582.67","53,45,435","8,46,00,56,311.05","1,81,573","36,76,891","68.79"
"INFY","EQ","25-Apr-2022","1,585.45","1,572.80","1,572.80","1,554.10","1,564.90","1,561.10","1,561.35","70,00,570","10,93,03,23,719.85","3,94,157","52,07,166","74.38"
"INFY","EQ","22-Apr-2022","1,618.80","1,604.35","1,610.70","1,582.40","1,587.65","1,585.45","1,596.27","81,34,245","12,98,44,69,892.15","4,18,900","56,23,477","69.13"
"INFY","EQ","21-Apr-2022","1,587.70","1,595.00","1,627.20","1,589.25","1,616.80","1,618.80","1,615.82","77,66,514","12,54,92,64,894.20","2,56,268","52,45,595","67.54"
"INFY","EQ","20-Apr-2022","1,562.00","1,575.00","1,596.30","1,563.00","1,592.20","1,587.70","1,583.99","1,06,78,747","16,91,50,09,921.65","3,91,296","72,39,099","67.79"
"INFY","EQ","19-Apr-2022","1,621.40","1,636.65","1,636.65","1,550.00","1,565.00","1,562.00","1,589.69","1,70,44,923","27,09,62,25,126.20","7,63,964","1,08,01,702","63.37"
"INFY","EQ","18-Apr-2022","1,748.55","1,605.50","1,650.00","1,590.00","1,622.30","1,621.40","1,625.94","3,05,23,965","49,63,00,97,106.35","14,43,330","1,84,30,699","60.38"
"INFY","EQ","13-Apr-2022","1,742.45","1,754.95","1,757.50","1,732.00","1,751.00","1,748.55","1,747.21","62,57,693","10,93,35,26,247.95","2,23,033","34,69,663","55.45"
"INFY","EQ","12-Apr-2022","1,766.55","1,757.50","1,757.50","1,727.75","1,737.90","1,742.45","1,741.39","64,56,184","11,24,27,08,991.75","2,68,976","39,81,647","61.67"
"INFY","EQ","11-Apr-2022","1,814.60","1,814.00","1,814.00","1,762.55","1,769.80","1,766.55","1,775.12","82,48,407","14,64,19,18,534.85","3,74,415","48,39,162","58.67"
"INFY","EQ","08-Apr-2022","1,811.00","1,823.00","1,838.00","1,808.00","1,820.05","1,814.60","1,821.62","51,31,446","9,34,75,38,868.70","1,71,076","31,56,419","61.51"
"INFY","EQ","07-Apr-2022","1,828.85","1,821.05","1,828.15","1,807.55","1,816.00","1,811.00","1,816.28","57,97,544","10,52,99,83,626.05","2,36,348","40,92,499","70.59"
"INFY","EQ","06-Apr-2022","1,861.10","1,855.00","1,857.50","1,822.15","1,830.00","1,828.85","1,835.98","54,07,453","9,92,79,69,801.40","2,08,906","34,76,927","64.30"
"INFY","EQ","05-Apr-2022","1,882.95","1,883.80","1,889.60","1,857.15","1,860.50","1,861.10","1,871.26","54,72,024","10,23,96,06,829.25","2,03,468","33,52,920","61.27"
"INFY","EQ","04-Apr-2022","1,903.55","1,889.75","1,893.00","1,873.00","1,882.00","1,882.95","1,884.52","73,64,074","13,87,77,76,218.40","2,87,232","49,41,200","67.10"
"INFY","EQ","01-Apr-2022","1,906.85","1,886.85","1,910.30","1,878.30","1,906.80","1,903.55","1,894.62","61,71,518","11,69,26,98,941.50","1,54,230","44,30,437","71.79"
"INFY","EQ","31-Mar-2022","1,903.95","1,900.00","1,913.00","1,894.20","1,908.20","1,906.85","1,904.15","53,99,145","10,28,07,80,471.25","1,31,746","35,91,226","66.51"
"INFY","EQ","30-Mar-2022","1,886.00","1,910.00","1,919.00","1,895.00","1,899.75","1,903.95","1,906.67","77,95,839","14,86,41,26,250.15","1,78,770","59,20,998","75.95"
"INFY","EQ","29-Mar-2022","1,873.90","1,873.90","1,889.40","1,860.55","1,887.90","1,886.00","1,875.61","39,17,785","7,34,82,34,593.90","1,15,629","24,07,715","61.46"
"INFY","EQ","28-Mar-2022","1,876.55","1,866.00","1,880.90","1,852.65","1,870.65","1,873.90","1,867.81","40,08,555","7,48,72,12,706.70","1,31,939","23,32,195","58.18"
"INFY","EQ","25-Mar-2022","1,886.70","1,892.00","1,894.00","1,858.00","1,878.00","1,876.55","1,874.13","34,38,588","6,44,43,62,804.25","1,30,194","19,83,079","57.67"
"INFY","EQ","24-Mar-2022","1,872.40","1,856.15","1,894.60","1,856.15","1,881.85","1,886.70","1,883.95","37,84,303","7,12,94,25,933.50","1,14,815","23,62,068","62.42"
"INFY","EQ","23-Mar-2022","1,887.40","1,897.00","1,900.00","1,857.00","1,869.45","1,872.40","1,878.22","61,92,824","11,63,15,03,049.55","1,61,491","39,93,516","64.49"
"INFY","EQ","22-Mar-2022","1,853.05","1,850.00","1,890.00","1,839.00","1,887.00","1,887.40","1,873.62","57,09,382","10,69,72,06,780.60","2,02,175","35,61,539","62.38"
"INFY","EQ","21-Mar-2022","1,854.60","1,861.00","1,886.90","1,841.10","1,854.95","1,853.05","1,858.70","83,62,085","15,54,25,99,265.70","1,71,756","55,24,788","66.07"
"INFY","EQ","17-Mar-2022","1,889.40","1,923.30","1,923.30","1,833.05","1,869.60","1,854.60","1,869.74","1,77,31,459","33,15,33,00,056.80","2,51,465","1,08,58,451","61.24"
"INFY","EQ","16-Mar-2022","1,839.30","1,865.00","1,893.95","1,849.00","1,889.00","1,889.40","1,874.83","52,33,979","9,81,28,20,161.45","1,54,465","31,33,488","59.87"
"INFY","EQ","15-Mar-2022","1,890.70","1,888.35","1,888.35","1,830.00","1,838.00","1,839.30","1,852.89","71,40,443","13,23,04,84,534.10","2,24,849","48,46,167","67.87"
"INFY","EQ","14-Mar-2022","1,822.00","1,831.55","1,895.00","1,831.55","1,891.00","1,890.70","1,872.10","1,02,89,724","19,26,33,77,771.20","2,71,878","66,66,093","64.78"
"INFY","EQ","11-Mar-2022","1,825.90","1,814.00","1,831.40","1,811.00","1,823.30","1,822.00","1,822.73","47,58,657","8,67,37,58,339.50","1,48,439","31,94,954","67.14"
"INFY","EQ","10-Mar-2022","1,813.35","1,844.75","1,844.75","1,810.20","1,822.10","1,825.90","1,823.68","65,47,182","11,93,99,77,607.05","1,95,637","42,39,162","64.75"
"INFY","EQ","09-Mar-2022","1,778.20","1,791.00","1,831.60","1,791.00","1,817.80","1,813.35","1,818.64","1,01,93,515","18,53,83,20,340.55","2,90,276","49,98,155","49.03"
"INFY","EQ","08-Mar-2022","1,739.85","1,718.45","1,800.00","1,718.45","1,775.20","1,778.20","1,771.93","1,09,84,500","19,46,37,55,936.50","3,20,286","66,70,845","60.73"
"INFY","EQ","07-Mar-2022","1,723.30","1,697.00","1,751.00","1,696.00","1,740.00","1,739.85","1,734.13","97,42,588","16,89,49,26,797.50","3,17,768","66,71,605","68.48"
"INFY","EQ","04-Mar-2022","1,720.85","1,695.25","1,736.00","1,681.00","1,721.90","1,723.30","1,714.49","90,74,499","15,55,81,02,517.75","3,17,226","53,15,522","58.58"
"INFY","EQ","03-Mar-2022","1,702.80","1,720.20","1,733.90","1,705.55","1,721.75","1,720.85","1,722.78","73,44,147","12,65,23,31,996.15","2,62,571","47,75,991","65.03"
"INFY","EQ","02-Mar-2022","1,715.60","1,710.00","1,714.40","1,691.00","1,702.55","1,702.80","1,703.13","67,71,489","11,53,27,01,358.80","3,01,403","46,73,594","69.02"
"INFY","EQ","28-Feb-2022","1,694.60","1,682.20","1,728.05","1,665.00","1,719.00","1,715.60","1,709.44","1,50,76,542","25,77,24,14,334.90","3,30,427","89,05,012","59.07"
"INFY","EQ","25-Feb-2022","1,678.15","1,715.00","1,728.15","1,677.00","1,696.00","1,694.60","1,698.96","97,37,281","16,54,32,42,534.40","3,05,050","59,13,267","60.73"
"INFY","EQ","24-Feb-2022","1,742.85","1,690.10","1,714.95","1,670.50","1,674.80","1,678.15","1,689.92","1,35,92,379","22,97,00,21,733.65","3,76,409","93,49,789","68.79"
"INFY","EQ","23-Feb-2022","1,734.35","1,750.00","1,758.25","1,733.40","1,742.80","1,742.85","1,742.56","54,78,811","9,54,71,54,732.20","1,91,067","37,12,420","67.76"
"INFY","EQ","22-Feb-2022","1,730.70","1,699.90","1,751.00","1,691.05","1,733.00","1,734.35","1,721.17","88,78,515","15,28,14,31,404.90","2,27,885","61,48,656","69.25"
"INFY","EQ","21-Feb-2022","1,706.95","1,701.00","1,737.30","1,691.50","1,729.50","1,730.70","1,718.04","51,20,890","8,79,78,69,134.30","2,05,567","32,80,628","64.06"
"INFY","EQ","18-Feb-2022","1,724.80","1,710.00","1,722.50","1,703.50","1,705.95","1,706.95","1,711.87","56,02,215","9,59,02,89,595.60","1,59,019","40,09,595","71.57"
"INFY","EQ","17-Feb-2022","1,733.30","1,744.00","1,749.00","1,720.30","1,723.70","1,724.80","1,731.45","39,37,950","6,81,83,74,503.70","1,10,732","24,79,087","62.95"
"INFY","EQ","16-Feb-2022","1,738.25","1,738.25","1,755.45","1,726.85","1,731.50","1,733.30","1,740.74","53,50,642","9,31,40,65,942.90","1,62,198","38,44,416","71.85"
"INFY","EQ","15-Feb-2022","1,682.20","1,699.00","1,746.75","1,690.45","1,742.30","1,738.25","1,721.75","46,69,915","8,04,04,12,171.15","1,88,794","28,21,157","60.41"
"INFY","EQ","14-Feb-2022","1,721.35","1,690.00","1,718.55","1,678.25","1,684.00","1,682.20","1,698.58","74,59,637","12,67,07,85,135.65","2,80,769","53,40,084","71.59"
"INFY","EQ","11-Feb-2022","1,769.60","1,740.00","1,745.95","1,713.00","1,719.65","1,721.35","1,720.68","75,51,371","12,99,35,27,942.15","4,30,200","52,83,038","69.96"
"INFY","EQ","10-Feb-2022","1,737.30","1,755.65","1,773.90","1,748.75","1,771.60","1,769.60","1,760.55","43,34,630","7,63,13,31,627.45","2,06,904","28,30,975","65.31"
"INFY","EQ","09-Feb-2022","1,717.30","1,735.00","1,743.00","1,725.00","1,739.00","1,737.30","1,736.09","38,67,244","6,71,39,00,255.40","1,78,730","23,58,994","61.00"
"INFY","EQ","08-Feb-2022","1,715.00","1,710.00","1,725.00","1,696.00","1,708.60","1,717.30","1,712.06","60,53,401","10,36,38,05,939.55","2,22,044","40,52,016","66.94"
"INFY","EQ","07-Feb-2022","1,741.10","1,722.20","1,732.00","1,695.40","1,713.00","1,715.00","1,714.37","43,10,209","7,38,92,75,044.25","2,54,813","25,00,420","58.01"
"INFY","EQ","04-Feb-2022","1,738.55","1,732.00","1,753.95","1,710.15","1,740.00","1,741.10","1,736.20","47,00,077","8,16,02,94,996.20","1,93,857","22,76,923","48.44"
"INFY","EQ","03-Feb-2022","1,787.10","1,779.00","1,779.00","1,734.00","1,736.30","1,738.55","1,755.15","38,32,922","6,72,73,66,646.30","1,83,506","22,09,861","57.65"
"INFY","EQ","02-Feb-2022","1,772.05","1,789.00","1,792.80","1,772.00","1,787.65","1,787.10","1,785.72","42,53,717","7,59,59,51,820.00","1,46,941","27,86,527","65.51"
"INFY","EQ","01-Feb-2022","1,736.20","1,766.10","1,780.00","1,734.70","1,773.00","1,772.05","1,766.97","51,19,935","9,04,67,88,138.40","1,86,159","28,94,768","56.54"
"INFY","EQ","31-Jan-2022","1,686.20","1,718.00","1,749.50","1,715.35","1,737.85","1,736.20","1,736.84","87,88,872","15,26,48,64,508.80","3,13,682","58,82,867","66.94"
"INFY","EQ","28-Jan-2022","1,678.60","1,681.00","1,727.55","1,679.50","1,685.80","1,686.20","1,701.31","1,09,98,502","18,71,18,13,888.65","3,36,935","76,61,273","69.66"
"INFY","EQ","27-Jan-2022","1,722.15","1,702.00","1,709.70","1,665.00","1,686.95","1,678.60","1,681.31","1,12,31,734","18,88,40,48,987.00","4,95,160","77,23,452","68.76"
"INFY","EQ","25-Jan-2022","1,736.80","1,726.60","1,740.00","1,700.50","1,721.95","1,722.15","1,719.33","91,37,653","15,71,06,45,707.40","3,70,958","62,14,482","68.01"
"INFY","EQ","24-Jan-2022","1,785.70","1,765.00","1,768.65","1,728.00","1,734.00","1,736.80","1,744.48","71,16,712","12,41,49,81,412.50","2,61,123","43,82,090","61.57"
"INFY","EQ","21-Jan-2022","1,823.70","1,795.00","1,808.00","1,776.00","1,788.00","1,785.70","1,789.19","82,52,758","14,76,57,23,986.90","3,63,701","55,24,065","66.94"
"INFY","EQ","20-Jan-2022","1,867.05","1,844.00","1,848.00","1,815.50","1,825.20","1,823.70","1,827.81","55,33,463","10,11,41,40,157.35","2,67,078","32,14,748","58.10"
"INFY","EQ","19-Jan-2022","1,920.75","1,916.00","1,916.00","1,862.85","1,865.00","1,867.05","1,880.01","57,47,770","10,80,58,50,965.55","1,77,957","39,09,158","68.01"
"INFY","EQ","18-Jan-2022","1,939.50","1,922.10","1,945.00","1,911.45","1,918.00","1,920.75","1,924.08","36,90,315","7,10,04,50,832.40","2,09,492","23,70,177","64.23"
"INFY","EQ","17-Jan-2022","1,929.35","1,938.55","1,953.90","1,930.50","1,938.60","1,939.50","1,941.46","52,62,464","10,21,68,74,399.25","1,77,946","30,92,026","58.76"
"INFY","EQ","14-Jan-2022","1,896.80","1,882.00","1,933.00","1,881.00","1,925.00","1,929.35","1,912.85","76,88,506","14,70,69,88,627.30","2,25,842","40,88,757","53.18"
"INFY","EQ","13-Jan-2022","1,877.45","1,905.00","1,912.50","1,866.35","1,895.30","1,896.80","1,894.19","1,42,77,630","27,04,46,12,998.40","3,90,078","71,75,021","50.25"
"INFY","EQ","12-Jan-2022","1,855.60","1,868.90","1,889.00","1,860.00","1,875.80","1,877.45","1,874.25","53,62,535","10,05,07,18,588.00","1,95,948","29,36,017","54.75"
"INFY","EQ","11-Jan-2022","1,850.75","1,855.00","1,870.00","1,850.15","1,860.00","1,855.60","1,860.06","51,42,287","9,56,49,58,557.25","1,89,308","33,68,155","65.50"
"INFY","EQ","10-Jan-2022","1,814.30","1,815.00","1,869.90","1,813.00","1,852.10","1,850.75","1,852.30","78,57,560","14,55,45,64,594.35","2,27,924","41,91,623","53.35"
"INFY","EQ","07-Jan-2022","1,817.80","1,815.45","1,836.00","1,806.80","1,816.00","1,814.30","1,818.56","48,34,389","8,79,16,06,623.05","1,48,117","27,54,254","56.97"
"INFY","EQ","06-Jan-2022","1,844.65","1,828.00","1,828.00","1,800.00","1,820.50","1,817.80","1,812.08","64,49,205","11,68,64,79,371.10","2,32,721","35,08,211","54.40"
"INFY","EQ","05-Jan-2022","1,899.15","1,900.00","1,902.90","1,840.00","1,848.00","1,844.65","1,857.54","69,95,719","12,99,48,44,600.20","2,89,755","44,14,732","63.11"
"INFY","EQ","04-Jan-2022","1,898.45","1,898.45","1,906.65","1,878.00","1,901.00","1,899.15","1,888.87","39,21,999","7,40,81,40,297.05","1,20,603","23,72,696","60.50"
"INFY","EQ","03-Jan-2022","1,887.75","1,887.75","1,914.05","1,887.75","1,899.00","1,898.45","1,904.82","33,29,616","6,34,23,26,137.50","1,28,107","19,73,673","59.28"
"INFY","EQ","31-Dec-2021","1,892.85","1,890.00","1,898.35","1,871.65","1,893.00","1,887.75","1,887.20","46,19,420","8,71,77,88,085.60","1,32,766","31,35,757","67.88"
"INFY","EQ","30-Dec-2021","1,885.55","1,884.50","1,909.80","1,874.35","1,897.00","1,892.85","1,895.39","45,84,738","8,68,98,53,629.65","1,27,547","31,55,534","68.83"
"INFY","EQ","29-Dec-2021","1,888.00","1,883.50","1,893.80","1,876.40","1,883.25","1,885.55","1,885.99","32,36,635","6,10,42,57,383.90","94,918","23,79,206","73.51"
"INFY","EQ","28-Dec-2021","1,866.15","1,880.70","1,895.90","1,878.40","1,885.20","1,888.00","1,887.13","33,40,933","6,30,47,63,251.35","1,47,835","20,12,911","60.25"
"INFY","EQ","27-Dec-2021","1,863.50","1,860.00","1,874.50","1,845.05","1,869.40","1,866.15","1,863.95","26,47,733","4,93,52,29,849.60","1,41,608","15,72,478","59.39"
"INFY","EQ","24-Dec-2021","1,857.60","1,872.95","1,875.75","1,854.00","1,863.40","1,863.50","1,864.33","37,80,347","7,04,77,96,921.30","1,19,651","17,99,119","47.59"
"INFY","EQ","23-Dec-2021","1,824.70","1,831.25","1,861.60","1,827.00","1,856.15","1,857.60","1,849.59","41,12,933","7,60,72,53,609.15","1,60,898","22,53,794","54.80"
"INFY","EQ","22-Dec-2021","1,811.60","1,825.00","1,829.15","1,812.35","1,824.00","1,824.70","1,820.18","41,56,428","7,56,54,56,224.40","1,21,978","27,81,158","66.91"
"INFY","EQ","21-Dec-2021","1,798.90","1,801.00","1,838.00","1,801.00","1,814.70","1,811.60","1,821.91","53,53,584","9,75,37,23,500.15","2,04,777","29,73,665","55.55"
"INFY","EQ","20-Dec-2021","1,820.85","1,801.70","1,829.65","1,787.30","1,800.70","1,798.90","1,805.20","57,73,891","10,42,30,53,263.25","2,20,523","32,92,406","57.02"
"INFY","EQ","17-Dec-2021","1,771.60","1,820.00","1,842.00","1,806.75","1,823.00","1,820.85","1,822.81","1,88,87,243","34,42,79,16,211.10","3,98,575","1,00,58,333","53.25"
"INFY","EQ","16-Dec-2021","1,734.20","1,762.65","1,777.60","1,758.00","1,777.00","1,771.60","1,768.37","44,81,031","7,92,41,36,141.65","1,61,944","22,45,376","50.11"
"INFY","EQ","15-Dec-2021","1,752.15","1,745.00","1,747.95","1,721.20","1,734.90","1,734.20","1,732.61","30,53,149","5,28,99,16,760.45","1,23,458","19,73,169","64.63"
"INFY","EQ","14-Dec-2021","1,744.65","1,730.90","1,763.00","1,710.35","1,743.75","1,752.15","1,746.72","47,68,144","8,32,86,22,415.40","1,78,424","34,02,482","71.36"
"INFY","EQ","13-Dec-2021","1,759.25","1,767.05","1,771.35","1,738.80","1,747.00","1,744.65","1,751.26","40,40,584","7,07,60,97,488.25","1,38,705","28,68,075","70.98"
"INFY","EQ","10-Dec-2021","1,763.45","1,760.00","1,763.75","1,746.00","1,757.05","1,759.25","1,754.36","18,23,469","3,19,90,26,984.60","1,14,797","9,53,570","52.29"
"INFY","EQ","09-Dec-2021","1,753.35","1,759.00","1,769.40","1,742.00","1,758.00","1,763.45","1,757.23","20,82,171","3,65,88,56,607.40","90,007","10,86,606","52.19"
"INFY","EQ","08-Dec-2021","1,711.65","1,733.00","1,759.80","1,732.60","1,752.40","1,753.35","1,749.49","30,29,169","5,29,95,14,521.95","1,01,838","15,36,940","50.74"
"INFY","EQ","07-Dec-2021","1,695.30","1,701.10","1,724.90","1,694.00","1,711.45","1,711.65","1,711.29","42,02,122","7,19,10,49,985.50","1,13,379","22,41,173","53.33"
"INFY","EQ","06-Dec-2021","1,735.55","1,730.00","1,733.95","1,691.50","1,694.95","1,695.30","1,705.47","39,91,449","6,80,73,06,903.90","1,70,662","23,40,393","58.64"
"INFY","EQ","03-Dec-2021","1,748.25","1,771.10","1,786.65","1,732.55","1,737.60","1,735.55","1,758.49","67,54,012","11,87,68,76,753.60","1,72,077","38,34,641","56.78"
"INFY","EQ","02-Dec-2021","1,714.90","1,715.00","1,750.50","1,711.35","1,748.00","1,748.25","1,737.73","55,59,574","9,66,10,20,145.95","1,73,258","38,79,791","69.79"
"INFY","EQ","01-Dec-2021","1,712.65","1,715.00","1,741.90","1,713.00","1,717.00","1,714.90","1,726.72","51,93,264","8,96,73,08,949.60","2,04,083","34,92,968","67.26"
"INFY","EQ","30-Nov-2021","1,696.35","1,704.55","1,729.90","1,700.05","1,717.00","1,712.65","1,713.80","1,48,08,963","25,37,96,00,677.05","2,09,403","1,07,10,732","72.33"
"INFY","EQ","29-Nov-2021","1,691.65","1,691.00","1,712.00","1,669.15","1,696.20","1,696.35","1,694.69","39,42,776","6,68,17,71,091.15","1,87,081","22,68,845","57.54"
"INFY","EQ","26-Nov-2021","1,722.40","1,702.55","1,718.35","1,684.00","1,689.55","1,691.65","1,701.47","44,94,181","7,64,67,02,666.25","1,89,716","29,81,159","66.33"
"INFY","EQ","25-Nov-2021","1,696.00","1,700.00","1,726.20","1,696.95","1,722.50","1,722.40","1,715.34","44,76,260","7,67,83,10,603.80","1,41,756","28,59,354","63.88"
"INFY","EQ","24-Nov-2021","1,736.90","1,740.00","1,740.50","1,688.00","1,690.20","1,696.00","1,712.88","73,33,061","12,56,06,36,398.70","2,61,744","48,58,944","66.26"
"INFY","EQ","23-Nov-2021","1,759.40","1,735.10","1,747.25","1,710.00","1,727.50","1,736.90","1,732.65","84,36,160","14,61,68,71,616.00","2,28,363","63,15,371","74.86"
"INFY","EQ","22-Nov-2021","1,779.40","1,784.00","1,785.40","1,751.15","1,760.25","1,759.40","1,766.39","66,21,839","11,69,67,47,300.55","1,70,729","52,12,759","78.72"
"INFY","EQ","18-Nov-2021","1,787.45","1,781.60","1,789.45","1,759.00","1,774.00","1,779.40","1,773.94","43,26,924","7,67,56,82,400.00","1,54,647","30,96,489","71.56"
"INFY","EQ","17-Nov-2021","1,792.30","1,792.55","1,802.00","1,780.70","1,790.55","1,787.45","1,792.60","47,32,492","8,48,34,56,713.50","1,95,585","35,66,579","75.36"
"INFY","EQ","16-Nov-2021","1,787.15","1,790.00","1,808.95","1,777.00","1,791.40","1,792.30","1,797.43","60,34,233","10,84,60,91,248.70","1,73,120","44,49,743","73.74"
"INFY","EQ","15-Nov-2021","1,780.20","1,782.10","1,800.00","1,775.50","1,785.00","1,787.15","1,793.71","43,54,074","7,80,99,57,008.85","1,54,854","29,72,173","68.26"
"INFY","EQ","12-Nov-2021","1,733.30","1,743.00","1,782.85","1,738.05","1,779.50","1,780.20","1,766.51","50,69,009","8,95,44,36,975.40","1,42,273","34,21,192","67.49"
"INFY","EQ","11-Nov-2021","1,740.15","1,732.95","1,739.75","1,709.00","1,735.00","1,733.30","1,723.79","47,31,349","8,15,58,69,538.30","1,28,994","33,65,758","71.14"
"INFY","EQ","10-Nov-2021","1,742.50","1,726.00","1,750.95","1,721.95","1,742.00","1,740.15","1,737.49","47,80,368","8,30,58,52,157.15","1,15,801","34,20,233","71.55"
"INFY","EQ","09-Nov-2021","1,737.50","1,734.75","1,750.00","1,726.00","1,740.70","1,742.50","1,741.18","40,16,134","6,99,28,03,829.65","1,41,964","27,60,097","68.73"
"INFY","EQ","08-Nov-2021","1,708.70","1,730.00","1,741.00","1,703.00","1,740.00","1,737.50","1,727.82","52,45,903","9,06,39,83,393.50","1,94,006","36,87,695","70.30"
"INFY","EQ","04-Nov-2021","1,702.50","1,715.00","1,717.00","1,705.00","1,705.50","1,708.70","1,710.56","4,83,407","82,68,94,810.30","45,697","3,28,812","68.02"
"INFY","EQ","03-Nov-2021","1,697.90","1,709.00","1,717.45","1,699.00","1,703.60","1,702.50","1,707.08","35,30,713","6,02,72,14,982.00","1,59,185","23,77,721","67.34"
"INFY","EQ","02-Nov-2021","1,700.05","1,695.00","1,706.45","1,686.35","1,699.00","1,697.90","1,696.02","34,71,772","5,88,82,03,296.25","1,32,426","24,54,078","70.69"
"INFY","EQ","01-Nov-2021","1,667.75","1,677.50","1,707.20","1,676.00","1,701.35","1,700.05","1,695.58","36,36,806","6,16,64,83,835.70","1,56,714","20,22,059","55.60"
"INFY","EQ","29-Oct-2021","1,703.90","1,699.00","1,712.60","1,661.05","1,671.00","1,667.75","1,687.51","58,75,091","9,91,42,59,072.90","2,12,408","32,01,958","54.50"
"INFY","EQ","28-Oct-2021","1,728.95","1,719.35","1,724.75","1,692.05","1,705.85","1,703.90","1,710.08","53,29,972","9,11,47,01,909.05","1,94,339","35,91,576","67.38"
"INFY","EQ","27-Oct-2021","1,703.70","1,709.10","1,734.15","1,701.15","1,726.55","1,728.95","1,718.39","50,90,259","8,74,70,27,004.70","1,74,841","31,07,757","61.05"
"INFY","EQ","26-Oct-2021","1,707.55","1,710.05","1,726.60","1,695.90","1,707.95","1,703.70","1,704.53","58,71,709","10,00,84,98,840.25","1,63,478","38,60,399","65.75"
"INFY","EQ","25-Oct-2021","1,719.80","1,722.05","1,729.75","1,687.20","1,708.40","1,707.55","1,700.04","59,05,209","10,03,90,80,678.05","1,75,289","40,00,395","67.74"
"INFY","EQ","22-Oct-2021","1,753.65","1,749.90","1,763.20","1,707.00","1,717.85","1,719.80","1,728.28","73,69,809","12,73,70,99,864.85","2,31,471","48,65,170","66.01"
"INFY","EQ","21-Oct-2021","1,802.35","1,814.00","1,814.00","1,746.85","1,757.00","1,753.65","1,768.17","87,79,629","15,52,38,51,574.25","2,27,646","56,99,645","64.92"
"INFY","EQ","20-Oct-2021","1,822.15","1,829.40","1,848.00","1,794.05","1,797.40","1,802.35","1,819.25","58,76,115","10,69,01,34,351.80","1,93,075","33,20,472","56.51"
"INFY","EQ","19-Oct-2021","1,792.15","1,814.00","1,834.50","1,782.30","1,823.50","1,822.15","1,818.83","1,03,24,260","18,77,80,87,117.05","2,36,442","63,41,209","61.42"
"INFY","EQ","18-Oct-2021","1,715.75","1,740.00","1,799.00","1,740.00","1,798.00","1,792.15","1,770.72","1,34,38,109","23,79,51,03,034.90","3,10,783","92,74,584","69.02"
"INFY","EQ","14-Oct-2021","1,709.20","1,754.00","1,783.60","1,698.20","1,714.00","1,715.75","1,738.12","1,96,55,776","34,16,40,07,327.25","4,28,428","96,89,787","49.30"
"INFY","EQ","13-Oct-2021","1,685.15","1,695.95","1,713.65","1,680.05","1,705.00","1,709.20","1,697.94","71,04,171","12,06,24,53,914.35","2,73,495","43,75,894","61.60"
"INFY","EQ","12-Oct-2021","1,690.95","1,677.00","1,689.00","1,662.00","1,688.00","1,685.15","1,677.23","74,39,300","12,47,74,16,052.15","2,58,781","38,23,146","51.39"
"INFY","EQ","11-Oct-2021","1,723.85","1,682.00","1,730.00","1,663.70","1,693.00","1,690.95","1,698.64","88,40,633","15,01,70,23,820.95","2,64,208","47,63,503","53.88"
"INFY","EQ","08-Oct-2021","1,691.00","1,705.25","1,731.50","1,698.40","1,723.85","1,723.85","1,719.42","47,38,376","8,14,72,61,439.50","2,23,183","24,84,109","52.43"
"INFY","EQ","07-Oct-2021","1,673.55","1,687.00","1,704.20","1,676.65","1,690.35","1,691.00","1,693.19","54,76,108","9,27,21,07,761.25","1,42,352","38,55,195","70.40"
"INFY","EQ","06-Oct-2021","1,692.80","1,702.10","1,709.00","1,670.00","1,672.65","1,673.55","1,682.79","42,71,698","7,18,83,85,186.55","1,68,805","28,59,420","66.94"
"INFY","EQ","05-Oct-2021","1,678.75","1,671.00","1,702.95","1,663.00","1,691.70","1,692.80","1,677.62","43,73,310","7,33,67,51,142.35","1,74,119","24,53,697","56.11"
"INFY","EQ","04-Oct-2021","1,665.15","1,672.50","1,688.00","1,665.40","1,681.90","1,678.75","1,678.53","29,47,154","4,94,68,72,978.25","1,22,901","19,00,709","64.49"
"INFY","BL","04-Oct-2021","738.95","1,665.15","1,665.15","1,665.15","1,665.15","1,665.15","1,665.15","32,29,757","5,37,80,29,868.55","1","-","-"
"INFY","EQ","01-Oct-2021","1,675.20","1,665.10","1,678.95","1,661.25","1,665.60","1,665.15","1,670.32","57,33,906","9,57,74,31,061.45","1,66,006","41,39,955","72.20"
"INFY","EQ","30-Sep-2021","1,692.25","1,703.00","1,703.00","1,670.10","1,679.50","1,675.20","1,682.12","69,14,031","11,63,02,25,539.25","1,55,817","40,13,029","58.04"
"INFY","EQ","29-Sep-2021","1,687.10","1,659.25","1,701.40","1,655.00","1,688.55","1,692.25","1,683.09","77,92,548","13,11,55,87,857.25","2,52,164","50,97,015","65.41"
"INFY","EQ","28-Sep-2021","1,721.15","1,710.00","1,710.00","1,675.00","1,686.30","1,687.10","1,687.94","65,57,197","11,06,81,46,871.10","3,21,289","44,32,200","67.59"
"INFY","EQ","27-Sep-2021","1,763.85","1,768.75","1,769.00","1,718.10","1,723.00","1,721.15","1,732.17","50,45,337","8,73,93,79,305.20","2,27,547","33,53,897","66.48"
"INFY","EQ","24-Sep-2021","1,742.55","1,758.00","1,788.00","1,752.45","1,763.80","1,763.85","1,772.20","82,80,446","14,67,45,77,075.85","2,31,499","42,49,574","51.32"
"INFY","EQ","23-Sep-2021","1,716.90","1,732.00","1,745.00","1,721.10","1,742.10","1,742.55","1,733.04","38,26,090","6,63,07,69,717.80","1,51,039","25,42,806","66.46"
"INFY","EQ","22-Sep-2021","1,718.45","1,717.00","1,738.90","1,713.05","1,715.65","1,716.90","1,727.00","45,53,892","7,86,45,86,458.90","1,62,450","25,65,643","56.34"
"INFY","EQ","21-Sep-2021","1,687.85","1,700.00","1,726.75","1,684.65","1,717.70","1,718.45","1,707.50","46,72,222","7,97,78,38,674.60","1,38,846","28,54,317","61.09"
"INFY","EQ","20-Sep-2021","1,691.30","1,685.00","1,707.70","1,677.95","1,687.40","1,687.85","1,695.88","56,60,743","9,59,99,64,334.20","1,36,341","38,98,202","68.86"
"INFY","EQ","17-Sep-2021","1,702.25","1,697.00","1,718.00","1,684.45","1,692.00","1,691.30","1,696.56","74,54,864","12,64,76,32,623.50","1,23,572","49,36,266","66.22"
"INFY","EQ","16-Sep-2021","1,711.45","1,715.20","1,719.25","1,691.45","1,702.05","1,702.25","1,701.12","32,46,568","5,52,28,17,876.30","1,59,668","21,79,368","67.13"
"INFY","EQ","15-Sep-2021","1,686.15","1,693.25","1,715.10","1,690.20","1,710.20","1,711.45","1,705.03","40,62,344","6,92,64,34,283.00","1,87,441","25,28,172","62.23"
"INFY","EQ","14-Sep-2021","1,691.90","1,695.95","1,695.95","1,678.60","1,686.50","1,686.15","1,688.38","49,45,167","8,34,92,99,076.40","2,07,112","38,29,313","77.44"
"INFY","EQ","13-Sep-2021","1,691.60","1,683.00","1,701.50","1,675.20","1,690.85","1,691.90","1,689.36","46,62,374","7,87,64,37,378.30","1,87,031","32,23,515","69.14"