"Symbol  ","Series  ","Date  ","Prev Close  ","Open Price  ","High Price  ","Low Price  ","Last Price  ","Close Price  ","Average Price ","Total Traded Quantity  ","Turnover ₹  ","No. of Trades  ","Deliverable Qty  ","% Dly Qt to Traded Qty  "
"ICICIBANK","EQ","11-Sep-2026","1,384.50","1,371.60","1,389.00","1,367.60","1,379.30","1,379.30","1,379.59","70,64,417","9,74,60,29,753.50","1,19,432","40,97,434","63.26"
"ICICIBANK","EQ","10-Sep-2026","1,389.10","1,385.90","1,393.00","1,373.90","1,384.50","1,384.50","1,381.80","1,05,80,641","14,62,03,37,290.60","1,54,389","75,26,499","71.13"
"ICICIBANK","EQ","09-Sep-2026","1,399.40","1,395.90","1,402.50","1,385.50","1,389.10","1,389.10","1,392.76","1,42,29,080","19,81,76,81,421.50","1,51,758","1,00,68,827","70.76"
"ICICIBANK","EQ","08-Sep-2026","1,427.50","1,424.00","1,424.90","1,396.30","1,399.40","1,399.40","1,403.10","1,21,23,411","17,01,03,02,757.70","3,85,562","80,57,952","66.47"
"ICICIBANK","EQ","07-Sep-2026","1,423.20","1,428.00","1,434.40","1,422.60","1,427.50","1,427.50","1,426.82","80,35,111","11,46,46,82,346.30","1,26,269","51,90,287","64.60"
"ICICIBANK","EQ","04-Sep-2026","1,430.00","1,432.10","1,438.30","1,421.40","1,423.20","1,423.20","1,429.20","66,93,889","9,56,68,74,557.40","1,00,896","45,37,805","67.79"
"ICICIBANK","EQ","03-Sep-2026","1,426.50","1,438.30","1,452.00","1,430.00","1,430.00","1,430.00","1,440.14","1,05,03,351","15,12,62,98,838.40","1,67,924","59,67,194","56.81"
"ICICIBANK","EQ","02-Sep-2026","1,438.00","1,425.10","1,436.00","1,420.70","1,426.50","1,426.50","1,426.34","85,15,824","12,14,64,50,397.70","1,48,174","57,24,353","67.22"
"ICICIBANK","EQ","01-Sep-2026","1,454.00","1,442.90","1,446.70","1,422.80","1,438.00","1,438.00","1,432.70","1,06,27,608","15,22,61,97,713.10","1,43,205","45,30,058","42.63"
"ICICIBANK","EQ","31-Aug-2026","1,422.80","1,422.80","1,454.00","1,419.00","1,454.00","1,454.00","1,435.85","1,53,31,697","22,01,40,09,456.30","1,84,414","1,19,93,976","78.23"
"ICICIBANK","EQ","28-Aug-2026","1,443.00","1,435.00","1,439.80","1,418.90","1,422.80","1,422.80","1,427.61","86,25,738","12,31,41,80,817.70","87,869","52,11,279","60.42"
"ICICIBANK","EQ","27-Aug-2026","1,430.00","1,445.00","1,453.80","1,433.10","1,443.00","1,443.00","1,444.93","1,15,39,716","16,67,40,63,062.00","1,93,417","62,60,117","54.25"
"ICICIBANK","EQ","26-Aug-2026","1,422.70","1,423.10","1,446.00","1,423.10","1,430.00","1,430.00","1,437.40","41,77,066","6,00,41,20,360.60","87,376","22,52,563","53.93"
"ICICIBANK","EQ","25-Aug-2026","1,415.00","1,408.00","1,424.90","1,408.00","1,422.70","1,422.70","1,420.44","79,83,249","11,33,97,58,033.50","1,06,893","28,25,788","35.40"
"ICICIBANK","EQ","24-Aug-2026","1,420.00","1,420.50","1,425.50","1,408.70","1,415.00","1,415.00","1,415.58","53,07,113","7,51,26,41,856.40","1,34,604","28,25,622","53.24"
"ICICIBANK","EQ","21-Aug-2026","1,411.90","1,417.00","1,420.00","1,411.20","1,420.00","1,420.00","1,417.20","45,65,280","6,46,99,28,366.10","1,00,376","28,95,268","63.42"
"ICICIBANK","EQ","20-Aug-2026","1,402.00","1,407.80","1,413.00","1,403.30","1,411.90","1,411.90","1,408.57","84,25,049","11,86,72,75,973.20","1,08,431","59,69,067","70.85"
"ICICIBANK","EQ","19-Aug-2026","1,412.00","1,412.00","1,416.00","1,391.50","1,402.00","1,402.00","1,398.73","1,03,04,210","14,41,28,44,395.90","1,33,658","71,30,460","69.20"
"ICICIBANK","EQ","18-Aug-2026","1,415.30","1,410.00","1,416.60","1,406.30","1,412.00","1,412.00","1,410.79","83,45,198","11,77,32,83,117.60","1,16,562","46,67,622","55.93"
"ICICIBANK","EQ","17-Aug-2026","1,417.00","1,418.00","1,423.60","1,407.00","1,415.30","1,415.30","1,416.27","56,05,603","7,93,90,52,356.40","1,06,272","31,96,498","57.02"
"ICICIBANK","EQ","14-Aug-2026","1,406.80","1,403.00","1,417.80","1,401.00","1,417.00","1,417.00","1,409.86","60,97,934","8,59,72,21,380.50","1,18,817","38,43,826","63.03"
"ICICIBANK","EQ","13-Aug-2026","1,431.70","1,429.00","1,429.00","1,406.40","1,406.80","1,406.80","1,411.89","1,14,08,206","16,10,70,93,271.20","1,61,325","70,32,860","61.65"
"ICICIBANK","EQ","12-Aug-2026","1,429.60","1,429.40","1,435.00","1,418.60","1,431.70","1,431.70","1,425.70","82,01,733","11,69,32,09,005.10","1,31,055","45,00,597","54.87"
"ICICIBANK","EQ","11-Aug-2026","1,431.80","1,432.10","1,434.00","1,412.20","1,429.60","1,429.60","1,421.41","1,04,71,914","14,88,48,71,301.50","2,18,784","52,57,604","50.21"
"ICICIBANK","EQ","10-Aug-2026","1,421.00","1,428.10","1,441.90","1,415.50","1,431.80","1,431.80","1,426.20","1,27,49,354","18,18,31,53,808.00","1,42,995","86,08,372","67.52"
"ICICIBANK","EQ","07-Aug-2026","1,457.50","1,451.00","1,455.00","1,418.20","1,421.00","1,421.00","1,433.17","1,43,95,789","20,63,15,53,752.10","1,55,386","1,00,66,071","69.92"
"ICICIBANK","EQ","06-Aug-2026","1,450.10","1,460.00","1,460.00","1,448.30","1,457.50","1,457.50","1,455.71","1,49,54,726","21,76,97,66,618.40","1,91,250","88,26,942","59.02"
"ICICIBANK","EQ","05-Aug-2026","1,454.60","1,454.60","1,454.60","1,431.20","1,450.10","1,450.10","1,442.50","1,17,23,296","16,91,08,29,557.20","1,69,434","58,81,584","50.17"
"ICICIBANK","EQ","04-Aug-2026","1,460.00","1,452.00","1,454.60","1,430.80","1,454.60","1,454.60","1,441.86","1,14,58,963","16,52,22,16,613.90","1,41,775","55,22,328","48.19"
"ICICIBANK","EQ","03-Aug-2026","1,435.40","1,442.00","1,460.00","1,433.00","1,460.00","1,460.00","1,445.87","77,06,747","11,14,29,59,295.90","1,85,170","52,15,640","67.68"
"ICICIBANK","EQ","31-Jul-2026","1,433.90","1,434.30","1,441.90","1,431.40","1,433.90","1,435.40","1,434.95","87,52,440","12,55,93,02,182.90","1,00,099","58,61,291","66.97"
"ICICIBANK","EQ","30-Jul-2026","1,437.90","1,431.10","1,442.20","1,422.60","1,430.00","1,433.90","1,430.78","1,41,41,173","20,23,29,71,620.00","1,80,054","64,25,371","45.44"
"ICICIBANK","EQ","29-Jul-2026","1,430.80","1,442.50","1,448.50","1,428.50","1,437.80","1,437.90","1,438.32","1,08,56,166","15,61,46,04,535.70","1,55,779","73,81,756","68.00"
"ICICIBANK","EQ","28-Jul-2026","1,445.70","1,442.30","1,445.90","1,417.60","1,417.60","1,430.80","1,431.30","1,94,86,209","27,89,07,07,962.20","2,45,191","1,03,05,281","52.88"
"ICICIBANK","EQ","27-Jul-2026","1,432.90","1,435.70","1,449.00","1,428.80","1,445.50","1,445.70","1,439.49","1,06,08,300","15,27,05,61,725.50","1,95,530","71,10,516","67.03"
"ICICIBANK","EQ","24-Jul-2026","1,434.60","1,428.00","1,440.00","1,415.40","1,436.00","1,432.90","1,428.15","1,08,70,914","15,52,52,53,507.70","2,15,086","82,46,114","75.85"
"ICICIBANK","EQ","23-Jul-2026","1,440.70","1,432.50","1,446.00","1,426.60","1,433.40","1,434.60","1,435.23","1,24,09,328","17,81,02,97,603.80","1,66,912","84,91,180","68.43"
"ICICIBANK","EQ","22-Jul-2026","1,463.10","1,466.40","1,466.40","1,438.40","1,439.70","1,440.70","1,444.85","83,45,136","12,05,74,81,788.80","2,12,805","61,43,864","73.62"
"ICICIBANK","EQ","21-Jul-2026","1,460.20","1,470.00","1,473.90","1,456.60","1,463.10","1,463.10","1,463.91","1,82,69,907","26,74,54,65,548.10","1,86,971","1,29,74,619","71.02"
"ICICIBANK","EQ","20-Jul-2026","1,444.30","1,444.50","1,480.00","1,439.50","1,461.00","1,460.20","1,457.49","2,22,36,415","32,40,94,55,230.50","2,93,168","1,36,22,393","61.26"
"ICICIBANK","EQ","17-Jul-2026","1,418.20","1,422.10","1,455.10","1,419.70","1,454.00","1,444.30","1,438.30","1,11,12,550","15,98,32,33,304.00","1,99,474","68,35,725","61.51"
"ICICIBANK","EQ","16-Jul-2026","1,416.20","1,420.10","1,423.70","1,406.20","1,418.00","1,418.20","1,413.86","1,01,65,264","14,37,22,70,891.70","1,33,649","55,16,502","54.27"
"ICICIBANK","EQ","15-Jul-2026","1,407.70","1,412.90","1,428.00","1,409.20","1,411.10","1,416.20","1,418.03","1,29,61,648","18,38,00,61,223.50","2,03,709","88,43,263","68.23"
"ICICIBANK","EQ","14-Jul-2026","1,409.50","1,400.00","1,411.80","1,392.00","1,406.40","1,407.70","1,404.33","1,41,33,017","19,84,74,83,412.50","1,72,884","78,96,949","55.88"
"ICICIBANK","EQ","13-Jul-2026","1,401.20","1,393.50","1,413.00","1,386.30","1,407.80","1,409.50","1,403.36","1,00,91,437","14,16,19,08,061.50","2,05,509","56,84,221","56.33"
"ICICIBANK","EQ","10-Jul-2026","1,380.70","1,389.70","1,408.20","1,389.60","1,401.20","1,401.20","1,402.11","64,09,645","8,98,70,46,054.60","1,32,249","40,93,220","63.86"
"ICICIBANK","EQ","09-Jul-2026","1,380.60","1,382.90","1,403.60","1,377.30","1,384.00","1,380.70","1,386.99","1,39,48,838","19,34,68,61,582.20","3,13,842","68,26,230","48.94"
"ICICIBANK","EQ","08-Jul-2026","1,414.70","1,410.30","1,418.30","1,375.90","1,383.10","1,380.60","1,396.85","1,05,73,142","14,76,90,92,852.50","2,79,456","59,20,791","56.00"
"ICICIBANK","EQ","07-Jul-2026","1,426.90","1,431.60","1,433.00","1,410.00","1,412.00","1,414.70","1,421.40","1,56,64,178","22,26,50,14,594.50","2,70,831","96,47,392","61.59"
"ICICIBANK","EQ","06-Jul-2026","1,411.40","1,412.00","1,431.60","1,411.60","1,426.50","1,426.90","1,425.91","1,23,06,949","17,54,85,56,220.70","2,15,378","87,85,953","71.39"
"ICICIBANK","EQ","03-Jul-2026","1,400.00","1,414.00","1,420.00","1,405.90","1,412.70","1,411.40","1,412.30","1,29,01,785","18,22,12,50,388.90","2,42,670","96,66,469","74.92"
"ICICIBANK","EQ","02-Jul-2026","1,379.80","1,381.90","1,405.00","1,376.80","1,401.00","1,400.00","1,395.35","1,57,79,429","22,01,78,71,341.30","2,02,269","97,46,817","61.77"
"ICICIBANK","EQ","01-Jul-2026","1,375.20","1,371.40","1,385.10","1,367.70","1,377.60","1,379.80","1,377.17","1,19,48,034","16,45,44,77,473.20","1,98,943","78,38,052","65.60"
"ICICIBANK","EQ","30-Jun-2026","1,387.60","1,402.00","1,402.00","1,366.10","1,379.90","1,375.20","1,377.88","1,83,98,057","25,35,02,31,179.70","2,38,982","89,42,551","48.61"
"ICICIBANK","EQ","29-Jun-2026","1,387.50","1,390.00","1,402.00","1,383.20","1,388.00","1,387.60","1,389.31","1,32,49,405","18,40,75,50,527.80","2,38,572","1,00,75,322","76.04"
"ICICIBANK","EQ","25-Jun-2026","1,373.60","1,381.90","1,404.00","1,380.10","1,387.00","1,387.50","1,390.64","1,71,73,209","23,88,17,28,053.40","3,23,911","1,04,90,930","61.09"
"ICICIBANK","EQ","24-Jun-2026","1,338.30","1,340.60","1,377.60","1,340.60","1,373.00","1,373.60","1,369.98","1,64,40,708","22,52,33,78,860.90","2,84,060","1,09,67,448","66.71"
"ICICIBANK","BL","24-Jun-2026","1,361.00","1,338.30","1,338.30","1,338.30","1,338.30","1,338.30","1,338.30","9,67,959","1,29,54,19,529.70","1","-","-"
"ICICIBANK","EQ","23-Jun-2026","1,352.40","1,358.00","1,369.10","1,331.50","1,335.50","1,338.30","1,352.91","1,18,84,879","16,07,91,39,867.90","1,66,170","64,20,307","54.02"
"ICICIBANK","EQ","22-Jun-2026","1,346.50","1,353.00","1,362.70","1,348.40","1,351.00","1,352.40","1,355.63","48,14,845","6,52,71,49,141.90","1,11,040","27,14,882","56.39"
"ICICIBANK","EQ","19-Jun-2026","1,342.30","1,340.50","1,352.30","1,332.00","1,347.80","1,346.50","1,346.35","90,57,322","12,19,43,67,731.90","1,41,850","58,76,183","64.88"
"ICICIBANK","EQ","18-Jun-2026","1,336.80","1,333.60","1,346.90","1,331.40","1,341.50","1,342.30","1,340.81","1,34,67,985","18,05,80,46,131.10","1,66,446","60,36,352","44.82"
"ICICIBANK","EQ","17-Jun-2026","1,334.30","1,342.00","1,346.00","1,333.40","1,336.50","1,336.80","1,338.65","80,26,424","10,74,45,44,350.00","1,54,630","47,04,112","58.61"
"ICICIBANK","EQ","16-Jun-2026","1,327.60","1,331.90","1,337.30","1,326.30","1,335.50","1,334.30","1,331.53","1,30,69,159","17,40,19,91,209.80","2,09,525","55,09,490","42.16"
"ICICIBANK","EQ","15-Jun-2026","1,340.80","1,354.60","1,362.70","1,325.30","1,328.00","1,327.60","1,339.75","1,61,72,921","21,66,76,94,953.80","2,31,944","1,10,52,408","68.34"
"ICICIBANK","EQ","12-Jun-2026","1,317.00","1,330.00","1,344.30","1,318.70","1,340.00","1,340.80","1,333.00","1,83,39,846","24,44,70,33,214.60","2,37,916","1,40,26,255","76.48"
"ICICIBANK","EQ","11-Jun-2026","1,293.30","1,286.50","1,333.00","1,286.50","1,313.90","1,317.00","1,316.68","3,59,19,374","47,29,44,30,919.80","4,62,944","2,40,33,028","66.91"
"ICICIBANK","EQ","10-Jun-2026","1,275.00","1,271.30","1,306.00","1,271.30","1,293.00","1,293.30","1,294.82","2,59,51,584","33,60,27,25,418.60","3,17,951","1,70,41,675","65.67"
"ICICIBANK","EQ","09-Jun-2026","1,250.20","1,255.00","1,279.90","1,252.70","1,276.00","1,275.00","1,271.49","2,23,68,579","28,44,14,91,850.70","2,95,130","1,20,42,919","53.84"
"ICICIBANK","EQ","08-Jun-2026","1,262.10","1,246.40","1,254.00","1,243.10","1,250.00","1,250.20","1,249.97","1,07,14,196","13,39,24,35,061.70","1,65,598","61,48,727","57.39"
"ICICIBANK","EQ","05-Jun-2026","1,251.70","1,257.00","1,265.00","1,250.00","1,261.00","1,262.10","1,258.93","1,01,66,393","12,79,87,54,410.30","2,32,444","60,97,001","59.97"
"ICICIBANK","EQ","04-Jun-2026","1,242.00","1,232.20","1,262.30","1,232.20","1,253.00","1,251.70","1,251.91","1,94,61,560","24,36,41,21,089.30","2,72,388","94,60,712","48.61"
"ICICIBANK","EQ","03-Jun-2026","1,226.60","1,219.90","1,248.30","1,213.70","1,243.40","1,242.00","1,231.50","1,39,34,754","17,16,05,89,675.90","3,73,364","67,10,297","48.16"
"ICICIBANK","EQ","02-Jun-2026","1,239.70","1,233.00","1,237.70","1,220.70","1,230.70","1,226.60","1,229.00","1,79,20,892","22,02,48,48,172.50","2,51,540","60,15,568","33.57"
"ICICIBANK","EQ","01-Jun-2026","1,256.40","1,257.10","1,261.90","1,235.90","1,238.60","1,239.70","1,245.36","99,11,975","12,34,39,58,316.50","1,79,104","46,68,973","47.10"
"ICICIBANK","EQ","29-May-2026","1,272.70","1,275.10","1,287.80","1,247.90","1,260.50","1,256.40","1,263.53","3,10,07,884","39,17,94,79,642.80","3,92,957","2,18,43,321","70.44"
"ICICIBANK","EQ","27-May-2026","1,279.10","1,286.00","1,293.40","1,266.70","1,272.50","1,272.70","1,277.96","1,83,66,272","23,47,13,39,315.50","1,99,046","76,01,863","41.39"
"ICICIBANK","EQ","26-May-2026","1,291.80","1,290.00","1,301.80","1,276.20","1,280.70","1,279.10","1,287.57","1,84,00,405","23,69,17,57,179.00","2,33,183","80,32,540","43.65"
"ICICIBANK","EQ","25-May-2026","1,264.30","1,271.00","1,293.50","1,270.90","1,293.50","1,291.80","1,282.46","1,38,53,923","17,76,70,46,157.90","2,30,176","97,00,400","70.02"
"ICICIBANK","EQ","22-May-2026","1,242.80","1,242.00","1,270.80","1,242.00","1,267.20","1,264.30","1,264.35","1,16,01,085","14,66,78,24,476.70","1,63,057","80,81,560","69.66"
"ICICIBANK","EQ","21-May-2026","1,237.30","1,245.30","1,248.30","1,234.40","1,244.40","1,242.80","1,242.50","1,43,94,386","17,88,49,96,507.30","1,79,763","64,72,295","44.96"
"ICICIBANK","EQ","20-May-2026","1,240.80","1,230.00","1,239.70","1,223.30","1,236.50","1,237.30","1,232.55","1,49,53,103","18,43,03,75,623.00","1,96,646","1,03,26,267","69.06"
"ICICIBANK","EQ","19-May-2026","1,251.10","1,251.10","1,256.30","1,229.80","1,242.50","1,240.80","1,236.56","3,89,29,053","48,13,82,72,774.70","2,83,791","2,61,99,158","67.30"
"ICICIBANK","EQ","18-May-2026","1,244.50","1,235.50","1,253.70","1,232.00","1,251.70","1,251.10","1,243.71","1,39,18,850","17,31,10,46,029.30","2,42,335","90,92,626","65.33"
"ICICIBANK","EQ","15-May-2026","1,246.00","1,246.60","1,258.00","1,242.00","1,247.90","1,244.50","1,247.98","1,17,45,614","14,65,82,50,228.70","2,21,105","77,03,623","65.59"
"ICICIBANK","EQ","14-May-2026","1,235.60","1,239.10","1,256.70","1,236.00","1,248.70","1,246.00","1,248.25","1,65,35,600","20,64,04,95,752.30","3,56,567","76,36,964","46.18"
"ICICIBANK","EQ","13-May-2026","1,240.30","1,238.30","1,249.20","1,227.20","1,236.10","1,235.60","1,238.85","1,94,90,295","24,14,55,79,380.30","2,86,906","1,29,49,692","66.44"
"ICICIBANK","EQ","12-May-2026","1,266.40","1,256.00","1,259.90","1,236.30","1,244.50","1,240.30","1,244.35","2,11,10,708","26,26,90,40,947.30","3,80,833","89,70,204","42.49"
"ICICIBANK","EQ","11-May-2026","1,264.80","1,259.40","1,275.70","1,252.00","1,267.20","1,266.40","1,267.94","1,89,80,488","24,06,61,15,479.60","5,37,303","1,25,90,590","66.33"
"ICICIBANK","EQ","08-May-2026","1,279.00","1,279.60","1,279.60","1,261.20","1,267.80","1,264.80","1,266.00","1,11,37,424","14,09,99,55,630.00","1,85,392","75,74,037","68.01"
"ICICIBANK","EQ","07-May-2026","1,279.50","1,284.70","1,294.00","1,273.20","1,279.00","1,279.00","1,282.68","2,50,28,552","32,10,37,38,356.80","3,22,972","87,64,222","35.02"
"ICICIBANK","EQ","06-May-2026","1,251.30","1,262.00","1,282.80","1,252.10","1,279.60","1,279.50","1,268.87","2,29,09,586","29,06,93,05,516.60","2,88,318","1,43,57,538","62.67"
"ICICIBANK","EQ","05-May-2026","1,270.80","1,264.00","1,266.70","1,245.50","1,250.90","1,251.30","1,252.12","2,44,47,935","30,61,18,50,377.00","2,57,742","1,24,74,285","51.02"
"ICICIBANK","EQ","04-May-2026","1,263.40","1,264.30","1,282.20","1,264.30","1,269.00","1,270.80","1,273.13","1,45,97,051","18,58,38,84,989.90","1,78,442","95,84,278","65.66"
"ICICIBANK","EQ","30-Apr-2026","1,281.00","1,261.00","1,272.20","1,259.00","1,265.70","1,263.40","1,264.67","1,77,40,110","22,43,54,14,841.10","2,61,998","82,02,254","46.24"
"ICICIBANK","EQ","29-Apr-2026","1,292.00","1,294.70","1,296.80","1,276.20","1,279.50","1,281.00","1,287.47","1,17,16,030","15,08,40,08,549.00","1,91,545","71,65,480","61.16"
"ICICIBANK","EQ","28-Apr-2026","1,314.10","1,314.30","1,317.70","1,286.70","1,289.10","1,292.00","1,300.34","1,67,74,778","21,81,28,94,339.10","1,97,497","80,21,364","47.82"
"ICICIBANK","EQ","27-Apr-2026","1,326.20","1,327.90","1,335.90","1,310.90","1,316.60","1,314.10","1,319.21","1,53,85,625","20,29,68,18,470.50","2,21,899","1,01,23,366","65.80"
"ICICIBANK","EQ","24-Apr-2026","1,348.00","1,336.30","1,348.80","1,324.00","1,325.80","1,326.20","1,332.36","1,40,56,743","18,72,86,38,323.00","1,92,491","1,10,27,327","78.45"
"ICICIBANK","EQ","23-Apr-2026","1,367.60","1,348.40","1,354.00","1,343.50","1,347.00","1,348.00","1,348.93","2,01,11,792","27,12,94,05,927.90","1,80,688","1,27,48,765","63.39"
"ICICIBANK","EQ","22-Apr-2026","1,388.40","1,380.00","1,380.10","1,365.00","1,367.80","1,367.60","1,370.33","1,36,13,487","18,65,49,24,562.10","2,10,901","88,76,042","65.20"
"ICICIBANK","EQ","21-Apr-2026","1,356.20","1,368.00","1,393.10","1,360.00","1,385.60","1,388.40","1,382.63","2,33,12,455","32,23,24,21,315.50","2,49,510","89,35,665","38.33"
"ICICIBANK","EQ","20-Apr-2026","1,346.80","1,364.70","1,376.40","1,353.00","1,354.30","1,356.20","1,362.59","2,15,51,520","29,36,59,07,872.80","3,20,334","1,05,67,077","49.03"
"ICICIBANK","EQ","17-Apr-2026","1,345.50","1,347.00","1,352.90","1,334.00","1,352.80","1,346.80","1,341.32","1,81,51,993","24,34,75,56,255.20","2,12,763","1,07,17,365","59.04"
"ICICIBANK","EQ","16-Apr-2026","1,348.10","1,352.00","1,366.90","1,340.20","1,343.90","1,345.50","1,351.63","2,40,17,236","32,46,24,01,733.80","3,69,800","72,48,933","30.18"
"ICICIBANK","EQ","15-Apr-2026","1,351.10","1,358.00","1,364.80","1,338.00","1,347.00","1,348.10","1,348.45","2,38,27,473","32,13,01,12,128.20","3,67,877","1,32,38,363","55.56"
"ICICIBANK","EQ","13-Apr-2026","1,321.90","1,304.90","1,357.00","1,296.70","1,347.00","1,351.10","1,336.01","3,05,72,141","40,84,46,87,271.30","3,91,182","1,88,70,489","61.72"
"ICICIBANK","EQ","10-Apr-2026","1,281.30","1,289.00","1,324.00","1,288.50","1,322.80","1,321.90","1,317.23","1,81,74,755","23,94,03,99,460.20","2,65,455","1,06,95,254","58.85"
"ICICIBANK","EQ","09-Apr-2026","1,309.20","1,299.90","1,308.00","1,275.90","1,283.50","1,281.30","1,287.04","2,29,23,062","29,50,27,99,668.90","2,95,814","1,03,38,289","45.10"
"ICICIBANK","EQ","08-Apr-2026","1,245.50","1,310.00","1,333.50","1,292.40","1,309.10","1,309.20","1,307.02","2,51,48,651","32,86,97,93,000.90","2,67,068","1,47,46,595","58.64"
"ICICIBANK","EQ","07-Apr-2026","1,231.40","1,229.00","1,250.40","1,216.60","1,248.50","1,245.50","1,235.01","2,56,00,557","31,61,70,31,068.70","2,12,038","1,58,05,155","61.74"
"ICICIBANK","EQ","06-Apr-2026","1,215.80","1,213.00","1,234.40","1,200.50","1,228.60","1,231.40","1,218.09","1,00,58,414","12,25,20,23,145.80","1,31,870","58,72,971","58.39"
"ICICIBANK","EQ","02-Apr-2026","1,212.70","1,196.00","1,222.10","1,187.60","1,216.50","1,215.80","1,204.91","2,08,51,722","25,12,44,02,749.50","3,46,186","96,40,544","46.23"
"ICICIBANK","EQ","01-Apr-2026","1,205.90","1,228.10","1,234.00","1,210.00","1,213.00","1,212.70","1,219.58","2,54,72,333","31,06,54,55,922.50","2,56,306","1,67,73,079","65.85"
"ICICIBANK","EQ","30-Mar-2026","1,233.80","1,216.50","1,222.60","1,200.40","1,211.80","1,205.90","1,211.37","2,39,52,775","29,01,57,83,813.00","2,24,335","93,92,575","39.21"
"ICICIBANK","EQ","27-Mar-2026","1,259.70","1,256.00","1,260.90","1,230.10","1,237.90","1,233.80","1,241.91","2,36,30,905","29,34,75,00,695.00","2,80,968","1,68,67,704","71.38"
"ICICIBANK","EQ","25-Mar-2026","1,251.20","1,258.90","1,272.90","1,254.40","1,258.40","1,259.70","1,262.48","1,72,90,030","21,82,83,49,228.10","2,45,636","86,56,583","50.07"
"ICICIBANK","EQ","24-Mar-2026","1,222.70","1,237.10","1,253.90","1,223.70","1,252.60","1,251.20","1,242.48","2,06,17,782","25,61,72,06,863.50","2,41,682","1,14,75,766","55.66"
"ICICIBANK","EQ","23-Mar-2026","1,245.40","1,226.60","1,234.90","1,218.10","1,225.00","1,222.70","1,225.36","1,70,49,534","20,89,17,71,051.10","2,79,421","1,16,39,598","68.27"
"ICICIBANK","EQ","20-Mar-2026","1,250.10","1,258.40","1,274.00","1,241.70","1,249.80","1,245.40","1,256.05","1,64,21,006","20,62,56,09,488.50","3,20,542","1,16,85,036","71.16"
"ICICIBANK","EQ","19-Mar-2026","1,289.30","1,267.60","1,285.90","1,243.70","1,259.70","1,250.10","1,258.87","1,44,22,899","18,15,66,25,895.60","2,85,591","65,90,960","45.70"
"ICICIBANK","EQ","18-Mar-2026","1,288.70","1,286.00","1,297.10","1,270.80","1,292.00","1,289.30","1,287.83","1,29,61,135","16,69,17,03,269.00","2,24,259","80,74,954","62.30"
"ICICIBANK","EQ","17-Mar-2026","1,272.90","1,278.90","1,294.40","1,273.00","1,287.00","1,288.70","1,285.58","2,23,03,102","28,67,25,15,530.30","2,42,007","96,99,357","43.49"
"ICICIBANK","EQ","16-Mar-2026","1,254.80","1,255.00","1,276.80","1,240.10","1,267.60","1,272.90","1,261.00","2,27,40,688","28,67,59,65,063.50","2,64,944","1,31,12,471","57.66"
"ICICIBANK","EQ","13-Mar-2026","1,266.50","1,251.90","1,262.30","1,248.70","1,255.00","1,254.80","1,254.83","1,73,44,394","21,76,42,18,501.60","2,48,517","1,05,65,554","60.92"
"ICICIBANK","EQ","12-Mar-2026","1,294.60","1,275.70","1,280.50","1,258.30","1,269.90","1,266.50","1,270.55","1,96,76,187","24,99,95,30,425.90","3,35,143","1,02,59,179","52.14"
"ICICIBANK","EQ","11-Mar-2026","1,311.90","1,300.00","1,306.50","1,290.90","1,292.00","1,294.60","1,297.44","1,32,24,259","17,15,77,29,375.10","2,65,729","69,77,904","52.77"
"ICICIBANK","EQ","10-Mar-2026","1,278.40","1,287.60","1,315.00","1,285.60","1,312.80","1,311.90","1,304.25","1,91,36,143","24,95,83,13,823.40","3,18,391","91,04,535","47.58"
"ICICIBANK","EQ","09-Mar-2026","1,313.40","1,272.70","1,282.70","1,251.10","1,275.00","1,278.40","1,271.54","1,61,16,652","20,49,29,13,753.00","3,21,194","92,26,113","57.25"
"ICICIBANK","EQ","06-Mar-2026","1,357.60","1,339.00","1,357.60","1,310.40","1,315.10","1,313.40","1,322.85","2,27,78,852","30,13,28,94,838.80","3,96,209","1,36,81,690","60.06"
"ICICIBANK","EQ","05-Mar-2026","1,365.40","1,368.90","1,370.80","1,347.60","1,353.30","1,357.60","1,356.94","1,75,90,491","23,86,92,37,214.50","2,14,379","76,33,505","43.40"
"ICICIBANK","EQ","04-Mar-2026","1,374.00","1,326.00","1,376.00","1,326.00","1,368.50","1,365.40","1,355.31","2,00,09,132","27,11,85,32,926.00","5,02,432","1,25,65,957","62.80"
"ICICIBANK","EQ","02-Mar-2026","1,378.90","1,355.00","1,379.20","1,355.00","1,374.80","1,374.00","1,369.59","1,69,28,683","23,18,53,56,350.40","3,08,886","83,52,909","49.34"
"ICICIBANK","EQ","27-Feb-2026","1,404.90","1,400.00","1,402.20","1,376.70","1,379.40","1,378.90","1,385.66","1,50,96,898","20,91,91,49,418.30","1,71,296","1,15,27,766","76.36"
"ICICIBANK","EQ","26-Feb-2026","1,400.50","1,405.10","1,410.00","1,392.10","1,401.60","1,404.90","1,403.62","2,72,88,792","38,30,31,70,835.60","2,75,171","1,50,50,672","55.15"
"ICICIBANK","EQ","25-Feb-2026","1,384.80","1,391.80","1,407.40","1,388.20","1,398.10","1,400.50","1,399.92","1,62,97,015","22,81,44,95,610.00","2,19,690","1,13,72,305","69.78"
"ICICIBANK","EQ","24-Feb-2026","1,399.40","1,400.90","1,400.90","1,382.30","1,385.50","1,384.80","1,388.50","1,82,74,784","25,37,45,56,219.00","1,78,572","1,07,40,431","58.77"
"ICICIBANK","EQ","23-Feb-2026","1,394.50","1,400.00","1,408.30","1,395.30","1,399.00","1,399.40","1,400.86","1,07,28,445","15,02,90,32,958.60","1,37,169","71,08,232","66.26"
"ICICIBANK","EQ","20-Feb-2026","1,388.80","1,388.50","1,403.70","1,384.00","1,394.00","1,394.50","1,396.03","1,03,37,877","14,43,20,24,508.80","1,25,352","66,32,857","64.16"
"ICICIBANK","EQ","19-Feb-2026","1,408.20","1,408.50","1,412.30","1,384.80","1,388.70","1,388.80","1,394.99","1,43,23,091","19,98,06,13,931.70","1,72,043","71,45,103","49.89"
"ICICIBANK","EQ","18-Feb-2026","1,407.50","1,410.10","1,412.30","1,398.90","1,406.00","1,408.20","1,403.95","47,58,071","6,68,01,16,792.30","1,07,958","27,18,133","57.13"
"ICICIBANK","EQ","17-Feb-2026","1,411.60","1,406.20","1,413.60","1,393.60","1,405.00","1,407.50","1,404.65","1,17,56,187","16,51,33,61,505.90","1,81,342","42,71,702","36.34"
"ICICIBANK","EQ","16-Feb-2026","1,414.60","1,404.00","1,414.00","1,400.50","1,413.00","1,411.60","1,408.85","50,00,042","7,04,43,01,759.40","1,62,024","27,63,183","55.26"
"ICICIBANK","EQ","13-Feb-2026","1,430.00","1,425.30","1,434.40","1,410.70","1,415.50","1,414.60","1,417.70","1,22,28,083","17,33,58,09,677.40","3,31,274","93,46,512","76.43"
"ICICIBANK","EQ","12-Feb-2026","1,406.10","1,406.10","1,433.00","1,405.30","1,432.00","1,430.00","1,426.52","1,96,46,265","28,02,57,18,740.70","3,59,078","1,16,34,990","59.22"
"ICICIBANK","EQ","11-Feb-2026","1,406.50","1,407.40","1,413.00","1,400.40","1,409.00","1,406.10","1,405.32","85,51,341","12,01,73,47,016.70","2,33,720","52,35,374","61.22"
"ICICIBANK","EQ","10-Feb-2026","1,396.30","1,401.00","1,409.50","1,395.50","1,404.10","1,406.50","1,403.57","1,64,97,628","23,15,56,53,318.50","2,90,456","93,90,267","56.92"
"ICICIBANK","EQ","09-Feb-2026","1,406.10","1,413.50","1,414.00","1,388.80","1,395.10","1,396.30","1,396.52","78,89,742","11,01,81,92,537.50","2,01,425","55,73,517","70.64"
"ICICIBANK","EQ","06-Feb-2026","1,396.50","1,396.70","1,410.50","1,394.70","1,408.00","1,406.10","1,402.67","1,08,51,190","15,22,06,80,762.50","1,67,764","69,21,748","63.79"
"ICICIBANK","EQ","05-Feb-2026","1,408.40","1,414.00","1,414.00","1,393.20","1,394.60","1,396.50","1,402.07","89,82,761","12,59,44,68,388.50","1,79,749","46,32,508","51.57"
"ICICIBANK","EQ","04-Feb-2026","1,389.70","1,387.00","1,414.00","1,386.90","1,406.10","1,408.40","1,406.84","1,10,80,683","15,58,87,50,561.40","1,91,128","71,68,642","64.69"
"ICICIBANK","EQ","03-Feb-2026","1,352.80","1,412.00","1,417.00","1,373.40","1,388.00","1,389.70","1,391.76","2,48,96,698","34,65,02,22,974.70","3,62,321","1,60,91,194","64.63"
"ICICIBANK","EQ","02-Feb-2026","1,334.20","1,329.90","1,354.40","1,329.10","1,351.00","1,352.80","1,345.43","1,28,00,245","17,22,18,71,131.70","2,96,520","95,46,419","74.58"
"ICICIBANK","EQ","01-Feb-2026","1,355.00","1,352.00","1,365.90","1,328.80","1,334.00","1,334.20","1,349.72","49,69,610","6,70,75,90,848.90","73,049","16,43,438","33.07"
"ICICIBANK","EQ","30-Jan-2026","1,383.60","1,368.20","1,381.90","1,353.20","1,357.00","1,355.00","1,365.39","2,40,13,717","32,78,80,49,343.30","1,74,668","1,63,16,633","67.95"
"ICICIBANK","EQ","29-Jan-2026","1,367.70","1,359.00","1,387.70","1,354.40","1,385.00","1,383.60","1,375.36","2,31,18,234","31,79,58,80,950.80","3,16,133","1,59,57,952","69.03"
"ICICIBANK","EQ","28-Jan-2026","1,361.40","1,362.60","1,380.40","1,362.60","1,368.30","1,367.70","1,369.75","1,32,42,696","18,13,91,17,842.70","2,14,114","1,00,32,094","75.76"
"ICICIBANK","EQ","27-Jan-2026","1,343.40","1,340.00","1,369.10","1,328.60","1,367.10","1,361.40","1,351.83","2,52,63,634","34,15,21,85,794.40","3,97,382","1,46,68,037","58.06"
"ICICIBANK","EQ","23-Jan-2026","1,345.50","1,340.50","1,355.20","1,335.70","1,346.00","1,343.40","1,345.35","1,40,56,524","18,91,09,09,222.00","2,66,966","96,21,091","68.45"
"ICICIBANK","EQ","22-Jan-2026","1,349.00","1,355.10","1,358.00","1,338.00","1,347.00","1,345.50","1,345.43","1,71,79,765","23,11,41,75,406.10","3,76,183","96,88,821","56.40"
"ICICIBANK","EQ","21-Jan-2026","1,375.80","1,367.50","1,371.50","1,339.50","1,346.90","1,349.00","1,353.06","2,17,66,068","29,45,08,24,904.30","3,25,494","1,24,37,359","57.14"
"ICICIBANK","EQ","20-Jan-2026","1,380.60","1,374.70","1,387.80","1,371.50","1,375.60","1,375.80","1,380.38","1,50,12,785","20,72,33,99,138.70","3,48,185","93,17,390","62.06"
"ICICIBANK","EQ","19-Jan-2026","1,410.80","1,399.90","1,400.00","1,360.00","1,377.70","1,380.60","1,374.22","2,33,02,883","32,02,33,23,446.30","4,43,246","1,50,34,912","64.52"
"ICICIBANK","EQ","16-Jan-2026","1,418.40","1,417.90","1,429.00","1,400.20","1,413.00","1,410.80","1,413.40","1,25,30,886","17,71,11,65,102.70","3,10,123","86,85,738","69.31"
"ICICIBANK","EQ","14-Jan-2026","1,437.00","1,425.60","1,443.90","1,414.90","1,416.60","1,418.40","1,425.59","1,38,32,255","19,71,90,79,329.90","2,58,446","78,06,913","56.44"
"ICICIBANK","EQ","13-Jan-2026","1,413.10","1,420.00","1,441.80","1,411.10","1,436.50","1,437.00","1,432.77","1,42,95,581","20,48,22,94,150.00","3,24,654","76,60,517","53.59"
"ICICIBANK","EQ","12-Jan-2026","1,404.30","1,399.90","1,424.30","1,391.70","1,420.00","1,413.10","1,409.10","1,09,23,811","15,39,27,57,596.10","2,13,429","73,93,741","67.68"
"ICICIBANK","EQ","09-Jan-2026","1,435.00","1,427.10","1,429.50","1,401.50","1,405.00","1,404.30","1,407.82","1,25,55,636","17,67,60,64,959.30","1,76,569","89,94,277","71.64"
"ICICIBANK","EQ","08-Jan-2026","1,427.70","1,429.00","1,442.20","1,423.30","1,434.90","1,435.00","1,435.94","1,48,61,699","21,34,04,84,627.50","2,90,412","1,05,79,816","71.19"
"ICICIBANK","EQ","07-Jan-2026","1,411.20","1,408.00","1,429.90","1,404.20","1,425.60","1,427.70","1,421.98","1,58,13,795","22,48,69,67,388.80","2,63,196","1,21,27,276","76.69"
"ICICIBANK","EQ","06-Jan-2026","1,371.50","1,372.00","1,413.60","1,366.00","1,409.90","1,411.20","1,404.16","1,72,60,416","24,23,63,60,970.10","3,38,562","1,19,08,090","68.99"
"ICICIBANK","EQ","05-Jan-2026","1,355.40","1,354.20","1,375.50","1,352.60","1,372.00","1,371.50","1,369.03","69,20,565","9,47,44,70,607.30","2,51,280","45,15,341","65.25"
"ICICIBANK","EQ","02-Jan-2026","1,338.00","1,338.00","1,356.90","1,336.30","1,355.10","1,355.40","1,348.97","82,26,205","11,09,68,63,710.80","1,23,080","57,10,169","69.41"
"ICICIBANK","EQ","01-Jan-2026","1,342.90","1,343.90","1,348.40","1,336.00","1,337.60","1,338.00","1,340.30","41,79,311","5,60,15,12,243.10","92,659","13,20,425","31.59"
"ICICIBANK","EQ","31-Dec-2025","1,342.50","1,342.80","1,350.00","1,339.50","1,343.00","1,342.90","1,344.37","61,50,634","8,26,87,15,778.60","1,33,779","38,09,816","61.94"
"ICICIBANK","EQ","30-Dec-2025","1,343.30","1,343.30","1,347.10","1,338.10","1,347.00","1,342.50","1,341.94","1,86,21,277","24,98,86,03,546.50","2,61,375","1,28,33,261","68.92"
"ICICIBANK","EQ","29-Dec-2025","1,350.40","1,352.10","1,355.70","1,341.50","1,343.60","1,343.30","1,346.07","60,57,201","8,15,34,10,855.40","1,45,962","37,88,268","62.54"
"ICICIBANK","EQ","26-Dec-2025","1,359.80","1,356.50","1,362.00","1,348.50","1,351.00","1,350.40","1,353.25","28,12,144","3,80,55,33,190.00","92,194","18,54,240","65.94"
"ICICIBANK","EQ","24-Dec-2025","1,363.00","1,363.80","1,368.20","1,357.60","1,359.00","1,359.80","1,362.26","89,55,140","12,19,92,71,454.00","1,63,168","43,98,930","49.12"
"ICICIBANK","EQ","23-Dec-2025","1,368.50","1,361.10","1,365.00","1,357.00","1,362.40","1,363.00","1,361.81","91,05,467","12,39,98,97,178.60","2,31,134","44,35,940","48.72"
"ICICIBANK","EQ","22-Dec-2025","1,354.10","1,358.00","1,371.30","1,354.80","1,367.50","1,368.50","1,365.67","93,75,294","12,80,35,46,328.80","2,04,189","58,79,943","62.72"
"ICICIBANK","EQ","19-Dec-2025","1,356.80","1,354.00","1,360.40","1,350.80","1,354.30","1,354.10","1,354.21","1,43,18,512","19,39,02,42,360.80","2,24,715","1,13,21,180","79.07"
"ICICIBANK","EQ","18-Dec-2025","1,352.40","1,346.30","1,369.50","1,345.50","1,357.00","1,356.80","1,360.11","73,14,573","9,94,86,07,088.40","2,07,464","35,41,972","48.42"
"ICICIBANK","EQ","17-Dec-2025","1,366.00","1,365.00","1,365.00","1,343.10","1,353.50","1,352.40","1,350.59","94,40,391","12,75,00,64,577.50","1,99,498","57,14,275","60.53"
"ICICIBANK","EQ","16-Dec-2025","1,365.20","1,364.00","1,368.70","1,355.50","1,366.60","1,366.00","1,363.69","1,23,59,741","16,85,49,16,855.00","3,45,540","53,95,046","43.65"
"ICICIBANK","EQ","15-Dec-2025","1,366.00","1,356.10","1,370.00","1,356.10","1,365.00","1,365.20","1,364.54","53,42,530","7,29,01,05,034.90","2,67,792","35,70,527","66.83"
"ICICIBANK","EQ","12-Dec-2025","1,360.00","1,368.00","1,370.70","1,363.30","1,366.00","1,366.00","1,366.43","38,90,885","5,31,66,35,958.20","1,13,064","29,17,482","74.98"
"ICICIBANK","EQ","11-Dec-2025","1,363.60","1,363.70","1,366.60","1,352.80","1,361.00","1,360.00","1,360.40","67,34,750","9,16,19,34,313.70","1,66,103","45,75,945","67.95"
"ICICIBANK","EQ","10-Dec-2025","1,375.20","1,377.90","1,379.40","1,357.90","1,364.50","1,363.60","1,366.49","87,25,381","11,92,31,88,503.50","1,64,913","66,17,328","75.84"
"ICICIBANK","BL","10-Dec-2025","1,379.00","1,361.00","1,361.00","1,361.00","1,361.00","1,361.00","1,361.00","10,94,092","1,48,90,59,212.00","1","-","-"
"ICICIBANK","EQ","09-Dec-2025","1,389.60","1,379.90","1,384.30","1,373.40","1,375.00","1,375.20","1,377.40","1,04,92,030","14,45,16,76,568.30","1,75,866","65,08,576","62.03"
"ICICIBANK","EQ","08-Dec-2025","1,392.50","1,387.00","1,394.90","1,383.30","1,387.50","1,389.60","1,388.87","78,26,227","10,86,96,28,559.20","1,77,670","52,53,093","67.12"
"ICICIBANK","EQ","05-Dec-2025","1,386.70","1,381.00","1,395.30","1,381.00","1,392.50","1,392.50","1,390.49","49,42,638","6,87,27,04,506.90","1,30,513","30,22,563","61.15"
"ICICIBANK","EQ","04-Dec-2025","1,391.50","1,387.00","1,391.60","1,379.90","1,386.00","1,386.70","1,385.21","73,73,909","10,21,44,31,633.60","1,89,163","51,94,119","70.44"
"ICICIBANK","EQ","03-Dec-2025","1,373.00","1,367.00","1,394.20","1,367.00","1,392.00","1,391.50","1,383.00","79,55,933","11,00,30,40,759.70","1,82,044","53,49,782","67.24"
"ICICIBANK","EQ","02-Dec-2025","1,390.10","1,381.80","1,381.80","1,370.60","1,373.80","1,373.00","1,374.68","1,21,26,396","16,66,98,81,069.60","3,35,552","78,84,547","65.02"
"ICICIBANK","EQ","01-Dec-2025","1,388.80","1,394.00","1,400.00","1,385.40","1,390.20","1,390.10","1,393.22","88,67,593","12,35,44,67,146.10","2,25,630","61,05,611","68.85"
"ICICIBANK","EQ","28-Nov-2025","1,392.20","1,392.00","1,398.50","1,385.60","1,388.40","1,388.80","1,390.33","76,83,986","10,68,32,52,227.00","1,98,302","59,35,156","77.24"
"ICICIBANK","EQ","27-Nov-2025","1,375.00","1,379.00","1,394.00","1,375.70","1,393.90","1,392.20","1,388.89","1,51,58,741","21,05,37,99,768.40","2,32,290","1,06,06,393","69.97"
"ICICIBANK","EQ","26-Nov-2025","1,357.80","1,360.00","1,377.00","1,359.90","1,375.00","1,375.00","1,369.92","96,59,004","13,23,20,68,784.90","1,40,169","61,55,439","63.73"
"ICICIBANK","EQ","25-Nov-2025","1,368.40","1,365.00","1,376.90","1,354.30","1,356.90","1,357.80","1,362.23","1,22,35,000","16,66,69,09,341.50","2,17,159","68,15,799","55.71"
"ICICIBANK","EQ","24-Nov-2025","1,369.50","1,373.30","1,377.00","1,361.50","1,366.00","1,368.40","1,369.72","1,58,96,003","21,77,31,46,809.90","1,92,513","1,04,97,061","66.04"
"ICICIBANK","EQ","21-Nov-2025","1,383.00","1,373.00","1,376.00","1,364.60","1,369.00","1,369.50","1,369.27","1,14,83,595","15,72,41,08,014.60","1,71,633","82,58,055","71.91"
"ICICIBANK","EQ","20-Nov-2025","1,383.10","1,380.10","1,388.30","1,375.40","1,382.00","1,383.00","1,381.32","1,01,31,863","13,99,53,31,858.30","1,99,484","60,88,338","60.09"
"ICICIBANK","EQ","19-Nov-2025","1,373.40","1,373.50","1,384.00","1,371.60","1,383.10","1,383.10","1,379.61","1,03,93,918","14,33,95,82,068.90","1,52,320","82,55,745","79.43"
"ICICIBANK","EQ","18-Nov-2025","1,379.00","1,380.20","1,382.80","1,369.10","1,370.00","1,373.40","1,374.73","95,29,560","13,10,06,17,263.50","1,43,242","56,96,159","59.77"
"ICICIBANK","BL","18-Nov-2025","1,332.00","1,379.00","1,379.00","1,379.00","1,379.00","1,379.00","1,379.00","94,67,387","13,05,55,26,673.00","1","-","-"
"ICICIBANK","EQ","17-Nov-2025","1,373.00","1,375.10","1,382.50","1,373.60","1,379.10","1,379.00","1,378.91","76,60,717","10,56,34,73,675.80","1,09,085","58,84,501","76.81"
"ICICIBANK","EQ","14-Nov-2025","1,385.90","1,374.00","1,381.20","1,363.20","1,373.20","1,373.00","1,370.92","96,94,498","13,29,04,12,846.70","1,90,956","67,15,125","69.27"
"ICICIBANK","EQ","13-Nov-2025","1,358.90","1,358.90","1,390.40","1,358.50","1,385.40","1,385.90","1,383.47","1,82,96,626","25,31,28,23,046.70","2,39,327","1,38,63,137","75.77"
"ICICIBANK","EQ","12-Nov-2025","1,358.30","1,370.00","1,370.00","1,355.40","1,358.50","1,358.90","1,361.79","97,36,761","13,25,94,41,993.50","1,68,204","68,21,183","70.06"
"ICICIBANK","EQ","11-Nov-2025","1,348.00","1,349.00","1,360.40","1,346.20","1,359.00","1,358.30","1,354.89","83,05,184","11,25,26,12,832.30","2,08,140","53,15,504","64.00"
"ICICIBANK","EQ","10-Nov-2025","1,343.00","1,342.90","1,349.60","1,341.00","1,346.80","1,348.00","1,345.91","85,42,340","11,49,72,41,405.30","1,55,442","61,19,354","71.64"
"ICICIBANK","BL","10-Nov-2025","1,382.50","1,332.00","1,332.00","1,332.00","1,332.00","1,332.00","1,332.00","1,41,886","18,89,92,152.00","1","-","-"
"ICICIBANK","EQ","07-Nov-2025","1,320.40","1,320.40","1,344.30","1,318.60","1,342.60","1,343.00","1,337.70","77,19,245","10,32,60,29,497.00","1,49,776","50,17,225","65.00"
"ICICIBANK","EQ","06-Nov-2025","1,336.90","1,330.00","1,342.20","1,317.40","1,320.30","1,320.40","1,324.61","2,42,21,853","32,08,45,16,054.80","3,68,806","1,75,12,617","72.30"
"ICICIBANK","EQ","04-Nov-2025","1,346.40","1,342.60","1,349.80","1,333.20","1,336.90","1,336.90","1,337.49","1,52,11,183","20,34,48,38,007.00","2,76,007","96,47,498","63.42"
"ICICIBANK","EQ","03-Nov-2025","1,345.30","1,340.50","1,351.60","1,337.90","1,349.00","1,346.40","1,344.89","1,10,71,450","14,88,99,21,391.00","3,01,531","69,86,020","63.10"
"ICICIBANK","EQ","31-Oct-2025","1,362.40","1,357.00","1,362.00","1,343.30","1,345.50","1,345.30","1,349.30","1,59,26,798","21,48,99,88,727.80","3,09,384","1,18,77,794","74.58"
"ICICIBANK","EQ","30-Oct-2025","1,370.40","1,362.40","1,370.20","1,361.30","1,362.40","1,362.40","1,364.23","93,24,401","12,72,06,37,741.30","3,01,933","50,47,355","54.13"
"ICICIBANK","EQ","29-Oct-2025","1,363.10","1,364.60","1,371.70","1,358.40","1,371.60","1,370.40","1,365.15","1,61,29,382","22,01,90,31,340.90","3,53,776","1,12,70,741","69.88"
"ICICIBANK","EQ","28-Oct-2025","1,377.60","1,373.00","1,375.80","1,356.20","1,366.20","1,363.10","1,361.81","2,64,77,914","36,05,79,49,499.50","4,80,704","1,50,59,288","56.87"
"ICICIBANK","EQ","27-Oct-2025","1,377.70","1,382.10","1,386.80","1,374.00","1,379.60","1,377.60","1,379.13","1,14,99,836","15,85,97,16,513.70","2,96,317","89,34,314","77.69"
"ICICIBANK","EQ","24-Oct-2025","1,363.70","1,368.10","1,381.60","1,368.10","1,378.00","1,377.70","1,376.15","1,05,70,263","14,54,62,56,446.30","2,54,633","59,12,429","55.93"
"ICICIBANK","EQ","23-Oct-2025","1,382.00","1,385.00","1,389.80","1,360.10","1,364.30","1,363.70","1,375.57","2,11,24,942","29,05,87,72,536.50","4,01,439","1,34,99,084","63.90"
"ICICIBANK","EQ","21-Oct-2025","1,390.30","1,384.50","1,387.60","1,375.90","1,381.30","1,382.00","1,383.19","34,15,560","4,72,43,55,077.40","93,955","18,02,781","52.79"
"ICICIBANK","EQ","20-Oct-2025","1,436.60","1,442.00","1,445.00","1,389.20","1,393.00","1,390.30","1,401.64","2,33,30,227","32,70,04,79,176.40","6,70,783","1,49,44,729","64.06"
"ICICIBANK","EQ","17-Oct-2025","1,417.30","1,412.00","1,439.60","1,410.90","1,436.60","1,436.60","1,427.77","1,70,37,215","24,32,52,73,729.90","3,26,926","1,10,74,634","65.00"
"ICICIBANK","EQ","16-Oct-2025","1,398.40","1,401.00","1,418.90","1,399.40","1,417.40","1,417.30","1,412.88","1,21,85,032","17,21,59,99,886.50","2,33,599","80,88,526","66.38"
"ICICIBANK","EQ","15-Oct-2025","1,384.10","1,386.50","1,400.40","1,385.50","1,399.00","1,398.40","1,394.81","89,88,550","12,53,73,42,798.30","2,44,373","54,28,366","60.39"
"ICICIBANK","EQ","14-Oct-2025","1,379.40","1,389.00","1,389.00","1,375.10","1,384.80","1,384.10","1,381.47","1,06,10,855","14,65,86,07,710.70","1,26,104","44,24,316","41.70"
"ICICIBANK","BL","14-Oct-2025","1,402.70","1,382.50","1,382.50","1,382.50","1,382.50","1,382.50","1,382.50","1,41,886","19,61,57,395.00","1","-","-"
"ICICIBANK","EQ","13-Oct-2025","1,380.30","1,373.10","1,386.40","1,373.10","1,381.00","1,379.40","1,379.11","89,23,018","12,30,58,47,453.30","2,95,408","48,35,907","54.20"
"ICICIBANK","EQ","10-Oct-2025","1,376.20","1,370.30","1,385.00","1,370.30","1,380.40","1,380.30","1,380.18","76,73,816","10,59,12,67,726.70","1,36,734","44,62,862","58.16"
"ICICIBANK","EQ","09-Oct-2025","1,370.30","1,369.80","1,378.70","1,365.10","1,374.00","1,376.20","1,374.50","79,09,575","10,87,16,77,779.10","1,75,558","40,32,443","50.98"
"ICICIBANK","EQ","08-Oct-2025","1,375.90","1,372.30","1,381.60","1,364.30","1,367.80","1,370.30","1,372.13","81,00,832","11,11,53,59,090.30","1,76,755","50,31,422","62.11"
"ICICIBANK","EQ","07-Oct-2025","1,363.40","1,363.60","1,383.10","1,363.60","1,375.00","1,375.90","1,377.91","1,61,26,464","22,22,08,30,751.10","2,17,688","1,06,40,042","65.98"
"ICICIBANK","EQ","06-Oct-2025","1,365.20","1,371.00","1,372.60","1,359.10","1,363.90","1,363.40","1,364.15","1,43,14,283","19,52,68,28,804.40","2,00,684","90,35,178","63.12"
"ICICIBANK","EQ","03-Oct-2025","1,372.00","1,371.90","1,371.90","1,361.30","1,365.00","1,365.20","1,366.86","1,21,63,695","16,62,61,22,666.10","1,92,526","78,43,803","64.49"
"ICICIBANK","EQ","01-Oct-2025","1,348.00","1,348.00","1,379.40","1,347.10","1,372.00","1,372.00","1,368.92","2,09,52,632","28,68,25,59,363.90","4,90,279","1,44,34,125","68.89"
"ICICIBANK","EQ","30-Sep-2025","1,348.10","1,353.70","1,356.60","1,342.60","1,348.90","1,348.00","1,349.21","2,01,66,871","27,20,93,26,360.40","2,14,277","1,14,28,934","56.67"
"ICICIBANK","EQ","29-Sep-2025","1,359.60","1,359.60","1,366.50","1,346.20","1,350.00","1,348.10","1,352.69","2,05,63,163","27,81,56,85,218.20","2,77,001","1,46,72,392","71.35"
"ICICIBANK","EQ","26-Sep-2025","1,375.80","1,368.00","1,372.70","1,357.00","1,362.50","1,359.60","1,363.33","1,83,42,280","25,00,66,44,406.50","1,83,369","1,36,53,656","74.44"
"ICICIBANK","EQ","25-Sep-2025","1,382.70","1,377.00","1,391.50","1,371.80","1,373.70","1,375.80","1,378.32","2,16,13,389","29,79,00,90,966.10","1,96,991","1,39,57,730","64.58"
"ICICIBANK","EQ","24-Sep-2025","1,394.30","1,386.40","1,390.90","1,376.50","1,383.00","1,382.70","1,382.20","97,35,678","13,45,66,84,266.10","2,10,851","63,68,751","65.42"
"ICICIBANK","EQ","23-Sep-2025","1,401.50","1,391.00","1,403.30","1,391.00","1,396.10","1,394.30","1,396.75","1,28,27,524","17,91,68,01,862.90","1,97,247","65,10,966","50.76"
"ICICIBANK","EQ","22-Sep-2025","1,402.20","1,403.90","1,409.90","1,397.20","1,402.20","1,401.50","1,403.29","88,47,948","12,41,62,09,740.20","1,13,260","55,27,113","62.47"
"ICICIBANK","EQ","19-Sep-2025","1,421.70","1,416.10","1,418.00","1,400.20","1,402.50","1,402.20","1,404.18","1,34,57,344","18,89,65,59,650.80","1,72,737","97,80,490","72.68"
"ICICIBANK","EQ","18-Sep-2025","1,419.20","1,431.10","1,432.80","1,415.30","1,423.00","1,421.70","1,422.48","81,30,537","11,56,55,63,636.60","1,65,955","37,94,140","46.67"
"ICICIBANK","EQ","17-Sep-2025","1,421.60","1,420.10","1,426.10","1,416.40","1,417.20","1,419.20","1,420.85","74,84,283","10,63,40,07,393.70","1,31,200","47,34,134","63.25"
"ICICIBANK","EQ","16-Sep-2025","1,419.40","1,414.00","1,424.90","1,413.70","1,422.40","1,421.60","1,420.63","82,13,151","11,66,78,59,743.80","1,39,536","47,47,325","57.80"
"ICICIBANK","EQ","15-Sep-2025","1,417.70","1,422.00","1,426.80","1,416.30","1,418.00","1,419.40","1,421.99","58,45,637","8,31,24,11,904.60","1,30,816","34,03,396","58.22"
"ICICIBANK","EQ","12-Sep-2025","1,401.60","1,405.10","1,419.70","1,400.10","1,417.50","1,417.70","1,412.86","77,70,038","10,97,79,91,343.80","1,65,154","57,30,841","73.76"
"ICICIBANK","EQ","11-Sep-2025","1,403.90","1,398.00","1,408.00","1,396.00","1,401.60","1,401.60","1,403.25","1,01,92,026","14,30,19,23,215.80","1,81,447","42,47,846","41.68"
"ICICIBANK","EQ","10-Sep-2025","1,403.70","1,410.00","1,413.70","1,402.10","1,403.30","1,403.90","1,407.17","74,52,347","10,48,67,22,637.70","2,16,180","51,46,529","69.06"
"ICICIBANK","EQ","09-Sep-2025","1,402.70","1,399.00","1,407.50","1,395.20","1,402.40","1,403.70","1,401.81","64,70,679","9,07,06,76,168.90","1,29,854","28,29,800","43.73"
"ICICIBANK","BL","09-Sep-2025","1,422.90","1,402.70","1,402.70","1,402.70","1,402.70","1,402.70","1,402.70","7,75,000","1,08,70,92,500.00","1","-","-"
"ICICIBANK","EQ","08-Sep-2025","1,402.80","1,402.20","1,410.60","1,397.60","1,403.00","1,402.70","1,404.56","58,80,943","8,26,01,53,082.30","1,33,142","36,52,150","62.10"
"ICICIBANK","EQ","05-Sep-2025","1,405.50","1,411.00","1,411.50","1,387.70","1,402.30","1,402.80","1,397.54","66,21,077","9,25,32,43,890.30","1,29,950","40,86,124","61.71"
"ICICIBANK","EQ","04-Sep-2025","1,397.00","1,409.90","1,415.10","1,401.90","1,408.00","1,405.50","1,408.38","1,05,64,859","14,87,93,68,496.70","1,78,722","44,39,781","42.02"
"ICICIBANK","EQ","03-Sep-2025","1,394.20","1,389.00","1,400.00","1,384.20","1,396.60","1,397.00","1,392.24","98,13,382","13,66,26,18,272.40","2,15,122","67,83,241","69.12"
"ICICIBANK","EQ","02-Sep-2025","1,411.00","1,413.90","1,413.90","1,390.00","1,391.00","1,394.20","1,401.96","71,63,073","10,04,23,41,320.30","2,07,579","33,76,919","47.14"
"ICICIBANK","EQ","01-Sep-2025","1,397.80","1,398.10","1,412.40","1,398.10","1,411.00","1,411.00","1,406.76","49,27,348","6,93,16,17,328.70","1,37,472","29,26,501","59.39"
"ICICIBANK","EQ","29-Aug-2025","1,399.10","1,392.10","1,405.00","1,392.10","1,396.20","1,397.80","1,399.82","85,19,507","11,92,57,41,661.00","1,83,125","63,09,784","74.06"
"ICICIBANK","EQ","28-Aug-2025","1,416.60","1,408.00","1,411.80","1,396.30","1,397.60","1,399.10","1,403.02","1,29,90,789","18,22,63,41,926.40","2,41,173","72,11,605","55.51"
"ICICIBANK","EQ","26-Aug-2025","1,433.20","1,427.90","1,427.90","1,413.10","1,415.00","1,416.60","1,417.47","87,20,155","12,36,05,95,794.00","2,01,100","50,82,079","58.28"
"ICICIBANK","EQ","25-Aug-2025","1,436.40","1,435.90","1,435.90","1,424.00","1,430.90","1,433.20","1,430.14","67,38,427","9,63,69,18,576.00","1,42,654","48,33,119","71.72"
"ICICIBANK","EQ","22-Aug-2025","1,446.00","1,444.30","1,446.00","1,429.40","1,435.90","1,436.40","1,436.69","66,57,207","9,56,43,47,160.10","1,61,483","47,61,843","71.53"
"ICICIBANK","EQ","21-Aug-2025","1,430.60","1,440.10","1,447.80","1,436.40","1,444.70","1,446.00","1,442.76","62,38,645","9,00,08,76,523.40","1,61,682","38,99,947","62.51"
"ICICIBANK","EQ","20-Aug-2025","1,436.30","1,432.60","1,435.90","1,423.00","1,430.00","1,430.60","1,429.90","58,17,858","8,31,89,55,912.50","1,53,109","40,29,390","69.26"
"ICICIBANK","EQ","19-Aug-2025","1,434.60","1,431.10","1,438.50","1,426.30","1,436.90","1,436.30","1,434.78","67,09,554","9,62,67,06,605.90","1,61,273","44,33,271","66.07"
"ICICIBANK","EQ","18-Aug-2025","1,427.30","1,450.00","1,452.40","1,431.00","1,436.30","1,434.60","1,440.60","69,08,844","9,95,28,55,665.50","1,50,892","38,20,563","55.30"
"ICICIBANK","EQ","14-Aug-2025","1,420.80","1,412.00","1,431.10","1,412.00","1,427.60","1,427.30","1,426.41","75,77,793","10,80,90,59,788.70","1,46,431","47,36,884","62.51"
"ICICIBANK","EQ","13-Aug-2025","1,422.00","1,424.60","1,427.70","1,415.20","1,421.80","1,420.80","1,421.23","90,09,465","12,80,45,39,647.10","1,58,523","66,50,525","73.82"
"ICICIBANK","EQ","12-Aug-2025","1,436.60","1,431.00","1,433.80","1,420.10","1,421.40","1,422.00","1,425.10","59,13,947","8,42,79,86,637.00","1,99,744","27,57,317","46.62"
"ICICIBANK","EQ","11-Aug-2025","1,435.90","1,427.90","1,438.40","1,420.40","1,437.30","1,436.60","1,428.92","84,92,484","12,13,50,55,891.30","1,82,653","58,21,304","68.55"
"ICICIBANK","EQ","08-Aug-2025","1,440.30","1,445.90","1,447.60","1,432.00","1,432.00","1,435.90","1,436.99","54,15,511","7,78,20,61,616.90","1,02,913","43,55,697","80.43"
"ICICIBANK","EQ","07-Aug-2025","1,443.60","1,441.10","1,447.90","1,429.10","1,441.00","1,440.30","1,435.71","74,32,535","10,67,09,30,441.90","1,51,043","52,20,885","70.24"
"ICICIBANK","EQ","06-Aug-2025","1,444.40","1,442.30","1,454.00","1,441.60","1,443.50","1,443.60","1,446.52","78,05,252","11,29,04,38,379.50","1,21,663","59,71,810","76.51"
"ICICIBANK","EQ","05-Aug-2025","1,463.20","1,453.00","1,461.50","1,441.00","1,445.00","1,444.40","1,445.77","1,47,99,343","21,39,63,97,537.40","1,56,234","1,16,97,809","79.04"
"ICICIBANK","EQ","04-Aug-2025","1,471.60","1,476.80","1,478.80","1,461.30","1,463.10","1,463.20","1,466.67","61,40,054","9,00,54,48,862.60","1,35,797","44,39,749","72.31"
"ICICIBANK","EQ","01-Aug-2025","1,481.40","1,480.40","1,485.10","1,469.80","1,470.10","1,471.60","1,474.75","44,16,771","6,51,36,45,513.80","1,42,277","25,67,168","58.12"
"ICICIBANK","EQ","31-Jul-2025","1,482.40","1,469.90","1,494.50","1,464.00","1,485.10","1,481.40","1,481.12","1,24,06,146","18,37,50,22,495.40","3,06,162","66,56,686","53.66"
"ICICIBANK","EQ","30-Jul-2025","1,486.20","1,487.70","1,488.50","1,477.30","1,480.10","1,482.40","1,483.40","72,38,625","10,73,77,74,608.00","1,76,359","48,92,549","67.59"
"ICICIBANK","EQ","29-Jul-2025","1,488.40","1,479.90","1,489.80","1,475.40","1,484.90","1,486.20","1,483.47","97,76,027","14,50,24,89,122.80","2,30,759","72,99,615","74.67"
"ICICIBANK","EQ","28-Jul-2025","1,477.10","1,477.10","1,493.80","1,477.10","1,488.00","1,488.40","1,487.05","75,07,479","11,16,40,17,329.70","1,99,416","58,25,229","77.59"
"ICICIBANK","EQ","25-Jul-2025","1,483.40","1,500.00","1,500.00","1,473.60","1,477.90","1,477.10","1,481.47","86,96,077","12,88,30,11,018.60","1,93,064","62,64,138","72.03"
"ICICIBANK","EQ","24-Jul-2025","1,488.60","1,487.70","1,488.70","1,478.10","1,480.90","1,483.40","1,484.44","67,00,578","9,94,66,14,738.30","1,37,503","50,77,005","75.77"
"ICICIBANK","EQ","23-Jul-2025","1,473.60","1,482.90","1,490.00","1,472.60","1,486.60","1,488.60","1,483.02","1,19,74,174","17,75,78,90,209.50","1,84,240","1,00,69,740","84.10"
"ICICIBANK","EQ","22-Jul-2025","1,465.80","1,474.10","1,482.00","1,469.70","1,471.60","1,473.60","1,474.90","89,30,165","13,17,10,93,377.90","2,33,507","62,49,670","69.98"
"ICICIBANK","EQ","21-Jul-2025","1,425.80","1,448.00","1,467.70","1,437.00","1,464.50","1,465.80","1,457.79","1,38,67,136","20,21,54,22,421.30","2,32,151","82,15,574","59.24"
"ICICIBANK","EQ","18-Jul-2025","1,418.70","1,415.80","1,429.00","1,408.50","1,426.70","1,425.80","1,418.92","1,12,97,246","16,02,98,82,215.20","2,05,005","85,49,688","75.68"
"ICICIBANK","EQ","17-Jul-2025","1,426.40","1,421.00","1,423.20","1,409.50","1,418.40","1,418.70","1,416.65","1,29,27,394","18,31,36,03,998.40","2,34,109","83,38,800","64.50"
"ICICIBANK","EQ","16-Jul-2025","1,430.80","1,426.00","1,429.20","1,419.10","1,425.90","1,426.40","1,425.18","56,49,093","8,05,09,95,851.40","1,21,488","41,49,153","73.45"
"ICICIBANK","EQ","15-Jul-2025","1,423.00","1,421.10","1,433.80","1,419.00","1,432.00","1,430.80","1,426.47","60,41,457","8,61,79,66,324.90","1,75,820","38,07,070","63.02"
"ICICIBANK","EQ","14-Jul-2025","1,421.90","1,424.90","1,424.90","1,416.10","1,421.90","1,423.00","1,421.21","58,46,154","8,30,85,87,601.30","1,13,668","45,83,607","78.40"
"ICICIBANK","EQ","11-Jul-2025","1,424.10","1,422.00","1,428.00","1,414.60","1,422.00","1,421.90","1,420.14","71,58,015","10,16,54,11,225.40","1,54,732","57,38,193","80.16"
"ICICIBANK","EQ","10-Jul-2025","1,431.90","1,436.80","1,439.00","1,422.10","1,424.00","1,424.10","1,426.47","77,95,964","11,12,07,35,791.10","1,58,233","47,17,314","60.51"
"ICICIBANK","EQ","09-Jul-2025","1,442.00","1,436.20","1,438.70","1,426.60","1,430.80","1,431.90","1,431.91","88,27,347","12,63,99,71,093.50","1,20,088","69,24,214","78.44"
"ICICIBANK","EQ","08-Jul-2025","1,435.70","1,432.00","1,445.00","1,430.00","1,443.00","1,442.00","1,440.56","53,15,847","7,65,77,90,478.10","1,23,124","33,68,849","63.37"
"ICICIBANK","EQ","07-Jul-2025","1,442.80","1,437.00","1,440.90","1,429.60","1,435.90","1,435.70","1,433.38","51,77,477","7,42,13,12,203.10","1,27,818","37,43,907","72.31"
"ICICIBANK","EQ","04-Jul-2025","1,425.90","1,427.00","1,444.40","1,421.10","1,443.00","1,442.80","1,433.52","50,66,503","7,26,29,13,585.50","1,27,265","36,20,455","71.46"
"ICICIBANK","EQ","03-Jul-2025","1,427.80","1,432.10","1,446.10","1,423.70","1,427.00","1,425.90","1,429.96","1,01,77,738","14,55,37,51,194.80","1,81,095","64,08,115","62.96"
"ICICIBANK","EQ","02-Jul-2025","1,432.00","1,432.20","1,451.00","1,422.60","1,427.80","1,427.80","1,430.58","1,33,72,280","19,13,01,57,807.70","2,13,176","1,05,79,732","79.12"
"ICICIBANK","EQ","01-Jul-2025","1,445.80","1,445.70","1,447.60","1,429.60","1,431.70","1,432.00","1,435.52","77,61,449","11,14,17,35,649.70","1,85,345","57,16,616","73.65"
"ICICIBANK","EQ","30-Jun-2025","1,462.20","1,461.80","1,461.90","1,442.30","1,449.00","1,445.80","1,449.97","63,25,073","9,17,11,82,603.20","1,87,773","48,06,135","75.99"
"ICICIBANK","EQ","27-Jun-2025","1,439.10","1,438.90","1,466.00","1,437.10","1,457.90","1,462.20","1,457.56","2,25,32,899","32,84,30,85,618.20","2,17,058","1,88,74,040","83.76"
"ICICIBANK","EQ","26-Jun-2025","1,425.80","1,424.80","1,447.50","1,421.70","1,440.00","1,439.10","1,436.85","1,36,17,435","19,56,62,10,028.90","2,20,490","78,93,044","57.96"
"ICICIBANK","EQ","25-Jun-2025","1,424.10","1,422.00","1,428.90","1,415.30","1,424.50","1,425.80","1,423.08","75,27,388","10,71,20,47,350.90","1,47,548","54,01,581","71.76"
"ICICIBANK","EQ","24-Jun-2025","1,420.10","1,427.70","1,435.90","1,416.50","1,424.00","1,424.10","1,425.61","1,11,88,438","15,95,03,52,718.80","1,88,014","64,01,057","57.21"
"ICICIBANK","EQ","23-Jun-2025","1,427.10","1,417.00","1,423.20","1,411.90","1,419.10","1,420.10","1,417.98","55,14,384","7,81,93,02,210.20","1,60,229","41,93,235","76.04"
"ICICIBANK","EQ","20-Jun-2025","1,411.30","1,411.30","1,433.30","1,410.20","1,426.40","1,427.10","1,426.55","1,24,08,178","17,70,08,87,653.80","1,60,865","99,69,784","80.35"
"ICICIBANK","EQ","19-Jun-2025","1,412.60","1,408.00","1,414.70","1,404.70","1,410.00","1,411.30","1,409.62","88,49,883","12,47,49,98,015.50","3,42,983","60,10,461","67.92"
"ICICIBANK","EQ","18-Jun-2025","1,423.20","1,417.00","1,432.00","1,410.20","1,413.00","1,412.60","1,415.55","67,51,745","9,55,74,44,212.10","1,62,388","49,30,918","73.03"
"ICICIBANK","EQ","17-Jun-2025","1,426.90","1,426.90","1,429.80","1,417.80","1,422.00","1,423.20","1,423.27","69,70,098","9,92,02,98,395.00","1,93,761","43,84,261","62.90"
"ICICIBANK","EQ","16-Jun-2025","1,416.10","1,416.60","1,429.00","1,414.20","1,427.90","1,426.90","1,423.44","54,51,137","7,75,93,40,748.40","89,237","43,10,245","79.07"
"ICICIBANK","EQ","13-Jun-2025","1,425.20","1,403.60","1,421.50","1,403.60","1,417.70","1,416.10","1,413.67","75,73,103","10,70,58,43,818.30","1,88,584","54,09,567","71.43"
"ICICIBANK","EQ","12-Jun-2025","1,431.00","1,430.50","1,436.50","1,420.00","1,424.50","1,425.20","1,425.62","79,53,247","11,33,82,80,353.60","1,84,161","44,07,166","55.41"
"ICICIBANK","EQ","11-Jun-2025","1,422.90","1,421.80","1,434.50","1,418.60","1,430.30","1,431.00","1,430.07","71,36,877","10,20,62,08,002.70","2,34,139","52,13,787","73.05"
"ICICIBANK","BL","11-Jun-2025","1,306.85","1,422.90","1,422.90","1,422.90","1,422.90","1,422.90","1,422.90","1,20,405","17,13,24,274.50","1","-","-"
"ICICIBANK","EQ","10-Jun-2025","1,434.80","1,439.00","1,441.70","1,416.50","1,421.80","1,422.90","1,422.89","1,29,05,272","18,36,28,44,057.10","3,76,346","92,33,091","71.55"
"ICICIBANK","EQ","09-Jun-2025","1,459.70","1,465.00","1,466.80","1,433.40","1,434.50","1,434.80","1,441.92","1,10,22,031","15,89,28,38,386.70","3,37,749","83,11,411","75.41"
"ICICIBANK","EQ","06-Jun-2025","1,454.80","1,448.60","1,461.40","1,442.10","1,460.00","1,459.70","1,455.63","1,15,80,994","16,85,76,21,605.20","2,15,279","75,27,051","64.99"
"ICICIBANK","EQ","05-Jun-2025","1,431.00","1,430.90","1,459.00","1,427.30","1,456.30","1,454.80","1,448.79","1,13,85,668","16,49,53,94,104.40","1,76,086","74,90,464","65.79"
"ICICIBANK","EQ","04-Jun-2025","1,437.90","1,437.40","1,440.10","1,426.40","1,431.10","1,431.00","1,430.63","80,25,388","11,48,13,43,481.90","1,47,312","63,99,272","79.74"
"ICICIBANK","EQ","03-Jun-2025","1,450.50","1,454.90","1,455.00","1,432.00","1,437.00","1,437.90","1,438.02","1,11,67,345","16,05,88,76,541.30","2,25,871","78,83,352","70.59"
"ICICIBANK","EQ","02-Jun-2025","1,445.80","1,442.00","1,460.00","1,432.80","1,447.70","1,450.50","1,442.40","94,58,990","13,64,36,23,560.30","1,78,241","71,85,061","75.96"
"ICICIBANK","EQ","30-May-2025","1,456.50","1,459.90","1,460.90","1,444.30","1,446.10","1,445.80","1,449.04","1,18,03,975","17,10,44,65,533.30","1,55,611","92,43,942","78.31"
"ICICIBANK","EQ","29-May-2025","1,453.80","1,456.60","1,462.90","1,445.00","1,461.00","1,456.50","1,452.26","1,55,45,514","22,57,61,88,990.20","2,10,205","91,68,097","58.98"
"ICICIBANK","EQ","28-May-2025","1,446.40","1,447.60","1,458.00","1,442.50","1,452.90","1,453.80","1,452.83","86,18,343","12,52,10,29,815.60","1,35,239","60,94,510","70.72"
"ICICIBANK","EQ","27-May-2025","1,460.60","1,452.50","1,463.00","1,435.70","1,445.30","1,446.40","1,445.59","1,48,42,959","21,45,68,11,800.60","2,21,484","90,79,508","61.17"
"ICICIBANK","EQ","26-May-2025","1,449.80","1,458.00","1,471.60","1,455.00","1,460.50","1,460.60","1,460.94","56,08,725","8,19,39,94,503.70","1,89,038","38,92,907","69.41"
"ICICIBANK","EQ","23-May-2025","1,442.10","1,442.20","1,451.80","1,434.40","1,450.50","1,449.80","1,446.83","52,03,706","7,52,88,52,323.30","1,13,699","36,06,983","69.32"
"ICICIBANK","EQ","22-May-2025","1,444.70","1,441.10","1,445.30","1,427.80","1,440.00","1,442.10","1,435.62","72,45,933","10,40,23,74,075.40","1,47,665","41,14,985","56.79"
"ICICIBANK","EQ","21-May-2025","1,438.20","1,442.90","1,451.30","1,438.50","1,445.40","1,444.70","1,445.11","55,10,460","7,96,32,42,254.50","1,06,396","32,93,659","59.77"
"ICICIBANK","EQ","20-May-2025","1,449.00","1,450.20","1,459.00","1,435.50","1,439.50","1,438.20","1,440.54","1,13,52,383","16,35,35,93,402.10","1,28,816","80,54,354","70.95"
"ICICIBANK","EQ","19-May-2025","1,454.00","1,446.50","1,459.70","1,443.80","1,447.00","1,449.00","1,451.29","60,05,334","8,71,55,02,198.10","1,39,810","39,54,297","65.85"
"ICICIBANK","EQ","16-May-2025","1,450.80","1,453.30","1,458.70","1,447.00","1,452.40","1,454.00","1,454.25","64,39,208","9,36,42,46,054.90","1,45,344","45,16,729","70.14"
"ICICIBANK","EQ","15-May-2025","1,426.20","1,425.90","1,456.50","1,415.50","1,451.00","1,450.80","1,438.96","1,82,09,264","26,20,23,83,268.60","2,11,899","1,02,02,410","56.03"
"ICICIBANK","EQ","14-May-2025","1,430.60","1,429.90","1,440.70","1,417.30","1,427.40","1,426.20","1,427.87","80,26,837","11,46,13,11,035.00","1,43,054","57,21,715","71.28"
"ICICIBANK","EQ","13-May-2025","1,448.50","1,440.10","1,447.90","1,427.40","1,430.80","1,430.60","1,432.31","1,24,75,424","17,86,86,17,217.50","2,09,013","76,83,857","61.59"
"ICICIBANK","EQ","12-May-2025","1,388.90","1,409.40","1,453.00","1,404.00","1,451.50","1,448.50","1,436.69","99,25,445","14,25,98,37,185.10","1,80,758","66,50,816","67.01"
"ICICIBANK","EQ","09-May-2025","1,435.50","1,415.20","1,419.90","1,387.00","1,389.00","1,388.90","1,394.54","1,34,91,197","18,81,40,33,148.00","2,48,736","98,14,195","72.75"
"ICICIBANK","EQ","08-May-2025","1,435.40","1,438.60","1,448.90","1,426.10","1,427.30","1,435.50","1,439.49","1,53,06,490","22,03,35,10,832.00","1,82,407","1,10,22,294","72.01"
"ICICIBANK","EQ","07-May-2025","1,431.60","1,425.00","1,442.00","1,421.00","1,437.10","1,435.40","1,431.25","1,04,80,453","15,00,01,67,610.70","1,66,481","76,71,334","73.20"
"ICICIBANK","EQ","06-May-2025","1,429.40","1,429.00","1,433.70","1,420.40","1,430.00","1,431.60","1,428.23","63,01,690","9,00,02,65,687.10","1,33,476","39,73,156","63.05"
"ICICIBANK","EQ","05-May-2025","1,432.40","1,440.00","1,446.80","1,426.00","1,427.40","1,429.40","1,432.29","45,65,705","6,53,93,97,953.40","1,15,354","29,52,560","64.67"
"ICICIBANK","EQ","02-May-2025","1,427.00","1,426.90","1,446.60","1,424.60","1,429.00","1,432.40","1,436.51","1,07,63,492","15,46,18,19,959.10","1,70,242","73,47,476","68.26"
"ICICIBANK","EQ","30-Apr-2025","1,429.80","1,433.00","1,433.70","1,400.00","1,424.30","1,427.00","1,427.91","1,41,92,027","20,26,49,76,307.30","2,38,248","1,06,00,497","74.69"
"ICICIBANK","EQ","29-Apr-2025","1,428.80","1,428.80","1,438.30","1,422.60","1,425.50","1,429.80","1,428.52","1,07,86,910","15,40,92,65,024.50","2,23,499","63,92,864","59.27"
"ICICIBANK","EQ","28-Apr-2025","1,404.80","1,405.60","1,435.00","1,403.80","1,428.00","1,428.80","1,427.33","1,09,48,561","15,62,71,94,700.70","1,92,819","74,94,044","68.45"
"ICICIBANK","EQ","25-Apr-2025","1,402.70","1,410.00","1,414.80","1,388.40","1,403.00","1,404.80","1,400.91","1,17,05,093","16,39,77,82,261.90","2,34,552","69,67,494","59.53"
"ICICIBANK","EQ","24-Apr-2025","1,424.40","1,416.30","1,421.20","1,398.80","1,401.00","1,402.70","1,407.84","1,56,78,099","22,07,22,10,947.60","2,10,098","98,75,876","62.99"
"ICICIBANK","EQ","23-Apr-2025","1,416.50","1,429.00","1,429.90","1,411.30","1,422.00","1,424.40","1,421.06","1,39,90,764","19,88,16,70,203.60","2,20,724","1,10,54,767","79.01"
"ICICIBANK","EQ","22-Apr-2025","1,409.80","1,412.80","1,418.80","1,398.90","1,414.00","1,416.50","1,410.65","1,61,35,274","22,76,11,77,353.90","2,75,616","1,03,89,426","64.39"
"ICICIBANK","EQ","21-Apr-2025","1,406.70","1,436.00","1,436.00","1,404.70","1,408.10","1,409.80","1,416.70","1,68,82,426","23,91,74,04,930.60","2,91,654","88,26,072","52.28"
"ICICIBANK","EQ","17-Apr-2025","1,356.40","1,362.00","1,408.90","1,360.10","1,407.00","1,406.70","1,391.92","1,74,90,424","24,34,51,98,635.10","2,94,006","1,02,91,194","58.84"
"ICICIBANK","EQ","16-Apr-2025","1,350.20","1,357.00","1,359.70","1,342.90","1,358.00","1,356.40","1,350.44","1,40,39,073","18,95,89,40,775.00","1,80,990","1,07,03,064","76.24"
"ICICIBANK","EQ","15-Apr-2025","1,311.65","1,351.00","1,354.30","1,336.20","1,350.40","1,350.20","1,347.70","1,52,02,603","20,48,85,28,370.70","2,22,333","1,05,76,959","69.57"
"ICICIBANK","EQ","11-Apr-2025","1,300.80","1,305.10","1,325.00","1,305.10","1,312.05","1,311.65","1,314.61","1,30,64,247","17,17,43,25,317.90","2,24,885","88,23,752","67.54"
"ICICIBANK","EQ","09-Apr-2025","1,299.90","1,304.95","1,305.10","1,284.50","1,304.00","1,300.80","1,296.12","1,30,05,622","16,85,69,03,289.70","2,37,174","87,58,800","67.35"
"ICICIBANK","EQ","08-Apr-2025","1,287.55","1,299.85","1,310.05","1,287.35","1,300.05","1,299.90","1,298.35","1,30,85,762","16,98,99,34,735.70","1,71,223","62,42,577","47.71"
"ICICIBANK","EQ","07-Apr-2025","1,335.30","1,295.25","1,325.00","1,265.00","1,294.10","1,287.55","1,290.47","1,91,85,012","24,75,76,11,797.90","5,15,573","1,20,55,212","62.84"
"ICICIBANK","EQ","04-Apr-2025","1,329.55","1,329.55","1,338.55","1,322.10","1,335.00","1,335.30","1,331.60","86,48,542","11,51,64,14,124.30","1,66,068","57,68,811","66.70"
"ICICIBANK","EQ","03-Apr-2025","1,331.25","1,321.95","1,333.00","1,321.25","1,328.95","1,329.55","1,328.60","45,91,008","6,09,96,29,464.80","1,27,085","29,00,720","63.18"
"ICICIBANK","EQ","02-Apr-2025","1,318.45","1,322.15","1,337.95","1,322.15","1,330.85","1,331.25","1,330.74","80,42,214","10,70,21,34,959.60","1,27,734","58,47,254","72.71"
"ICICIBANK","EQ","01-Apr-2025","1,348.35","1,340.00","1,352.35","1,315.40","1,318.15","1,318.45","1,326.83","1,42,88,024","18,95,77,34,985.95","2,06,118","97,51,637","68.25"
"ICICIBANK","EQ","28-Mar-2025","1,336.65","1,336.00","1,357.95","1,327.20","1,348.00","1,348.35","1,345.90","82,66,544","11,12,59,00,933.90","1,42,133","54,24,044","65.61"
"ICICIBANK","EQ","27-Mar-2025","1,335.90","1,333.15","1,351.50","1,333.15","1,339.00","1,336.65","1,340.70","1,51,09,614","20,25,74,03,852.90","1,87,305","97,79,521","64.72"
"ICICIBANK","EQ","26-Mar-2025","1,343.70","1,344.05","1,358.00","1,331.50","1,335.45","1,335.90","1,341.51","1,08,59,639","14,56,83,52,861.70","1,97,579","63,86,435","58.81"
"ICICIBANK","EQ","25-Mar-2025","1,358.15","1,359.00","1,363.80","1,330.05","1,341.95","1,343.70","1,345.81","1,64,19,207","22,09,70,82,282.10","3,26,362","96,62,194","58.85"
"ICICIBANK","EQ","24-Mar-2025","1,343.10","1,355.95","1,373.00","1,345.05","1,361.20","1,358.15","1,358.95","93,52,280","12,70,92,78,600.90","2,03,054","62,62,107","66.96"
"ICICIBANK","EQ","21-Mar-2025","1,321.70","1,316.00","1,349.00","1,311.60","1,337.95","1,343.10","1,341.59","6,04,94,318","81,15,85,65,386.50","3,44,744","4,91,06,116","81.17"
"ICICIBANK","EQ","20-Mar-2025","1,313.10","1,320.00","1,324.25","1,311.05","1,318.55","1,321.70","1,319.08","1,08,86,735","14,36,04,81,637.45","2,52,535","86,48,648","79.44"
"ICICIBANK","EQ","19-Mar-2025","1,309.85","1,305.60","1,318.30","1,302.15","1,316.00","1,313.10","1,311.61","1,12,78,014","14,79,23,32,058.70","2,44,205","81,48,226","72.25"
"ICICIBANK","EQ","18-Mar-2025","1,269.00","1,285.50","1,313.85","1,280.65","1,311.50","1,309.85","1,299.54","1,56,45,427","20,33,18,86,817.15","3,37,230","98,19,575","62.76"
"ICICIBANK","EQ","17-Mar-2025","1,250.05","1,257.05","1,273.95","1,254.75","1,268.65","1,269.00","1,267.47","1,11,64,882","14,15,11,49,490.55","2,26,414","76,29,505","68.33"
"ICICIBANK","EQ","13-Mar-2025","1,243.95","1,251.05","1,255.60","1,245.30","1,248.65","1,250.05","1,250.96","81,32,940","10,17,39,84,588.65","1,90,526","51,69,165","63.56"
"ICICIBANK","EQ","12-Mar-2025","1,245.40","1,246.95","1,251.95","1,235.30","1,244.45","1,243.95","1,243.37","1,15,48,372","14,35,88,54,881.85","1,97,340","87,66,966","75.92"
"ICICIBANK","EQ","11-Mar-2025","1,214.85","1,217.20","1,248.00","1,217.20","1,244.15","1,245.40","1,238.81","1,09,27,950","13,53,76,05,281.45","2,38,907","64,76,305","59.26"
"ICICIBANK","EQ","10-Mar-2025","1,214.55","1,208.00","1,225.80","1,208.00","1,212.90","1,214.85","1,218.50","73,63,437","8,97,23,40,771.15","1,52,261","49,88,564","67.75"
"ICICIBANK","EQ","07-Mar-2025","1,218.05","1,211.10","1,217.85","1,206.30","1,213.40","1,214.55","1,213.63","66,20,284","8,03,45,43,520.35","1,18,643","43,45,177","65.63"
"ICICIBANK","EQ","06-Mar-2025","1,215.70","1,227.95","1,227.95","1,209.00","1,219.80","1,218.05","1,217.04","1,19,49,475","14,54,30,33,343.20","2,50,155","76,20,093","63.77"
"ICICIBANK","EQ","05-Mar-2025","1,210.40","1,217.00","1,225.95","1,211.30","1,215.00","1,215.70","1,216.73","90,52,846","11,01,48,65,217.65","1,99,811","63,65,861","70.32"
"ICICIBANK","EQ","04-Mar-2025","1,206.20","1,207.15","1,216.65","1,206.25","1,212.80","1,210.40","1,210.78","95,74,490","11,59,26,01,922.90","1,69,550","64,12,051","66.97"
"ICICIBANK","EQ","03-Mar-2025","1,204.10","1,210.50","1,217.00","1,204.15","1,208.70","1,206.20","1,209.49","81,58,881","9,86,80,73,967.35","2,08,311","53,09,533","65.08"
"ICICIBANK","EQ","28-Feb-2025","1,222.45","1,216.00","1,225.00","1,200.10","1,201.10","1,204.10","1,208.91","2,02,15,075","24,43,82,00,772.65","2,68,866","1,45,61,465","72.03"
"ICICIBANK","EQ","27-Feb-2025","1,224.15","1,225.15","1,234.85","1,218.45","1,220.00","1,222.45","1,226.56","1,20,08,162","14,72,87,53,125.00","2,34,248","79,67,265","66.35"
"ICICIBANK","EQ","25-Feb-2025","1,218.35","1,226.60","1,231.65","1,221.00","1,225.80","1,224.15","1,225.00","1,10,59,417","13,54,77,35,420.80","1,99,168","65,66,578","59.38"
"ICICIBANK","EQ","24-Feb-2025","1,232.95","1,226.70","1,231.90","1,210.25","1,219.70","1,218.35","1,217.57","1,15,22,480","14,02,93,88,111.95","2,06,398","90,47,110","78.52"
"ICICIBANK","EQ","21-Feb-2025","1,249.95","1,241.10","1,244.70","1,224.55","1,232.00","1,232.95","1,233.19","77,86,428","9,60,21,12,287.65","1,78,759","54,72,721","70.29"
"ICICIBANK","EQ","20-Feb-2025","1,261.65","1,255.35","1,264.00","1,246.75","1,248.15","1,249.95","1,252.30","83,98,849","10,51,78,47,931.90","2,04,041","61,74,805","73.52"
"ICICIBANK","EQ","19-Feb-2025","1,243.05","1,234.85","1,264.45","1,230.25","1,261.50","1,261.65","1,253.91","1,06,83,412","13,39,60,72,372.50","1,64,771","74,77,934","70.00"
"ICICIBANK","EQ","18-Feb-2025","1,251.15","1,252.90","1,257.60","1,237.05","1,242.55","1,243.05","1,242.37","81,35,042","10,10,67,08,536.60","2,57,996","56,87,676","69.92"
"ICICIBANK","EQ","17-Feb-2025","1,260.10","1,251.15","1,258.15","1,233.25","1,251.65","1,251.15","1,244.89","83,86,151","10,43,98,44,806.35","2,94,062","53,24,814","63.50"
"ICICIBANK","EQ","14-Feb-2025","1,248.90","1,252.10","1,263.50","1,244.45","1,259.00","1,260.10","1,254.48","1,03,68,438","13,00,69,59,974.75","2,89,728","79,71,893","76.89"
"ICICIBANK","EQ","13-Feb-2025","1,251.80","1,252.55","1,266.00","1,245.90","1,248.50","1,248.90","1,254.61","72,63,785","9,11,32,47,793.40","2,61,567","47,45,078","65.33"
"ICICIBANK","EQ","12-Feb-2025","1,252.75","1,257.20","1,269.75","1,244.65","1,252.85","1,251.80","1,252.33","88,09,352","11,03,22,00,057.65","3,20,587","60,44,738","68.62"
"ICICIBANK","EQ","11-Feb-2025","1,262.60","1,255.85","1,261.85","1,248.40","1,248.55","1,252.75","1,254.67","65,86,627","8,26,40,43,638.70","1,74,408","36,48,485","55.39"
"ICICIBANK","EQ","10-Feb-2025","1,256.90","1,257.20","1,265.00","1,249.35","1,259.60","1,262.60","1,257.56","57,40,361","7,21,88,36,541.20","1,80,650","38,47,424","67.02"
"ICICIBANK","EQ","07-Feb-2025","1,272.40","1,272.00","1,275.00","1,249.55","1,257.00","1,256.90","1,258.99","73,82,039","9,29,38,77,445.05","1,91,355","46,63,416","63.17"
"ICICIBANK","EQ","06-Feb-2025","1,267.70","1,275.00","1,279.00","1,263.20","1,272.00","1,272.40","1,270.57","83,96,554","10,66,84,40,486.05","2,26,596","40,00,579","47.65"
"ICICIBANK","EQ","05-Feb-2025","1,268.20","1,270.20","1,277.75","1,265.15","1,268.20","1,267.70","1,270.65","68,40,709","8,69,21,68,613.10","1,83,398","48,79,392","71.33"
"ICICIBANK","EQ","04-Feb-2025","1,253.00","1,262.80","1,280.50","1,260.00","1,266.75","1,268.20","1,270.45","1,48,39,077","18,85,23,69,674.65","2,59,371","1,04,33,968","70.31"
"ICICIBANK","EQ","03-Feb-2025","1,255.55","1,246.85","1,260.00","1,237.80","1,252.95","1,253.00","1,250.06","61,76,831","7,72,14,38,599.85","1,65,087","37,59,034","60.86"
"ICICIBANK","EQ","01-Feb-2025","1,252.80","1,251.15","1,261.35","1,233.80","1,254.50","1,255.55","1,250.34","30,11,914","3,76,59,27,780.55","91,971","8,92,242","29.62"
"ICICIBANK","EQ","31-Jan-2025","1,255.60","1,254.50","1,256.00","1,239.10","1,252.95","1,252.80","1,247.43","1,01,95,417","12,71,80,79,791.90","2,09,906","71,97,902","70.60"
"ICICIBANK","EQ","30-Jan-2025","1,251.65","1,250.00","1,259.85","1,239.50","1,258.55","1,255.60","1,250.26","1,19,21,041","14,90,43,52,647.05","3,31,765","58,32,933","48.93"
"ICICIBANK","EQ","29-Jan-2025","1,246.90","1,252.00","1,255.80","1,243.05","1,251.40","1,251.65","1,249.62","76,66,777","9,58,05,25,136.65","2,19,085","48,09,292","62.73"
"ICICIBANK","EQ","28-Jan-2025","1,227.95","1,247.35","1,264.00","1,236.00","1,247.50","1,246.90","1,252.87","1,80,66,499","22,63,49,05,165.95","3,56,462","96,42,421","53.37"
"ICICIBANK","EQ","27-Jan-2025","1,209.20","1,195.00","1,234.65","1,193.10","1,225.25","1,227.95","1,224.23","1,61,64,687","19,78,93,27,544.65","3,24,795","86,28,844","53.38"
"ICICIBANK","EQ","24-Jan-2025","1,201.75","1,203.10","1,218.00","1,202.00","1,213.70","1,209.20","1,209.19","92,16,792","11,14,48,44,611.20","2,21,872","59,75,238","64.83"
"ICICIBANK","EQ","23-Jan-2025","1,200.45","1,197.25","1,207.90","1,186.00","1,202.40","1,201.75","1,201.27","87,70,650","10,53,58,75,098.80","2,11,991","49,99,956","57.01"
"ICICIBANK","EQ","22-Jan-2025","1,196.15","1,201.00","1,207.50","1,191.80","1,198.60","1,200.45","1,199.65","1,03,77,123","12,44,89,45,781.30","2,69,148","69,84,683","67.31"
"ICICIBANK","EQ","21-Jan-2025","1,232.95","1,236.95","1,238.95","1,192.70","1,197.95","1,196.15","1,207.07","2,05,20,898","24,77,02,61,514.45","2,97,691","1,25,18,909","61.01"
"ICICIBANK","EQ","20-Jan-2025","1,225.45","1,223.90","1,241.75","1,215.25","1,232.55","1,232.95","1,229.43","76,76,418","9,43,76,03,015.10","2,40,948","52,50,077","68.39"
"ICICIBANK","EQ","17-Jan-2025","1,249.10","1,243.35","1,249.00","1,218.00","1,225.15","1,225.45","1,226.59","97,90,533","12,00,89,37,114.35","1,57,327","65,22,583","66.62"
"ICICIBANK","EQ","16-Jan-2025","1,238.25","1,245.10","1,255.50","1,239.65","1,252.95","1,249.10","1,247.22","1,18,95,924","14,83,68,43,996.05","1,81,488","65,51,666","55.07"
"ICICIBANK","EQ","15-Jan-2025","1,240.30","1,234.00","1,244.40","1,230.00","1,238.90","1,238.25","1,237.19","53,55,382","6,62,56,07,806.60","1,33,555","31,58,847","58.98"
"ICICIBANK","EQ","14-Jan-2025","1,229.75","1,233.35","1,244.85","1,227.45","1,242.95","1,240.30","1,236.06","1,03,42,698","12,78,42,18,741.00","2,10,917","66,54,720","64.34"
"ICICIBANK","EQ","13-Jan-2025","1,249.85","1,234.90","1,243.95","1,224.90","1,230.90","1,229.75","1,232.97","96,69,336","11,92,20,19,625.60","2,04,083","70,95,479","73.38"
"ICICIBANK","EQ","10-Jan-2025","1,262.40","1,259.00","1,264.95","1,243.10","1,251.35","1,249.85","1,250.93","78,54,524","9,82,54,30,299.90","2,28,905","56,35,376","71.75"
"ICICIBANK","EQ","09-Jan-2025","1,263.75","1,258.00","1,264.75","1,248.10","1,263.50","1,262.40","1,257.24","86,84,920","10,91,90,31,736.80","1,61,005","53,42,972","61.52"
"ICICIBANK","EQ","08-Jan-2025","1,279.25","1,280.55","1,285.00","1,252.35","1,265.00","1,263.75","1,264.70","75,66,309","9,56,91,13,937.25","1,86,833","47,48,418","62.76"
"ICICIBANK","EQ","07-Jan-2025","1,264.10","1,266.50","1,288.95","1,266.50","1,280.60","1,279.25","1,280.35","75,39,758","9,65,35,65,084.15","1,53,173","41,47,624","55.01"
"ICICIBANK","EQ","06-Jan-2025","1,265.05","1,268.05","1,277.75","1,257.00","1,266.00","1,264.10","1,265.34","75,04,047","9,49,51,49,142.20","2,36,168","44,80,448","59.71"
"ICICIBANK","EQ","03-Jan-2025","1,290.60","1,286.20","1,288.00","1,262.25","1,265.60","1,265.05","1,269.40","1,11,94,997","14,21,09,18,649.70","2,19,218","73,16,000","65.35"
"ICICIBANK","EQ","02-Jan-2025","1,283.65","1,285.10","1,293.40","1,278.40","1,291.00","1,290.60","1,288.34","74,33,222","9,57,65,23,020.85","2,89,378","46,05,861","61.96"
"ICICIBANK","EQ","01-Jan-2025","1,281.65","1,281.65","1,293.00","1,267.10","1,283.85","1,283.65","1,283.92","47,05,399","6,04,13,47,562.15","1,52,286","25,65,278","54.52"
"ICICIBANK","EQ","31-Dec-2024","1,294.65","1,286.90","1,289.95","1,280.10","1,283.50","1,281.65","1,282.67","84,49,607","10,83,80,26,946.50","1,47,036","56,20,362","66.52"
"ICICIBANK","EQ","30-Dec-2024","1,307.55","1,304.95","1,326.50","1,289.45","1,293.45","1,294.65","1,303.69","1,42,07,425","18,52,20,89,560.05","2,58,242","79,53,292","55.98"
"ICICIBANK","EQ","27-Dec-2024","1,297.35","1,298.55","1,315.95","1,298.55","1,307.55","1,307.55","1,306.98","47,56,066","6,21,60,64,274.20","1,09,355","26,08,276","54.84"
"ICICIBANK","EQ","26-Dec-2024","1,297.25","1,307.00","1,312.75","1,289.20","1,297.00","1,297.35","1,296.86","73,38,444","9,51,69,53,866.75","1,91,694","45,19,925","61.59"
"ICICIBANK","EQ","24-Dec-2024","1,296.80","1,296.80","1,304.50","1,290.25","1,298.95","1,297.25","1,295.88","71,38,516","9,25,06,48,957.45","1,25,187","29,37,569","41.15"
"ICICIBANK","EQ","23-Dec-2024","1,288.40","1,294.65","1,307.00","1,287.05","1,297.35","1,296.80","1,295.12","68,27,512","8,84,24,49,619.05","2,08,282","40,51,955","59.35"
"ICICIBANK","EQ","20-Dec-2024","1,286.90","1,283.95","1,297.75","1,272.40","1,292.00","1,288.40","1,287.83","5,84,91,181","75,32,67,11,266.25","2,87,315","4,09,10,784","69.94"
"ICICIBANK","EQ","19-Dec-2024","1,314.15","1,286.00","1,303.00","1,284.45","1,289.50","1,286.90","1,290.73","1,15,17,304","14,86,57,36,643.05","2,41,978","72,57,591","63.01"
"ICICIBANK","EQ","18-Dec-2024","1,333.75","1,325.25","1,334.95","1,307.45","1,316.90","1,314.15","1,316.49","85,10,595","11,20,40,88,446.20","1,97,721","51,90,721","60.99"
"ICICIBANK","EQ","17-Dec-2024","1,346.10","1,342.00","1,348.10","1,326.05","1,334.00","1,333.75","1,333.43","98,79,257","13,17,33,06,009.95","2,08,644","59,38,122","60.11"
"ICICIBANK","EQ","16-Dec-2024","1,344.90","1,344.90","1,350.45","1,340.05","1,343.60","1,346.10","1,345.53","90,71,006","12,20,52,96,470.75","2,37,730","60,71,850","66.94"
"ICICIBANK","EQ","13-Dec-2024","1,329.25","1,325.35","1,347.15","1,313.50","1,345.45","1,344.90","1,334.68","1,35,36,684","18,06,71,55,840.10","2,26,965","88,05,261","65.05"
"ICICIBANK","EQ","12-Dec-2024","1,327.50","1,321.55","1,338.75","1,321.55","1,330.60","1,329.25","1,330.74","90,76,896","12,07,90,25,779.50","1,89,489","46,08,892","50.78"
"ICICIBANK","EQ","11-Dec-2024","1,330.45","1,324.70","1,331.25","1,316.00","1,328.00","1,327.50","1,325.69","81,38,066","10,78,85,13,650.25","1,77,570","44,05,607","54.14"
"ICICIBANK","EQ","10-Dec-2024","1,322.30","1,319.00","1,332.00","1,315.25","1,331.35","1,330.45","1,327.71","82,18,214","10,91,13,93,630.45","1,57,320","57,74,561","70.27"
"ICICIBANK","EQ","09-Dec-2024","1,328.75","1,322.10","1,329.05","1,320.25","1,323.50","1,322.30","1,323.57","80,00,764","10,58,95,99,383.15","1,48,025","56,50,135","70.62"
"ICICIBANK","EQ","06-Dec-2024","1,336.50","1,342.50","1,347.10","1,326.70","1,329.00","1,328.75","1,334.62","89,42,672","11,93,50,98,947.85","2,08,546","56,23,078","62.88"
"ICICIBANK","EQ","05-Dec-2024","1,316.05","1,316.25","1,342.90","1,308.60","1,336.55","1,336.50","1,329.38","1,92,10,697","25,53,82,93,421.05","2,81,891","1,21,63,323","63.32"
"ICICIBANK","EQ","04-Dec-2024","1,308.40","1,302.60","1,320.00","1,301.70","1,315.60","1,316.05","1,313.28","1,15,70,281","15,19,50,02,837.45","2,47,575","75,17,045","64.97"
"ICICIBANK","EQ","03-Dec-2024","1,304.65","1,303.95","1,312.80","1,296.10","1,306.75","1,308.40","1,306.89","1,15,09,276","15,04,13,01,418.20","2,35,915","86,93,306","75.53"
"ICICIBANK","EQ","02-Dec-2024","1,300.10","1,299.90","1,310.55","1,289.15","1,303.45","1,304.65","1,303.46","96,26,400","12,54,75,91,627.65","2,25,242","72,81,438","75.64"
"ICICIBANK","EQ","29-Nov-2024","1,286.35","1,283.10","1,303.25","1,283.10","1,298.70","1,300.10","1,296.93","1,13,97,228","14,78,14,29,160.60","2,42,391","78,15,536","68.57"
"ICICIBANK","EQ","28-Nov-2024","1,300.70","1,301.05","1,310.50","1,282.30","1,287.50","1,286.35","1,292.68","2,28,03,745","29,47,79,62,300.30","2,75,436","1,76,93,973","77.59"
"ICICIBANK","EQ","27-Nov-2024","1,304.95","1,298.50","1,310.85","1,297.85","1,301.25","1,300.70","1,302.15","2,19,38,082","28,56,66,03,156.60","2,22,370","1,67,17,483","76.20"
"ICICIBANK","EQ","26-Nov-2024","1,300.95","1,310.60","1,314.25","1,302.45","1,304.80","1,304.95","1,306.10","76,46,955","9,98,76,88,168.25","1,64,865","43,96,342","57.49"
"ICICIBANK","EQ","25-Nov-2024","1,278.05","1,296.00","1,311.20","1,290.00","1,303.00","1,300.95","1,302.41","2,27,17,581","29,58,75,14,842.45","2,05,883","1,65,20,496","72.72"
"ICICIBANK","EQ","22-Nov-2024","1,250.55","1,258.00","1,281.40","1,256.00","1,278.00","1,278.05","1,275.03","1,16,04,338","14,79,58,57,555.95","2,14,688","68,44,834","58.99"
"ICICIBANK","EQ","21-Nov-2024","1,249.10","1,248.55","1,256.90","1,232.55","1,255.85","1,250.55","1,247.38","95,93,870","11,96,71,89,179.00","2,09,109","48,62,632","50.68"
"ICICIBANK","EQ","19-Nov-2024","1,253.45","1,257.05","1,261.00","1,240.85","1,244.00","1,249.10","1,251.54","1,15,37,317","14,43,94,01,407.20","2,33,269","70,49,513","61.10"
"ICICIBANK","EQ","18-Nov-2024","1,256.95","1,260.00","1,262.60","1,249.40","1,252.25","1,253.45","1,254.62","61,95,554","7,77,30,53,428.25","2,04,301","37,75,521","60.94"
"ICICIBANK","EQ","14-Nov-2024","1,253.70","1,253.75","1,267.70","1,243.05","1,258.95","1,256.95","1,255.26","95,06,892","11,93,35,98,279.70","2,24,597","53,10,528","55.86"
"ICICIBANK","EQ","13-Nov-2024","1,270.60","1,270.60","1,276.25","1,250.00","1,258.00","1,253.70","1,261.05","1,22,60,404","15,46,09,65,858.00","2,58,070","55,57,092","45.33"
"ICICIBANK","EQ","12-Nov-2024","1,269.30","1,276.15","1,295.00","1,264.50","1,269.00","1,270.60","1,276.01","1,34,86,168","17,20,84,86,809.70","2,51,685","58,42,950","43.33"
"ICICIBANK","EQ","11-Nov-2024","1,258.85","1,262.00","1,275.90","1,246.65","1,268.65","1,269.30","1,266.04","83,87,780","10,61,92,76,125.00","1,93,310","44,38,244","52.91"
"ICICIBANK","EQ","08-Nov-2024","1,278.70","1,270.00","1,275.00","1,252.70","1,259.00","1,258.85","1,260.33","1,11,95,808","14,11,04,19,237.85","2,33,807","78,81,177","70.39"
"ICICIBANK","EQ","07-Nov-2024","1,302.35","1,297.15","1,302.80","1,275.25","1,279.75","1,278.70","1,282.48","99,09,035","12,70,81,18,911.40","1,85,720","70,49,271","71.14"
"ICICIBANK","EQ","06-Nov-2024","1,296.70","1,300.25","1,315.00","1,292.70","1,305.00","1,302.35","1,306.97","1,20,37,405","15,73,25,82,044.35","2,01,411","73,56,098","61.11"
"ICICIBANK","BL","06-Nov-2024","929.40","1,306.85","1,306.85","1,306.85","1,306.85","1,306.85","1,306.85","55,88,695","7,30,35,86,060.75","2","-","-"
"ICICIBANK","EQ","05-Nov-2024","1,277.20","1,273.00","1,301.30","1,263.10","1,291.60","1,296.70","1,284.33","1,64,31,920","21,10,40,80,468.90","2,62,702","83,53,299","50.84"
"ICICIBANK","EQ","04-Nov-2024","1,291.80","1,290.10","1,291.80","1,270.05","1,275.40","1,277.20","1,276.50","1,43,09,121","18,26,56,49,923.80","2,68,956","92,68,857","64.78"
"ICICIBANK","EQ","01-Nov-2024","1,292.25","1,289.95","1,296.20","1,286.25","1,291.90","1,291.80","1,292.11","10,07,022","1,30,11,80,367.65","40,161","3,40,097","33.77"
"ICICIBANK","EQ","31-Oct-2024","1,312.15","1,307.25","1,318.95","1,288.55","1,294.80","1,292.25","1,296.28","2,34,97,314","30,45,90,66,088.40","2,50,950","1,79,37,069","76.34"
"ICICIBANK","EQ","30-Oct-2024","1,331.85","1,324.00","1,330.90","1,305.60","1,313.00","1,312.15","1,312.80","1,50,55,031","19,76,42,32,516.20","2,85,240","81,89,838","54.40"
"ICICIBANK","EQ","29-Oct-2024","1,292.85","1,301.35","1,335.35","1,299.25","1,331.65","1,331.85","1,321.25","2,06,56,117","27,29,19,48,603.05","4,36,897","1,19,09,218","57.65"
"ICICIBANK","EQ","28-Oct-2024","1,255.45","1,285.50","1,307.80","1,280.60","1,294.40","1,292.85","1,296.93","2,40,96,412","31,25,13,79,929.30","6,19,071","1,40,32,225","58.23"
"ICICIBANK","EQ","25-Oct-2024","1,252.75","1,247.25","1,268.90","1,234.20","1,259.60","1,255.45","1,250.04","1,35,46,055","16,93,31,02,486.65","3,70,555","75,06,753","55.42"
"ICICIBANK","EQ","24-Oct-2024","1,251.60","1,250.25","1,260.45","1,241.05","1,254.70","1,252.75","1,252.73","1,22,23,031","15,31,21,32,847.55","3,13,840","89,17,637","72.96"
"ICICIBANK","EQ","23-Oct-2024","1,267.50","1,261.00","1,267.95","1,243.05","1,253.50","1,251.60","1,251.59","1,40,55,447","17,59,16,29,567.80","3,19,605","82,71,068","58.85"
"ICICIBANK","EQ","22-Oct-2024","1,259.05","1,266.60","1,284.90","1,259.75","1,268.35","1,267.50","1,273.05","2,00,90,801","25,57,65,70,325.35","4,08,613","97,03,216","48.30"
"ICICIBANK","EQ","21-Oct-2024","1,264.50","1,264.50","1,272.35","1,250.55","1,257.55","1,259.05","1,260.14","77,42,775","9,75,69,42,032.15","1,55,332","45,67,006","58.98"
"ICICIBANK","EQ","18-Oct-2024","1,231.25","1,227.95","1,268.90","1,225.25","1,267.00","1,264.50","1,256.38","1,10,18,126","13,84,29,29,408.20","2,29,878","69,02,716","62.65"
"ICICIBANK","EQ","17-Oct-2024","1,243.15","1,249.45","1,256.95","1,224.40","1,232.00","1,231.25","1,235.01","84,59,497","10,44,75,82,321.90","1,60,363","55,49,943","65.61"
"ICICIBANK","EQ","16-Oct-2024","1,255.50","1,248.50","1,254.95","1,241.60","1,245.00","1,243.15","1,247.54","78,69,727","9,81,78,09,931.20","2,07,420","49,23,400","62.56"
"ICICIBANK","EQ","15-Oct-2024","1,231.75","1,238.95","1,258.30","1,235.40","1,256.00","1,255.50","1,251.17","1,16,57,338","14,58,53,23,470.45","2,16,309","77,61,367","66.58"
"ICICIBANK","EQ","14-Oct-2024","1,223.00","1,221.00","1,237.90","1,217.40","1,234.20","1,231.75","1,232.07","1,18,33,929","14,58,02,70,211.55","2,30,853","88,12,918","74.47"
"ICICIBANK","EQ","11-Oct-2024","1,243.50","1,237.00","1,240.80","1,222.00","1,223.30","1,223.00","1,228.10","84,72,512","10,40,50,84,855.95","2,84,576","51,41,282","60.68"
"ICICIBANK","EQ","10-Oct-2024","1,244.15","1,246.75","1,254.70","1,238.00","1,244.00","1,243.50","1,244.67","91,18,195","11,34,91,42,276.10","2,65,371","43,26,130","47.45"
"ICICIBANK","EQ","09-Oct-2024","1,236.60","1,243.05","1,265.10","1,232.65","1,247.20","1,244.15","1,246.69","1,47,65,997","18,40,86,62,575.60","2,60,234","50,44,864","34.17"
"ICICIBANK","EQ","08-Oct-2024","1,233.90","1,241.00","1,247.80","1,229.75","1,236.70","1,236.60","1,238.70","1,22,19,259","15,13,59,72,486.95","2,57,858","80,00,568","65.48"
"ICICIBANK","EQ","07-Oct-2024","1,239.75","1,241.55","1,262.95","1,225.00","1,236.00","1,233.90","1,242.75","2,06,67,247","25,68,42,16,795.90","4,39,173","87,01,660","42.10"
"ICICIBANK","EQ","04-Oct-2024","1,256.35","1,247.10","1,264.40","1,236.20","1,240.95","1,239.75","1,248.43","1,34,88,887","16,83,98,82,681.70","3,26,830","63,70,212","47.23"
"ICICIBANK","EQ","03-Oct-2024","1,274.40","1,253.60","1,265.75","1,248.15","1,257.85","1,256.35","1,253.97","1,76,48,551","22,13,07,53,423.90","3,37,808","1,38,13,366","78.27"
"ICICIBANK","EQ","01-Oct-2024","1,273.00","1,269.80","1,280.25","1,267.60","1,277.00","1,274.40","1,274.08","1,09,72,413","13,97,97,58,159.00","1,91,587","67,91,453","61.90"
"ICICIBANK","EQ","30-Sep-2024","1,306.60","1,292.10","1,296.80","1,270.90","1,273.95","1,273.00","1,278.52","1,26,22,212","16,13,77,80,831.80","2,40,013","85,13,213","67.45"
"ICICIBANK","EQ","27-Sep-2024","1,329.05","1,333.00","1,333.00","1,303.85","1,306.50","1,306.60","1,312.54","1,71,17,379","22,46,71,83,500.85","2,89,431","1,25,10,425","73.09"
"ICICIBANK","EQ","26-Sep-2024","1,323.85","1,320.00","1,333.35","1,316.90","1,325.45","1,329.05","1,326.63","1,11,00,869","14,72,66,92,627.25","2,78,312","66,23,851","59.67"
"ICICIBANK","EQ","25-Sep-2024","1,318.60","1,310.75","1,327.75","1,310.10","1,326.00","1,323.85","1,322.81","87,28,019","11,54,55,32,561.70","1,74,582","42,83,291","49.08"
"ICICIBANK","EQ","24-Sep-2024","1,321.90","1,321.00","1,331.40","1,315.45","1,320.00","1,318.60","1,320.74","1,38,86,037","18,33,98,47,790.40","2,50,464","86,91,426","62.59"
"ICICIBANK","EQ","23-Sep-2024","1,338.45","1,331.00","1,331.80","1,308.50","1,322.00","1,321.90","1,320.13","1,13,80,409","15,02,36,16,031.40","3,09,380","59,27,910","52.09"
"ICICIBANK","EQ","20-Sep-2024","1,292.00","1,295.00","1,362.35","1,291.55","1,349.80","1,338.45","1,331.38","7,32,57,767","97,53,37,34,303.10","5,44,641","4,42,37,266","60.39"
"ICICIBANK","EQ","19-Sep-2024","1,288.35","1,288.35","1,300.00","1,285.35","1,292.60","1,292.00","1,293.40","1,31,72,268","17,03,69,55,554.90","2,10,277","83,51,796","63.40"
"ICICIBANK","EQ","18-Sep-2024","1,268.10","1,262.00","1,295.35","1,262.00","1,285.60","1,288.35","1,286.46","1,24,66,597","16,03,77,67,362.20","2,40,630","61,57,977","49.40"
"ICICIBANK","EQ","17-Sep-2024","1,262.85","1,259.95","1,272.25","1,258.40","1,266.20","1,268.10","1,267.18","1,15,13,121","14,58,91,89,437.25","2,04,010","65,96,446","57.30"
"ICICIBANK","EQ","16-Sep-2024","1,250.35","1,251.00","1,265.60","1,244.70","1,263.90","1,262.85","1,257.50","89,73,335","11,28,40,07,408.70","1,65,577","64,15,744","71.50"
"ICICIBANK","EQ","13-Sep-2024","1,252.15","1,252.00","1,255.95","1,242.05","1,248.50","1,250.35","1,249.50","98,77,288","12,34,16,63,943.30","2,68,203","67,46,373","68.30"
"ICICIBANK","EQ","12-Sep-2024","1,236.35","1,238.00","1,257.00","1,226.35","1,246.00","1,252.15","1,243.23","1,53,76,442","19,11,64,92,463.75","2,11,567","89,28,331","58.06"
"ICICIBANK","EQ","11-Sep-2024","1,237.30","1,231.50","1,239.30","1,226.40","1,238.00","1,236.35","1,234.69","1,19,93,242","14,80,79,86,266.10","1,83,989","52,49,210","43.77"
"ICICIBANK","EQ","10-Sep-2024","1,235.00","1,236.95","1,241.35","1,227.00","1,237.70","1,237.30","1,235.85","1,55,45,130","19,21,14,36,678.40","3,23,300","94,22,327","60.61"
"ICICIBANK","EQ","09-Sep-2024","1,208.15","1,202.90","1,238.30","1,200.45","1,233.45","1,235.00","1,225.45","1,38,63,250","16,98,86,66,399.95","2,41,629","90,68,199","65.41"
"ICICIBANK","EQ","06-Sep-2024","1,235.95","1,225.95","1,233.90","1,205.00","1,209.45","1,208.15","1,217.46","1,01,70,479","12,38,21,67,972.95","3,47,361","53,77,433","52.87"
"ICICIBANK","EQ","05-Sep-2024","1,236.35","1,238.00","1,244.85","1,231.30","1,235.35","1,235.95","1,235.75","91,42,811","11,29,82,02,305.60","1,60,981","60,36,567","66.03"
"ICICIBANK","EQ","04-Sep-2024","1,247.70","1,239.85","1,243.70","1,232.80","1,234.80","1,236.35","1,237.93","1,35,05,843","16,71,92,75,265.80","2,39,189","81,81,463","60.58"
"ICICIBANK","EQ","03-Sep-2024","1,229.95","1,227.20","1,250.95","1,220.40","1,247.00","1,247.70","1,236.45","1,91,14,907","23,63,47,02,771.55","2,41,160","1,13,69,194","59.48"
"ICICIBANK","EQ","02-Sep-2024","1,229.20","1,239.00","1,239.20","1,222.50","1,229.05","1,229.95","1,229.70","1,25,16,759","15,39,18,98,359.80","3,03,615","81,25,381","64.92"
"ICICIBANK","EQ","30-Aug-2024","1,221.90","1,230.00","1,235.55","1,218.90","1,232.00","1,229.20","1,228.19","2,12,11,148","26,05,13,02,724.15","2,80,420","1,30,86,144","61.69"
"ICICIBANK","EQ","29-Aug-2024","1,223.85","1,218.95","1,235.00","1,217.00","1,222.75","1,221.90","1,225.43","1,08,06,748","13,24,28,85,244.55","2,34,393","59,98,619","55.51"
"ICICIBANK","EQ","28-Aug-2024","1,226.35","1,222.65","1,226.40","1,217.30","1,221.00","1,223.85","1,223.20","1,22,91,305","15,03,47,80,643.15","1,89,822","60,70,412","49.39"
"ICICIBANK","EQ","27-Aug-2024","1,213.30","1,213.30","1,232.50","1,208.90","1,221.40","1,226.35","1,222.91","1,62,95,325","19,92,77,90,422.65","1,96,362","91,62,721","56.23"
"ICICIBANK","EQ","26-Aug-2024","1,203.50","1,205.55","1,214.95","1,201.05","1,213.80","1,213.30","1,211.00","1,09,20,226","13,22,44,00,323.25","1,49,344","77,50,510","70.97"
"ICICIBANK","EQ","23-Aug-2024","1,191.10","1,193.00","1,205.00","1,188.55","1,204.60","1,203.50","1,199.93","75,18,309","9,02,14,22,625.60","1,73,481","47,57,508","63.28"
"ICICIBANK","EQ","22-Aug-2024","1,174.85","1,182.00","1,192.60","1,176.60","1,190.85","1,191.10","1,187.45","85,64,142","10,16,94,62,494.05","2,48,029","54,12,334","63.20"
"ICICIBANK","EQ","21-Aug-2024","1,179.45","1,177.00","1,178.65","1,165.10","1,175.65","1,174.85","1,172.27","1,72,34,142","20,20,31,11,541.65","2,32,318","82,63,320","47.95"
"ICICIBANK","EQ","20-Aug-2024","1,175.90","1,174.20","1,189.80","1,170.00","1,177.30","1,179.45","1,181.26","1,04,27,061","12,31,71,05,974.95","1,79,266","49,19,341","47.18"
"ICICIBANK","EQ","19-Aug-2024","1,187.25","1,191.00","1,195.75","1,173.30","1,177.70","1,175.90","1,181.33","66,86,394","7,89,88,45,446.25","1,23,110","30,30,789","45.33"
"ICICIBANK","EQ","16-Aug-2024","1,161.65","1,170.00","1,193.00","1,165.65","1,188.50","1,187.25","1,181.45","1,09,61,370","12,95,03,02,290.60","2,33,289","54,54,731","49.76"
"ICICIBANK","EQ","14-Aug-2024","1,168.35","1,167.00","1,170.05","1,153.00","1,161.20","1,161.65","1,159.56","1,34,31,801","15,57,50,00,780.50","2,32,399","71,07,910","52.92"
"ICICIBANK","EQ","13-Aug-2024","1,172.80","1,183.20","1,189.25","1,163.60","1,170.45","1,168.35","1,172.48","1,31,17,927","15,38,04,95,808.30","2,60,022","60,08,482","45.80"
"ICICIBANK","EQ","12-Aug-2024","1,171.60","1,171.00","1,178.25","1,156.00","1,172.50","1,172.80","1,170.54","1,08,60,455","12,71,26,20,911.40","2,06,013","56,48,835","52.01"
"ICICIBANK","EQ","09-Aug-2024","1,164.60","1,176.55","1,180.95","1,169.00","1,170.95","1,171.60","1,173.65","86,87,307","10,19,58,33,284.65","1,61,291","60,55,216","69.70"
"ICICIBANK","EQ","08-Aug-2024","1,172.45","1,166.95","1,174.40","1,158.90","1,164.70","1,164.60","1,166.37","1,08,06,438","12,60,42,62,739.90","2,40,108","57,92,396","53.60"
"ICICIBANK","EQ","07-Aug-2024","1,166.85","1,178.95","1,179.80","1,161.60","1,173.50","1,172.45","1,170.37","1,57,53,644","18,43,75,24,153.20","2,68,848","64,49,023","40.94"
"ICICIBANK","EQ","06-Aug-2024","1,172.60","1,175.00","1,187.70","1,161.50","1,167.70","1,166.85","1,169.06","1,35,75,619","15,87,07,78,423.20","2,69,178","61,42,127","45.24"
"ICICIBANK","EQ","05-Aug-2024","1,196.55","1,182.00","1,188.90","1,167.00","1,171.85","1,172.60","1,173.69","1,43,06,771","16,79,16,69,195.40","3,03,083","89,28,367","62.41"
"ICICIBANK","EQ","02-Aug-2024","1,210.10","1,197.00","1,201.65","1,190.10","1,197.30","1,196.55","1,196.16","1,07,35,395","12,84,12,71,847.10","2,67,701","66,15,453","61.62"
"ICICIBANK","EQ","01-Aug-2024","1,214.90","1,212.50","1,222.65","1,206.90","1,208.45","1,210.10","1,213.22","87,25,046","10,58,53,69,513.15","1,66,589","51,62,505","59.17"
"ICICIBANK","EQ","31-Jul-2024","1,209.45","1,219.00","1,224.65","1,211.00","1,216.10","1,214.90","1,216.75","2,22,97,629","27,13,06,02,886.60","2,78,794","1,18,48,714","53.14"
"ICICIBANK","EQ","30-Jul-2024","1,212.70","1,213.00","1,230.85","1,204.40","1,206.75","1,209.45","1,216.09","2,39,72,277","29,15,23,65,084.55","3,26,807","93,97,526","39.20"
"ICICIBANK","EQ","29-Jul-2024","1,207.20","1,215.15","1,242.75","1,204.15","1,210.55","1,212.70","1,223.16","2,84,58,261","34,80,91,14,390.95","4,65,385","88,96,090","31.26"
"ICICIBANK","EQ","26-Jul-2024","1,197.90","1,190.00","1,220.00","1,185.95","1,217.00","1,207.20","1,201.61","1,93,09,265","23,20,22,84,062.95","2,57,813","1,23,40,898","63.91"
"ICICIBANK","EQ","25-Jul-2024","1,223.00","1,205.50","1,218.25","1,190.60","1,196.80","1,197.90","1,199.56","1,41,54,461","16,97,91,48,793.50","2,88,588","78,79,760","55.67"
"ICICIBANK","EQ","24-Jul-2024","1,226.75","1,225.00","1,233.65","1,202.05","1,226.60","1,223.00","1,217.43","2,01,22,521","24,49,76,89,858.50","3,03,947","75,59,944","37.57"
"ICICIBANK","EQ","23-Jul-2024","1,241.15","1,241.15","1,248.65","1,212.50","1,227.00","1,226.75","1,233.33","1,93,69,832","23,88,94,18,788.45","3,34,507","80,90,724","41.77"
"ICICIBANK","EQ","22-Jul-2024","1,248.65","1,240.00","1,245.30","1,232.90","1,243.00","1,241.15","1,239.95","99,58,965","12,34,86,52,027.55","2,12,302","61,23,697","61.49"
"ICICIBANK","EQ","19-Jul-2024","1,250.30","1,244.00","1,250.50","1,240.25","1,249.65","1,248.65","1,246.51","79,58,817","9,92,07,55,411.10","1,66,403","46,67,555","58.65"
"ICICIBANK","EQ","18-Jul-2024","1,239.90","1,234.90","1,256.45","1,231.70","1,248.85","1,250.30","1,246.19","1,09,99,632","13,70,76,37,498.20","2,60,080","58,09,291","52.81"
"ICICIBANK","EQ","16-Jul-2024","1,229.95","1,230.00","1,245.00","1,229.00","1,238.65","1,239.90","1,239.36","1,23,20,605","15,26,96,44,738.05","2,34,578","64,77,523","52.57"
"ICICIBANK","EQ","15-Jul-2024","1,232.90","1,233.10","1,238.45","1,224.05","1,231.00","1,229.95","1,231.32","1,56,12,671","19,22,42,14,819.80","4,25,864","76,08,509","48.73"
"ICICIBANK","EQ","12-Jul-2024","1,238.45","1,235.90","1,252.90","1,230.10","1,234.50","1,232.90","1,238.33","1,22,08,290","15,11,78,65,256.90","2,70,991","60,08,473","49.22"
"ICICIBANK","EQ","11-Jul-2024","1,243.20","1,246.35","1,257.80","1,225.05","1,240.00","1,238.45","1,238.32","1,13,07,116","14,00,17,86,280.20","2,54,070","60,90,422","53.86"
"ICICIBANK","EQ","10-Jul-2024","1,248.25","1,252.75","1,252.75","1,236.35","1,242.00","1,243.20","1,243.64","1,82,26,503","22,66,71,18,261.75","2,37,867","91,00,069","49.93"
"ICICIBANK","EQ","09-Jul-2024","1,235.05","1,234.95","1,250.20","1,229.30","1,245.75","1,248.25","1,242.29","1,33,66,874","16,60,54,89,307.50","2,25,750","76,05,247","56.90"
"ICICIBANK","EQ","08-Jul-2024","1,233.40","1,228.90","1,239.50","1,216.90","1,237.00","1,235.05","1,232.84","66,17,190","8,15,79,45,587.70","1,41,803","38,01,598","57.45"
"ICICIBANK","EQ","05-Jul-2024","1,233.00","1,225.00","1,242.60","1,220.85","1,231.85","1,233.40","1,230.96","95,35,575","11,73,78,94,586.90","2,22,003","42,73,527","44.82"
"ICICIBANK","EQ","04-Jul-2024","1,201.60","1,229.00","1,234.95","1,214.30","1,231.95","1,233.00","1,226.12","1,52,75,791","18,72,99,47,538.20","3,52,519","88,14,442","57.70"
"ICICIBANK","EQ","03-Jul-2024","1,190.60","1,196.85","1,215.85","1,179.45","1,200.00","1,201.60","1,201.88","2,23,30,897","26,83,91,17,475.35","3,22,655","60,91,710","27.28"
"ICICIBANK","EQ","02-Jul-2024","1,211.85","1,217.00","1,217.00","1,185.55","1,191.90","1,190.60","1,194.64","1,61,53,925","19,29,81,85,249.15","2,88,672","71,37,154","44.18"
"ICICIBANK","EQ","01-Jul-2024","1,199.60","1,199.60","1,215.35","1,192.05","1,208.05","1,211.85","1,207.50","86,36,894","10,42,90,24,972.30","2,16,109","45,44,835","52.62"
"ICICIBANK","EQ","28-Jun-2024","1,219.90","1,227.00","1,227.00","1,196.35","1,197.25","1,199.60","1,205.22","1,25,07,092","15,07,38,52,025.65","2,39,920","69,47,558","55.55"
"ICICIBANK","EQ","27-Jun-2024","1,218.00","1,228.35","1,235.00","1,209.10","1,216.50","1,219.90","1,223.40","2,05,16,632","25,10,00,65,333.50","3,33,951","1,02,72,054","50.07"
"ICICIBANK","EQ","26-Jun-2024","1,197.95","1,202.00","1,222.85","1,193.85","1,211.00","1,218.00","1,213.68","2,54,03,461","30,83,17,20,749.55","3,38,144","1,20,22,888","47.33"
"ICICIBANK","EQ","25-Jun-2024","1,170.10","1,170.25","1,206.00","1,167.65","1,204.00","1,197.95","1,189.12","2,73,09,845","32,47,47,29,413.30","3,40,752","1,06,98,273","39.17"
"ICICIBANK","EQ","24-Jun-2024","1,158.65","1,154.65","1,175.65","1,152.65","1,169.50","1,170.10","1,167.04","1,22,10,295","14,24,99,61,881.65","3,34,746","57,27,261","46.91"
"ICICIBANK","EQ","21-Jun-2024","1,156.80","1,163.55","1,169.90","1,150.65","1,157.50","1,158.65","1,158.43","6,92,59,425","80,23,22,44,391.80","3,64,312","4,53,43,258","65.47"
"ICICIBANK","EQ","20-Jun-2024","1,144.45","1,154.05","1,160.00","1,135.50","1,156.60","1,156.80","1,148.53","1,54,75,933","17,77,46,09,753.75","2,90,565","83,78,463","54.14"
"ICICIBANK","EQ","19-Jun-2024","1,122.85","1,127.95","1,165.55","1,126.15","1,144.40","1,144.45","1,145.30","3,43,09,514","39,29,47,54,455.05","4,11,691","1,31,23,207","38.25"
"ICICIBANK","EQ","18-Jun-2024","1,105.65","1,113.95","1,135.05","1,101.20","1,125.75","1,122.85","1,116.84","1,83,06,176","20,44,50,19,555.65","3,95,048","1,22,78,243","67.07"
"ICICIBANK","EQ","14-Jun-2024","1,107.35","1,114.00","1,114.00","1,099.45","1,105.05","1,105.65","1,106.42","1,13,77,979","12,58,88,66,450.90","2,54,117","63,28,869","55.62"
"ICICIBANK","EQ","13-Jun-2024","1,119.55","1,122.20","1,123.20","1,105.00","1,110.30","1,107.35","1,113.06","1,24,94,254","13,90,68,65,822.30","2,42,344","81,38,481","65.14"
"ICICIBANK","EQ","12-Jun-2024","1,118.20","1,121.00","1,133.40","1,112.00","1,116.80","1,119.55","1,122.44","1,60,96,514","18,06,73,58,887.55","2,52,614","83,59,873","51.94"
"ICICIBANK","EQ","11-Jun-2024","1,123.80","1,119.75","1,129.05","1,111.00","1,117.00","1,118.20","1,121.15","1,22,50,002","13,73,41,01,150.75","2,60,793","51,76,869","42.26"
"ICICIBANK","EQ","10-Jun-2024","1,121.70","1,116.00","1,133.20","1,115.10","1,119.80","1,123.80","1,125.65","1,08,51,455","12,21,49,52,684.85","2,66,869","68,65,455","63.27"
"ICICIBANK","EQ","07-Jun-2024","1,110.40","1,110.40","1,128.30","1,103.60","1,121.00","1,121.70","1,121.00","1,71,97,635","19,27,84,88,358.35","2,59,981","85,62,893","49.79"
"ICICIBANK","EQ","06-Jun-2024","1,108.65","1,118.00","1,118.00","1,096.60","1,111.75","1,110.40","1,108.24","1,85,74,162","20,58,45,51,019.20","3,22,991","71,01,228","38.23"
"ICICIBANK","EQ","05-Jun-2024","1,071.45","1,085.00","1,123.25","1,051.05","1,102.95","1,108.65","1,088.83","4,21,72,104","45,91,82,90,524.45","4,95,916","1,64,53,850","39.02"
"ICICIBANK","EQ","04-Jun-2024","1,160.00","1,157.90","1,159.40","1,053.55","1,076.00","1,071.45","1,100.42","4,34,76,837","47,84,26,67,620.90","7,36,743","1,40,54,035","32.33"
"ICICIBANK","EQ","03-Jun-2024","1,121.05","1,170.00","1,173.00","1,136.30","1,164.90","1,160.00","1,153.68","2,56,99,977","29,64,95,82,413.30","4,04,461","1,06,75,854","41.54"
"ICICIBANK","EQ","31-May-2024","1,113.70","1,118.00","1,130.60","1,111.25","1,121.85","1,121.05","1,121.14","2,61,97,718","29,37,12,25,814.90","3,72,763","1,24,92,870","47.69"
"ICICIBANK","EQ","30-May-2024","1,102.00","1,097.00","1,121.00","1,096.90","1,118.00","1,113.70","1,112.39","1,52,55,387","16,96,98,73,875.30","2,88,897","87,24,082","57.19"
"ICICIBANK","EQ","29-May-2024","1,126.95","1,115.05","1,123.55","1,098.50","1,104.00","1,102.00","1,105.33","1,92,68,547","21,29,80,39,298.25","2,78,017","1,14,55,727","59.45"
"ICICIBANK","EQ","28-May-2024","1,129.80","1,132.50","1,135.20","1,125.00","1,126.00","1,126.95","1,128.55","93,11,718","10,50,87,31,133.30","1,83,922","51,83,835","55.67"
"ICICIBANK","EQ","27-May-2024","1,131.95","1,131.90","1,147.80","1,121.55","1,129.55","1,129.80","1,136.51","1,15,99,857","13,18,33,47,631.65","2,32,724","63,78,103","54.98"
"ICICIBANK","EQ","24-May-2024","1,134.50","1,130.00","1,135.00","1,124.15","1,132.40","1,131.95","1,128.96","63,12,670","7,12,67,33,318.70","1,68,952","26,12,181","41.38"
"ICICIBANK","EQ","23-May-2024","1,111.10","1,115.55","1,137.00","1,111.40","1,136.50","1,134.50","1,127.30","1,37,87,687","15,54,28,15,997.35","3,56,486","66,65,714","48.35"
"ICICIBANK","EQ","22-May-2024","1,120.95","1,125.00","1,125.90","1,098.10","1,114.65","1,111.10","1,111.52","1,75,27,411","19,48,20,88,013.75","2,97,269","89,84,502","51.26"
"ICICIBANK","EQ","21-May-2024","1,130.75","1,122.20","1,133.80","1,116.25","1,119.20","1,120.95","1,123.77","1,04,52,900","11,74,66,62,509.90","3,03,384","75,32,194","72.06"
"ICICIBANK","EQ","18-May-2024","1,130.50","1,131.00","1,133.00","1,126.90","1,132.00","1,130.75","1,129.46","3,12,750","35,32,37,131.20","7,213","86,644","27.70"
"ICICIBANK","EQ","17-May-2024","1,131.05","1,131.05","1,144.00","1,120.60","1,130.50","1,130.50","1,129.46","86,41,784","9,76,05,45,932.65","1,84,425","46,87,091","54.24"
"ICICIBANK","EQ","16-May-2024","1,124.35","1,133.00","1,136.55","1,112.80","1,129.00","1,131.05","1,124.26","1,42,65,565","16,03,81,89,930.75","2,88,251","52,82,654","37.03"
"ICICIBANK","EQ","15-May-2024","1,120.55","1,122.10","1,127.80","1,113.50","1,125.10","1,124.35","1,120.74","1,07,43,423","12,04,05,56,800.25","2,00,613","44,34,922","41.28"
"ICICIBANK","EQ","14-May-2024","1,128.00","1,125.90","1,127.90","1,118.55","1,120.60","1,120.55","1,122.22","89,44,262","10,03,74,33,196.20","2,11,368","52,44,926","58.64"
"ICICIBANK","EQ","13-May-2024","1,117.05","1,112.40","1,130.65","1,106.70","1,126.65","1,128.00","1,118.74","97,07,983","10,86,06,81,696.70","3,10,812","53,35,513","54.96"
"ICICIBANK","EQ","10-May-2024","1,115.70","1,118.00","1,128.90","1,112.05","1,118.30","1,117.05","1,118.62","85,73,656","9,59,06,23,686.25","2,01,833","46,08,865","53.76"
"ICICIBANK","EQ","09-May-2024","1,123.00","1,120.55","1,128.85","1,110.00","1,113.75","1,115.70","1,116.17","1,22,29,853","13,65,05,62,748.75","3,40,525","80,44,806","65.78"
"ICICIBANK","EQ","08-May-2024","1,131.90","1,126.55","1,132.00","1,116.05","1,126.50","1,123.00","1,121.94","1,99,13,090","22,34,13,34,413.55","2,36,817","1,22,53,880","61.54"
"ICICIBANK","EQ","07-May-2024","1,146.30","1,147.95","1,152.75","1,126.30","1,130.80","1,131.90","1,133.89","1,50,97,728","17,11,91,26,238.50","2,76,170","82,77,553","54.83"
"ICICIBANK","EQ","06-May-2024","1,142.05","1,141.55","1,158.45","1,138.10","1,149.00","1,146.30","1,148.75","1,49,70,524","17,19,73,90,735.30","2,93,643","88,40,014","59.05"
"ICICIBANK","EQ","03-May-2024","1,139.45","1,141.30","1,157.40","1,135.45","1,139.90","1,142.05","1,142.35","1,99,33,604","22,77,10,68,634.85","3,35,319","1,12,84,333","56.61"
"ICICIBANK","EQ","02-May-2024","1,150.40","1,143.00","1,155.50","1,133.25","1,139.50","1,139.45","1,142.46","2,51,18,334","28,69,67,70,052.60","3,78,404","1,38,48,713","55.13"
"ICICIBANK","EQ","30-Apr-2024","1,160.15","1,159.95","1,169.55","1,146.75","1,150.25","1,150.40","1,158.79","2,95,68,491","34,26,36,39,032.05","4,09,690","1,30,01,458","43.97"
"ICICIBANK","EQ","29-Apr-2024","1,107.90","1,108.00","1,163.45","1,107.90","1,156.40","1,160.15","1,145.94","2,85,78,063","32,74,87,45,656.25","4,52,808","1,21,93,669","42.67"
"ICICIBANK","EQ","26-Apr-2024","1,113.75","1,112.15","1,120.00","1,102.75","1,110.75","1,107.90","1,108.32","1,41,90,059","15,72,71,85,878.25","2,56,262","75,91,720","53.50"
"ICICIBANK","EQ","25-Apr-2024","1,096.75","1,090.00","1,125.65","1,089.95","1,110.90","1,113.75","1,111.16","1,99,05,338","22,11,79,48,129.10","4,32,523","1,10,21,596","55.37"
"ICICIBANK","EQ","24-Apr-2024","1,090.25","1,092.25","1,098.40","1,089.00","1,096.00","1,096.75","1,095.26","54,61,309","5,98,15,31,726.80","1,63,749","28,39,358","51.99"
"ICICIBANK","EQ","23-Apr-2024","1,086.65","1,100.00","1,100.00","1,082.70","1,089.35","1,090.25","1,089.76","98,48,215","10,73,21,59,786.30","2,25,694","60,22,904","61.16"
"ICICIBANK","EQ","22-Apr-2024","1,067.25","1,078.80","1,088.70","1,070.35","1,087.45","1,086.65","1,081.11","1,03,46,714","11,18,58,92,977.85","2,33,249","63,24,415","61.12"
"ICICIBANK","EQ","19-Apr-2024","1,055.45","1,052.95","1,072.00","1,048.10","1,068.00","1,067.25","1,062.04","1,12,84,433","11,98,44,83,579.20","2,26,385","59,43,916","52.67"
"ICICIBANK","EQ","18-Apr-2024","1,067.05","1,074.00","1,078.05","1,050.45","1,055.30","1,055.45","1,061.02","1,65,64,216","17,57,50,27,387.85","2,56,438","95,92,696","57.91"
"ICICIBANK","EQ","16-Apr-2024","1,078.35","1,070.55","1,074.60","1,062.70","1,068.75","1,067.05","1,067.53","1,12,78,092","12,03,97,21,950.35","2,45,846","71,47,384","63.37"
"ICICIBANK","EQ","15-Apr-2024","1,104.40","1,100.20","1,106.15","1,076.60","1,077.60","1,078.35","1,085.46","1,05,26,597","11,42,62,39,543.00","2,76,339","61,30,101","58.23"
"ICICIBANK","EQ","12-Apr-2024","1,109.40","1,103.50","1,111.85","1,095.80","1,103.00","1,104.40","1,103.24","1,22,16,657","13,47,78,44,384.65","2,33,873","58,16,469","47.61"
"ICICIBANK","EQ","10-Apr-2024","1,107.05","1,110.95","1,116.55","1,105.15","1,108.80","1,109.40","1,110.24","1,05,98,000","11,76,62,95,607.50","2,09,324","50,38,453","47.54"
"ICICIBANK","EQ","09-Apr-2024","1,087.15","1,091.95","1,115.25","1,088.30","1,107.70","1,107.05","1,106.16","1,22,98,463","13,60,41,16,450.75","2,50,588","69,86,882","56.81"
"ICICIBANK","EQ","08-Apr-2024","1,083.40","1,078.35","1,091.75","1,076.30","1,087.00","1,087.15","1,086.22","80,23,461","8,71,52,49,008.20","1,82,575","50,67,692","63.16"
"ICICIBANK","EQ","05-Apr-2024","1,078.85","1,070.00","1,086.00","1,067.45","1,084.00","1,083.40","1,073.64","1,53,40,637","16,47,03,80,648.60","2,08,528","1,05,97,870","69.08"
"ICICIBANK","EQ","04-Apr-2024","1,077.20","1,084.75","1,085.80","1,063.45","1,080.55","1,078.85","1,074.52","2,14,19,689","23,01,58,58,480.35","4,05,986","87,50,884","40.85"
"ICICIBANK","EQ","03-Apr-2024","1,081.20","1,075.00","1,083.65","1,072.25","1,077.35","1,077.20","1,078.50","1,54,77,184","16,69,20,70,515.20","2,37,385","76,47,513","49.41"
"ICICIBANK","EQ","02-Apr-2024","1,099.65","1,094.45","1,094.45","1,079.25","1,083.15","1,081.20","1,083.39","1,43,80,396","15,57,95,39,289.95","2,26,080","73,80,311","51.32"
"ICICIBANK","EQ","01-Apr-2024","1,093.30","1,096.05","1,102.95","1,094.45","1,098.70","1,099.65","1,098.49","1,08,48,191","11,91,65,81,584.35","1,91,651","73,48,389","67.74"
"ICICIBANK","EQ","28-Mar-2024","1,083.75","1,085.00","1,105.05","1,085.00","1,096.05","1,093.30","1,098.05","2,20,70,566","24,23,44,85,223.65","3,69,595","1,19,50,777","54.15"
"ICICIBANK","EQ","27-Mar-2024","1,083.70","1,083.70","1,092.50","1,079.55","1,085.00","1,083.75","1,085.29","2,69,07,245","29,20,21,42,587.10","3,18,363","1,37,97,010","51.28"
"ICICIBANK","EQ","26-Mar-2024","1,090.30","1,081.00","1,089.15","1,076.95","1,083.40","1,083.70","1,083.24","1,33,67,635","14,48,03,33,014.75","2,13,520","75,84,977","56.74"
"ICICIBANK","EQ","22-Mar-2024","1,081.80","1,081.15","1,093.70","1,078.70","1,089.50","1,090.30","1,089.91","1,72,14,415","18,76,22,40,505.05","2,58,317","1,04,40,853","60.65"
"ICICIBANK","EQ","21-Mar-2024","1,084.50","1,092.00","1,100.00","1,079.15","1,081.50","1,081.80","1,086.38","1,99,92,607","21,71,96,05,114.85","2,52,414","1,36,07,650","68.06"
"ICICIBANK","EQ","20-Mar-2024","1,083.95","1,080.00","1,090.00","1,067.50","1,087.00","1,084.50","1,081.24","1,87,25,251","20,24,65,25,010.95","3,65,151","82,33,921","43.97"
"ICICIBANK","EQ","19-Mar-2024","1,081.20","1,078.45","1,088.75","1,075.25","1,081.45","1,083.95","1,082.60","1,67,08,715","18,08,88,99,237.65","3,67,746","1,03,42,948","61.90"
"ICICIBANK","EQ","18-Mar-2024","1,080.35","1,075.05","1,084.80","1,060.05","1,082.10","1,081.20","1,076.61","87,69,440","9,44,12,85,942.75","2,53,537","41,01,264","46.77"
"ICICIBANK","EQ","15-Mar-2024","1,083.60","1,072.00","1,086.25","1,070.00","1,073.90","1,080.35","1,080.17","6,61,92,734","71,49,97,18,294.10","3,47,312","4,90,77,479","74.14"
"ICICIBANK","EQ","14-Mar-2024","1,083.95","1,080.00","1,097.10","1,075.05","1,084.35","1,083.60","1,086.03","1,42,31,421","15,45,57,40,913.55","2,59,807","62,07,330","43.62"
"ICICIBANK","EQ","13-Mar-2024","1,076.85","1,077.15","1,089.65","1,073.15","1,082.00","1,083.95","1,084.38","2,48,55,870","26,95,32,04,669.15","3,61,717","1,31,65,624","52.97"
"ICICIBANK","EQ","12-Mar-2024","1,078.70","1,077.05","1,094.80","1,055.65","1,075.05","1,076.85","1,077.90","2,17,85,435","23,48,26,25,405.85","3,04,992","1,01,42,990","46.56"
"ICICIBANK","EQ","11-Mar-2024","1,087.95","1,087.95","1,087.95","1,076.75","1,077.50","1,078.70","1,081.06","1,33,10,362","14,38,92,79,964.50","2,50,456","95,77,327","71.95"
"ICICIBANK","EQ","07-Mar-2024","1,097.10","1,094.95","1,095.00","1,082.70","1,086.50","1,087.95","1,088.30","99,63,926","10,84,37,32,033.05","2,62,108","57,43,168","57.64"
"ICICIBANK","EQ","06-Mar-2024","1,088.05","1,080.30","1,113.55","1,080.30","1,099.00","1,097.10","1,101.61","2,17,96,484","24,01,11,91,501.45","3,64,582","1,01,80,700","46.71"
"ICICIBANK","EQ","05-Mar-2024","1,092.35","1,086.20","1,099.50","1,076.50","1,087.85","1,088.05","1,089.60","92,22,544","10,04,88,90,642.95","2,58,890","47,45,297","51.45"
"ICICIBANK","EQ","04-Mar-2024","1,084.65","1,081.00","1,095.00","1,080.10","1,090.90","1,092.35","1,090.04","1,14,24,581","12,45,32,54,625.85","2,51,185","77,85,048","68.14"
"ICICIBANK","EQ","02-Mar-2024","1,086.90","1,087.25","1,089.45","1,080.50","1,083.90","1,084.65","1,084.38","4,81,475","52,21,00,593.20","14,375","1,80,404","37.47"
"ICICIBANK","EQ","01-Mar-2024","1,052.20","1,055.00","1,089.95","1,054.00","1,085.00","1,086.90","1,079.42","1,49,09,562","16,09,36,96,257.80","3,15,463","95,92,724","64.34"
"ICICIBANK","EQ","29-Feb-2024","1,046.20","1,043.05","1,060.70","1,038.50","1,054.95","1,052.20","1,051.47","2,09,44,844","22,02,28,02,548.35","3,43,777","1,04,21,268","49.76"
"ICICIBANK","EQ","28-Feb-2024","1,060.20","1,063.00","1,064.85","1,042.15","1,046.60","1,046.20","1,051.19","77,30,332","8,12,60,74,219.15","1,75,450","39,65,568","51.30"
"ICICIBANK","EQ","27-Feb-2024","1,054.20","1,050.75","1,066.20","1,046.50","1,061.50","1,060.20","1,057.17","1,05,80,973","11,18,58,95,021.20","2,03,486","58,98,487","55.75"
"ICICIBANK","EQ","26-Feb-2024","1,061.30","1,053.10","1,062.30","1,050.50","1,053.75","1,054.20","1,055.62","78,75,941","8,31,39,78,243.65","1,87,011","50,27,751","63.84"
"ICICIBANK","EQ","23-Feb-2024","1,062.70","1,070.00","1,070.00","1,057.65","1,061.25","1,061.30","1,063.91","1,31,42,759","13,98,27,66,720.40","2,17,544","83,43,213","63.48"
"ICICIBANK","EQ","22-Feb-2024","1,051.95","1,056.00","1,066.00","1,040.30","1,061.55","1,062.70","1,054.56","1,34,32,573","14,16,54,81,752.55","2,89,172","49,66,739","36.98"
"ICICIBANK","EQ","21-Feb-2024","1,048.75","1,056.80","1,064.00","1,048.00","1,049.35","1,051.95","1,056.03","1,59,46,325","16,83,97,58,063.30","2,85,074","84,00,930","52.68"
"ICICIBANK","EQ","20-Feb-2024","1,043.75","1,041.05","1,052.65","1,033.25","1,049.75","1,048.75","1,046.56","1,12,93,528","11,81,93,91,718.90","2,51,413","49,91,710","44.20"
"ICICIBANK","EQ","19-Feb-2024","1,023.25","1,023.35","1,046.00","1,023.35","1,041.05","1,043.75","1,039.05","93,88,255","9,75,48,60,639.60","2,23,270","51,47,259","54.83"
"ICICIBANK","EQ","16-Feb-2024","1,016.65","1,023.20","1,026.20","1,016.90","1,022.95","1,023.25","1,022.11","71,59,395","7,31,77,24,030.40","2,28,404","38,42,449","53.67"
"ICICIBANK","EQ","15-Feb-2024","1,022.70","1,022.85","1,026.65","1,006.60","1,019.10","1,016.65","1,013.82","1,00,69,878","10,20,90,72,761.80","2,38,688","40,72,687","40.44"
"ICICIBANK","EQ","14-Feb-2024","1,019.80","1,009.55","1,035.70","1,007.55","1,020.50","1,022.70","1,023.30","1,78,78,720","18,29,52,10,771.65","3,33,327","62,29,040","34.84"
"ICICIBANK","EQ","13-Feb-2024","996.10","1,006.00","1,027.05","1,000.30","1,018.55","1,019.80","1,016.00","1,87,06,292","19,00,55,85,172.80","2,94,962","63,89,610","34.16"
"ICICIBANK","EQ","12-Feb-2024","1,010.70","1,010.40","1,012.20","985.25","994.10","996.10","996.95","80,50,066","8,02,54,92,595.25","2,31,523","32,23,949","40.05"
"ICICIBANK","EQ","09-Feb-2024","989.30","988.85","1,013.75","985.50","1,010.95","1,010.70","1,005.08","1,27,99,837","12,86,48,02,516.90","3,07,855","72,47,647","56.62"
"ICICIBANK","EQ","08-Feb-2024","1,022.15","1,024.10","1,028.25","985.25","991.90","989.30","1,003.64","2,05,65,502","20,64,03,20,782.20","3,32,222","1,18,67,524","57.71"
"ICICIBANK","EQ","07-Feb-2024","1,026.40","1,028.00","1,031.55","1,013.00","1,022.85","1,022.15","1,020.41","1,64,10,895","16,74,59,00,269.85","3,02,775","75,54,837","46.04"
"ICICIBANK","EQ","06-Feb-2024","1,023.50","1,023.55","1,034.90","1,016.70","1,027.75","1,026.40","1,027.06","1,28,86,927","13,23,56,60,038.15","2,03,228","60,89,164","47.25"
"ICICIBANK","EQ","05-Feb-2024","1,024.00","1,022.50","1,026.45","1,012.10","1,021.50","1,023.50","1,020.49","1,29,48,430","13,21,38,06,903.00","2,52,161","50,63,778","39.11"
"ICICIBANK","EQ","02-Feb-2024","1,025.15","1,037.10","1,050.00","1,021.65","1,023.50","1,024.00","1,037.09","1,47,74,650","15,32,25,79,057.00","2,98,259","55,33,876","37.46"
"ICICIBANK","EQ","01-Feb-2024","1,028.15","1,033.95","1,033.95","1,017.40","1,024.70","1,025.15","1,025.68","1,30,58,880","13,39,42,53,293.60","2,40,963","70,66,624","54.11"
"ICICIBANK","EQ","31-Jan-2024","1,016.90","1,016.80","1,039.00","1,003.25","1,024.70","1,028.15","1,027.23","2,56,27,447","26,32,51,96,239.65","3,84,552","1,25,71,213","49.05"
"ICICIBANK","EQ","30-Jan-2024","1,016.40","1,014.95","1,023.85","1,008.00","1,014.90","1,016.90","1,015.16","1,60,85,742","16,32,96,41,195.20","2,72,053","82,12,652","51.06"
"ICICIBANK","EQ","29-Jan-2024","1,009.95","1,020.00","1,032.00","1,010.00","1,018.15","1,016.40","1,020.75","1,40,78,922","14,37,10,68,911.45","2,88,152","83,12,982","59.05"
"ICICIBANK","EQ","25-Jan-2024","999.20","998.40","1,015.10","988.15","1,009.00","1,009.95","1,002.34","2,83,15,035","28,38,12,51,257.00","3,42,997","1,42,29,052","50.25"
"ICICIBANK","EQ","24-Jan-2024","1,029.05","1,029.45","1,035.95","996.65","998.30","999.20","1,006.00","3,45,78,943","34,78,62,49,969.95","3,41,150","2,30,14,320","66.56"
"ICICIBANK","EQ","23-Jan-2024","1,008.70","1,059.10","1,059.40","1,021.20","1,027.90","1,029.05","1,035.82","5,07,97,448","52,61,67,82,751.05","6,69,065","3,16,61,624","62.33"
"ICICIBANK","EQ","20-Jan-2024","999.20","1,005.95","1,014.70","995.30","1,011.50","1,008.70","1,005.17","87,88,873","8,83,43,23,616.80","1,72,248","17,52,682","19.94"
"ICICIBANK","EQ","19-Jan-2024","986.35","991.30","1,010.90","987.55","1,000.00","999.20","1,002.64","2,32,71,148","23,33,25,13,523.60","3,73,845","1,68,74,233","72.51"
"ICICIBANK","EQ","18-Jan-2024","981.75","973.95","994.30","970.15","987.50","986.35","984.56","1,79,02,484","17,62,61,26,346.95","4,05,442","1,11,14,591","62.08"
"ICICIBANK","EQ","17-Jan-2024","1,009.05","987.90","1,007.80","976.75","979.50","981.75","989.71","4,19,14,771","41,48,33,25,173.95","5,80,135","1,75,95,246","41.98"
"ICICIBANK","EQ","16-Jan-2024","1,009.85","1,006.10","1,015.80","1,004.60","1,007.65","1,009.05","1,010.56","1,15,05,126","11,62,65,70,821.35","2,86,201","66,25,571","57.59"
"ICICIBANK","EQ","15-Jan-2024","1,003.50","1,003.50","1,011.65","999.25","1,010.00","1,009.85","1,007.04","1,23,88,044","12,47,52,00,079.75","3,39,028","74,85,540","60.43"
"ICICIBANK","EQ","12-Jan-2024","991.15","994.80","1,008.70","991.75","1,001.95","1,003.50","1,002.83","1,22,55,743","12,29,03,75,605.85","2,55,004","82,77,142","67.54"
"ICICIBANK","EQ","11-Jan-2024","993.05","995.30","998.50","986.85","990.40","991.15","991.28","64,51,345","6,39,51,01,765.10","2,05,605","39,96,181","61.94"
"ICICIBANK","EQ","10-Jan-2024","979.75","974.30","994.95","974.30","992.50","993.05","989.28","94,09,181","9,30,83,54,597.10","1,83,064","57,49,186","61.10"
"ICICIBANK","EQ","09-Jan-2024","982.00","986.25","995.00","975.40","978.00","979.75","984.62","1,46,60,414","14,43,49,25,887.70","2,02,344","55,15,197","37.62"
"ICICIBANK","EQ","08-Jan-2024","993.70","994.00","998.20","980.30","983.00","982.00","989.45","83,93,164","8,30,46,57,336.65","1,96,576","41,75,907","49.75"
"ICICIBANK","EQ","05-Jan-2024","987.15","988.00","998.30","983.80","992.55","993.70","990.90","1,48,75,499","14,74,00,93,870.25","3,12,189","93,32,205","62.74"
"ICICIBANK","EQ","04-Jan-2024","984.05","986.40","989.15","981.90","988.65","987.15","985.60","2,27,89,140","22,46,10,89,129.10","3,09,334","1,69,67,479","74.45"
"ICICIBANK","EQ","03-Jan-2024","982.25","984.70","988.00","975.10","986.35","984.05","982.04","1,68,26,752","16,52,45,92,371.55","2,88,368","94,63,080","56.24"
"ICICIBANK","EQ","02-Jan-2024","999.40","997.00","997.65","980.25","982.20","982.25","986.50","1,62,63,825","16,04,42,46,136.20","2,99,393","89,87,680","55.26"
"ICICIBANK","EQ","01-Jan-2024","996.60","991.55","1,004.85","991.00","994.00","999.40","999.54","76,83,792","7,68,02,42,979.25","1,79,252","41,34,924","53.81"
"ICICIBANK","EQ","29-Dec-2023","1,005.90","1,004.05","1,008.55","993.70","998.40","996.60","997.94","1,22,80,140","12,25,48,23,841.85","2,61,570","78,89,939","64.25"
"ICICIBANK","EQ","28-Dec-2023","1,002.25","1,008.00","1,011.70","999.10","1,005.55","1,005.90","1,004.75","2,49,15,990","25,03,44,18,852.10","3,32,414","1,44,70,506","58.08"
"ICICIBANK","EQ","27-Dec-2023","995.10","997.95","1,004.90","992.00","1,003.30","1,002.25","999.11","1,29,96,468","12,98,49,56,515.15","2,58,434","83,73,654","64.43"
"ICICIBANK","EQ","26-Dec-2023","994.30","994.90","997.50","989.90","995.75","995.10","993.91","1,43,39,699","14,25,23,68,734.05","4,31,341","91,93,636","64.11"
"ICICIBANK","EQ","22-Dec-2023","1,004.40","1,002.95","1,009.55","991.60","994.75","994.30","999.72","2,08,81,976","20,87,60,52,963.25","4,59,822","1,10,63,508","52.98"
"ICICIBANK","EQ","21-Dec-2023","1,006.65","996.55","1,010.90","989.20","1,004.70","1,004.40","998.76","1,80,64,916","18,04,25,61,316.10","2,84,015","1,08,78,799","60.22"
"ICICIBANK","EQ","20-Dec-2023","1,015.45","1,022.00","1,022.00","1,002.00","1,003.90","1,006.65","1,010.88","1,64,90,281","16,66,97,47,974.95","3,14,770","83,16,896","50.44"
"ICICIBANK","EQ","19-Dec-2023","1,021.45","1,025.50","1,025.50","1,012.60","1,014.00","1,015.45","1,017.14","1,00,94,256","10,26,72,41,982.35","2,73,477","52,64,619","52.15"
"ICICIBANK","EQ","18-Dec-2023","1,037.40","1,029.95","1,029.95","1,018.00","1,024.95","1,021.45","1,022.18","85,92,711","8,78,33,39,398.05","3,23,894","46,22,730","53.80"
"ICICIBANK","EQ","15-Dec-2023","1,033.65","1,043.65","1,043.70","1,025.70","1,034.10","1,037.40","1,034.57","1,43,06,067","14,80,06,27,972.50","2,47,584","96,40,057","67.38"
"ICICIBANK","EQ","14-Dec-2023","1,013.90","1,022.25","1,040.00","1,021.25","1,034.05","1,033.65","1,033.94","1,63,17,672","16,87,15,39,889.30","3,16,845","1,04,16,442","63.84"
"ICICIBANK","EQ","13-Dec-2023","1,015.70","1,014.80","1,020.70","1,009.20","1,013.30","1,013.90","1,013.53","1,58,87,040","16,10,19,52,737.00","2,67,603","80,82,472","50.87"
"ICICIBANK","EQ","12-Dec-2023","1,017.10","1,017.10","1,021.00","1,008.60","1,014.00","1,015.70","1,014.31","1,23,80,856","12,55,80,35,033.40","2,74,254","60,33,113","48.73"
"ICICIBANK","EQ","11-Dec-2023","1,010.85","1,007.10","1,020.00","1,004.65","1,015.35","1,017.10","1,015.52","1,17,14,606","11,89,64,21,687.60","3,28,196","72,56,063","61.94"
"ICICIBANK","EQ","08-Dec-2023","999.00","994.50","1,012.85","993.25","1,011.50","1,010.85","1,004.16","1,61,16,363","16,18,33,73,034.15","2,52,795","1,07,74,765","66.86"
"ICICIBANK","EQ","07-Dec-2023","1,003.25","996.35","1,002.20","988.15","996.95","999.00","997.02","1,18,41,945","11,80,66,39,948.45","2,34,487","71,58,556","60.45"
"ICICIBANK","EQ","06-Dec-2023","1,013.45","1,014.00","1,016.25","1,000.25","1,002.70","1,003.25","1,004.35","1,87,86,590","18,86,84,01,905.05","3,10,120","86,99,665","46.31"
"ICICIBANK","EQ","05-Dec-2023","991.20","1,002.50","1,015.75","995.05","1,011.00","1,013.45","1,008.77","3,13,78,461","31,65,37,82,357.90","4,47,529","1,51,62,845","48.32"
"ICICIBANK","EQ","04-Dec-2023","946.70","963.70","994.85","961.40","991.00","991.20","977.00","3,31,31,257","32,36,92,80,671.90","4,51,348","2,20,76,125","66.63"
"ICICIBANK","EQ","01-Dec-2023","934.95","935.95","952.00","933.00","947.50","946.70","945.05","1,69,86,046","16,05,25,98,307.45","3,03,858","1,09,70,897","64.59"
"ICICIBANK","EQ","30-Nov-2023","939.60","938.95","940.85","928.20","935.10","934.95","934.14","2,39,50,292","22,37,28,41,520.70","3,50,540","1,39,81,742","58.38"
"ICICIBANK","EQ","29-Nov-2023","925.50","930.90","941.10","926.00","940.25","939.60","932.37","1,16,80,078","10,89,01,42,789.30","2,43,844","79,40,152","67.98"
"ICICIBANK","EQ","28-Nov-2023","929.40","928.90","931.05","921.70","930.10","925.50","925.00","1,42,31,987","13,16,45,22,353.65","3,31,592","87,55,751","61.52"
"ICICIBANK","BL","28-Nov-2023","906.55","929.40","929.40","929.40","929.40","929.40","929.40","6,86,615","63,81,39,981.00","1","-","-"
"ICICIBANK","EQ","24-Nov-2023","923.00","921.50","930.40","920.20","929.00","929.40","925.03","74,52,002","6,89,33,60,153.95","1,64,564","44,42,551","59.62"
"ICICIBANK","EQ","23-Nov-2023","922.75","923.00","925.35","918.50","923.05","923.00","921.82","55,34,614","5,10,19,43,695.10","1,54,622","32,64,680","58.99"
"ICICIBANK","EQ","22-Nov-2023","926.10","923.25","925.20","914.75","923.20","922.75","920.02","1,21,97,979","11,22,24,27,797.35","2,31,742","50,13,740","41.10"
"ICICIBANK","EQ","21-Nov-2023","921.45","924.40","928.05","922.00","927.45","926.10","924.98","89,89,572","8,31,51,32,428.00","2,55,397","45,32,420","50.42"
"ICICIBANK","EQ","20-Nov-2023","921.85","922.00","926.75","917.50","920.95","921.45","922.71","1,05,62,301","9,74,59,70,504.05","2,17,769","66,94,180","63.38"
"ICICIBANK","EQ","17-Nov-2023","936.00","926.55","938.40","920.15","920.80","921.85","927.68","1,09,56,653","10,16,42,55,599.15","2,64,468","72,31,791","66.00"
"ICICIBANK","EQ","16-Nov-2023","941.10","939.00","946.20","934.00","935.00","936.00","939.28","1,97,06,373","18,50,98,28,840.85","2,87,113","1,24,53,084","63.19"
"ICICIBANK","EQ","15-Nov-2023","934.45","944.40","944.40","938.75","942.00","941.10","941.23","1,94,92,138","18,34,65,02,448.50","2,91,251","1,19,93,070","61.53"
"ICICIBANK","EQ","13-Nov-2023","942.35","940.90","940.90","932.00","934.10","934.45","934.34","1,14,70,096","10,71,70,18,281.95","2,49,856","62,34,815","54.36"
"ICICIBANK","EQ","12-Nov-2023","938.60","942.00","943.20","939.60","942.15","942.35","941.88","15,61,479","1,47,07,22,401.40","34,082","4,85,784","31.11"
"ICICIBANK","EQ","10-Nov-2023","937.35","934.90","941.45","932.40","940.50","938.60","937.49","95,60,455","8,96,28,08,080.00","1,60,920","48,53,719","50.77"
"ICICIBANK","EQ","09-Nov-2023","935.75","934.00","942.35","933.00","936.50","937.35","938.01","94,06,117","8,82,30,05,431.45","2,07,920","40,42,029","42.97"
"ICICIBANK","EQ","08-Nov-2023","948.10","948.45","948.45","934.10","935.70","935.75","936.99","1,76,06,074","16,49,67,34,862.35","4,41,034","58,52,195","33.24"
"ICICIBANK","EQ","07-Nov-2023","945.45","943.60","950.45","930.45","948.35","948.10","938.19","1,57,04,942","14,73,41,90,070.90","4,47,032","43,81,797","27.90"
"ICICIBANK","EQ","06-Nov-2023","933.80","941.00","947.75","937.40","947.50","945.45","942.40","1,03,38,367","9,74,28,86,548.95","2,11,428","70,29,089","67.99"
"ICICIBANK","EQ","03-Nov-2023","919.95","928.55","934.50","926.80","933.00","933.80","931.58","71,46,961","6,65,79,98,287.80","1,58,826","42,24,067","59.10"
"ICICIBANK","EQ","02-Nov-2023","914.05","920.05","924.80","912.80","920.25","919.95","918.74","97,47,311","8,95,52,53,577.45","2,09,580","39,52,072","40.55"
"ICICIBANK","EQ","01-Nov-2023","915.35","913.80","917.60","909.30","914.45","914.05","913.35","1,29,27,203","11,80,70,26,467.30","2,58,010","45,76,322","35.40"
"ICICIBANK","EQ","31-Oct-2023","924.90","929.30","931.00","914.10","916.30","915.35","920.82","1,72,11,107","15,84,84,09,572.20","2,94,816","89,18,681","51.82"
"ICICIBANK","EQ","30-Oct-2023","912.75","909.10","926.30","908.20","924.25","924.90","919.45","76,87,791","7,06,85,66,838.35","2,18,361","42,80,229","55.68"
"ICICIBANK","EQ","27-Oct-2023","908.65","916.00","918.15","911.30","914.00","912.75","913.92","86,45,505","7,90,13,04,895.55","2,47,992","56,40,911","65.25"
"ICICIBANK","EQ","26-Oct-2023","916.10","914.30","916.60","899.00","910.00","908.65","905.65","2,16,93,345","19,64,66,81,777.20","4,01,566","1,18,47,343","54.61"
"ICICIBANK","EQ","25-Oct-2023","929.95","926.05","933.80","911.40","917.40","916.10","921.17","1,25,93,434","11,60,06,43,622.95","3,66,568","78,69,741","62.49"
"ICICIBANK","EQ","23-Oct-2023","932.75","942.00","944.80","925.40","931.10","929.95","938.81","1,18,56,890","11,13,13,59,569.60","2,80,316","54,00,962","45.55"
"ICICIBANK","EQ","20-Oct-2023","935.75","932.00","940.00","930.00","934.00","932.75","934.41","65,86,576","6,15,45,89,020.60","2,11,005","36,78,744","55.85"
"ICICIBANK","EQ","19-Oct-2023","943.75","936.00","945.00","934.00","934.85","935.75","938.38","86,12,676","8,08,19,44,861.80","2,24,163","42,03,331","48.80"
"ICICIBANK","EQ","18-Oct-2023","953.90","949.20","950.65","939.10","943.50","943.75","944.12","1,20,00,153","11,32,95,85,673.05","2,65,905","60,97,921","50.82"
"ICICIBANK","EQ","17-Oct-2023","951.40","955.40","960.95","951.50","954.50","953.90","955.05","77,47,527","7,39,93,01,380.75","1,71,383","33,51,417","43.26"
"ICICIBANK","EQ","16-Oct-2023","951.30","948.50","954.85","946.15","950.50","951.40","951.09","57,63,024","5,48,11,29,890.30","1,71,124","36,84,553","63.93"
"ICICIBANK","EQ","13-Oct-2023","954.25","949.95","957.40","944.55","949.50","951.30","949.15","66,50,442","6,31,22,42,596.05","1,85,229","30,46,532","45.81"
"ICICIBANK","EQ","12-Oct-2023","953.10","952.85","960.10","948.40","954.75","954.25","955.21","78,36,818","7,48,58,23,584.00","1,98,184","43,43,257","55.42"
"ICICIBANK","EQ","11-Oct-2023","951.20","954.90","962.05","950.75","952.90","953.10","954.48","1,22,33,117","11,67,62,33,151.10","2,50,829","52,70,609","43.08"
"ICICIBANK","EQ","10-Oct-2023","938.60","940.40","957.50","940.35","951.80","951.20","950.77","1,14,52,715","10,88,89,05,072.30","3,12,706","61,70,364","53.88"
"ICICIBANK","EQ","09-Oct-2023","945.20","940.25","942.05","936.30","939.40","938.60","939.59","67,25,306","6,31,90,20,565.15","1,64,572","47,66,205","70.87"
"ICICIBANK","EQ","06-Oct-2023","940.85","946.00","946.55","938.00","945.10","945.20","942.83","63,55,755","5,99,23,81,430.70","2,11,853","38,83,614","61.10"
"ICICIBANK","EQ","05-Oct-2023","930.05","935.20","943.95","934.55","939.35","940.85","939.94","1,04,78,856","9,84,95,41,968.90","2,58,254","61,55,130","58.74"
"ICICIBANK","EQ","04-Oct-2023","940.30","935.00","935.50","925.00","932.25","930.05","928.86","1,73,34,739","16,10,15,59,184.70","3,31,953","80,01,032","46.16"
"ICICIBANK","EQ","03-Oct-2023","951.90","951.60","951.60","939.00","939.85","940.30","942.49","1,11,31,636","10,49,14,63,492.05","2,87,297","66,05,618","59.34"
"ICICIBANK","EQ","29-Sep-2023","942.60","946.70","956.00","943.70","953.00","951.90","952.41","1,04,47,334","9,95,01,04,904.10","1,97,973","51,66,164","49.45"
"ICICIBANK","EQ","28-Sep-2023","943.10","945.50","947.25","934.75","942.75","942.60","940.64","2,59,91,282","24,44,84,58,324.40","2,98,964","1,17,83,578","45.34"
"ICICIBANK","EQ","27-Sep-2023","948.70","946.30","946.50","934.40","942.00","943.10","940.81","1,51,52,973","14,25,60,60,103.90","2,75,468","87,26,495","57.59"
"ICICIBANK","EQ","26-Sep-2023","956.35","958.95","958.95","947.10","949.50","948.70","951.89","1,05,21,409","10,01,52,50,645.20","2,85,454","52,84,772","50.23"
"ICICIBANK","EQ","25-Sep-2023","950.30","950.30","961.20","941.50","957.00","956.35","951.50","89,97,098","8,56,07,57,897.10","2,16,411","44,57,784","49.55"
"ICICIBANK","EQ","22-Sep-2023","959.30","956.50","960.90","947.40","951.50","950.30","955.04","1,27,01,888","12,13,08,24,852.40","2,85,137","54,62,713","43.01"
"ICICIBANK","EQ","21-Sep-2023","987.15","979.95","982.50","957.45","959.40","959.30","965.36","1,97,42,813","19,05,89,80,867.15","3,97,438","71,07,994","36.00"
"ICICIBANK","EQ","20-Sep-2023","990.20","981.55","996.00","980.65","988.10","987.15","986.34","2,57,41,856","25,39,01,13,398.50","4,71,565","1,03,35,867","40.15"
"ICICIBANK","EQ","18-Sep-2023","992.45","990.10","996.25","987.30","989.45","990.20","992.03","1,67,13,222","16,57,99,90,394.95","2,32,525","62,79,996","37.58"
"ICICIBANK","EQ","15-Sep-2023","987.70","990.35","997.50","988.60","991.95","992.45","992.53","1,33,07,980","13,20,85,89,294.85","1,97,327","71,10,193","53.43"
"ICICIBANK","EQ","14-Sep-2023","989.80","992.30","992.90","982.25","987.75","987.70","987.17","1,14,64,188","11,31,71,06,954.40","2,15,342","50,42,479","43.98"
"ICICIBANK","EQ","13-Sep-2023","990.50","989.80","994.85","980.55","989.95","989.80","988.38","2,19,97,553","21,74,20,27,080.55","3,63,734","71,27,182","32.40"
"ICICIBANK","EQ","12-Sep-2023","978.25","990.10","995.15","982.65","989.55","990.50","988.45","2,09,59,591","20,71,75,09,808.35","2,97,925","87,02,966","41.52"
"ICICIBANK","EQ","11-Sep-2023","970.55","974.95","982.00","969.35","982.00","978.25","974.06","78,94,110","7,68,93,02,117.05","2,13,561","41,47,416","52.54"
"ICICIBANK","EQ","08-Sep-2023","965.65","967.50","975.00","961.25","971.80","970.55","968.42","1,30,86,915","12,67,36,95,006.90","2,19,318","50,29,816","38.43"
"ICICIBANK","EQ","07-Sep-2023","957.50","957.40","969.50","954.70","962.95","965.65","961.62","1,34,62,347","12,94,56,41,821.95","2,44,409","44,41,841","32.99"
"ICICIBANK","EQ","06-Sep-2023","968.40","962.55","969.50","950.80","960.05","957.50","957.94","3,08,02,100","29,50,64,13,588.70","4,36,476","96,61,765","31.37"
"ICICIBANK","EQ","05-Sep-2023","967.35","964.10","970.00","962.25","969.50","968.40","965.27","1,66,23,486","16,04,61,41,015.75","2,59,236","49,04,307","29.50"
"ICICIBANK","EQ","04-Sep-2023","968.70","968.70","969.05","960.55","967.00","967.35","964.60","95,12,956","9,17,61,82,299.30","2,09,738","44,30,060","46.57"
"ICICIBANK","EQ","01-Sep-2023","958.75","956.90","973.05","952.80","967.60","968.70","961.63","1,62,68,147","15,64,38,84,506.15","2,69,894","72,06,654","44.30"
"ICICIBANK","EQ","31-Aug-2023","958.90","960.00","966.20","954.05","959.85","958.75","959.09","3,66,75,400","35,17,48,33,652.85","3,65,627","1,54,61,131","42.16"
"ICICIBANK","EQ","30-Aug-2023","967.75","970.45","975.90","955.40","958.50","958.90","966.84","1,39,36,165","13,47,40,25,378.85","2,77,019","58,38,998","41.90"
"ICICIBANK","EQ","29-Aug-2023","970.55","973.30","977.25","965.65","967.70","967.75","970.16","1,32,09,913","12,81,57,56,159.75","2,20,782","40,65,107","30.77"
"ICICIBANK","EQ","28-Aug-2023","970.40","969.95","975.00","965.05","971.40","970.55","970.17","1,04,81,574","10,16,89,26,507.60","2,45,681","48,41,265","46.19"
"ICICIBANK","EQ","25-Aug-2023","968.95","962.95","972.60","960.20","969.85","970.40","968.49","1,02,75,758","9,95,19,95,362.20","1,96,217","39,08,857","38.04"
"ICICIBANK","EQ","24-Aug-2023","966.85","972.50","982.40","966.75","968.80","968.95","972.60","2,83,89,740","27,61,19,44,070.65","3,43,063","56,39,523","19.86"
"ICICIBANK","EQ","23-Aug-2023","952.00","954.00","968.05","949.85","967.00","966.85","960.41","1,47,07,331","14,12,50,49,768.25","3,31,761","56,47,028","38.40"
"ICICIBANK","EQ","22-Aug-2023","955.20","956.40","956.95","949.30","950.00","952.00","953.54","1,68,72,719","16,08,87,43,644.25","2,84,535","55,43,301","32.85"
"ICICIBANK","EQ","21-Aug-2023","950.65","950.70","959.30","948.40","952.85","955.20","955.23","1,33,58,017","12,75,99,68,175.35","2,53,434","65,86,890","49.31"
"ICICIBANK","EQ","18-Aug-2023","951.65","947.90","955.00","946.00","948.95","950.65","951.53","1,32,57,508","12,61,48,74,160.35","2,15,725","55,53,198","41.89"
"ICICIBANK","EQ","17-Aug-2023","956.50","956.95","957.80","946.45","950.00","951.65","951.03","2,70,77,611","25,75,15,22,550.55","3,32,152","78,67,476","29.06"
"ICICIBANK","EQ","16-Aug-2023","959.55","954.45","959.80","946.60","956.00","956.50","954.56","1,79,30,805","17,11,60,68,426.30","1,89,193","52,28,649","29.16"
"ICICIBANK","EQ","14-Aug-2023","952.85","949.00","962.90","946.00","959.00","959.55","956.40","1,90,26,691","18,19,70,49,210.40","2,45,849","66,87,043","35.15"
"ICICIBANK","EQ","11-Aug-2023","964.10","963.40","963.50","950.00","954.35","952.85","955.69","1,71,62,177","16,40,16,88,668.60","1,94,985","81,84,004","47.69"
"ICICIBANK","EQ","10-Aug-2023","972.70","971.55","973.65","959.45","963.35","964.10","965.21","2,48,58,441","23,99,35,61,281.30","3,36,041","56,15,817","22.59"
"ICICIBANK","EQ","09-Aug-2023","979.90","974.95","975.30","963.60","973.00","972.70","969.34","1,93,17,331","18,72,51,02,116.35","1,96,780","50,05,743","25.91"
"ICICIBANK","EQ","08-Aug-2023","975.65","975.75","986.60","972.30","981.00","979.90","980.50","2,37,84,778","23,32,10,34,820.05","2,98,758","64,14,691","26.97"
"ICICIBANK","EQ","07-Aug-2023","970.50","970.95","981.50","968.20","975.00","975.65","976.60","1,66,86,062","16,29,56,85,155.95","2,24,562","73,09,302","43.80"
"ICICIBANK","EQ","04-Aug-2023","965.00","968.65","976.00","961.25","970.85","970.50","969.48","2,05,82,882","19,95,46,79,141.05","2,96,882","74,76,579","36.32"
"ICICIBANK","EQ","03-Aug-2023","986.95","976.55","983.00","960.05","966.50","965.00","968.60","3,09,94,707","30,02,15,43,110.85","4,09,313","1,14,92,374","37.08"
"ICICIBANK","EQ","02-Aug-2023","994.55","985.25","994.10","977.50","986.05","986.95","985.15","1,57,87,996","15,55,35,48,909.85","2,43,935","58,45,658","37.03"
"ICICIBANK","EQ","01-Aug-2023","998.30","1,001.65","1,003.70","990.45","995.65","994.55","995.03","1,55,08,569","15,43,14,16,863.20","2,33,652","30,62,074","19.74"
"ICICIBANK","EQ","31-Jul-2023","996.20","996.00","999.40","988.60","997.00","998.30","995.23","1,43,03,116","14,23,49,04,667.90","2,32,761","57,82,607","40.43"
"ICICIBANK","EQ","28-Jul-2023","990.25","988.00","998.70","977.05","995.55","996.20","986.60","1,25,84,130","12,41,55,48,731.20","2,86,623","55,31,491","43.96"
"ICICIBANK","EQ","27-Jul-2023","996.45","1,002.55","1,006.50","987.20","994.10","990.25","993.54","2,59,32,395","25,76,48,83,809.10","3,20,992","79,28,081","30.57"
"ICICIBANK","EQ","26-Jul-2023","994.70","993.10","997.75","990.00","996.15","996.45","993.76","1,27,80,537","12,70,07,81,383.70","2,11,486","41,77,342","32.69"
"ICICIBANK","EQ","25-Jul-2023","992.00","999.00","999.00","988.25","993.90","994.70","992.39","2,93,25,327","29,10,20,78,261.10","3,65,896","79,73,286","27.19"
"ICICIBANK","EQ","24-Jul-2023","997.00","1,004.95","1,008.70","990.10","991.95","992.00","997.52","2,16,87,719","21,63,39,51,939.75","3,58,444","77,69,554","35.82"
"ICICIBANK","EQ","21-Jul-2023","995.60","995.30","1,001.45","988.80","1,000.45","997.00","994.46","1,69,03,003","16,80,94,34,509.70","2,55,812","63,24,995","37.42"
"ICICIBANK","EQ","20-Jul-2023","973.45","976.05","998.15","972.10","994.75","995.60","985.69","2,64,87,838","26,10,88,32,396.35","2,99,493","82,81,653","31.27"
"ICICIBANK","EQ","19-Jul-2023","975.45","980.00","980.00","967.55","973.55","973.45","972.26","1,59,94,261","15,55,05,41,577.95","2,28,514","26,50,920","16.57"
"ICICIBANK","EQ","18-Jul-2023","968.70","978.00","987.95","971.15","975.95","975.45","978.45","2,97,09,508","29,06,92,04,304.05","4,02,173","43,62,080","14.68"
"ICICIBANK","EQ","17-Jul-2023","960.05","962.90","973.80","952.85","972.05","968.70","959.83","1,62,90,763","15,63,63,81,792.45","2,27,824","41,01,652","25.18"
"ICICIBANK","EQ","14-Jul-2023","955.70","959.75","965.00","951.35","964.80","960.05","958.54","1,28,71,569","12,33,79,73,703.65","2,33,201","52,46,174","40.76"
"ICICIBANK","EQ","13-Jul-2023","944.40","947.70","959.25","942.20","956.50","955.70","953.88","2,32,22,286","22,15,12,17,019.20","3,20,781","52,69,391","22.69"
"ICICIBANK","EQ","12-Jul-2023","944.95","948.40","951.15","941.25","944.00","944.40","945.50","2,15,11,161","20,33,87,09,528.85","3,41,763","1,11,47,680","51.82"
"ICICIBANK","EQ","11-Jul-2023","948.40","948.40","952.70","941.90","945.90","944.95","948.14","1,69,77,595","16,09,72,05,936.20","2,74,418","60,71,134","35.76"
"ICICIBANK","EQ","10-Jul-2023","946.40","946.00","952.90","941.35","947.75","948.40","948.81","1,20,69,184","11,45,13,80,722.10","2,39,717","54,31,652","45.00"
"ICICIBANK","EQ","07-Jul-2023","959.40","953.00","955.05","943.80","944.95","946.40","949.99","85,93,807","8,16,39,98,786.25","2,05,348","47,72,725","55.54"
"ICICIBANK","EQ","06-Jul-2023","958.00","954.70","963.90","954.00","958.00","959.40","959.75","1,63,34,427","15,67,69,48,689.65","2,65,389","69,51,795","42.56"
"ICICIBANK","EQ","05-Jul-2023","944.70","942.05","964.75","941.00","959.40","958.00","959.34","1,38,17,767","13,25,60,00,056.30","2,36,282","58,35,096","42.23"
"ICICIBANK","EQ","04-Jul-2023","942.55","947.25","951.30","942.00","944.55","944.70","946.50","1,40,41,699","13,29,04,39,502.70","2,30,684","55,67,115","39.65"
"ICICIBANK","EQ","03-Jul-2023","934.60","937.00","945.75","936.50","942.95","942.55","942.96","1,23,50,359","11,64,59,37,223.35","2,80,788","71,91,470","58.23"
"ICICIBANK","EQ","30-Jun-2023","937.45","940.50","942.20","930.65","934.00","934.60","934.58","1,38,43,218","12,93,75,38,588.05","2,38,313","97,40,979","70.37"
"ICICIBANK","EQ","28-Jun-2023","936.10","944.00","944.00","934.30","939.95","937.45","938.91","2,57,08,001","24,13,76,27,542.55","3,15,439","1,23,89,281","48.19"
"ICICIBANK","EQ","27-Jun-2023","927.45","930.00","939.95","922.20","939.50","936.10","929.69","1,34,22,726","12,47,89,87,767.95","2,12,409","84,71,994","63.12"
"ICICIBANK","EQ","26-Jun-2023","923.50","927.10","931.80","923.20","927.00","927.45","926.74","1,17,49,040","10,88,83,55,748.15","1,95,374","77,29,710","65.79"
"ICICIBANK","EQ","23-Jun-2023","925.75","926.05","931.90","919.00","923.90","923.50","924.42","87,67,733","8,10,50,50,233.05","1,55,655","29,61,310","33.78"
"ICICIBANK","EQ","22-Jun-2023","924.70","924.40","935.55","920.70","925.70","925.75","930.42","2,72,91,569","25,39,25,94,584.00","2,15,747","54,86,085","20.10"
"ICICIBANK","EQ","21-Jun-2023","925.55","928.00","928.40","920.00","925.00","924.70","923.80","92,10,553","8,50,87,10,895.75","1,57,330","37,66,988","40.90"
"ICICIBANK","EQ","20-Jun-2023","923.15","920.95","928.55","914.80","928.20","925.55","919.93","1,52,12,286","13,99,41,75,555.45","2,87,355","70,46,483","46.32"
"ICICIBANK","EQ","19-Jun-2023","934.20","933.50","933.95","918.70","922.35","923.15","923.17","1,93,51,375","17,86,45,88,448.55","2,82,056","75,25,806","38.89"
"ICICIBANK","EQ","16-Jun-2023","926.60","929.30","937.75","927.00","934.05","934.20","932.02","1,12,49,387","10,48,46,57,237.25","1,66,192","63,55,075","56.49"
"ICICIBANK","EQ","15-Jun-2023","939.80","940.70","942.95","924.35","927.00","926.60","932.03","1,93,66,819","18,05,05,35,655.75","1,96,189","63,80,876","32.95"
"ICICIBANK","EQ","14-Jun-2023","943.55","946.05","946.95","936.25","939.15","939.80","938.69","1,34,89,262","12,66,22,98,905.90","1,61,261","71,33,576","52.88"
"ICICIBANK","EQ","13-Jun-2023","935.95","935.90","946.25","934.10","943.75","943.55","940.17","1,35,28,776","12,71,93,34,878.30","1,84,244","51,23,245","37.87"
"ICICIBANK","EQ","12-Jun-2023","938.05","938.00","943.50","933.30","936.70","935.95","938.60","1,05,20,125","9,87,42,19,363.85","1,63,744","44,95,674","42.73"
"ICICIBANK","EQ","09-Jun-2023","937.90","941.40","944.00","936.20","939.00","938.05","939.36","1,22,53,128","11,51,00,47,267.80","1,60,590","50,41,613","41.15"
"ICICIBANK","EQ","08-Jun-2023","940.20","936.60","950.50","935.20","938.95","937.90","943.61","1,76,08,140","16,61,52,68,439.75","1,91,521","44,67,667","25.37"
"ICICIBANK","EQ","07-Jun-2023","942.10","944.35","945.85","933.80","940.00","940.20","937.88","1,64,86,469","15,46,23,69,201.45","2,01,193","55,62,271","33.74"
"ICICIBANK","EQ","06-Jun-2023","946.75","946.50","947.80","938.10","942.60","942.10","941.11","1,18,94,330","11,19,38,69,092.55","1,40,147","38,28,216","32.19"
"ICICIBANK","EQ","05-Jun-2023","938.15","943.00","951.80","943.00","947.00","946.75","948.39","1,07,51,684","10,19,67,45,923.25","1,24,104","25,00,361","23.26"
"ICICIBANK","EQ","02-Jun-2023","936.10","943.00","944.65","935.05","936.60","938.15","939.61","1,24,94,376","11,73,99,02,972.45","2,02,054","49,00,317","39.22"
"ICICIBANK","EQ","01-Jun-2023","949.15","954.25","954.25","932.80","936.45","936.10","946.03","2,16,50,700","20,48,22,35,167.70","1,99,559","43,44,533","20.07"
"ICICIBANK","EQ","31-May-2023","949.95","949.50","952.00","940.50","951.30","949.15","946.37","2,72,54,425","25,79,26,57,193.20","1,96,047","1,21,63,846","44.63"
"ICICIBANK","EQ","30-May-2023","948.15","945.35","952.30","944.65","951.35","949.95","948.19","1,84,83,624","17,52,59,24,428.00","1,65,705","50,95,077","27.57"
"ICICIBANK","EQ","29-May-2023","950.70","953.85","957.60","946.80","948.15","948.15","951.73","1,21,08,079","11,52,36,05,997.05","1,54,665","41,63,616","34.39"
"ICICIBANK","EQ","26-May-2023","939.85","939.80","952.45","935.55","950.50","950.70","944.90","1,09,57,182","10,35,33,99,956.05","1,16,316","28,42,350","25.94"
"ICICIBANK","EQ","25-May-2023","940.65","937.00","941.60","932.95","939.40","939.85","937.68","1,93,28,582","18,12,41,13,002.95","1,65,933","54,34,226","28.11"
"ICICIBANK","EQ","24-May-2023","953.40","946.70","953.85","938.50","941.10","940.65","948.39","1,80,49,620","17,11,81,11,862.45","1,56,440","50,58,988","28.03"
"ICICIBANK","EQ","23-May-2023","950.35","952.00","958.85","945.00","951.00","953.40","954.55","1,65,79,935","15,82,63,84,807.30","1,79,712","59,76,229","36.04"
"ICICIBANK","EQ","22-May-2023","954.30","951.05","954.25","946.15","948.50","950.35","950.48","1,55,09,525","14,74,15,19,452.50","1,74,326","29,18,539","18.82"
"ICICIBANK","EQ","19-May-2023","946.50","951.45","956.00","941.60","954.00","954.30","948.41","1,54,27,412","14,63,14,54,419.20","2,56,936","44,57,516","28.89"
"ICICIBANK","EQ","18-May-2023","939.35","947.95","952.25","942.10","946.50","946.50","947.09","2,15,50,141","20,40,98,47,199.75","2,09,338","51,63,840","23.96"
"ICICIBANK","EQ","17-May-2023","946.35","947.30","948.40","935.80","942.40","939.35","941.45","1,92,73,344","18,14,49,12,091.25","2,49,139","66,32,984","34.42"
"ICICIBANK","EQ","16-May-2023","945.75","950.00","952.20","943.00","944.30","946.35","948.71","1,96,12,293","18,60,63,05,163.90","2,26,076","65,10,403","33.20"
"ICICIBANK","EQ","15-May-2023","943.90","943.75","949.00","938.20","944.15","945.75","944.97","1,04,53,762","9,87,84,68,196.25","1,64,481","33,09,735","31.66"
"ICICIBANK","EQ","12-May-2023","939.20","939.75","948.00","935.10","943.50","943.90","940.76","1,38,73,480","13,05,15,98,098.95","1,97,789","40,40,266","29.12"
"ICICIBANK","EQ","11-May-2023","936.05","940.05","947.00","933.85","939.65","939.20","940.72","2,00,27,372","18,84,01,64,285.90","2,13,605","44,33,797","22.14"
"ICICIBANK","EQ","10-May-2023","934.40","934.60","941.00","928.25","936.60","936.05","933.75","2,59,10,923","24,19,42,53,986.15","2,10,957","71,46,365","27.58"
"ICICIBANK","EQ","09-May-2023","937.90","941.00","945.00","931.80","934.00","934.40","939.45","2,15,07,610","20,20,52,19,030.00","1,97,816","55,37,901","25.75"
"ICICIBANK","EQ","08-May-2023","926.95","927.00","941.70","927.00","937.85","937.90","938.29","1,86,23,913","17,47,45,48,902.45","1,73,542","43,06,643","23.12"
"ICICIBANK","EQ","05-May-2023","921.70","925.00","942.45","923.45","927.00","926.95","933.17","1,90,02,035","17,73,21,72,083.15","2,33,042","65,86,561","34.66"
"ICICIBANK","EQ","04-May-2023","922.85","920.00","923.90","911.80","920.10","921.70","917.17","2,04,85,002","18,78,82,28,239.40","1,82,779","39,68,637","19.37"
"ICICIBANK","EQ","03-May-2023","922.10","919.55","923.85","911.55","921.70","922.85","917.93","1,87,15,142","17,17,92,60,633.20","1,93,633","48,06,434","25.68"
"ICICIBANK","EQ","02-May-2023","917.65","924.00","925.80","918.70","921.95","922.10","922.52","1,75,15,017","16,15,80,17,786.15","1,71,814","48,73,474","27.82"
"ICICIBANK","EQ","28-Apr-2023","918.35","915.10","920.45","910.25","919.30","917.65","914.70","2,03,81,002","18,64,24,98,731.80","2,06,736","53,22,207","26.11"
"ICICIBANK","EQ","27-Apr-2023","914.95","909.50","919.90","908.55","917.60","918.35","915.76","2,58,35,108","23,65,87,35,545.70","2,01,239","34,69,422","13.43"
"ICICIBANK","EQ","26-Apr-2023","913.45","911.45","916.95","905.75","916.00","914.95","911.65","3,03,71,555","27,68,83,22,157.80","2,03,559","51,25,999","16.88"
"ICICIBANK","EQ","25-Apr-2023","904.75","906.30","916.00","903.10","913.20","913.45","910.82","4,13,83,839","37,69,30,89,217.55","3,48,026","89,18,146","21.55"
"ICICIBANK","EQ","24-Apr-2023","885.65","905.00","906.50","895.00","905.30","904.75","901.44","3,08,81,665","27,83,78,92,551.70","3,14,794","86,15,384","27.90"
"ICICIBANK","EQ","21-Apr-2023","894.40","894.55","900.70","882.40","887.60","885.65","892.06","2,95,78,071","26,38,55,57,760.90","1,91,343","91,90,263","31.07"
"ICICIBANK","EQ","20-Apr-2023","891.90","892.25","899.30","889.20","894.10","894.40","893.52","1,69,99,919","15,18,98,25,560.90","1,42,458","21,79,716","12.82"
"ICICIBANK","EQ","19-Apr-2023","896.85","895.90","896.90","887.25","892.10","891.90","891.12","2,43,77,956","21,72,36,99,310.75","1,86,782","48,94,724","20.08"
"ICICIBANK","EQ","18-Apr-2023","901.30","907.95","907.95","894.10","896.00","896.85","900.06","2,66,99,379","24,03,09,81,838.10","2,11,374","50,40,657","18.88"
"ICICIBANK","EQ","17-Apr-2023","899.00","917.30","917.30","893.15","899.60","901.30","900.34","2,99,57,514","26,97,19,74,096.80","2,18,944","66,39,181","22.16"
"ICICIBANK","EQ","13-Apr-2023","890.15","891.10","901.65","886.50","898.00","899.00","893.75","3,44,39,635","30,78,02,77,208.20","2,27,426","51,18,927","14.86"
"ICICIBANK","EQ","12-Apr-2023","881.90","883.45","892.00","880.30","891.00","890.15","885.61","2,26,86,032","20,09,09,85,489.55","1,74,718","39,66,206","17.48"
"ICICIBANK","EQ","11-Apr-2023","868.45","873.70","885.60","865.00","882.90","881.90","879.62","3,95,04,022","34,74,86,90,519.10","2,73,420","1,10,96,870","28.09"
"ICICIBANK","EQ","10-Apr-2023","875.00","880.05","882.80","864.40","867.40","868.45","871.82","3,09,06,205","26,94,45,42,002.85","2,00,100","66,18,750","21.42"
"ICICIBANK","EQ","06-Apr-2023","884.60","882.00","890.10","872.70","875.00","875.00","879.57","2,60,42,745","22,90,63,29,314.65","2,54,836","42,20,954","16.21"
"ICICIBANK","EQ","05-Apr-2023","883.80","886.60","887.75","874.00","885.00","884.60","881.05","2,10,68,934","18,56,27,12,710.80","1,98,760","47,37,031","22.48"
"ICICIBANK","EQ","03-Apr-2023","877.25","880.20","887.10","868.85","884.50","883.80","877.16","2,64,16,933","23,17,18,77,331.15","2,27,883","51,60,214","19.53"
"ICICIBANK","EQ","31-Mar-2023","851.00","861.95","881.00","858.50","876.90","877.25","874.98","2,57,39,021","22,52,10,29,030.15","2,79,968","75,90,353","29.49"
"ICICIBANK","EQ","29-Mar-2023","854.75","857.05","862.10","848.00","855.00","851.00","854.88","3,48,81,515","29,81,94,16,000.65","2,85,499","1,47,67,286","42.34"
"ICICIBANK","EQ","28-Mar-2023","848.70","855.55","858.90","848.20","856.90","854.75","853.35","2,44,69,018","20,88,07,09,975.30","2,08,296","52,46,179","21.44"
"ICICIBANK","EQ","27-Mar-2023","852.40","854.95","856.40","844.05","846.90","848.70","849.34","1,70,47,675","14,47,91,94,037.90","2,18,983","33,75,671","19.80"
"ICICIBANK","EQ","24-Mar-2023","855.45","852.50","860.00","849.15","851.45","852.40","854.95","1,72,95,696","14,78,69,27,519.65","1,98,327","38,72,814","22.39"
"ICICIBANK","EQ","23-Mar-2023","860.20","857.00","867.45","852.80","854.10","855.45","862.06","1,79,20,621","15,44,86,61,801.95","2,14,120","75,75,584","42.27"
"ICICIBANK","EQ","22-Mar-2023","852.40","857.65","862.55","851.00","858.15","860.20","856.36","1,74,31,520","14,92,76,07,314.90","1,56,728","71,01,324","40.74"
"ICICIBANK","EQ","21-Mar-2023","836.45","843.00","854.50","839.05","851.75","852.40","846.11","1,87,55,854","15,86,94,62,815.95","2,24,691","66,40,570","35.41"
"ICICIBANK","EQ","20-Mar-2023","836.25","837.00","837.80","825.00","836.85","836.45","830.52","1,48,38,651","12,32,37,76,072.30","2,78,069","56,93,751","38.37"
"ICICIBANK","EQ","17-Mar-2023","823.90","831.80","838.40","818.65","838.00","836.25","828.45","1,11,04,490","9,19,95,38,620.00","2,31,625","50,46,765","45.45"
"ICICIBANK","EQ","16-Mar-2023","825.90","829.70","831.30","810.30","825.55","823.90","821.20","1,49,87,868","12,30,80,61,095.50","4,21,367","74,37,607","49.62"
"ICICIBANK","EQ","15-Mar-2023","830.35","836.45","843.95","822.20","823.40","825.90","833.09","1,29,14,488","10,75,89,85,936.30","1,91,124","31,84,487","24.66"
"ICICIBANK","EQ","14-Mar-2023","828.40","827.00","834.45","818.25","832.50","830.35","825.99","1,54,56,802","12,76,70,98,939.30","2,63,294","65,53,158","42.40"
"ICICIBANK","EQ","13-Mar-2023","842.65","841.45","855.30","823.95","830.00","828.40","841.10","1,64,13,159","13,80,51,60,212.15","2,65,017","60,81,479","37.05"
"ICICIBANK","EQ","10-Mar-2023","855.95","844.70","845.35","836.25","842.15","842.65","842.84","1,72,73,189","14,55,85,64,028.95","2,22,667","68,90,905","39.89"
"ICICIBANK","EQ","09-Mar-2023","872.10","867.20","869.80","854.15","856.40","855.95","862.74","1,06,24,440","9,16,61,63,272.80","1,74,754","53,13,701","50.01"
"ICICIBANK","EQ","08-Mar-2023","867.75","866.65","873.65","861.50","872.00","872.10","866.21","1,61,44,568","13,98,45,06,148.35","2,11,371","63,97,127","39.62"
"ICICIBANK","EQ","06-Mar-2023","868.55","871.75","876.85","865.35","868.60","867.75","870.34","1,39,04,231","12,10,14,44,323.30","1,88,956","49,98,588","35.95"
"ICICIBANK","EQ","03-Mar-2023","854.00","856.75","873.00","849.85","866.50","868.55","866.99","1,28,23,098","11,11,75,45,319.00","2,00,269","59,29,044","46.24"
"ICICIBANK","EQ","02-Mar-2023","856.30","853.00","861.85","851.10","852.10","854.00","858.06","1,23,27,141","10,57,74,65,279.10","1,86,314","49,75,761","40.36"
"ICICIBANK","EQ","01-Mar-2023","854.85","864.00","864.00","851.85","856.10","856.30","857.22","1,10,15,843","9,44,30,55,261.20","2,17,804","50,69,489","46.02"
"ICICIBANK","EQ","28-Feb-2023","856.40","854.90","858.00","850.00","854.15","854.85","853.72","1,96,00,146","16,73,30,73,110.85","2,08,771","1,04,12,171","53.12"
"ICICIBANK","EQ","27-Feb-2023","839.70","833.55","858.30","833.55","857.90","856.40","848.93","1,44,22,574","12,24,37,99,621.55","2,05,067","72,00,717","49.93"
"ICICIBANK","EQ","24-Feb-2023","839.75","843.95","845.60","835.55","839.95","839.70","840.26","82,46,139","6,92,89,11,922.70","1,74,647","46,66,288","56.59"
"ICICIBANK","EQ","23-Feb-2023","839.25","836.55","844.45","833.55","840.70","839.75","838.70","1,17,43,574","9,84,93,07,806.70","1,65,727","54,35,929","46.29"
"ICICIBANK","EQ","22-Feb-2023","854.20","851.25","854.10","834.75","837.45","839.25","844.61","1,38,80,984","11,72,40,69,965.10","1,90,655","65,33,847","47.07"
"ICICIBANK","EQ","21-Feb-2023","852.10","854.40","859.45","846.85","854.85","854.20","853.57","1,17,04,445","9,99,05,67,240.30","2,33,352","44,01,063","37.60"
"ICICIBANK","EQ","20-Feb-2023","862.65","862.65","866.55","850.25","853.15","852.10","857.70","90,13,430","7,73,08,21,931.20","1,83,409","40,03,795","44.42"
"ICICIBANK","EQ","17-Feb-2023","869.45","867.55","867.55","855.15","862.00","862.65","861.24","99,90,618","8,60,43,55,548.40","1,66,073","40,82,732","40.87"
"ICICIBANK","EQ","16-Feb-2023","870.80","875.95","877.80","864.85","866.85","869.45","872.17","1,07,15,685","9,34,59,45,594.45","2,94,581","73,47,668","68.57"
"ICICIBANK","EQ","15-Feb-2023","865.30","866.40","873.25","860.60","872.40","870.80","865.09","1,20,70,288","10,44,18,97,134.05","1,94,686","81,71,234","67.70"
"ICICIBANK","EQ","14-Feb-2023","850.65","853.90","867.30","852.10","865.00","865.30","859.91","1,34,02,934","11,52,52,83,230.70","2,37,450","82,29,963","61.40"
"ICICIBANK","EQ","13-Feb-2023","853.85","853.40","859.30","849.35","849.50","850.65","853.79","93,94,365","8,02,08,54,846.10","1,53,234","61,42,206","65.38"
"ICICIBANK","EQ","10-Feb-2023","860.80","855.55","861.90","852.00","855.40","853.85","856.06","86,56,405","7,41,04,35,746.50","2,99,200","59,87,802","69.17"
"ICICIBANK","EQ","09-Feb-2023","859.10","858.50","864.90","851.60","860.50","860.80","859.62","62,99,265","5,41,49,77,210.15","1,14,269","42,82,673","67.99"
"ICICIBANK","EQ","08-Feb-2023","852.75","852.50","860.70","851.90","856.55","859.10","857.02","80,82,983","6,92,73,05,066.30","1,51,665","53,15,932","65.77"
"ICICIBANK","EQ","07-Feb-2023","853.70","855.00","856.00","847.20","852.10","852.75","851.64","93,37,066","7,95,17,99,843.00","1,59,808","62,15,861","66.57"
"ICICIBANK","EQ","06-Feb-2023","863.80","861.50","867.80","849.65","856.30","853.70","855.18","84,63,833","7,23,80,82,471.85","1,72,873","53,07,080","62.70"
"ICICIBANK","EQ","03-Feb-2023","857.90","864.65","872.65","852.10","862.50","863.80","863.15","1,49,14,366","12,87,33,94,076.30","2,58,409","99,11,583","66.46"
"ICICIBANK","EQ","02-Feb-2023","847.95","828.40","860.60","826.10","857.05","857.90","846.44","1,67,98,190","14,21,87,22,020.65","2,70,719","98,81,479","58.82"
"ICICIBANK","EQ","01-Feb-2023","831.90","843.45","875.20","823.15","850.05","847.95","853.18","3,92,37,711","33,47,68,49,764.25","3,79,335","2,66,16,067","67.83"
"ICICIBANK","EQ","31-Jan-2023","823.50","826.00","838.30","814.10","835.00","831.90","827.51","2,72,91,226","22,58,37,83,062.65","3,50,859","1,88,91,874","69.22"
"ICICIBANK","EQ","30-Jan-2023","817.20","800.00","826.25","796.00","824.45","823.50","812.34","3,63,01,441","29,48,91,95,521.90","4,48,334","2,45,51,150","67.63"
"ICICIBANK","EQ","27-Jan-2023","855.30","839.15","843.00","813.10","818.25","817.20","823.50","3,97,18,683","32,70,85,02,959.15","5,33,517","3,04,54,164","76.67"
"ICICIBANK","EQ","25-Jan-2023","870.75","873.30","876.80","848.00","856.50","855.30","857.85","1,49,18,485","12,79,77,96,474.70","3,39,880","94,29,007","63.20"
"ICICIBANK","EQ","24-Jan-2023","871.70","879.00","881.70","868.00","871.95","870.75","873.20","1,15,04,090","10,04,54,11,021.55","2,42,240","82,44,152","71.66"
"ICICIBANK","EQ","23-Jan-2023","870.35","882.00","883.30","864.60","869.60","871.70","873.36","1,68,82,379","14,74,44,34,016.05","3,30,840","99,19,200","58.75"
"ICICIBANK","EQ","20-Jan-2023","866.15","873.50","876.50","865.55","871.65","870.35","870.69","81,27,162","7,07,62,27,350.10","1,64,516","43,95,392","54.08"
"ICICIBANK","EQ","19-Jan-2023","869.50","868.00","870.55","862.00","865.10","866.15","865.90","66,94,679","5,79,68,99,732.40","1,47,146","44,27,953","66.14"
"ICICIBANK","EQ","18-Jan-2023","865.15","864.45","872.00","858.65","870.25","869.50","866.74","1,13,13,898","9,80,62,32,660.85","2,11,640","77,87,299","68.83"
"ICICIBANK","EQ","17-Jan-2023","865.25","866.95","867.95","858.10","867.00","865.15","863.24","1,26,24,859","10,89,82,50,398.60","1,96,226","88,30,415","69.94"
"ICICIBANK","EQ","16-Jan-2023","873.45","877.25","877.45","861.05","865.00","865.25","868.11","83,19,812","7,22,25,29,787.90","1,59,291","52,08,807","62.61"
"ICICIBANK","EQ","13-Jan-2023","860.65","864.70","874.90","858.30","871.00","873.45","866.61","1,12,23,103","9,72,60,68,090.25","2,25,250","70,17,342","62.53"
"ICICIBANK","EQ","12-Jan-2023","866.30","865.50","869.35","854.95","862.75","860.65","859.42","1,66,59,001","14,31,71,57,904.20","2,59,039","1,17,68,553","70.64"
"ICICIBANK","EQ","11-Jan-2023","861.35","862.90","870.85","854.85","864.80","866.30","864.28","1,55,58,460","13,44,69,33,979.35","1,97,478","1,11,63,263","71.75"
"ICICIBANK","EQ","10-Jan-2023","873.35","875.40","878.40","856.60","862.95","861.35","864.58","1,34,70,142","11,64,60,33,495.35","2,15,543","98,12,958","72.85"
"ICICIBANK","EQ","09-Jan-2023","870.10","874.25","878.75","862.30","872.60","873.35","871.82","1,68,11,853","14,65,69,50,878.55","3,27,857","1,16,03,423","69.02"
"ICICIBANK","EQ","06-Jan-2023","879.15","878.95","878.95","860.50","870.50","870.10","867.75","1,48,04,613","12,84,67,29,988.40","3,48,623","1,08,80,703","73.50"
"ICICIBANK","EQ","05-Jan-2023","899.10","900.90","903.00","872.00","878.70","879.15","882.76","1,65,47,196","14,60,72,51,958.95","3,15,266","1,19,44,691","72.19"
"ICICIBANK","EQ","04-Jan-2023","901.35","899.00","907.90","894.80","897.65","899.10","900.40","1,24,54,582","11,21,40,98,871.85","1,90,863","88,32,116","70.91"
"ICICIBANK","EQ","03-Jan-2023","902.45","898.50","905.95","896.75","902.25","901.35","901.33","58,46,855","5,26,99,63,293.45","1,43,214","33,01,312","56.46"
"ICICIBANK","EQ","02-Jan-2023","890.85","894.00","907.00","894.00","902.90","902.45","902.29","43,15,403","3,89,37,36,998.30","1,11,275","16,86,057","39.07"
"ICICIBANK","EQ","30-Dec-2022","908.05","908.50","908.50","888.55","892.95","890.85","895.26","96,88,527","8,67,37,18,142.55","1,71,992","66,62,775","68.77"
"ICICIBANK","EQ","29-Dec-2022","898.95","897.90","923.35","889.35","908.00","908.05","901.32","1,19,94,220","10,81,06,76,472.85","1,85,537","84,93,964","70.82"
"ICICIBANK","EQ","28-Dec-2022","900.65","896.00","903.95","895.80","898.55","898.95","900.03","89,80,300","8,08,24,99,124.05","1,72,803","57,11,195","63.60"
"ICICIBANK","EQ","27-Dec-2022","893.20","897.70","902.75","888.20","902.40","900.65","894.77","49,94,381","4,46,88,25,838.65","1,40,858","23,62,626","47.31"
"ICICIBANK","EQ","26-Dec-2022","878.90","881.10","897.00","875.25","893.50","893.20","886.90","69,43,159","6,15,78,93,509.20","1,64,660","37,97,589","54.70"
"ICICIBANK","EQ","23-Dec-2022","890.65","883.05","889.65","875.30","877.60","878.90","882.07","1,10,59,215","9,75,49,83,095.10","2,12,266","66,06,945","59.74"
"ICICIBANK","EQ","22-Dec-2022","892.25","900.50","903.85","886.35","890.40","890.65","891.61","97,88,367","8,72,73,87,624.60","1,93,085","56,77,336","58.00"
"ICICIBANK","EQ","21-Dec-2022","909.70","910.25","915.85","887.00","893.60","892.25","899.25","1,13,41,147","10,19,85,07,174.85","2,04,493","70,60,069","62.25"
"ICICIBANK","EQ","20-Dec-2022","906.45","906.00","912.45","895.70","910.30","909.70","902.50","63,84,331","5,76,18,75,439.25","1,70,377","37,53,703","58.80"
"ICICIBANK","EQ","19-Dec-2022","902.00","908.00","910.60","901.15","906.95","906.45","905.59","70,15,083","6,35,28,14,383.75","1,71,206","43,60,753","62.16"
"ICICIBANK","EQ","16-Dec-2022","908.80","905.50","913.70","899.65","904.80","902.00","904.37","91,57,260","8,28,15,55,244.65","1,64,054","56,74,148","61.96"
"ICICIBANK","EQ","15-Dec-2022","921.75","916.00","919.90","905.00","905.75","908.80","915.06","89,29,748","8,17,12,68,105.35","2,23,689","57,83,490","64.77"
"ICICIBANK","EQ","14-Dec-2022","932.95","936.00","936.05","920.00","921.00","921.75","926.88","1,23,19,827","11,41,89,77,888.25","2,51,119","93,22,349","75.67"
"ICICIBANK","EQ","13-Dec-2022","930.30","929.50","935.90","927.80","932.65","932.95","932.16","1,04,15,140","9,70,85,26,755.65","2,14,803","76,90,955","73.84"
"ICICIBANK","EQ","12-Dec-2022","929.90","925.05","933.90","925.05","931.45","930.30","929.49","84,93,863","7,89,49,65,642.05","1,86,060","59,06,509","69.54"
"ICICIBANK","EQ","09-Dec-2022","931.90","932.00","934.80","925.05","930.25","929.90","929.77","95,75,331","8,90,28,41,019.45","1,98,805","70,70,548","73.84"
"ICICIBANK","EQ","08-Dec-2022","922.15","925.00","933.55","923.80","933.20","931.90","928.62","1,01,36,870","9,41,32,60,723.95","2,30,964","72,41,231","71.43"
"ICICIBANK","EQ","07-Dec-2022","922.65","922.00","933.20","920.65","923.00","922.15","925.10","1,56,75,663","14,50,15,90,969.30","2,93,451","1,13,26,139","72.25"
"ICICIBANK","EQ","06-Dec-2022","933.60","925.00","929.75","920.20","922.30","922.65","923.50","1,82,20,912","16,82,69,84,129.25","2,97,290","1,48,02,682","81.24"
"ICICIBANK","EQ","05-Dec-2022","930.60","937.00","937.00","928.40","933.90","933.60","932.34","1,09,84,608","10,24,14,03,399.55","2,52,201","82,58,310","75.18"
"ICICIBANK","EQ","02-Dec-2022","940.20","928.25","934.50","926.10","929.00","930.60","929.76","1,42,28,874","13,22,93,70,582.80","2,85,525","1,06,40,084","74.78"
"ICICIBANK","EQ","01-Dec-2022","952.90","956.00","957.00","936.25","939.45","940.20","943.02","1,59,20,653","15,01,35,57,080.95","3,57,956","1,10,04,525","69.12"
"ICICIBANK","EQ","30-Nov-2022","946.75","948.05","958.20","941.00","952.50","952.90","949.62","2,08,58,573","19,80,77,99,762.10","2,80,362","1,56,10,880","74.84"
"ICICIBANK","EQ","29-Nov-2022","937.40","933.55","949.90","933.55","946.85","946.75","947.15","1,30,96,845","12,40,46,81,919.65","2,44,003","98,04,723","74.86"
"ICICIBANK","EQ","28-Nov-2022","930.30","924.00","943.80","923.95","936.25","937.40","937.26","93,81,474","8,79,28,94,852.00","1,76,335","68,80,685","73.34"
"ICICIBANK","EQ","25-Nov-2022","938.85","940.30","942.90","927.50","930.00","930.30","933.39","98,15,055","9,16,12,51,493.10","1,35,171","72,60,705","73.98"
"ICICIBANK","EQ","24-Nov-2022","927.45","927.55","940.65","927.55","939.00","938.85","934.54","1,08,44,395","10,13,45,61,085.30","1,64,966","75,99,527","70.08"
"ICICIBANK","EQ","23-Nov-2022","923.70","927.00","931.85","923.70","926.50","927.45","927.21","1,09,59,704","10,16,19,73,011.95","1,45,719","87,11,945","79.49"
"ICICIBANK","EQ","22-Nov-2022","921.40","923.75","926.50","920.40","922.65","923.70","924.17","1,12,56,509","10,40,29,63,206.05","1,73,058","86,63,053","76.96"
"ICICIBANK","EQ","21-Nov-2022","920.35","914.05","924.80","914.05","921.00","921.40","921.41","92,45,704","8,51,90,92,468.35","1,61,261","65,17,725","70.49"
"ICICIBANK","EQ","18-Nov-2022","919.80","919.80","922.00","910.55","921.00","920.35","915.43","1,08,74,061","9,95,44,73,141.40","2,27,721","78,09,313","71.82"
"ICICIBANK","EQ","17-Nov-2022","913.60","913.00","922.30","910.35","919.00","919.80","919.26","1,25,84,194","11,56,81,99,753.85","1,81,213","91,41,828","72.65"
"ICICIBANK","EQ","16-Nov-2022","911.70","912.55","918.10","908.10","912.75","913.60","912.91","1,30,08,311","11,87,54,76,243.80","1,89,926","89,43,872","68.76"
"ICICIBANK","EQ","15-Nov-2022","894.95","900.55","913.65","898.80","913.20","911.70","907.00","1,51,76,911","13,76,54,21,493.50","2,17,251","1,07,43,670","70.79"
"ICICIBANK","BL","14-Nov-2022","926.30","906.55","906.55","906.55","906.55","906.55","906.55","72,79,023","6,59,87,98,300.65","1","-","-"
"ICICIBANK","EQ","14-Nov-2022","906.55","905.00","906.55","891.25","894.10","894.95","895.92","1,26,41,308","11,32,55,65,904.75","2,58,453","89,10,658","70.49"
"ICICIBANK","EQ","11-Nov-2022","910.70","925.90","928.00","903.50","907.35","906.55","911.75","1,79,21,457","16,33,98,58,260.10","2,58,767","1,23,96,851","69.17"
"ICICIBANK","EQ","10-Nov-2022","910.50","907.55","912.95","903.95","910.00","910.70","908.10","1,00,09,741","9,08,98,81,670.65","1,91,241","70,89,188","70.82"
"ICICIBANK","EQ","09-Nov-2022","917.50","920.00","921.90","905.75","907.45","910.50","911.38","1,15,90,409","10,56,32,12,738.35","1,75,038","70,82,974","61.11"
"ICICIBANK","EQ","07-Nov-2022","905.30","910.25","920.10","903.45","917.30","917.50","911.72","1,11,00,219","10,12,02,50,714.55","1,62,745","79,92,154","72.00"
"ICICIBANK","EQ","04-Nov-2022","908.65","906.30","913.40","900.20","907.10","905.30","905.98","70,99,336","6,43,18,50,112.45","1,39,696","46,35,901","65.30"
"ICICIBANK","EQ","03-Nov-2022","904.70","901.05","913.85","897.05","909.00","908.65","906.69","90,22,366","8,18,04,80,595.10","1,82,971","50,75,752","56.26"
"ICICIBANK","EQ","02-Nov-2022","908.60","920.60","920.75","902.35","904.00","904.70","907.25","76,90,974","6,97,76,21,950.40","1,09,846","46,61,671","60.61"
"ICICIBANK","EQ","01-Nov-2022","908.70","921.00","921.00","899.55","908.25","908.60","908.90","98,23,761","8,92,87,68,972.20","1,64,172","60,98,487","62.08"
"ICICIBANK","EQ","31-Oct-2022","907.85","912.60","917.05","904.60","908.75","908.70","908.96","90,00,840","8,18,14,33,290.85","1,33,238","60,99,509","67.77"
"ICICIBANK","EQ","28-Oct-2022","924.40","918.00","927.50","901.00","909.25","907.85","909.80","98,54,094","8,96,52,14,205.10","2,02,171","60,39,032","61.28"
"ICICIBANK","EQ","27-Oct-2022","925.05","926.05","933.70","920.25","924.00","924.40","926.31","1,60,80,842","14,89,58,63,319.95","2,55,886","1,13,05,647","70.31"
"ICICIBANK","EQ","25-Oct-2022","926.30","942.05","943.25","922.95","924.00","925.05","931.85","1,58,38,120","14,75,86,88,905.35","2,49,408","91,68,086","57.89"
"ICICIBANK","BL","25-Oct-2022","881.75","926.30","926.30","926.30","926.30","926.30","926.30","39,16,127","3,62,75,08,440.10","1","-","-"
"ICICIBANK","EQ","24-Oct-2022","907.15","925.00","933.50","917.60","933.25","926.30","924.36","43,90,050","4,05,79,80,845.85","71,954","14,66,761","33.41"
"ICICIBANK","EQ","21-Oct-2022","888.65","888.00","910.00","885.70","909.80","907.15","902.83","1,70,22,807","15,36,87,60,177.85","2,27,093","1,12,81,801","66.27"
"ICICIBANK","EQ","20-Oct-2022","892.10","889.70","893.30","880.10","891.50","888.65","885.65","81,07,159","7,18,01,42,054.15","1,60,085","49,99,234","61.66"
"ICICIBANK","EQ","19-Oct-2022","896.90","900.05","900.65","885.55","891.15","892.10","892.22","55,29,462","4,93,35,22,965.65","1,14,646","27,47,453","49.69"
"ICICIBANK","EQ","18-Oct-2022","885.20","896.05","900.70","891.15","896.40","896.90","895.57","80,97,552","7,25,19,49,045.75","1,43,886","42,61,945","52.63"
"ICICIBANK","EQ","17-Oct-2022","870.25","872.00","887.50","868.55","886.50","885.20","881.18","89,36,947","7,87,50,66,442.95","1,70,160","43,47,350","48.64"
"ICICIBANK","EQ","14-Oct-2022","853.60","883.80","883.80","868.55","872.00","870.25","872.33","81,99,540","7,15,27,30,568.25","1,42,205","45,61,607","55.63"
"ICICIBANK","EQ","13-Oct-2022","868.35","862.35","865.45","850.50","854.00","853.60","858.89","1,15,63,124","9,93,14,65,584.75","1,40,406","63,25,596","54.70"
"ICICIBANK","EQ","12-Oct-2022","870.60","867.95","871.70","861.50","867.85","868.35","865.03","1,45,57,532","12,59,27,10,781.60","1,93,111","89,65,377","61.59"
"ICICIBANK","EQ","11-Oct-2022","881.75","883.25","883.25","865.45","866.55","870.60","875.95","1,11,30,051","9,74,93,41,477.60","1,61,261","75,71,458","68.03"
"ICICIBANK","BL","11-Oct-2022","862.00","881.75","881.75","881.75","881.75","881.75","881.75","60,17,830","5,30,62,21,602.50","1","-","-"
"ICICIBANK","EQ","10-Oct-2022","882.55","872.00","889.80","870.70","881.80","881.75","880.14","73,57,588","6,47,56,91,854.35","1,38,552","42,41,871","57.65"
"ICICIBANK","EQ","07-Oct-2022","885.45","877.20","884.50","872.80","883.25","882.55","878.09","97,05,750","8,52,25,16,082.95","1,52,298","69,45,671","71.56"
"ICICIBANK","EQ","06-Oct-2022","867.65","873.05","891.70","873.05","885.40","885.45","884.75","1,21,16,698","10,72,02,89,234.00","2,31,402","74,22,223","61.26"
"ICICIBANK","EQ","04-Oct-2022","848.35","865.00","872.65","860.10","868.00","867.65","867.99","89,75,095","7,79,02,75,639.05","1,50,804","61,02,225","67.99"
"ICICIBANK","BL","03-Oct-2022","838.20","862.00","862.00","862.00","862.00","862.00","862.00","60,21,387","5,19,04,35,594.00","1","-","-"
"ICICIBANK","EQ","03-Oct-2022","862.00","859.70","860.95","845.70","846.45","848.35","851.72","82,32,026","7,01,14,16,757.00","1,70,509","54,39,994","66.08"
"ICICIBANK","EQ","30-Sep-2022","843.90","843.90","867.05","837.50","866.80","862.00","855.84","1,31,75,031","11,27,57,79,669.25","2,45,257","79,11,537","60.05"
"ICICIBANK","EQ","29-Sep-2022","849.50","858.00","861.60","841.10","844.00","843.90","847.83","1,38,03,629","11,70,31,34,585.85","2,87,382","94,76,368","68.65"
"ICICIBANK","EQ","28-Sep-2022","852.55","844.00","863.25","844.00","848.90","849.50","854.48","1,14,11,458","9,75,08,26,226.65","1,85,710","68,99,411","60.46"
"ICICIBANK","EQ","27-Sep-2022","861.05","864.95","874.85","848.60","858.00","852.55","857.64","1,24,93,809","10,71,51,53,529.50","2,14,752","83,17,892","66.58"
"ICICIBANK","EQ","26-Sep-2022","882.25","870.00","877.90","859.20","861.00","861.05","866.07","1,42,08,640","12,30,56,37,953.95","3,27,078","98,57,802","69.38"
"ICICIBANK","EQ","23-Sep-2022","903.40","901.70","904.90","878.75","883.90","882.25","888.24","1,59,27,517","14,14,74,16,773.20","2,56,991","1,06,33,901","66.76"
"ICICIBANK","EQ","22-Sep-2022","915.25","906.00","911.70","895.30","902.75","903.40","904.27","1,11,25,669","10,06,05,77,917.60","1,68,936","74,37,921","66.85"
"ICICIBANK","EQ","21-Sep-2022","916.75","912.00","917.00","905.65","916.75","915.25","913.17","89,17,640","8,14,33,09,882.25","1,33,616","57,79,904","64.81"
"ICICIBANK","EQ","20-Sep-2022","899.20","909.20","922.50","907.35","916.10","916.75","918.54","1,20,90,663","11,10,57,92,368.85","1,90,619","86,24,950","71.34"
"ICICIBANK","EQ","19-Sep-2022","909.10","904.95","912.50","895.35","902.00","899.20","903.11","1,12,35,656","10,14,70,48,716.25","1,87,181","74,05,236","65.91"
"ICICIBANK","EQ","16-Sep-2022","917.60","914.90","917.60","905.20","911.35","909.10","910.26","1,19,66,860","10,89,29,64,390.55","1,99,108","84,08,878","70.27"
"ICICIBANK","EQ","15-Sep-2022","918.10","920.00","936.65","915.75","917.00","917.60","923.17","1,62,53,099","15,00,43,84,616.20","3,12,531","1,04,30,661","64.18"
"ICICIBANK","EQ","14-Sep-2022","910.00","898.25","922.25","898.05","919.00","918.10","915.39","1,47,12,947","13,46,80,57,510.15","2,28,766","93,04,663","63.24"
"ICICIBANK","EQ","13-Sep-2022","907.20","913.95","913.95","905.30","909.20","910.00","908.67","1,04,00,475","9,45,06,45,891.55","1,43,712","77,30,067","74.32"
"ICICIBANK","EQ","12-Sep-2022","901.25","905.05","908.90","902.80","907.00","907.20","905.92","60,16,978","5,45,09,05,106.00","1,85,502","38,06,298","63.26"
"ICICIBANK","EQ","09-Sep-2022","898.80","910.15","911.95","897.70","901.75","901.25","903.27","99,36,230","8,97,50,58,998.30","2,29,382","60,35,958","60.75"
"ICICIBANK","EQ","08-Sep-2022","876.20","885.50","900.80","885.50","899.60","898.80","896.74","1,21,63,106","10,90,71,79,000.60","1,95,229","63,03,272","51.82"
"ICICIBANK","EQ","07-Sep-2022","883.65","878.55","882.65","872.50","876.90","876.20","876.73","88,14,960","7,72,83,34,707.35","1,56,786","56,41,576","64.00"
"ICICIBANK","EQ","06-Sep-2022","882.45","882.50","889.95","878.10","884.00","883.65","885.28","98,79,326","8,74,59,70,096.60","1,38,740","59,98,607","60.72"
"ICICIBANK","EQ","05-Sep-2022","872.40","871.55","885.90","871.55","881.25","882.45","882.67","87,44,999","7,71,89,12,945.40","1,66,896","57,12,501","65.32"
"ICICIBANK","EQ","02-Sep-2022","874.35","874.10","881.30","867.00","871.50","872.40","873.53","84,01,284","7,33,87,54,903.55","1,33,746","50,14,400","59.69"
"ICICIBANK","EQ","01-Sep-2022","887.30","863.00","885.70","863.00","875.45","874.35","875.85","1,58,77,583","13,90,63,46,391.00","3,65,650","88,73,913","55.89"
"ICICIBANK","EQ","30-Aug-2022","855.85","860.50","890.75","859.10","889.00","887.30","878.34","1,25,44,701","11,01,85,00,867.85","1,96,584","81,61,039","65.06"
"ICICIBANK","EQ","29-Aug-2022","870.85","850.05","861.00","847.00","858.35","855.85","856.05","77,55,134","6,63,87,82,713.60","1,91,595","45,91,536","59.21"
"ICICIBANK","EQ","26-Aug-2022","872.35","874.15","877.50","867.30","872.35","870.85","871.73","59,76,725","5,21,00,61,333.95","1,16,572","30,56,926","51.15"
"ICICIBANK","EQ","25-Aug-2022","873.30","873.30","881.45","866.70","868.65","872.35","876.91","98,27,829","8,61,80,92,128.15","1,86,684","62,70,546","63.80"
"ICICIBANK","EQ","24-Aug-2022","863.90","857.05","875.35","857.05","873.05","873.30","868.06","1,04,94,109","9,10,95,16,505.20","1,98,776","70,24,489","66.94"
"ICICIBANK","EQ","23-Aug-2022","852.25","845.35","868.00","842.80","867.05","863.90","855.38","1,32,54,855","11,33,79,41,282.35","2,68,301","77,23,480","58.27"
"ICICIBANK","EQ","22-Aug-2022","870.40","865.55","867.40","849.60","854.00","852.25","854.90","1,38,48,023","11,83,87,05,024.65","3,19,703","1,04,54,063","75.49"
"ICICIBANK","EQ","19-Aug-2022","885.10","885.00","886.90","864.30","868.00","870.40","872.65","1,07,87,199","9,41,34,02,164.05","1,73,808","73,25,116","67.91"
"ICICIBANK","EQ","18-Aug-2022","883.25","880.55","887.65","875.05","886.20","885.10","880.18","1,31,37,856","11,56,37,37,457.55","1,83,462","82,63,442","62.90"
"ICICIBANK","EQ","17-Aug-2022","879.25","881.80","885.50","878.40","882.60","883.25","881.12","90,58,040","7,98,12,56,354.65","1,88,417","53,81,930","59.42"
"ICICIBANK","EQ","16-Aug-2022","874.40","881.45","884.50","876.40","881.15","879.25","879.32","1,38,04,836","12,13,88,46,388.80","2,46,867","94,67,397","68.58"
"ICICIBANK","EQ","12-Aug-2022","859.70","863.95","877.25","858.50","876.85","874.40","867.38","1,07,92,853","9,36,15,37,720.35","2,30,632","64,06,566","59.36"
"ICICIBANK","EQ","11-Aug-2022","848.75","860.05","866.50","858.10","859.80","859.70","863.17","2,27,87,391","19,66,93,32,999.55","2,21,299","1,30,46,334","57.25"
"ICICIBANK","EQ","10-Aug-2022","836.95","842.15","853.00","842.15","849.15","848.75","849.24","2,36,58,553","20,09,17,83,366.75","2,21,875","1,17,95,642","49.86"
"ICICIBANK","EQ","08-Aug-2022","838.20","836.60","842.30","831.15","837.20","836.95","836.46","1,21,42,951","10,15,71,38,986.25","1,41,151","76,07,407","62.65"
"ICICIBANK","BL","08-Aug-2022","800.05","838.20","838.20","838.20","838.20","838.20","838.20","71,75,470","6,01,44,78,954.00","1","-","-"
"ICICIBANK","EQ","05-Aug-2022","820.25","823.10","840.90","823.10","837.00","838.20","834.94","1,60,56,522","13,40,62,18,176.65","1,97,153","99,33,579","61.87"
"ICICIBANK","EQ","04-Aug-2022","824.80","824.00","829.95","808.35","818.90","820.25","819.09","1,11,13,742","9,10,31,24,551.80","2,21,570","68,56,925","61.70"
"ICICIBANK","EQ","03-Aug-2022","817.75","817.75","828.00","811.55","826.95","824.80","818.65","1,10,73,975","9,06,56,94,975.80","1,89,053","76,04,666","68.67"
"ICICIBANK","EQ","02-Aug-2022","823.40","820.00","822.00","812.20","814.80","817.75","817.32","1,11,06,772","9,07,78,14,094.15","2,09,129","69,06,789","62.19"
"ICICIBANK","EQ","01-Aug-2022","818.60","820.70","825.00","817.30","824.45","823.40","822.56","79,74,903","6,55,98,54,903.40","1,43,635","46,45,204","58.25"
"ICICIBANK","EQ","29-Jul-2022","814.60","820.65","823.40","808.00","818.70","818.60","815.68","1,10,95,993","9,05,07,71,454.20","1,80,910","72,12,288","65.00"
"ICICIBANK","EQ","28-Jul-2022","800.50","806.95","815.50","805.30","813.05","814.60","810.70","1,11,24,518","9,01,86,72,407.00","2,34,427","70,94,602","63.77"
"ICICIBANK","EQ","27-Jul-2022","796.30","795.00","803.80","794.65","800.50","800.50","800.02","95,36,564","7,62,94,29,245.85","1,56,226","61,54,090","64.53"
"ICICIBANK","EQ","26-Jul-2022","800.90","801.60","802.80","791.65","795.90","796.30","797.45","73,74,145","5,88,04,94,834.70","1,55,059","37,67,022","51.08"
"ICICIBANK","EQ","25-Jul-2022","800.05","803.00","817.80","797.10","800.00","800.90","805.25","2,10,34,148","16,93,78,19,655.65","2,84,955","97,09,224","46.16"
"ICICIBANK","BL","25-Jul-2022","692.35","800.05","800.05","800.05","800.05","800.05","800.05","71,75,469","5,74,07,33,973.45","1","-","-"
"ICICIBANK","EQ","22-Jul-2022","786.00","789.10","803.90","789.10","799.60","800.05","797.68","1,22,67,898","9,78,59,03,281.00","2,43,865","77,70,271","63.34"
"ICICIBANK","EQ","21-Jul-2022","783.10","784.90","788.95","780.10","785.05","786.00","785.55","83,12,338","6,52,97,66,850.90","1,78,974","52,79,112","63.51"
"ICICIBANK","EQ","20-Jul-2022","780.65","789.50","789.55","780.30","781.25","783.10","784.92","81,52,179","6,39,88,31,064.95","1,77,137","51,37,239","63.02"
"ICICIBANK","EQ","19-Jul-2022","772.00","767.80","782.00","767.15","779.50","780.65","775.91","1,28,25,591","9,95,14,47,327.70","1,67,734","81,53,325","63.57"
"ICICIBANK","EQ","18-Jul-2022","751.20","759.25","773.15","757.85","772.00","772.00","766.17","80,45,363","6,16,41,24,843.05","1,68,195","53,26,095","66.20"
"ICICIBANK","EQ","15-Jul-2022","752.40","753.25","759.00","744.20","751.55","751.20","749.10","63,58,018","4,76,27,65,419.20","86,230","36,64,603","57.64"
"ICICIBANK","EQ","14-Jul-2022","753.20","750.00","759.50","748.80","749.55","752.40","752.71","70,44,542","5,30,25,06,198.75","1,15,464","41,74,626","59.26"
"ICICIBANK","EQ","13-Jul-2022","759.90","764.75","764.75","749.90","753.20","753.20","757.28","86,74,121","6,56,87,57,637.50","1,17,989","48,64,678","56.08"
"ICICIBANK","EQ","12-Jul-2022","769.50","765.35","767.45","757.70","759.00","759.90","762.47","1,02,19,829","7,79,23,57,201.55","1,75,502","61,67,161","60.35"
"ICICIBANK","EQ","11-Jul-2022","755.70","755.00","771.55","755.00","769.55","769.50","764.57","1,24,40,573","9,51,16,97,762.55","1,68,953","83,88,501","67.43"
"ICICIBANK","EQ","08-Jul-2022","742.00","751.30","757.50","744.55","756.25","755.70","751.53","97,97,700","7,36,32,22,598.45","1,74,920","58,54,203","59.75"
"ICICIBANK","EQ","07-Jul-2022","725.95","735.95","744.00","733.00","741.30","742.00","738.05","1,03,74,018","7,65,65,76,843.90","1,66,184","59,87,770","57.72"
"ICICIBANK","EQ","06-Jul-2022","719.45","723.00","731.90","722.00","727.40","725.95","726.69","1,21,63,533","8,83,91,20,914.00","2,86,323","70,30,388","57.80"
"ICICIBANK","EQ","05-Jul-2022","720.10","723.05","732.15","718.10","718.10","719.45","726.29","1,14,60,367","8,32,36,07,106.80","1,82,824","76,79,739","67.01"
"ICICIBANK","EQ","04-Jul-2022","703.90","704.85","721.10","704.85","720.55","720.10","714.38","83,03,732","5,93,20,02,858.20","1,97,203","43,50,116","52.39"
"ICICIBANK","EQ","01-Jul-2022","707.20","703.45","706.75","694.10","706.00","703.90","700.56","98,84,899","6,92,49,52,031.05","1,80,274","50,51,161","51.10"
"ICICIBANK","EQ","30-Jun-2022","702.75","702.75","711.90","701.20","706.20","707.20","707.62","1,19,70,404","8,47,05,49,046.80","1,69,767","59,41,264","49.63"
"ICICIBANK","EQ","29-Jun-2022","710.30","704.95","706.70","700.95","702.50","702.75","703.50","95,70,557","6,73,29,09,412.95","1,57,875","65,14,448","68.07"
"ICICIBANK","EQ","28-Jun-2022","717.35","711.05","717.30","707.00","712.00","710.30","711.76","83,39,931","5,93,59,90,106.75","1,58,748","48,31,275","57.93"
"ICICIBANK","EQ","27-Jun-2022","713.45","728.85","728.85","716.10","718.25","717.35","720.12","82,85,225","5,96,63,57,490.30","1,36,976","48,45,235","58.48"
"ICICIBANK","EQ","24-Jun-2022","699.15","710.90","715.25","706.55","714.25","713.45","711.44","1,08,56,736","7,72,39,25,004.00","1,51,815","65,14,710","60.01"
"ICICIBANK","EQ","23-Jun-2022","686.60","690.20","706.00","687.00","699.95","699.15","699.36","1,49,60,412","10,46,26,47,701.30","1,98,477","62,46,539","41.75"
"ICICIBANK","EQ","22-Jun-2022","696.10","694.25","698.90","685.10","687.20","686.60","690.30","68,38,249","4,72,04,21,863.45","1,16,347","35,96,751","52.60"
"ICICIBANK","EQ","21-Jun-2022","685.95","690.55","708.00","688.60","695.50","696.10","698.88","1,33,19,648","9,30,88,06,644.95","2,12,532","78,47,958","58.92"
"ICICIBANK","EQ","20-Jun-2022","686.85","686.00","687.80","677.60","685.70","685.95","683.78","1,09,81,042","7,50,85,95,408.60","1,45,020","54,55,705","49.68"
"ICICIBANK","EQ","17-Jun-2022","678.50","671.25","692.65","669.95","689.00","686.85","682.87","1,63,35,613","11,15,50,53,062.50","2,30,515","91,84,818","56.23"
"ICICIBANK","EQ","16-Jun-2022","687.25","700.00","700.05","676.30","678.00","678.50","688.36","1,32,37,239","9,11,19,65,722.85","1,83,912","75,76,433","57.24"
"ICICIBANK","EQ","15-Jun-2022","685.50","687.50","696.35","686.10","688.00","687.25","691.05","91,99,591","6,35,73,44,112.65","1,37,784","56,28,187","61.18"
"ICICIBANK","EQ","14-Jun-2022","688.00","682.40","694.65","680.65","684.95","685.50","688.18","1,33,48,598","9,18,62,13,617.45","2,22,689","84,94,430","63.64"
"ICICIBANK","EQ","13-Jun-2022","720.00","702.25","702.30","682.10","688.00","688.00","688.30","1,66,22,521","11,44,13,47,875.85","3,33,111","1,08,24,414","65.12"
"ICICIBANK","EQ","10-Jun-2022","732.75","724.75","728.30","718.00","720.20","720.00","722.41","79,90,818","5,77,26,16,113.00","1,46,181","50,81,915","63.60"
"ICICIBANK","EQ","09-Jun-2022","729.50","725.00","734.10","722.15","732.25","732.75","728.70","74,44,368","5,42,46,87,221.10","1,15,608","44,30,301","59.51"
"ICICIBANK","EQ","08-Jun-2022","735.25","736.60","741.00","726.45","727.70","729.50","733.36","93,69,224","6,87,10,44,601.80","1,50,198","52,97,473","56.54"
"ICICIBANK","EQ","07-Jun-2022","746.75","741.00","742.95","732.35","735.00","735.25","737.02","99,38,912","7,32,51,40,864.70","1,26,022","60,76,335","61.14"
"ICICIBANK","EQ","06-Jun-2022","744.30","740.20","750.95","739.60","746.75","746.75","746.90","91,07,831","6,80,26,72,801.90","1,28,668","46,35,911","50.90"
"ICICIBANK","EQ","03-Jun-2022","749.75","756.15","757.00","741.20","744.95","744.30","750.04","85,63,791","6,42,32,25,748.15","1,12,182","56,67,141","66.18"
"ICICIBANK","EQ","02-Jun-2022","752.65","751.05","751.75","743.20","750.90","749.75","747.47","1,09,49,759","8,18,46,21,800.05","1,42,491","66,99,007","61.18"
"ICICIBANK","EQ","01-Jun-2022","752.85","748.00","755.60","744.20","752.95","752.65","751.00","1,01,02,092","7,58,66,55,389.80","1,81,213","63,99,061","63.34"
"ICICIBANK","EQ","31-May-2022","748.50","741.00","756.70","740.50","748.50","752.85","752.17","2,02,72,212","15,24,81,88,599.70","1,50,537","1,53,58,824","75.76"
"ICICIBANK","EQ","30-May-2022","739.80","748.75","751.95","744.30","749.50","748.50","748.50","76,28,515","5,70,99,09,173.20","1,45,824","45,19,178","59.24"
"ICICIBANK","EQ","27-May-2022","728.50","733.55","741.20","731.25","740.00","739.80","737.09","81,10,620","5,97,82,79,333.55","1,39,564","42,01,520","51.80"
"ICICIBANK","EQ","26-May-2022","713.35","723.00","733.00","715.45","732.00","728.50","722.78","1,40,28,733","10,13,97,35,434.95","1,90,588","72,02,565","51.34"
"ICICIBANK","EQ","25-May-2022","708.15","712.05","720.85","711.60","714.30","713.35","716.18","1,04,57,589","7,48,95,65,195.70","1,60,029","56,39,350","53.93"
"ICICIBANK","EQ","24-May-2022","711.05","711.05","717.35","706.05","708.75","708.15","711.23","1,37,79,981","9,80,07,95,238.35","1,38,256","92,96,031","67.46"
"ICICIBANK","EQ","23-May-2022","709.55","709.55","725.95","707.45","709.00","711.05","718.01","1,74,38,451","12,52,09,25,059.45","1,74,401","1,17,05,804","67.13"
"ICICIBANK","EQ","20-May-2022","690.30","694.80","711.90","693.70","710.00","709.55","705.43","1,16,95,528","8,25,03,82,525.50","1,66,487","75,24,231","64.33"
"ICICIBANK","EQ","19-May-2022","707.35","693.10","698.70","685.60","690.40","690.30","692.41","1,66,61,023","11,53,61,84,441.05","2,08,897","1,15,81,153","69.51"
"ICICIBANK","EQ","18-May-2022","710.00","712.35","717.00","706.10","708.35","707.35","711.44","1,18,35,013","8,41,99,51,402.20","1,91,768","74,84,068","63.24"
"ICICIBANK","EQ","17-May-2022","683.00","686.10","712.00","685.15","711.65","710.00","703.33","1,27,65,052","8,97,80,26,583.05","2,40,721","77,34,389","60.59"
"ICICIBANK","EQ","16-May-2022","677.35","676.70","690.95","675.75","683.30","683.00","684.29","90,25,623","6,17,61,85,167.95","1,29,681","46,82,052","51.88"
"ICICIBANK","EQ","13-May-2022","695.80","702.40","702.40","675.00","676.40","677.35","689.67","1,57,17,043","10,83,95,06,087.30","3,12,889","86,10,043","54.78"
"ICICIBANK","EQ","12-May-2022","714.20","707.55","710.70","693.30","696.00","695.80","701.29","1,66,85,166","11,70,11,40,985.75","3,02,970","89,90,120","53.88"
"ICICIBANK","EQ","11-May-2022","711.30","718.00","719.80","707.15","716.70","714.20","714.34","1,35,16,852","9,65,56,84,320.15","2,37,100","76,54,536","56.63"
"ICICIBANK","EQ","10-May-2022","710.35","705.00","720.00","705.00","709.40","711.30","711.23","1,27,97,419","9,10,18,62,375.05","2,26,554","77,24,741","60.36"
"ICICIBANK","EQ","09-May-2022","719.25","705.30","720.00","704.45","711.10","710.35","712.39","1,30,55,889","9,30,08,41,142.30","1,84,930","76,62,368","58.69"
"ICICIBANK","EQ","06-May-2022","728.80","716.25","723.00","710.30","721.00","719.25","716.39","1,24,55,025","8,92,26,16,152.35","3,38,768","72,20,274","57.97"
"ICICIBANK","EQ","05-May-2022","724.25","730.80","743.00","726.50","727.20","728.80","734.16","91,21,547","6,69,67,03,759.80","2,27,919","47,46,607","52.04"
"ICICIBANK","EQ","04-May-2022","741.00","746.20","747.00","721.15","726.00","724.25","734.19","1,22,12,165","8,96,60,40,565.40","2,88,430","69,59,246","56.99"
"ICICIBANK","EQ","02-May-2022","743.30","732.00","743.80","731.10","741.05","741.00","738.77","1,09,03,446","8,05,51,14,368.75","2,36,797","65,61,901","60.18"
"ICICIBANK","EQ","29-Apr-2022","747.15","750.10","759.95","740.10","743.05","743.30","751.78","1,95,60,317","14,70,50,99,372.55","2,78,705","1,22,99,715","62.88"
"ICICIBANK","EQ","28-Apr-2022","736.70","739.10","751.90","734.65","747.50","747.15","743.82","1,86,49,559","13,87,18,52,697.90","2,14,320","1,08,69,911","58.29"
"ICICIBANK","EQ","27-Apr-2022","753.75","749.00","750.00","732.55","736.80","736.70","739.22","2,14,41,480","15,85,00,02,613.00","3,61,066","1,44,71,550","67.49"
"ICICIBANK","EQ","26-Apr-2022","752.20","768.00","768.55","751.65","753.65","753.75","757.66","1,87,27,514","14,18,90,39,414.35","3,22,505","98,09,754","52.38"
"ICICIBANK","EQ","25-Apr-2022","747.65","747.65","762.20","744.00","754.95","752.20","755.81","3,54,17,460","26,76,87,51,127.25","4,62,108","1,18,06,107","33.33"
"ICICIBANK","EQ","22-Apr-2022","762.35","757.00","758.85","745.90","747.00","747.65","751.55","1,44,11,607","10,83,10,59,862.80","2,42,371","93,29,530","64.74"
"ICICIBANK","EQ","21-Apr-2022","755.55","759.05","764.20","751.20","763.65","762.35","759.27","89,53,098","6,79,77,95,739.10","1,49,668","42,99,122","48.02"
"ICICIBANK","EQ","20-Apr-2022","766.30","766.80","770.00","753.80","756.70","755.55","760.35","1,59,84,202","12,15,35,12,822.65","2,60,447","1,06,76,808","66.80"
"ICICIBANK","EQ","19-Apr-2022","757.80","761.80","777.90","757.00","759.85","766.30","769.60","3,10,88,359","23,92,55,07,986.90","2,79,125","2,30,05,104","74.00"
"ICICIBANK","EQ","18-Apr-2022","762.25","751.00","762.90","749.20","759.00","757.80","756.10","1,76,51,530","13,34,63,74,641.85","3,27,929","1,23,21,755","69.81"
"ICICIBANK","EQ","13-Apr-2022","763.85","769.60","772.55","760.70","761.55","762.25","766.95","1,61,19,956","12,36,32,41,052.60","2,46,413","1,08,67,093","67.41"
"ICICIBANK","EQ","12-Apr-2022","759.60","757.00","768.90","750.25","764.00","763.85","759.11","1,40,20,000","10,64,26,68,401.30","3,11,639","82,12,347","58.58"
"ICICIBANK","EQ","11-Apr-2022","754.30","752.30","765.45","751.65","760.50","759.60","760.61","1,32,16,391","10,05,25,25,613.20","2,14,119","77,48,582","58.63"
"ICICIBANK","EQ","08-Apr-2022","748.55","749.85","756.00","743.60","754.30","754.30","751.07","1,54,80,705","11,62,71,36,097.60","2,44,539","92,54,974","59.78"
"ICICIBANK","EQ","07-Apr-2022","741.60","737.10","757.80","737.10","748.90","748.55","749.80","1,50,87,175","11,31,22,89,247.20","2,77,671","87,36,241","57.91"
"ICICIBANK","EQ","06-Apr-2022","741.80","732.30","744.90","732.10","739.55","741.60","739.21","1,35,18,142","9,99,26,82,773.20","1,99,736","76,49,180","56.58"
"ICICIBANK","EQ","05-Apr-2022","746.60","746.80","755.45","738.00","739.25","741.80","747.59","1,22,90,391","9,18,81,25,354.45","2,15,134","67,39,260","54.83"
"ICICIBANK","EQ","04-Apr-2022","736.25","742.00","749.80","725.00","745.15","746.60","742.40","1,71,92,197","12,76,34,81,384.40","1,96,009","88,18,007","51.29"
"ICICIBANK","EQ","01-Apr-2022","730.30","725.00","738.30","723.10","736.00","736.25","732.49","1,26,58,848","9,27,24,88,843.50","2,27,312","65,40,160","51.66"
"ICICIBANK","EQ","31-Mar-2022","730.90","739.90","739.90","727.80","730.70","730.30","732.05","1,60,46,383","11,74,68,34,413.35","2,15,611","1,04,54,707","65.15"
"ICICIBANK","EQ","30-Mar-2022","715.30","721.05","731.75","719.10","729.45","730.90","727.15","2,01,54,520","14,65,53,14,533.20","4,41,930","1,39,67,546","69.30"
"ICICIBANK","EQ","29-Mar-2022","710.35","714.30","716.95","705.85","715.65","715.30","712.64","1,14,89,374","8,18,77,79,164.40","2,62,014","57,16,259","49.75"
"ICICIBANK","EQ","28-Mar-2022","699.25","702.00","713.40","695.65","710.50","710.35","705.39","1,38,06,166","9,73,86,69,255.85","2,40,223","77,70,817","56.29"
"ICICIBANK","EQ","25-Mar-2022","704.20","705.00","706.10","696.65","701.55","699.25","700.66","1,52,63,007","10,69,41,50,314.20","2,29,582","87,84,841","57.56"
"ICICIBANK","EQ","24-Mar-2022","718.30","702.45","712.70","698.00","704.25","704.20","705.87","1,77,27,969","12,51,35,64,218.40","2,67,821","79,50,743","44.85"
"ICICIBANK","EQ","23-Mar-2022","718.20","725.00","726.80","714.25","716.65","718.30","720.32","71,40,403","5,14,33,76,628.80","1,13,577","25,99,108","36.40"
"ICICIBANK","EQ","22-Mar-2022","710.75","708.65","721.00","699.50","720.85","718.20","710.64","1,17,61,758","8,35,83,21,103.95","2,24,938","61,39,017","52.19"
"ICICIBANK","EQ","21-Mar-2022","720.10","721.00","722.90","705.50","712.00","710.75","712.37","1,28,66,839","9,16,59,20,656.90","2,27,837","75,67,140","58.81"
"ICICIBANK","EQ","17-Mar-2022","708.00","717.80","725.00","716.20","719.45","720.10","720.50","1,83,29,844","13,20,67,39,944.50","2,01,059","1,13,89,149","62.13"
"ICICIBANK","EQ","16-Mar-2022","697.35","706.90","711.40","701.25","706.60","708.00","706.68","1,46,21,688","10,33,29,20,737.30","2,27,926","83,14,947","56.87"
"ICICIBANK","EQ","15-Mar-2022","696.15","701.50","708.10","688.00","694.95","697.35","699.51","2,77,14,580","19,38,66,68,042.95","3,92,031","1,76,06,360","63.53"
"ICICIBANK","EQ","14-Mar-2022","677.90","678.10","698.45","677.25","697.50","696.15","691.15","2,46,48,981","17,03,62,63,738.70","2,94,081","1,66,68,546","67.62"
"ICICIBANK","EQ","11-Mar-2022","676.60","674.65","684.70","670.60","678.00","677.90","677.53","2,05,46,724","13,92,10,89,798.65","2,58,581","1,08,85,366","52.98"
"ICICIBANK","EQ","10-Mar-2022","667.45","693.95","701.00","673.65","675.50","676.60","689.69","3,59,59,638","24,80,10,24,786.35","4,10,463","1,96,16,307","54.55"
"ICICIBANK","EQ","09-Mar-2022","665.00","664.70","674.50","658.00","670.00","667.45","665.91","3,37,28,639","22,46,03,04,690.60","3,50,200","1,99,88,301","59.26"
"ICICIBANK","EQ","08-Mar-2022","653.75","643.30","669.45","643.00","664.00","665.00","654.86","2,67,16,975","17,49,58,27,759.85","4,36,225","1,19,78,462","44.83"
"ICICIBANK","EQ","07-Mar-2022","688.05","663.50","667.00","642.15","654.50","653.75","653.29","2,77,99,873","18,16,13,14,302.85","4,87,777","1,49,14,192","53.65"
"ICICIBANK","EQ","04-Mar-2022","698.30","691.00","706.55","685.00","688.00","688.05","693.72","1,86,97,223","12,97,06,01,369.60","3,26,057","84,44,168","45.16"
"ICICIBANK","EQ","03-Mar-2022","714.85","717.60","721.95","693.45","699.65","698.30","705.85","2,31,90,595","16,36,91,89,921.85","4,44,480","1,24,98,168","53.89"
"ICICIBANK","EQ","02-Mar-2022","742.70","717.00","724.95","707.75","717.50","714.85","713.82","2,52,52,492","18,02,58,08,291.30","4,50,140","1,32,37,743","52.42"
"ICICIBANK","EQ","28-Feb-2022","730.05","722.95","744.75","715.40","741.70","742.70","734.66","2,05,47,432","15,09,52,90,265.85","2,04,063","1,29,88,412","63.21"
"ICICIBANK","EQ","25-Feb-2022","707.40","724.95","739.30","720.25","731.80","730.05","731.90","1,69,35,750","12,39,53,43,765.70","2,58,610","92,97,653","54.90"
"ICICIBANK","EQ","24-Feb-2022","744.60","712.90","727.10","702.30","706.00","707.40","717.06","2,80,23,104","20,09,42,36,747.75","3,78,036","1,71,10,265","61.06"
"ICICIBANK","EQ","23-Feb-2022","751.30","754.60","756.40","742.70","744.50","744.60","748.37","1,16,24,282","8,69,93,03,346.60","2,25,116","60,83,374","52.33"
"ICICIBANK","EQ","22-Feb-2022","754.45","738.40","759.75","737.75","750.25","751.30","748.94","1,31,56,371","9,85,33,83,430.50","2,03,813","69,80,318","53.06"
"ICICIBANK","EQ","21-Feb-2022","748.90","746.25","762.90","740.00","754.05","754.45","754.67","1,09,67,164","8,27,65,43,734.40","1,64,619","39,83,760","36.32"
"ICICIBANK","EQ","18-Feb-2022","750.35","746.85","756.80","745.55","747.95","748.90","751.25","89,45,567","6,72,03,17,163.35","1,60,575","35,29,595","39.46"
"ICICIBANK","EQ","17-Feb-2022","764.05","766.50","767.25","746.30","747.60","750.35","755.04","1,66,83,808","12,59,69,60,313.50","2,06,647","96,27,392","57.71"
"ICICIBANK","EQ","16-Feb-2022","776.05","775.70","777.55","760.40","762.60","764.05","769.64","1,05,49,784","8,11,95,82,235.00","1,84,247","47,72,378","45.24"
"ICICIBANK","EQ","15-Feb-2022","753.70","752.95","778.00","743.20","775.00","776.05","759.35","1,88,80,659","14,33,70,91,356.50","2,90,494","97,70,306","51.75"
"ICICIBANK","EQ","14-Feb-2022","790.80","772.00","773.95","751.15","752.50","753.70","760.87","1,61,70,656","12,30,37,70,681.05","3,64,618","76,10,916","47.07"
"ICICIBANK","EQ","11-Feb-2022","805.50","796.85","797.40","787.90","789.50","790.80","792.81","1,31,38,408","10,41,62,94,335.75","2,06,865","75,56,702","57.52"
"ICICIBANK","EQ","10-Feb-2022","802.80","805.95","808.80","796.30","804.45","805.50","804.24","1,31,59,771","10,58,36,71,275.75","2,48,496","72,76,067","55.29"
"ICICIBANK","EQ","09-Feb-2022","792.50","797.25","804.25","794.20","803.00","802.80","799.57","88,55,292","7,08,04,58,432.50","1,94,125","50,06,434","56.54"
"ICICIBANK","EQ","08-Feb-2022","786.40","790.00","795.70","774.30","790.00","792.50","784.25","1,46,42,455","11,48,33,35,931.30","2,96,476","75,32,297","51.44"
"ICICIBANK","EQ","07-Feb-2022","805.05","798.05","805.00","781.45","785.20","786.40","790.77","1,46,59,368","11,59,22,37,165.85","3,32,005","88,84,191","60.60"
"ICICIBANK","EQ","04-Feb-2022","808.95","809.80","812.00","795.80","803.50","805.05","803.51","1,03,14,067","8,28,74,50,807.00","2,33,121","56,46,806","54.75"
"ICICIBANK","EQ","03-Feb-2022","813.75","814.05","818.40","806.00","807.00","808.95","811.39","97,55,335","7,91,53,63,352.70","2,25,774","47,87,466","49.08"
"ICICIBANK","EQ","02-Feb-2022","810.30","815.00","818.70","808.85","815.70","813.75","813.88","1,12,14,375","9,12,71,53,471.45","2,62,592","55,09,324","49.13"
"ICICIBANK","EQ","01-Feb-2022","788.80","802.05","812.85","789.30","811.30","810.30","807.03","2,00,31,583","16,16,60,04,973.85","2,98,272","93,18,655","46.52"
"ICICIBANK","EQ","31-Jan-2022","781.15","788.95","798.70","784.00","789.00","788.80","791.23","1,48,24,509","11,72,95,32,549.20","3,07,444","89,97,468","60.69"
"ICICIBANK","EQ","28-Jan-2022","794.65","803.75","805.85","778.50","782.00","781.15","792.77","1,40,72,314","11,15,60,41,081.65","2,50,672","77,87,681","55.34"
"ICICIBANK","EQ","27-Jan-2022","801.65","786.90","801.50","781.05","797.50","794.65","790.93","2,39,84,679","18,97,01,71,408.70","3,45,466","1,28,40,082","53.53"
"ICICIBANK","EQ","25-Jan-2022","798.45","789.00","804.30","786.05","800.50","801.65","798.31","1,95,13,184","15,57,76,35,109.65","3,30,519","79,98,285","40.99"
"ICICIBANK","EQ","24-Jan-2022","804.50","813.00","816.70","783.30","792.00","798.45","803.26","2,96,12,316","23,78,63,40,972.40","4,24,239","1,05,16,091","35.51"
"ICICIBANK","EQ","21-Jan-2022","810.25","803.00","811.35","795.50","810.65","804.50","802.84","1,20,78,277","9,69,69,33,532.80","2,18,577","59,72,827","49.45"
"ICICIBANK","EQ","20-Jan-2022","808.60","803.00","812.95","795.40","811.60","810.25","806.12","1,35,67,654","10,93,71,12,632.00","1,77,566","83,68,009","61.68"
"ICICIBANK","EQ","19-Jan-2022","823.10","816.00","821.00","803.25","809.80","808.60","811.33","1,64,16,144","13,31,89,15,834.85","2,24,243","1,14,10,648","69.51"
"ICICIBANK","EQ","18-Jan-2022","819.30","821.00","836.00","818.20","823.00","823.10","827.77","1,08,35,146","8,96,89,89,845.80","2,08,473","49,31,444","45.51"
"ICICIBANK","EQ","17-Jan-2022","820.00","820.00","828.90","814.55","820.30","819.30","820.82","67,22,700","5,51,81,47,261.30","1,56,099","35,44,304","52.72"
"ICICIBANK","EQ","14-Jan-2022","824.70","821.00","822.00","811.60","818.35","820.00","816.95","75,52,844","6,17,03,24,363.20","1,37,003","28,51,946","37.76"
"ICICIBANK","EQ","13-Jan-2022","823.75","821.00","828.00","817.40","824.00","824.70","824.04","93,72,244","7,72,31,00,104.05","2,10,731","57,59,769","61.46"
"ICICIBANK","EQ","12-Jan-2022","810.65","818.60","825.45","812.05","823.30","823.75","821.46","1,30,34,848","10,70,76,18,220.85","1,97,467","78,76,265","60.42"
"ICICIBANK","EQ","11-Jan-2022","810.75","809.75","814.70","801.90","810.00","810.65","808.90","99,82,061","8,07,44,88,825.20","1,96,523","55,94,718","56.05"
"ICICIBANK","EQ","10-Jan-2022","793.25","800.25","812.80","799.00","809.55","810.75","805.84","1,09,05,080","8,78,77,51,845.50","2,07,026","62,77,915","57.57"
"ICICIBANK","EQ","07-Jan-2022","785.05","792.20","802.30","786.25","794.50","793.25","795.26","1,22,50,210","9,74,21,37,042.85","1,91,092","57,84,799","47.22"
"ICICIBANK","EQ","06-Jan-2022","788.05","775.05","792.50","774.00","786.80","785.05","781.94","1,30,18,067","10,17,94,10,575.90","2,16,014","65,96,234","50.67"
"ICICIBANK","EQ","05-Jan-2022","772.85","773.00","795.85","771.20","787.00","788.05","786.85","1,97,41,360","15,53,35,84,419.45","3,28,782","1,12,96,296","57.22"
"ICICIBANK","EQ","04-Jan-2022","764.70","767.95","778.00","763.60","773.45","772.85","772.69","1,21,14,437","9,36,06,94,598.65","2,49,942","51,33,092","42.37"
"ICICIBANK","EQ","03-Jan-2022","740.15","743.05","766.00","743.00","765.50","764.70","756.87","96,53,095","7,30,61,29,276.45","2,45,297","43,47,071","45.03"
"ICICIBANK","EQ","31-Dec-2021","735.70","736.55","746.25","736.55","740.80","740.15","741.65","69,73,055","5,17,15,51,586.05","1,70,712","37,50,876","53.79"
"ICICIBANK","EQ","30-Dec-2021","735.70","733.30","740.50","729.00","736.00","735.70","736.01","1,43,26,182","10,54,42,52,583.85","1,73,530","93,11,437","65.00"
"ICICIBANK","EQ","29-Dec-2021","735.80","738.00","744.95","731.90","732.85","735.70","739.52","71,43,073","5,28,24,69,404.85","1,19,283","36,52,101","51.13"
"ICICIBANK","EQ","28-Dec-2021","736.00","740.40","742.45","732.50","736.50","735.80","737.61","1,78,33,655","13,15,42,00,658.05","1,49,087","1,32,77,660","74.45"
"ICICIBANK","EQ","27-Dec-2021","727.10","724.00","738.75","716.10","736.50","736.00","730.51","79,55,163","5,81,13,33,268.75","1,57,237","33,31,561","41.88"
"ICICIBANK","EQ","24-Dec-2021","731.30","733.90","733.90","719.60","728.00","727.10","725.74","88,00,690","6,38,70,37,609.75","2,01,257","44,89,317","51.01"
"ICICIBANK","EQ","23-Dec-2021","732.80","739.05","739.50","727.95","728.80","731.30","734.17","99,94,049","7,33,73,57,874.40","1,73,446","58,10,585","58.14"
"ICICIBANK","EQ","22-Dec-2021","720.35","726.25","734.95","720.05","733.70","732.80","727.56","98,43,359","7,16,16,72,551.70","1,52,755","56,96,246","57.87"
"ICICIBANK","EQ","21-Dec-2021","709.95","720.00","728.95","716.15","721.00","720.35","723.36","1,45,63,335","10,53,45,52,281.40","1,90,336","79,51,950","54.60"
"ICICIBANK","EQ","20-Dec-2021","728.30","718.10","720.20","698.20","710.00","709.95","708.41","1,69,00,016","11,97,22,04,502.90","3,77,207","97,35,934","57.61"
"ICICIBANK","EQ","17-Dec-2021","741.15","742.00","742.00","726.05","729.20","728.30","731.28","1,32,27,787","9,67,31,96,333.25","2,02,468","75,82,126","57.32"
"ICICIBANK","EQ","16-Dec-2021","752.25","757.90","757.90","738.95","741.95","741.15","746.16","1,41,23,215","10,53,81,28,058.50","2,09,571","84,85,515","60.08"
"ICICIBANK","EQ","15-Dec-2021","758.65","757.60","759.50","750.90","751.55","752.25","755.20","73,58,740","5,55,73,41,088.65","1,45,351","43,41,683","59.00"
"ICICIBANK","EQ","14-Dec-2021","754.00","751.05","764.35","746.30","757.80","758.65","756.34","1,74,88,089","13,22,70,25,251.80","2,36,748","1,09,28,783","62.49"
"ICICIBANK","EQ","13-Dec-2021","758.00","763.00","769.70","752.50","754.85","754.00","761.71","1,68,55,546","12,83,89,69,674.65","2,29,658","1,14,12,488","67.71"
"ICICIBANK","EQ","10-Dec-2021","755.00","756.50","759.80","751.05","757.35","758.00","755.25","76,27,774","5,76,09,08,575.50","1,17,956","40,67,793","53.33"
"ICICIBANK","EQ","09-Dec-2021","753.40","759.05","763.00","748.40","754.30","755.00","755.98","1,60,07,459","12,10,13,08,616.85","2,20,895","93,91,329","58.67"
"ICICIBANK","EQ","08-Dec-2021","734.65","747.90","758.80","744.10","753.55","753.40","751.77","3,34,32,411","25,13,34,81,383.80","3,62,183","2,11,82,842","63.36"
"ICICIBANK","EQ","07-Dec-2021","709.55","717.00","740.95","712.00","734.15","734.65","730.19","3,05,13,303","22,28,05,42,268.70","3,79,455","1,53,51,235","50.31"
"ICICIBANK","EQ","06-Dec-2021","716.30","719.00","726.80","707.50","708.95","709.55","717.87","2,01,29,080","14,45,01,00,739.90","3,50,214","1,04,98,972","52.16"
"ICICIBANK","EQ","03-Dec-2021","722.40","720.50","729.50","715.10","717.15","716.30","722.33","2,01,30,259","14,54,06,95,393.25","3,63,633","1,24,87,845","62.04"
"ICICIBANK","EQ","02-Dec-2021","727.70","724.60","727.10","715.20","723.50","722.40","721.16","2,19,24,640","15,81,11,42,521.00","3,96,183","1,44,40,469","65.86"
"ICICIBANK","EQ","01-Dec-2021","714.35","716.40","732.75","715.00","727.05","727.70","725.68","1,52,14,913","11,04,11,56,334.05","2,67,019","78,94,858","51.89"
"ICICIBANK","EQ","30-Nov-2021","718.40","716.75","732.30","711.10","712.00","714.35","719.11","2,39,65,914","17,23,40,95,070.85","2,83,945","1,39,12,442","58.05"
"ICICIBANK","EQ","29-Nov-2021","722.20","726.75","727.75","710.50","718.25","718.40","720.84","1,58,78,074","11,44,54,80,673.90","2,80,903","88,00,221","55.42"
"ICICIBANK","EQ","26-Nov-2021","751.05","739.00","742.05","718.60","720.45","722.20","729.89","1,89,87,552","13,85,88,08,906.30","3,28,322","1,24,29,525","65.46"
"ICICIBANK","EQ","25-Nov-2021","760.20","754.90","754.95","745.30","752.60","751.05","750.35","1,77,49,726","13,31,85,39,671.75","2,52,561","1,06,01,182","59.73"
"ICICIBANK","EQ","24-Nov-2021","751.85","750.25","772.25","746.70","758.00","760.20","762.29","2,31,86,419","17,67,46,66,964.25","3,36,623","1,57,43,117","67.90"
"ICICIBANK","EQ","23-Nov-2021","752.00","740.95","757.95","731.20","753.00","751.85","746.70","2,49,13,042","18,60,25,73,811.95","3,33,977","1,65,90,502","66.59"
"ICICIBANK","EQ","22-Nov-2021","762.90","768.30","770.45","740.25","756.35","752.00","755.06","2,04,03,786","15,40,59,90,461.00","3,04,519","1,36,31,128","66.81"
"ICICIBANK","EQ","18-Nov-2021","761.30","764.90","767.50","756.40","761.20","762.90","762.26","2,06,44,385","15,73,64,22,334.90","2,61,386","1,42,56,159","69.06"
"ICICIBANK","EQ","17-Nov-2021","764.05","760.90","771.95","756.30","759.95","761.30","764.78","1,16,57,214","8,91,51,56,891.20","1,75,725","77,26,267","66.28"
"ICICIBANK","EQ","16-Nov-2021","773.30","773.30","775.75","762.00","762.35","764.05","767.52","1,27,85,837","9,81,33,53,301.50","2,21,709","92,79,733","72.58"
"ICICIBANK","EQ","15-Nov-2021","776.60","777.00","784.55","771.55","772.95","773.30","777.22","1,09,34,583","8,49,85,72,067.25","1,65,917","69,11,628","63.21"
"ICICIBANK","EQ","12-Nov-2021","771.45","772.70","779.90","771.20","777.60","776.60","775.65","1,53,80,106","11,92,95,54,753.20","1,49,605","1,20,92,189","78.62"
"ICICIBANK","EQ","11-Nov-2021","780.90","776.70","777.00","766.10","771.25","771.45","771.69","92,21,059","7,11,58,04,054.35","1,89,648","50,77,147","55.06"
"ICICIBANK","EQ","10-Nov-2021","786.55","782.55","784.30","773.10","780.90","780.90","777.66","95,07,347","7,39,34,75,364.05","1,73,605","54,28,909","57.10"
"ICICIBANK","EQ","09-Nov-2021","780.15","784.00","788.60","779.20","787.90","786.55","784.82","1,00,84,357","7,91,43,76,897.25","1,82,757","66,31,077","65.76"
"ICICIBANK","EQ","08-Nov-2021","782.10","793.00","793.00","773.15","781.95","780.15","780.38","1,39,67,995","10,90,02,79,641.40","2,71,573","85,29,301","61.06"
"ICICIBANK","EQ","04-Nov-2021","785.95","788.50","789.00","779.00","780.00","782.10","784.28","31,49,310","2,46,99,50,508.05","1,03,495","17,14,644","54.45"
"ICICIBANK","EQ","03-Nov-2021","800.95","806.00","806.00","780.45","784.50","785.95","792.45","1,18,39,149","9,38,19,39,743.00","2,07,366","60,88,839","51.43"
"ICICIBANK","EQ","02-Nov-2021","803.90","809.00","810.00","798.00","799.70","800.95","803.50","94,52,457","7,59,50,38,624.40","1,83,122","55,66,645","58.89"
"ICICIBANK","EQ","01-Nov-2021","802.05","807.70","809.70","793.00","805.95","803.90","801.26","1,14,06,421","9,13,95,03,038.60","2,56,061","63,51,045","55.68"
"ICICIBANK","EQ","29-Oct-2021","798.70","798.00","808.75","783.90","806.50","802.05","799.49","1,57,01,200","12,55,29,25,365.00","2,70,217","72,00,394","45.86"
"ICICIBANK","EQ","28-Oct-2021","835.00","830.10","831.95","796.25","801.80","798.70","811.09","1,87,50,423","15,20,82,62,727.95","2,73,726","1,05,38,030","56.20"
"ICICIBANK","EQ","27-Oct-2021","829.40","828.75","849.00","824.20","832.90","835.00","839.93","2,28,98,400","19,23,30,76,534.25","3,23,390","1,23,82,215","54.07"
"ICICIBANK","EQ","26-Oct-2021","841.70","828.70","841.70","822.35","831.80","829.40","830.18","1,69,25,115","14,05,08,64,477.20","3,83,583","90,04,644","53.20"
"ICICIBANK","EQ","25-Oct-2021","759.30","800.00","867.00","798.40","846.75","841.70","831.93","9,61,24,084","79,96,88,62,078.85","8,91,780","3,70,60,732","38.56"
"ICICIBANK","EQ","22-Oct-2021","755.50","758.50","765.85","753.35","758.00","759.30","760.42","1,32,48,928","10,07,46,95,190.40","1,81,107","60,07,101","45.34"
"ICICIBANK","EQ","21-Oct-2021","745.85","748.90","759.85","737.40","758.20","755.50","748.78","1,21,66,996","9,11,03,65,742.55","1,85,401","62,82,195","51.63"
"ICICIBANK","EQ","20-Oct-2021","747.45","746.75","757.45","741.90","746.75","745.85","750.52","1,27,62,996","9,57,88,22,545.00","1,80,985","70,59,185","55.31"
"ICICIBANK","EQ","19-Oct-2021","745.45","755.00","755.00","738.75","746.65","747.45","748.61","1,13,49,799","8,49,65,21,802.30","1,55,597","66,46,953","58.56"
"ICICIBANK","EQ","18-Oct-2021","727.30","739.00","748.90","732.05","743.50","745.45","742.83","1,53,45,601","11,39,92,41,962.00","2,57,813","84,90,176","55.33"
"ICICIBANK","EQ","14-Oct-2021","709.95","710.25","729.80","709.05","726.40","727.30","720.50","89,50,350","6,44,87,68,887.00","1,76,051","42,03,698","46.97"
"ICICIBANK","EQ","13-Oct-2021","708.60","713.85","715.90","707.95","708.90","709.95","712.42","63,57,766","4,52,93,94,998.50","1,28,473","37,47,784","58.95"
"ICICIBANK","EQ","12-Oct-2021","713.30","706.50","713.00","704.40","709.60","708.60","708.00","73,76,091","5,22,23,04,007.45","1,37,527","37,17,844","50.40"
"ICICIBANK","EQ","11-Oct-2021","703.40","702.00","719.40","700.30","712.00","713.30","712.15","93,37,637","6,64,98,37,044.35","1,99,278","53,09,336","56.86"
"ICICIBANK","EQ","08-Oct-2021","702.20","706.00","710.00","698.30","704.05","703.40","703.57","93,83,924","6,60,22,55,829.40","1,69,255","52,39,311","55.83"
"ICICIBANK","EQ","07-Oct-2021","689.50","697.55","704.95","693.45","701.05","702.20","699.44","1,00,41,549","7,02,34,36,461.25","2,28,947","59,48,632","59.24"
"ICICIBANK","EQ","06-Oct-2021","697.10","696.60","705.00","688.35","689.35","689.50","696.67","1,32,00,810","9,19,65,59,604.55","1,70,064","85,88,736","65.06"
"ICICIBANK","EQ","05-Oct-2021","700.20","693.00","699.00","691.85","697.95","697.10","695.51","74,97,208","5,21,44,17,734.85","1,89,189","45,64,359","60.88"
"ICICIBANK","BL","04-Oct-2021","392.90","692.35","692.35","692.35","692.35","692.35","692.35","48,60,289","3,36,50,21,089.15","1","-","-"
"ICICIBANK","EQ","04-Oct-2021","692.35","697.05","703.35","694.05","700.20","700.20","699.33","89,76,533","6,27,75,18,234.05","1,78,167","50,15,925","55.88"
"ICICIBANK","EQ","01-Oct-2021","700.85","693.00","694.85","687.90","692.40","692.35","691.72","1,09,35,810","7,56,45,21,450.80","2,25,142","66,51,302","60.82"
"ICICIBANK","EQ","30-Sep-2021","709.50","709.60","713.90","698.80","701.90","700.85","704.11","1,84,87,517","13,01,71,69,266.30","1,79,908","76,09,329","41.16"
"ICICIBANK","EQ","29-Sep-2021","717.15","707.35","711.95","701.30","709.40","709.50","706.04","1,14,53,404","8,08,65,40,022.05","2,19,084","66,62,029","58.17"
"ICICIBANK","EQ","28-Sep-2021","730.00","734.10","735.40","706.60","715.90","717.15","718.17","1,34,91,839","9,68,93,77,167.80","1,73,925","88,06,092","65.27"
"ICICIBANK","EQ","27-Sep-2021","722.95","724.50","731.75","722.30","730.00","730.00","727.97","77,12,240","5,61,43,04,501.20","1,56,197","42,14,717","54.65"
"ICICIBANK","EQ","24-Sep-2021","717.00","722.60","724.60","716.55","722.00","722.95","721.01","1,17,80,868","8,49,41,69,635.70","1,73,981","77,43,735","65.73"
"ICICIBANK","EQ","23-Sep-2021","703.35","711.00","720.00","707.15","717.00","717.00","715.87","1,04,12,491","7,45,40,13,880.00","1,90,580","52,00,674","49.95"
"ICICIBANK","EQ","22-Sep-2021","711.85","715.00","715.00","702.25","703.50","703.35","706.98","97,40,470","6,88,63,20,738.05","2,09,079","57,15,053","58.67"
"ICICIBANK","EQ","21-Sep-2021","710.00","711.15","714.50","694.40","713.95","711.85","704.45","1,00,09,615","7,05,12,40,148.85","2,16,828","52,58,825","52.54"
"ICICIBANK","EQ","20-Sep-2021","720.15","710.00","720.40","706.50","706.65","710.00","713.70","79,43,459","5,66,92,26,550.90","1,60,953","45,01,482","56.67"
"ICICIBANK","EQ","17-Sep-2021","727.20","732.90","734.40","714.00","722.35","720.15","724.14","1,70,75,003","12,36,47,37,709.10","1,65,525","1,06,44,923","62.34"
"ICICIBANK","EQ","16-Sep-2021","714.35","720.00","729.40","712.85","726.90","727.20","722.79","1,35,57,169","9,79,89,97,589.45","1,89,602","66,64,432","49.16"
"ICICIBANK","EQ","15-Sep-2021","707.45","707.10","716.00","706.30","713.00","714.35","710.85","59,36,741","4,22,01,57,103.35","1,28,714","31,92,052","53.77"
"ICICIBANK","EQ","14-Sep-2021","707.40","713.25","714.00","706.50","707.95","707.45","709.65","52,41,865","3,71,98,74,440.35","1,09,788","28,97,308","55.27"
"ICICIBANK","EQ","13-Sep-2021","720.25","717.90","717.90","705.20","707.50","707.40","708.93","69,67,906","4,93,97,47,736.50","1,56,480","35,67,117","51.19"