"Symbol  ","Series  ","Date  ","Prev Close  ","Open Price  ","High Price  ","Low Price  ","Last Price  ","Close Price  ","Average Price ","Total Traded Quantity  ","Turnover ₹  ","No. of Trades  ","Deliverable Qty  ","% Dly Qt to Traded Qty  "
"BAJFINANCE","EQ","11-Sep-2026","1,043.50","1,031.00","1,035.00","1,015.10","1,034.50","1,034.50","1,027.92","54,11,299","5,56,23,60,402.70","1,29,025","30,01,489","64.25"
"BAJFINANCE","EQ","10-Sep-2026","1,039.30","1,042.50","1,048.70","1,036.50","1,043.50","1,043.50","1,042.81","39,02,988","4,07,00,59,791.90","88,720","25,42,676","65.15"
"BAJFINANCE","EQ","09-Sep-2026","1,054.10","1,045.10","1,060.10","1,038.50","1,039.30","1,039.30","1,047.50","92,44,698","9,68,37,76,924.70","1,58,288","62,69,747","67.82"
"BAJFINANCE","EQ","08-Sep-2026","1,060.00","1,058.80","1,059.60","1,050.00","1,054.10","1,054.10","1,054.53","36,08,327","3,80,51,05,423.60","1,24,780","24,53,676","68.00"
"BAJFINANCE","EQ","07-Sep-2026","1,060.50","1,064.00","1,070.00","1,054.30","1,060.00","1,060.00","1,059.16","35,86,860","3,79,90,51,175.20","84,407","19,34,962","53.95"
"BAJFINANCE","EQ","04-Sep-2026","1,049.00","1,050.60","1,063.60","1,049.70","1,060.50","1,060.50","1,056.06","59,52,048","6,28,56,95,160.10","1,04,933","43,87,056","73.71"
"BAJFINANCE","EQ","03-Sep-2026","1,055.90","1,057.10","1,059.70","1,043.20","1,049.00","1,049.00","1,050.23","66,26,755","6,95,95,86,251.20","86,333","44,91,697","67.78"
"BAJFINANCE","EQ","02-Sep-2026","1,053.90","1,044.20","1,061.00","1,034.80","1,055.90","1,055.90","1,046.45","62,34,288","6,52,38,63,818.20","1,33,068","41,60,048","66.73"
"BAJFINANCE","EQ","01-Sep-2026","1,057.00","1,065.00","1,067.00","1,047.00","1,053.90","1,053.90","1,054.15","48,13,301","5,07,39,61,226.30","1,01,532","30,14,822","62.64"
"BAJFINANCE","EQ","31-Aug-2026","1,079.90","1,069.40","1,073.00","1,052.00","1,057.00","1,057.00","1,059.87","70,02,192","7,42,14,06,554.60","1,02,457","49,97,775","71.37"
"BAJFINANCE","EQ","28-Aug-2026","1,083.00","1,065.70","1,081.50","1,065.70","1,079.90","1,079.90","1,074.47","45,54,311","4,89,34,65,405.20","72,226","28,22,874","61.98"
"BAJFINANCE","EQ","27-Aug-2026","1,085.00","1,090.00","1,107.00","1,083.00","1,083.00","1,083.00","1,091.53","52,20,239","5,69,80,67,605.60","1,05,604","32,03,467","61.37"
"BAJFINANCE","EQ","26-Aug-2026","1,087.40","1,083.30","1,095.00","1,082.40","1,085.00","1,085.00","1,087.79","32,34,877","3,51,88,59,762.00","85,806","19,11,489","59.09"
"BAJFINANCE","EQ","25-Aug-2026","1,077.00","1,077.00","1,087.40","1,066.30","1,087.40","1,087.40","1,078.39","27,70,499","2,98,76,76,408.80","73,198","15,32,268","55.31"
"BAJFINANCE","EQ","24-Aug-2026","1,095.00","1,086.00","1,094.90","1,076.90","1,077.00","1,077.00","1,084.65","43,42,556","4,71,01,47,245.70","1,21,593","31,93,243","73.53"
"BAJFINANCE","EQ","21-Aug-2026","1,095.00","1,105.40","1,105.50","1,090.60","1,095.00","1,095.00","1,095.69","30,42,594","3,33,37,31,561.40","94,415","18,78,096","61.73"
"BAJFINANCE","EQ","20-Aug-2026","1,080.20","1,089.70","1,102.30","1,086.30","1,095.00","1,095.00","1,096.74","67,41,475","7,39,36,30,932.50","1,87,033","44,86,388","66.55"
"BAJFINANCE","EQ","19-Aug-2026","1,094.30","1,093.90","1,093.90","1,076.40","1,080.20","1,080.20","1,081.41","28,77,930","3,11,22,19,418.30","85,071","16,55,254","57.52"
"BAJFINANCE","EQ","18-Aug-2026","1,089.30","1,088.60","1,100.00","1,087.60","1,094.30","1,094.30","1,094.85","33,74,018","3,69,40,43,121.60","94,399","20,95,607","62.11"
"BAJFINANCE","EQ","17-Aug-2026","1,087.00","1,080.00","1,100.40","1,078.80","1,089.30","1,089.30","1,090.82","22,95,675","2,50,41,64,050.10","46,312","12,49,700","54.44"
"BAJFINANCE","EQ","14-Aug-2026","1,090.80","1,090.80","1,098.50","1,085.20","1,087.00","1,087.00","1,091.14","42,25,781","4,61,09,06,228.10","59,559","27,34,545","64.71"
"BAJFINANCE","EQ","13-Aug-2026","1,094.20","1,095.00","1,095.30","1,083.00","1,090.80","1,090.80","1,088.14","24,05,186","2,61,71,73,590.40","75,100","12,67,952","52.72"
"BAJFINANCE","EQ","12-Aug-2026","1,093.30","1,093.00","1,094.70","1,080.00","1,094.20","1,094.20","1,086.16","70,54,842","7,66,26,90,308.80","1,16,314","50,79,946","72.01"
"BAJFINANCE","EQ","11-Aug-2026","1,102.20","1,098.00","1,101.50","1,086.30","1,093.30","1,093.30","1,095.06","65,23,358","7,14,34,61,248.90","1,11,469","40,72,953","62.44"
"BAJFINANCE","EQ","10-Aug-2026","1,078.00","1,078.00","1,106.10","1,070.80","1,102.20","1,102.20","1,091.38","73,03,098","7,97,04,84,344.50","1,06,103","46,05,173","63.06"
"BAJFINANCE","EQ","07-Aug-2026","1,144.80","1,113.00","1,113.00","1,074.50","1,078.00","1,078.00","1,090.24","1,56,14,001","17,02,30,67,677.20","3,06,196","87,07,120","55.76"
"BAJFINANCE","EQ","06-Aug-2026","1,158.80","1,155.50","1,160.20","1,144.60","1,144.80","1,144.80","1,152.86","64,72,397","7,46,17,75,358.80","1,25,290","41,07,380","63.46"
"BAJFINANCE","EQ","05-Aug-2026","1,149.00","1,152.00","1,166.00","1,145.10","1,158.80","1,158.80","1,155.11","51,54,683","5,95,42,36,165.00","1,17,854","29,78,764","57.79"
"BAJFINANCE","EQ","04-Aug-2026","1,153.00","1,164.00","1,164.00","1,139.50","1,149.00","1,149.00","1,147.94","94,37,990","10,83,42,16,469.60","2,14,865","60,11,462","63.69"
"BAJFINANCE","EQ","03-Aug-2026","1,141.20","1,176.30","1,176.40","1,140.20","1,153.00","1,153.00","1,158.72","1,37,58,012","15,94,16,54,317.20","2,22,678","82,01,150","59.61"
"BAJFINANCE","EQ","31-Jul-2026","1,053.50","1,095.00","1,151.50","1,083.60","1,141.20","1,141.20","1,123.50","4,08,14,590","45,85,53,66,893.80","5,17,927","2,37,74,041","58.25"
"BAJFINANCE","EQ","30-Jul-2026","1,054.40","1,046.00","1,068.00","1,035.10","1,058.00","1,053.50","1,048.82","98,66,564","10,34,82,40,044.70","2,12,790","51,77,750","52.48"
"BAJFINANCE","EQ","29-Jul-2026","1,048.40","1,056.00","1,065.90","1,048.40","1,050.10","1,054.40","1,056.62","64,44,368","6,80,92,67,713.20","1,17,856","41,96,260","65.12"
"BAJFINANCE","EQ","28-Jul-2026","1,048.30","1,049.00","1,055.00","1,042.40","1,049.80","1,048.40","1,047.63","47,26,447","4,95,15,72,335.20","1,14,060","26,74,542","56.59"
"BAJFINANCE","EQ","27-Jul-2026","1,012.80","1,026.70","1,050.00","1,026.60","1,049.00","1,048.30","1,042.28","76,10,916","7,93,27,08,873.40","1,65,999","48,61,021","63.87"
"BAJFINANCE","EQ","24-Jul-2026","1,039.80","1,027.30","1,030.20","1,001.30","1,019.00","1,012.80","1,012.22","1,84,16,962","18,64,19,55,484.60","1,45,678","1,23,66,161","67.15"
"BAJFINANCE","EQ","23-Jul-2026","1,060.30","1,053.30","1,061.20","1,036.50","1,040.00","1,039.80","1,047.21","80,16,651","8,39,50,80,371.60","1,58,865","55,22,921","68.89"
"BAJFINANCE","EQ","22-Jul-2026","1,069.20","1,064.00","1,070.60","1,056.10","1,056.10","1,060.30","1,061.21","67,57,716","7,17,13,23,094.80","1,18,249","49,29,178","72.94"
"BAJFINANCE","EQ","21-Jul-2026","1,064.00","1,064.00","1,074.40","1,060.90","1,071.00","1,069.20","1,068.41","69,70,658","7,44,75,37,610.40","1,33,957","46,60,828","66.86"
"BAJFINANCE","EQ","20-Jul-2026","1,056.30","1,057.00","1,067.70","1,038.20","1,061.40","1,064.00","1,050.64","93,48,760","9,82,21,67,258.20","1,02,171","57,03,734","61.01"
"BAJFINANCE","EQ","17-Jul-2026","1,037.60","1,044.90","1,058.50","1,037.60","1,055.30","1,056.30","1,050.86","1,28,82,360","13,53,75,44,921.60","1,50,115","91,01,992","70.65"
"BAJFINANCE","EQ","16-Jul-2026","1,021.30","1,024.00","1,042.40","1,021.20","1,036.50","1,037.60","1,035.00","90,79,076","9,39,68,79,163.20","1,24,360","65,98,655","72.68"
"BAJFINANCE","EQ","15-Jul-2026","1,006.60","1,006.60","1,037.30","1,006.60","1,020.90","1,021.30","1,024.62","55,38,356","5,67,47,20,686.70","1,59,723","30,60,623","55.26"
"BAJFINANCE","EQ","14-Jul-2026","1,022.60","1,007.00","1,022.00","995.20","1,007.00","1,006.60","1,004.57","64,58,393","6,48,79,00,432.50","1,38,561","30,51,135","47.24"
"BAJFINANCE","EQ","13-Jul-2026","1,020.50","1,014.00","1,028.00","1,003.70","1,023.00","1,022.60","1,017.82","48,74,070","4,96,09,12,193.40","1,45,609","27,82,114","57.08"
"BAJFINANCE","EQ","10-Jul-2026","1,003.80","1,010.10","1,023.90","1,004.20","1,023.00","1,020.50","1,014.69","70,39,305","7,14,27,24,553.90","1,68,873","46,50,437","66.06"
"BAJFINANCE","EQ","09-Jul-2026","1,010.40","1,000.00","1,013.50","994.10","1,002.90","1,003.80","1,004.01","1,17,12,515","11,75,94,41,414.30","1,69,265","78,45,943","66.99"
"BAJFINANCE","EQ","08-Jul-2026","1,042.50","1,025.00","1,034.70","1,004.10","1,011.20","1,010.40","1,020.11","83,13,859","8,48,10,26,807.10","2,02,893","49,56,701","59.62"
"BAJFINANCE","EQ","07-Jul-2026","1,029.10","1,024.00","1,052.90","1,024.00","1,039.40","1,042.50","1,038.89","91,01,171","9,45,51,33,736.20","1,97,563","56,36,490","61.93"
"BAJFINANCE","EQ","06-Jul-2026","1,031.40","1,040.00","1,040.20","1,024.80","1,028.00","1,029.10","1,031.28","48,19,952","4,97,07,27,807.70","1,70,207","32,57,833","67.59"
"BAJFINANCE","EQ","03-Jul-2026","1,018.40","1,035.00","1,040.00","1,017.60","1,031.40","1,031.40","1,031.74","93,99,193","9,69,75,60,783.60","2,94,639","49,49,305","52.66"
"BAJFINANCE","EQ","02-Jul-2026","1,014.90","994.70","1,025.70","993.40","1,020.00","1,018.40","1,014.59","81,68,339","8,28,74,81,250.10","1,98,144","44,85,878","54.92"
"BAJFINANCE","EQ","01-Jul-2026","1,004.75","1,000.40","1,025.40","998.90","1,014.00","1,014.90","1,013.47","68,34,299","6,92,63,40,801.20","1,76,056","39,32,638","57.54"
"BAJFINANCE","EQ","30-Jun-2026","982.05","986.90","1,010.95","977.70","1,007.00","1,004.75","999.62","1,24,45,420","12,44,07,31,055.40","2,61,356","71,84,169","57.73"
"BAJFINANCE","EQ","29-Jun-2026","980.40","975.30","992.30","975.30","987.95","982.05","983.72","1,98,75,760","19,55,22,32,138.55","2,87,799","1,45,00,590","72.96"
"BAJFINANCE","EQ","25-Jun-2026","990.95","996.20","1,005.60","978.90","981.40","980.40","991.36","1,28,07,092","12,69,63,91,509.10","2,41,420","81,71,189","63.80"
"BAJFINANCE","EQ","24-Jun-2026","962.40","952.40","993.90","952.40","990.00","990.95","982.34","98,73,777","9,69,93,66,769.40","2,39,866","60,03,879","60.81"
"BAJFINANCE","BL","24-Jun-2026","933.50","962.40","962.40","962.40","962.40","962.40","962.40","3,67,127","35,33,23,024.80","1","-","-"
"BAJFINANCE","EQ","23-Jun-2026","968.30","968.30","977.70","960.50","962.10","962.40","967.33","82,02,516","7,93,45,03,787.85","1,21,102","52,83,028","64.41"
"BAJFINANCE","EQ","22-Jun-2026","961.80","966.05","972.95","961.55","967.60","968.30","966.87","56,80,845","5,49,26,61,870.20","1,21,358","34,40,597","60.56"
"BAJFINANCE","EQ","19-Jun-2026","958.85","954.05","971.70","953.25","965.00","961.80","962.57","1,29,41,776","12,45,73,30,966.70","1,58,695","98,76,245","76.31"
"BAJFINANCE","EQ","18-Jun-2026","958.40","958.35","960.95","948.00","958.70","958.85","955.43","57,50,456","5,49,41,61,984.15","95,793","37,43,638","65.10"
"BAJFINANCE","EQ","17-Jun-2026","959.65","955.10","961.80","951.55","958.50","958.40","957.55","56,82,977","5,44,17,36,936.85","1,18,784","36,61,199","64.42"
"BAJFINANCE","EQ","16-Jun-2026","942.30","946.00","963.90","946.00","959.50","959.65","958.51","93,35,988","8,94,86,07,798.25","1,50,260","59,20,940","63.42"
"BAJFINANCE","EQ","15-Jun-2026","918.30","942.00","959.00","939.00","940.95","942.30","948.41","1,19,89,428","11,37,08,68,434.95","2,61,090","69,96,001","58.35"
"BAJFINANCE","EQ","12-Jun-2026","870.55","881.20","921.00","881.10","920.00","918.30","900.97","1,17,29,668","10,56,80,76,509.30","1,38,258","69,16,631","58.97"
"BAJFINANCE","EQ","11-Jun-2026","884.10","880.00","886.95","868.50","872.00","870.55","874.72","51,91,085","4,54,07,43,676.85","1,02,348","30,39,783","58.56"
"BAJFINANCE","EQ","10-Jun-2026","886.90","890.10","894.70","880.10","885.05","884.10","887.70","69,39,714","6,16,03,82,756.15","1,13,106","41,26,966","59.47"
"BAJFINANCE","EQ","09-Jun-2026","871.10","886.00","888.75","872.10","886.90","886.90","882.76","91,83,355","8,10,66,71,424.20","1,02,212","56,30,883","61.32"
"BAJFINANCE","EQ","08-Jun-2026","889.40","873.00","879.40","866.50","869.25","871.10","871.73","62,03,084","5,40,74,29,859.10","1,01,780","34,27,564","55.26"
"BAJFINANCE","EQ","05-Jun-2026","874.40","874.00","913.00","874.00","889.55","889.40","895.86","1,32,74,646","11,89,21,97,301.35","2,47,599","56,66,896","42.69"
"BAJFINANCE","EQ","04-Jun-2026","876.80","870.20","879.15","868.00","877.00","874.40","874.23","96,76,279","8,45,92,89,353.20","1,20,547","61,23,996","63.29"
"BAJFINANCE","EQ","03-Jun-2026","882.00","882.00","882.00","863.50","876.70","876.80","871.93","1,47,47,769","12,85,89,92,461.55","1,65,431","78,79,337","53.43"
"BAJFINANCE","EQ","02-Jun-2026","889.05","874.00","884.40","860.45","884.10","882.00","872.67","1,56,97,997","13,69,91,32,838.25","2,36,126","79,79,169","50.83"
"BAJFINANCE","EQ","01-Jun-2026","908.25","911.45","918.00","888.00","890.00","889.05","895.27","68,87,616","6,16,63,01,346.75","1,40,190","39,87,381","57.89"
"BAJFINANCE","EQ","29-May-2026","931.15","915.10","937.80","895.30","909.30","908.25","910.80","4,67,52,428","42,58,23,22,890.05","2,40,583","3,26,11,816","69.75"
"BAJFINANCE","EQ","27-May-2026","930.20","932.00","935.95","923.00","935.00","931.15","930.23","53,49,669","4,97,64,18,355.25","1,06,397","26,88,905","50.26"
"BAJFINANCE","EQ","26-May-2026","941.90","943.95","948.40","928.10","932.00","930.20","938.48","84,89,543","7,96,72,35,823.80","1,25,963","49,84,939","58.72"
"BAJFINANCE","EQ","25-May-2026","916.55","926.10","944.00","924.45","943.95","941.90","936.32","70,65,528","6,61,55,81,614.90","1,19,211","39,73,221","56.23"
"BAJFINANCE","EQ","22-May-2026","907.65","908.10","924.00","908.10","916.55","916.55","918.31","48,11,990","4,41,89,11,601.80","85,235","25,75,980","53.53"
"BAJFINANCE","EQ","21-May-2026","923.10","933.00","934.90","903.25","908.10","907.65","912.52","97,13,326","8,86,36,46,378.05","1,18,898","46,74,137","48.12"
"BAJFINANCE","EQ","20-May-2026","923.55","910.00","926.30","908.45","925.45","923.10","918.24","58,64,990","5,38,54,74,515.60","1,27,305","34,38,366","58.63"
"BAJFINANCE","EQ","19-May-2026","921.10","927.60","930.00","920.10","928.00","923.55","924.54","83,13,548","7,68,61,85,697.05","88,556","52,38,652","63.01"
"BAJFINANCE","EQ","18-May-2026","910.45","900.00","925.00","890.70","922.00","921.10","910.96","63,87,223","5,81,85,01,411.40","1,35,527","32,09,084","50.24"
"BAJFINANCE","EQ","15-May-2026","912.15","913.00","921.60","907.35","910.00","910.45","915.28","50,12,279","4,58,76,41,973.15","1,00,190","23,98,217","47.85"
"BAJFINANCE","EQ","14-May-2026","896.15","902.90","915.00","889.00","915.00","912.15","904.72","68,15,238","6,16,58,70,283.95","1,26,026","24,76,934","36.34"
"BAJFINANCE","EQ","13-May-2026","904.20","902.00","907.40","890.05","898.60","896.15","899.49","74,22,952","6,67,68,34,181.70","1,51,638","40,47,446","54.53"
"BAJFINANCE","EQ","12-May-2026","936.05","928.00","932.65","901.75","907.00","904.20","911.79","71,74,645","6,54,17,47,097.05","1,26,469","30,71,228","42.81"
"BAJFINANCE","EQ","11-May-2026","955.35","946.00","956.00","933.55","935.50","936.05","944.79","55,81,022","5,27,29,20,418.80","1,67,373","29,37,151","52.63"
"BAJFINANCE","EQ","08-May-2026","972.75","971.00","971.95","951.00","954.50","955.35","957.84","55,55,386","5,32,11,79,811.80","1,34,582","28,69,459","51.65"
"BAJFINANCE","EQ","07-May-2026","980.75","992.25","992.25","969.00","973.60","972.75","976.49","78,73,561","7,68,84,19,602.45","1,60,951","43,54,156","55.30"
"BAJFINANCE","EQ","06-May-2026","958.60","965.00","984.00","965.00","981.15","980.75","975.70","77,71,237","7,58,23,74,250.65","2,03,295","36,46,638","46.92"
"BAJFINANCE","EQ","05-May-2026","950.20","950.20","961.10","933.15","959.75","958.60","948.26","72,90,077","6,91,29,08,365.30","1,42,939","24,21,108","33.21"
"BAJFINANCE","EQ","04-May-2026","937.00","938.10","966.00","938.10","950.00","950.20","952.15","75,03,756","7,14,47,21,902.65","1,81,855","34,14,014","45.50"
"BAJFINANCE","EQ","30-Apr-2026","930.00","945.00","975.00","933.90","939.70","937.00","951.68","2,73,64,272","26,04,19,02,533.20","4,18,610","1,01,01,163","36.91"
"BAJFINANCE","EQ","29-Apr-2026","923.65","925.00","937.00","916.60","932.80","930.00","929.23","54,38,997","5,05,40,95,623.55","1,05,181","24,48,990","45.03"
"BAJFINANCE","EQ","28-Apr-2026","921.80","921.80","929.90","914.35","920.00","923.65","923.58","71,19,135","6,57,51,20,512.65","1,38,722","40,82,142","57.34"
"BAJFINANCE","EQ","27-Apr-2026","921.55","923.05","928.95","908.30","923.00","921.80","920.91","78,13,458","7,19,55,29,851.80","1,23,617","39,22,131","50.20"
"BAJFINANCE","EQ","24-Apr-2026","918.35","920.00","924.70","909.80","922.10","921.55","917.01","39,82,355","3,65,18,61,150.65","92,877","19,22,914","48.29"
"BAJFINANCE","EQ","23-Apr-2026","934.75","926.10","929.85","909.35","916.50","918.35","916.98","91,43,598","8,38,44,69,481.05","1,71,515","45,29,538","49.54"
"BAJFINANCE","EQ","22-Apr-2026","938.85","938.00","946.35","930.15","934.90","934.75","936.78","57,59,028","5,39,49,31,382.85","1,32,008","31,39,436","54.51"
"BAJFINANCE","EQ","21-Apr-2026","917.75","919.50","945.95","919.00","938.75","938.85","935.45","67,13,975","6,28,05,92,831.00","1,37,280","32,51,232","48.42"
"BAJFINANCE","EQ","20-Apr-2026","908.25","908.25","920.90","898.00","916.15","917.75","913.73","61,84,179","5,65,06,45,036.80","1,86,624","33,51,132","54.19"
"BAJFINANCE","EQ","17-Apr-2026","905.90","902.15","910.45","895.80","909.00","908.25","906.97","60,35,241","5,47,37,79,135.75","1,58,132","38,22,871","63.34"
"BAJFINANCE","EQ","16-Apr-2026","913.15","919.00","932.60","904.00","906.95","905.90","915.47","1,18,05,227","10,80,73,17,208.15","1,94,650","68,14,033","57.72"
"BAJFINANCE","EQ","15-Apr-2026","898.95","925.00","925.00","911.10","912.70","913.15","916.89","59,75,197","5,47,85,89,430.20","1,36,613","31,78,675","53.20"
"BAJFINANCE","EQ","13-Apr-2026","924.55","896.15","905.90","881.10","897.05","898.95","899.63","1,07,23,313","9,64,70,62,454.70","1,61,125","51,72,616","48.24"
"BAJFINANCE","EQ","10-Apr-2026","903.25","915.75","927.30","912.30","922.00","924.55","920.65","94,91,544","8,73,83,84,699.00","1,26,030","58,29,940","61.42"
"BAJFINANCE","EQ","09-Apr-2026","915.05","902.00","913.40","891.40","901.80","903.25","904.25","94,57,820","8,55,22,54,513.20","1,45,043","48,01,708","50.77"
"BAJFINANCE","EQ","08-Apr-2026","855.10","890.00","926.00","881.00","917.00","915.05","913.70","1,38,26,150","12,63,29,59,269.20","2,14,092","75,03,023","54.27"
"BAJFINANCE","EQ","07-Apr-2026","850.85","848.00","862.80","844.45","854.00","855.10","853.58","1,15,69,047","9,87,51,34,334.50","1,69,033","51,99,310","44.94"
"BAJFINANCE","EQ","06-Apr-2026","826.85","828.90","853.00","814.25","850.00","850.85","834.20","1,25,04,591","10,43,13,11,305.65","2,06,758","67,04,143","53.61"
"BAJFINANCE","EQ","02-Apr-2026","817.30","809.00","830.05","792.45","828.90","826.85","811.85","91,13,618","7,39,89,01,198.50","1,77,781","40,65,895","44.61"
"BAJFINANCE","EQ","01-Apr-2026","801.55","832.80","842.05","814.80","819.00","817.30","829.61","1,50,94,026","12,52,20,93,054.70","2,64,877","94,28,635","62.47"
"BAJFINANCE","EQ","30-Mar-2026","843.80","831.00","834.90","799.00","802.00","801.55","811.32","2,03,77,282","16,53,24,98,038.00","3,41,634","1,18,43,021","58.12"
"BAJFINANCE","EQ","27-Mar-2026","882.75","875.00","875.15","841.25","846.50","843.80","850.53","1,12,82,824","9,59,63,82,183.20","2,61,234","70,40,214","62.40"
"BAJFINANCE","EQ","25-Mar-2026","849.00","862.05","888.80","853.30","883.00","882.75","879.13","1,59,95,501","14,06,21,82,961.25","3,62,598","1,06,78,107","66.76"
"BAJFINANCE","EQ","24-Mar-2026","812.60","830.00","854.00","817.60","853.00","849.00","834.49","1,88,28,248","15,71,19,77,662.60","2,70,501","1,18,50,678","62.94"
"BAJFINANCE","EQ","23-Mar-2026","830.55","818.10","818.80","787.90","811.60","812.60","805.95","1,58,35,828","12,76,29,45,968.20","3,85,591","95,50,098","60.31"
"BAJFINANCE","EQ","20-Mar-2026","832.20","836.70","841.95","819.25","830.30","830.55","828.25","1,48,81,843","12,32,59,34,998.90","2,17,899","82,83,886","55.66"
"BAJFINANCE","EQ","19-Mar-2026","880.10","868.20","869.90","826.70","836.70","832.20","840.54","1,15,85,591","9,73,81,15,551.25","3,33,569","64,58,617","55.75"
"BAJFINANCE","EQ","18-Mar-2026","868.60","876.10","893.95","858.20","882.95","880.10","872.84","1,23,75,517","10,80,17,95,698.30","3,29,822","64,43,256","52.06"
"BAJFINANCE","EQ","17-Mar-2026","878.15","878.15","881.05","859.55","869.00","868.60","869.20","79,41,385","6,90,26,61,614.35","1,58,686","42,37,189","53.36"
"BAJFINANCE","EQ","16-Mar-2026","855.05","850.10","881.90","850.10","873.80","878.15","870.58","89,82,957","7,82,03,83,672.30","1,96,453","55,38,572","61.66"
"BAJFINANCE","EQ","13-Mar-2026","863.10","861.00","868.35","848.80","856.50","855.05","859.32","66,68,639","5,73,04,77,876.05","1,79,052","37,39,474","56.08"
"BAJFINANCE","EQ","12-Mar-2026","893.65","880.10","888.20","858.35","862.95","863.10","871.61","1,55,08,258","13,51,70,84,002.50","3,00,802","1,03,20,657","66.55"
"BAJFINANCE","EQ","11-Mar-2026","939.80","932.20","941.25","890.00","893.95","893.65","905.10","1,11,72,537","10,11,22,42,988.20","2,68,835","65,30,678","58.45"
"BAJFINANCE","EQ","10-Mar-2026","938.05","950.00","952.15","931.85","941.95","939.80","941.74","84,74,956","7,98,11,71,893.45","1,77,367","54,19,584","63.95"
"BAJFINANCE","EQ","09-Mar-2026","950.20","921.80","941.10","909.05","938.40","938.05","926.06","91,82,152","8,50,31,91,071.15","2,91,747","57,59,406","62.72"
"BAJFINANCE","EQ","06-Mar-2026","962.40","960.00","961.50","946.60","951.70","950.20","953.43","65,60,051","6,25,45,27,777.80","1,11,836","45,17,294","68.86"
"BAJFINANCE","EQ","05-Mar-2026","945.10","958.00","968.25","945.90","963.00","962.40","958.18","61,81,254","5,92,27,47,411.10","1,56,794","33,21,148","53.73"
"BAJFINANCE","EQ","04-Mar-2026","978.25","967.00","967.00","941.30","945.00","945.10","949.67","89,64,293","8,51,31,55,074.65","1,99,208","53,92,924","60.16"
"BAJFINANCE","EQ","02-Mar-2026","995.90","971.00","990.40","968.00","975.00","978.25","978.43","84,93,269","8,31,00,53,608.70","1,92,677","43,21,669","50.88"
"BAJFINANCE","EQ","27-Feb-2026","1,012.95","1,008.95","1,014.90","993.10","996.75","995.90","1,001.74","81,45,772","8,15,99,45,302.05","1,32,074","61,21,960","75.16"
"BAJFINANCE","EQ","26-Feb-2026","1,021.05","1,020.75","1,031.20","1,006.05","1,014.15","1,012.95","1,017.21","43,36,261","4,41,09,02,415.80","1,19,529","20,60,876","47.53"
"BAJFINANCE","EQ","25-Feb-2026","1,023.55","1,028.00","1,034.00","1,013.40","1,020.40","1,021.05","1,022.25","31,82,612","3,25,34,11,039.80","76,008","17,60,152","55.31"
"BAJFINANCE","EQ","24-Feb-2026","1,031.00","1,026.30","1,028.75","1,010.30","1,023.50","1,023.55","1,020.61","66,10,984","6,74,72,04,735.20","1,12,203","43,43,722","65.70"
"BAJFINANCE","EQ","23-Feb-2026","1,030.20","1,032.45","1,046.00","1,029.05","1,030.55","1,031.00","1,038.15","94,52,225","9,81,28,04,202.00","1,15,644","67,07,586","70.96"
"BAJFINANCE","EQ","20-Feb-2026","1,017.05","1,015.90","1,036.60","1,008.75","1,025.00","1,030.20","1,027.79","69,22,705","7,11,51,04,290.15","97,443","42,36,672","61.20"
"BAJFINANCE","EQ","19-Feb-2026","1,023.80","1,024.00","1,024.50","1,007.00","1,007.00","1,017.05","1,019.83","98,66,245","10,06,18,74,746.45","62,990","78,17,505","79.23"
"BAJFINANCE","EQ","18-Feb-2026","1,014.15","1,014.55","1,025.70","1,007.05","1,020.50","1,023.80","1,021.35","49,29,647","5,03,48,75,349.15","88,460","32,47,118","65.87"
"BAJFINANCE","EQ","17-Feb-2026","1,012.75","1,012.75","1,016.35","1,004.00","1,012.00","1,014.15","1,011.03","29,13,899","2,94,60,42,029.80","87,347","16,87,096","57.90"
"BAJFINANCE","EQ","16-Feb-2026","1,024.75","1,023.05","1,029.30","1,003.30","1,013.00","1,012.75","1,016.78","44,60,636","4,53,54,80,900.40","1,19,707","22,03,761","49.40"
"BAJFINANCE","EQ","13-Feb-2026","999.10","995.00","1,032.00","992.80","1,030.00","1,024.75","1,015.64","2,16,13,987","21,95,19,45,032.45","2,37,289","1,40,67,308","65.08"
"BAJFINANCE","EQ","12-Feb-2026","968.95","968.30","1,002.00","965.00","1,001.00","999.10","991.04","1,03,46,853","10,25,41,59,152.70","1,53,662","61,43,513","59.38"
"BAJFINANCE","EQ","11-Feb-2026","965.60","965.30","974.50","961.40","967.05","968.95","968.40","35,97,342","3,48,36,52,951.95","77,383","19,74,265","54.88"
"BAJFINANCE","EQ","10-Feb-2026","983.15","983.15","985.15","961.30","965.30","965.60","967.94","61,66,752","5,96,90,67,955.35","2,04,992","37,52,284","60.85"
"BAJFINANCE","EQ","09-Feb-2026","981.70","988.00","988.00","971.60","981.20","983.15","979.91","48,52,548","4,75,50,59,617.65","1,26,486","29,72,521","61.26"
"BAJFINANCE","EQ","06-Feb-2026","964.75","973.95","986.50","966.10","982.00","981.70","978.07","1,37,42,927","13,44,14,91,072.00","2,04,267","91,79,735","66.80"
"BAJFINANCE","EQ","05-Feb-2026","963.30","964.00","968.50","953.00","964.65","964.75","961.79","60,20,258","5,79,02,37,614.50","1,65,702","40,25,945","66.87"
"BAJFINANCE","EQ","04-Feb-2026","964.40","965.00","975.70","944.15","964.00","963.30","961.00","1,74,89,015","16,80,70,13,599.45","2,81,554","1,04,12,172","59.54"
"BAJFINANCE","EQ","03-Feb-2026","903.70","960.00","972.80","941.90","964.00","964.40","958.88","1,52,61,370","14,63,38,81,621.80","2,58,334","93,95,812","61.57"
"BAJFINANCE","EQ","02-Feb-2026","902.35","887.00","909.40","887.00","908.00","903.70","898.61","1,18,74,989","10,67,09,89,136.55","1,72,067","77,83,738","65.55"
"BAJFINANCE","EQ","01-Feb-2026","929.85","930.80","935.00","888.55","904.50","902.35","908.12","38,30,308","3,47,83,86,501.25","1,11,755","21,43,062","55.95"
"BAJFINANCE","EQ","30-Jan-2026","935.15","928.35","938.00","925.15","930.85","929.85","930.60","1,01,51,379","9,44,69,18,061.80","1,28,901","71,03,641","69.98"
"BAJFINANCE","EQ","29-Jan-2026","935.15","935.15","939.80","923.70","937.25","935.15","933.17","64,30,445","6,00,07,26,695.35","1,17,387","42,10,424","65.48"
"BAJFINANCE","EQ","28-Jan-2026","914.70","914.70","936.90","914.70","936.00","935.15","928.88","60,46,468","5,61,64,12,974.50","1,34,488","38,38,633","63.49"
"BAJFINANCE","EQ","27-Jan-2026","927.85","930.00","931.95","907.70","917.95","914.70","917.45","1,53,12,488","14,04,84,09,579.25","2,30,932","1,04,72,675","68.39"
"BAJFINANCE","EQ","23-Jan-2026","942.85","942.85","951.40","926.30","929.50","927.85","934.98","65,35,035","6,11,01,37,047.60","1,03,819","45,90,105","70.24"
"BAJFINANCE","EQ","22-Jan-2026","936.25","947.00","947.00","934.25","945.00","942.85","940.74","55,18,756","5,19,17,19,560.05","1,28,845","32,41,522","58.74"
"BAJFINANCE","EQ","21-Jan-2026","933.20","925.00","947.30","921.00","938.00","936.25","934.23","53,75,254","5,02,17,02,630.95","1,78,460","29,16,350","54.26"
"BAJFINANCE","EQ","20-Jan-2026","969.45","975.70","975.70","927.90","931.75","933.20","943.92","90,01,207","8,49,64,02,192.95","1,95,288","53,12,844","59.02"
"BAJFINANCE","EQ","19-Jan-2026","950.25","950.50","972.90","948.85","968.00","969.45","966.52","70,00,442","6,76,60,44,326.65","1,12,965","41,44,925","59.21"
"BAJFINANCE","EQ","16-Jan-2026","945.95","940.20","963.00","936.80","951.00","950.25","951.44","1,07,10,080","10,18,99,58,448.10","1,94,250","72,09,383","67.31"
"BAJFINANCE","EQ","14-Jan-2026","949.00","947.00","953.90","943.15","944.80","945.95","948.55","44,52,202","4,22,31,14,203.85","1,10,550","26,81,329","60.22"
"BAJFINANCE","EQ","13-Jan-2026","951.90","950.00","955.85","939.00","949.40","949.00","946.57","67,65,116","6,40,36,81,236.80","1,18,869","38,57,533","57.02"
"BAJFINANCE","EQ","12-Jan-2026","959.60","958.80","961.40","939.85","950.00","951.90","948.82","56,40,136","5,35,14,62,823.35","2,17,084","30,34,735","53.81"
"BAJFINANCE","EQ","09-Jan-2026","971.95","970.10","983.00","953.70","961.50","959.60","967.76","75,98,970","7,35,39,69,136.70","1,73,067","46,71,325","61.47"
"BAJFINANCE","EQ","08-Jan-2026","968.80","968.50","978.35","965.30","970.10","971.95","971.28","44,10,256","4,28,35,79,770.75","1,00,152","22,90,353","51.93"
"BAJFINANCE","EQ","07-Jan-2026","977.35","973.05","976.45","965.05","969.70","968.80","968.58","70,48,491","6,82,70,28,959.90","1,93,229","51,18,158","72.61"
"BAJFINANCE","EQ","06-Jan-2026","978.75","978.00","987.00","973.30","976.95","977.35","978.76","83,80,183","8,20,22,08,758.30","1,50,078","57,85,611","69.04"
"BAJFINANCE","EQ","05-Jan-2026","990.45","979.70","999.15","975.00","977.65","978.75","981.97","1,05,64,157","10,37,36,48,642.60","1,49,389","67,24,250","63.65"
"BAJFINANCE","EQ","02-Jan-2026","973.10","972.90","994.20","960.60","990.55","990.45","986.39","62,06,869","6,12,24,10,193.40","1,13,828","35,44,409","57.10"
"BAJFINANCE","EQ","01-Jan-2026","986.80","988.20","989.00","969.00","975.60","973.10","975.57","71,18,751","6,94,48,24,603.50","2,23,760","47,81,307","67.16"
"BAJFINANCE","EQ","31-Dec-2025","989.30","990.00","994.20","978.40","986.50","986.80","984.17","98,95,270","9,73,86,59,835.90","2,85,791","72,08,477","72.85"
"BAJFINANCE","EQ","30-Dec-2025","998.00","994.10","997.60","987.10","991.00","989.30","990.43","74,73,887","7,40,23,83,539.80","1,61,499","52,36,330","70.06"
"BAJFINANCE","EQ","29-Dec-2025","1,000.00","1,003.00","1,003.90","989.60","998.50","998.00","995.43","67,15,489","6,68,48,30,774.10","1,35,440","43,86,273","65.32"
"BAJFINANCE","EQ","26-Dec-2025","1,011.70","1,011.70","1,011.70","998.00","998.50","1,000.00","1,002.41","52,11,460","5,22,40,36,369.60","99,458","30,93,367","59.36"
"BAJFINANCE","EQ","24-Dec-2025","1,011.40","1,011.00","1,037.40","1,006.00","1,009.40","1,011.70","1,024.46","59,84,816","6,13,12,29,339.30","1,37,892","27,54,247","46.02"
"BAJFINANCE","EQ","23-Dec-2025","1,007.80","1,013.50","1,018.00","1,005.70","1,011.50","1,011.40","1,012.31","47,12,043","4,77,00,43,831.90","1,16,598","27,63,704","58.65"
"BAJFINANCE","EQ","22-Dec-2025","1,008.30","1,008.30","1,015.40","1,005.00","1,007.80","1,007.80","1,009.02","39,21,237","3,95,66,04,053.60","1,64,783","24,33,948","62.07"
"BAJFINANCE","EQ","19-Dec-2025","1,000.30","1,003.20","1,014.00","1,002.50","1,006.20","1,008.30","1,007.63","51,26,009","5,16,51,35,470.00","1,11,084","35,32,031","68.90"
"BAJFINANCE","EQ","18-Dec-2025","999.60","1,002.10","1,009.70","995.00","1,001.00","1,000.30","1,001.84","31,03,997","3,10,96,97,879.50","1,39,504","16,21,598","52.24"
"BAJFINANCE","EQ","17-Dec-2025","998.40","1,000.00","1,011.20","995.30","1,000.10","999.60","1,001.74","46,95,550","4,70,37,16,445.10","1,26,812","29,21,956","62.23"
"BAJFINANCE","EQ","16-Dec-2025","1,012.70","1,007.50","1,010.60","996.50","997.10","998.40","1,001.97","38,61,617","3,86,92,37,331.00","1,32,550","23,42,125","60.65"
"BAJFINANCE","EQ","15-Dec-2025","1,017.30","1,015.00","1,016.50","1,008.00","1,012.10","1,012.70","1,012.08","39,58,977","4,00,68,06,979.20","1,73,998","27,67,328","69.90"
"BAJFINANCE","EQ","12-Dec-2025","1,006.40","1,000.00","1,020.80","1,000.00","1,015.80","1,017.30","1,016.81","43,81,711","4,45,53,79,631.40","92,570","26,86,818","61.32"
"BAJFINANCE","EQ","11-Dec-2025","1,010.30","1,011.90","1,020.50","1,000.10","1,008.40","1,006.40","1,009.14","46,70,539","4,71,32,07,700.70","1,31,630","25,14,321","53.83"
"BAJFINANCE","EQ","10-Dec-2025","1,016.70","1,016.00","1,021.70","1,007.30","1,009.60","1,010.30","1,012.63","49,90,527","5,05,35,53,452.10","1,25,385","31,48,914","63.10"
"BAJFINANCE","EQ","09-Dec-2025","1,026.40","1,025.00","1,026.00","1,013.70","1,017.50","1,016.70","1,018.43","59,68,501","6,07,84,99,996.40","1,63,105","37,41,631","62.69"
"BAJFINANCE","EQ","08-Dec-2025","1,048.00","1,048.00","1,049.80","1,023.00","1,026.40","1,026.40","1,029.00","51,89,635","5,34,01,32,253.30","1,82,866","30,53,219","58.83"
"BAJFINANCE","EQ","05-Dec-2025","1,029.10","1,028.90","1,061.00","1,026.50","1,046.80","1,048.00","1,048.10","1,31,23,572","13,75,47,59,067.70","2,12,153","73,39,156","55.92"
"BAJFINANCE","EQ","04-Dec-2025","1,021.40","1,018.00","1,032.30","1,016.00","1,027.10","1,029.10","1,025.72","54,04,918","5,54,39,07,592.50","1,24,585","39,21,850","72.56"
"BAJFINANCE","EQ","03-Dec-2025","1,025.50","1,021.00","1,026.30","1,014.20","1,022.00","1,021.40","1,019.72","58,95,670","6,01,19,26,994.20","1,18,342","41,39,143","70.21"
"BAJFINANCE","EQ","02-Dec-2025","1,021.10","1,014.50","1,036.00","1,013.90","1,025.30","1,025.50","1,024.40","67,06,145","6,86,97,59,689.10","1,35,804","38,95,609","58.09"
"BAJFINANCE","EQ","01-Dec-2025","1,037.50","1,041.90","1,042.00","1,018.80","1,019.80","1,021.10","1,025.49","64,59,837","6,62,45,05,886.80","1,90,993","42,48,596","65.77"
"BAJFINANCE","EQ","28-Nov-2025","1,033.80","1,038.00","1,043.50","1,031.00","1,038.00","1,037.50","1,037.10","49,83,147","5,16,80,01,827.10","1,09,406","30,55,740","61.32"
"BAJFINANCE","EQ","27-Nov-2025","1,010.70","1,015.60","1,044.90","1,010.90","1,035.30","1,033.80","1,035.70","1,20,76,038","12,50,70,95,956.70","2,58,662","65,10,318","53.91"
"BAJFINANCE","EQ","26-Nov-2025","986.20","986.20","1,012.80","981.30","1,011.00","1,010.70","1,003.59","97,72,235","9,80,72,79,994.80","1,39,321","66,21,753","67.76"
"BAJFINANCE","EQ","25-Nov-2025","994.00","995.00","996.90","984.50","985.00","986.20","990.28","63,76,983","6,31,49,81,621.80","1,34,254","45,35,421","71.12"
"BAJFINANCE","EQ","24-Nov-2025","1,004.10","1,005.00","1,009.30","990.00","994.00","994.00","998.25","95,74,900","9,55,81,17,345.60","1,09,365","74,34,972","77.65"
"BAJFINANCE","EQ","21-Nov-2025","1,028.60","1,020.00","1,027.60","1,001.50","1,005.00","1,004.10","1,012.47","63,04,584","6,38,31,75,613.50","1,25,148","45,50,093","72.17"
"BAJFINANCE","EQ","20-Nov-2025","1,005.60","1,015.00","1,031.70","1,007.30","1,028.70","1,028.60","1,023.13","54,59,073","5,58,53,62,504.00","1,11,536","33,61,242","61.57"
"BAJFINANCE","EQ","19-Nov-2025","1,013.60","1,009.00","1,016.10","1,004.60","1,005.80","1,005.60","1,008.04","51,58,832","5,20,03,01,561.80","91,630","36,28,084","70.33"
"BAJFINANCE","EQ","18-Nov-2025","1,026.80","1,021.20","1,024.10","1,011.70","1,014.40","1,013.60","1,015.09","45,62,185","4,63,10,21,081.60","1,03,137","28,55,581","62.59"
"BAJFINANCE","EQ","17-Nov-2025","1,018.50","1,021.00","1,033.00","1,017.00","1,027.00","1,026.80","1,027.44","60,11,603","6,17,65,79,135.10","2,21,125","39,19,200","65.19"
"BAJFINANCE","EQ","14-Nov-2025","1,005.40","1,004.90","1,019.90","1,002.60","1,016.10","1,018.50","1,013.36","43,81,122","4,43,96,63,661.90","2,00,155","27,17,321","62.02"
"BAJFINANCE","EQ","13-Nov-2025","1,013.20","1,012.50","1,019.40","1,003.50","1,007.00","1,005.40","1,010.82","85,03,994","8,59,59,95,310.40","1,92,819","60,08,139","70.65"
"BAJFINANCE","EQ","12-Nov-2025","1,005.20","1,011.00","1,018.40","1,008.80","1,011.00","1,013.20","1,013.84","1,11,31,278","11,28,52,97,203.90","1,87,385","79,74,380","71.64"
"BAJFINANCE","EQ","11-Nov-2025","1,085.00","1,043.70","1,043.70","997.00","1,009.10","1,005.20","1,008.31","2,37,62,890","23,96,03,00,116.80","5,13,536","1,18,93,882","50.05"
"BAJFINANCE","EQ","10-Nov-2025","1,066.60","1,066.60","1,088.00","1,062.90","1,086.60","1,085.00","1,079.33","56,92,236","6,14,38,14,675.40","1,39,418","30,29,954","53.23"
"BAJFINANCE","EQ","07-Nov-2025","1,041.90","1,039.00","1,076.90","1,034.20","1,069.60","1,066.60","1,060.09","69,40,923","7,35,79,78,851.50","1,42,002","36,27,155","52.26"
"BAJFINANCE","EQ","06-Nov-2025","1,057.00","1,037.00","1,052.80","1,035.00","1,042.50","1,041.90","1,044.64","57,76,277","6,03,41,25,415.40","1,30,577","33,01,080","57.15"
"BAJFINANCE","EQ","04-Nov-2025","1,043.10","1,040.00","1,060.40","1,035.00","1,054.70","1,057.00","1,052.68","62,02,540","6,52,92,85,294.60","1,23,704","32,96,207","53.14"
"BAJFINANCE","EQ","03-Nov-2025","1,042.80","1,037.00","1,048.00","1,031.00","1,040.60","1,043.10","1,042.72","41,35,617","4,31,23,05,793.50","1,03,637","23,27,401","56.28"
"BAJFINANCE","EQ","31-Oct-2025","1,052.30","1,052.00","1,069.45","1,041.40","1,045.00","1,042.80","1,051.70","53,15,632","5,59,04,42,745.60","1,56,491","34,57,468","65.04"
"BAJFINANCE","EQ","30-Oct-2025","1,062.95","1,063.00","1,066.80","1,045.00","1,052.50","1,052.30","1,053.74","42,71,927","4,50,14,79,931.20","1,08,365","24,75,206","57.94"
"BAJFINANCE","EQ","29-Oct-2025","1,072.75","1,072.00","1,079.15","1,061.25","1,063.80","1,062.95","1,065.16","53,86,803","5,73,78,24,903.25","1,15,343","40,23,340","74.69"
"BAJFINANCE","EQ","28-Oct-2025","1,084.40","1,078.00","1,092.40","1,063.05","1,075.95","1,072.75","1,071.61","1,23,24,341","13,20,69,01,445.25","1,80,223","75,20,689","61.02"
"BAJFINANCE","EQ","27-Oct-2025","1,089.75","1,090.95","1,094.00","1,075.75","1,082.60","1,084.40","1,081.77","73,66,175","7,96,85,27,496.15","1,13,591","52,53,347","71.32"
"BAJFINANCE","EQ","24-Oct-2025","1,094.15","1,093.50","1,098.60","1,087.40","1,089.00","1,089.75","1,091.92","64,40,277","7,03,22,84,931.35","1,35,777","43,62,842","67.74"
"BAJFINANCE","EQ","23-Oct-2025","1,086.50","1,090.00","1,102.50","1,083.90","1,091.15","1,094.15","1,090.65","1,11,43,407","12,15,35,32,034.75","1,82,248","68,69,705","61.65"
"BAJFINANCE","EQ","21-Oct-2025","1,081.00","1,084.90","1,089.00","1,081.00","1,086.00","1,086.50","1,085.27","9,11,624","98,93,61,169.40","39,540","4,51,105","49.48"
"BAJFINANCE","EQ","20-Oct-2025","1,070.10","1,081.50","1,086.50","1,072.20","1,081.50","1,081.00","1,081.21","57,00,858","6,16,38,21,810.90","1,36,410","30,74,390","53.93"
"BAJFINANCE","EQ","17-Oct-2025","1,065.75","1,056.10","1,076.45","1,056.10","1,069.10","1,070.10","1,069.71","57,61,670","6,16,32,87,486.60","99,826","31,25,792","54.25"
"BAJFINANCE","EQ","16-Oct-2025","1,059.90","1,062.00","1,081.10","1,058.85","1,065.50","1,065.75","1,068.19","99,01,992","10,57,72,32,016.60","2,17,542","57,57,760","58.15"
"BAJFINANCE","EQ","15-Oct-2025","1,019.15","1,026.00","1,063.00","1,018.40","1,060.65","1,059.90","1,049.76","1,02,05,158","10,71,30,08,202.10","2,11,954","61,91,061","60.67"
"BAJFINANCE","EQ","14-Oct-2025","1,036.75","1,040.00","1,042.10","1,011.35","1,017.00","1,019.15","1,020.35","76,68,358","7,82,43,91,820.80","1,18,345","44,57,654","58.13"
"BAJFINANCE","EQ","13-Oct-2025","1,023.85","1,023.85","1,040.00","1,021.50","1,039.00","1,036.75","1,030.14","76,84,523","7,91,61,12,030.10","1,07,949","55,26,936","71.92"
"BAJFINANCE","EQ","10-Oct-2025","1,024.10","1,018.10","1,027.50","1,017.00","1,025.00","1,023.85","1,023.61","37,14,548","3,80,22,51,706.20","1,07,555","21,53,202","57.97"
"BAJFINANCE","EQ","09-Oct-2025","1,023.15","1,023.00","1,029.00","1,014.95","1,022.50","1,024.10","1,022.47","44,44,154","4,54,40,08,052.75","1,28,128","21,60,050","48.60"
"BAJFINANCE","EQ","08-Oct-2025","1,016.55","1,012.05","1,028.00","1,012.05","1,023.10","1,023.15","1,022.58","44,48,915","4,54,93,79,589.85","1,38,638","28,24,770","63.49"
"BAJFINANCE","EQ","07-Oct-2025","1,008.90","1,008.90","1,029.50","1,008.90","1,018.30","1,016.55","1,019.85","79,91,437","8,15,00,86,290.75","1,70,118","44,49,471","55.68"
"BAJFINANCE","EQ","06-Oct-2025","989.75","993.00","1,023.00","992.10","1,010.00","1,008.90","1,011.68","92,99,635","9,40,82,10,783.65","1,34,779","43,94,841","47.26"
"BAJFINANCE","EQ","03-Oct-2025","987.70","975.00","992.20","972.00","990.00","989.75","983.87","76,92,197","7,56,80,98,893.75","1,58,671","48,35,331","62.86"
"BAJFINANCE","EQ","01-Oct-2025","998.90","991.50","1,000.00","977.75","987.35","987.70","986.28","69,32,272","6,83,71,43,289.55","1,81,158","39,70,471","57.28"
"BAJFINANCE","EQ","30-Sep-2025","990.95","990.00","1,002.30","989.45","999.00","998.90","997.76","71,82,200","7,16,61,22,197.00","1,67,414","45,63,600","63.54"
"BAJFINANCE","EQ","29-Sep-2025","985.10","990.00","997.80","981.10","992.80","990.95","989.65","58,04,877","5,74,47,82,526.20","1,46,750","37,12,971","63.96"
"BAJFINANCE","EQ","26-Sep-2025","1,012.75","1,008.05","1,010.50","981.05","985.00","985.10","994.93","91,09,737","9,06,35,47,759.80","1,97,980","57,58,217","63.21"
"BAJFINANCE","EQ","25-Sep-2025","1,029.75","1,020.00","1,031.10","1,008.00","1,012.50","1,012.75","1,020.63","1,67,31,453","17,07,66,46,440.65","1,76,603","1,17,38,343","70.16"
"BAJFINANCE","EQ","24-Sep-2025","1,025.50","1,021.50","1,036.00","1,020.40","1,027.60","1,029.75","1,029.01","64,33,184","6,61,98,08,704.60","1,04,638","36,73,612","57.10"
"BAJFINANCE","EQ","23-Sep-2025","1,006.50","999.00","1,028.80","999.00","1,025.90","1,025.50","1,022.08","1,02,30,040","10,45,59,36,203.00","1,62,849","51,71,502","50.55"
"BAJFINANCE","EQ","22-Sep-2025","992.45","989.95","1,010.90","989.00","1,006.00","1,006.50","1,003.45","42,50,045","4,26,46,95,716.35","1,13,714","23,57,594","55.47"
"BAJFINANCE","EQ","19-Sep-2025","996.50","991.00","996.00","988.60","994.00","992.45","992.70","67,36,440","6,68,72,44,049.45","81,918","46,68,511","69.30"
"BAJFINANCE","EQ","18-Sep-2025","1,007.50","1,007.00","1,009.80","990.00","994.10","996.50","996.44","97,38,376","9,70,36,89,722.60","1,46,926","52,69,630","54.11"
"BAJFINANCE","EQ","17-Sep-2025","1,003.25","1,010.00","1,011.80","1,000.35","1,009.00","1,007.50","1,007.86","69,95,023","7,05,00,22,378.15","1,24,914","45,71,701","65.36"
"BAJFINANCE","EQ","16-Sep-2025","1,009.85","1,005.85","1,015.30","1,000.00","1,006.90","1,003.25","1,005.86","76,02,155","7,64,67,09,015.75","1,87,530","38,32,066","50.41"
"BAJFINANCE","EQ","15-Sep-2025","1,003.25","999.00","1,025.70","998.10","1,011.70","1,009.85","1,014.61","99,89,753","10,13,56,83,911.40","1,63,812","56,97,343","57.03"
"BAJFINANCE","EQ","12-Sep-2025","970.25","972.25","1,004.60","970.85","1,002.70","1,003.25","991.99","1,14,12,561","11,32,11,27,115.30","1,84,367","68,39,934","59.93"
"BAJFINANCE","EQ","11-Sep-2025","967.95","968.00","975.90","965.60","970.20","970.25","971.34","59,82,627","5,81,11,63,155.00","1,53,574","38,59,608","64.51"
"BAJFINANCE","EQ","10-Sep-2025","948.40","951.05","969.65","947.70","967.50","967.95","962.99","68,36,239","6,58,32,03,755.25","1,53,906","37,49,390","54.85"
"BAJFINANCE","EQ","09-Sep-2025","944.30","944.00","949.40","940.00","947.50","948.40","946.45","54,17,393","5,12,73,11,860.40","1,30,035","30,66,575","56.61"
"BAJFINANCE","EQ","08-Sep-2025","937.60","937.60","949.65","935.65","946.00","944.30","942.97","56,57,331","5,33,46,97,442.60","1,72,661","34,89,996","61.69"
"BAJFINANCE","EQ","05-Sep-2025","934.75","942.00","942.35","932.00","936.95","937.60","936.79","54,67,260","5,12,16,57,436.25","1,11,188","31,27,086","57.20"
"BAJFINANCE","EQ","04-Sep-2025","896.30","915.00","948.00","912.25","933.05","934.75","937.37","2,17,38,706","20,37,72,54,605.35","2,84,729","1,13,62,865","52.27"
"BAJFINANCE","EQ","03-Sep-2025","890.10","892.70","898.85","880.05","896.80","896.30","893.01","54,93,809","4,90,60,44,779.55","1,04,136","37,65,531","68.54"
"BAJFINANCE","EQ","02-Sep-2025","889.35","895.00","899.55","886.15","890.00","890.10","893.33","61,03,185","5,45,21,75,952.45","1,60,813","32,35,193","53.01"
"BAJFINANCE","EQ","01-Sep-2025","877.85","877.85","894.80","877.85","890.00","889.35","888.65","41,01,526","3,64,48,17,964.50","1,27,217","24,20,574","59.02"
"BAJFINANCE","EQ","29-Aug-2025","876.85","870.85","888.00","870.85","879.00","877.85","879.63","56,72,446","4,98,96,47,554.75","1,13,464","33,52,337","59.10"
"BAJFINANCE","EQ","28-Aug-2025","876.25","870.20","884.50","869.70","878.10","876.85","878.71","83,49,342","7,33,66,55,386.80","1,63,523","43,41,734","52.00"
"BAJFINANCE","EQ","26-Aug-2025","900.80","899.95","901.90","873.50","876.00","876.25","882.44","67,12,926","5,92,37,36,385.05","1,59,230","39,15,177","58.32"
"BAJFINANCE","EQ","25-Aug-2025","894.50","902.10","908.00","898.15","901.30","900.80","901.77","58,37,876","5,26,44,40,696.40","1,05,208","38,13,332","65.32"
"BAJFINANCE","EQ","22-Aug-2025","895.60","895.00","903.90","892.00","896.10","894.50","896.67","64,24,895","5,76,10,00,787.10","1,04,898","44,33,989","69.01"
"BAJFINANCE","EQ","21-Aug-2025","887.80","888.00","901.30","884.00","895.30","895.60","894.73","66,97,533","5,99,24,66,162.75","1,42,800","34,68,748","51.79"
"BAJFINANCE","EQ","20-Aug-2025","902.30","900.55","902.00","886.05","887.70","887.80","888.95","55,61,646","4,94,40,06,386.30","1,30,954","35,54,919","63.92"
"BAJFINANCE","EQ","19-Aug-2025","905.20","905.95","909.90","890.50","902.00","902.30","897.77","57,64,382","5,17,51,00,521.85","1,55,937","28,63,904","49.68"
"BAJFINANCE","EQ","18-Aug-2025","861.45","875.00","919.65","875.00","905.05","905.20","908.22","1,62,77,779","14,78,38,35,815.40","2,21,796","85,77,368","52.69"
"BAJFINANCE","EQ","14-Aug-2025","860.00","860.00","866.90","855.45","862.00","861.45","860.32","53,79,250","4,62,78,78,608.50","1,40,455","34,42,853","64.00"
"BAJFINANCE","EQ","13-Aug-2025","853.00","854.55","864.00","849.00","862.80","860.00","855.70","1,01,17,225","8,65,73,53,497.90","1,58,985","68,74,004","67.94"
"BAJFINANCE","EQ","12-Aug-2025","877.80","877.20","884.90","851.50","853.00","853.00","861.84","82,57,312","7,11,64,96,403.60","1,72,469","43,85,162","53.11"
"BAJFINANCE","EQ","11-Aug-2025","877.15","877.15","888.30","872.75","876.45","877.80","877.07","53,67,926","4,70,80,46,915.65","1,21,396","36,89,080","68.72"
"BAJFINANCE","EQ","08-Aug-2025","879.10","877.00","888.30","876.00","878.00","877.15","880.43","37,36,916","3,29,00,93,803.80","1,00,490","20,83,051","55.74"
"BAJFINANCE","EQ","07-Aug-2025","876.65","871.00","882.00","867.25","881.90","879.10","873.90","59,98,002","5,24,16,65,477.65","1,31,629","36,06,004","60.12"
"BAJFINANCE","EQ","06-Aug-2025","891.90","888.00","895.50","874.60","876.95","876.65","881.03","42,12,648","3,71,14,85,491.90","1,05,207","22,49,540","53.40"
"BAJFINANCE","EQ","05-Aug-2025","885.30","889.00","893.60","882.40","892.30","891.90","888.57","44,46,791","3,95,12,69,886.10","1,03,982","25,40,318","57.13"
"BAJFINANCE","EQ","04-Aug-2025","875.60","874.00","886.75","873.70","885.80","885.30","882.53","39,69,985","3,50,36,18,167.35","98,005","21,96,462","55.33"
"BAJFINANCE","EQ","01-Aug-2025","881.20","884.80","895.85","873.00","877.00","875.60","883.38","53,00,299","4,68,21,66,230.30","1,43,881","23,01,534","43.42"
"BAJFINANCE","EQ","31-Jul-2025","884.85","872.00","887.85","868.00","880.00","881.20","880.19","69,99,179","6,16,05,81,276.00","1,90,429","39,43,715","56.35"
"BAJFINANCE","EQ","30-Jul-2025","886.55","890.95","892.60","875.00","884.00","884.85","883.35","50,54,496","4,46,48,96,495.35","1,25,992","25,98,513","51.41"
"BAJFINANCE","EQ","29-Jul-2025","880.50","875.05","894.00","873.50","887.00","886.55","883.99","1,13,23,854","10,01,01,20,809.55","2,22,148","78,99,608","69.76"
"BAJFINANCE","EQ","28-Jul-2025","913.75","909.25","913.75","879.00","881.00","880.50","893.72","1,40,11,284","12,52,21,50,292.50","2,26,120","88,05,453","62.85"
"BAJFINANCE","EQ","25-Jul-2025","958.95","906.40","924.90","898.00","912.85","913.75","911.91","2,44,15,481","22,26,47,84,976.00","4,08,925","1,01,01,637","41.37"
"BAJFINANCE","EQ","24-Jul-2025","968.30","970.00","970.00","954.00","956.50","958.95","959.86","51,89,112","4,98,08,03,290.35","1,10,464","26,76,081","51.57"
"BAJFINANCE","EQ","23-Jul-2025","952.55","954.00","970.95","953.65","968.00","968.30","965.48","96,94,991","9,36,02,94,154.30","2,03,940","50,33,385","51.92"
"BAJFINANCE","EQ","22-Jul-2025","948.45","955.00","962.00","940.00","954.00","952.55","950.64","62,37,382","5,92,94,92,533.55","1,48,038","27,71,257","44.43"
"BAJFINANCE","EQ","21-Jul-2025","942.00","938.90","951.00","937.35","948.00","948.45","946.55","46,60,232","4,41,11,55,684.90","1,06,985","23,04,817","49.46"
"BAJFINANCE","EQ","18-Jul-2025","923.30","920.50","944.90","920.00","941.50","942.00","933.50","78,93,820","7,36,88,94,025.05","1,19,468","40,20,313","50.93"
"BAJFINANCE","EQ","17-Jul-2025","921.75","925.95","926.25","916.00","920.50","923.30","921.22","45,83,882","4,22,27,79,247.85","1,03,691","25,85,006","56.39"
"BAJFINANCE","EQ","16-Jul-2025","928.40","924.00","927.00","919.40","921.90","921.75","923.09","39,52,491","3,64,84,86,826.90","85,125","22,03,685","55.75"
"BAJFINANCE","EQ","15-Jul-2025","918.85","919.00","930.60","918.00","929.00","928.40","923.62","38,92,075","3,59,48,02,509.65","1,04,204","19,54,454","50.22"
"BAJFINANCE","EQ","14-Jul-2025","933.50","932.00","932.00","911.30","920.00","918.85","918.60","66,57,978","6,11,59,99,935.50","1,53,338","40,03,466","60.13"
"BAJFINANCE","BL","14-Jul-2025","9,419.50","933.50","933.50","933.50","933.50","933.50","933.50","6,85,074","63,95,16,579.00","1","-","-"
"BAJFINANCE","EQ","11-Jul-2025","947.65","938.70","947.15","931.55","933.00","933.50","936.79","42,78,038","4,00,76,04,996.25","1,11,599","31,08,840","72.67"
"BAJFINANCE","EQ","10-Jul-2025","940.60","943.00","951.70","942.25","946.85","947.65","946.75","54,09,906","5,12,18,43,946.35","1,04,507","26,52,512","49.03"
"BAJFINANCE","EQ","09-Jul-2025","927.65","926.50","946.00","924.00","941.00","940.60","938.41","53,41,529","5,01,25,23,523.30","1,14,990","30,33,411","56.79"
"BAJFINANCE","EQ","08-Jul-2025","924.65","918.80","929.50","918.80","928.30","927.65","926.00","38,51,432","3,56,64,40,765.75","1,00,320","25,83,992","67.09"
"BAJFINANCE","EQ","07-Jul-2025","925.30","925.00","929.30","918.10","923.65","924.65","923.84","33,83,973","3,12,62,66,090.15","1,15,649","19,76,030","58.39"
"BAJFINANCE","EQ","04-Jul-2025","910.15","922.00","940.70","919.00","926.00","925.30","930.12","1,06,13,046","9,87,14,36,314.70","2,61,905","34,97,226","32.95"
"BAJFINANCE","EQ","03-Jul-2025","923.00","922.00","924.50","905.20","912.50","910.15","911.78","76,06,558","6,93,55,20,730.60","1,94,868","34,07,740","44.80"
"BAJFINANCE","EQ","02-Jul-2025","936.65","933.00","939.85","914.00","922.70","923.00","923.98","93,94,493","8,68,03,19,986.85","1,52,535","65,35,180","69.56"
"BAJFINANCE","EQ","01-Jul-2025","936.50","932.50","941.80","928.00","937.90","936.65","934.83","53,81,327","5,03,06,11,131.55","1,29,199","32,07,905","59.61"
"BAJFINANCE","EQ","30-Jun-2025","947.00","956.00","956.00","934.00","937.00","936.50","940.58","60,86,081","5,72,44,63,885.50","1,07,672","37,84,240","62.18"
"BAJFINANCE","EQ","27-Jun-2025","951.50","950.00","959.50","936.00","944.00","947.00","944.71","2,16,37,194","20,44,08,51,086.00","2,23,354","1,57,59,519","72.84"
"BAJFINANCE","EQ","26-Jun-2025","928.00","930.00","953.50","928.50","950.00","951.50","947.22","1,16,77,790","11,06,14,25,723.00","2,18,358","60,32,970","51.66"
"BAJFINANCE","EQ","25-Jun-2025","916.50","918.00","930.00","916.00","926.00","928.00","924.07","66,23,799","6,12,08,71,749.00","1,07,014","37,47,955","56.58"
"BAJFINANCE","EQ","24-Jun-2025","915.50","920.00","936.00","914.50","919.00","916.50","924.44","1,15,55,634","10,68,25,01,724.00","1,95,280","62,12,747","53.76"
"BAJFINANCE","EQ","23-Jun-2025","905.00","899.00","918.00","890.50","913.00","915.50","907.46","58,70,597","5,32,73,52,128.00","1,20,463","28,04,026","47.76"
"BAJFINANCE","EQ","20-Jun-2025","900.50","897.00","907.50","886.00","902.00","905.00","899.65","1,43,20,241","12,88,31,45,719.00","1,81,066","98,73,820","68.95"
"BAJFINANCE","EQ","19-Jun-2025","919.00","919.00","922.50","894.00","898.00","900.50","905.42","65,85,940","5,96,30,59,285.50","1,44,496","37,27,527","56.60"
"BAJFINANCE","EQ","18-Jun-2025","923.00","927.00","932.50","915.00","918.00","919.00","923.12","50,02,923","4,61,83,13,726.50","92,906","30,05,535","60.08"
"BAJFINANCE","EQ","17-Jun-2025","938.00","941.50","943.50","917.50","924.00","923.00","924.63","61,10,175","5,64,96,59,426.50","1,29,305","34,56,013","56.56"
"BAJFINANCE","EQ","16-Jun-2025","9,331.00","956.00","956.00","925.00","938.50","938.00","937.27","70,16,290","6,57,61,33,322.00","1,83,091","36,04,027","51.37"
"BAJFINANCE","BL","13-Jun-2025","9,519.00","9,419.50","9,419.50","9,419.50","9,419.50","9,419.50","9,419.50","1,48,000","1,39,40,86,000.00","1","-","-"
"BAJFINANCE","EQ","13-Jun-2025","9,368.50","9,150.00","9,365.50","9,147.00","9,340.00","9,331.00","9,284.63","10,18,202","9,45,36,25,332.50","1,12,221","5,82,527","57.21"
"BAJFINANCE","BL","12-Jun-2025","9,592.00","9,519.00","9,519.00","9,519.00","9,519.00","9,519.00","9,519.00","1,75,000","1,66,58,25,000.00","1","-","-"
"BAJFINANCE","EQ","12-Jun-2025","9,425.00","9,449.00","9,533.00","9,355.00","9,369.00","9,368.50","9,433.45","12,38,833","11,68,64,71,246.00","1,11,795","6,91,347","55.81"
"BAJFINANCE","EQ","11-Jun-2025","9,497.50","9,490.00","9,570.00","9,404.00","9,426.00","9,425.00","9,462.85","11,86,081","11,22,37,06,454.50","1,26,406","7,23,916","61.03"
"BAJFINANCE","BL","11-Jun-2025","9,703.00","9,592.00","9,592.00","9,592.00","9,592.00","9,592.00","9,592.00","1,75,000","1,67,86,00,000.00","1","-","-"
"BAJFINANCE","EQ","10-Jun-2025","9,607.50","9,700.00","9,700.00","9,485.50","9,490.00","9,497.50","9,559.22","9,04,404","8,64,53,97,528.00","89,278","4,59,013","50.75"
"BAJFINANCE","BL","10-Jun-2025","8,580.35","9,703.00","9,703.00","9,703.00","9,703.00","9,703.00","9,703.00","1,75,000","1,69,80,25,000.00","1","-","-"
"BAJFINANCE","EQ","09-Jun-2025","9,371.50","9,550.00","9,788.00","9,403.00","9,624.00","9,607.50","9,625.56","23,49,601","22,61,62,17,121.50","2,07,488","10,40,528","44.29"
"BAJFINANCE","EQ","06-Jun-2025","8,934.00","8,945.00","9,434.00","8,876.00","9,372.00","9,371.50","9,270.25","19,78,386","18,34,01,24,005.50","1,93,858","8,81,859","44.57"
"BAJFINANCE","EQ","05-Jun-2025","8,987.00","8,987.00","8,987.00","8,869.50","8,925.00","8,934.00","8,927.86","7,85,332","7,01,13,36,928.50","77,620","4,30,140","54.77"
"BAJFINANCE","EQ","04-Jun-2025","8,979.00","8,975.00","9,039.50","8,964.50","8,994.50","8,987.00","8,997.21","5,54,493","4,98,88,88,199.00","63,399","3,71,569","67.01"
"BAJFINANCE","EQ","03-Jun-2025","9,118.50","9,106.00","9,128.00","8,970.00","8,972.00","8,979.00","9,019.53","9,08,027","8,18,99,76,644.00","93,270","5,52,008","60.79"
"BAJFINANCE","EQ","02-Jun-2025","9,180.50","9,130.00","9,165.00","9,040.00","9,119.00","9,118.50","9,115.97","6,61,963","6,03,44,37,736.50","80,263","4,31,662","65.21"
"BAJFINANCE","EQ","30-May-2025","9,204.00","9,170.00","9,203.50","9,121.00","9,142.00","9,180.50","9,172.46","15,04,174","13,79,69,75,532.00","79,849","9,72,295","64.64"
"BAJFINANCE","EQ","29-May-2025","9,267.50","9,250.00","9,279.50","9,160.00","9,210.00","9,204.00","9,200.05","7,08,175","6,51,52,47,946.50","77,008","3,60,727","50.94"
"BAJFINANCE","EQ","28-May-2025","9,171.00","9,245.00","9,294.50","9,141.00","9,282.00","9,267.50","9,236.00","6,50,740","6,01,02,33,304.50","77,345","3,62,540","55.71"
"BAJFINANCE","EQ","27-May-2025","9,269.50","9,270.00","9,290.00","9,143.00","9,174.00","9,171.00","9,192.26","7,15,000","6,57,24,65,231.50","87,027","3,29,154","46.04"
"BAJFINANCE","EQ","26-May-2025","9,243.50","9,255.00","9,336.50","9,250.00","9,262.00","9,269.50","9,289.86","5,47,679","5,08,78,59,251.00","68,856","2,97,868","54.39"
"BAJFINANCE","EQ","23-May-2025","9,139.00","9,139.00","9,286.50","9,111.00","9,248.00","9,243.50","9,232.07","4,25,169","3,92,51,88,798.50","56,398","2,07,836","48.88"
"BAJFINANCE","EQ","22-May-2025","9,197.50","9,197.50","9,199.00","9,070.50","9,150.50","9,139.00","9,137.34","6,15,974","5,62,83,62,942.00","93,360","3,28,010","53.25"
"BAJFINANCE","EQ","21-May-2025","9,079.00","9,100.00","9,280.00","9,028.50","9,192.00","9,197.50","9,184.41","7,32,150","6,72,43,68,740.00","98,443","4,08,952","55.86"
"BAJFINANCE","EQ","20-May-2025","9,255.50","9,298.00","9,310.00","9,069.00","9,085.50","9,079.00","9,139.02","8,10,616","7,40,82,36,843.50","86,187","5,32,809","65.73"
"BAJFINANCE","EQ","19-May-2025","9,167.00","9,167.00","9,289.50","9,167.00","9,248.00","9,255.50","9,235.52","7,16,274","6,61,51,61,364.50","63,938","3,85,278","53.79"
"BAJFINANCE","EQ","16-May-2025","9,188.50","9,188.50","9,286.00","9,133.50","9,172.00","9,167.00","9,185.88","6,25,192","5,74,29,36,175.50","63,031","2,23,530","35.75"
"BAJFINANCE","EQ","15-May-2025","9,081.00","9,099.50","9,215.00","9,028.00","9,182.00","9,188.50","9,125.14","10,38,500","9,47,64,57,633.00","1,09,672","3,59,770","34.64"
"BAJFINANCE","EQ","14-May-2025","9,042.00","9,045.00","9,110.50","9,012.00","9,076.00","9,081.00","9,067.58","7,59,400","6,88,59,20,342.50","82,137","3,77,929","49.77"
"BAJFINANCE","EQ","13-May-2025","9,018.50","9,004.00","9,163.50","8,991.00","9,050.00","9,042.00","9,077.14","13,36,300","12,12,97,88,245.50","1,36,605","6,21,704","46.52"
"BAJFINANCE","EQ","12-May-2025","8,641.00","8,849.00","9,030.00","8,825.50","9,013.00","9,018.50","8,973.91","10,63,822","9,54,66,40,596.00","84,970","6,40,863","60.24"
"BAJFINANCE","EQ","09-May-2025","8,832.50","8,650.00","8,781.00","8,605.00","8,662.00","8,641.00","8,663.06","12,15,134","10,52,67,76,560.00","1,14,043","7,36,333","60.60"
"BAJFINANCE","EQ","08-May-2025","8,986.50","8,977.00","9,074.50","8,775.00","8,780.00","8,832.50","8,905.64","12,01,809","10,70,28,75,236.00","1,17,820","6,36,049","52.92"
"BAJFINANCE","EQ","07-May-2025","8,797.50","8,750.00","8,997.50","8,723.00","8,977.00","8,986.50","8,916.04","11,63,557","10,37,43,20,490.00","1,22,242","6,80,689","58.50"
"BAJFINANCE","EQ","06-May-2025","8,932.00","8,911.00","8,974.00","8,750.00","8,785.00","8,797.50","8,812.05","12,04,087","10,61,04,79,824.50","1,23,221","6,98,680","58.03"
"BAJFINANCE","EQ","05-May-2025","8,862.50","8,877.50","9,033.00","8,866.00","8,940.00","8,932.00","8,943.11","8,93,061","7,98,67,38,577.50","1,01,616","4,02,757","45.10"
"BAJFINANCE","EQ","02-May-2025","8,634.50","8,575.50","8,915.00","8,566.00","8,868.00","8,862.50","8,737.66","22,02,675","19,24,62,31,281.50","1,82,711","11,46,399","52.05"
"BAJFINANCE","EQ","30-Apr-2025","9,093.00","8,840.00","8,888.00","8,556.00","8,613.50","8,634.50","8,643.99","39,69,057","34,30,85,03,854.50","4,23,669","18,12,165","45.66"
"BAJFINANCE","EQ","29-Apr-2025","9,093.00","9,130.00","9,146.00","8,960.00","9,105.00","9,093.00","9,057.02","11,76,818","10,65,84,68,207.50","1,69,967","5,58,932","47.50"
"BAJFINANCE","EQ","28-Apr-2025","9,112.00","9,080.00","9,125.00","9,000.50","9,075.00","9,093.00","9,065.36","9,94,656","9,01,69,19,103.00","1,33,616","5,76,699","57.98"
"BAJFINANCE","EQ","25-Apr-2025","9,301.00","9,310.50","9,344.50","8,990.00","9,080.50","9,112.00","9,122.64","10,89,354","9,93,77,87,574.50","1,08,445","5,14,885","47.27"
"BAJFINANCE","EQ","24-Apr-2025","9,323.00","9,620.00","9,660.00","9,273.00","9,290.00","9,301.00","9,374.10","18,49,671","17,33,90,07,268.00","1,63,098","7,76,062","41.96"
"BAJFINANCE","EQ","23-Apr-2025","9,260.50","9,282.00","9,348.50","9,150.00","9,305.00","9,323.00","9,243.71","10,81,872","10,00,05,08,735.00","1,18,959","6,19,912","57.30"
"BAJFINANCE","EQ","22-Apr-2025","9,273.50","9,295.00","9,393.00","9,230.00","9,235.00","9,260.50","9,325.06","11,29,358","10,53,13,29,282.00","1,34,456","6,54,996","58.00"
"BAJFINANCE","EQ","21-Apr-2025","9,162.50","9,170.00","9,315.00","9,141.50","9,274.00","9,273.50","9,245.67","7,82,415","7,23,39,50,514.50","86,149","4,33,019","55.34"
"BAJFINANCE","EQ","17-Apr-2025","9,056.50","9,040.00","9,190.00","8,952.00","9,170.00","9,162.50","9,079.26","11,41,513","10,36,40,97,830.00","1,13,025","6,53,297","57.23"
"BAJFINANCE","EQ","16-Apr-2025","9,141.00","9,149.50","9,171.50","8,964.00","9,065.00","9,056.50","9,062.14","7,19,822","6,52,31,26,008.00","87,994","3,82,942","53.20"
"BAJFINANCE","EQ","15-Apr-2025","8,921.10","9,255.50","9,290.00","9,075.50","9,138.00","9,141.00","9,140.06","12,63,361","11,54,71,89,669.50","1,12,755","8,26,180","65.40"
"BAJFINANCE","EQ","11-Apr-2025","8,735.80","8,825.05","8,973.50","8,810.70","8,912.00","8,921.10","8,914.28","10,09,722","9,00,09,39,833.10","1,07,731","4,90,878","48.62"
"BAJFINANCE","EQ","09-Apr-2025","8,822.25","8,815.00","8,842.00","8,625.00","8,745.00","8,735.80","8,722.67","10,48,774","9,14,81,05,326.60","1,38,514","5,79,324","55.24"
"BAJFINANCE","EQ","08-Apr-2025","8,568.00","8,650.00","8,873.00","8,650.00","8,825.05","8,822.25","8,790.59","14,77,563","12,98,86,51,758.25","1,40,461","6,68,926","45.27"
"BAJFINANCE","EQ","07-Apr-2025","8,718.85","8,340.00","8,600.50","8,307.15","8,590.10","8,568.00","8,451.39","13,98,124","11,81,60,96,363.45","1,59,133","6,75,851","48.34"
"BAJFINANCE","EQ","04-Apr-2025","8,594.60","8,656.00","8,797.00","8,583.80","8,739.90","8,718.85","8,709.85","18,49,658","16,11,02,51,144.45","1,55,607","9,13,091","49.37"
"BAJFINANCE","EQ","03-Apr-2025","8,669.25","8,650.00","8,765.00","8,460.20","8,570.00","8,594.60","8,597.51","13,96,633","12,00,75,59,992.75","1,48,865","6,63,046","47.47"
"BAJFINANCE","EQ","02-Apr-2025","8,698.20","8,730.00","8,759.85","8,612.00","8,630.00","8,669.25","8,683.17","6,46,495","5,61,36,24,153.90","73,065","3,73,071","57.71"
"BAJFINANCE","EQ","01-Apr-2025","8,945.60","8,783.30","8,925.00","8,671.00","8,719.35","8,698.20","8,761.66","11,83,424","10,36,87,58,175.45","1,26,566","7,30,002","61.69"
"BAJFINANCE","EQ","28-Mar-2025","9,003.85","8,997.60","9,028.90","8,861.00","8,929.90","8,945.60","8,936.02","9,77,099","8,73,13,79,557.85","96,063","5,18,974","53.11"
"BAJFINANCE","EQ","27-Mar-2025","8,866.05","8,861.00","9,055.40","8,822.25","9,004.70","9,003.85","8,982.55","20,92,044","18,79,18,87,533.70","1,30,155","13,75,057","65.73"
"BAJFINANCE","EQ","26-Mar-2025","9,067.25","9,102.05","9,126.90","8,849.95","8,870.00","8,866.05","8,956.50","8,86,211","7,93,73,51,688.05","91,406","5,02,546","56.71"
"BAJFINANCE","EQ","25-Mar-2025","9,090.05","9,125.00","9,260.05","8,977.05","9,040.00","9,067.25","9,099.50","17,48,260","15,90,82,85,700.90","1,68,353","8,70,116","49.77"
"BAJFINANCE","EQ","24-Mar-2025","8,916.10","9,095.95","9,115.00","8,927.00","9,079.70","9,090.05","9,050.90","14,33,217","12,97,19,03,809.20","1,39,069","8,13,101","56.73"
"BAJFINANCE","EQ","21-Mar-2025","8,679.65","9,039.95","9,089.00","8,831.00","8,911.10","8,916.10","8,928.93","27,44,801","24,50,81,42,273.20","1,88,335","13,89,985","50.64"
"BAJFINANCE","EQ","20-Mar-2025","8,731.60","8,725.00","8,768.05","8,541.15","8,680.00","8,679.65","8,649.09","7,92,433","6,85,38,22,658.90","1,00,459","3,33,154","42.04"
"BAJFINANCE","EQ","19-Mar-2025","8,682.50","8,700.00","8,879.00","8,682.60","8,693.25","8,731.60","8,784.84","12,89,820","11,33,08,61,437.60","1,23,937","6,85,105","53.12"
"BAJFINANCE","EQ","18-Mar-2025","8,580.35","8,615.00","8,699.00","8,494.80","8,694.00","8,682.50","8,606.53","11,03,110","9,49,39,45,717.35","90,493","5,32,782","48.30"
"BAJFINANCE","BL","18-Mar-2025","7,051.45","8,580.35","8,580.35","8,580.35","8,580.35","8,580.35","8,580.35","44,149","37,88,13,872.15","1","-","-"
"BAJFINANCE","EQ","17-Mar-2025","8,420.45","8,399.20","8,629.95","8,386.00","8,580.00","8,580.35","8,566.96","11,02,085","9,44,15,19,270.45","1,03,206","6,67,167","60.54"
"BAJFINANCE","EQ","13-Mar-2025","8,484.45","8,500.00","8,560.00","8,393.00","8,415.00","8,420.45","8,471.30","12,17,351","10,31,25,44,763.65","1,08,914","7,46,110","61.29"
"BAJFINANCE","EQ","12-Mar-2025","8,340.45","8,341.10","8,524.50","8,272.55","8,515.45","8,484.45","8,393.12","20,88,223","17,52,67,06,410.45","1,00,018","15,78,547","75.59"
"BAJFINANCE","EQ","11-Mar-2025","8,342.60","8,305.00","8,375.00","8,211.25","8,344.90","8,340.45","8,304.82","8,13,567","6,75,65,31,010.55","97,805","4,89,691","60.19"
"BAJFINANCE","EQ","10-Mar-2025","8,404.50","8,437.75","8,637.90","8,326.05","8,330.00","8,342.60","8,474.89","10,16,453","8,61,43,32,254.60","1,15,793","4,13,948","40.72"
"BAJFINANCE","EQ","07-Mar-2025","8,410.85","8,409.90","8,470.00","8,366.45","8,406.00","8,404.50","8,419.84","4,72,946","3,98,21,27,841.45","64,573","2,01,684","42.64"
"BAJFINANCE","EQ","06-Mar-2025","8,298.70","8,365.00","8,459.80","8,275.55","8,384.00","8,410.85","8,386.18","8,81,422","7,39,17,64,661.45","1,28,900","3,12,812","35.49"
"BAJFINANCE","EQ","05-Mar-2025","8,585.95","8,455.00","8,500.00","8,221.00","8,297.00","8,298.70","8,340.74","16,30,092","13,59,61,81,067.00","1,66,591","8,10,272","49.71"
"BAJFINANCE","EQ","04-Mar-2025","8,627.85","8,522.20","8,619.30","8,513.65","8,576.35","8,585.95","8,568.46","7,65,506","6,55,92,07,035.55","97,645","4,54,957","59.43"
"BAJFINANCE","EQ","03-Mar-2025","8,530.30","8,536.00","8,650.80","8,438.10","8,647.00","8,627.85","8,568.04","8,74,996","7,49,69,99,725.85","1,09,736","4,90,900","56.10"
"BAJFINANCE","EQ","28-Feb-2025","8,705.40","8,665.00","8,670.00","8,510.05","8,546.00","8,530.30","8,570.85","17,54,580","15,03,82,39,540.50","1,54,691","11,09,873","63.26"
"BAJFINANCE","EQ","27-Feb-2025","8,488.80","8,542.60","8,739.00","8,542.60","8,660.75","8,705.40","8,687.83","18,38,283","15,97,06,91,652.65","2,05,850","8,56,767","46.61"
"BAJFINANCE","EQ","25-Feb-2025","8,354.95","8,354.95","8,526.65","8,338.05","8,472.00","8,488.80","8,477.93","10,98,541","9,31,33,51,852.30","1,27,296","5,40,191","49.17"
"BAJFINANCE","EQ","24-Feb-2025","8,396.70","8,328.00","8,399.00","8,311.05","8,345.00","8,354.95","8,361.05","3,55,260","2,97,03,47,450.60","71,140","1,60,228","45.10"
"BAJFINANCE","EQ","21-Feb-2025","8,399.45","8,360.00","8,420.30","8,288.00","8,387.00","8,396.70","8,367.99","6,08,647","5,09,31,51,150.40","95,180","3,21,177","52.77"
"BAJFINANCE","EQ","20-Feb-2025","8,439.45","8,355.85","8,455.60","8,345.65","8,384.30","8,399.45","8,398.68","7,90,070","6,63,55,43,165.00","1,01,049","4,88,973","61.89"
"BAJFINANCE","EQ","19-Feb-2025","8,465.90","8,459.15","8,529.00","8,400.00","8,430.00","8,439.45","8,465.20","8,96,198","7,58,64,91,245.70","1,20,371","5,56,237","62.07"
"BAJFINANCE","EQ","18-Feb-2025","8,426.60","8,430.00","8,480.00","8,360.70","8,450.00","8,465.90","8,435.91","8,68,977","7,33,06,11,281.40","1,16,664","5,43,754","62.57"
"BAJFINANCE","EQ","17-Feb-2025","8,392.30","8,220.25","8,488.00","8,220.25","8,425.05","8,426.60","8,416.41","8,62,799","7,26,16,70,120.65","1,08,327","3,89,752","45.17"
"BAJFINANCE","EQ","14-Feb-2025","8,409.00","8,408.55","8,455.60","8,282.00","8,376.00","8,392.30","8,374.46","8,63,315","7,22,97,96,814.90","1,54,600","4,67,358","54.14"
"BAJFINANCE","EQ","13-Feb-2025","8,214.05","8,197.05","8,498.00","8,197.05","8,401.00","8,409.00","8,408.57","18,00,313","15,13,80,59,388.20","2,16,047","10,48,875","58.26"
"BAJFINANCE","EQ","12-Feb-2025","8,191.20","8,149.65","8,284.00","8,025.00","8,205.80","8,214.05","8,167.65","14,83,731","12,11,86,00,924.60","1,45,069","8,99,808","60.64"
"BAJFINANCE","EQ","11-Feb-2025","8,286.80","8,299.00","8,355.10","8,139.35","8,182.25","8,191.20","8,221.51","9,63,059","7,91,77,94,440.65","1,44,441","5,24,301","54.44"
"BAJFINANCE","EQ","10-Feb-2025","8,474.25","8,478.80","8,488.00","8,220.00","8,283.00","8,286.80","8,299.26","12,43,838","10,32,29,40,705.60","1,23,520","7,52,275","60.48"
"BAJFINANCE","EQ","07-Feb-2025","8,507.30","8,585.00","8,585.00","8,383.90","8,476.65","8,474.25","8,475.59","9,66,540","8,19,19,91,962.45","1,24,302","3,61,668","37.42"
"BAJFINANCE","EQ","06-Feb-2025","8,509.45","8,534.25","8,662.80","8,462.00","8,512.00","8,507.30","8,539.27","17,09,473","14,59,76,43,862.95","1,33,578","10,57,090","61.84"
"BAJFINANCE","EQ","05-Feb-2025","8,475.35","8,500.00","8,588.70","8,445.50","8,497.10","8,509.45","8,507.71","18,67,493","15,88,80,83,062.55","1,69,832","12,98,037","69.51"
"BAJFINANCE","EQ","04-Feb-2025","8,425.80","8,425.00","8,490.00","8,303.00","8,440.00","8,475.35","8,408.81","19,66,300","16,53,42,42,243.50","2,72,188","11,67,092","59.35"
"BAJFINANCE","EQ","03-Feb-2025","8,000.10","7,922.20","8,439.30","7,921.05","8,410.00","8,425.80","8,220.07","43,36,926","35,64,98,31,136.05","3,93,397","27,31,187","62.98"
"BAJFINANCE","EQ","01-Feb-2025","7,885.10","7,880.00","8,109.95","7,784.40","8,001.00","8,000.10","7,975.69","16,15,378","12,88,37,60,900.70","1,19,672","8,71,513","53.95"
"BAJFINANCE","EQ","31-Jan-2025","7,901.65","7,925.00","7,980.65","7,791.00","7,898.75","7,885.10","7,889.80","18,33,546","14,46,63,08,765.35","1,75,966","11,25,829","61.40"
"BAJFINANCE","EQ","30-Jan-2025","7,759.65","7,850.00","8,250.65","7,850.00","7,925.00","7,901.65","8,024.32","56,48,883","45,32,84,72,070.85","4,06,837","26,97,408","47.75"
"BAJFINANCE","EQ","29-Jan-2025","7,606.60","7,657.25","7,787.00","7,568.95","7,759.85","7,759.65","7,721.51","15,14,920","11,69,74,73,038.50","1,87,016","8,20,923","54.19"
"BAJFINANCE","EQ","28-Jan-2025","7,295.45","7,390.00","7,706.80","7,345.00","7,610.00","7,606.60","7,563.70","24,78,933","18,74,98,94,586.80","2,31,617","14,02,123","56.56"
"BAJFINANCE","EQ","27-Jan-2025","7,438.60","7,380.10","7,474.50","7,260.00","7,280.00","7,295.45","7,352.53","6,92,810","5,09,39,07,127.70","79,231","3,38,954","48.92"
"BAJFINANCE","EQ","24-Jan-2025","7,443.25","7,443.25","7,505.00","7,338.30","7,430.00","7,438.60","7,446.29","6,79,687","5,06,11,45,721.75","78,084","2,93,566","43.19"
"BAJFINANCE","EQ","23-Jan-2025","7,397.15","7,341.00","7,524.00","7,325.00","7,442.00","7,443.25","7,452.70","10,30,295","7,67,84,84,044.05","99,054","5,45,347","52.93"
"BAJFINANCE","EQ","22-Jan-2025","7,291.65","7,339.00","7,420.25","7,260.35","7,394.95","7,397.15","7,331.95","7,27,368","5,33,30,24,131.70","83,741","3,51,275","48.29"
"BAJFINANCE","EQ","21-Jan-2025","7,440.10","7,450.00","7,485.00","7,277.60","7,310.00","7,291.65","7,366.62","10,03,206","7,39,02,35,487.70","1,22,479","4,17,321","41.60"
"BAJFINANCE","EQ","20-Jan-2025","7,182.10","7,182.10","7,470.00","7,182.10","7,427.50","7,440.10","7,390.35","10,67,971","7,89,26,84,655.50","1,19,221","3,92,766","36.78"
"BAJFINANCE","EQ","17-Jan-2025","7,259.75","7,221.00","7,284.95","7,156.30","7,185.00","7,182.10","7,216.33","6,65,274","4,80,08,33,640.25","82,589","3,70,444","55.68"
"BAJFINANCE","EQ","16-Jan-2025","7,177.40","7,200.00","7,289.00","7,194.05","7,253.05","7,259.75","7,253.15","8,60,849","6,24,38,69,263.40","87,340","4,57,246","53.12"
"BAJFINANCE","EQ","15-Jan-2025","7,335.00","7,340.50","7,350.00","7,105.20","7,172.95","7,177.40","7,178.61","6,81,750","4,89,40,18,113.85","86,703","2,77,838","40.75"
"BAJFINANCE","EQ","14-Jan-2025","7,150.95","7,230.00","7,388.00","7,191.15","7,342.10","7,335.00","7,330.07","9,98,011","7,31,54,87,115.25","1,39,664","4,82,480","48.34"
"BAJFINANCE","EQ","13-Jan-2025","7,288.05","7,240.00","7,255.10","7,134.00","7,150.00","7,150.95","7,186.74","6,64,274","4,77,39,63,938.40","83,899","3,46,994","52.24"
"BAJFINANCE","EQ","10-Jan-2025","7,277.45","7,277.45","7,367.05","7,245.05","7,293.00","7,288.05","7,298.39","8,08,963","5,90,41,27,035.55","86,689","4,06,741","50.28"
"BAJFINANCE","EQ","09-Jan-2025","7,355.40","7,338.45","7,355.40","7,236.00","7,291.70","7,277.45","7,272.61","6,68,141","4,85,91,26,680.85","77,798","3,46,621","51.88"
"BAJFINANCE","EQ","08-Jan-2025","7,353.95","7,361.85","7,388.45","7,256.70","7,338.65","7,355.40","7,321.00","8,44,466","6,18,23,34,272.40","80,722","4,31,748","51.13"
"BAJFINANCE","EQ","07-Jan-2025","7,349.35","7,354.95","7,446.90","7,301.45","7,339.85","7,353.95","7,371.34","10,42,538","7,68,49,02,854.05","98,286","5,84,902","56.10"
"BAJFINANCE","EQ","06-Jan-2025","7,407.25","7,500.00","7,599.90","7,316.75","7,369.90","7,349.35","7,476.99","19,05,976","14,25,09,57,133.65","1,82,775","6,70,951","35.20"
"BAJFINANCE","EQ","03-Jan-2025","7,389.20","7,389.75","7,500.00","7,359.25","7,367.90","7,407.25","7,423.47","15,05,928","11,17,92,04,585.25","1,39,616","8,10,926","53.85"
"BAJFINANCE","EQ","02-Jan-2025","6,935.30","6,980.00","7,430.00","6,971.00","7,373.60","7,389.20","7,279.06","31,71,651","23,08,66,44,007.70","2,54,919","14,06,781","44.35"
"BAJFINANCE","EQ","01-Jan-2025","6,823.00","6,823.00","6,947.95","6,806.00","6,940.00","6,935.30","6,898.89","4,18,721","2,88,87,11,434.00","51,537","1,88,732","45.07"
"BAJFINANCE","EQ","31-Dec-2024","6,888.25","6,869.95","6,877.00","6,792.00","6,835.00","6,823.00","6,825.62","6,15,398","4,20,04,75,279.30","75,307","3,57,825","58.15"
"BAJFINANCE","EQ","30-Dec-2024","6,907.75","6,900.00","6,995.00","6,865.00","6,889.15","6,888.25","6,912.32","4,90,876","3,39,30,89,810.60","50,466","2,43,337","49.57"
"BAJFINANCE","EQ","27-Dec-2024","6,815.75","6,846.85","6,976.70","6,830.40","6,901.00","6,907.75","6,923.17","5,55,418","3,84,52,53,938.65","65,835","2,35,738","42.44"
"BAJFINANCE","EQ","26-Dec-2024","6,808.20","6,830.40","6,858.00","6,800.05","6,810.00","6,815.75","6,832.80","3,29,096","2,24,86,47,811.05","60,398","1,32,262","40.19"
"BAJFINANCE","EQ","24-Dec-2024","6,866.70","6,882.00","6,910.00","6,794.00","6,810.00","6,808.20","6,828.83","6,01,427","4,10,70,43,152.10","55,078","3,62,420","60.26"
"BAJFINANCE","EQ","23-Dec-2024","6,848.25","6,897.00","6,976.90","6,855.95","6,868.00","6,866.70","6,899.96","5,82,928","4,02,21,78,744.40","75,903","2,67,666","45.92"
"BAJFINANCE","EQ","20-Dec-2024","6,918.55","6,913.35","7,024.00","6,804.70","6,829.95","6,848.25","6,862.09","27,00,019","18,52,77,68,544.10","1,32,637","18,10,526","67.06"
"BAJFINANCE","EQ","19-Dec-2024","7,074.45","6,950.00","7,024.45","6,887.85","6,915.00","6,918.55","6,928.30","9,07,675","6,28,86,44,189.10","1,20,117","5,04,296","55.56"
"BAJFINANCE","EQ","18-Dec-2024","7,152.80","7,149.00","7,178.80","7,060.40","7,071.15","7,074.45","7,102.45","7,27,514","5,16,71,29,579.90","1,01,261","4,39,536","60.42"
"BAJFINANCE","EQ","17-Dec-2024","7,208.40","7,200.00","7,257.40","7,110.00","7,145.00","7,152.80","7,168.78","10,31,856","7,39,71,44,089.85","80,129","4,92,219","47.70"
"BAJFINANCE","EQ","16-Dec-2024","7,182.80","7,182.80","7,248.00","7,156.10","7,200.00","7,208.40","7,210.65","7,96,074","5,74,02,12,278.65","82,441","4,04,054","50.76"
"BAJFINANCE","EQ","13-Dec-2024","7,125.80","7,099.00","7,217.25","6,980.60","7,175.10","7,182.80","7,117.48","12,50,436","8,89,99,48,311.50","1,22,645","5,89,881","47.17"
"BAJFINANCE","EQ","12-Dec-2024","7,115.10","7,121.85","7,148.40","7,075.00","7,115.00","7,125.80","7,125.73","9,66,796","6,88,91,28,655.95","99,964","5,03,549","52.08"
"BAJFINANCE","EQ","11-Dec-2024","6,936.20","6,959.90","7,165.00","6,893.10","7,099.00","7,115.10","7,052.13","19,93,104","14,05,56,36,608.35","1,42,779","9,91,955","49.77"
"BAJFINANCE","EQ","10-Dec-2024","6,868.35","6,884.80","6,958.85","6,844.05","6,935.00","6,936.20","6,912.65","12,04,563","8,32,67,19,633.25","86,609","6,93,711","57.59"
"BAJFINANCE","EQ","09-Dec-2024","6,850.30","6,850.10","6,925.00","6,827.90","6,878.95","6,868.35","6,880.87","8,40,910","5,78,61,94,623.50","72,729","5,13,105","61.02"
"BAJFINANCE","EQ","06-Dec-2024","6,850.40","6,875.95","6,935.00","6,778.65","6,846.00","6,850.30","6,862.73","8,33,207","5,71,80,78,379.25","86,376","3,71,714","44.61"
"BAJFINANCE","EQ","05-Dec-2024","6,740.00","6,760.00","6,889.90","6,685.45","6,853.00","6,850.40","6,808.94","13,48,243","9,18,01,11,363.30","1,34,292","6,39,746","47.45"
"BAJFINANCE","EQ","04-Dec-2024","6,675.45","6,701.75","6,764.40","6,666.85","6,735.00","6,740.00","6,722.53","11,30,441","7,59,94,25,857.55","85,661","6,48,507","57.37"
"BAJFINANCE","EQ","03-Dec-2024","6,650.65","6,696.15","6,722.40","6,630.80","6,661.00","6,675.45","6,675.93","13,13,666","8,76,99,43,011.20","94,736","8,84,550","67.33"
"BAJFINANCE","EQ","02-Dec-2024","6,575.90","6,595.00","6,665.00","6,491.00","6,646.95","6,650.65","6,585.03","9,20,249","6,05,98,69,259.75","96,611","4,06,289","44.15"
"BAJFINANCE","EQ","29-Nov-2024","6,509.40","6,519.00","6,609.00","6,510.35","6,565.00","6,575.90","6,568.89","7,09,643","4,66,15,70,254.05","77,596","3,82,054","53.84"
"BAJFINANCE","EQ","28-Nov-2024","6,705.20","6,714.00","6,726.25","6,495.00","6,539.00","6,509.40","6,585.34","15,76,882","10,38,43,06,029.80","1,44,382","9,67,881","61.38"
"BAJFINANCE","EQ","27-Nov-2024","6,617.95","6,650.00","6,733.30","6,612.25","6,708.00","6,705.20","6,694.22","6,42,010","4,29,77,56,839.05","64,396","3,12,257","48.64"
"BAJFINANCE","EQ","26-Nov-2024","6,685.40","6,722.00","6,739.80","6,608.45","6,625.35","6,617.95","6,653.30","6,63,278","4,41,29,90,214.25","82,239","3,32,955","50.20"
"BAJFINANCE","EQ","25-Nov-2024","6,683.95","6,789.90","6,863.00","6,667.30","6,700.05","6,685.40","6,731.31","11,32,751","7,62,49,00,931.65","1,12,207","6,78,587","59.91"
"BAJFINANCE","EQ","22-Nov-2024","6,465.65","6,470.00","6,722.40","6,456.05","6,720.00","6,683.95","6,620.57","9,69,855","6,42,09,90,288.00","1,07,298","5,34,786","55.14"
"BAJFINANCE","EQ","21-Nov-2024","6,595.30","6,614.00","6,614.00","6,451.00","6,460.00","6,465.65","6,486.13","11,01,080","7,14,17,50,733.45","1,14,550","7,16,612","65.08"
"BAJFINANCE","EQ","19-Nov-2024","6,567.95","6,594.35","6,644.80","6,561.00","6,580.00","6,595.30","6,598.99","8,04,046","5,30,58,94,897.15","89,644","3,63,478","45.21"
"BAJFINANCE","EQ","18-Nov-2024","6,549.15","6,633.00","6,657.00","6,555.00","6,565.05","6,567.95","6,589.82","5,96,535","3,93,10,56,101.20","66,962","3,06,618","51.40"
"BAJFINANCE","EQ","14-Nov-2024","6,566.00","6,572.30","6,639.45","6,530.00","6,570.00","6,549.15","6,565.76","5,27,703","3,46,47,71,022.90","83,537","2,10,441","39.88"
"BAJFINANCE","EQ","13-Nov-2024","6,638.20","6,635.00","6,702.25","6,526.60","6,586.00","6,566.00","6,601.80","8,67,347","5,72,60,51,757.45","1,01,724","4,64,557","53.56"
"BAJFINANCE","EQ","12-Nov-2024","6,778.80","6,819.00","6,836.85","6,615.00","6,635.15","6,638.20","6,681.15","10,57,233","7,06,35,35,306.55","1,23,883","5,22,127","49.39"
"BAJFINANCE","EQ","11-Nov-2024","6,895.95","6,860.00","6,904.20","6,752.15","6,765.00","6,778.80","6,832.81","7,62,316","5,20,87,56,890.90","57,687","4,63,859","60.85"
"BAJFINANCE","EQ","08-Nov-2024","6,904.50","6,904.50","6,951.55","6,841.00","6,874.00","6,895.95","6,893.79","4,24,840","2,92,87,59,136.00","70,304","1,64,992","38.84"
"BAJFINANCE","EQ","07-Nov-2024","7,006.20","7,006.20","7,038.95","6,870.00","6,900.00","6,904.50","6,915.52","4,59,047","3,17,45,49,129.75","63,793","1,85,048","40.31"
"BAJFINANCE","EQ","06-Nov-2024","6,930.35","6,935.00","7,024.10","6,892.30","6,990.00","7,006.20","6,975.33","6,96,262","4,85,66,55,555.40","91,030","2,99,038","42.95"
"BAJFINANCE","EQ","05-Nov-2024","6,843.70","6,845.00","7,014.95","6,712.00","6,896.70","6,930.35","6,870.96","12,23,430","8,40,61,38,367.90","1,66,177","4,83,150","39.49"
"BAJFINANCE","EQ","04-Nov-2024","6,923.60","6,975.00","6,975.00","6,752.90","6,832.00","6,843.70","6,826.16","7,16,239","4,88,91,61,003.80","1,03,657","3,73,487","52.15"
"BAJFINANCE","EQ","01-Nov-2024","6,889.75","6,930.00","6,944.55","6,902.00","6,911.05","6,923.60","6,926.41","45,011","31,17,64,802.50","7,918","20,060","44.57"
"BAJFINANCE","EQ","31-Oct-2024","6,955.00","6,949.00","6,970.80","6,879.75","6,897.35","6,889.75","6,906.19","7,30,153","5,04,25,76,384.00","1,07,692","4,09,319","56.06"
"BAJFINANCE","EQ","30-Oct-2024","7,022.50","6,999.00","7,020.45","6,932.00","6,965.00","6,955.00","6,965.91","5,66,044","3,94,30,12,838.65","58,711","2,74,071","48.42"
"BAJFINANCE","EQ","29-Oct-2024","6,911.35","6,909.10","7,060.00","6,802.20","6,999.00","7,022.50","6,940.70","14,09,750","9,78,46,48,267.70","1,52,135","5,59,195","39.67"
"BAJFINANCE","EQ","28-Oct-2024","6,910.15","6,920.00","7,045.00","6,875.00","6,916.65","6,911.35","6,944.13","7,14,981","4,96,49,18,555.90","66,081","2,88,191","40.31"
"BAJFINANCE","EQ","25-Oct-2024","7,040.90","7,040.90","7,059.95","6,893.30","6,905.00","6,910.15","6,966.87","10,22,324","7,12,24,00,380.15","1,16,833","4,76,965","46.65"
"BAJFINANCE","EQ","24-Oct-2024","6,995.80","7,012.50","7,122.85","6,990.60","7,037.05","7,040.90","7,041.13","8,95,125","6,30,26,91,464.00","1,10,081","4,03,478","45.08"
"BAJFINANCE","EQ","23-Oct-2024","6,677.90","6,605.75","7,098.85","6,601.00","7,004.85","6,995.80","6,988.30","26,37,391","18,43,08,74,698.70","2,22,733","8,85,316","33.57"
"BAJFINANCE","EQ","22-Oct-2024","6,780.90","6,800.00","6,833.00","6,643.65","6,645.75","6,677.90","6,731.90","17,00,619","11,44,83,91,186.35","1,65,569","6,53,153","38.41"
"BAJFINANCE","EQ","21-Oct-2024","6,899.55","6,909.05","6,950.75","6,717.25","6,758.00","6,780.90","6,774.84","22,09,966","14,97,21,57,576.75","1,59,111","14,98,759","67.82"
"BAJFINANCE","EQ","18-Oct-2024","6,899.50","6,893.00","6,938.65","6,820.70","6,910.05","6,899.55","6,891.94","7,44,929","5,13,40,06,328.95","87,074","3,54,993","47.65"
"BAJFINANCE","EQ","17-Oct-2024","6,956.35","6,980.95","6,998.80","6,871.00","6,896.00","6,899.50","6,916.07","6,89,755","4,77,03,93,117.15","79,564","2,92,123","42.35"
"BAJFINANCE","EQ","16-Oct-2024","7,016.90","7,010.00","7,059.35","6,920.00","6,944.95","6,956.35","6,962.66","11,25,698","7,83,78,49,812.95","1,22,278","6,90,416","61.33"
"BAJFINANCE","EQ","15-Oct-2024","7,208.80","7,244.90","7,256.15","6,979.00","7,029.80","7,016.90","7,060.92","14,85,567","10,48,94,72,544.35","1,82,002","7,70,963","51.90"
"BAJFINANCE","EQ","14-Oct-2024","7,302.00","7,292.70","7,313.85","7,200.00","7,210.15","7,208.80","7,228.14","4,45,181","3,21,78,32,712.75","61,662","2,27,583","51.12"
"BAJFINANCE","EQ","11-Oct-2024","7,319.70","7,325.00","7,330.00","7,226.05","7,300.10","7,302.00","7,282.11","3,61,587","2,63,31,16,713.40","45,268","1,35,476","37.47"
"BAJFINANCE","EQ","10-Oct-2024","7,300.45","7,320.00","7,368.00","7,273.00","7,329.00","7,319.70","7,325.48","5,59,427","4,09,80,68,992.95","70,390","1,83,583","32.82"
"BAJFINANCE","EQ","09-Oct-2024","7,186.95","7,216.00","7,426.80","7,206.10","7,308.45","7,300.45","7,341.32","10,54,375","7,74,05,02,166.75","1,07,226","4,74,050","44.96"
"BAJFINANCE","EQ","08-Oct-2024","7,269.40","7,264.85","7,295.40","7,160.05","7,215.00","7,186.95","7,214.24","9,03,805","6,52,02,66,871.70","1,14,674","5,15,060","56.99"
"BAJFINANCE","EQ","07-Oct-2024","7,211.35","7,211.35","7,324.00","7,190.30","7,260.00","7,269.40","7,253.42","9,36,227","6,79,08,43,408.10","1,00,138","3,83,730","40.99"
"BAJFINANCE","EQ","04-Oct-2024","7,433.85","7,420.00","7,430.00","7,155.00","7,221.00","7,211.35","7,271.26","17,68,111","12,85,63,97,662.15","1,77,344","6,23,893","35.29"
"BAJFINANCE","EQ","03-Oct-2024","7,703.00","7,610.00","7,700.00","7,381.00","7,417.60","7,433.85","7,521.47","10,40,662","7,82,73,07,308.50","1,44,760","5,03,534","48.39"
"BAJFINANCE","EQ","01-Oct-2024","7,703.00","7,660.10","7,814.65","7,651.00","7,722.00","7,703.00","7,738.32","7,88,288","6,10,00,25,321.10","1,15,033","3,45,900","43.88"
"BAJFINANCE","EQ","30-Sep-2024","7,756.00","7,746.00","7,824.00","7,676.15","7,697.85","7,703.00","7,748.89","9,61,952","7,45,40,56,729.75","84,170","5,83,809","60.69"
"BAJFINANCE","EQ","27-Sep-2024","7,768.40","7,780.00","7,810.00","7,711.00","7,748.00","7,756.00","7,763.32","11,78,131","9,14,62,05,846.85","1,11,773","6,84,255","58.08"
"BAJFINANCE","EQ","26-Sep-2024","7,623.90","7,640.00","7,779.40","7,587.55","7,750.50","7,768.40","7,703.91","16,68,165","12,85,13,98,916.45","1,35,704","9,27,432","55.60"
"BAJFINANCE","EQ","25-Sep-2024","7,554.20","7,545.00","7,640.00","7,498.05","7,609.05","7,623.90","7,594.79","12,72,038","9,66,08,56,892.35","1,15,651","7,78,331","61.19"
"BAJFINANCE","EQ","24-Sep-2024","7,595.10","7,597.00","7,603.45","7,483.90","7,540.05","7,554.20","7,540.36","10,69,540","8,06,47,16,233.30","1,08,687","4,89,445","45.76"
"BAJFINANCE","EQ","23-Sep-2024","7,582.45","7,625.75","7,635.95","7,531.70","7,590.00","7,595.10","7,583.00","5,73,497","4,34,88,26,873.50","63,656","3,12,555","54.50"
"BAJFINANCE","EQ","20-Sep-2024","7,590.35","7,635.00","7,655.00","7,487.25","7,598.00","7,582.45","7,577.97","16,45,004","12,46,57,84,114.10","1,50,922","7,82,346","47.56"
"BAJFINANCE","EQ","19-Sep-2024","7,631.10","7,675.00","7,748.00","7,560.00","7,598.00","7,590.35","7,637.72","17,20,644","13,14,17,98,915.40","1,36,094","8,46,003","49.17"
"BAJFINANCE","EQ","18-Sep-2024","7,365.50","7,387.25","7,672.50","7,378.50","7,613.00","7,631.10","7,583.53","29,74,993","22,56,09,42,837.00","2,15,987","15,06,232","50.63"
"BAJFINANCE","EQ","17-Sep-2024","7,345.75","7,337.50","7,455.00","7,286.15","7,361.20","7,365.50","7,382.20","15,67,786","11,57,37,10,141.40","1,37,797","6,43,597","41.05"
"BAJFINANCE","EQ","16-Sep-2024","7,598.50","7,680.00","7,680.00","7,322.00","7,342.00","7,345.75","7,453.97","26,79,555","19,97,33,29,755.75","2,28,453","10,63,653","39.70"
"BAJFINANCE","EQ","13-Sep-2024","7,428.30","7,428.30","7,660.00","7,352.00","7,596.00","7,598.50","7,553.47","22,08,438","16,68,13,66,151.95","1,77,346","7,94,860","35.99"
"BAJFINANCE","EQ","12-Sep-2024","7,345.55","7,420.00","7,440.00","7,296.60","7,417.00","7,428.30","7,391.68","14,46,764","10,69,40,21,568.80","1,36,881","6,55,196","45.29"
"BAJFINANCE","EQ","11-Sep-2024","7,241.85","7,250.00","7,432.00","7,206.30","7,361.00","7,345.55","7,343.73","11,04,890","8,11,40,15,820.00","1,07,918","4,48,008","40.55"
"BAJFINANCE","EQ","10-Sep-2024","7,347.45","7,369.95","7,369.95","7,193.00","7,244.00","7,241.85","7,247.41","13,08,932","9,48,63,62,980.25","1,47,151","6,06,475","46.33"
"BAJFINANCE","EQ","09-Sep-2024","7,317.15","7,324.00","7,377.95","7,262.80","7,342.00","7,347.45","7,331.02","8,78,938","6,44,35,13,244.50","1,21,880","4,49,803","51.18"
"BAJFINANCE","EQ","06-Sep-2024","7,244.90","7,255.55","7,395.00","7,255.55","7,314.85","7,317.15","7,328.76","18,42,827","13,50,56,29,079.25","1,66,279","9,55,834","51.87"
"BAJFINANCE","EQ","05-Sep-2024","7,299.50","7,320.00","7,326.65","7,193.00","7,235.00","7,244.90","7,246.10","6,73,447","4,87,98,64,215.35","77,709","2,94,284","43.70"
"BAJFINANCE","EQ","04-Sep-2024","7,353.80","7,254.95","7,377.00","7,245.25","7,297.90","7,299.50","7,307.13","8,86,746","6,47,95,69,195.65","79,615","4,00,080","45.12"
"BAJFINANCE","EQ","03-Sep-2024","7,440.05","7,460.00","7,460.00","7,206.10","7,338.50","7,353.80","7,311.48","18,98,656","13,88,19,84,350.05","1,65,740","6,98,122","36.77"
"BAJFINANCE","EQ","02-Sep-2024","7,200.15","7,274.00","7,450.00","7,229.00","7,420.00","7,440.05","7,374.26","22,96,378","16,93,40,82,436.55","2,09,089","9,89,640","43.10"
"BAJFINANCE","EQ","30-Aug-2024","7,063.55","7,071.05","7,215.05","7,071.05","7,210.00","7,200.15","7,177.87","20,44,367","14,67,42,02,525.30","1,52,391","11,12,149","54.40"
"BAJFINANCE","EQ","29-Aug-2024","6,900.00","6,889.05","7,158.00","6,881.55","7,066.65","7,063.55","7,067.96","26,39,159","18,65,34,71,149.90","2,41,887","9,87,836","37.43"
"BAJFINANCE","EQ","28-Aug-2024","6,863.60","6,876.00","6,917.00","6,852.00","6,900.00","6,900.00","6,888.81","8,48,986","5,84,85,04,187.75","78,498","5,49,796","64.76"
"BAJFINANCE","EQ","27-Aug-2024","6,778.35","6,778.35","6,873.35","6,730.00","6,865.00","6,863.60","6,817.94","20,35,902","13,88,06,53,632.65","1,37,988","11,91,716","58.54"
"BAJFINANCE","EQ","26-Aug-2024","6,735.85","6,776.00","6,819.00","6,756.05","6,782.00","6,778.35","6,784.13","8,98,343","6,09,44,76,482.90","69,051","6,25,122","69.59"
"BAJFINANCE","EQ","23-Aug-2024","6,743.60","6,755.00","6,762.00","6,704.95","6,732.00","6,735.85","6,736.95","6,18,045","4,16,37,36,372.50","55,305","3,97,774","64.36"
"BAJFINANCE","EQ","22-Aug-2024","6,735.35","6,750.00","6,765.00","6,723.90","6,745.00","6,743.60","6,746.48","7,28,260","4,91,31,91,079.25","79,471","5,02,258","68.97"
"BAJFINANCE","EQ","21-Aug-2024","6,722.20","6,721.95","6,747.30","6,695.00","6,734.00","6,735.35","6,730.52","6,33,111","4,26,11,69,264.10","61,864","4,29,646","67.86"
"BAJFINANCE","EQ","20-Aug-2024","6,616.35","6,647.35","6,773.90","6,616.35","6,710.40","6,722.20","6,714.28","9,57,159","6,42,66,35,507.05","1,15,658","4,90,767","51.27"
"BAJFINANCE","EQ","19-Aug-2024","6,590.90","6,638.00","6,656.00","6,593.60","6,619.00","6,616.35","6,617.09","5,28,730","3,49,86,55,983.40","61,108","2,79,734","52.91"
"BAJFINANCE","EQ","16-Aug-2024","6,458.50","6,505.00","6,600.00","6,425.00","6,585.95","6,590.90","6,518.16","7,53,419","4,91,09,03,764.30","92,530","3,57,488","47.45"
"BAJFINANCE","EQ","14-Aug-2024","6,465.05","6,482.50","6,489.95","6,430.95","6,474.00","6,458.50","6,454.93","7,74,276","4,99,78,95,619.30","90,976","4,37,223","56.47"
"BAJFINANCE","EQ","13-Aug-2024","6,608.15","6,644.95","6,644.95","6,452.20","6,480.00","6,465.05","6,531.48","10,72,327","7,00,38,86,318.05","1,20,346","5,70,746","53.22"
"BAJFINANCE","EQ","12-Aug-2024","6,618.20","6,619.10","6,645.00","6,564.05","6,600.00","6,608.15","6,608.56","6,74,887","4,46,00,33,263.25","57,291","4,03,841","59.84"
"BAJFINANCE","EQ","09-Aug-2024","6,582.20","6,700.00","6,700.00","6,591.00","6,625.00","6,618.20","6,613.81","6,99,490","4,62,62,92,347.20","68,270","4,30,543","61.55"
"BAJFINANCE","EQ","08-Aug-2024","6,637.15","6,625.05","6,678.05","6,571.35","6,578.00","6,582.20","6,616.64","6,90,389","4,56,80,57,247.85","69,608","3,44,834","49.95"
"BAJFINANCE","EQ","07-Aug-2024","6,538.35","6,600.00","6,659.35","6,581.10","6,634.00","6,637.15","6,631.03","4,64,284","3,07,86,81,121.25","50,099","2,33,829","50.36"
"BAJFINANCE","EQ","06-Aug-2024","6,596.70","6,626.00","6,697.00","6,511.50","6,554.90","6,538.35","6,583.77","8,91,828","5,87,15,90,364.80","89,592","4,21,317","47.24"
"BAJFINANCE","EQ","05-Aug-2024","6,725.00","6,650.00","6,650.00","6,532.60","6,600.00","6,596.70","6,587.04","9,44,041","6,21,84,35,946.90","96,566","4,97,454","52.69"
"BAJFINANCE","EQ","02-Aug-2024","6,771.65","6,725.00","6,750.00","6,673.10","6,720.80","6,725.00","6,723.48","6,22,218","4,18,34,69,919.40","78,327","3,04,157","48.88"
"BAJFINANCE","EQ","01-Aug-2024","6,806.95","6,831.50","6,844.00","6,750.00","6,768.00","6,771.65","6,793.27","8,39,523","5,70,31,10,032.25","79,045","5,20,690","62.02"
"BAJFINANCE","EQ","31-Jul-2024","6,823.60","6,826.95","6,855.00","6,793.00","6,809.45","6,806.95","6,821.38","8,89,659","6,06,86,99,460.50","72,380","6,09,060","68.46"
"BAJFINANCE","EQ","30-Jul-2024","6,812.45","6,812.45","6,899.00","6,783.00","6,807.10","6,823.60","6,840.00","11,79,413","8,06,71,89,280.90","1,45,013","4,43,728","37.62"
"BAJFINANCE","EQ","29-Jul-2024","6,789.75","6,823.85","6,855.00","6,765.75","6,820.00","6,812.45","6,814.64","7,48,565","5,10,12,01,683.90","1,07,143","4,22,700","56.47"
"BAJFINANCE","EQ","26-Jul-2024","6,647.75","6,675.05","6,808.40","6,667.10","6,799.50","6,789.75","6,766.26","11,10,184","7,51,17,91,200.10","1,44,585","5,95,151","53.61"
"BAJFINANCE","EQ","25-Jul-2024","6,607.15","6,560.00","6,666.00","6,551.45","6,660.00","6,647.75","6,624.67","9,50,965","6,29,98,30,192.90","87,496","4,44,297","46.72"
"BAJFINANCE","EQ","24-Jul-2024","6,727.10","6,630.00","6,654.70","6,541.05","6,614.90","6,607.15","6,582.68","31,00,626","20,41,04,39,669.35","3,03,652","16,81,737","54.24"
"BAJFINANCE","EQ","23-Jul-2024","6,884.25","6,934.00","6,944.85","6,620.00","6,728.00","6,727.10","6,762.85","19,32,212","13,06,72,60,412.85","2,03,731","7,75,268","40.12"
"BAJFINANCE","EQ","22-Jul-2024","6,932.30","6,932.00","6,958.60","6,849.40","6,892.00","6,884.25","6,906.89","5,75,193","3,97,27,96,913.85","52,812","2,79,370","48.57"
"BAJFINANCE","EQ","19-Jul-2024","7,110.00","7,110.00","7,110.00","6,910.00","6,923.00","6,932.30","6,994.75","9,38,598","6,56,52,58,706.05","97,716","5,01,206","53.40"
"BAJFINANCE","EQ","18-Jul-2024","7,059.10","7,047.10","7,117.90","6,971.15","7,104.00","7,110.00","7,059.68","8,64,605","6,10,38,33,864.20","1,03,410","3,48,037","40.25"
"BAJFINANCE","EQ","16-Jul-2024","7,063.75","7,080.00","7,090.00","7,005.20","7,045.00","7,059.10","7,056.65","5,58,200","3,93,90,23,748.00","52,732","2,53,468","45.41"
"BAJFINANCE","EQ","15-Jul-2024","7,004.30","7,020.05","7,085.00","6,995.25","7,060.00","7,063.75","7,052.13","5,33,373","3,76,14,16,959.10","55,149","2,74,006","51.37"
"BAJFINANCE","EQ","12-Jul-2024","6,950.30","6,996.95","7,045.00","6,915.05","7,008.00","7,004.30","6,989.82","10,68,833","7,47,09,50,108.15","1,06,238","5,03,019","47.06"
"BAJFINANCE","EQ","11-Jul-2024","7,054.95","7,087.90","7,087.90","6,930.00","6,958.80","6,950.30","6,971.42","9,71,801","6,77,48,35,936.60","1,10,645","4,86,869","50.10"
"BAJFINANCE","EQ","10-Jul-2024","7,068.05","7,068.00","7,129.35","7,021.00","7,045.00","7,054.95","7,068.22","8,09,714","5,72,32,33,363.80","80,417","4,65,004","57.43"
"BAJFINANCE","EQ","09-Jul-2024","7,098.25","7,109.85","7,142.40","7,042.00","7,055.00","7,068.05","7,073.47","9,73,503","6,88,60,46,000.85","79,828","5,53,370","56.84"
"BAJFINANCE","EQ","08-Jul-2024","7,138.00","7,144.95","7,147.65","7,047.00","7,099.00","7,098.25","7,086.97","6,77,705","4,80,28,76,115.10","55,085","3,47,032","51.21"
"BAJFINANCE","EQ","05-Jul-2024","7,107.05","7,134.00","7,149.90","7,077.00","7,127.00","7,138.00","7,115.41","9,31,079","6,62,50,12,346.70","89,558","3,90,996","41.99"
"BAJFINANCE","EQ","04-Jul-2024","7,258.80","7,301.05","7,325.00","7,100.00","7,109.00","7,107.05","7,182.11","18,97,977","13,63,14,86,626.25","1,33,300","8,26,903","43.57"
"BAJFINANCE","EQ","03-Jul-2024","7,165.60","7,189.95","7,284.65","7,170.00","7,265.40","7,258.80","7,234.45","8,36,393","6,05,08,44,929.95","82,895","4,59,247","54.91"
"BAJFINANCE","EQ","02-Jul-2024","7,276.75","7,275.00","7,275.95","7,122.00","7,158.80","7,165.60","7,173.56","12,81,027","9,18,95,27,030.40","1,28,205","4,47,912","34.97"
"BAJFINANCE","EQ","01-Jul-2024","7,115.55","7,075.00","7,304.00","7,075.00","7,262.20","7,276.75","7,215.10","7,72,745","5,57,54,35,152.85","70,472","3,02,113","39.10"
"BAJFINANCE","EQ","28-Jun-2024","7,166.75","7,165.00","7,226.00","7,105.30","7,119.00","7,115.55","7,145.35","8,29,584","5,92,76,71,837.80","92,953","4,20,233","50.66"
"BAJFINANCE","EQ","27-Jun-2024","7,158.20","7,150.00","7,239.00","7,083.05","7,170.00","7,166.75","7,162.92","11,37,606","8,14,85,78,517.55","1,38,114","4,17,001","36.66"
"BAJFINANCE","EQ","26-Jun-2024","7,074.45","7,070.00","7,179.25","7,035.00","7,148.00","7,158.20","7,118.57","9,12,552","6,49,60,64,378.15","90,882","4,74,529","52.00"
"BAJFINANCE","EQ","25-Jun-2024","7,081.85","7,101.00","7,140.00","6,998.00","7,082.05","7,074.45","7,062.32","15,60,811","11,02,29,40,326.15","1,55,247","5,11,263","32.76"
"BAJFINANCE","EQ","24-Jun-2024","7,134.25","7,076.00","7,106.95","7,020.55","7,084.80","7,081.85","7,069.34","6,35,654","4,49,36,52,338.35","59,207","3,19,762","50.30"
"BAJFINANCE","EQ","21-Jun-2024","7,207.10","7,239.30","7,265.00","7,075.00","7,113.00","7,134.25","7,131.59","14,99,818","10,69,60,80,598.05","1,47,750","7,42,614","49.51"
"BAJFINANCE","EQ","20-Jun-2024","7,233.95","7,220.00","7,264.90","7,111.00","7,215.00","7,207.10","7,184.01","9,00,158","6,46,67,46,499.10","1,10,362","3,62,412","40.26"
"BAJFINANCE","EQ","19-Jun-2024","7,334.70","7,334.70","7,348.95","7,177.90","7,234.15","7,233.95","7,255.43","5,20,400","3,77,57,28,250.45","62,047","1,91,314","36.76"
"BAJFINANCE","EQ","18-Jun-2024","7,341.55","7,365.00","7,429.45","7,300.00","7,321.00","7,334.70","7,360.56","9,46,904","6,96,97,48,285.60","97,811","4,41,016","46.57"
"BAJFINANCE","EQ","14-Jun-2024","7,294.95","7,296.05","7,370.00","7,247.00","7,340.50","7,341.55","7,326.50","11,87,488","8,70,01,31,590.00","93,722","7,00,800","59.02"
"BAJFINANCE","EQ","13-Jun-2024","7,217.75","7,252.20","7,325.00","7,232.15","7,289.00","7,294.95","7,287.98","13,45,495","9,80,59,40,005.85","1,02,871","8,80,347","65.43"
"BAJFINANCE","EQ","12-Jun-2024","7,138.10","7,148.00","7,277.00","7,115.00","7,225.00","7,217.75","7,226.06","12,68,508","9,16,63,20,923.85","1,12,607","7,24,698","57.13"
"BAJFINANCE","EQ","11-Jun-2024","7,088.85","7,083.00","7,169.00","7,051.00","7,149.00","7,138.10","7,130.46","12,05,213","8,59,37,20,571.70","1,13,947","5,94,662","49.34"
"BAJFINANCE","EQ","10-Jun-2024","7,191.40","7,250.00","7,250.00","7,075.25","7,081.55","7,088.85","7,141.92","8,72,318","6,23,00,23,590.95","89,665","4,58,110","52.52"
"BAJFINANCE","EQ","07-Jun-2024","6,925.80","6,995.00","7,299.00","6,941.00","7,175.00","7,191.40","7,159.15","29,84,052","21,36,32,81,429.45","2,25,585","11,05,139","37.03"
"BAJFINANCE","EQ","06-Jun-2024","6,836.65","6,850.00","7,012.95","6,822.30","6,924.00","6,925.80","6,932.58","14,65,716","10,16,11,91,156.50","1,59,320","7,44,530","50.80"
"BAJFINANCE","EQ","05-Jun-2024","6,509.55","6,604.00","6,862.00","6,535.55","6,836.00","6,836.65","6,722.32","12,18,517","8,19,12,56,807.30","1,35,988","6,57,388","53.95"
"BAJFINANCE","EQ","04-Jun-2024","6,915.55","6,915.95","6,915.95","6,375.70","6,550.00","6,509.55","6,622.74","32,99,387","21,85,09,87,461.40","3,25,423","13,83,931","41.95"
"BAJFINANCE","EQ","03-Jun-2024","6,697.70","6,948.85","6,988.70","6,832.95","6,920.00","6,915.55","6,926.55","11,48,212","7,95,31,49,496.25","1,09,211","6,55,450","57.08"
"BAJFINANCE","EQ","31-May-2024","6,616.45","6,664.95","6,771.95","6,642.40","6,732.50","6,697.70","6,708.89","28,41,733","19,06,48,83,447.35","1,50,667","19,42,006","68.34"
"BAJFINANCE","EQ","30-May-2024","6,806.70","6,779.90","6,798.95","6,594.05","6,629.90","6,616.45","6,666.81","11,55,575","7,70,39,99,997.40","1,50,041","6,79,362","58.79"
"BAJFINANCE","EQ","29-May-2024","6,873.05","6,878.00","6,908.00","6,785.35","6,791.65","6,806.70","6,854.68","7,21,331","4,94,44,92,572.10","60,716","4,29,087","59.49"
"BAJFINANCE","EQ","28-May-2024","6,895.50","6,913.95","6,945.00","6,856.90","6,880.00","6,873.05","6,900.63","7,52,867","5,19,52,54,896.95","89,685","3,57,655","47.51"
"BAJFINANCE","EQ","27-May-2024","6,836.90","6,859.00","6,959.55","6,810.00","6,895.00","6,895.50","6,904.55","6,55,471","4,52,57,29,414.85","71,066","3,08,974","47.14"
"BAJFINANCE","EQ","24-May-2024","6,826.65","6,820.00","6,910.00","6,793.00","6,828.80","6,836.90","6,863.45","7,42,043","5,09,29,72,278.55","82,955","3,61,096","48.66"
"BAJFINANCE","EQ","23-May-2024","6,744.55","6,759.55","6,853.50","6,730.05","6,825.00","6,826.65","6,801.70","7,09,317","4,82,45,61,943.30","89,812","2,87,529","40.54"
"BAJFINANCE","EQ","22-May-2024","6,742.85","6,777.45","6,777.45","6,727.25","6,754.00","6,744.55","6,752.79","4,16,046","2,80,94,71,430.75","44,244","2,17,917","52.38"
"BAJFINANCE","EQ","21-May-2024","6,738.00","6,705.00","6,785.00","6,705.00","6,755.00","6,742.85","6,738.25","7,61,624","5,13,20,10,176.80","83,977","4,13,615","54.31"
"BAJFINANCE","EQ","18-May-2024","6,727.40","6,725.00","6,758.00","6,725.00","6,739.00","6,738.00","6,740.49","49,892","33,62,96,646.75","5,268","21,490","43.07"
"BAJFINANCE","EQ","17-May-2024","6,747.15","6,747.00","6,780.00","6,701.05","6,731.95","6,727.40","6,739.52","4,80,158","3,23,60,35,649.30","62,588","1,66,839","34.75"
"BAJFINANCE","EQ","16-May-2024","6,680.00","6,700.35","6,762.10","6,623.05","6,731.00","6,747.15","6,684.20","10,59,851","7,08,42,52,921.10","1,36,756","3,53,866","33.39"
"BAJFINANCE","EQ","15-May-2024","6,675.70","6,692.00","6,731.95","6,645.05","6,681.00","6,680.00","6,675.87","5,95,059","3,97,25,36,173.30","66,399","2,96,984","49.91"
"BAJFINANCE","EQ","14-May-2024","6,718.75","6,710.00","6,741.85","6,657.60","6,682.00","6,675.70","6,689.29","7,55,840","5,05,60,31,121.20","80,752","3,86,496","51.13"
"BAJFINANCE","EQ","13-May-2024","6,684.15","6,684.00","6,744.30","6,620.00","6,725.00","6,718.75","6,688.00","5,12,256","3,42,59,68,285.35","57,932","2,08,595","40.72"
"BAJFINANCE","EQ","10-May-2024","6,605.15","6,638.90","6,698.00","6,601.20","6,675.00","6,684.15","6,653.91","8,24,908","5,48,88,63,432.75","89,183","3,69,601","44.81"
"BAJFINANCE","EQ","09-May-2024","6,799.45","6,799.90","6,832.70","6,585.00","6,604.40","6,605.15","6,689.68","13,81,115","9,23,92,14,211.75","1,99,714","7,20,293","52.15"
"BAJFINANCE","EQ","08-May-2024","6,872.55","6,871.50","6,879.55","6,785.00","6,805.90","6,799.45","6,823.03","7,25,925","4,95,30,05,007.50","78,311","3,90,534","53.80"
"BAJFINANCE","EQ","07-May-2024","6,859.85","6,889.95","6,943.10","6,788.00","6,880.00","6,872.55","6,860.79","12,98,126","8,90,61,68,074.60","1,58,816","5,37,157","41.38"
"BAJFINANCE","EQ","06-May-2024","6,931.50","7,007.95","7,019.95","6,845.00","6,868.00","6,859.85","6,917.67","12,29,988","8,50,86,47,259.10","1,34,596","5,67,963","46.18"
"BAJFINANCE","EQ","03-May-2024","6,882.70","7,329.00","7,400.00","6,906.95","6,927.00","6,931.50","7,142.34","68,18,601","48,70,07,67,184.40","6,20,830","22,55,648","33.08"
"BAJFINANCE","EQ","02-May-2024","6,923.55","6,937.85","6,969.95","6,865.00","6,895.00","6,882.70","6,907.16","11,39,572","7,87,12,03,308.15","1,41,680","4,40,737","38.68"
"BAJFINANCE","EQ","30-Apr-2024","6,826.60","6,829.95","6,975.00","6,821.95","6,903.05","6,923.55","6,906.11","17,98,675","12,42,18,45,001.05","1,78,938","8,95,443","49.78"
"BAJFINANCE","EQ","29-Apr-2024","6,731.20","6,789.95","6,839.60","6,713.05","6,820.00","6,826.60","6,783.41","16,81,030","11,40,31,21,434.25","1,68,091","8,81,679","52.45"
"BAJFINANCE","EQ","26-Apr-2024","7,294.90","7,000.00","7,000.00","6,691.50","6,730.80","6,731.20","6,789.81","58,14,723","39,48,08,73,196.00","5,71,297","31,14,198","53.56"
"BAJFINANCE","EQ","25-Apr-2024","7,329.15","7,330.00","7,364.85","7,125.10","7,296.00","7,294.90","7,275.33","11,73,354","8,53,65,37,811.90","1,28,179","3,87,906","33.06"
"BAJFINANCE","EQ","24-Apr-2024","7,259.90","7,283.00","7,419.45","7,250.00","7,317.15","7,329.15","7,330.78","8,86,929","6,50,18,81,232.00","68,112","3,90,379","44.01"
"BAJFINANCE","EQ","23-Apr-2024","7,292.20","7,309.00","7,339.90","7,236.80","7,241.00","7,259.90","7,281.84","10,81,567","7,87,57,96,849.70","83,420","6,41,112","59.28"
"BAJFINANCE","EQ","22-Apr-2024","7,119.50","7,167.30","7,306.00","7,167.30","7,300.00","7,292.20","7,259.62","11,65,272","8,45,94,36,651.10","83,119","6,39,431","54.87"
"BAJFINANCE","EQ","19-Apr-2024","6,893.20","6,840.05","7,150.00","6,810.05","7,110.00","7,119.50","6,993.40","12,18,375","8,52,05,84,081.50","1,30,411","4,82,523","39.60"
"BAJFINANCE","EQ","18-Apr-2024","6,954.25","6,928.10","6,995.00","6,866.00","6,895.00","6,893.20","6,914.00","13,85,133","9,57,68,14,620.95","1,37,063","7,37,348","53.23"
"BAJFINANCE","EQ","16-Apr-2024","7,076.25","7,009.95","7,034.30","6,931.00","6,956.55","6,954.25","6,969.10","9,63,293","6,71,32,85,527.00","93,098","4,02,366","41.77"
"BAJFINANCE","EQ","15-Apr-2024","7,229.55","7,145.05","7,198.80","7,063.45","7,065.00","7,076.25","7,125.80","7,58,448","5,40,45,48,928.15","68,913","3,85,739","50.86"
"BAJFINANCE","EQ","12-Apr-2024","7,230.25","7,224.00","7,264.00","7,156.30","7,210.00","7,229.55","7,218.76","10,92,588","7,88,71,26,736.50","1,20,592","5,74,018","52.54"
"BAJFINANCE","EQ","10-Apr-2024","7,193.60","7,235.90","7,254.00","7,160.00","7,219.85","7,230.25","7,210.99","5,67,986","4,09,57,43,503.75","58,478","2,71,200","47.75"
"BAJFINANCE","EQ","09-Apr-2024","7,178.55","7,220.00","7,235.35","7,124.50","7,189.00","7,193.60","7,184.53","7,10,281","5,10,30,32,470.10","79,057","2,99,578","42.18"
"BAJFINANCE","EQ","08-Apr-2024","7,175.65","7,215.00","7,226.95","7,142.80","7,180.00","7,178.55","7,175.43","5,18,210","3,71,83,81,437.30","51,026","2,82,795","54.57"
"BAJFINANCE","EQ","05-Apr-2024","7,283.40","7,234.75","7,259.00","7,156.00","7,189.65","7,175.65","7,195.21","12,00,494","8,63,78,07,717.85","1,05,538","4,86,289","40.51"
"BAJFINANCE","EQ","04-Apr-2024","7,309.25","7,345.00","7,350.00","7,255.00","7,291.95","7,283.40","7,308.48","10,40,589","7,60,51,20,211.00","1,38,082","3,52,132","33.84"
"BAJFINANCE","EQ","03-Apr-2024","7,207.40","7,197.00","7,323.35","7,186.15","7,314.00","7,309.25","7,269.95","9,58,943","6,97,14,67,716.80","80,725","5,08,495","53.03"
"BAJFINANCE","EQ","02-Apr-2024","7,250.95","7,250.95","7,255.00","7,135.00","7,223.00","7,207.40","7,194.48","9,67,615","6,96,14,83,440.25","1,07,512","4,17,144","43.11"
"BAJFINANCE","EQ","01-Apr-2024","7,245.25","7,261.25","7,343.45","7,220.05","7,243.95","7,250.95","7,286.11","11,25,238","8,19,86,04,277.35","82,651","6,07,545","53.99"
"BAJFINANCE","EQ","28-Mar-2024","7,022.75","7,032.10","7,349.30","7,032.10","7,235.05","7,245.25","7,247.76","35,74,518","25,90,72,57,217.55","3,28,451","15,47,951","43.31"
"BAJFINANCE","EQ","27-Mar-2024","6,910.10","6,945.75","7,049.00","6,905.00","7,029.00","7,022.75","6,987.02","15,51,275","10,83,87,88,558.90","1,22,654","10,12,362","65.26"
"BAJFINANCE","EQ","26-Mar-2024","6,760.90","6,754.50","6,945.00","6,745.00","6,925.00","6,910.10","6,902.09","18,50,321","12,77,10,90,831.20","1,59,954","10,50,130","56.75"
"BAJFINANCE","EQ","22-Mar-2024","6,715.75","6,705.00","6,803.00","6,686.30","6,763.00","6,760.90","6,759.84","11,25,238","7,60,64,28,261.65","1,21,585","5,44,129","48.36"
"BAJFINANCE","EQ","21-Mar-2024","6,649.50","6,707.50","6,771.65","6,657.15","6,710.00","6,715.75","6,711.96","18,06,092","12,12,24,11,866.90","1,72,301","11,60,001","64.23"
"BAJFINANCE","EQ","20-Mar-2024","6,596.25","6,610.00","6,731.00","6,606.00","6,653.00","6,649.50","6,674.65","14,90,831","9,95,07,82,490.00","1,42,973","8,48,600","56.92"
"BAJFINANCE","EQ","19-Mar-2024","6,504.65","6,509.70","6,667.20","6,505.00","6,586.00","6,596.25","6,595.57","14,08,087","9,28,71,31,126.55","1,44,924","4,77,626","33.92"
"BAJFINANCE","EQ","18-Mar-2024","6,514.35","6,514.35","6,555.00","6,456.10","6,500.00","6,504.65","6,512.90","6,76,425","4,40,54,85,502.15","56,478","3,56,022","52.63"
"BAJFINANCE","EQ","15-Mar-2024","6,397.45","6,375.05","6,578.00","6,360.00","6,485.05","6,514.35","6,494.75","19,70,500","12,79,79,05,664.35","1,45,174","9,56,669","48.55"
"BAJFINANCE","EQ","14-Mar-2024","6,456.15","6,456.15","6,470.00","6,297.80","6,380.10","6,397.45","6,402.89","12,19,865","7,81,06,55,558.50","1,67,464","6,10,248","50.03"
"BAJFINANCE","EQ","13-Mar-2024","6,436.05","6,439.25","6,514.95","6,391.55","6,450.00","6,456.15","6,460.81","11,32,183","7,31,48,19,135.60","1,17,966","5,19,024","45.84"
"BAJFINANCE","EQ","12-Mar-2024","6,433.75","6,405.00","6,485.00","6,341.35","6,449.00","6,436.05","6,431.10","10,94,677","7,03,99,81,336.20","1,24,823","4,38,231","40.03"
"BAJFINANCE","EQ","11-Mar-2024","6,421.05","6,550.00","6,552.00","6,404.00","6,430.10","6,433.75","6,453.74","12,03,971","7,77,01,19,488.40","1,17,410","6,89,520","57.27"
"BAJFINANCE","EQ","07-Mar-2024","6,311.25","6,350.00","6,468.60","6,325.40","6,428.00","6,421.05","6,420.39","14,69,421","9,43,42,50,491.00","1,25,772","7,47,947","50.90"
"BAJFINANCE","EQ","06-Mar-2024","6,324.25","6,332.50","6,345.90","6,187.80","6,307.95","6,311.25","6,259.12","21,04,792","13,17,41,51,475.10","2,14,796","11,69,952","55.59"
"BAJFINANCE","EQ","05-Mar-2024","6,602.45","6,602.45","6,636.25","6,272.00","6,333.00","6,324.25","6,410.17","17,17,558","11,00,98,34,235.60","1,88,901","8,16,803","47.56"
"BAJFINANCE","EQ","04-Mar-2024","6,584.35","6,588.00","6,639.95","6,557.45","6,604.00","6,602.45","6,603.54","3,97,118","2,62,23,86,545.55","55,312","2,01,810","50.82"
"BAJFINANCE","EQ","02-Mar-2024","6,571.45","6,565.00","6,605.00","6,565.00","6,588.00","6,584.35","6,589.41","49,760","32,78,89,288.80","6,277","25,079","50.40"
"BAJFINANCE","EQ","01-Mar-2024","6,495.35","6,511.75","6,608.70","6,502.10","6,576.00","6,571.45","6,565.52","9,19,080","6,03,42,36,495.65","1,39,301","5,32,252","57.91"
"BAJFINANCE","EQ","29-Feb-2024","6,498.70","6,499.00","6,539.00","6,366.20","6,511.75","6,495.35","6,491.14","16,99,098","11,02,90,83,444.10","1,28,058","10,62,737","62.55"
"BAJFINANCE","EQ","28-Feb-2024","6,556.25","6,572.00","6,596.75","6,475.00","6,488.00","6,498.70","6,545.06","5,35,321","3,50,37,06,439.45","74,851","2,40,432","44.91"
"BAJFINANCE","EQ","27-Feb-2024","6,643.25","6,631.00","6,642.00","6,491.10","6,555.40","6,556.25","6,574.54","11,50,306","7,56,27,28,773.45","1,39,511","6,21,178","54.00"
"BAJFINANCE","EQ","26-Feb-2024","6,697.85","6,690.00","6,708.00","6,624.20","6,639.00","6,643.25","6,653.85","8,92,056","5,93,56,04,795.45","95,130","6,33,202","70.98"
"BAJFINANCE","EQ","23-Feb-2024","6,674.95","6,674.00","6,719.00","6,632.60","6,690.00","6,697.85","6,680.58","12,80,311","8,55,32,15,685.20","1,17,458","8,75,455","68.38"
"BAJFINANCE","EQ","22-Feb-2024","6,688.80","6,691.05","6,706.85","6,561.00","6,698.00","6,674.95","6,619.54","10,22,374","6,76,76,50,264.45","1,37,951","3,36,230","32.89"
"BAJFINANCE","EQ","21-Feb-2024","6,763.60","6,790.00","6,790.00","6,665.05","6,672.00","6,688.80","6,724.05","8,54,944","5,74,86,86,331.40","76,709","5,00,192","58.51"
"BAJFINANCE","EQ","20-Feb-2024","6,712.80","6,711.90","6,792.00","6,681.25","6,771.00","6,763.60","6,753.48","11,06,709","7,47,41,31,813.05","1,22,472","5,94,711","53.74"
"BAJFINANCE","EQ","19-Feb-2024","6,619.20","6,648.90","6,806.90","6,625.30","6,718.25","6,712.80","6,735.88","13,15,881","8,86,36,20,192.10","1,10,193","6,40,732","48.69"
"BAJFINANCE","EQ","16-Feb-2024","6,619.40","6,650.05","6,660.00","6,602.00","6,614.00","6,619.20","6,621.07","10,29,431","6,81,59,39,061.65","1,29,947","7,46,120","72.48"
"BAJFINANCE","EQ","15-Feb-2024","6,646.50","6,646.00","6,677.40","6,585.65","6,619.95","6,619.40","6,614.91","8,80,859","5,82,68,00,672.45","1,09,034","4,50,599","51.15"
"BAJFINANCE","EQ","14-Feb-2024","6,603.65","6,563.85","6,656.00","6,550.00","6,649.00","6,646.50","6,609.19","6,36,126","4,20,42,76,744.15","82,851","3,03,434","47.70"
"BAJFINANCE","EQ","13-Feb-2024","6,569.15","6,600.00","6,639.00","6,553.10","6,600.05","6,603.65","6,608.10","9,48,014","6,26,45,70,312.95","1,08,021","3,16,123","33.35"
"BAJFINANCE","EQ","12-Feb-2024","6,654.50","6,669.45","6,671.85","6,551.50","6,576.35","6,569.15","6,585.14","5,44,784","3,58,74,77,652.55","64,051","2,63,691","48.40"
"BAJFINANCE","EQ","09-Feb-2024","6,575.65","6,580.00","6,677.70","6,572.00","6,654.00","6,654.50","6,644.98","12,09,874","8,03,95,94,330.35","1,24,188","6,74,667","55.76"
"BAJFINANCE","EQ","08-Feb-2024","6,709.20","6,731.85","6,737.50","6,536.70","6,585.00","6,575.65","6,606.32","21,93,209","14,48,90,39,760.25","2,13,093","11,29,204","51.49"
"BAJFINANCE","EQ","07-Feb-2024","6,598.15","6,641.00","6,737.60","6,625.25","6,720.00","6,709.20","6,682.88","15,38,237","10,27,98,56,230.40","1,52,771","9,25,326","60.15"
"BAJFINANCE","EQ","06-Feb-2024","6,608.20","6,648.00","6,699.00","6,535.00","6,599.00","6,598.15","6,604.06","24,39,533","16,11,08,20,931.50","2,32,133","14,88,112","61.00"
"BAJFINANCE","EQ","05-Feb-2024","6,848.30","6,894.00","6,895.00","6,600.00","6,626.75","6,608.20","6,723.86","17,71,222","11,90,94,45,509.05","1,97,786","10,59,976","59.84"
"BAJFINANCE","EQ","02-Feb-2024","6,743.30","6,755.00","6,910.00","6,753.00","6,877.90","6,848.30","6,844.03","13,67,508","9,35,92,69,260.15","2,06,629","7,71,972","56.45"
"BAJFINANCE","EQ","01-Feb-2024","6,862.90","6,865.90","6,879.95","6,733.00","6,746.00","6,743.30","6,784.09","19,11,137","12,96,53,21,707.70","2,31,144","11,31,102","59.18"
"BAJFINANCE","EQ","31-Jan-2024","6,817.20","6,820.00","6,921.00","6,812.00","6,865.90","6,862.90","6,877.07","18,10,512","12,45,10,15,692.60","1,72,859","11,40,832","63.01"
"BAJFINANCE","EQ","30-Jan-2024","7,191.65","6,988.50","6,988.50","6,805.00","6,825.00","6,817.20","6,869.72","41,53,147","28,53,09,52,745.75","3,96,405","20,03,189","48.23"
"BAJFINANCE","EQ","29-Jan-2024","7,085.50","7,085.50","7,224.95","7,085.10","7,200.00","7,191.65","7,163.15","18,60,361","13,32,60,42,623.25","1,14,690","13,45,702","72.34"
"BAJFINANCE","EQ","25-Jan-2024","7,055.30","7,055.30","7,125.80","7,036.00","7,091.00","7,085.50","7,075.30","11,68,349","8,26,64,15,862.50","1,02,634","7,85,053","67.19"
"BAJFINANCE","EQ","24-Jan-2024","7,070.70","7,104.00","7,104.00","6,996.80","7,080.00","7,055.30","7,049.02","20,63,675","14,54,68,93,452.55","1,22,779","14,87,622","72.09"
"BAJFINANCE","EQ","23-Jan-2024","7,301.30","7,352.90","7,355.00","7,042.60","7,083.00","7,070.70","7,180.32","25,33,297","18,18,98,71,066.15","2,04,647","15,81,334","62.42"
"BAJFINANCE","EQ","20-Jan-2024","7,319.10","7,327.75","7,386.30","7,291.00","7,313.00","7,301.30","7,332.58","2,19,358","1,60,84,60,744.25","27,055","90,623","41.31"
"BAJFINANCE","EQ","19-Jan-2024","7,265.55","7,360.00","7,388.80","7,261.25","7,325.90","7,319.10","7,313.97","8,30,810","6,07,65,20,804.75","92,936","4,35,534","52.42"
"BAJFINANCE","EQ","18-Jan-2024","7,358.85","7,296.00","7,351.75","7,234.00","7,274.20","7,265.55","7,281.49","16,86,996","12,28,38,50,683.60","1,75,621","11,88,092","70.43"
"BAJFINANCE","EQ","17-Jan-2024","7,456.65","7,303.30","7,478.20","7,302.20","7,367.75","7,358.85","7,388.41","13,80,271","10,19,80,08,011.15","1,14,581","8,97,635","65.03"
"BAJFINANCE","EQ","16-Jan-2024","7,478.00","7,475.00","7,614.50","7,427.90","7,445.00","7,456.65","7,518.19","11,94,723","8,98,21,58,409.95","1,38,334","4,71,935","39.50"
"BAJFINANCE","EQ","15-Jan-2024","7,661.05","7,697.95","7,697.95","7,454.00","7,477.00","7,478.00","7,524.95","9,97,220","7,50,40,34,264.75","1,07,746","5,49,164","55.07"
"BAJFINANCE","EQ","12-Jan-2024","7,669.75","7,684.00","7,718.95","7,617.00","7,639.00","7,661.05","7,660.78","8,08,638","6,19,47,98,776.75","99,544","4,83,560","59.80"
"BAJFINANCE","EQ","11-Jan-2024","7,680.55","7,680.00","7,793.30","7,651.05","7,684.00","7,669.75","7,720.83","6,51,741","5,03,19,81,679.15","1,04,639","3,80,445","58.37"
"BAJFINANCE","EQ","10-Jan-2024","7,725.45","7,716.00","7,735.25","7,660.00","7,675.00","7,680.55","7,688.85","5,59,072","4,29,86,20,963.05","80,362","3,31,687","59.33"
"BAJFINANCE","EQ","09-Jan-2024","7,736.00","7,774.00","7,810.00","7,698.00","7,715.75","7,725.45","7,758.94","12,47,083","9,67,60,43,195.75","1,35,198","7,21,265","57.84"
"BAJFINANCE","EQ","08-Jan-2024","7,711.15","7,677.00","7,830.00","7,631.30","7,740.00","7,736.00","7,737.07","11,21,209","8,67,48,73,898.10","1,16,211","5,23,807","46.72"
"BAJFINANCE","EQ","05-Jan-2024","7,705.55","7,734.95","7,789.00","7,673.10","7,708.05","7,711.15","7,722.15","10,52,601","8,12,83,38,046.60","1,25,482","5,07,025","48.17"
"BAJFINANCE","EQ","04-Jan-2024","7,384.80","7,560.00","7,733.95","7,560.00","7,698.60","7,705.55","7,667.97","29,11,879","22,32,82,14,375.30","2,80,733","13,43,457","46.14"
"BAJFINANCE","EQ","03-Jan-2024","7,430.05","7,444.95","7,485.85","7,368.20","7,381.20","7,384.80","7,414.09","5,53,405","4,10,29,93,970.10","70,437","2,48,271","44.86"
"BAJFINANCE","EQ","02-Jan-2024","7,299.05","7,324.00","7,445.10","7,280.05","7,432.30","7,430.05","7,372.68","11,12,990","8,20,57,23,494.75","1,09,675","5,23,094","47.00"
"BAJFINANCE","EQ","01-Jan-2024","7,327.75","7,336.95","7,336.95","7,273.00","7,286.95","7,299.05","7,304.06","3,31,489","2,42,12,14,793.15","41,730","1,12,857","34.05"
"BAJFINANCE","EQ","29-Dec-2023","7,258.65","7,231.65","7,343.00","7,205.15","7,315.00","7,327.75","7,289.44","9,12,802","6,65,38,18,426.40","94,915","4,86,565","53.30"
"BAJFINANCE","EQ","28-Dec-2023","7,232.80","7,275.00","7,290.00","7,200.00","7,223.95","7,258.65","7,258.91","18,56,064","13,47,29,95,983.05","1,30,287","12,28,705","66.20"
"BAJFINANCE","EQ","27-Dec-2023","7,162.30","7,219.90","7,323.40","7,190.90","7,246.80","7,232.80","7,237.64","16,05,279","11,61,84,32,166.60","1,56,926","9,48,426","59.08"
"BAJFINANCE","EQ","26-Dec-2023","7,295.30","7,325.00","7,344.00","7,145.25","7,175.05","7,162.30","7,211.83","12,25,844","8,84,05,76,274.10","1,53,727","6,14,638","50.14"
"BAJFINANCE","EQ","22-Dec-2023","7,367.15","7,418.95","7,440.00","7,243.00","7,290.00","7,295.30","7,328.87","11,29,485","8,27,78,50,107.45","1,39,140","5,11,436","45.28"
"BAJFINANCE","EQ","21-Dec-2023","7,493.95","7,426.60","7,477.00","7,305.50","7,386.00","7,367.15","7,402.52","9,13,082","6,75,91,11,870.60","92,614","4,11,722","45.09"
"BAJFINANCE","EQ","20-Dec-2023","7,632.65","7,650.00","7,695.00","7,460.15","7,481.00","7,493.95","7,583.08","8,74,546","6,63,17,48,125.05","76,507","4,57,033","52.26"
"BAJFINANCE","EQ","19-Dec-2023","7,587.60","7,641.00","7,641.60","7,535.00","7,635.00","7,632.65","7,597.28","7,91,408","6,01,25,44,775.95","85,843","4,16,383","52.61"
"BAJFINANCE","EQ","18-Dec-2023","7,515.05","7,548.00","7,610.00","7,526.00","7,569.00","7,587.60","7,581.14","10,82,798","8,20,88,39,897.90","87,986","7,11,715","65.73"
"BAJFINANCE","EQ","15-Dec-2023","7,474.20","7,528.85","7,528.90","7,445.00","7,514.00","7,515.05","7,488.15","11,73,938","8,79,06,27,893.55","90,181","6,83,982","58.26"
"BAJFINANCE","EQ","14-Dec-2023","7,258.00","7,368.50","7,511.25","7,300.10","7,470.55","7,474.20","7,450.68","17,29,567","12,88,64,55,475.95","1,71,061","9,43,359","54.54"
"BAJFINANCE","EQ","13-Dec-2023","7,314.55","7,299.85","7,304.50","7,207.00","7,260.00","7,258.00","7,247.77","6,82,955","4,94,99,00,834.15","87,943","3,78,930","55.48"
"BAJFINANCE","EQ","12-Dec-2023","7,292.75","7,280.00","7,354.00","7,280.00","7,310.90","7,314.55","7,318.67","6,33,312","4,63,49,99,764.30","1,04,761","2,68,225","42.35"
"BAJFINANCE","EQ","11-Dec-2023","7,307.60","7,325.00","7,352.70","7,270.05","7,297.00","7,292.75","7,306.16","5,90,055","4,31,10,34,135.20","62,998","3,31,259","56.14"
"BAJFINANCE","EQ","08-Dec-2023","7,391.20","7,390.55","7,398.10","7,274.00","7,310.00","7,307.60","7,316.01","11,44,388","8,37,23,57,200.30","1,06,780","7,57,177","66.16"
"BAJFINANCE","EQ","07-Dec-2023","7,427.10","7,390.00","7,440.00","7,326.00","7,392.00","7,391.20","7,391.22","6,68,862","4,94,37,08,125.60","68,110","3,52,052","52.63"
"BAJFINANCE","EQ","06-Dec-2023","7,349.80","7,390.00","7,459.00","7,365.05","7,429.00","7,427.10","7,416.37","7,01,800","5,20,48,10,661.40","67,618","3,45,815","49.28"
"BAJFINANCE","EQ","05-Dec-2023","7,407.65","7,430.00","7,440.00","7,320.05","7,352.00","7,349.80","7,372.13","15,22,242","11,22,21,59,243.35","1,77,024","7,03,724","46.23"
"BAJFINANCE","EQ","04-Dec-2023","7,259.35","7,340.00","7,420.00","7,315.05","7,405.00","7,407.65","7,387.32","11,01,426","8,13,65,88,223.80","97,109","5,35,372","48.61"
"BAJFINANCE","EQ","01-Dec-2023","7,121.90","7,160.00","7,279.85","7,142.00","7,248.90","7,259.35","7,218.92","9,00,477","6,50,04,66,993.30","1,16,313","3,97,992","44.20"
"BAJFINANCE","EQ","30-Nov-2023","7,130.10","7,132.00","7,163.60","7,085.65","7,130.00","7,121.90","7,116.00","12,71,934","9,05,10,86,797.45","99,955","8,05,844","63.36"
"BAJFINANCE","EQ","29-Nov-2023","7,127.55","7,134.00","7,168.60","7,114.05","7,132.00","7,130.10","7,134.10","6,82,430","4,86,85,21,872.60","85,145","4,12,761","60.48"
"BAJFINANCE","EQ","28-Nov-2023","7,020.80","7,035.00","7,135.00","7,029.90","7,109.40","7,127.55","7,086.59","7,28,158","5,16,01,55,090.80","1,08,308","3,86,829","53.12"
"BAJFINANCE","EQ","24-Nov-2023","7,073.65","7,108.00","7,116.80","7,011.00","7,035.00","7,020.80","7,047.75","7,26,499","5,12,01,86,625.05","87,123","3,55,738","48.97"
"BAJFINANCE","EQ","23-Nov-2023","7,128.35","7,135.00","7,160.00","7,056.00","7,075.00","7,073.65","7,106.81","6,06,158","4,30,78,48,049.30","68,992","2,63,975","43.55"
"BAJFINANCE","EQ","22-Nov-2023","7,103.15","7,086.45","7,177.85","7,065.50","7,123.00","7,128.35","7,119.50","10,41,404","7,41,42,79,169.55","78,632","5,75,302","55.24"
"BAJFINANCE","EQ","21-Nov-2023","7,068.60","7,085.00","7,128.85","7,030.00","7,100.00","7,103.15","7,087.44","16,66,225","11,80,92,75,268.25","1,37,178","9,22,873","55.39"
"BAJFINANCE","EQ","20-Nov-2023","7,221.00","7,151.00","7,239.00","7,050.10","7,065.75","7,068.60","7,118.34","19,02,940","13,54,57,76,842.10","1,58,782","11,61,738","61.05"
"BAJFINANCE","EQ","17-Nov-2023","7,362.45","7,140.50","7,260.00","7,108.05","7,221.75","7,221.00","7,214.11","20,80,034","15,00,56,01,028.95","1,58,863","8,78,988","42.26"
"BAJFINANCE","EQ","16-Nov-2023","7,224.30","6,944.55","7,380.70","6,931.25","7,361.00","7,362.45","7,177.29","45,57,043","32,70,72,40,969.35","2,98,790","16,95,629","37.21"
"BAJFINANCE","EQ","15-Nov-2023","7,360.85","7,439.40","7,476.20","7,119.15","7,216.95","7,224.30","7,310.01","19,23,440","14,06,03,72,813.80","1,99,672","10,38,251","53.98"
"BAJFINANCE","EQ","13-Nov-2023","7,456.90","7,447.80","7,450.00","7,319.00","7,363.95","7,360.85","7,364.51","7,32,240","5,39,25,87,132.90","94,163","3,18,595","43.51"
"BAJFINANCE","EQ","12-Nov-2023","7,444.80","7,470.05","7,498.00","7,447.05","7,454.50","7,456.90","7,465.60","79,745","59,53,44,138.00","9,727","34,504","43.27"
"BAJFINANCE","EQ","10-Nov-2023","7,386.70","7,370.00","7,454.00","7,346.45","7,450.30","7,444.80","7,425.27","4,96,261","3,68,48,70,710.10","53,636","1,65,260","33.30"
"BAJFINANCE","EQ","09-Nov-2023","7,459.95","7,485.00","7,485.00","7,366.70","7,390.00","7,386.70","7,403.36","7,71,791","5,71,38,47,462.40","79,753","3,50,287","45.39"
"BAJFINANCE","EQ","08-Nov-2023","7,495.60","7,527.00","7,536.00","7,406.65","7,458.00","7,459.95","7,455.13","9,16,717","6,83,42,41,855.90","87,519","4,89,897","53.44"
"BAJFINANCE","EQ","07-Nov-2023","7,562.05","7,640.00","7,640.00","7,446.00","7,499.00","7,495.60","7,519.46","15,63,007","11,75,29,70,008.45","1,62,727","5,25,290","33.61"
"BAJFINANCE","EQ","06-Nov-2023","7,411.50","7,456.00","7,571.95","7,442.60","7,555.00","7,562.05","7,513.51","6,34,043","4,76,38,85,603.10","63,638","3,21,692","50.74"
"BAJFINANCE","EQ","03-Nov-2023","7,449.10","7,528.00","7,537.95","7,372.45","7,403.00","7,411.50","7,428.96","11,38,755","8,45,97,70,203.10","1,14,454","5,37,221","47.18"
"BAJFINANCE","EQ","02-Nov-2023","7,471.90","7,530.00","7,615.00","7,411.20","7,469.00","7,449.10","7,492.79","8,55,030","6,40,65,64,290.75","94,175","3,87,924","45.37"
"BAJFINANCE","EQ","01-Nov-2023","7,492.65","7,520.00","7,549.00","7,457.65","7,479.00","7,471.90","7,510.31","4,62,778","3,47,56,06,977.30","65,986","2,22,224","48.02"
"BAJFINANCE","EQ","31-Oct-2023","7,503.05","7,569.80","7,579.70","7,460.50","7,495.35","7,492.65","7,511.26","7,49,410","5,62,90,10,332.75","94,261","2,77,656","37.05"
"BAJFINANCE","EQ","30-Oct-2023","7,507.20","7,505.80","7,526.85","7,352.50","7,510.00","7,503.05","7,460.27","7,99,276","5,96,28,12,041.35","1,08,893","3,11,932","39.03"
"BAJFINANCE","EQ","27-Oct-2023","7,421.80","7,509.95","7,549.00","7,416.60","7,486.85","7,507.20","7,492.70","9,11,944","6,83,29,21,120.50","1,07,260","4,65,684","51.06"
"BAJFINANCE","EQ","26-Oct-2023","7,694.45","7,625.10","7,656.00","7,401.20","7,409.00","7,421.80","7,470.75","13,24,630","9,89,59,77,610.05","1,67,916","7,25,915","54.80"
"BAJFINANCE","EQ","25-Oct-2023","7,798.90","7,798.90","7,856.95","7,676.00","7,685.00","7,694.45","7,741.94","7,08,774","5,48,72,85,997.55","88,917","3,11,409","43.94"
"BAJFINANCE","EQ","23-Oct-2023","7,769.20","7,800.00","7,884.90","7,761.35","7,775.00","7,798.90","7,830.64","8,82,230","6,90,84,23,213.90","1,04,921","2,73,542","31.01"
"BAJFINANCE","EQ","20-Oct-2023","7,841.55","7,810.00","7,832.35","7,722.50","7,770.00","7,769.20","7,773.63","7,71,153","5,99,46,58,305.70","99,051","3,50,495","45.45"
"BAJFINANCE","EQ","19-Oct-2023","7,866.55","7,843.30","7,923.00","7,731.00","7,822.40","7,841.55","7,822.27","10,61,453","8,30,29,76,891.95","1,49,476","3,98,925","37.58"
"BAJFINANCE","EQ","18-Oct-2023","8,093.00","8,050.00","8,084.60","7,850.00","7,854.00","7,866.55","7,950.12","15,44,642","12,28,00,87,675.65","1,57,004","5,73,378","37.12"
"BAJFINANCE","EQ","17-Oct-2023","8,036.00","8,080.00","8,159.00","8,057.55","8,097.50","8,093.00","8,100.95","8,38,283","6,79,08,91,569.35","85,427","2,46,951","29.46"
"BAJFINANCE","EQ","16-Oct-2023","8,051.65","8,044.30","8,069.00","7,982.65","8,021.00","8,036.00","8,029.01","4,38,246","3,51,86,82,722.70","52,951","1,70,305","38.86"
"BAJFINANCE","EQ","13-Oct-2023","8,014.30","7,999.55","8,082.90","7,956.05","8,043.00","8,051.65","8,036.74","6,62,282","5,32,25,86,112.20","97,371","2,90,345","43.84"
"BAJFINANCE","EQ","12-Oct-2023","8,101.95","8,125.00","8,127.00","8,003.00","8,016.00","8,014.30","8,037.95","7,64,092","6,14,17,35,061.80","75,206","4,29,114","56.16"
"BAJFINANCE","EQ","11-Oct-2023","8,083.60","8,139.80","8,173.00","8,095.45","8,108.00","8,101.95","8,131.80","7,12,372","5,79,28,66,203.50","95,698","3,27,904","46.03"
"BAJFINANCE","EQ","10-Oct-2023","8,027.70","8,055.00","8,135.00","8,021.00","8,086.00","8,083.60","8,076.49","9,65,024","7,79,40,07,636.05","1,34,824","2,72,735","28.26"
"BAJFINANCE","EQ","09-Oct-2023","8,168.55","8,102.05","8,135.00","8,018.00","8,019.10","8,027.70","8,068.79","7,47,800","6,03,38,43,122.20","94,101","3,13,837","41.97"
"BAJFINANCE","EQ","06-Oct-2023","7,850.90","7,850.00","8,192.00","7,845.00","8,150.00","8,168.55","8,064.18","21,45,034","17,29,79,34,647.85","1,91,298","6,99,722","32.62"
"BAJFINANCE","EQ","05-Oct-2023","7,854.05","7,914.85","7,914.85","7,826.90","7,845.00","7,850.90","7,875.66","7,95,061","6,26,16,32,025.75","1,04,913","3,80,573","47.87"
"BAJFINANCE","EQ","04-Oct-2023","7,967.60","8,025.00","8,043.00","7,820.00","7,865.00","7,854.05","7,915.04","11,76,384","9,31,11,25,451.85","93,413","5,54,585","47.14"
"BAJFINANCE","EQ","03-Oct-2023","7,810.75","7,780.80","7,975.50","7,755.00","7,967.10","7,967.60","7,888.51","9,44,555","7,45,11,30,001.85","1,09,439","3,76,067","39.81"
"BAJFINANCE","EQ","29-Sep-2023","7,739.00","7,739.00","7,848.00","7,725.00","7,809.95","7,810.75","7,805.28","5,73,005","4,47,24,63,497.80","74,692","2,46,073","42.94"
"BAJFINANCE","EQ","28-Sep-2023","7,837.55","7,804.75","7,829.00","7,718.05","7,735.00","7,739.00","7,774.50","7,77,505","6,04,47,08,896.65","83,316","3,62,689","46.65"
"BAJFINANCE","EQ","27-Sep-2023","7,870.65","7,855.00","7,855.00","7,742.75","7,845.00","7,837.55","7,804.75","7,44,110","5,80,75,92,332.60","90,651","3,26,754","43.91"
"BAJFINANCE","EQ","26-Sep-2023","7,819.85","7,819.90","7,899.95","7,775.00","7,873.00","7,870.65","7,853.77","12,46,820","9,79,22,40,335.55","1,34,353","5,09,023","40.83"
"BAJFINANCE","EQ","25-Sep-2023","7,471.35","7,575.00","7,849.90","7,510.00","7,806.90","7,819.85","7,761.39","23,47,533","18,22,01,14,608.20","2,22,035","8,95,515","38.15"
"BAJFINANCE","EQ","22-Sep-2023","7,484.20","7,493.95","7,577.00","7,453.60","7,474.85","7,471.35","7,519.12","5,26,304","3,95,73,44,378.50","66,489","2,08,574","39.63"
"BAJFINANCE","EQ","21-Sep-2023","7,539.00","7,530.00","7,583.65","7,425.00","7,493.85","7,484.20","7,485.59","6,75,725","5,05,81,99,027.20","1,07,376","2,91,884","43.20"
"BAJFINANCE","EQ","20-Sep-2023","7,548.65","7,488.65","7,647.00","7,483.00","7,530.00","7,539.00","7,583.18","8,44,190","6,40,16,46,997.75","99,610","4,16,218","49.30"
"BAJFINANCE","EQ","18-Sep-2023","7,492.20","7,488.90","7,560.00","7,465.00","7,540.00","7,548.65","7,530.92","7,06,618","5,32,14,85,807.20","97,037","2,67,368","37.84"
"BAJFINANCE","EQ","15-Sep-2023","7,494.30","7,499.00","7,565.15","7,455.55","7,491.50","7,492.20","7,509.86","7,87,494","5,91,39,70,575.95","77,059","3,92,081","49.79"
"BAJFINANCE","EQ","14-Sep-2023","7,475.90","7,475.90","7,511.70","7,427.05","7,476.70","7,494.30","7,471.78","6,50,372","4,85,94,34,928.30","81,192","2,88,516","44.36"
"BAJFINANCE","EQ","13-Sep-2023","7,431.30","7,429.30","7,508.25","7,380.65","7,475.00","7,475.90","7,446.31","5,79,846","4,31,77,11,428.80","67,471","2,75,923","47.59"
"BAJFINANCE","EQ","12-Sep-2023","7,391.65","7,421.00","7,459.00","7,305.50","7,416.60","7,431.30","7,399.48","9,63,517","7,12,95,24,026.25","1,10,323","3,92,658","40.75"
"BAJFINANCE","EQ","11-Sep-2023","7,410.65","7,425.00","7,444.00","7,362.00","7,390.00","7,391.65","7,395.89","4,06,849","3,00,90,11,711.65","54,667","2,09,314","51.45"
"BAJFINANCE","EQ","08-Sep-2023","7,363.20","7,390.00","7,449.95","7,370.00","7,395.00","7,410.65","7,410.57","6,24,642","4,62,89,55,769.55","47,395","2,52,229","40.38"
"BAJFINANCE","EQ","07-Sep-2023","7,387.80","7,380.00","7,387.80","7,303.70","7,363.00","7,363.20","7,344.17","5,49,622","4,03,65,18,379.30","56,573","2,05,600","37.41"
"BAJFINANCE","EQ","06-Sep-2023","7,345.10","7,315.30","7,397.00","7,290.70","7,391.00","7,387.80","7,347.50","6,05,157","4,44,63,91,254.40","67,522","3,68,417","60.88"
"BAJFINANCE","EQ","05-Sep-2023","7,270.25","7,283.00","7,358.45","7,280.00","7,340.05","7,345.10","7,322.71","12,21,353","8,94,36,09,625.85","1,20,505","3,88,841","31.84"
"BAJFINANCE","EQ","04-Sep-2023","7,320.60","7,370.00","7,370.00","7,258.40","7,278.30","7,270.25","7,310.00","5,81,363","4,24,97,60,835.80","64,275","2,75,680","47.42"
"BAJFINANCE","EQ","01-Sep-2023","7,163.00","7,168.55","7,329.40","7,155.00","7,300.10","7,320.60","7,252.43","6,76,076","4,90,31,95,099.15","65,881","3,36,182","49.73"
"BAJFINANCE","EQ","31-Aug-2023","7,268.10","7,280.00","7,285.00","7,135.00","7,168.55","7,163.00","7,186.58","14,12,980","10,15,44,97,462.60","77,331","8,84,562","62.60"
"BAJFINANCE","EQ","30-Aug-2023","7,293.35","7,326.00","7,330.90","7,258.00","7,270.60","7,268.10","7,298.29","4,60,268","3,35,91,71,018.70","49,496","2,43,407","52.88"
"BAJFINANCE","EQ","29-Aug-2023","7,235.60","7,250.00","7,310.95","7,236.00","7,295.00","7,293.35","7,270.15","14,18,305","10,31,12,86,046.25","82,187","4,16,733","29.38"
"BAJFINANCE","EQ","28-Aug-2023","7,211.50","7,224.95","7,261.00","7,138.10","7,220.00","7,235.60","7,184.15","7,03,626","5,05,49,55,965.95","67,864","3,15,406","44.83"
"BAJFINANCE","EQ","25-Aug-2023","7,137.45","7,115.00","7,278.10","7,101.00","7,185.15","7,211.50","7,209.35","13,03,276","9,39,57,71,105.95","1,11,882","5,48,154","42.06"
"BAJFINANCE","EQ","24-Aug-2023","7,116.45","7,150.00","7,185.95","7,121.00","7,124.00","7,137.45","7,152.89","9,10,360","6,51,17,04,432.85","84,497","5,76,490","63.33"
"BAJFINANCE","EQ","23-Aug-2023","7,069.95","7,100.00","7,149.00","7,003.00","7,122.00","7,116.45","7,073.20","8,03,248","5,68,15,33,864.55","71,148","3,67,643","45.77"
"BAJFINANCE","EQ","22-Aug-2023","7,048.20","7,051.05","7,153.50","7,050.00","7,053.25","7,069.95","7,097.97","12,48,780","8,86,38,03,389.95","1,22,169","4,49,768","36.02"
"BAJFINANCE","EQ","21-Aug-2023","6,862.10","6,801.00","7,063.00","6,801.00","7,050.55","7,048.20","6,997.68","12,30,831","8,61,29,65,638.15","1,24,222","4,20,569","34.17"
"BAJFINANCE","EQ","18-Aug-2023","6,923.25","6,893.50","6,915.80","6,845.00","6,850.00","6,862.10","6,872.78","7,45,533","5,12,38,87,399.95","94,823","3,87,837","52.02"
"BAJFINANCE","EQ","17-Aug-2023","6,981.50","7,020.00","7,020.00","6,903.00","6,920.00","6,923.25","6,944.86","7,10,118","4,93,16,66,743.70","93,006","4,01,746","56.57"
"BAJFINANCE","EQ","16-Aug-2023","7,018.05","6,994.00","6,994.00","6,920.00","6,970.00","6,981.50","6,957.03","5,98,795","4,16,58,34,433.75","70,912","2,78,996","46.59"
"BAJFINANCE","EQ","14-Aug-2023","7,060.60","7,040.00","7,058.90","6,940.55","7,005.00","7,018.05","7,001.76","6,93,785","4,85,77,16,662.70","1,00,012","2,95,240","42.55"
"BAJFINANCE","EQ","11-Aug-2023","7,143.85","7,143.85","7,159.00","7,031.05","7,037.00","7,060.60","7,098.79","6,30,396","4,47,50,45,904.85","82,471","3,48,355","55.26"
"BAJFINANCE","EQ","10-Aug-2023","7,125.35","7,100.05","7,174.00","7,092.00","7,172.00","7,143.85","7,120.45","6,16,130","4,38,71,21,875.35","70,481","2,86,830","46.55"
"BAJFINANCE","EQ","09-Aug-2023","7,173.60","7,200.00","7,214.00","7,090.00","7,120.00","7,125.35","7,128.95","5,11,572","3,64,69,73,704.65","67,043","1,93,542","37.83"
"BAJFINANCE","EQ","08-Aug-2023","7,122.15","7,135.00","7,205.00","7,085.15","7,203.85","7,173.60","7,134.00","8,07,362","5,75,97,17,819.00","90,771","2,24,546","27.81"
"BAJFINANCE","EQ","07-Aug-2023","7,148.70","7,162.00","7,182.75","7,071.60","7,121.00","7,122.15","7,115.05","7,18,409","5,11,15,13,346.85","79,350","2,98,008","41.48"
"BAJFINANCE","EQ","04-Aug-2023","7,108.35","7,139.00","7,205.00","7,071.30","7,137.95","7,148.70","7,129.63","7,31,349","5,21,42,49,314.95","90,246","2,97,467","40.67"
"BAJFINANCE","EQ","03-Aug-2023","7,203.45","7,175.00","7,224.30","7,018.05","7,104.30","7,108.35","7,119.03","10,81,898","7,70,20,59,649.10","1,48,514","4,93,908","45.65"
"BAJFINANCE","EQ","02-Aug-2023","7,269.70","7,290.00","7,290.00","7,145.00","7,210.55","7,203.45","7,195.53","8,98,536","6,46,54,40,690.00","1,02,752","4,72,054","52.54"
"BAJFINANCE","EQ","01-Aug-2023","7,300.30","7,300.30","7,330.00","7,244.00","7,265.00","7,269.70","7,281.56","7,52,765","5,48,12,99,773.25","85,903","1,95,956","26.03"
"BAJFINANCE","EQ","31-Jul-2023","7,381.60","7,345.00","7,369.90","7,281.05","7,294.00","7,300.30","7,309.10","7,49,315","5,47,68,20,074.15","79,982","3,97,259","53.02"
"BAJFINANCE","EQ","28-Jul-2023","7,284.10","7,319.00","7,394.60","7,210.00","7,375.00","7,381.60","7,298.67","10,07,050","7,35,01,23,275.00","1,09,215","3,75,249","37.26"
"BAJFINANCE","EQ","27-Jul-2023","7,433.15","7,577.90","7,577.90","7,267.70","7,287.00","7,284.10","7,398.98","21,47,172","15,88,68,74,784.50","2,28,174","11,35,708","52.89"
"BAJFINANCE","EQ","26-Jul-2023","7,606.45","7,635.00","7,734.00","7,331.00","7,474.00","7,433.15","7,541.89","22,28,866","16,80,98,58,994.30","1,54,669","5,90,575","26.50"
"BAJFINANCE","EQ","25-Jul-2023","7,581.60","7,649.40","7,649.40","7,541.05","7,605.00","7,606.45","7,597.66","8,50,869","6,46,46,15,293.55","88,323","2,21,912","26.08"
"BAJFINANCE","EQ","24-Jul-2023","7,581.75","7,581.65","7,644.80","7,560.35","7,580.00","7,581.60","7,596.34","5,84,342","4,43,88,61,690.40","57,070","2,62,830","44.98"
"BAJFINANCE","EQ","21-Jul-2023","7,596.60","7,596.60","7,657.70","7,533.10","7,584.50","7,581.75","7,586.83","6,73,394","5,10,89,25,642.30","69,208","2,45,777","36.50"
"BAJFINANCE","EQ","20-Jul-2023","7,584.70","7,551.00","7,637.15","7,502.00","7,595.00","7,596.60","7,569.50","6,49,436","4,91,59,08,049.30","67,861","1,68,131","25.89"
"BAJFINANCE","EQ","19-Jul-2023","7,420.00","7,441.95","7,599.00","7,430.00","7,595.10","7,584.70","7,529.94","9,75,943","7,34,87,96,684.05","1,00,402","3,56,249","36.50"
"BAJFINANCE","EQ","18-Jul-2023","7,510.95","7,520.00","7,555.00","7,373.10","7,414.00","7,420.00","7,447.15","13,09,709","9,75,35,97,686.65","1,26,709","4,21,446","32.18"
"BAJFINANCE","EQ","17-Jul-2023","7,482.35","7,520.00","7,542.00","7,442.00","7,510.00","7,510.95","7,490.89","5,06,744","3,79,59,61,800.65","56,590","1,75,158","34.57"
"BAJFINANCE","EQ","14-Jul-2023","7,474.60","7,474.00","7,518.90","7,399.90","7,497.85","7,482.35","7,453.15","7,26,600","5,41,54,57,682.65","89,247","3,33,508","45.90"
"BAJFINANCE","EQ","13-Jul-2023","7,431.95","7,469.95","7,522.90","7,416.00","7,481.70","7,474.60","7,472.69","7,47,052","5,58,24,86,897.00","71,746","3,17,110","42.45"
"BAJFINANCE","EQ","12-Jul-2023","7,444.00","7,469.90","7,508.00","7,398.15","7,434.00","7,431.95","7,448.15","11,31,755","8,42,94,80,563.45","1,13,060","6,83,690","60.41"
"BAJFINANCE","EQ","11-Jul-2023","7,533.25","7,567.00","7,680.00","7,381.00","7,443.00","7,444.00","7,514.06","16,75,043","12,58,63,77,570.95","1,79,851","7,48,558","44.69"
"BAJFINANCE","EQ","10-Jul-2023","7,622.35","7,622.35","7,629.95","7,432.30","7,556.75","7,533.25","7,504.66","14,51,518","10,89,31,48,650.70","1,03,049","7,14,380","49.22"
"BAJFINANCE","EQ","07-Jul-2023","7,766.25","7,720.00","7,748.90","7,605.60","7,615.00","7,622.35","7,664.38","10,94,915","8,39,18,48,765.90","89,094","6,12,449","55.94"
"BAJFINANCE","EQ","06-Jul-2023","7,838.75","7,776.00","7,824.00","7,735.00","7,764.00","7,766.25","7,765.54","10,45,984","8,12,26,34,775.55","1,07,899","6,01,256","57.48"
"BAJFINANCE","EQ","05-Jul-2023","7,860.45","7,879.95","7,999.90","7,780.00","7,843.00","7,838.75","7,873.45","19,78,666","15,57,89,35,058.90","1,33,935","7,94,079","40.13"
"BAJFINANCE","EQ","04-Jul-2023","7,333.00","7,650.00","7,920.00","7,612.65","7,868.00","7,860.45","7,850.16","41,62,208","32,67,39,88,339.80","3,04,906","13,75,329","33.04"
"BAJFINANCE","EQ","03-Jul-2023","7,160.60","7,160.60","7,355.00","7,160.00","7,338.00","7,333.00","7,267.97","12,09,227","8,78,86,29,972.45","1,05,283","6,14,418","50.81"
"BAJFINANCE","EQ","30-Jun-2023","7,090.20","7,100.00","7,195.00","7,091.20","7,164.30","7,160.60","7,141.33","8,87,908","6,34,08,48,024.70","86,860","4,48,492","50.51"
"BAJFINANCE","EQ","28-Jun-2023","7,019.25","7,054.35","7,125.00","7,040.00","7,100.00","7,090.20","7,094.99","7,09,782","5,03,58,96,363.45","75,929","3,02,771","42.66"
"BAJFINANCE","EQ","27-Jun-2023","6,998.70","7,030.00","7,030.00","6,954.00","7,028.00","7,019.25","6,990.50","7,09,789","4,96,17,77,307.90","68,150","3,47,789","49.00"
"BAJFINANCE","EQ","26-Jun-2023","6,989.65","6,990.00","7,035.00","6,945.00","7,006.00","6,998.70","6,987.71","5,63,539","3,93,78,46,276.00","55,130","2,32,874","41.32"
"BAJFINANCE","EQ","23-Jun-2023","7,030.00","7,020.95","7,055.00","6,956.10","6,989.00","6,989.65","6,999.78","8,15,226","5,70,64,05,110.75","73,572","4,01,498","49.25"
"BAJFINANCE","EQ","22-Jun-2023","7,206.15","7,200.10","7,204.15","7,020.00","7,038.00","7,030.00","7,084.72","8,27,194","5,86,04,39,769.65","84,760","4,13,647","50.01"
"BAJFINANCE","EQ","21-Jun-2023","7,248.80","7,275.00","7,285.90","7,177.00","7,204.85","7,206.15","7,220.60","5,46,804","3,94,82,52,631.70","59,186","2,83,722","51.89"
"BAJFINANCE","EQ","20-Jun-2023","7,386.20","7,376.15","7,376.15","7,201.00","7,253.00","7,248.80","7,246.46","8,63,826","6,25,96,76,317.90","89,567","3,81,056","44.11"
"BAJFINANCE","EQ","19-Jun-2023","7,203.20","7,211.95","7,398.85","7,202.25","7,368.00","7,386.20","7,323.26","11,84,590","8,67,50,66,270.80","99,108","4,53,290","38.27"
"BAJFINANCE","EQ","16-Jun-2023","7,126.60","7,170.00","7,218.60","7,131.00","7,200.00","7,203.20","7,188.80","14,14,858","10,17,11,33,864.15","91,368","7,92,490","56.01"
"BAJFINANCE","EQ","15-Jun-2023","7,096.85","7,095.00","7,141.70","7,056.00","7,123.00","7,126.60","7,105.32","4,37,018","3,10,51,54,890.80","44,338","1,87,291","42.86"
"BAJFINANCE","EQ","14-Jun-2023","7,166.75","7,182.00","7,182.00","7,082.05","7,094.00","7,096.85","7,109.98","4,01,520","2,85,47,99,253.45","48,638","1,53,404","38.21"
"BAJFINANCE","EQ","13-Jun-2023","7,097.70","7,100.00","7,200.00","7,100.00","7,164.00","7,166.75","7,162.07","8,00,134","5,73,06,16,878.60","84,640","3,90,532","48.81"
"BAJFINANCE","EQ","12-Jun-2023","7,037.15","7,050.15","7,110.00","7,041.60","7,107.90","7,097.70","7,092.44","5,13,255","3,64,02,31,649.80","50,861","2,37,969","46.36"
"BAJFINANCE","EQ","09-Jun-2023","7,010.10","7,012.75","7,082.50","7,012.05","7,030.00","7,037.15","7,045.86","4,47,361","3,15,20,43,740.75","51,400","1,61,449","36.09"
"BAJFINANCE","EQ","08-Jun-2023","7,079.95","7,080.00","7,111.00","6,995.15","7,012.75","7,010.10","7,033.76","4,55,360","3,20,28,92,036.25","48,153","2,26,913","49.83"
"BAJFINANCE","EQ","07-Jun-2023","7,113.95","7,120.00","7,141.00","7,062.00","7,084.95","7,079.95","7,089.78","5,34,483","3,78,93,68,329.50","58,110","2,62,143","49.05"
"BAJFINANCE","EQ","06-Jun-2023","7,043.20","7,025.00","7,132.00","7,025.00","7,122.95","7,113.95","7,087.34","6,90,586","4,89,44,16,888.55","68,541","2,75,018","39.82"
"BAJFINANCE","EQ","05-Jun-2023","7,023.90","7,070.00","7,091.60","7,013.05","7,043.05","7,043.20","7,043.38","5,77,162","4,06,51,68,904.90","48,797","2,41,075","41.77"
"BAJFINANCE","EQ","02-Jun-2023","7,040.50","7,075.75","7,100.00","7,005.00","7,024.50","7,023.90","7,043.24","6,64,209","4,67,81,85,601.45","66,630","2,87,045","43.22"
"BAJFINANCE","EQ","01-Jun-2023","6,989.85","7,024.00","7,057.30","6,951.10","7,036.00","7,040.50","7,018.78","5,90,026","4,14,12,64,175.60","62,328","2,71,545","46.02"
"BAJFINANCE","EQ","31-May-2023","7,005.80","7,004.90","7,026.00","6,927.30","6,975.10","6,989.85","6,985.08","21,47,627","15,00,13,37,513.75","83,551","15,69,906","73.10"
"BAJFINANCE","EQ","30-May-2023","6,932.05","6,948.00","7,018.75","6,930.05","6,998.00","7,005.80","6,976.62","8,81,923","6,15,28,38,800.10","73,572","4,16,873","47.27"
"BAJFINANCE","EQ","29-May-2023","6,904.50","6,940.20","6,971.90","6,901.80","6,931.05","6,932.05","6,939.91","6,40,728","4,44,65,92,832.70","56,332","2,78,863","43.52"
"BAJFINANCE","EQ","26-May-2023","6,841.15","6,846.60","6,920.00","6,841.20","6,891.20","6,904.50","6,895.43","6,94,073","4,78,59,32,555.90","81,220","2,89,998","41.78"
"BAJFINANCE","EQ","25-May-2023","6,785.95","6,778.00","6,848.00","6,746.10","6,835.00","6,841.15","6,793.48","5,30,260","3,60,23,08,057.65","44,634","2,32,758","43.90"
"BAJFINANCE","EQ","24-May-2023","6,780.55","6,769.00","6,848.55","6,729.75","6,793.50","6,785.95","6,803.33","5,53,936","3,76,86,11,623.85","62,497","2,49,910","45.12"
"BAJFINANCE","EQ","23-May-2023","6,793.05","6,810.05","6,873.95","6,757.10","6,770.10","6,780.55","6,829.46","7,90,196","5,39,66,15,666.45","82,417","2,92,121","36.97"
"BAJFINANCE","EQ","22-May-2023","6,784.20","6,784.20","6,818.00","6,761.90","6,797.00","6,793.05","6,788.68","4,19,792","2,84,98,32,482.80","44,242","1,33,775","31.87"
"BAJFINANCE","EQ","19-May-2023","6,789.40","6,800.00","6,820.00","6,712.00","6,780.20","6,784.20","6,774.65","5,92,834","4,01,62,43,483.85","63,383","1,90,015","32.05"
"BAJFINANCE","EQ","18-May-2023","6,705.05","6,759.80","6,830.65","6,745.15","6,790.00","6,789.40","6,799.03","11,06,718","7,52,46,05,256.15","1,04,882","4,94,984","44.73"
"BAJFINANCE","EQ","17-May-2023","6,784.60","6,785.00","6,810.45","6,662.00","6,719.00","6,705.05","6,721.92","7,40,785","4,97,94,96,481.85","70,839","3,19,079","43.07"
"BAJFINANCE","EQ","16-May-2023","6,712.30","6,720.00","6,849.00","6,700.00","6,778.00","6,784.60","6,798.70","12,65,133","8,60,12,57,499.20","1,18,462","3,45,072","27.28"
"BAJFINANCE","EQ","15-May-2023","6,714.40","6,714.40","6,750.00","6,685.80","6,700.00","6,712.30","6,722.28","7,39,076","4,96,82,78,420.15","71,781","2,85,286","38.60"
"BAJFINANCE","EQ","12-May-2023","6,663.45","6,650.00","6,733.65","6,604.70","6,701.00","6,714.40","6,699.71","9,12,078","6,11,06,56,641.35","92,690","3,31,225","36.32"
"BAJFINANCE","EQ","11-May-2023","6,631.50","6,659.00","6,680.00","6,625.00","6,667.00","6,663.45","6,661.66","5,67,494","3,78,04,54,566.35","59,969","1,96,800","34.68"
"BAJFINANCE","EQ","10-May-2023","6,552.25","6,590.95","6,665.00","6,525.00","6,625.00","6,631.50","6,602.82","8,35,321","5,51,54,74,042.65","77,649","1,46,324","17.52"
"BAJFINANCE","EQ","09-May-2023","6,657.95","6,650.00","6,739.85","6,542.00","6,558.15","6,552.25","6,627.92","21,30,770","14,12,25,69,759.50","1,51,095","6,48,840","30.45"
"BAJFINANCE","EQ","08-May-2023","6,389.85","6,394.45","6,695.10","6,388.00","6,651.00","6,657.95","6,614.84","22,24,735","14,71,62,64,149.50","2,11,071","9,02,981","40.59"
"BAJFINANCE","EQ","05-May-2023","6,390.25","6,379.95","6,448.00","6,331.65","6,390.00","6,389.85","6,399.71","11,60,040","7,42,39,24,552.35","86,126","3,77,029","32.50"
"BAJFINANCE","EQ","04-May-2023","6,180.25","6,197.00","6,399.00","6,182.15","6,379.00","6,390.25","6,319.37","12,45,141","7,86,85,05,348.85","97,400","4,98,526","40.04"
"BAJFINANCE","EQ","03-May-2023","6,249.15","6,238.05","6,255.00","6,155.95","6,175.00","6,180.25","6,184.43","6,68,251","4,13,27,51,157.85","65,535","2,47,356","37.02"
"BAJFINANCE","EQ","02-May-2023","6,280.10","6,330.00","6,334.65","6,224.80","6,238.05","6,249.15","6,272.76","9,91,254","6,21,79,02,963.25","88,230","3,71,753","37.50"
"BAJFINANCE","EQ","28-Apr-2023","6,200.05","6,243.90","6,296.00","6,111.00","6,263.05","6,280.10","6,210.93","14,89,668","9,25,22,20,385.30","1,30,353","6,37,570","42.80"
"BAJFINANCE","EQ","27-Apr-2023","6,055.95","6,075.00","6,254.45","6,066.00","6,200.00","6,200.05","6,193.58","28,27,136","17,51,00,91,279.65","2,22,661","9,57,182","33.86"
"BAJFINANCE","EQ","26-Apr-2023","6,075.25","6,100.00","6,119.80","6,013.30","6,057.00","6,055.95","6,056.60","9,74,007","5,89,91,69,970.90","80,157","3,89,063","39.94"
"BAJFINANCE","EQ","25-Apr-2023","5,933.75","5,959.90","6,092.70","5,928.70","6,075.00","6,075.25","6,051.67","14,94,475","9,04,40,64,437.90","1,27,808","4,31,425","28.87"
"BAJFINANCE","EQ","24-Apr-2023","5,937.90","5,940.00","5,964.70","5,877.00","5,929.00","5,933.75","5,916.03","5,44,892","3,22,35,97,117.40","51,205","1,90,025","34.87"
"BAJFINANCE","EQ","21-Apr-2023","5,912.70","5,913.00","5,945.00","5,828.00","5,938.00","5,937.90","5,905.11","6,43,101","3,79,75,79,302.35","55,012","2,27,419","35.36"
"BAJFINANCE","EQ","20-Apr-2023","5,947.75","5,960.00","5,965.95","5,886.15","5,908.80","5,912.70","5,916.81","4,36,731","2,58,40,52,393.55","43,839","1,75,210","40.12"
"BAJFINANCE","EQ","19-Apr-2023","5,915.65","5,915.65","5,960.00","5,880.00","5,940.00","5,947.75","5,927.79","5,54,928","3,28,94,97,635.05","65,600","2,46,781","44.47"
"BAJFINANCE","EQ","18-Apr-2023","5,961.45","5,975.00","5,994.00","5,870.25","5,915.00","5,915.65","5,928.35","6,40,889","3,79,94,11,692.15","54,178","1,58,451","24.72"
"BAJFINANCE","EQ","17-Apr-2023","5,904.45","5,998.00","5,998.00","5,900.00","5,967.00","5,961.45","5,933.21","6,72,857","3,99,22,03,410.30","63,729","2,89,565","43.04"
"BAJFINANCE","EQ","13-Apr-2023","5,856.95","5,856.95","5,937.00","5,850.40","5,901.50","5,904.45","5,893.17","8,33,006","4,90,90,44,887.55","81,309","3,42,054","41.06"
"BAJFINANCE","EQ","12-Apr-2023","5,837.75","5,837.00","5,876.75","5,786.00","5,875.00","5,856.95","5,828.34","10,23,069","5,96,27,95,490.35","1,25,985","5,12,236","50.07"
"BAJFINANCE","EQ","11-Apr-2023","5,828.80","5,858.00","5,880.00","5,811.15","5,839.90","5,837.75","5,839.86","8,11,620","4,73,97,47,408.05","93,795","3,20,567","39.50"
"BAJFINANCE","EQ","10-Apr-2023","5,932.20","5,944.95","5,969.90","5,811.00","5,830.00","5,828.80","5,852.86","9,28,257","5,43,29,55,738.30","1,02,592","3,20,993","34.58"
"BAJFINANCE","EQ","06-Apr-2023","5,761.30","5,761.00","5,959.00","5,705.55","5,951.00","5,932.20","5,876.93","17,40,502","10,22,88,03,407.80","1,83,579","5,64,077","32.41"
"BAJFINANCE","EQ","05-Apr-2023","5,715.05","5,832.00","5,947.05","5,743.15","5,759.90","5,761.30","5,840.53","24,33,329","14,21,19,33,054.60","2,19,855","7,64,908","31.43"
"BAJFINANCE","EQ","03-Apr-2023","5,616.75","5,655.00","5,734.00","5,632.20","5,714.00","5,715.05","5,674.13","7,45,386","4,22,94,14,141.10","63,630","3,20,554","43.01"
"BAJFINANCE","EQ","31-Mar-2023","5,625.20","5,694.00","5,694.00","5,586.20","5,615.00","5,616.75","5,619.46","12,67,828","7,12,45,05,922.50","1,20,094","7,23,876","57.10"
"BAJFINANCE","EQ","29-Mar-2023","5,534.45","5,562.15","5,646.00","5,555.00","5,642.00","5,625.20","5,606.84","11,09,612","6,22,14,22,408.85","1,18,237","5,12,372","46.18"
"BAJFINANCE","EQ","28-Mar-2023","5,593.05","5,621.05","5,624.40","5,522.70","5,544.00","5,534.45","5,566.12","9,48,136","5,27,74,43,103.25","1,02,272","4,58,644","48.37"
"BAJFINANCE","EQ","27-Mar-2023","5,649.25","5,698.00","5,725.00","5,584.55","5,596.40","5,593.05","5,631.42","11,18,743","6,30,01,12,522.10","98,226","5,49,893","49.15"
"BAJFINANCE","EQ","24-Mar-2023","5,833.05","5,803.90","5,829.75","5,627.20","5,645.00","5,649.25","5,710.06","12,78,042","7,29,76,94,601.55","1,02,742","5,11,552","40.03"
"BAJFINANCE","EQ","23-Mar-2023","5,834.20","5,809.50","5,900.00","5,772.50","5,830.00","5,833.05","5,848.18","10,54,419","6,16,64,34,257.30","1,18,553","4,40,906","41.82"
"BAJFINANCE","EQ","22-Mar-2023","5,710.10","5,749.80","5,857.00","5,735.00","5,827.00","5,834.20","5,821.33","12,42,534","7,23,31,95,724.80","1,08,315","4,54,118","36.55"
"BAJFINANCE","EQ","21-Mar-2023","5,550.80","5,601.80","5,715.00","5,586.15","5,711.00","5,710.10","5,670.84","11,30,114","6,40,86,92,013.90","95,715","3,96,242","35.06"
"BAJFINANCE","EQ","20-Mar-2023","5,732.35","5,739.00","5,740.45","5,485.70","5,562.00","5,550.80","5,571.69","17,12,756","9,54,29,53,618.55","1,71,816","8,86,615","51.77"
"BAJFINANCE","EQ","17-Mar-2023","5,715.10","5,740.05","5,816.75","5,688.10","5,745.00","5,732.35","5,742.52","10,47,151","6,01,32,84,962.00","1,15,134","4,17,367","39.86"
"BAJFINANCE","EQ","16-Mar-2023","5,718.75","5,729.70","5,755.00","5,665.00","5,728.50","5,715.10","5,712.36","8,84,963","5,05,52,28,725.40","94,905","3,79,574","42.89"
"BAJFINANCE","EQ","15-Mar-2023","5,731.55","5,800.00","5,820.00","5,701.00","5,718.00","5,718.75","5,771.10","6,79,473","3,92,13,08,801.60","69,009","2,36,256","34.77"
"BAJFINANCE","EQ","14-Mar-2023","5,833.55","5,840.00","5,850.00","5,716.15","5,739.00","5,731.55","5,753.38","13,72,565","7,89,68,91,823.30","1,26,854","7,34,389","53.50"
"BAJFINANCE","EQ","13-Mar-2023","5,874.15","5,869.00","5,947.50","5,811.00","5,854.25","5,833.55","5,878.14","7,93,356","4,66,34,56,041.05","81,035","3,22,603","40.66"
"BAJFINANCE","EQ","10-Mar-2023","5,901.30","5,865.00","5,887.40","5,781.00","5,869.00","5,874.15","5,844.20","7,70,861","4,50,50,67,169.25","1,00,000","3,05,855","39.68"
"BAJFINANCE","EQ","09-Mar-2023","5,996.85","6,000.00","6,040.00","5,890.10","5,900.95","5,901.30","5,956.63","9,40,858","5,60,43,42,929.80","97,119","4,21,694","44.82"
"BAJFINANCE","EQ","08-Mar-2023","6,134.85","6,129.00","6,129.00","5,985.00","6,000.00","5,996.85","6,022.60","13,42,795","8,08,71,19,496.95","1,45,738","7,26,016","54.07"
"BAJFINANCE","EQ","06-Mar-2023","6,100.05","6,140.00","6,183.00","6,120.05","6,137.50","6,134.85","6,142.21","6,08,477","3,73,73,91,482.10","57,120","2,52,807","41.55"
"BAJFINANCE","EQ","03-Mar-2023","6,083.00","6,121.80","6,141.00","6,073.00","6,094.00","6,100.05","6,105.36","7,12,037","4,34,72,41,488.45","87,122","3,14,788","44.21"
"BAJFINANCE","EQ","02-Mar-2023","6,154.85","6,165.20","6,209.60","6,070.05","6,080.00","6,083.00","6,107.78","5,82,298","3,55,65,47,870.90","58,424","2,39,214","41.08"
"BAJFINANCE","EQ","01-Mar-2023","6,112.10","6,100.10","6,203.95","6,100.10","6,156.00","6,154.85","6,170.10","5,44,804","3,36,14,95,570.35","65,368","2,15,308","39.52"
"BAJFINANCE","EQ","28-Feb-2023","6,194.50","6,220.00","6,246.60","6,090.00","6,112.00","6,112.10","6,142.23","9,77,852","6,00,61,88,968.45","77,828","5,20,605","53.24"
"BAJFINANCE","EQ","27-Feb-2023","6,236.25","6,215.00","6,241.00","6,135.00","6,208.00","6,194.50","6,176.69","5,95,004","3,67,51,52,772.45","65,486","2,56,170","43.05"
"BAJFINANCE","EQ","24-Feb-2023","6,202.35","6,253.75","6,286.00","6,200.00","6,225.00","6,236.25","6,240.22","6,07,761","3,79,25,63,151.75","53,401","2,16,866","35.68"
"BAJFINANCE","EQ","23-Feb-2023","6,198.65","6,214.00","6,262.45","6,122.65","6,205.00","6,202.35","6,202.81","8,09,768","5,02,28,33,089.20","76,223","2,92,473","36.12"
"BAJFINANCE","EQ","22-Feb-2023","6,379.25","6,331.00","6,360.00","6,185.00","6,192.00","6,198.65","6,229.70","9,34,700","5,82,28,98,451.60","81,671","4,20,555","44.99"
"BAJFINANCE","EQ","21-Feb-2023","6,367.40","6,395.00","6,408.25","6,352.00","6,380.00","6,379.25","6,379.32","4,48,509","2,86,11,80,772.00","40,797","1,85,142","41.28"
"BAJFINANCE","EQ","20-Feb-2023","6,416.70","6,425.00","6,443.55","6,343.00","6,356.00","6,367.40","6,393.44","4,65,732","2,97,76,31,019.75","47,814","1,37,066","29.43"
"BAJFINANCE","EQ","17-Feb-2023","6,437.30","6,410.00","6,475.80","6,367.50","6,430.40","6,416.70","6,417.76","6,16,044","3,95,36,23,105.10","57,530","2,25,489","36.60"
"BAJFINANCE","EQ","16-Feb-2023","6,489.95","6,505.00","6,524.75","6,420.00","6,420.00","6,437.30","6,460.13","5,29,048","3,41,77,16,934.05","54,078","2,16,101","40.85"
"BAJFINANCE","EQ","15-Feb-2023","6,458.70","6,450.00","6,496.00","6,397.30","6,482.05","6,489.95","6,465.93","6,18,979","4,00,22,73,800.55","52,821","2,77,637","44.85"
"BAJFINANCE","EQ","14-Feb-2023","6,345.50","6,353.80","6,472.35","6,310.00","6,454.00","6,458.70","6,424.42","10,34,090","6,64,34,23,949.05","98,288","4,98,120","48.17"
"BAJFINANCE","EQ","13-Feb-2023","6,435.50","6,434.95","6,473.15","6,297.05","6,344.00","6,345.50","6,358.19","7,36,557","4,68,31,71,141.20","82,444","2,84,853","38.67"
"BAJFINANCE","EQ","10-Feb-2023","6,455.00","6,453.95","6,527.60","6,420.00","6,441.00","6,435.50","6,473.96","12,91,282","8,35,97,06,208.95","1,11,203","6,30,400","48.82"
"BAJFINANCE","EQ","09-Feb-2023","6,351.65","6,374.90","6,487.80","6,335.25","6,462.00","6,455.00","6,439.66","18,38,154","11,83,70,88,257.65","1,36,086","9,35,521","50.89"
"BAJFINANCE","EQ","08-Feb-2023","6,160.55","6,165.00","6,377.00","6,162.80","6,335.20","6,351.65","6,287.28","19,03,208","11,96,60,09,906.25","1,55,955","9,90,336","52.04"
"BAJFINANCE","EQ","07-Feb-2023","6,104.20","6,122.95","6,182.00","6,100.00","6,154.00","6,160.55","6,151.91","14,72,193","9,05,68,05,146.10","1,05,102","8,26,932","56.17"
"BAJFINANCE","EQ","06-Feb-2023","6,014.25","6,000.00","6,124.00","5,955.60","6,108.00","6,104.20","6,050.64","10,73,820","6,49,73,02,469.50","1,13,526","3,85,557","35.91"
"BAJFINANCE","EQ","03-Feb-2023","5,717.65","5,770.00","6,030.00","5,747.05","6,000.00","6,014.25","5,901.96","14,86,892","8,77,55,71,812.20","1,36,120","6,84,457","46.03"
"BAJFINANCE","EQ","02-Feb-2023","5,817.20","5,819.00","5,819.00","5,645.00","5,711.60","5,717.65","5,694.81","20,25,044","11,53,22,49,964.20","1,42,325","8,88,121","43.86"
"BAJFINANCE","EQ","01-Feb-2023","5,886.40","5,944.00","5,980.40","5,708.90","5,835.00","5,817.20","5,884.86","26,34,866","15,50,58,14,594.55","1,46,285","11,17,463","42.41"
"BAJFINANCE","EQ","31-Jan-2023","6,021.80","6,050.00","6,050.00","5,874.00","5,884.00","5,886.40","5,906.65","19,96,788","11,79,43,32,742.40","1,61,636","12,69,568","63.58"
"BAJFINANCE","EQ","30-Jan-2023","5,760.70","5,770.05","6,066.20","5,770.05","6,023.00","6,021.80","5,987.09","24,48,160","14,65,73,51,662.80","2,44,652","9,22,903","37.70"
"BAJFINANCE","EQ","27-Jan-2023","5,795.90","5,815.00","5,861.55","5,680.00","5,770.05","5,760.70","5,765.37","16,21,352","9,34,76,95,519.85","1,50,263","8,61,617","53.14"
"BAJFINANCE","EQ","25-Jan-2023","5,855.05","5,850.05","5,855.05","5,777.00","5,803.00","5,795.90","5,810.24","8,27,837","4,80,99,34,249.30","74,984","4,11,050","49.65"
"BAJFINANCE","EQ","24-Jan-2023","5,863.00","5,892.35","5,921.00","5,842.65","5,858.00","5,855.05","5,871.81","6,08,145","3,57,09,09,278.50","77,552","2,56,895","42.24"
"BAJFINANCE","EQ","23-Jan-2023","5,860.40","5,881.00","5,935.00","5,841.00","5,864.95","5,863.00","5,886.80","8,56,064","5,03,94,78,100.95","71,999","4,76,370","55.65"
"BAJFINANCE","EQ","20-Jan-2023","6,012.45","6,012.50","6,019.75","5,837.20","5,846.00","5,860.40","5,916.00","8,33,090","4,92,85,58,798.00","96,164","3,90,050","46.82"
"BAJFINANCE","EQ","19-Jan-2023","5,998.65","5,983.00","6,029.65","5,960.65","6,005.50","6,012.45","6,002.98","5,48,142","3,29,04,83,150.35","66,663","1,91,744","34.98"
"BAJFINANCE","EQ","18-Jan-2023","5,984.95","6,003.95","6,049.00","5,985.00","5,994.00","5,998.65","6,011.73","7,96,281","4,78,70,23,464.10","81,458","3,82,803","48.07"
"BAJFINANCE","EQ","17-Jan-2023","6,010.90","6,019.95","6,019.95","5,940.00","5,985.00","5,984.95","5,971.13","8,17,005","4,87,84,44,987.80","97,505","3,71,742","45.50"
"BAJFINANCE","EQ","16-Jan-2023","5,977.80","6,000.00","6,072.20","5,974.55","6,010.00","6,010.90","6,025.70","9,08,339","5,47,33,73,946.45","87,381","2,83,140","31.17"
"BAJFINANCE","EQ","13-Jan-2023","5,898.40","5,920.00","5,985.00","5,872.00","5,977.00","5,977.80","5,932.89","11,08,490","6,57,65,52,470.60","93,132","5,56,339","50.19"
"BAJFINANCE","EQ","12-Jan-2023","5,895.75","5,906.55","5,964.90","5,857.00","5,901.00","5,898.40","5,897.29","14,76,949","8,70,99,89,579.65","1,47,040","7,75,580","52.51"
"BAJFINANCE","EQ","11-Jan-2023","5,904.15","5,930.00","5,949.00","5,865.55","5,907.00","5,895.75","5,900.04","11,08,891","6,54,24,96,274.40","1,05,235","5,17,989","46.71"
"BAJFINANCE","EQ","10-Jan-2023","5,993.35","5,999.00","6,015.00","5,875.00","5,902.00","5,904.15","5,921.99","11,20,375","6,63,48,51,436.70","1,21,981","4,63,499","41.37"
"BAJFINANCE","EQ","09-Jan-2023","5,980.40","6,020.00","6,078.00","5,955.00","5,982.90","5,993.35","6,017.96","14,00,548","8,42,84,42,383.75","1,55,286","5,84,720","41.75"
"BAJFINANCE","EQ","06-Jan-2023","6,100.05","6,130.00","6,139.95","5,941.60","5,984.00","5,980.40","6,017.36","29,31,922","17,64,24,42,150.30","2,67,972","10,53,817","35.94"
"BAJFINANCE","EQ","05-Jan-2023","6,571.00","6,490.00","6,490.00","6,025.05","6,096.00","6,100.05","6,136.53","51,02,300","31,31,04,12,193.90","5,78,552","19,09,084","37.42"
"BAJFINANCE","EQ","04-Jan-2023","6,606.25","6,595.00","6,638.00","6,550.00","6,562.00","6,571.00","6,587.50","6,71,253","4,42,18,75,810.25","69,213","2,17,994","32.48"
"BAJFINANCE","EQ","03-Jan-2023","6,553.75","6,565.00","6,660.00","6,530.00","6,602.05","6,606.25","6,611.29","7,42,081","4,90,61,13,865.25","75,142","1,75,089","23.59"
"BAJFINANCE","EQ","02-Jan-2023","6,575.20","6,565.00","6,610.00","6,484.75","6,560.00","6,553.75","6,545.62","5,79,340","3,79,21,40,039.50","60,052","1,05,116","18.14"
"BAJFINANCE","EQ","30-Dec-2022","6,510.90","6,550.00","6,719.90","6,515.00","6,577.00","6,575.20","6,634.90","15,20,266","10,08,68,10,491.50","1,26,767","5,61,595","36.94"
"BAJFINANCE","EQ","29-Dec-2022","6,476.10","6,440.00","6,520.50","6,402.40","6,511.00","6,510.90","6,452.85","5,21,880","3,36,76,15,029.45","49,070","1,46,306","28.03"
"BAJFINANCE","EQ","28-Dec-2022","6,504.70","6,475.00","6,570.00","6,464.05","6,469.00","6,476.10","6,514.78","7,55,934","4,92,47,41,661.80","80,800","3,67,401","48.60"
"BAJFINANCE","EQ","27-Dec-2022","6,433.70","6,466.00","6,530.00","6,430.00","6,505.00","6,504.70","6,481.84","7,81,035","5,06,25,40,584.90","75,243","3,60,133","46.11"
"BAJFINANCE","EQ","26-Dec-2022","6,374.60","6,374.65","6,469.90","6,300.00","6,422.00","6,433.70","6,410.31","5,30,535","3,40,08,91,885.90","59,844","1,52,535","28.75"
"BAJFINANCE","EQ","23-Dec-2022","6,490.65","6,450.00","6,466.00","6,340.05","6,369.95","6,374.60","6,384.02","9,94,303","6,34,76,49,039.65","1,11,829","4,41,842","44.44"
"BAJFINANCE","EQ","22-Dec-2022","6,526.70","6,570.00","6,575.00","6,407.00","6,480.00","6,490.65","6,481.06","8,49,706","5,50,69,99,424.00","87,741","2,99,038","35.19"
"BAJFINANCE","EQ","21-Dec-2022","6,642.85","6,693.90","6,693.90","6,505.00","6,528.30","6,526.70","6,586.41","6,22,390","4,09,93,17,815.35","62,384","1,85,289","29.77"
"BAJFINANCE","EQ","20-Dec-2022","6,687.00","6,660.00","6,698.85","6,585.00","6,641.00","6,642.85","6,634.40","6,07,716","4,03,18,33,348.05","66,716","2,21,550","36.46"
"BAJFINANCE","EQ","19-Dec-2022","6,596.90","6,600.10","6,705.00","6,597.00","6,692.00","6,687.00","6,669.64","6,59,559","4,39,90,24,004.90","59,942","2,10,091","31.85"
"BAJFINANCE","EQ","16-Dec-2022","6,625.40","6,590.00","6,695.30","6,560.00","6,603.75","6,596.90","6,618.59","8,80,233","5,82,58,97,547.25","71,007","2,71,980","30.90"
"BAJFINANCE","EQ","15-Dec-2022","6,655.20","6,632.00","6,714.00","6,604.00","6,610.00","6,625.40","6,663.51","8,57,706","5,71,53,28,963.70","75,641","3,32,990","38.82"
"BAJFINANCE","EQ","14-Dec-2022","6,620.10","6,658.00","6,688.55","6,626.60","6,642.00","6,655.20","6,658.17","6,78,283","4,51,61,23,562.85","53,483","2,40,870","35.51"
"BAJFINANCE","EQ","13-Dec-2022","6,506.50","6,507.00","6,648.00","6,507.00","6,640.00","6,620.10","6,597.16","9,58,636","6,32,42,78,746.15","82,711","2,84,823","29.71"
"BAJFINANCE","EQ","12-Dec-2022","6,517.45","6,508.10","6,539.00","6,392.00","6,504.50","6,506.50","6,474.24","11,00,048","7,12,19,78,161.75","97,958","4,98,792","45.34"
"BAJFINANCE","EQ","09-Dec-2022","6,581.95","6,602.50","6,618.00","6,490.00","6,515.00","6,517.45","6,543.77","11,31,292","7,40,29,09,659.70","1,26,258","5,86,369","51.83"
"BAJFINANCE","EQ","08-Dec-2022","6,625.20","6,680.00","6,680.00","6,560.00","6,584.00","6,581.95","6,594.05","11,37,784","7,50,26,00,463.00","1,19,652","6,45,530","56.74"
"BAJFINANCE","EQ","07-Dec-2022","6,698.55","6,724.95","6,724.95","6,601.00","6,626.20","6,625.20","6,643.20","9,61,027","6,38,42,98,331.55","1,31,763","4,61,596","48.03"
"BAJFINANCE","EQ","06-Dec-2022","6,660.45","6,674.40","6,735.00","6,632.00","6,692.00","6,698.55","6,696.79","8,40,980","5,63,18,64,353.75","96,565","3,90,602","46.45"
"BAJFINANCE","EQ","05-Dec-2022","6,675.75","6,674.55","6,699.00","6,632.00","6,661.00","6,660.45","6,664.69","10,29,250","6,85,96,31,163.55","1,25,387","6,75,021","65.58"
"BAJFINANCE","EQ","02-Dec-2022","6,747.75","6,730.20","6,741.95","6,647.00","6,672.00","6,675.75","6,677.14","14,38,602","9,60,57,48,801.10","1,24,812","8,96,441","62.31"
"BAJFINANCE","EQ","01-Dec-2022","6,720.95","6,754.60","6,770.00","6,707.00","6,748.00","6,747.75","6,741.47","9,81,616","6,61,75,39,453.45","78,473","5,49,531","55.98"
"BAJFINANCE","EQ","30-Nov-2022","6,734.15","6,735.00","6,754.20","6,678.00","6,747.00","6,720.95","6,717.52","14,82,831","9,96,09,53,558.45","91,512","9,26,775","62.50"
"BAJFINANCE","EQ","29-Nov-2022","6,777.45","6,775.00","6,808.90","6,721.00","6,729.20","6,734.15","6,759.86","6,81,860","4,60,92,76,840.20","75,473","3,72,862","54.68"
"BAJFINANCE","EQ","28-Nov-2022","6,747.50","6,729.00","6,832.80","6,728.55","6,775.00","6,777.45","6,790.44","6,04,054","4,10,17,90,655.45","57,204","2,24,387","37.15"
"BAJFINANCE","EQ","25-Nov-2022","6,771.35","6,770.00","6,778.00","6,675.00","6,735.00","6,747.50","6,725.68","8,59,058","5,77,77,49,897.40","73,917","3,23,178","37.62"
"BAJFINANCE","EQ","24-Nov-2022","6,780.05","6,813.95","6,839.85","6,737.30","6,784.00","6,771.35","6,783.34","7,54,611","5,11,87,83,058.40","69,545","2,55,937","33.92"
"BAJFINANCE","EQ","23-Nov-2022","6,685.05","6,718.50","6,805.00","6,690.00","6,775.00","6,780.05","6,764.98","8,93,667","6,04,56,39,035.75","82,032","3,87,179","43.32"
"BAJFINANCE","EQ","22-Nov-2022","6,679.10","6,680.25","6,727.75","6,660.30","6,696.00","6,685.05","6,696.29","9,58,769","6,42,01,98,903.60","91,350","5,01,618","52.32"
"BAJFINANCE","EQ","21-Nov-2022","6,791.50","6,747.00","6,747.00","6,610.35","6,673.00","6,679.10","6,673.17","10,71,748","7,15,19,59,118.80","1,13,633","3,24,705","30.30"
"BAJFINANCE","EQ","18-Nov-2022","6,895.05","6,909.90","6,928.00","6,750.00","6,785.00","6,791.50","6,815.91","13,27,689","9,04,94,14,101.65","1,17,481","5,93,393","44.69"
"BAJFINANCE","EQ","17-Nov-2022","6,895.05","6,870.00","6,950.00","6,832.00","6,890.00","6,895.05","6,906.81","7,33,944","5,06,92,14,889.05","75,732","2,27,267","30.97"
"BAJFINANCE","EQ","16-Nov-2022","7,025.75","7,011.00","7,034.85","6,852.60","6,875.00","6,895.05","6,929.20","13,36,204","9,25,88,27,401.80","1,27,141","5,65,632","42.33"
"BAJFINANCE","EQ","15-Nov-2022","7,025.80","7,035.15","7,062.40","6,981.00","7,029.00","7,025.75","7,015.91","7,19,521","5,04,80,91,994.60","49,071","4,29,024","59.63"
"BAJFINANCE","BL","14-Nov-2022","7,156.20","7,051.45","7,051.45","7,051.45","7,051.45","7,051.45","7,051.45","3,75,030","2,64,45,05,293.50","1","-","-"
"BAJFINANCE","EQ","14-Nov-2022","7,051.45","7,054.90","7,107.00","7,001.05","7,027.00","7,025.80","7,035.26","8,55,060","6,01,55,67,359.50","59,853","4,31,076","50.41"
"BAJFINANCE","EQ","11-Nov-2022","6,975.10","7,149.00","7,157.85","6,995.00","7,050.00","7,051.45","7,083.05","12,33,342","8,73,58,18,502.15","96,719","6,15,019","49.87"
"BAJFINANCE","EQ","10-Nov-2022","7,144.00","7,158.00","7,165.00","6,964.55","6,989.75","6,975.10","7,023.29","10,08,182","7,08,07,57,525.35","86,719","5,73,758","56.91"
"BAJFINANCE","EQ","09-Nov-2022","7,190.05","7,235.00","7,235.00","7,114.65","7,138.50","7,144.00","7,159.12","6,89,634","4,93,71,69,420.15","61,294","3,20,646","46.50"
"BAJFINANCE","EQ","07-Nov-2022","7,212.00","7,248.10","7,250.65","7,111.00","7,188.00","7,190.05","7,176.63","7,22,494","5,18,50,70,268.25","62,995","2,61,293","36.17"
"BAJFINANCE","EQ","04-Nov-2022","7,121.60","7,121.60","7,224.90","7,121.60","7,212.00","7,212.00","7,184.36","9,21,925","6,62,34,43,070.95","71,236","4,11,105","44.59"
"BAJFINANCE","BL","03-Nov-2022","7,206.50","7,156.20","7,156.20","7,156.20","7,156.20","7,156.20","7,156.20","3,75,031","2,68,37,96,842.20","1","-","-"
"BAJFINANCE","EQ","03-Nov-2022","7,156.20","7,105.00","7,195.00","7,092.10","7,121.50","7,121.60","7,136.19","6,32,313","4,51,23,08,715.05","55,304","2,50,866","39.67"
"BAJFINANCE","EQ","02-Nov-2022","7,209.50","7,207.00","7,240.00","7,140.05","7,150.00","7,156.20","7,177.31","5,85,914","4,20,52,85,798.70","49,634","2,23,067","38.07"
"BAJFINANCE","EQ","01-Nov-2022","7,144.10","7,196.95","7,236.00","7,160.00","7,205.00","7,209.50","7,198.27","7,62,742","5,49,04,26,320.55","69,213","3,32,827","43.64"
"BAJFINANCE","EQ","31-Oct-2022","7,006.85","7,094.00","7,149.60","7,046.00","7,146.00","7,144.10","7,112.33","8,18,986","5,82,49,01,861.90","71,684","3,67,760","44.90"
"BAJFINANCE","EQ","28-Oct-2022","6,971.10","7,000.00","7,090.00","6,980.00","7,004.00","7,006.85","7,025.16","8,39,669","5,89,88,09,042.85","90,152","2,93,114","34.91"
"BAJFINANCE","EQ","27-Oct-2022","7,102.90","7,186.00","7,210.00","6,931.00","6,985.00","6,971.10","7,008.89","16,41,458","11,50,47,95,343.25","1,84,244","7,97,530","48.59"
"BAJFINANCE","EQ","25-Oct-2022","7,206.50","7,242.55","7,242.55","7,090.00","7,095.00","7,102.90","7,134.76","9,09,899","6,49,19,13,718.75","94,104","3,56,276","39.16"
"BAJFINANCE","BL","25-Oct-2022","7,335.75","7,206.50","7,206.50","7,206.50","7,206.50","7,206.50","7,206.50","2,01,766","1,45,40,26,679.00","1","-","-"
"BAJFINANCE","EQ","24-Oct-2022","7,192.75","7,310.00","7,310.00","7,190.00","7,217.60","7,206.50","7,227.50","2,27,884","1,64,70,32,024.10","25,612","82,701","36.29"
"BAJFINANCE","EQ","21-Oct-2022","7,432.40","7,490.00","7,490.00","7,153.05","7,180.00","7,192.75","7,286.42","23,86,960","17,39,24,04,724.80","1,89,423","8,53,234","35.75"
"BAJFINANCE","EQ","20-Oct-2022","7,380.40","7,369.95","7,449.00","7,261.00","7,404.00","7,432.40","7,362.85","10,26,054","7,55,46,80,622.30","96,088","3,26,984","31.87"
"BAJFINANCE","EQ","19-Oct-2022","7,390.40","7,417.00","7,440.00","7,350.00","7,394.00","7,380.40","7,385.47","6,27,177","4,63,19,95,645.00","56,314","2,41,006","38.43"
"BAJFINANCE","EQ","18-Oct-2022","7,355.20","7,400.00","7,430.00","7,321.00","7,389.00","7,390.40","7,379.10","9,06,975","6,69,26,62,348.70","66,359","3,77,916","41.67"
"BAJFINANCE","EQ","17-Oct-2022","7,272.50","7,254.95","7,372.30","7,217.00","7,363.95","7,355.20","7,317.92","6,17,401","4,51,80,93,821.50","55,690","2,07,964","33.68"
"BAJFINANCE","EQ","14-Oct-2022","7,151.65","7,300.00","7,345.00","7,221.00","7,275.90","7,272.50","7,273.99","8,39,012","6,10,29,68,038.25","76,438","2,67,321","31.86"
"BAJFINANCE","EQ","13-Oct-2022","7,226.20","7,220.50","7,226.00","7,114.70","7,150.50","7,151.65","7,158.77","6,08,655","4,35,72,21,205.35","61,668","1,57,860","25.94"
"BAJFINANCE","EQ","12-Oct-2022","7,202.80","7,205.00","7,258.50","7,145.00","7,226.00","7,226.20","7,207.12","7,40,731","5,33,85,38,013.25","68,913","2,21,445","29.90"
"BAJFINANCE","EQ","11-Oct-2022","7,293.40","7,307.00","7,352.50","7,172.60","7,180.95","7,202.80","7,277.27","7,32,206","5,32,84,58,637.10","74,513","2,39,519","32.71"
"BAJFINANCE","EQ","10-Oct-2022","7,345.15","7,265.00","7,338.00","7,221.00","7,295.00","7,293.40","7,278.22","6,53,113","4,75,35,01,691.95","63,773","1,39,108","21.30"
"BAJFINANCE","EQ","07-Oct-2022","7,404.15","7,385.45","7,407.75","7,272.25","7,344.00","7,345.15","7,341.49","9,91,196","7,27,68,54,732.85","1,19,517","3,69,481","37.28"
"BAJFINANCE","EQ","06-Oct-2022","7,488.70","7,550.00","7,599.00","7,346.90","7,405.00","7,404.15","7,412.05","15,10,060","11,19,26,37,244.80","1,38,158","5,61,253","37.17"
"BAJFINANCE","EQ","04-Oct-2022","7,171.80","7,335.00","7,505.00","7,306.35","7,480.00","7,488.70","7,416.97","11,91,495","8,83,72,83,517.10","1,19,646","3,63,703","30.52"
"BAJFINANCE","BL","03-Oct-2022","7,304.70","7,335.75","7,335.75","7,335.75","7,335.75","7,335.75","7,335.75","3,10,232","2,27,57,84,394.00","1","-","-"
"BAJFINANCE","EQ","03-Oct-2022","7,335.75","7,337.00","7,398.00","7,144.60","7,162.00","7,171.80","7,273.95","8,20,198","5,96,60,78,150.15","80,769","1,89,566","23.11"
"BAJFINANCE","EQ","30-Sep-2022","7,104.75","7,081.00","7,362.00","7,026.80","7,340.10","7,335.75","7,223.04","16,18,665","11,69,16,88,135.95","1,33,436","5,18,311","32.02"
"BAJFINANCE","EQ","29-Sep-2022","7,202.50","7,312.50","7,316.90","7,088.05","7,115.00","7,104.75","7,179.11","9,69,632","6,96,10,90,693.45","92,294","3,58,497","36.97"
"BAJFINANCE","EQ","28-Sep-2022","7,242.85","7,179.00","7,297.50","7,160.10","7,165.35","7,202.50","7,233.44","8,69,069","6,28,63,59,303.30","83,904","2,22,555","25.61"
"BAJFINANCE","EQ","27-Sep-2022","7,259.50","7,325.00","7,379.95","7,210.05","7,260.25","7,242.85","7,283.88","11,42,829","8,32,42,29,507.50","1,01,204","2,54,865","22.30"
"BAJFINANCE","EQ","26-Sep-2022","7,507.15","7,437.00","7,460.00","7,129.00","7,260.00","7,259.50","7,318.10","18,75,205","13,72,29,34,568.00","1,58,816","7,72,323","41.19"
"BAJFINANCE","EQ","23-Sep-2022","7,719.55","7,714.80","7,731.50","7,475.00","7,510.00","7,507.15","7,561.35","14,12,331","10,67,91,36,020.40","1,24,486","5,68,263","40.24"
"BAJFINANCE","EQ","22-Sep-2022","7,690.65","7,670.00","7,778.00","7,600.00","7,727.10","7,719.55","7,693.92","12,81,039","9,85,62,14,874.00","1,43,089","3,95,416","30.87"
"BAJFINANCE","EQ","21-Sep-2022","7,635.40","7,640.00","7,735.00","7,586.05","7,695.00","7,690.65","7,661.50","12,39,262","9,49,46,01,792.45","1,36,781","4,04,919","32.67"
"BAJFINANCE","EQ","20-Sep-2022","7,496.10","7,569.95","7,715.00","7,565.00","7,625.90","7,635.40","7,655.02","16,13,450","12,35,09,86,033.85","1,67,711","5,05,757","31.35"
"BAJFINANCE","EQ","19-Sep-2022","7,274.10","7,275.00","7,524.45","7,190.95","7,502.50","7,496.10","7,443.20","16,48,117","12,26,72,72,451.20","1,30,269","6,58,214","39.94"
"BAJFINANCE","EQ","16-Sep-2022","7,386.30","7,385.00","7,480.15","7,194.35","7,289.00","7,274.10","7,334.86","11,87,036","8,70,67,37,673.50","93,084","4,24,149","35.73"
"BAJFINANCE","EQ","15-Sep-2022","7,483.45","7,489.95","7,532.85","7,369.70","7,382.00","7,386.30","7,428.39","7,17,420","5,32,92,74,222.00","65,481","3,05,077","42.52"
"BAJFINANCE","EQ","14-Sep-2022","7,403.45","7,272.15","7,560.00","7,272.15","7,473.00","7,483.45","7,447.82","14,93,388","11,12,24,79,804.55","1,14,898","6,07,479","40.68"
"BAJFINANCE","EQ","13-Sep-2022","7,286.90","7,330.00","7,444.00","7,312.40","7,390.10","7,403.45","7,389.57","13,82,700","10,21,75,54,144.70","1,03,121","4,41,809","31.95"
"BAJFINANCE","EQ","12-Sep-2022","7,180.90","7,216.85","7,319.90","7,187.85","7,285.00","7,286.90","7,279.89","8,34,716","6,07,66,43,019.20","76,611","3,90,362","46.77"
"BAJFINANCE","EQ","09-Sep-2022","7,257.65","7,300.00","7,324.00","7,165.00","7,185.00","7,180.90","7,232.37","6,49,607","4,69,82,00,768.35","56,589","2,35,193","36.21"
"BAJFINANCE","EQ","08-Sep-2022","7,166.50","7,220.00","7,279.45","7,175.00","7,264.00","7,257.65","7,226.34","7,72,251","5,58,05,50,173.50","66,843","3,16,143","40.94"
"BAJFINANCE","EQ","07-Sep-2022","7,119.35","7,078.00","7,207.95","7,070.00","7,172.00","7,166.50","7,147.43","7,91,994","5,66,07,24,461.35","65,522","2,54,979","32.19"
"BAJFINANCE","EQ","06-Sep-2022","7,196.20","7,228.75","7,255.00","7,105.00","7,118.00","7,119.35","7,153.77","7,91,905","5,66,51,09,441.25","65,485","2,94,976","37.25"
"BAJFINANCE","EQ","05-Sep-2022","7,190.35","7,190.70","7,254.00","7,158.00","7,188.00","7,196.20","7,202.03","7,07,025","5,09,20,18,457.30","54,088","2,72,168","38.49"
"BAJFINANCE","EQ","02-Sep-2022","7,181.30","7,217.10","7,313.00","7,173.45","7,188.00","7,190.35","7,231.96","9,06,370","6,55,48,32,992.35","74,251","1,80,595","19.93"
"BAJFINANCE","EQ","01-Sep-2022","7,306.25","7,228.60","7,333.85","7,142.00","7,189.85","7,181.30","7,233.38","14,62,579","10,57,93,95,614.90","1,39,227","5,27,233","36.05"
"BAJFINANCE","EQ","30-Aug-2022","6,964.35","7,000.00","7,335.00","7,000.00","7,312.00","7,306.25","7,229.67","17,31,381","12,51,73,09,179.65","1,33,235","9,21,161","53.20"
"BAJFINANCE","EQ","29-Aug-2022","7,062.10","6,881.00","7,015.50","6,861.35","6,992.00","6,964.35","6,954.32","9,96,735","6,93,16,15,574.20","1,12,404","4,12,553","41.39"
"BAJFINANCE","EQ","26-Aug-2022","7,047.15","7,120.00","7,141.50","7,025.70","7,074.00","7,062.10","7,081.91","7,59,139","5,37,61,51,360.20","67,581","2,78,957","36.75"
"BAJFINANCE","EQ","25-Aug-2022","7,176.90","7,212.80","7,239.00","7,025.10","7,045.00","7,047.15","7,141.02","13,54,296","9,67,10,60,204.95","86,554","6,63,093","48.96"
"BAJFINANCE","EQ","24-Aug-2022","7,207.70","7,165.00","7,236.40","7,140.00","7,175.00","7,176.90","7,176.92","9,53,096","6,84,02,90,755.15","72,834","4,47,388","46.94"
"BAJFINANCE","EQ","23-Aug-2022","7,102.20","7,085.00","7,250.00","7,050.00","7,230.60","7,207.70","7,188.03","10,88,603","7,82,49,10,215.60","96,560","3,05,003","28.02"
"BAJFINANCE","EQ","22-Aug-2022","7,301.70","7,261.00","7,279.80","7,088.85","7,103.00","7,102.20","7,160.58","10,60,862","7,59,63,86,660.45","1,07,087","4,40,896","41.56"
"BAJFINANCE","EQ","19-Aug-2022","7,488.25","7,510.00","7,538.70","7,271.00","7,298.00","7,301.70","7,365.35","11,00,427","8,10,50,30,849.85","1,02,547","3,46,594","31.50"
"BAJFINANCE","EQ","18-Aug-2022","7,527.10","7,490.00","7,588.80","7,452.40","7,501.00","7,488.25","7,498.05","8,35,354","6,26,35,25,000.25","76,399","2,45,093","29.34"
"BAJFINANCE","EQ","17-Aug-2022","7,286.10","7,300.00","7,638.00","7,296.00","7,510.00","7,527.10","7,525.35","23,44,414","17,64,25,39,391.55","1,63,683","7,58,886","32.37"
"BAJFINANCE","EQ","16-Aug-2022","7,309.40","7,339.00","7,384.00","7,272.10","7,286.00","7,286.10","7,324.76","8,04,464","5,89,25,07,973.40","58,968","3,48,204","43.28"
"BAJFINANCE","EQ","12-Aug-2022","7,318.95","7,302.00","7,343.00","7,272.05","7,302.65","7,309.40","7,309.38","10,36,941","7,57,93,92,075.85","76,473","5,98,663","57.73"
"BAJFINANCE","EQ","11-Aug-2022","7,149.40","7,244.00","7,325.00","7,217.35","7,312.65","7,318.95","7,278.60","10,27,051","7,47,54,94,699.70","91,224","4,30,655","41.93"
"BAJFINANCE","EQ","10-Aug-2022","7,342.20","7,369.00","7,369.00","7,105.00","7,151.60","7,149.40","7,191.73","19,06,523","13,71,11,99,421.80","1,40,821","8,63,887","45.31"
"BAJFINANCE","EQ","08-Aug-2022","7,304.70","7,300.00","7,398.00","7,264.00","7,346.30","7,342.20","7,351.87","9,57,482","7,03,92,81,613.55","84,617","3,22,798","33.71"
"BAJFINANCE","BL","08-Aug-2022","6,258.25","7,304.70","7,304.70","7,304.70","7,304.70","7,304.70","7,304.70","3,62,504","2,64,79,82,968.80","1","-","-"
"BAJFINANCE","EQ","05-Aug-2022","7,316.65","7,339.95","7,367.95","7,276.05","7,300.00","7,304.70","7,327.46","7,58,078","5,55,47,88,269.20","78,752","2,22,556","29.36"
"BAJFINANCE","EQ","04-Aug-2022","7,296.35","7,338.95","7,385.00","7,205.00","7,300.00","7,316.65","7,310.09","9,49,481","6,94,07,89,363.40","1,03,074","2,58,712","27.25"
"BAJFINANCE","EQ","03-Aug-2022","7,341.90","7,326.00","7,376.40","7,218.00","7,302.40","7,296.35","7,278.60","12,18,621","8,86,98,50,444.10","99,329","4,87,558","40.01"
"BAJFINANCE","EQ","02-Aug-2022","7,261.00","7,201.45","7,356.00","7,182.20","7,322.05","7,341.90","7,283.29","12,49,124","9,09,77,29,779.80","1,06,663","3,13,664","25.11"
"BAJFINANCE","EQ","01-Aug-2022","7,209.10","7,251.05","7,310.00","7,192.00","7,252.30","7,261.00","7,258.29","12,27,077","8,90,64,83,568.50","1,37,120","4,14,978","33.82"
"BAJFINANCE","EQ","29-Jul-2022","7,076.60","7,175.00","7,260.00","7,125.00","7,206.00","7,209.10","7,198.13","26,06,762","18,76,38,10,970.70","2,14,686","7,22,850","27.73"
"BAJFINANCE","EQ","28-Jul-2022","6,396.35","6,522.00","7,109.95","6,522.00","7,065.50","7,076.60","6,935.89","64,85,782","44,98,46,95,550.55","6,10,817","17,59,954","27.14"
"BAJFINANCE","EQ","27-Jul-2022","6,264.45","6,279.00","6,429.40","6,195.00","6,408.00","6,396.35","6,325.29","14,44,989","9,13,99,80,063.40","1,06,040","3,85,634","26.69"
"BAJFINANCE","EQ","26-Jul-2022","6,227.00","6,300.00","6,383.70","6,212.50","6,260.00","6,264.45","6,300.23","15,30,406","9,64,19,17,291.20","1,12,900","2,82,852","18.48"
"BAJFINANCE","EQ","25-Jul-2022","6,258.25","6,240.00","6,334.00","6,185.00","6,221.00","6,227.00","6,239.47","7,24,023","4,51,75,19,437.20","60,527","1,72,067","23.77"
"BAJFINANCE","BL","25-Jul-2022","7,522.75","6,258.25","6,258.25","6,258.25","6,258.25","6,258.25","6,258.25","3,62,503","2,26,86,34,399.75","1","-","-"
"BAJFINANCE","EQ","22-Jul-2022","6,266.90","6,271.00","6,325.00","6,217.70","6,260.10","6,258.25","6,262.70","9,53,295","5,97,01,97,340.10","80,882","2,66,709","27.98"
"BAJFINANCE","EQ","21-Jul-2022","6,074.40","6,079.00","6,283.15","6,036.00","6,274.00","6,266.90","6,176.72","13,25,493","8,18,72,00,787.05","1,08,352","4,43,141","33.43"
"BAJFINANCE","EQ","20-Jul-2022","6,065.95","6,149.00","6,149.60","6,042.05","6,045.20","6,074.40","6,099.55","8,27,092","5,04,48,90,549.85","70,265","3,23,186","39.07"
"BAJFINANCE","EQ","19-Jul-2022","6,059.80","6,040.00","6,098.15","6,002.05","6,051.35","6,065.95","6,055.69","9,78,560","5,92,58,54,728.70","75,479","2,74,745","28.08"
"BAJFINANCE","EQ","18-Jul-2022","5,915.20","5,969.90","6,068.10","5,931.35","6,047.10","6,059.80","6,009.67","9,66,432","5,80,79,34,293.90","84,445","2,82,653","29.25"
"BAJFINANCE","EQ","15-Jul-2022","5,830.85","5,855.00","5,928.25","5,812.85","5,917.00","5,915.20","5,869.04","5,69,859","3,34,45,23,865.55","41,951","1,34,082","23.53"
"BAJFINANCE","EQ","14-Jul-2022","5,878.90","5,925.00","5,926.95","5,794.70","5,835.00","5,830.85","5,861.05","6,92,920","4,06,12,36,532.75","58,751","1,91,368","27.62"
"BAJFINANCE","EQ","13-Jul-2022","5,873.55","5,929.95","5,979.00","5,866.60","5,872.00","5,878.90","5,915.10","8,86,934","5,24,63,00,714.00","75,946","2,24,133","25.27"
"BAJFINANCE","EQ","12-Jul-2022","5,861.50","5,849.80","5,959.55","5,784.00","5,869.00","5,873.55","5,866.31","9,75,446","5,72,22,66,467.20","71,545","1,64,373","16.85"
"BAJFINANCE","EQ","11-Jul-2022","5,873.20","5,850.00","5,903.95","5,813.80","5,869.00","5,861.50","5,860.37","7,61,337","4,46,17,17,350.10","59,218","2,42,795","31.89"
"BAJFINANCE","EQ","08-Jul-2022","5,860.70","5,928.00","5,928.00","5,801.00","5,865.00","5,873.20","5,843.89","8,03,282","4,69,42,92,343.45","75,309","2,12,101","26.40"
"BAJFINANCE","EQ","07-Jul-2022","5,916.70","5,935.00","5,986.90","5,816.00","5,865.00","5,860.70","5,883.77","13,35,247","7,85,62,91,768.90","96,233","4,62,272","34.62"
"BAJFINANCE","EQ","06-Jul-2022","5,661.10","5,680.00","5,938.85","5,645.90","5,930.00","5,916.70","5,852.59","22,22,952","13,01,00,19,085.75","1,88,386","6,39,847","28.78"
"BAJFINANCE","EQ","05-Jul-2022","5,630.30","5,660.00","5,755.00","5,626.45","5,655.00","5,661.10","5,701.46","12,28,453","7,00,39,77,444.70","1,16,485","3,44,274","28.03"
"BAJFINANCE","EQ","04-Jul-2022","5,614.40","5,612.90","5,648.95","5,541.00","5,628.00","5,630.30","5,602.25","7,89,818","4,42,47,61,369.25","78,630","2,05,550","26.02"
"BAJFINANCE","EQ","01-Jul-2022","5,400.50","5,364.00","5,633.95","5,335.05","5,617.95","5,614.40","5,497.79","12,21,890","6,71,76,98,866.70","1,00,742","2,13,283","17.46"
"BAJFINANCE","EQ","30-Jun-2022","5,512.80","5,512.80","5,535.20","5,377.00","5,392.00","5,400.50","5,444.18","11,98,275","6,52,36,23,314.90","1,12,582","4,02,145","33.56"
"BAJFINANCE","EQ","29-Jun-2022","5,576.25","5,485.00","5,554.00","5,460.00","5,508.00","5,512.80","5,512.80","7,55,982","4,16,75,75,849.90","71,749","1,85,307","24.51"
"BAJFINANCE","EQ","28-Jun-2022","5,641.20","5,607.00","5,619.00","5,525.00","5,564.70","5,576.25","5,565.68","7,39,500","4,11,58,19,537.70","70,589","2,23,496","30.22"
"BAJFINANCE","EQ","27-Jun-2022","5,587.75","5,700.00","5,725.00","5,587.75","5,624.20","5,641.20","5,661.28","10,49,008","5,93,87,30,079.40","91,591","3,52,190","33.57"
"BAJFINANCE","EQ","24-Jun-2022","5,448.15","5,510.00","5,616.65","5,455.00","5,581.00","5,587.75","5,545.73","13,04,933","7,23,68,11,635.50","1,00,598","3,86,635","29.63"
"BAJFINANCE","EQ","23-Jun-2022","5,439.60","5,445.60","5,495.00","5,343.00","5,452.00","5,448.15","5,436.16","11,01,857","5,98,98,70,466.20","99,181","2,93,854","26.67"
"BAJFINANCE","EQ","22-Jun-2022","5,549.15","5,531.50","5,531.50","5,405.00","5,438.00","5,439.60","5,443.23","8,98,346","4,88,99,04,951.70","72,120","2,32,406","25.87"
"BAJFINANCE","EQ","21-Jun-2022","5,470.45","5,525.00","5,564.00","5,455.00","5,544.00","5,549.15","5,517.63","10,02,359","5,53,06,47,341.45","85,949","2,33,987","23.34"
"BAJFINANCE","EQ","20-Jun-2022","5,419.55","5,428.00","5,510.00","5,352.00","5,473.00","5,470.45","5,444.69","11,19,456","6,09,50,90,137.25","89,490","1,96,128","17.52"
"BAJFINANCE","EQ","17-Jun-2022","5,283.90","5,220.00","5,475.00","5,220.00","5,428.00","5,419.55","5,361.43","19,37,939","10,39,01,14,666.65","1,64,529","5,71,628","29.50"
"BAJFINANCE","EQ","16-Jun-2022","5,484.95","5,565.00","5,614.95","5,254.85","5,286.00","5,283.90","5,405.43","21,79,686","11,78,21,48,589.90","1,83,588","6,71,304","30.80"
"BAJFINANCE","EQ","15-Jun-2022","5,375.75","5,418.00","5,499.90","5,396.15","5,495.00","5,484.95","5,454.95","16,59,943","9,05,49,02,774.85","1,12,647","5,93,034","35.73"
"BAJFINANCE","EQ","14-Jun-2022","5,358.25","5,347.00","5,461.00","5,284.20","5,383.75","5,375.75","5,383.08","18,84,541","10,14,46,35,851.25","1,55,584","6,32,395","33.56"
"BAJFINANCE","EQ","13-Jun-2022","5,667.50","5,525.05","5,554.00","5,325.00","5,372.00","5,358.25","5,392.02","19,32,785","10,42,16,15,072.65","2,18,776","7,85,741","40.65"
"BAJFINANCE","EQ","10-Jun-2022","5,898.55","5,825.00","5,835.00","5,652.40","5,658.00","5,667.50","5,701.42","21,51,891","12,26,88,31,655.00","1,79,356","10,14,659","47.15"
"BAJFINANCE","EQ","09-Jun-2022","5,954.30","5,905.00","5,931.60","5,855.00","5,902.00","5,898.55","5,892.14","12,37,674","7,29,25,49,120.05","77,783","5,73,432","46.33"
"BAJFINANCE","EQ","08-Jun-2022","5,878.60","5,900.00","6,054.00","5,802.25","5,940.00","5,954.30","5,936.84","13,34,146","7,92,06,15,918.80","92,796","2,69,068","20.17"
"BAJFINANCE","EQ","07-Jun-2022","6,021.00","5,980.00","5,989.95","5,833.65","5,870.00","5,878.60","5,894.20","8,96,982","5,28,69,91,192.95","83,899","3,02,142","33.68"
"BAJFINANCE","EQ","06-Jun-2022","6,028.20","6,008.20","6,050.00","5,911.00","6,019.00","6,021.00","5,987.51","7,37,657","4,41,67,30,905.65","55,928","1,98,509","26.91"
"BAJFINANCE","EQ","03-Jun-2022","6,057.85","6,125.00","6,168.00","6,014.00","6,020.40","6,028.20","6,106.62","10,43,465","6,37,20,48,240.20","70,606","2,93,699","28.15"
"BAJFINANCE","EQ","02-Jun-2022","6,010.15","6,007.00","6,080.00","5,949.20","6,077.70","6,057.85","6,021.94","7,50,809","4,52,13,25,916.10","64,114","1,30,782","17.42"
"BAJFINANCE","EQ","01-Jun-2022","6,082.15","6,060.00","6,130.00","5,977.25","6,015.40","6,010.15","6,034.85","8,87,620","5,35,66,56,857.40","77,572","3,04,404","34.29"
"BAJFINANCE","EQ","31-May-2022","6,111.20","6,110.00","6,169.20","6,016.45","6,066.00","6,082.15","6,104.76","15,48,966","9,45,60,67,647.45","81,073","8,00,130","51.66"
"BAJFINANCE","EQ","30-May-2022","5,993.50","6,088.00","6,127.00","6,041.10","6,114.85","6,111.20","6,089.14","8,17,484","4,97,77,71,145.30","63,288","2,11,293","25.85"
"BAJFINANCE","EQ","27-May-2022","5,817.80","5,900.00","6,077.00","5,861.05","5,983.20","5,993.50","6,002.98","16,25,805","9,75,96,67,437.15","1,34,033","3,43,026","21.10"
"BAJFINANCE","EQ","26-May-2022","5,827.40","5,850.00","5,875.45","5,653.40","5,842.95","5,817.80","5,756.96","12,59,546","7,25,11,57,127.60","1,00,687","3,14,458","24.97"
"BAJFINANCE","EQ","25-May-2022","5,798.80","5,839.00","5,877.70","5,801.80","5,821.45","5,827.40","5,837.35","8,67,598","5,06,44,72,259.45","68,945","3,02,309","34.84"
"BAJFINANCE","EQ","24-May-2022","5,794.00","5,783.00","5,833.00","5,725.00","5,810.00","5,798.80","5,791.06","10,84,069","6,27,79,09,673.85","74,563","3,67,928","33.94"
"BAJFINANCE","EQ","23-May-2022","5,769.60","5,825.00","5,906.25","5,771.20","5,782.00","5,794.00","5,839.51","9,68,021","5,65,27,65,549.05","79,750","1,95,325","20.18"
"BAJFINANCE","EQ","20-May-2022","5,707.00","5,840.00","5,841.95","5,712.00","5,780.15","5,769.60","5,772.86","10,98,610","6,34,21,20,398.40","90,935","2,88,879","26.29"
"BAJFINANCE","EQ","19-May-2022","5,815.20","5,651.00","5,745.00","5,611.00","5,725.05","5,707.00","5,695.41","10,65,025","6,06,57,50,718.95","1,03,317","2,67,860","25.15"
"BAJFINANCE","EQ","18-May-2022","5,837.30","5,889.95","5,956.70","5,790.00","5,826.90","5,815.20","5,869.06","16,55,094","9,71,38,48,243.80","1,29,827","6,07,145","36.68"
"BAJFINANCE","EQ","17-May-2022","5,645.40","5,660.00","5,849.00","5,652.00","5,845.00","5,837.30","5,767.26","14,01,770","8,08,43,70,906.20","1,21,470","4,68,666","33.43"
"BAJFINANCE","EQ","16-May-2022","5,515.75","5,575.00","5,711.95","5,488.00","5,653.00","5,645.40","5,620.70","14,14,955","7,95,30,31,918.00","1,37,512","3,42,012","24.17"
"BAJFINANCE","EQ","13-May-2022","5,593.40","5,700.00","5,749.00","5,500.00","5,521.90","5,515.75","5,642.07","21,05,315","11,87,83,34,368.75","2,00,751","7,86,082","37.34"
"BAJFINANCE","EQ","12-May-2022","5,807.00","5,750.00","5,764.75","5,505.90","5,592.20","5,593.40","5,593.50","24,94,044","13,95,04,44,329.35","2,77,359","9,67,293","38.78"
"BAJFINANCE","EQ","11-May-2022","5,928.45","5,957.00","5,996.60","5,737.00","5,822.50","5,807.00","5,836.68","18,61,339","10,86,40,31,177.40","1,69,810","6,67,202","35.85"
"BAJFINANCE","EQ","10-May-2022","6,036.95","6,000.00","6,113.05","5,900.00","5,914.95","5,928.45","5,986.48","11,77,933","7,05,16,68,990.35","1,28,770","4,57,985","38.88"
"BAJFINANCE","EQ","09-May-2022","6,000.30","5,961.00","6,135.25","5,832.55","6,039.00","6,036.95","6,002.30","19,35,648","11,61,83,41,190.55","1,74,076","4,99,574","25.81"
"BAJFINANCE","EQ","06-May-2022","6,309.45","6,201.00","6,205.05","5,975.00","6,003.40","6,000.30","6,051.04","30,64,865","18,54,56,07,218.55","3,12,660","16,48,543","53.79"
"BAJFINANCE","EQ","05-May-2022","6,339.75","6,400.00","6,497.45","6,290.00","6,300.00","6,309.45","6,396.77","14,86,028","9,50,57,85,430.60","1,32,531","5,82,176","39.18"
"BAJFINANCE","EQ","04-May-2022","6,626.15","6,629.90","6,667.80","6,290.00","6,349.00","6,339.75","6,469.87","16,49,115","10,66,95,53,095.30","1,73,523","6,07,889","36.86"
"BAJFINANCE","EQ","02-May-2022","6,671.80","6,550.00","6,649.85","6,525.50","6,619.00","6,626.15","6,597.27","12,38,741","8,17,23,02,683.75","1,03,297","5,64,860","45.60"
"BAJFINANCE","EQ","29-Apr-2022","6,727.65","6,800.00","6,823.60","6,651.00","6,665.05","6,671.80","6,740.16","13,37,517","9,01,50,75,412.05","1,23,622","5,91,694","44.24"
"BAJFINANCE","EQ","28-Apr-2022","6,714.10","6,748.00","6,805.00","6,580.00","6,727.75","6,727.65","6,695.99","24,99,094","16,73,39,07,321.80","2,58,313","8,61,123","34.46"
"BAJFINANCE","EQ","27-Apr-2022","7,240.55","7,100.00","7,100.00","6,688.85","6,716.00","6,714.10","6,844.72","39,84,357","27,27,18,13,354.00","3,52,077","15,82,043","39.71"
"BAJFINANCE","EQ","26-Apr-2022","7,005.50","7,131.00","7,262.95","7,097.00","7,258.60","7,240.55","7,185.56","10,12,419","7,27,47,96,941.10","97,051","2,89,847","28.63"
"BAJFINANCE","EQ","25-Apr-2022","7,110.75","7,000.00","7,074.95","6,950.00","7,052.00","7,005.50","7,007.71","6,84,953","4,79,99,52,570.70","73,083","2,01,966","29.49"
"BAJFINANCE","EQ","22-Apr-2022","7,138.10","7,080.00","7,207.00","7,071.40","7,120.00","7,110.75","7,136.55","8,07,987","5,76,62,40,770.45","74,930","3,34,694","41.42"
"BAJFINANCE","EQ","21-Apr-2022","7,032.50","7,099.00","7,187.00","7,047.30","7,173.00","7,138.10","7,123.97","8,75,343","6,23,59,12,990.85","77,573","3,38,261","38.64"
"BAJFINANCE","EQ","20-Apr-2022","7,259.55","7,274.95","7,294.70","6,960.00","7,049.00","7,032.50","7,100.51","15,58,181","11,06,38,74,135.15","1,24,218","5,92,985","38.06"
"BAJFINANCE","EQ","19-Apr-2022","7,261.45","7,300.00","7,443.30","7,151.00","7,201.10","7,259.55","7,342.60","11,91,110","8,74,58,44,878.65","1,02,406","5,64,592","47.40"
"BAJFINANCE","EQ","18-Apr-2022","7,328.45","7,265.50","7,375.00","7,231.60","7,278.00","7,261.45","7,280.89","7,58,222","5,52,05,28,533.25","97,482","3,64,375","48.06"
"BAJFINANCE","EQ","13-Apr-2022","7,274.50","7,313.00","7,380.00","7,282.05","7,315.05","7,328.45","7,335.33","6,72,317","4,93,16,66,094.70","75,665","2,86,718","42.65"
"BAJFINANCE","EQ","12-Apr-2022","7,336.65","7,299.95","7,299.95","7,220.00","7,275.00","7,274.50","7,266.97","8,05,598","5,85,42,59,117.00","81,645","2,96,327","36.78"
"BAJFINANCE","EQ","11-Apr-2022","7,366.60","7,345.05","7,384.00","7,295.00","7,332.00","7,336.65","7,338.37","5,97,508","4,38,47,34,627.10","57,295","2,09,250","35.02"
"BAJFINANCE","EQ","08-Apr-2022","7,290.20","7,328.30","7,425.00","7,260.00","7,372.00","7,366.60","7,325.81","8,81,973","6,46,11,63,297.30","73,934","2,78,558","31.58"
"BAJFINANCE","EQ","07-Apr-2022","7,346.95","7,310.00","7,356.00","7,270.00","7,291.95","7,290.20","7,306.68","7,18,266","5,24,81,38,184.55","77,867","2,43,467","33.90"
"BAJFINANCE","EQ","06-Apr-2022","7,388.45","7,350.00","7,425.00","7,300.00","7,342.00","7,346.95","7,353.00","7,67,031","5,63,99,78,020.15","67,643","2,01,815","26.31"
"BAJFINANCE","EQ","05-Apr-2022","7,490.65","7,435.00","7,479.95","7,330.00","7,378.00","7,388.45","7,396.47","10,72,082","7,92,96,20,960.60","98,646","2,86,450","26.72"
"BAJFINANCE","EQ","04-Apr-2022","7,408.10","7,449.00","7,590.90","7,430.00","7,475.60","7,490.65","7,503.64","10,49,759","7,87,70,09,641.80","88,004","3,36,422","32.05"
"BAJFINANCE","EQ","01-Apr-2022","7,259.95","7,229.95","7,449.00","7,220.30","7,429.00","7,408.10","7,345.26","8,71,513","6,40,14,88,601.00","79,258","2,92,147","33.52"
"BAJFINANCE","EQ","31-Mar-2022","7,251.85","7,287.95","7,445.00","7,240.65","7,258.70","7,259.95","7,319.35","16,33,011","11,95,25,74,532.40","1,29,941","4,94,870","30.30"
"BAJFINANCE","EQ","30-Mar-2022","7,039.35","7,100.00","7,274.45","7,099.00","7,234.90","7,251.85","7,221.88","12,72,254","9,18,80,64,285.75","1,14,350","4,08,808","32.13"
"BAJFINANCE","EQ","29-Mar-2022","7,001.40","7,040.00","7,060.00","6,984.50","7,050.00","7,039.35","7,023.87","7,15,950","5,02,87,43,142.30","58,294","2,57,369","35.95"
"BAJFINANCE","EQ","28-Mar-2022","6,973.50","6,990.00","7,035.00","6,870.00","6,995.00","7,001.40","6,958.49","9,36,973","6,51,99,16,836.85","75,942","2,41,959","25.82"
"BAJFINANCE","EQ","25-Mar-2022","6,997.55","7,059.00","7,067.45","6,940.00","6,982.00","6,973.50","6,991.83","7,02,373","4,91,08,73,396.00","58,670","2,12,721","30.29"
"BAJFINANCE","EQ","24-Mar-2022","7,004.80","6,969.00","7,035.55","6,881.25","6,986.00","6,997.55","6,985.54","7,83,716","5,47,46,80,592.15","68,202","1,61,874","20.65"
"BAJFINANCE","EQ","23-Mar-2022","6,985.80","7,050.00","7,104.00","6,970.00","6,985.00","7,004.80","7,032.44","11,76,750","8,27,54,27,484.20","87,121","3,91,803","33.30"
"BAJFINANCE","EQ","22-Mar-2022","6,870.40","6,870.00","7,010.00","6,767.00","6,998.00","6,985.80","6,893.67","12,73,796","8,78,11,31,987.00","1,05,600","3,25,253","25.53"
"BAJFINANCE","EQ","21-Mar-2022","6,994.40","7,000.00","7,018.75","6,850.00","6,883.00","6,870.40","6,920.21","9,62,019","6,65,73,69,147.55","72,204","3,13,072","32.54"
"BAJFINANCE","EQ","17-Mar-2022","6,840.60","6,947.70","7,056.90","6,930.10","6,992.00","6,994.40","6,999.08","16,70,678","11,69,32,06,096.20","1,34,599","7,05,800","42.25"
"BAJFINANCE","EQ","16-Mar-2022","6,666.55","6,780.00","6,899.40","6,743.35","6,824.75","6,840.60","6,829.54","16,33,596","11,15,67,06,302.85","1,35,401","6,28,552","38.48"
"BAJFINANCE","EQ","15-Mar-2022","6,665.45","6,677.20","6,750.00","6,605.00","6,652.00","6,666.55","6,677.97","14,79,270","9,87,85,19,513.90","1,66,813","5,48,486","37.08"
"BAJFINANCE","EQ","14-Mar-2022","6,628.00","6,601.00","6,689.00","6,500.00","6,657.90","6,665.45","6,582.43","12,66,846","8,33,89,31,270.40","1,34,273","3,93,949","31.10"
"BAJFINANCE","EQ","11-Mar-2022","6,584.90","6,550.00","6,685.00","6,490.05","6,615.00","6,628.00","6,614.52","12,64,771","8,36,58,48,791.30","1,04,323","2,71,796","21.49"
"BAJFINANCE","EQ","10-Mar-2022","6,472.50","6,794.00","6,794.00","6,501.00","6,568.00","6,584.90","6,657.93","20,91,561","13,92,54,76,697.95","1,75,955","6,93,593","33.16"
"BAJFINANCE","EQ","09-Mar-2022","6,161.85","6,219.50","6,525.00","6,121.85","6,485.00","6,472.50","6,312.35","22,80,131","14,39,29,79,951.65","1,90,284","8,19,021","35.92"
"BAJFINANCE","EQ","08-Mar-2022","6,125.00","6,128.00","6,217.35","5,912.90","6,180.00","6,161.85","6,073.80","28,85,783","17,52,76,56,840.50","2,50,061","10,86,708","37.66"
"BAJFINANCE","EQ","07-Mar-2022","6,537.90","6,350.00","6,370.00","6,100.00","6,144.00","6,125.00","6,209.68","28,43,588","17,65,77,80,715.35","3,08,244","13,28,108","46.71"
"BAJFINANCE","EQ","04-Mar-2022","6,748.35","6,688.40","6,698.00","6,500.00","6,537.80","6,537.90","6,579.07","19,96,509","13,13,51,80,992.95","2,30,064","7,53,595","37.75"
"BAJFINANCE","EQ","03-Mar-2022","6,831.55","6,920.00","6,944.30","6,725.00","6,740.00","6,748.35","6,822.47","13,33,999","9,10,11,70,241.85","1,41,946","5,21,606","39.10"
"BAJFINANCE","EQ","02-Mar-2022","7,002.30","6,918.00","6,936.35","6,762.00","6,835.00","6,831.55","6,832.12","16,08,009","10,98,61,08,087.75","1,77,364","6,83,643","42.51"
"BAJFINANCE","EQ","28-Feb-2022","6,969.40","6,860.00","7,025.00","6,806.60","6,995.00","7,002.30","6,950.66","15,80,891","10,98,82,39,945.20","1,65,462","6,16,179","38.98"
"BAJFINANCE","EQ","25-Feb-2022","6,627.80","6,800.00","6,989.95","6,759.00","6,968.80","6,969.40","6,913.60","14,13,281","9,77,08,53,332.95","1,35,065","3,85,735","27.29"
"BAJFINANCE","EQ","24-Feb-2022","7,044.55","6,800.00","6,900.20","6,592.45","6,605.95","6,627.80","6,757.61","19,30,040","13,04,24,54,767.40","1,92,285","7,62,172","39.49"
"BAJFINANCE","EQ","23-Feb-2022","7,011.35","7,060.00","7,117.35","7,027.45","7,030.00","7,044.55","7,079.96","7,95,228","5,63,01,83,095.50","91,677","2,85,131","35.86"
"BAJFINANCE","EQ","22-Feb-2022","7,006.35","6,800.00","7,036.15","6,789.00","7,011.00","7,011.35","6,937.19","12,58,732","8,73,20,62,951.35","1,22,948","4,13,806","32.87"
"BAJFINANCE","EQ","21-Feb-2022","7,030.10","7,000.00","7,080.90","6,911.00","7,010.00","7,006.35","7,001.23","8,16,664","5,71,76,56,274.95","68,345","2,03,585","24.93"
"BAJFINANCE","EQ","18-Feb-2022","7,082.45","7,020.00","7,116.00","7,010.00","7,029.85","7,030.10","7,069.13","7,62,517","5,39,03,30,341.05","72,966","1,81,765","23.84"
"BAJFINANCE","EQ","17-Feb-2022","7,068.60","7,120.00","7,128.00","6,982.00","7,055.00","7,082.45","7,071.34","9,03,616","6,38,97,79,145.60","85,195","2,18,189","24.15"
"BAJFINANCE","EQ","16-Feb-2022","7,142.05","7,185.00","7,224.95","7,050.00","7,063.35","7,068.60","7,128.06","10,54,041","7,51,32,71,595.90","1,02,526","2,30,911","21.91"
"BAJFINANCE","EQ","15-Feb-2022","6,785.95","6,800.00","7,195.00","6,785.95","7,165.00","7,142.05","6,972.42","13,46,820","9,39,05,98,425.00","1,37,043","3,43,211","25.48"
"BAJFINANCE","EQ","14-Feb-2022","7,011.60","6,810.00","6,930.00","6,744.05","6,760.00","6,785.95","6,844.88","11,69,766","8,00,69,08,289.25","1,28,452","4,06,186","34.72"
"BAJFINANCE","EQ","11-Feb-2022","7,137.00","7,040.00","7,079.95","6,921.05","6,995.00","7,011.60","7,001.64","12,76,461","8,93,73,20,704.65","1,37,055","5,23,614","41.02"
"BAJFINANCE","EQ","10-Feb-2022","7,117.35","7,135.00","7,240.00","7,065.00","7,135.05","7,137.00","7,154.47","12,44,200","8,90,15,92,914.90","1,32,389","4,71,759","37.92"
"BAJFINANCE","EQ","09-Feb-2022","7,055.00","7,128.55","7,157.90","7,070.00","7,107.55","7,117.35","7,116.89","6,49,166","4,62,00,44,731.25","61,527","1,91,427","29.49"
"BAJFINANCE","EQ","08-Feb-2022","6,930.60","7,000.00","7,147.00","6,914.70","7,043.00","7,055.00","7,023.74","16,40,542","11,52,27,38,819.90","1,48,923","4,46,140","27.19"
"BAJFINANCE","EQ","07-Feb-2022","7,158.40","7,165.00","7,165.00","6,881.00","6,921.00","6,930.60","6,980.81","11,83,012","8,25,83,77,592.05","1,31,834","3,97,985","33.64"
"BAJFINANCE","EQ","04-Feb-2022","7,110.65","7,090.00","7,188.40","7,055.00","7,148.00","7,158.40","7,130.87","8,23,208","5,87,01,91,691.60","87,401","2,49,249","30.28"
"BAJFINANCE","EQ","03-Feb-2022","7,247.45","7,253.00","7,287.05","7,100.00","7,105.00","7,110.65","7,158.23","8,39,856","6,01,18,84,033.90","1,03,058","3,51,385","41.84"
"BAJFINANCE","EQ","02-Feb-2022","7,014.60","7,100.00","7,280.00","7,095.00","7,248.00","7,247.45","7,224.19","13,39,821","9,67,91,19,766.65","1,34,135","4,34,862","32.46"
"BAJFINANCE","EQ","01-Feb-2022","7,000.25","7,075.90","7,115.80","6,886.00","7,077.00","7,014.60","7,030.43","13,83,449","9,72,62,38,180.10","1,24,806","4,26,223","30.81"
"BAJFINANCE","EQ","31-Jan-2022","6,867.25","6,979.90","7,075.90","6,930.10","7,003.90","7,000.25","7,008.31","12,51,249","8,76,91,44,382.95","1,17,386","3,95,981","31.65"
"BAJFINANCE","EQ","28-Jan-2022","6,837.00","6,961.05","7,045.60","6,845.00","6,848.00","6,867.25","6,967.48","14,67,522","10,22,49,31,401.50","1,47,835","5,72,016","38.98"
"BAJFINANCE","EQ","27-Jan-2022","6,963.75","6,823.60","6,902.35","6,708.10","6,870.00","6,837.00","6,827.06","17,61,028","12,02,26,39,988.70","1,80,829","6,23,641","35.41"
"BAJFINANCE","EQ","25-Jan-2022","6,931.75","6,900.00","6,996.00","6,752.20","6,949.75","6,963.75","6,893.10","25,25,934","17,41,15,04,671.60","2,35,372","10,74,069","42.52"
"BAJFINANCE","EQ","24-Jan-2022","7,373.75","7,350.00","7,350.00","6,817.70","6,904.75","6,931.75","7,016.98","25,02,582","17,56,05,76,458.00","2,85,198","10,16,582","40.62"
"BAJFINANCE","EQ","21-Jan-2022","7,530.25","7,402.50","7,499.00","7,305.85","7,372.85","7,373.75","7,408.26","13,70,450","10,15,26,53,198.50","1,74,296","4,99,980","36.48"
"BAJFINANCE","EQ","20-Jan-2022","7,571.80","7,610.00","7,650.00","7,401.00","7,534.00","7,530.25","7,509.58","29,10,383","21,85,57,47,927.00","1,72,339","15,68,433","53.89"
"BAJFINANCE","EQ","19-Jan-2022","7,744.00","7,850.00","8,045.00","7,473.00","7,590.00","7,571.80","7,741.33","50,00,317","38,70,90,92,338.65","3,89,986","13,70,015","27.40"
"BAJFINANCE","EQ","18-Jan-2022","7,852.60","7,899.95","7,945.00","7,716.05","7,770.00","7,744.00","7,845.63","11,30,024","8,86,57,50,602.50","1,11,720","3,19,859","28.31"
"BAJFINANCE","EQ","17-Jan-2022","7,832.20","7,819.50","7,910.00","7,801.55","7,849.30","7,852.60","7,865.82","6,79,774","5,34,69,80,472.85","66,198","2,05,248","30.19"
"BAJFINANCE","EQ","14-Jan-2022","7,808.35","7,775.00","7,846.10","7,728.50","7,820.00","7,832.20","7,803.67","5,69,635","4,44,52,42,426.00","61,554","1,41,273","24.80"
"BAJFINANCE","EQ","13-Jan-2022","7,774.50","7,828.00","7,849.55","7,774.00","7,803.00","7,808.35","7,808.26","6,16,374","4,81,28,08,300.10","72,924","2,07,512","33.67"
"BAJFINANCE","EQ","12-Jan-2022","7,669.85","7,726.00","7,869.00","7,691.80","7,774.40","7,774.50","7,792.12","14,58,404","11,36,40,65,405.55","1,61,132","6,19,459","42.48"
"BAJFINANCE","EQ","11-Jan-2022","7,731.30","7,739.00","7,759.95","7,571.00","7,662.30","7,669.85","7,652.14","10,37,912","7,94,22,52,811.30","1,10,618","3,81,965","36.80"
"BAJFINANCE","EQ","10-Jan-2022","7,659.35","7,686.00","7,759.00","7,669.75","7,721.00","7,731.30","7,732.08","6,39,060","4,94,12,61,803.50","59,369","2,22,125","34.76"
"BAJFINANCE","EQ","07-Jan-2022","7,748.25","7,763.95","7,785.00","7,585.00","7,650.00","7,659.35","7,669.54","11,65,951","8,94,23,04,115.60","1,14,923","3,48,037","29.85"
"BAJFINANCE","EQ","06-Jan-2022","7,670.80","7,525.00","7,779.35","7,521.00","7,729.95","7,748.25","7,676.58","15,35,986","11,79,11,14,048.60","1,27,550","4,22,371","27.50"
"BAJFINANCE","EQ","05-Jan-2022","7,343.00","7,469.90","7,691.15","7,415.00","7,665.00","7,670.80","7,585.02","25,83,262","19,59,40,87,523.10","1,98,560","6,79,167","26.29"
"BAJFINANCE","EQ","04-Jan-2022","7,219.60","7,250.00","7,375.00","7,235.50","7,359.95","7,343.00","7,296.71","9,59,173","6,99,88,06,060.75","77,280","2,51,932","26.27"
"BAJFINANCE","EQ","03-Jan-2022","6,977.30","6,975.00","7,243.95","6,975.00","7,225.00","7,219.60","7,135.31","12,69,725","9,05,98,77,279.95","98,044","4,48,444","35.32"
"BAJFINANCE","EQ","31-Dec-2021","6,871.10","6,882.00","6,999.00","6,875.55","6,968.05","6,977.30","6,953.92","7,69,907","5,35,38,73,061.35","69,370","2,22,768","28.93"
"BAJFINANCE","EQ","30-Dec-2021","6,911.65","6,899.90","6,944.95","6,856.90","6,869.25","6,871.10","6,893.66","6,58,992","4,54,28,64,154.70","57,496","2,24,988","34.14"
"BAJFINANCE","EQ","29-Dec-2021","6,906.65","6,884.90","6,949.95","6,853.05","6,906.00","6,911.65","6,916.26","5,32,379","3,68,20,72,264.60","50,265","1,22,129","22.94"
"BAJFINANCE","EQ","28-Dec-2021","6,890.75","6,980.00","6,980.00","6,861.75","6,904.00","6,906.65","6,924.52","8,62,464","5,97,21,46,878.45","81,075","1,89,620","21.99"
"BAJFINANCE","EQ","27-Dec-2021","6,852.00","6,751.00","6,908.80","6,654.05","6,895.05","6,890.75","6,799.10","9,12,360","6,20,32,30,286.00","76,010","1,15,969","12.71"
"BAJFINANCE","EQ","24-Dec-2021","6,917.75","6,984.90","6,987.95","6,757.60","6,850.00","6,852.00","6,842.48","9,80,774","6,71,09,24,236.80","73,957","1,78,040","18.15"
"BAJFINANCE","EQ","23-Dec-2021","6,771.20","6,840.00","6,993.50","6,838.25","6,918.50","6,917.75","6,916.56","13,39,399","9,26,40,36,156.65","98,749","3,89,131","29.05"
"BAJFINANCE","EQ","22-Dec-2021","6,577.55","6,635.00","6,790.75","6,623.80","6,770.00","6,771.20","6,729.42","12,67,898","8,53,22,22,041.30","1,19,602","3,76,233","29.67"
"BAJFINANCE","EQ","21-Dec-2021","6,634.15","6,725.15","6,750.00","6,540.00","6,587.00","6,577.55","6,659.20","13,75,591","9,16,03,38,351.50","1,43,587","4,74,885","34.52"
"BAJFINANCE","EQ","20-Dec-2021","6,901.10","6,850.00","6,864.85","6,492.60","6,630.00","6,634.15","6,611.36","22,26,319","14,71,89,96,335.85","2,50,157","8,72,342","39.18"
"BAJFINANCE","EQ","17-Dec-2021","7,028.85","7,000.00","7,025.00","6,865.00","6,900.00","6,901.10","6,941.87","16,80,511","11,66,58,86,416.25","1,01,409","7,13,477","42.46"
"BAJFINANCE","EQ","16-Dec-2021","6,847.25","6,945.00","7,063.45","6,932.90","7,045.00","7,028.85","7,008.04","17,68,318","12,39,24,41,469.95","1,30,718","4,77,435","27.00"
"BAJFINANCE","EQ","15-Dec-2021","7,065.90","7,072.50","7,072.50","6,831.00","6,859.00","6,847.25","6,908.79","18,17,528","12,55,69,12,760.20","1,48,378","8,44,757","46.48"
"BAJFINANCE","EQ","14-Dec-2021","7,218.75","7,180.00","7,180.00","7,035.00","7,073.05","7,065.90","7,086.52","12,76,481","9,04,58,10,989.75","1,19,348","5,70,930","44.73"
"BAJFINANCE","EQ","13-Dec-2021","7,452.50","7,470.00","7,477.00","7,199.00","7,230.00","7,218.75","7,283.94","12,98,599","9,45,89,11,633.90","1,34,075","5,90,793","45.49"
"BAJFINANCE","EQ","10-Dec-2021","7,440.30","7,374.00","7,467.00","7,360.00","7,436.65","7,452.50","7,412.53","6,79,145","5,03,41,80,348.75","71,138","2,72,293","40.09"
"BAJFINANCE","EQ","09-Dec-2021","7,361.50","7,400.00","7,468.10","7,337.00","7,434.00","7,440.30","7,416.65","10,76,950","7,98,73,58,949.20","83,232","3,12,993","29.06"
"BAJFINANCE","EQ","08-Dec-2021","7,103.15","7,120.00","7,386.35","7,120.00","7,360.00","7,361.50","7,298.88","14,02,691","10,23,80,77,454.45","1,29,056","4,05,234","28.89"
"BAJFINANCE","EQ","07-Dec-2021","6,951.75","7,048.00","7,170.00","6,958.00","7,099.00","7,103.15","7,097.56","10,79,608","7,66,25,86,923.30","98,653","3,64,124","33.73"
"BAJFINANCE","EQ","06-Dec-2021","7,069.25","7,069.25","7,095.90","6,938.10","6,951.00","6,951.75","6,983.22","8,58,253","5,99,33,72,609.10","75,685","3,33,206","38.82"
"BAJFINANCE","EQ","03-Dec-2021","7,180.50","7,160.00","7,233.80","7,055.00","7,085.00","7,069.25","7,138.12","8,16,411","5,82,76,42,698.55","82,555","2,73,757","33.53"
"BAJFINANCE","EQ","02-Dec-2021","7,038.70","7,090.00","7,210.00","7,022.40","7,190.00","7,180.50","7,120.47","8,47,704","6,03,60,51,180.30","78,637","2,75,262","32.47"
"BAJFINANCE","EQ","01-Dec-2021","6,997.25","7,032.20","7,107.70","6,951.00","7,050.00","7,038.70","7,034.68","11,36,768","7,99,67,95,748.05","1,00,822","3,27,006","28.77"
"BAJFINANCE","EQ","30-Nov-2021","6,905.75","6,910.00","7,199.80","6,849.25","6,983.00","6,997.25","7,047.95","21,95,539","15,47,40,55,907.45","1,78,023","9,17,065","41.77"
"BAJFINANCE","EQ","29-Nov-2021","6,807.05","6,767.00","6,980.00","6,678.30","6,910.00","6,905.75","6,865.92","14,91,815","10,24,26,80,485.20","1,60,192","4,48,254","30.05"
"BAJFINANCE","EQ","26-Nov-2021","7,125.80","7,021.00","7,047.90","6,775.00","6,780.00","6,807.05","6,877.27","16,89,082","11,61,62,72,904.30","1,97,357","7,22,597","42.78"
"BAJFINANCE","EQ","25-Nov-2021","7,177.30","7,150.00","7,205.00","7,086.80","7,142.65","7,125.80","7,143.27","6,15,486","4,39,65,80,444.10","66,577","1,48,649","24.15"
"BAJFINANCE","EQ","24-Nov-2021","7,114.30","7,160.00","7,319.80","7,066.00","7,125.00","7,177.30","7,209.00","10,99,380","7,92,54,33,819.40","1,09,496","3,98,311","36.23"
"BAJFINANCE","EQ","23-Nov-2021","7,058.30","7,000.00","7,178.00","6,924.10","7,110.70","7,114.30","7,097.90","11,87,589","8,42,93,84,643.55","1,25,975","4,18,062","35.20"
"BAJFINANCE","EQ","22-Nov-2021","7,484.95","7,492.00","7,514.50","6,990.05","7,065.70","7,058.30","7,131.61","19,35,243","13,80,14,04,852.50","2,17,304","8,78,981","45.42"
"BAJFINANCE","EQ","18-Nov-2021","7,607.65","7,620.00","7,697.70","7,440.00","7,465.00","7,484.95","7,549.70","7,72,539","5,83,24,36,114.90","82,127","2,25,382","29.17"
"BAJFINANCE","EQ","17-Nov-2021","7,555.70","7,528.00","7,692.00","7,521.25","7,608.60","7,607.65","7,632.84","6,45,574","4,92,75,60,247.20","68,236","2,13,775","33.11"
"BAJFINANCE","EQ","16-Nov-2021","7,534.25","7,525.00","7,650.00","7,500.75","7,538.00","7,555.70","7,596.98","5,98,049","4,54,33,67,663.80","64,412","1,77,258","29.64"
"BAJFINANCE","EQ","15-Nov-2021","7,579.10","7,579.00","7,627.45","7,490.00","7,525.00","7,534.25","7,538.03","4,02,518","3,03,41,93,572.75","44,440","1,17,472","29.18"
"BAJFINANCE","EQ","12-Nov-2021","7,452.70","7,500.00","7,600.25","7,453.00","7,583.40","7,579.10","7,529.86","4,97,128","3,74,33,04,453.10","48,859","1,61,838","32.55"
"BAJFINANCE","EQ","11-Nov-2021","7,581.45","7,570.20","7,600.95","7,410.00","7,446.00","7,452.70","7,476.38","6,34,400","4,74,30,16,730.45","78,602","2,47,962","39.09"
"BAJFINANCE","EQ","10-Nov-2021","7,577.50","7,545.00","7,610.00","7,505.00","7,570.00","7,581.45","7,566.45","4,64,989","3,51,83,15,121.95","46,921","1,47,009","31.62"
"BAJFINANCE","EQ","09-Nov-2021","7,673.65","7,700.00","7,754.40","7,550.00","7,570.00","7,577.50","7,623.37","8,00,247","6,10,05,81,081.45","63,423","3,64,070","45.49"
"BAJFINANCE","EQ","08-Nov-2021","7,525.10","7,543.90","7,713.15","7,486.00","7,688.00","7,673.65","7,633.83","9,00,301","6,87,27,44,591.80","83,917","3,60,973","40.09"
"BAJFINANCE","EQ","04-Nov-2021","7,516.25","7,561.00","7,569.00","7,515.00","7,515.50","7,525.10","7,534.43","94,033","70,84,84,824.30","14,411","38,471","40.91"
"BAJFINANCE","EQ","03-Nov-2021","7,455.35","7,486.00","7,538.80","7,451.00","7,530.00","7,516.25","7,495.71","6,68,704","5,01,24,13,717.55","61,738","2,98,547","44.65"
"BAJFINANCE","EQ","02-Nov-2021","7,413.95","7,466.70","7,555.00","7,400.25","7,460.00","7,455.35","7,467.97","6,87,116","5,13,13,60,122.25","66,760","1,66,112","24.18"
"BAJFINANCE","EQ","01-Nov-2021","7,400.20","7,430.00","7,500.20","7,220.00","7,416.00","7,413.95","7,372.17","10,37,314","7,64,72,53,385.15","1,07,676","2,38,958","23.04"
"BAJFINANCE","EQ","29-Oct-2021","7,484.25","7,480.00","7,549.70","7,313.05","7,418.95","7,400.20","7,451.05","9,48,334","7,06,60,83,886.15","93,227","2,10,766","22.22"
"BAJFINANCE","EQ","28-Oct-2021","7,482.15","7,540.00","7,596.00","7,353.40","7,460.85","7,484.25","7,486.47","15,72,302","11,77,09,92,885.85","1,40,579","5,68,362","36.15"
"BAJFINANCE","EQ","27-Oct-2021","7,855.65","7,870.00","7,919.95","7,461.00","7,478.00","7,482.15","7,580.07","31,12,233","23,59,09,29,945.20","2,73,116","12,49,140","40.14"
"BAJFINANCE","EQ","26-Oct-2021","7,646.65","7,695.00","7,894.95","7,651.10","7,880.00","7,855.65","7,791.46","16,60,575","12,93,83,06,882.45","1,30,085","7,18,129","43.25"
"BAJFINANCE","EQ","25-Oct-2021","7,710.20","7,750.00","7,837.75","7,350.50","7,635.00","7,646.65","7,664.97","11,69,729","8,96,59,35,884.95","1,04,466","4,03,611","34.50"
"BAJFINANCE","EQ","22-Oct-2021","7,737.30","7,756.00","7,935.00","7,665.00","7,715.75","7,710.20","7,819.93","15,17,376","11,86,57,74,640.80","1,19,184","6,06,294","39.96"
"BAJFINANCE","EQ","21-Oct-2021","7,761.35","7,830.00","7,830.00","7,685.00","7,750.00","7,737.30","7,742.27","6,39,461","4,95,08,77,313.30","70,128","3,06,419","47.92"
"BAJFINANCE","EQ","20-Oct-2021","7,739.30","7,741.00","7,833.55","7,575.00","7,770.00","7,761.35","7,722.48","11,02,899","8,51,71,12,495.60","1,03,398","4,12,086","37.36"
"BAJFINANCE","EQ","19-Oct-2021","7,865.55","7,890.00","7,914.70","7,671.00","7,720.30","7,739.30","7,838.98","12,44,989","9,75,94,38,570.60","92,653","6,75,282","54.24"
"BAJFINANCE","EQ","18-Oct-2021","7,862.90","8,050.00","8,050.00","7,800.80","7,850.00","7,865.55","7,873.77","8,55,098","6,73,28,44,628.65","78,983","3,32,210","38.85"
"BAJFINANCE","EQ","14-Oct-2021","7,929.30","7,969.00","7,969.00","7,812.35","7,860.80","7,862.90","7,856.18","11,34,849","8,91,55,82,154.25","1,02,871","6,72,181","59.23"
"BAJFINANCE","EQ","13-Oct-2021","7,855.75","7,907.90","8,010.00","7,861.30","7,935.00","7,929.30","7,935.12","10,52,438","8,35,12,21,198.90","79,650","3,82,485","36.34"
"BAJFINANCE","EQ","12-Oct-2021","7,817.10","7,810.00","7,925.00","7,750.00","7,865.00","7,855.75","7,857.53","10,99,449","8,63,89,52,787.60","94,610","3,71,912","33.83"
"BAJFINANCE","EQ","11-Oct-2021","7,732.20","7,773.90","7,904.40","7,752.00","7,827.00","7,817.10","7,837.39","9,08,648","7,12,14,31,947.20","65,766","3,45,628","38.04"
"BAJFINANCE","EQ","08-Oct-2021","7,747.90","7,750.00","7,829.00","7,712.00","7,730.50","7,732.20","7,775.52","7,56,571","5,88,27,32,041.00","70,918","2,40,171","31.74"
"BAJFINANCE","EQ","07-Oct-2021","7,735.15","7,845.90","7,885.00","7,738.00","7,758.00","7,747.90","7,804.37","9,40,550","7,34,04,02,807.10","67,268","3,82,768","40.70"
"BAJFINANCE","EQ","06-Oct-2021","7,724.20","7,810.00","7,880.60","7,685.00","7,730.00","7,735.15","7,779.33","17,64,631","13,72,76,47,604.60","1,34,494","7,47,589","42.37"
"BAJFINANCE","EQ","05-Oct-2021","7,695.05","7,683.00","7,765.00","7,634.10","7,749.95","7,724.20","7,704.64","7,73,243","5,95,75,59,262.40","74,753","2,26,772","29.33"
"BAJFINANCE","EQ","04-Oct-2021","7,522.75","7,588.00","7,769.00","7,560.15","7,693.15","7,695.05","7,689.69","10,90,198","8,38,32,82,826.90","88,726","3,32,421","30.49"
"BAJFINANCE","BL","04-Oct-2021","5,077.10","7,522.75","7,522.75","7,522.75","7,522.75","7,522.75","7,522.75","2,58,294","1,94,30,81,188.50","1","-","-"
"BAJFINANCE","EQ","01-Oct-2021","7,668.10","7,620.00","7,639.20","7,475.00","7,525.00","7,522.75","7,531.72","9,37,740","7,06,27,92,917.45","91,377","3,36,076","35.84"
"BAJFINANCE","EQ","30-Sep-2021","7,515.40","7,545.00","7,700.00","7,490.90","7,674.00","7,668.10","7,622.74","14,90,707","11,36,32,75,896.55","1,40,935","6,02,246","40.40"
"BAJFINANCE","EQ","29-Sep-2021","7,543.30","7,529.00","7,635.85","7,456.15","7,510.00","7,515.40","7,532.75","9,45,879","7,12,50,67,448.20","1,09,016","3,31,880","35.09"
"BAJFINANCE","EQ","28-Sep-2021","7,795.45","7,815.00","7,825.00","7,425.05","7,536.00","7,543.30","7,581.48","15,72,301","11,92,03,65,943.05","1,44,602","7,60,945","48.40"
"BAJFINANCE","EQ","27-Sep-2021","7,793.40","7,849.00","7,860.00","7,740.05","7,794.00","7,795.45","7,797.32","6,50,774","5,07,42,94,615.10","78,772","2,46,962","37.95"
"BAJFINANCE","EQ","24-Sep-2021","7,899.05","7,949.85","7,949.85","7,725.65","7,786.45","7,793.40","7,816.87","11,29,346","8,82,79,54,332.80","1,59,552","4,84,984","42.94"
"BAJFINANCE","EQ","23-Sep-2021","7,793.65","7,863.60","7,999.00","7,804.65","7,890.05","7,899.05","7,914.73","21,09,147","16,69,33,22,738.20","1,60,052","7,31,590","34.69"
"BAJFINANCE","EQ","22-Sep-2021","7,813.85","7,850.00","7,895.00","7,771.00","7,780.15","7,793.65","7,830.06","15,00,541","11,74,93,28,805.00","1,14,708","5,73,337","38.21"
"BAJFINANCE","EQ","21-Sep-2021","7,442.45","7,481.15","7,847.10","7,401.00","7,820.00","7,813.85","7,633.73","19,93,133","15,21,50,30,411.40","1,55,330","5,45,472","27.37"
"BAJFINANCE","EQ","20-Sep-2021","7,428.80","7,360.00","7,581.00","7,320.75","7,428.00","7,442.45","7,468.86","10,83,806","8,09,47,99,659.45","97,599","2,03,797","18.80"
"BAJFINANCE","EQ","17-Sep-2021","7,411.50","7,445.50","7,679.95","7,360.00","7,442.00","7,428.80","7,538.26","34,74,969","26,19,52,13,323.75","2,03,446","12,75,198","36.70"
"BAJFINANCE","EQ","16-Sep-2021","7,414.15","7,445.00","7,445.00","7,330.50","7,415.00","7,411.50","7,381.98","5,77,129","4,26,03,53,297.40","63,734","1,77,821","30.81"
"BAJFINANCE","EQ","15-Sep-2021","7,417.55","7,445.00","7,480.00","7,380.00","7,409.00","7,414.15","7,410.84","6,57,283","4,87,10,21,284.35","83,065","3,46,189","52.67"
"BAJFINANCE","EQ","14-Sep-2021","7,445.55","7,480.00","7,530.00","7,408.00","7,415.00","7,417.55","7,450.12","7,19,258","5,35,85,57,212.90","73,995","3,00,256","41.75"
"BAJFINANCE","EQ","13-Sep-2021","7,430.65","7,430.65","7,495.00","7,352.00","7,451.95","7,445.55","7,419.32","8,02,565","5,95,44,85,894.80","86,733","3,00,657","37.46"