"Symbol  ","Series  ","Date  ","Prev Close  ","Open Price  ","High Price  ","Low Price  ","Last Price  ","Close Price  ","Average Price ","Total Traded Quantity  ","Turnover ₹  ","No. of Trades  ","Deliverable Qty  ","% Dly Qt to Traded Qty  "
"LT","EQ","11-Sep-2026","3,955.00","3,926.00","3,948.00","3,880.70","3,930.70","3,930.70","3,914.82","11,95,489","4,68,01,19,226.60","1,01,926","5,25,168","50.54"
"LT","EQ","10-Sep-2026","3,922.60","3,949.40","3,965.50","3,910.00","3,955.00","3,955.00","3,928.85","13,76,951","5,40,98,31,188.60","71,022","6,84,483","49.71"
"LT","EQ","09-Sep-2026","3,946.10","3,935.30","4,020.20","3,922.60","3,922.60","3,922.60","3,977.82","29,54,721","11,75,33,43,126.70","1,32,430","20,78,693","70.35"
"LT","EQ","08-Sep-2026","3,999.00","3,988.70","3,988.70","3,946.10","3,946.10","3,946.10","3,968.79","12,00,872","4,76,60,03,578.30","66,908","6,79,138","56.55"
"LT","EQ","07-Sep-2026","3,964.10","3,962.00","4,004.90","3,960.90","3,999.00","3,999.00","3,980.75","12,56,683","5,00,25,43,634.60","62,154","7,62,595","60.68"
"LT","EQ","04-Sep-2026","3,975.00","3,981.00","3,994.90","3,964.10","3,964.10","3,964.10","3,982.41","13,19,056","5,25,30,26,930.50","98,662","8,27,413","62.73"
"LT","EQ","03-Sep-2026","3,981.00","3,999.80","4,027.70","3,975.00","3,975.00","3,975.00","3,998.69","9,40,768","3,76,18,39,968.00","55,179","4,86,578","51.72"
"LT","EQ","02-Sep-2026","3,980.10","3,966.00","4,002.30","3,956.70","3,981.00","3,981.00","3,982.27","13,07,081","5,20,51,48,125.60","96,121","8,23,690","63.02"
"LT","EQ","01-Sep-2026","4,044.90","4,038.00","4,038.00","3,980.10","3,980.10","3,980.10","4,012.65","9,44,703","3,79,07,59,519.30","56,508","5,18,405","54.87"
"LT","EQ","31-Aug-2026","4,045.80","4,035.10","4,044.90","3,976.00","4,044.90","4,044.90","4,013.91","15,53,171","6,23,42,81,503.50","77,234","10,63,417","68.47"
"LT","EQ","28-Aug-2026","4,027.00","4,045.00","4,060.00","4,021.30","4,045.80","4,045.80","4,037.13","8,93,956","3,60,90,13,321.20","52,314","4,38,037","49.00"
"LT","EQ","27-Aug-2026","4,038.10","4,058.00","4,067.30","4,023.00","4,027.00","4,027.00","4,042.90","11,61,440","4,69,55,87,957.40","73,332","5,87,698","50.60"
"LT","EQ","26-Aug-2026","4,119.00","4,114.00","4,124.90","4,038.10","4,038.10","4,038.10","4,074.14","13,84,669","5,64,13,36,564.80","75,498","6,90,215","49.85"
"LT","EQ","25-Aug-2026","4,090.00","4,085.00","4,125.30","4,066.60","4,119.00","4,119.00","4,094.46","13,16,074","5,38,86,12,321.60","76,173","7,93,624","60.30"
"LT","EQ","24-Aug-2026","4,093.00","4,100.00","4,107.10","4,077.70","4,090.00","4,090.00","4,089.89","13,69,496","5,60,10,91,714.70","80,383","8,94,318","65.30"
"LT","EQ","21-Aug-2026","4,081.00","4,081.00","4,100.00","4,061.40","4,093.00","4,093.00","4,082.24","12,58,912","5,13,91,85,468.10","79,449","8,34,853","66.32"
"LT","EQ","20-Aug-2026","4,041.30","4,050.50","4,084.90","4,048.30","4,081.00","4,081.00","4,068.46","10,56,060","4,29,65,41,317.20","66,205","6,08,156","57.59"
"LT","EQ","19-Aug-2026","4,064.30","4,064.00","4,069.00","4,024.80","4,041.30","4,041.30","4,037.96","11,90,832","4,80,85,33,721.50","71,433","6,76,290","56.79"
"LT","EQ","18-Aug-2026","4,086.70","4,068.00","4,085.00","4,050.00","4,064.30","4,064.30","4,070.84","13,55,575","5,51,83,24,232.20","68,981","8,17,973","60.34"
"LT","EQ","17-Aug-2026","4,057.00","4,041.00","4,086.70","4,026.00","4,086.70","4,086.70","4,056.64","10,66,164","4,32,50,40,111.60","49,368","5,52,749","51.84"
"LT","EQ","14-Aug-2026","4,070.70","4,068.70","4,072.50","4,033.10","4,057.00","4,057.00","4,053.20","9,34,044","3,78,58,71,184.20","56,246","5,94,838","63.68"
"LT","EQ","13-Aug-2026","4,020.00","4,010.00","4,070.70","3,990.00","4,070.70","4,070.70","4,035.12","22,99,928","9,28,04,80,632.20","1,57,231","12,91,924","56.17"
"LT","EQ","12-Aug-2026","4,037.40","4,038.00","4,044.10","3,990.00","4,020.00","4,020.00","4,003.05","22,26,623","8,91,32,93,171.50","1,09,760","15,31,311","68.77"
"LT","EQ","11-Aug-2026","4,080.00","4,075.10","4,075.50","4,028.50","4,037.40","4,037.40","4,045.36","14,01,285","5,66,87,07,198.70","66,909","6,19,989","44.24"
"LT","EQ","10-Aug-2026","4,056.00","4,055.70","4,080.00","4,025.80","4,080.00","4,080.00","4,060.58","10,82,855","4,39,70,15,623.00","73,565","6,28,745","58.06"
"LT","EQ","07-Aug-2026","4,061.80","4,040.10","4,062.00","4,030.00","4,056.00","4,056.00","4,045.60","9,01,290","3,64,62,60,796.60","63,017","5,39,650","59.88"
"LT","EQ","06-Aug-2026","4,057.00","4,056.00","4,070.00","4,045.00","4,061.80","4,061.80","4,058.89","14,01,341","5,68,78,83,595.80","95,461","7,62,585","54.42"
"LT","EQ","05-Aug-2026","3,990.00","4,025.00","4,074.00","4,024.80","4,057.00","4,057.00","4,056.00","19,10,224","7,74,78,74,548.40","98,367","9,14,527","47.88"
"LT","EQ","04-Aug-2026","4,025.00","4,007.20","4,042.40","3,988.20","3,990.00","3,990.00","4,018.18","18,27,982","7,34,51,63,030.50","99,895","7,81,964","42.78"
"LT","EQ","03-Aug-2026","3,938.90","3,974.00","4,025.00","3,962.50","4,025.00","4,025.00","3,993.38","18,90,377","7,54,89,84,805.70","92,604","10,96,545","58.01"
"LT","EQ","31-Jul-2026","3,937.70","3,962.90","3,973.10","3,923.20","3,938.00","3,938.90","3,941.05","17,53,377","6,91,01,37,676.70","76,155","10,61,009","60.51"
"LT","EQ","30-Jul-2026","3,931.40","3,931.40","3,951.70","3,883.50","3,940.50","3,937.70","3,928.95","21,41,252","8,41,28,78,897.00","1,26,759","10,74,083","50.16"
"LT","EQ","29-Jul-2026","3,832.00","3,895.40","3,978.20","3,891.10","3,927.00","3,931.40","3,944.00","31,15,802","12,28,87,32,395.00","1,59,622","14,26,048","45.77"
"LT","EQ","28-Jul-2026","3,806.00","3,812.00","3,837.00","3,793.00","3,830.00","3,832.00","3,821.14","17,02,441","6,50,52,59,791.70","1,30,179","8,31,795","48.86"
"LT","EQ","27-Jul-2026","3,785.60","3,820.00","3,837.30","3,798.70","3,808.00","3,806.00","3,818.44","14,54,211","5,55,28,10,755.10","70,922","7,95,426","54.70"
"LT","EQ","24-Jul-2026","3,792.40","3,751.00","3,805.00","3,720.00","3,787.90","3,785.60","3,763.74","19,94,087","7,50,52,28,139.70","1,35,397","10,61,331","53.22"
"LT","EQ","23-Jul-2026","3,817.40","3,800.00","3,827.60","3,777.70","3,791.00","3,792.40","3,799.50","12,78,355","4,85,71,12,704.90","1,04,872","7,13,608","55.82"
"LT","EQ","22-Jul-2026","3,846.60","3,835.00","3,843.30","3,806.20","3,818.00","3,817.40","3,822.48","11,57,406","4,42,41,66,787.70","66,568","7,16,042","61.87"
"LT","EQ","21-Jul-2026","3,838.80","3,839.00","3,859.50","3,815.70","3,852.00","3,846.60","3,837.37","13,93,919","5,34,89,85,631.30","81,459","7,56,989","54.31"
"LT","EQ","20-Jul-2026","3,814.50","3,815.00","3,850.00","3,807.00","3,838.10","3,838.80","3,829.90","14,50,930","5,55,69,11,683.00","86,235","8,38,769","57.81"
"LT","EQ","17-Jul-2026","3,775.60","3,788.90","3,828.90","3,767.70","3,817.90","3,814.50","3,799.37","19,42,610","7,38,06,86,930.40","1,74,206","10,27,247","52.88"
"LT","EQ","16-Jul-2026","3,783.90","3,795.00","3,802.00","3,762.30","3,779.80","3,775.60","3,776.65","29,36,753","11,09,10,94,304.90","2,49,543","18,39,704","62.64"
"LT","EQ","15-Jul-2026","3,848.70","3,868.00","3,868.00","3,778.60","3,793.00","3,783.90","3,808.43","36,02,201","13,71,87,26,469.70","1,92,356","25,70,439","71.36"
"LT","EQ","14-Jul-2026","3,928.50","3,892.00","3,897.90","3,843.00","3,845.70","3,848.70","3,859.74","24,09,089","9,29,84,63,500.40","1,59,864","12,84,154","53.30"
"LT","EQ","13-Jul-2026","3,945.80","3,895.00","3,939.00","3,875.60","3,928.90","3,928.50","3,920.99","17,44,547","6,84,03,45,499.00","99,579","9,33,803","53.53"
"LT","EQ","10-Jul-2026","3,886.00","3,905.00","3,953.80","3,905.00","3,948.10","3,945.80","3,935.50","12,83,990","5,05,31,40,964.90","70,211","7,78,296","60.62"
"LT","EQ","09-Jul-2026","3,892.10","3,916.00","3,947.30","3,867.80","3,883.00","3,886.00","3,916.81","51,17,653","20,04,48,87,228.30","1,65,912","36,39,822","71.12"
"LT","EQ","08-Jul-2026","3,991.90","3,950.00","3,988.00","3,871.00","3,900.10","3,892.10","3,929.44","22,52,308","8,85,02,99,276.70","1,44,516","10,86,272","48.23"
"LT","EQ","07-Jul-2026","4,041.00","4,044.50","4,046.30","3,975.00","3,987.00","3,991.90","3,994.32","24,42,514","9,75,61,91,440.20","1,89,201","13,65,256","55.90"
"LT","EQ","06-Jul-2026","4,026.60","4,027.70","4,068.00","4,016.50","4,039.00","4,041.00","4,044.85","12,52,054","5,06,43,69,919.30","79,983","6,40,057","51.12"
"LT","EQ","03-Jul-2026","4,059.40","4,080.00","4,094.00","4,019.00","4,027.70","4,026.60","4,045.50","15,05,428","6,09,02,05,231.00","1,09,554","8,92,165","59.26"
"LT","EQ","02-Jul-2026","4,092.60","4,100.00","4,110.00","4,012.00","4,057.00","4,059.40","4,039.80","24,81,554","10,02,49,88,832.00","1,59,389","10,91,886","44.00"
"LT","EQ","01-Jul-2026","4,143.40","4,130.10","4,142.80","4,081.10","4,092.00","4,092.60","4,102.97","14,37,109","5,89,64,20,078.70","98,249","7,74,696","53.91"
"LT","EQ","30-Jun-2026","4,165.20","4,183.00","4,193.80","4,134.10","4,143.80","4,143.40","4,158.06","15,39,094","6,39,96,41,006.60","1,02,065","6,84,395","44.47"
"LT","EQ","29-Jun-2026","4,216.40","4,225.00","4,252.00","4,157.80","4,167.90","4,165.20","4,201.38","27,06,906","11,37,27,38,684.00","1,48,993","16,94,574","62.60"
"LT","EQ","25-Jun-2026","4,181.70","4,207.00","4,272.30","4,187.10","4,202.10","4,216.40","4,234.03","31,04,020","13,14,25,14,330.10","1,59,634","16,63,082","53.58"
"LT","EQ","24-Jun-2026","4,179.40","4,176.50","4,215.00","4,170.00","4,185.00","4,181.70","4,187.60","13,67,416","5,72,61,94,889.10","1,24,229","8,55,905","62.59"
"LT","BL","24-Jun-2026","3,749.00","4,179.40","4,179.40","4,179.40","4,179.40","4,179.40","4,179.40","1,22,583","51,23,23,390.20","1","-","-"
"LT","EQ","23-Jun-2026","4,201.30","4,210.00","4,242.40","4,166.00","4,169.80","4,179.40","4,204.88","21,98,497","9,24,44,18,676.20","1,50,168","11,93,093","54.27"
"LT","EQ","22-Jun-2026","4,209.40","4,228.00","4,235.40","4,190.00","4,198.30","4,201.30","4,207.06","11,69,466","4,92,00,16,317.00","1,11,518","7,52,293","64.33"
"LT","EQ","19-Jun-2026","4,190.00","4,190.00","4,217.50","4,161.60","4,210.00","4,209.40","4,196.08","13,97,746","5,86,50,57,216.40","82,723","7,57,034","54.16"
"LT","EQ","18-Jun-2026","4,207.70","4,207.70","4,244.90","4,165.60","4,196.00","4,190.00","4,195.92","14,85,427","6,23,27,37,957.60","1,03,911","6,03,046","40.60"
"LT","EQ","17-Jun-2026","4,186.40","4,200.10","4,214.70","4,172.00","4,205.00","4,207.70","4,197.74","13,12,925","5,51,13,24,275.90","94,040","7,10,994","54.15"
"LT","EQ","16-Jun-2026","4,169.80","4,205.00","4,235.40","4,177.10","4,182.00","4,186.40","4,200.45","26,47,549","11,12,09,09,780.40","1,31,798","14,01,665","52.94"
"LT","EQ","15-Jun-2026","4,049.30","4,130.00","4,214.90","4,130.00","4,171.00","4,169.80","4,179.40","39,78,153","16,62,62,90,920.80","1,95,557","21,09,148","53.02"
"LT","EQ","12-Jun-2026","3,862.00","3,930.00","4,059.80","3,921.00","4,050.00","4,049.30","3,993.73","30,65,790","12,24,39,38,238.00","1,74,646","14,66,169","47.82"
"LT","EQ","11-Jun-2026","3,917.50","3,900.00","3,909.80","3,854.40","3,871.70","3,862.00","3,875.05","22,24,659","8,62,06,61,661.10","1,44,434","12,99,477","58.41"
"LT","EQ","10-Jun-2026","3,900.60","3,904.00","3,962.80","3,900.00","3,931.00","3,917.50","3,935.66","20,33,070","8,00,14,82,230.20","1,14,568","12,74,884","62.71"
"LT","EQ","09-Jun-2026","3,875.50","3,924.90","3,924.90","3,885.00","3,904.00","3,900.60","3,902.93","15,06,501","5,87,97,68,577.60","86,389","7,64,030","50.72"
"LT","EQ","08-Jun-2026","3,953.20","3,901.10","3,916.70","3,863.10","3,870.50","3,875.50","3,890.93","16,78,709","6,53,17,41,589.30","1,21,974","9,38,465","55.90"
"LT","EQ","05-Jun-2026","3,942.10","3,960.00","3,978.00","3,923.90","3,962.10","3,953.20","3,955.90","12,78,243","5,05,66,02,151.80","92,273","5,82,084","45.54"
"LT","EQ","04-Jun-2026","3,953.20","3,945.00","3,974.90","3,930.10","3,948.00","3,942.10","3,948.09","13,98,297","5,52,06,02,360.10","1,06,941","6,46,759","46.25"
"LT","EQ","03-Jun-2026","4,000.90","4,000.90","4,008.00","3,894.00","3,946.90","3,953.20","3,941.52","18,72,929","7,38,21,93,870.20","1,38,677","8,49,027","45.33"
"LT","EQ","02-Jun-2026","4,010.80","3,980.00","4,017.00","3,923.50","4,010.00","4,000.90","3,971.45","20,85,054","8,28,06,80,051.00","1,47,330","8,54,855","41.00"
"LT","EQ","01-Jun-2026","4,076.50","4,089.00","4,105.80","4,002.10","4,012.00","4,010.80","4,040.54","14,09,388","5,69,46,92,850.60","87,534","7,19,522","51.05"
"LT","EQ","29-May-2026","4,047.50","4,045.80","4,128.00","4,045.00","4,090.00","4,076.50","4,091.74","48,82,940","19,97,97,11,789.20","1,62,803","35,54,389","72.79"
"LT","EQ","27-May-2026","4,037.80","4,043.00","4,069.90","4,017.90","4,050.00","4,047.50","4,048.80","16,07,028","6,50,65,35,895.70","1,08,831","7,82,120","48.67"
"LT","EQ","26-May-2026","4,033.40","4,029.60","4,052.90","4,014.20","4,037.00","4,037.80","4,035.91","15,52,847","6,26,71,51,122.30","71,157","8,47,218","54.56"
"LT","EQ","25-May-2026","3,926.60","3,970.00","4,038.40","3,961.50","4,035.00","4,033.40","4,018.97","20,99,927","8,43,95,41,397.80","1,20,589","12,55,662","59.80"
"LT","EQ","22-May-2026","3,928.50","3,907.00","3,960.00","3,900.10","3,933.00","3,926.60","3,939.21","13,30,428","5,24,08,33,468.50","84,923","7,68,352","57.75"
"LT","EQ","21-May-2026","3,910.70","3,970.00","3,970.00","3,912.70","3,931.00","3,928.50","3,936.41","16,24,945","6,39,64,54,575.80","95,809","5,62,577","34.62"
"LT","EQ","20-May-2026","3,921.00","3,901.60","3,943.50","3,883.10","3,912.00","3,910.70","3,917.87","19,72,259","7,72,70,52,711.10","1,44,367","12,12,852","61.50"
"LT","EQ","19-May-2026","3,917.80","3,940.90","3,960.00","3,900.00","3,910.00","3,921.00","3,935.19","23,18,170","9,12,24,38,639.10","1,35,345","8,98,633","38.76"
"LT","EQ","18-May-2026","3,909.00","3,873.90","3,924.70","3,852.00","3,911.00","3,917.80","3,892.60","17,71,638","6,89,62,72,872.50","96,200","9,61,472","54.27"
"LT","EQ","15-May-2026","3,940.40","3,949.40","3,949.40","3,893.00","3,905.10","3,909.00","3,920.00","13,39,185","5,24,96,09,370.00","74,123","7,87,194","58.78"
"LT","EQ","14-May-2026","3,915.80","3,942.00","3,988.00","3,925.00","3,934.00","3,940.40","3,954.40","29,82,228","11,79,29,33,946.70","1,40,484","12,31,081","41.28"
"LT","EQ","13-May-2026","3,856.50","3,848.00","3,953.00","3,848.00","3,919.00","3,915.80","3,901.34","24,86,330","9,70,00,21,625.10","1,73,744","13,42,508","54.00"
"LT","EQ","12-May-2026","3,940.20","3,925.10","3,940.00","3,847.00","3,865.00","3,856.50","3,882.66","22,55,075","8,75,56,86,405.30","1,23,663","11,05,714","49.03"
"LT","EQ","11-May-2026","3,974.50","3,948.00","3,953.50","3,886.10","3,940.00","3,940.20","3,924.07","20,27,769","7,95,71,13,948.00","1,29,831","10,36,346","51.11"
"LT","EQ","08-May-2026","4,023.00","4,010.00","4,014.00","3,960.00","3,978.00","3,974.50","3,978.94","16,20,273","6,44,69,67,378.20","1,15,318","8,89,072","54.87"
"LT","EQ","07-May-2026","4,008.50","4,028.00","4,065.80","3,991.00","4,023.00","4,023.00","4,018.59","34,77,185","13,97,33,89,828.20","1,79,869","16,34,352","47.00"
"LT","EQ","06-May-2026","4,054.50","3,974.00","4,021.00","3,900.00","4,012.60","4,008.50","3,947.37","95,40,104","37,65,83,55,470.30","4,46,949","50,19,264","52.61"
"LT","EQ","05-May-2026","4,100.80","4,085.00","4,090.00","4,024.00","4,075.00","4,054.50","4,051.78","38,49,402","15,59,69,31,847.30","1,49,503","20,24,544","52.59"
"LT","EQ","04-May-2026","4,014.00","4,026.00","4,139.50","4,026.00","4,099.80","4,100.80","4,108.50","21,73,027","8,92,78,78,795.40","1,57,535","11,34,489","52.21"
"LT","EQ","30-Apr-2026","4,096.10","4,083.00","4,100.00","3,990.00","4,021.00","4,014.00","4,014.69","25,69,328","10,31,50,53,586.30","1,32,029","12,51,896","48.72"
"LT","EQ","29-Apr-2026","4,037.70","4,060.00","4,126.00","4,051.30","4,083.00","4,096.10","4,099.83","21,75,030","8,91,72,52,744.50","1,20,234","12,12,773","55.76"
"LT","EQ","28-Apr-2026","4,053.60","4,060.00","4,087.90","4,023.90","4,040.00","4,037.70","4,047.65","17,50,237","7,08,43,43,755.40","79,769","10,01,621","57.23"
"LT","EQ","27-Apr-2026","4,014.30","4,058.00","4,089.50","4,030.20","4,055.00","4,053.60","4,066.36","20,00,348","8,13,41,43,442.50","1,07,696","12,67,088","63.34"
"LT","EQ","24-Apr-2026","4,054.10","4,072.00","4,088.10","3,983.20","4,012.00","4,014.30","4,011.61","21,62,213","8,67,39,53,816.60","1,58,647","13,19,504","61.03"
"LT","EQ","23-Apr-2026","4,021.10","4,009.90","4,064.00","3,978.50","4,050.00","4,054.10","4,037.69","22,29,134","9,00,05,42,064.30","1,18,245","12,44,175","55.81"
"LT","EQ","22-Apr-2026","4,075.40","4,070.00","4,070.00","4,011.00","4,016.00","4,021.10","4,032.92","21,78,082","8,78,40,20,558.70","1,34,572","13,41,444","61.59"
"LT","EQ","21-Apr-2026","4,051.00","4,039.00","4,091.80","4,032.00","4,070.00","4,075.40","4,075.65","24,26,718","9,89,04,42,123.90","1,03,366","16,30,553","67.19"
"LT","EQ","20-Apr-2026","4,096.10","4,100.00","4,130.00","4,024.00","4,039.00","4,051.00","4,065.75","35,45,024","14,41,31,70,512.00","1,96,896","21,52,283","60.71"
"LT","EQ","17-Apr-2026","4,119.80","4,134.00","4,142.90","4,072.80","4,105.00","4,096.10","4,103.42","27,96,673","11,47,59,31,109.70","1,24,829","17,15,312","61.33"
"LT","EQ","16-Apr-2026","4,076.30","4,128.00","4,149.00","4,089.00","4,117.00","4,119.80","4,122.94","50,92,608","20,99,65,20,699.00","1,72,822","29,42,796","57.79"
"LT","EQ","15-Apr-2026","3,954.30","4,045.40","4,104.00","4,031.10","4,073.00","4,076.30","4,080.46","45,62,142","18,61,56,60,353.70","2,03,281","27,18,727","59.59"
"LT","EQ","13-Apr-2026","3,959.90","3,825.00","3,971.70","3,815.60","3,953.00","3,954.30","3,931.25","48,97,563","19,25,35,54,839.10","2,18,793","22,89,531","46.75"
"LT","EQ","10-Apr-2026","3,896.20","3,932.00","3,965.00","3,915.60","3,961.00","3,959.90","3,949.07","28,22,017","11,14,43,42,524.80","1,01,522","14,97,129","53.05"
"LT","EQ","09-Apr-2026","4,005.90","3,988.00","3,988.00","3,885.60","3,890.30","3,896.20","3,921.44","44,15,151","17,31,37,69,812.80","2,51,770","21,60,784","48.94"
"LT","EQ","08-Apr-2026","3,723.30","3,948.00","4,032.00","3,931.00","4,010.00","4,005.90","3,994.91","73,68,477","29,43,63,71,223.80","3,16,063","41,48,816","56.30"
"LT","EQ","07-Apr-2026","3,727.70","3,680.00","3,736.20","3,658.00","3,722.00","3,723.30","3,711.01","30,83,714","11,44,36,82,343.40","1,50,098","16,76,088","54.35"
"LT","EQ","06-Apr-2026","3,613.10","3,616.60","3,737.00","3,577.00","3,727.00","3,727.70","3,669.50","33,53,246","12,30,47,27,860.40","1,60,528","17,23,099","51.39"
"LT","EQ","02-Apr-2026","3,607.50","3,539.30","3,629.00","3,470.00","3,610.00","3,613.10","3,548.95","41,21,638","14,62,75,04,388.20","2,01,362","20,05,604","48.66"
"LT","EQ","01-Apr-2026","3,504.10","3,655.00","3,682.90","3,597.30","3,621.00","3,607.50","3,630.24","40,99,786","14,88,31,99,721.60","1,87,793","21,10,095","51.47"
"LT","EQ","30-Mar-2026","3,564.10","3,500.00","3,543.60","3,491.10","3,505.00","3,504.10","3,515.48","35,49,203","12,47,71,61,389.80","2,44,514","20,29,284","57.18"
"LT","EQ","27-Mar-2026","3,649.30","3,640.00","3,640.00","3,547.00","3,570.00","3,564.10","3,572.11","39,91,388","14,25,76,74,750.70","1,74,878","24,21,908","60.68"
"LT","EQ","25-Mar-2026","3,516.80","3,569.90","3,660.00","3,546.00","3,659.00","3,649.30","3,621.06","50,90,205","18,43,19,52,036.20","3,20,240","25,85,519","50.79"
"LT","EQ","24-Mar-2026","3,342.40","3,440.00","3,547.10","3,390.50","3,515.10","3,516.80","3,478.27","60,37,848","21,00,12,69,047.30","3,05,220","30,07,866","49.82"
"LT","EQ","23-Mar-2026","3,434.80","3,405.10","3,409.90","3,288.10","3,341.90","3,342.40","3,327.17","56,45,839","18,78,46,49,604.20","3,19,335","32,21,419","57.06"
"LT","EQ","20-Mar-2026","3,434.50","3,475.00","3,524.00","3,410.00","3,438.10","3,434.80","3,452.81","47,43,217","16,37,74,20,679.30","2,27,003","29,48,775","62.17"
"LT","EQ","19-Mar-2026","3,607.90","3,526.70","3,528.30","3,422.00","3,444.00","3,434.50","3,457.20","48,98,518","16,93,51,47,771.90","3,10,251","26,24,249","53.57"
"LT","EQ","18-Mar-2026","3,542.80","3,569.00","3,638.80","3,555.00","3,602.00","3,607.90","3,605.55","41,90,485","15,10,89,94,988.30","2,00,293","24,86,460","59.34"
"LT","EQ","17-Mar-2026","3,469.40","3,478.00","3,550.00","3,450.00","3,536.50","3,542.80","3,501.41","50,03,418","17,51,90,20,700.00","3,09,529","29,52,728","59.01"
"LT","EQ","16-Mar-2026","3,439.00","3,453.50","3,494.80","3,396.60","3,460.00","3,469.40","3,445.58","84,59,233","29,14,69,50,471.70","3,69,512","50,87,391","60.14"
"LT","EQ","13-Mar-2026","3,719.50","3,696.00","3,697.00","3,424.50","3,445.00","3,439.00","3,511.18","1,07,78,730","37,84,60,37,016.90","5,07,723","71,12,796","65.99"
"LT","EQ","12-Mar-2026","3,838.80","3,825.00","3,830.00","3,704.90","3,713.00","3,719.50","3,760.74","42,55,443","16,00,36,10,914.20","2,62,924","23,20,855","54.54"
"LT","EQ","11-Mar-2026","3,876.00","3,879.70","3,896.70","3,832.00","3,836.00","3,838.80","3,859.76","20,66,473","7,97,60,91,844.60","1,30,657","12,17,140","58.90"
"LT","EQ","10-Mar-2026","3,842.10","3,936.00","3,972.00","3,851.00","3,881.50","3,876.00","3,880.02","33,30,102","12,92,08,68,078.20","1,83,996","16,74,864","50.29"
"LT","EQ","09-Mar-2026","3,949.80","3,850.00","3,852.00","3,743.00","3,836.50","3,842.10","3,791.51","42,48,784","16,10,92,87,723.10","2,43,130","24,27,298","57.13"
"LT","EQ","06-Mar-2026","4,038.70","4,015.00","4,015.00","3,941.00","3,949.00","3,949.80","3,961.11","23,79,314","9,42,47,23,564.90","1,58,659","11,61,565","48.82"
"LT","EQ","05-Mar-2026","3,882.60","3,924.20","4,072.90","3,908.90","4,027.00","4,038.70","3,992.61","49,96,312","19,94,83,10,886.40","2,63,610","26,06,988","52.18"
"LT","EQ","04-Mar-2026","4,066.70","3,950.00","3,959.00","3,760.00","3,882.00","3,882.60","3,827.67","76,35,350","29,22,55,94,445.60","4,89,192","40,31,671","52.80"
"LT","EQ","02-Mar-2026","4,278.30","4,061.00","4,141.40","3,975.40","4,054.00","4,066.70","4,053.82","65,42,141","26,52,06,81,088.10","4,36,388","35,28,625","53.94"
"LT","EQ","27-Feb-2026","4,286.50","4,288.90","4,304.70","4,254.40","4,270.00","4,278.30","4,282.40","23,57,853","10,09,72,69,460.10","1,09,719","16,64,003","70.57"
"LT","EQ","26-Feb-2026","4,298.50","4,304.90","4,340.00","4,278.30","4,290.00","4,286.50","4,304.38","23,70,148","10,20,20,07,351.10","1,46,788","11,64,589","49.14"
"LT","EQ","25-Feb-2026","4,259.20","4,270.00","4,344.90","4,254.20","4,302.00","4,298.50","4,305.28","24,81,469","10,68,34,30,729.90","1,45,176","15,28,229","61.59"
"LT","EQ","24-Feb-2026","4,418.10","4,415.50","4,440.00","4,228.10","4,271.00","4,259.20","4,317.04","36,73,070","15,85,68,02,500.60","1,66,929","24,34,445","66.28"
"LT","EQ","23-Feb-2026","4,380.60","4,395.60","4,431.60","4,371.70","4,419.00","4,418.10","4,402.62","21,22,782","9,34,57,91,882.90","1,09,789","13,99,460","65.93"
"LT","EQ","20-Feb-2026","4,280.50","4,267.10","4,390.00","4,267.10","4,380.10","4,380.60","4,359.84","25,42,442","11,08,46,34,648.70","1,43,149","16,39,728","64.49"
"LT","EQ","19-Feb-2026","4,325.90","4,326.10","4,334.00","4,261.90","4,273.90","4,280.50","4,294.14","20,07,080","8,61,86,86,134.30","1,08,010","12,05,316","60.05"
"LT","EQ","18-Feb-2026","4,279.80","4,290.50","4,335.00","4,261.10","4,310.00","4,325.90","4,300.66","20,42,626","8,78,46,47,123.90","1,11,448","14,13,063","69.18"
"LT","EQ","17-Feb-2026","4,201.50","4,210.10","4,287.00","4,190.10","4,275.80","4,279.80","4,251.49","17,63,048","7,49,55,81,288.40","93,683","9,41,131","53.38"
"LT","EQ","16-Feb-2026","4,173.90","4,170.00","4,206.00","4,135.30","4,200.00","4,201.50","4,182.21","8,52,552","3,56,55,48,595.40","51,800","5,48,119","64.29"
"LT","EQ","13-Feb-2026","4,185.90","4,174.10","4,199.00","4,134.10","4,172.00","4,173.90","4,175.19","22,34,376","9,32,89,34,649.80","1,47,111","16,98,283","76.01"
"LT","EQ","12-Feb-2026","4,170.40","4,187.90","4,199.00","4,160.90","4,180.00","4,185.90","4,186.53","20,06,458","8,40,00,96,341.80","89,895","13,42,616","66.91"
"LT","EQ","11-Feb-2026","4,169.00","4,172.90","4,187.70","4,140.30","4,170.00","4,170.40","4,164.75","16,89,489","7,03,62,98,541.10","86,964","12,49,211","73.94"
"LT","EQ","10-Feb-2026","4,113.60","4,140.00","4,174.60","4,122.40","4,168.00","4,169.00","4,157.31","18,90,409","7,85,90,07,266.70","92,437","10,56,385","55.88"
"LT","EQ","09-Feb-2026","4,068.10","4,073.90","4,124.70","4,062.40","4,109.00","4,113.60","4,108.26","18,30,267","7,51,92,21,108.30","92,278","12,74,824","69.65"
"LT","EQ","06-Feb-2026","4,063.30","4,055.00","4,078.00","4,042.30","4,065.40","4,068.10","4,062.59","16,30,836","6,62,54,14,356.40","87,660","10,20,140","62.55"
"LT","EQ","05-Feb-2026","4,087.10","4,088.00","4,088.50","4,035.90","4,060.00","4,063.30","4,060.81","14,33,240","5,82,01,17,635.50","1,28,802","8,31,946","58.05"
"LT","EQ","04-Feb-2026","4,038.80","4,029.00","4,107.00","4,016.90","4,080.20","4,087.10","4,083.65","14,03,373","5,73,08,83,489.70","1,13,811","8,38,870","59.78"
"LT","EQ","03-Feb-2026","3,921.30","4,117.00","4,122.00","4,030.60","4,038.00","4,038.80","4,061.32","37,42,190","15,19,82,41,301.20","2,58,219","21,94,084","58.63"
"LT","EQ","02-Feb-2026","3,814.00","3,830.70","3,934.80","3,825.00","3,914.00","3,921.30","3,906.67","30,34,613","11,85,52,25,523.10","1,70,586","17,78,487","58.61"
"LT","EQ","01-Feb-2026","3,932.30","3,953.00","4,042.80","3,756.00","3,800.00","3,814.00","3,927.70","26,54,727","10,42,69,66,161.90","1,41,332","10,94,146","41.22"
"LT","EQ","30-Jan-2026","3,932.90","3,902.50","3,942.40","3,891.80","3,935.00","3,932.30","3,923.36","22,08,465","8,66,46,02,346.10","1,20,197","15,79,119","71.50"
"LT","EQ","29-Jan-2026","3,794.00","3,860.00","3,960.90","3,843.60","3,938.00","3,932.90","3,922.30","42,27,139","16,58,01,23,312.90","1,86,910","19,55,557","46.26"
"LT","EQ","28-Jan-2026","3,787.80","3,804.30","3,828.20","3,769.10","3,796.90","3,794.00","3,797.75","21,11,741","8,01,98,71,592.20","1,08,273","12,26,290","58.07"
"LT","EQ","27-Jan-2026","3,743.80","3,743.80","3,815.00","3,739.00","3,804.50","3,787.80","3,772.11","21,62,193","8,15,60,24,331.90","1,12,278","11,33,348","52.42"
"LT","EQ","23-Jan-2026","3,793.80","3,798.00","3,799.40","3,720.10","3,750.00","3,743.80","3,747.94","18,98,703","7,11,62,15,566.80","87,816","12,56,731","66.19"
"LT","EQ","22-Jan-2026","3,766.50","3,798.90","3,801.30","3,755.10","3,797.90","3,793.80","3,779.30","18,56,812","7,01,74,49,924.10","99,239","8,70,224","46.87"
"LT","EQ","21-Jan-2026","3,810.50","3,800.00","3,830.00","3,722.00","3,770.00","3,766.50","3,762.25","25,37,185","9,54,55,31,064.70","1,69,934","14,97,775","59.03"
"LT","EQ","20-Jan-2026","3,869.80","3,858.00","3,874.30","3,800.00","3,808.00","3,810.50","3,826.20","16,58,119","6,34,42,92,993.40","1,19,992","8,92,942","53.85"
"LT","EQ","19-Jan-2026","3,856.40","3,820.00","3,878.40","3,808.50","3,863.70","3,869.80","3,841.62","17,09,380","6,56,67,92,241.70","88,630","8,98,758","52.58"
"LT","EQ","16-Jan-2026","3,865.80","3,890.00","3,914.00","3,848.70","3,857.00","3,856.40","3,875.35","18,07,300","7,00,39,28,746.20","1,26,699","11,04,280","61.10"
"LT","EQ","14-Jan-2026","3,887.40","3,900.00","3,904.90","3,856.60","3,868.00","3,865.80","3,878.74","19,14,244","7,42,48,57,238.00","1,26,414","9,78,315","51.11"
"LT","EQ","13-Jan-2026","4,019.00","4,028.00","4,028.00","3,837.00","3,890.00","3,887.40","3,896.10","49,78,634","19,39,72,50,659.50","2,57,347","22,23,057","44.65"
"LT","EQ","12-Jan-2026","4,025.20","4,026.00","4,026.90","3,944.30","4,024.00","4,019.00","3,989.10","13,86,513","5,53,09,34,380.20","95,355","7,01,479","50.59"
"LT","EQ","09-Jan-2026","4,028.40","4,029.00","4,094.00","4,006.20","4,019.80","4,025.20","4,036.45","17,18,127","6,93,51,41,081.50","88,250","8,68,326","50.54"
"LT","EQ","08-Jan-2026","4,157.00","4,160.00","4,169.90","3,991.30","4,044.70","4,028.40","4,076.57","23,28,813","9,49,35,66,831.90","1,55,478","13,34,775","57.32"
"LT","EQ","07-Jan-2026","4,140.60","4,106.00","4,180.00","4,094.00","4,150.10","4,157.00","4,136.92","12,13,160","5,01,87,48,896.70","1,00,608","7,76,950","64.04"
"LT","EQ","06-Jan-2026","4,150.40","4,153.00","4,185.00","4,129.90","4,141.00","4,140.60","4,150.71","12,05,337","5,00,30,05,633.60","85,290","6,48,094","53.77"
"LT","EQ","05-Jan-2026","4,163.40","4,162.90","4,195.00","4,132.80","4,149.00","4,150.40","4,163.02","11,67,460","4,86,01,54,233.80","89,730","7,63,912","65.43"
"LT","EQ","02-Jan-2026","4,140.40","4,138.10","4,172.70","4,127.10","4,164.70","4,163.40","4,155.35","9,84,027","4,08,89,71,711.10","82,278","5,43,323","55.21"
"LT","EQ","01-Jan-2026","4,083.50","4,090.00","4,146.80","4,088.30","4,136.00","4,140.40","4,132.19","13,60,716","5,62,27,34,970.80","1,03,110","6,63,745","48.78"
"LT","EQ","31-Dec-2025","4,052.00","4,058.00","4,094.50","4,048.00","4,083.00","4,083.50","4,075.90","11,60,164","4,72,87,16,010.60","88,267","7,64,219","65.87"
"LT","EQ","30-Dec-2025","4,038.70","4,039.00","4,063.90","4,006.20","4,056.00","4,052.00","4,047.07","13,62,208","5,51,29,57,239.30","89,322","7,96,676","58.48"
"LT","EQ","29-Dec-2025","4,047.30","4,053.00","4,061.10","4,033.40","4,039.00","4,038.70","4,043.97","9,52,143","3,85,04,41,734.30","63,280","5,93,213","62.30"
"LT","EQ","26-Dec-2025","4,053.60","4,052.00","4,061.50","4,030.20","4,051.00","4,047.30","4,040.73","5,94,330","2,40,15,29,162.40","46,406","3,63,869","61.22"
"LT","EQ","24-Dec-2025","4,058.80","4,065.00","4,080.70","4,048.10","4,052.00","4,053.60","4,057.61","10,21,436","4,14,45,92,456.20","95,816","5,02,918","49.24"
"LT","EQ","23-Dec-2025","4,072.40","4,089.00","4,095.00","4,053.30","4,070.00","4,058.80","4,071.48","18,67,147","7,60,20,46,990.80","1,48,137","9,54,800","51.14"
"LT","EQ","22-Dec-2025","4,073.50","4,081.00","4,098.50","4,068.50","4,073.00","4,072.40","4,077.39","7,64,774","3,11,82,81,882.10","79,255","4,15,588","54.34"
"LT","EQ","19-Dec-2025","4,031.10","4,040.10","4,091.50","4,040.10","4,075.00","4,073.50","4,077.08","13,27,935","5,41,40,96,999.20","98,050","8,31,050","62.58"
"LT","EQ","18-Dec-2025","4,062.40","4,067.00","4,071.80","4,023.40","4,028.40","4,031.10","4,042.18","10,04,303","4,05,95,69,191.90","1,04,514","5,04,610","50.24"
"LT","EQ","17-Dec-2025","4,063.80","4,079.00","4,079.00","4,040.00","4,060.10","4,062.40","4,057.12","10,87,334","4,41,14,46,580.90","69,688","6,24,752","57.46"
"LT","EQ","16-Dec-2025","4,092.30","4,083.70","4,103.80","4,051.20","4,060.00","4,063.80","4,063.44","21,99,214","8,93,63,79,899.40","90,672","15,59,697","70.92"
"LT","EQ","15-Dec-2025","4,074.10","4,072.80","4,096.00","4,063.80","4,090.00","4,092.30","4,082.07","10,64,975","4,34,73,07,061.00","99,196","7,11,671","66.83"
"LT","EQ","12-Dec-2025","4,003.90","4,061.00","4,114.00","4,048.60","4,072.80","4,074.10","4,079.28","22,07,898","9,00,66,32,921.30","1,17,889","12,30,441","55.73"
"LT","EQ","11-Dec-2025","3,991.30","3,993.20","4,015.00","3,984.60","4,003.00","4,003.90","4,002.75","8,41,371","3,36,77,98,580.60","70,935","4,35,445","51.75"
"LT","EQ","10-Dec-2025","3,997.50","4,000.00","4,030.00","3,970.00","3,990.60","3,991.30","4,005.14","9,57,277","3,83,40,23,953.40","78,323","5,47,600","57.20"
"LT","EQ","09-Dec-2025","3,996.70","3,990.00","4,019.90","3,949.10","3,994.50","3,997.50","3,995.83","17,88,464","7,14,63,99,199.90","1,09,657","8,42,252","47.09"
"LT","EQ","08-Dec-2025","4,038.20","4,047.00","4,047.90","3,976.90","3,999.50","3,996.70","4,000.97","11,27,841","4,51,24,60,149.60","85,324","5,75,007","50.98"
"LT","EQ","05-Dec-2025","3,983.60","3,999.00","4,048.00","3,975.10","4,039.00","4,038.20","4,026.21","10,73,758","4,32,31,78,153.10","73,212","4,95,467","46.14"
"LT","EQ","04-Dec-2025","3,988.00","3,990.00","4,009.20","3,961.70","3,991.00","3,983.60","3,992.23","10,26,968","4,09,98,91,373.10","87,986","5,77,767","56.26"
"LT","EQ","03-Dec-2025","4,030.50","4,032.00","4,046.90","3,970.10","3,995.50","3,988.00","3,988.60","11,23,990","4,48,31,45,217.10","93,872","7,13,170","63.45"
"LT","EQ","02-Dec-2025","4,073.20","4,066.50","4,088.60","4,023.80","4,034.90","4,030.50","4,040.90","14,90,917","6,02,46,48,608.60","1,15,931","7,90,822","53.04"
"LT","EQ","01-Dec-2025","4,069.60","4,087.00","4,103.40","4,050.00","4,067.00","4,073.20","4,071.67","12,51,770","5,09,67,98,928.20","1,16,745","7,20,227","57.54"
"LT","EQ","28-Nov-2025","4,081.30","4,085.00","4,104.20","4,054.70","4,080.00","4,069.60","4,076.06","13,18,133","5,37,27,95,390.00","1,12,407","7,97,023","60.47"
"LT","EQ","27-Nov-2025","4,062.00","4,071.00","4,140.00","4,059.60","4,080.00","4,081.30","4,103.11","22,25,064","9,12,96,84,712.50","1,60,848","10,97,959","49.35"
"LT","EQ","26-Nov-2025","3,996.70","3,999.00","4,074.60","3,998.00","4,060.00","4,062.00","4,053.14","20,58,237","8,34,23,31,440.60","1,44,192","11,84,804","57.56"
"LT","EQ","25-Nov-2025","4,013.30","4,013.00","4,055.50","3,981.60","3,982.20","3,996.70","4,023.11","17,49,083","7,03,67,44,650.40","1,11,665","7,97,907","45.62"
"LT","EQ","24-Nov-2025","4,024.90","4,025.00","4,038.00","4,003.70","4,006.50","4,013.30","4,016.71","15,84,741","6,36,54,41,341.20","78,477","11,41,787","72.05"
"LT","EQ","21-Nov-2025","4,037.40","4,026.00","4,057.00","4,015.20","4,025.00","4,024.90","4,031.54","12,41,149","5,00,37,40,550.10","98,448","7,05,351","56.83"
"LT","EQ","20-Nov-2025","4,019.60","4,035.00","4,048.00","4,007.70","4,035.10","4,037.40","4,031.15","14,63,574","5,89,98,88,196.00","1,07,944","6,75,287","46.14"
"LT","EQ","19-Nov-2025","3,999.60","4,007.00","4,026.50","3,980.30","4,018.40","4,019.60","4,011.22","9,23,032","3,70,24,86,075.60","66,571","5,42,129","58.73"
"LT","EQ","18-Nov-2025","4,027.70","4,020.00","4,026.80","3,978.90","3,998.90","3,999.60","4,001.54","17,48,928","6,99,84,01,702.70","1,04,985","7,68,346","43.93"
"LT","EQ","17-Nov-2025","4,004.40","4,004.40","4,030.00","4,000.10","4,025.00","4,027.70","4,017.12","12,06,133","4,84,51,77,771.00","93,147","7,63,641","63.31"
"LT","EQ","14-Nov-2025","4,002.50","4,002.00","4,011.50","3,971.60","4,004.00","4,004.40","3,994.47","19,16,910","7,65,70,38,797.50","1,08,120","13,79,792","71.98"
"LT","EQ","13-Nov-2025","3,954.60","3,954.60","4,022.90","3,925.60","4,005.00","4,002.50","3,993.68","18,34,962","7,32,82,46,306.30","1,00,532","11,97,533","65.26"
"LT","EQ","12-Nov-2025","3,955.00","3,970.00","3,973.80","3,936.90","3,955.00","3,954.60","3,952.55","9,81,350","3,87,88,37,240.10","61,125","6,71,317","68.41"
"LT","EQ","11-Nov-2025","3,918.50","3,929.00","3,966.80","3,897.00","3,954.00","3,955.00","3,943.73","17,75,462","7,00,19,38,505.50","91,807","9,23,586","52.02"
"LT","EQ","10-Nov-2025","3,882.50","3,895.00","3,943.80","3,894.00","3,916.80","3,918.50","3,926.38","13,97,176","5,48,58,45,784.90","1,12,929","8,04,202","57.56"
"LT","EQ","07-Nov-2025","3,881.60","3,877.10","3,892.90","3,831.10","3,882.10","3,882.50","3,866.22","15,77,294","6,09,81,58,162.80","88,564","9,82,949","62.32"
"LT","EQ","06-Nov-2025","3,924.40","3,945.00","3,978.00","3,872.10","3,893.00","3,881.60","3,905.55","17,49,063","6,83,10,60,755.10","1,99,865","8,31,032","47.51"
"LT","EQ","04-Nov-2025","3,980.50","3,985.00","3,990.00","3,916.80","3,925.00","3,924.40","3,938.35","20,42,881","8,04,55,86,217.10","1,20,854","11,93,640","58.43"
"LT","EQ","03-Nov-2025","4,030.90","4,030.00","4,041.00","3,974.90","3,980.90","3,980.50","4,004.50","11,54,072","4,62,14,86,438.20","1,19,302","6,78,636","58.80"
"LT","EQ","31-Oct-2025","3,987.50","4,001.10","4,045.90","3,980.20","4,028.00","4,030.90","4,024.92","23,28,183","9,37,07,42,553.40","1,73,498","14,69,636","63.12"
"LT","EQ","30-Oct-2025","3,958.10","3,980.00","4,062.60","3,975.60","3,989.40","3,987.50","4,018.51","49,59,400","19,92,93,80,105.20","3,14,012","22,06,390","44.49"
"LT","EQ","29-Oct-2025","3,972.80","3,988.00","4,016.70","3,920.00","3,957.30","3,958.10","3,960.74","25,63,641","10,15,39,14,748.70","1,31,435","12,87,777","50.23"
"LT","EQ","28-Oct-2025","3,923.80","3,922.10","3,986.00","3,917.30","3,981.60","3,972.80","3,954.06","33,91,806","13,41,13,95,778.40","1,66,102","16,90,854","49.85"
"LT","EQ","27-Oct-2025","3,904.90","3,912.00","3,948.00","3,907.00","3,921.70","3,923.80","3,929.55","10,57,688","4,15,62,35,571.80","74,849","6,23,201","58.92"
"LT","EQ","24-Oct-2025","3,918.70","3,929.30","3,939.90","3,897.50","3,905.00","3,904.90","3,917.19","11,46,636","4,49,15,87,430.60","1,17,912","5,30,105","46.23"
"LT","EQ","23-Oct-2025","3,888.20","3,890.00","3,966.20","3,890.00","3,916.00","3,918.70","3,935.74","28,15,778","11,08,21,69,549.70","1,95,910","14,91,493","52.97"
"LT","EQ","21-Oct-2025","3,872.70","3,892.00","3,895.00","3,877.20","3,887.00","3,888.20","3,888.65","2,60,327","1,01,23,20,055.60","20,939","1,56,908","60.28"
"LT","EQ","20-Oct-2025","3,839.40","3,862.00","3,887.60","3,845.40","3,872.00","3,872.70","3,869.95","12,23,232","4,73,38,41,332.70","1,37,333","5,36,337","43.85"
"LT","EQ","17-Oct-2025","3,861.80","3,860.00","3,869.50","3,830.10","3,838.00","3,839.40","3,848.44","13,37,364","5,14,67,71,465.40","90,733","7,54,551","56.42"
"LT","EQ","16-Oct-2025","3,828.70","3,830.30","3,885.90","3,830.00","3,862.00","3,861.80","3,862.85","23,30,283","9,00,15,39,845.10","1,88,365","14,64,465","62.84"
"LT","EQ","15-Oct-2025","3,744.30","3,747.00","3,843.90","3,744.30","3,823.60","3,828.70","3,822.77","25,75,918","9,84,71,45,842.80","1,40,670","16,50,837","64.09"
"LT","EQ","14-Oct-2025","3,769.50","3,775.00","3,786.80","3,730.20","3,736.00","3,744.30","3,753.88","13,64,583","5,12,24,80,119.40","1,11,937","6,41,852","47.04"
"LT","EQ","13-Oct-2025","3,784.00","3,780.00","3,784.00","3,745.00","3,765.50","3,769.50","3,764.19","11,91,248","4,48,40,88,111.60","95,051","5,82,524","48.90"
"LT","EQ","10-Oct-2025","3,769.20","3,765.00","3,799.00","3,760.00","3,779.00","3,784.00","3,786.11","11,29,678","4,27,70,79,829.50","77,989","6,21,407","55.01"
"LT","EQ","09-Oct-2025","3,729.80","3,735.50","3,796.40","3,730.10","3,764.10","3,769.20","3,769.21","18,27,249","6,88,72,82,091.00","1,02,873","9,07,664","49.67"
"LT","EQ","08-Oct-2025","3,729.70","3,730.00","3,760.00","3,715.00","3,728.00","3,729.80","3,737.53","14,24,633","5,32,46,07,989.30","97,577","8,36,552","58.72"
"LT","BL","08-Oct-2025","3,740.00","3,749.00","3,749.00","3,749.00","3,749.00","3,749.00","3,749.00","72,034","27,00,55,466.00","1","-","-"
"LT","EQ","07-Oct-2025","3,737.00","3,748.00","3,766.00","3,725.00","3,730.50","3,729.70","3,740.08","16,73,945","6,26,06,95,648.30","97,367","8,20,642","49.02"
"LT","BL","07-Oct-2025","3,681.00","3,740.00","3,740.00","3,740.00","3,740.00","3,740.00","3,740.00","72,035","26,94,10,900.00","1","-","-"
"LT","EQ","06-Oct-2025","3,733.10","3,720.00","3,767.00","3,703.00","3,745.10","3,737.00","3,742.06","15,81,506","5,91,80,83,899.30","1,09,875","9,36,248","59.20"
"LT","EQ","03-Oct-2025","3,670.30","3,690.00","3,746.00","3,666.30","3,742.90","3,733.10","3,701.79","19,59,124","7,25,22,60,366.00","1,13,550","12,61,279","64.38"
"LT","EQ","01-Oct-2025","3,659.00","3,658.90","3,688.00","3,615.00","3,685.00","3,670.30","3,656.15","20,05,028","7,33,06,84,925.60","1,30,858","11,93,741","59.54"
"LT","EQ","30-Sep-2025","3,688.40","3,695.00","3,696.60","3,648.00","3,665.30","3,659.00","3,662.67","16,76,302","6,13,97,42,188.70","1,47,074","10,29,130","61.39"
"LT","EQ","29-Sep-2025","3,729.50","3,738.00","3,740.00","3,679.60","3,704.30","3,688.40","3,700.40","25,99,630","9,61,96,61,207.10","1,55,433","14,83,724","57.07"
"LT","EQ","26-Sep-2025","3,644.40","3,664.00","3,794.90","3,661.00","3,743.00","3,729.50","3,741.34","58,70,301","21,96,28,19,514.90","2,78,037","28,57,571","48.68"
"LT","EQ","25-Sep-2025","3,673.80","3,684.00","3,704.00","3,635.70","3,650.00","3,644.40","3,661.64","19,99,071","7,31,98,70,218.30","1,20,159","10,62,082","53.13"
"LT","EQ","24-Sep-2025","3,657.60","3,657.60","3,709.20","3,637.10","3,674.20","3,673.80","3,683.93","17,45,130","6,42,89,42,601.10","1,04,811","8,96,476","51.37"
"LT","EQ","23-Sep-2025","3,644.50","3,646.90","3,673.50","3,613.20","3,660.00","3,657.60","3,649.80","12,62,120","4,60,64,89,164.50","80,055","5,06,329","40.12"
"LT","EQ","22-Sep-2025","3,675.40","3,693.60","3,693.60","3,633.90","3,645.90","3,644.50","3,656.59","8,39,430","3,06,94,50,140.70","58,734","4,80,226","57.21"
"LT","BL","19-Sep-2025","3,540.60","3,681.00","3,681.00","3,681.00","3,681.00","3,681.00","3,681.00","2,71,223","99,83,71,863.00","1","-","-"
"LT","EQ","19-Sep-2025","3,686.00","3,679.00","3,705.00","3,671.00","3,684.00","3,675.40","3,681.61","22,27,521","8,20,08,61,020.50","1,09,853","16,98,619","76.26"
"LT","EQ","18-Sep-2025","3,685.50","3,691.00","3,700.00","3,672.50","3,685.00","3,686.00","3,687.31","12,70,148","4,68,34,28,851.10","97,311","6,72,138","52.92"
"LT","EQ","17-Sep-2025","3,667.80","3,672.00","3,704.00","3,662.70","3,684.60","3,685.50","3,689.40","16,10,471","5,94,16,71,243.90","1,14,979","9,95,772","61.83"
"LT","EQ","16-Sep-2025","3,586.20","3,603.90","3,674.00","3,593.10","3,670.00","3,667.80","3,646.40","29,28,060","10,67,68,78,746.50","1,93,641","14,64,986","50.03"
"LT","EQ","15-Sep-2025","3,579.80","3,581.00","3,607.00","3,575.50","3,588.60","3,586.20","3,594.53","11,77,076","4,23,10,40,710.30","88,666","7,19,992","61.17"
"LT","EQ","12-Sep-2025","3,539.70","3,556.40","3,595.40","3,548.10","3,579.00","3,579.80","3,581.99","11,46,873","4,10,80,90,597.80","94,504","6,63,288","57.83"
"LT","EQ","11-Sep-2025","3,550.00","3,548.00","3,564.70","3,533.00","3,542.50","3,539.70","3,541.53","11,77,793","4,17,11,94,610.80","1,10,651","4,61,338","39.17"
"LT","EQ","10-Sep-2025","3,525.00","3,559.00","3,577.40","3,541.10","3,556.00","3,550.00","3,553.11","11,36,732","4,03,89,37,830.40","90,275","6,36,468","55.99"
"LT","EQ","09-Sep-2025","3,529.60","3,547.20","3,550.00","3,516.40","3,527.50","3,525.00","3,529.28","15,22,116","5,37,19,78,298.20","94,051","7,39,598","48.59"
"LT","EQ","08-Sep-2025","3,553.60","3,570.00","3,579.90","3,525.00","3,532.00","3,529.60","3,544.50","10,39,999","3,68,62,77,127.70","86,765","5,38,271","51.76"
"LT","EQ","05-Sep-2025","3,592.60","3,592.80","3,609.10","3,549.10","3,553.70","3,553.60","3,565.84","8,30,812","2,96,25,40,547.60","79,991","4,00,990","48.26"
"LT","EQ","04-Sep-2025","3,600.80","3,622.90","3,624.90","3,572.50","3,592.60","3,592.60","3,593.13","14,34,998","5,15,61,32,286.20","1,05,262","5,84,243","40.71"
"LT","EQ","03-Sep-2025","3,574.90","3,594.00","3,606.30","3,560.00","3,601.00","3,600.80","3,584.19","13,14,831","4,71,26,00,627.20","73,413","7,96,758","60.60"
"LT","EQ","02-Sep-2025","3,598.40","3,598.40","3,619.90","3,560.00","3,575.00","3,574.90","3,588.36","12,30,950","4,41,70,89,601.10","1,10,116","4,51,242","36.66"
"LT","EQ","01-Sep-2025","3,601.00","3,601.00","3,628.60","3,581.90","3,595.00","3,598.40","3,598.46","10,94,155","3,93,72,70,954.10","90,441","5,68,797","51.99"
"LT","EQ","29-Aug-2025","3,560.10","3,575.60","3,615.00","3,540.20","3,605.00","3,601.00","3,593.70","16,78,055","6,03,04,31,708.50","1,14,553","9,35,775","55.77"
"LT","EQ","28-Aug-2025","3,541.30","3,540.00","3,576.90","3,537.20","3,564.10","3,560.10","3,560.11","16,95,226","6,03,51,89,848.20","1,43,098","8,33,469","49.17"
"LT","EQ","26-Aug-2025","3,603.10","3,599.00","3,600.00","3,531.00","3,552.00","3,541.30","3,557.82","17,87,363","6,35,91,11,540.50","1,31,444","9,81,688","54.92"
"LT","EQ","25-Aug-2025","3,595.80","3,616.00","3,617.90","3,584.30","3,604.40","3,603.10","3,597.84","9,80,393","3,52,72,98,090.50","64,094","6,83,916","69.76"
"LT","EQ","22-Aug-2025","3,612.60","3,610.00","3,634.50","3,582.00","3,592.00","3,595.80","3,602.77","10,60,447","3,82,05,44,836.80","95,017","6,58,148","62.06"
"LT","EQ","21-Aug-2025","3,592.30","3,599.00","3,648.00","3,588.00","3,619.50","3,612.60","3,619.84","16,24,009","5,87,86,53,828.40","1,42,344","8,61,298","53.04"
"LT","EQ","20-Aug-2025","3,613.00","3,613.50","3,619.90","3,580.00","3,593.00","3,592.30","3,594.63","13,25,096","4,76,32,30,931.80","88,284","7,81,175","58.95"
"LT","EQ","19-Aug-2025","3,635.10","3,648.90","3,654.00","3,608.20","3,618.00","3,613.00","3,626.55","13,52,944","4,90,65,13,767.70","73,994","9,11,307","67.36"
"LT","EQ","18-Aug-2025","3,677.00","3,699.00","3,701.50","3,621.70","3,640.00","3,635.10","3,642.97","19,50,151","7,10,43,45,277.10","1,01,347","12,22,553","62.69"
"LT","EQ","14-Aug-2025","3,693.70","3,700.00","3,708.50","3,641.70","3,672.10","3,677.00","3,669.60","17,69,702","6,49,41,00,710.30","84,392","11,69,250","66.07"
"LT","EQ","13-Aug-2025","3,686.10","3,696.00","3,716.00","3,681.30","3,692.00","3,693.70","3,702.13","12,27,196","4,54,32,45,201.10","72,453","7,80,889","63.63"
"LT","EQ","12-Aug-2025","3,668.40","3,680.00","3,727.90","3,673.10","3,679.80","3,686.10","3,699.97","22,80,103","8,43,63,03,381.30","1,39,129","13,35,582","58.58"
"LT","EQ","11-Aug-2025","3,607.60","3,610.00","3,676.90","3,600.00","3,672.00","3,668.40","3,651.77","18,22,410","6,65,50,22,511.20","1,18,763","12,12,722","66.54"
"LT","EQ","08-Aug-2025","3,641.60","3,641.60","3,662.30","3,600.00","3,610.00","3,607.60","3,628.12","13,37,067","4,85,10,43,230.00","59,130","9,48,514","70.94"
"LT","EQ","07-Aug-2025","3,628.40","3,610.30","3,649.00","3,599.20","3,641.80","3,641.60","3,615.09","12,11,790","4,38,07,34,335.50","72,219","7,62,885","62.96"
"LT","EQ","06-Aug-2025","3,652.60","3,650.00","3,671.00","3,622.20","3,633.00","3,628.40","3,637.58","9,31,383","3,38,79,81,547.80","60,406","5,90,877","63.44"
"LT","EQ","05-Aug-2025","3,631.10","3,630.00","3,657.70","3,608.30","3,650.00","3,652.60","3,637.79","11,58,433","4,21,41,32,130.30","89,832","7,35,527","63.49"
"LT","EQ","04-Aug-2025","3,587.30","3,595.20","3,636.80","3,577.00","3,630.00","3,631.10","3,621.92","10,33,049","3,74,16,15,734.10","1,10,335","6,95,739","67.35"
"LT","EQ","01-Aug-2025","3,636.50","3,636.00","3,636.00","3,578.10","3,595.20","3,587.30","3,602.61","12,05,945","4,34,45,49,401.30","83,517","7,35,692","61.01"
"LT","EQ","31-Jul-2025","3,665.10","3,625.00","3,662.90","3,621.00","3,628.50","3,636.50","3,646.85","19,27,627","7,02,97,71,788.90","1,07,576","10,47,227","54.33"
"LT","EQ","30-Jul-2025","3,495.60","3,622.00","3,685.30","3,590.00","3,659.20","3,665.10","3,645.37","87,60,659","31,93,58,32,700.70","4,27,790","50,63,512","57.80"
"LT","EQ","29-Jul-2025","3,422.20","3,418.00","3,504.30","3,406.50","3,488.00","3,495.60","3,462.01","12,41,060","4,29,65,60,618.60","95,304","6,23,061","50.20"
"LT","EQ","28-Jul-2025","3,442.90","3,430.10","3,446.10","3,405.10","3,421.50","3,422.20","3,424.05","22,56,080","7,72,49,40,517.20","87,996","15,88,791","70.42"
"LT","EQ","25-Jul-2025","3,477.50","3,470.00","3,477.00","3,437.40","3,442.00","3,442.90","3,454.40","13,38,744","4,62,45,53,661.10","75,006","9,14,390","68.30"
"LT","EQ","24-Jul-2025","3,484.90","3,484.90","3,493.40","3,461.00","3,477.90","3,477.50","3,472.14","10,83,671","3,76,26,60,752.60","55,991","7,76,185","71.63"
"LT","EQ","23-Jul-2025","3,464.60","3,476.20","3,490.00","3,458.60","3,483.30","3,484.90","3,470.50","11,92,261","4,13,77,39,256.40","59,744","9,23,989","77.50"
"LT","EQ","22-Jul-2025","3,502.80","3,502.00","3,507.60","3,454.10","3,468.00","3,464.60","3,470.70","25,86,522","8,97,70,37,344.00","82,376","21,68,191","83.83"
"LT","EQ","21-Jul-2025","3,464.80","3,467.60","3,508.10","3,444.90","3,503.00","3,502.80","3,491.55","15,21,623","5,31,28,22,362.80","77,895","10,08,566","66.28"
"LT","EQ","18-Jul-2025","3,474.00","3,489.00","3,499.00","3,450.00","3,468.70","3,464.80","3,462.40","18,18,696","6,29,70,44,981.90","1,01,524","12,87,731","70.81"
"LT","EQ","17-Jul-2025","3,503.80","3,515.00","3,515.00","3,467.50","3,478.60","3,474.00","3,486.82","22,17,275","7,73,12,37,608.80","85,889","16,05,858","72.42"
"LT","EQ","16-Jul-2025","3,494.00","3,504.00","3,516.00","3,477.00","3,505.10","3,503.80","3,496.46","12,66,964","4,42,98,84,889.60","87,927","8,51,819","67.23"
"LT","EQ","15-Jul-2025","3,495.90","3,519.00","3,521.00","3,481.70","3,495.50","3,494.00","3,498.33","15,85,193","5,54,55,21,828.00","96,670","11,19,154","70.60"
"LT","EQ","14-Jul-2025","3,540.60","3,540.60","3,548.70","3,488.00","3,493.90","3,495.90","3,498.73","13,58,844","4,75,42,31,386.80","1,04,044","9,61,684","70.77"
"LT","BL","14-Jul-2025","3,683.00","3,540.60","3,540.60","3,540.60","3,540.60","3,540.60","3,540.60","2,48,532","87,99,52,399.20","1","-","-"
"LT","EQ","11-Jul-2025","3,574.70","3,575.00","3,586.60","3,535.50","3,537.00","3,540.60","3,550.71","14,39,747","5,11,21,19,676.90","1,26,459","9,86,607","68.53"
"LT","EQ","10-Jul-2025","3,579.70","3,575.00","3,589.90","3,569.00","3,573.80","3,574.70","3,578.59","10,63,910","3,80,73,00,848.50","59,582","7,86,512","73.93"
"LT","EQ","09-Jul-2025","3,606.40","3,605.00","3,605.10","3,568.20","3,581.00","3,579.70","3,580.27","10,08,876","3,61,20,50,199.90","73,760","6,13,030","60.76"
"LT","EQ","08-Jul-2025","3,581.40","3,580.00","3,614.00","3,560.00","3,607.00","3,606.40","3,589.92","15,13,912","5,43,48,29,255.10","73,277","10,08,999","66.65"
"LT","EQ","07-Jul-2025","3,594.60","3,599.90","3,609.80","3,575.10","3,580.00","3,581.40","3,587.72","7,19,539","2,58,15,06,596.80","70,912","4,55,711","63.33"
"LT","EQ","04-Jul-2025","3,582.90","3,590.00","3,600.00","3,570.10","3,595.00","3,594.60","3,587.51","6,96,402","2,49,83,48,963.60","61,642","3,56,813","51.24"
"LT","EQ","03-Jul-2025","3,596.80","3,605.00","3,625.00","3,576.00","3,581.40","3,582.90","3,595.20","12,29,034","4,41,86,22,664.80","77,121","6,67,609","54.32"
"LT","EQ","02-Jul-2025","3,666.70","3,666.60","3,674.20","3,583.90","3,593.80","3,596.80","3,611.63","13,30,176","4,80,41,09,982.20","1,00,999","8,17,842","61.48"
"LT","EQ","01-Jul-2025","3,669.80","3,669.80","3,678.90","3,645.00","3,665.00","3,666.70","3,664.57","10,54,380","3,86,38,44,558.50","77,782","6,19,159","58.72"
"LT","EQ","30-Jun-2025","3,679.20","3,682.00","3,717.50","3,652.70","3,671.00","3,669.80","3,680.80","15,08,882","5,55,38,92,750.40","1,08,176","8,95,912","59.38"
"LT","EQ","27-Jun-2025","3,659.60","3,665.00","3,731.40","3,665.00","3,678.90","3,679.20","3,695.03","27,20,600","10,05,26,85,084.10","1,32,720","15,81,675","58.14"
"LT","EQ","26-Jun-2025","3,619.80","3,620.10","3,669.00","3,620.10","3,660.30","3,659.60","3,647.42","25,78,926","9,40,64,35,506.40","1,18,158","15,23,653","59.08"
"LT","EQ","25-Jun-2025","3,604.80","3,640.00","3,642.00","3,608.90","3,623.90","3,619.80","3,622.10","14,05,262","5,08,99,95,337.40","84,597","7,70,681","54.84"
"LT","EQ","24-Jun-2025","3,583.70","3,637.10","3,684.00","3,597.00","3,612.00","3,604.80","3,636.16","27,51,637","10,00,54,00,885.00","1,52,946","12,21,697","44.40"
"LT","EQ","23-Jun-2025","3,662.00","3,645.00","3,660.00","3,574.60","3,579.00","3,583.70","3,598.86","18,67,977","6,72,25,85,294.90","1,35,563","11,78,760","63.10"
"LT","EQ","20-Jun-2025","3,621.10","3,614.00","3,669.90","3,614.00","3,658.00","3,662.00","3,656.50","25,75,277","9,41,65,01,920.00","1,19,108","18,63,469","72.36"
"LT","EQ","19-Jun-2025","3,601.50","3,607.00","3,643.00","3,591.10","3,615.60","3,621.10","3,620.89","15,80,819","5,72,39,70,604.30","97,791","7,73,255","48.91"
"LT","EQ","18-Jun-2025","3,622.30","3,622.00","3,639.10","3,587.20","3,600.80","3,601.50","3,605.23","7,43,311","2,67,98,08,741.30","60,898","3,94,465","53.07"
"LT","EQ","17-Jun-2025","3,628.70","3,622.00","3,627.60","3,602.00","3,620.00","3,622.30","3,615.69","9,30,603","3,36,47,73,433.50","73,746","5,51,840","59.30"
"LT","EQ","16-Jun-2025","3,587.40","3,575.50","3,653.70","3,561.80","3,627.00","3,628.70","3,631.62","13,22,630","4,80,32,94,516.50","84,025","7,44,455","56.29"
"LT","EQ","13-Jun-2025","3,603.90","3,501.20","3,596.00","3,485.90","3,586.20","3,587.40","3,562.24","19,81,445","7,05,83,92,168.30","1,09,875","11,04,375","55.74"
"LT","EQ","12-Jun-2025","3,684.80","3,684.80","3,708.00","3,585.00","3,598.60","3,603.90","3,627.63","23,35,718","8,47,31,30,704.70","1,26,484","11,89,468","50.93"
"LT","EQ","11-Jun-2025","3,679.80","3,689.90","3,692.00","3,656.10","3,685.00","3,684.80","3,681.96","12,65,737","4,66,03,92,611.80","50,574","8,23,638","65.07"
"LT","BL","11-Jun-2025","3,589.20","3,683.00","3,683.00","3,683.00","3,683.00","3,683.00","3,683.00","2,71,666","1,00,05,45,878.00","1","-","-"
"LT","EQ","10-Jun-2025","3,678.90","3,704.00","3,704.00","3,667.20","3,675.00","3,679.80","3,681.54","14,54,535","5,35,49,23,368.60","83,562","9,66,119","66.42"
"LT","EQ","09-Jun-2025","3,656.30","3,664.00","3,708.90","3,662.20","3,679.00","3,678.90","3,684.31","8,98,170","3,30,91,35,600.30","67,640","4,73,515","52.72"
"LT","EQ","06-Jun-2025","3,642.60","3,645.00","3,667.00","3,623.00","3,653.00","3,656.30","3,653.89","11,72,711","4,28,49,59,310.50","83,150","6,19,399","52.82"
"LT","EQ","05-Jun-2025","3,626.50","3,629.90","3,677.40","3,612.00","3,641.20","3,642.60","3,647.41","14,66,416","5,34,86,18,989.70","1,16,020","7,93,588","54.12"
"LT","EQ","04-Jun-2025","3,644.80","3,645.00","3,661.70","3,615.30","3,621.00","3,626.50","3,633.50","10,86,783","3,94,88,21,084.90","67,057","6,93,204","63.78"
"LT","EQ","03-Jun-2025","3,679.60","3,655.00","3,669.20","3,615.30","3,642.30","3,644.80","3,638.44","24,72,483","8,99,59,68,771.60","1,42,790","12,59,704","50.95"
"LT","EQ","02-Jun-2025","3,675.10","3,675.10","3,697.30","3,605.60","3,669.00","3,679.60","3,659.90","19,54,517","7,15,33,37,054.80","1,07,310","12,85,591","65.78"
"LT","EQ","30-May-2025","3,655.30","3,655.30","3,695.30","3,654.50","3,672.00","3,675.10","3,673.72","25,71,304","9,44,62,49,581.70","1,26,244","18,03,804","70.15"
"LT","EQ","29-May-2025","3,646.30","3,663.90","3,668.90","3,618.00","3,661.90","3,655.30","3,644.27","19,72,248","7,18,74,02,190.40","88,440","12,94,081","65.61"
"LT","EQ","28-May-2025","3,640.00","3,660.00","3,663.00","3,620.00","3,643.00","3,646.30","3,642.32","12,93,244","4,71,04,11,400.60","75,956","8,64,463","66.84"
"LT","EQ","27-May-2025","3,648.70","3,648.70","3,665.00","3,603.00","3,645.00","3,640.00","3,627.62","20,13,954","7,30,58,63,175.10","1,48,792","8,71,579","43.28"
"LT","EQ","26-May-2025","3,599.90","3,615.80","3,672.50","3,608.40","3,646.00","3,648.70","3,647.48","16,78,934","6,12,38,79,986.10","1,07,922","8,83,972","52.65"
"LT","EQ","23-May-2025","3,551.40","3,570.00","3,631.60","3,551.20","3,600.00","3,599.90","3,600.20","11,19,217","4,02,94,09,610.20","76,094","6,51,561","58.22"
"LT","EQ","22-May-2025","3,589.00","3,585.00","3,592.00","3,536.90","3,553.40","3,551.40","3,555.56","15,97,159","5,67,87,96,121.90","95,436","8,81,106","55.17"
"LT","EQ","21-May-2025","3,567.80","3,565.70","3,610.50","3,555.00","3,587.00","3,589.00","3,581.09","15,63,885","5,60,04,16,305.90","93,765","11,11,692","71.09"
"LT","EQ","20-May-2025","3,600.20","3,630.00","3,634.00","3,556.00","3,575.00","3,567.80","3,585.64","15,32,347","5,49,44,46,090.60","1,06,300","8,97,460","58.57"
"LT","EQ","19-May-2025","3,604.70","3,604.70","3,619.90","3,587.00","3,596.60","3,600.20","3,601.06","15,19,244","5,47,08,89,248.30","94,112","10,60,955","69.83"
"LT","EQ","16-May-2025","3,618.20","3,642.00","3,642.00","3,600.00","3,608.00","3,604.70","3,609.40","12,78,520","4,61,46,91,788.60","79,444","7,81,481","61.12"
"LT","EQ","15-May-2025","3,573.10","3,594.00","3,648.70","3,543.00","3,620.00","3,618.20","3,603.28","37,20,879","13,40,73,82,227.40","1,73,281","20,19,951","54.29"
"LT","EQ","14-May-2025","3,567.00","3,587.00","3,617.00","3,567.00","3,576.00","3,573.10","3,585.42","24,40,116","8,74,88,30,534.80","1,10,493","16,29,530","66.78"
"LT","EQ","13-May-2025","3,587.20","3,587.20","3,606.00","3,545.00","3,570.50","3,567.00","3,571.75","23,74,439","8,48,09,10,370.40","1,68,486","11,47,243","48.32"
"LT","EQ","12-May-2025","3,443.90","3,513.00","3,602.80","3,490.00","3,588.00","3,587.20","3,566.54","31,47,384","11,22,52,76,507.40","1,86,489","19,19,267","60.98"
"LT","EQ","09-May-2025","3,323.90","3,331.00","3,477.00","3,331.00","3,451.40","3,443.90","3,438.60","56,37,694","19,38,57,78,797.20","3,11,155","23,86,081","42.32"
"LT","EQ","08-May-2025","3,321.40","3,310.10","3,366.00","3,299.80","3,312.00","3,323.90","3,337.85","32,04,333","10,69,55,69,358.90","1,29,057","18,50,678","57.76"
"LT","EQ","07-May-2025","3,334.00","3,332.00","3,339.80","3,284.10","3,327.00","3,321.40","3,318.68","24,22,707","8,04,01,79,595.20","1,71,780","15,80,441","65.23"
"LT","EQ","06-May-2025","3,330.20","3,346.00","3,353.00","3,302.80","3,332.00","3,334.00","3,330.50","16,95,516","5,64,69,18,314.40","96,917","10,04,059","59.22"
"LT","EQ","05-May-2025","3,329.80","3,350.00","3,350.00","3,300.70","3,332.00","3,330.20","3,324.66","19,47,332","6,47,42,12,018.40","1,07,073","13,22,685","67.92"
"LT","EQ","02-May-2025","3,341.00","3,325.00","3,374.90","3,321.50","3,324.00","3,329.80","3,347.85","16,65,574","5,57,60,84,084.50","84,477","9,23,013","55.42"
"LT","EQ","30-Apr-2025","3,322.30","3,324.00","3,355.00","3,303.30","3,330.00","3,341.00","3,341.49","19,30,714","6,45,14,59,506.30","1,13,823","13,14,833","68.10"
"LT","EQ","29-Apr-2025","3,327.30","3,335.00","3,376.40","3,315.00","3,321.30","3,322.30","3,338.97","18,43,861","6,15,65,87,711.70","1,20,139","10,50,758","56.99"
"LT","EQ","28-Apr-2025","3,272.10","3,260.00","3,350.80","3,254.80","3,325.00","3,327.30","3,317.89","16,89,485","5,60,55,19,110.10","82,707","9,43,227","55.83"
"LT","EQ","25-Apr-2025","3,300.60","3,310.00","3,335.70","3,230.10","3,268.00","3,272.10","3,272.54","20,04,819","6,56,08,49,672.90","1,33,465","12,01,395","59.93"
"LT","EQ","24-Apr-2025","3,301.00","3,307.00","3,307.00","3,280.00","3,298.20","3,300.60","3,293.25","19,93,448","6,56,49,19,205.10","72,609","12,96,467","65.04"
"LT","EQ","23-Apr-2025","3,257.80","3,275.40","3,315.00","3,266.70","3,296.00","3,301.00","3,291.24","23,81,699","7,83,87,35,592.40","1,03,277","14,36,616","60.32"
"LT","EQ","22-Apr-2025","3,280.50","3,280.00","3,285.00","3,248.00","3,254.00","3,257.80","3,266.83","20,60,322","6,73,07,18,857.00","1,00,788","13,36,329","64.86"
"LT","EQ","21-Apr-2025","3,247.30","3,249.50","3,290.00","3,225.10","3,279.90","3,280.50","3,273.52","16,43,003","5,37,83,95,835.50","1,01,664","9,13,309","55.59"
"LT","EQ","17-Apr-2025","3,227.70","3,214.10","3,249.90","3,162.40","3,244.90","3,247.30","3,206.57","32,09,331","10,29,09,35,838.20","1,68,832","17,69,268","55.13"
"LT","EQ","16-Apr-2025","3,257.60","3,270.00","3,276.80","3,224.10","3,231.40","3,227.70","3,248.34","15,78,260","5,12,67,24,530.20","1,12,383","8,88,042","56.27"
"LT","EQ","15-Apr-2025","3,115.95","3,180.00","3,272.00","3,176.10","3,259.00","3,257.60","3,247.57","21,61,492","7,01,95,90,562.60","1,13,498","12,98,477","60.07"
"LT","EQ","11-Apr-2025","3,054.15","3,114.00","3,157.00","3,100.15","3,119.25","3,115.95","3,123.53","39,79,116","12,42,89,07,356.35","1,32,571","29,81,651","74.93"
"LT","EQ","09-Apr-2025","3,161.10","3,158.80","3,158.80","3,048.00","3,062.00","3,054.15","3,083.63","44,51,381","13,72,63,93,450.75","2,56,046","33,93,437","76.23"
"LT","EQ","08-Apr-2025","3,068.50","3,124.95","3,193.90","3,092.70","3,164.60","3,161.10","3,147.02","28,77,816","9,05,65,34,927.00","1,40,046","11,55,284","40.14"
"LT","EQ","07-Apr-2025","3,260.15","3,049.05","3,090.60","2,965.30","3,087.00","3,068.50","3,047.00","49,53,864","15,09,44,28,193.50","4,22,707","28,60,181","57.74"
"LT","EQ","04-Apr-2025","3,420.15","3,400.00","3,403.80","3,237.30","3,259.00","3,260.15","3,275.65","23,66,979","7,75,33,93,787.40","1,56,827","14,46,954","61.13"
"LT","EQ","03-Apr-2025","3,419.90","3,400.00","3,463.00","3,393.00","3,419.00","3,420.15","3,432.72","12,00,631","4,12,14,27,952.20","84,197","7,10,175","59.15"
"LT","EQ","02-Apr-2025","3,436.80","3,433.00","3,457.75","3,408.00","3,426.00","3,419.90","3,429.08","13,38,839","4,59,09,82,045.30","73,369","8,92,450","66.66"
"LT","EQ","01-Apr-2025","3,492.30","3,480.00","3,501.60","3,430.00","3,438.30","3,436.80","3,451.17","19,35,147","6,67,85,17,222.55","1,14,580","10,68,906","55.24"
"LT","EQ","28-Mar-2025","3,501.60","3,509.90","3,514.00","3,472.55","3,488.00","3,492.30","3,490.61","13,48,143","4,70,58,36,932.10","78,826","8,05,620","59.76"
"LT","EQ","27-Mar-2025","3,444.80","3,460.00","3,528.00","3,451.00","3,510.05","3,501.60","3,505.96","34,67,864","12,15,81,79,075.00","1,71,894","21,39,737","61.70"
"LT","EQ","26-Mar-2025","3,469.60","3,473.00","3,496.80","3,418.50","3,451.00","3,444.80","3,458.66","23,15,715","8,00,92,67,716.35","1,52,200","13,80,214","59.60"
"LT","EQ","25-Mar-2025","3,481.85","3,505.00","3,525.00","3,435.35","3,452.85","3,469.60","3,474.74","42,35,900","14,71,86,50,807.85","1,74,082","28,86,969","68.15"
"LT","EQ","24-Mar-2025","3,415.95","3,449.00","3,517.00","3,446.00","3,483.05","3,481.85","3,483.78","19,55,564","6,81,27,54,571.90","1,15,273","11,53,502","58.99"
"LT","EQ","21-Mar-2025","3,351.05","3,357.00","3,455.00","3,332.75","3,415.05","3,415.95","3,416.15","30,42,073","10,39,21,74,228.35","1,45,340","20,62,731","67.81"
"LT","EQ","20-Mar-2025","3,319.55","3,335.25","3,358.90","3,276.90","3,352.50","3,351.05","3,327.53","24,34,722","8,10,16,21,701.30","97,496","16,87,515","69.31"
"LT","EQ","19-Mar-2025","3,270.70","3,275.00","3,326.60","3,268.50","3,318.00","3,319.55","3,307.23","16,16,312","5,34,55,20,793.35","88,804","11,55,694","71.50"
"LT","EQ","18-Mar-2025","3,173.45","3,194.00","3,278.65","3,189.30","3,271.00","3,270.70","3,248.31","20,29,984","6,59,40,15,430.45","1,23,494","12,05,472","59.38"
"LT","EQ","17-Mar-2025","3,187.30","3,190.00","3,240.05","3,159.00","3,175.55","3,173.45","3,187.76","28,05,790","8,94,41,76,882.10","1,22,254","18,05,739","64.36"
"LT","EQ","13-Mar-2025","3,193.65","3,202.25","3,233.15","3,178.05","3,189.00","3,187.30","3,203.74","14,14,376","4,53,12,91,301.85","83,033","8,66,126","61.24"
"LT","EQ","12-Mar-2025","3,195.45","3,205.00","3,221.95","3,153.05","3,190.00","3,193.65","3,180.42","13,60,149","4,32,58,51,450.40","78,130","8,24,697","60.63"
"LT","EQ","11-Mar-2025","3,177.70","3,170.30","3,204.40","3,161.10","3,203.80","3,195.45","3,184.34","12,74,649","4,05,89,18,929.95","81,156","6,71,406","52.67"
"LT","EQ","10-Mar-2025","3,244.70","3,246.00","3,246.30","3,169.05","3,177.80","3,177.70","3,201.45","17,77,752","5,69,13,90,324.10","1,06,319","10,69,491","60.16"
"LT","EQ","07-Mar-2025","3,259.90","3,259.90","3,289.00","3,240.10","3,246.00","3,244.70","3,257.65","9,30,240","3,03,03,94,882.80","96,014","5,33,770","57.38"
"LT","EQ","06-Mar-2025","3,239.65","3,250.10","3,266.45","3,215.00","3,258.00","3,259.90","3,247.81","18,54,837","6,02,41,66,642.70","1,34,338","9,24,111","49.82"
"LT","EQ","05-Mar-2025","3,213.00","3,213.00","3,245.00","3,187.85","3,243.00","3,239.65","3,226.60","19,45,855","6,27,85,01,228.35","1,34,346","12,03,196","61.83"
"LT","EQ","04-Mar-2025","3,197.30","3,171.05","3,221.00","3,167.80","3,211.00","3,213.00","3,203.15","14,42,098","4,61,92,56,245.90","93,358","9,30,531","64.53"
"LT","EQ","03-Mar-2025","3,163.85","3,165.95","3,227.00","3,160.00","3,198.20","3,197.30","3,195.59","13,52,460","4,32,19,13,462.85","1,32,374","7,52,673","55.65"
"LT","EQ","28-Feb-2025","3,209.50","3,199.80","3,199.80","3,141.00","3,170.00","3,163.85","3,168.50","24,94,680","7,90,44,04,674.55","1,75,923","15,77,446","63.23"
"LT","EQ","27-Feb-2025","3,225.90","3,238.00","3,258.50","3,184.00","3,210.00","3,209.50","3,209.83","25,72,065","8,25,58,91,425.40","1,32,651","17,40,649","67.68"
"LT","EQ","25-Feb-2025","3,257.70","3,233.00","3,248.95","3,206.40","3,229.00","3,225.90","3,227.37","25,29,084","8,16,22,86,346.25","1,33,515","16,10,923","63.70"
"LT","EQ","24-Feb-2025","3,315.10","3,289.70","3,325.50","3,250.00","3,251.00","3,257.70","3,289.89","15,12,844","4,97,70,86,569.60","1,62,651","9,40,378","62.16"
"LT","EQ","21-Feb-2025","3,275.80","3,275.80","3,324.90","3,270.90","3,315.50","3,315.10","3,306.08","17,06,850","5,64,29,87,960.80","1,13,093","10,24,169","60.00"
"LT","EQ","20-Feb-2025","3,275.90","3,260.05","3,285.45","3,247.75","3,275.55","3,275.80","3,274.46","12,36,693","4,04,95,00,999.00","93,085","7,35,617","59.48"
"LT","EQ","19-Feb-2025","3,220.15","3,220.15","3,302.85","3,211.60","3,268.95","3,275.90","3,269.60","16,77,978","5,48,63,25,100.05","1,44,994","9,14,338","54.49"
"LT","EQ","18-Feb-2025","3,221.85","3,227.00","3,241.00","3,183.00","3,220.00","3,220.15","3,213.88","24,28,215","7,80,39,95,072.70","1,07,311","16,74,200","68.95"
"LT","EQ","17-Feb-2025","3,237.65","3,213.55","3,239.40","3,194.55","3,222.00","3,221.85","3,217.09","19,66,689","6,32,70,17,871.40","1,42,527","12,92,641","65.73"
"LT","EQ","14-Feb-2025","3,263.65","3,275.05","3,285.80","3,221.55","3,231.05","3,237.65","3,246.05","13,78,340","4,47,41,59,814.50","1,25,280","8,68,058","62.98"
"LT","EQ","13-Feb-2025","3,289.65","3,289.65","3,314.90","3,252.95","3,255.00","3,263.65","3,277.74","21,27,644","6,97,38,55,847.10","1,56,667","12,25,352","57.59"
"LT","EQ","12-Feb-2025","3,239.65","3,259.00","3,300.00","3,222.25","3,292.00","3,289.65","3,268.46","16,32,415","5,33,54,87,216.00","1,38,219","8,38,565","51.37"
"LT","EQ","11-Feb-2025","3,328.65","3,360.95","3,361.00","3,231.00","3,247.00","3,239.65","3,263.98","25,93,537","8,46,52,50,358.55","1,45,087","16,53,752","63.76"
"LT","EQ","10-Feb-2025","3,336.90","3,347.80","3,349.00","3,294.05","3,324.30","3,328.65","3,315.61","12,36,663","4,10,02,91,228.30","88,934","7,56,828","61.20"
"LT","EQ","07-Feb-2025","3,352.75","3,367.00","3,369.95","3,311.10","3,330.00","3,336.90","3,340.69","17,22,789","5,75,53,03,413.20","1,37,338","10,78,126","62.58"
"LT","EQ","06-Feb-2025","3,383.20","3,404.00","3,404.00","3,342.70","3,355.90","3,352.75","3,359.70","28,74,856","9,65,86,66,091.10","1,66,262","18,95,899","65.95"
"LT","EQ","05-Feb-2025","3,439.15","3,444.65","3,450.95","3,379.45","3,386.45","3,383.20","3,415.32","26,70,316","9,11,99,76,072.00","1,84,191","18,64,522","69.82"
"LT","EQ","04-Feb-2025","3,289.20","3,316.00","3,449.00","3,307.25","3,427.10","3,439.15","3,410.23","47,42,516","16,17,30,66,528.30","3,05,987","28,09,172","59.23"
"LT","EQ","03-Feb-2025","3,447.50","3,420.00","3,420.00","3,270.00","3,285.95","3,289.20","3,300.78","60,77,580","20,06,07,46,789.85","3,93,333","41,71,335","68.63"
"LT","EQ","01-Feb-2025","3,567.40","3,578.00","3,629.20","3,402.00","3,458.25","3,447.50","3,473.36","47,52,505","16,50,71,48,387.25","2,65,997","22,06,095","46.42"
"LT","EQ","31-Jan-2025","3,420.95","3,501.05","3,590.00","3,481.05","3,564.00","3,567.40","3,555.03","39,95,513","14,20,41,81,890.25","2,17,688","16,86,791","42.22"
"LT","EQ","30-Jan-2025","3,449.70","3,455.00","3,517.80","3,395.00","3,432.50","3,420.95","3,438.04","27,17,740","9,34,36,90,877.75","1,80,276","14,01,632","51.57"
"LT","EQ","29-Jan-2025","3,413.90","3,431.00","3,455.00","3,412.00","3,448.90","3,449.70","3,437.37","12,38,704","4,25,78,84,243.70","1,03,001","7,08,307","57.18"
"LT","EQ","28-Jan-2025","3,457.65","3,464.95","3,482.15","3,404.05","3,423.45","3,413.90","3,436.05","16,57,689","5,69,59,03,565.45","1,54,969","8,37,092","50.50"
"LT","EQ","27-Jan-2025","3,458.20","3,447.20","3,493.90","3,401.15","3,472.90","3,457.65","3,446.21","15,52,938","5,35,17,54,018.20","1,10,592","7,85,618","50.59"
"LT","EQ","24-Jan-2025","3,503.25","3,514.50","3,521.10","3,446.05","3,459.80","3,458.20","3,480.76","12,06,454","4,19,93,71,221.40","91,930","7,03,021","58.27"
"LT","EQ","23-Jan-2025","3,518.20","3,492.00","3,527.80","3,460.60","3,504.85","3,503.25","3,501.30","19,93,204","6,97,87,96,103.15","1,26,865","10,82,618","54.32"
"LT","EQ","22-Jan-2025","3,541.10","3,563.00","3,582.35","3,490.10","3,520.80","3,518.20","3,521.51","16,26,055","5,72,61,73,067.10","1,18,201","9,92,123","61.01"
"LT","EQ","21-Jan-2025","3,593.00","3,612.75","3,643.30","3,528.10","3,553.00","3,541.10","3,581.60","25,76,596","9,22,83,31,774.35","1,77,605","12,28,188","47.67"
"LT","EQ","20-Jan-2025","3,568.65","3,574.90","3,617.15","3,556.50","3,588.90","3,593.00","3,585.81","15,93,334","5,71,33,98,004.80","1,17,677","9,84,770","61.81"
"LT","EQ","17-Jan-2025","3,507.90","3,524.00","3,579.85","3,511.95","3,570.85","3,568.65","3,555.86","16,00,246","5,69,02,44,161.85","1,26,909","9,48,080","59.25"
"LT","EQ","16-Jan-2025","3,501.40","3,535.00","3,543.45","3,483.75","3,515.00","3,507.90","3,513.22","23,05,460","8,09,95,90,396.00","1,52,224","13,31,865","57.77"
"LT","EQ","15-Jan-2025","3,462.60","3,471.30","3,526.15","3,471.30","3,505.70","3,501.40","3,500.92","11,55,446","4,04,51,28,629.70","1,16,492","6,80,328","58.88"
"LT","EQ","14-Jan-2025","3,464.30","3,465.85","3,491.95","3,448.60","3,465.00","3,462.60","3,467.21","29,24,491","10,13,98,29,760.70","1,76,125","21,38,494","73.12"
"LT","EQ","13-Jan-2025","3,536.15","3,505.55","3,534.50","3,448.60","3,470.00","3,464.30","3,492.05","21,37,212","7,46,32,55,880.30","1,34,759","14,46,498","67.68"
"LT","EQ","10-Jan-2025","3,527.90","3,499.95","3,552.20","3,492.30","3,542.00","3,536.15","3,527.93","17,94,238","6,32,99,54,565.20","1,13,478","11,61,297","64.72"
"LT","EQ","09-Jan-2025","3,596.35","3,599.90","3,606.30","3,486.00","3,535.00","3,527.90","3,526.53","29,21,681","10,30,33,98,615.25","2,31,251","17,39,651","59.54"
"LT","EQ","08-Jan-2025","3,643.30","3,662.00","3,663.85","3,590.00","3,596.50","3,596.35","3,612.93","18,13,201","6,55,09,64,744.05","1,47,106","10,96,791","60.49"
"LT","EQ","07-Jan-2025","3,603.20","3,607.10","3,649.85","3,595.70","3,640.10","3,643.30","3,623.73","14,53,540","5,26,72,40,240.40","1,10,429","8,30,053","57.11"
"LT","EQ","06-Jan-2025","3,659.90","3,684.75","3,692.25","3,585.50","3,607.15","3,603.20","3,626.01","12,12,012","4,39,47,71,181.95","1,31,815","6,65,041","54.87"
"LT","EQ","03-Jan-2025","3,713.50","3,708.00","3,719.90","3,651.45","3,660.00","3,659.90","3,679.46","12,90,107","4,74,68,91,680.45","1,04,812","6,69,753","51.91"
"LT","EQ","02-Jan-2025","3,667.50","3,676.60","3,724.10","3,650.05","3,706.80","3,713.50","3,701.57","18,82,900","6,96,96,87,399.55","1,19,634","11,73,346","62.32"
"LT","EQ","01-Jan-2025","3,607.65","3,600.00","3,689.00","3,599.95","3,670.10","3,667.50","3,660.22","12,02,029","4,39,96,95,427.05","92,010","4,96,316","41.29"
"LT","EQ","31-Dec-2024","3,578.95","3,562.55","3,620.60","3,550.00","3,609.95","3,607.65","3,593.79","12,67,628","4,55,55,87,428.95","98,165","8,07,113","63.67"
"LT","EQ","30-Dec-2024","3,608.10","3,607.90","3,623.00","3,566.00","3,590.00","3,578.95","3,590.43","15,91,690","5,71,48,56,382.30","99,927","10,57,495","66.44"
"LT","EQ","27-Dec-2024","3,629.50","3,632.40","3,643.65","3,603.50","3,610.65","3,608.10","3,617.13","13,09,122","4,73,52,58,789.05","75,927","9,21,459","70.39"
"LT","EQ","26-Dec-2024","3,639.75","3,658.00","3,665.15","3,610.35","3,632.40","3,629.50","3,634.04","11,24,705","4,08,72,19,624.30","80,516","6,83,487","60.77"
"LT","EQ","24-Dec-2024","3,640.50","3,647.95","3,679.00","3,632.40","3,633.00","3,639.75","3,651.50","6,27,922","2,29,28,60,072.10","71,920","3,16,352","50.38"
"LT","EQ","23-Dec-2024","3,629.85","3,670.00","3,700.00","3,617.05","3,642.90","3,640.50","3,644.90","12,17,612","4,43,80,75,173.95","1,07,539","5,85,248","48.07"
"LT","EQ","20-Dec-2024","3,716.35","3,716.35","3,725.00","3,607.10","3,629.00","3,629.85","3,654.85","27,96,593","10,22,11,32,562.15","1,54,712","15,88,176","56.79"
"LT","EQ","19-Dec-2024","3,758.15","3,702.15","3,762.20","3,700.00","3,713.15","3,716.35","3,724.67","18,56,838","6,91,61,14,961.40","1,42,412","12,29,869","66.23"
"LT","EQ","18-Dec-2024","3,807.20","3,807.20","3,819.00","3,745.00","3,760.40","3,758.15","3,763.15","13,18,341","4,96,11,15,143.30","1,20,658","7,84,839","59.53"
"LT","EQ","17-Dec-2024","3,877.85","3,863.05","3,875.40","3,797.00","3,802.95","3,807.20","3,818.67","16,90,180","6,45,42,42,086.40","1,16,461","11,27,973","66.74"
"LT","EQ","16-Dec-2024","3,887.00","3,882.00","3,914.40","3,857.25","3,872.30","3,877.85","3,877.81","9,18,660","3,56,23,89,173.30","81,821","5,21,166","56.73"
"LT","EQ","13-Dec-2024","3,859.90","3,859.00","3,898.00","3,794.20","3,889.25","3,887.00","3,852.29","23,00,361","8,86,16,56,006.60","1,66,323","10,02,507","43.58"
"LT","EQ","12-Dec-2024","3,916.75","3,930.00","3,959.00","3,846.95","3,863.20","3,859.90","3,867.89","18,99,867","7,34,84,71,534.05","1,69,801","12,27,602","64.62"
"LT","EQ","11-Dec-2024","3,923.15","3,923.15","3,947.65","3,902.00","3,913.15","3,916.75","3,920.30","12,37,958","4,85,31,62,175.95","1,33,277","8,33,110","67.30"
"LT","EQ","10-Dec-2024","3,947.30","3,955.00","3,963.50","3,901.30","3,922.95","3,923.15","3,927.94","23,49,493","9,22,86,65,089.70","1,31,218","16,61,742","70.73"
"LT","EQ","09-Dec-2024","3,866.70","3,867.50","3,959.00","3,867.50","3,954.75","3,947.30","3,938.78","33,32,753","13,12,69,69,162.15","2,14,643","19,38,046","58.15"
"LT","EQ","06-Dec-2024","3,831.55","3,832.00","3,883.95","3,800.00","3,861.20","3,866.70","3,856.47","18,56,562","7,15,97,70,118.00","1,47,414","10,73,408","57.82"
"LT","EQ","05-Dec-2024","3,789.90","3,810.00","3,884.00","3,760.00","3,828.00","3,831.55","3,824.55","27,65,170","10,57,55,33,572.80","2,11,606","12,84,366","46.45"
"LT","EQ","04-Dec-2024","3,787.05","3,775.00","3,835.00","3,758.05","3,805.00","3,789.90","3,799.10","25,10,166","9,53,63,68,353.35","1,78,083","15,14,629","60.34"
"LT","EQ","03-Dec-2024","3,704.05","3,721.00","3,798.85","3,701.50","3,773.00","3,787.05","3,761.27","32,52,670","12,23,41,60,548.85","2,85,639","21,68,186","66.66"
"LT","EQ","02-Dec-2024","3,724.80","3,706.85","3,717.85","3,672.90","3,716.00","3,704.05","3,695.08","11,58,369","4,28,02,65,838.15","1,04,160","6,87,750","59.37"
"LT","EQ","29-Nov-2024","3,666.05","3,635.10","3,750.00","3,635.10","3,722.00","3,724.80","3,722.73","20,94,305","7,79,65,35,083.20","1,43,088","11,73,010","56.01"
"LT","EQ","28-Nov-2024","3,698.70","3,700.00","3,720.50","3,648.00","3,667.00","3,666.05","3,677.58","21,24,283","7,81,22,27,210.70","1,79,728","12,86,542","60.56"
"LT","EQ","27-Nov-2024","3,702.60","3,704.00","3,720.00","3,685.00","3,697.00","3,698.70","3,701.27","9,71,816","3,59,69,57,750.15","77,237","4,84,837","49.89"
"LT","EQ","26-Nov-2024","3,753.00","3,754.90","3,754.90","3,690.00","3,700.00","3,702.60","3,712.45","11,41,534","4,23,78,85,362.35","1,04,955","6,11,066","53.53"
"LT","EQ","25-Nov-2024","3,603.50","3,660.00","3,761.00","3,654.00","3,757.00","3,753.00","3,741.78","47,53,829","17,78,77,93,454.40","2,47,339","30,83,411","64.86"
"LT","EQ","22-Nov-2024","3,483.50","3,500.00","3,613.50","3,473.10","3,605.00","3,603.50","3,558.59","25,34,018","9,01,75,42,904.75","1,48,535","16,22,199","64.02"
"LT","EQ","21-Nov-2024","3,505.90","3,530.00","3,530.55","3,452.45","3,490.05","3,483.50","3,481.48","15,10,581","5,25,90,63,798.60","1,72,452","7,48,315","49.54"
"LT","EQ","19-Nov-2024","3,542.15","3,559.90","3,607.00","3,495.00","3,511.20","3,505.90","3,561.83","18,26,460","6,50,55,45,221.10","1,38,984","12,17,157","66.64"
"LT","EQ","18-Nov-2024","3,526.25","3,521.10","3,568.30","3,510.85","3,538.05","3,542.15","3,539.95","12,33,217","4,36,55,29,595.70","1,19,934","7,86,814","63.80"
"LT","EQ","14-Nov-2024","3,547.95","3,558.00","3,565.75","3,500.15","3,535.00","3,526.25","3,524.68","12,91,765","4,55,30,57,913.30","1,38,758","6,07,127","47.00"
"LT","EQ","13-Nov-2024","3,591.35","3,585.00","3,604.85","3,535.65","3,548.95","3,547.95","3,565.63","15,68,694","5,59,33,85,891.15","1,21,033","9,81,620","62.58"
"LT","EQ","12-Nov-2024","3,628.85","3,650.00","3,651.00","3,580.00","3,585.05","3,591.35","3,612.49","11,16,206","4,03,22,82,495.50","95,427","5,79,753","51.94"
"LT","EQ","11-Nov-2024","3,660.30","3,646.00","3,661.00","3,606.00","3,625.00","3,628.85","3,640.18","9,26,127","3,37,12,67,442.50","1,04,290","4,98,618","53.84"
"LT","EQ","08-Nov-2024","3,646.55","3,640.40","3,667.00","3,620.65","3,650.05","3,660.30","3,656.21","16,22,142","5,93,08,93,373.20","1,25,639","10,89,533","67.17"
"LT","EQ","07-Nov-2024","3,645.45","3,647.35","3,663.00","3,620.00","3,642.00","3,646.55","3,643.10","15,81,009","5,75,97,76,547.00","97,553","8,73,412","55.24"
"LT","EQ","06-Nov-2024","3,574.80","3,594.00","3,659.90","3,557.40","3,648.00","3,645.45","3,622.22","18,19,732","6,59,14,65,491.25","1,37,085","10,27,524","56.47"
"LT","EQ","05-Nov-2024","3,574.45","3,556.00","3,585.00","3,541.90","3,566.00","3,574.80","3,562.86","12,51,506","4,45,89,41,638.55","1,37,797","6,67,217","53.31"
"LT","EQ","04-Nov-2024","3,626.35","3,624.95","3,624.95","3,530.90","3,575.90","3,574.45","3,568.33","17,24,189","6,15,24,78,903.35","1,82,630","9,97,916","57.88"
"LT","EQ","01-Nov-2024","3,622.30","3,624.95","3,641.90","3,620.00","3,627.00","3,626.35","3,630.71","2,12,796","77,26,00,597.40","21,833","1,02,915","48.36"
"LT","EQ","31-Oct-2024","3,408.35","3,530.00","3,654.95","3,508.35","3,620.75","3,622.30","3,615.13","76,37,083","27,60,90,20,401.80","3,68,713","31,60,810","41.39"
"LT","EQ","30-Oct-2024","3,380.90","3,379.95","3,438.40","3,353.00","3,402.00","3,408.35","3,407.65","17,85,128","6,08,30,90,227.50","1,08,896","9,93,055","55.63"
"LT","EQ","29-Oct-2024","3,340.80","3,316.00","3,384.40","3,316.00","3,381.90","3,380.90","3,363.30","22,53,467","7,57,90,88,509.10","1,38,485","14,04,511","62.33"
"LT","EQ","28-Oct-2024","3,326.40","3,316.00","3,373.00","3,262.55","3,360.00","3,340.80","3,320.79","29,91,674","9,93,47,27,536.30","2,06,122","18,68,784","62.47"
"LT","EQ","25-Oct-2024","3,442.65","3,425.00","3,435.00","3,315.05","3,337.00","3,326.40","3,343.80","32,36,774","10,82,31,21,242.90","2,56,194","18,28,655","56.50"
"LT","EQ","24-Oct-2024","3,455.40","3,444.00","3,474.60","3,416.75","3,449.90","3,442.65","3,440.98","19,24,421","6,62,18,96,969.80","1,39,822","13,00,648","67.59"
"LT","EQ","23-Oct-2024","3,511.90","3,501.05","3,513.95","3,443.00","3,449.00","3,455.40","3,478.90","21,25,268","7,39,35,98,650.30","1,73,225","13,00,799","61.21"
"LT","EQ","22-Oct-2024","3,585.60","3,585.00","3,591.65","3,500.00","3,504.00","3,511.90","3,531.83","13,63,574","4,81,59,05,253.40","1,25,455","8,35,341","61.26"
"LT","EQ","21-Oct-2024","3,577.80","3,580.00","3,621.95","3,571.30","3,577.00","3,585.60","3,595.64","17,50,549","6,29,43,52,702.05","1,62,386","11,33,452","64.75"
"LT","EQ","18-Oct-2024","3,570.30","3,569.95","3,592.45","3,540.25","3,579.25","3,577.80","3,575.10","21,02,609","7,51,70,44,754.05","2,10,857","13,34,248","63.46"
"LT","EQ","17-Oct-2024","3,532.60","3,549.90","3,583.00","3,521.80","3,566.00","3,570.30","3,555.58","29,68,537","10,55,48,79,515.55","1,94,714","19,17,213","64.58"
"LT","EQ","16-Oct-2024","3,551.90","3,550.00","3,581.90","3,513.55","3,531.00","3,532.60","3,536.55","19,61,835","6,93,81,25,640.00","1,09,635","12,44,339","63.43"
"LT","EQ","15-Oct-2024","3,555.05","3,570.00","3,570.00","3,520.15","3,545.00","3,551.90","3,545.95","12,31,552","4,36,70,18,655.80","86,576","7,95,565","64.60"
"LT","EQ","14-Oct-2024","3,482.55","3,510.00","3,573.85","3,501.30","3,552.75","3,555.05","3,550.86","19,74,378","7,01,07,36,483.30","1,01,616","11,14,162","56.43"
"LT","EQ","11-Oct-2024","3,460.35","3,469.40","3,497.10","3,447.00","3,491.90","3,482.55","3,479.84","12,80,465","4,45,58,14,669.10","95,819","6,32,277","49.38"
"LT","EQ","10-Oct-2024","3,487.10","3,515.00","3,554.90","3,455.50","3,461.85","3,460.35","3,491.73","26,86,116","9,37,91,83,252.55","1,65,856","16,84,251","62.70"
"LT","EQ","09-Oct-2024","3,532.40","3,542.05","3,557.70","3,481.00","3,491.80","3,487.10","3,516.48","16,45,791","5,78,73,87,384.10","1,54,726","10,54,128","64.05"
"LT","EQ","08-Oct-2024","3,468.35","3,492.95","3,538.50","3,469.00","3,533.10","3,532.40","3,511.48","22,49,452","7,89,89,00,834.10","1,53,720","14,12,503","62.79"
"LT","EQ","07-Oct-2024","3,493.95","3,505.00","3,512.95","3,429.00","3,475.00","3,468.35","3,461.80","23,04,227","7,97,67,71,660.60","1,70,269","14,37,499","62.39"
"LT","EQ","04-Oct-2024","3,497.65","3,515.00","3,553.55","3,468.50","3,505.00","3,493.95","3,499.42","34,45,879","12,05,85,61,847.90","2,43,711","17,15,384","49.78"
"LT","EQ","03-Oct-2024","3,653.50","3,582.50","3,617.00","3,485.40","3,505.50","3,497.65","3,535.43","53,15,877","18,79,39,04,808.10","4,02,180","38,26,671","71.99"
"LT","EQ","01-Oct-2024","3,675.55","3,667.00","3,724.00","3,639.35","3,647.00","3,653.50","3,672.74","16,74,100","6,14,85,27,670.40","1,09,900","10,45,848","62.47"
"LT","EQ","30-Sep-2024","3,705.65","3,699.00","3,715.65","3,665.00","3,680.00","3,675.55","3,677.99","18,37,697","6,75,90,38,580.45","1,32,958","13,26,527","72.18"
"LT","EQ","27-Sep-2024","3,762.15","3,738.00","3,738.00","3,651.00","3,705.00","3,705.65","3,698.43","40,95,425","15,14,66,33,646.50","2,44,106","26,24,665","64.09"
"LT","EQ","26-Sep-2024","3,793.85","3,801.00","3,802.95","3,736.40","3,760.00","3,762.15","3,766.72","27,50,597","10,36,07,35,141.55","1,54,596","17,32,018","62.97"
"LT","EQ","25-Sep-2024","3,791.60","3,787.55","3,813.20","3,778.00","3,793.00","3,793.85","3,793.35","21,13,862","8,01,86,17,548.20","1,26,389","14,47,695","68.49"
"LT","EQ","24-Sep-2024","3,787.70","3,787.70","3,831.80","3,775.00","3,792.90","3,791.60","3,808.00","26,76,546","10,19,22,81,538.95","1,47,710","19,64,769","73.41"
"LT","EQ","23-Sep-2024","3,793.90","3,800.00","3,838.80","3,749.00","3,785.00","3,787.70","3,779.30","19,37,874","7,32,38,09,212.65","1,33,184","10,49,822","54.17"
"LT","EQ","20-Sep-2024","3,683.70","3,700.00","3,809.90","3,680.25","3,793.00","3,793.90","3,773.54","54,01,701","20,38,35,10,292.55","2,52,442","25,02,587","46.33"
"LT","EQ","19-Sep-2024","3,730.45","3,750.00","3,750.40","3,674.00","3,689.00","3,683.70","3,693.71","17,11,564","6,32,20,17,894.50","1,22,388","9,16,050","53.52"
"LT","EQ","18-Sep-2024","3,695.20","3,689.00","3,757.95","3,684.20","3,726.05","3,730.45","3,729.67","22,49,929","8,39,14,86,009.75","1,07,286","14,21,684","63.19"
"LT","EQ","17-Sep-2024","3,662.25","3,668.00","3,705.00","3,659.70","3,686.00","3,695.20","3,684.21","12,89,060","4,74,91,71,727.50","1,16,988","8,13,270","63.09"
"LT","EQ","16-Sep-2024","3,613.00","3,619.15","3,670.00","3,613.00","3,657.85","3,662.25","3,651.58","10,45,964","3,81,94,18,658.45","73,047","5,73,422","54.82"
"LT","EQ","13-Sep-2024","3,622.00","3,622.00","3,634.75","3,600.05","3,608.35","3,613.00","3,611.45","17,52,455","6,32,89,01,570.00","1,00,344","10,80,608","61.66"
"LT","EQ","12-Sep-2024","3,536.95","3,558.00","3,638.05","3,534.00","3,620.05","3,622.00","3,579.25","37,51,523","13,42,76,37,791.70","1,89,229","21,03,474","56.07"
"LT","EQ","11-Sep-2024","3,596.15","3,595.00","3,603.95","3,516.40","3,540.00","3,536.95","3,561.46","18,65,165","6,64,27,07,258.40","1,26,237","12,30,622","65.98"
"LT","EQ","10-Sep-2024","3,578.30","3,585.00","3,625.00","3,571.00","3,600.00","3,596.15","3,598.83","12,03,483","4,33,11,29,794.85","93,770","6,83,318","56.78"
"LT","EQ","09-Sep-2024","3,574.75","3,584.00","3,594.00","3,553.85","3,576.00","3,578.30","3,577.27","14,54,589","5,20,34,51,218.15","1,16,687","9,91,689","68.18"
"LT","EQ","06-Sep-2024","3,624.15","3,615.10","3,623.80","3,536.20","3,572.90","3,574.75","3,568.94","30,96,557","11,05,14,17,112.80","2,02,312","20,38,272","65.82"
"LT","EQ","05-Sep-2024","3,650.80","3,668.00","3,668.00","3,608.40","3,625.00","3,624.15","3,626.07","29,58,770","10,72,86,99,384.20","1,72,903","22,66,937","76.62"
"LT","EQ","04-Sep-2024","3,690.15","3,650.00","3,681.00","3,631.10","3,654.00","3,650.80","3,646.74","19,30,121","7,03,86,50,188.80","1,24,315","13,35,787","69.21"
"LT","EQ","03-Sep-2024","3,683.10","3,693.95","3,713.95","3,666.90","3,686.30","3,690.15","3,690.76","12,11,993","4,47,31,74,177.00","93,945","7,31,753","60.38"
"LT","EQ","02-Sep-2024","3,704.65","3,706.00","3,721.95","3,666.35","3,677.80","3,683.10","3,689.20","12,77,813","4,71,41,12,302.85","1,15,019","8,03,605","62.89"
"LT","EQ","30-Aug-2024","3,683.45","3,718.35","3,745.00","3,666.40","3,707.00","3,704.65","3,700.93","25,92,912","9,59,61,96,230.95","1,33,375","13,93,909","53.76"
"LT","EQ","29-Aug-2024","3,689.05","3,690.50","3,710.00","3,651.55","3,690.00","3,683.45","3,684.34","21,65,489","7,97,83,91,207.10","1,32,112","11,65,697","53.83"
"LT","EQ","28-Aug-2024","3,702.70","3,705.00","3,724.40","3,685.00","3,690.00","3,689.05","3,700.41","12,78,175","4,72,97,67,635.10","82,201","7,76,094","60.72"
"LT","EQ","27-Aug-2024","3,641.90","3,642.65","3,737.00","3,636.00","3,700.10","3,702.70","3,706.72","33,15,435","12,28,93,83,661.35","1,31,931","16,82,903","50.76"
"LT","EQ","26-Aug-2024","3,598.55","3,611.00","3,648.00","3,594.70","3,638.00","3,641.90","3,628.56","16,06,911","5,83,07,77,895.90","73,397","10,72,873","66.77"
"LT","EQ","23-Aug-2024","3,606.50","3,606.50","3,622.00","3,587.05","3,598.25","3,598.55","3,602.56","18,25,180","6,57,53,12,026.10","79,918","10,45,735","57.29"
"LT","EQ","22-Aug-2024","3,596.05","3,607.05","3,612.15","3,583.95","3,602.30","3,606.50","3,603.84","17,34,927","6,25,24,03,568.80","84,632","11,49,687","66.27"
"LT","EQ","21-Aug-2024","3,572.70","3,590.00","3,615.30","3,581.90","3,593.75","3,596.05","3,599.68","17,14,248","6,17,07,48,515.65","74,473","9,75,413","56.90"
"LT","EQ","20-Aug-2024","3,555.05","3,562.00","3,580.00","3,548.00","3,579.00","3,572.70","3,568.41","12,85,569","4,58,74,42,113.55","78,801","9,17,563","71.37"
"LT","EQ","19-Aug-2024","3,568.35","3,599.85","3,599.90","3,547.00","3,558.10","3,555.05","3,561.38","18,98,535","6,76,14,08,510.40","98,035","12,56,733","66.19"
"LT","EQ","16-Aug-2024","3,545.20","3,578.00","3,580.90","3,533.00","3,569.00","3,568.35","3,561.97","28,08,865","10,00,50,82,527.00","1,49,879","19,02,807","67.74"
"LT","EQ","14-Aug-2024","3,551.80","3,558.95","3,578.70","3,536.50","3,540.05","3,545.20","3,556.86","15,84,372","5,63,53,85,430.60","86,539","11,01,066","69.50"
"LT","EQ","13-Aug-2024","3,571.95","3,580.00","3,607.00","3,545.20","3,551.00","3,551.80","3,573.19","13,16,218","4,70,30,98,657.50","85,677","8,28,185","62.92"
"LT","EQ","12-Aug-2024","3,592.05","3,579.00","3,611.00","3,563.00","3,573.00","3,571.95","3,584.31","19,65,035","7,04,32,99,073.45","1,21,950","12,47,326","63.48"
"LT","EQ","09-Aug-2024","3,553.55","3,600.00","3,605.55","3,575.70","3,594.00","3,592.05","3,591.14","8,48,232","3,04,61,21,443.10","83,218","4,26,982","50.34"
"LT","EQ","08-Aug-2024","3,638.25","3,621.00","3,628.75","3,547.45","3,558.00","3,553.55","3,574.92","20,38,088","7,28,60,05,508.95","1,49,101","10,82,518","53.11"
"LT","EQ","07-Aug-2024","3,576.20","3,630.00","3,655.75","3,610.35","3,641.20","3,638.25","3,634.09","16,13,097","5,86,21,38,962.45","93,561","9,37,848","58.14"
"LT","EQ","06-Aug-2024","3,528.00","3,548.00","3,634.90","3,546.00","3,588.00","3,576.20","3,598.72","21,25,532","7,64,91,92,775.90","1,22,533","11,52,576","54.23"
"LT","EQ","05-Aug-2024","3,665.70","3,597.00","3,607.90","3,511.50","3,530.00","3,528.00","3,547.86","29,00,685","10,29,12,25,584.90","1,95,790","16,26,717","56.08"
"LT","EQ","02-Aug-2024","3,779.30","3,730.35","3,748.90","3,657.10","3,657.90","3,665.70","3,688.92","25,12,525","9,26,84,99,167.85","1,80,833","13,09,768","52.13"
"LT","EQ","01-Aug-2024","3,815.00","3,810.00","3,838.95","3,765.85","3,770.00","3,779.30","3,795.42","19,98,663","7,58,57,56,151.60","1,13,449","10,63,063","53.19"
"LT","EQ","31-Jul-2024","3,784.65","3,777.05","3,822.00","3,763.10","3,815.00","3,815.00","3,798.06","27,03,636","10,26,85,59,318.50","1,33,518","15,98,344","59.12"
"LT","EQ","30-Jul-2024","3,774.95","3,774.85","3,795.00","3,738.60","3,778.25","3,784.65","3,783.19","19,79,989","7,49,06,70,959.95","1,11,800","11,47,323","57.95"
"LT","EQ","29-Jul-2024","3,679.90","3,701.00","3,790.00","3,686.60","3,775.00","3,774.95","3,760.82","41,59,919","15,64,46,94,863.50","1,62,580","25,81,956","62.07"
"LT","EQ","26-Jul-2024","3,619.15","3,629.00","3,701.00","3,596.10","3,699.00","3,679.90","3,658.21","26,17,659","9,57,59,59,118.45","1,72,197","13,29,241","50.78"
"LT","EQ","25-Jul-2024","3,519.45","3,539.00","3,630.90","3,532.05","3,622.00","3,619.15","3,594.69","46,91,483","16,86,44,28,820.65","2,24,931","17,14,741","36.55"
"LT","EQ","24-Jul-2024","3,538.05","3,549.00","3,557.95","3,501.00","3,522.00","3,519.45","3,522.81","31,84,060","11,21,68,51,553.10","2,00,120","20,89,193","65.61"
"LT","EQ","23-Jul-2024","3,651.45","3,669.60","3,714.00","3,460.00","3,542.00","3,538.05","3,566.85","69,57,691","24,81,70,09,549.05","3,77,078","35,25,396","50.67"
"LT","EQ","22-Jul-2024","3,618.50","3,617.90","3,661.85","3,567.60","3,651.00","3,651.45","3,609.78","36,39,057","13,13,61,87,987.05","1,32,791","26,24,540","72.12"
"LT","EQ","19-Jul-2024","3,656.20","3,651.00","3,658.95","3,610.00","3,618.00","3,618.50","3,632.53","24,32,533","8,83,62,42,253.25","1,48,075","15,20,940","62.52"
"LT","EQ","18-Jul-2024","3,636.55","3,640.00","3,679.25","3,598.65","3,647.00","3,656.20","3,649.30","32,40,772","11,82,65,60,025.20","1,67,559","18,90,032","58.32"
"LT","EQ","16-Jul-2024","3,651.60","3,646.10","3,651.60","3,621.00","3,640.00","3,636.55","3,635.15","22,20,953","8,07,34,90,865.90","94,436","15,48,716","69.73"
"LT","EQ","15-Jul-2024","3,649.35","3,670.00","3,674.00","3,637.00","3,647.00","3,651.60","3,651.36","9,43,302","3,44,43,37,698.60","81,792","4,95,595","52.54"
"LT","EQ","12-Jul-2024","3,621.10","3,630.00","3,667.70","3,612.70","3,654.45","3,649.35","3,643.26","20,01,185","7,29,08,41,853.80","1,28,210","8,34,472","41.70"
"LT","EQ","11-Jul-2024","3,650.05","3,660.00","3,684.60","3,603.00","3,629.00","3,621.10","3,636.68","29,42,924","10,70,24,86,723.35","1,74,550","16,36,340","55.60"
"LT","EQ","10-Jul-2024","3,666.10","3,685.05","3,694.00","3,601.00","3,650.00","3,650.05","3,645.25","22,31,438","8,13,41,42,568.60","1,55,613","12,11,321","54.28"
"LT","EQ","09-Jul-2024","3,632.00","3,650.00","3,685.00","3,646.10","3,665.95","3,666.10","3,667.30","24,25,176","8,89,38,58,175.85","1,47,128","13,56,860","55.95"
"LT","EQ","08-Jul-2024","3,627.15","3,640.10","3,645.70","3,594.00","3,631.90","3,632.00","3,620.24","17,06,210","6,17,68,85,528.55","1,01,380","7,90,773","46.35"
"LT","EQ","05-Jul-2024","3,573.30","3,573.30","3,638.00","3,568.00","3,621.00","3,627.15","3,620.27","16,35,209","5,91,99,05,675.00","1,29,124","6,36,407","38.92"
"LT","EQ","04-Jul-2024","3,614.35","3,616.10","3,644.00","3,565.80","3,581.65","3,573.30","3,603.24","18,51,947","6,67,30,15,817.35","1,04,858","9,64,141","52.06"
"LT","EQ","03-Jul-2024","3,626.50","3,650.35","3,650.50","3,605.00","3,615.00","3,614.35","3,619.87","19,23,801","6,96,39,14,656.15","97,998","10,60,812","55.14"
"LT","EQ","02-Jul-2024","3,526.55","3,535.05","3,634.00","3,535.05","3,623.00","3,626.50","3,595.51","50,87,748","18,29,30,39,442.05","2,17,762","28,46,840","55.95"
"LT","EQ","01-Jul-2024","3,548.45","3,535.20","3,541.40","3,514.00","3,528.20","3,526.55","3,524.97","29,61,120","10,43,78,45,854.20","1,56,318","22,52,145","76.06"
"LT","EQ","28-Jun-2024","3,564.40","3,540.00","3,575.95","3,538.10","3,545.70","3,548.45","3,558.07","31,41,514","11,17,77,24,726.20","2,11,665","21,18,610","67.44"
"LT","EQ","27-Jun-2024","3,602.95","3,597.45","3,601.30","3,550.00","3,563.00","3,564.40","3,568.52","55,19,875","19,69,77,63,049.00","2,67,353","34,63,648","62.75"
"LT","EQ","26-Jun-2024","3,587.80","3,601.00","3,624.90","3,592.25","3,604.00","3,602.95","3,605.48","24,80,187","8,94,22,56,279.25","1,37,475","18,20,682","73.41"
"LT","EQ","25-Jun-2024","3,531.60","3,556.50","3,591.95","3,528.00","3,588.45","3,587.80","3,563.39","21,58,039","7,68,99,39,971.35","1,39,316","12,66,735","58.70"
"LT","EQ","24-Jun-2024","3,535.00","3,520.35","3,567.00","3,505.00","3,541.00","3,531.60","3,540.30","23,30,559","8,25,08,82,779.90","1,27,028","15,24,290","65.40"
"LT","EQ","21-Jun-2024","3,594.45","3,604.05","3,610.00","3,516.00","3,524.00","3,535.00","3,546.79","45,08,508","15,99,07,34,726.95","2,08,119","22,38,904","49.66"
"LT","EQ","20-Jun-2024","3,589.95","3,584.95","3,613.30","3,564.60","3,598.40","3,594.45","3,587.54","26,18,715","9,39,47,46,481.05","1,68,275","12,54,150","47.89"
"LT","EQ","19-Jun-2024","3,689.20","3,690.00","3,699.00","3,575.00","3,606.95","3,589.95","3,622.88","29,36,151","10,63,73,25,627.10","1,74,218","18,51,650","63.06"
"LT","EQ","18-Jun-2024","3,687.80","3,708.00","3,710.00","3,675.00","3,689.00","3,689.20","3,694.70","19,36,792","7,15,58,63,443.90","1,25,205","12,51,363","64.61"
"LT","EQ","14-Jun-2024","3,703.65","3,718.00","3,720.00","3,675.00","3,681.10","3,687.80","3,689.66","17,46,508","6,44,40,27,620.65","1,16,358","8,84,829","50.66"
"LT","EQ","13-Jun-2024","3,630.30","3,665.50","3,715.90","3,635.00","3,702.00","3,703.65","3,683.70","29,65,500","10,92,40,17,088.50","2,48,839","15,58,091","52.54"
"LT","EQ","12-Jun-2024","3,598.70","3,615.00","3,648.95","3,578.00","3,630.00","3,630.30","3,630.27","22,42,274","8,14,00,54,289.95","1,06,476","12,79,517","57.06"
"LT","EQ","11-Jun-2024","3,543.75","3,570.00","3,639.00","3,551.20","3,600.00","3,598.70","3,609.24","25,48,176","9,19,69,76,162.95","1,69,264","11,15,060","43.76"
"LT","EQ","10-Jun-2024","3,532.50","3,521.05","3,585.00","3,521.05","3,541.95","3,543.75","3,552.73","31,51,257","11,19,55,50,287.70","1,72,023","18,07,547","57.36"
"LT","EQ","07-Jun-2024","3,482.55","3,465.05","3,548.00","3,446.00","3,527.85","3,532.50","3,514.12","58,79,660","20,66,18,21,710.20","2,99,277","30,89,803","52.55"
"LT","EQ","06-Jun-2024","3,409.00","3,438.00","3,538.20","3,385.30","3,496.00","3,482.55","3,480.80","83,74,602","29,15,03,43,332.10","3,71,459","42,46,127","50.70"
"LT","EQ","05-Jun-2024","3,403.20","3,441.50","3,441.50","3,175.05","3,399.95","3,409.00","3,303.53","1,03,72,458","34,26,57,05,434.50","5,62,189","54,42,813","52.47"
"LT","EQ","04-Jun-2024","3,897.15","3,852.00","3,898.00","3,320.00","3,415.00","3,403.20","3,539.43","99,20,882","35,11,42,40,230.60","5,60,360","56,14,725","56.60"
"LT","EQ","03-Jun-2024","3,669.30","3,855.40","3,919.90","3,801.10","3,900.45","3,897.15","3,880.45","57,67,666","22,38,11,47,733.00","2,46,551","40,70,243","70.57"
"LT","EQ","31-May-2024","3,634.70","3,636.40","3,744.80","3,636.40","3,678.50","3,669.30","3,693.33","64,32,341","23,75,67,40,901.05","2,44,010","32,87,022","51.10"
"LT","EQ","30-May-2024","3,634.80","3,626.05","3,643.95","3,607.75","3,643.00","3,634.70","3,630.63","27,01,849","9,80,94,13,541.40","1,74,916","17,96,320","66.48"
"LT","EQ","29-May-2024","3,658.20","3,611.00","3,661.85","3,610.35","3,628.15","3,634.80","3,635.48","15,06,146","5,47,55,66,341.05","97,277","9,20,248","61.10"
"LT","EQ","28-May-2024","3,652.00","3,652.00","3,685.25","3,646.05","3,657.00","3,658.20","3,661.34","14,40,187","5,27,30,12,668.20","1,19,953","8,96,227","62.23"
"LT","EQ","27-May-2024","3,625.90","3,644.90","3,695.00","3,600.00","3,647.00","3,652.00","3,653.01","25,70,708","9,39,08,09,807.35","1,82,366","14,83,924","57.72"
"LT","EQ","24-May-2024","3,585.40","3,586.00","3,659.00","3,582.30","3,621.00","3,625.90","3,627.82","27,40,360","9,94,15,41,702.45","1,92,630","12,61,878","46.05"
"LT","EQ","23-May-2024","3,460.85","3,460.90","3,601.65","3,455.00","3,577.00","3,585.40","3,551.20","45,25,637","16,07,14,52,309.50","2,74,666","20,99,034","46.38"
"LT","EQ","22-May-2024","3,440.95","3,450.05","3,472.70","3,435.05","3,464.75","3,460.85","3,459.49","14,09,992","4,87,78,46,791.15","1,18,328","8,64,451","61.31"
"LT","EQ","21-May-2024","3,464.20","3,458.00","3,470.30","3,434.00","3,435.05","3,440.95","3,450.64","21,00,848","7,24,92,74,176.20","1,47,630","15,66,592","74.57"
"LT","EQ","18-May-2024","3,450.75","3,452.00","3,468.00","3,445.80","3,467.50","3,464.20","3,458.37","1,41,462","48,92,28,073.75","9,811","86,537","61.17"
"LT","EQ","17-May-2024","3,460.60","3,475.95","3,475.95","3,412.15","3,454.15","3,450.75","3,440.74","26,76,919","9,21,05,79,941.25","1,75,513","13,68,223","51.11"
"LT","EQ","16-May-2024","3,411.30","3,428.95","3,468.50","3,378.70","3,460.00","3,460.60","3,413.98","33,98,714","11,60,31,35,146.30","2,29,058","14,52,663","42.74"
"LT","EQ","15-May-2024","3,379.45","3,390.00","3,417.40","3,353.15","3,415.00","3,411.30","3,386.15","27,18,682","9,20,58,69,368.60","1,85,374","15,89,809","58.48"
"LT","EQ","14-May-2024","3,293.85","3,300.00","3,384.90","3,293.40","3,375.00","3,379.45","3,348.66","28,70,328","9,61,17,46,752.45","1,76,256","18,43,187","64.22"
"LT","EQ","13-May-2024","3,271.45","3,267.05","3,315.00","3,225.20","3,300.00","3,293.85","3,280.38","35,57,067","11,66,85,26,808.25","2,05,393","23,09,198","64.92"
"LT","EQ","10-May-2024","3,275.45","3,281.60","3,306.15","3,234.60","3,276.90","3,271.45","3,263.22","41,32,191","13,48,42,47,758.50","2,72,803","24,17,633","58.51"
"LT","EQ","09-May-2024","3,486.85","3,312.75","3,377.00","3,266.65","3,289.95","3,275.45","3,310.59","1,21,20,574","40,12,61,95,141.05","6,42,552","74,85,198","61.76"
"LT","EQ","08-May-2024","3,427.75","3,429.00","3,497.40","3,367.80","3,482.75","3,486.85","3,422.63","41,16,670","14,08,98,33,172.55","2,06,007","19,34,299","46.99"
"LT","EQ","07-May-2024","3,463.30","3,479.40","3,496.00","3,425.00","3,429.10","3,427.75","3,451.20","33,76,013","11,65,13,04,132.40","1,70,591","24,35,550","72.14"
"LT","EQ","06-May-2024","3,499.80","3,522.80","3,527.00","3,441.10","3,468.00","3,463.30","3,469.51","26,14,667","9,07,16,08,497.05","2,00,066","15,62,297","59.75"
"LT","EQ","03-May-2024","3,599.50","3,610.00","3,622.00","3,488.45","3,500.00","3,499.80","3,525.94","40,79,696","14,38,47,59,936.65","3,36,644","23,74,338","58.20"
"LT","EQ","02-May-2024","3,594.30","3,590.05","3,634.15","3,576.05","3,599.75","3,599.50","3,600.92","37,48,847","13,49,93,05,908.60","3,39,498","16,57,551","44.21"
"LT","EQ","30-Apr-2024","3,634.30","3,639.00","3,648.95","3,584.05","3,591.95","3,594.30","3,622.81","15,71,996","5,69,50,43,780.50","1,47,602","11,64,682","74.09"
"LT","EQ","29-Apr-2024","3,605.20","3,606.10","3,649.90","3,605.20","3,634.00","3,634.30","3,633.23","13,96,979","5,07,55,51,037.65","1,04,169","8,64,466","61.88"
"LT","EQ","26-Apr-2024","3,652.30","3,652.00","3,660.90","3,585.00","3,608.00","3,605.20","3,614.36","19,73,113","7,13,15,46,088.05","1,55,188","9,67,785","49.05"
"LT","EQ","25-Apr-2024","3,634.85","3,616.10","3,666.00","3,611.60","3,642.00","3,652.30","3,646.80","24,20,380","8,82,66,35,615.35","1,38,913","10,31,256","42.61"
"LT","EQ","24-Apr-2024","3,610.15","3,616.55","3,654.95","3,601.10","3,640.30","3,634.85","3,636.62","15,01,234","5,45,94,22,387.25","1,04,466","10,07,359","67.10"
"LT","EQ","23-Apr-2024","3,612.70","3,632.75","3,632.75","3,588.00","3,606.00","3,610.15","3,604.41","14,34,580","5,17,08,09,324.90","1,25,329","9,09,676","63.41"
"LT","EQ","22-Apr-2024","3,518.35","3,568.75","3,620.00","3,540.95","3,620.00","3,612.70","3,587.21","26,05,754","9,34,73,87,248.85","1,57,999","17,05,659","65.46"
"LT","EQ","19-Apr-2024","3,550.95","3,525.00","3,542.90","3,472.40","3,512.90","3,518.35","3,509.76","27,59,031","9,68,35,45,965.80","1,61,797","14,49,220","52.53"
"LT","EQ","18-Apr-2024","3,543.45","3,561.95","3,617.65","3,539.70","3,554.00","3,550.95","3,571.29","32,73,257","11,68,97,57,625.85","2,00,764","15,39,206","47.02"
"LT","EQ","16-Apr-2024","3,600.80","3,580.05","3,598.15","3,529.45","3,555.00","3,543.45","3,555.15","22,91,042","8,14,50,00,756.35","1,61,892","14,42,329","62.96"
"LT","EQ","15-Apr-2024","3,679.25","3,626.05","3,679.85","3,586.20","3,605.45","3,600.80","3,627.82","17,19,910","6,23,95,22,111.15","1,64,970","9,04,940","52.62"
"LT","EQ","12-Apr-2024","3,753.20","3,749.95","3,802.10","3,663.50","3,687.00","3,679.25","3,722.02","34,37,544","12,79,45,99,828.35","2,25,321","15,68,253","45.62"
"LT","EQ","10-Apr-2024","3,785.25","3,800.00","3,800.00","3,750.10","3,758.80","3,753.20","3,765.13","19,51,581","7,34,79,62,875.95","1,16,783","13,86,347","71.04"
"LT","EQ","09-Apr-2024","3,807.85","3,820.00","3,827.95","3,775.00","3,781.00","3,785.25","3,793.72","19,97,057","7,57,62,71,478.80","89,699","15,62,788","78.25"
"LT","EQ","08-Apr-2024","3,743.10","3,745.00","3,819.80","3,743.10","3,811.05","3,807.85","3,787.21","10,83,395","4,10,30,40,560.30","87,260","5,39,924","49.84"
"LT","EQ","05-Apr-2024","3,797.85","3,770.10","3,790.00","3,716.25","3,744.00","3,743.10","3,743.00","16,45,597","6,15,94,61,644.15","1,18,994","6,94,698","42.22"
"LT","EQ","04-Apr-2024","3,782.45","3,804.90","3,819.75","3,731.05","3,810.00","3,797.85","3,779.76","23,39,529","8,84,28,53,337.25","1,70,785","6,30,370","26.94"
"LT","EQ","03-Apr-2024","3,807.40","3,799.70","3,799.70","3,770.15","3,783.00","3,782.45","3,781.80","16,84,618","6,37,08,95,627.60","1,02,022","11,80,089","70.05"
"LT","EQ","02-Apr-2024","3,838.00","3,849.80","3,860.00","3,771.25","3,811.80","3,807.40","3,795.24","36,08,162","13,69,38,53,103.30","1,22,363","27,54,282","76.33"
"LT","EQ","01-Apr-2024","3,763.90","3,780.85","3,851.85","3,780.85","3,840.20","3,838.00","3,831.67","19,05,190","7,30,00,59,452.85","1,10,296","11,82,730","62.08"
"LT","EQ","28-Mar-2024","3,706.40","3,706.55","3,813.35","3,697.55","3,764.90","3,763.90","3,767.16","42,78,668","16,11,84,35,648.65","2,11,392","19,84,940","46.39"
"LT","EQ","27-Mar-2024","3,670.10","3,683.00","3,727.20","3,670.10","3,704.00","3,706.40","3,707.53","23,87,693","8,85,24,46,126.50","1,60,348","14,82,880","62.11"
"LT","EQ","26-Mar-2024","3,617.80","3,605.00","3,676.90","3,600.00","3,670.00","3,670.10","3,653.95","23,20,963","8,48,06,83,349.10","1,67,326","16,65,899","71.78"
"LT","EQ","22-Mar-2024","3,560.00","3,546.20","3,647.30","3,546.20","3,610.00","3,617.80","3,609.22","30,20,545","10,90,18,01,227.85","2,16,381","14,93,155","49.43"
"LT","EQ","21-Mar-2024","3,509.70","3,525.15","3,596.00","3,525.15","3,562.00","3,560.00","3,569.15","25,04,962","8,94,05,92,592.80","1,58,916","12,76,212","50.95"
"LT","EQ","20-Mar-2024","3,501.70","3,502.75","3,524.95","3,487.75","3,513.20","3,509.70","3,511.18","14,42,811","5,06,59,63,257.80","1,20,211","10,45,547","72.47"
"LT","EQ","19-Mar-2024","3,561.20","3,541.00","3,549.50","3,481.00","3,504.00","3,501.70","3,506.62","14,47,405","5,07,54,98,906.35","1,20,334","9,72,272","67.17"
"LT","EQ","18-Mar-2024","3,537.15","3,537.15","3,572.20","3,526.70","3,560.00","3,561.20","3,557.46","13,54,787","4,81,95,99,392.80","1,22,348","8,95,552","66.10"
"LT","EQ","15-Mar-2024","3,608.20","3,598.00","3,603.00","3,524.05","3,541.55","3,537.15","3,545.99","40,54,210","14,37,61,80,273.90","2,28,044","30,07,135","74.17"
"LT","EQ","14-Mar-2024","3,538.55","3,527.05","3,636.00","3,522.00","3,600.00","3,608.20","3,601.93","45,28,490","16,31,13,19,982.30","2,32,700","30,04,786","66.35"
"LT","EQ","13-Mar-2024","3,621.65","3,634.90","3,636.80","3,511.90","3,537.00","3,538.55","3,551.51","25,03,293","8,89,04,69,106.50","1,84,262","15,31,057","61.16"
"LT","EQ","12-Mar-2024","3,640.60","3,639.05","3,672.00","3,613.15","3,622.00","3,621.65","3,642.79","14,70,377","5,35,62,69,272.75","1,39,831","9,12,434","62.05"
"LT","EQ","11-Mar-2024","3,676.95","3,700.00","3,700.00","3,631.45","3,638.85","3,640.60","3,650.08","17,48,541","6,38,23,07,502.05","1,28,768","12,06,532","69.00"
"LT","EQ","07-Mar-2024","3,642.20","3,660.75","3,705.15","3,643.25","3,679.00","3,676.95","3,679.75","23,44,401","8,62,68,12,543.35","1,48,815","14,62,607","62.39"
"LT","EQ","06-Mar-2024","3,612.60","3,618.00","3,652.45","3,586.05","3,649.00","3,642.20","3,617.07","15,00,196","5,42,63,17,443.80","1,34,403","9,01,810","60.11"
"LT","EQ","05-Mar-2024","3,644.45","3,631.20","3,644.45","3,590.30","3,618.00","3,612.60","3,616.74","19,81,370","7,16,61,08,372.95","1,20,484","14,26,257","71.98"
"LT","EQ","04-Mar-2024","3,655.25","3,670.00","3,679.80","3,622.05","3,639.00","3,644.45","3,642.69","13,07,501","4,76,28,19,651.20","1,20,856","7,78,458","59.54"
"LT","EQ","02-Mar-2024","3,633.50","3,647.90","3,690.00","3,646.20","3,652.90","3,655.25","3,665.31","2,46,957","90,51,74,073.40","18,973","1,39,581","56.52"
"LT","EQ","01-Mar-2024","3,477.55","3,501.65","3,658.35","3,500.00","3,628.85","3,633.50","3,594.50","44,07,803","15,84,38,45,019.95","2,74,913","20,11,254","45.63"
"LT","EQ","29-Feb-2024","3,470.20","3,485.00","3,496.00","3,436.45","3,481.00","3,477.55","3,469.20","21,19,512","7,35,30,04,193.20","1,32,525","12,79,016","60.34"
"LT","EQ","28-Feb-2024","3,506.45","3,505.00","3,513.00","3,446.15","3,463.05","3,470.20","3,474.86","16,66,903","5,79,22,54,903.90","1,44,188","10,18,370","61.09"
"LT","EQ","27-Feb-2024","3,470.15","3,475.00","3,512.00","3,451.90","3,496.50","3,506.45","3,492.62","21,22,286","7,41,23,32,300.70","1,37,026","14,11,733","66.52"
"LT","EQ","26-Feb-2024","3,387.95","3,400.00","3,491.65","3,393.00","3,470.35","3,470.15","3,464.62","41,22,419","14,28,26,18,156.15","1,98,475","23,16,176","56.18"
"LT","EQ","23-Feb-2024","3,363.75","3,363.75","3,399.90","3,340.75","3,375.00","3,387.95","3,376.68","21,07,176","7,11,52,52,255.55","1,50,790","11,81,507","56.07"
"LT","EQ","22-Feb-2024","3,296.40","3,310.00","3,369.00","3,276.95","3,363.00","3,363.75","3,323.23","25,21,388","8,37,91,47,529.45","1,88,283","12,07,847","47.90"
"LT","EQ","21-Feb-2024","3,356.75","3,356.90","3,356.90","3,290.05","3,299.00","3,296.40","3,323.77","24,30,672","8,07,90,05,922.80","1,47,651","16,62,420","68.39"
"LT","EQ","20-Feb-2024","3,339.85","3,339.85","3,367.75","3,328.45","3,362.50","3,356.75","3,347.47","15,78,162","5,28,28,54,808.30","1,19,394","10,22,526","64.79"
"LT","EQ","19-Feb-2024","3,386.75","3,400.55","3,408.00","3,335.50","3,341.15","3,339.85","3,352.09","12,16,447","4,07,76,37,549.30","97,105","6,28,180","51.64"
"LT","EQ","16-Feb-2024","3,300.30","3,304.95","3,398.00","3,304.05","3,382.80","3,386.75","3,369.15","27,68,329","9,32,69,27,305.10","1,83,986","15,95,267","57.63"
"LT","EQ","15-Feb-2024","3,309.00","3,309.00","3,321.95","3,290.20","3,303.95","3,300.30","3,302.95","19,99,189","6,60,32,20,230.75","1,66,096","12,39,531","62.00"
"LT","EQ","14-Feb-2024","3,321.50","3,290.05","3,316.95","3,263.05","3,312.95","3,309.00","3,287.26","25,02,138","8,22,51,69,971.75","2,16,456","17,03,191","68.07"
"LT","EQ","13-Feb-2024","3,299.55","3,312.00","3,338.55","3,284.10","3,316.25","3,321.50","3,319.88","21,51,493","7,14,27,03,813.40","1,69,600","14,80,228","68.80"
"LT","EQ","12-Feb-2024","3,324.55","3,330.00","3,339.15","3,287.00","3,301.55","3,299.55","3,308.84","19,22,273","6,36,04,97,577.70","1,86,795","12,68,822","66.01"
"LT","EQ","09-Feb-2024","3,335.50","3,336.25","3,390.00","3,308.95","3,324.00","3,324.55","3,327.86","31,21,873","10,38,91,52,101.40","1,81,824","16,98,995","54.42"
"LT","EQ","08-Feb-2024","3,394.70","3,413.00","3,417.80","3,293.85","3,356.00","3,335.50","3,350.08","34,71,727","11,63,05,63,825.40","3,10,823","20,63,516","59.44"
"LT","EQ","07-Feb-2024","3,424.25","3,445.00","3,447.00","3,389.00","3,396.00","3,394.70","3,413.73","20,99,940","7,16,86,31,397.95","1,88,731","12,98,307","61.83"
"LT","EQ","06-Feb-2024","3,341.75","3,346.00","3,427.75","3,337.55","3,419.00","3,424.25","3,398.53","25,45,192","8,64,99,19,158.85","1,87,126","16,82,140","66.09"
"LT","EQ","05-Feb-2024","3,376.05","3,375.50","3,407.95","3,318.45","3,340.95","3,341.75","3,362.80","29,54,238","9,93,45,01,679.35","4,15,549","20,36,923","68.95"
"LT","EQ","02-Feb-2024","3,398.00","3,402.70","3,436.35","3,361.00","3,380.60","3,376.05","3,399.28","75,79,802","25,76,58,55,679.15","3,60,278","47,74,809","62.99"
"LT","EQ","01-Feb-2024","3,479.75","3,480.00","3,493.75","3,371.00","3,398.00","3,398.00","3,414.16","61,49,780","20,99,63,47,650.90","3,50,563","39,76,225","64.66"
"LT","EQ","31-Jan-2024","3,633.30","3,520.00","3,538.00","3,387.05","3,480.00","3,479.75","3,459.48","96,37,606","33,34,11,19,439.35","5,45,802","54,05,947","56.09"
"LT","EQ","30-Jan-2024","3,708.00","3,715.95","3,737.90","3,624.90","3,639.85","3,633.30","3,675.49","14,54,989","5,34,77,91,328.15","1,33,031","7,47,324","51.36"
"LT","EQ","29-Jan-2024","3,593.45","3,604.00","3,733.85","3,600.10","3,710.00","3,708.00","3,687.07","20,72,982","7,64,32,38,960.10","1,66,432","12,71,712","61.35"
"LT","EQ","25-Jan-2024","3,589.20","3,599.90","3,618.25","3,564.80","3,584.00","3,593.45","3,594.44","22,06,540","7,93,12,67,641.20","1,64,879","13,68,503","62.02"
"LT","BL","25-Jan-2024","2,011.10","3,589.20","3,589.20","3,589.20","3,589.20","3,589.20","3,589.20","2,33,652","83,86,23,758.40","1","-","-"
"LT","EQ","24-Jan-2024","3,551.00","3,570.00","3,617.95","3,521.70","3,600.00","3,589.20","3,586.69","37,11,521","13,31,20,62,950.35","1,92,912","27,31,075","73.58"
"LT","EQ","23-Jan-2024","3,634.50","3,637.60","3,661.35","3,536.20","3,547.00","3,551.00","3,602.16","17,42,142","6,27,54,72,696.80","1,66,563","11,64,704","66.85"
"LT","EQ","20-Jan-2024","3,646.00","3,667.00","3,670.00","3,621.05","3,637.40","3,634.50","3,644.77","4,68,514","1,70,76,27,966.30","52,470","2,22,049","47.39"
"LT","EQ","19-Jan-2024","3,596.00","3,603.00","3,655.85","3,603.00","3,646.00","3,646.00","3,636.43","19,13,923","6,95,98,43,129.05","1,96,916","11,14,564","58.23"
"LT","EQ","18-Jan-2024","3,570.95","3,570.80","3,616.95","3,525.00","3,603.00","3,596.00","3,592.24","21,48,898","7,71,93,57,081.85","1,83,094","12,69,966","59.10"
"LT","EQ","17-Jan-2024","3,573.50","3,555.00","3,614.45","3,547.70","3,575.05","3,570.95","3,576.80","26,99,076","9,65,40,42,587.35","1,64,051","16,61,113","61.54"
"LT","EQ","16-Jan-2024","3,543.05","3,548.00","3,589.00","3,538.00","3,578.00","3,573.50","3,568.44","17,91,818","6,39,39,98,654.80","1,66,759","11,85,193","66.14"
"LT","EQ","15-Jan-2024","3,568.80","3,576.10","3,605.70","3,538.05","3,546.90","3,543.05","3,565.61","17,83,518","6,35,93,26,466.35","1,38,184","10,86,370","60.91"
"LT","EQ","12-Jan-2024","3,504.85","3,505.05","3,578.65","3,494.05","3,568.00","3,568.80","3,540.61","17,82,631","6,31,15,96,272.35","1,40,965","9,87,229","55.38"
"LT","EQ","11-Jan-2024","3,545.50","3,545.50","3,559.55","3,500.55","3,507.00","3,504.85","3,523.56","11,05,348","3,89,47,55,496.85","1,13,992","6,64,576","60.12"
"LT","EQ","10-Jan-2024","3,555.95","3,549.95","3,558.95","3,520.00","3,548.00","3,545.50","3,537.36","15,34,821","5,42,92,21,814.50","1,01,151","9,56,420","62.31"
"LT","EQ","09-Jan-2024","3,501.10","3,527.45","3,593.75","3,520.10","3,560.00","3,555.95","3,564.35","18,07,271","6,44,17,43,425.35","1,36,843","9,58,324","53.03"
"LT","EQ","08-Jan-2024","3,521.90","3,540.00","3,559.95","3,490.00","3,510.00","3,501.10","3,519.92","19,93,855","7,01,82,15,617.00","2,44,999","13,19,026","66.15"
"LT","EQ","05-Jan-2024","3,458.70","3,464.95","3,555.00","3,460.00","3,548.60","3,521.90","3,497.02","20,69,018","7,23,53,90,724.65","2,11,563","11,23,090","54.28"
"LT","EQ","04-Jan-2024","3,440.35","3,441.05","3,480.10","3,423.00","3,459.95","3,458.70","3,457.46","16,51,616","5,71,04,00,919.60","1,55,242","9,74,234","58.99"
"LT","EQ","03-Jan-2024","3,438.10","3,433.00","3,465.85","3,411.60","3,440.00","3,440.35","3,438.35","12,83,859","4,41,43,62,339.55","1,47,403","8,14,620","63.45"
"LT","EQ","02-Jan-2024","3,525.45","3,525.05","3,525.45","3,432.00","3,440.90","3,438.10","3,455.21","15,11,464","5,22,24,23,704.45","1,99,417","9,69,027","64.11"
"LT","EQ","01-Jan-2024","3,526.00","3,538.00","3,538.00","3,496.05","3,509.10","3,525.45","3,518.05","7,77,080","2,73,38,04,517.85","99,652","4,28,707","55.17"
"LT","EQ","29-Dec-2023","3,518.05","3,531.00","3,540.00","3,495.00","3,520.00","3,526.00","3,517.41","9,68,577","3,40,68,79,763.30","1,06,590","5,12,769","52.94"
"LT","EQ","28-Dec-2023","3,544.00","3,545.00","3,559.95","3,500.50","3,523.00","3,518.05","3,528.63","33,71,121","11,89,54,33,081.75","1,81,724","24,27,585","72.01"
"LT","EQ","27-Dec-2023","3,490.05","3,510.00","3,549.00","3,504.15","3,545.00","3,544.00","3,529.80","13,89,266","4,90,38,27,561.50","1,22,452","6,47,305","46.59"
"LT","EQ","26-Dec-2023","3,477.95","3,477.95","3,508.35","3,477.95","3,491.00","3,490.05","3,491.26","10,72,263","3,74,35,53,171.65","89,263","7,10,068","66.22"
"LT","EQ","22-Dec-2023","3,424.15","3,424.00","3,496.00","3,408.60","3,472.00","3,477.95","3,463.59","16,81,707","5,82,47,43,988.10","1,30,843","6,43,518","38.27"
"LT","EQ","21-Dec-2023","3,418.50","3,390.05","3,439.95","3,333.00","3,438.50","3,424.15","3,382.29","22,92,802","7,75,49,21,287.85","1,59,960","9,53,818","41.60"
"LT","EQ","20-Dec-2023","3,498.95","3,505.00","3,514.60","3,412.55","3,416.80","3,418.50","3,472.45","18,76,048","6,51,44,83,827.75","1,40,702","12,97,137","69.14"
"LT","EQ","19-Dec-2023","3,491.60","3,488.95","3,525.00","3,476.05","3,498.10","3,498.95","3,504.81","13,11,700","4,59,72,62,401.70","1,23,795","8,02,334","61.17"
"LT","EQ","18-Dec-2023","3,488.00","3,496.00","3,506.00","3,466.00","3,486.00","3,491.60","3,479.20","17,67,429","6,14,92,37,941.30","1,12,884","13,14,811","74.39"
"LT","EQ","15-Dec-2023","3,433.10","3,435.15","3,498.90","3,432.85","3,491.35","3,488.00","3,469.47","26,32,935","9,13,48,80,376.50","1,45,130","16,65,154","63.24"
"LT","EQ","14-Dec-2023","3,399.80","3,425.95","3,440.00","3,400.10","3,436.00","3,433.10","3,421.15","24,25,646","8,29,84,93,111.00","1,88,077","15,28,266","63.00"
"LT","EQ","13-Dec-2023","3,342.40","3,352.95","3,410.00","3,346.20","3,395.00","3,399.80","3,378.34","15,09,107","5,09,82,78,098.20","1,11,338","9,75,676","64.65"
"LT","EQ","12-Dec-2023","3,385.80","3,375.00","3,375.00","3,332.00","3,345.00","3,342.40","3,348.94","18,88,423","6,32,42,22,801.75","1,47,602","13,93,760","73.81"
"LT","EQ","11-Dec-2023","3,378.45","3,377.95","3,405.00","3,360.00","3,381.95","3,385.80","3,381.94","15,34,238","5,18,87,07,144.10","94,181","11,43,527","74.53"
"LT","EQ","08-Dec-2023","3,355.60","3,377.00","3,430.00","3,366.00","3,380.00","3,378.45","3,394.19","24,28,891","8,24,41,26,175.55","1,73,664","12,67,077","52.17"
"LT","EQ","07-Dec-2023","3,392.30","3,392.30","3,409.90","3,337.05","3,372.00","3,355.60","3,363.60","21,28,823","7,16,05,11,364.30","1,50,669","11,74,373","55.17"
"LT","EQ","06-Dec-2023","3,315.45","3,330.00","3,401.00","3,321.00","3,387.00","3,392.30","3,368.39","20,57,233","6,92,95,58,413.90","1,53,461","14,16,155","68.84"
"LT","EQ","05-Dec-2023","3,313.55","3,319.05","3,325.00","3,279.05","3,319.00","3,315.45","3,302.14","16,59,309","5,47,92,77,569.90","1,36,656","11,06,671","66.69"
"LT","EQ","04-Dec-2023","3,190.65","3,285.00","3,347.55","3,250.00","3,316.05","3,313.55","3,303.15","30,95,974","10,22,64,61,999.60","2,21,889","15,29,641","49.41"
"LT","EQ","01-Dec-2023","3,109.20","3,129.95","3,197.95","3,121.05","3,184.15","3,190.65","3,180.47","21,12,908","6,72,00,44,602.10","1,44,549","9,51,128","45.02"
"LT","EQ","30-Nov-2023","3,083.75","3,076.30","3,124.55","3,058.70","3,119.80","3,109.20","3,100.60","31,31,624","9,70,99,16,076.10","1,29,023","22,80,466","72.82"
"LT","EQ","29-Nov-2023","3,050.00","3,050.00","3,089.90","3,049.00","3,080.95","3,083.75","3,069.07","18,01,107","5,52,77,19,695.65","1,64,191","13,67,738","75.94"
"LT","EQ","28-Nov-2023","3,054.25","3,054.00","3,059.15","3,035.00","3,053.00","3,050.00","3,047.65","12,10,508","3,68,92,01,964.25","1,18,447","9,45,446","78.10"
"LT","EQ","24-Nov-2023","3,045.65","3,050.00","3,067.00","3,039.60","3,051.80","3,054.25","3,054.65","9,15,121","2,79,53,74,360.60","92,885","4,00,331","43.75"
"LT","EQ","23-Nov-2023","3,082.30","3,080.00","3,088.00","3,031.05","3,051.15","3,045.65","3,052.05","15,14,688","4,62,29,00,408.75","1,15,869","8,84,009","58.36"
"LT","EQ","22-Nov-2023","3,074.85","3,074.85","3,088.65","3,062.50","3,080.50","3,082.30","3,078.17","11,04,208","3,39,89,34,900.40","92,685","7,12,030","64.48"
"LT","EQ","21-Nov-2023","3,088.80","3,088.50","3,099.00","3,062.45","3,075.00","3,074.85","3,078.23","18,84,782","5,80,17,93,867.50","1,19,729","13,35,802","70.87"
"LT","EQ","20-Nov-2023","3,109.00","3,095.10","3,111.95","3,076.20","3,087.00","3,088.80","3,088.51","12,31,164","3,80,24,61,160.45","1,08,214","8,01,074","65.07"
"LT","EQ","17-Nov-2023","3,051.15","3,050.00","3,115.45","3,045.15","3,106.25","3,109.00","3,084.02","13,25,050","4,08,64,81,461.95","1,18,480","7,69,320","58.06"
"LT","EQ","16-Nov-2023","3,064.95","3,057.95","3,082.10","3,045.00","3,050.00","3,051.15","3,061.15","15,97,607","4,89,05,10,637.00","1,23,277","9,39,923","58.83"
"LT","EQ","15-Nov-2023","3,048.50","3,062.35","3,071.05","3,055.00","3,063.00","3,064.95","3,064.04","11,60,184","3,55,48,47,097.20","87,513","8,94,714","77.12"
"LT","EQ","13-Nov-2023","3,052.00","3,050.00","3,054.35","3,031.65","3,041.85","3,048.50","3,043.91","5,31,769","1,61,86,57,587.55","60,874","3,56,158","66.98"
"LT","EQ","12-Nov-2023","3,033.25","3,054.95","3,060.00","3,044.00","3,052.00","3,052.00","3,053.31","2,56,389","78,28,34,657.80","23,797","1,27,801","49.85"
"LT","EQ","10-Nov-2023","3,024.85","3,021.05","3,044.00","3,005.25","3,030.55","3,033.25","3,028.87","9,47,753","2,87,06,18,749.70","77,016","5,58,411","58.92"
"LT","EQ","09-Nov-2023","2,996.45","3,003.00","3,028.70","2,997.00","3,026.45","3,024.85","3,018.81","17,19,911","5,19,20,86,619.60","1,24,752","7,94,096","46.17"
"LT","EQ","08-Nov-2023","2,961.30","2,974.70","3,002.75","2,961.00","2,998.00","2,996.45","2,983.72","10,13,438","3,02,38,16,500.10","80,527","6,38,345","62.99"
"LT","EQ","07-Nov-2023","2,975.45","2,970.00","2,983.60","2,956.10","2,963.00","2,961.30","2,969.65","11,12,206","3,30,28,58,116.85","95,718","7,92,667","71.27"
"LT","EQ","06-Nov-2023","2,911.25","2,933.00","2,979.00","2,927.25","2,971.70","2,975.45","2,962.32","12,35,499","3,65,99,42,862.60","1,02,669","7,23,380","58.55"
"LT","EQ","03-Nov-2023","2,918.10","2,934.00","2,948.05","2,905.00","2,918.90","2,911.25","2,921.04","11,36,175","3,31,88,15,498.85","1,03,154","6,16,149","54.23"
"LT","EQ","02-Nov-2023","2,895.30","2,935.00","2,937.85","2,903.20","2,921.00","2,918.10","2,915.22","14,51,606","4,23,17,49,361.00","1,13,151","6,19,420","42.67"
"LT","EQ","01-Nov-2023","2,929.05","2,947.45","2,983.15","2,871.05","2,894.00","2,895.30","2,919.87","38,75,595","11,31,62,50,112.10","2,46,412","18,92,864","48.84"
"LT","EQ","31-Oct-2023","2,926.35","2,929.95","2,951.55","2,907.95","2,923.00","2,929.05","2,925.45","15,56,467","4,55,33,61,115.30","1,20,033","7,46,961","47.99"
"LT","EQ","30-Oct-2023","2,901.90","2,899.20","2,932.00","2,856.15","2,927.35","2,926.35","2,910.87","16,93,052","4,92,82,57,289.00","1,06,664","10,25,189","60.55"
"LT","EQ","27-Oct-2023","2,864.60","2,864.65","2,910.55","2,857.65","2,909.00","2,901.90","2,893.54","23,99,538","6,94,31,49,814.40","1,59,869","17,08,475","71.20"
"LT","EQ","26-Oct-2023","2,916.10","2,906.00","2,916.15","2,857.05","2,864.45","2,864.60","2,874.72","32,86,109","9,44,66,52,077.60","2,84,482","23,16,267","70.49"
"LT","EQ","25-Oct-2023","2,958.30","2,959.00","2,965.50","2,910.30","2,919.95","2,916.10","2,934.72","21,08,353","6,18,74,27,022.45","1,63,245","14,28,452","67.75"
"LT","EQ","23-Oct-2023","3,012.35","3,003.00","3,006.90","2,949.00","2,961.50","2,958.30","2,974.68","16,14,030","4,80,12,23,909.20","1,19,364","10,81,955","67.03"
"LT","EQ","20-Oct-2023","3,054.40","3,039.95","3,056.25","2,977.30","3,017.00","3,012.35","3,013.38","16,67,471","5,02,47,16,358.20","1,53,002","9,17,915","55.05"
"LT","EQ","19-Oct-2023","3,045.60","3,025.60","3,069.90","3,007.15","3,055.00","3,054.40","3,043.34","15,99,104","4,86,66,15,367.25","1,25,551","7,53,691","47.13"
"LT","EQ","18-Oct-2023","3,066.30","3,068.65","3,079.15","3,037.15","3,044.75","3,045.60","3,048.72","13,50,839","4,11,83,23,336.20","92,252","8,18,257","60.57"
"LT","EQ","17-Oct-2023","3,101.90","3,109.90","3,114.20","3,063.00","3,068.00","3,066.30","3,076.66","18,47,182","5,68,31,46,686.70","76,344","13,65,980","73.95"
"LT","EQ","16-Oct-2023","3,089.60","3,098.95","3,113.25","3,074.70","3,098.20","3,101.90","3,094.06","8,18,794","2,53,34,01,165.10","80,754","4,30,562","52.58"
"LT","EQ","13-Oct-2023","3,081.75","3,067.75","3,099.00","3,063.50","3,090.00","3,089.60","3,082.24","14,37,808","4,43,16,63,157.95","1,64,036","8,06,160","56.07"
"LT","EQ","12-Oct-2023","3,088.70","3,094.00","3,105.05","3,067.05","3,082.95","3,081.75","3,080.04","18,70,280","5,76,05,41,448.35","1,48,950","10,83,898","57.95"
"LT","EQ","11-Oct-2023","3,076.00","3,090.00","3,110.00","3,084.40","3,087.20","3,088.70","3,097.38","20,66,921","6,40,20,30,884.85","88,805","15,35,119","74.27"
"LT","EQ","10-Oct-2023","3,074.70","3,073.85","3,099.00","3,072.15","3,075.00","3,076.00","3,086.11","15,51,789","4,78,89,88,638.20","1,22,031","11,66,374","75.16"
"LT","EQ","09-Oct-2023","3,093.70","3,075.00","3,085.00","3,055.55","3,070.50","3,074.70","3,068.46","11,81,760","3,62,61,82,059.20","99,685","6,79,550","57.50"
"LT","EQ","06-Oct-2023","3,096.05","3,114.95","3,114.95","3,073.15","3,095.00","3,093.70","3,091.63","18,98,118","5,86,82,72,319.50","1,21,454","10,86,690","57.25"
"LT","EQ","05-Oct-2023","3,027.75","3,032.55","3,114.90","3,032.55","3,090.00","3,096.05","3,074.70","34,13,447","10,49,53,32,572.95","1,97,263","16,12,139","47.23"
"LT","EQ","04-Oct-2023","3,073.25","3,064.10","3,064.10","2,990.05","3,027.00","3,027.75","3,022.81","31,00,946","9,37,35,79,502.55","1,77,894","20,83,793","67.20"
"LT","EQ","03-Oct-2023","3,023.55","3,040.50","3,077.45","2,995.10","3,074.00","3,073.25","3,044.59","32,54,492","9,90,85,83,375.80","1,75,833","21,25,318","65.30"
"LT","EQ","29-Sep-2023","3,010.00","3,040.00","3,058.35","3,005.25","3,026.00","3,023.55","3,032.62","26,98,016","8,18,20,44,860.35","1,71,335","15,97,492","59.21"
"LT","EQ","28-Sep-2023","2,965.05","2,989.00","3,050.50","2,978.25","3,025.45","3,010.00","3,020.21","40,81,102","12,32,57,65,250.80","2,03,630","15,17,639","37.19"
"LT","EQ","27-Sep-2023","2,912.55","2,922.00","2,994.90","2,911.65","2,971.00","2,965.05","2,962.27","29,03,693","8,60,15,08,694.25","1,40,969","15,92,092","54.83"
"LT","EQ","26-Sep-2023","2,902.50","2,915.00","2,944.00","2,910.00","2,911.20","2,912.55","2,923.88","9,53,456","2,78,77,89,493.15","67,249","4,00,990","42.06"
"LT","EQ","25-Sep-2023","2,918.50","2,917.95","2,923.80","2,871.00","2,910.05","2,902.50","2,890.51","10,49,532","3,03,36,83,244.00","95,811","5,99,414","57.11"
"LT","EQ","22-Sep-2023","2,899.35","2,908.70","2,936.45","2,902.25","2,924.85","2,918.50","2,920.64","19,65,569","5,74,07,25,173.50","1,63,032","12,58,465","64.03"
"LT","EQ","21-Sep-2023","2,890.00","2,885.05","2,905.10","2,846.05","2,901.60","2,899.35","2,872.38","24,44,711","7,02,21,45,824.05","1,43,950","13,42,072","54.90"
"LT","EQ","20-Sep-2023","2,919.85","2,926.95","2,944.95","2,886.05","2,889.00","2,890.00","2,912.55","13,99,240","4,07,53,60,092.20","99,332","8,74,572","62.50"
"LT","EQ","18-Sep-2023","2,908.55","2,910.00","2,930.00","2,907.00","2,920.30","2,919.85","2,920.17","7,36,631","2,15,10,88,308.80","77,082","4,92,362","66.84"
"LT","EQ","15-Sep-2023","2,918.60","2,933.00","2,934.95","2,900.00","2,906.95","2,908.55","2,913.25","16,55,275","4,82,22,28,344.00","99,318","10,11,520","61.11"
"LT","EQ","14-Sep-2023","2,906.75","2,924.90","2,931.65","2,906.00","2,914.00","2,918.60","2,917.49","19,10,041","5,57,25,16,827.65","1,31,030","8,60,502","45.05"
"LT","EQ","13-Sep-2023","2,944.10","2,943.50","2,943.70","2,888.45","2,912.00","2,906.75","2,914.12","24,58,417","7,16,41,31,653.75","1,36,168","16,70,141","67.94"
"LT","EQ","12-Sep-2023","2,894.20","2,951.60","3,009.00","2,932.45","2,948.50","2,944.10","2,980.82","77,88,759","23,21,68,96,335.55","2,28,017","41,68,770","53.52"
"LT","EQ","11-Sep-2023","2,901.60","2,905.00","2,926.00","2,890.05","2,896.50","2,894.20","2,908.25","15,45,803","4,49,55,77,385.20","1,16,993","10,08,061","65.21"
"LT","EQ","08-Sep-2023","2,846.40","2,888.00","2,928.70","2,872.45","2,900.00","2,901.60","2,902.97","36,38,510","10,56,24,94,449.80","1,65,172","15,56,878","42.79"
"LT","EQ","07-Sep-2023","2,730.45","2,733.00","2,855.95","2,730.00","2,846.10","2,846.40","2,806.61","41,00,519","11,50,85,77,287.35","1,76,598","17,44,045","42.53"
"LT","EQ","06-Sep-2023","2,732.95","2,740.00","2,742.80","2,712.00","2,731.30","2,730.45","2,726.52","17,47,425","4,76,43,89,224.60","1,00,311","13,09,997","74.97"
"LT","EQ","05-Sep-2023","2,711.10","2,720.50","2,739.00","2,720.00","2,735.00","2,732.95","2,732.22","10,66,447","2,91,37,63,783.05","68,146","7,15,660","67.11"
"LT","EQ","04-Sep-2023","2,702.10","2,733.00","2,742.00","2,705.00","2,713.00","2,711.10","2,716.79","15,48,282","4,20,63,62,223.60","95,478","9,73,357","62.87"
"LT","EQ","01-Sep-2023","2,702.70","2,710.00","2,715.95","2,688.30","2,705.00","2,702.10","2,703.79","12,63,430","3,41,60,45,543.25","93,775","7,96,524","63.04"
"LT","EQ","31-Aug-2023","2,709.00","2,720.00","2,724.60","2,678.35","2,716.00","2,702.70","2,698.55","24,39,625","6,58,34,51,196.90","1,25,071","15,70,166","64.36"
"LT","EQ","30-Aug-2023","2,718.95","2,722.95","2,737.65","2,707.00","2,710.80","2,709.00","2,728.50","19,20,079","5,23,89,30,029.50","86,352","14,59,615","76.02"
"LT","EQ","29-Aug-2023","2,695.35","2,710.00","2,722.10","2,696.30","2,716.95","2,718.95","2,710.46","11,01,830","2,98,64,64,903.55","75,845","6,35,263","57.66"
"LT","EQ","28-Aug-2023","2,638.40","2,653.55","2,700.00","2,650.05","2,694.00","2,695.35","2,677.63","15,51,734","4,15,49,67,223.60","82,613","8,95,886","57.73"
"LT","EQ","25-Aug-2023","2,688.15","2,677.45","2,682.70","2,631.00","2,632.00","2,638.40","2,647.37","14,08,427","3,72,86,26,143.50","90,518","7,99,158","56.74"
"LT","EQ","24-Aug-2023","2,717.60","2,747.50","2,766.80","2,680.60","2,688.65","2,688.15","2,724.37","26,19,182","7,13,56,28,594.90","1,30,987","11,15,073","42.57"
"LT","EQ","23-Aug-2023","2,678.80","2,689.55","2,726.00","2,682.45","2,718.10","2,717.60","2,712.78","19,90,672","5,40,02,60,419.80","92,469","12,01,253","60.34"
"LT","EQ","22-Aug-2023","2,662.25","2,668.00","2,685.65","2,662.00","2,679.00","2,678.80","2,677.38","14,97,180","4,00,85,20,632.95","83,673","10,57,729","70.65"
"LT","EQ","21-Aug-2023","2,641.95","2,641.85","2,666.60","2,623.45","2,656.15","2,662.25","2,641.98","13,76,318","3,63,61,98,567.60","86,473","9,04,888","65.75"
"LT","EQ","18-Aug-2023","2,652.50","2,650.00","2,674.70","2,632.75","2,634.75","2,641.95","2,659.94","18,98,966","5,05,11,26,737.60","1,06,941","11,80,461","62.16"
"LT","EQ","17-Aug-2023","2,691.05","2,691.05","2,691.05","2,642.00","2,649.00","2,652.50","2,656.90","16,29,067","4,32,82,65,285.00","1,12,323","11,19,213","68.70"
"LT","EQ","16-Aug-2023","2,659.90","2,669.00","2,695.00","2,652.05","2,689.20","2,691.05","2,677.57","17,03,875","4,56,22,52,046.70","72,956","11,56,834","67.89"
"LT","EQ","14-Aug-2023","2,638.50","2,637.00","2,663.55","2,616.00","2,658.00","2,659.90","2,644.73","13,64,413","3,60,85,05,516.10","1,04,864","9,08,820","66.61"
"LT","EQ","11-Aug-2023","2,643.50","2,642.05","2,656.90","2,631.25","2,637.05","2,638.50","2,643.44","13,20,121","3,48,96,64,834.15","78,462","9,08,209","68.80"
"LT","EQ","10-Aug-2023","2,651.60","2,640.10","2,661.60","2,621.65","2,641.85","2,643.50","2,638.91","10,40,041","2,74,45,72,068.50","1,34,752","6,52,012","62.69"
"LT","EQ","09-Aug-2023","2,632.20","2,635.00","2,655.00","2,615.25","2,648.10","2,651.60","2,635.47","9,06,865","2,39,00,12,952.95","67,153","5,23,153","57.69"
"LT","EQ","08-Aug-2023","2,635.90","2,639.05","2,649.50","2,628.30","2,635.00","2,632.20","2,638.44","7,67,310","2,02,45,00,774.15","1,08,359","5,26,849","68.66"
"LT","EQ","07-Aug-2023","2,626.90","2,628.00","2,654.00","2,623.10","2,638.10","2,635.90","2,640.44","11,63,125","3,07,11,61,493.95","80,262","6,16,516","53.01"
"LT","EQ","04-Aug-2023","2,598.10","2,605.00","2,635.00","2,598.50","2,628.00","2,626.90","2,621.35","11,01,278","2,88,68,34,664.80","76,843","6,36,060","57.76"
"LT","EQ","03-Aug-2023","2,622.15","2,615.00","2,642.75","2,586.30","2,598.50","2,598.10","2,614.34","16,12,618","4,21,59,28,369.80","1,14,777","8,99,221","55.76"
"LT","EQ","02-Aug-2023","2,666.65","2,638.00","2,644.95","2,602.70","2,616.00","2,622.15","2,626.50","14,79,486","3,88,58,73,944.55","1,22,202","9,59,784","64.87"
"LT","EQ","01-Aug-2023","2,681.35","2,681.35","2,689.00","2,655.35","2,670.00","2,666.65","2,668.58","12,98,745","3,46,57,99,252.60","1,04,647","8,97,296","69.09"
"LT","EQ","31-Jul-2023","2,649.55","2,655.00","2,690.00","2,631.10","2,682.00","2,681.35","2,658.32","12,84,981","3,41,58,95,227.95","95,837","7,74,447","60.27"
"LT","EQ","28-Jul-2023","2,660.20","2,660.15","2,668.15","2,625.00","2,649.00","2,649.55","2,650.01","13,25,724","3,51,31,83,483.15","1,17,262","7,66,772","57.84"
"LT","EQ","27-Jul-2023","2,646.25","2,668.95","2,676.35","2,646.45","2,661.95","2,660.20","2,661.87","21,17,794","5,63,72,96,979.40","1,34,044","11,13,786","52.59"
"LT","EQ","26-Jul-2023","2,560.90","2,591.00","2,673.85","2,585.00","2,652.00","2,646.25","2,654.97","58,20,099","15,45,22,14,090.35","2,48,160","24,46,470","42.03"
"LT","EQ","25-Jul-2023","2,605.25","2,616.00","2,617.75","2,553.00","2,565.00","2,560.90","2,578.92","20,68,876","5,33,54,56,329.50","1,26,959","14,15,312","68.41"
"LT","EQ","24-Jul-2023","2,586.25","2,637.65","2,638.00","2,583.90","2,607.00","2,605.25","2,611.42","21,55,297","5,62,83,90,254.05","1,09,705","11,11,895","51.59"
"LT","EQ","21-Jul-2023","2,489.70","2,522.00","2,595.00","2,521.10","2,587.00","2,586.25","2,566.56","46,10,417","11,83,29,13,691.90","2,41,210","20,55,666","44.59"
"LT","EQ","20-Jul-2023","2,494.15","2,494.00","2,495.70","2,469.05","2,490.10","2,489.70","2,484.26","10,45,704","2,59,77,99,460.05","73,092","5,21,628","49.88"
"LT","EQ","19-Jul-2023","2,474.70","2,474.60","2,502.95","2,466.40","2,497.00","2,494.15","2,489.72","14,31,080","3,56,29,86,689.45","1,22,951","8,72,498","60.97"
"LT","EQ","18-Jul-2023","2,468.80","2,469.00","2,489.95","2,468.10","2,479.00","2,474.70","2,476.79","7,20,865","1,78,54,33,516.25","61,896","3,79,227","52.61"
"LT","EQ","17-Jul-2023","2,472.25","2,475.00","2,494.00","2,465.00","2,474.00","2,468.80","2,476.42","8,78,697","2,17,60,24,418.05","75,714","4,65,760","53.01"
"LT","EQ","14-Jul-2023","2,450.15","2,450.25","2,477.05","2,448.65","2,475.00","2,472.25","2,464.74","8,45,623","2,08,42,41,353.50","61,308","5,19,618","61.45"
"LT","EQ","13-Jul-2023","2,454.95","2,466.00","2,484.90","2,446.25","2,458.30","2,450.15","2,465.52","11,41,663","2,81,47,95,698.50","98,237","6,40,077","56.07"
"LT","EQ","12-Jul-2023","2,474.55","2,480.30","2,485.95","2,447.80","2,455.00","2,454.95","2,462.68","18,22,435","4,48,80,79,945.35","98,685","13,50,744","74.12"
"LT","EQ","11-Jul-2023","2,438.75","2,447.20","2,479.00","2,447.20","2,478.35","2,474.55","2,469.28","12,19,658","3,01,16,79,718.55","83,552","7,98,632","65.48"
"LT","EQ","10-Jul-2023","2,449.35","2,450.00","2,463.35","2,420.00","2,445.10","2,438.75","2,436.66","11,78,479","2,87,15,49,715.85","75,892","7,49,377","63.59"
"LT","EQ","07-Jul-2023","2,488.60","2,482.75","2,504.00","2,444.60","2,452.00","2,449.35","2,463.95","18,37,661","4,52,79,02,781.45","1,05,241","13,47,700","73.34"
"LT","EQ","06-Jul-2023","2,470.80","2,468.10","2,499.95","2,467.55","2,487.00","2,488.60","2,489.92","17,96,824","4,47,39,50,531.60","87,551","10,05,484","55.96"
"LT","EQ","05-Jul-2023","2,461.85","2,461.00","2,484.95","2,454.35","2,472.00","2,470.80","2,469.27","11,91,896","2,94,31,09,995.05","78,418","8,10,382","67.99"
"LT","EQ","04-Jul-2023","2,454.05","2,458.20","2,484.40","2,458.20","2,463.00","2,461.85","2,468.70","14,41,581","3,55,88,36,405.10","92,291","10,54,452","73.15"
"LT","EQ","03-Jul-2023","2,475.55","2,478.20","2,492.40","2,448.00","2,456.00","2,454.05","2,464.64","10,78,456","2,65,80,08,200.35","77,218","6,35,450","58.92"
"LT","EQ","30-Jun-2023","2,421.45","2,420.00","2,483.50","2,415.05","2,475.00","2,475.55","2,453.41","26,90,699","6,60,13,79,350.05","1,27,547","18,94,147","70.40"
"LT","EQ","28-Jun-2023","2,388.05","2,400.00","2,432.90","2,390.05","2,424.00","2,421.45","2,418.46","17,34,938","4,19,58,72,072.20","1,18,169","11,27,673","65.00"
"LT","EQ","27-Jun-2023","2,377.55","2,387.45","2,396.95","2,371.55","2,389.00","2,388.05","2,387.44","10,12,317","2,41,68,46,489.15","79,667","6,64,903","65.68"
"LT","EQ","26-Jun-2023","2,389.55","2,398.10","2,403.85","2,367.95","2,375.00","2,377.55","2,379.97","7,93,572","1,88,86,73,789.80","67,473","4,10,423","51.72"
"LT","EQ","23-Jun-2023","2,416.25","2,418.95","2,427.00","2,383.25","2,392.90","2,389.55","2,402.41","12,12,955","2,91,40,13,127.30","82,586","5,87,927","48.47"
"LT","EQ","22-Jun-2023","2,394.45","2,394.60","2,424.00","2,380.00","2,418.00","2,416.25","2,405.52","17,41,775","4,18,98,72,511.60","73,734","8,68,261","49.85"
"LT","EQ","21-Jun-2023","2,382.00","2,382.00","2,412.00","2,382.00","2,394.00","2,394.45","2,399.93","16,07,299","3,85,74,08,949.95","70,345","10,93,927","68.06"
"LT","EQ","20-Jun-2023","2,366.35","2,364.95","2,389.65","2,354.45","2,388.00","2,382.00","2,375.25","17,71,306","4,20,72,98,020.80","82,474","12,95,751","73.15"
"LT","EQ","19-Jun-2023","2,366.80","2,379.00","2,419.90","2,361.00","2,365.00","2,366.35","2,387.28","31,11,256","7,42,74,37,381.00","1,06,255","20,31,497","65.30"
"LT","EQ","16-Jun-2023","2,361.30","2,363.75","2,380.00","2,352.25","2,363.15","2,366.80","2,367.08","17,94,542","4,24,78,29,339.05","86,400","13,46,918","75.06"
"LT","EQ","15-Jun-2023","2,355.05","2,355.00","2,369.50","2,349.00","2,358.40","2,361.30","2,363.11","25,61,534","6,05,31,83,578.60","77,879","21,60,742","84.35"
"LT","EQ","14-Jun-2023","2,354.40","2,352.90","2,360.00","2,340.00","2,355.00","2,355.05","2,351.52","10,13,564","2,38,34,16,827.05","56,151","6,72,053","66.31"
"LT","EQ","13-Jun-2023","2,339.95","2,345.85","2,357.90","2,327.10","2,352.00","2,354.40","2,348.25","16,88,768","3,96,56,56,922.25","1,11,296","12,96,051","76.75"
"LT","EQ","12-Jun-2023","2,363.00","2,365.00","2,370.00","2,333.10","2,340.05","2,339.95","2,342.03","11,72,382","2,74,57,52,288.65","45,800","7,38,906","63.03"
"LT","EQ","09-Jun-2023","2,340.30","2,345.00","2,368.85","2,338.25","2,363.25","2,363.00","2,360.07","25,01,720","5,90,42,44,190.05","71,065","19,40,724","77.58"
"LT","EQ","08-Jun-2023","2,315.50","2,316.95","2,345.05","2,312.75","2,340.40","2,340.30","2,336.61","25,56,995","5,97,47,08,032.00","71,004","18,82,185","73.61"
"LT","EQ","07-Jun-2023","2,277.95","2,278.00","2,318.00","2,278.00","2,316.00","2,315.50","2,304.52","21,28,603","4,90,53,99,392.20","1,22,375","14,70,071","69.06"
"LT","EQ","06-Jun-2023","2,268.30","2,269.00","2,280.70","2,263.70","2,278.10","2,277.95","2,272.28","16,77,680","3,81,21,65,166.35","98,810","12,08,031","72.01"
"LT","EQ","05-Jun-2023","2,234.55","2,245.00","2,272.80","2,240.00","2,269.50","2,268.30","2,260.72","23,44,944","5,30,12,54,467.75","1,32,166","14,10,174","60.14"
"LT","EQ","02-Jun-2023","2,207.80","2,221.00","2,237.30","2,212.15","2,236.00","2,234.55","2,228.04","13,99,950","3,11,91,46,915.75","1,17,300","9,99,878","71.42"
"LT","EQ","01-Jun-2023","2,205.65","2,217.00","2,222.00","2,202.15","2,209.40","2,207.80","2,211.72","10,49,488","2,32,11,70,531.55","77,153","5,88,404","56.07"
"LT","EQ","31-May-2023","2,210.80","2,201.10","2,224.00","2,200.00","2,212.50","2,205.65","2,207.16","28,09,284","6,20,05,44,991.75","72,450","21,31,481","75.87"
"LT","EQ","30-May-2023","2,224.55","2,230.00","2,237.00","2,207.20","2,212.50","2,210.80","2,215.65","17,16,729","3,80,36,68,166.15","63,987","12,17,068","70.89"
"LT","EQ","29-May-2023","2,218.45","2,225.00","2,241.80","2,220.20","2,227.30","2,224.55","2,230.23","13,69,656","3,05,46,42,456.65","62,359","7,58,099","55.35"
"LT","EQ","26-May-2023","2,204.70","2,209.00","2,220.75","2,201.00","2,218.00","2,218.45","2,213.00","12,49,128","2,76,43,18,879.35","59,656","6,65,160","53.25"
"LT","EQ","25-May-2023","2,185.15","2,190.00","2,207.30","2,178.00","2,205.55","2,204.70","2,190.71","16,89,521","3,70,12,56,865.80","1,10,789","9,95,242","58.91"
"LT","EQ","24-May-2023","2,197.65","2,200.00","2,208.50","2,176.00","2,190.00","2,185.15","2,189.90","26,48,479","5,79,99,12,291.00","1,77,358","19,81,266","74.81"
"LT","EQ","23-May-2023","2,216.60","2,225.60","2,228.60","2,194.00","2,196.00","2,197.65","2,203.51","22,65,389","4,99,18,00,513.00","1,48,396","14,92,247","65.87"
"LT","EQ","22-May-2023","2,190.05","2,190.00","2,222.00","2,178.40","2,219.75","2,216.60","2,211.10","11,12,099","2,45,89,66,165.50","79,757","4,66,229","41.92"
"LT","EQ","19-May-2023","2,188.20","2,192.00","2,199.05","2,168.50","2,194.00","2,190.05","2,183.81","17,29,803","3,77,75,64,560.35","1,26,536","10,00,821","57.86"
"LT","EQ","18-May-2023","2,219.60","2,230.00","2,233.55","2,181.00","2,187.60","2,188.20","2,204.09","22,90,757","5,04,90,27,902.95","90,474","13,14,676","57.39"
"LT","EQ","17-May-2023","2,227.20","2,224.35","2,244.00","2,210.20","2,217.50","2,219.60","2,223.69","19,61,004","4,36,06,62,313.15","1,54,051","10,33,393","52.70"
"LT","EQ","16-May-2023","2,246.85","2,254.60","2,255.00","2,223.10","2,227.55","2,227.20","2,234.36","25,28,855","5,65,03,78,608.00","2,04,858","16,68,109","65.96"
"LT","EQ","15-May-2023","2,221.10","2,220.90","2,260.00","2,215.00","2,243.00","2,246.85","2,245.48","26,62,740","5,97,91,33,304.65","1,89,172","16,13,816","60.61"
"LT","EQ","12-May-2023","2,242.15","2,222.65","2,235.00","2,197.35","2,226.00","2,221.10","2,216.56","53,67,292","11,89,69,41,825.55","2,70,385","37,40,432","69.69"
"LT","EQ","11-May-2023","2,364.45","2,300.00","2,314.05","2,237.35","2,244.00","2,242.15","2,255.59","94,70,848","21,36,23,95,284.80","5,17,410","64,49,975","68.10"
"LT","EQ","10-May-2023","2,374.35","2,387.00","2,388.95","2,350.00","2,372.80","2,364.45","2,362.84","16,75,409","3,95,87,30,205.45","68,774","10,06,405","60.07"
"LT","EQ","09-May-2023","2,365.40","2,367.65","2,401.90","2,367.65","2,374.95","2,374.35","2,380.73","14,17,301","3,37,42,08,041.20","1,02,983","7,89,444","55.70"
"LT","EQ","08-May-2023","2,377.50","2,377.45","2,385.00","2,354.05","2,368.00","2,365.40","2,368.84","15,83,576","3,75,12,36,289.35","63,374","10,31,293","65.12"
"LT","EQ","05-May-2023","2,356.90","2,357.00","2,406.95","2,357.00","2,379.45","2,377.50","2,389.07","24,25,866","5,79,55,71,367.25","1,33,605","13,51,161","55.70"
"LT","EQ","04-May-2023","2,356.30","2,361.80","2,381.65","2,342.85","2,363.00","2,356.90","2,357.79","12,30,912","2,90,22,34,986.20","59,655","7,10,769","57.74"
"LT","EQ","03-May-2023","2,384.45","2,384.10","2,390.00","2,348.50","2,355.80","2,356.30","2,362.54","9,98,235","2,35,83,70,082.20","67,794","5,01,868","50.28"
"LT","EQ","02-May-2023","2,364.40","2,373.20","2,416.35","2,373.20","2,387.00","2,384.45","2,393.24","18,40,153","4,40,39,31,558.40","1,01,401","10,09,151","54.84"
"LT","EQ","28-Apr-2023","2,305.60","2,312.30","2,369.00","2,312.30","2,360.00","2,364.40","2,346.47","28,84,961","6,76,94,72,231.40","1,09,342","17,99,875","62.39"
"LT","EQ","27-Apr-2023","2,276.15","2,275.75","2,310.00","2,267.10","2,305.50","2,305.60","2,294.66","12,52,989","2,87,51,79,639.60","60,784","6,97,654","55.68"
"LT","EQ","26-Apr-2023","2,247.95","2,247.85","2,287.30","2,244.05","2,276.00","2,276.15","2,271.49","18,94,812","4,30,40,48,330.15","86,235","11,74,764","62.00"
"LT","EQ","25-Apr-2023","2,228.90","2,231.05","2,254.00","2,218.10","2,245.80","2,247.95","2,241.47","13,50,118","3,02,62,49,576.45","83,288","6,66,945","49.40"
"LT","EQ","24-Apr-2023","2,215.20","2,220.00","2,232.70","2,186.55","2,232.50","2,228.90","2,210.17","12,39,073","2,73,85,63,468.15","66,820","6,70,747","54.13"
"LT","EQ","21-Apr-2023","2,232.75","2,240.15","2,243.00","2,202.00","2,214.90","2,215.20","2,214.16","10,09,316","2,23,47,91,968.95","56,949","6,24,479","61.87"
"LT","EQ","20-Apr-2023","2,219.60","2,225.00","2,251.45","2,222.25","2,236.35","2,232.75","2,234.99","18,98,996","4,24,42,31,154.35","64,047","12,77,612","67.28"
"LT","EQ","19-Apr-2023","2,216.60","2,208.10","2,235.00","2,208.10","2,218.00","2,219.60","2,224.31","19,70,015","4,38,19,23,167.65","88,619","13,80,480","70.07"
"LT","EQ","18-Apr-2023","2,214.00","2,220.00","2,230.00","2,188.00","2,222.00","2,216.60","2,208.18","28,48,601","6,29,02,19,457.25","1,59,574","20,33,457","71.38"
"LT","EQ","17-Apr-2023","2,258.75","2,258.75","2,273.80","2,201.15","2,213.00","2,214.00","2,217.64","41,25,850","9,14,96,53,322.50","1,35,338","31,95,858","77.46"
"LT","EQ","13-Apr-2023","2,288.50","2,294.80","2,295.00","2,242.45","2,263.50","2,258.75","2,257.99","19,56,668","4,41,81,31,174.25","1,04,076","13,86,657","70.87"
"LT","EQ","12-Apr-2023","2,301.50","2,304.00","2,312.70","2,281.95","2,289.00","2,288.50","2,291.51","11,65,839","2,67,15,27,010.45","59,946","7,14,170","61.26"
"LT","EQ","11-Apr-2023","2,309.70","2,320.00","2,330.00","2,287.30","2,302.70","2,301.50","2,302.85","13,42,440","3,09,14,44,178.50","92,230","7,55,288","56.26"
"LT","EQ","10-Apr-2023","2,274.25","2,284.90","2,319.90","2,278.05","2,310.00","2,309.70","2,306.95","19,55,914","4,51,22,00,198.15","89,598","10,67,643","54.59"
"LT","EQ","06-Apr-2023","2,257.75","2,257.75","2,291.65","2,254.45","2,276.20","2,274.25","2,274.83","23,89,899","5,43,66,12,593.20","96,838","12,62,673","52.83"
"LT","EQ","05-Apr-2023","2,170.15","2,170.00","2,262.50","2,165.00","2,259.00","2,257.75","2,233.05","27,63,363","6,17,07,36,018.90","1,45,375","13,96,896","50.55"
"LT","EQ","03-Apr-2023","2,164.20","2,180.00","2,183.50","2,155.00","2,169.00","2,170.15","2,170.48","12,31,654","2,67,32,82,675.30","78,708","7,74,566","62.89"
"LT","EQ","31-Mar-2023","2,147.45","2,156.50","2,176.95","2,150.55","2,165.05","2,164.20","2,163.61","14,89,542","3,22,27,85,339.45","96,841","9,07,452","60.92"
"LT","EQ","29-Mar-2023","2,133.60","2,137.65","2,159.30","2,121.00","2,150.00","2,147.45","2,140.31","23,72,385","5,07,76,37,507.80","1,04,448","14,89,514","62.79"
"LT","EQ","28-Mar-2023","2,154.00","2,167.75","2,169.80","2,122.45","2,135.40","2,133.60","2,135.52","16,27,243","3,47,50,08,155.00","96,673","10,43,922","64.15"
"LT","EQ","27-Mar-2023","2,166.15","2,175.05","2,190.00","2,150.00","2,150.90","2,154.00","2,168.90","15,40,581","3,34,13,59,938.05","1,35,796","9,38,890","60.94"
"LT","EQ","24-Mar-2023","2,206.65","2,206.00","2,219.35","2,153.05","2,174.00","2,166.15","2,185.98","14,49,544","3,16,86,70,804.70","90,023","7,38,114","50.92"
"LT","EQ","23-Mar-2023","2,213.95","2,214.00","2,242.00","2,200.55","2,206.80","2,206.65","2,226.65","24,55,799","5,46,82,06,648.40","98,325","15,58,940","63.48"
"LT","EQ","22-Mar-2023","2,208.45","2,219.50","2,246.25","2,207.90","2,209.00","2,213.95","2,227.88","19,56,033","4,35,78,07,809.60","1,09,021","10,47,883","53.57"
"LT","EQ","21-Mar-2023","2,177.55","2,182.70","2,227.00","2,182.00","2,205.25","2,208.45","2,209.27","31,78,680","7,02,25,70,676.70","1,39,983","19,77,001","62.20"
"LT","EQ","20-Mar-2023","2,195.75","2,191.10","2,205.00","2,152.00","2,178.95","2,177.55","2,173.19","19,96,773","4,33,93,60,704.50","1,38,654","10,90,653","54.62"
"LT","EQ","17-Mar-2023","2,173.60","2,186.70","2,228.90","2,186.70","2,194.15","2,195.75","2,205.29","32,86,473","7,24,76,24,234.90","1,53,006","20,16,287","61.35"
"LT","EQ","16-Mar-2023","2,176.65","2,184.90","2,187.00","2,132.00","2,173.25","2,173.60","2,162.68","29,46,792","6,37,29,60,405.60","1,62,873","19,69,265","66.83"
"LT","EQ","15-Mar-2023","2,144.20","2,164.20","2,212.45","2,160.00","2,173.00","2,176.65","2,187.88","30,44,201","6,66,03,53,576.20","1,60,109","16,44,137","54.01"
"LT","EQ","14-Mar-2023","2,133.85","2,144.35","2,171.00","2,134.40","2,152.60","2,144.20","2,152.88","28,71,343","6,18,16,43,761.80","1,13,612","17,57,139","61.20"
"LT","EQ","13-Mar-2023","2,157.85","2,164.05","2,178.95","2,107.00","2,142.00","2,133.85","2,143.96","23,34,468","5,00,50,16,642.10","1,12,226","16,00,867","68.58"
"LT","EQ","10-Mar-2023","2,193.20","2,171.50","2,182.00","2,133.00","2,159.45","2,157.85","2,154.40","19,00,535","4,09,45,13,559.40","91,711","12,15,518","63.96"
"LT","EQ","09-Mar-2023","2,170.80","2,174.95","2,199.00","2,171.50","2,193.00","2,193.20","2,188.04","18,73,933","4,10,02,42,263.65","1,01,846","12,78,862","68.24"
"LT","EQ","08-Mar-2023","2,141.15","2,152.00","2,189.60","2,140.60","2,172.00","2,170.80","2,165.37","29,65,342","6,42,10,66,011.75","1,65,110","16,80,250","56.66"
"LT","EQ","06-Mar-2023","2,152.05","2,158.25","2,184.85","2,139.80","2,140.00","2,141.15","2,156.71","18,21,012","3,92,73,95,880.10","97,995","12,35,805","67.86"
"LT","EQ","03-Mar-2023","2,121.60","2,140.00","2,159.90","2,132.25","2,153.00","2,152.05","2,148.43","18,21,066","3,91,24,41,073.45","1,20,711","12,07,557","66.31"
"LT","EQ","02-Mar-2023","2,115.30","2,129.95","2,149.00","2,107.55","2,117.50","2,121.60","2,123.82","17,27,640","3,66,92,03,061.90","1,22,328","8,68,979","50.30"
"LT","EQ","01-Mar-2023","2,109.15","2,100.00","2,130.00","2,100.00","2,118.90","2,115.30","2,116.16","13,89,077","2,93,95,07,302.45","1,01,999","8,46,118","60.91"
"LT","EQ","28-Feb-2023","2,113.70","2,115.00","2,138.30","2,085.00","2,107.85","2,109.15","2,112.21","21,08,587","4,45,37,85,082.85","1,03,579","12,76,603","60.54"
"LT","EQ","27-Feb-2023","2,134.05","2,134.05","2,139.90","2,082.10","2,112.00","2,113.70","2,107.61","13,98,112","2,94,66,79,217.05","91,571","7,71,584","55.19"
"LT","EQ","24-Feb-2023","2,159.15","2,160.00","2,172.30","2,118.75","2,135.10","2,134.05","2,144.65","14,79,060","3,17,20,71,254.65","1,22,963","7,73,206","52.28"
"LT","EQ","23-Feb-2023","2,194.75","2,204.00","2,208.20","2,153.50","2,154.00","2,159.15","2,178.14","20,00,556","4,35,74,97,777.30","1,30,397","12,86,174","64.29"
"LT","EQ","22-Feb-2023","2,229.45","2,229.00","2,241.00","2,182.05","2,203.00","2,194.75","2,212.81","21,03,097","4,65,37,49,371.30","1,06,503","12,98,976","61.76"
"LT","EQ","21-Feb-2023","2,225.50","2,239.00","2,262.00","2,222.70","2,235.35","2,229.45","2,242.03","18,82,604","4,22,08,63,635.80","1,07,550","11,20,041","59.49"
"LT","EQ","20-Feb-2023","2,226.35","2,233.70","2,252.00","2,215.00","2,220.50","2,225.50","2,229.30","17,79,752","3,96,75,96,563.75","62,038","9,70,060","54.51"
"LT","EQ","17-Feb-2023","2,178.30","2,169.80","2,249.00","2,160.00","2,227.00","2,226.35","2,225.40","37,53,179","8,35,23,33,197.15","1,81,170","19,26,020","51.32"
"LT","EQ","16-Feb-2023","2,175.05","2,186.80","2,202.30","2,171.70","2,175.90","2,178.30","2,184.11","24,64,602","5,38,29,55,575.75","70,544","18,11,902","73.52"
"LT","EQ","15-Feb-2023","2,191.65","2,186.00","2,187.85","2,157.25","2,176.10","2,175.05","2,171.79","19,46,344","4,22,70,53,104.40","98,792","12,00,268","61.67"
"LT","EQ","14-Feb-2023","2,203.30","2,215.00","2,216.00","2,182.15","2,189.35","2,191.65","2,196.73","18,74,906","4,11,86,65,071.90","67,427","12,83,513","68.46"
"LT","EQ","13-Feb-2023","2,163.85","2,173.00","2,210.40","2,160.20","2,203.50","2,203.30","2,194.52","29,78,938","6,53,73,50,681.20","1,00,580","17,54,014","58.88"
"LT","EQ","10-Feb-2023","2,147.40","2,140.20","2,169.95","2,137.55","2,160.00","2,163.85","2,156.74","14,54,665","3,13,73,36,843.70","1,07,578","7,43,797","51.13"
"LT","EQ","09-Feb-2023","2,130.85","2,150.00","2,151.95","2,135.70","2,148.60","2,147.40","2,145.92","15,63,181","3,35,44,61,550.10","1,09,089","8,57,655","54.87"
"LT","EQ","08-Feb-2023","2,165.30","2,160.55","2,175.25","2,125.55","2,133.25","2,130.85","2,144.06","14,52,145","3,11,34,90,283.60","1,16,062","7,90,018","54.40"
"LT","EQ","07-Feb-2023","2,156.10","2,162.25","2,172.00","2,150.05","2,165.00","2,165.30","2,161.68","10,89,248","2,35,46,07,994.15","78,455","5,53,852","50.85"
"LT","EQ","06-Feb-2023","2,166.55","2,164.25","2,181.60","2,142.30","2,158.00","2,156.10","2,161.77","13,32,484","2,88,05,24,522.85","88,327","6,68,816","50.19"
"LT","EQ","03-Feb-2023","2,144.90","2,176.95","2,181.85","2,131.05","2,161.00","2,166.55","2,158.13","20,45,634","4,41,47,53,237.65","1,12,767","10,56,513","51.65"
"LT","EQ","02-Feb-2023","2,145.55","2,135.60","2,166.95","2,107.85","2,141.70","2,144.90","2,138.58","34,88,506","7,46,04,32,936.90","1,52,388","18,27,787","52.39"
"LT","EQ","01-Feb-2023","2,124.40","2,133.00","2,215.95","2,080.30","2,150.00","2,145.55","2,152.19","68,68,872","14,78,31,34,230.90","2,56,684","31,06,803","45.23"
"LT","EQ","31-Jan-2023","2,112.90","2,119.95","2,132.75","2,072.65","2,120.95","2,124.40","2,103.29","45,16,463","9,49,94,19,709.55","2,12,750","27,67,252","61.27"
"LT","EQ","30-Jan-2023","2,159.85","2,129.40","2,173.25","2,083.80","2,122.05","2,112.90","2,120.67","34,41,304","7,29,78,62,491.00","1,51,330","22,63,080","65.76"
"LT","EQ","27-Jan-2023","2,174.70","2,174.70","2,195.00","2,127.10","2,159.90","2,159.85","2,150.76","16,47,900","3,54,42,44,338.55","1,41,766","9,62,156","58.39"
"LT","EQ","25-Jan-2023","2,207.50","2,201.00","2,205.00","2,155.00","2,174.90","2,174.70","2,172.92","21,34,447","4,63,79,91,515.40","1,11,225","12,44,459","58.30"
"LT","EQ","24-Jan-2023","2,233.50","2,244.70","2,252.30","2,200.00","2,201.40","2,207.50","2,219.59","10,36,962","2,30,16,29,112.90","70,138","5,25,045","50.63"
"LT","EQ","23-Jan-2023","2,249.95","2,255.00","2,273.30","2,227.00","2,235.00","2,233.50","2,243.26","14,66,706","3,29,02,00,925.80","78,952","8,15,502","55.60"
"LT","EQ","20-Jan-2023","2,273.10","2,282.45","2,297.65","2,238.45","2,248.40","2,249.95","2,270.11","19,62,410","4,45,48,81,808.55","1,26,028","9,88,540","50.37"
"LT","EQ","19-Jan-2023","2,266.50","2,259.85","2,283.80","2,241.00","2,270.00","2,273.10","2,265.54","21,76,835","4,93,17,00,203.90","1,34,246","11,30,398","51.93"
"LT","EQ","18-Jan-2023","2,213.10","2,221.00","2,274.80","2,200.00","2,265.05","2,266.50","2,240.43","40,90,049","9,16,34,76,448.90","1,85,845","21,90,580","53.56"
"LT","EQ","17-Jan-2023","2,137.20","2,139.90","2,217.80","2,136.40","2,216.90","2,213.10","2,198.93","46,45,453","10,21,50,09,311.70","2,13,937","26,05,697","56.09"
"LT","EQ","16-Jan-2023","2,153.40","2,147.00","2,161.00","2,132.30","2,132.35","2,137.20","2,144.74","10,09,649","2,16,54,34,772.05","81,451","5,76,989","57.15"
"LT","EQ","13-Jan-2023","2,159.75","2,161.90","2,164.85","2,117.20","2,150.05","2,153.40","2,139.94","21,80,210","4,66,55,21,018.60","1,27,575","12,59,841","57.79"
"LT","EQ","12-Jan-2023","2,125.35","2,118.10","2,164.65","2,118.10","2,160.50","2,159.75","2,152.89","27,26,901","5,87,07,12,119.90","1,53,582","17,21,376","63.13"
"LT","EQ","11-Jan-2023","2,106.65","2,106.10","2,140.00","2,097.10","2,133.00","2,125.35","2,117.35","14,55,621","3,08,20,63,520.10","96,128","9,22,263","63.36"
"LT","EQ","10-Jan-2023","2,121.70","2,131.90","2,131.90","2,097.20","2,104.00","2,106.65","2,115.67","14,25,414","3,01,57,04,811.25","1,30,012","9,37,059","65.74"
"LT","EQ","09-Jan-2023","2,086.55","2,108.00","2,127.30","2,100.75","2,114.55","2,121.70","2,117.00","18,44,365","3,90,45,19,265.85","1,47,462","12,01,009","65.12"
"LT","EQ","06-Jan-2023","2,087.35","2,090.20","2,121.70","2,071.85","2,088.00","2,086.55","2,093.65","18,77,917","3,93,16,94,802.65","95,076","9,75,325","51.94"
"LT","EQ","05-Jan-2023","2,070.55","2,080.00","2,099.20","2,068.50","2,089.50","2,087.35","2,080.70","18,81,403","3,91,46,41,790.65","95,733","12,85,361","68.32"
"LT","EQ","04-Jan-2023","2,088.95","2,090.95","2,101.45","2,058.00","2,069.00","2,070.55","2,070.22","10,15,547","2,10,24,06,151.60","62,520","5,43,678","53.54"
"LT","EQ","03-Jan-2023","2,089.45","2,088.00","2,096.80","2,067.95","2,090.95","2,088.95","2,082.34","12,60,225","2,62,42,18,252.15","62,640","7,42,485","58.92"
"LT","EQ","02-Jan-2023","2,085.80","2,092.90","2,097.60","2,075.05","2,092.05","2,089.45","2,089.10","8,07,344","1,68,66,20,365.65","63,597","4,20,718","52.11"
"LT","EQ","30-Dec-2022","2,110.90","2,115.00","2,133.00","2,081.10","2,086.15","2,085.80","2,103.37","11,89,427","2,50,18,02,984.15","1,12,712","7,14,003","60.03"
"LT","EQ","29-Dec-2022","2,121.10","2,109.65","2,120.55","2,094.15","2,114.95","2,110.90","2,107.28","15,17,150","3,19,70,65,508.45","99,779","10,42,418","68.71"
"LT","EQ","28-Dec-2022","2,124.10","2,129.00","2,136.00","2,113.65","2,113.65","2,121.10","2,127.77","11,53,883","2,45,51,92,247.85","70,753","6,36,937","55.20"
"LT","EQ","27-Dec-2022","2,091.05","2,101.55","2,128.00","2,085.00","2,121.00","2,124.10","2,111.04","10,59,351","2,23,63,29,277.05","57,659","5,35,807","50.58"
"LT","EQ","26-Dec-2022","2,062.75","2,052.75","2,108.00","2,051.00","2,088.10","2,091.05","2,092.46","11,54,610","2,41,59,76,881.55","74,970","6,13,672","53.15"
"LT","EQ","23-Dec-2022","2,109.95","2,094.50","2,104.15","2,050.10","2,063.00","2,062.75","2,072.91","20,26,125","4,19,99,77,932.95","1,07,760","12,69,811","62.67"
"LT","EQ","22-Dec-2022","2,146.30","2,144.00","2,148.35","2,096.90","2,107.95","2,109.95","2,115.60","19,93,744","4,21,79,70,340.10","1,23,082","12,89,884","64.70"
"LT","EQ","21-Dec-2022","2,163.25","2,153.10","2,174.95","2,142.85","2,147.00","2,146.30","2,155.04","19,79,681","4,26,63,01,526.85","1,18,119","12,23,325","61.79"
"LT","EQ","20-Dec-2022","2,184.00","2,179.90","2,179.90","2,138.00","2,158.30","2,163.25","2,151.64","17,47,181","3,75,92,96,481.10","83,014","11,32,069","64.79"
"LT","EQ","19-Dec-2022","2,175.00","2,171.00","2,187.45","2,155.05","2,184.85","2,184.00","2,170.38","15,92,779","3,45,69,36,006.55","98,420","9,67,947","60.77"
"LT","EQ","16-Dec-2022","2,177.55","2,161.00","2,211.60","2,161.00","2,170.00","2,175.00","2,185.09","28,22,390","6,16,71,65,173.85","83,635","17,75,296","62.90"
"LT","EQ","15-Dec-2022","2,195.45","2,196.70","2,209.00","2,173.60","2,179.70","2,177.55","2,190.57","13,23,412","2,89,90,27,475.50","75,193","8,30,255","62.74"
"LT","EQ","14-Dec-2022","2,172.90","2,176.95","2,210.00","2,175.05","2,193.30","2,195.45","2,192.63","15,16,631","3,32,54,05,260.25","84,461","9,49,280","62.59"
"LT","EQ","13-Dec-2022","2,163.70","2,170.00","2,175.70","2,152.50","2,168.00","2,172.90","2,163.77","12,33,124","2,66,81,96,102.90","89,348","7,12,295","57.76"
"LT","EQ","12-Dec-2022","2,154.05","2,148.90","2,169.00","2,134.55","2,157.00","2,163.70","2,155.40","15,36,090","3,31,08,93,106.40","1,43,712","10,73,814","69.91"
"LT","EQ","09-Dec-2022","2,167.70","2,168.00","2,194.35","2,137.50","2,150.00","2,154.05","2,168.51","25,73,609","5,58,09,09,049.75","1,76,599","17,05,031","66.25"
"LT","EQ","08-Dec-2022","2,124.00","2,120.00","2,175.00","2,120.00","2,165.00","2,167.70","2,151.53","37,43,754","8,05,48,04,719.25","1,96,918","25,96,859","69.37"
"LT","EQ","07-Dec-2022","2,093.50","2,096.30","2,144.00","2,096.30","2,125.00","2,124.00","2,125.63","34,38,327","7,30,85,98,937.20","1,10,877","21,12,859","61.45"
"LT","EQ","06-Dec-2022","2,085.60","2,081.00","2,100.00","2,067.00","2,095.00","2,093.50","2,084.45","15,30,731","3,19,07,38,032.50","93,923","9,70,939","63.43"
"LT","EQ","05-Dec-2022","2,085.50","2,095.95","2,096.80","2,068.85","2,088.60","2,085.60","2,082.63","17,67,537","3,68,11,29,279.65","1,39,331","12,36,426","69.95"
"LT","EQ","02-Dec-2022","2,104.25","2,096.10","2,098.90","2,069.15","2,090.00","2,085.50","2,082.38","19,57,264","4,07,57,75,938.50","1,19,334","13,58,489","69.41"
"LT","EQ","01-Dec-2022","2,074.85","2,085.25","2,110.00","2,079.45","2,103.00","2,104.25","2,100.03","26,14,357","5,49,02,16,314.45","1,70,950","18,13,416","69.36"
"LT","EQ","30-Nov-2022","2,050.55","2,053.00","2,086.00","2,045.00","2,079.40","2,074.85","2,067.65","21,04,550","4,35,14,76,185.00","93,170","14,68,291","69.77"
"LT","EQ","29-Nov-2022","2,064.45","2,070.00","2,072.00","2,038.60","2,052.50","2,050.55","2,051.20","14,13,764","2,89,99,10,586.55","54,385","8,11,351","57.39"
"LT","EQ","28-Nov-2022","2,062.75","2,064.35","2,072.00","2,052.00","2,065.05","2,064.45","2,063.16","11,05,372","2,28,05,56,183.45","82,072","6,52,257","59.01"
"LT","EQ","25-Nov-2022","2,052.20","2,061.00","2,095.80","2,058.45","2,063.00","2,062.75","2,076.45","26,52,761","5,50,83,20,057.25","86,701","13,38,450","50.45"
"LT","EQ","24-Nov-2022","2,025.00","2,030.50","2,060.00","2,028.40","2,056.00","2,052.20","2,045.48","16,11,889","3,29,70,93,632.90","79,111","10,32,715","64.07"
"LT","EQ","23-Nov-2022","2,029.80","2,038.95","2,044.00","2,018.00","2,023.05","2,025.00","2,025.59","10,46,988","2,12,07,70,550.20","49,707","6,83,220","65.26"
"LT","EQ","22-Nov-2022","2,011.45","2,021.55","2,033.15","2,019.60","2,028.00","2,029.80","2,027.68","13,37,869","2,71,27,70,565.70","83,629","8,28,059","61.89"
"LT","EQ","21-Nov-2022","2,024.45","2,019.00","2,033.00","2,007.00","2,011.00","2,011.45","2,015.00","7,14,687","1,44,00,94,725.55","48,654","3,79,735","53.13"
"LT","EQ","18-Nov-2022","2,029.55","2,039.00","2,050.95","2,006.85","2,022.00","2,024.45","2,021.37","12,48,459","2,52,35,98,621.05","62,869","5,67,468","45.45"
"LT","EQ","17-Nov-2022","2,003.60","2,002.00","2,059.00","2,001.10","2,029.00","2,029.55","2,041.87","37,86,182","7,73,08,89,147.20","1,66,566","17,50,699","46.24"
"LT","EQ","16-Nov-2022","1,996.55","1,986.00","2,009.85","1,985.05","2,005.00","2,003.60","2,000.64","11,95,832","2,39,24,34,223.80","84,096","6,69,723","56.00"
"LT","EQ","15-Nov-2022","1,999.80","2,003.00","2,017.00","1,978.10","1,998.00","1,996.55","1,992.69","14,50,841","2,89,10,79,407.75","64,460","8,78,217","60.53"
"LT","BL","14-Nov-2022","1,909.75","2,011.10","2,011.10","2,011.10","2,011.10","2,011.10","2,011.10","10,74,512","2,16,09,51,083.20","1","-","-"
"LT","EQ","14-Nov-2022","2,011.10","2,013.05","2,021.90","1,995.25","1,999.55","1,999.80","2,003.29","11,75,155","2,35,41,72,444.05","54,858","7,63,804","65.00"
"LT","EQ","11-Nov-2022","1,977.65","2,003.60","2,018.80","1,991.95","2,013.50","2,011.10","2,006.36","12,03,125","2,41,38,99,459.35","64,699","5,81,400","48.32"
"LT","EQ","10-Nov-2022","2,003.50","1,995.00","2,001.85","1,970.20","1,978.55","1,977.65","1,982.84","12,61,210","2,50,07,78,677.20","75,488","7,16,353","56.80"
"LT","EQ","09-Nov-2022","2,017.65","2,025.05","2,036.95","1,996.25","1,998.95","2,003.50","2,015.32","13,01,233","2,62,24,00,693.30","52,850","7,51,339","57.74"
"LT","EQ","07-Nov-2022","2,015.10","2,021.40","2,032.00","1,993.00","2,015.00","2,017.65","2,012.12","13,95,070","2,80,70,43,166.30","66,966","8,40,758","60.27"
"LT","EQ","04-Nov-2022","2,008.70","2,010.00","2,029.35","2,004.75","2,015.00","2,015.10","2,015.30","23,12,753","4,66,08,81,969.10","57,040","17,78,712","76.91"
"LT","EQ","03-Nov-2022","2,013.30","2,006.00","2,022.50","1,993.00","2,005.00","2,008.70","2,006.19","10,52,241","2,11,09,90,440.90","55,079","6,33,590","60.21"
"LT","EQ","02-Nov-2022","2,024.45","2,036.50","2,042.00","2,000.00","2,014.10","2,013.30","2,014.85","18,89,651","3,80,73,57,637.45","65,656","12,03,840","63.71"
"LT","EQ","01-Nov-2022","2,023.10","2,032.00","2,056.00","1,990.05","2,021.00","2,024.45","2,022.17","44,64,211","9,02,73,84,925.65","1,70,291","19,67,064","44.06"
"LT","EQ","31-Oct-2022","1,975.05","1,986.00","2,034.65","1,978.20","2,031.45","2,023.10","2,008.32","31,76,507","6,37,94,42,441.50","1,30,454","19,59,878","61.70"
"LT","EQ","28-Oct-2022","1,964.05","1,972.00","1,986.00","1,963.80","1,976.80","1,975.05","1,977.14","20,13,794","3,98,15,59,566.15","88,886","13,29,250","66.01"
"LT","EQ","27-Oct-2022","1,949.10","1,952.10","1,971.85","1,949.90","1,965.00","1,964.05","1,960.03","22,45,395","4,40,10,44,504.05","1,02,048","14,90,978","66.40"
"LT","EQ","25-Oct-2022","1,909.75","1,915.00","1,954.65","1,891.55","1,945.00","1,949.10","1,935.14","21,36,147","4,13,37,45,568.60","67,113","13,31,494","62.33"
"LT","BL","25-Oct-2022","1,847.70","1,909.75","1,909.75","1,909.75","1,909.75","1,909.75","1,909.75","5,78,088","1,10,40,03,558.00","1","-","-"
"LT","EQ","24-Oct-2022","1,876.75","1,906.00","1,919.90","1,900.00","1,910.65","1,909.75","1,912.92","2,69,400","51,53,41,652.95","17,096","1,13,283","42.05"
"LT","EQ","21-Oct-2022","1,904.15","1,913.70","1,925.00","1,867.10","1,874.45","1,876.75","1,895.07","22,25,676","4,21,78,09,348.95","83,528","15,43,761","69.36"
"LT","EQ","20-Oct-2022","1,904.90","1,898.65","1,917.80","1,886.30","1,903.60","1,904.15","1,904.45","13,74,019","2,61,67,54,652.10","57,551","7,79,560","56.74"
"LT","EQ","19-Oct-2022","1,918.10","1,920.00","1,947.00","1,901.65","1,903.00","1,904.90","1,917.04","16,36,141","3,13,65,46,899.05","62,715","8,16,090","49.88"
"LT","EQ","18-Oct-2022","1,883.20","1,893.10","1,931.20","1,893.10","1,919.00","1,918.10","1,918.49","14,01,849","2,68,94,34,310.80","72,912","6,88,505","49.11"
"LT","EQ","17-Oct-2022","1,911.60","1,902.90","1,914.00","1,878.40","1,884.40","1,883.20","1,888.40","25,88,147","4,88,74,52,718.50","72,718","17,64,952","68.19"
"LT","EQ","14-Oct-2022","1,876.15","1,900.00","1,936.75","1,898.45","1,915.00","1,911.60","1,922.94","18,19,114","3,49,80,38,048.10","81,440","9,64,522","53.02"
"LT","EQ","13-Oct-2022","1,911.25","1,901.00","1,912.00","1,868.25","1,879.70","1,876.15","1,884.74","13,03,645","2,45,70,34,059.95","64,804","7,64,469","58.64"
"LT","EQ","12-Oct-2022","1,878.95","1,880.00","1,916.00","1,858.05","1,909.00","1,911.25","1,889.80","19,07,748","3,60,52,61,354.25","86,171","13,14,243","68.89"
"LT","EQ","11-Oct-2022","1,909.65","1,923.80","1,923.80","1,871.25","1,874.65","1,878.95","1,898.68","10,47,963","1,98,97,49,582.50","69,146","6,65,968","63.55"
"LT","EQ","10-Oct-2022","1,924.55","1,905.00","1,917.00","1,883.50","1,910.00","1,909.65","1,900.00","16,56,954","3,14,82,10,446.70","71,154","10,71,626","64.67"
"LT","EQ","07-Oct-2022","1,912.95","1,905.00","1,928.95","1,903.05","1,924.00","1,924.55","1,918.25","14,69,264","2,81,84,21,688.75","56,959","8,89,486","60.54"
"LT","EQ","06-Oct-2022","1,871.55","1,882.00","1,919.00","1,878.10","1,910.05","1,912.95","1,908.69","27,71,898","5,29,06,90,802.90","1,18,371","19,04,787","68.72"
"LT","EQ","04-Oct-2022","1,819.30","1,835.30","1,880.95","1,835.30","1,873.00","1,871.55","1,866.69","16,37,532","3,05,67,60,666.05","89,225","10,28,072","62.78"
"LT","BL","03-Oct-2022","1,787.45","1,847.70","1,847.70","1,847.70","1,847.70","1,847.70","1,847.70","8,88,862","1,64,23,50,317.40","1","-","-"
"LT","EQ","03-Oct-2022","1,847.70","1,852.00","1,852.00","1,814.00","1,822.30","1,819.30","1,825.16","18,50,414","3,37,72,94,312.55","1,05,296","11,96,908","64.68"
"LT","EQ","30-Sep-2022","1,815.50","1,823.95","1,882.95","1,816.05","1,846.00","1,847.70","1,848.42","23,39,518","4,32,44,11,522.55","97,114","14,53,339","62.12"
"LT","EQ","29-Sep-2022","1,835.45","1,844.65","1,857.40","1,797.40","1,816.60","1,815.50","1,818.11","23,77,718","4,32,29,49,754.10","95,828","15,36,254","64.61"
"LT","EQ","28-Sep-2022","1,841.20","1,829.70","1,856.00","1,825.60","1,831.05","1,835.45","1,838.15","18,53,503","3,40,70,14,402.25","70,554","12,88,439","69.51"
"LT","EQ","27-Sep-2022","1,851.45","1,856.00","1,864.00","1,832.50","1,846.00","1,841.20","1,843.98","14,43,698","2,66,21,48,288.00","78,852","8,67,524","60.09"
"LT","EQ","26-Sep-2022","1,856.85","1,849.00","1,876.80","1,818.00","1,855.80","1,851.45","1,845.20","15,29,101","2,82,14,94,138.40","80,553","8,05,672","52.69"
"LT","EQ","23-Sep-2022","1,888.20","1,890.00","1,895.45","1,852.55","1,861.00","1,856.85","1,872.73","19,48,766","3,64,95,07,319.15","85,463","12,51,011","64.20"
"LT","EQ","22-Sep-2022","1,895.65","1,882.00","1,905.60","1,873.00","1,887.70","1,888.20","1,889.95","18,75,115","3,54,38,72,663.85","72,109","11,35,677","60.57"
"LT","EQ","21-Sep-2022","1,932.70","1,921.10","1,946.30","1,891.60","1,899.00","1,895.65","1,910.93","16,18,385","3,09,26,26,081.25","89,152","10,33,994","63.89"
"LT","EQ","20-Sep-2022","1,910.70","1,931.00","1,955.80","1,925.00","1,929.00","1,932.70","1,941.10","16,66,658","3,23,51,48,422.80","75,886","10,03,108","60.19"
"LT","EQ","19-Sep-2022","1,920.00","1,921.10","1,931.95","1,905.00","1,912.65","1,910.70","1,916.11","17,55,456","3,36,36,55,068.60","89,284","12,33,517","70.27"
"LT","EQ","16-Sep-2022","1,957.50","1,947.00","1,956.90","1,915.00","1,925.50","1,920.00","1,925.59","38,81,617","7,47,43,86,336.50","1,02,140","29,02,418","74.77"
"LT","EQ","15-Sep-2022","1,953.90","1,959.10","1,984.70","1,954.80","1,959.00","1,957.50","1,963.83","15,66,565","3,07,64,67,869.85","81,252","9,58,351","61.18"
"LT","EQ","14-Sep-2022","1,991.35","1,964.65","1,972.95","1,949.40","1,957.35","1,953.90","1,960.27","23,22,752","4,55,32,30,745.40","75,111","14,97,580","64.47"
"LT","EQ","13-Sep-2022","1,961.90","1,968.90","1,995.00","1,963.10","1,990.00","1,991.35","1,979.23","17,61,021","3,48,54,59,351.55","94,770","10,64,212","60.43"
"LT","EQ","12-Sep-2022","1,949.75","1,949.75","1,967.00","1,947.90","1,960.50","1,961.90","1,960.22","7,91,708","1,55,19,24,251.25","50,832","4,74,321","59.91"
"LT","EQ","09-Sep-2022","1,974.40","1,977.35","1,987.40","1,944.00","1,950.95","1,949.75","1,957.85","9,80,869","1,92,03,91,555.70","66,801","5,14,777","52.48"
"LT","EQ","08-Sep-2022","1,958.10","1,967.90","1,977.00","1,947.55","1,971.00","1,974.40","1,967.37","16,32,797","3,21,23,08,853.10","64,707","11,03,284","67.57"
"LT","EQ","07-Sep-2022","1,962.30","1,941.10","1,961.35","1,934.00","1,957.00","1,958.10","1,950.92","12,38,549","2,41,63,08,527.90","65,175","6,94,920","56.11"
"LT","EQ","06-Sep-2022","1,968.35","1,973.80","1,985.10","1,951.30","1,964.00","1,962.30","1,965.43","11,72,733","2,30,49,26,348.80","68,445","6,32,098","53.90"
"LT","EQ","05-Sep-2022","1,940.50","1,947.95","1,972.75","1,942.10","1,964.00","1,968.35","1,962.07","24,74,746","4,85,56,34,861.80","1,03,970","16,94,060","68.45"
"LT","EQ","02-Sep-2022","1,912.95","1,900.50","1,958.80","1,900.25","1,940.00","1,940.50","1,937.35","32,01,140","6,20,17,36,690.80","1,14,007","19,92,725","62.25"
"LT","EQ","01-Sep-2022","1,922.50","1,905.00","1,930.50","1,892.10","1,915.65","1,912.95","1,904.56","20,14,905","3,83,75,03,482.60","85,107","13,18,623","65.44"
"LT","EQ","30-Aug-2022","1,881.50","1,893.90","1,928.00","1,889.15","1,915.20","1,922.50","1,911.16","13,94,462","2,66,50,44,863.95","66,762","8,46,209","60.68"
"LT","EQ","29-Aug-2022","1,905.40","1,870.00","1,890.00","1,861.00","1,882.00","1,881.50","1,879.15","11,83,546","2,22,40,55,772.20","71,383","6,41,455","54.20"
"LT","EQ","26-Aug-2022","1,877.90","1,890.20","1,912.00","1,887.20","1,905.40","1,905.40","1,901.02","11,19,310","2,12,78,26,134.55","61,344","4,86,098","43.43"
"LT","EQ","25-Aug-2022","1,893.35","1,900.00","1,918.00","1,873.00","1,875.90","1,877.90","1,900.71","11,21,363","2,13,13,80,965.70","62,989","5,15,839","46.00"
"LT","EQ","24-Aug-2022","1,877.05","1,876.00","1,898.00","1,851.60","1,888.75","1,893.35","1,879.28","15,34,933","2,88,45,74,154.90","73,942","6,73,571","43.88"
"LT","EQ","23-Aug-2022","1,880.65","1,870.00","1,911.95","1,865.70","1,882.00","1,877.05","1,892.53","18,11,509","3,42,83,37,288.10","80,261","8,55,387","47.22"
"LT","EQ","22-Aug-2022","1,936.05","1,937.10","1,944.00","1,875.00","1,878.30","1,880.65","1,905.59","31,75,874","6,05,19,20,758.30","1,35,709","20,61,762","64.92"
"LT","EQ","19-Aug-2022","1,894.55","1,894.10","1,942.00","1,892.75","1,934.30","1,936.05","1,922.04","41,34,598","7,94,68,43,779.70","1,20,071","24,64,378","59.60"
"LT","EQ","18-Aug-2022","1,855.70","1,857.00","1,898.55","1,850.00","1,894.00","1,894.55","1,873.49","25,19,639","4,72,05,23,503.50","1,02,480","16,24,173","64.46"
"LT","EQ","17-Aug-2022","1,848.90","1,861.45","1,867.35","1,850.05","1,855.00","1,855.70","1,856.34","17,48,371","3,24,55,72,272.50","1,10,186","13,05,287","74.66"
"LT","EQ","16-Aug-2022","1,846.45","1,860.00","1,864.00","1,842.00","1,848.20","1,848.90","1,852.65","14,26,893","2,64,35,32,336.15","61,314","10,30,418","72.21"
"LT","EQ","12-Aug-2022","1,867.15","1,865.00","1,869.00","1,838.00","1,849.85","1,846.45","1,851.09","10,41,383","1,92,76,92,053.65","93,062","6,02,044","57.81"
"LT","EQ","11-Aug-2022","1,855.15","1,870.05","1,878.80","1,855.20","1,863.30","1,867.15","1,870.38","19,18,049","3,58,74,81,526.55","87,767","12,85,544","67.02"
"LT","EQ","10-Aug-2022","1,829.65","1,830.00","1,867.00","1,822.25","1,853.00","1,855.15","1,852.76","34,22,074","6,34,02,95,500.40","1,34,010","22,60,823","66.07"
"LT","EQ","08-Aug-2022","1,787.45","1,796.40","1,832.05","1,790.25","1,826.50","1,829.65","1,818.07","26,25,195","4,77,27,85,531.70","1,42,257","16,95,494","64.59"
"LT","BL","08-Aug-2022","1,767.75","1,787.45","1,787.45","1,787.45","1,787.45","1,787.45","1,787.45","10,01,073","1,78,93,67,933.85","1","-","-"
"LT","EQ","05-Aug-2022","1,780.10","1,782.95","1,807.00","1,775.30","1,788.95","1,787.45","1,788.88","14,30,542","2,55,90,65,566.15","70,278","8,13,044","56.83"
"LT","EQ","04-Aug-2022","1,789.80","1,793.80","1,814.80","1,775.00","1,780.50","1,780.10","1,792.40","18,56,927","3,32,83,56,219.15","85,703","10,89,652","58.68"
"LT","EQ","03-Aug-2022","1,793.05","1,793.05","1,804.00","1,773.00","1,790.00","1,789.80","1,785.34","12,64,299","2,25,72,07,247.60","71,487","7,24,598","57.31"
"LT","EQ","02-Aug-2022","1,814.70","1,809.00","1,811.65","1,775.70","1,786.95","1,793.05","1,792.43","17,49,346","3,13,55,83,491.10","1,15,061","9,56,351","54.67"
"LT","EQ","01-Aug-2022","1,808.05","1,808.00","1,817.85","1,790.30","1,813.00","1,814.70","1,805.49","13,41,943","2,42,28,63,803.35","90,109","7,70,612","57.43"
"LT","EQ","29-Jul-2022","1,801.25","1,814.95","1,832.50","1,794.00","1,804.05","1,808.05","1,810.06","17,47,781","3,16,35,89,989.50","84,274","9,66,735","55.31"
"LT","EQ","28-Jul-2022","1,796.65","1,805.00","1,816.00","1,786.95","1,806.00","1,801.25","1,798.05","18,31,059","3,29,23,38,734.60","1,09,988","9,71,050","53.03"
"LT","EQ","27-Jul-2022","1,751.25","1,754.00","1,819.50","1,750.00","1,795.40","1,796.65","1,800.24","53,69,460","9,66,63,05,173.35","1,74,260","21,35,764","39.78"
"LT","EQ","26-Jul-2022","1,782.45","1,780.75","1,780.75","1,741.90","1,750.60","1,751.25","1,754.15","15,85,897","2,78,19,00,213.65","71,211","7,82,942","49.37"
"LT","EQ","25-Jul-2022","1,767.75","1,765.00","1,785.50","1,760.05","1,780.00","1,782.45","1,778.26","19,16,615","3,40,82,36,765.40","66,844","10,49,142","54.74"
"LT","BL","25-Jul-2022","1,696.90","1,767.75","1,767.75","1,767.75","1,767.75","1,767.75","1,767.75","10,01,071","1,76,96,43,260.25","1","-","-"
"LT","EQ","22-Jul-2022","1,765.15","1,765.50","1,779.55","1,752.55","1,764.25","1,767.75","1,766.36","14,95,629","2,64,18,15,394.15","81,045","7,40,755","49.53"
"LT","EQ","21-Jul-2022","1,739.95","1,726.90","1,768.95","1,715.10","1,763.10","1,765.15","1,749.97","28,27,327","4,94,77,40,637.95","1,04,357","17,98,787","63.62"
"LT","EQ","20-Jul-2022","1,729.80","1,740.35","1,746.85","1,727.95","1,740.50","1,739.95","1,738.07","15,09,911","2,62,43,26,414.65","70,606","9,26,532","61.36"
"LT","EQ","19-Jul-2022","1,727.65","1,719.95","1,734.95","1,714.00","1,729.00","1,729.80","1,725.26","13,51,783","2,33,21,76,936.50","64,259","8,34,015","61.70"
"LT","EQ","18-Jul-2022","1,684.85","1,696.05","1,734.60","1,690.00","1,724.50","1,727.65","1,725.27","32,00,640","5,52,19,76,498.05","90,393","22,39,555","69.97"
"LT","EQ","15-Jul-2022","1,646.15","1,653.90","1,687.85","1,649.20","1,686.00","1,684.85","1,671.79","13,45,141","2,24,87,97,885.55","57,631","6,30,842","46.90"
"LT","EQ","14-Jul-2022","1,647.25","1,651.85","1,667.35","1,634.60","1,646.00","1,646.15","1,647.20","11,70,472","1,92,80,05,312.55","49,254","6,35,794","54.32"
"LT","EQ","13-Jul-2022","1,653.75","1,664.00","1,683.25","1,644.40","1,651.90","1,647.25","1,665.82","19,14,814","3,18,97,41,012.55","72,387","10,77,763","56.29"
"LT","EQ","12-Jul-2022","1,663.00","1,655.00","1,672.90","1,649.05","1,652.00","1,653.75","1,661.47","7,81,516","1,29,84,66,812.60","38,160","2,22,466","28.47"
"LT","EQ","11-Jul-2022","1,687.45","1,684.95","1,688.85","1,653.40","1,661.10","1,663.00","1,666.53","13,16,037","2,19,32,20,578.75","57,002","3,86,740","29.39"
"LT","EQ","08-Jul-2022","1,611.10","1,621.00","1,702.00","1,618.00","1,685.70","1,687.45","1,676.43","65,16,138","10,92,38,23,831.95","1,91,813","27,45,345","42.13"
"LT","EQ","07-Jul-2022","1,556.15","1,565.90","1,614.15","1,565.65","1,611.45","1,611.10","1,593.39","16,97,912","2,70,54,44,316.25","63,705","8,80,956","51.88"
"LT","EQ","06-Jul-2022","1,564.90","1,565.55","1,590.50","1,551.80","1,560.00","1,556.15","1,560.82","24,22,594","3,78,12,33,047.85","70,708","15,32,371","63.25"
"LT","EQ","05-Jul-2022","1,581.70","1,584.00","1,597.25","1,561.60","1,565.25","1,564.90","1,581.77","14,45,200","2,28,59,79,667.35","60,052","9,44,834","65.38"
"LT","EQ","04-Jul-2022","1,572.15","1,572.10","1,587.45","1,550.20","1,579.65","1,581.70","1,570.39","12,69,969","1,99,43,43,341.80","48,587","7,35,121","57.88"
"LT","EQ","01-Jul-2022","1,558.25","1,560.95","1,576.00","1,534.60","1,571.80","1,572.15","1,557.80","12,94,305","2,01,62,67,347.85","51,540","7,06,223","54.56"
"LT","EQ","30-Jun-2022","1,547.90","1,549.05","1,566.90","1,542.10","1,556.00","1,558.25","1,556.48","33,08,971","5,15,03,55,644.10","1,26,998","19,91,730","60.19"
"LT","EQ","29-Jun-2022","1,551.50","1,531.25","1,554.00","1,525.40","1,548.00","1,547.90","1,545.96","14,80,197","2,28,83,28,446.20","65,704","8,82,035","59.59"
"LT","EQ","28-Jun-2022","1,535.80","1,530.00","1,557.50","1,524.10","1,551.50","1,551.50","1,540.52","20,72,405","3,19,25,73,917.50","79,951","13,01,049","62.78"
"LT","EQ","27-Jun-2022","1,494.85","1,524.00","1,544.70","1,509.75","1,539.20","1,535.80","1,532.70","23,89,778","3,66,28,05,103.45","99,618","13,72,476","57.43"
"LT","EQ","24-Jun-2022","1,494.30","1,501.75","1,512.00","1,489.00","1,498.00","1,494.85","1,499.25","17,31,440","2,59,58,56,290.45","62,637","10,53,929","60.87"
"LT","EQ","23-Jun-2022","1,478.75","1,481.50","1,511.75","1,481.50","1,496.05","1,494.30","1,499.35","18,28,491","2,74,15,53,675.70","72,732","9,27,630","50.73"
"LT","EQ","22-Jun-2022","1,500.30","1,490.00","1,490.95","1,468.00","1,477.25","1,478.75","1,477.57","19,06,619","2,81,71,67,694.45","75,294","11,98,847","62.88"
"LT","EQ","21-Jun-2022","1,471.80","1,480.00","1,515.20","1,476.90","1,499.00","1,500.30","1,498.89","14,58,922","2,18,67,67,624.60","66,735","6,73,887","46.19"
"LT","EQ","20-Jun-2022","1,489.95","1,490.00","1,497.85","1,456.35","1,473.65","1,471.80","1,469.55","18,37,431","2,70,01,94,231.80","73,889","9,93,281","54.06"
"LT","EQ","17-Jun-2022","1,527.40","1,522.00","1,529.95","1,481.40","1,486.40","1,489.95","1,499.91","45,48,572","6,82,24,37,937.05","1,38,981","27,76,487","61.04"
"LT","EQ","16-Jun-2022","1,560.35","1,568.40","1,575.00","1,516.75","1,525.00","1,527.40","1,539.79","23,29,325","3,58,66,75,639.60","72,290","13,40,068","57.53"
"LT","EQ","15-Jun-2022","1,544.65","1,547.95","1,567.00","1,539.05","1,560.40","1,560.35","1,555.52","14,61,683","2,27,36,78,228.75","49,962","8,23,011","56.31"
"LT","EQ","14-Jun-2022","1,532.05","1,532.05","1,554.30","1,525.20","1,543.00","1,544.65","1,543.73","19,83,405","3,06,18,37,534.70","64,761","12,10,021","61.01"
"LT","EQ","13-Jun-2022","1,585.10","1,560.15","1,565.95","1,518.30","1,535.00","1,532.05","1,530.26","24,60,367","3,76,50,11,751.40","1,30,645","14,69,071","59.71"
"LT","EQ","10-Jun-2022","1,595.10","1,570.00","1,594.50","1,569.05","1,584.95","1,585.10","1,581.63","13,37,799","2,11,59,04,552.60","46,033","7,85,726","58.73"
"LT","EQ","09-Jun-2022","1,584.55","1,556.20","1,600.00","1,556.20","1,596.00","1,595.10","1,579.53","13,61,104","2,14,99,11,365.15","65,082","5,77,791","42.45"
"LT","EQ","08-Jun-2022","1,589.45","1,595.00","1,607.80","1,570.10","1,585.00","1,584.55","1,589.39","21,22,442","3,37,33,87,356.10","97,556","9,32,196","43.92"
"LT","EQ","07-Jun-2022","1,640.20","1,630.00","1,638.40","1,586.10","1,589.90","1,589.45","1,600.17","21,57,491","3,45,23,62,871.15","79,851","12,63,865","58.58"
"LT","EQ","06-Jun-2022","1,652.05","1,652.15","1,662.30","1,634.10","1,637.95","1,640.20","1,643.96","15,38,005","2,52,84,17,092.25","84,378","9,16,493","59.59"
"LT","EQ","03-Jun-2022","1,637.15","1,657.95","1,673.70","1,644.95","1,650.05","1,652.05","1,660.81","29,28,263","4,86,32,94,459.45","96,245","15,91,594","54.35"
"LT","EQ","02-Jun-2022","1,648.00","1,632.00","1,649.45","1,623.70","1,642.15","1,637.15","1,639.27","18,52,251","3,03,63,37,157.40","73,794","10,09,549","54.50"
"LT","EQ","01-Jun-2022","1,654.50","1,653.55","1,661.00","1,638.45","1,650.00","1,648.00","1,649.92","14,25,466","2,35,19,05,112.20","79,891","7,14,066","50.09"
"LT","EQ","31-May-2022","1,660.85","1,660.50","1,674.40","1,645.00","1,648.40","1,654.50","1,658.33","35,34,742","5,86,17,83,990.60","91,334","24,83,096","70.25"
"LT","EQ","30-May-2022","1,600.30","1,620.00","1,663.70","1,613.60","1,662.50","1,660.85","1,649.22","21,19,326","3,49,52,39,758.95","71,048","11,95,161","56.39"
"LT","EQ","27-May-2022","1,564.55","1,575.20","1,606.00","1,574.00","1,603.00","1,600.30","1,590.00","12,79,218","2,03,39,50,505.40","68,946","4,81,150","37.61"
"LT","EQ","26-May-2022","1,574.75","1,575.00","1,588.90","1,536.65","1,570.00","1,564.55","1,556.99","35,78,710","5,57,20,14,727.15","1,18,334","21,69,664","60.63"
"LT","EQ","25-May-2022","1,626.30","1,633.00","1,639.70","1,571.10","1,579.00","1,574.75","1,601.93","14,17,130","2,27,01,48,644.80","66,784","7,28,419","51.40"
"LT","EQ","24-May-2022","1,644.15","1,644.80","1,653.70","1,610.10","1,624.90","1,626.30","1,626.59","19,70,395","3,20,50,21,250.00","89,875","10,82,379","54.93"
"LT","EQ","23-May-2022","1,610.10","1,629.00","1,660.00","1,605.60","1,641.00","1,644.15","1,642.05","41,77,811","6,86,01,92,543.90","1,25,857","24,93,540","59.69"
"LT","EQ","20-May-2022","1,547.95","1,569.40","1,613.45","1,561.05","1,610.00","1,610.10","1,599.45","21,75,224","3,47,91,68,125.30","61,997","11,85,889","54.52"
"LT","EQ","19-May-2022","1,572.50","1,550.00","1,562.75","1,540.35","1,550.65","1,547.95","1,549.28","17,98,843","2,78,69,14,238.20","83,839","9,37,011","52.09"
"LT","EQ","18-May-2022","1,604.10","1,623.00","1,623.00","1,565.00","1,576.15","1,572.50","1,594.68","29,84,009","4,75,85,48,312.30","1,11,306","16,51,306","55.34"
"LT","EQ","17-May-2022","1,542.90","1,545.00","1,607.90","1,545.00","1,607.90","1,604.10","1,586.35","16,08,711","2,55,19,83,870.20","67,833","7,73,218","48.06"
"LT","EQ","16-May-2022","1,534.50","1,550.00","1,567.50","1,539.45","1,553.00","1,542.90","1,549.72","17,75,914","2,75,21,76,353.05","67,805","9,58,388","53.97"
"LT","EQ","13-May-2022","1,526.15","1,530.00","1,574.90","1,502.00","1,536.50","1,534.50","1,547.20","43,28,846","6,69,76,01,638.25","1,85,408","22,35,594","51.64"
"LT","EQ","12-May-2022","1,570.80","1,550.00","1,554.95","1,513.10","1,532.00","1,526.15","1,529.96","34,07,191","5,21,28,67,360.30","2,17,128","21,54,482","63.23"
"LT","EQ","11-May-2022","1,607.95","1,600.50","1,609.00","1,557.35","1,573.75","1,570.80","1,575.96","29,88,788","4,71,02,17,931.60","1,74,066","16,84,482","56.36"
"LT","EQ","10-May-2022","1,616.15","1,611.00","1,629.60","1,601.00","1,605.00","1,607.95","1,615.10","11,76,030","1,89,94,07,872.05","78,485","5,59,372","47.56"
"LT","EQ","09-May-2022","1,622.45","1,607.55","1,629.85","1,591.25","1,619.00","1,616.15","1,613.07","14,00,010","2,25,83,20,489.80","74,724","6,12,776","43.77"
"LT","EQ","06-May-2022","1,637.65","1,616.00","1,633.00","1,612.10","1,624.00","1,622.45","1,620.55","14,39,520","2,33,28,09,461.95","89,127","7,12,152","49.47"
"LT","EQ","05-May-2022","1,633.95","1,650.70","1,671.20","1,633.00","1,636.10","1,637.65","1,650.68","17,07,752","2,81,89,46,900.75","78,608","8,83,189","51.72"
"LT","EQ","04-May-2022","1,679.45","1,679.50","1,681.90","1,625.05","1,638.95","1,633.95","1,651.18","17,77,673","2,93,52,52,963.90","98,388","9,98,885","56.19"
"LT","EQ","02-May-2022","1,694.35","1,668.60","1,685.95","1,655.05","1,679.70","1,679.45","1,667.92","13,99,802","2,33,47,59,467.15","92,949","7,49,107","53.52"
"LT","EQ","29-Apr-2022","1,719.25","1,731.00","1,739.00","1,687.15","1,699.00","1,694.35","1,710.46","24,04,830","4,11,33,64,580.40","86,722","15,34,891","63.83"
"LT","EQ","28-Apr-2022","1,677.05","1,690.00","1,731.00","1,680.00","1,718.00","1,719.25","1,713.78","31,17,433","5,34,25,81,337.60","91,540","20,19,561","64.78"
"LT","EQ","27-Apr-2022","1,699.95","1,675.00","1,691.60","1,666.70","1,676.75","1,677.05","1,681.36","13,46,726","2,26,43,31,284.95","80,774","7,98,662","59.30"
"LT","EQ","26-Apr-2022","1,657.35","1,680.00","1,703.10","1,664.00","1,699.45","1,699.95","1,679.52","24,40,990","4,09,96,84,690.90","86,991","15,70,478","64.34"
"LT","EQ","25-Apr-2022","1,694.35","1,675.00","1,675.00","1,652.00","1,660.00","1,657.35","1,663.24","19,64,344","3,26,71,84,798.30","1,28,275","12,27,948","62.51"
"LT","EQ","22-Apr-2022","1,714.50","1,701.00","1,716.40","1,690.40","1,695.00","1,694.35","1,701.80","14,74,689","2,50,96,18,619.00","69,621","9,01,004","61.10"
"LT","EQ","21-Apr-2022","1,691.60","1,702.95","1,725.80","1,700.00","1,718.00","1,714.50","1,715.39","17,97,489","3,08,33,86,991.05","93,366","11,73,908","65.31"
"LT","EQ","20-Apr-2022","1,705.75","1,709.95","1,712.40","1,671.35","1,691.00","1,691.60","1,685.86","38,32,617","6,46,12,64,244.65","1,93,278","25,84,859","67.44"
"LT","EQ","19-Apr-2022","1,738.35","1,748.30","1,760.75","1,687.00","1,700.00","1,705.75","1,723.92","27,37,766","4,71,96,84,423.80","1,12,453","19,77,723","72.24"
"LT","EQ","18-Apr-2022","1,760.80","1,746.30","1,749.95","1,715.00","1,742.00","1,738.35","1,728.99","18,08,707","3,12,72,34,731.50","1,24,412","10,96,329","60.61"
"LT","EQ","13-Apr-2022","1,747.70","1,754.20","1,772.85","1,747.10","1,758.55","1,760.80","1,759.24","16,73,417","2,94,39,40,083.30","73,585","10,53,823","62.97"
"LT","EQ","12-Apr-2022","1,781.50","1,780.00","1,781.50","1,733.60","1,751.75","1,747.70","1,744.41","42,15,141","7,35,29,30,860.75","2,26,919","31,81,016","75.47"
"LT","EQ","11-Apr-2022","1,830.75","1,820.25","1,829.75","1,779.00","1,782.40","1,781.50","1,794.09","22,62,446","4,05,90,34,790.20","1,18,415","14,76,076","65.24"
"LT","EQ","08-Apr-2022","1,826.30","1,835.40","1,838.90","1,818.05","1,832.00","1,830.75","1,828.52","19,03,321","3,48,02,51,959.00","1,03,538","12,23,284","64.27"
"LT","EQ","07-Apr-2022","1,852.80","1,849.90","1,855.85","1,810.15","1,825.00","1,826.30","1,826.66","20,03,954","3,66,05,46,759.30","1,12,500","9,34,274","46.62"
"LT","EQ","06-Apr-2022","1,836.05","1,833.00","1,858.00","1,827.70","1,851.00","1,852.80","1,849.43","22,45,496","4,15,28,97,924.30","90,034","14,08,236","62.71"
"LT","EQ","05-Apr-2022","1,826.35","1,840.00","1,845.00","1,827.00","1,832.90","1,836.05","1,835.81","17,18,581","3,15,49,89,270.90","93,728","8,11,980","47.25"
"LT","EQ","04-Apr-2022","1,790.10","1,784.00","1,829.85","1,776.60","1,824.00","1,826.35","1,813.66","19,55,281","3,54,62,08,298.60","1,05,611","10,55,388","53.98"
"LT","EQ","01-Apr-2022","1,767.65","1,759.00","1,794.00","1,759.00","1,786.20","1,790.10","1,778.97","20,50,573","3,64,79,06,688.70","43,594","14,85,216","72.43"
"LT","EQ","31-Mar-2022","1,773.60","1,779.95","1,781.35","1,758.00","1,767.85","1,767.65","1,767.17","14,01,916","2,47,74,24,949.85","81,927","9,02,341","64.36"
"LT","EQ","30-Mar-2022","1,746.65","1,766.90","1,777.05","1,754.10","1,774.15","1,773.60","1,767.48","17,12,835","3,02,73,98,452.65","1,13,982","10,66,004","62.24"
"LT","EQ","29-Mar-2022","1,741.60","1,748.70","1,754.10","1,733.00","1,750.50","1,746.65","1,740.81","20,71,779","3,60,65,82,553.65","95,728","14,20,375","68.56"
"LT","EQ","28-Mar-2022","1,751.10","1,752.00","1,755.00","1,725.10","1,740.05","1,741.60","1,739.14","17,99,629","3,12,98,14,804.10","70,676","11,11,705","61.77"
"LT","EQ","25-Mar-2022","1,771.55","1,775.60","1,777.90","1,739.00","1,752.55","1,751.10","1,754.24","14,83,897","2,60,31,14,016.65","95,988","8,24,436","55.56"
"LT","EQ","24-Mar-2022","1,767.25","1,755.00","1,779.70","1,751.00","1,766.90","1,771.55","1,768.34","15,80,887","2,79,55,40,138.40","82,549","8,85,259","56.00"
"LT","EQ","23-Mar-2022","1,774.05","1,780.00","1,791.55","1,759.15","1,765.00","1,767.25","1,771.67","15,74,226","2,78,90,03,570.65","61,568","7,61,551","48.38"
"LT","EQ","22-Mar-2022","1,756.30","1,756.30","1,777.00","1,721.15","1,774.85","1,774.05","1,746.78","39,86,030","6,96,27,26,010.40","1,35,555","24,85,984","62.37"
"LT","EQ","21-Mar-2022","1,787.90","1,805.00","1,805.00","1,745.00","1,754.70","1,756.30","1,765.91","23,01,462","4,06,41,65,465.85","92,723","13,53,260","58.80"
"LT","EQ","17-Mar-2022","1,756.20","1,781.15","1,804.60","1,768.45","1,791.00","1,787.90","1,789.50","33,83,036","6,05,39,56,464.80","1,07,909","21,11,694","62.42"
"LT","EQ","16-Mar-2022","1,743.45","1,761.00","1,770.65","1,746.20","1,756.00","1,756.20","1,757.12","21,01,909","3,69,33,04,374.95","79,220","13,00,006","61.85"
"LT","EQ","15-Mar-2022","1,746.75","1,748.00","1,765.00","1,726.60","1,743.60","1,743.45","1,747.43","20,62,332","3,60,37,80,730.95","91,506","12,41,807","60.21"
"LT","EQ","14-Mar-2022","1,728.65","1,735.00","1,754.00","1,715.50","1,753.25","1,746.75","1,737.41","15,58,334","2,70,74,60,861.75","62,543","7,92,008","50.82"
"LT","EQ","11-Mar-2022","1,728.20","1,720.00","1,735.45","1,705.80","1,726.80","1,728.65","1,726.73","15,77,597","2,72,40,76,300.90","1,02,049","9,05,737","57.41"
"LT","EQ","10-Mar-2022","1,690.95","1,740.00","1,758.00","1,707.00","1,725.00","1,728.20","1,733.58","27,76,325","4,81,29,82,965.00","1,37,172","15,47,139","55.73"
"LT","EQ","09-Mar-2022","1,658.50","1,676.50","1,699.80","1,650.05","1,690.65","1,690.95","1,679.88","33,06,502","5,55,45,22,730.10","1,07,410","18,86,739","57.06"
"LT","EQ","08-Mar-2022","1,634.45","1,627.90","1,666.00","1,595.00","1,657.40","1,658.50","1,627.79","44,21,730","7,19,76,46,250.10","1,61,579","26,85,308","60.73"
"LT","EQ","07-Mar-2022","1,711.75","1,658.25","1,666.80","1,605.55","1,640.00","1,634.45","1,627.93","63,18,251","10,28,56,74,264.35","2,87,087","42,87,873","67.86"
"LT","EQ","04-Mar-2022","1,752.30","1,740.00","1,754.05","1,703.00","1,710.65","1,711.75","1,718.56","39,06,819","6,71,41,10,383.15","1,75,780","25,24,975","64.63"
"LT","EQ","03-Mar-2022","1,784.50","1,810.00","1,813.55","1,745.55","1,757.50","1,752.30","1,770.66","22,59,979","4,00,16,52,378.15","1,35,995","14,93,013","66.06"
"LT","EQ","02-Mar-2022","1,816.75","1,800.00","1,826.95","1,768.50","1,795.55","1,784.50","1,788.62","31,52,628","5,63,88,64,084.70","1,47,873","21,18,239","67.19"
"LT","EQ","28-Feb-2022","1,777.05","1,764.90","1,822.25","1,752.80","1,815.50","1,816.75","1,798.40","25,53,662","4,59,25,13,516.45","1,09,320","14,80,815","57.99"
"LT","EQ","25-Feb-2022","1,757.35","1,782.00","1,798.70","1,765.00","1,780.00","1,777.05","1,781.84","24,76,882","4,41,34,09,130.75","1,63,477","14,58,279","58.88"
"LT","EQ","24-Feb-2022","1,820.30","1,783.25","1,800.00","1,751.00","1,757.75","1,757.35","1,776.32","36,16,355","6,42,37,97,117.20","2,17,872","21,03,661","58.17"
"LT","EQ","23-Feb-2022","1,844.45","1,849.00","1,852.00","1,816.15","1,819.95","1,820.30","1,831.36","15,83,872","2,90,06,35,456.85","1,13,830","9,60,634","60.65"
"LT","EQ","22-Feb-2022","1,863.95","1,813.00","1,855.00","1,800.50","1,837.10","1,844.45","1,828.73","22,88,298","4,18,46,79,976.15","1,00,077","9,82,330","42.93"
"LT","EQ","21-Feb-2022","1,883.10","1,874.95","1,883.90","1,848.85","1,855.00","1,863.95","1,868.33","12,62,585","2,35,89,20,023.05","64,254","4,90,357","38.84"
"LT","EQ","18-Feb-2022","1,868.70","1,870.00","1,896.00","1,865.15","1,881.90","1,883.10","1,886.34","19,12,482","3,60,75,92,094.40","1,00,742","7,82,603","40.92"
"LT","EQ","17-Feb-2022","1,860.70","1,869.00","1,884.90","1,854.10","1,863.10","1,868.70","1,870.26","14,59,905","2,73,04,01,061.20","72,851","6,06,590","41.55"
"LT","EQ","16-Feb-2022","1,876.05","1,876.05","1,887.30","1,842.15","1,859.00","1,860.70","1,858.26","18,98,439","3,52,77,87,553.40","95,311","9,55,480","50.33"
"LT","EQ","15-Feb-2022","1,799.00","1,810.00","1,882.00","1,806.15","1,870.85","1,876.05","1,845.36","26,02,134","4,80,18,76,450.45","1,25,591","13,12,479","50.44"
"LT","EQ","14-Feb-2022","1,871.25","1,843.25","1,846.95","1,795.00","1,797.00","1,799.00","1,815.91","22,90,199","4,15,87,94,979.00","1,57,581","12,06,748","52.69"
"LT","EQ","11-Feb-2022","1,901.00","1,889.00","1,889.00","1,850.00","1,867.50","1,871.25","1,866.85","17,44,894","3,25,74,51,964.70","1,04,505","9,39,148","53.82"
"LT","EQ","10-Feb-2022","1,888.80","1,892.00","1,911.00","1,881.00","1,898.00","1,901.00","1,901.71","12,88,856","2,45,10,25,823.50","74,334","6,10,260","47.35"
"LT","EQ","09-Feb-2022","1,875.60","1,884.50","1,899.90","1,875.60","1,890.00","1,888.80","1,887.43","13,90,810","2,62,50,61,091.70","74,046","7,41,730","53.33"
"LT","EQ","08-Feb-2022","1,884.50","1,890.00","1,896.95","1,848.00","1,872.10","1,875.60","1,867.77","20,40,523","3,81,12,30,145.85","1,08,225","9,72,675","47.67"
"LT","EQ","07-Feb-2022","1,947.95","1,932.50","1,947.50","1,874.55","1,878.75","1,884.50","1,895.32","26,41,464","5,00,64,22,032.20","1,29,248","15,06,561","57.04"
"LT","EQ","04-Feb-2022","1,933.65","1,948.00","1,957.80","1,923.30","1,945.00","1,947.95","1,944.48","14,40,816","2,80,16,35,503.25","85,121","6,57,575","45.64"
"LT","EQ","03-Feb-2022","1,982.70","1,981.50","1,985.00","1,930.00","1,931.20","1,933.65","1,947.70","22,62,217","4,40,61,20,386.35","1,14,638","13,09,045","57.87"
"LT","EQ","02-Feb-2022","1,990.50","1,995.10","2,008.00","1,970.60","1,980.95","1,982.70","1,986.62","35,79,380","7,11,08,77,534.10","1,50,366","21,98,792","61.43"
"LT","EQ","01-Feb-2022","1,909.20","1,928.65","1,999.90","1,917.00","1,995.00","1,990.50","1,956.04","53,92,787","10,54,85,09,358.05","1,82,471","18,59,480","34.48"
"LT","EQ","31-Jan-2022","1,897.55","1,890.20","1,924.00","1,850.45","1,912.00","1,909.20","1,900.77","31,61,064","6,00,84,58,244.10","1,33,776","13,05,130","41.29"
"LT","EQ","28-Jan-2022","1,910.85","1,916.10","1,948.00","1,891.30","1,897.85","1,897.55","1,922.61","22,33,620","4,29,43,86,759.65","1,08,456","9,77,043","43.74"
"LT","EQ","27-Jan-2022","1,925.30","1,914.55","1,922.00","1,867.00","1,913.20","1,910.85","1,896.79","29,32,713","5,56,27,38,543.25","1,61,007","15,64,122","53.33"
"LT","EQ","25-Jan-2022","1,899.90","1,895.00","1,931.30","1,850.10","1,919.35","1,925.30","1,899.52","29,98,042","5,69,48,26,480.30","1,50,876","17,26,331","57.58"
"LT","EQ","24-Jan-2022","1,956.05","1,955.00","1,959.00","1,881.55","1,897.00","1,899.90","1,913.63","23,07,120","4,41,49,73,871.80","1,21,335","13,27,950","57.56"
"LT","EQ","21-Jan-2022","2,003.50","1,982.15","1,994.80","1,943.05","1,963.50","1,956.05","1,965.56","22,09,132","4,34,21,82,618.90","1,50,766","14,35,214","64.97"
"LT","EQ","20-Jan-2022","2,020.90","2,020.00","2,035.00","1,984.10","2,002.40","2,003.50","2,002.76","20,31,107","4,06,78,29,372.90","88,049","12,17,560","59.95"
"LT","EQ","19-Jan-2022","2,022.20","2,019.90","2,027.00","1,987.00","2,016.85","2,020.90","2,011.25","23,36,679","4,69,96,45,889.30","97,519","13,60,826","58.24"
"LT","EQ","18-Jan-2022","2,069.40","2,075.65","2,078.55","2,010.55","2,025.95","2,022.20","2,045.06","14,60,676","2,98,71,64,610.55","87,061","6,61,714","45.30"
"LT","EQ","17-Jan-2022","2,044.75","2,044.75","2,071.95","2,042.00","2,070.65","2,069.40","2,058.24","18,58,651","3,82,55,57,931.20","73,766","10,63,717","57.23"
"LT","EQ","14-Jan-2022","2,018.40","2,014.00","2,049.95","2,007.00","2,042.00","2,044.75","2,038.32","31,24,945","6,36,96,45,018.55","1,10,302","17,38,187","55.62"
"LT","EQ","13-Jan-2022","1,974.20","1,975.55","2,029.00","1,975.55","2,023.00","2,018.40","2,000.94","23,73,324","4,74,88,88,278.75","1,14,519","11,43,333","48.17"
"LT","EQ","12-Jan-2022","1,961.15","1,978.50","1,984.00","1,960.30","1,967.45","1,974.20","1,972.68","15,85,970","3,12,86,17,893.95","1,00,678","9,25,782","58.37"
"LT","EQ","11-Jan-2022","1,953.10","1,949.00","1,970.00","1,937.65","1,960.00","1,961.15","1,957.29","22,32,435","4,36,95,33,380.95","1,16,361","14,37,673","64.40"
"LT","EQ","10-Jan-2022","1,904.90","1,910.00","1,959.95","1,907.25","1,952.95","1,953.10","1,932.01","23,97,846","4,63,26,69,596.00","1,13,910","15,30,736","63.84"
"LT","EQ","07-Jan-2022","1,924.50","1,929.05","1,934.95","1,897.15","1,906.00","1,904.90","1,911.48","14,47,123","2,76,61,41,879.50","65,033","9,26,052","63.99"
"LT","EQ","06-Jan-2022","1,948.60","1,944.50","1,953.00","1,919.60","1,924.50","1,924.50","1,931.24","13,72,015","2,64,96,86,781.00","75,564","7,33,619","53.47"
"LT","EQ","05-Jan-2022","1,937.55","1,940.70","1,951.00","1,927.65","1,945.80","1,948.60","1,939.88","17,11,667","3,32,04,21,905.45","64,313","10,29,751","60.16"
"LT","EQ","04-Jan-2022","1,922.85","1,922.85","1,943.00","1,914.55","1,937.50","1,937.55","1,930.71","16,43,920","3,17,39,38,386.60","61,437","9,43,982","57.42"
"LT","EQ","03-Jan-2022","1,895.90","1,895.00","1,937.45","1,893.65","1,924.00","1,922.85","1,923.55","19,06,676","3,66,75,82,418.15","78,718","9,74,173","51.09"
"LT","EQ","31-Dec-2021","1,885.70","1,887.35","1,907.10","1,887.30","1,896.80","1,895.90","1,898.16","11,45,546","2,17,44,27,188.90","47,149","7,05,848","61.62"
"LT","EQ","30-Dec-2021","1,894.85","1,892.30","1,901.70","1,880.90","1,887.15","1,885.70","1,888.06","18,05,349","3,40,86,13,986.55","49,950","12,40,217","68.70"
"LT","EQ","29-Dec-2021","1,899.50","1,895.00","1,908.95","1,890.05","1,895.00","1,894.85","1,899.00","12,87,946","2,44,58,09,490.40","56,359","7,94,830","61.71"
"LT","EQ","28-Dec-2021","1,866.20","1,872.10","1,909.00","1,872.10","1,897.80","1,899.50","1,898.30","19,16,098","3,63,73,37,486.50","70,957","9,78,381","51.06"
"LT","EQ","27-Dec-2021","1,859.40","1,859.40","1,875.65","1,845.80","1,868.00","1,866.20","1,863.40","11,39,744","2,12,38,02,007.60","66,560","6,98,078","61.25"
"LT","EQ","24-Dec-2021","1,878.45","1,888.75","1,888.75","1,850.00","1,860.00","1,859.40","1,860.40","12,03,991","2,23,99,00,439.30","57,327","6,67,535","55.44"
"LT","EQ","23-Dec-2021","1,871.00","1,883.00","1,887.85","1,862.10","1,876.00","1,878.45","1,874.36","16,77,127","3,14,35,33,359.90","73,421","9,77,095","58.26"
"LT","EQ","22-Dec-2021","1,827.55","1,827.55","1,879.55","1,827.55","1,876.00","1,871.00","1,855.62","16,92,505","3,14,06,37,818.70","61,603","9,20,990","54.42"
"LT","EQ","21-Dec-2021","1,799.35","1,817.90","1,852.20","1,812.50","1,830.00","1,827.55","1,831.63","20,77,840","3,80,58,28,292.60","84,117","11,43,912","55.05"
"LT","EQ","20-Dec-2021","1,847.10","1,821.00","1,829.65","1,771.50","1,799.00","1,799.35","1,794.21","24,88,158","4,46,42,67,127.80","1,04,518","13,11,345","52.70"
"LT","EQ","17-Dec-2021","1,873.90","1,866.50","1,874.70","1,831.70","1,846.00","1,847.10","1,847.72","23,52,938","4,34,75,70,654.65","69,332","12,52,644","53.24"
"LT","EQ","16-Dec-2021","1,880.80","1,892.00","1,908.00","1,866.30","1,874.15","1,873.90","1,880.47","24,69,902","4,64,45,82,089.55","1,00,836","13,90,116","56.28"
"LT","EQ","15-Dec-2021","1,865.70","1,866.00","1,898.75","1,863.65","1,880.45","1,880.80","1,880.41","21,76,709","4,09,30,97,855.95","72,406","12,91,174","59.32"
"LT","EQ","14-Dec-2021","1,861.50","1,850.00","1,874.00","1,846.20","1,870.15","1,865.70","1,860.58","16,85,243","3,13,55,31,139.90","87,874","10,73,720","63.71"
"LT","EQ","13-Dec-2021","1,873.40","1,893.70","1,896.25","1,855.05","1,862.00","1,861.50","1,871.66","18,57,829","3,47,72,17,468.05","1,06,092","11,76,962","63.35"
"LT","EQ","10-Dec-2021","1,879.80","1,879.80","1,890.85","1,861.05","1,868.25","1,873.40","1,876.65","17,71,926","3,32,52,81,211.05","62,366","9,75,041","55.03"
"LT","EQ","09-Dec-2021","1,825.05","1,835.00","1,884.15","1,827.95","1,879.95","1,879.80","1,858.90","37,91,595","7,04,82,13,942.50","1,06,987","22,50,312","59.35"
"LT","EQ","08-Dec-2021","1,798.10","1,802.00","1,841.00","1,802.00","1,823.40","1,825.05","1,829.63","34,33,206","6,28,15,05,102.30","82,617","16,58,990","48.32"
"LT","EQ","07-Dec-2021","1,782.65","1,790.20","1,810.00","1,772.10","1,793.55","1,798.10","1,794.92","20,97,201","3,76,43,10,667.40","93,762","12,27,353","58.52"
"LT","EQ","06-Dec-2021","1,801.25","1,799.00","1,821.00","1,778.00","1,783.85","1,782.65","1,798.71","15,66,109","2,81,69,74,801.90","1,00,780","7,84,633","50.10"
"LT","EQ","03-Dec-2021","1,789.20","1,799.95","1,844.80","1,796.55","1,800.00","1,801.25","1,819.28","36,12,772","6,57,26,56,163.40","1,36,583","14,85,294","41.11"
"LT","EQ","02-Dec-2021","1,786.00","1,785.95","1,794.00","1,763.00","1,793.00","1,789.20","1,779.01","28,13,690","5,00,55,92,325.10","1,00,594","17,54,068","62.34"
"LT","EQ","01-Dec-2021","1,764.75","1,764.00","1,794.00","1,762.05","1,790.05","1,786.00","1,783.74","13,59,786","2,42,55,01,910.20","71,955","6,22,499","45.78"
"LT","EQ","30-Nov-2021","1,767.25","1,767.25","1,798.90","1,751.30","1,764.00","1,764.75","1,768.65","33,85,628","5,98,79,79,387.05","1,27,241","20,72,473","61.21"
"LT","EQ","29-Nov-2021","1,778.15","1,778.00","1,790.05","1,735.15","1,767.10","1,767.25","1,772.43","21,11,420","3,74,23,38,305.40","1,09,839","11,15,701","52.84"
"LT","EQ","26-Nov-2021","1,849.90","1,820.00","1,841.75","1,768.60","1,781.00","1,778.15","1,797.95","27,96,595","5,02,81,37,166.00","1,40,633","16,74,813","59.89"
"LT","EQ","25-Nov-2021","1,862.50","1,855.00","1,866.85","1,838.20","1,849.95","1,849.90","1,850.90","19,30,012","3,57,22,56,725.65","76,065","13,35,717","69.21"
"LT","EQ","24-Nov-2021","1,886.35","1,894.00","1,902.40","1,845.95","1,854.00","1,862.50","1,881.65","13,61,828","2,56,24,77,186.70","71,031","7,99,118","58.68"
"LT","EQ","23-Nov-2021","1,864.50","1,850.00","1,895.60","1,844.50","1,893.05","1,886.35","1,874.94","20,28,470","3,80,32,61,071.60","83,058","12,59,603","62.10"
"LT","EQ","22-Nov-2021","1,897.00","1,898.25","1,900.00","1,837.85","1,865.40","1,864.50","1,866.37","24,07,464","4,49,32,11,070.05","1,26,797","14,33,202","59.53"
"LT","EQ","18-Nov-2021","1,952.90","1,952.90","1,954.00","1,893.00","1,896.00","1,897.00","1,910.76","18,83,794","3,59,94,73,509.90","1,08,392","11,01,265","58.46"
"LT","EQ","17-Nov-2021","1,955.30","1,949.00","1,978.90","1,943.55","1,951.00","1,952.90","1,962.76","21,66,686","4,25,26,74,129.40","74,181","11,62,719","53.66"
"LT","EQ","16-Nov-2021","1,947.05","1,950.00","1,979.95","1,944.00","1,950.00","1,955.30","1,955.51","22,79,531","4,45,76,56,647.60","92,032","12,72,250","55.81"
"LT","EQ","15-Nov-2021","1,959.95","1,961.25","1,974.50","1,943.00","1,948.80","1,947.05","1,955.00","11,27,678","2,20,46,14,704.05","53,758","6,22,960","55.24"
"LT","EQ","12-Nov-2021","1,931.70","1,940.00","1,965.00","1,928.10","1,962.00","1,959.95","1,946.26","20,26,320","3,94,37,46,983.85","85,379","11,03,355","54.45"
"LT","EQ","11-Nov-2021","1,950.15","1,947.85","1,981.75","1,925.65","1,934.10","1,931.70","1,959.77","70,61,537","13,83,90,03,506.80","1,86,174","41,77,836","59.16"
"LT","EQ","10-Nov-2021","1,943.60","1,932.70","1,954.00","1,932.00","1,950.00","1,950.15","1,945.41","32,08,195","6,24,12,55,522.95","85,434","20,42,473","63.66"
"LT","EQ","09-Nov-2021","1,924.55","1,933.50","1,964.10","1,930.30","1,941.05","1,943.60","1,944.28","35,50,645","6,90,34,31,914.10","1,35,003","20,47,153","57.66"
"LT","EQ","08-Nov-2021","1,908.95","1,944.55","1,953.90","1,912.20","1,925.50","1,924.55","1,928.27","36,74,523","7,08,54,84,670.00","1,60,820","20,59,549","56.05"
"LT","EQ","04-Nov-2021","1,889.50","1,900.00","1,920.85","1,900.00","1,909.00","1,908.95","1,909.48","7,64,191","1,45,92,04,949.40","43,858","2,91,071","38.09"
"LT","EQ","03-Nov-2021","1,815.65","1,818.00","1,915.00","1,818.00","1,892.75","1,889.50","1,889.28","1,15,80,233","21,87,82,92,052.25","2,47,955","47,67,809","41.17"
"LT","EQ","02-Nov-2021","1,795.35","1,800.00","1,824.45","1,795.40","1,817.00","1,815.65","1,810.60","16,87,119","3,05,46,99,652.55","93,436","9,25,907","54.88"
"LT","EQ","01-Nov-2021","1,766.65","1,776.00","1,805.00","1,751.20","1,799.95","1,795.35","1,779.09","23,16,925","4,12,20,11,972.85","1,31,885","12,28,502","53.02"
"LT","EQ","29-Oct-2021","1,814.25","1,822.00","1,824.90","1,735.80","1,776.00","1,766.65","1,789.45","39,84,689","7,13,03,99,117.25","1,73,643","18,99,512","47.67"
"LT","EQ","28-Oct-2021","1,784.55","1,799.55","1,862.00","1,791.00","1,817.00","1,814.25","1,834.16","63,79,424","11,70,08,76,913.90","2,04,711","26,66,024","41.79"
"LT","EQ","27-Oct-2021","1,796.25","1,801.00","1,814.00","1,775.10","1,778.00","1,784.55","1,797.54","14,08,879","2,53,25,21,812.85","63,603","6,75,138","47.92"
"LT","EQ","26-Oct-2021","1,784.15","1,785.00","1,811.90","1,781.55","1,799.00","1,796.25","1,793.66","19,30,107","3,46,19,51,156.90","83,776","11,04,601","57.23"
"LT","EQ","25-Oct-2021","1,792.25","1,792.25","1,812.80","1,760.35","1,784.80","1,784.15","1,792.45","24,88,386","4,46,03,03,962.80","1,31,422","12,55,677","50.46"
"LT","EQ","22-Oct-2021","1,805.75","1,816.00","1,831.50","1,781.35","1,789.15","1,792.25","1,804.79","15,20,637","2,74,44,25,932.00","92,608","5,69,812","37.47"
"LT","EQ","21-Oct-2021","1,806.70","1,815.00","1,826.50","1,791.05","1,808.00","1,805.75","1,804.46","27,74,633","5,00,67,20,620.30","1,35,343","17,07,435","61.54"
"LT","EQ","20-Oct-2021","1,846.05","1,855.00","1,868.65","1,796.30","1,810.10","1,806.70","1,825.74","32,95,376","6,01,65,05,839.90","1,14,101","16,34,943","49.61"
"LT","EQ","19-Oct-2021","1,788.45","1,809.80","1,885.00","1,802.05","1,848.00","1,846.05","1,848.38","66,39,827","12,27,29,23,800.70","2,19,361","27,03,715","40.72"
"LT","EQ","18-Oct-2021","1,789.30","1,807.15","1,810.50","1,782.00","1,785.00","1,788.45","1,795.05","19,18,546","3,44,38,91,387.65","87,947","10,76,006","56.08"
"LT","EQ","14-Oct-2021","1,752.05","1,775.00","1,817.90","1,767.45","1,787.00","1,789.30","1,795.62","44,40,909","7,97,42,03,668.30","1,69,599","22,29,168","50.20"
"LT","EQ","13-Oct-2021","1,718.20","1,727.00","1,763.90","1,724.05","1,755.65","1,752.05","1,750.04","21,05,025","3,68,38,72,444.20","1,07,819","10,08,093","47.89"
"LT","EQ","12-Oct-2021","1,716.90","1,710.50","1,725.55","1,700.00","1,721.00","1,718.20","1,708.83","16,71,988","2,85,71,39,806.30","92,973","8,48,223","50.73"
"LT","EQ","11-Oct-2021","1,726.90","1,733.75","1,746.85","1,715.00","1,717.00","1,716.90","1,727.94","15,28,151","2,64,05,58,152.25","66,295","9,53,825","62.42"
"LT","EQ","08-Oct-2021","1,712.45","1,740.00","1,741.00","1,720.00","1,729.10","1,726.90","1,728.77","17,55,402","3,03,46,78,561.25","61,883","8,93,755","50.91"
"LT","EQ","07-Oct-2021","1,695.05","1,710.00","1,729.30","1,700.00","1,713.40","1,712.45","1,713.84","13,78,863","2,36,31,48,582.55","67,147","7,28,040","52.80"
"LT","EQ","06-Oct-2021","1,716.70","1,716.70","1,735.90","1,690.00","1,694.90","1,695.05","1,712.59","18,45,661","3,16,08,67,375.70","69,970","9,73,530","52.75"
"LT","EQ","05-Oct-2021","1,715.25","1,714.50","1,740.00","1,706.00","1,717.95","1,716.70","1,723.13","17,05,242","2,93,83,51,690.45","73,660","9,04,018","53.01"
"LT","EQ","04-Oct-2021","1,696.90","1,696.50","1,723.95","1,684.05","1,715.00","1,715.25","1,712.96","15,88,493","2,72,10,18,955.05","76,623","8,95,008","56.34"
"LT","BL","04-Oct-2021","1,582.00","1,696.90","1,696.90","1,696.90","1,696.90","1,696.90","1,696.90","6,50,641","1,10,40,72,712.90","1","-","-"
"LT","EQ","01-Oct-2021","1,702.95","1,697.50","1,712.50","1,687.50","1,695.50","1,696.90","1,697.77","15,63,937","2,65,52,02,827.80","58,789","8,94,542","57.20"
"LT","EQ","30-Sep-2021","1,721.00","1,719.95","1,734.25","1,697.00","1,704.00","1,702.95","1,712.73","17,92,078","3,06,93,42,358.00","81,210","10,34,808","57.74"
"LT","EQ","29-Sep-2021","1,737.15","1,732.00","1,742.00","1,716.60","1,720.00","1,721.00","1,728.03","16,98,747","2,93,54,80,056.90","86,217","10,30,722","60.68"
"LT","EQ","28-Sep-2021","1,739.60","1,745.30","1,759.05","1,719.00","1,734.00","1,737.15","1,737.80","14,42,615","2,50,69,81,197.40","72,629","6,95,266","48.19"
"LT","EQ","27-Sep-2021","1,768.75","1,772.00","1,782.75","1,737.00","1,738.35","1,739.60","1,749.72","16,50,711","2,88,82,88,434.90","90,386","10,67,444","64.67"
"LT","EQ","24-Sep-2021","1,769.70","1,780.00","1,810.00","1,750.00","1,765.20","1,768.75","1,782.40","36,12,494","6,43,89,12,518.95","1,47,579","20,27,802","56.13"
"LT","EQ","23-Sep-2021","1,710.90","1,718.30","1,775.00","1,715.05","1,774.55","1,769.70","1,757.75","37,02,946","6,50,88,57,949.40","1,32,272","22,63,739","61.13"
"LT","EQ","22-Sep-2021","1,720.90","1,720.90","1,730.00","1,706.00","1,707.00","1,710.90","1,717.92","14,87,933","2,55,61,43,469.70","69,608","9,10,453","61.19"
"LT","EQ","21-Sep-2021","1,704.35","1,698.60","1,730.75","1,692.40","1,730.00","1,720.90","1,710.29","20,29,747","3,47,14,57,099.80","1,04,138","12,08,878","59.56"
"LT","EQ","20-Sep-2021","1,716.20","1,700.20","1,735.00","1,699.95","1,700.00","1,704.35","1,715.87","18,20,374","3,12,35,26,279.25","76,514","10,19,543","56.01"
"LT","EQ","17-Sep-2021","1,721.25","1,724.00","1,741.70","1,706.10","1,720.00","1,716.20","1,725.09","34,73,932","5,99,28,34,402.85","1,12,543","22,88,360","65.87"
"LT","EQ","16-Sep-2021","1,717.00","1,709.60","1,728.50","1,709.25","1,721.00","1,721.25","1,721.91","21,28,381","3,66,48,82,460.05","75,616","15,01,395","70.54"
"LT","EQ","15-Sep-2021","1,696.45","1,700.00","1,724.60","1,697.00","1,716.45","1,717.00","1,715.08","27,57,989","4,73,01,79,293.90","1,40,008","16,14,127","58.53"
"LT","EQ","14-Sep-2021","1,671.70","1,676.00","1,698.80","1,675.40","1,696.50","1,696.45","1,689.28","14,07,269","2,37,72,77,666.65","1,07,526","7,56,723","53.77"
"LT","EQ","13-Sep-2021","1,670.05","1,662.05","1,675.65","1,660.50","1,670.55","1,671.70","1,670.34","15,78,773","2,63,70,88,836.25","1,05,701","10,52,445","66.66"