symbol,series,trade_date,prev_close,open_price,high_price,low_price,last_price,close_price,average_price,total_traded_quantity,turnover_inr,no_of_trades,deliverable_qty,deliverable_pct,daily_return,adjustment_factor_applied,adjusted_open_price,adjusted_high_price,adjusted_low_price,adjusted_close_price,adjusted_last_price,adjusted_average_price,adjusted_prev_close,adjusted_daily_return,corporate_action_date,raw_extreme_return,adjusted_extreme_return
BAJFINANCE,EQ,2021-09-13,7430.65,7430.65,7495.0,7352.0,7451.95,7445.55,7419.32,802565,5954485894.8,86733,300657,37.46,,10.0,743.0649999999999,749.5,735.2,744.5550000000001,745.1949999999999,741.932,743.0649999999999,,False,False,False
BAJFINANCE,EQ,2021-09-14,7445.55,7480.0,7530.0,7408.0,7415.0,7417.55,7450.12,719258,5358557212.9,73995,300256,41.75,-0.0037606355474074,10.0,748.0,753.0,740.8,741.755,741.5,745.012,744.5550000000001,-0.003760635547407576,False,False,False
BAJFINANCE,EQ,2021-09-15,7417.55,7445.0,7480.0,7380.0,7409.0,7414.15,7410.84,657283,4871021284.35,83065,346189,52.67,-0.0004583723736274,10.0,744.5,748.0,738.0,741.415,740.9,741.0840000000001,741.755,-0.000458372373627447,False,False,False
BAJFINANCE,EQ,2021-09-16,7414.15,7445.0,7445.0,7330.5,7415.0,7411.5,7381.98,577129,4260353297.4,63734,177821,30.81,-0.0003574246542084,10.0,744.5,744.5,733.05,741.15,741.5,738.198,741.415,-0.00035742465420851577,False,False,False
BAJFINANCE,EQ,2021-09-17,7411.5,7445.5,7679.95,7360.0,7442.0,7428.8,7538.26,3474969,26195213323.75,203446,1275198,36.7,0.0023342103487822,10.0,744.55,767.995,736.0,742.88,744.2,753.826,741.15,0.0023342103487822286,False,False,False
BAJFINANCE,EQ,2021-09-20,7428.8,7360.0,7581.0,7320.75,7428.0,7442.45,7468.86,1083806,8094799659.45,97599,203797,18.8,0.0018374434632779,10.0,736.0,758.1,732.075,744.245,742.8,746.886,742.88,0.0018374434632779657,False,False,False
BAJFINANCE,EQ,2021-09-21,7442.45,7481.15,7847.1,7401.0,7820.0,7813.85,7633.73,1993133,15215030411.4,155330,545472,27.37,0.0499029217529174,10.0,748.115,784.71,740.1,781.385,782.0,763.3729999999999,744.245,0.04990292175291744,False,False,False
BAJFINANCE,EQ,2021-09-22,7813.85,7850.0,7895.0,7771.0,7780.15,7793.65,7830.06,1500541,11749328805.0,114708,573337,38.21,-0.0025851532855123,10.0,785.0,789.5,777.1,779.365,778.015,783.0060000000001,781.385,-0.0025851532855122317,False,False,False
BAJFINANCE,EQ,2021-09-23,7793.65,7863.6,7999.0,7804.65,7890.05,7899.05,7914.73,2109147,16693322738.2,160052,731590,34.69,0.0135238302977425,10.0,786.36,799.9,780.4649999999999,789.905,789.005,791.473,779.365,0.01352383029774229,False,False,False
BAJFINANCE,EQ,2021-09-24,7899.05,7949.85,7949.85,7725.65,7786.45,7793.4,7816.87,1129346,8827954332.8,159552,484984,42.94,-0.0133750261107349,10.0,794.985,794.985,772.5649999999999,779.3399999999999,778.645,781.687,789.905,-0.013375026110734933,False,False,False
BAJFINANCE,EQ,2021-09-27,7793.4,7849.0,7860.0,7740.05,7794.0,7795.45,7797.32,650774,5074294615.1,78772,246962,37.95,0.0002630430877408,10.0,784.9,786.0,774.005,779.545,779.4,779.732,779.3399999999999,0.000263043087741055,False,False,False
BAJFINANCE,EQ,2021-09-28,7795.45,7815.0,7825.0,7425.05,7536.0,7543.3,7581.48,1572301,11920365943.05,144602,760945,48.4,-0.0323457914552719,10.0,781.5,782.5,742.505,754.33,753.6,758.1479999999999,779.545,-0.03234579145527183,False,False,False
BAJFINANCE,EQ,2021-09-29,7543.3,7529.0,7635.85,7456.15,7510.0,7515.4,7532.75,945879,7125067448.2,109016,331880,35.09,-0.0036986464809831,10.0,752.9,763.585,745.615,751.54,751.0,753.275,754.33,-0.003698646480983281,False,False,False
BAJFINANCE,EQ,2021-09-30,7515.4,7545.0,7700.0,7490.9,7674.0,7668.1,7622.74,1490707,11363275896.55,140935,602246,40.4,0.0203182797988132,10.0,754.5,770.0,749.0899999999999,766.8100000000001,767.4,762.274,751.54,0.020318279798813288,False,False,False
BAJFINANCE,EQ,2021-10-01,7668.1,7620.0,7639.2,7475.0,7525.0,7522.75,7531.72,937740,7062792917.45,91377,336076,35.84,-0.0189551518629126,10.0,762.0,763.92,747.5,752.275,752.5,753.172,766.8100000000001,-0.018955151862912745,False,False,False
BAJFINANCE,EQ,2021-10-04,7522.75,7588.0,7769.0,7560.15,7693.15,7695.05,7689.69,1090198,8383282826.9,88726,332421,30.49,0.0229038582965006,10.0,758.8,776.9,756.015,769.505,769.3149999999999,768.9689999999999,752.275,0.022903858296500657,False,False,False
BAJFINANCE,EQ,2021-10-05,7695.05,7683.0,7765.0,7634.1,7749.95,7724.2,7704.64,773243,5957559262.4,74753,226772,29.33,0.0037881495246943,10.0,768.3,776.5,763.4100000000001,772.42,774.995,770.464,769.505,0.0037881495246943064,False,False,False
BAJFINANCE,EQ,2021-10-06,7724.2,7810.0,7880.6,7685.0,7730.0,7735.15,7779.33,1764631,13727647604.6,134494,747589,42.37,0.0014176225369617,10.0,781.0,788.0600000000001,768.5,773.515,773.0,777.933,772.42,0.00141762253696176,False,False,False
BAJFINANCE,EQ,2021-10-07,7735.15,7845.9,7885.0,7738.0,7758.0,7747.9,7804.37,940550,7340402807.1,67268,382768,40.7,0.0016483196835226,10.0,784.5899999999999,788.5,773.8,774.79,775.8,780.437,773.515,0.0016483196835226366,False,False,False
BAJFINANCE,EQ,2021-10-08,7747.9,7750.0,7829.0,7712.0,7730.5,7732.2,7775.52,756571,5882732041.0,70918,240171,31.74,-0.0020263555285948,10.0,775.0,782.9,771.2,773.22,773.05,777.552,774.79,-0.0020263555285947588,False,False,False
BAJFINANCE,EQ,2021-10-11,7732.2,7773.9,7904.4,7752.0,7827.0,7817.1,7837.39,908648,7121431947.2,65766,345628,38.04,0.0109800574222085,10.0,777.39,790.4399999999999,775.2,781.71,782.7,783.739,773.22,0.010980057422208533,False,False,False
BAJFINANCE,EQ,2021-10-12,7817.1,7810.0,7925.0,7750.0,7865.0,7855.75,7857.53,1099449,8638952787.6,94610,371912,33.83,0.0049442888027528,10.0,781.0,792.5,775.0,785.575,786.5,785.7529999999999,781.71,0.004944288802752883,False,False,False
BAJFINANCE,EQ,2021-10-13,7855.75,7907.9,8010.0,7861.3,7935.0,7929.3,7935.12,1052438,8351221198.9,79650,382485,36.34,0.0093625688190179,10.0,790.79,801.0,786.13,792.9300000000001,793.5,793.512,785.575,0.00936256881901798,False,False,False
BAJFINANCE,EQ,2021-10-14,7929.3,7969.0,7969.0,7812.35,7860.8,7862.9,7856.18,1134849,8915582154.25,102871,672181,59.23,-0.0083740052715877,10.0,796.9,796.9,781.235,786.29,786.08,785.618,792.9300000000001,-0.008374005271587825,False,False,False
BAJFINANCE,EQ,2021-10-18,7862.9,8050.0,8050.0,7800.8,7850.0,7865.55,7873.77,855098,6732844628.65,78983,332210,38.85,0.0003370257792927,10.0,805.0,805.0,780.08,786.5550000000001,785.0,787.3770000000001,786.29,0.00033702577929273225,False,False,False
BAJFINANCE,EQ,2021-10-19,7865.55,7890.0,7914.7,7671.0,7720.3,7739.3,7838.98,1244989,9759438570.6,92653,675282,54.24,-0.0160510072404345,10.0,789.0,791.47,767.1,773.9300000000001,772.03,783.8979999999999,786.5550000000001,-0.01605100724043451,False,False,False
BAJFINANCE,EQ,2021-10-20,7739.3,7741.0,7833.55,7575.0,7770.0,7761.35,7722.48,1102899,8517112495.6,103398,412086,37.36,0.0028490948793817,10.0,774.1,783.355,757.5,776.135,777.0,772.2479999999999,773.9300000000001,0.002849094879381786,False,False,False
BAJFINANCE,EQ,2021-10-21,7761.35,7830.0,7830.0,7685.0,7750.0,7737.3,7742.27,639461,4950877313.3,70128,306419,47.92,-0.0030986877282946,10.0,783.0,783.0,768.5,773.73,775.0,774.2270000000001,776.135,-0.003098687728294691,False,False,False
BAJFINANCE,EQ,2021-10-22,7737.3,7756.0,7935.0,7665.0,7715.75,7710.2,7819.93,1517376,11865774640.8,119184,606294,39.96,-0.0035025137968025,10.0,775.6,793.5,766.5,771.02,771.575,781.993,773.73,-0.0035025137968025533,False,False,False
BAJFINANCE,EQ,2021-10-25,7710.2,7750.0,7837.75,7350.5,7635.0,7646.65,7664.97,1169729,8965935884.95,104466,403611,34.5,-0.0082423283442712,10.0,775.0,783.775,735.05,764.665,763.5,766.4970000000001,771.02,-0.008242328344271299,False,False,False
BAJFINANCE,EQ,2021-10-26,7646.65,7695.0,7894.95,7651.1,7880.0,7855.65,7791.46,1660575,12938306882.45,130085,718129,43.25,0.0273322304538587,10.0,769.5,789.495,765.11,785.5649999999999,788.0,779.146,764.665,0.027332230453858797,False,False,False
BAJFINANCE,EQ,2021-10-27,7855.65,7870.0,7919.95,7461.0,7478.0,7482.15,7580.07,3112233,23590929945.2,273116,1249140,40.14,-0.0475453972618433,10.0,787.0,791.995,746.1,748.2149999999999,747.8,758.007,785.5649999999999,-0.04754539726184337,False,False,False
BAJFINANCE,EQ,2021-10-28,7482.15,7540.0,7596.0,7353.4,7460.85,7484.25,7486.47,1572302,11770992885.85,140579,568362,36.15,0.0002806679898157,10.0,754.0,759.6,735.3399999999999,748.425,746.085,748.647,748.2149999999999,0.0002806679898157416,False,False,False
BAJFINANCE,EQ,2021-10-29,7484.25,7480.0,7549.7,7313.05,7418.95,7400.2,7451.05,948334,7066083886.15,93227,210766,22.22,-0.01123025019207,10.0,748.0,754.97,731.3050000000001,740.02,741.895,745.105,748.425,-0.011230250192070024,False,False,False
BAJFINANCE,EQ,2021-11-01,7400.2,7430.0,7500.2,7220.0,7416.0,7413.95,7372.17,1037314,7647253385.15,107676,238958,23.04,0.0018580578903273,10.0,743.0,750.02,722.0,741.395,741.6,737.217,740.02,0.001858057890327336,False,False,False
BAJFINANCE,EQ,2021-11-02,7413.95,7466.7,7555.0,7400.25,7460.0,7455.35,7467.97,687116,5131360122.25,66760,166112,24.18,0.005584067872052,10.0,746.67,755.5,740.025,745.5350000000001,746.0,746.797,741.395,0.005584067872052234,False,False,False
BAJFINANCE,EQ,2021-11-03,7455.35,7486.0,7538.8,7451.0,7530.0,7516.25,7495.71,668704,5012413717.55,61738,298547,44.65,0.0081686305807238,10.0,748.6,753.88,745.1,751.625,753.0,749.571,745.5350000000001,0.008168630580723812,False,False,False
BAJFINANCE,EQ,2021-11-04,7516.25,7561.0,7569.0,7515.0,7515.5,7525.1,7534.43,94033,708484824.3,14411,38471,40.91,0.0011774488608016,10.0,756.1,756.9,751.5,752.51,751.55,753.443,751.625,0.001177448860801622,False,False,False
BAJFINANCE,EQ,2021-11-08,7525.1,7543.9,7713.15,7486.0,7688.0,7673.65,7633.83,900301,6872744591.8,83917,360973,40.09,0.019740601453801,10.0,754.39,771.3149999999999,748.6,767.365,768.8,763.383,752.51,0.0197406014538013,False,False,False
BAJFINANCE,EQ,2021-11-09,7673.65,7700.0,7754.4,7550.0,7570.0,7577.5,7623.37,800247,6100581081.45,63423,364070,45.49,-0.0125298912512298,10.0,770.0,775.4399999999999,755.0,757.75,757.0,762.337,767.365,-0.01252989125122983,False,False,False
BAJFINANCE,EQ,2021-11-10,7577.5,7545.0,7610.0,7505.0,7570.0,7581.45,7566.45,464989,3518315121.95,46921,147009,31.62,0.0005212801055756,10.0,754.5,761.0,750.5,758.145,757.0,756.645,757.75,0.0005212801055756167,False,False,False
BAJFINANCE,EQ,2021-11-11,7581.45,7570.2,7600.95,7410.0,7446.0,7452.7,7476.38,634400,4743016730.45,78602,247962,39.09,-0.0169822395452057,10.0,757.02,760.095,741.0,745.27,744.6,747.638,758.145,-0.016982239545205724,False,False,False
BAJFINANCE,EQ,2021-11-12,7452.7,7500.0,7600.25,7453.0,7583.4,7579.1,7529.86,497128,3743304453.1,48859,161838,32.55,0.0169602962684665,10.0,750.0,760.025,745.3,757.9100000000001,758.3399999999999,752.986,745.27,0.016960296268466513,False,False,False
BAJFINANCE,EQ,2021-11-15,7579.1,7579.0,7627.45,7490.0,7525.0,7534.25,7538.03,402518,3034193572.75,44440,117472,29.18,-0.0059175891596627,10.0,757.9,762.745,749.0,753.425,752.5,753.803,757.9100000000001,-0.005917589159662895,False,False,False
BAJFINANCE,EQ,2021-11-16,7534.25,7525.0,7650.0,7500.75,7538.0,7555.7,7596.98,598049,4543367663.8,64412,177258,29.64,0.0028469987059096,10.0,752.5,765.0,750.075,755.5699999999999,753.8,759.698,753.425,0.0028469987059096535,False,False,False
BAJFINANCE,EQ,2021-11-17,7555.7,7528.0,7692.0,7521.25,7608.6,7607.65,7632.84,645574,4927560247.2,68236,213775,33.11,0.0068756038487498,10.0,752.8,769.2,752.125,760.765,760.86,763.284,755.5699999999999,0.006875603848750078,False,False,False
BAJFINANCE,EQ,2021-11-18,7607.65,7620.0,7697.7,7440.0,7465.0,7484.95,7549.7,772539,5832436114.9,82127,225382,29.17,-0.0161285022313065,10.0,762.0,769.77,744.0,748.495,746.5,754.97,760.765,-0.016128502231306574,False,False,False
BAJFINANCE,EQ,2021-11-22,7484.95,7492.0,7514.5,6990.05,7065.7,7058.3,7131.61,1935243,13801404852.5,217304,878981,45.42,-0.0570010487712008,10.0,749.2,751.45,699.005,705.83,706.5699999999999,713.161,748.495,-0.057001048771200824,False,False,False
BAJFINANCE,EQ,2021-11-23,7058.3,7000.0,7178.0,6924.1,7110.7,7114.3,7097.9,1187589,8429384643.55,125975,418062,35.2,0.0079339217658642,10.0,700.0,717.8,692.4100000000001,711.4300000000001,711.0699999999999,709.79,705.83,0.007933921765864271,False,False,False
BAJFINANCE,EQ,2021-11-24,7114.3,7160.0,7319.8,7066.0,7125.0,7177.3,7209.0,1099380,7925433819.4,109496,398311,36.23,0.0088554039048114,10.0,716.0,731.98,706.6,717.73,712.5,720.9,711.4300000000001,0.008855403904811432,False,False,False
BAJFINANCE,EQ,2021-11-25,7177.3,7150.0,7205.0,7086.8,7142.65,7125.8,7143.27,615486,4396580444.1,66577,148649,24.15,-0.0071754002201385,10.0,715.0,720.5,708.6800000000001,712.58,714.265,714.327,717.73,-0.007175400220138406,False,False,False
BAJFINANCE,EQ,2021-11-26,7125.8,7021.0,7047.9,6775.0,6780.0,6807.05,6877.27,1689082,11616272904.3,197357,722597,42.78,-0.0447318195851693,10.0,702.1,704.79,677.5,680.705,678.0,687.7270000000001,712.58,-0.04473181958516936,False,False,False
BAJFINANCE,EQ,2021-11-29,6807.05,6767.0,6980.0,6678.3,6910.0,6905.75,6865.92,1491815,10242680485.2,160192,448254,30.05,0.0144996731330018,10.0,676.7,698.0,667.83,690.575,691.0,686.592,680.705,0.014499673133001822,False,False,False
BAJFINANCE,EQ,2021-11-30,6905.75,6910.0,7199.8,6849.25,6983.0,6997.25,7047.95,2195539,15474055907.45,178023,917065,41.77,0.0132498280418491,10.0,691.0,719.98,684.925,699.725,698.3,704.795,690.575,0.013249828041849154,False,False,False
BAJFINANCE,EQ,2021-12-01,6997.25,7032.2,7107.7,6951.0,7050.0,7038.7,7034.68,1136768,7996795748.05,100822,327006,28.77,0.0059237557611919,10.0,703.22,710.77,695.1,703.87,705.0,703.4680000000001,699.725,0.005923755761191973,False,False,False
BAJFINANCE,EQ,2021-12-02,7038.7,7090.0,7210.0,7022.4,7190.0,7180.5,7120.47,847704,6036051180.3,78637,275262,32.47,0.0201457655532981,10.0,709.0,721.0,702.24,718.05,719.0,712.047,703.87,0.020145765553298167,False,False,False
BAJFINANCE,EQ,2021-12-03,7180.5,7160.0,7233.8,7055.0,7085.0,7069.25,7138.12,816411,5827642698.55,82555,273757,33.53,-0.0154933500452614,10.0,716.0,723.38,705.5,706.925,708.5,713.812,718.05,-0.015493350045261423,False,False,False
BAJFINANCE,EQ,2021-12-06,7069.25,7069.25,7095.9,6938.1,6951.0,6951.75,6983.22,858253,5993372609.1,75685,333206,38.82,-0.0166212823142483,10.0,706.925,709.5899999999999,693.8100000000001,695.175,695.1,698.322,706.925,-0.01662128231424831,False,False,False
BAJFINANCE,EQ,2021-12-07,6951.75,7048.0,7170.0,6958.0,7099.0,7103.15,7097.56,1079608,7662586923.3,98653,364124,33.73,0.021778688819362,10.0,704.8,717.0,695.8,710.3149999999999,709.9,709.7560000000001,695.175,0.02177868881936207,False,False,False
BAJFINANCE,EQ,2021-12-08,7103.15,7120.0,7386.35,7120.0,7360.0,7361.5,7298.88,1402691,10238077454.45,129056,405234,28.89,0.0363711874309284,10.0,712.0,738.635,712.0,736.15,736.0,729.888,710.3149999999999,0.03637118743092849,False,False,False
BAJFINANCE,EQ,2021-12-09,7361.5,7400.0,7468.1,7337.0,7434.0,7440.3,7416.65,1076950,7987358949.2,83232,312993,29.06,0.0107043401480677,10.0,740.0,746.8100000000001,733.7,744.03,743.4,741.665,736.15,0.010704340148067537,False,False,False
BAJFINANCE,EQ,2021-12-10,7440.3,7374.0,7467.0,7360.0,7436.65,7452.5,7412.53,679145,5034180348.75,71138,272293,40.09,0.0016397188285417,10.0,737.4,746.7,736.0,745.25,743.665,741.2529999999999,744.03,0.0016397188285419695,False,False,False
BAJFINANCE,EQ,2021-12-13,7452.5,7470.0,7477.0,7199.0,7230.0,7218.75,7283.94,1298599,9458911633.9,134075,590793,45.49,-0.0313653136531365,10.0,747.0,747.7,719.9,721.875,723.0,728.394,745.25,-0.03136531365313655,False,False,False
BAJFINANCE,EQ,2021-12-14,7218.75,7180.0,7180.0,7035.0,7073.05,7065.9,7086.52,1276481,9045810989.75,119348,570930,44.73,-0.021174025974026,10.0,718.0,718.0,703.5,706.5899999999999,707.3050000000001,708.652,721.875,-0.021174025974026067,False,False,False
BAJFINANCE,EQ,2021-12-15,7065.9,7072.5,7072.5,6831.0,6859.0,6847.25,6908.79,1817528,12556912760.2,148378,844757,46.48,-0.0309443949107686,10.0,707.25,707.25,683.1,684.725,685.9,690.879,706.5899999999999,-0.030944394910768502,False,False,False
BAJFINANCE,EQ,2021-12-16,6847.25,6945.0,7063.45,6932.9,7045.0,7028.85,7008.04,1768318,12392441469.95,130718,477435,27.0,0.0265215962612728,10.0,694.5,706.345,693.29,702.885,704.5,700.804,684.725,0.026521596261272817,False,False,False
BAJFINANCE,EQ,2021-12-17,7028.85,7000.0,7025.0,6865.0,6900.0,6901.1,6941.87,1680511,11665886416.25,101409,713477,42.46,-0.018175092653848,10.0,700.0,702.5,686.5,690.11,690.0,694.187,702.885,-0.01817509265384809,False,False,False
BAJFINANCE,EQ,2021-12-20,6901.1,6850.0,6864.85,6492.6,6630.0,6634.15,6611.36,2226319,14718996335.85,250157,872342,39.18,-0.0386822390633377,10.0,685.0,686.485,649.26,663.415,663.0,661.136,690.11,-0.03868223906333779,False,False,False
BAJFINANCE,EQ,2021-12-21,6634.15,6725.15,6750.0,6540.0,6587.0,6577.55,6659.2,1375591,9160338351.5,143587,474885,34.52,-0.0085316129421251,10.0,672.515,675.0,654.0,657.755,658.7,665.92,663.415,-0.008531612942125122,False,False,False
BAJFINANCE,EQ,2021-12-22,6577.55,6635.0,6790.75,6623.8,6770.0,6771.2,6729.42,1267898,8532222041.3,119602,376233,29.67,0.0294410532797164,10.0,663.5,679.075,662.38,677.12,677.0,672.942,657.755,0.02944105327971669,False,False,False
BAJFINANCE,EQ,2021-12-23,6771.2,6840.0,6993.5,6838.25,6918.5,6917.75,6916.56,1339399,9264036156.65,98749,389131,29.05,0.0216431356332702,10.0,684.0,699.35,683.825,691.775,691.85,691.6560000000001,677.12,0.02164313563327025,False,False,False
BAJFINANCE,EQ,2021-12-24,6917.75,6984.9,6987.95,6757.6,6850.0,6852.0,6842.48,980774,6710924236.8,73957,178040,18.15,-0.0095045354342091,10.0,698.49,698.795,675.76,685.2,685.0,684.2479999999999,691.775,-0.009504535434209038,False,False,False
BAJFINANCE,EQ,2021-12-27,6852.0,6751.0,6908.8,6654.05,6895.05,6890.75,6799.1,912360,6203230286.0,76010,115969,12.71,0.0056552831290135,10.0,675.1,690.88,665.405,689.075,689.505,679.9100000000001,685.2,0.005655283129013533,False,False,False
BAJFINANCE,EQ,2021-12-28,6890.75,6980.0,6980.0,6861.75,6904.0,6906.65,6924.52,862464,5972146878.45,81075,189620,21.99,0.0023074411348547,10.0,698.0,698.0,686.175,690.665,690.4,692.452,689.075,0.002307441134854482,False,False,False
BAJFINANCE,EQ,2021-12-29,6906.65,6884.9,6949.95,6853.05,6906.0,6911.65,6916.26,532379,3682072264.6,50265,122129,22.94,0.0007239399708975,10.0,688.49,694.995,685.3050000000001,691.165,690.6,691.626,690.665,0.0007239399708975913,False,False,False
BAJFINANCE,EQ,2021-12-30,6911.65,6899.9,6944.95,6856.9,6869.25,6871.1,6893.66,658992,4542864154.7,57496,224988,34.14,-0.0058669058763102,10.0,689.99,694.495,685.6899999999999,687.11,686.925,689.366,691.165,-0.005866905876310224,False,False,False
BAJFINANCE,EQ,2021-12-31,6871.1,6882.0,6999.0,6875.55,6968.05,6977.3,6953.92,769907,5353873061.35,69370,222768,28.93,0.0154560405175299,10.0,688.2,699.9,687.5550000000001,697.73,696.8050000000001,695.392,687.11,0.015456040517529912,False,False,False
BAJFINANCE,EQ,2022-01-03,6977.3,6975.0,7243.95,6975.0,7225.0,7219.6,7135.31,1269725,9059877279.95,98044,448444,35.32,0.0347269000902927,10.0,697.5,724.395,697.5,721.96,722.5,713.5310000000001,697.73,0.03472690009029278,False,False,False
BAJFINANCE,EQ,2022-01-04,7219.6,7250.0,7375.0,7235.5,7359.95,7343.0,7296.71,959173,6998806060.75,77280,251932,26.27,0.0170923596875172,10.0,725.0,737.5,723.55,734.3,735.995,729.671,721.96,0.01709235968751721,False,False,False
BAJFINANCE,EQ,2022-01-05,7343.0,7469.9,7691.15,7415.0,7665.0,7670.8,7585.02,2583262,19594087523.1,198560,679167,26.29,0.0446411548413454,10.0,746.99,769.115,741.5,767.08,766.5,758.5020000000001,734.3,0.044641154841345676,False,False,False
BAJFINANCE,EQ,2022-01-06,7670.8,7525.0,7779.35,7521.0,7729.95,7748.25,7676.58,1535986,11791114048.6,127550,422371,27.5,0.0100967304583614,10.0,752.5,777.9350000000001,752.1,774.825,772.995,767.658,767.08,0.01009673045836168,False,False,False
BAJFINANCE,EQ,2022-01-07,7748.25,7763.95,7785.0,7585.0,7650.0,7659.35,7669.54,1165951,8942304115.6,114923,348037,29.85,-0.0114735585454779,10.0,776.395,778.5,758.5,765.9350000000001,765.0,766.954,774.825,-0.011473558545478046,False,False,False
BAJFINANCE,EQ,2022-01-10,7659.35,7686.0,7759.0,7669.75,7721.0,7731.3,7732.08,639060,4941261803.5,59369,222125,34.76,0.0093937475112118,10.0,768.6,775.9,766.975,773.13,772.1,773.208,765.9350000000001,0.009393747511211803,False,False,False
BAJFINANCE,EQ,2022-01-11,7731.3,7739.0,7759.95,7571.0,7662.3,7669.85,7652.14,1037912,7942252811.3,110618,381965,36.8,-0.0079482105208696,10.0,773.9,775.995,757.1,766.985,766.23,765.214,773.13,-0.007948210520869692,False,False,False
BAJFINANCE,EQ,2022-01-12,7669.85,7726.0,7869.0,7691.8,7774.4,7774.5,7792.12,1458404,11364065405.55,161132,619459,42.48,0.0136443346349668,10.0,772.6,786.9,769.1800000000001,777.45,777.4399999999999,779.212,766.985,0.013644334634966837,False,False,False
BAJFINANCE,EQ,2022-01-13,7774.5,7828.0,7849.55,7774.0,7803.0,7808.35,7808.26,616374,4812808300.1,72924,207512,33.67,0.0043539777477652,10.0,782.8,784.955,777.4,780.835,780.3,780.826,777.45,0.0043539777477650254,False,False,False
BAJFINANCE,EQ,2022-01-14,7808.35,7775.0,7846.1,7728.5,7820.0,7832.2,7803.67,569635,4445242426.0,61554,141273,24.8,0.0030544225092368,10.0,777.5,784.61,772.85,783.22,782.0,780.367,780.835,0.0030544225092368205,False,False,False
BAJFINANCE,EQ,2022-01-17,7832.2,7819.5,7910.0,7801.55,7849.3,7852.6,7865.82,679774,5346980472.85,66198,205248,30.19,0.0026046321595465,10.0,781.95,791.0,780.155,785.26,784.9300000000001,786.582,783.22,0.0026046321595465383,False,False,False
BAJFINANCE,EQ,2022-01-18,7852.6,7899.95,7945.0,7716.05,7770.0,7744.0,7845.63,1130024,8865750602.5,111720,319859,28.31,-0.013829814329012,10.0,789.995,794.5,771.605,774.4,777.0,784.563,785.26,-0.013829814329012091,False,False,False
BAJFINANCE,EQ,2022-01-19,7744.0,7850.0,8045.0,7473.0,7590.0,7571.8,7741.33,5000317,38709092338.65,389986,1370015,27.4,-0.0222365702479339,10.0,785.0,804.5,747.3,757.1800000000001,759.0,774.133,774.4,-0.022236570247933796,False,False,False
BAJFINANCE,EQ,2022-01-20,7571.8,7610.0,7650.0,7401.0,7534.0,7530.25,7509.58,2910383,21855747927.0,172339,1568433,53.89,-0.0054874666525793,10.0,761.0,765.0,740.1,753.025,753.4,750.958,757.1800000000001,-0.005487466652579376,False,False,False
BAJFINANCE,EQ,2022-01-21,7530.25,7402.5,7499.0,7305.85,7372.85,7373.75,7408.26,1370450,10152653198.5,174296,499980,36.48,-0.0207828425351084,10.0,740.25,749.9,730.585,737.375,737.2850000000001,740.826,753.025,-0.020782842535108315,False,False,False
BAJFINANCE,EQ,2022-01-24,7373.75,7350.0,7350.0,6817.7,6904.75,6931.75,7016.98,2502582,17560576458.0,285198,1016582,40.62,-0.0599423631123919,10.0,735.0,735.0,681.77,693.175,690.475,701.698,737.375,-0.05994236311239198,False,False,False
BAJFINANCE,EQ,2022-01-25,6931.75,6900.0,6996.0,6752.2,6949.75,6963.75,6893.1,2525934,17411504671.6,235372,1074069,42.52,0.0046164388502181,10.0,690.0,699.6,675.22,696.375,694.975,689.3100000000001,693.175,0.004616438850218341,False,False,False
BAJFINANCE,EQ,2022-01-27,6963.75,6823.6,6902.35,6708.1,6870.0,6837.0,6827.06,1761028,12022639988.7,180829,623641,35.41,-0.0182014001077005,10.0,682.36,690.235,670.8100000000001,683.7,687.0,682.706,696.375,-0.01820140010770055,False,False,False
BAJFINANCE,EQ,2022-01-28,6837.0,6961.05,7045.6,6845.0,6848.0,6867.25,6967.48,1467522,10224931401.5,147835,572016,38.98,0.0044244551703964,10.0,696.105,704.5600000000001,684.5,686.725,684.8,696.7479999999999,683.7,0.0044244551703962465,False,False,False
BAJFINANCE,EQ,2022-01-31,6867.25,6979.9,7075.9,6930.1,7003.9,7000.25,7008.31,1251249,8769144382.95,117386,395981,31.65,0.0193672867596199,10.0,697.99,707.5899999999999,693.01,700.025,700.39,700.831,686.725,0.01936728675961996,False,False,False
BAJFINANCE,EQ,2022-02-01,7000.25,7075.9,7115.8,6886.0,7077.0,7014.6,7030.43,1383449,9726238180.1,124806,426223,30.81,0.0020499267883289,10.0,707.5899999999999,711.58,688.6,701.46,707.7,703.043,700.025,0.0020499267883291594,False,False,False
BAJFINANCE,EQ,2022-02-02,7014.6,7100.0,7280.0,7095.0,7248.0,7247.45,7224.19,1339821,9679119766.65,134135,434862,32.46,0.0331950503236107,10.0,710.0,728.0,709.5,724.745,724.8,722.419,701.46,0.0331950503236107,False,False,False
BAJFINANCE,EQ,2022-02-03,7247.45,7253.0,7287.05,7100.0,7105.0,7110.65,7158.23,839856,6011884033.9,103058,351385,41.84,-0.0188756045229702,10.0,725.3,728.705,710.0,711.0649999999999,710.5,715.823,724.745,-0.018875604522970213,False,False,False
BAJFINANCE,EQ,2022-02-04,7110.65,7090.0,7188.4,7055.0,7148.0,7158.4,7130.87,823208,5870191691.6,87401,249249,30.28,0.0067152791938851,10.0,709.0,718.8399999999999,705.5,715.8399999999999,714.8,713.087,711.0649999999999,0.006715279193885149,False,False,False
BAJFINANCE,EQ,2022-02-07,7158.4,7165.0,7165.0,6881.0,6921.0,6930.6,6980.81,1183012,8258377592.05,131834,397985,33.64,-0.0318227536879748,10.0,716.5,716.5,688.1,693.0600000000001,692.1,698.081,715.8399999999999,-0.031822753687974825,False,False,False
BAJFINANCE,EQ,2022-02-08,6930.6,7000.0,7147.0,6914.7,7043.0,7055.0,7023.74,1640542,11522738819.9,148923,446140,27.19,0.0179493838917264,10.0,700.0,714.7,691.47,705.5,704.3,702.374,693.0600000000001,0.0179493838917264,False,False,False
BAJFINANCE,EQ,2022-02-09,7055.0,7128.55,7157.9,7070.0,7107.55,7117.35,7116.89,649166,4620044731.25,61527,191427,29.49,0.0088377037562012,10.0,712.855,715.79,707.0,711.735,710.755,711.6890000000001,705.5,0.008837703756201298,False,False,False
BAJFINANCE,EQ,2022-02-10,7117.35,7135.0,7240.0,7065.0,7135.05,7137.0,7154.47,1244200,8901592914.9,132389,471759,37.92,0.0027608590275873,10.0,713.5,724.0,706.5,713.7,713.505,715.447,711.735,0.0027608590275876033,False,False,False
BAJFINANCE,EQ,2022-02-11,7137.0,7040.0,7079.95,6921.05,6995.0,7011.6,7001.64,1276461,8937320704.65,137055,523614,41.02,-0.0175704077343421,10.0,704.0,707.995,692.105,701.1600000000001,699.5,700.164,713.7,-0.017570407734342153,False,False,False
BAJFINANCE,EQ,2022-02-14,7011.6,6810.0,6930.0,6744.05,6760.0,6785.95,6844.88,1169766,8006908289.25,128452,406186,34.72,-0.0321823834788066,10.0,681.0,693.0,674.405,678.595,676.0,684.488,701.1600000000001,-0.03218238347880664,False,False,False
BAJFINANCE,EQ,2022-02-15,6785.95,6800.0,7195.0,6785.95,7165.0,7142.05,6972.42,1346820,9390598425.0,137043,343211,25.48,0.0524760718838188,10.0,680.0,719.5,678.595,714.205,716.5,697.242,678.595,0.052476071883818864,False,False,False
BAJFINANCE,EQ,2022-02-16,7142.05,7185.0,7224.95,7050.0,7063.35,7068.6,7128.06,1054041,7513271595.9,102526,230911,21.91,-0.0102841621103184,10.0,718.5,722.495,705.0,706.86,706.335,712.806,714.205,-0.010284162110318462,False,False,False
BAJFINANCE,EQ,2022-02-17,7068.6,7120.0,7128.0,6982.0,7055.0,7082.45,7071.34,903616,6389779145.6,85195,218189,24.15,0.0019593696064283,10.0,712.0,712.8,698.2,708.245,705.5,707.134,706.86,0.001959369606428396,False,False,False
BAJFINANCE,EQ,2022-02-18,7082.45,7020.0,7116.0,7010.0,7029.85,7030.1,7069.13,762517,5390330341.05,72966,181765,23.84,-0.0073915100000705,10.0,702.0,711.6,701.0,703.01,702.985,706.913,708.245,-0.007391510000070656,False,False,False
BAJFINANCE,EQ,2022-02-21,7030.1,7000.0,7080.9,6911.0,7010.0,7006.35,7001.23,816664,5717656274.95,68345,203585,24.93,-0.0033783303224704,10.0,700.0,708.0899999999999,691.1,700.635,701.0,700.1229999999999,703.01,-0.0033783303224704797,False,False,False
BAJFINANCE,EQ,2022-02-22,7006.35,6800.0,7036.15,6789.0,7011.0,7011.35,6937.19,1258732,8732062951.35,122948,413806,32.87,0.0007136383423609,10.0,680.0,703.615,678.9,701.135,701.1,693.7189999999999,700.635,0.0007136383423609338,False,False,False
BAJFINANCE,EQ,2022-02-23,7011.35,7060.0,7117.35,7027.45,7030.0,7044.55,7079.96,795228,5630183095.5,91677,285131,35.86,0.004735179387707,10.0,706.0,711.735,702.745,704.455,703.0,707.996,701.135,0.004735179387707067,False,False,False
BAJFINANCE,EQ,2022-02-24,7044.55,6800.0,6900.2,6592.45,6605.95,6627.8,6757.61,1930040,13042454767.4,192285,762172,39.49,-0.0591592081822117,10.0,680.0,690.02,659.245,662.78,660.595,675.761,704.455,-0.059159208182211875,False,False,False
BAJFINANCE,EQ,2022-02-25,6627.8,6800.0,6989.95,6759.0,6968.8,6969.4,6913.6,1413281,9770853332.95,135065,385735,27.29,0.0515404810042547,10.0,680.0,698.995,675.9,696.9399999999999,696.88,691.36,662.78,0.05154048100425479,False,False,False
BAJFINANCE,EQ,2022-02-28,6969.4,6860.0,7025.0,6806.6,6995.0,7002.3,6950.66,1580891,10988239945.2,165462,616179,38.98,0.004720635922748,10.0,686.0,702.5,680.6600000000001,700.23,699.5,695.066,696.9399999999999,0.004720635922748073,False,False,False
BAJFINANCE,EQ,2022-03-02,7002.3,6918.0,6936.35,6762.0,6835.0,6831.55,6832.12,1608009,10986108087.75,177364,683643,42.51,-0.0243848449795067,10.0,691.8,693.635,676.2,683.155,683.5,683.212,700.23,-0.02438484497950677,False,False,False
BAJFINANCE,EQ,2022-03-03,6831.55,6920.0,6944.3,6725.0,6740.0,6748.35,6822.47,1333999,9101170241.85,141946,521606,39.1,-0.0121787881227539,10.0,692.0,694.4300000000001,672.5,674.835,674.0,682.2470000000001,683.155,-0.012178788122753859,False,False,False
BAJFINANCE,EQ,2022-03-04,6748.35,6688.4,6698.0,6500.0,6537.8,6537.9,6579.07,1996509,13135180992.95,230064,753595,37.75,-0.0311854008757697,10.0,668.8399999999999,669.8,650.0,653.79,653.78,657.9069999999999,674.835,-0.03118540087576971,False,False,False
BAJFINANCE,EQ,2022-03-07,6537.9,6350.0,6370.0,6100.0,6144.0,6125.0,6209.68,2843588,17657780715.35,308244,1328108,46.71,-0.0631548356505911,10.0,635.0,637.0,610.0,612.5,614.4,620.9680000000001,653.79,-0.0631548356505911,False,False,False
BAJFINANCE,EQ,2022-03-08,6125.0,6128.0,6217.35,5912.9,6180.0,6161.85,6073.8,2885783,17527656840.5,250061,1086708,37.66,0.0060163265306123,10.0,612.8,621.735,591.29,616.1850000000001,618.0,607.38,612.5,0.006016326530612348,False,False,False
BAJFINANCE,EQ,2022-03-09,6161.85,6219.5,6525.0,6121.85,6485.0,6472.5,6312.35,2280131,14392979951.65,190284,819021,35.92,0.0504150539204946,10.0,621.95,652.5,612.1850000000001,647.25,648.5,631.235,616.1850000000001,0.05041505392049461,False,False,False
BAJFINANCE,EQ,2022-03-10,6472.5,6794.0,6794.0,6501.0,6568.0,6584.9,6657.93,2091561,13925476697.95,175955,693593,33.16,0.0173657782927769,10.0,679.4,679.4,650.1,658.49,656.8,665.793,647.25,0.01736577829277719,False,False,False
BAJFINANCE,EQ,2022-03-11,6584.9,6550.0,6685.0,6490.05,6615.0,6628.0,6614.52,1264771,8365848791.3,104323,271796,21.49,0.0065452778326171,10.0,655.0,668.5,649.005,662.8,661.5,661.452,658.49,0.006545277832616936,False,False,False
BAJFINANCE,EQ,2022-03-14,6628.0,6601.0,6689.0,6500.0,6657.9,6665.45,6582.43,1266846,8338931270.4,134273,393949,31.1,0.0056502715751358,10.0,660.1,668.9,650.0,666.545,665.79,658.243,662.8,0.005650271575135868,False,False,False
BAJFINANCE,EQ,2022-03-15,6665.45,6677.2,6750.0,6605.0,6652.0,6666.55,6677.97,1479270,9878519513.9,166813,548486,37.08,0.0001650301179965,10.0,667.72,675.0,660.5,666.655,665.2,667.797,666.545,0.0001650301179965119,False,False,False
BAJFINANCE,EQ,2022-03-16,6666.55,6780.0,6899.4,6743.35,6824.75,6840.6,6829.54,1633596,11156706302.85,135401,628552,38.48,0.0261079568892455,10.0,678.0,689.9399999999999,674.335,684.0600000000001,682.475,682.954,666.655,0.02610795688924572,False,False,False
BAJFINANCE,EQ,2022-03-17,6840.6,6947.7,7056.9,6930.1,6992.0,6994.4,6999.08,1670678,11693206096.2,134599,705800,42.25,0.0224834078881968,10.0,694.77,705.6899999999999,693.01,699.4399999999999,699.2,699.908,684.0600000000001,0.022483407888196805,False,False,False
BAJFINANCE,EQ,2022-03-21,6994.4,7000.0,7018.75,6850.0,6883.0,6870.4,6920.21,962019,6657369147.55,72204,313072,32.54,-0.0177284684890769,10.0,700.0,701.875,685.0,687.04,688.3,692.021,699.4399999999999,-0.017728468489076943,False,False,False
BAJFINANCE,EQ,2022-03-22,6870.4,6870.0,7010.0,6767.0,6998.0,6985.8,6893.67,1273796,8781131987.0,105600,325253,25.53,0.016796693060084,10.0,687.0,701.0,676.7,698.58,699.8,689.367,687.04,0.016796693060084023,False,False,False
BAJFINANCE,EQ,2022-03-23,6985.8,7050.0,7104.0,6970.0,6985.0,7004.8,7032.44,1176750,8275427484.2,87121,391803,33.3,0.0027198030290016,10.0,705.0,710.4,697.0,700.48,698.5,703.2439999999999,698.58,0.002719803029001655,False,False,False
BAJFINANCE,EQ,2022-03-24,7004.8,6969.0,7035.55,6881.25,6986.0,6997.55,6985.54,783716,5474680592.15,68202,161874,20.65,-0.0010350045682959,10.0,696.9,703.5550000000001,688.125,699.755,698.6,698.554,700.48,-0.001035004568296083,False,False,False
BAJFINANCE,EQ,2022-03-25,6997.55,7059.0,7067.45,6940.0,6982.0,6973.5,6991.83,702373,4910873396.0,58670,212721,30.29,-0.0034369172067366,10.0,705.9,706.745,694.0,697.35,698.2,699.183,699.755,-0.003436917206736556,False,False,False
BAJFINANCE,EQ,2022-03-28,6973.5,6990.0,7035.0,6870.0,6995.0,7001.4,6958.49,936973,6519916836.85,75942,241959,25.82,0.004000860400086,10.0,699.0,703.5,687.0,700.14,699.5,695.8489999999999,697.35,0.00400086040008607,False,False,False
BAJFINANCE,EQ,2022-03-29,7001.4,7040.0,7060.0,6984.5,7050.0,7039.35,7023.87,715950,5028743142.3,58294,257369,35.95,0.0054203445025282,10.0,704.0,706.0,698.45,703.9350000000001,705.0,702.387,700.14,0.005420344502528263,False,False,False
BAJFINANCE,EQ,2022-03-30,7039.35,7100.0,7274.45,7099.0,7234.9,7251.85,7221.88,1272254,9188064285.75,114350,408808,32.13,0.0301874462841029,10.0,710.0,727.4449999999999,709.9,725.1850000000001,723.49,722.188,703.9350000000001,0.03018744628410297,False,False,False
BAJFINANCE,EQ,2022-03-31,7251.85,7287.95,7445.0,7240.65,7258.7,7259.95,7319.35,1633011,11952574532.4,129941,494870,30.3,0.001116956362859,10.0,728.795,744.5,724.0649999999999,725.995,725.87,731.9350000000001,725.1850000000001,0.0011169563628590229,False,False,False
BAJFINANCE,EQ,2022-04-01,7259.95,7229.95,7449.0,7220.3,7429.0,7408.1,7345.26,871513,6401488601.0,79258,292147,33.52,0.0204064766286269,10.0,722.995,744.9,722.03,740.8100000000001,742.9,734.5260000000001,725.995,0.020406476628626935,False,False,False
BAJFINANCE,EQ,2022-04-04,7408.1,7449.0,7590.9,7430.0,7475.6,7490.65,7503.64,1049759,7877009641.8,88004,336422,32.05,0.0111432081100415,10.0,744.9,759.0899999999999,743.0,749.0649999999999,747.5600000000001,750.364,740.8100000000001,0.011143208110041547,False,False,False
BAJFINANCE,EQ,2022-04-05,7490.65,7435.0,7479.95,7330.0,7378.0,7388.45,7396.47,1072082,7929620960.6,98646,286450,26.72,-0.0136436757824754,10.0,743.5,747.995,733.0,738.845,737.8,739.647,749.0649999999999,-0.013643675782475384,False,False,False
BAJFINANCE,EQ,2022-04-06,7388.45,7350.0,7425.0,7300.0,7342.0,7346.95,7353.0,767031,5639978020.15,67643,201815,26.31,-0.0056168749873112,10.0,735.0,742.5,730.0,734.6949999999999,734.2,735.3,738.845,-0.005616874987311449,False,False,False
BAJFINANCE,EQ,2022-04-07,7346.95,7310.0,7356.0,7270.0,7291.95,7290.2,7306.68,718266,5248138184.55,77867,243467,33.9,-0.0077242937545511,10.0,731.0,735.6,727.0,729.02,729.1949999999999,730.668,734.6949999999999,-0.0077242937545511925,False,False,False
BAJFINANCE,EQ,2022-04-08,7290.2,7328.3,7425.0,7260.0,7372.0,7366.6,7325.81,881973,6461163297.3,73934,278558,31.58,0.0104798222270994,10.0,732.83,742.5,726.0,736.6600000000001,737.2,732.581,729.02,0.010479822227099422,False,False,False
BAJFINANCE,EQ,2022-04-11,7366.6,7345.05,7384.0,7295.0,7332.0,7336.65,7338.37,597508,4384734627.1,57295,209250,35.02,-0.00406564765292,10.0,734.505,738.4,729.5,733.665,733.2,733.837,736.6600000000001,-0.004065647652920057,False,False,False
BAJFINANCE,EQ,2022-04-12,7336.65,7299.95,7299.95,7220.0,7275.0,7274.5,7266.97,805598,5854259117.0,81645,296327,36.78,-0.0084711687214191,10.0,729.995,729.995,722.0,727.45,727.5,726.697,733.665,-0.008471168721419065,False,False,False
BAJFINANCE,EQ,2022-04-13,7274.5,7313.0,7380.0,7282.05,7315.05,7328.45,7335.33,672317,4931666094.7,75665,286718,42.65,0.0074163172726646,10.0,731.3,738.0,728.205,732.845,731.505,733.533,727.45,0.007416317272664674,False,False,False
BAJFINANCE,EQ,2022-04-18,7328.45,7265.5,7375.0,7231.6,7278.0,7261.45,7280.89,758222,5520528533.25,97482,364375,48.06,-0.0091424516780492,10.0,726.55,737.5,723.1600000000001,726.145,727.8,728.089,732.845,-0.00914245167804928,False,False,False
BAJFINANCE,EQ,2022-04-19,7261.45,7300.0,7443.3,7151.0,7201.1,7259.55,7342.6,1191110,8745844878.65,102406,564592,47.4,-0.000261655729916,10.0,730.0,744.33,715.1,725.955,720.11,734.26,726.145,-0.0002616557299160993,False,False,False
BAJFINANCE,EQ,2022-04-20,7259.55,7274.95,7294.7,6960.0,7049.0,7032.5,7100.51,1558181,11063874135.15,124218,592985,38.06,-0.0312760432809195,10.0,727.495,729.47,696.0,703.25,704.9,710.051,725.955,-0.03127604328091971,False,False,False
BAJFINANCE,EQ,2022-04-21,7032.5,7099.0,7187.0,7047.3,7173.0,7138.1,7123.97,875343,6235912990.85,77573,338261,38.64,0.0150159971560612,10.0,709.9,718.7,704.73,713.8100000000001,717.3,712.397,703.25,0.015015997156061278,False,False,False
BAJFINANCE,EQ,2022-04-22,7138.1,7080.0,7207.0,7071.4,7120.0,7110.75,7136.55,807987,5766240770.45,74930,334694,41.42,-0.0038315518135078,10.0,708.0,720.7,707.14,711.075,712.0,713.655,713.8100000000001,-0.0038315518135078053,False,False,False
BAJFINANCE,EQ,2022-04-25,7110.75,7000.0,7074.95,6950.0,7052.0,7005.5,7007.71,684953,4799952570.7,73083,201966,29.49,-0.0148015328903421,10.0,700.0,707.495,695.0,700.55,705.2,700.771,711.075,-0.01480153289034225,False,False,False
BAJFINANCE,EQ,2022-04-26,7005.5,7131.0,7262.95,7097.0,7258.6,7240.55,7185.56,1012419,7274796941.1,97051,289847,28.63,0.0335522089786597,10.0,713.1,726.295,709.7,724.0550000000001,725.86,718.556,700.55,0.03355220897865974,False,False,False
BAJFINANCE,EQ,2022-04-27,7240.55,7100.0,7100.0,6688.85,6716.0,6714.1,6844.72,3984357,27271813354.0,352077,1582043,39.71,-0.072708564957082,10.0,710.0,710.0,668.885,671.4100000000001,671.6,684.472,724.0550000000001,-0.072708564957082,False,False,False
BAJFINANCE,EQ,2022-04-28,6714.1,6748.0,6805.0,6580.0,6727.75,6727.65,6695.99,2499094,16733907321.8,258313,861123,34.46,0.0020181409273021,10.0,674.8,680.5,658.0,672.765,672.775,669.5989999999999,671.4100000000001,0.0020181409273021256,False,False,False
BAJFINANCE,EQ,2022-04-29,6727.65,6800.0,6823.6,6651.0,6665.05,6671.8,6740.16,1337517,9015075412.05,123622,591694,44.24,-0.0083015614664851,10.0,680.0,682.36,665.1,667.1800000000001,666.505,674.016,672.765,-0.008301561466485197,False,False,False
BAJFINANCE,EQ,2022-05-02,6671.8,6550.0,6649.85,6525.5,6619.0,6626.15,6597.27,1238741,8172302683.75,103297,564860,45.6,-0.0068422314817591,10.0,655.0,664.985,652.55,662.615,661.9,659.7270000000001,667.1800000000001,-0.006842231481759109,False,False,False
BAJFINANCE,EQ,2022-05-04,6626.15,6629.9,6667.8,6290.0,6349.0,6339.75,6469.87,1649115,10669553095.3,173523,607889,36.86,-0.0432226858733955,10.0,662.99,666.78,629.0,633.975,634.9,646.987,662.615,-0.043222685873395505,False,False,False
BAJFINANCE,EQ,2022-05-05,6339.75,6400.0,6497.45,6290.0,6300.0,6309.45,6396.77,1486028,9505785430.6,132531,582176,39.18,-0.0047793682716196,10.0,640.0,649.745,629.0,630.9449999999999,630.0,639.677,633.975,-0.004779368271619733,False,False,False
BAJFINANCE,EQ,2022-05-06,6309.45,6201.0,6205.05,5975.0,6003.4,6000.3,6051.04,3064865,18545607218.55,312660,1648543,53.79,-0.0489979316739176,10.0,620.1,620.505,597.5,600.03,600.3399999999999,605.104,630.9449999999999,-0.04899793167391764,False,False,False
BAJFINANCE,EQ,2022-05-09,6000.3,5961.0,6135.25,5832.55,6039.0,6036.95,6002.3,1935648,11618341190.55,174076,499574,25.81,0.0061080279319367,10.0,596.1,613.525,583.255,603.6949999999999,603.9,600.23,600.03,0.006108027931936766,False,False,False
BAJFINANCE,EQ,2022-05-10,6036.95,6000.0,6113.05,5900.0,5914.95,5928.45,5986.48,1177933,7051668990.35,128770,457985,38.88,-0.0179726517529547,10.0,600.0,611.3050000000001,590.0,592.845,591.495,598.6479999999999,603.6949999999999,-0.017972651752954594,False,False,False
BAJFINANCE,EQ,2022-05-11,5928.45,5957.0,5996.6,5737.0,5822.5,5807.0,5836.68,1861339,10864031177.4,169810,667202,35.85,-0.0204859617606625,10.0,595.7,599.6600000000001,573.7,580.7,582.25,583.668,592.845,-0.02048596176066253,False,False,False
BAJFINANCE,EQ,2022-05-12,5807.0,5750.0,5764.75,5505.9,5592.2,5593.4,5593.5,2494044,13950444329.35,277359,967293,38.78,-0.0367831926984674,10.0,575.0,576.475,550.5899999999999,559.3399999999999,559.22,559.35,580.7,-0.03678319269846764,False,False,False
BAJFINANCE,EQ,2022-05-13,5593.4,5700.0,5749.0,5500.0,5521.9,5515.75,5642.07,2105315,11878334368.75,200751,786082,37.34,-0.0138824328673078,10.0,570.0,574.9,550.0,551.575,552.1899999999999,564.207,559.3399999999999,-0.013882432867307726,False,False,False
BAJFINANCE,EQ,2022-05-16,5515.75,5575.0,5711.95,5488.0,5653.0,5645.4,5620.7,1414955,7953031918.0,137512,342012,24.17,0.0235054163078456,10.0,557.5,571.1949999999999,548.8,564.54,565.3,562.0699999999999,551.575,0.02350541630784564,False,False,False
BAJFINANCE,EQ,2022-05-17,5645.4,5660.0,5849.0,5652.0,5845.0,5837.3,5767.26,1401770,8084370906.2,121470,468666,33.43,0.0339922768980056,10.0,566.0,584.9,565.2,583.73,584.5,576.726,564.54,0.03399227689800566,False,False,False
BAJFINANCE,EQ,2022-05-18,5837.3,5889.95,5956.7,5790.0,5826.9,5815.2,5869.06,1655094,9713848243.8,129827,607145,36.68,-0.003785996950645,10.0,588.995,595.67,579.0,581.52,582.6899999999999,586.9060000000001,583.73,-0.0037859969506450764,False,False,False
BAJFINANCE,EQ,2022-05-19,5815.2,5651.0,5745.0,5611.0,5725.05,5707.0,5695.41,1065025,6065750718.95,103317,267860,25.15,-0.0186064107855276,10.0,565.1,574.5,561.1,570.7,572.505,569.5409999999999,581.52,-0.018606410785527494,False,False,False
BAJFINANCE,EQ,2022-05-20,5707.0,5840.0,5841.95,5712.0,5780.15,5769.6,5772.86,1098610,6342120398.4,90935,288879,26.29,0.0109689854564569,10.0,584.0,584.1949999999999,571.2,576.96,578.015,577.286,570.7,0.01096898545645697,False,False,False
BAJFINANCE,EQ,2022-05-23,5769.6,5825.0,5906.25,5771.2,5782.0,5794.0,5839.51,968021,5652765549.05,79750,195325,20.18,0.0042290626733221,10.0,582.5,590.625,577.12,579.4,578.2,583.951,576.96,0.004229062673322126,False,False,False
BAJFINANCE,EQ,2022-05-24,5794.0,5783.0,5833.0,5725.0,5810.0,5798.8,5791.06,1084069,6277909673.85,74563,367928,33.94,0.0008284432171212,10.0,578.3,583.3,572.5,579.88,581.0,579.106,579.4,0.0008284432171212774,False,False,False
BAJFINANCE,EQ,2022-05-25,5798.8,5839.0,5877.7,5801.8,5821.45,5827.4,5837.35,867598,5064472259.45,68945,302309,34.84,0.0049320549079119,10.0,583.9,587.77,580.1800000000001,582.74,582.145,583.735,579.88,0.004932054907911931,False,False,False
BAJFINANCE,EQ,2022-05-26,5827.4,5850.0,5875.45,5653.4,5842.95,5817.8,5756.96,1259546,7251157127.6,100687,314458,24.97,-0.0016473899166007,10.0,585.0,587.545,565.3399999999999,581.78,584.295,575.696,582.74,-0.001647389916600961,False,False,False
BAJFINANCE,EQ,2022-05-27,5817.8,5900.0,6077.0,5861.05,5983.2,5993.5,6002.98,1625805,9759667437.15,134033,343026,21.1,0.0302004194025231,10.0,590.0,607.7,586.105,599.35,598.3199999999999,600.298,581.78,0.030200419402523382,False,False,False
BAJFINANCE,EQ,2022-05-30,5993.5,6088.0,6127.0,6041.1,6114.85,6111.2,6089.14,817484,4977771145.3,63288,211293,25.85,0.0196379411028613,10.0,608.8,612.7,604.11,611.12,611.485,608.914,599.35,0.019637941102861323,False,False,False
BAJFINANCE,EQ,2022-05-31,6111.2,6110.0,6169.2,6016.45,6066.0,6082.15,6104.76,1548966,9456067647.45,81073,800130,51.66,-0.0047535672208404,10.0,611.0,616.92,601.645,608.2149999999999,606.6,610.476,611.12,-0.004753567220840527,False,False,False
BAJFINANCE,EQ,2022-06-01,6082.15,6060.0,6130.0,5977.25,6015.4,6010.15,6034.85,887620,5356656857.4,77572,304404,34.29,-0.011837919156877,10.0,606.0,613.0,597.725,601.015,601.54,603.485,608.2149999999999,-0.01183791915687693,False,False,False
BAJFINANCE,EQ,2022-06-02,6010.15,6007.0,6080.0,5949.2,6077.7,6057.85,6021.94,750809,4521325916.1,64114,130782,17.42,0.0079365739623804,10.0,600.7,608.0,594.92,605.7850000000001,607.77,602.194,601.015,0.007936573962380455,False,False,False
BAJFINANCE,EQ,2022-06-03,6057.85,6125.0,6168.0,6014.0,6020.4,6028.2,6106.62,1043465,6372048240.2,70606,293699,28.15,-0.0048944757628532,10.0,612.5,616.8,601.4,602.8199999999999,602.04,610.662,605.7850000000001,-0.004894475762853401,False,False,False
BAJFINANCE,EQ,2022-06-06,6028.2,6008.2,6050.0,5911.0,6019.0,6021.0,5987.51,737657,4416730905.65,55928,198509,26.91,-0.0011943863839951,10.0,600.8199999999999,605.0,591.1,602.1,601.9,598.751,602.8199999999999,-0.0011943863839950497,False,False,False
BAJFINANCE,EQ,2022-06-07,6021.0,5980.0,5989.95,5833.65,5870.0,5878.6,5894.2,896982,5286991192.95,83899,302142,33.68,-0.0236505563859823,10.0,598.0,598.995,583.365,587.86,587.0,589.42,602.1,-0.023650556385982457,False,False,False
BAJFINANCE,EQ,2022-06-08,5878.6,5900.0,6054.0,5802.25,5940.0,5954.3,5936.84,1334146,7920615918.8,92796,269068,20.17,0.0128772156635932,10.0,590.0,605.4,580.225,595.4300000000001,594.0,593.684,587.86,0.012877215663593455,False,False,False
BAJFINANCE,EQ,2022-06-09,5954.3,5905.0,5931.6,5855.0,5902.0,5898.55,5892.14,1237674,7292549120.05,77783,573432,46.33,-0.0093629813748047,10.0,590.5,593.1600000000001,585.5,589.855,590.2,589.214,595.4300000000001,-0.009362981374804846,False,False,False
BAJFINANCE,EQ,2022-06-10,5898.55,5825.0,5835.0,5652.4,5658.0,5667.5,5701.42,2151891,12268831655.0,179356,1014659,47.15,-0.0391706436327572,10.0,582.5,583.5,565.24,566.75,565.8,570.142,589.855,-0.03917064363275724,False,False,False
BAJFINANCE,EQ,2022-06-13,5667.5,5525.05,5554.0,5325.0,5372.0,5358.25,5392.02,1932785,10421615072.65,218776,785741,40.65,-0.0545655050727834,10.0,552.505,555.4,532.5,535.825,537.2,539.202,566.75,-0.05456550507278335,False,False,False
BAJFINANCE,EQ,2022-06-14,5358.25,5347.0,5461.0,5284.2,5383.75,5375.75,5383.08,1884541,10144635851.25,155584,632395,33.56,0.0032659916950497,10.0,534.7,546.1,528.42,537.575,538.375,538.308,535.825,0.003265991695049708,False,False,False
BAJFINANCE,EQ,2022-06-15,5375.75,5418.0,5499.9,5396.15,5495.0,5484.95,5454.95,1659943,9054902774.85,112647,593034,35.73,0.0203134446356321,10.0,541.8,549.99,539.615,548.495,549.5,545.495,537.575,0.020313444635632116,False,False,False
BAJFINANCE,EQ,2022-06-16,5484.95,5565.0,5614.95,5254.85,5286.0,5283.9,5405.43,2179686,11782148589.9,183588,671304,30.8,-0.0366548464434498,10.0,556.5,561.495,525.485,528.39,528.6,540.543,548.495,-0.03665484644344985,False,False,False
BAJFINANCE,EQ,2022-06-17,5283.9,5220.0,5475.0,5220.0,5428.0,5419.55,5361.43,1937939,10390114666.65,164529,571628,29.5,0.0256723253657338,10.0,522.0,547.5,522.0,541.955,542.8,536.143,528.39,0.025672325365733828,False,False,False
BAJFINANCE,EQ,2022-06-20,5419.55,5428.0,5510.0,5352.0,5473.0,5470.45,5444.69,1119456,6095090137.25,89490,196128,17.52,0.0093919236837005,10.0,542.8,551.0,535.2,547.045,547.3,544.4689999999999,541.955,0.009391923683700565,False,False,False
BAJFINANCE,EQ,2022-06-21,5470.45,5525.0,5564.0,5455.0,5544.0,5549.15,5517.63,1002359,5530647341.45,85949,233987,23.34,0.0143863850323098,10.0,552.5,556.4,545.5,554.915,554.4,551.763,547.045,0.014386385032310045,False,False,False
BAJFINANCE,EQ,2022-06-22,5549.15,5531.5,5531.5,5405.0,5438.0,5439.6,5443.23,898346,4889904951.7,72120,232406,25.87,-0.0197417622518762,10.0,553.15,553.15,540.5,543.96,543.8,544.323,554.915,-0.019741762251876294,False,False,False
BAJFINANCE,EQ,2022-06-23,5439.6,5445.6,5495.0,5343.0,5452.0,5448.15,5436.16,1101857,5989870466.2,99181,293854,26.67,0.0015718067504961,10.0,544.5600000000001,549.5,534.3,544.8149999999999,545.2,543.616,543.96,0.0015718067504961741,False,False,False
BAJFINANCE,EQ,2022-06-24,5448.15,5510.0,5616.65,5455.0,5581.0,5587.75,5545.73,1304933,7236811635.5,100598,386635,29.63,0.0256233767425639,10.0,551.0,561.665,545.5,558.775,558.1,554.573,544.8149999999999,0.025623376742563986,False,False,False
BAJFINANCE,EQ,2022-06-27,5587.75,5700.0,5725.0,5587.75,5624.2,5641.2,5661.28,1049008,5938730079.4,91591,352190,33.57,0.0095655675361281,10.0,570.0,572.5,558.775,564.12,562.42,566.1279999999999,558.775,0.009565567536128139,False,False,False
BAJFINANCE,EQ,2022-06-28,5641.2,5607.0,5619.0,5525.0,5564.7,5576.25,5565.68,739500,4115819537.7,70589,223496,30.22,-0.0115135077643054,10.0,560.7,561.9,552.5,557.625,556.47,556.568,564.12,-0.011513507764305486,False,False,False
BAJFINANCE,EQ,2022-06-29,5576.25,5485.0,5554.0,5460.0,5508.0,5512.8,5512.8,755982,4167575849.9,71749,185307,24.51,-0.01137861466039,10.0,548.5,555.4,546.0,551.28,550.8,551.28,557.625,-0.01137861466039014,False,False,False
BAJFINANCE,EQ,2022-06-30,5512.8,5512.8,5535.2,5377.0,5392.0,5400.5,5444.18,1198275,6523623314.9,112582,402145,33.56,-0.0203707734726454,10.0,551.28,553.52,537.7,540.05,539.2,544.418,551.28,-0.020370773472645487,False,False,False
BAJFINANCE,EQ,2022-07-01,5400.5,5364.0,5633.95,5335.05,5617.95,5614.4,5497.79,1221890,6717698866.7,100742,213283,17.46,0.0396074437552078,10.0,536.4,563.395,533.505,561.4399999999999,561.795,549.779,540.05,0.03960744375520786,False,False,False
BAJFINANCE,EQ,2022-07-04,5614.4,5612.9,5648.95,5541.0,5628.0,5630.3,5602.25,789818,4424761369.25,78630,205550,26.02,0.0028320034197777,10.0,561.29,564.895,554.1,563.03,562.8,560.225,561.4399999999999,0.00283200341977774,False,False,False
BAJFINANCE,EQ,2022-07-05,5630.3,5660.0,5755.0,5626.45,5655.0,5661.1,5701.46,1228453,7003977444.7,116485,344274,28.03,0.0054704012219597,10.0,566.0,575.5,562.645,566.11,565.5,570.146,563.03,0.005470401221959742,False,False,False
BAJFINANCE,EQ,2022-07-06,5661.1,5680.0,5938.85,5645.9,5930.0,5916.7,5852.59,2222952,13010019085.75,188386,639847,28.78,0.0451502358198936,10.0,568.0,593.885,564.5899999999999,591.67,593.0,585.259,566.11,0.045150235819893636,False,False,False
BAJFINANCE,EQ,2022-07-07,5916.7,5935.0,5986.9,5816.0,5865.0,5860.7,5883.77,1335247,7856291768.9,96233,462272,34.62,-0.0094647354099413,10.0,593.5,598.6899999999999,581.6,586.0699999999999,586.5,588.3770000000001,591.67,-0.009464735409941416,False,False,False
BAJFINANCE,EQ,2022-07-08,5860.7,5928.0,5928.0,5801.0,5865.0,5873.2,5843.89,803282,4694292343.45,75309,212101,26.4,0.0021328510246216,10.0,592.8,592.8,580.1,587.3199999999999,586.5,584.389,586.0699999999999,0.0021328510246216847,False,False,False
BAJFINANCE,EQ,2022-07-11,5873.2,5850.0,5903.95,5813.8,5869.0,5861.5,5860.37,761337,4461717350.1,59218,242795,31.89,-0.0019920997071443,10.0,585.0,590.395,581.38,586.15,586.9,586.037,587.3199999999999,-0.0019920997071442015,False,False,False
BAJFINANCE,EQ,2022-07-12,5861.5,5849.8,5959.55,5784.0,5869.0,5873.55,5866.31,975446,5722266467.2,71545,164373,16.85,0.0020557877676363,10.0,584.98,595.955,578.4,587.355,586.9,586.6310000000001,586.15,0.0020557877676363745,False,False,False
BAJFINANCE,EQ,2022-07-13,5873.55,5929.95,5979.0,5866.6,5872.0,5878.9,5915.1,886934,5246300714.0,75946,224133,25.27,0.000910863106639,10.0,592.995,597.9,586.6600000000001,587.89,587.2,591.51,587.355,0.0009108631066390149,False,False,False
BAJFINANCE,EQ,2022-07-14,5878.9,5925.0,5926.95,5794.7,5835.0,5830.85,5861.05,692920,4061236532.75,58751,191368,27.62,-0.0081732977257649,10.0,592.5,592.6949999999999,579.47,583.085,583.5,586.105,587.89,-0.008173297725764916,False,False,False
BAJFINANCE,EQ,2022-07-15,5830.85,5855.0,5928.25,5812.85,5917.0,5915.2,5869.04,569859,3344523865.55,41951,134082,23.53,0.0144661584503116,10.0,585.5,592.825,581.2850000000001,591.52,591.7,586.904,583.085,0.014466158450311628,False,False,False
BAJFINANCE,EQ,2022-07-18,5915.2,5969.9,6068.1,5931.35,6047.1,6059.8,6009.67,966432,5807934293.9,84445,282653,29.25,0.0244454963483906,10.0,596.99,606.8100000000001,593.135,605.98,604.71,600.967,591.52,0.02444549634839066,False,False,False
BAJFINANCE,EQ,2022-07-19,6059.8,6040.0,6098.15,6002.05,6051.35,6065.95,6055.69,978560,5925854728.7,75479,274745,28.08,0.0010148849797022,10.0,604.0,609.8149999999999,600.205,606.595,605.135,605.569,605.98,0.0010148849797022574,False,False,False
BAJFINANCE,EQ,2022-07-20,6065.95,6149.0,6149.6,6042.05,6045.2,6074.4,6099.55,827092,5044890549.85,70265,323186,39.07,0.0013930217031132,10.0,614.9,614.96,604.205,607.4399999999999,604.52,609.955,606.595,0.001393021703113062,False,False,False
BAJFINANCE,EQ,2022-07-21,6074.4,6079.0,6283.15,6036.0,6274.0,6266.9,6176.72,1325493,8187200787.05,108352,443141,33.43,0.0316903727117081,10.0,607.9,628.3149999999999,603.6,626.6899999999999,627.4,617.672,607.4399999999999,0.03169037271170816,False,False,False
BAJFINANCE,EQ,2022-07-22,6266.9,6271.0,6325.0,6217.7,6260.1,6258.25,6262.7,953295,5970197340.1,80882,266709,27.98,-0.0013802677559877,10.0,627.1,632.5,621.77,625.825,626.01,626.27,626.6899999999999,-0.001380267755987652,False,False,False
BAJFINANCE,EQ,2022-07-25,6258.25,6240.0,6334.0,6185.0,6221.0,6227.0,6239.47,724023,4517519437.2,60527,172067,23.77,-0.0049934087005153,10.0,624.0,633.4,618.5,622.7,622.1,623.947,625.825,-0.004993408700515345,False,False,False
BAJFINANCE,EQ,2022-07-26,6227.0,6300.0,6383.7,6212.5,6260.0,6264.45,6300.23,1530406,9641917291.2,112900,282852,18.48,0.0060141320057811,10.0,630.0,638.37,621.25,626.4449999999999,626.0,630.0229999999999,622.7,0.006014132005781159,False,False,False
BAJFINANCE,EQ,2022-07-27,6264.45,6279.0,6429.4,6195.0,6408.0,6396.35,6325.29,1444989,9139980063.4,106040,385634,26.69,0.021055320099929,10.0,627.9,642.9399999999999,619.5,639.635,640.8,632.529,626.4449999999999,0.021055320099929054,False,False,False
BAJFINANCE,EQ,2022-07-28,6396.35,6522.0,7109.95,6522.0,7065.5,7076.6,6935.89,6485782,44984695550.55,610817,1759954,27.14,0.1063497150718768,10.0,652.2,710.995,652.2,707.6600000000001,706.55,693.589,639.635,0.10634971507187707,False,False,False
BAJFINANCE,EQ,2022-07-29,7076.6,7175.0,7260.0,7125.0,7206.0,7209.1,7198.13,2606762,18763810970.7,214686,722850,27.73,0.0187236808636916,10.0,717.5,726.0,712.5,720.9100000000001,720.6,719.813,707.6600000000001,0.018723680863691694,False,False,False
BAJFINANCE,EQ,2022-08-01,7209.1,7251.05,7310.0,7192.0,7252.3,7261.0,7258.29,1227077,8906483568.5,137120,414978,33.82,0.0071992343010915,10.0,725.105,731.0,719.2,726.1,725.23,725.829,720.9100000000001,0.007199234301091595,False,False,False
BAJFINANCE,EQ,2022-08-02,7261.0,7201.45,7356.0,7182.2,7322.05,7341.9,7283.29,1249124,9097729779.8,106663,313664,25.11,0.0111417160170774,10.0,720.145,735.6,718.22,734.1899999999999,732.205,728.329,726.1,0.011141716017077474,False,False,False
BAJFINANCE,EQ,2022-08-03,7341.9,7326.0,7376.4,7218.0,7302.4,7296.35,7278.6,1218621,8869850444.1,99329,487558,40.01,-0.0062041161007367,10.0,732.6,737.64,721.8,729.635,730.24,727.86,734.1899999999999,-0.0062041161007367895,False,False,False
BAJFINANCE,EQ,2022-08-04,7296.35,7338.95,7385.0,7205.0,7300.0,7316.65,7310.09,949481,6940789363.4,103074,258712,27.25,0.0027822130243202,10.0,733.895,738.5,720.5,731.665,730.0,731.009,729.635,0.002782213024320246,False,False,False
BAJFINANCE,EQ,2022-08-05,7316.65,7339.95,7367.95,7276.05,7300.0,7304.7,7327.46,758078,5554788269.2,78752,222556,29.36,-0.0016332611236016,10.0,733.995,736.795,727.605,730.47,730.0,732.746,731.665,-0.0016332611236015149,False,False,False
BAJFINANCE,EQ,2022-08-08,7304.7,7300.0,7398.0,7264.0,7346.3,7342.2,7351.87,957482,7039281613.55,84617,322798,33.71,0.0051336810546633,10.0,730.0,739.8,726.4,734.22,734.63,735.187,730.47,0.005133681054663386,False,False,False
BAJFINANCE,EQ,2022-08-10,7342.2,7369.0,7369.0,7105.0,7151.6,7149.4,7191.73,1906523,13711199421.8,140821,863887,45.31,-0.0262591593800223,10.0,736.9,736.9,710.5,714.9399999999999,715.1600000000001,719.173,734.22,-0.026259159380022434,False,False,False
BAJFINANCE,EQ,2022-08-11,7149.4,7244.0,7325.0,7217.35,7312.65,7318.95,7278.6,1027051,7475494699.7,91224,430655,41.93,0.0237152768064452,10.0,724.4,732.5,721.735,731.895,731.265,727.86,714.9399999999999,0.02371527680644525,False,False,False
BAJFINANCE,EQ,2022-08-12,7318.95,7302.0,7343.0,7272.05,7302.65,7309.4,7309.38,1036941,7579392075.85,76473,598663,57.73,-0.0013048319772644,10.0,730.2,734.3,727.205,730.9399999999999,730.265,730.938,731.895,-0.0013048319772646089,False,False,False
BAJFINANCE,EQ,2022-08-16,7309.4,7339.0,7384.0,7272.1,7286.0,7286.1,7324.76,804464,5892507973.4,58968,348204,43.28,-0.0031876761430486,10.0,733.9,738.4,727.21,728.61,728.6,732.476,730.9399999999999,-0.003187676143048601,False,False,False
BAJFINANCE,EQ,2022-08-17,7286.1,7300.0,7638.0,7296.0,7510.0,7527.1,7525.35,2344414,17642539391.55,163683,758886,32.37,0.0330766802541826,10.0,730.0,763.8,729.6,752.71,751.0,752.5350000000001,728.61,0.033076680254182644,False,False,False
BAJFINANCE,EQ,2022-08-18,7527.1,7490.0,7588.8,7452.4,7501.0,7488.25,7498.05,835354,6263525000.25,76399,245093,29.34,-0.0051613503208407,10.0,749.0,758.88,745.24,748.825,750.1,749.8050000000001,752.71,-0.005161350320840641,False,False,False
BAJFINANCE,EQ,2022-08-19,7488.25,7510.0,7538.7,7271.0,7298.0,7301.7,7365.35,1100427,8105030849.85,102547,346594,31.5,-0.0249123627015658,10.0,751.0,753.87,727.1,730.17,729.8,736.5350000000001,748.825,-0.024912362701565938,False,False,False
BAJFINANCE,EQ,2022-08-22,7301.7,7261.0,7279.8,7088.85,7103.0,7102.2,7160.58,1060862,7596386660.45,107087,440896,41.56,-0.0273224043715847,10.0,726.1,727.98,708.885,710.22,710.3,716.058,730.17,-0.02732240437158462,False,False,False
BAJFINANCE,EQ,2022-08-23,7102.2,7085.0,7250.0,7050.0,7230.6,7207.7,7188.03,1088603,7824910215.6,96560,305003,28.02,0.0148545521106135,10.0,708.5,725.0,705.0,720.77,723.0600000000001,718.803,710.22,0.014854552110613595,False,False,False
BAJFINANCE,EQ,2022-08-24,7207.7,7165.0,7236.4,7140.0,7175.0,7176.9,7176.92,953096,6840290755.15,72834,447388,46.94,-0.0042732078194154,10.0,716.5,723.64,714.0,717.6899999999999,717.5,717.692,720.77,-0.0042732078194154255,False,False,False
BAJFINANCE,EQ,2022-08-25,7176.9,7212.8,7239.0,7025.1,7045.0,7047.15,7141.02,1354296,9671060204.95,86554,663093,48.96,-0.0180788362663545,10.0,721.28,723.9,702.51,704.7149999999999,704.5,714.1020000000001,717.6899999999999,-0.018078836266354537,False,False,False
BAJFINANCE,EQ,2022-08-26,7047.15,7120.0,7141.5,7025.7,7074.0,7062.1,7081.91,759139,5376151360.2,67581,278957,36.75,0.0021214249732162,10.0,712.0,714.15,702.5699999999999,706.21,707.4,708.191,704.7149999999999,0.0021214249732162127,False,False,False
BAJFINANCE,EQ,2022-08-29,7062.1,6881.0,7015.5,6861.35,6992.0,6964.35,6954.32,996735,6931615574.2,112404,412553,41.39,-0.0138414919075062,10.0,688.1,701.55,686.135,696.4350000000001,699.2,695.432,706.21,-0.013841491907506276,False,False,False
BAJFINANCE,EQ,2022-08-30,6964.35,7000.0,7335.0,7000.0,7312.0,7306.25,7229.67,1731381,12517309179.65,133235,921161,53.2,0.0490928801682855,10.0,700.0,733.5,700.0,730.625,731.2,722.967,696.4350000000001,0.0490928801682855,False,False,False
BAJFINANCE,EQ,2022-09-01,7306.25,7228.6,7333.85,7142.0,7189.85,7181.3,7233.38,1462579,10579395614.9,139227,527233,36.05,-0.0171017964071855,10.0,722.86,733.385,714.2,718.13,718.985,723.338,730.625,-0.017101796407185677,False,False,False
BAJFINANCE,EQ,2022-09-02,7181.3,7217.1,7313.0,7173.45,7188.0,7190.35,7231.96,906370,6554832992.35,74251,180595,19.93,0.0012602175093645,10.0,721.71,731.3,717.345,719.0350000000001,718.8,723.196,718.13,0.0012602175093647805,False,False,False
BAJFINANCE,EQ,2022-09-05,7190.35,7190.7,7254.0,7158.0,7188.0,7196.2,7202.03,707025,5092018457.3,54088,272168,38.49,0.000813590437183,10.0,719.0699999999999,725.4,715.8,719.62,718.8,720.203,719.0350000000001,0.0008135904371830982,False,False,False
BAJFINANCE,EQ,2022-09-06,7196.2,7228.75,7255.0,7105.0,7118.0,7119.35,7153.77,791905,5665109441.25,65485,294976,37.25,-0.0106792473805619,10.0,722.875,725.5,710.5,711.9350000000001,711.8,715.3770000000001,719.62,-0.010679247380561918,False,False,False
BAJFINANCE,EQ,2022-09-07,7119.35,7078.0,7207.95,7070.0,7172.0,7166.5,7147.43,791994,5660724461.35,65522,254979,32.19,0.0066227956203865,10.0,707.8,720.795,707.0,716.65,717.2,714.743,711.9350000000001,0.00662279562038659,False,False,False
BAJFINANCE,EQ,2022-09-08,7166.5,7220.0,7279.45,7175.0,7264.0,7257.65,7226.34,772251,5580550173.5,66843,316143,40.94,0.0127189004395451,10.0,722.0,727.9449999999999,717.5,725.765,726.4,722.634,716.65,0.012718900439545155,False,False,False
BAJFINANCE,EQ,2022-09-09,7257.65,7300.0,7324.0,7165.0,7185.0,7180.9,7232.37,649607,4698200768.35,56589,235193,36.21,-0.0105750483972084,10.0,730.0,732.4,716.5,718.0899999999999,718.5,723.237,725.765,-0.010575048397208575,False,False,False
BAJFINANCE,EQ,2022-09-12,7180.9,7216.85,7319.9,7187.85,7285.0,7286.9,7279.89,834716,6076643019.2,76611,390362,46.77,0.0147613808854043,10.0,721.6850000000001,731.99,718.7850000000001,728.6899999999999,728.5,727.989,718.0899999999999,0.014761380885404352,False,False,False
BAJFINANCE,EQ,2022-09-13,7286.9,7330.0,7444.0,7312.4,7390.1,7403.45,7389.57,1382700,10217554144.7,103121,441809,31.95,0.0159944558042515,10.0,733.0,744.4,731.24,740.345,739.01,738.957,728.6899999999999,0.015994455804251517,False,False,False
BAJFINANCE,EQ,2022-09-14,7403.45,7272.15,7560.0,7272.15,7473.0,7483.45,7447.82,1493388,11122479804.55,114898,607479,40.68,0.0108057729842168,10.0,727.2149999999999,756.0,727.2149999999999,748.345,747.3,744.7819999999999,740.345,0.01080577298421681,False,False,False
BAJFINANCE,EQ,2022-09-15,7483.45,7489.95,7532.85,7369.7,7382.0,7386.3,7428.39,717420,5329274222.0,65481,305077,42.52,-0.0129819802363883,10.0,748.995,753.2850000000001,736.97,738.63,738.2,742.839,748.345,-0.012981980236388302,False,False,False
BAJFINANCE,EQ,2022-09-16,7386.3,7385.0,7480.15,7194.35,7289.0,7274.1,7334.86,1187036,8706737673.5,93084,424149,35.73,-0.015190284716299,10.0,738.5,748.015,719.4350000000001,727.4100000000001,728.9,733.486,738.63,-0.015190284716299018,False,False,False
BAJFINANCE,EQ,2022-09-19,7274.1,7275.0,7524.45,7190.95,7502.5,7496.1,7443.2,1648117,12267272451.2,130269,658214,39.94,0.0305192394935456,10.0,727.5,752.4449999999999,719.095,749.61,750.25,744.3199999999999,727.4100000000001,0.030519239493545403,False,False,False
BAJFINANCE,EQ,2022-09-20,7496.1,7569.95,7715.0,7565.0,7625.9,7635.4,7655.02,1613450,12350986033.85,167711,505757,31.35,0.0185829964915087,10.0,756.995,771.5,756.5,763.54,762.5899999999999,765.5020000000001,749.61,0.01858299649150874,False,False,False
BAJFINANCE,EQ,2022-09-21,7635.4,7640.0,7735.0,7586.05,7695.0,7690.65,7661.5,1239262,9494601792.45,136781,404919,32.67,0.0072360321659636,10.0,764.0,773.5,758.605,769.0649999999999,769.5,766.15,763.54,0.007236032165963691,False,False,False
BAJFINANCE,EQ,2022-09-22,7690.65,7670.0,7778.0,7600.0,7727.1,7719.55,7693.92,1281039,9856214874.0,143089,395416,30.87,0.0037578098080137,10.0,767.0,777.8,760.0,771.955,772.71,769.392,769.0649999999999,0.003757809808013768,False,False,False
BAJFINANCE,EQ,2022-09-23,7719.55,7714.8,7731.5,7475.0,7510.0,7507.15,7561.35,1412331,10679136020.4,124486,568263,40.24,-0.0275145571956915,10.0,771.48,773.15,747.5,750.7149999999999,751.0,756.135,771.955,-0.027514557195691625,False,False,False
BAJFINANCE,EQ,2022-09-26,7507.15,7437.0,7460.0,7129.0,7260.0,7259.5,7318.1,1875205,13722934568.0,158816,772323,41.19,-0.0329885509147944,10.0,743.7,746.0,712.9,725.95,726.0,731.8100000000001,750.7149999999999,-0.03298855091479436,False,False,False
BAJFINANCE,EQ,2022-09-27,7259.5,7325.0,7379.95,7210.05,7260.25,7242.85,7283.88,1142829,8324229507.5,101204,254865,22.3,-0.0022935463874922,10.0,732.5,737.995,721.005,724.2850000000001,726.025,728.388,725.95,-0.00229354638749224,False,False,False
BAJFINANCE,EQ,2022-09-28,7242.85,7179.0,7297.5,7160.1,7165.35,7202.5,7233.44,869069,6286359303.3,83904,222555,25.61,-0.0055710114112539,10.0,717.9,729.75,716.01,720.25,716.5350000000001,723.3439999999999,724.2850000000001,-0.005571011411253934,False,False,False
BAJFINANCE,EQ,2022-09-29,7202.5,7312.5,7316.9,7088.05,7115.0,7104.75,7179.11,969632,6961090693.45,92294,358497,36.97,-0.0135716765012148,10.0,731.25,731.6899999999999,708.8050000000001,710.475,711.5,717.911,720.25,-0.013571676501214824,False,False,False
BAJFINANCE,EQ,2022-09-30,7104.75,7081.0,7362.0,7026.8,7340.1,7335.75,7223.04,1618665,11691688135.95,133436,518311,32.02,0.0325134593053941,10.0,708.1,736.2,702.6800000000001,733.575,734.01,722.304,710.475,0.0325134593053944,False,False,False
BAJFINANCE,EQ,2022-10-03,7335.75,7337.0,7398.0,7144.6,7162.0,7171.8,7273.95,820198,5966078150.15,80769,189566,23.11,-0.0223494530211634,10.0,733.7,739.8,714.46,717.1800000000001,716.2,727.395,733.575,-0.022349453021163423,False,False,False
BAJFINANCE,EQ,2022-10-04,7171.8,7335.0,7505.0,7306.35,7480.0,7488.7,7416.97,1191495,8837283517.1,119646,363703,30.52,0.044186954460526,10.0,733.5,750.5,730.635,748.87,748.0,741.697,717.1800000000001,0.044186954460525785,False,False,False
BAJFINANCE,EQ,2022-10-06,7488.7,7550.0,7599.0,7346.9,7405.0,7404.15,7412.05,1510060,11192637244.8,138158,561253,37.17,-0.0112903441184718,10.0,755.0,759.9,734.6899999999999,740.415,740.5,741.205,748.87,-0.011290344118471851,False,False,False
BAJFINANCE,EQ,2022-10-07,7404.15,7385.45,7407.75,7272.25,7344.0,7345.15,7341.49,991196,7276854732.85,119517,369481,37.28,-0.0079685041496998,10.0,738.545,740.775,727.225,734.515,734.4,734.149,740.415,-0.007968504149699851,False,False,False
BAJFINANCE,EQ,2022-10-10,7345.15,7265.0,7338.0,7221.0,7295.0,7293.4,7278.22,653113,4753501691.95,63773,139108,21.3,-0.0070454653751114,10.0,726.5,733.8,722.1,729.3399999999999,729.5,727.822,734.515,-0.007045465375111526,False,False,False
BAJFINANCE,EQ,2022-10-11,7293.4,7307.0,7352.5,7172.6,7180.95,7202.8,7277.27,732206,5328458637.1,74513,239519,32.71,-0.0124221899251377,10.0,730.7,735.25,717.26,720.28,718.095,727.7270000000001,729.3399999999999,-0.012422189925137772,False,False,False
BAJFINANCE,EQ,2022-10-12,7202.8,7205.0,7258.5,7145.0,7226.0,7226.2,7207.12,740731,5338538013.25,68913,221445,29.9,0.0032487366024323,10.0,720.5,725.85,714.5,722.62,722.6,720.712,720.28,0.0032487366024325226,False,False,False
BAJFINANCE,EQ,2022-10-13,7226.2,7220.5,7226.0,7114.7,7150.5,7151.65,7158.77,608655,4357221205.35,61668,157860,25.94,-0.010316625612355,10.0,722.05,722.6,711.47,715.165,715.05,715.8770000000001,722.62,-0.010316625612355135,False,False,False
BAJFINANCE,EQ,2022-10-14,7151.65,7300.0,7345.0,7221.0,7275.9,7272.5,7273.99,839012,6102968038.25,76438,267321,31.86,0.0168981983178706,10.0,730.0,734.5,722.1,727.25,727.5899999999999,727.399,715.165,0.01689819831787065,False,False,False
BAJFINANCE,EQ,2022-10-17,7272.5,7254.95,7372.3,7217.0,7363.95,7355.2,7317.92,617401,4518093821.5,55690,207964,33.68,0.0113716053626675,10.0,725.495,737.23,721.7,735.52,736.395,731.792,727.25,0.01137160536266757,False,False,False
BAJFINANCE,EQ,2022-10-18,7355.2,7400.0,7430.0,7321.0,7389.0,7390.4,7379.1,906975,6692662348.7,66359,377916,41.67,0.0047857298237981,10.0,740.0,743.0,732.1,739.04,738.9,737.9100000000001,735.52,0.004785729823798102,False,False,False
BAJFINANCE,EQ,2022-10-19,7390.4,7417.0,7440.0,7350.0,7394.0,7380.4,7385.47,627177,4631995645.0,56314,241006,38.43,-0.0013531067330591,10.0,741.7,744.0,735.0,738.04,739.4,738.547,739.04,-0.0013531067330591062,False,False,False
BAJFINANCE,EQ,2022-10-20,7380.4,7369.95,7449.0,7261.0,7404.0,7432.4,7362.85,1026054,7554680622.3,96088,326984,31.87,0.0070456885805647,10.0,736.995,744.9,726.1,743.24,740.4,736.2850000000001,738.04,0.007045688580564757,False,False,False
BAJFINANCE,EQ,2022-10-21,7432.4,7490.0,7490.0,7153.05,7180.0,7192.75,7286.42,2386960,17392404724.8,189423,853234,35.75,-0.0322439588827295,10.0,749.0,749.0,715.3050000000001,719.275,718.0,728.642,743.24,-0.032243958882729684,False,False,False
BAJFINANCE,EQ,2022-10-24,7192.75,7310.0,7310.0,7190.0,7217.6,7206.5,7227.5,227884,1647032024.1,25612,82701,36.29,0.0019116471446942,10.0,731.0,731.0,719.0,720.65,721.76,722.75,719.275,0.0019116471446942729,False,False,False
BAJFINANCE,EQ,2022-10-25,7206.5,7242.55,7242.55,7090.0,7095.0,7102.9,7134.76,909899,6491913718.75,94104,356276,39.16,-0.0143759106362312,10.0,724.255,724.255,709.0,710.29,709.5,713.476,720.65,-0.014375910636231226,False,False,False
BAJFINANCE,EQ,2022-10-27,7102.9,7186.0,7210.0,6931.0,6985.0,6971.1,7008.89,1641458,11504795343.25,184244,797530,48.59,-0.0185558011516422,10.0,718.6,721.0,693.1,697.11,698.5,700.889,710.29,-0.018555801151642237,False,False,False
BAJFINANCE,EQ,2022-10-28,6971.1,7000.0,7090.0,6980.0,7004.0,7006.85,7025.16,839669,5898809042.85,90152,293114,34.91,0.005128315473885,10.0,700.0,709.0,698.0,700.6850000000001,700.4,702.516,697.11,0.005128315473885037,False,False,False
BAJFINANCE,EQ,2022-10-31,7006.85,7094.0,7149.6,7046.0,7146.0,7144.1,7112.33,818986,5824901861.9,71684,367760,44.9,0.0195879746248313,10.0,709.4,714.96,704.6,714.4100000000001,714.6,711.233,700.6850000000001,0.019587974624831528,False,False,False
BAJFINANCE,EQ,2022-11-01,7144.1,7196.95,7236.0,7160.0,7205.0,7209.5,7198.27,762742,5490426320.55,69213,332827,43.64,0.0091544071331588,10.0,719.6949999999999,723.6,716.0,720.95,720.5,719.827,714.4100000000001,0.009154407133158848,False,False,False
BAJFINANCE,EQ,2022-11-02,7209.5,7207.0,7240.0,7140.05,7150.0,7156.2,7177.31,585914,4205285798.7,49634,223067,38.07,-0.007393023094528,10.0,720.7,724.0,714.005,715.62,715.0,717.731,720.95,-0.007393023094528162,False,False,False
BAJFINANCE,EQ,2022-11-03,7156.2,7105.0,7195.0,7092.1,7121.5,7121.6,7136.19,632313,4512308715.05,55304,250866,39.67,-0.0048349682792542,10.0,710.5,719.5,709.21,712.1600000000001,712.15,713.6189999999999,715.62,-0.004834968279254226,False,False,False
BAJFINANCE,EQ,2022-11-04,7121.6,7121.6,7224.9,7121.6,7212.0,7212.0,7184.36,921925,6623443070.95,71236,411105,44.59,0.0126937766793977,10.0,712.1600000000001,722.49,712.1600000000001,721.2,721.2,718.4359999999999,712.1600000000001,0.01269377667939775,False,False,False
BAJFINANCE,EQ,2022-11-07,7212.0,7248.1,7250.65,7111.0,7188.0,7190.05,7176.63,722494,5185070268.25,62995,261293,36.17,-0.0030435385468663,10.0,724.8100000000001,725.0649999999999,711.1,719.005,718.8,717.663,721.2,-0.0030435385468664533,False,False,False
BAJFINANCE,EQ,2022-11-09,7190.05,7235.0,7235.0,7114.65,7138.5,7144.0,7159.12,689634,4937169420.15,61294,320646,46.5,-0.0064046842511527,10.0,723.5,723.5,711.4649999999999,714.4,713.85,715.912,719.005,-0.006404684251152704,False,False,False
BAJFINANCE,EQ,2022-11-10,7144.0,7158.0,7165.0,6964.55,6989.75,6975.1,7023.29,1008182,7080757525.35,86719,573758,56.91,-0.0236422172452407,10.0,715.8,716.5,696.455,697.51,698.975,702.329,714.4,-0.023642217245240738,False,False,False
BAJFINANCE,EQ,2022-11-11,6975.1,7149.0,7157.85,6995.0,7050.0,7051.45,7083.05,1233342,8735818502.15,96719,615019,49.87,0.0109460796260985,10.0,714.9,715.7850000000001,699.5,705.145,705.0,708.3050000000001,697.51,0.010946079626098504,False,False,False
BAJFINANCE,EQ,2022-11-14,7051.45,7054.9,7107.0,7001.05,7027.0,7025.8,7035.26,855060,6015567359.5,59853,431076,50.41,-0.0036375497238155,10.0,705.49,710.7,700.105,702.58,702.7,703.5260000000001,705.145,-0.0036375497238155807,False,False,False
BAJFINANCE,EQ,2022-11-15,7025.8,7035.15,7062.4,6981.0,7029.0,7025.75,7015.91,719521,5048091994.6,49071,429024,59.63,-7.116627288028532e-06,10.0,703.515,706.24,698.1,702.575,702.9,701.591,702.58,-7.116627288028532e-06,False,False,False
BAJFINANCE,EQ,2022-11-16,7025.75,7011.0,7034.85,6852.6,6875.0,6895.05,6929.2,1336204,9258827401.8,127141,565632,42.33,-0.0186029961214104,10.0,701.1,703.485,685.26,689.505,687.5,692.92,702.575,-0.018602996121410587,False,False,False
BAJFINANCE,EQ,2022-11-17,6895.05,6870.0,6950.0,6832.0,6890.0,6895.05,6906.81,733944,5069214889.05,75732,227267,30.97,0.0,10.0,687.0,695.0,683.2,689.505,689.0,690.681,689.505,0.0,False,False,False
BAJFINANCE,EQ,2022-11-18,6895.05,6909.9,6928.0,6750.0,6785.0,6791.5,6815.91,1327689,9049414101.65,117481,593393,44.69,-0.0150180201738928,10.0,690.99,692.8,675.0,679.15,678.5,681.591,689.505,-0.015018020173892865,False,False,False
BAJFINANCE,EQ,2022-11-21,6791.5,6747.0,6747.0,6610.35,6673.0,6679.1,6673.17,1071748,7151959118.8,113633,324705,30.3,-0.016550099388942,10.0,674.7,674.7,661.0350000000001,667.9100000000001,667.3,667.317,679.15,-0.01655009938894192,False,False,False
BAJFINANCE,EQ,2022-11-22,6679.1,6680.25,6727.75,6660.3,6696.0,6685.05,6696.29,958769,6420198903.6,91350,501618,52.32,0.0008908385860371,10.0,668.025,672.775,666.03,668.505,669.6,669.629,667.9100000000001,0.0008908385860368906,False,False,False
BAJFINANCE,EQ,2022-11-23,6685.05,6718.5,6805.0,6690.0,6775.0,6780.05,6764.98,893667,6045639035.75,82032,387179,43.32,0.0142108136812739,10.0,671.85,680.5,669.0,678.005,677.5,676.4979999999999,668.505,0.01421081368127397,False,False,False
BAJFINANCE,EQ,2022-11-24,6780.05,6813.95,6839.85,6737.3,6784.0,6771.35,6783.34,754611,5118783058.4,69545,255937,33.92,-0.0012831763777553,10.0,681.395,683.985,673.73,677.135,678.4,678.3340000000001,678.005,-0.001283176377755324,False,False,False
BAJFINANCE,EQ,2022-11-25,6771.35,6770.0,6778.0,6675.0,6735.0,6747.5,6725.68,859058,5777749897.4,73917,323178,37.62,-0.0035221927680596,10.0,677.0,677.8,667.5,674.75,673.5,672.568,677.135,-0.00352219276805954,False,False,False
BAJFINANCE,EQ,2022-11-28,6747.5,6729.0,6832.8,6728.55,6775.0,6777.45,6790.44,604054,4101790655.45,57204,224387,37.15,0.0044386809929604,10.0,672.9,683.28,672.855,677.745,677.5,679.044,674.75,0.004438680992960409,False,False,False
BAJFINANCE,EQ,2022-11-29,6777.45,6775.0,6808.9,6721.0,6729.2,6734.15,6759.86,681860,4609276840.2,75473,372862,54.68,-0.0063888335583441,10.0,677.5,680.89,672.1,673.415,672.92,675.986,677.745,-0.006388833558344298,False,False,False
BAJFINANCE,EQ,2022-11-30,6734.15,6735.0,6754.2,6678.0,6747.0,6720.95,6717.52,1482831,9960953558.45,91512,926775,62.5,-0.0019601582976321,10.0,673.5,675.42,667.8,672.095,674.7,671.7520000000001,673.415,-0.0019601582976320753,False,False,False
BAJFINANCE,EQ,2022-12-01,6720.95,6754.6,6770.0,6707.0,6748.0,6747.75,6741.47,981616,6617539453.45,78473,549531,55.98,0.0039875315245612,10.0,675.46,677.0,670.7,674.775,674.8,674.147,672.095,0.003987531524561216,False,False,False
BAJFINANCE,EQ,2022-12-02,6747.75,6730.2,6741.95,6647.0,6672.0,6675.75,6677.14,1438602,9605748801.1,124812,896441,62.31,-0.0106702234078025,10.0,673.02,674.1949999999999,664.7,667.575,667.2,667.714,674.775,-0.010670223407802548,False,False,False
BAJFINANCE,EQ,2022-12-05,6675.75,6674.55,6699.0,6632.0,6661.0,6660.45,6664.69,1029250,6859631163.55,125387,675021,65.58,-0.0022918773171554,10.0,667.455,669.9,663.2,666.045,666.1,666.4689999999999,667.575,-0.002291877317155522,False,False,False
BAJFINANCE,EQ,2022-12-06,6660.45,6674.4,6735.0,6632.0,6692.0,6698.55,6696.79,840980,5631864353.75,96565,390602,46.45,0.0057203342116525,10.0,667.4399999999999,673.5,663.2,669.855,669.2,669.679,666.045,0.005720334211652522,False,False,False
BAJFINANCE,EQ,2022-12-07,6698.55,6724.95,6724.95,6601.0,6626.2,6625.2,6643.2,961027,6384298331.55,131763,461596,48.03,-0.0109501309984997,10.0,672.495,672.495,660.1,662.52,662.62,664.3199999999999,669.855,-0.01095013099849973,False,False,False
BAJFINANCE,EQ,2022-12-08,6625.2,6680.0,6680.0,6560.0,6584.0,6581.95,6594.05,1137784,7502600463.0,119652,645530,56.74,-0.0065281048119302,10.0,668.0,668.0,656.0,658.1949999999999,658.4,659.405,662.52,-0.006528104811930224,False,False,False
BAJFINANCE,EQ,2022-12-09,6581.95,6602.5,6618.0,6490.0,6515.0,6517.45,6543.77,1131292,7402909659.7,126258,586369,51.83,-0.0097995274956509,10.0,660.25,661.8,649.0,651.745,651.5,654.3770000000001,658.1949999999999,-0.009799527495650828,False,False,False
BAJFINANCE,EQ,2022-12-12,6517.45,6508.1,6539.0,6392.0,6504.5,6506.5,6474.24,1100048,7121978161.75,97958,498792,45.34,-0.0016801049490214,10.0,650.8100000000001,653.9,639.2,650.65,650.45,647.424,651.745,-0.001680104949021488,False,False,False
BAJFINANCE,EQ,2022-12-13,6506.5,6507.0,6648.0,6507.0,6640.0,6620.1,6597.16,958636,6324278746.15,82711,284823,29.71,0.0174594636133098,10.0,650.7,664.8,650.7,662.01,664.0,659.716,650.65,0.017459463613309856,False,False,False
BAJFINANCE,EQ,2022-12-14,6620.1,6658.0,6688.55,6626.6,6642.0,6655.2,6658.17,678283,4516123562.85,53483,240870,35.51,0.0053020347124665,10.0,665.8,668.855,662.6600000000001,665.52,664.2,665.817,662.01,0.005302034712466597,False,False,False
BAJFINANCE,EQ,2022-12-15,6655.2,6632.0,6714.0,6604.0,6610.0,6625.4,6663.51,857706,5715328963.7,75641,332990,38.82,-0.0044777016468325,10.0,663.2,671.4,660.4,662.54,661.0,666.351,665.52,-0.004477701646832588,False,False,False
BAJFINANCE,EQ,2022-12-16,6625.4,6590.0,6695.3,6560.0,6603.75,6596.9,6618.59,880233,5825897547.25,71007,271980,30.9,-0.004301627071573,10.0,659.0,669.53,656.0,659.6899999999999,660.375,661.859,662.54,-0.004301627071573111,False,False,False
BAJFINANCE,EQ,2022-12-19,6596.9,6600.1,6705.0,6597.0,6692.0,6687.0,6669.64,659559,4399024004.9,59942,210091,31.85,0.0136579302399613,10.0,660.01,670.5,659.7,668.7,669.2,666.964,659.6899999999999,0.013657930239961313,False,False,False
BAJFINANCE,EQ,2022-12-20,6687.0,6660.0,6698.85,6585.0,6641.0,6642.85,6634.4,607716,4031833348.05,66716,221550,36.46,-0.0066023627934798,10.0,666.0,669.885,658.5,664.2850000000001,664.1,663.4399999999999,668.7,-0.00660236279347981,False,False,False
BAJFINANCE,EQ,2022-12-21,6642.85,6693.9,6693.9,6505.0,6528.3,6526.7,6586.41,622390,4099317815.35,62384,185289,29.77,-0.0174849650375968,10.0,669.39,669.39,650.5,652.67,652.83,658.641,664.2850000000001,-0.017484965037597,False,False,False
BAJFINANCE,EQ,2022-12-22,6526.7,6570.0,6575.0,6407.0,6480.0,6490.65,6481.06,849706,5506999424.0,87741,299038,35.19,-0.0055234651508419,10.0,657.0,657.5,640.7,649.0649999999999,648.0,648.106,652.67,-0.0055234651508419,False,False,False
BAJFINANCE,EQ,2022-12-23,6490.65,6450.0,6466.0,6340.05,6369.95,6374.6,6384.02,994303,6347649039.65,111829,441842,44.44,-0.0178795652207405,10.0,645.0,646.6,634.005,637.46,636.995,638.402,649.0649999999999,-0.017879565220740412,False,False,False
BAJFINANCE,EQ,2022-12-26,6374.6,6374.65,6469.9,6300.0,6422.0,6433.7,6410.31,530535,3400891885.9,59844,152535,28.75,0.0092711699557619,10.0,637.4649999999999,646.99,630.0,643.37,642.2,641.0310000000001,637.46,0.009271169955761938,False,False,False
BAJFINANCE,EQ,2022-12-27,6433.7,6466.0,6530.0,6430.0,6505.0,6504.7,6481.84,781035,5062540584.9,75243,360133,46.11,0.0110356404557252,10.0,646.6,653.0,643.0,650.47,650.5,648.184,643.37,0.011035640455725249,False,False,False
BAJFINANCE,EQ,2022-12-28,6504.7,6475.0,6570.0,6464.05,6469.0,6476.1,6514.78,755934,4924741661.8,80800,367401,48.6,-0.0043968207603731,10.0,647.5,657.0,646.405,647.61,646.9,651.478,650.47,-0.004396820760373288,False,False,False
BAJFINANCE,EQ,2022-12-29,6476.1,6440.0,6520.5,6402.4,6511.0,6510.9,6452.85,521880,3367615029.45,49070,146306,28.03,0.0053736044841801,10.0,644.0,652.05,640.24,651.0899999999999,651.1,645.2850000000001,647.61,0.005373604484180117,False,False,False
BAJFINANCE,EQ,2022-12-30,6510.9,6550.0,6719.9,6515.0,6577.0,6575.2,6634.9,1520266,10086810491.5,126767,561595,36.94,0.0098757468245558,10.0,655.0,671.99,651.5,657.52,657.7,663.49,651.0899999999999,0.009875746824555831,False,False,False
BAJFINANCE,EQ,2023-01-02,6575.2,6565.0,6610.0,6484.75,6560.0,6553.75,6545.62,579340,3792140039.5,60052,105116,18.14,-0.0032622581822605,10.0,656.5,661.0,648.475,655.375,656.0,654.562,657.52,-0.003262258182260558,False,False,False
BAJFINANCE,EQ,2023-01-03,6553.75,6565.0,6660.0,6530.0,6602.05,6606.25,6611.29,742081,4906113865.25,75142,175089,23.59,0.0080106809078772,10.0,656.5,666.0,653.0,660.625,660.205,661.129,655.375,0.008010680907877266,False,False,False
BAJFINANCE,EQ,2023-01-04,6606.25,6595.0,6638.0,6550.0,6562.0,6571.0,6587.5,671253,4421875810.25,69213,217994,32.48,-0.0053358561967833,10.0,659.5,663.8,655.0,657.1,656.2,658.75,660.625,-0.0053358561967833396,False,False,False
BAJFINANCE,EQ,2023-01-05,6571.0,6490.0,6490.0,6025.05,6096.0,6100.05,6136.53,5102300,31310412193.9,578552,1909084,37.42,-0.0716709785420788,10.0,649.0,649.0,602.505,610.005,609.6,613.653,657.1,-0.07167097854207882,False,False,False
BAJFINANCE,EQ,2023-01-06,6100.05,6130.0,6139.95,5941.6,5984.0,5980.4,6017.36,2931922,17642442150.3,267972,1053817,35.94,-0.0196145933230056,10.0,613.0,613.995,594.1600000000001,598.04,598.4,601.736,610.005,-0.019614593323005636,False,False,False
BAJFINANCE,EQ,2023-01-09,5980.4,6020.0,6078.0,5955.0,5982.9,5993.35,6017.96,1400548,8428442383.75,155286,584720,41.75,0.0021654069961876,10.0,602.0,607.8,595.5,599.335,598.29,601.796,598.04,0.0021654069961876132,False,False,False
BAJFINANCE,EQ,2023-01-10,5993.35,5999.0,6015.0,5875.0,5902.0,5904.15,5921.99,1120375,6634851436.7,121981,463499,41.37,-0.0148831621714067,10.0,599.9,601.5,587.5,590.415,590.2,592.199,599.335,-0.014883162171406727,False,False,False
BAJFINANCE,EQ,2023-01-11,5904.15,5930.0,5949.0,5865.55,5907.0,5895.75,5900.04,1108891,6542496274.4,105235,517989,46.71,-0.0014227280810954,10.0,593.0,594.9,586.5550000000001,589.575,590.7,590.004,590.415,-0.0014227280810953369,False,False,False
BAJFINANCE,EQ,2023-01-12,5895.75,5906.55,5964.9,5857.0,5901.0,5898.4,5897.29,1476949,8709989579.65,147040,775580,52.51,0.0004494763176863,10.0,590.655,596.49,585.7,589.8399999999999,590.1,589.729,589.575,0.0004494763176863259,False,False,False
BAJFINANCE,EQ,2023-01-13,5898.4,5920.0,5985.0,5872.0,5977.0,5977.8,5932.89,1108490,6576552470.6,93132,556339,50.19,0.0134612776346128,10.0,592.0,598.5,587.2,597.78,597.7,593.289,589.8399999999999,0.0134612776346128,False,False,False
BAJFINANCE,EQ,2023-01-16,5977.8,6000.0,6072.2,5974.55,6010.0,6010.9,6025.7,908339,5473373946.45,87381,283140,31.17,0.0055371541369733,10.0,600.0,607.22,597.455,601.0899999999999,601.0,602.5699999999999,597.78,0.00553715413697331,False,False,False
BAJFINANCE,EQ,2023-01-17,6010.9,6019.95,6019.95,5940.0,5985.0,5984.95,5971.13,817005,4878444987.8,97505,371742,45.5,-0.0043171571644844,10.0,601.995,601.995,594.0,598.495,598.5,597.113,601.0899999999999,-0.004317157164484331,False,False,False
BAJFINANCE,EQ,2023-01-18,5984.95,6003.95,6049.0,5985.0,5994.0,5998.65,6011.73,796281,4787023464.1,81458,382803,48.07,0.0022890750967008,10.0,600.395,604.9,598.5,599.865,599.4,601.173,598.495,0.0022890750967008433,False,False,False
BAJFINANCE,EQ,2023-01-19,5998.65,5983.0,6029.65,5960.65,6005.5,6012.45,6002.98,548142,3290483150.35,66663,191744,34.98,0.0023005176164636,10.0,598.3,602.9649999999999,596.0649999999999,601.245,600.55,600.298,599.865,0.00230051761646366,False,False,False
BAJFINANCE,EQ,2023-01-20,6012.45,6012.5,6019.75,5837.2,5846.0,5860.4,5916.0,833090,4928558798.0,96164,390050,46.82,-0.0252891915941089,10.0,601.25,601.975,583.72,586.04,584.6,591.6,601.245,-0.025289191594108917,False,False,False
BAJFINANCE,EQ,2023-01-23,5860.4,5881.0,5935.0,5841.0,5864.95,5863.0,5886.8,856064,5039478100.95,71999,476370,55.65,0.0004436557231588,10.0,588.1,593.5,584.1,586.3,586.495,588.6800000000001,586.04,0.0004436557231588534,False,False,False
BAJFINANCE,EQ,2023-01-24,5863.0,5892.35,5921.0,5842.65,5858.0,5855.05,5871.81,608145,3570909278.5,77552,256895,42.24,-0.0013559611120586,10.0,589.235,592.1,584.265,585.505,585.8,587.181,586.3,-0.0013559611120586013,False,False,False
BAJFINANCE,EQ,2023-01-25,5855.05,5850.05,5855.05,5777.0,5803.0,5795.9,5810.24,827837,4809934249.3,74984,411050,49.65,-0.0101023902443191,10.0,585.005,585.505,577.7,579.5899999999999,580.3,581.024,585.505,-0.010102390244319137,False,False,False
BAJFINANCE,EQ,2023-01-27,5795.9,5815.0,5861.55,5680.0,5770.05,5760.7,5765.37,1621352,9347695519.85,150263,861617,53.14,-0.006073258682862,10.0,581.5,586.155,568.0,576.0699999999999,577.005,576.537,579.5899999999999,-0.006073258682862015,False,False,False
BAJFINANCE,EQ,2023-01-30,5760.7,5770.05,6066.2,5770.05,6023.0,6021.8,5987.09,2448160,14657351662.8,244652,922903,37.7,0.0453243529432187,10.0,577.005,606.62,577.005,602.1800000000001,602.3,598.7090000000001,576.0699999999999,0.045324352943219015,False,False,False
BAJFINANCE,EQ,2023-01-31,6021.8,6050.0,6050.0,5874.0,5884.0,5886.4,5906.65,1996788,11794332742.4,161636,1269568,63.58,-0.0224849712710486,10.0,605.0,605.0,587.4,588.64,588.4,590.665,602.1800000000001,-0.022484971271048648,False,False,False
BAJFINANCE,EQ,2023-02-01,5886.4,5944.0,5980.4,5708.9,5835.0,5817.2,5884.86,2634866,15505814594.55,146285,1117463,42.41,-0.0117559119325904,10.0,594.4,598.04,570.89,581.72,583.5,588.486,588.64,-0.01175591193259029,False,False,False
BAJFINANCE,EQ,2023-02-02,5817.2,5819.0,5819.0,5645.0,5711.6,5717.65,5694.81,2025044,11532249964.2,142325,888121,43.86,-0.0171130440761878,10.0,581.9,581.9,564.5,571.765,571.1600000000001,569.481,581.72,-0.017113044076187967,False,False,False
BAJFINANCE,EQ,2023-02-03,5717.65,5770.0,6030.0,5747.05,6000.0,6014.25,5901.96,1486892,8775571812.2,136120,684457,46.03,0.0518744589123154,10.0,577.0,603.0,574.705,601.425,600.0,590.196,571.765,0.051874458912315236,False,False,False
BAJFINANCE,EQ,2023-02-06,6014.25,6000.0,6124.0,5955.6,6108.0,6104.2,6050.64,1073820,6497302469.5,113526,385557,35.91,0.0149561458203433,10.0,600.0,612.4,595.5600000000001,610.42,610.8,605.0640000000001,601.425,0.014956145820343325,False,False,False
BAJFINANCE,EQ,2023-02-07,6104.2,6122.95,6182.0,6100.0,6154.0,6160.55,6151.91,1472193,9056805146.1,105102,826932,56.17,0.0092313489073097,10.0,612.295,618.2,610.0,616.0550000000001,615.4,615.191,610.42,0.009231348907309922,False,False,False
BAJFINANCE,EQ,2023-02-08,6160.55,6165.0,6377.0,6162.8,6335.2,6351.65,6287.28,1903208,11966009906.25,155955,990336,52.04,0.0310199576336527,10.0,616.5,637.7,616.28,635.165,633.52,628.728,616.0550000000001,0.03101995763365273,False,False,False
BAJFINANCE,EQ,2023-02-09,6351.65,6374.9,6487.8,6335.25,6462.0,6455.0,6439.66,1838154,11837088257.65,136086,935521,50.89,0.0162713625593349,10.0,637.49,648.78,633.525,645.5,646.2,643.966,635.165,0.016271362559334923,False,False,False
BAJFINANCE,EQ,2023-02-10,6455.0,6453.95,6527.6,6420.0,6441.0,6435.5,6473.96,1291282,8359706208.95,111203,630400,48.82,-0.0030209140201393,10.0,645.395,652.76,642.0,643.55,644.1,647.396,645.5,-0.003020914020139487,False,False,False
BAJFINANCE,EQ,2023-02-13,6435.5,6434.95,6473.15,6297.05,6344.0,6345.5,6358.19,736557,4683171141.2,82444,284853,38.67,-0.0139849273560718,10.0,643.495,647.3149999999999,629.705,634.55,634.4,635.819,643.55,-0.013984927356071819,False,False,False
BAJFINANCE,EQ,2023-02-14,6345.5,6353.8,6472.35,6310.0,6454.0,6458.7,6424.42,1034090,6643423949.05,98288,498120,48.17,0.017839413757781,10.0,635.38,647.235,631.0,645.87,645.4,642.442,634.55,0.017839413757781086,False,False,False
BAJFINANCE,EQ,2023-02-15,6458.7,6450.0,6496.0,6397.3,6482.05,6489.95,6465.93,618979,4002273800.55,52821,277637,44.85,0.0048384349791754,10.0,645.0,649.6,639.73,648.995,648.205,646.5930000000001,645.87,0.0048384349791754655,False,False,False
BAJFINANCE,EQ,2023-02-16,6489.95,6505.0,6524.75,6420.0,6420.0,6437.3,6460.13,529048,3417716934.05,54078,216101,40.85,-0.0081125432399324,10.0,650.5,652.475,642.0,643.73,642.0,646.013,648.995,-0.00811254323993249,False,False,False
BAJFINANCE,EQ,2023-02-17,6437.3,6410.0,6475.8,6367.5,6430.4,6416.7,6417.76,616044,3953623105.1,57530,225489,36.6,-0.0032000994205645,10.0,641.0,647.58,636.75,641.67,643.04,641.7760000000001,643.73,-0.0032000994205646505,False,False,False
BAJFINANCE,EQ,2023-02-20,6416.7,6425.0,6443.55,6343.0,6356.0,6367.4,6393.44,465732,2977631019.75,47814,137066,29.43,-0.0076830769710287,10.0,642.5,644.355,634.3,636.74,635.6,639.3439999999999,641.67,-0.007683076971028657,False,False,False
BAJFINANCE,EQ,2023-02-21,6367.4,6395.0,6408.25,6352.0,6380.0,6379.25,6379.32,448509,2861180772.0,40797,185142,41.28,0.0018610421836229,10.0,639.5,640.825,635.2,637.925,638.0,637.932,636.74,0.0018610421836227076,False,False,False
BAJFINANCE,EQ,2023-02-22,6379.25,6331.0,6360.0,6185.0,6192.0,6198.65,6229.7,934700,5822898451.6,81671,420555,44.99,-0.0283105380726574,10.0,633.1,636.0,618.5,619.865,619.2,622.97,637.925,-0.028310538072657376,False,False,False
BAJFINANCE,EQ,2023-02-23,6198.65,6214.0,6262.45,6122.65,6205.0,6202.35,6202.81,809768,5022833089.2,76223,292473,36.12,0.0005969041646165,10.0,621.4,626.245,612.265,620.235,620.5,620.2810000000001,619.865,0.0005969041646165518,False,False,False
BAJFINANCE,EQ,2023-02-24,6202.35,6253.75,6286.0,6200.0,6225.0,6236.25,6240.22,607761,3792563151.75,53401,216866,35.68,0.0054656702701394,10.0,625.375,628.6,620.0,623.625,622.5,624.022,620.235,0.005465670270139444,False,False,False
BAJFINANCE,EQ,2023-02-27,6236.25,6215.0,6241.0,6135.0,6208.0,6194.5,6176.69,595004,3675152772.45,65486,256170,43.05,-0.0066947284024854,10.0,621.5,624.1,613.5,619.45,620.8,617.669,623.625,-0.006694728402485417,False,False,False
BAJFINANCE,EQ,2023-02-28,6194.5,6220.0,6246.6,6090.0,6112.0,6112.1,6142.23,977852,6006188968.45,77828,520605,53.24,-0.013302122850916,10.0,622.0,624.6600000000001,609.0,611.21,611.2,614.223,619.45,-0.013302122850916143,False,False,False
BAJFINANCE,EQ,2023-03-01,6112.1,6100.1,6203.95,6100.1,6156.0,6154.85,6170.1,544804,3361495570.35,65368,215308,39.52,0.0069943227368662,10.0,610.01,620.395,610.01,615.485,615.6,617.01,611.21,0.0069943227368662875,False,False,False
BAJFINANCE,EQ,2023-03-02,6154.85,6165.2,6209.6,6070.05,6080.0,6083.0,6107.78,582298,3556547870.9,58424,239214,41.08,-0.0116737207243069,10.0,616.52,620.96,607.005,608.3,608.0,610.778,615.485,-0.011673720724306946,False,False,False
BAJFINANCE,EQ,2023-03-03,6083.0,6121.8,6141.0,6073.0,6094.0,6100.05,6105.36,712037,4347241488.45,87122,314788,44.21,0.0028028933092223,10.0,612.1800000000001,614.1,607.3,610.005,609.4,610.536,608.3,0.002802893309222565,False,False,False
BAJFINANCE,EQ,2023-03-06,6100.05,6140.0,6183.0,6120.05,6137.5,6134.85,6142.21,608477,3737391482.1,57120,252807,41.55,0.005704871271547,10.0,614.0,618.3,612.005,613.485,613.75,614.221,610.005,0.005704871271547063,False,False,False
BAJFINANCE,EQ,2023-03-08,6134.85,6129.0,6129.0,5985.0,6000.0,5996.85,6022.6,1342795,8087119496.95,145738,726016,54.07,-0.0224944375168096,10.0,612.9,612.9,598.5,599.6850000000001,600.0,602.26,613.485,-0.022494437516809573,False,False,False
BAJFINANCE,EQ,2023-03-09,5996.85,6000.0,6040.0,5890.1,5900.95,5901.3,5956.63,940858,5604342929.8,97119,421694,44.82,-0.0159333650166337,10.0,600.0,604.0,589.01,590.13,590.095,595.663,599.6850000000001,-0.015933365016633783,False,False,False
BAJFINANCE,EQ,2023-03-10,5901.3,5865.0,5887.4,5781.0,5869.0,5874.15,5844.2,770861,4505067169.25,100000,305855,39.68,-0.0046006812058361,10.0,586.5,588.74,578.1,587.415,586.9,584.42,590.13,-0.00460068120583601,False,False,False
BAJFINANCE,EQ,2023-03-13,5874.15,5869.0,5947.5,5811.0,5854.25,5833.55,5878.14,793356,4663456041.05,81035,322603,40.66,-0.0069116382795807,10.0,586.9,594.75,581.1,583.355,585.425,587.8140000000001,587.415,-0.006911638279580745,False,False,False
BAJFINANCE,EQ,2023-03-14,5833.55,5840.0,5850.0,5716.15,5739.0,5731.55,5753.38,1372565,7896891823.3,126854,734389,53.5,-0.0174850648404487,10.0,584.0,585.0,571.615,573.155,573.9,575.338,583.355,-0.017485064840448872,False,False,False
BAJFINANCE,EQ,2023-03-15,5731.55,5800.0,5820.0,5701.0,5718.0,5718.75,5771.1,679473,3921308801.6,69009,236256,34.77,-0.0022332527850232,10.0,580.0,582.0,570.1,571.875,571.8,577.11,573.155,-0.0022332527850231765,False,False,False
BAJFINANCE,EQ,2023-03-16,5718.75,5729.7,5755.0,5665.0,5728.5,5715.1,5712.36,884963,5055228725.4,94905,379574,42.89,-0.0006382513661201,10.0,572.97,575.5,566.5,571.51,572.85,571.236,571.875,-0.0006382513661202793,False,False,False
BAJFINANCE,EQ,2023-03-17,5715.1,5740.05,5816.75,5688.1,5745.0,5732.35,5742.52,1047151,6013284962.0,115134,417367,39.86,0.0030183198894158,10.0,574.005,581.675,568.8100000000001,573.235,574.5,574.2520000000001,571.51,0.0030183198894158103,False,False,False
BAJFINANCE,EQ,2023-03-20,5732.35,5739.0,5740.45,5485.7,5562.0,5550.8,5571.69,1712756,9542953618.55,171816,886615,51.77,-0.031671129641421,10.0,573.9,574.045,548.5699999999999,555.08,556.2,557.169,573.235,-0.03167112964142105,False,False,False
BAJFINANCE,EQ,2023-03-21,5550.8,5601.8,5715.0,5586.15,5711.0,5710.1,5670.84,1130114,6408692013.9,95715,396242,35.06,0.0286985659724725,10.0,560.1800000000001,571.5,558.615,571.01,571.1,567.0840000000001,555.08,0.028698565972472334,False,False,False
BAJFINANCE,EQ,2023-03-22,5710.1,5749.8,5857.0,5735.0,5827.0,5834.2,5821.33,1242534,7233195724.8,108315,454118,36.55,0.0217334197299521,10.0,574.98,585.7,573.5,583.42,582.7,582.133,571.01,0.02173341972995213,False,False,False
BAJFINANCE,EQ,2023-03-23,5834.2,5809.5,5900.0,5772.5,5830.0,5833.05,5848.18,1054419,6166434257.3,118553,440906,41.82,-0.0001971135716978,10.0,580.95,590.0,577.25,583.3050000000001,583.0,584.818,583.42,-0.0001971135716977157,False,False,False
BAJFINANCE,EQ,2023-03-24,5833.05,5803.9,5829.75,5627.2,5645.0,5649.25,5710.06,1278042,7297694601.55,102742,511552,40.03,-0.031510101919236,10.0,580.39,582.975,562.72,564.925,564.5,571.0060000000001,583.3050000000001,-0.03151010191923631,False,False,False
BAJFINANCE,EQ,2023-03-27,5649.25,5698.0,5725.0,5584.55,5596.4,5593.05,5631.42,1118743,6300112522.1,98226,549893,49.15,-0.009948223215471,10.0,569.8,572.5,558.455,559.3050000000001,559.64,563.142,564.925,-0.009948223215470842,False,False,False
BAJFINANCE,EQ,2023-03-28,5593.05,5621.05,5624.4,5522.7,5544.0,5534.45,5566.12,948136,5277443103.25,102272,458644,48.37,-0.0104772887780371,10.0,562.105,562.4399999999999,552.27,553.4449999999999,554.4,556.612,559.3050000000001,-0.01047728877803722,False,False,False
BAJFINANCE,EQ,2023-03-29,5534.45,5562.15,5646.0,5555.0,5642.0,5625.2,5606.84,1109612,6221422408.85,118237,512372,46.18,0.0163972933173124,10.0,556.2149999999999,564.6,555.5,562.52,564.2,560.684,553.4449999999999,0.016397293317312656,False,False,False
BAJFINANCE,EQ,2023-03-31,5625.2,5694.0,5694.0,5586.2,5615.0,5616.75,5619.46,1267828,7124505922.5,120094,723876,57.1,-0.0015021688117755,10.0,569.4,569.4,558.62,561.675,561.5,561.946,562.52,-0.0015021688117756726,False,False,False
BAJFINANCE,EQ,2023-04-03,5616.75,5655.0,5734.0,5632.2,5714.0,5715.05,5674.13,745386,4229414141.1,63630,320554,43.01,0.0175012240174479,10.0,565.5,573.4,563.22,571.505,571.4,567.413,561.675,0.017501224017447914,False,False,False
BAJFINANCE,EQ,2023-04-05,5715.05,5832.0,5947.05,5743.15,5759.9,5761.3,5840.53,2433329,14211933054.6,219855,764908,31.43,0.0080926676057078,10.0,583.2,594.705,574.3149999999999,576.13,575.99,584.053,571.505,0.008092667605707815,False,False,False
BAJFINANCE,EQ,2023-04-06,5761.3,5761.0,5959.0,5705.55,5951.0,5932.2,5876.93,1740502,10228803407.8,183579,564077,32.41,0.0296634440143717,10.0,576.1,595.9,570.5550000000001,593.22,595.1,587.693,576.13,0.02966344401437171,False,False,False
BAJFINANCE,EQ,2023-04-10,5932.2,5944.95,5969.9,5811.0,5830.0,5828.8,5852.86,928257,5432955738.3,102592,320993,34.58,-0.0174302956744546,10.0,594.495,596.99,581.1,582.88,583.0,585.286,593.22,-0.017430295674454754,False,False,False
BAJFINANCE,EQ,2023-04-11,5828.8,5858.0,5880.0,5811.15,5839.9,5837.75,5839.86,811620,4739747408.05,93795,320567,39.5,0.0015354790008235,10.0,585.8,588.0,581.115,583.775,583.99,583.986,582.88,0.0015354790008235142,False,False,False
BAJFINANCE,EQ,2023-04-12,5837.75,5837.0,5876.75,5786.0,5875.0,5856.95,5828.34,1023069,5962795490.35,125985,512236,50.07,0.0032889383752301,10.0,583.7,587.675,578.6,585.6949999999999,587.5,582.8340000000001,583.775,0.0032889383752301438,False,False,False
BAJFINANCE,EQ,2023-04-13,5856.95,5856.95,5937.0,5850.4,5901.5,5904.45,5893.17,833006,4909044887.55,81309,342054,41.06,0.008110023134908,10.0,585.6949999999999,593.7,585.04,590.4449999999999,590.15,589.317,585.6949999999999,0.008110023134908051,False,False,False
BAJFINANCE,EQ,2023-04-17,5904.45,5998.0,5998.0,5900.0,5967.0,5961.45,5933.21,672857,3992203410.3,63729,289565,43.04,0.0096537357416863,10.0,599.8,599.8,590.0,596.145,596.7,593.321,590.4449999999999,0.009653735741686376,False,False,False
BAJFINANCE,EQ,2023-04-18,5961.45,5975.0,5994.0,5870.25,5915.0,5915.65,5928.35,640889,3799411692.15,54178,158451,24.72,-0.0076826946464366,10.0,597.5,599.4,587.025,591.5649999999999,591.5,592.835,596.145,-0.007682694646436783,False,False,False
BAJFINANCE,EQ,2023-04-19,5915.65,5915.65,5960.0,5880.0,5940.0,5947.75,5927.79,554928,3289497635.05,65600,246781,44.47,0.0054262845164945,10.0,591.5649999999999,596.0,588.0,594.775,594.0,592.779,591.5649999999999,0.005426284516494517,False,False,False
BAJFINANCE,EQ,2023-04-20,5947.75,5960.0,5965.95,5886.15,5908.8,5912.7,5916.81,436731,2584052393.55,43839,175210,40.12,-0.0058929847421294,10.0,596.0,596.595,588.615,591.27,590.88,591.681,594.775,-0.0058929847421294035,False,False,False
BAJFINANCE,EQ,2023-04-21,5912.7,5913.0,5945.0,5828.0,5938.0,5937.9,5905.11,643101,3797579302.35,55012,227419,35.36,0.0042620122786543,10.0,591.3,594.5,582.8,593.79,593.8,590.511,591.27,0.0042620122786543035,False,False,False
BAJFINANCE,EQ,2023-04-24,5937.9,5940.0,5964.7,5877.0,5929.0,5933.75,5916.03,544892,3223597117.4,51205,190025,34.87,-0.0006989002846123,10.0,594.0,596.47,587.7,593.375,592.9,591.603,593.79,-0.0006989002846123915,False,False,False
BAJFINANCE,EQ,2023-04-25,5933.75,5959.9,6092.7,5928.7,6075.0,6075.25,6051.67,1494475,9044064437.9,127808,431425,28.87,0.0238466399831471,10.0,595.99,609.27,592.87,607.525,607.5,605.167,593.375,0.023846639983147178,False,False,False
BAJFINANCE,EQ,2023-04-26,6075.25,6100.0,6119.8,6013.3,6057.0,6055.95,6056.6,974007,5899169970.9,80157,389063,39.94,-0.0031768239990124,10.0,610.0,611.98,601.33,605.595,605.7,605.6600000000001,607.525,-0.0031768239990123126,False,False,False
BAJFINANCE,EQ,2023-04-27,6055.95,6075.0,6254.45,6066.0,6200.0,6200.05,6193.58,2827136,17510091279.65,222661,957182,33.86,0.0237947803399962,10.0,607.5,625.4449999999999,606.6,620.005,620.0,619.358,605.595,0.023794780339996047,False,False,False
BAJFINANCE,EQ,2023-04-28,6200.05,6243.9,6296.0,6111.0,6263.05,6280.1,6210.93,1489668,9252220385.3,130353,637570,42.8,0.0129111862001112,10.0,624.39,629.6,611.1,628.01,626.3050000000001,621.0930000000001,620.005,0.012911186200111224,False,False,False
BAJFINANCE,EQ,2023-05-02,6280.1,6330.0,6334.65,6224.8,6238.05,6249.15,6272.76,991254,6217902963.25,88230,371753,37.5,-0.0049282654734797,10.0,633.0,633.4649999999999,622.48,624.915,623.8050000000001,627.2760000000001,628.01,-0.004928265473479798,False,False,False
BAJFINANCE,EQ,2023-05-03,6249.15,6238.05,6255.0,6155.95,6175.0,6180.25,6184.43,668251,4132751157.85,65535,247356,37.02,-0.0110254994679276,10.0,623.8050000000001,625.5,615.595,618.025,617.5,618.443,624.915,-0.011025499467927635,False,False,False
BAJFINANCE,EQ,2023-05-04,6180.25,6197.0,6399.0,6182.15,6379.0,6390.25,6319.37,1245141,7868505348.85,97400,498526,40.04,0.0339792079608429,10.0,619.7,639.9,618.2149999999999,639.025,637.9,631.937,618.025,0.03397920796084297,False,False,False
BAJFINANCE,EQ,2023-05-05,6390.25,6379.95,6448.0,6331.65,6390.0,6389.85,6399.71,1160040,7423924552.35,86126,377029,32.5,-6.259536011887779e-05,10.0,637.995,644.8,633.165,638.985,639.0,639.971,639.025,-6.259536011887779e-05,False,False,False
BAJFINANCE,EQ,2023-05-08,6389.85,6394.45,6695.1,6388.0,6651.0,6657.95,6614.84,2224735,14716264149.5,211071,902981,40.59,0.0419571664436566,10.0,639.4449999999999,669.51,638.8,665.795,665.1,661.484,638.985,0.04195716644365666,False,False,False
BAJFINANCE,EQ,2023-05-09,6657.95,6650.0,6739.85,6542.0,6558.15,6552.25,6627.92,2130770,14122569759.5,151095,648840,30.45,-0.0158757575530005,10.0,665.0,673.985,654.2,655.225,655.8149999999999,662.792,665.795,-0.015875757553000414,False,False,False
BAJFINANCE,EQ,2023-05-10,6552.25,6590.95,6665.0,6525.0,6625.0,6631.5,6602.82,835321,5515474042.65,77649,146324,17.52,0.0120950818421152,10.0,659.095,666.5,652.5,663.15,662.5,660.2819999999999,655.225,0.012095081842115274,False,False,False
BAJFINANCE,EQ,2023-05-11,6631.5,6659.0,6680.0,6625.0,6667.0,6663.45,6661.66,567494,3780454566.35,59969,196800,34.68,0.0048179144989821,10.0,665.9,668.0,662.5,666.345,666.7,666.1659999999999,663.15,0.004817914498982168,False,False,False
BAJFINANCE,EQ,2023-05-12,6663.45,6650.0,6733.65,6604.7,6701.0,6714.4,6699.71,912078,6110656641.35,92690,331225,36.32,0.0076461892863306,10.0,665.0,673.365,660.47,671.4399999999999,670.1,669.971,666.345,0.007646189286330429,False,False,False
BAJFINANCE,EQ,2023-05-15,6714.4,6714.4,6750.0,6685.8,6700.0,6712.3,6722.28,739076,4968278420.15,71781,285286,38.6,-0.0003127606338614,10.0,671.4399999999999,675.0,668.58,671.23,670.0,672.228,671.4399999999999,-0.0003127606338614308,False,False,False
BAJFINANCE,EQ,2023-05-16,6712.3,6720.0,6849.0,6700.0,6778.0,6784.6,6798.7,1265133,8601257499.2,118462,345072,27.28,0.0107712706523843,10.0,672.0,684.9,670.0,678.46,677.8,679.87,671.23,0.010771270652384368,False,False,False
BAJFINANCE,EQ,2023-05-17,6784.6,6785.0,6810.45,6662.0,6719.0,6705.05,6721.92,740785,4979496481.85,70839,319079,43.07,-0.0117250832768328,10.0,678.5,681.045,666.2,670.505,671.9,672.192,678.46,-0.01172508327683286,False,False,False
BAJFINANCE,EQ,2023-05-18,6705.05,6759.8,6830.65,6745.15,6790.0,6789.4,6799.03,1106718,7524605256.15,104882,494984,44.73,0.0125800702455611,10.0,675.98,683.0649999999999,674.515,678.9399999999999,679.0,679.903,670.505,0.012580070245561181,False,False,False
BAJFINANCE,EQ,2023-05-19,6789.4,6800.0,6820.0,6712.0,6780.2,6784.2,6774.65,592834,4016243483.85,63383,190015,32.05,-0.0007658997849588,10.0,680.0,682.0,671.2,678.42,678.02,677.4649999999999,678.9399999999999,-0.00076589978495889,False,False,False
BAJFINANCE,EQ,2023-05-22,6784.2,6784.2,6818.0,6761.9,6797.0,6793.05,6788.68,419792,2849832482.8,44242,133775,31.87,0.0013045016361545,10.0,678.42,681.8,676.1899999999999,679.3050000000001,679.7,678.868,678.42,0.001304501636154809,False,False,False
BAJFINANCE,EQ,2023-05-23,6793.05,6810.05,6873.95,6757.1,6770.1,6780.55,6829.46,790196,5396615666.45,82417,292121,36.97,-0.0018401160009127,10.0,681.005,687.395,675.71,678.0550000000001,677.01,682.946,679.3050000000001,-0.001840116000912717,False,False,False
BAJFINANCE,EQ,2023-05-24,6780.55,6769.0,6848.55,6729.75,6793.5,6785.95,6803.33,553936,3768611623.85,62497,249910,45.12,0.0007963955726304,10.0,676.9,684.855,672.975,678.595,679.35,680.333,678.0550000000001,0.0007963955726304484,False,False,False
BAJFINANCE,EQ,2023-05-25,6785.95,6778.0,6848.0,6746.1,6835.0,6841.15,6793.48,530260,3602308057.65,44634,232758,43.9,0.0081344542768513,10.0,677.8,684.8,674.61,684.115,683.5,679.348,678.595,0.008134454276851333,False,False,False
BAJFINANCE,EQ,2023-05-26,6841.15,6846.6,6920.0,6841.2,6891.2,6904.5,6895.43,694073,4785932555.9,81220,289998,41.78,0.0092601390117159,10.0,684.6600000000001,692.0,684.12,690.45,689.12,689.543,684.115,0.009260139011715962,False,False,False
BAJFINANCE,EQ,2023-05-29,6904.5,6940.2,6971.9,6901.8,6931.05,6932.05,6939.91,640728,4446592832.7,56332,278863,43.52,0.0039901513505684,10.0,694.02,697.1899999999999,690.1800000000001,693.205,693.105,693.991,690.45,0.0039901513505684605,False,False,False
BAJFINANCE,EQ,2023-05-30,6932.05,6948.0,7018.75,6930.05,6998.0,7005.8,6976.62,881923,6152838800.1,73572,416873,47.27,0.0106389884666151,10.0,694.8,701.875,693.005,700.58,699.8,697.662,693.205,0.010638988466615151,False,False,False
BAJFINANCE,EQ,2023-05-31,7005.8,7004.9,7026.0,6927.3,6975.1,6989.85,6985.08,2147627,15001337513.75,83551,1569906,73.1,-0.0022766850324017,10.0,700.49,702.6,692.73,698.985,697.51,698.508,700.58,-0.0022766850324017485,False,False,False
BAJFINANCE,EQ,2023-06-01,6989.85,7024.0,7057.3,6951.1,7036.0,7040.5,7018.78,590026,4141264175.6,62328,271545,46.02,0.0072462213066089,10.0,702.4,705.73,695.11,704.05,703.6,701.8779999999999,698.985,0.00724622130660868,False,False,False
BAJFINANCE,EQ,2023-06-02,7040.5,7075.75,7100.0,7005.0,7024.5,7023.9,7043.24,664209,4678185601.45,66630,287045,43.22,-0.0023577870889852,10.0,707.575,710.0,700.5,702.39,702.45,704.324,704.05,-0.0023577870889851527,False,False,False
BAJFINANCE,EQ,2023-06-05,7023.9,7070.0,7091.6,7013.05,7043.05,7043.2,7043.38,577162,4065168904.9,48797,241075,41.77,0.0027477612152793,10.0,707.0,709.1600000000001,701.3050000000001,704.3199999999999,704.3050000000001,704.338,702.39,0.0027477612152790876,False,False,False
BAJFINANCE,EQ,2023-06-06,7043.2,7025.0,7132.0,7025.0,7122.95,7113.95,7087.34,690586,4894416888.55,68541,275018,39.82,0.0100451499318492,10.0,702.5,713.2,702.5,711.395,712.295,708.734,704.3199999999999,0.01004514993184924,False,False,False
BAJFINANCE,EQ,2023-06-07,7113.95,7120.0,7141.0,7062.0,7084.95,7079.95,7089.78,534483,3789368329.5,58110,262143,49.05,-0.004779341997062,10.0,712.0,714.1,706.2,707.995,708.495,708.978,711.395,-0.004779341997062092,False,False,False
BAJFINANCE,EQ,2023-06-08,7079.95,7080.0,7111.0,6995.15,7012.75,7010.1,7033.76,455360,3202892036.25,48153,226913,49.83,-0.009865888883396,10.0,708.0,711.1,699.515,701.01,701.275,703.376,707.995,-0.009865888883396123,False,False,False
BAJFINANCE,EQ,2023-06-09,7010.1,7012.75,7082.5,7012.05,7030.0,7037.15,7045.86,447361,3152043740.75,51400,161449,36.09,0.0038587181352618,10.0,701.275,708.25,701.205,703.7149999999999,703.0,704.586,701.01,0.0038587181352618405,False,False,False
BAJFINANCE,EQ,2023-06-12,7037.15,7050.15,7110.0,7041.6,7107.9,7097.7,7092.44,513255,3640231649.8,50861,237969,46.36,0.0086043355619818,10.0,705.015,711.0,704.1600000000001,709.77,710.79,709.2439999999999,703.7149999999999,0.008604335561981813,False,False,False
BAJFINANCE,EQ,2023-06-13,7097.7,7100.0,7200.0,7100.0,7164.0,7166.75,7162.07,800134,5730616878.6,84640,390532,48.81,0.0097285035997576,10.0,710.0,720.0,710.0,716.675,716.4,716.207,709.77,0.009728503599757632,False,False,False
BAJFINANCE,EQ,2023-06-14,7166.75,7182.0,7182.0,7082.05,7094.0,7096.85,7109.98,401520,2854799253.45,48638,153404,38.21,-0.0097533749607562,10.0,718.2,718.2,708.205,709.6850000000001,709.4,710.9979999999999,716.675,-0.009753374960756123,False,False,False
BAJFINANCE,EQ,2023-06-15,7096.85,7095.0,7141.7,7056.0,7123.0,7126.6,7105.32,437018,3105154890.8,44338,187291,42.86,0.0041920006763565,10.0,709.5,714.17,705.6,712.6600000000001,712.3,710.5319999999999,709.6850000000001,0.0041920006763565,False,False,False
BAJFINANCE,EQ,2023-06-16,7126.6,7170.0,7218.6,7131.0,7200.0,7203.2,7188.8,1414858,10171133864.15,91368,792490,56.01,0.0107484635029326,10.0,717.0,721.86,713.1,720.3199999999999,720.0,718.88,712.6600000000001,0.01074846350293246,False,False,False
BAJFINANCE,EQ,2023-06-19,7203.2,7211.95,7398.85,7202.25,7368.0,7386.2,7323.26,1184590,8675066270.8,99108,453290,38.27,0.0254053753887162,10.0,721.1949999999999,739.885,720.225,738.62,736.8,732.326,720.3199999999999,0.025405375388716234,False,False,False
BAJFINANCE,EQ,2023-06-20,7386.2,7376.15,7376.15,7201.0,7253.0,7248.8,7246.46,863826,6259676317.9,89567,381056,44.11,-0.0186022582654138,10.0,737.615,737.615,720.1,724.88,725.3,724.646,738.62,-0.01860225826541384,False,False,False
BAJFINANCE,EQ,2023-06-21,7248.8,7275.0,7285.9,7177.0,7204.85,7206.15,7220.6,546804,3948252631.7,59186,283722,51.89,-0.0058837324798588,10.0,727.5,728.5899999999999,717.7,720.615,720.485,722.0600000000001,724.88,-0.005883732479858739,False,False,False
BAJFINANCE,EQ,2023-06-22,7206.15,7200.1,7204.15,7020.0,7038.0,7030.0,7084.72,827194,5860439769.65,84760,413647,50.01,-0.024444398187659,10.0,720.01,720.415,702.0,703.0,703.8,708.472,720.615,-0.0244443981876592,False,False,False
BAJFINANCE,EQ,2023-06-23,7030.0,7020.95,7055.0,6956.1,6989.0,6989.65,6999.78,815226,5706405110.75,73572,401498,49.25,-0.0057396870554765,10.0,702.095,705.5,695.61,698.9649999999999,698.9,699.978,703.0,-0.005739687055476672,False,False,False
BAJFINANCE,EQ,2023-06-26,6989.65,6990.0,7035.0,6945.0,7006.0,6998.7,6987.71,563539,3937846276.0,55130,232874,41.32,0.001294771555085,10.0,699.0,703.5,694.5,699.87,700.6,698.771,698.9649999999999,0.0012947715550850614,False,False,False
BAJFINANCE,EQ,2023-06-27,6998.7,7030.0,7030.0,6954.0,7028.0,7019.25,6990.5,709789,4961777307.9,68150,347789,49.0,0.0029362595910669,10.0,703.0,703.0,695.4,701.925,702.8,699.05,699.87,0.0029362595910669143,False,False,False
BAJFINANCE,EQ,2023-06-28,7019.25,7054.35,7125.0,7040.0,7100.0,7090.2,7094.99,709782,5035896363.45,75929,302771,42.66,0.0101079175125546,10.0,705.4350000000001,712.5,704.0,709.02,710.0,709.499,701.925,0.01010791751255491,False,False,False
BAJFINANCE,EQ,2023-06-30,7090.2,7100.0,7195.0,7091.2,7164.3,7160.6,7141.33,887908,6340848024.7,86860,448492,50.51,0.00992919804801,10.0,710.0,719.5,709.12,716.0600000000001,716.4300000000001,714.133,709.02,0.009929198048010068,False,False,False
BAJFINANCE,EQ,2023-07-03,7160.6,7160.6,7355.0,7160.0,7338.0,7333.0,7267.97,1209227,8788629972.45,105283,614418,50.81,0.0240761947322849,10.0,716.0600000000001,735.5,716.0,733.3,733.8,726.797,716.0600000000001,0.02407619473228495,False,False,False
BAJFINANCE,EQ,2023-07-04,7333.0,7650.0,7920.0,7612.65,7868.0,7860.45,7850.16,4162208,32673988339.8,304906,1375329,33.04,0.0719282694667939,10.0,765.0,792.0,761.265,786.045,786.8,785.016,733.3,0.07192826946679398,False,False,False
BAJFINANCE,EQ,2023-07-05,7860.45,7879.95,7999.9,7780.0,7843.0,7838.75,7873.45,1978666,15578935058.9,133935,794079,40.13,-0.0027606561965282,10.0,787.995,799.99,778.0,783.875,784.3,787.345,786.045,-0.0027606561965280996,False,False,False
BAJFINANCE,EQ,2023-07-06,7838.75,7776.0,7824.0,7735.0,7764.0,7766.25,7765.54,1045984,8122634775.55,107899,601256,57.48,-0.009248923616648,10.0,777.6,782.4,773.5,776.625,776.4,776.554,783.875,-0.009248923616648086,False,False,False
BAJFINANCE,EQ,2023-07-07,7766.25,7720.0,7748.9,7605.6,7615.0,7622.35,7664.38,1094915,8391848765.9,89094,612449,55.94,-0.0185288910349267,10.0,772.0,774.89,760.5600000000001,762.235,761.5,766.438,776.625,-0.01852889103492672,False,False,False
BAJFINANCE,EQ,2023-07-10,7622.35,7622.35,7629.95,7432.3,7556.75,7533.25,7504.66,1451518,10893148650.7,103049,714380,49.22,-0.0116893084153837,10.0,762.235,762.995,743.23,753.325,755.675,750.466,762.235,-0.011689308415383626,False,False,False
BAJFINANCE,EQ,2023-07-11,7533.25,7567.0,7680.0,7381.0,7443.0,7444.0,7514.06,1675043,12586377570.95,179851,748558,44.69,-0.0118474761888959,10.0,756.7,768.0,738.1,744.4,744.3,751.4060000000001,753.325,-0.011847476188896033,False,False,False
BAJFINANCE,EQ,2023-07-12,7444.0,7469.9,7508.0,7398.15,7434.0,7431.95,7448.15,1131755,8429480563.45,113060,683690,60.41,-0.0016187533584094,10.0,746.99,750.8,739.8149999999999,743.1949999999999,743.4,744.8149999999999,744.4,-0.0016187533584095526,False,False,False
BAJFINANCE,EQ,2023-07-13,7431.95,7469.95,7522.9,7416.0,7481.7,7474.6,7472.69,747052,5582486897.0,71746,317110,42.45,0.0057387361325089,10.0,746.995,752.29,741.6,747.46,748.17,747.269,743.1949999999999,0.005738736132509192,False,False,False
BAJFINANCE,EQ,2023-07-14,7474.6,7474.0,7518.9,7399.9,7497.85,7482.35,7453.15,726600,5415457682.65,89247,333508,45.9,0.0010368447809916,10.0,747.4,751.89,739.99,748.235,749.7850000000001,745.3149999999999,747.46,0.0010368447809916415,False,False,False
BAJFINANCE,EQ,2023-07-17,7482.35,7520.0,7542.0,7442.0,7510.0,7510.95,7490.89,506744,3795961800.65,56590,175158,34.57,0.0038223285465126,10.0,752.0,754.2,744.2,751.095,751.0,749.089,748.235,0.0038223285465128765,False,False,False
BAJFINANCE,EQ,2023-07-18,7510.95,7520.0,7555.0,7373.1,7414.0,7420.0,7447.15,1309709,9753597686.65,126709,421446,32.18,-0.0121089875448511,10.0,752.0,755.5,737.3100000000001,742.0,741.4,744.7149999999999,751.095,-0.012108987544851235,False,False,False
BAJFINANCE,EQ,2023-07-19,7420.0,7441.95,7599.0,7430.0,7595.1,7584.7,7529.94,975943,7348796684.05,100402,356249,36.5,0.0221967654986523,10.0,744.1949999999999,759.9,743.0,758.47,759.51,752.9939999999999,742.0,0.02219676549865235,False,False,False
BAJFINANCE,EQ,2023-07-20,7584.7,7551.0,7637.15,7502.0,7595.0,7596.6,7569.5,649436,4915908049.3,67861,168131,25.89,0.0015689480137646,10.0,755.1,763.7149999999999,750.2,759.6600000000001,759.5,756.95,758.47,0.001568948013764615,False,False,False
BAJFINANCE,EQ,2023-07-21,7596.6,7596.6,7657.7,7533.1,7584.5,7581.75,7586.83,673394,5108925642.3,69208,245777,36.5,-0.0019548218940053,10.0,759.6600000000001,765.77,753.3100000000001,758.175,758.45,758.683,759.6600000000001,-0.0019548218940054207,False,False,False
BAJFINANCE,EQ,2023-07-24,7581.75,7581.65,7644.8,7560.35,7580.0,7581.6,7596.34,584342,4438861690.4,57070,262830,44.98,-1.978435057858885e-05,10.0,758.165,764.48,756.0350000000001,758.1600000000001,758.0,759.634,758.175,-1.9784350578477827e-05,False,False,False
BAJFINANCE,EQ,2023-07-25,7581.6,7649.4,7649.4,7541.05,7605.0,7606.45,7597.66,850869,6464615293.55,88323,221912,26.08,0.0032776722591536,10.0,764.9399999999999,764.9399999999999,754.105,760.645,760.5,759.766,758.1600000000001,0.0032776722591536522,False,False,False
BAJFINANCE,EQ,2023-07-26,7606.45,7635.0,7734.0,7331.0,7474.0,7433.15,7541.89,2228866,16809858994.3,154669,590575,26.5,-0.0227832957555759,10.0,763.5,773.4,733.1,743.3149999999999,747.4,754.1890000000001,760.645,-0.022783295755575916,False,False,False
BAJFINANCE,EQ,2023-07-27,7433.15,7577.9,7577.9,7267.7,7287.0,7284.1,7398.98,2147172,15886874784.5,228174,1135708,52.89,-0.0200520640643602,10.0,757.79,757.79,726.77,728.4100000000001,728.7,739.8979999999999,743.3149999999999,-0.02005206406436011,False,False,False
BAJFINANCE,EQ,2023-07-28,7284.1,7319.0,7394.6,7210.0,7375.0,7381.6,7298.67,1007050,7350123275.0,109215,375249,37.26,0.0133853187078705,10.0,731.9,739.46,721.0,738.1600000000001,737.5,729.867,728.4100000000001,0.01338531870787052,False,False,False
BAJFINANCE,EQ,2023-07-31,7381.6,7345.0,7369.9,7281.05,7294.0,7300.3,7309.1,749315,5476820074.15,79982,397259,53.02,-0.0110138723312018,10.0,734.5,736.99,728.105,730.03,729.4,730.9100000000001,738.1600000000001,-0.011013872331202101,False,False,False
BAJFINANCE,EQ,2023-08-01,7300.3,7300.3,7330.0,7244.0,7265.0,7269.7,7281.56,752765,5481299773.25,85903,195956,26.03,-0.0041916085640316,10.0,730.03,733.0,724.4,726.97,726.5,728.1560000000001,730.03,-0.004191608564031557,False,False,False
BAJFINANCE,EQ,2023-08-02,7269.7,7290.0,7290.0,7145.0,7210.55,7203.45,7195.53,898536,6465440690.0,102752,472054,52.54,-0.0091131683563283,10.0,729.0,729.0,714.5,720.345,721.0550000000001,719.553,726.97,-0.00911316835632836,False,False,False
BAJFINANCE,EQ,2023-08-03,7203.45,7175.0,7224.3,7018.05,7104.3,7108.35,7119.03,1081898,7702059649.1,148514,493908,45.65,-0.0132020073714678,10.0,717.5,722.4300000000001,701.8050000000001,710.835,710.4300000000001,711.903,720.345,-0.013202007371467817,False,False,False
BAJFINANCE,EQ,2023-08-04,7108.35,7139.0,7205.0,7071.3,7137.95,7148.7,7129.63,731349,5214249314.95,90246,297467,40.67,0.0056764227985397,10.0,713.9,720.5,707.13,714.87,713.795,712.963,710.835,0.005676422798539749,False,False,False
BAJFINANCE,EQ,2023-08-07,7148.7,7162.0,7182.75,7071.6,7121.0,7122.15,7115.05,718409,5111513346.85,79350,298008,41.48,-0.0037139619791011,10.0,716.2,718.275,707.1600000000001,712.2149999999999,712.1,711.505,714.87,-0.0037139619791012324,False,False,False
BAJFINANCE,EQ,2023-08-08,7122.15,7135.0,7205.0,7085.15,7203.85,7173.6,7134.0,807362,5759717819.0,90771,224546,27.81,0.0072239422084623,10.0,713.5,720.5,708.515,717.36,720.385,713.4,712.2149999999999,0.007223942208462564,False,False,False
BAJFINANCE,EQ,2023-08-09,7173.6,7200.0,7214.0,7090.0,7120.0,7125.35,7128.95,511572,3646973704.65,67043,193542,37.83,-0.0067260510761681,10.0,720.0,721.4,709.0,712.5350000000001,712.0,712.895,717.36,-0.0067260510761680825,False,False,False
BAJFINANCE,EQ,2023-08-10,7125.35,7100.05,7174.0,7092.0,7172.0,7143.85,7120.45,616130,4387121875.35,70481,286830,46.55,0.0025963636873977,10.0,710.005,717.4,709.2,714.385,717.2,712.045,712.5350000000001,0.0025963636873975737,False,False,False
BAJFINANCE,EQ,2023-08-11,7143.85,7143.85,7159.0,7031.05,7037.0,7060.6,7098.79,630396,4475045904.85,82471,348355,55.26,-0.0116533801801549,10.0,714.385,715.9,703.105,706.0600000000001,703.7,709.879,714.385,-0.011653380180154826,False,False,False
BAJFINANCE,EQ,2023-08-14,7060.6,7040.0,7058.9,6940.55,7005.0,7018.05,7001.76,693785,4857716662.7,100012,295240,42.55,-0.0060264000226609,10.0,704.0,705.89,694.0550000000001,701.8050000000001,700.5,700.176,706.0600000000001,-0.0060264000226609715,False,False,False
BAJFINANCE,EQ,2023-08-16,7018.05,6994.0,6994.0,6920.0,6970.0,6981.5,6957.03,598795,4165834433.75,70912,278996,46.59,-0.0052079993730452,10.0,699.4,699.4,692.0,698.15,697.0,695.703,701.8050000000001,-0.005207999373045391,False,False,False
BAJFINANCE,EQ,2023-08-17,6981.5,7020.0,7020.0,6903.0,6920.0,6923.25,6944.86,710118,4931666743.7,93006,401746,56.57,-0.0083434791950154,10.0,702.0,702.0,690.3,692.325,692.0,694.486,698.15,-0.008343479195015324,False,False,False
BAJFINANCE,EQ,2023-08-18,6923.25,6893.5,6915.8,6845.0,6850.0,6862.1,6872.78,745533,5123887399.95,94823,387837,52.02,-0.0088325569638536,10.0,689.35,691.58,684.5,686.21,685.0,687.278,692.325,-0.008832556963853655,False,False,False
BAJFINANCE,EQ,2023-08-21,6862.1,6801.0,7063.0,6801.0,7050.55,7048.2,6997.68,1230831,8612965638.15,124222,420569,34.17,0.0271199778493462,10.0,680.1,706.3,680.1,704.8199999999999,705.0550000000001,699.768,686.21,0.027119977849346277,False,False,False
BAJFINANCE,EQ,2023-08-22,7048.2,7051.05,7153.5,7050.0,7053.25,7069.95,7097.97,1248780,8863803389.95,122169,449768,36.02,0.0030858942708775,10.0,705.105,715.35,705.0,706.995,705.325,709.797,704.8199999999999,0.003085894270877798,False,False,False
BAJFINANCE,EQ,2023-08-23,7069.95,7100.0,7149.0,7003.0,7122.0,7116.45,7073.2,803248,5681533864.55,71148,367643,45.77,0.0065771327944328,10.0,710.0,714.9,700.3,711.645,712.2,707.3199999999999,706.995,0.006577132794432838,False,False,False
BAJFINANCE,EQ,2023-08-24,7116.45,7150.0,7185.95,7121.0,7124.0,7137.45,7152.89,910360,6511704432.85,84497,576490,63.33,0.0029509095124675,10.0,715.0,718.595,712.1,713.745,712.4,715.289,711.645,0.00295090951246757,False,False,False
BAJFINANCE,EQ,2023-08-25,7137.45,7115.0,7278.1,7101.0,7185.15,7211.5,7209.35,1303276,9395771105.95,111882,548154,42.06,0.0103748537642995,10.0,711.5,727.8100000000001,710.1,721.15,718.515,720.9350000000001,713.745,0.010374853764299585,False,False,False
BAJFINANCE,EQ,2023-08-28,7211.5,7224.95,7261.0,7138.1,7220.0,7235.6,7184.15,703626,5054955965.95,67864,315406,44.83,0.0033418844900505,10.0,722.495,726.1,713.8100000000001,723.5600000000001,722.0,718.415,721.15,0.003341884490050795,False,False,False
BAJFINANCE,EQ,2023-08-29,7235.6,7250.0,7310.95,7236.0,7295.0,7293.35,7270.15,1418305,10311286046.25,82187,416733,29.38,0.0079813698933053,10.0,725.0,731.095,723.6,729.335,729.5,727.015,723.5600000000001,0.007981369893305335,False,False,False
BAJFINANCE,EQ,2023-08-30,7293.35,7326.0,7330.9,7258.0,7270.6,7268.1,7298.29,460268,3359171018.7,49496,243407,52.88,-0.0034620579020614,10.0,732.6,733.0899999999999,725.8,726.8100000000001,727.0600000000001,729.829,729.335,-0.003462057902061444,False,False,False
BAJFINANCE,EQ,2023-08-31,7268.1,7280.0,7285.0,7135.0,7168.55,7163.0,7186.58,1412980,10154497462.6,77331,884562,62.6,-0.0144604504616062,10.0,728.0,728.5,713.5,716.3,716.855,718.658,726.8100000000001,-0.014460450461606378,False,False,False
BAJFINANCE,EQ,2023-09-01,7163.0,7168.55,7329.4,7155.0,7300.1,7320.6,7252.43,676076,4903195099.15,65881,336182,49.73,0.0220019544883429,10.0,716.855,732.9399999999999,715.5,732.0600000000001,730.01,725.243,716.3,0.022001954488342967,False,False,False
BAJFINANCE,EQ,2023-09-04,7320.6,7370.0,7370.0,7258.4,7278.3,7270.25,7310.0,581363,4249760835.8,64275,275680,47.42,-0.0068778515422233,10.0,737.0,737.0,725.8399999999999,727.025,727.83,731.0,732.0600000000001,-0.006877851542223423,False,False,False
BAJFINANCE,EQ,2023-09-05,7270.25,7283.0,7358.45,7280.0,7340.05,7345.1,7322.71,1221353,8943609625.85,120505,388841,31.84,0.0102953818644475,10.0,728.3,735.845,728.0,734.51,734.005,732.271,727.025,0.010295381864447561,False,False,False
BAJFINANCE,EQ,2023-09-06,7345.1,7315.3,7397.0,7290.7,7391.0,7387.8,7347.5,605157,4446391254.4,67522,368417,60.88,0.0058133994091298,10.0,731.53,739.7,729.0699999999999,738.78,739.1,734.75,734.51,0.005813399409129838,False,False,False
BAJFINANCE,EQ,2023-09-07,7387.8,7380.0,7387.8,7303.7,7363.0,7363.2,7344.17,549622,4036518379.3,56573,205600,37.41,-0.0033298140177049,10.0,738.0,738.78,730.37,736.3199999999999,736.3,734.417,738.78,-0.003329814017704935,False,False,False
BAJFINANCE,EQ,2023-09-08,7363.2,7390.0,7449.95,7370.0,7395.0,7410.65,7410.57,624642,4628955769.55,47395,252229,40.38,0.006444209039548,10.0,739.0,744.995,737.0,741.0649999999999,739.5,741.057,736.3199999999999,0.00644420903954801,False,False,False
BAJFINANCE,EQ,2023-09-11,7410.65,7425.0,7444.0,7362.0,7390.0,7391.65,7395.89,406849,3009011711.65,54667,209314,51.45,-0.0025638776625531,10.0,742.5,744.4,736.2,739.165,739.0,739.589,741.0649999999999,-0.002563877662553171,False,False,False
BAJFINANCE,EQ,2023-09-12,7391.65,7421.0,7459.0,7305.5,7416.6,7431.3,7399.48,963517,7129524026.25,110323,392658,40.75,0.0053641609112986,10.0,742.1,745.9,730.55,743.13,741.6600000000001,739.948,739.165,0.005364160911298654,False,False,False
BAJFINANCE,EQ,2023-09-13,7431.3,7429.3,7508.25,7380.65,7475.0,7475.9,7446.31,579846,4317711428.8,67471,275923,47.59,0.0060016417046815,10.0,742.9300000000001,750.825,738.0649999999999,747.5899999999999,747.5,744.6310000000001,743.13,0.006001641704681537,False,False,False
BAJFINANCE,EQ,2023-09-14,7475.9,7475.9,7511.7,7427.05,7476.7,7494.3,7471.78,650372,4859434928.3,81192,288516,44.36,0.0024612421246941,10.0,747.5899999999999,751.17,742.705,749.4300000000001,747.67,747.178,747.5899999999999,0.0024612421246941185,False,False,False
BAJFINANCE,EQ,2023-09-15,7494.3,7499.0,7565.15,7455.55,7491.5,7492.2,7509.86,787494,5913970575.95,77059,392081,49.79,-0.0002802129618511,10.0,749.9,756.515,745.5550000000001,749.22,749.15,750.986,749.4300000000001,-0.00028021296185110067,False,False,False
BAJFINANCE,EQ,2023-09-18,7492.2,7488.9,7560.0,7465.0,7540.0,7548.65,7530.92,706618,5321485807.2,97037,267368,37.84,0.0075345025493178,10.0,748.89,756.0,746.5,754.865,754.0,753.092,749.22,0.0075345025493178674,False,False,False
BAJFINANCE,EQ,2023-09-20,7548.65,7488.65,7647.0,7483.0,7530.0,7539.0,7583.18,844190,6401646997.75,99610,416218,49.3,-0.0012783742788444,10.0,748.865,764.7,748.3,753.9,753.0,758.318,754.865,-0.001278374278844585,False,False,False
BAJFINANCE,EQ,2023-09-21,7539.0,7530.0,7583.65,7425.0,7493.85,7484.2,7485.59,675725,5058199027.2,107376,291884,43.2,-0.0072688685502055,10.0,753.0,758.365,742.5,748.42,749.385,748.559,753.9,-0.007268868550205587,False,False,False
BAJFINANCE,EQ,2023-09-22,7484.2,7493.95,7577.0,7453.6,7474.85,7471.35,7519.12,526304,3957344378.5,66489,208574,39.63,-0.0017169503754576,10.0,749.395,757.7,745.36,747.135,747.485,751.912,748.42,-0.0017169503754576043,False,False,False
BAJFINANCE,EQ,2023-09-25,7471.35,7575.0,7849.9,7510.0,7806.9,7819.85,7761.39,2347533,18220114608.2,222035,895515,38.15,0.0466448499936422,10.0,757.5,784.99,751.0,781.985,780.6899999999999,776.139,747.135,0.04664484999364249,False,False,False
BAJFINANCE,EQ,2023-09-26,7819.85,7819.9,7899.95,7775.0,7873.0,7870.65,7853.77,1246820,9792240335.55,134353,509023,40.83,0.0064962882919747,10.0,781.99,789.995,777.5,787.0649999999999,787.3,785.3770000000001,781.985,0.006496288291974794,False,False,False
BAJFINANCE,EQ,2023-09-27,7870.65,7855.0,7855.0,7742.75,7845.0,7837.55,7804.75,744110,5807592332.6,90651,326754,43.91,-0.0042054976399661,10.0,785.5,785.5,774.275,783.755,784.5,780.475,787.0649999999999,-0.004205497639966138,False,False,False
BAJFINANCE,EQ,2023-09-28,7837.55,7804.75,7829.0,7718.05,7735.0,7739.0,7774.5,777505,6044708896.65,83316,362689,46.65,-0.0125740824619938,10.0,780.475,782.9,771.8050000000001,773.9,773.5,777.45,783.755,-0.012574082461993874,False,False,False
BAJFINANCE,EQ,2023-09-29,7739.0,7739.0,7848.0,7725.0,7809.95,7810.75,7805.28,573005,4472463497.8,74692,246073,42.94,0.0092712236723091,10.0,773.9,784.8,772.5,781.075,780.995,780.528,773.9,0.009271223672309148,False,False,False
BAJFINANCE,EQ,2023-10-03,7810.75,7780.8,7975.5,7755.0,7967.1,7967.6,7888.51,944555,7451130001.85,109439,376067,39.81,0.0200812982107991,10.0,778.08,797.55,775.5,796.76,796.71,788.851,781.075,0.02008129821079918,False,False,False
BAJFINANCE,EQ,2023-10-04,7967.6,8025.0,8043.0,7820.0,7865.0,7854.05,7915.04,1176384,9311125451.85,93413,554585,47.14,-0.0142514684472112,10.0,802.5,804.3,782.0,785.405,786.5,791.504,796.76,-0.014251468447211257,False,False,False
BAJFINANCE,EQ,2023-10-05,7854.05,7914.85,7914.85,7826.9,7845.0,7850.9,7875.66,795061,6261632025.75,104913,380573,47.87,-0.000401066965451,10.0,791.485,791.485,782.6899999999999,785.0899999999999,784.5,787.566,785.405,-0.0004010669654510579,False,False,False
BAJFINANCE,EQ,2023-10-06,7850.9,7850.0,8192.0,7845.0,8150.0,8168.55,8064.18,2145034,17297934647.85,191298,699722,32.62,0.0404603293889873,10.0,785.0,819.2,784.5,816.855,815.0,806.418,785.0899999999999,0.04046032938898736,False,False,False
BAJFINANCE,EQ,2023-10-09,8168.55,8102.05,8135.0,8018.0,8019.1,8027.7,8068.79,747800,6033843122.2,94101,313837,41.97,-0.0172429623372569,10.0,810.205,813.5,801.8,802.77,801.9100000000001,806.879,816.855,-0.017242962337256973,False,False,False
BAJFINANCE,EQ,2023-10-10,8027.7,8055.0,8135.0,8021.0,8086.0,8083.6,8076.49,965024,7794007636.05,134824,272735,28.26,0.0069633892646712,10.0,805.5,813.5,802.1,808.36,808.6,807.649,802.77,0.006963389264671216,False,False,False
BAJFINANCE,EQ,2023-10-11,8083.6,8139.8,8173.0,8095.45,8108.0,8101.95,8131.8,712372,5792866203.5,95698,327904,46.03,0.002270028205255,10.0,813.98,817.3,809.545,810.1949999999999,810.8,813.1800000000001,808.36,0.0022700282052550147,False,False,False
BAJFINANCE,EQ,2023-10-12,8101.95,8125.0,8127.0,8003.0,8016.0,8014.3,8037.95,764092,6141735061.8,75206,429114,56.16,-0.0108183832287288,10.0,812.5,812.7,800.3,801.4300000000001,801.6,803.795,810.1949999999999,-0.010818383228728745,False,False,False
BAJFINANCE,EQ,2023-10-13,8014.3,7999.55,8082.9,7956.05,8043.0,8051.65,8036.74,662282,5322586112.2,97371,290345,43.84,0.0046604195001433,10.0,799.955,808.29,795.605,805.165,804.3,803.674,801.4300000000001,0.004660419500143398,False,False,False
BAJFINANCE,EQ,2023-10-16,8051.65,8044.3,8069.0,7982.65,8021.0,8036.0,8029.01,438246,3518682722.7,52951,170305,38.86,-0.0019437009805443,10.0,804.4300000000001,806.9,798.265,803.6,802.1,802.9010000000001,805.165,-0.001943700980544305,False,False,False
BAJFINANCE,EQ,2023-10-17,8036.0,8080.0,8159.0,8057.55,8097.5,8093.0,8100.95,838283,6790891569.35,85427,246951,29.46,0.007093081134893,10.0,808.0,815.9,805.755,809.3,809.75,810.095,803.6,0.00709308113489282,False,False,False
BAJFINANCE,EQ,2023-10-18,8093.0,8050.0,8084.6,7850.0,7854.0,7866.55,7950.12,1544642,12280087675.65,157004,573378,37.12,-0.0279809712096873,10.0,805.0,808.46,785.0,786.655,785.4,795.012,809.3,-0.027980971209687344,False,False,False
BAJFINANCE,EQ,2023-10-19,7866.55,7843.3,7923.0,7731.0,7822.4,7841.55,7822.27,1061453,8302976891.95,149476,398925,37.58,-0.003178013233247,10.0,784.33,792.3,773.1,784.155,782.24,782.2270000000001,786.655,-0.003178013233247068,False,False,False
BAJFINANCE,EQ,2023-10-20,7841.55,7810.0,7832.35,7722.5,7770.0,7769.2,7773.63,771153,5994658305.7,99051,350495,45.45,-0.0092264922113612,10.0,781.0,783.235,772.25,776.92,777.0,777.363,784.155,-0.009226492211361292,False,False,False
BAJFINANCE,EQ,2023-10-23,7769.2,7800.0,7884.9,7761.35,7775.0,7798.9,7830.64,882230,6908423213.9,104921,273542,31.01,0.0038227874169798,10.0,780.0,788.49,776.135,779.89,777.5,783.0640000000001,776.92,0.0038227874169798337,False,False,False
BAJFINANCE,EQ,2023-10-25,7798.9,7798.9,7856.95,7676.0,7685.0,7694.45,7741.94,708774,5487285997.55,88917,311409,43.94,-0.013392914385362,10.0,779.89,785.6949999999999,767.6,769.4449999999999,768.5,774.194,779.89,-0.013392914385362054,False,False,False
BAJFINANCE,EQ,2023-10-26,7694.45,7625.1,7656.0,7401.2,7409.0,7421.8,7470.75,1324630,9895977610.05,167916,725915,54.8,-0.0354346314551397,10.0,762.51,765.6,740.12,742.1800000000001,740.9,747.075,769.4449999999999,-0.03543463145513959,False,False,False
BAJFINANCE,EQ,2023-10-27,7421.8,7509.95,7549.0,7416.6,7486.85,7507.2,7492.7,911944,6832921120.5,107260,465684,51.06,0.0115066425934409,10.0,750.995,754.9,741.6600000000001,750.72,748.6850000000001,749.27,742.1800000000001,0.011506642593440919,False,False,False
BAJFINANCE,EQ,2023-10-30,7507.2,7505.8,7526.85,7352.5,7510.0,7503.05,7460.27,799276,5962812041.35,108893,311932,39.03,-0.0005528026427962,10.0,750.58,752.6850000000001,735.25,750.3050000000001,751.0,746.027,750.72,-0.000552802642796224,False,False,False
BAJFINANCE,EQ,2023-10-31,7503.05,7569.8,7579.7,7460.5,7495.35,7492.65,7511.26,749410,5629010332.75,94261,277656,37.05,-0.0013861029847862,10.0,756.98,757.97,746.05,749.265,749.5350000000001,751.126,750.3050000000001,-0.0013861029847862527,False,False,False
BAJFINANCE,EQ,2023-11-01,7492.65,7520.0,7549.0,7457.65,7479.0,7471.9,7510.31,462778,3475606977.3,65986,222224,48.02,-0.0027693806597132,10.0,752.0,754.9,745.765,747.1899999999999,747.9,751.0310000000001,749.265,-0.0027693806597132165,False,False,False
BAJFINANCE,EQ,2023-11-02,7471.9,7530.0,7615.0,7411.2,7469.0,7449.1,7492.79,855030,6406564290.75,94175,387924,45.37,-0.003051432701187,10.0,753.0,761.5,741.12,744.9100000000001,746.9,749.279,747.1899999999999,-0.003051432701186907,False,False,False
BAJFINANCE,EQ,2023-11-03,7449.1,7528.0,7537.95,7372.45,7403.0,7411.5,7428.96,1138755,8459770203.1,114454,537221,47.18,-0.0050475896417017,10.0,752.8,753.795,737.245,741.15,740.3,742.896,744.9100000000001,-0.005047589641701822,False,False,False
BAJFINANCE,EQ,2023-11-06,7411.5,7456.0,7571.95,7442.6,7555.0,7562.05,7513.51,634043,4763885603.1,63638,321692,50.74,0.0203130270525535,10.0,745.6,757.1949999999999,744.26,756.205,755.5,751.351,741.15,0.020313027052553556,False,False,False
BAJFINANCE,EQ,2023-11-07,7562.05,7640.0,7640.0,7446.0,7499.0,7495.6,7519.46,1563007,11752970008.45,162727,525290,33.61,-0.0087872997401498,10.0,764.0,764.0,744.6,749.5600000000001,749.9,751.946,756.205,-0.008787299740149801,False,False,False
BAJFINANCE,EQ,2023-11-08,7495.6,7527.0,7536.0,7406.65,7458.0,7459.95,7455.13,916717,6834241855.9,87519,489897,53.44,-0.0047561235925076,10.0,752.7,753.6,740.665,745.995,745.8,745.513,749.5600000000001,-0.004756123592507655,False,False,False
BAJFINANCE,EQ,2023-11-09,7459.95,7485.0,7485.0,7366.7,7390.0,7386.7,7403.36,771791,5713847462.4,79753,350287,45.39,-0.0098191006642135,10.0,748.5,748.5,736.67,738.67,739.0,740.336,745.995,-0.009819100664213654,False,False,False
BAJFINANCE,EQ,2023-11-10,7386.7,7370.0,7454.0,7346.45,7450.3,7444.8,7425.27,496261,3684870710.1,53636,165260,33.3,0.0078654879716246,10.0,737.0,745.4,734.645,744.48,745.03,742.527,738.67,0.007865487971624674,False,False,False
BAJFINANCE,EQ,2023-11-12,7444.8,7470.05,7498.0,7447.05,7454.5,7456.9,7465.6,79745,595344138.0,9727,34504,43.27,0.001625295508274,10.0,747.005,749.8,744.705,745.6899999999999,745.45,746.5600000000001,744.48,0.0016252955082740606,False,False,False
BAJFINANCE,EQ,2023-11-13,7456.9,7447.8,7450.0,7319.0,7363.95,7360.85,7364.51,732240,5392587132.9,94163,318595,43.51,-0.0128806876852309,10.0,744.78,745.0,731.9,736.085,736.395,736.451,745.6899999999999,-0.012880687685230985,False,False,False
BAJFINANCE,EQ,2023-11-15,7360.85,7439.4,7476.2,7119.15,7216.95,7224.3,7310.01,1923440,14060372813.8,199672,1038251,53.98,-0.0185508467092795,10.0,743.9399999999999,747.62,711.915,722.4300000000001,721.6949999999999,731.001,736.085,-0.018550846709279423,False,False,False
BAJFINANCE,EQ,2023-11-16,7224.3,6944.55,7380.7,6931.25,7361.0,7362.45,7177.29,4557043,32707240969.35,298790,1695629,37.21,0.0191229600099662,10.0,694.455,738.0699999999999,693.125,736.245,736.1,717.729,722.4300000000001,0.019122960009966272,False,False,False
BAJFINANCE,EQ,2023-11-17,7362.45,7140.5,7260.0,7108.05,7221.75,7221.0,7214.11,2080034,15005601028.95,158863,878988,42.26,-0.0192123545830531,10.0,714.05,726.0,710.8050000000001,722.1,722.175,721.411,736.245,-0.01921235458305315,False,False,False
BAJFINANCE,EQ,2023-11-20,7221.0,7151.0,7239.0,7050.1,7065.75,7068.6,7118.34,1902940,13545776842.1,158782,1161738,61.05,-0.0211051100955546,10.0,715.1,723.9,705.01,706.86,706.575,711.8340000000001,722.1,-0.021105110095554602,False,False,False
BAJFINANCE,EQ,2023-11-21,7068.6,7085.0,7128.85,7030.0,7100.0,7103.15,7087.44,1666225,11809275268.25,137178,922873,55.39,0.004887813711343,10.0,708.5,712.885,703.0,710.3149999999999,710.0,708.7439999999999,706.86,0.004887813711343059,False,False,False
BAJFINANCE,EQ,2023-11-22,7103.15,7086.45,7177.85,7065.5,7123.0,7128.35,7119.5,1041404,7414279169.55,78632,575302,55.24,0.0035477217854051,10.0,708.645,717.7850000000001,706.55,712.835,712.3,711.95,710.3149999999999,0.003547721785405189,False,False,False
BAJFINANCE,EQ,2023-11-23,7128.35,7135.0,7160.0,7056.0,7075.0,7073.65,7106.81,606158,4307848049.3,68992,263975,43.55,-0.0076735850512391,10.0,713.5,716.0,705.6,707.365,707.5,710.681,712.835,-0.007673585051239051,False,False,False
BAJFINANCE,EQ,2023-11-24,7073.65,7108.0,7116.8,7011.0,7035.0,7020.8,7047.75,726499,5120186625.05,87123,355738,48.97,-0.0074713903006226,10.0,710.8,711.6800000000001,701.1,702.08,703.5,704.775,707.365,-0.007471390300622716,False,False,False
BAJFINANCE,EQ,2023-11-28,7020.8,7035.0,7135.0,7029.9,7109.4,7127.55,7086.59,728158,5160155090.8,108308,386829,53.12,0.0152048199635368,10.0,703.5,713.5,702.99,712.755,710.9399999999999,708.659,702.08,0.015204819963536842,False,False,False
BAJFINANCE,EQ,2023-11-29,7127.55,7134.0,7168.6,7114.05,7132.0,7130.1,7134.1,682430,4868521872.6,85145,412761,60.48,0.0003577666940253,10.0,713.4,716.86,711.405,713.01,713.2,713.4100000000001,712.755,0.0003577666940253188,False,False,False
BAJFINANCE,EQ,2023-11-30,7130.1,7132.0,7163.6,7085.65,7130.0,7121.9,7116.0,1271934,9051086797.45,99955,805844,63.36,-0.0011500539964377,10.0,713.2,716.36,708.5649999999999,712.1899999999999,713.0,711.6,713.01,-0.0011500539964377499,False,False,False
BAJFINANCE,EQ,2023-12-01,7121.9,7160.0,7279.85,7142.0,7248.9,7259.35,7218.92,900477,6500466993.3,116313,397992,44.2,0.0192996251000436,10.0,716.0,727.985,714.2,725.9350000000001,724.89,721.892,712.1899999999999,0.019299625100043682,False,False,False
BAJFINANCE,EQ,2023-12-04,7259.35,7340.0,7420.0,7315.05,7405.0,7407.65,7387.32,1101426,8136588223.8,97109,535372,48.61,0.0204288262723244,10.0,734.0,742.0,731.505,740.765,740.5,738.732,725.9350000000001,0.020428826272324452,False,False,False
BAJFINANCE,EQ,2023-12-05,7407.65,7430.0,7440.0,7320.05,7352.0,7349.8,7372.13,1522242,11222159243.35,177024,703724,46.23,-0.0078094942390636,10.0,743.0,744.0,732.005,734.98,735.2,737.213,740.765,-0.00780949423906363,False,False,False
BAJFINANCE,EQ,2023-12-06,7349.8,7390.0,7459.0,7365.05,7429.0,7427.1,7416.37,701800,5204810661.4,67618,345815,49.28,0.0105172929875643,10.0,739.0,745.9,736.505,742.71,742.9,741.637,734.98,0.01051729298756432,False,False,False
BAJFINANCE,EQ,2023-12-07,7427.1,7390.0,7440.0,7326.0,7392.0,7391.2,7391.22,668862,4943708125.6,68110,352052,52.63,-0.0048336497421604,10.0,739.0,744.0,732.6,739.12,739.2,739.1220000000001,742.71,-0.004833649742160495,False,False,False
BAJFINANCE,EQ,2023-12-08,7391.2,7390.55,7398.1,7274.0,7310.0,7307.6,7316.01,1144388,8372357200.3,106780,757177,66.16,-0.0113107479164411,10.0,739.0550000000001,739.8100000000001,727.4,730.76,731.0,731.601,739.12,-0.011310747916441155,False,False,False
BAJFINANCE,EQ,2023-12-11,7307.6,7325.0,7352.7,7270.05,7297.0,7292.75,7306.16,590055,4311034135.2,62998,331259,56.14,-0.0020321309321802,10.0,732.5,735.27,727.005,729.275,729.7,730.616,730.76,-0.0020321309321802428,False,False,False
BAJFINANCE,EQ,2023-12-12,7292.75,7280.0,7354.0,7280.0,7310.9,7314.55,7318.67,633312,4634999764.3,104761,268225,42.35,0.0029892701655753,10.0,728.0,735.4,728.0,731.455,731.0899999999999,731.867,729.275,0.002989270165575597,False,False,False
BAJFINANCE,EQ,2023-12-13,7314.55,7299.85,7304.5,7207.0,7260.0,7258.0,7247.77,682955,4949900834.15,87943,378930,55.48,-0.0077311659637298,10.0,729.985,730.45,720.7,725.8,726.0,724.777,731.455,-0.0077311659637299135,False,False,False
BAJFINANCE,EQ,2023-12-14,7258.0,7368.5,7511.25,7300.1,7470.55,7474.2,7450.68,1729567,12886455475.95,171061,943359,54.54,0.0297878203361807,10.0,736.85,751.125,730.01,747.42,747.0550000000001,745.068,725.8,0.02978782033618077,False,False,False
BAJFINANCE,EQ,2023-12-15,7474.2,7528.85,7528.9,7445.0,7514.0,7515.05,7488.15,1173938,8790627893.55,90181,683982,58.26,0.0054654678761607,10.0,752.885,752.89,744.5,751.505,751.4,748.8149999999999,747.42,0.005465467876160757,False,False,False
BAJFINANCE,EQ,2023-12-18,7515.05,7548.0,7610.0,7526.0,7569.0,7587.6,7581.14,1082798,8208839897.9,87986,711715,65.73,0.00965396105149,10.0,754.8,761.0,752.6,758.76,756.9,758.114,751.505,0.009653961051490079,False,False,False
BAJFINANCE,EQ,2023-12-19,7587.6,7641.0,7641.6,7535.0,7635.0,7632.65,7597.28,791408,6012544775.95,85843,416383,52.61,0.0059373187832778,10.0,764.1,764.1600000000001,753.5,763.265,763.5,759.728,758.76,0.005937318783278078,False,False,False
BAJFINANCE,EQ,2023-12-20,7632.65,7650.0,7695.0,7460.15,7481.0,7493.95,7583.08,874546,6631748125.05,76507,457033,52.26,-0.0181719324218979,10.0,765.0,769.5,746.015,749.395,748.1,758.308,763.265,-0.018171932421898074,False,False,False
BAJFINANCE,EQ,2023-12-21,7493.95,7426.6,7477.0,7305.5,7386.0,7367.15,7402.52,913082,6759111870.6,92614,411722,45.09,-0.0169203157213485,10.0,742.6600000000001,747.7,730.55,736.7149999999999,738.6,740.2520000000001,749.395,-0.016920315721348667,False,False,False
BAJFINANCE,EQ,2023-12-22,7367.15,7418.95,7440.0,7243.0,7290.0,7295.3,7328.87,1129485,8277850107.45,139140,511436,45.28,-0.0097527537785981,10.0,741.895,744.0,724.3,729.53,729.0,732.887,736.7149999999999,-0.009752753778598189,False,False,False
BAJFINANCE,EQ,2023-12-26,7295.3,7325.0,7344.0,7145.25,7175.05,7162.3,7211.83,1225844,8840576274.1,153727,614638,50.14,-0.0182309157951009,10.0,732.5,734.4,714.525,716.23,717.505,721.183,729.53,-0.018230915795100944,False,False,False
BAJFINANCE,EQ,2023-12-27,7162.3,7219.9,7323.4,7190.9,7246.8,7232.8,7237.64,1605279,11618432166.6,156926,948426,59.08,0.0098432067911145,10.0,721.99,732.3399999999999,719.0899999999999,723.28,724.6800000000001,723.764,716.23,0.0098432067911145,False,False,False
BAJFINANCE,EQ,2023-12-28,7232.8,7275.0,7290.0,7200.0,7223.95,7258.65,7258.91,1856064,13472995983.05,130287,1228705,66.2,0.0035739962393539,10.0,727.5,729.0,720.0,725.865,722.395,725.891,723.28,0.0035739962393541713,False,False,False
BAJFINANCE,EQ,2023-12-29,7258.65,7231.65,7343.0,7205.15,7315.0,7327.75,7289.44,912802,6653818426.4,94915,486565,53.3,0.0095196765238716,10.0,723.165,734.3,720.515,732.775,731.5,728.944,725.865,0.009519676523871423,False,False,False
BAJFINANCE,EQ,2024-01-01,7327.75,7336.95,7336.95,7273.0,7286.95,7299.05,7304.06,331489,2421214793.15,41730,112857,34.05,-0.0039166183344137,10.0,733.6949999999999,733.6949999999999,727.3,729.905,728.6949999999999,730.4060000000001,732.775,-0.003916618334413702,False,False,False
BAJFINANCE,EQ,2024-01-02,7299.05,7324.0,7445.1,7280.05,7432.3,7430.05,7372.68,1112990,8205723494.75,109675,523094,47.0,0.0179475411183647,10.0,732.4,744.51,728.005,743.005,743.23,737.268,729.905,0.017947541118364718,False,False,False
BAJFINANCE,EQ,2024-01-03,7430.05,7444.95,7485.85,7368.2,7381.2,7384.8,7414.09,553405,4102993970.1,70437,248271,44.86,-0.0060901339829476,10.0,744.495,748.585,736.8199999999999,738.48,738.12,741.409,743.005,-0.006090133982947554,False,False,False
BAJFINANCE,EQ,2024-01-04,7384.8,7560.0,7733.95,7560.0,7698.6,7705.55,7667.97,2911879,22328214375.3,280733,1343457,46.14,0.0434338099880835,10.0,756.0,773.395,756.0,770.5550000000001,769.86,766.797,738.48,0.04343380998808377,False,False,False
BAJFINANCE,EQ,2024-01-05,7705.55,7734.95,7789.0,7673.1,7708.05,7711.15,7722.15,1052601,8128338046.6,125482,507025,48.17,0.0007267489017654,10.0,773.495,778.9,767.3100000000001,771.115,770.8050000000001,772.2149999999999,770.5550000000001,0.0007267489017654949,False,False,False
BAJFINANCE,EQ,2024-01-08,7711.15,7677.0,7830.0,7631.3,7740.0,7736.0,7737.07,1121209,8674873898.1,116211,523807,46.72,0.0032226062260494,10.0,767.7,783.0,763.13,773.6,774.0,773.707,771.115,0.003222606226049418,False,False,False
BAJFINANCE,EQ,2024-01-09,7736.0,7774.0,7810.0,7698.0,7715.75,7725.45,7758.94,1247083,9676043195.75,135198,721265,57.84,-0.0013637538779731,10.0,777.4,781.0,769.8,772.545,771.575,775.894,773.6,-0.0013637538779731617,False,False,False
BAJFINANCE,EQ,2024-01-10,7725.45,7716.0,7735.25,7660.0,7675.0,7680.55,7688.85,559072,4298620963.05,80362,331687,59.33,-0.0058119591738992,10.0,771.6,773.525,766.0,768.0550000000001,767.5,768.885,772.545,-0.005811959173899095,False,False,False
BAJFINANCE,EQ,2024-01-11,7680.55,7680.0,7793.3,7651.05,7684.0,7669.75,7720.83,651741,5031981679.15,104639,380445,58.37,-0.0014061492992039,10.0,768.0,779.33,765.105,766.975,768.4,772.083,768.0550000000001,-0.001406149299203907,False,False,False
BAJFINANCE,EQ,2024-01-12,7669.75,7684.0,7718.95,7617.0,7639.0,7661.05,7660.78,808638,6194798776.75,99544,483560,59.8,-0.0011343264122037,10.0,768.4,771.895,761.7,766.105,763.9,766.078,766.975,-0.00113432641220379,False,False,False
BAJFINANCE,EQ,2024-01-15,7661.05,7697.95,7697.95,7454.0,7477.0,7478.0,7524.95,997220,7504034264.75,107746,549164,55.07,-0.0238935916095052,10.0,769.795,769.795,745.4,747.8,747.7,752.495,766.105,-0.023893591609505327,False,False,False
BAJFINANCE,EQ,2024-01-16,7478.0,7475.0,7614.5,7427.9,7445.0,7456.65,7518.19,1194723,8982158409.95,138334,471935,39.5,-0.0028550414549345,10.0,747.5,761.45,742.79,745.665,744.5,751.819,747.8,-0.002855041454934426,False,False,False
BAJFINANCE,EQ,2024-01-17,7456.65,7303.3,7478.2,7302.2,7367.75,7358.85,7388.41,1380271,10198008011.15,114581,897635,65.03,-0.0131158093782058,10.0,730.33,747.8199999999999,730.22,735.885,736.775,738.841,745.665,-0.013115809378206,False,False,False
BAJFINANCE,EQ,2024-01-18,7358.85,7296.0,7351.75,7234.0,7274.2,7265.55,7281.49,1686996,12283850683.6,175621,1188092,70.43,-0.0126786114678244,10.0,729.6,735.175,723.4,726.5550000000001,727.42,728.149,735.885,-0.012678611467824341,False,False,False
BAJFINANCE,EQ,2024-01-19,7265.55,7360.0,7388.8,7261.25,7325.9,7319.1,7313.97,830810,6076520804.75,92936,435534,52.42,0.0073703986621798,10.0,736.0,738.88,726.125,731.9100000000001,732.5899999999999,731.397,726.5550000000001,0.007370398662179811,False,False,False
BAJFINANCE,EQ,2024-01-20,7319.1,7327.75,7386.3,7291.0,7313.0,7301.3,7332.58,219358,1608460744.25,27055,90623,41.31,-0.0024319930046043,10.0,732.775,738.63,729.1,730.13,731.3,733.258,731.9100000000001,-0.0024319930046045046,False,False,False
BAJFINANCE,EQ,2024-01-23,7301.3,7352.9,7355.0,7042.6,7083.0,7070.7,7180.32,2533297,18189871066.15,204647,1581334,62.42,-0.0315834166518291,10.0,735.29,735.5,704.26,707.0699999999999,708.3,718.0319999999999,730.13,-0.03158341665182918,False,False,False
BAJFINANCE,EQ,2024-01-24,7070.7,7104.0,7104.0,6996.8,7080.0,7055.3,7049.02,2063675,14546893452.55,122779,1487622,72.09,-0.0021780021780021,10.0,710.4,710.4,699.6800000000001,705.53,708.0,704.902,707.0699999999999,-0.0021780021780021253,False,False,False
BAJFINANCE,EQ,2024-01-25,7055.3,7055.3,7125.8,7036.0,7091.0,7085.5,7075.3,1168349,8266415862.5,102634,785053,67.19,0.0042804700012755,10.0,705.53,712.58,703.6,708.55,709.1,707.53,705.53,0.004280470001275516,False,False,False
BAJFINANCE,EQ,2024-01-29,7085.5,7085.5,7224.95,7085.1,7200.0,7191.65,7163.15,1860361,13326042623.25,114690,1345702,72.34,0.0149812998376965,10.0,708.55,722.495,708.51,719.165,720.0,716.3149999999999,708.55,0.014981299837696804,False,False,False
BAJFINANCE,EQ,2024-01-30,7191.65,6988.5,6988.5,6805.0,6825.0,6817.2,6869.72,4153147,28530952745.75,396405,2003189,48.23,-0.0520673280818727,10.0,698.85,698.85,680.5,681.72,682.5,686.972,719.165,-0.052067328081872644,False,False,False
BAJFINANCE,EQ,2024-01-31,6817.2,6820.0,6921.0,6812.0,6865.9,6862.9,6877.07,1810512,12451015692.6,172859,1140832,63.01,0.0067036319896731,10.0,682.0,692.1,681.2,686.29,686.5899999999999,687.707,681.72,0.006703631989673164,False,False,False
BAJFINANCE,EQ,2024-02-01,6862.9,6865.9,6879.95,6733.0,6746.0,6743.3,6784.09,1911137,12965321707.7,231144,1131102,59.18,-0.0174270352183478,10.0,686.5899999999999,687.995,673.3,674.33,674.6,678.409,686.29,-0.017427035218347764,False,False,False
BAJFINANCE,EQ,2024-02-02,6743.3,6755.0,6910.0,6753.0,6877.9,6848.3,6844.03,1367508,9359269260.15,206629,771972,56.45,0.0155710112259577,10.0,675.5,691.0,675.3,684.83,687.79,684.403,674.33,0.01557101122595772,False,False,False
BAJFINANCE,EQ,2024-02-05,6848.3,6894.0,6895.0,6600.0,6626.75,6608.2,6723.86,1771222,11909445509.05,197786,1059976,59.84,-0.0350597958617467,10.0,689.4,689.5,660.0,660.8199999999999,662.675,672.386,684.83,-0.0350597958617469,False,False,False
BAJFINANCE,EQ,2024-02-06,6608.2,6648.0,6699.0,6535.0,6599.0,6598.15,6604.06,2439533,16110820931.5,232133,1488112,61.0,-0.0015208377470415,10.0,664.8,669.9,653.5,659.8149999999999,659.9,660.4060000000001,660.8199999999999,-0.0015208377470415924,False,False,False
BAJFINANCE,EQ,2024-02-07,6598.15,6641.0,6737.6,6625.25,6720.0,6709.2,6682.88,1538237,10279856230.4,152771,925326,60.15,0.01683047520896,10.0,664.1,673.76,662.525,670.92,672.0,668.288,659.8149999999999,0.016830475208960083,False,False,False
BAJFINANCE,EQ,2024-02-08,6709.2,6731.85,6737.5,6536.7,6585.0,6575.65,6606.32,2193209,14489039760.25,213093,1129204,51.49,-0.0199055028915519,10.0,673.1850000000001,673.75,653.67,657.5649999999999,658.5,660.632,670.92,-0.019905502891551907,False,False,False
BAJFINANCE,EQ,2024-02-09,6575.65,6580.0,6677.7,6572.0,6654.0,6654.5,6644.98,1209874,8039594330.35,124188,674667,55.76,0.0119912099944492,10.0,658.0,667.77,657.2,665.45,665.4,664.4979999999999,657.5649999999999,0.01199120999444947,False,False,False
BAJFINANCE,EQ,2024-02-12,6654.5,6669.45,6671.85,6551.5,6576.35,6569.15,6585.14,544784,3587477652.55,64051,263691,48.4,-0.0128259072807874,10.0,666.9449999999999,667.1850000000001,655.15,656.915,657.635,658.514,665.45,-0.012825907280787585,False,False,False
BAJFINANCE,EQ,2024-02-13,6569.15,6600.0,6639.0,6553.1,6600.05,6603.65,6608.1,948014,6264570312.95,108021,316123,33.35,0.0052518210118508,10.0,660.0,663.9,655.3100000000001,660.365,660.005,660.8100000000001,656.915,0.0052518210118508435,False,False,False
BAJFINANCE,EQ,2024-02-14,6603.65,6563.85,6656.0,6550.0,6649.0,6646.5,6609.19,636126,4204276744.15,82851,303434,47.7,0.0064888357196399,10.0,656.385,665.6,655.0,664.65,664.9,660.919,660.365,0.006488835719639763,False,False,False
BAJFINANCE,EQ,2024-02-15,6646.5,6646.0,6677.4,6585.65,6619.95,6619.4,6614.91,880859,5826800672.45,109034,450599,51.15,-0.0040773339351538,10.0,664.6,667.74,658.5649999999999,661.9399999999999,661.995,661.491,664.65,-0.0040773339351538596,False,False,False
BAJFINANCE,EQ,2024-02-16,6619.4,6650.05,6660.0,6602.0,6614.0,6619.2,6621.07,1029431,6815939061.65,129947,746120,72.48,-3.0214218811330795e-05,10.0,665.005,666.0,660.2,661.92,661.4,662.107,661.9399999999999,-3.0214218811330795e-05,False,False,False
BAJFINANCE,EQ,2024-02-19,6619.2,6648.9,6806.9,6625.3,6718.25,6712.8,6735.88,1315881,8863620192.1,110193,640732,48.69,0.014140681653372,10.0,664.89,680.6899999999999,662.53,671.28,671.825,673.588,661.92,0.014140681653372011,False,False,False
BAJFINANCE,EQ,2024-02-20,6712.8,6711.9,6792.0,6681.25,6771.0,6763.6,6753.48,1106709,7474131813.05,122472,594711,53.74,0.0075676319866524,10.0,671.1899999999999,679.2,668.125,676.36,677.1,675.348,671.28,0.0075676319866524455,False,False,False
BAJFINANCE,EQ,2024-02-21,6763.6,6790.0,6790.0,6665.05,6672.0,6688.8,6724.05,854944,5748686331.4,76709,500192,58.51,-0.0110591992430066,10.0,679.0,679.0,666.505,668.88,667.2,672.405,676.36,-0.01105919924300669,False,False,False
BAJFINANCE,EQ,2024-02-22,6688.8,6691.05,6706.85,6561.0,6698.0,6674.95,6619.54,1022374,6767650264.45,137951,336230,32.89,-0.0020706255232628,10.0,669.105,670.6850000000001,656.1,667.495,669.8,661.954,668.88,-0.002070625523262759,False,False,False
BAJFINANCE,EQ,2024-02-23,6674.95,6674.0,6719.0,6632.6,6690.0,6697.85,6680.58,1280311,8553215685.2,117458,875455,68.38,0.0034307373088937,10.0,667.4,671.9,663.26,669.7850000000001,669.0,668.058,667.495,0.003430737308893761,False,False,False
BAJFINANCE,EQ,2024-02-26,6697.85,6690.0,6708.0,6624.2,6639.0,6643.25,6653.85,892056,5935604795.45,95130,633202,70.98,-0.0081518696298066,10.0,669.0,670.8,662.42,664.325,663.9,665.385,669.7850000000001,-0.00815186962980663,False,False,False
BAJFINANCE,EQ,2024-02-27,6643.25,6631.0,6642.0,6491.1,6555.4,6556.25,6574.54,1150306,7562728773.45,139511,621178,54.0,-0.0130959996989424,10.0,663.1,664.2,649.11,655.625,655.54,657.454,664.325,-0.013095999698942595,False,False,False
BAJFINANCE,EQ,2024-02-28,6556.25,6572.0,6596.75,6475.0,6488.0,6498.7,6545.06,535321,3503706439.45,74851,240432,44.91,-0.0087778836987607,10.0,657.2,659.675,647.5,649.87,648.8,654.5060000000001,655.625,-0.008777883698760758,False,False,False
BAJFINANCE,EQ,2024-02-29,6498.7,6499.0,6539.0,6366.2,6511.75,6495.35,6491.14,1699098,11029083444.1,128058,1062737,62.55,-0.000515487712927,10.0,649.9,653.9,636.62,649.5350000000001,651.175,649.114,649.87,-0.0005154877129270874,False,False,False
BAJFINANCE,EQ,2024-03-01,6495.35,6511.75,6608.7,6502.1,6576.0,6571.45,6565.52,919080,6034236495.65,139301,532252,57.91,0.0117160738066461,10.0,651.175,660.87,650.21,657.145,657.6,656.552,649.5350000000001,0.011716073806646188,False,False,False
BAJFINANCE,EQ,2024-03-02,6571.45,6565.0,6605.0,6565.0,6588.0,6584.35,6589.41,49760,327889288.8,6277,25079,50.4,0.0019630370770531,10.0,656.5,660.5,656.5,658.4350000000001,658.8,658.941,657.145,0.0019630370770531425,False,False,False
BAJFINANCE,EQ,2024-03-04,6584.35,6588.0,6639.95,6557.45,6604.0,6602.45,6603.54,397118,2622386545.55,55312,201810,50.82,0.0027489425683626,10.0,658.8,663.995,655.745,660.245,660.4,660.354,658.4350000000001,0.0027489425683626667,False,False,False
BAJFINANCE,EQ,2024-03-05,6602.45,6602.45,6636.25,6272.0,6333.0,6324.25,6410.17,1717558,11009834235.6,188901,816803,47.56,-0.042135873804421,10.0,660.245,663.625,627.2,632.425,633.3,641.017,660.245,-0.04213587380442119,False,False,False
BAJFINANCE,EQ,2024-03-06,6324.25,6332.5,6345.9,6187.8,6307.95,6311.25,6259.12,2104792,13174151475.1,214796,1169952,55.59,-0.0020555797130094,10.0,633.25,634.5899999999999,618.78,631.125,630.795,625.912,632.425,-0.0020555797130094033,False,False,False
BAJFINANCE,EQ,2024-03-07,6311.25,6350.0,6468.6,6325.4,6428.0,6421.05,6420.39,1469421,9434250491.0,125772,747947,50.9,0.0173975044563279,10.0,635.0,646.86,632.54,642.105,642.8,642.039,631.125,0.017397504456327928,False,False,False
BAJFINANCE,EQ,2024-03-11,6421.05,6550.0,6552.0,6404.0,6430.1,6433.75,6453.74,1203971,7770119488.4,117410,689520,57.27,0.0019778696630612,10.0,655.0,655.2,640.4,643.375,643.01,645.374,642.105,0.001977869663061238,False,False,False
BAJFINANCE,EQ,2024-03-12,6433.75,6405.0,6485.0,6341.35,6449.0,6436.05,6431.1,1094677,7039981336.2,124823,438231,40.03,0.0003574897998834,10.0,640.5,648.5,634.135,643.605,644.9,643.11,643.375,0.0003574897998834814,False,False,False
BAJFINANCE,EQ,2024-03-13,6436.05,6439.25,6514.95,6391.55,6450.0,6456.15,6460.81,1132183,7314819135.6,117966,519024,45.84,0.003123033537651,10.0,643.925,651.495,639.155,645.615,645.0,646.081,643.605,0.0031230335376510876,False,False,False
BAJFINANCE,EQ,2024-03-14,6456.15,6456.15,6470.0,6297.8,6380.1,6397.45,6402.89,1219865,7810655558.5,167464,610248,50.03,-0.009092105976472,10.0,645.615,647.0,629.78,639.745,638.01,640.289,645.615,-0.009092105976472031,False,False,False
BAJFINANCE,EQ,2024-03-15,6397.45,6375.05,6578.0,6360.0,6485.05,6514.35,6494.75,1970500,12797905664.35,145174,956669,48.55,0.0182729056108295,10.0,637.505,657.8,636.0,651.4350000000001,648.505,649.475,639.745,0.018272905610829504,False,False,False
BAJFINANCE,EQ,2024-03-18,6514.35,6514.35,6555.0,6456.1,6500.0,6504.65,6512.9,676425,4405485502.15,56478,356022,52.63,-0.0014890203934392,10.0,651.4350000000001,655.5,645.61,650.4649999999999,650.0,651.29,651.4350000000001,-0.0014890203934393442,False,False,False
BAJFINANCE,EQ,2024-03-19,6504.65,6509.7,6667.2,6505.0,6586.0,6596.25,6595.57,1408087,9287131126.55,144924,477626,33.92,0.0140822334791266,10.0,650.97,666.72,650.5,659.625,658.6,659.557,650.4649999999999,0.014082233479126627,False,False,False
BAJFINANCE,EQ,2024-03-20,6596.25,6610.0,6731.0,6606.0,6653.0,6649.5,6674.65,1490831,9950782490.0,142973,848600,56.92,0.0080727686185333,10.0,661.0,673.1,660.6,664.95,665.3,667.4649999999999,659.625,0.008072768618533344,False,False,False
BAJFINANCE,EQ,2024-03-21,6649.5,6707.5,6771.65,6657.15,6710.0,6715.75,6711.96,1806092,12122411866.9,172301,1160001,64.23,0.0099631551244454,10.0,670.75,677.165,665.7149999999999,671.575,671.0,671.196,664.95,0.009963155124445455,False,False,False
BAJFINANCE,EQ,2024-03-22,6715.75,6705.0,6803.0,6686.3,6763.0,6760.9,6759.84,1125238,7606428261.65,121585,544129,48.36,0.006723001898522,10.0,670.5,680.3,668.63,676.0899999999999,676.3,675.984,671.575,0.006723001898522041,False,False,False
BAJFINANCE,EQ,2024-03-26,6760.9,6754.5,6945.0,6745.0,6925.0,6910.1,6902.09,1850321,12771090831.2,159954,1050130,56.75,0.0220680678607878,10.0,675.45,694.5,674.5,691.01,692.5,690.2090000000001,676.0899999999999,0.022068067860787854,False,False,False
BAJFINANCE,EQ,2024-03-27,6910.1,6945.75,7049.0,6905.0,7029.0,7022.75,6987.02,1551275,10838788558.9,122654,1012362,65.26,0.0163022242804011,10.0,694.575,704.9,690.5,702.275,702.9,698.702,691.01,0.01630222428040118,False,False,False
BAJFINANCE,EQ,2024-03-28,7022.75,7032.1,7349.3,7032.1,7235.05,7245.25,7247.76,3574518,25907257217.55,328451,1547951,43.31,0.0316827453632835,10.0,703.21,734.9300000000001,703.21,724.525,723.505,724.7760000000001,702.275,0.031682745363283527,False,False,False
BAJFINANCE,EQ,2024-04-01,7245.25,7261.25,7343.45,7220.05,7243.95,7250.95,7286.11,1125238,8198604277.35,82651,607545,53.99,0.000786722335323,10.0,726.125,734.345,722.005,725.095,724.395,728.611,724.525,0.0007867223353232866,False,False,False
BAJFINANCE,EQ,2024-04-02,7250.95,7250.95,7255.0,7135.0,7223.0,7207.4,7194.48,967615,6961483440.25,107512,417144,43.11,-0.0060061095442666,10.0,725.095,725.5,713.5,720.74,722.3,719.448,725.095,-0.0060061095442666135,False,False,False
BAJFINANCE,EQ,2024-04-03,7207.4,7197.0,7323.35,7186.15,7314.0,7309.25,7269.95,958943,6971467716.8,80725,508495,53.03,0.0141313094874713,10.0,719.7,732.335,718.615,730.925,731.4,726.995,720.74,0.0141313094874711,False,False,False
BAJFINANCE,EQ,2024-04-04,7309.25,7345.0,7350.0,7255.0,7291.95,7283.4,7308.48,1040589,7605120211.0,138082,352132,33.84,-0.0035366145637377,10.0,734.5,735.0,725.5,728.3399999999999,729.1949999999999,730.848,730.925,-0.003536614563737772,False,False,False
BAJFINANCE,EQ,2024-04-05,7283.4,7234.75,7259.0,7156.0,7189.65,7175.65,7195.21,1200494,8637807717.85,105538,486289,40.51,-0.0147939149298405,10.0,723.475,725.9,715.6,717.5649999999999,718.9649999999999,719.521,728.3399999999999,-0.01479391492984039,False,False,False
BAJFINANCE,EQ,2024-04-08,7175.65,7215.0,7226.95,7142.8,7180.0,7178.55,7175.43,518210,3718381437.3,51026,282795,54.57,0.0004041445722688,10.0,721.5,722.6949999999999,714.28,717.855,718.0,717.543,717.5649999999999,0.0004041445722688941,False,False,False
BAJFINANCE,EQ,2024-04-09,7178.55,7220.0,7235.35,7124.5,7189.0,7193.6,7184.53,710281,5103032470.1,79057,299578,42.18,0.0020965236712149,10.0,722.0,723.5350000000001,712.45,719.36,718.9,718.453,717.855,0.0020965236712149338,False,False,False
BAJFINANCE,EQ,2024-04-10,7193.6,7235.9,7254.0,7160.0,7219.85,7230.25,7210.99,567986,4095743503.75,58478,271200,47.75,0.0050948064946618,10.0,723.5899999999999,725.4,716.0,723.025,721.985,721.0989999999999,719.36,0.005094806494661874,False,False,False
BAJFINANCE,EQ,2024-04-12,7230.25,7224.0,7264.0,7156.3,7210.0,7229.55,7218.76,1092588,7887126736.5,120592,574018,52.54,-9.681546281248288e-05,10.0,722.4,726.4,715.63,722.955,721.0,721.876,723.025,-9.681546281237186e-05,False,False,False
BAJFINANCE,EQ,2024-04-15,7229.55,7145.05,7198.8,7063.45,7065.0,7076.25,7125.8,758448,5404548928.15,68913,385739,50.86,-0.021204639292902,10.0,714.505,719.88,706.345,707.625,706.5,712.58,722.955,-0.02120463929290206,False,False,False
BAJFINANCE,EQ,2024-04-16,7076.25,7009.95,7034.3,6931.0,6956.55,6954.25,6969.1,963293,6713285527.0,93098,402366,41.77,-0.0172407701819466,10.0,700.995,703.4300000000001,693.1,695.425,695.655,696.9100000000001,707.625,-0.017240770181946696,False,False,False
BAJFINANCE,EQ,2024-04-18,6954.25,6928.1,6995.0,6866.0,6895.0,6893.2,6914.0,1385133,9576814620.95,137063,737348,53.23,-0.0087788043282884,10.0,692.8100000000001,699.5,686.6,689.3199999999999,689.5,691.4,695.425,-0.008778804328288481,False,False,False
BAJFINANCE,EQ,2024-04-19,6893.2,6840.05,7150.0,6810.05,7110.0,7119.5,6993.4,1218375,8520584081.5,130411,482523,39.6,0.0328294551151859,10.0,684.005,715.0,681.005,711.95,711.0,699.3399999999999,689.3199999999999,0.0328294551151862,False,False,False
BAJFINANCE,EQ,2024-04-22,7119.5,7167.3,7306.0,7167.3,7300.0,7292.2,7259.62,1165272,8459436651.1,83119,639431,54.87,0.0242573214411123,10.0,716.73,730.6,716.73,729.22,730.0,725.962,711.95,0.024257321441112367,False,False,False
BAJFINANCE,EQ,2024-04-23,7292.2,7309.0,7339.9,7236.8,7241.0,7259.9,7281.84,1081567,7875796849.7,83420,641112,59.28,-0.0044293903074518,10.0,730.9,733.99,723.6800000000001,725.99,724.1,728.184,729.22,-0.004429390307451819,False,False,False
BAJFINANCE,EQ,2024-04-24,7259.9,7283.0,7419.45,7250.0,7317.15,7329.15,7330.78,886929,6501881232.0,68112,390379,44.01,0.0095386988801497,10.0,728.3,741.9449999999999,725.0,732.915,731.7149999999999,733.078,725.99,0.009538698880149798,False,False,False
BAJFINANCE,EQ,2024-04-25,7329.15,7330.0,7364.85,7125.1,7296.0,7294.9,7275.33,1173354,8536537811.9,128179,387906,33.06,-0.0046731203481986,10.0,733.0,736.485,712.51,729.49,729.6,727.533,732.915,-0.004673120348198556,False,False,False
BAJFINANCE,EQ,2024-04-26,7294.9,7000.0,7000.0,6691.5,6730.8,6731.2,6789.81,5814723,39480873196.0,571297,3114198,53.56,-0.0772731634429533,10.0,700.0,700.0,669.15,673.12,673.08,678.981,729.49,-0.07727316344295332,False,False,False
BAJFINANCE,EQ,2024-04-29,6731.2,6789.95,6839.6,6713.05,6820.0,6826.6,6783.41,1681030,11403121434.25,168091,881679,52.45,0.0141728072260518,10.0,678.995,683.96,671.3050000000001,682.6600000000001,682.0,678.341,673.12,0.014172807226051853,False,False,False
BAJFINANCE,EQ,2024-04-30,6826.6,6829.95,6975.0,6821.95,6903.05,6923.55,6906.11,1798675,12421845001.05,178938,895443,49.78,0.0142017988456917,10.0,682.995,697.5,682.1949999999999,692.355,690.3050000000001,690.611,682.6600000000001,0.014201798845691727,False,False,False
BAJFINANCE,EQ,2024-05-02,6923.55,6937.85,6969.95,6865.0,6895.0,6882.7,6907.16,1139572,7871203308.15,141680,440737,38.68,-0.0059001523784764,10.0,693.7850000000001,696.995,686.5,688.27,689.5,690.716,692.355,-0.005900152378476409,False,False,False
BAJFINANCE,EQ,2024-05-03,6882.7,7329.0,7400.0,6906.95,6927.0,6931.5,7142.34,6818601,48700767184.4,620830,2255648,33.08,0.0070902407485435,10.0,732.9,740.0,690.6949999999999,693.15,692.7,714.234,688.27,0.007090240748543364,False,False,False
BAJFINANCE,EQ,2024-05-06,6931.5,7007.95,7019.95,6845.0,6868.0,6859.85,6917.67,1229988,8508647259.1,134596,567963,46.18,-0.0103368679218062,10.0,700.795,701.995,684.5,685.985,686.8,691.767,693.15,-0.010336867921806214,False,False,False
BAJFINANCE,EQ,2024-05-07,6859.85,6889.95,6943.1,6788.0,6880.0,6872.55,6860.79,1298126,8906168074.6,158816,537157,41.38,0.00185135243482,10.0,688.995,694.3100000000001,678.8,687.255,688.0,686.079,685.985,0.0018513524348200416,False,False,False
BAJFINANCE,EQ,2024-05-08,6872.55,6871.5,6879.55,6785.0,6805.9,6799.45,6823.03,725925,4953005007.5,78311,390534,53.8,-0.0106365177408677,10.0,687.15,687.955,678.5,679.9449999999999,680.5899999999999,682.303,687.255,-0.010636517740867713,False,False,False
BAJFINANCE,EQ,2024-05-09,6799.45,6799.9,6832.7,6585.0,6604.4,6605.15,6689.68,1381115,9239214211.75,199714,720293,52.15,-0.0285758406929972,10.0,679.99,683.27,658.5,660.515,660.4399999999999,668.9680000000001,679.9449999999999,-0.028575840692997123,False,False,False
BAJFINANCE,EQ,2024-05-10,6605.15,6638.9,6698.0,6601.2,6675.0,6684.15,6653.91,824908,5488863432.75,89183,369601,44.81,0.0119603642612204,10.0,663.89,669.8,660.12,668.415,667.5,665.391,660.515,0.011960364261220269,False,False,False
BAJFINANCE,EQ,2024-05-13,6684.15,6684.0,6744.3,6620.0,6725.0,6718.75,6688.0,512256,3425968285.35,57932,208595,40.72,0.005176424825894,10.0,668.4,674.4300000000001,662.0,671.875,672.5,668.8,668.415,0.005176424825894088,False,False,False
BAJFINANCE,EQ,2024-05-14,6718.75,6710.0,6741.85,6657.6,6682.0,6675.7,6689.29,755840,5056031121.2,80752,386496,51.13,-0.0064074418604651,10.0,671.0,674.1850000000001,665.76,667.5699999999999,668.2,668.929,671.875,-0.006407441860465157,False,False,False
BAJFINANCE,EQ,2024-05-15,6675.7,6692.0,6731.95,6645.05,6681.0,6680.0,6675.87,595059,3972536173.3,66399,296984,49.91,0.0006441272076336,10.0,669.2,673.1949999999999,664.505,668.0,668.1,667.587,667.5699999999999,0.0006441272076338489,False,False,False
BAJFINANCE,EQ,2024-05-16,6680.0,6700.35,6762.1,6623.05,6731.0,6747.15,6684.2,1059851,7084252921.1,136756,353866,33.39,0.0100523952095807,10.0,670.0350000000001,676.21,662.3050000000001,674.7149999999999,673.1,668.42,668.0,0.010052395209580789,False,False,False
BAJFINANCE,EQ,2024-05-17,6747.15,6747.0,6780.0,6701.05,6731.95,6727.4,6739.52,480158,3236035649.3,62588,166839,34.75,-0.0029271618387022,10.0,674.7,678.0,670.105,672.74,673.1949999999999,673.952,674.7149999999999,-0.002927161838702119,False,False,False
BAJFINANCE,EQ,2024-05-18,6727.4,6725.0,6758.0,6725.0,6739.0,6738.0,6740.49,49892,336296646.75,5268,21490,43.07,0.0015756458661593,10.0,672.5,675.8,672.5,673.8,673.9,674.049,672.74,0.0015756458661591033,False,False,False
BAJFINANCE,EQ,2024-05-21,6738.0,6705.0,6785.0,6705.0,6755.0,6742.85,6738.25,761624,5132010176.8,83977,413615,54.31,0.0007197981596913,10.0,670.5,678.5,670.5,674.2850000000001,675.5,673.825,673.8,0.000719798159691587,False,False,False
BAJFINANCE,EQ,2024-05-22,6742.85,6777.45,6777.45,6727.25,6754.0,6744.55,6752.79,416046,2809471430.75,44244,217917,52.38,0.0002521189111428,10.0,677.745,677.745,672.725,674.455,675.4,675.279,674.2850000000001,0.00025211891114285123,False,False,False
BAJFINANCE,EQ,2024-05-23,6744.55,6759.55,6853.5,6730.05,6825.0,6826.65,6801.7,709317,4824561943.3,89812,287529,40.54,0.0121727913648796,10.0,675.955,685.35,673.005,682.665,682.5,680.17,674.455,0.012172791364879698,False,False,False
BAJFINANCE,EQ,2024-05-24,6826.65,6820.0,6910.0,6793.0,6828.8,6836.9,6863.45,742043,5092972278.55,82955,361096,48.66,0.0015014685094445,10.0,682.0,691.0,679.3,683.6899999999999,682.88,686.345,682.665,0.001501468509444548,False,False,False
BAJFINANCE,EQ,2024-05-27,6836.9,6859.0,6959.55,6810.0,6895.0,6895.5,6904.55,655471,4525729414.85,71066,308974,47.14,0.0085711360411884,10.0,685.9,695.955,681.0,689.55,689.5,690.455,683.6899999999999,0.008571136041188199,False,False,False
BAJFINANCE,EQ,2024-05-28,6895.5,6913.95,6945.0,6856.9,6880.0,6873.05,6900.63,752867,5195254896.95,89685,357655,47.51,-0.0032557465013414,10.0,691.395,694.5,685.6899999999999,687.3050000000001,688.0,690.063,689.55,-0.0032557465013413056,False,False,False
BAJFINANCE,EQ,2024-05-29,6873.05,6878.0,6908.0,6785.35,6791.65,6806.7,6854.68,721331,4944492572.1,60716,429087,59.49,-0.0096536472163013,10.0,687.8,690.8,678.5350000000001,680.67,679.165,685.4680000000001,687.3050000000001,-0.009653647216301464,False,False,False
BAJFINANCE,EQ,2024-05-30,6806.7,6779.9,6798.95,6594.05,6629.9,6616.45,6666.81,1155575,7703999997.4,150041,679362,58.79,-0.0279504018099813,10.0,677.99,679.895,659.405,661.645,662.99,666.681,680.67,-0.027950401809981318,False,False,False
BAJFINANCE,EQ,2024-05-31,6616.45,6664.95,6771.95,6642.4,6732.5,6697.7,6708.89,2841733,19064883447.35,150667,1942006,68.34,0.0122799990931692,10.0,666.495,677.1949999999999,664.24,669.77,673.25,670.889,661.645,0.012279999093169236,False,False,False
BAJFINANCE,EQ,2024-06-03,6697.7,6948.85,6988.7,6832.95,6920.0,6915.55,6926.55,1148212,7953149496.25,109211,655450,57.08,0.0325260910461799,10.0,694.885,698.87,683.295,691.5550000000001,692.0,692.655,669.77,0.032526091046180206,False,False,False
BAJFINANCE,EQ,2024-06-04,6915.55,6915.95,6915.95,6375.7,6550.0,6509.55,6622.74,3299387,21850987461.4,325423,1383931,41.95,-0.0587082733838957,10.0,691.595,691.595,637.5699999999999,650.955,655.0,662.274,691.5550000000001,-0.058708273383895726,False,False,False
BAJFINANCE,EQ,2024-06-05,6509.55,6604.0,6862.0,6535.55,6836.0,6836.65,6722.32,1218517,8191256807.3,135988,657388,53.95,0.0502492491800508,10.0,660.4,686.2,653.5550000000001,683.665,683.6,672.232,650.955,0.0502492491800508,False,False,False
BAJFINANCE,EQ,2024-06-06,6836.65,6850.0,7012.95,6822.3,6924.0,6925.8,6932.58,1465716,10161191156.5,159320,744530,50.8,0.0130400122867193,10.0,685.0,701.295,682.23,692.58,692.4,693.258,683.665,0.013040012286719582,False,False,False
BAJFINANCE,EQ,2024-06-07,6925.8,6995.0,7299.0,6941.0,7175.0,7191.4,7159.15,2984052,21363281429.45,225585,1105139,37.03,0.0383493603627016,10.0,699.5,729.9,694.1,719.14,717.5,715.915,692.58,0.038349360362701645,False,False,False
BAJFINANCE,EQ,2024-06-10,7191.4,7250.0,7250.0,7075.25,7081.55,7088.85,7141.92,872318,6230023590.95,89665,458110,52.52,-0.0142600884389686,10.0,725.0,725.0,707.525,708.885,708.155,714.192,719.14,-0.014260088438968754,False,False,False
BAJFINANCE,EQ,2024-06-11,7088.85,7083.0,7169.0,7051.0,7149.0,7138.1,7130.46,1205213,8593720571.7,113947,594662,49.34,0.0069475302764199,10.0,708.3,716.9,705.1,713.8100000000001,714.9,713.046,708.885,0.006947530276420144,False,False,False
BAJFINANCE,EQ,2024-06-12,7138.1,7148.0,7277.0,7115.0,7225.0,7217.75,7226.06,1268508,9166320923.85,112607,724698,57.13,0.0111584315153892,10.0,714.8,727.7,711.5,721.775,722.5,722.606,713.8100000000001,0.0111584315153892,False,False,False
BAJFINANCE,EQ,2024-06-13,7217.75,7252.2,7325.0,7232.15,7289.0,7294.95,7287.98,1345495,9805940005.85,102871,880347,65.43,0.0106958539711128,10.0,725.22,732.5,723.2149999999999,729.495,728.9,728.798,721.775,0.010695853971112834,False,False,False
BAJFINANCE,EQ,2024-06-14,7294.95,7296.05,7370.0,7247.0,7340.5,7341.55,7326.5,1187488,8700131590.0,93722,700800,59.02,0.0063879807263929,10.0,729.605,737.0,724.7,734.155,734.05,732.65,729.495,0.006387980726392906,False,False,False
BAJFINANCE,EQ,2024-06-18,7341.55,7365.0,7429.45,7300.0,7321.0,7334.7,7360.56,946904,6969748285.6,97811,441016,46.57,-0.0009330454740484,10.0,736.5,742.9449999999999,730.0,733.47,732.1,736.056,734.155,-0.0009330454740482663,False,False,False
BAJFINANCE,EQ,2024-06-19,7334.7,7334.7,7348.95,7177.9,7234.15,7233.95,7255.43,520400,3775728250.45,62047,191314,36.76,-0.0137360764584781,10.0,733.47,734.895,717.79,723.395,723.415,725.543,733.47,-0.013736076458478297,False,False,False
BAJFINANCE,EQ,2024-06-20,7233.95,7220.0,7264.9,7111.0,7215.0,7207.1,7184.01,900158,6466746499.1,110362,362412,40.26,-0.0037116651345391,10.0,722.0,726.49,711.1,720.71,721.5,718.4010000000001,723.395,-0.0037116651345391327,False,False,False
BAJFINANCE,EQ,2024-06-21,7207.1,7239.3,7265.0,7075.0,7113.0,7134.25,7131.59,1499818,10696080598.05,147750,742614,49.51,-0.0101080878578069,10.0,723.9300000000001,726.5,707.5,713.425,711.3,713.159,720.71,-0.010108087857807035,False,False,False
BAJFINANCE,EQ,2024-06-24,7134.25,7076.0,7106.95,7020.55,7084.8,7081.85,7069.34,635654,4493652338.35,59207,319762,50.3,-0.0073448505449065,10.0,707.6,710.6949999999999,702.0550000000001,708.1850000000001,708.48,706.934,713.425,-0.007344850544906412,False,False,False
BAJFINANCE,EQ,2024-06-25,7081.85,7101.0,7140.0,6998.0,7082.05,7074.45,7062.32,1560811,11022940326.15,155247,511263,32.76,-0.0010449247018787,10.0,710.1,714.0,699.8,707.4449999999999,708.205,706.232,708.1850000000001,-0.001044924701878891,False,False,False
BAJFINANCE,EQ,2024-06-26,7074.45,7070.0,7179.25,7035.0,7148.0,7158.2,7118.57,912552,6496064378.15,90882,474529,52.0,0.0118383761281795,10.0,707.0,717.925,703.5,715.8199999999999,714.8,711.857,707.4449999999999,0.011838376128179506,False,False,False
BAJFINANCE,EQ,2024-06-27,7158.2,7150.0,7239.0,7083.05,7170.0,7166.75,7162.92,1137606,8148578517.55,138114,417001,36.66,0.0011944343550054,10.0,715.0,723.9,708.3050000000001,716.675,717.0,716.292,715.8199999999999,0.001194434355005436,False,False,False
BAJFINANCE,EQ,2024-06-28,7166.75,7165.0,7226.0,7105.3,7119.0,7115.55,7145.35,829584,5927671837.8,92953,420233,50.66,-0.0071441029755467,10.0,716.5,722.6,710.53,711.5550000000001,711.9,714.5350000000001,716.675,-0.0071441029755466845,False,False,False
BAJFINANCE,EQ,2024-07-01,7115.55,7075.0,7304.0,7075.0,7262.2,7276.75,7215.1,772745,5575435152.85,70472,302113,39.1,0.0226546085685575,10.0,707.5,730.4,707.5,727.675,726.22,721.51,711.5550000000001,0.0226546085685575,False,False,False
BAJFINANCE,EQ,2024-07-02,7276.75,7275.0,7275.95,7122.0,7158.8,7165.6,7173.56,1281027,9189527030.4,128205,447912,34.97,-0.0152746761947297,10.0,727.5,727.595,712.2,716.5600000000001,715.88,717.356,727.675,-0.015274676194729664,False,False,False
BAJFINANCE,EQ,2024-07-03,7165.6,7189.95,7284.65,7170.0,7265.4,7258.8,7234.45,836393,6050844929.95,82895,459247,54.91,0.0130065870269062,10.0,718.995,728.4649999999999,717.0,725.88,726.54,723.4449999999999,716.5600000000001,0.013006587026906269,False,False,False
BAJFINANCE,EQ,2024-07-04,7258.8,7301.05,7325.0,7100.0,7109.0,7107.05,7182.11,1897977,13631486626.25,133300,826903,43.57,-0.0209056593376315,10.0,730.105,732.5,710.0,710.705,710.9,718.211,725.88,-0.020905659337631555,False,False,False
BAJFINANCE,EQ,2024-07-05,7107.05,7134.0,7149.9,7077.0,7127.0,7138.0,7115.41,931079,6625012346.7,89558,390996,41.99,0.004354830766633,10.0,713.4,714.99,707.7,713.8,712.7,711.5409999999999,710.705,0.004354830766633011,False,False,False
BAJFINANCE,EQ,2024-07-08,7138.0,7144.95,7147.65,7047.0,7099.0,7098.25,7086.97,677705,4802876115.1,55085,347032,51.21,-0.005568786775007,10.0,714.495,714.765,704.7,709.825,709.9,708.697,713.8,-0.005568786775006829,False,False,False
BAJFINANCE,EQ,2024-07-09,7098.25,7109.85,7142.4,7042.0,7055.0,7068.05,7073.47,973503,6886046000.85,79828,553370,56.84,-0.004254569788328,10.0,710.985,714.24,704.2,706.8050000000001,705.5,707.347,709.825,-0.004254569788328055,False,False,False
BAJFINANCE,EQ,2024-07-10,7068.05,7068.0,7129.35,7021.0,7045.0,7054.95,7068.22,809714,5723233363.8,80417,465004,57.43,-0.0018534107710047,10.0,706.8,712.9350000000001,702.1,705.495,704.5,706.822,706.8050000000001,-0.0018534107710048708,False,False,False
BAJFINANCE,EQ,2024-07-11,7054.95,7087.9,7087.9,6930.0,6958.8,6950.3,6971.42,971801,6774835936.6,110645,486869,50.1,-0.0148335565808404,10.0,708.79,708.79,693.0,695.03,695.88,697.142,705.495,-0.014833556580840401,False,False,False
BAJFINANCE,EQ,2024-07-12,6950.3,6996.95,7045.0,6915.05,7008.0,7004.3,6989.82,1068833,7470950108.15,106238,503019,47.06,0.0077694488007711,10.0,699.6949999999999,704.5,691.505,700.4300000000001,700.8,698.982,695.03,0.00776944880077135,False,False,False
BAJFINANCE,EQ,2024-07-15,7004.3,7020.05,7085.0,6995.25,7060.0,7063.75,7052.13,533373,3761416959.1,55149,274006,51.37,0.008487643304827,10.0,702.005,708.5,699.525,706.375,706.0,705.213,700.4300000000001,0.008487643304826875,False,False,False
BAJFINANCE,EQ,2024-07-16,7063.75,7080.0,7090.0,7005.2,7045.0,7059.1,7056.65,558200,3939023748.0,52732,253468,45.41,-0.000658290568041,10.0,708.0,709.0,700.52,705.9100000000001,704.5,705.665,706.375,-0.0006582905680408979,False,False,False
BAJFINANCE,EQ,2024-07-18,7059.1,7047.1,7117.9,6971.15,7104.0,7110.0,7059.68,864605,6103833864.2,103410,348037,40.25,0.0072105509200888,10.0,704.71,711.79,697.115,711.0,710.4,705.9680000000001,705.9100000000001,0.007210550920088821,False,False,False
BAJFINANCE,EQ,2024-07-19,7110.0,7110.0,7110.0,6910.0,6923.0,6932.3,6994.75,938598,6565258706.05,97716,501206,53.4,-0.0249929676511955,10.0,711.0,711.0,691.0,693.23,692.3,699.475,711.0,-0.02499296765119552,False,False,False
BAJFINANCE,EQ,2024-07-22,6932.3,6932.0,6958.6,6849.4,6892.0,6884.25,6906.89,575193,3972796913.85,52812,279370,48.57,-0.0069313214950305,10.0,693.2,695.86,684.9399999999999,688.425,689.2,690.6890000000001,693.23,-0.006931321495030618,False,False,False
BAJFINANCE,EQ,2024-07-23,6884.25,6934.0,6944.85,6620.0,6728.0,6727.1,6762.85,1932212,13067260412.85,203731,775268,40.12,-0.0228274684969314,10.0,693.4,694.485,662.0,672.71,672.8,676.2850000000001,688.425,-0.02282746849693129,False,False,False
BAJFINANCE,EQ,2024-07-24,6727.1,6630.0,6654.7,6541.05,6614.9,6607.15,6582.68,3100626,20410439669.35,303652,1681737,54.24,-0.0178308632248667,10.0,663.0,665.47,654.105,660.7149999999999,661.49,658.268,672.71,-0.01783086322486671,False,False,False
BAJFINANCE,EQ,2024-07-25,6607.15,6560.0,6666.0,6551.45,6660.0,6647.75,6624.67,950965,6299830192.9,87496,444297,46.72,0.0061448582217749,10.0,656.0,666.6,655.145,664.775,666.0,662.467,660.7149999999999,0.006144858221774907,False,False,False
BAJFINANCE,EQ,2024-07-26,6647.75,6675.05,6808.4,6667.1,6799.5,6789.75,6766.26,1110184,7511791200.1,144585,595151,53.61,0.0213606107329547,10.0,667.505,680.8399999999999,666.71,678.975,679.95,676.626,664.775,0.02136061073295492,False,False,False
BAJFINANCE,EQ,2024-07-29,6789.75,6823.85,6855.0,6765.75,6820.0,6812.45,6814.64,748565,5101201683.9,107143,422700,56.47,0.0033432747892043,10.0,682.385,685.5,676.575,681.245,682.0,681.464,678.975,0.0033432747892043757,False,False,False
BAJFINANCE,EQ,2024-07-30,6812.45,6812.45,6899.0,6783.0,6807.1,6823.6,6840.0,1179413,8067189280.9,145013,443728,37.62,0.0016367092602516,10.0,681.245,689.9,678.3,682.36,680.71,684.0,681.245,0.00163670926025139,False,False,False
BAJFINANCE,EQ,2024-07-31,6823.6,6826.95,6855.0,6793.0,6809.45,6806.95,6821.38,889659,6068699460.5,72380,609060,68.46,-0.0024400609648866,10.0,682.6949999999999,685.5,679.3,680.6949999999999,680.9449999999999,682.138,682.36,-0.0024400609648866922,False,False,False
BAJFINANCE,EQ,2024-08-01,6806.95,6831.5,6844.0,6750.0,6768.0,6771.65,6793.27,839523,5703110032.25,79045,520690,62.02,-0.0051858762000602,10.0,683.15,684.4,675.0,677.165,676.8,679.327,680.6949999999999,-0.005185876200060169,False,False,False
BAJFINANCE,EQ,2024-08-02,6771.65,6725.0,6750.0,6673.1,6720.8,6725.0,6723.48,622218,4183469919.4,78327,304157,48.88,-0.0068890152326241,10.0,672.5,675.0,667.3100000000001,672.5,672.08,672.348,677.165,-0.006889015232624196,False,False,False
BAJFINANCE,EQ,2024-08-05,6725.0,6650.0,6650.0,6532.6,6600.0,6596.7,6587.04,944041,6218435946.9,96566,497454,52.69,-0.0190780669144982,10.0,665.0,665.0,653.26,659.67,660.0,658.704,672.5,-0.019078066914498204,False,False,False
BAJFINANCE,EQ,2024-08-06,6596.7,6626.0,6697.0,6511.5,6554.9,6538.35,6583.77,891828,5871590364.8,89592,421317,47.24,-0.0088453317567873,10.0,662.6,669.7,651.15,653.835,655.49,658.3770000000001,659.67,-0.008845331756787367,False,False,False
BAJFINANCE,EQ,2024-08-07,6538.35,6600.0,6659.35,6581.1,6634.0,6637.15,6631.03,464284,3078681121.25,50099,233829,50.36,0.0151108460085493,10.0,660.0,665.9350000000001,658.11,663.7149999999999,663.4,663.103,653.835,0.015110846008549395,False,False,False
BAJFINANCE,EQ,2024-08-08,6637.15,6625.05,6678.05,6571.35,6578.0,6582.2,6616.64,690389,4568057247.85,69608,344834,49.95,-0.0082791559630263,10.0,662.505,667.8050000000001,657.135,658.22,657.8,661.664,663.7149999999999,-0.008279155963026086,False,False,False
BAJFINANCE,EQ,2024-08-09,6582.2,6700.0,6700.0,6591.0,6625.0,6618.2,6613.81,699490,4626292347.2,68270,430543,61.55,0.0054692959800675,10.0,670.0,670.0,659.1,661.8199999999999,662.5,661.3810000000001,658.22,0.00546929598006729,False,False,False
BAJFINANCE,EQ,2024-08-12,6618.2,6619.1,6645.0,6564.05,6600.0,6608.15,6608.56,674887,4460033263.25,57291,403841,59.84,-0.0015185397842314,10.0,661.9100000000001,664.5,656.405,660.8149999999999,660.0,660.856,661.8199999999999,-0.001518539784231332,False,False,False
BAJFINANCE,EQ,2024-08-13,6608.15,6644.95,6644.95,6452.2,6480.0,6465.05,6531.48,1072327,7003886318.05,120346,570746,53.22,-0.0216550774422492,10.0,664.495,664.495,645.22,646.505,648.0,653.1479999999999,660.8149999999999,-0.02165507744224926,False,False,False
BAJFINANCE,EQ,2024-08-14,6465.05,6482.5,6489.95,6430.95,6474.0,6458.5,6454.93,774276,4997895619.3,90976,437223,56.47,-0.0010131398829088,10.0,648.25,648.995,643.095,645.85,647.4,645.493,646.505,-0.0010131398829088534,False,False,False
BAJFINANCE,EQ,2024-08-16,6458.5,6505.0,6600.0,6425.0,6585.95,6590.9,6518.16,753419,4910903764.3,92530,357488,47.45,0.0205001161260354,10.0,650.5,660.0,642.5,659.0899999999999,658.595,651.816,645.85,0.020500116126035195,False,False,False
BAJFINANCE,EQ,2024-08-19,6590.9,6638.0,6656.0,6593.6,6619.0,6616.35,6617.09,528730,3498655983.4,61108,279734,52.91,0.0038613846363926,10.0,663.8,665.6,659.36,661.635,661.9,661.7090000000001,659.0899999999999,0.0038613846363926285,False,False,False
BAJFINANCE,EQ,2024-08-20,6616.35,6647.35,6773.9,6616.35,6710.4,6722.2,6714.28,957159,6426635507.05,115658,490767,51.27,0.0159982467674775,10.0,664.735,677.39,661.635,672.22,671.04,671.428,661.635,0.01599824676747752,False,False,False
BAJFINANCE,EQ,2024-08-21,6722.2,6721.95,6747.3,6695.0,6734.0,6735.35,6730.52,633111,4261169264.1,61864,429646,67.86,0.0019562048139003,10.0,672.1949999999999,674.73,669.5,673.5350000000001,673.4,673.052,672.22,0.001956204813900353,False,False,False
BAJFINANCE,EQ,2024-08-22,6735.35,6750.0,6765.0,6723.9,6745.0,6743.6,6746.48,728260,4913191079.25,79471,502258,68.97,0.001224880666929,10.0,675.0,676.5,672.39,674.36,674.5,674.6479999999999,673.5350000000001,0.0012248806669288292,False,False,False
BAJFINANCE,EQ,2024-08-23,6743.6,6755.0,6762.0,6704.95,6732.0,6735.85,6736.95,618045,4163736372.5,55305,397774,64.36,-0.001149237795836,10.0,675.5,676.2,670.495,673.585,673.2,673.6949999999999,674.36,-0.0011492377958359778,False,False,False
BAJFINANCE,EQ,2024-08-26,6735.85,6776.0,6819.0,6756.05,6782.0,6778.35,6784.13,898343,6094476482.9,69051,625122,69.59,0.0063095229258371,10.0,677.6,681.9,675.605,677.835,678.2,678.413,673.585,0.0063095229258371965,False,False,False
BAJFINANCE,EQ,2024-08-27,6778.35,6778.35,6873.35,6730.0,6865.0,6863.6,6817.94,2035902,13880653632.65,137988,1191716,58.54,0.0125768070400613,10.0,677.835,687.335,673.0,686.36,686.5,681.794,677.835,0.012576807040061366,False,False,False
BAJFINANCE,EQ,2024-08-28,6863.6,6876.0,6917.0,6852.0,6900.0,6900.0,6888.81,848986,5848504187.75,78498,549796,64.76,0.0053033393554402,10.0,687.6,691.7,685.2,690.0,690.0,688.8810000000001,686.36,0.005303339355440251,False,False,False
BAJFINANCE,EQ,2024-08-29,6900.0,6889.05,7158.0,6881.55,7066.65,7063.55,7067.96,2639159,18653471149.9,241887,987836,37.43,0.0237028985507246,10.0,688.905,715.8,688.155,706.355,706.665,706.796,690.0,0.023702898550724605,False,False,False
BAJFINANCE,EQ,2024-08-30,7063.55,7071.05,7215.05,7071.05,7210.0,7200.15,7177.87,2044367,14674202525.3,152391,1112149,54.4,0.0193387177835506,10.0,707.105,721.505,707.105,720.015,721.0,717.787,706.355,0.019338717783550674,False,False,False
BAJFINANCE,EQ,2024-09-02,7200.15,7274.0,7450.0,7229.0,7420.0,7440.05,7374.26,2296378,16934082436.55,209089,989640,43.1,0.0333187503038132,10.0,727.4,745.0,722.9,744.005,742.0,737.426,720.015,0.03331875030381304,False,False,False
BAJFINANCE,EQ,2024-09-03,7440.05,7460.0,7460.0,7206.1,7338.5,7353.8,7311.48,1898656,13881984350.05,165740,698122,36.77,-0.0115926640277954,10.0,746.0,746.0,720.61,735.38,733.85,731.1479999999999,744.005,-0.011592664027795463,False,False,False
BAJFINANCE,EQ,2024-09-04,7353.8,7254.95,7377.0,7245.25,7297.9,7299.5,7307.13,886746,6479569195.65,79615,400080,45.12,-0.0073839375560934,10.0,725.495,737.7,724.525,729.95,729.79,730.713,735.38,-0.007383937556093345,False,False,False
BAJFINANCE,EQ,2024-09-05,7299.5,7320.0,7326.65,7193.0,7235.0,7244.9,7246.1,673447,4879864215.35,77709,294284,43.7,-0.007479964381122,10.0,732.0,732.665,719.3,724.49,723.5,724.61,729.95,-0.007479964381122084,False,False,False
BAJFINANCE,EQ,2024-09-06,7244.9,7255.55,7395.0,7255.55,7314.85,7317.15,7328.76,1842827,13505629079.25,166279,955834,51.87,0.0099725324021036,10.0,725.5550000000001,739.5,725.5550000000001,731.7149999999999,731.485,732.876,724.49,0.009972532402103385,False,False,False
BAJFINANCE,EQ,2024-09-09,7317.15,7324.0,7377.95,7262.8,7342.0,7347.45,7331.02,878938,6443513244.5,121880,449803,51.18,0.0041409565199566,10.0,732.4,737.795,726.28,734.745,734.2,733.1020000000001,731.7149999999999,0.004140956519956607,False,False,False
BAJFINANCE,EQ,2024-09-10,7347.45,7369.95,7369.95,7193.0,7244.0,7241.85,7247.41,1308932,9486362980.25,147151,606475,46.33,-0.0143723332584773,10.0,736.995,736.995,719.3,724.1850000000001,724.4,724.741,734.745,-0.01437233325847731,False,False,False
BAJFINANCE,EQ,2024-09-11,7241.85,7250.0,7432.0,7206.3,7361.0,7345.55,7343.73,1104890,8114015820.0,107918,448008,40.55,0.0143195454200237,10.0,725.0,743.2,720.63,734.5550000000001,736.1,734.3729999999999,724.1850000000001,0.014319545420024005,False,False,False
BAJFINANCE,EQ,2024-09-12,7345.55,7420.0,7440.0,7296.6,7417.0,7428.3,7391.68,1446764,10694021568.8,136881,655196,45.29,0.0112653239035878,10.0,742.0,744.0,729.6600000000001,742.83,741.7,739.168,734.5550000000001,0.01126532390358781,False,False,False
BAJFINANCE,EQ,2024-09-13,7428.3,7428.3,7660.0,7352.0,7596.0,7598.5,7553.47,2208438,16681366151.95,177346,794860,35.99,0.0229123756444946,10.0,742.83,766.0,735.2,759.85,759.6,755.347,742.83,0.022912375644494665,False,False,False
BAJFINANCE,EQ,2024-09-16,7598.5,7680.0,7680.0,7322.0,7342.0,7345.75,7453.97,2679555,19973329755.75,228453,1063653,39.7,-0.0332631440415871,10.0,768.0,768.0,732.2,734.575,734.2,745.397,759.85,-0.033263144041587145,False,False,False
BAJFINANCE,EQ,2024-09-17,7345.75,7337.5,7455.0,7286.15,7361.2,7365.5,7382.2,1567786,11573710141.4,137797,643597,41.05,0.0026886294796311,10.0,733.75,745.5,728.615,736.55,736.12,738.22,734.575,0.0026886294796308885,False,False,False
BAJFINANCE,EQ,2024-09-18,7365.5,7387.25,7672.5,7378.5,7613.0,7631.1,7583.53,2974993,22560942837.0,215987,1506232,50.63,0.0360600095037675,10.0,738.725,767.25,737.85,763.11,761.3,758.353,736.55,0.036060009503767754,False,False,False
BAJFINANCE,EQ,2024-09-19,7631.1,7675.0,7748.0,7560.0,7598.0,7590.35,7637.72,1720644,13141798915.4,136094,846003,49.17,-0.0053399903028397,10.0,767.5,774.8,756.0,759.0350000000001,759.8,763.772,763.11,-0.005339990302839603,False,False,False
BAJFINANCE,EQ,2024-09-20,7590.35,7635.0,7655.0,7487.25,7598.0,7582.45,7577.97,1645004,12465784114.1,150922,782346,47.56,-0.0010407952202468,10.0,763.5,765.5,748.725,758.245,759.8,757.797,759.0350000000001,-0.001040795220246915,False,False,False
BAJFINANCE,EQ,2024-09-23,7582.45,7625.75,7635.95,7531.7,7590.0,7595.1,7583.0,573497,4348826873.5,63656,312555,54.5,0.0016683262006345,10.0,762.575,763.595,753.17,759.51,759.0,758.3,758.245,0.0016683262006342847,False,False,False
BAJFINANCE,EQ,2024-09-24,7595.1,7597.0,7603.45,7483.9,7540.05,7554.2,7540.36,1069540,8064716233.3,108687,489445,45.76,-0.0053850508880726,10.0,759.7,760.345,748.39,755.42,754.005,754.036,759.51,-0.005385050888072618,False,False,False
BAJFINANCE,EQ,2024-09-25,7554.2,7545.0,7640.0,7498.05,7609.05,7623.9,7594.79,1272038,9660856892.35,115651,778331,61.19,0.0092266553705222,10.0,754.5,764.0,749.8050000000001,762.39,760.905,759.479,755.42,0.009226655370522474,False,False,False
BAJFINANCE,EQ,2024-09-26,7623.9,7640.0,7779.4,7587.55,7750.5,7768.4,7703.91,1668165,12851398916.45,135704,927432,55.6,0.0189535539553247,10.0,764.0,777.9399999999999,758.755,776.8399999999999,775.05,770.391,762.39,0.01895355395532472,False,False,False
BAJFINANCE,EQ,2024-09-27,7768.4,7780.0,7810.0,7711.0,7748.0,7756.0,7763.32,1178131,9146205846.85,111773,684255,58.08,-0.0015962102878327,10.0,778.0,781.0,771.1,775.6,774.8,776.332,776.8399999999999,-0.0015962102878326334,False,False,False
BAJFINANCE,EQ,2024-09-30,7756.0,7746.0,7824.0,7676.15,7697.85,7703.0,7748.89,961952,7454056729.75,84170,583809,60.69,-0.0068334192882929,10.0,774.6,782.4,767.615,770.3,769.7850000000001,774.889,775.6,-0.006833419288293063,False,False,False
BAJFINANCE,EQ,2024-10-01,7703.0,7660.1,7814.65,7651.0,7722.0,7703.0,7738.32,788288,6100025321.1,115033,345900,43.88,0.0,10.0,766.01,781.4649999999999,765.1,770.3,772.2,773.832,770.3,0.0,False,False,False
BAJFINANCE,EQ,2024-10-03,7703.0,7610.0,7700.0,7381.0,7417.6,7433.85,7521.47,1040662,7827307308.5,144760,503534,48.39,-0.0349409321043748,10.0,761.0,770.0,738.1,743.385,741.76,752.147,770.3,-0.03494093210437488,False,False,False
BAJFINANCE,EQ,2024-10-04,7433.85,7420.0,7430.0,7155.0,7221.0,7211.35,7271.26,1768111,12856397662.15,177344,623893,35.29,-0.0299306550441561,10.0,742.0,743.0,715.5,721.135,722.1,727.126,743.385,-0.02993065504415615,False,False,False
BAJFINANCE,EQ,2024-10-07,7211.35,7211.35,7324.0,7190.3,7260.0,7269.4,7253.42,936227,6790843408.1,100138,383730,40.99,0.0080498103683774,10.0,721.135,732.4,719.03,726.9399999999999,726.0,725.342,721.135,0.008049810368377486,False,False,False
BAJFINANCE,EQ,2024-10-08,7269.4,7264.85,7295.4,7160.05,7215.0,7186.95,7214.24,903805,6520266871.7,114674,515060,56.99,-0.0113420639942773,10.0,726.485,729.54,716.005,718.6949999999999,721.5,721.424,726.9399999999999,-0.011342063994277396,False,False,False
BAJFINANCE,EQ,2024-10-09,7186.95,7216.0,7426.8,7206.1,7308.45,7300.45,7341.32,1054375,7740502166.75,107226,474050,44.96,0.0157925128183722,10.0,721.6,742.6800000000001,720.61,730.045,730.845,734.132,718.6949999999999,0.01579251281837224,False,False,False
BAJFINANCE,EQ,2024-10-10,7300.45,7320.0,7368.0,7273.0,7329.0,7319.7,7325.48,559427,4098068992.95,70390,183583,32.82,0.0026368237574396,10.0,732.0,736.8,727.3,731.97,732.9,732.548,730.045,0.002636823757439677,False,False,False
BAJFINANCE,EQ,2024-10-11,7319.7,7325.0,7330.0,7226.05,7300.1,7302.0,7282.11,361587,2633116713.4,45268,135476,37.47,-0.0024181318906512,10.0,732.5,733.0,722.605,730.2,730.01,728.211,731.97,-0.0024181318906512095,False,False,False
BAJFINANCE,EQ,2024-10-14,7302.0,7292.7,7313.85,7200.0,7210.15,7208.8,7228.14,445181,3217832712.75,61662,227583,51.12,-0.0127636264037249,10.0,729.27,731.385,720.0,720.88,721.015,722.8140000000001,730.2,-0.012763626403725081,False,False,False
BAJFINANCE,EQ,2024-10-15,7208.8,7244.9,7256.15,6979.0,7029.8,7016.9,7060.92,1485567,10489472544.35,182002,770963,51.9,-0.0266202419265343,10.0,724.49,725.615,697.9,701.6899999999999,702.98,706.092,720.88,-0.026620241926534338,False,False,False
BAJFINANCE,EQ,2024-10-16,7016.9,7010.0,7059.35,6920.0,6944.95,6956.35,6962.66,1125698,7837849812.95,122278,690416,61.33,-0.0086291667260469,10.0,701.0,705.9350000000001,692.0,695.635,694.495,696.266,701.6899999999999,-0.008629166726047077,False,False,False
BAJFINANCE,EQ,2024-10-17,6956.35,6980.95,6998.8,6871.0,6896.0,6899.5,6916.07,689755,4770393117.15,79564,292123,42.35,-0.0081723892558598,10.0,698.095,699.88,687.1,689.95,689.6,691.607,695.635,-0.008172389255859724,False,False,False
BAJFINANCE,EQ,2024-10-18,6899.5,6893.0,6938.65,6820.7,6910.05,6899.55,6891.94,744929,5134006328.95,87074,354993,47.65,7.246901949420348e-06,10.0,689.3,693.865,682.0699999999999,689.955,691.005,689.194,689.95,7.246901949420348e-06,False,False,False
BAJFINANCE,EQ,2024-10-21,6899.55,6909.05,6950.75,6717.25,6758.0,6780.9,6774.84,2209966,14972157576.75,159111,1498759,67.82,-0.0171967737026328,10.0,690.905,695.075,671.725,678.0899999999999,675.8,677.484,689.955,-0.01719677370263295,False,False,False
BAJFINANCE,EQ,2024-10-22,6780.9,6800.0,6833.0,6643.65,6645.75,6677.9,6731.9,1700619,11448391186.35,165569,653153,38.41,-0.0151897240779247,10.0,680.0,683.3,664.365,667.79,664.575,673.1899999999999,678.0899999999999,-0.015189724077924738,False,False,False
BAJFINANCE,EQ,2024-10-23,6677.9,6605.75,7098.85,6601.0,7004.85,6995.8,6988.3,2637391,18430874698.7,222733,885316,33.57,0.0476047859356985,10.0,660.575,709.885,660.1,699.58,700.485,698.83,667.79,0.0476047859356985,False,False,False
BAJFINANCE,EQ,2024-10-24,6995.8,7012.5,7122.85,6990.6,7037.05,7040.9,7041.13,895125,6302691464.0,110081,403478,45.08,0.0064467251779638,10.0,701.25,712.2850000000001,699.0600000000001,704.0899999999999,703.705,704.113,699.58,0.006446725177963852,False,False,False
BAJFINANCE,EQ,2024-10-25,7040.9,7040.9,7059.95,6893.3,6905.0,6910.15,6966.87,1022324,7122400380.15,116833,476965,46.65,-0.0185700691672939,10.0,704.0899999999999,705.995,689.33,691.015,690.5,696.687,704.0899999999999,-0.018570069167293868,False,False,False
BAJFINANCE,EQ,2024-10-28,6910.15,6920.0,7045.0,6875.0,6916.65,6911.35,6944.13,714981,4964918555.9,66081,288191,40.31,0.0001736575906456,10.0,692.0,704.5,687.5,691.135,691.665,694.413,691.015,0.00017365759064569275,False,False,False
BAJFINANCE,EQ,2024-10-29,6911.35,6909.1,7060.0,6802.2,6999.0,7022.5,6940.7,1409750,9784648267.7,152135,559195,39.67,0.0160822415302364,10.0,690.9100000000001,706.0,680.22,702.25,699.9,694.0699999999999,691.135,0.016082241530236407,False,False,False
BAJFINANCE,EQ,2024-10-30,7022.5,6999.0,7020.45,6932.0,6965.0,6955.0,6965.91,566044,3943012838.65,58711,274071,48.42,-0.0096119615521538,10.0,699.9,702.045,693.2,695.5,696.5,696.591,702.25,-0.009611961552153825,False,False,False
BAJFINANCE,EQ,2024-10-31,6955.0,6949.0,6970.8,6879.75,6897.35,6889.75,6906.19,730153,5042576384.0,107692,409319,56.06,-0.0093817397555715,10.0,694.9,697.08,687.975,688.975,689.735,690.6189999999999,695.5,-0.00938173975557155,False,False,False
BAJFINANCE,EQ,2024-11-01,6889.75,6930.0,6944.55,6902.0,6911.05,6923.6,6926.41,45011,311764802.5,7918,20060,44.57,0.0049130955404768,10.0,693.0,694.455,690.2,692.36,691.105,692.641,688.975,0.004913095540476808,False,False,False
BAJFINANCE,EQ,2024-11-04,6923.6,6975.0,6975.0,6752.9,6832.0,6843.7,6826.16,716239,4889161003.8,103657,373487,52.15,-0.0115402391819285,10.0,697.5,697.5,675.29,684.37,683.2,682.616,692.36,-0.01154023918192848,False,False,False
BAJFINANCE,EQ,2024-11-05,6843.7,6845.0,7014.95,6712.0,6896.7,6930.35,6870.96,1223430,8406138367.9,166177,483150,39.49,0.0126612797171121,10.0,684.5,701.495,671.2,693.0350000000001,689.67,687.096,684.37,0.012661279717112173,False,False,False
BAJFINANCE,EQ,2024-11-06,6930.35,6935.0,7024.1,6892.3,6990.0,7006.2,6975.33,696262,4856655555.4,91030,299038,42.95,0.0109446131869241,10.0,693.5,702.4100000000001,689.23,700.62,699.0,697.533,693.0350000000001,0.010944613186923968,False,False,False
BAJFINANCE,EQ,2024-11-07,7006.2,7006.2,7038.95,6870.0,6900.0,6904.5,6915.52,459047,3174549129.75,63793,185048,40.31,-0.0145157146527361,10.0,700.62,703.895,687.0,690.45,690.0,691.552,700.62,-0.014515714652736045,False,False,False
BAJFINANCE,EQ,2024-11-08,6904.5,6904.5,6951.55,6841.0,6874.0,6895.95,6893.79,424840,2928759136.0,70304,164992,38.84,-0.0012383228329351,10.0,690.45,695.155,684.1,689.595,687.4,689.379,690.45,-0.0012383228329351237,False,False,False
BAJFINANCE,EQ,2024-11-11,6895.95,6860.0,6904.2,6752.15,6765.0,6778.8,6832.81,762316,5208756890.9,57687,463859,60.85,-0.0169882322232614,10.0,686.0,690.42,675.2149999999999,677.88,676.5,683.2810000000001,689.595,-0.016988232223261512,False,False,False
BAJFINANCE,EQ,2024-11-12,6778.8,6819.0,6836.85,6615.0,6635.15,6638.2,6681.15,1057233,7063535306.55,123883,522127,49.39,-0.0207411341240337,10.0,681.9,683.6850000000001,661.5,663.8199999999999,663.515,668.115,677.88,-0.02074113412403389,False,False,False
BAJFINANCE,EQ,2024-11-13,6638.2,6635.0,6702.25,6526.6,6586.0,6566.0,6601.8,867347,5726051757.45,101724,464557,53.56,-0.0108764424090868,10.0,663.5,670.225,652.6600000000001,656.6,658.6,660.1800000000001,663.8199999999999,-0.010876442409086695,False,False,False
BAJFINANCE,EQ,2024-11-14,6566.0,6572.3,6639.45,6530.0,6570.0,6549.15,6565.76,527703,3464771022.9,83537,210441,39.88,-0.0025662503807494,10.0,657.23,663.9449999999999,653.0,654.915,657.0,656.576,656.6,-0.002566250380749424,False,False,False
BAJFINANCE,EQ,2024-11-18,6549.15,6633.0,6657.0,6555.0,6565.05,6567.95,6589.82,596535,3931056101.2,66962,306618,51.4,0.0028706015284425,10.0,663.3,665.7,655.5,656.795,656.505,658.982,654.915,0.00287060152844254,False,False,False
BAJFINANCE,EQ,2024-11-19,6567.95,6594.35,6644.8,6561.0,6580.0,6595.3,6598.99,804046,5305894897.15,89644,363478,45.21,0.0041641608112121,10.0,659.4350000000001,664.48,656.1,659.53,658.0,659.899,656.795,0.004164160811211959,False,False,False
BAJFINANCE,EQ,2024-11-21,6595.3,6614.0,6614.0,6451.0,6460.0,6465.65,6486.13,1101080,7141750733.45,114550,716612,65.08,-0.0196579382287387,10.0,661.4,661.4,645.1,646.5649999999999,646.0,648.613,659.53,-0.019657938228738736,False,False,False
BAJFINANCE,EQ,2024-11-22,6465.65,6470.0,6722.4,6456.05,6720.0,6683.95,6620.57,969855,6420990288.0,107298,534786,55.14,0.0337630400655772,10.0,647.0,672.24,645.605,668.395,672.0,662.057,646.5649999999999,0.03376304006557729,False,False,False
BAJFINANCE,EQ,2024-11-25,6683.95,6789.9,6863.0,6667.3,6700.05,6685.4,6731.31,1132751,7624900931.65,112207,678587,59.91,0.0002169375892997,10.0,678.99,686.3,666.73,668.54,670.005,673.1310000000001,668.395,0.00021693758929974827,False,False,False
BAJFINANCE,EQ,2024-11-26,6685.4,6722.0,6739.8,6608.45,6625.35,6617.95,6653.3,663278,4412990214.25,82239,332955,50.2,-0.0100891494899332,10.0,672.2,673.98,660.845,661.795,662.5350000000001,665.33,668.54,-0.010089149489933336,False,False,False
BAJFINANCE,EQ,2024-11-27,6617.95,6650.0,6733.3,6612.25,6708.0,6705.2,6694.22,642010,4297756839.05,64396,312257,48.64,0.0131838409175046,10.0,665.0,673.33,661.225,670.52,670.8,669.422,661.795,0.013183840917504686,False,False,False
BAJFINANCE,EQ,2024-11-28,6705.2,6714.0,6726.25,6495.0,6539.0,6509.4,6585.34,1576882,10384306029.8,144382,967881,61.38,-0.0292012169659369,10.0,671.4,672.625,649.5,650.9399999999999,653.9,658.534,670.52,-0.029201216965936916,False,False,False
BAJFINANCE,EQ,2024-11-29,6509.4,6519.0,6609.0,6510.35,6565.0,6575.9,6568.89,709643,4661570254.05,77596,382054,53.84,0.0102159953298306,10.0,651.9,660.9,651.0350000000001,657.5899999999999,656.5,656.889,650.9399999999999,0.01021599532983064,False,False,False
BAJFINANCE,EQ,2024-12-02,6575.9,6595.0,6665.0,6491.0,6646.95,6650.65,6585.03,920249,6059869259.75,96611,406289,44.15,0.0113672653172949,10.0,659.5,666.5,649.1,665.0649999999999,664.6949999999999,658.5029999999999,657.5899999999999,0.011367265317294928,False,False,False
BAJFINANCE,EQ,2024-12-03,6650.65,6696.15,6722.4,6630.8,6661.0,6675.45,6675.93,1313666,8769943011.2,94736,884550,67.33,0.0037289588235736,10.0,669.615,672.24,663.08,667.545,666.1,667.5930000000001,665.0649999999999,0.0037289588235736026,False,False,False
BAJFINANCE,EQ,2024-12-04,6675.45,6701.75,6764.4,6666.85,6735.0,6740.0,6722.53,1130441,7599425857.55,85661,648507,57.37,0.00966976009108,10.0,670.175,676.4399999999999,666.6850000000001,674.0,673.5,672.2529999999999,667.545,0.009669760091080004,False,False,False
BAJFINANCE,EQ,2024-12-05,6740.0,6760.0,6889.9,6685.45,6853.0,6850.4,6808.94,1348243,9180111363.3,134292,639746,47.45,0.0163798219584569,10.0,676.0,688.99,668.545,685.04,685.3,680.894,674.0,0.016379821958456997,False,False,False
BAJFINANCE,EQ,2024-12-06,6850.4,6875.95,6935.0,6778.65,6846.0,6850.3,6862.73,833207,5718078379.25,86376,371714,44.61,-1.459768772615888e-05,10.0,687.595,693.5,677.865,685.03,684.6,686.2729999999999,685.04,-1.4597687726269903e-05,False,False,False
BAJFINANCE,EQ,2024-12-09,6850.3,6850.1,6925.0,6827.9,6878.95,6868.35,6880.87,840910,5786194623.5,72729,513105,61.02,0.002634921098346,10.0,685.01,692.5,682.79,686.835,687.895,688.087,685.03,0.002634921098346066,False,False,False
BAJFINANCE,EQ,2024-12-10,6868.35,6884.8,6958.85,6844.05,6935.0,6936.2,6912.65,1204563,8326719633.25,86609,693711,57.59,0.0098786462541948,10.0,688.48,695.885,684.405,693.62,693.5,691.265,686.835,0.009878646254194878,False,False,False
BAJFINANCE,EQ,2024-12-11,6936.2,6959.9,7165.0,6893.1,7099.0,7115.1,7052.13,1993104,14055636608.35,142779,991955,49.77,0.0257922205242064,10.0,695.99,716.5,689.3100000000001,711.51,709.9,705.213,693.62,0.025792220524206266,False,False,False
BAJFINANCE,EQ,2024-12-12,7115.1,7121.85,7148.4,7075.0,7115.0,7125.8,7125.73,966796,6889128655.95,99964,503549,52.08,0.0015038439375412,10.0,712.1850000000001,714.8399999999999,707.5,712.58,711.5,712.573,711.51,0.001503843937541438,False,False,False
BAJFINANCE,EQ,2024-12-13,7125.8,7099.0,7217.25,6980.6,7175.1,7182.8,7117.48,1250436,8899948311.5,122645,589881,47.17,0.0079991018552303,10.0,709.9,721.725,698.0600000000001,718.28,717.51,711.7479999999999,712.58,0.007999101855230117,False,False,False
BAJFINANCE,EQ,2024-12-16,7182.8,7182.8,7248.0,7156.1,7200.0,7208.4,7210.65,796074,5740212278.65,82441,404054,50.76,0.0035640697221137,10.0,718.28,724.8,715.61,720.8399999999999,720.0,721.0649999999999,718.28,0.0035640697221137607,False,False,False
BAJFINANCE,EQ,2024-12-17,7208.4,7200.0,7257.4,7110.0,7145.0,7152.8,7168.78,1031856,7397144089.85,80129,492219,47.7,-0.007713223461517,10.0,720.0,725.74,711.0,715.28,714.5,716.8779999999999,720.8399999999999,-0.007713223461517038,False,False,False
BAJFINANCE,EQ,2024-12-18,7152.8,7149.0,7178.8,7060.4,7071.15,7074.45,7102.45,727514,5167129579.9,101261,439536,60.42,-0.0109537523766917,10.0,714.9,717.88,706.04,707.4449999999999,707.115,710.245,715.28,-0.010953752376691717,False,False,False
BAJFINANCE,EQ,2024-12-19,7074.45,6950.0,7024.45,6887.85,6915.0,6918.55,6928.3,907675,6288644189.1,120117,504296,55.56,-0.0220370488165156,10.0,695.0,702.4449999999999,688.7850000000001,691.855,691.5,692.83,707.4449999999999,-0.022037048816515692,False,False,False
BAJFINANCE,EQ,2024-12-20,6918.55,6913.35,7024.0,6804.7,6829.95,6848.25,6862.09,2700019,18527768544.1,132637,1810526,67.06,-0.0101610886674231,10.0,691.335,702.4,680.47,684.825,682.995,686.2090000000001,691.855,-0.010161088667423046,False,False,False
BAJFINANCE,EQ,2024-12-23,6848.25,6897.0,6976.9,6855.95,6868.0,6866.7,6899.96,582928,4022178744.4,75903,267666,45.92,0.0026941189354945,10.0,689.7,697.6899999999999,685.595,686.67,686.8,689.996,684.825,0.0026941189354943162,False,False,False
BAJFINANCE,EQ,2024-12-24,6866.7,6882.0,6910.0,6794.0,6810.0,6808.2,6828.83,601427,4107043152.1,55078,362420,60.26,-0.0085193761195333,10.0,688.2,691.0,679.4,680.8199999999999,681.0,682.883,686.67,-0.008519376119533462,False,False,False
BAJFINANCE,EQ,2024-12-26,6808.2,6830.4,6858.0,6800.05,6810.0,6815.75,6832.8,329096,2248647811.05,60398,132262,40.19,0.0011089568461561,10.0,683.04,685.8,680.005,681.575,681.0,683.28,680.8199999999999,0.001108956846156195,False,False,False
BAJFINANCE,EQ,2024-12-27,6815.75,6846.85,6976.7,6830.4,6901.0,6907.75,6923.17,555418,3845253938.65,65835,235738,42.44,0.0134981476726698,10.0,684.6850000000001,697.67,683.04,690.775,690.1,692.317,681.575,0.01349814767266988,False,False,False
BAJFINANCE,EQ,2024-12-30,6907.75,6900.0,6995.0,6865.0,6889.15,6888.25,6912.32,490876,3393089810.6,50466,243337,49.57,-0.0028229162896746,10.0,690.0,699.5,686.5,688.825,688.915,691.232,690.775,-0.0028229162896745708,False,False,False
BAJFINANCE,EQ,2024-12-31,6888.25,6869.95,6877.0,6792.0,6835.0,6823.0,6825.62,615398,4200475279.3,75307,357825,58.15,-0.0094726527056945,10.0,686.995,687.7,679.2,682.3,683.5,682.562,688.825,-0.00947265270569464,False,False,False
BAJFINANCE,EQ,2025-01-01,6823.0,6823.0,6947.95,6806.0,6940.0,6935.3,6898.89,418721,2888711434.0,51537,188732,45.07,0.0164590356148321,10.0,682.3,694.795,680.6,693.53,694.0,689.889,682.3,0.016459035614832196,False,False,False
BAJFINANCE,EQ,2025-01-02,6935.3,6980.0,7430.0,6971.0,7373.6,7389.2,7279.06,3171651,23086644007.7,254919,1406781,44.35,0.0654477816388618,10.0,698.0,743.0,697.1,738.92,737.36,727.9060000000001,693.53,0.06544778163886211,False,False,False
BAJFINANCE,EQ,2025-01-03,7389.2,7389.75,7500.0,7359.25,7367.9,7407.25,7423.47,1505928,11179204585.25,139616,810926,53.85,0.0024427542900449,10.0,738.975,750.0,735.925,740.725,736.79,742.347,738.92,0.002442754290044924,False,False,False
BAJFINANCE,EQ,2025-01-06,7407.25,7500.0,7599.9,7316.75,7369.9,7349.35,7476.99,1905976,14250957133.65,182775,670951,35.2,-0.0078166661041546,10.0,750.0,759.99,731.675,734.9350000000001,736.99,747.699,740.725,-0.007816666104154657,False,False,False
BAJFINANCE,EQ,2025-01-07,7349.35,7354.95,7446.9,7301.45,7339.85,7353.95,7371.34,1042538,7684902854.05,98286,584902,56.1,0.0006259056923401,10.0,735.495,744.6899999999999,730.145,735.395,733.985,737.134,734.9350000000001,0.0006259056923401118,False,False,False
BAJFINANCE,EQ,2025-01-08,7353.95,7361.85,7388.45,7256.7,7338.65,7355.4,7321.0,844466,6182334272.4,80722,431748,51.13,0.0001971729478715,10.0,736.1850000000001,738.845,725.67,735.54,733.865,732.1,735.395,0.00019717294787158224,False,False,False
BAJFINANCE,EQ,2025-01-09,7355.4,7338.45,7355.4,7236.0,7291.7,7277.45,7272.61,668141,4859126680.85,77798,346621,51.88,-0.0105976561437854,10.0,733.845,735.54,723.6,727.745,729.17,727.261,735.54,-0.010597656143785494,False,False,False
BAJFINANCE,EQ,2025-01-10,7277.45,7277.45,7367.05,7245.05,7293.0,7288.05,7298.39,808963,5904127035.55,86689,406741,50.28,0.0014565541501487,10.0,727.745,736.705,724.505,728.8050000000001,729.3,729.839,727.745,0.001456554150148781,False,False,False
BAJFINANCE,EQ,2025-01-13,7288.05,7240.0,7255.1,7134.0,7150.0,7150.95,7186.74,664274,4773963938.4,83899,346994,52.24,-0.0188116162759586,10.0,724.0,725.51,713.4,715.095,715.0,718.674,728.8050000000001,-0.01881161627595862,False,False,False
BAJFINANCE,EQ,2025-01-14,7150.95,7230.0,7388.0,7191.15,7342.1,7335.0,7330.07,998011,7315487115.25,139664,482480,48.34,0.0257378390283808,10.0,723.0,738.8,719.115,733.5,734.21,733.007,715.095,0.025737839028380893,False,False,False
BAJFINANCE,EQ,2025-01-15,7335.0,7340.5,7350.0,7105.2,7172.95,7177.4,7178.61,681750,4894018113.85,86703,277838,40.75,-0.0214860259032039,10.0,734.05,735.0,710.52,717.74,717.295,717.861,733.5,-0.02148602590320381,False,False,False
BAJFINANCE,EQ,2025-01-16,7177.4,7200.0,7289.0,7194.05,7253.05,7259.75,7253.15,860849,6243869263.4,87340,457246,53.12,0.0114735140858808,10.0,720.0,728.9,719.405,725.975,725.3050000000001,725.3149999999999,717.74,0.011473514085880598,False,False,False
BAJFINANCE,EQ,2025-01-17,7259.75,7221.0,7284.95,7156.3,7185.0,7182.1,7216.33,665274,4800833640.25,82589,370444,55.68,-0.010695960604704,10.0,722.1,728.495,715.63,718.21,718.5,721.633,725.975,-0.010695960604704013,False,False,False
BAJFINANCE,EQ,2025-01-20,7182.1,7182.1,7470.0,7182.1,7427.5,7440.1,7390.35,1067971,7892684655.5,119221,392766,36.78,0.0359226410102895,10.0,718.21,747.0,718.21,744.01,742.75,739.0350000000001,718.21,0.0359226410102893,False,False,False
BAJFINANCE,EQ,2025-01-21,7440.1,7450.0,7485.0,7277.6,7310.0,7291.65,7366.62,1003206,7390235487.7,122479,417321,41.6,-0.0199526888079462,10.0,745.0,748.5,727.76,729.165,731.0,736.662,744.01,-0.019952688807946206,False,False,False
BAJFINANCE,EQ,2025-01-22,7291.65,7339.0,7420.25,7260.35,7394.95,7397.15,7331.95,727368,5333024131.7,83741,351275,48.29,0.0144686044996673,10.0,733.9,742.025,726.0350000000001,739.7149999999999,739.495,733.1949999999999,729.165,0.014468604499667359,False,False,False
BAJFINANCE,EQ,2025-01-23,7397.15,7341.0,7524.0,7325.0,7442.0,7443.25,7452.7,1030295,7678484044.05,99054,545347,52.93,0.0062321299419372,10.0,734.1,752.4,732.5,744.325,744.2,745.27,739.7149999999999,0.006232129941937226,False,False,False
BAJFINANCE,EQ,2025-01-24,7443.25,7443.25,7505.0,7338.3,7430.0,7438.6,7446.29,679687,5061145721.75,78084,293566,43.19,-0.0006247271017364,10.0,744.325,750.5,733.83,743.86,743.0,744.629,744.325,-0.0006247271017365552,False,False,False
BAJFINANCE,EQ,2025-01-27,7438.6,7380.1,7474.5,7260.0,7280.0,7295.45,7352.53,692810,5093907127.7,79231,338954,48.92,-0.0192442126206544,10.0,738.01,747.45,726.0,729.545,728.0,735.2529999999999,743.86,-0.019244212620654455,False,False,False
BAJFINANCE,EQ,2025-01-28,7295.45,7390.0,7706.8,7345.0,7610.0,7606.6,7563.7,2478933,18749894586.8,231617,1402123,56.56,0.0426498708098883,10.0,739.0,770.6800000000001,734.5,760.6600000000001,761.0,756.37,729.545,0.04264987080988858,False,False,False
BAJFINANCE,EQ,2025-01-29,7606.6,7657.25,7787.0,7568.95,7759.85,7759.65,7721.51,1514920,11697473038.5,187016,820923,54.19,0.020120684668577,10.0,765.725,778.7,756.895,775.9649999999999,775.985,772.1510000000001,760.6600000000001,0.020120684668577082,False,False,False
BAJFINANCE,EQ,2025-01-30,7759.65,7850.0,8250.65,7850.0,7925.0,7901.65,8024.32,5648883,45328472070.85,406837,2697408,47.75,0.0182997944494918,10.0,785.0,825.0649999999999,785.0,790.165,792.5,802.432,775.9649999999999,0.018299794449492035,False,False,False
BAJFINANCE,EQ,2025-01-31,7901.65,7925.0,7980.65,7791.0,7898.75,7885.1,7889.8,1833546,14466308765.35,175966,1125829,61.4,-0.0020944992501564,10.0,792.5,798.0649999999999,779.1,788.51,789.875,788.98,790.165,-0.0020944992501565896,False,False,False
BAJFINANCE,EQ,2025-02-01,7885.1,7880.0,8109.95,7784.4,8001.0,8000.1,7975.69,1615378,12883760900.7,119672,871513,53.95,0.014584469442366,10.0,788.0,810.995,778.4399999999999,800.01,800.1,797.569,788.51,0.014584469442366021,False,False,False
BAJFINANCE,EQ,2025-02-03,8000.1,7922.2,8439.3,7921.05,8410.0,8425.8,8220.07,4336926,35649831136.05,393397,2731187,62.98,0.0532118348520642,10.0,792.22,843.93,792.105,842.5799999999999,841.0,822.007,800.01,0.053211834852064266,False,False,False
BAJFINANCE,EQ,2025-02-04,8425.8,8425.0,8490.0,8303.0,8440.0,8475.35,8408.81,1966300,16534242243.5,272188,1167092,59.35,0.0058807472287498,10.0,842.5,849.0,830.3,847.5350000000001,844.0,840.881,842.5799999999999,0.005880747228749872,False,False,False
BAJFINANCE,EQ,2025-02-05,8475.35,8500.0,8588.7,8445.5,8497.1,8509.45,8507.71,1867493,15888083062.55,169832,1298037,69.51,0.0040234326605981,10.0,850.0,858.8700000000001,844.55,850.945,849.71,850.771,847.5350000000001,0.004023432660598125,False,False,False
BAJFINANCE,EQ,2025-02-06,8509.45,8534.25,8662.8,8462.0,8512.0,8507.3,8539.27,1709473,14597643862.95,133578,1057090,61.84,-0.0002526602776914,10.0,853.425,866.28,846.2,850.7299999999999,851.2,853.927,850.945,-0.00025266027769144106,False,False,False
BAJFINANCE,EQ,2025-02-07,8507.3,8585.0,8585.0,8383.9,8476.65,8474.25,8475.59,966540,8191991962.45,124302,361668,37.42,-0.0038848988515743,10.0,858.5,858.5,838.39,847.425,847.665,847.559,850.7299999999999,-0.003884898851574503,False,False,False
BAJFINANCE,EQ,2025-02-10,8474.25,8478.8,8488.0,8220.0,8283.0,8286.8,8299.26,1243838,10322940705.6,123520,752275,60.48,-0.0221199516181374,10.0,847.8799999999999,848.8,822.0,828.68,828.3,829.926,847.425,-0.02211995161813729,False,False,False
BAJFINANCE,EQ,2025-02-11,8286.8,8299.0,8355.1,8139.35,8182.25,8191.2,8221.51,963059,7917794440.65,144441,524301,54.44,-0.0115364193657382,10.0,829.9,835.51,813.9350000000001,819.12,818.225,822.1510000000001,828.68,-0.011536419365738237,False,False,False
BAJFINANCE,EQ,2025-02-12,8191.2,8149.65,8284.0,8025.0,8205.8,8214.05,8167.65,1483731,12118600924.6,145069,899808,60.64,0.002789579060455,10.0,814.9649999999999,828.4,802.5,821.405,820.5799999999999,816.765,819.12,0.002789579060455072,False,False,False
BAJFINANCE,EQ,2025-02-13,8214.05,8197.05,8498.0,8197.05,8401.0,8409.0,8408.57,1800313,15138059388.2,216047,1048875,58.26,0.0237337245329649,10.0,819.7049999999999,849.8,819.7049999999999,840.9,840.1,840.857,821.405,0.02373372453296496,False,False,False
BAJFINANCE,EQ,2025-02-14,8409.0,8408.55,8455.6,8282.0,8376.0,8392.3,8374.46,863315,7229796814.9,154600,467358,54.14,-0.0019859674158639,10.0,840.8549999999999,845.5600000000001,828.2,839.2299999999999,837.6,837.4459999999999,840.9,-0.0019859674158639873,False,False,False
BAJFINANCE,EQ,2025-02-17,8392.3,8220.25,8488.0,8220.25,8425.05,8426.6,8416.41,862799,7261670120.65,108327,389752,45.17,0.0040870798231713,10.0,822.025,848.8,822.025,842.6600000000001,842.5049999999999,841.641,839.2299999999999,0.004087079823171358,False,False,False
BAJFINANCE,EQ,2025-02-18,8426.6,8430.0,8480.0,8360.7,8450.0,8465.9,8435.91,868977,7330611281.4,116664,543754,62.57,0.0046638027199581,10.0,843.0,848.0,836.07,846.5899999999999,845.0,843.591,842.6600000000001,0.004663802719958143,False,False,False
BAJFINANCE,EQ,2025-02-19,8465.9,8459.15,8529.0,8400.0,8430.0,8439.45,8465.2,896198,7586491245.7,120371,556237,62.07,-0.0031242986569648,10.0,845.915,852.9,840.0,843.945,843.0,846.5200000000001,846.5899999999999,-0.003124298656964841,False,False,False
BAJFINANCE,EQ,2025-02-20,8439.45,8355.85,8455.6,8345.65,8384.3,8399.45,8398.68,790070,6635543165.0,101049,488973,61.89,-0.0047396453560362,10.0,835.585,845.5600000000001,834.5649999999999,839.945,838.43,839.868,843.945,-0.004739645356036215,False,False,False
BAJFINANCE,EQ,2025-02-21,8399.45,8360.0,8420.3,8288.0,8387.0,8396.7,8367.99,608647,5093151150.4,95180,321177,52.77,-0.0003274023894421,10.0,836.0,842.03,828.8,839.6700000000001,838.7,836.799,839.945,-0.00032740238944217737,False,False,False
BAJFINANCE,EQ,2025-02-24,8396.7,8328.0,8399.0,8311.05,8345.0,8354.95,8361.05,355260,2970347450.6,71140,160228,45.1,-0.0049721914561673,10.0,832.8,839.9,831.1049999999999,835.4950000000001,834.5,836.1049999999999,839.6700000000001,-0.00497219145616723,False,False,False
BAJFINANCE,EQ,2025-02-25,8354.95,8354.95,8526.65,8338.05,8472.0,8488.8,8477.93,1098541,9313351852.3,127296,540191,49.17,0.0160204429709331,10.0,835.4950000000001,852.665,833.805,848.8799999999999,847.2,847.793,835.4950000000001,0.01602044297093319,False,False,False
BAJFINANCE,EQ,2025-02-27,8488.8,8542.6,8739.0,8542.6,8660.75,8705.4,8687.83,1838283,15970691652.65,205850,856767,46.61,0.0255159739892565,10.0,854.26,873.9,854.26,870.54,866.075,868.783,848.8799999999999,0.025515973989256535,False,False,False
BAJFINANCE,EQ,2025-02-28,8705.4,8665.0,8670.0,8510.05,8546.0,8530.3,8570.85,1754580,15038239540.5,154691,1109873,63.26,-0.0201139522595171,10.0,866.5,867.0,851.0049999999999,853.03,854.6,857.085,870.54,-0.020113952259517065,False,False,False
BAJFINANCE,EQ,2025-03-03,8530.3,8536.0,8650.8,8438.1,8647.0,8627.85,8568.04,874996,7496999725.85,109736,490900,56.1,0.0114357056609968,10.0,853.6,865.0799999999999,843.8100000000001,862.7850000000001,864.7,856.8040000000001,853.03,0.011435705660996831,False,False,False
BAJFINANCE,EQ,2025-03-04,8627.85,8522.2,8619.3,8513.65,8576.35,8585.95,8568.46,765506,6559207035.55,97645,454957,59.43,-0.0048563663021493,10.0,852.22,861.93,851.365,858.595,857.635,856.8459999999999,862.7850000000001,-0.004856366302149473,False,False,False
BAJFINANCE,EQ,2025-03-05,8585.95,8455.0,8500.0,8221.0,8297.0,8298.7,8340.74,1630092,13596181067.0,166591,810272,49.71,-0.0334558202645018,10.0,845.5,850.0,822.1,829.8700000000001,829.7,834.074,858.595,-0.03345582026450178,False,False,False
BAJFINANCE,EQ,2025-03-06,8298.7,8365.0,8459.8,8275.55,8384.0,8410.85,8386.18,881422,7391764661.45,128900,312812,35.49,0.0135141648691963,10.0,836.5,845.9799999999999,827.555,841.085,838.4,838.618,829.8700000000001,0.013514164869196321,False,False,False
BAJFINANCE,EQ,2025-03-07,8410.85,8409.9,8470.0,8366.45,8406.0,8404.5,8419.84,472946,3982127841.45,64573,201684,42.64,-0.0007549772020664,10.0,840.99,847.0,836.6450000000001,840.45,840.6,841.984,841.085,-0.0007549772020664092,False,False,False
BAJFINANCE,EQ,2025-03-10,8404.5,8437.75,8637.9,8326.05,8330.0,8342.6,8474.89,1016453,8614332254.6,115793,413948,40.72,-0.007365102028675,10.0,843.775,863.79,832.6049999999999,834.26,833.0,847.4889999999999,840.45,-0.00736510202867513,False,False,False
BAJFINANCE,EQ,2025-03-11,8342.6,8305.0,8375.0,8211.25,8344.9,8340.45,8304.82,813567,6756531010.55,97805,489691,60.19,-0.0002577134226738,10.0,830.5,837.5,821.125,834.0450000000001,834.49,830.482,834.26,-0.00025771342267388864,False,False,False
BAJFINANCE,EQ,2025-03-12,8340.45,8341.1,8524.5,8272.55,8515.45,8484.45,8393.12,2088223,17526706410.45,100018,1578547,75.59,0.0172652554718271,10.0,834.11,852.45,827.2549999999999,848.445,851.5450000000001,839.3120000000001,834.0450000000001,0.017265255471827112,False,False,False
BAJFINANCE,EQ,2025-03-13,8484.45,8500.0,8560.0,8393.0,8415.0,8420.45,8471.3,1217351,10312544763.65,108914,746110,61.29,-0.0075432114043927,10.0,850.0,856.0,839.3,842.0450000000001,841.5,847.1299999999999,848.445,-0.007543211404392736,False,False,False
BAJFINANCE,EQ,2025-03-17,8420.45,8399.2,8629.95,8386.0,8580.0,8580.35,8566.96,1102085,9441519270.45,103206,667167,60.54,0.018989483934944,10.0,839.9200000000001,862.9950000000001,838.6,858.0350000000001,858.0,856.6959999999999,842.0450000000001,0.01898948393494404,False,False,False
BAJFINANCE,EQ,2025-03-18,8580.35,8615.0,8699.0,8494.8,8694.0,8682.5,8606.53,1103110,9493945717.35,90493,532782,48.3,0.0119051087659594,10.0,861.5,869.9,849.4799999999999,868.25,869.4,860.653,858.0350000000001,0.011905108765959405,False,False,False
BAJFINANCE,EQ,2025-03-19,8682.5,8700.0,8879.0,8682.6,8693.25,8731.6,8784.84,1289820,11330861437.6,123937,685105,53.12,0.0056550532680679,10.0,870.0,887.9,868.26,873.1600000000001,869.325,878.484,868.25,0.005655053268068144,False,False,False
BAJFINANCE,EQ,2025-03-20,8731.6,8725.0,8768.05,8541.15,8680.0,8679.65,8649.09,792433,6853822658.9,100459,333154,42.04,-0.0059496541298273,10.0,872.5,876.805,854.115,867.9649999999999,868.0,864.909,873.1600000000001,-0.0059496541298275085,False,False,False
BAJFINANCE,EQ,2025-03-21,8679.65,9039.95,9089.0,8831.0,8911.1,8916.1,8928.93,2744801,24508142273.2,188335,1389985,50.64,0.027241881873117,10.0,903.9950000000001,908.9,883.1,891.61,891.11,892.893,867.9649999999999,0.027241881873117046,False,False,False
BAJFINANCE,EQ,2025-03-24,8916.1,9095.95,9115.0,8927.0,9079.7,9090.05,9050.9,1433217,12971903809.2,139069,813101,56.73,0.0195096510806294,10.0,909.595,911.5,892.7,909.0049999999999,907.97,905.0899999999999,891.61,0.019509651080629187,False,False,False
BAJFINANCE,EQ,2025-03-25,9090.05,9125.0,9260.05,8977.05,9040.0,9067.25,9099.5,1748260,15908285700.9,168353,870116,49.77,-0.002508237028399,10.0,912.5,926.0049999999999,897.7049999999999,906.725,904.0,909.95,909.0049999999999,-0.002508237028398974,False,False,False
BAJFINANCE,EQ,2025-03-26,9067.25,9102.05,9126.9,8849.95,8870.0,8866.05,8956.5,886211,7937351688.05,91406,502546,56.71,-0.0221897488213075,10.0,910.2049999999999,912.6899999999999,884.9950000000001,886.6049999999999,887.0,895.65,906.725,-0.02218974882130753,False,False,False
BAJFINANCE,EQ,2025-03-27,8866.05,8861.0,9055.4,8822.25,9004.7,9003.85,8982.55,2092044,18791887533.7,130155,1375057,65.73,0.0155424343422381,10.0,886.1,905.54,882.225,900.385,900.47,898.2549999999999,886.6049999999999,0.01554243434223812,False,False,False
BAJFINANCE,EQ,2025-03-28,9003.85,8997.6,9028.9,8861.0,8929.9,8945.6,8936.02,977099,8731379557.85,96063,518974,53.11,-0.0064694547332529,10.0,899.76,902.89,886.1,894.5600000000001,892.99,893.6020000000001,900.385,-0.0064694547332528884,False,False,False
BAJFINANCE,EQ,2025-04-01,8945.6,8783.3,8925.0,8671.0,8719.35,8698.2,8761.66,1183424,10368758175.45,126566,730002,61.69,-0.0276560543730995,10.0,878.3299999999999,892.5,867.1,869.82,871.9350000000001,876.1659999999999,894.5600000000001,-0.027656054373099592,False,False,False
BAJFINANCE,EQ,2025-04-02,8698.2,8730.0,8759.85,8612.0,8630.0,8669.25,8683.17,646495,5613624153.9,73065,373071,57.71,-0.0033282748154791,10.0,873.0,875.985,861.2,866.925,863.0,868.317,869.82,-0.0033282748154791486,False,False,False
BAJFINANCE,EQ,2025-04-03,8669.25,8650.0,8765.0,8460.2,8570.0,8594.6,8597.51,1396633,12007559992.75,148865,663046,47.47,-0.0086108948294257,10.0,865.0,876.5,846.0200000000001,859.46,857.0,859.751,866.925,-0.008610894829425786,False,False,False
BAJFINANCE,EQ,2025-04-04,8594.6,8656.0,8797.0,8583.8,8739.9,8718.85,8709.85,1849658,16110251144.45,155607,913091,49.37,0.0144567519139924,10.0,865.6,879.7,858.3799999999999,871.885,873.99,870.985,859.46,0.014456751913992427,False,False,False
BAJFINANCE,EQ,2025-04-07,8718.85,8340.0,8600.5,8307.15,8590.1,8568.0,8451.39,1398124,11816096363.45,159133,675851,48.34,-0.0173015936734776,10.0,834.0,860.05,830.7149999999999,856.8,859.01,845.1389999999999,871.885,-0.01730159367347761,False,False,False
BAJFINANCE,EQ,2025-04-08,8568.0,8650.0,8873.0,8650.0,8825.05,8822.25,8790.59,1477563,12988651758.25,140461,668926,45.27,0.0296743697478991,10.0,865.0,887.3,865.0,882.225,882.5049999999999,879.059,856.8,0.029674369747899165,False,False,False
BAJFINANCE,EQ,2025-04-09,8822.25,8815.0,8842.0,8625.0,8745.0,8735.8,8722.67,1048774,9148105326.6,138514,579324,55.24,-0.0097990875343592,10.0,881.5,884.2,862.5,873.5799999999999,874.5,872.267,882.225,-0.009799087534359208,False,False,False
BAJFINANCE,EQ,2025-04-11,8735.8,8825.05,8973.5,8810.7,8912.0,8921.1,8914.28,1009722,9000939833.1,107731,490878,48.62,0.0212115661988598,10.0,882.5049999999999,897.35,881.07,892.11,891.2,891.4280000000001,873.5799999999999,0.021211566198859888,False,False,False
BAJFINANCE,EQ,2025-04-15,8921.1,9255.5,9290.0,9075.5,9138.0,9141.0,9140.06,1263361,11547189669.5,112755,826180,65.4,0.0246494266402124,10.0,925.55,929.0,907.55,914.1,913.8,914.006,892.11,0.024649426640212635,False,False,False
BAJFINANCE,EQ,2025-04-16,9141.0,9149.5,9171.5,8964.0,9065.0,9056.5,9062.14,719822,6523126008.0,87994,382942,53.2,-0.0092440652007439,10.0,914.95,917.15,896.4,905.65,906.5,906.2139999999999,914.1,-0.009244065200743945,False,False,False
BAJFINANCE,EQ,2025-04-17,9056.5,9040.0,9190.0,8952.0,9170.0,9162.5,9079.26,1141513,10364097830.0,113025,653297,57.23,0.0117043007784465,10.0,904.0,919.0,895.2,916.25,917.0,907.926,905.65,0.01170430077844653,False,False,False
BAJFINANCE,EQ,2025-04-21,9162.5,9170.0,9315.0,9141.5,9274.0,9273.5,9245.67,782415,7233950514.5,86149,433019,55.34,0.0121145975443384,10.0,917.0,931.5,914.15,927.35,927.4,924.567,916.25,0.012114597544338412,False,False,False
BAJFINANCE,EQ,2025-04-22,9273.5,9295.0,9393.0,9230.0,9235.0,9260.5,9325.06,1129358,10531329282.0,134456,654996,58.0,-0.0014018439639833,10.0,929.5,939.3,923.0,926.05,923.5,932.506,927.35,-0.0014018439639834623,False,False,False
BAJFINANCE,EQ,2025-04-23,9260.5,9282.0,9348.5,9150.0,9305.0,9323.0,9243.71,1081872,10000508735.0,118959,619912,57.3,0.0067490956211868,10.0,928.2,934.85,915.0,932.3,930.5,924.3709999999999,926.05,0.0067490956211868625,False,False,False
BAJFINANCE,EQ,2025-04-24,9323.0,9620.0,9660.0,9273.0,9290.0,9301.0,9374.1,1849671,17339007268.0,163098,776062,41.96,-0.0023597554435267,10.0,962.0,966.0,927.3,930.1,929.0,937.4100000000001,932.3,-0.0023597554435267343,False,False,False
BAJFINANCE,EQ,2025-04-25,9301.0,9310.5,9344.5,8990.0,9080.5,9112.0,9122.64,1089354,9937787574.5,108445,514885,47.27,-0.0203203956563809,10.0,931.05,934.45,899.0,911.2,908.05,912.2639999999999,930.1,-0.020320395656380996,False,False,False
BAJFINANCE,EQ,2025-04-28,9112.0,9080.0,9125.0,9000.5,9075.0,9093.0,9065.36,994656,9016919103.0,133616,576699,57.98,-0.0020851624231782,10.0,908.0,912.5,900.05,909.3,907.5,906.5360000000001,911.2,-0.002085162423178355,False,False,False
BAJFINANCE,EQ,2025-04-29,9093.0,9130.0,9146.0,8960.0,9105.0,9093.0,9057.02,1176818,10658468207.5,169967,558932,47.5,0.0,10.0,913.0,914.6,896.0,909.3,910.5,905.702,909.3,0.0,False,False,False
BAJFINANCE,EQ,2025-04-30,9093.0,8840.0,8888.0,8556.0,8613.5,8634.5,8643.99,3969057,34308503854.5,423669,1812165,45.66,-0.0504234026173979,10.0,884.0,888.8,855.6,863.45,861.35,864.399,909.3,-0.05042340261739786,False,False,False
BAJFINANCE,EQ,2025-05-02,8634.5,8575.5,8915.0,8566.0,8868.0,8862.5,8737.66,2202675,19246231281.5,182711,1146399,52.05,0.0264056980716891,10.0,857.55,891.5,856.6,886.25,886.8,873.766,863.45,0.026405698071689132,False,False,False
BAJFINANCE,EQ,2025-05-05,8862.5,8877.5,9033.0,8866.0,8940.0,8932.0,8943.11,893061,7986738577.5,101616,402757,45.1,0.0078420310296192,10.0,887.75,903.3,886.6,893.2,894.0,894.311,886.25,0.007842031029619223,False,False,False
BAJFINANCE,EQ,2025-05-06,8932.0,8911.0,8974.0,8750.0,8785.0,8797.5,8812.05,1204087,10610479824.5,123221,698680,58.03,-0.0150582176444244,10.0,891.1,897.4,875.0,879.75,878.5,881.2049999999999,893.2,-0.01505821764442461,False,False,False
BAJFINANCE,EQ,2025-05-07,8797.5,8750.0,8997.5,8723.0,8977.0,8986.5,8916.04,1163557,10374320490.0,122242,680689,58.5,0.0214833759590793,10.0,875.0,899.75,872.3,898.65,897.7,891.604,879.75,0.021483375959079343,False,False,False
BAJFINANCE,EQ,2025-05-08,8986.5,8977.0,9074.5,8775.0,8780.0,8832.5,8905.64,1201809,10702875236.0,117820,636049,52.92,-0.0171368163356144,10.0,897.7,907.45,877.5,883.25,878.0,890.564,898.65,-0.01713681633561448,False,False,False
BAJFINANCE,EQ,2025-05-09,8832.5,8650.0,8781.0,8605.0,8662.0,8641.0,8663.06,1215134,10526776560.0,114043,736333,60.6,-0.0216812906878007,10.0,865.0,878.1,860.5,864.1,866.2,866.3059999999999,883.25,-0.02168129068780067,False,False,False
BAJFINANCE,EQ,2025-05-12,8641.0,8849.0,9030.0,8825.5,9013.0,9018.5,8973.91,1063822,9546640596.0,84970,640863,60.24,0.0436870732554102,10.0,884.9,903.0,882.55,901.85,901.3,897.391,864.1,0.043687073255410214,False,False,False
BAJFINANCE,EQ,2025-05-13,9018.5,9004.0,9163.5,8991.0,9050.0,9042.0,9077.14,1336300,12129788245.5,136605,621704,46.52,0.0026057548372788,10.0,900.4,916.35,899.1,904.2,905.0,907.7139999999999,901.85,0.002605754837278873,False,False,False
BAJFINANCE,EQ,2025-05-14,9042.0,9045.0,9110.5,9012.0,9076.0,9081.0,9067.58,759400,6885920342.5,82137,377929,49.77,0.004313205043132,10.0,904.5,911.05,901.2,908.1,907.6,906.758,904.2,0.00431320504313204,False,False,False
BAJFINANCE,EQ,2025-05-15,9081.0,9099.5,9215.0,9028.0,9182.0,9188.5,9125.14,1038500,9476457633.0,109672,359770,34.64,0.0118379033146129,10.0,909.95,921.5,902.8,918.85,918.2,912.5139999999999,908.1,0.011837903314612985,False,False,False
BAJFINANCE,EQ,2025-05-16,9188.5,9188.5,9286.0,9133.5,9172.0,9167.0,9185.88,625192,5742936175.5,63031,223530,35.75,-0.0023398813734559,10.0,918.85,928.6,913.35,916.7,917.2,918.588,918.85,-0.0023398813734559765,False,False,False
BAJFINANCE,EQ,2025-05-19,9167.0,9167.0,9289.5,9167.0,9248.0,9255.5,9235.52,716274,6615161364.5,63938,385278,53.79,0.0096541943929311,10.0,916.7,928.95,916.7,925.55,924.8,923.552,916.7,0.009654194392931137,False,False,False
BAJFINANCE,EQ,2025-05-20,9255.5,9298.0,9310.0,9069.0,9085.5,9079.0,9139.02,810616,7408236843.5,86187,532809,65.73,-0.01906974231538,10.0,929.8,931.0,906.9,907.9,908.55,913.902,925.55,-0.019069742315380056,False,False,False
BAJFINANCE,EQ,2025-05-21,9079.0,9100.0,9280.0,9028.5,9192.0,9197.5,9184.41,732150,6724368740.0,98443,408952,55.86,0.0130520982487059,10.0,910.0,928.0,902.85,919.75,919.2,918.441,907.9,0.013052098248705901,False,False,False
BAJFINANCE,EQ,2025-05-22,9197.5,9197.5,9199.0,9070.5,9150.5,9139.0,9137.34,615974,5628362942.0,93360,328010,53.25,-0.0063604240282685,10.0,919.75,919.9,907.05,913.9,915.05,913.734,919.75,-0.00636042402826853,False,False,False
BAJFINANCE,EQ,2025-05-23,9139.0,9139.0,9286.5,9111.0,9248.0,9243.5,9232.07,425169,3925188798.5,56398,207836,48.88,0.0114345114345113,10.0,913.9,928.65,911.1,924.35,924.8,923.207,913.9,0.011434511434511574,False,False,False
BAJFINANCE,EQ,2025-05-26,9243.5,9255.0,9336.5,9250.0,9262.0,9269.5,9289.86,547679,5087859251.0,68856,297868,54.39,0.0028127873640937,10.0,925.5,933.65,925.0,926.95,926.2,928.9860000000001,924.35,0.0028127873640937384,False,False,False
BAJFINANCE,EQ,2025-05-27,9269.5,9270.0,9290.0,9143.0,9174.0,9171.0,9192.26,715000,6572465231.5,87027,329154,46.04,-0.0106262473704082,10.0,927.0,929.0,914.3,917.1,917.4,919.226,926.95,-0.010626247370408404,False,False,False
BAJFINANCE,EQ,2025-05-28,9171.0,9245.0,9294.5,9141.0,9282.0,9267.5,9236.0,650740,6010233304.5,77345,362540,55.71,0.0105222985497763,10.0,924.5,929.45,914.1,926.75,928.2,923.6,917.1,0.010522298549776377,False,False,False
BAJFINANCE,EQ,2025-05-29,9267.5,9250.0,9279.5,9160.0,9210.0,9204.0,9200.05,708175,6515247946.5,77008,360727,50.94,-0.0068519018073913,10.0,925.0,927.95,916.0,920.4,921.0,920.0049999999999,926.75,-0.006851901807391481,False,False,False
BAJFINANCE,EQ,2025-05-30,9204.0,9170.0,9203.5,9121.0,9142.0,9180.5,9172.46,1504174,13796975532.0,79849,972295,64.64,-0.0025532377227291,10.0,917.0,920.35,912.1,918.05,914.2,917.2459999999999,920.4,-0.002553237722729307,False,False,False
BAJFINANCE,EQ,2025-06-02,9180.5,9130.0,9165.0,9040.0,9119.0,9118.5,9115.97,661963,6034437736.5,80263,431662,65.21,-0.0067534448014814,10.0,913.0,916.5,904.0,911.85,911.9,911.597,918.05,-0.006753444801481323,False,False,False
BAJFINANCE,EQ,2025-06-03,9118.5,9106.0,9128.0,8970.0,8972.0,8979.0,9019.53,908027,8189976644.0,93270,552008,60.79,-0.0152985688435598,10.0,910.6,912.8,897.0,897.9,897.2,901.9530000000001,911.85,-0.015298568843559845,False,False,False
BAJFINANCE,EQ,2025-06-04,8979.0,8975.0,9039.5,8964.5,8994.5,8987.0,8997.21,554493,4988888199.0,63399,371569,67.01,0.0008909678137878,10.0,897.5,903.95,896.45,898.7,899.45,899.7209999999999,897.9,0.0008909678137878352,False,False,False
BAJFINANCE,EQ,2025-06-05,8987.0,8987.0,8987.0,8869.5,8925.0,8934.0,8927.86,785332,7011336928.5,77620,430140,54.77,-0.0058974073661955,10.0,898.7,898.7,886.95,893.4,892.5,892.7860000000001,898.7,-0.005897407366195706,False,False,False
BAJFINANCE,EQ,2025-06-06,8934.0,8945.0,9434.0,8876.0,9372.0,9371.5,9270.25,1978386,18340124005.5,193858,881859,44.57,0.0489702261025297,10.0,894.5,943.4,887.6,937.15,937.2,927.025,893.4,0.04897022610252977,False,False,False
BAJFINANCE,EQ,2025-06-09,9371.5,9550.0,9788.0,9403.0,9624.0,9607.5,9625.56,2349601,22616217121.5,207488,1040528,44.29,0.0251827348876914,10.0,955.0,978.8,940.3,960.75,962.4,962.5559999999999,937.15,0.025182734887691405,False,False,False
BAJFINANCE,EQ,2025-06-10,9607.5,9700.0,9700.0,9485.5,9490.0,9497.5,9559.22,904404,8645397528.0,89278,459013,50.75,-0.0114493884985688,10.0,970.0,970.0,948.55,949.75,949.0,955.9219999999999,960.75,-0.011449388498568802,False,False,False
BAJFINANCE,EQ,2025-06-11,9497.5,9490.0,9570.0,9404.0,9426.0,9425.0,9462.85,1186081,11223706454.5,126406,723916,61.03,-0.0076335877862595,10.0,949.0,957.0,940.4,942.5,942.6,946.2850000000001,949.75,-0.007633587786259555,False,False,False
BAJFINANCE,EQ,2025-06-12,9425.0,9449.0,9533.0,9355.0,9369.0,9368.5,9433.45,1238833,11686471246.0,111795,691347,55.81,-0.0059946949602122,10.0,944.9,953.3,935.5,936.85,936.9,943.345,942.5,-0.00599469496021221,False,False,False
BAJFINANCE,EQ,2025-06-13,9368.5,9150.0,9365.5,9147.0,9340.0,9331.0,9284.63,1018202,9453625332.5,112221,582527,57.21,-0.0040027752575119,10.0,915.0,936.55,914.7,933.1,934.0,928.463,936.85,-0.004002775257511915,False,False,False
BAJFINANCE,EQ,2025-06-16,9331.0,956.0,956.0,925.0,938.5,938.0,937.27,7016290,6576133322.0,183091,3604027,51.37,-0.8994748687171793,1.0,956.0,956.0,925.0,938.0,938.5,937.27,9331.0,0.005251312828207011,True,True,False
BAJFINANCE,EQ,2025-06-17,938.0,941.5,943.5,917.5,924.0,923.0,924.63,6110175,5649659426.5,129305,3456013,56.56,-0.0159914712153518,1.0,941.5,943.5,917.5,923.0,924.0,924.63,938.0,-0.015991471215351827,False,False,False
BAJFINANCE,EQ,2025-06-18,923.0,927.0,932.5,915.0,918.0,919.0,923.12,5002923,4618313726.5,92906,3005535,60.08,-0.0043336944745395,1.0,927.0,932.5,915.0,919.0,918.0,923.12,923.0,-0.004333694474539573,False,False,False
BAJFINANCE,EQ,2025-06-19,919.0,919.0,922.5,894.0,898.0,900.5,905.42,6585940,5963059285.5,144496,3727527,56.6,-0.0201305767138193,1.0,919.0,922.5,894.0,900.5,898.0,905.42,919.0,-0.020130576713819348,False,False,False
BAJFINANCE,EQ,2025-06-20,900.5,897.0,907.5,886.0,902.0,905.0,899.65,14320241,12883145719.0,181066,9873820,68.95,0.0049972237645752,1.0,897.0,907.5,886.0,905.0,902.0,899.65,900.5,0.0049972237645752315,False,False,False
BAJFINANCE,EQ,2025-06-23,905.0,899.0,918.0,890.5,913.0,915.5,907.46,5870597,5327352128.0,120463,2804026,47.76,0.0116022099447514,1.0,899.0,918.0,890.5,915.5,913.0,907.46,905.0,0.011602209944751474,False,False,False
BAJFINANCE,EQ,2025-06-24,915.5,920.0,936.0,914.5,919.0,916.5,924.44,11555634,10682501724.0,195280,6212747,53.76,0.0010922992900055,1.0,920.0,936.0,914.5,916.5,919.0,924.44,915.5,0.0010922992900055384,False,False,False
BAJFINANCE,EQ,2025-06-25,916.5,918.0,930.0,916.0,926.0,928.0,924.07,6623799,6120871749.0,107014,3747955,56.58,0.0125477359519912,1.0,918.0,930.0,916.0,928.0,926.0,924.07,916.5,0.012547735951991212,False,False,False
BAJFINANCE,EQ,2025-06-26,928.0,930.0,953.5,928.5,950.0,951.5,947.22,11677790,11061425723.0,218358,6032970,51.66,0.0253232758620689,1.0,930.0,953.5,928.5,951.5,950.0,947.22,928.0,0.02532327586206895,False,False,False
BAJFINANCE,EQ,2025-06-27,951.5,950.0,959.5,936.0,944.0,947.0,944.71,21637194,20440851086.0,223354,15759519,72.84,-0.0047293746715711,1.0,950.0,959.5,936.0,947.0,944.0,944.71,951.5,-0.004729374671571196,False,False,False
BAJFINANCE,EQ,2025-06-30,947.0,956.0,956.0,934.0,937.0,936.5,940.58,6086081,5724463885.5,107672,3784240,62.18,-0.0110876451953537,1.0,956.0,956.0,934.0,936.5,937.0,940.58,947.0,-0.011087645195353768,False,False,False
BAJFINANCE,EQ,2025-07-01,936.5,932.5,941.8,928.0,937.9,936.65,934.83,5381327,5030611131.55,129199,3207905,59.61,0.0001601708489054,1.0,932.5,941.8,928.0,936.65,937.9,934.83,936.5,0.00016017084890540545,False,False,False
BAJFINANCE,EQ,2025-07-02,936.65,933.0,939.85,914.0,922.7,923.0,923.98,9394493,8680319986.85,152535,6535180,69.56,-0.0145732130464955,1.0,933.0,939.85,914.0,923.0,922.7,923.98,936.65,-0.014573213046495503,False,False,False
BAJFINANCE,EQ,2025-07-03,923.0,922.0,924.5,905.2,912.5,910.15,911.78,7606558,6935520730.6,194868,3407740,44.8,-0.0139219934994583,1.0,922.0,924.5,905.2,910.15,912.5,911.78,923.0,-0.01392199349945833,False,False,False
BAJFINANCE,EQ,2025-07-04,910.15,922.0,940.7,919.0,926.0,925.3,930.12,10613046,9871436314.7,261905,3497226,32.95,0.0166456078668351,1.0,922.0,940.7,919.0,925.3,926.0,930.12,910.15,0.01664560786683511,False,False,False
BAJFINANCE,EQ,2025-07-07,925.3,925.0,929.3,918.1,923.65,924.65,923.84,3383973,3126266090.15,115649,1976030,58.39,-0.0007024748730141,1.0,925.0,929.3,918.1,924.65,923.65,923.84,925.3,-0.0007024748730141139,False,False,False
BAJFINANCE,EQ,2025-07-08,924.65,918.8,929.5,918.8,928.3,927.65,926.0,3851432,3566440765.75,100320,2583992,67.09,0.0032444708808738,1.0,918.8,929.5,918.8,927.65,928.3,926.0,924.65,0.003244470880873873,False,False,False
BAJFINANCE,EQ,2025-07-09,927.65,926.5,946.0,924.0,941.0,940.6,938.41,5341529,5012523523.3,114990,3033411,56.79,0.0139600064679568,1.0,926.5,946.0,924.0,940.6,941.0,938.41,927.65,0.01396000646795681,False,False,False
BAJFINANCE,EQ,2025-07-10,940.6,943.0,951.7,942.25,946.85,947.65,946.75,5409906,5121843946.35,104507,2652512,49.03,0.0074952158196894,1.0,943.0,951.7,942.25,947.65,946.85,946.75,940.6,0.0074952158196894825,False,False,False
BAJFINANCE,EQ,2025-07-11,947.65,938.7,947.15,931.55,933.0,933.5,936.79,4278038,4007604996.25,111599,3108840,72.67,-0.0149316730860549,1.0,938.7,947.15,931.55,933.5,933.0,936.79,947.65,-0.01493167308605492,False,False,False
BAJFINANCE,EQ,2025-07-14,933.5,932.0,932.0,911.3,920.0,918.85,918.6,6657978,6115999935.5,153338,4003466,60.13,-0.0156936261381895,1.0,932.0,932.0,911.3,918.85,920.0,918.6,933.5,-0.015693626138189587,False,False,False
BAJFINANCE,EQ,2025-07-15,918.85,919.0,930.6,918.0,929.0,928.4,923.62,3892075,3594802509.65,104204,1954454,50.22,0.0103934265658158,1.0,919.0,930.6,918.0,928.4,929.0,923.62,918.85,0.010393426565815878,False,False,False
BAJFINANCE,EQ,2025-07-16,928.4,924.0,927.0,919.4,921.9,921.75,923.09,3952491,3648486826.9,85125,2203685,55.75,-0.0071628608358466,1.0,924.0,927.0,919.4,921.75,921.9,923.09,928.4,-0.007162860835846607,False,False,False
BAJFINANCE,EQ,2025-07-17,921.75,925.95,926.25,916.0,920.5,923.3,921.22,4583882,4222779247.85,103691,2585006,56.39,0.0016815839435855,1.0,925.95,926.25,916.0,923.3,920.5,921.22,921.75,0.0016815839435855295,False,False,False
BAJFINANCE,EQ,2025-07-18,923.3,920.5,944.9,920.0,941.5,942.0,933.5,7893820,7368894025.05,119468,4020313,50.93,0.0202534387523016,1.0,920.5,944.9,920.0,942.0,941.5,933.5,923.3,0.020253438752301678,False,False,False
BAJFINANCE,EQ,2025-07-21,942.0,938.9,951.0,937.35,948.0,948.45,946.55,4660232,4411155684.9,106985,2304817,49.46,0.0068471337579618,1.0,938.9,951.0,937.35,948.45,948.0,946.55,942.0,0.006847133757961865,False,False,False
BAJFINANCE,EQ,2025-07-22,948.45,955.0,962.0,940.0,954.0,952.55,950.64,6237382,5929492533.55,148038,2771257,44.43,0.0043228425325529,1.0,955.0,962.0,940.0,952.55,954.0,950.64,948.45,0.004322842532552995,False,False,False
BAJFINANCE,EQ,2025-07-23,952.55,954.0,970.95,953.65,968.0,968.3,965.48,9694991,9360294154.3,203940,5033385,51.92,0.0165345651146922,1.0,954.0,970.95,953.65,968.3,968.0,965.48,952.55,0.0165345651146922,False,False,False
BAJFINANCE,EQ,2025-07-24,968.3,970.0,970.0,954.0,956.5,958.95,959.86,5189112,4980803290.35,110464,2676081,51.57,-0.0096560983166372,1.0,970.0,970.0,954.0,958.95,956.5,959.86,968.3,-0.009656098316637274,False,False,False
BAJFINANCE,EQ,2025-07-25,958.95,906.4,924.9,898.0,912.85,913.75,911.91,24415481,22264784976.0,408925,10101637,41.37,-0.0471348871161166,1.0,906.4,924.9,898.0,913.75,912.85,911.91,958.95,-0.047134887116116686,False,False,False
BAJFINANCE,EQ,2025-07-28,913.75,909.25,913.75,879.0,881.0,880.5,893.72,14011284,12522150292.5,226120,8805453,62.85,-0.0363885088919289,1.0,909.25,913.75,879.0,880.5,881.0,893.72,913.75,-0.036388508891928906,False,False,False
BAJFINANCE,EQ,2025-07-29,880.5,875.05,894.0,873.5,887.0,886.55,883.99,11323854,10010120809.55,222148,7899608,69.76,0.0068710959681999,1.0,875.05,894.0,873.5,886.55,887.0,883.99,880.5,0.006871095968199903,False,False,False
BAJFINANCE,EQ,2025-07-30,886.55,890.95,892.6,875.0,884.0,884.85,883.35,5054496,4464896495.35,125992,2598513,51.41,-0.0019175455417065,1.0,890.95,892.6,875.0,884.85,884.0,883.35,886.55,-0.0019175455417065335,False,False,False
BAJFINANCE,EQ,2025-07-31,884.85,872.0,887.85,868.0,880.0,881.2,880.19,6999179,6160581276.0,190429,3943715,56.35,-0.0041249929366559,1.0,872.0,887.85,868.0,881.2,880.0,880.19,884.85,-0.0041249929366559135,False,False,False
BAJFINANCE,EQ,2025-08-01,881.2,884.8,895.85,873.0,877.0,875.6,883.38,5300299,4682166230.3,143881,2301534,43.42,-0.0063549704947798,1.0,884.8,895.85,873.0,875.6,877.0,883.38,881.2,-0.0063549704947798435,False,False,False
BAJFINANCE,EQ,2025-08-04,875.6,874.0,886.75,873.7,885.8,885.3,882.53,3969985,3503618167.35,98005,2196462,55.33,0.0110781178620373,1.0,874.0,886.75,873.7,885.3,885.8,882.53,875.6,0.011078117862037384,False,False,False
BAJFINANCE,EQ,2025-08-05,885.3,889.0,893.6,882.4,892.3,891.9,888.57,4446791,3951269886.1,103982,2540318,57.13,0.0074550999661131,1.0,889.0,893.6,882.4,891.9,892.3,888.57,885.3,0.0074550999661131545,False,False,False
BAJFINANCE,EQ,2025-08-06,891.9,888.0,895.5,874.6,876.95,876.65,881.03,4212648,3711485491.9,105207,2249540,53.4,-0.0170983294091265,1.0,888.0,895.5,874.6,876.65,876.95,881.03,891.9,-0.01709832940912659,False,False,False
BAJFINANCE,EQ,2025-08-07,876.65,871.0,882.0,867.25,881.9,879.1,873.9,5998002,5241665477.65,131629,3606004,60.12,0.0027947299378314,1.0,871.0,882.0,867.25,879.1,881.9,873.9,876.65,0.002794729937831475,False,False,False
BAJFINANCE,EQ,2025-08-08,879.1,877.0,888.3,876.0,878.0,877.15,880.43,3736916,3290093803.8,100490,2083051,55.74,-0.0022181776817199,1.0,877.0,888.3,876.0,877.15,878.0,880.43,879.1,-0.002218177681719946,False,False,False
BAJFINANCE,EQ,2025-08-11,877.15,877.15,888.3,872.75,876.45,877.8,877.07,5367926,4708046915.65,121396,3689080,68.72,0.0007410363107791,1.0,877.15,888.3,872.75,877.8,876.45,877.07,877.15,0.0007410363107791529,False,False,False
BAJFINANCE,EQ,2025-08-12,877.8,877.2,884.9,851.5,853.0,853.0,861.84,8257312,7116496403.6,172469,4385162,53.11,-0.0282524493050808,1.0,877.2,884.9,851.5,853.0,853.0,861.84,877.8,-0.028252449305080862,False,False,False
BAJFINANCE,EQ,2025-08-13,853.0,854.55,864.0,849.0,862.8,860.0,855.7,10117225,8657353497.9,158985,6874004,67.94,0.0082063305978898,1.0,854.55,864.0,849.0,860.0,862.8,855.7,853.0,0.008206330597889888,False,False,False
BAJFINANCE,EQ,2025-08-14,860.0,860.0,866.9,855.45,862.0,861.45,860.32,5379250,4627878608.5,140455,3442853,64.0,0.0016860465116279,1.0,860.0,866.9,855.45,861.45,862.0,860.32,860.0,0.0016860465116279588,False,False,False
BAJFINANCE,EQ,2025-08-18,861.45,875.0,919.65,875.0,905.05,905.2,908.22,16277779,14783835815.4,221796,8577368,52.69,0.0507864646816413,1.0,875.0,919.65,875.0,905.2,905.05,908.22,861.45,0.050786464681641386,False,False,False
BAJFINANCE,EQ,2025-08-19,905.2,905.95,909.9,890.5,902.0,902.3,897.77,5764382,5175100521.85,155937,2863904,49.68,-0.0032037118868759,1.0,905.95,909.9,890.5,902.3,902.0,897.77,905.2,-0.0032037118868759595,False,False,False
BAJFINANCE,EQ,2025-08-20,902.3,900.55,902.0,886.05,887.7,887.8,888.95,5561646,4944006386.3,130954,3554919,63.92,-0.0160700432228748,1.0,900.55,902.0,886.05,887.8,887.7,888.95,902.3,-0.016070043222874864,False,False,False
BAJFINANCE,EQ,2025-08-21,887.8,888.0,901.3,884.0,895.3,895.6,894.73,6697533,5992466162.75,142800,3468748,51.79,0.0087857625591349,1.0,888.0,901.3,884.0,895.6,895.3,894.73,887.8,0.00878576255913499,False,False,False
BAJFINANCE,EQ,2025-08-22,895.6,895.0,903.9,892.0,896.1,894.5,896.67,6424895,5761000787.1,104898,4433989,69.01,-0.0012282268870031,1.0,895.0,903.9,892.0,894.5,896.1,896.67,895.6,-0.001228226887003192,False,False,False
BAJFINANCE,EQ,2025-08-25,894.5,902.1,908.0,898.15,901.3,900.8,901.77,5837876,5264440696.4,105208,3813332,65.32,0.0070430408049189,1.0,902.1,908.0,898.15,900.8,901.3,901.77,894.5,0.00704304080491891,False,False,False
BAJFINANCE,EQ,2025-08-26,900.8,899.95,901.9,873.5,876.0,876.25,882.44,6712926,5923736385.05,159230,3915177,58.32,-0.0272535523978685,1.0,899.95,901.9,873.5,876.25,876.0,882.44,900.8,-0.02725355239786853,False,False,False
BAJFINANCE,EQ,2025-08-28,876.25,870.2,884.5,869.7,878.1,876.85,878.71,8349342,7336655386.8,163523,4341734,52.0,0.0006847360912982,1.0,870.2,884.5,869.7,876.85,878.1,878.71,876.25,0.0006847360912982658,False,False,False
BAJFINANCE,EQ,2025-08-29,876.85,870.85,888.0,870.85,879.0,877.85,879.63,5672446,4989647554.75,113464,3352337,59.1,0.0011404459143524,1.0,870.85,888.0,870.85,877.85,879.0,879.63,876.85,0.0011404459143524726,False,False,False
BAJFINANCE,EQ,2025-09-01,877.85,877.85,894.8,877.85,890.0,889.35,888.65,4101526,3644817964.5,127217,2420574,59.02,0.0131001879592185,1.0,877.85,894.8,877.85,889.35,890.0,888.65,877.85,0.013100187959218523,False,False,False
BAJFINANCE,EQ,2025-09-02,889.35,895.0,899.55,886.15,890.0,890.1,893.33,6103185,5452175952.45,160813,3235193,53.01,0.0008433125316242,1.0,895.0,899.55,886.15,890.1,890.0,893.33,889.35,0.0008433125316242851,False,False,False
BAJFINANCE,EQ,2025-09-03,890.1,892.7,898.85,880.05,896.8,896.3,893.01,5493809,4906044779.55,104136,3765531,68.54,0.0069655094933152,1.0,892.7,898.85,880.05,896.3,896.8,893.01,890.1,0.006965509493315203,False,False,False
BAJFINANCE,EQ,2025-09-04,896.3,915.0,948.0,912.25,933.05,934.75,937.37,21738706,20377254605.35,284729,11362865,52.27,0.0428985830637063,1.0,915.0,948.0,912.25,934.75,933.05,937.37,896.3,0.04289858306370631,False,False,False
BAJFINANCE,EQ,2025-09-05,934.75,942.0,942.35,932.0,936.95,937.6,936.79,5467260,5121657436.25,111188,3127086,57.2,0.0030489435677989,1.0,942.0,942.35,932.0,937.6,936.95,936.79,934.75,0.003048943567798945,False,False,False
BAJFINANCE,EQ,2025-09-08,937.6,937.6,949.65,935.65,946.0,944.3,942.97,5657331,5334697442.6,172661,3489996,61.69,0.00714590443686,1.0,937.6,949.65,935.65,944.3,946.0,942.97,937.6,0.007145904436860029,False,False,False
BAJFINANCE,EQ,2025-09-09,944.3,944.0,949.4,940.0,947.5,948.4,946.45,5417393,5127311860.4,130035,3066575,56.61,0.0043418405167849,1.0,944.0,949.4,940.0,948.4,947.5,946.45,944.3,0.004341840516784989,False,False,False
BAJFINANCE,EQ,2025-09-10,948.4,951.05,969.65,947.7,967.5,967.95,962.99,6836239,6583203755.25,153906,3749390,54.85,0.0206136651202024,1.0,951.05,969.65,947.7,967.95,967.5,962.99,948.4,0.020613665120202462,False,False,False
BAJFINANCE,EQ,2025-09-11,967.95,968.0,975.9,965.6,970.2,970.25,971.34,5982627,5811163155.0,153574,3859608,64.51,0.0023761557931711,1.0,968.0,975.9,965.6,970.25,970.2,971.34,967.95,0.0023761557931711863,False,False,False
BAJFINANCE,EQ,2025-09-12,970.25,972.25,1004.6,970.85,1002.7,1003.25,991.99,11412561,11321127115.3,184367,6839934,59.93,0.0340118526153052,1.0,972.25,1004.6,970.85,1003.25,1002.7,991.99,970.25,0.03401185261530526,False,False,False
BAJFINANCE,EQ,2025-09-15,1003.25,999.0,1025.7,998.1,1011.7,1009.85,1014.61,9989753,10135683911.4,163812,5697343,57.03,0.0065786194866683,1.0,999.0,1025.7,998.1,1009.85,1011.7,1014.61,1003.25,0.00657861948666838,False,False,False
BAJFINANCE,EQ,2025-09-16,1009.85,1005.85,1015.3,1000.0,1006.9,1003.25,1005.86,7602155,7646709015.75,187530,3832066,50.41,-0.0065356241025895,1.0,1005.85,1015.3,1000.0,1003.25,1006.9,1005.86,1009.85,-0.006535624102589566,False,False,False
BAJFINANCE,EQ,2025-09-17,1003.25,1010.0,1011.8,1000.35,1009.0,1007.5,1007.86,6995023,7050022378.15,124914,4571701,65.36,0.0042362322452031,1.0,1010.0,1011.8,1000.35,1007.5,1009.0,1007.86,1003.25,0.0042362322452031975,False,False,False
BAJFINANCE,EQ,2025-09-18,1007.5,1007.0,1009.8,990.0,994.1,996.5,996.44,9738376,9703689722.6,146926,5269630,54.11,-0.0109181141439206,1.0,1007.0,1009.8,990.0,996.5,994.1,996.44,1007.5,-0.010918114143920632,False,False,False
BAJFINANCE,EQ,2025-09-19,996.5,991.0,996.0,988.6,994.0,992.45,992.7,6736440,6687244049.45,81918,4668511,69.3,-0.0040642247867536,1.0,991.0,996.0,988.6,992.45,994.0,992.7,996.5,-0.004064224786753612,False,False,False
BAJFINANCE,EQ,2025-09-22,992.45,989.95,1010.9,989.0,1006.0,1006.5,1003.45,4250045,4264695716.35,113714,2357594,55.47,0.0141568844778074,1.0,989.95,1010.9,989.0,1006.5,1006.0,1003.45,992.45,0.014156884477807496,False,False,False
BAJFINANCE,EQ,2025-09-23,1006.5,999.0,1028.8,999.0,1025.9,1025.5,1022.08,10230040,10455936203.0,162849,5171502,50.55,0.0188772975658222,1.0,999.0,1028.8,999.0,1025.5,1025.9,1022.08,1006.5,0.018877297565822238,False,False,False
BAJFINANCE,EQ,2025-09-24,1025.5,1021.5,1036.0,1020.4,1027.6,1029.75,1029.01,6433184,6619808704.6,104638,3673612,57.1,0.0041443198439785,1.0,1021.5,1036.0,1020.4,1029.75,1027.6,1029.01,1025.5,0.004144319843978561,False,False,False
BAJFINANCE,EQ,2025-09-25,1029.75,1020.0,1031.1,1008.0,1012.5,1012.75,1020.63,16731453,17076646440.65,176603,11738343,70.16,-0.0165088613741198,1.0,1020.0,1031.1,1008.0,1012.75,1012.5,1020.63,1029.75,-0.016508861374119888,False,False,False
BAJFINANCE,EQ,2025-09-26,1012.75,1008.05,1010.5,981.05,985.0,985.1,994.93,9109737,9063547759.8,197980,5758217,63.21,-0.027301900765243,1.0,1008.05,1010.5,981.05,985.1,985.0,994.93,1012.75,-0.02730190076524308,False,False,False
BAJFINANCE,EQ,2025-09-29,985.1,990.0,997.8,981.1,992.8,990.95,989.65,5804877,5744782526.2,146750,3712971,63.96,0.0059384834027003,1.0,990.0,997.8,981.1,990.95,992.8,989.65,985.1,0.005938483402700312,False,False,False
BAJFINANCE,EQ,2025-09-30,990.95,990.0,1002.3,989.45,999.0,998.9,997.76,7182200,7166122197.0,167414,4563600,63.54,0.0080226045713709,1.0,990.0,1002.3,989.45,998.9,999.0,997.76,990.95,0.00802260457137094,False,False,False
BAJFINANCE,EQ,2025-10-01,998.9,991.5,1000.0,977.75,987.35,987.7,986.28,6932272,6837143289.55,181158,3970471,57.28,-0.0112123335669235,1.0,991.5,1000.0,977.75,987.7,987.35,986.28,998.9,-0.011212333566923527,False,False,False
BAJFINANCE,EQ,2025-10-03,987.7,975.0,992.2,972.0,990.0,989.75,983.87,7692197,7568098893.75,158671,4835331,62.86,0.0020755290067833,1.0,975.0,992.2,972.0,989.75,990.0,983.87,987.7,0.0020755290067833165,False,False,False
BAJFINANCE,EQ,2025-10-06,989.75,993.0,1023.0,992.1,1010.0,1008.9,1011.68,9299635,9408210783.65,134779,4394841,47.26,0.0193483202828996,1.0,993.0,1023.0,992.1,1008.9,1010.0,1011.68,989.75,0.019348320282899678,False,False,False
BAJFINANCE,EQ,2025-10-07,1008.9,1008.9,1029.5,1008.9,1018.3,1016.55,1019.85,7991437,8150086290.75,170118,4449471,55.68,0.0075825156110616,1.0,1008.9,1029.5,1008.9,1016.55,1018.3,1019.85,1008.9,0.007582515611061602,False,False,False
BAJFINANCE,EQ,2025-10-08,1016.55,1012.05,1028.0,1012.05,1023.1,1023.15,1022.58,4448915,4549379589.85,138638,2824770,63.49,0.0064925483252176,1.0,1012.05,1028.0,1012.05,1023.15,1023.1,1022.58,1016.55,0.0064925483252176175,False,False,False
BAJFINANCE,EQ,2025-10-09,1023.15,1023.0,1029.0,1014.95,1022.5,1024.1,1022.47,4444154,4544008052.75,128128,2160050,48.6,0.0009285051067779,1.0,1023.0,1029.0,1014.95,1024.1,1022.5,1022.47,1023.15,0.0009285051067779992,False,False,False
BAJFINANCE,EQ,2025-10-10,1024.1,1018.1,1027.5,1017.0,1025.0,1023.85,1023.61,3714548,3802251706.2,107555,2153202,57.97,-0.00024411678547,1.0,1018.1,1027.5,1017.0,1023.85,1025.0,1023.61,1024.1,-0.0002441167854700943,False,False,False
BAJFINANCE,EQ,2025-10-13,1023.85,1023.85,1040.0,1021.5,1039.0,1036.75,1030.14,7684523,7916112030.1,107949,5526936,71.92,0.0125995018801581,1.0,1023.85,1040.0,1021.5,1036.75,1039.0,1030.14,1023.85,0.012599501880158126,False,False,False
BAJFINANCE,EQ,2025-10-14,1036.75,1040.0,1042.1,1011.35,1017.0,1019.15,1020.35,7668358,7824391820.8,118345,4457654,58.13,-0.0169761273209548,1.0,1040.0,1042.1,1011.35,1019.15,1017.0,1020.35,1036.75,-0.01697612732095488,False,False,False
BAJFINANCE,EQ,2025-10-15,1019.15,1026.0,1063.0,1018.4,1060.65,1059.9,1049.76,10205158,10713008202.1,211954,6191061,60.67,0.0399843006426925,1.0,1026.0,1063.0,1018.4,1059.9,1060.65,1049.76,1019.15,0.03998430064269254,False,False,False
BAJFINANCE,EQ,2025-10-16,1059.9,1062.0,1081.1,1058.85,1065.5,1065.75,1068.19,9901992,10577232016.6,217542,5757760,58.15,0.005519388621568,1.0,1062.0,1081.1,1058.85,1065.75,1065.5,1068.19,1059.9,0.005519388621568089,False,False,False
BAJFINANCE,EQ,2025-10-17,1065.75,1056.1,1076.45,1056.1,1069.1,1070.1,1069.71,5761670,6163287486.6,99826,3125792,54.25,0.004081632653061,1.0,1056.1,1076.45,1056.1,1070.1,1069.1,1069.71,1065.75,0.004081632653061051,False,False,False
BAJFINANCE,EQ,2025-10-20,1070.1,1081.5,1086.5,1072.2,1081.5,1081.0,1081.21,5700858,6163821810.9,136410,3074390,53.93,0.0101859639286048,1.0,1081.5,1086.5,1072.2,1081.0,1081.5,1081.21,1070.1,0.010185963928604824,False,False,False
BAJFINANCE,EQ,2025-10-21,1081.0,1084.9,1089.0,1081.0,1086.0,1086.5,1085.27,911624,989361169.4,39540,451105,49.48,0.0050878815911192,1.0,1084.9,1089.0,1081.0,1086.5,1086.0,1085.27,1081.0,0.005087881591119281,False,False,False
BAJFINANCE,EQ,2025-10-23,1086.5,1090.0,1102.5,1083.9,1091.15,1094.15,1090.65,11143407,12153532034.75,182248,6869705,61.65,0.0070409572020249,1.0,1090.0,1102.5,1083.9,1094.15,1091.15,1090.65,1086.5,0.007040957202024911,False,False,False
BAJFINANCE,EQ,2025-10-24,1094.15,1093.5,1098.6,1087.4,1089.0,1089.75,1091.92,6440277,7032284931.35,135777,4362842,67.74,-0.0040213864643787,1.0,1093.5,1098.6,1087.4,1089.75,1089.0,1091.92,1094.15,-0.004021386464378773,False,False,False
BAJFINANCE,EQ,2025-10-27,1089.75,1090.95,1094.0,1075.75,1082.6,1084.4,1081.77,7366175,7968527496.15,113591,5253347,71.32,-0.0049093828859829,1.0,1090.95,1094.0,1075.75,1084.4,1082.6,1081.77,1089.75,-0.004909382885982971,False,False,False
BAJFINANCE,EQ,2025-10-28,1084.4,1078.0,1092.4,1063.05,1075.95,1072.75,1071.61,12324341,13206901445.25,180223,7520689,61.02,-0.0107432681667282,1.0,1078.0,1092.4,1063.05,1072.75,1075.95,1071.61,1084.4,-0.010743268166728215,False,False,False
BAJFINANCE,EQ,2025-10-29,1072.75,1072.0,1079.15,1061.25,1063.8,1062.95,1065.16,5386803,5737824903.25,115343,4023340,74.69,-0.0091353996737356,1.0,1072.0,1079.15,1061.25,1062.95,1063.8,1065.16,1072.75,-0.009135399673735667,False,False,False
BAJFINANCE,EQ,2025-10-30,1062.95,1063.0,1066.8,1045.0,1052.5,1052.3,1053.74,4271927,4501479931.2,108365,2475206,57.94,-0.0100192859494803,1.0,1063.0,1066.8,1045.0,1052.3,1052.5,1053.74,1062.95,-0.010019285949480317,False,False,False
BAJFINANCE,EQ,2025-10-31,1052.3,1052.0,1069.45,1041.4,1045.0,1042.8,1051.7,5315632,5590442745.6,156491,3457468,65.04,-0.0090278437707878,1.0,1052.0,1069.45,1041.4,1042.8,1045.0,1051.7,1052.3,-0.009027843770787802,False,False,False
BAJFINANCE,EQ,2025-11-03,1042.8,1037.0,1048.0,1031.0,1040.6,1043.1,1042.72,4135617,4312305793.5,103637,2327401,56.28,0.0002876869965477,1.0,1037.0,1048.0,1031.0,1043.1,1040.6,1042.72,1042.8,0.00028768699654779795,False,False,False
BAJFINANCE,EQ,2025-11-04,1043.1,1040.0,1060.4,1035.0,1054.7,1057.0,1052.68,6202540,6529285294.6,123704,3296207,53.14,0.0133256638864922,1.0,1040.0,1060.4,1035.0,1057.0,1054.7,1052.68,1043.1,0.013325663886492256,False,False,False
BAJFINANCE,EQ,2025-11-06,1057.0,1037.0,1052.8,1035.0,1042.5,1041.9,1044.64,5776277,6034125415.4,130577,3301080,57.15,-0.0142857142857142,1.0,1037.0,1052.8,1035.0,1041.9,1042.5,1044.64,1057.0,-0.014285714285714235,False,False,False
BAJFINANCE,EQ,2025-11-07,1041.9,1039.0,1076.9,1034.2,1069.6,1066.6,1060.09,6940923,7357978851.5,142002,3627155,52.26,0.0237066897015065,1.0,1039.0,1076.9,1034.2,1066.6,1069.6,1060.09,1041.9,0.023706689701506578,False,False,False
BAJFINANCE,EQ,2025-11-10,1066.6,1066.6,1088.0,1062.9,1086.6,1085.0,1079.33,5692236,6143814675.4,139418,3029954,53.23,0.0172510781923871,1.0,1066.6,1088.0,1062.9,1085.0,1086.6,1079.33,1066.6,0.017251078192387137,False,False,False
BAJFINANCE,EQ,2025-11-11,1085.0,1043.7,1043.7,997.0,1009.1,1005.2,1008.31,23762890,23960300116.8,513536,11893882,50.05,-0.0735483870967741,1.0,1043.7,1043.7,997.0,1005.2,1009.1,1008.31,1085.0,-0.07354838709677414,False,False,False
BAJFINANCE,EQ,2025-11-12,1005.2,1011.0,1018.4,1008.8,1011.0,1013.2,1013.84,11131278,11285297203.9,187385,7974380,71.64,0.0079586152009549,1.0,1011.0,1018.4,1008.8,1013.2,1011.0,1013.84,1005.2,0.007958615200954977,False,False,False
BAJFINANCE,EQ,2025-11-13,1013.2,1012.5,1019.4,1003.5,1007.0,1005.4,1010.82,8503994,8595995310.4,192819,6008139,70.65,-0.0076983813659692,1.0,1012.5,1019.4,1003.5,1005.4,1007.0,1010.82,1013.2,-0.007698381365969231,False,False,False
BAJFINANCE,EQ,2025-11-14,1005.4,1004.9,1019.9,1002.6,1016.1,1018.5,1013.36,4381122,4439663661.9,200155,2717321,62.02,0.0130296399443008,1.0,1004.9,1019.9,1002.6,1018.5,1016.1,1013.36,1005.4,0.013029639944300841,False,False,False
BAJFINANCE,EQ,2025-11-17,1018.5,1021.0,1033.0,1017.0,1027.0,1026.8,1027.44,6011603,6176579135.1,221125,3919200,65.19,0.0081492390770741,1.0,1021.0,1033.0,1017.0,1026.8,1027.0,1027.44,1018.5,0.0081492390770741,False,False,False
BAJFINANCE,EQ,2025-11-18,1026.8,1021.2,1024.1,1011.7,1014.4,1013.6,1015.09,4562185,4631021081.6,103137,2855581,62.59,-0.0128554733151537,1.0,1021.2,1024.1,1011.7,1013.6,1014.4,1015.09,1026.8,-0.012855473315153798,False,False,False
BAJFINANCE,EQ,2025-11-19,1013.6,1009.0,1016.1,1004.6,1005.8,1005.6,1008.04,5158832,5200301561.8,91630,3628084,70.33,-0.0078926598263614,1.0,1009.0,1016.1,1004.6,1005.6,1005.8,1008.04,1013.6,-0.007892659826361448,False,False,False
BAJFINANCE,EQ,2025-11-20,1005.6,1015.0,1031.7,1007.3,1028.7,1028.6,1023.13,5459073,5585362504.0,111536,3361242,61.57,0.0228719172633251,1.0,1015.0,1031.7,1007.3,1028.6,1028.7,1023.13,1005.6,0.02287191726332516,False,False,False
BAJFINANCE,EQ,2025-11-21,1028.6,1020.0,1027.6,1001.5,1005.0,1004.1,1012.47,6304584,6383175613.5,125148,4550093,72.17,-0.0238187828115884,1.0,1020.0,1027.6,1001.5,1004.1,1005.0,1012.47,1028.6,-0.023818782811588446,False,False,False
BAJFINANCE,EQ,2025-11-24,1004.1,1005.0,1009.3,990.0,994.0,994.0,998.25,9574900,9558117345.6,109365,7434972,77.65,-0.0100587590877402,1.0,1005.0,1009.3,990.0,994.0,994.0,998.25,1004.1,-0.010058759087740232,False,False,False
BAJFINANCE,EQ,2025-11-25,994.0,995.0,996.9,984.5,985.0,986.2,990.28,6376983,6314981621.8,134254,4535421,71.12,-0.0078470824949697,1.0,995.0,996.9,984.5,986.2,985.0,990.28,994.0,-0.007847082494969793,False,False,False
BAJFINANCE,EQ,2025-11-26,986.2,986.2,1012.8,981.3,1011.0,1010.7,1003.59,9772235,9807279994.8,139321,6621753,67.76,0.0248428310687487,1.0,986.2,1012.8,981.3,1010.7,1011.0,1003.59,986.2,0.02484283106874874,False,False,False
BAJFINANCE,EQ,2025-11-27,1010.7,1015.6,1044.9,1010.9,1035.3,1033.8,1035.7,12076038,12507095956.7,258662,6510318,53.91,0.0228554467200949,1.0,1015.6,1044.9,1010.9,1033.8,1035.3,1035.7,1010.7,0.022855446720094985,False,False,False
BAJFINANCE,EQ,2025-11-28,1033.8,1038.0,1043.5,1031.0,1038.0,1037.5,1037.1,4983147,5168001827.1,109406,3055740,61.32,0.0035790288256916,1.0,1038.0,1043.5,1031.0,1037.5,1038.0,1037.1,1033.8,0.0035790288256916103,False,False,False
BAJFINANCE,EQ,2025-12-01,1037.5,1041.9,1042.0,1018.8,1019.8,1021.1,1025.49,6459837,6624505886.8,190993,4248596,65.77,-0.0158072289156626,1.0,1041.9,1042.0,1018.8,1021.1,1019.8,1025.49,1037.5,-0.015807228915662663,False,False,False
BAJFINANCE,EQ,2025-12-02,1021.1,1014.5,1036.0,1013.9,1025.3,1025.5,1024.4,6706145,6869759689.1,135804,3895609,58.09,0.0043090784448143,1.0,1014.5,1036.0,1013.9,1025.5,1025.3,1024.4,1021.1,0.004309078444814318,False,False,False
BAJFINANCE,EQ,2025-12-03,1025.5,1021.0,1026.3,1014.2,1022.0,1021.4,1019.72,5895670,6011926994.2,118342,4139143,70.21,-0.0039980497318381,1.0,1021.0,1026.3,1014.2,1021.4,1022.0,1019.72,1025.5,-0.003998049731838149,False,False,False
BAJFINANCE,EQ,2025-12-04,1021.4,1018.0,1032.3,1016.0,1027.1,1029.1,1025.72,5404918,5543907592.5,124585,3921850,72.56,0.0075386724104169,1.0,1018.0,1032.3,1016.0,1029.1,1027.1,1025.72,1021.4,0.007538672410416947,False,False,False
BAJFINANCE,EQ,2025-12-05,1029.1,1028.9,1061.0,1026.5,1046.8,1048.0,1048.1,13123572,13754759067.7,212153,7339156,55.92,0.0183655621416773,1.0,1028.9,1061.0,1026.5,1048.0,1046.8,1048.1,1029.1,0.018365562141677394,False,False,False
BAJFINANCE,EQ,2025-12-08,1048.0,1048.0,1049.8,1023.0,1026.4,1026.4,1029.0,5189635,5340132253.3,182866,3053219,58.83,-0.0206106870229006,1.0,1048.0,1049.8,1023.0,1026.4,1026.4,1029.0,1048.0,-0.020610687022900698,False,False,False
BAJFINANCE,EQ,2025-12-09,1026.4,1025.0,1026.0,1013.7,1017.5,1016.7,1018.43,5968501,6078499996.4,163105,3741631,62.69,-0.0094505066250974,1.0,1025.0,1026.0,1013.7,1016.7,1017.5,1018.43,1026.4,-0.009450506625097499,False,False,False
BAJFINANCE,EQ,2025-12-10,1016.7,1016.0,1021.7,1007.3,1009.6,1010.3,1012.63,4990527,5053553452.1,125385,3148914,63.1,-0.00629487557785,1.0,1016.0,1021.7,1007.3,1010.3,1009.6,1012.63,1016.7,-0.006294875577850023,False,False,False
BAJFINANCE,EQ,2025-12-11,1010.3,1011.9,1020.5,1000.1,1008.4,1006.4,1009.14,4670539,4713207700.7,131630,2514321,53.83,-0.003860239532812,1.0,1011.9,1020.5,1000.1,1006.4,1008.4,1009.14,1010.3,-0.0038602395328120043,False,False,False
BAJFINANCE,EQ,2025-12-12,1006.4,1000.0,1020.8,1000.0,1015.8,1017.3,1016.81,4381711,4455379631.4,92570,2686818,61.32,0.0108306836248013,1.0,1000.0,1020.8,1000.0,1017.3,1015.8,1016.81,1006.4,0.01083068362480133,False,False,False
BAJFINANCE,EQ,2025-12-15,1017.3,1015.0,1016.5,1008.0,1012.1,1012.7,1012.08,3958977,4006806979.2,173998,2767328,69.9,-0.0045217733215373,1.0,1015.0,1016.5,1008.0,1012.7,1012.1,1012.08,1017.3,-0.004521773321537359,False,False,False
BAJFINANCE,EQ,2025-12-16,1012.7,1007.5,1010.6,996.5,997.1,998.4,1001.97,3861617,3869237331.0,132550,2342125,60.65,-0.0141206675224647,1.0,1007.5,1010.6,996.5,998.4,997.1,1001.97,1012.7,-0.01412066752246477,False,False,False
BAJFINANCE,EQ,2025-12-17,998.4,1000.0,1011.2,995.3,1000.1,999.6,1001.74,4695550,4703716445.1,126812,2921956,62.23,0.0012019230769231,1.0,1000.0,1011.2,995.3,999.6,1000.1,1001.74,998.4,0.0012019230769231282,False,False,False
BAJFINANCE,EQ,2025-12-18,999.6,1002.1,1009.7,995.0,1001.0,1000.3,1001.84,3103997,3109697879.5,139504,1621598,52.24,0.0007002801120448,1.0,1002.1,1009.7,995.0,1000.3,1001.0,1001.84,999.6,0.0007002801120448154,False,False,False
BAJFINANCE,EQ,2025-12-19,1000.3,1003.2,1014.0,1002.5,1006.2,1008.3,1007.63,5126009,5165135470.0,111084,3532031,68.9,0.0079976007197841,1.0,1003.2,1014.0,1002.5,1008.3,1006.2,1007.63,1000.3,0.00799760071978417,False,False,False
BAJFINANCE,EQ,2025-12-22,1008.3,1008.3,1015.4,1005.0,1007.8,1007.8,1009.02,3921237,3956604053.6,164783,2433948,62.07,-0.0004958841614598,1.0,1008.3,1015.4,1005.0,1007.8,1007.8,1009.02,1008.3,-0.0004958841614598475,False,False,False
BAJFINANCE,EQ,2025-12-23,1007.8,1013.5,1018.0,1005.7,1011.5,1011.4,1012.31,4712043,4770043831.9,116598,2763704,58.65,0.0035721373288351,1.0,1013.5,1018.0,1005.7,1011.4,1011.5,1012.31,1007.8,0.003572137328835101,False,False,False
BAJFINANCE,EQ,2025-12-24,1011.4,1011.0,1037.4,1006.0,1009.4,1011.7,1024.46,5984816,6131229339.3,137892,2754247,46.02,0.0002966185485466,1.0,1011.0,1037.4,1006.0,1011.7,1009.4,1024.46,1011.4,0.0002966185485466788,False,False,False
BAJFINANCE,EQ,2025-12-26,1011.7,1011.7,1011.7,998.0,998.5,1000.0,1002.41,5211460,5224036369.6,99458,3093367,59.36,-0.0115646930908372,1.0,1011.7,1011.7,998.0,1000.0,998.5,1002.41,1011.7,-0.011564693090837297,False,False,False
BAJFINANCE,EQ,2025-12-29,1000.0,1003.0,1003.9,989.6,998.5,998.0,995.43,6715489,6684830774.1,135440,4386273,65.32,-0.002,1.0,1003.0,1003.9,989.6,998.0,998.5,995.43,1000.0,-0.0020000000000000018,False,False,False
BAJFINANCE,EQ,2025-12-30,998.0,994.1,997.6,987.1,991.0,989.3,990.43,7473887,7402383539.8,161499,5236330,70.06,-0.0087174348697395,1.0,994.1,997.6,987.1,989.3,991.0,990.43,998.0,-0.008717434869739527,False,False,False
BAJFINANCE,EQ,2025-12-31,989.3,990.0,994.2,978.4,986.5,986.8,984.17,9895270,9738659835.9,285791,7208477,72.85,-0.0025270393207318,1.0,990.0,994.2,978.4,986.8,986.5,984.17,989.3,-0.0025270393207318387,False,False,False
BAJFINANCE,EQ,2026-01-01,986.8,988.2,989.0,969.0,975.6,973.1,975.57,7118751,6944824603.5,223760,4781307,67.16,-0.0138832590190514,1.0,988.2,989.0,969.0,973.1,975.6,975.57,986.8,-0.013883259019051408,False,False,False
BAJFINANCE,EQ,2026-01-02,973.1,972.9,994.2,960.6,990.55,990.45,986.39,6206869,6122410193.4,113828,3544409,57.1,0.0178296166889322,1.0,972.9,994.2,960.6,990.45,990.55,986.39,973.1,0.017829616688932237,False,False,False
BAJFINANCE,EQ,2026-01-05,990.45,979.7,999.15,975.0,977.65,978.75,981.97,10564157,10373648642.6,149389,6724250,63.65,-0.0118128123580191,1.0,979.7,999.15,975.0,978.75,977.65,981.97,990.45,-0.01181281235801912,False,False,False
BAJFINANCE,EQ,2026-01-06,978.75,978.0,987.0,973.3,976.95,977.35,978.76,8380183,8202208758.3,150078,5785611,69.04,-0.0014303959131545,1.0,978.0,987.0,973.3,977.35,976.95,978.76,978.75,-0.0014303959131545252,False,False,False
BAJFINANCE,EQ,2026-01-07,977.35,973.05,976.45,965.05,969.7,968.8,968.58,7048491,6827028959.9,193229,5118158,72.61,-0.0087481454954725,1.0,973.05,976.45,965.05,968.8,969.7,968.58,977.35,-0.008748145495472537,False,False,False
BAJFINANCE,EQ,2026-01-08,968.8,968.5,978.35,965.3,970.1,971.95,971.28,4410256,4283579770.75,100152,2290353,51.93,0.0032514450867053,1.0,968.5,978.35,965.3,971.95,970.1,971.28,968.8,0.0032514450867053846,False,False,False
BAJFINANCE,EQ,2026-01-09,971.95,970.1,983.0,953.7,961.5,959.6,967.76,7598970,7353969136.7,173067,4671325,61.47,-0.0127064149390401,1.0,970.1,983.0,953.7,959.6,961.5,967.76,971.95,-0.012706414939040123,False,False,False
BAJFINANCE,EQ,2026-01-12,959.6,958.8,961.4,939.85,950.0,951.9,948.82,5640136,5351462823.35,217084,3034735,53.81,-0.0080241767403085,1.0,958.8,961.4,939.85,951.9,950.0,948.82,959.6,-0.00802417674030853,False,False,False
BAJFINANCE,EQ,2026-01-13,951.9,950.0,955.85,939.0,949.4,949.0,946.57,6765116,6403681236.8,118869,3857533,57.02,-0.0030465385019434,1.0,950.0,955.85,939.0,949.0,949.4,946.57,951.9,-0.0030465385019434743,False,False,False
BAJFINANCE,EQ,2026-01-14,949.0,947.0,953.9,943.15,944.8,945.95,948.55,4452202,4223114203.85,110550,2681329,60.22,-0.0032139093782929,1.0,947.0,953.9,943.15,945.95,944.8,948.55,949.0,-0.003213909378292912,False,False,False
BAJFINANCE,EQ,2026-01-16,945.95,940.2,963.0,936.8,951.0,950.25,951.44,10710080,10189958448.1,194250,7209383,67.31,0.0045456948041651,1.0,940.2,963.0,936.8,950.25,951.0,951.44,945.95,0.004545694804165112,False,False,False
BAJFINANCE,EQ,2026-01-19,950.25,950.5,972.9,948.85,968.0,969.45,966.52,7000442,6766044326.65,112965,4144925,59.21,0.0202052091554854,1.0,950.5,972.9,948.85,969.45,968.0,966.52,950.25,0.020205209155485404,False,False,False
BAJFINANCE,EQ,2026-01-20,969.45,975.7,975.7,927.9,931.75,933.2,943.92,9001207,8496402192.95,195288,5312844,59.02,-0.0373923358605394,1.0,975.7,975.7,927.9,933.2,931.75,943.92,969.45,-0.03739233586053947,False,False,False
BAJFINANCE,EQ,2026-01-21,933.2,925.0,947.3,921.0,938.0,936.25,934.23,5375254,5021702630.95,178460,2916350,54.26,0.0032683240462922,1.0,925.0,947.3,921.0,936.25,938.0,934.23,933.2,0.0032683240462922925,False,False,False
BAJFINANCE,EQ,2026-01-22,936.25,947.0,947.0,934.25,945.0,942.85,940.74,5518756,5191719560.05,128845,3241522,58.74,0.0070493991989319,1.0,947.0,947.0,934.25,942.85,945.0,940.74,936.25,0.007049399198931994,False,False,False
BAJFINANCE,EQ,2026-01-23,942.85,942.85,951.4,926.3,929.5,927.85,934.98,6535035,6110137047.6,103819,4590105,70.24,-0.0159092114334199,1.0,942.85,951.4,926.3,927.85,929.5,934.98,942.85,-0.015909211433419945,False,False,False
BAJFINANCE,EQ,2026-01-27,927.85,930.0,931.95,907.7,917.95,914.7,917.45,15312488,14048409579.25,230932,10472675,68.39,-0.0141725494422589,1.0,930.0,931.95,907.7,914.7,917.95,917.45,927.85,-0.014172549442258986,False,False,False
BAJFINANCE,EQ,2026-01-28,914.7,914.7,936.9,914.7,936.0,935.15,928.88,6046468,5616412974.5,134488,3838633,63.49,0.0223570569585656,1.0,914.7,936.9,914.7,935.15,936.0,928.88,914.7,0.022357056958565602,False,False,False
BAJFINANCE,EQ,2026-01-29,935.15,935.15,939.8,923.7,937.25,935.15,933.17,6430445,6000726695.35,117387,4210424,65.48,0.0,1.0,935.15,939.8,923.7,935.15,937.25,933.17,935.15,0.0,False,False,False
BAJFINANCE,EQ,2026-01-30,935.15,928.35,938.0,925.15,930.85,929.85,930.6,10151379,9446918061.8,128901,7103641,69.98,-0.0056675399668502,1.0,928.35,938.0,925.15,929.85,930.85,930.6,935.15,-0.00566753996685021,False,False,False
BAJFINANCE,EQ,2026-02-01,929.85,930.8,935.0,888.55,904.5,902.35,908.12,3830308,3478386501.25,111755,2143062,55.95,-0.0295746625799859,1.0,930.8,935.0,888.55,902.35,904.5,908.12,929.85,-0.029574662579985977,False,False,False
BAJFINANCE,EQ,2026-02-02,902.35,887.0,909.4,887.0,908.0,903.7,898.61,11874989,10670989136.55,172067,7783738,65.55,0.0014960935335512,1.0,887.0,909.4,887.0,903.7,908.0,898.61,902.35,0.0014960935335512904,False,False,False
BAJFINANCE,EQ,2026-02-03,903.7,960.0,972.8,941.9,964.0,964.4,958.88,15261370,14633881621.8,258334,9395812,61.57,0.0671683080668361,1.0,960.0,972.8,941.9,964.4,964.0,958.88,903.7,0.06716830806683616,False,False,False
BAJFINANCE,EQ,2026-02-04,964.4,965.0,975.7,944.15,964.0,963.3,961.0,17489015,16807013599.45,281554,10412172,59.54,-0.0011406055578598,1.0,965.0,975.7,944.15,963.3,964.0,961.0,964.4,-0.0011406055578598862,False,False,False
BAJFINANCE,EQ,2026-02-05,963.3,964.0,968.5,953.0,964.65,964.75,961.79,6020258,5790237614.5,165702,4025945,66.87,0.0015052423959307,1.0,964.0,968.5,953.0,964.75,964.65,961.79,963.3,0.0015052423959307504,False,False,False
BAJFINANCE,EQ,2026-02-06,964.75,973.95,986.5,966.1,982.0,981.7,978.07,13742927,13441491072.0,204267,9179735,66.8,0.0175693184762892,1.0,973.95,986.5,966.1,981.7,982.0,978.07,964.75,0.017569318476289286,False,False,False
BAJFINANCE,EQ,2026-02-09,981.7,988.0,988.0,971.6,981.2,983.15,979.91,4852548,4755059617.65,126486,2972521,61.26,0.0014770296424568,1.0,988.0,988.0,971.6,983.15,981.2,979.91,981.7,0.001477029642456884,False,False,False
BAJFINANCE,EQ,2026-02-10,983.15,983.15,985.15,961.3,965.3,965.6,967.94,6166752,5969067955.35,204992,3752284,60.85,-0.0178507857397141,1.0,983.15,985.15,961.3,965.6,965.3,967.94,983.15,-0.017850785739714103,False,False,False
BAJFINANCE,EQ,2026-02-11,965.6,965.3,974.5,961.4,967.05,968.95,968.4,3597342,3483652951.95,77383,1974265,54.88,0.0034693454846728,1.0,965.3,974.5,961.4,968.95,967.05,968.4,965.6,0.0034693454846728145,False,False,False
BAJFINANCE,EQ,2026-02-12,968.95,968.3,1002.0,965.0,1001.0,999.1,991.04,10346853,10254159152.7,153662,6143513,59.38,0.0311161566644304,1.0,968.3,1002.0,965.0,999.1,1001.0,991.04,968.95,0.03111615666443046,False,False,False
BAJFINANCE,EQ,2026-02-13,999.1,995.0,1032.0,992.8,1030.0,1024.75,1015.64,21613987,21951945032.45,237289,14067308,65.08,0.0256731057952157,1.0,995.0,1032.0,992.8,1024.75,1030.0,1015.64,999.1,0.025673105795215756,False,False,False
BAJFINANCE,EQ,2026-02-16,1024.75,1023.05,1029.3,1003.3,1013.0,1012.75,1016.78,4460636,4535480900.4,119707,2203761,49.4,-0.0117101732129787,1.0,1023.05,1029.3,1003.3,1012.75,1013.0,1016.78,1024.75,-0.011710173212978736,False,False,False
BAJFINANCE,EQ,2026-02-17,1012.75,1012.75,1016.35,1004.0,1012.0,1014.15,1011.03,2913899,2946042029.8,87347,1687096,57.9,0.0013823747222907,1.0,1012.75,1016.35,1004.0,1014.15,1012.0,1011.03,1012.75,0.0013823747222907468,False,False,False
BAJFINANCE,EQ,2026-02-18,1014.15,1014.55,1025.7,1007.05,1020.5,1023.8,1021.35,4929647,5034875349.15,88460,3247118,65.87,0.0095153576887048,1.0,1014.55,1025.7,1007.05,1023.8,1020.5,1021.35,1014.15,0.009515357688704817,False,False,False
BAJFINANCE,EQ,2026-02-19,1023.8,1024.0,1024.5,1007.0,1007.0,1017.05,1019.83,9866245,10061874746.45,62990,7817505,79.23,-0.0065930845868333,1.0,1024.0,1024.5,1007.0,1017.05,1007.0,1019.83,1023.8,-0.0065930845868333865,False,False,False
BAJFINANCE,EQ,2026-02-20,1017.05,1015.9,1036.6,1008.75,1025.0,1030.2,1027.79,6922705,7115104290.15,97443,4236672,61.2,0.0129295511528439,1.0,1015.9,1036.6,1008.75,1030.2,1025.0,1027.79,1017.05,0.012929551152843999,False,False,False
BAJFINANCE,EQ,2026-02-23,1030.2,1032.45,1046.0,1029.05,1030.55,1031.0,1038.15,9452225,9812804202.0,115644,6707586,70.96,0.0007765482430595,1.0,1032.45,1046.0,1029.05,1031.0,1030.55,1038.15,1030.2,0.000776548243059505,False,False,False
BAJFINANCE,EQ,2026-02-24,1031.0,1026.3,1028.75,1010.3,1023.5,1023.55,1020.61,6610984,6747204735.2,112203,4343722,65.7,-0.0072259941804073,1.0,1026.3,1028.75,1010.3,1023.55,1023.5,1020.61,1031.0,-0.007225994180407369,False,False,False
BAJFINANCE,EQ,2026-02-25,1023.55,1028.0,1034.0,1013.4,1020.4,1021.05,1022.25,3182612,3253411039.8,76008,1760152,55.31,-0.0024424796052953,1.0,1028.0,1034.0,1013.4,1021.05,1020.4,1022.25,1023.55,-0.0024424796052953113,False,False,False
BAJFINANCE,EQ,2026-02-26,1021.05,1020.75,1031.2,1006.05,1014.15,1012.95,1017.21,4336261,4410902415.8,119529,2060876,47.53,-0.0079330101366239,1.0,1020.75,1031.2,1006.05,1012.95,1014.15,1017.21,1021.05,-0.007933010136623952,False,False,False
BAJFINANCE,EQ,2026-02-27,1012.95,1008.95,1014.9,993.1,996.75,995.9,1001.74,8145772,8159945302.05,132074,6121960,75.16,-0.0168320252727183,1.0,1008.95,1014.9,993.1,995.9,996.75,1001.74,1012.95,-0.01683202527271832,False,False,False
BAJFINANCE,EQ,2026-03-02,995.9,971.0,990.4,968.0,975.0,978.25,978.43,8493269,8310053608.7,192677,4321669,50.88,-0.0177226629179636,1.0,971.0,990.4,968.0,978.25,975.0,978.43,995.9,-0.01772266291796365,False,False,False
BAJFINANCE,EQ,2026-03-04,978.25,967.0,967.0,941.3,945.0,945.1,949.67,8964293,8513155074.65,199208,5392924,60.16,-0.0338870431893687,1.0,967.0,967.0,941.3,945.1,945.0,949.67,978.25,-0.03388704318936875,False,False,False
BAJFINANCE,EQ,2026-03-05,945.1,958.0,968.25,945.9,963.0,962.4,958.18,6181254,5922747411.1,156794,3321148,53.73,0.0183049412760554,1.0,958.0,968.25,945.9,962.4,963.0,958.18,945.1,0.01830494127605542,False,False,False
BAJFINANCE,EQ,2026-03-06,962.4,960.0,961.5,946.6,951.7,950.2,953.43,6560051,6254527777.8,111836,4517294,68.86,-0.0126766417290107,1.0,960.0,961.5,946.6,950.2,951.7,953.43,962.4,-0.01267664172901073,False,False,False
BAJFINANCE,EQ,2026-03-09,950.2,921.8,941.1,909.05,938.4,938.05,926.06,9182152,8503191071.15,291747,5759406,62.72,-0.0127867817301621,1.0,921.8,941.1,909.05,938.05,938.4,926.06,950.2,-0.012786781730162122,False,False,False
BAJFINANCE,EQ,2026-03-10,938.05,950.0,952.15,931.85,941.95,939.8,941.74,8474956,7981171893.45,177367,5419584,63.95,0.0018655721976439,1.0,950.0,952.15,931.85,939.8,941.95,941.74,938.05,0.0018655721976439388,False,False,False
BAJFINANCE,EQ,2026-03-11,939.8,932.2,941.25,890.0,893.95,893.65,905.1,11172537,10112242988.2,268835,6530678,58.45,-0.0491061928069801,1.0,932.2,941.25,890.0,893.65,893.95,905.1,939.8,-0.04910619280698014,False,False,False
BAJFINANCE,EQ,2026-03-12,893.65,880.1,888.2,858.35,862.95,863.1,871.61,15508258,13517084002.5,300802,10320657,66.55,-0.0341856431488837,1.0,880.1,888.2,858.35,863.1,862.95,871.61,893.65,-0.034185643148883726,False,False,False
BAJFINANCE,EQ,2026-03-13,863.1,861.0,868.35,848.8,856.5,855.05,859.32,6668639,5730477876.05,179052,3739474,56.08,-0.0093268450932685,1.0,861.0,868.35,848.8,855.05,856.5,859.32,863.1,-0.009326845093268532,False,False,False
BAJFINANCE,EQ,2026-03-16,855.05,850.1,881.9,850.1,873.8,878.15,870.58,8982957,7820383672.3,196453,5538572,61.66,0.0270159639787146,1.0,850.1,881.9,850.1,878.15,873.8,870.58,855.05,0.02701596397871464,False,False,False
BAJFINANCE,EQ,2026-03-17,878.15,878.15,881.05,859.55,869.0,868.6,869.2,7941385,6902661614.35,158686,4237189,53.36,-0.0108751352274667,1.0,878.15,881.05,859.55,868.6,869.0,869.2,878.15,-0.010875135227466748,False,False,False
BAJFINANCE,EQ,2026-03-18,868.6,876.1,893.95,858.2,882.95,880.1,872.84,12375517,10801795698.3,329822,6443256,52.06,0.0132396960626295,1.0,876.1,893.95,858.2,880.1,882.95,872.84,868.6,0.013239696062629536,False,False,False
BAJFINANCE,EQ,2026-03-19,880.1,868.2,869.9,826.7,836.7,832.2,840.54,11585591,9738115551.25,333569,6458617,55.75,-0.0544256334507442,1.0,868.2,869.9,826.7,832.2,836.7,840.54,880.1,-0.05442563345074425,False,False,False
BAJFINANCE,EQ,2026-03-20,832.2,836.7,841.95,819.25,830.3,830.55,828.25,14881843,12325934998.9,217899,8283886,55.66,-0.0019826964671955,1.0,836.7,841.95,819.25,830.55,830.3,828.25,832.2,-0.0019826964671955105,False,False,False
BAJFINANCE,EQ,2026-03-23,830.55,818.1,818.8,787.9,811.6,812.6,805.95,15835828,12762945968.2,385591,9550098,60.31,-0.0216121846968875,1.0,818.1,818.8,787.9,812.6,811.6,805.95,830.55,-0.021612184696887526,False,False,False
BAJFINANCE,EQ,2026-03-24,812.6,830.0,854.0,817.6,853.0,849.0,834.49,18828248,15711977662.6,270501,11850678,62.94,0.0447944868323897,1.0,830.0,854.0,817.6,849.0,853.0,834.49,812.6,0.044794486832389735,False,False,False
BAJFINANCE,EQ,2026-03-25,849.0,862.05,888.8,853.3,883.0,882.75,879.13,15995501,14062182961.25,362598,10678107,66.76,0.0397526501766785,1.0,862.05,888.8,853.3,882.75,883.0,879.13,849.0,0.039752650176678506,False,False,False
BAJFINANCE,EQ,2026-03-27,882.75,875.0,875.15,841.25,846.5,843.8,850.53,11282824,9596382183.2,261234,7040214,62.4,-0.0441234777683375,1.0,875.0,875.15,841.25,843.8,846.5,850.53,882.75,-0.04412347776833758,False,False,False
BAJFINANCE,EQ,2026-03-30,843.8,831.0,834.9,799.0,802.0,801.55,811.32,20377282,16532498038.0,341634,11843021,58.12,-0.050071106897369,1.0,831.0,834.9,799.0,801.55,802.0,811.32,843.8,-0.050071106897369044,False,False,False
BAJFINANCE,EQ,2026-04-01,801.55,832.8,842.05,814.8,819.0,817.3,829.61,15094026,12522093054.7,264877,9428635,62.47,0.0196494292308651,1.0,832.8,842.05,814.8,817.3,819.0,829.61,801.55,0.0196494292308651,False,False,False
BAJFINANCE,EQ,2026-04-02,817.3,809.0,830.05,792.45,828.9,826.85,811.85,9113618,7398901198.5,177781,4065895,44.61,0.0116848158570905,1.0,809.0,830.05,792.45,826.85,828.9,811.85,817.3,0.01168481585709058,False,False,False
BAJFINANCE,EQ,2026-04-06,826.85,828.9,853.0,814.25,850.0,850.85,834.2,12504591,10431311305.65,206758,6704143,53.61,0.0290258208864968,1.0,828.9,853.0,814.25,850.85,850.0,834.2,826.85,0.029025820886496856,False,False,False
BAJFINANCE,EQ,2026-04-07,850.85,848.0,862.8,844.45,854.0,855.1,853.58,11569047,9875134334.5,169033,5199310,44.94,0.0049950049950049,1.0,848.0,862.8,844.45,855.1,854.0,853.58,850.85,0.004995004995004937,False,False,False
BAJFINANCE,EQ,2026-04-08,855.1,890.0,926.0,881.0,917.0,915.05,913.7,13826150,12632959269.2,214092,7503023,54.27,0.0701087592094491,1.0,890.0,926.0,881.0,915.05,917.0,913.7,855.1,0.07010875920944915,False,False,False
BAJFINANCE,EQ,2026-04-09,915.05,902.0,913.4,891.4,901.8,903.25,904.25,9457820,8552254513.2,145043,4801708,50.77,-0.0128954701928856,1.0,902.0,913.4,891.4,903.25,901.8,904.25,915.05,-0.012895470192885616,False,False,False
BAJFINANCE,EQ,2026-04-10,903.25,915.75,927.3,912.3,922.0,924.55,920.65,9491544,8738384699.0,126030,5829940,61.42,0.0235815112095212,1.0,915.75,927.3,912.3,924.55,922.0,920.65,903.25,0.023581511209521233,False,False,False
BAJFINANCE,EQ,2026-04-13,924.55,896.15,905.9,881.1,897.05,898.95,899.63,10723313,9647062454.7,161125,5172616,48.24,-0.0276891460710615,1.0,896.15,905.9,881.1,898.95,897.05,899.63,924.55,-0.027689146071061543,False,False,False
BAJFINANCE,EQ,2026-04-15,898.95,925.0,925.0,911.1,912.7,913.15,916.89,5975197,5478589430.2,136613,3178675,53.2,0.0157962066855774,1.0,925.0,925.0,911.1,913.15,912.7,916.89,898.95,0.015796206685577463,False,False,False
BAJFINANCE,EQ,2026-04-16,913.15,919.0,932.6,904.0,906.95,905.9,915.47,11805227,10807317208.15,194650,6814033,57.72,-0.0079395499096533,1.0,919.0,932.6,904.0,905.9,906.95,915.47,913.15,-0.007939549909653398,False,False,False
BAJFINANCE,EQ,2026-04-17,905.9,902.15,910.45,895.8,909.0,908.25,906.97,6035241,5473779135.75,158132,3822871,63.34,0.0025941053096367,1.0,902.15,910.45,895.8,908.25,909.0,906.97,905.9,0.002594105309636774,False,False,False
BAJFINANCE,EQ,2026-04-20,908.25,908.25,920.9,898.0,916.15,917.75,913.73,6184179,5650645036.8,186624,3351132,54.19,0.0104596751995595,1.0,908.25,920.9,898.0,917.75,916.15,913.73,908.25,0.010459675199559593,False,False,False
BAJFINANCE,EQ,2026-04-21,917.75,919.5,945.95,919.0,938.75,938.85,935.45,6713975,6280592831.0,137280,3251232,48.42,0.0229910106238082,1.0,919.5,945.95,919.0,938.85,938.75,935.45,917.75,0.02299101062380826,False,False,False
BAJFINANCE,EQ,2026-04-22,938.85,938.0,946.35,930.15,934.9,934.75,936.78,5759028,5394931382.85,132008,3139436,54.51,-0.0043670447888374,1.0,938.0,946.35,930.15,934.75,934.9,936.78,938.85,-0.004367044788837426,False,False,False
BAJFINANCE,EQ,2026-04-23,934.75,926.1,929.85,909.35,916.5,918.35,916.98,9143598,8384469481.05,171515,4529538,49.54,-0.0175447980743513,1.0,926.1,929.85,909.35,918.35,916.5,916.98,934.75,-0.017544798074351386,False,False,False
BAJFINANCE,EQ,2026-04-24,918.35,920.0,924.7,909.8,922.1,921.55,917.01,3982355,3651861150.65,92877,1922914,48.29,0.0034845102629714,1.0,920.0,924.7,909.8,921.55,922.1,917.01,918.35,0.003484510262971474,False,False,False
BAJFINANCE,EQ,2026-04-27,921.55,923.05,928.95,908.3,923.0,921.8,920.91,7813458,7195529851.8,123617,3922131,50.2,0.0002712820791057,1.0,923.05,928.95,908.3,921.8,923.0,920.91,921.55,0.0002712820791057613,False,False,False
BAJFINANCE,EQ,2026-04-28,921.8,921.8,929.9,914.35,920.0,923.65,923.58,7119135,6575120512.65,138722,4082142,57.34,0.0020069429377305,1.0,921.8,929.9,914.35,923.65,920.0,923.58,921.8,0.002006942937730516,False,False,False
BAJFINANCE,EQ,2026-04-29,923.65,925.0,937.0,916.6,932.8,930.0,929.23,5438997,5054095623.55,105181,2448990,45.03,0.0068748985005142,1.0,925.0,937.0,916.6,930.0,932.8,929.23,923.65,0.006874898500514259,False,False,False
BAJFINANCE,EQ,2026-04-30,930.0,945.0,975.0,933.9,939.7,937.0,951.68,27364272,26041902533.2,418610,10101163,36.91,0.0075268817204301,1.0,945.0,975.0,933.9,937.0,939.7,951.68,930.0,0.007526881720430145,False,False,False
BAJFINANCE,EQ,2026-05-04,937.0,938.1,966.0,938.1,950.0,950.2,952.15,7503756,7144721902.65,181855,3414014,45.5,0.0140875133404483,1.0,938.1,966.0,938.1,950.2,950.0,952.15,937.0,0.014087513340448332,False,False,False
BAJFINANCE,EQ,2026-05-05,950.2,950.2,961.1,933.15,959.75,958.6,948.26,7290077,6912908365.3,142939,2421108,33.21,0.0088402441591244,1.0,950.2,961.1,933.15,958.6,959.75,948.26,950.2,0.008840244159124433,False,False,False
BAJFINANCE,EQ,2026-05-06,958.6,965.0,984.0,965.0,981.15,980.75,975.7,7771237,7582374250.65,203295,3646638,46.92,0.0231066138118087,1.0,965.0,984.0,965.0,980.75,981.15,975.7,958.6,0.023106613811808785,False,False,False
BAJFINANCE,EQ,2026-05-07,980.75,992.25,992.25,969.0,973.6,972.75,976.49,7873561,7688419602.45,160951,4354156,55.3,-0.0081570226867193,1.0,992.25,992.25,969.0,972.75,973.6,976.49,980.75,-0.008157022686719362,False,False,False
BAJFINANCE,EQ,2026-05-08,972.75,971.0,971.95,951.0,954.5,955.35,957.84,5555386,5321179811.8,134582,2869459,51.65,-0.0178874325366229,1.0,971.0,971.95,951.0,955.35,954.5,957.84,972.75,-0.01788743253662295,False,False,False
BAJFINANCE,EQ,2026-05-11,955.35,946.0,956.0,933.55,935.5,936.05,944.79,5581022,5272920418.8,167373,2937151,52.63,-0.0202020202020202,1.0,946.0,956.0,933.55,936.05,935.5,944.79,955.35,-0.02020202020202022,False,False,False
BAJFINANCE,EQ,2026-05-12,936.05,928.0,932.65,901.75,907.0,904.2,911.79,7174645,6541747097.05,126469,3071228,42.81,-0.0340259601517012,1.0,928.0,932.65,901.75,904.2,907.0,911.79,936.05,-0.03402596015170123,False,False,False
BAJFINANCE,EQ,2026-05-13,904.2,902.0,907.4,890.05,898.6,896.15,899.49,7422952,6676834181.7,151638,4047446,54.53,-0.008902897589029,1.0,902.0,907.4,890.05,896.15,898.6,899.49,904.2,-0.008902897589029068,False,False,False
BAJFINANCE,EQ,2026-05-14,896.15,902.9,915.0,889.0,915.0,912.15,904.72,6815238,6165870283.95,126026,2476934,36.34,0.0178541538804888,1.0,902.9,915.0,889.0,912.15,915.0,904.72,896.15,0.017854153880488832,False,False,False
BAJFINANCE,EQ,2026-05-15,912.15,913.0,921.6,907.35,910.0,910.45,915.28,5012279,4587641973.15,100190,2398217,47.85,-0.0018637285534176,1.0,913.0,921.6,907.35,910.45,910.0,915.28,912.15,-0.001863728553417654,False,False,False
BAJFINANCE,EQ,2026-05-18,910.45,900.0,925.0,890.7,922.0,921.1,910.96,6387223,5818501411.4,135527,3209084,50.24,0.0116975122192322,1.0,900.0,925.0,890.7,921.1,922.0,910.96,910.45,0.011697512219232209,False,False,False
BAJFINANCE,EQ,2026-05-19,921.1,927.6,930.0,920.1,928.0,923.55,924.54,8313548,7686185697.05,88556,5238652,63.01,0.0026598632070349,1.0,927.6,930.0,920.1,923.55,928.0,924.54,921.1,0.0026598632070349293,False,False,False
BAJFINANCE,EQ,2026-05-20,923.55,910.0,926.3,908.45,925.45,923.1,918.24,5864990,5385474515.6,127305,3438366,58.63,-0.0004872502842292,1.0,910.0,926.3,908.45,923.1,925.45,918.24,923.55,-0.0004872502842292459,False,False,False
BAJFINANCE,EQ,2026-05-21,923.1,933.0,934.9,903.25,908.1,907.65,912.52,9713326,8863646378.05,118898,4674137,48.12,-0.0167370815729607,1.0,933.0,934.9,903.25,907.65,908.1,912.52,923.1,-0.01673708157296072,False,False,False
BAJFINANCE,EQ,2026-05-22,907.65,908.1,924.0,908.1,916.55,916.55,918.31,4811990,4418911601.8,85235,2575980,53.53,0.0098055417837272,1.0,908.1,924.0,908.1,916.55,916.55,918.31,907.65,0.009805541783727278,False,False,False
BAJFINANCE,EQ,2026-05-25,916.55,926.1,944.0,924.45,943.95,941.9,936.32,7065528,6615581614.9,119211,3973221,56.23,0.0276580655719818,1.0,926.1,944.0,924.45,941.9,943.95,936.32,916.55,0.027658065571981805,False,False,False
BAJFINANCE,EQ,2026-05-26,941.9,943.95,948.4,928.1,932.0,930.2,938.48,8489543,7967235823.8,125963,4984939,58.72,-0.0124217008174964,1.0,943.95,948.4,928.1,930.2,932.0,938.48,941.9,-0.012421700817496495,False,False,False
BAJFINANCE,EQ,2026-05-27,930.2,932.0,935.95,923.0,935.0,931.15,930.23,5349669,4976418355.25,106397,2688905,50.26,0.0010212857450009,1.0,932.0,935.95,923.0,931.15,935.0,930.23,930.2,0.0010212857450009327,False,False,False
BAJFINANCE,EQ,2026-05-29,931.15,915.1,937.8,895.3,909.3,908.25,910.8,46752428,42582322890.05,240583,32611816,69.75,-0.0245932449122052,1.0,915.1,937.8,895.3,908.25,909.3,910.8,931.15,-0.02459324491220527,False,False,False
BAJFINANCE,EQ,2026-06-01,908.25,911.45,918.0,888.0,890.0,889.05,895.27,6887616,6166301346.75,140190,3987381,57.89,-0.0211395540875309,1.0,911.45,918.0,888.0,889.05,890.0,895.27,908.25,-0.021139554087530987,False,False,False
BAJFINANCE,EQ,2026-06-02,889.05,874.0,884.4,860.45,884.1,882.0,872.67,15697997,13699132838.25,236126,7979169,50.83,-0.0079298127214442,1.0,874.0,884.4,860.45,882.0,884.1,872.67,889.05,-0.007929812721444218,False,False,False
BAJFINANCE,EQ,2026-06-03,882.0,882.0,882.0,863.5,876.7,876.8,871.93,14747769,12858992461.55,165431,7879337,53.43,-0.0058956916099773,1.0,882.0,882.0,863.5,876.8,876.7,871.93,882.0,-0.005895691609977383,False,False,False
BAJFINANCE,EQ,2026-06-04,876.8,870.2,879.15,868.0,877.0,874.4,874.23,9676279,8459289353.2,120547,6123996,63.29,-0.0027372262773722,1.0,870.2,879.15,868.0,874.4,877.0,874.23,876.8,-0.0027372262773722733,False,False,False
BAJFINANCE,EQ,2026-06-05,874.4,874.0,913.0,874.0,889.55,889.4,895.86,13274646,11892197301.35,247599,5666896,42.69,0.0171546203110704,1.0,874.0,913.0,874.0,889.4,889.55,895.86,874.4,0.0171546203110704,False,False,False
BAJFINANCE,EQ,2026-06-08,889.4,873.0,879.4,866.5,869.25,871.1,871.73,6203084,5407429859.1,101780,3427564,55.26,-0.0205756689903304,1.0,873.0,879.4,866.5,871.1,869.25,871.73,889.4,-0.020575668990330476,False,False,False
BAJFINANCE,EQ,2026-06-09,871.1,886.0,888.75,872.1,886.9,886.9,882.76,9183355,8106671424.2,102212,5630883,61.32,0.0181379864539088,1.0,886.0,888.75,872.1,886.9,886.9,882.76,871.1,0.01813798645390885,False,False,False
BAJFINANCE,EQ,2026-06-10,886.9,890.1,894.7,880.1,885.05,884.1,887.7,6939714,6160382756.15,113106,4126966,59.47,-0.0031570639305444,1.0,890.1,894.7,880.1,884.1,885.05,887.7,886.9,-0.0031570639305444903,False,False,False
BAJFINANCE,EQ,2026-06-11,884.1,880.0,886.95,868.5,872.0,870.55,874.72,5191085,4540743676.85,102348,3039783,58.56,-0.0153263205519738,1.0,880.0,886.95,868.5,870.55,872.0,874.72,884.1,-0.015326320551973804,False,False,False
BAJFINANCE,EQ,2026-06-12,870.55,881.2,921.0,881.1,920.0,918.3,900.97,11729668,10568076509.3,138258,6916631,58.97,0.0548503819424501,1.0,881.2,921.0,881.1,918.3,920.0,900.97,870.55,0.05485038194245018,False,False,False
BAJFINANCE,EQ,2026-06-15,918.3,942.0,959.0,939.0,940.95,942.3,948.41,11989428,11370868434.95,261090,6996001,58.35,0.0261352499183273,1.0,942.0,959.0,939.0,942.3,940.95,948.41,918.3,0.026135249918327386,False,False,False
BAJFINANCE,EQ,2026-06-16,942.3,946.0,963.9,946.0,959.5,959.65,958.51,9335988,8948607798.25,150260,5920940,63.42,0.0184123952032262,1.0,946.0,963.9,946.0,959.65,959.5,958.51,942.3,0.01841239520322624,False,False,False
BAJFINANCE,EQ,2026-06-17,959.65,955.1,961.8,951.55,958.5,958.4,957.55,5682977,5441736936.85,118784,3661199,64.42,-0.0013025582243526,1.0,955.1,961.8,951.55,958.4,958.5,957.55,959.65,-0.0013025582243526568,False,False,False
BAJFINANCE,EQ,2026-06-18,958.4,958.35,960.95,948.0,958.7,958.85,955.43,5750456,5494161984.15,95793,3743638,65.1,0.0004695325542571,1.0,958.35,960.95,948.0,958.85,958.7,955.43,958.4,0.0004695325542571904,False,False,False
BAJFINANCE,EQ,2026-06-19,958.85,954.05,971.7,953.25,965.0,961.8,962.57,12941776,12457330966.7,158695,9876245,76.31,0.0030766021796944,1.0,954.05,971.7,953.25,961.8,965.0,962.57,958.85,0.00307660217969441,False,False,False
BAJFINANCE,EQ,2026-06-22,961.8,966.05,972.95,961.55,967.6,968.3,966.87,5680845,5492661870.2,121358,3440597,60.56,0.0067581617799958,1.0,966.05,972.95,961.55,968.3,967.6,966.87,961.8,0.006758161779995886,False,False,False
BAJFINANCE,EQ,2026-06-23,968.3,968.3,977.7,960.5,962.1,962.4,967.33,8202516,7934503787.85,121102,5283028,64.41,-0.0060931529484663,1.0,968.3,977.7,960.5,962.4,962.1,967.33,968.3,-0.006093152948466352,False,False,False
BAJFINANCE,EQ,2026-06-24,962.4,952.4,993.9,952.4,990.0,990.95,982.34,9873777,9699366769.4,239866,6003879,60.81,0.0296654197838737,1.0,952.4,993.9,952.4,990.95,990.0,982.34,962.4,0.029665419783873714,False,False,False
BAJFINANCE,EQ,2026-06-25,990.95,996.2,1005.6,978.9,981.4,980.4,991.36,12807092,12696391509.1,241420,8171189,63.8,-0.0106463494626369,1.0,996.2,1005.6,978.9,980.4,981.4,991.36,990.95,-0.010646349462636984,False,False,False
BAJFINANCE,EQ,2026-06-29,980.4,975.3,992.3,975.3,987.95,982.05,983.72,19875760,19552232138.55,287799,14500590,72.96,0.0016829865361076,1.0,975.3,992.3,975.3,982.05,987.95,983.72,980.4,0.0016829865361076557,False,False,False
BAJFINANCE,EQ,2026-06-30,982.05,986.9,1010.95,977.7,1007.0,1004.75,999.62,12445420,12440731055.4,261356,7184169,57.73,0.0231149126826537,1.0,986.9,1010.95,977.7,1004.75,1007.0,999.62,982.05,0.023114912682653754,False,False,False
BAJFINANCE,EQ,2026-07-01,1004.75,1000.4,1025.4,998.9,1014.0,1014.9,1013.47,6834299,6926340801.2,176056,3932638,57.54,0.010102015426723,1.0,1000.4,1025.4,998.9,1014.9,1014.0,1013.47,1004.75,0.010102015426723066,False,False,False
BAJFINANCE,EQ,2026-07-02,1014.9,994.7,1025.7,993.4,1020.0,1018.4,1014.59,8168339,8287481250.1,198144,4485878,54.92,0.0034486156271553,1.0,994.7,1025.7,993.4,1018.4,1020.0,1014.59,1014.9,0.0034486156271553714,False,False,False
BAJFINANCE,EQ,2026-07-03,1018.4,1035.0,1040.0,1017.6,1031.4,1031.4,1031.74,9399193,9697560783.6,294639,4949305,52.66,0.0127651217596229,1.0,1035.0,1040.0,1017.6,1031.4,1031.4,1031.74,1018.4,0.012765121759622966,False,False,False
BAJFINANCE,EQ,2026-07-06,1031.4,1040.0,1040.2,1024.8,1028.0,1029.1,1031.28,4819952,4970727807.7,170207,3257833,67.59,-0.0022299786697693,1.0,1040.0,1040.2,1024.8,1029.1,1028.0,1031.28,1031.4,-0.0022299786697693724,False,False,False
BAJFINANCE,EQ,2026-07-07,1029.1,1024.0,1052.9,1024.0,1039.4,1042.5,1038.89,9101171,9455133736.2,197563,5636490,61.93,0.0130210863861628,1.0,1024.0,1052.9,1024.0,1042.5,1039.4,1038.89,1029.1,0.013021086386162839,False,False,False
BAJFINANCE,EQ,2026-07-08,1042.5,1025.0,1034.7,1004.1,1011.2,1010.4,1020.11,8313859,8481026807.1,202893,4956701,59.62,-0.0307913669064748,1.0,1025.0,1034.7,1004.1,1010.4,1011.2,1020.11,1042.5,-0.030791366906474882,False,False,False
BAJFINANCE,EQ,2026-07-09,1010.4,1000.0,1013.5,994.1,1002.9,1003.8,1004.01,11712515,11759441414.3,169265,7845943,66.99,-0.0065320665083136,1.0,1000.0,1013.5,994.1,1003.8,1002.9,1004.01,1010.4,-0.0065320665083136165,False,False,False
BAJFINANCE,EQ,2026-07-10,1003.8,1010.1,1023.9,1004.2,1023.0,1020.5,1014.69,7039305,7142724553.9,168873,4650437,66.06,0.0166367802351066,1.0,1010.1,1023.9,1004.2,1020.5,1023.0,1014.69,1003.8,0.01663678023510662,False,False,False
BAJFINANCE,EQ,2026-07-13,1020.5,1014.0,1028.0,1003.7,1023.0,1022.6,1017.82,4874070,4960912193.4,145609,2782114,57.08,0.0020578147966683,1.0,1014.0,1028.0,1003.7,1022.6,1023.0,1017.82,1020.5,0.0020578147966683336,False,False,False
BAJFINANCE,EQ,2026-07-14,1022.6,1007.0,1022.0,995.2,1007.0,1006.6,1004.57,6458393,6487900432.5,138561,3051135,47.24,-0.0156463915509486,1.0,1007.0,1022.0,995.2,1006.6,1007.0,1004.57,1022.6,-0.015646391550948602,False,False,False
BAJFINANCE,EQ,2026-07-15,1006.6,1006.6,1037.3,1006.6,1020.9,1021.3,1024.62,5538356,5674720686.7,159723,3060623,55.26,0.0146036161335187,1.0,1006.6,1037.3,1006.6,1021.3,1020.9,1024.62,1006.6,0.014603616133518793,False,False,False
BAJFINANCE,EQ,2026-07-16,1021.3,1024.0,1042.4,1021.2,1036.5,1037.6,1035.0,9079076,9396879163.2,124360,6598655,72.68,0.0159600509154997,1.0,1024.0,1042.4,1021.2,1037.6,1036.5,1035.0,1021.3,0.01596005091549979,False,False,False
BAJFINANCE,EQ,2026-07-17,1037.6,1044.9,1058.5,1037.6,1055.3,1056.3,1050.86,12882360,13537544921.6,150115,9101992,70.65,0.0180223592906707,1.0,1044.9,1058.5,1037.6,1056.3,1055.3,1050.86,1037.6,0.018022359290670753,False,False,False
BAJFINANCE,EQ,2026-07-20,1056.3,1057.0,1067.7,1038.2,1061.4,1064.0,1050.64,9348760,9822167258.2,102171,5703734,61.01,0.0072895957587806,1.0,1057.0,1067.7,1038.2,1064.0,1061.4,1050.64,1056.3,0.0072895957587806315,False,False,False
BAJFINANCE,EQ,2026-07-21,1064.0,1064.0,1074.4,1060.9,1071.0,1069.2,1068.41,6970658,7447537610.4,133957,4660828,66.86,0.0048872180451127,1.0,1064.0,1074.4,1060.9,1069.2,1071.0,1068.41,1064.0,0.004887218045112718,False,False,False
BAJFINANCE,EQ,2026-07-22,1069.2,1064.0,1070.6,1056.1,1056.1,1060.3,1061.21,6757716,7171323094.8,118249,4929178,72.94,-0.0083239805462028,1.0,1064.0,1070.6,1056.1,1060.3,1056.1,1061.21,1069.2,-0.00832398054620287,False,False,False
BAJFINANCE,EQ,2026-07-23,1060.3,1053.3,1061.2,1036.5,1040.0,1039.8,1047.21,8016651,8395080371.6,158865,5522921,68.89,-0.0193341507120625,1.0,1053.3,1061.2,1036.5,1039.8,1040.0,1047.21,1060.3,-0.01933415071206257,False,False,False
BAJFINANCE,EQ,2026-07-24,1039.8,1027.3,1030.2,1001.3,1019.0,1012.8,1012.22,18416962,18641955484.6,145678,12366161,67.15,-0.0259665320253894,1.0,1027.3,1030.2,1001.3,1012.8,1019.0,1012.22,1039.8,-0.025966532025389455,False,False,False
BAJFINANCE,EQ,2026-07-27,1012.8,1026.7,1050.0,1026.6,1049.0,1048.3,1042.28,7610916,7932708873.4,165999,4861021,63.87,0.0350513428120062,1.0,1026.7,1050.0,1026.6,1048.3,1049.0,1042.28,1012.8,0.03505134281200628,False,False,False
BAJFINANCE,EQ,2026-07-28,1048.3,1049.0,1055.0,1042.4,1049.8,1048.4,1047.63,4726447,4951572335.2,114060,2674542,56.59,9.53925403035516e-05,1.0,1049.0,1055.0,1042.4,1048.4,1049.8,1047.63,1048.3,9.53925403035516e-05,False,False,False
BAJFINANCE,EQ,2026-07-29,1048.4,1056.0,1065.9,1048.4,1050.1,1054.4,1056.62,6444368,6809267713.2,117856,4196260,65.12,0.005723006486074,1.0,1056.0,1065.9,1048.4,1054.4,1050.1,1056.62,1048.4,0.005723006486074045,False,False,False
BAJFINANCE,EQ,2026-07-30,1054.4,1046.0,1068.0,1035.1,1058.0,1053.5,1048.82,9866564,10348240044.7,212790,5177750,52.48,-0.0008535660091048,1.0,1046.0,1068.0,1035.1,1053.5,1058.0,1048.82,1054.4,-0.0008535660091048003,False,False,False
BAJFINANCE,EQ,2026-07-31,1053.5,1095.0,1151.5,1083.6,1141.2,1141.2,1123.5,40814590,45855366893.8,517927,23774041,58.25,0.0832463217845278,1.0,1095.0,1151.5,1083.6,1141.2,1141.2,1123.5,1053.5,0.08324632178452784,False,False,False
BAJFINANCE,EQ,2026-08-03,1141.2,1176.3,1176.4,1140.2,1153.0,1153.0,1158.72,13758012,15941654317.2,222678,8201150,59.61,0.0103399929898351,1.0,1176.3,1176.4,1140.2,1153.0,1153.0,1158.72,1141.2,0.010339992989835123,False,False,False
BAJFINANCE,EQ,2026-08-04,1153.0,1164.0,1164.0,1139.5,1149.0,1149.0,1147.94,9437990,10834216469.6,214865,6011462,63.69,-0.0034692107545533,1.0,1164.0,1164.0,1139.5,1149.0,1149.0,1147.94,1153.0,-0.003469210754553309,False,False,False
BAJFINANCE,EQ,2026-08-05,1149.0,1152.0,1166.0,1145.1,1158.8,1158.8,1155.11,5154683,5954236165.0,117854,2978764,57.79,0.0085291557876414,1.0,1152.0,1166.0,1145.1,1158.8,1158.8,1155.11,1149.0,0.008529155787641463,False,False,False
BAJFINANCE,EQ,2026-08-06,1158.8,1155.5,1160.2,1144.6,1144.8,1144.8,1152.86,6472397,7461775358.8,125290,4107380,63.46,-0.0120814635830168,1.0,1155.5,1160.2,1144.6,1144.8,1144.8,1152.86,1158.8,-0.012081463583016872,False,False,False
BAJFINANCE,EQ,2026-08-07,1144.8,1113.0,1113.0,1074.5,1078.0,1078.0,1090.24,15614001,17023067677.2,306196,8707120,55.76,-0.0583508036338225,1.0,1113.0,1113.0,1074.5,1078.0,1078.0,1090.24,1144.8,-0.0583508036338225,False,False,False
BAJFINANCE,EQ,2026-08-10,1078.0,1078.0,1106.1,1070.8,1102.2,1102.2,1091.38,7303098,7970484344.5,106103,4605173,63.06,0.0224489795918367,1.0,1078.0,1106.1,1070.8,1102.2,1102.2,1091.38,1078.0,0.022448979591836782,False,False,False
BAJFINANCE,EQ,2026-08-11,1102.2,1098.0,1101.5,1086.3,1093.3,1093.3,1095.06,6523358,7143461248.9,111469,4072953,62.44,-0.0080747595717656,1.0,1098.0,1101.5,1086.3,1093.3,1093.3,1095.06,1102.2,-0.008074759571765622,False,False,False
BAJFINANCE,EQ,2026-08-12,1093.3,1093.0,1094.7,1080.0,1094.2,1094.2,1086.16,7054842,7662690308.8,116314,5079946,72.01,0.0008231958291411,1.0,1093.0,1094.7,1080.0,1094.2,1094.2,1086.16,1093.3,0.0008231958291411434,False,False,False
BAJFINANCE,EQ,2026-08-13,1094.2,1095.0,1095.3,1083.0,1090.8,1090.8,1088.14,2405186,2617173590.4,75100,1267952,52.72,-0.0031072929994517,1.0,1095.0,1095.3,1083.0,1090.8,1090.8,1088.14,1094.2,-0.003107292999451783,False,False,False
BAJFINANCE,EQ,2026-08-14,1090.8,1090.8,1098.5,1085.2,1087.0,1087.0,1091.14,4225781,4610906228.1,59559,2734545,64.71,-0.0034836817015034,1.0,1090.8,1098.5,1085.2,1087.0,1087.0,1091.14,1090.8,-0.0034836817015034827,False,False,False
BAJFINANCE,EQ,2026-08-17,1087.0,1080.0,1100.4,1078.8,1089.3,1089.3,1090.82,2295675,2504164050.1,46312,1249700,54.44,0.0021159153633854,1.0,1080.0,1100.4,1078.8,1089.3,1089.3,1090.82,1087.0,0.002115915363385401,False,False,False
BAJFINANCE,EQ,2026-08-18,1089.3,1088.6,1100.0,1087.6,1094.3,1094.3,1094.85,3374018,3694043121.6,94399,2095607,62.11,0.0045901037363444,1.0,1088.6,1100.0,1087.6,1094.3,1094.3,1094.85,1089.3,0.004590103736344497,False,False,False
BAJFINANCE,EQ,2026-08-19,1094.3,1093.9,1093.9,1076.4,1080.2,1080.2,1081.41,2877930,3112219418.3,85071,1655254,57.52,-0.0128849492826463,1.0,1093.9,1093.9,1076.4,1080.2,1080.2,1081.41,1094.3,-0.012884949282646385,False,False,False
BAJFINANCE,EQ,2026-08-20,1080.2,1089.7,1102.3,1086.3,1095.0,1095.0,1096.74,6741475,7393630932.5,187033,4486388,66.55,0.0137011664506572,1.0,1089.7,1102.3,1086.3,1095.0,1095.0,1096.74,1080.2,0.01370116645065722,False,False,False
BAJFINANCE,EQ,2026-08-21,1095.0,1105.4,1105.5,1090.6,1095.0,1095.0,1095.69,3042594,3333731561.4,94415,1878096,61.73,0.0,1.0,1105.4,1105.5,1090.6,1095.0,1095.0,1095.69,1095.0,0.0,False,False,False
BAJFINANCE,EQ,2026-08-24,1095.0,1086.0,1094.9,1076.9,1077.0,1077.0,1084.65,4342556,4710147245.7,121593,3193243,73.53,-0.0164383561643836,1.0,1086.0,1094.9,1076.9,1077.0,1077.0,1084.65,1095.0,-0.016438356164383605,False,False,False
BAJFINANCE,EQ,2026-08-25,1077.0,1077.0,1087.4,1066.3,1087.4,1087.4,1078.39,2770499,2987676408.8,73198,1532268,55.31,0.0096564531104921,1.0,1077.0,1087.4,1066.3,1087.4,1087.4,1078.39,1077.0,0.009656453110492125,False,False,False
BAJFINANCE,EQ,2026-08-26,1087.4,1083.3,1095.0,1082.4,1085.0,1085.0,1087.79,3234877,3518859762.0,85806,1911489,59.09,-0.0022070995034026,1.0,1083.3,1095.0,1082.4,1085.0,1085.0,1087.79,1087.4,-0.0022070995034026986,False,False,False
BAJFINANCE,EQ,2026-08-27,1085.0,1090.0,1107.0,1083.0,1083.0,1083.0,1091.53,5220239,5698067605.6,105604,3203467,61.37,-0.0018433179723502,1.0,1090.0,1107.0,1083.0,1083.0,1083.0,1091.53,1085.0,-0.0018433179723502668,False,False,False
BAJFINANCE,EQ,2026-08-28,1083.0,1065.7,1081.5,1065.7,1079.9,1079.9,1074.47,4554311,4893465405.2,72226,2822874,61.98,-0.0028624192059094,1.0,1065.7,1081.5,1065.7,1079.9,1079.9,1074.47,1083.0,-0.002862419205909461,False,False,False
BAJFINANCE,EQ,2026-08-31,1079.9,1069.4,1073.0,1052.0,1057.0,1057.0,1059.87,7002192,7421406554.6,102457,4997775,71.37,-0.0212056671914067,1.0,1069.4,1073.0,1052.0,1057.0,1057.0,1059.87,1079.9,-0.021205667191406707,False,False,False
BAJFINANCE,EQ,2026-09-01,1057.0,1065.0,1067.0,1047.0,1053.9,1053.9,1054.15,4813301,5073961226.3,101532,3014822,62.64,-0.0029328287606432,1.0,1065.0,1067.0,1047.0,1053.9,1053.9,1054.15,1057.0,-0.002932828760643269,False,False,False
BAJFINANCE,EQ,2026-09-02,1053.9,1044.2,1061.0,1034.8,1055.9,1055.9,1046.45,6234288,6523863818.2,133068,4160048,66.73,0.0018977132555271,1.0,1044.2,1061.0,1034.8,1055.9,1055.9,1046.45,1053.9,0.0018977132555271226,False,False,False
BAJFINANCE,EQ,2026-09-03,1055.9,1057.1,1059.7,1043.2,1049.0,1049.0,1050.23,6626755,6959586251.2,86333,4491697,67.78,-0.0065347097262998,1.0,1057.1,1059.7,1043.2,1049.0,1049.0,1050.23,1055.9,-0.006534709726299881,False,False,False
BAJFINANCE,EQ,2026-09-04,1049.0,1050.6,1063.6,1049.7,1060.5,1060.5,1056.06,5952048,6285695160.1,104933,4387056,73.71,0.0109628217349857,1.0,1050.6,1063.6,1049.7,1060.5,1060.5,1056.06,1049.0,0.01096282173498575,False,False,False
BAJFINANCE,EQ,2026-09-07,1060.5,1064.0,1070.0,1054.3,1060.0,1060.0,1059.16,3586860,3799051175.2,84407,1934962,53.95,-0.0004714757190005,1.0,1064.0,1070.0,1054.3,1060.0,1060.0,1059.16,1060.5,-0.00047147571900052476,False,False,False
BAJFINANCE,EQ,2026-09-08,1060.0,1058.8,1059.6,1050.0,1054.1,1054.1,1054.53,3608327,3805105423.6,124780,2453676,68.0,-0.0055660377358491,1.0,1058.8,1059.6,1050.0,1054.1,1054.1,1054.53,1060.0,-0.005566037735849183,False,False,False
BAJFINANCE,EQ,2026-09-09,1054.1,1045.1,1060.1,1038.5,1039.3,1039.3,1047.5,9244698,9683776924.7,158288,6269747,67.82,-0.0140404136229959,1.0,1045.1,1060.1,1038.5,1039.3,1039.3,1047.5,1054.1,-0.014040413622995906,False,False,False
BAJFINANCE,EQ,2026-09-10,1039.3,1042.5,1048.7,1036.5,1043.5,1043.5,1042.81,3902988,4070059791.9,88720,2542676,65.15,0.0040411815645147,1.0,1042.5,1048.7,1036.5,1043.5,1043.5,1042.81,1039.3,0.0040411815645147176,False,False,False
BAJFINANCE,EQ,2026-09-11,1043.5,1031.0,1035.0,1015.1,1034.5,1034.5,1027.92,5411299,5562360402.7,129025,3001489,64.25,-0.0086248203162434,1.0,1031.0,1035.0,1015.1,1034.5,1034.5,1027.92,1043.5,-0.008624820316243453,False,False,False
