symbol,series,trade_date,prev_close,open_price,high_price,low_price,last_price,close_price,average_price,total_traded_quantity,turnover_inr,no_of_trades,deliverable_qty,deliverable_pct,daily_return,adjustment_factor_applied,adjusted_open_price,adjusted_high_price,adjusted_low_price,adjusted_close_price,adjusted_last_price,adjusted_average_price,adjusted_prev_close,adjusted_daily_return,corporate_action_date,raw_extreme_return,adjusted_extreme_return
HDFCBANK,EQ,2021-09-13,1568.6,1562.0,1584.0,1553.65,1555.75,1555.55,1560.43,4479582,6990094956.85,162851,3354836,74.89,,2.0,781.0,792.0,776.825,777.775,777.875,780.215,784.3,,False,False,False
HDFCBANK,EQ,2021-09-14,1555.55,1560.0,1564.5,1546.6,1550.0,1548.55,1552.26,4879253,7573882023.65,152737,3748148,76.82,-0.0045000160714859,2.0,780.0,782.25,773.3,774.275,775.0,776.13,777.775,-0.004500016071485979,False,False,False
HDFCBANK,EQ,2021-09-15,1548.55,1535.0,1554.8,1535.0,1546.75,1546.8,1543.76,7411499,11441551323.5,196864,5419693,73.13,-0.001130089438507,2.0,767.5,777.4,767.5,773.4,773.375,771.88,774.275,-0.0011300894385070093,False,False,False
HDFCBANK,EQ,2021-09-16,1546.8,1537.75,1564.3,1536.3,1561.0,1559.95,1551.38,5130275,7958996358.25,158542,2478795,48.32,0.0085014222911818,2.0,768.875,782.15,768.15,779.975,780.5,775.69,773.4,0.008501422291181893,False,False,False
HDFCBANK,EQ,2021-09-17,1559.95,1569.0,1589.0,1559.2,1585.55,1582.15,1576.23,10249051,16154811176.7,203624,6160971,60.11,0.0142312253597871,2.0,784.5,794.5,779.6,791.075,792.775,788.115,779.975,0.014231225359787159,False,False,False
HDFCBANK,EQ,2021-09-20,1582.15,1564.0,1581.7,1558.0,1559.75,1559.85,1569.06,4390805,6889437483.3,144006,2618610,59.64,-0.0140947444932529,2.0,782.0,790.85,779.0,779.925,779.875,784.53,791.075,-0.014094744493252986,False,False,False
HDFCBANK,EQ,2021-09-21,1559.85,1562.0,1568.65,1528.95,1553.5,1551.95,1544.53,7387498,11410202963.4,162406,4642760,62.85,-0.0050645895438663,2.0,781.0,784.325,764.475,775.975,776.75,772.265,779.925,-0.005064589543866349,False,False,False
HDFCBANK,EQ,2021-09-22,1551.95,1549.0,1550.15,1530.0,1536.05,1533.7,1536.98,5291101,8132332795.9,204046,3043041,57.51,-0.011759399465189,2.0,774.5,775.075,765.0,766.85,768.025,768.49,775.975,-0.011759399465189002,False,False,False
HDFCBANK,EQ,2021-09-23,1533.7,1542.0,1572.0,1542.0,1571.6,1570.0,1561.26,6832152,10666787042.0,221318,4366722,63.91,0.0236682532437895,2.0,771.0,786.0,771.0,785.0,785.8,780.63,766.85,0.023668253243789517,False,False,False
HDFCBANK,EQ,2021-09-24,1570.0,1579.0,1607.95,1575.0,1599.5,1601.55,1593.03,10403351,16572894842.45,285125,6212213,59.71,0.0200955414012737,2.0,789.5,803.975,787.5,800.775,799.75,796.515,785.0,0.020095541401273787,False,False,False
HDFCBANK,EQ,2021-09-27,1601.55,1615.7,1635.5,1608.0,1625.0,1625.1,1626.52,8207731,13350052031.55,245375,5061617,61.67,0.0147045050107708,2.0,807.85,817.75,804.0,812.55,812.5,813.26,800.775,0.014704505010770808,False,False,False
HDFCBANK,EQ,2021-09-28,1625.1,1632.0,1632.0,1582.0,1606.8,1615.05,1605.07,6386895,10251417507.15,193041,3472588,54.37,-0.006184234816319,2.0,816.0,816.0,791.0,807.525,803.4,802.535,812.55,-0.006184234816319023,False,False,False
HDFCBANK,EQ,2021-09-29,1615.05,1597.0,1606.6,1585.15,1594.85,1593.85,1595.02,8131518,12969942389.35,180383,5400885,66.42,-0.0131265285904461,2.0,798.5,803.3,792.575,796.925,797.425,797.51,807.525,-0.013126528590446163,False,False,False
HDFCBANK,EQ,2021-09-30,1593.85,1586.0,1606.35,1583.1,1592.85,1594.95,1594.87,7987674,12739278381.65,216914,4213557,52.75,0.0006901527747278,2.0,793.0,803.175,791.55,797.475,796.425,797.435,796.925,0.0006901527747278369,False,False,False
HDFCBANK,EQ,2021-10-01,1594.95,1583.0,1589.0,1565.25,1585.65,1582.7,1577.48,5564298,8777582941.65,145318,3862291,69.41,-0.0076804915514593,2.0,791.5,794.5,782.625,791.35,792.825,788.74,797.475,-0.007680491551459334,False,False,False
HDFCBANK,EQ,2021-10-04,1582.7,1589.0,1601.35,1583.6,1588.0,1585.75,1591.34,3525514,5610300755.65,141789,2240254,63.54,0.0019270866241232,2.0,794.5,800.675,791.8,792.875,794.0,795.67,791.35,0.0019270866241232198,False,False,False
HDFCBANK,EQ,2021-10-05,1585.75,1592.0,1597.5,1576.25,1593.8,1595.45,1589.01,5128589,8149378134.45,154894,3346622,65.25,0.0061169793473119,2.0,796.0,798.75,788.125,797.725,796.9,794.505,792.875,0.006116979347311924,False,False,False
HDFCBANK,EQ,2021-10-06,1595.45,1596.0,1626.85,1587.0,1613.0,1614.9,1614.91,9300415,15019364575.35,198719,6227027,66.95,0.0121909179228432,2.0,798.0,813.425,793.5,807.45,806.5,807.455,797.725,0.012190917922843214,False,False,False
HDFCBANK,EQ,2021-10-07,1614.9,1626.6,1627.7,1607.0,1610.4,1610.5,1617.47,5632862,9110970657.3,179258,3460296,61.43,-0.0027246269118831,2.0,813.3,813.85,803.5,805.25,805.2,808.735,807.45,-0.0027246269118831323,False,False,False
HDFCBANK,EQ,2021-10-08,1610.5,1612.0,1622.0,1600.15,1607.0,1602.65,1612.01,3622781,5839965046.25,180918,2298470,63.44,-0.0048742626513504,2.0,806.0,811.0,800.075,801.325,803.5,806.005,805.25,-0.004874262651350492,False,False,False
HDFCBANK,EQ,2021-10-11,1602.65,1599.9,1645.0,1599.0,1633.1,1633.8,1631.24,6540424,10669009659.45,199109,4288726,65.57,0.0194365582004802,2.0,799.95,822.5,799.5,816.9,816.55,815.62,801.325,0.01943655820048029,False,False,False
HDFCBANK,EQ,2021-10-12,1633.8,1625.0,1641.55,1625.0,1630.0,1629.6,1632.78,4088473,6675577153.9,127205,2149685,52.58,-0.0025706940874036,2.0,812.5,820.775,812.5,814.8,815.0,816.39,816.9,-0.0025706940874036244,False,False,False
HDFCBANK,EQ,2021-10-13,1629.6,1637.0,1648.0,1630.0,1637.0,1639.4,1638.14,3112822,5099233631.5,121391,1798733,57.78,0.0060137457044675,2.0,818.5,824.0,815.0,819.7,818.5,819.07,814.8,0.006013745704467555,False,False,False
HDFCBANK,EQ,2021-10-14,1639.4,1638.0,1690.0,1638.0,1687.0,1687.4,1668.19,7378644,12308970465.55,218094,3835435,51.98,0.0292790045138464,2.0,819.0,845.0,819.0,843.7,843.5,834.095,819.7,0.029279004513846463,False,False,False
HDFCBANK,EQ,2021-10-18,1687.4,1705.0,1725.0,1667.05,1674.5,1670.3,1690.0,14428228,24383700241.85,413049,8220482,56.97,-0.0101339338627475,2.0,852.5,862.5,833.525,835.15,837.25,845.0,843.7,-0.010133933862747524,False,False,False
HDFCBANK,EQ,2021-10-19,1670.3,1675.45,1692.45,1671.0,1687.6,1688.7,1685.37,4493770,7573646982.9,146669,2218411,49.37,0.0110159851523679,2.0,837.725,846.225,835.5,844.35,843.8,842.685,835.15,0.011015985152367902,False,False,False
HDFCBANK,EQ,2021-10-20,1688.7,1689.1,1698.75,1664.45,1675.6,1673.85,1676.16,5454284,9142241514.6,187374,3521937,64.57,-0.0087937466690354,2.0,844.55,849.375,832.225,836.925,837.8,838.08,844.35,-0.00879374666903543,False,False,False
HDFCBANK,EQ,2021-10-21,1673.85,1671.8,1681.95,1660.85,1680.0,1676.3,1672.14,4869095,8141831326.95,181241,2926337,60.1,0.0014636914896795,2.0,835.9,840.975,830.425,838.15,840.0,836.07,836.925,0.0014636914896795084,False,False,False
HDFCBANK,EQ,2021-10-22,1676.3,1680.1,1708.0,1670.75,1683.0,1680.75,1692.82,6087777,10305520528.65,173531,3171466,52.1,0.0026546560878124,2.0,840.05,854.0,835.375,840.375,841.5,846.41,838.15,0.002654656087812457,False,False,False
HDFCBANK,EQ,2021-10-25,1680.75,1690.0,1690.0,1613.8,1657.3,1657.0,1654.95,8213383,13592747672.7,230480,4006629,48.78,-0.0141305964599137,2.0,845.0,845.0,806.9,828.5,828.65,827.475,840.375,-0.014130596459913769,False,False,False
HDFCBANK,EQ,2021-10-26,1657.0,1650.0,1673.85,1646.35,1655.45,1652.75,1656.8,6045328,10015873516.45,167665,4294683,71.04,-0.0025648762824381,2.0,825.0,836.925,823.175,826.375,827.725,828.4,828.5,-0.0025648762824381777,False,False,False
HDFCBANK,EQ,2021-10-27,1652.75,1652.75,1665.05,1637.3,1642.7,1642.8,1649.62,6624821,10928433828.3,159662,4849303,73.2,-0.0060202692482226,2.0,826.375,832.525,818.65,821.4,821.35,824.81,826.375,-0.006020269248222632,False,False,False
HDFCBANK,EQ,2021-10-28,1642.8,1650.0,1650.0,1587.15,1592.4,1593.6,1617.53,8898875,14394211074.4,197678,5321326,59.8,-0.0299488677867056,2.0,825.0,825.0,793.575,796.8,796.2,808.765,821.4,-0.02994886778670569,False,False,False
HDFCBANK,EQ,2021-10-29,1593.6,1590.0,1602.0,1560.0,1587.9,1582.85,1584.16,6203437,9827217126.8,187391,3509518,56.57,-0.0067457329317268,2.0,795.0,801.0,780.0,791.425,793.95,792.08,796.8,-0.006745732931726867,False,False,False
HDFCBANK,EQ,2021-11-01,1582.85,1585.0,1611.0,1583.55,1609.0,1605.3,1594.91,4061160,6477168351.5,154509,2186450,53.84,0.0141832770003476,2.0,792.5,805.5,791.775,802.65,804.5,797.455,791.425,0.014183277000347605,False,False,False
HDFCBANK,EQ,2021-11-02,1605.3,1606.0,1622.0,1600.05,1605.0,1606.75,1610.07,6618861,10656813765.4,190992,4327632,65.38,0.0009032579580141,2.0,803.0,811.0,800.025,803.375,802.5,805.035,802.65,0.0009032579580141586,False,False,False
HDFCBANK,EQ,2021-11-03,1606.75,1605.1,1609.9,1575.55,1582.0,1581.45,1596.24,5103669,8146688582.9,171297,3013031,59.04,-0.015746071261864,2.0,802.55,804.95,787.775,790.725,791.0,798.12,803.375,-0.015746071261864003,False,False,False
HDFCBANK,EQ,2021-11-04,1581.45,1595.0,1597.85,1590.1,1595.2,1593.95,1594.17,548404,874247081.1,41400,327517,59.72,0.0079041386069746,2.0,797.5,798.925,795.05,796.975,797.6,797.085,790.725,0.007904138606974698,False,False,False
HDFCBANK,EQ,2021-11-08,1593.95,1592.1,1604.7,1570.45,1600.0,1600.25,1586.02,9471790,15022453102.5,201396,7415309,78.29,0.0039524451833494,2.0,796.05,802.35,785.225,800.125,800.0,793.01,796.975,0.003952445183349473,False,False,False
HDFCBANK,EQ,2021-11-09,1600.25,1594.6,1594.6,1569.05,1573.0,1572.25,1576.98,6347738,10010275270.5,240815,4613239,72.68,-0.0174972660521793,2.0,797.3,797.3,784.525,786.125,786.5,788.49,800.125,-0.017497266052179383,False,False,False
HDFCBANK,EQ,2021-11-10,1572.25,1568.0,1569.0,1550.0,1555.0,1555.25,1556.97,6857063,10676261141.35,233747,5316027,77.53,-0.0108125298139608,2.0,784.0,784.5,775.0,777.625,777.5,778.485,786.125,-0.010812529813960858,False,False,False
HDFCBANK,EQ,2021-11-11,1555.25,1550.05,1554.9,1535.6,1549.6,1548.3,1543.95,3999702,6175323288.3,157896,2359811,59.0,-0.0044687349300756,2.0,775.025,777.45,767.8,774.15,774.8,771.975,777.625,-0.004468734930075602,False,False,False
HDFCBANK,EQ,2021-11-12,1548.3,1550.0,1559.05,1545.05,1554.45,1553.0,1551.65,7457046,11570722042.8,170825,6028992,80.85,0.0030355874184588,2.0,775.0,779.525,772.525,776.5,777.225,775.825,774.15,0.003035587418458885,False,False,False
HDFCBANK,EQ,2021-11-15,1553.0,1562.1,1571.85,1554.4,1555.0,1557.25,1561.48,4766797,7443240911.85,231105,3348551,70.25,0.0027366387636831,2.0,781.05,785.925,777.2,778.625,777.5,780.74,776.5,0.00273663876368313,False,False,False
HDFCBANK,EQ,2021-11-16,1557.25,1555.0,1557.2,1541.6,1547.55,1548.0,1548.02,4122703,6382046601.15,139578,3120847,75.7,-0.0059399582597527,2.0,777.5,778.6,770.8,774.0,773.775,774.01,778.625,-0.005939958259752798,False,False,False
HDFCBANK,EQ,2021-11-17,1548.0,1536.9,1544.0,1528.5,1531.2,1530.8,1535.47,3799439,5833910234.85,145953,2426211,63.86,-0.0111111111111111,2.0,768.45,772.0,764.25,765.4,765.6,767.735,774.0,-0.011111111111111183,False,False,False
HDFCBANK,EQ,2021-11-18,1530.8,1526.05,1543.5,1525.25,1538.5,1539.4,1536.6,4576437,7032168198.55,181690,2775777,60.65,0.00561797752809,2.0,763.025,771.75,762.625,769.7,769.25,768.3,765.4,0.005617977528090012,False,False,False
HDFCBANK,EQ,2021-11-22,1539.4,1546.0,1552.7,1499.05,1520.95,1515.35,1524.17,7630636,11630387262.15,222669,5181802,67.91,-0.0156229699883072,2.0,773.0,776.35,749.525,757.675,760.475,762.085,769.7,-0.015622969988307256,False,False,False
HDFCBANK,EQ,2021-11-23,1515.35,1502.0,1527.8,1496.35,1517.0,1515.55,1517.4,5617607,8524161069.85,164898,3430808,61.07,0.000131982710265,2.0,751.0,763.9,748.175,757.775,758.5,758.7,757.675,0.00013198271026504393,False,False,False
HDFCBANK,EQ,2021-11-24,1515.55,1524.0,1536.35,1514.05,1516.95,1518.05,1524.49,15401143,23478856200.4,141801,13238732,85.96,0.0016495661640989,2.0,762.0,768.175,757.025,759.025,758.475,762.245,757.775,0.0016495661640989479,False,False,False
HDFCBANK,EQ,2021-11-25,1518.05,1514.8,1533.3,1507.0,1522.8,1525.95,1518.57,5125826,7783949039.15,138468,3449892,67.3,0.0052040446625605,2.0,757.4,766.65,753.5,762.975,761.4,759.285,759.025,0.005204044662560525,False,False,False
HDFCBANK,EQ,2021-11-26,1525.95,1500.0,1506.7,1485.0,1489.5,1489.9,1497.04,9312468,13941134793.15,250716,7121233,76.47,-0.0236246272813657,2.0,750.0,753.35,742.5,744.95,744.75,748.52,762.975,-0.023624627281365718,False,False,False
HDFCBANK,EQ,2021-11-29,1489.9,1494.8,1507.65,1462.0,1499.05,1501.25,1489.0,6495498,9671797937.9,202157,4000943,61.6,0.0076179609369755,2.0,747.4,753.825,731.0,750.625,749.525,744.5,744.95,0.007617960936975532,False,False,False
HDFCBANK,EQ,2021-11-30,1501.25,1495.0,1529.0,1486.55,1490.8,1493.55,1508.6,12610771,19024641550.1,257120,9136547,72.45,-0.0051290591174022,2.0,747.5,764.5,743.275,746.775,745.4,754.3,750.625,-0.005129059117402246,False,False,False
HDFCBANK,EQ,2021-12-01,1493.55,1495.0,1507.05,1489.1,1506.4,1504.65,1500.08,4338817,6508562416.95,162233,2602790,59.99,0.0074319574168926,2.0,747.5,753.525,744.55,752.325,753.2,750.04,746.775,0.007431957416892621,False,False,False
HDFCBANK,EQ,2021-12-02,1504.65,1504.5,1528.8,1500.0,1526.0,1525.75,1519.11,5601555,8509395043.85,187845,3834955,68.46,0.0140231947629017,2.0,752.25,764.4,750.0,762.875,763.0,759.555,752.325,0.014023194762901703,False,False,False
HDFCBANK,EQ,2021-12-03,1525.75,1525.8,1535.95,1507.05,1514.0,1513.55,1522.48,4062347,6184845154.85,143318,2722337,67.01,-0.007996067507783,2.0,762.9,767.975,753.525,756.775,757.0,761.24,762.875,-0.007996067507783033,False,False,False
HDFCBANK,EQ,2021-12-06,1513.55,1513.0,1518.8,1497.35,1504.7,1503.8,1507.25,3514766,5297635143.4,141743,1870296,53.21,-0.0064418089921046,2.0,756.5,759.4,748.675,751.9,752.35,753.625,756.775,-0.0064418089921046695,False,False,False
HDFCBANK,EQ,2021-12-07,1503.8,1513.95,1532.0,1509.9,1524.65,1525.7,1523.82,6213767,9468635108.15,148533,4333305,69.74,0.0145631067961164,2.0,756.975,766.0,754.95,762.85,762.325,761.91,751.9,0.014563106796116498,False,False,False
HDFCBANK,EQ,2021-12-08,1525.7,1536.0,1555.05,1534.0,1553.5,1553.8,1545.2,7647767,11817305888.55,229215,5641750,73.77,0.0184177754473355,2.0,768.0,777.525,767.0,776.9,776.75,772.6,762.85,0.018417775447335583,False,False,False
HDFCBANK,EQ,2021-12-09,1553.8,1545.2,1554.7,1522.0,1526.0,1526.85,1530.57,5873872,8990397300.15,148558,3900369,66.4,-0.0173445745913245,2.0,772.6,777.35,761.0,763.425,763.0,765.285,776.9,-0.017344574591324546,False,False,False
HDFCBANK,EQ,2021-12-10,1526.85,1524.9,1528.0,1508.45,1524.0,1522.55,1521.33,3889692,5917512516.45,123564,2503457,64.36,-0.0028162556898189,2.0,762.45,764.0,754.225,761.275,762.0,760.665,763.425,-0.002816255689818914,False,False,False
HDFCBANK,EQ,2021-12-13,1522.55,1526.0,1537.65,1507.2,1513.2,1511.15,1523.63,5161071,7863562721.05,143473,3012915,58.38,-0.0074874388361628,2.0,763.0,768.825,753.6,755.575,756.6,761.815,761.275,-0.007487438836162874,False,False,False
HDFCBANK,EQ,2021-12-14,1511.15,1502.5,1516.0,1497.05,1504.0,1502.45,1505.1,4595550,6916756665.4,175566,2780047,60.49,-0.0057572047778182,2.0,751.25,758.0,748.525,751.225,752.0,752.55,755.575,-0.00575720477781827,False,False,False
HDFCBANK,EQ,2021-12-15,1502.45,1503.0,1523.35,1495.65,1500.0,1500.0,1504.12,5057574,7607173782.9,133205,3207512,63.42,-0.0016306699058205,2.0,751.5,761.675,747.825,750.0,750.0,752.06,751.225,-0.0016306699058205032,False,False,False
HDFCBANK,EQ,2021-12-16,1500.0,1512.8,1517.0,1494.0,1503.35,1500.1,1505.13,6605216,9941739913.65,179348,4327258,65.51,6.666666666665932e-05,2.0,756.4,758.5,747.0,750.05,751.675,752.565,750.0,6.666666666665932e-05,False,False,False
HDFCBANK,EQ,2021-12-17,1500.1,1497.0,1506.0,1467.7,1476.0,1473.05,1479.06,7497384,11089043997.5,194713,4384118,58.48,-0.0180321311912539,2.0,748.5,753.0,733.85,736.525,738.0,739.53,750.05,-0.01803213119125391,False,False,False
HDFCBANK,EQ,2021-12-20,1473.05,1452.0,1458.0,1414.1,1424.5,1425.65,1426.64,10578334,15091475327.05,411439,6130252,57.95,-0.032178133804012,2.0,726.0,729.0,707.05,712.825,712.25,713.32,736.525,-0.03217813380401202,False,False,False
HDFCBANK,EQ,2021-12-21,1425.65,1439.5,1450.75,1430.0,1444.65,1441.8,1441.88,4559375,6574078457.0,171631,2926685,64.19,0.0113281660996737,2.0,719.75,725.375,715.0,720.9,722.325,720.94,712.825,0.011328166099673798,False,False,False
HDFCBANK,EQ,2021-12-22,1441.8,1452.3,1456.0,1435.7,1447.5,1445.2,1443.59,4288742,6191198173.75,167203,2621782,61.13,0.0023581634068525,2.0,726.15,728.0,717.85,722.6,723.75,721.795,720.9,0.002358163406852576,False,False,False
HDFCBANK,EQ,2021-12-23,1445.2,1453.25,1457.8,1436.85,1438.7,1444.1,1449.12,4889583,7085601869.05,162623,3488706,71.35,-0.0007611403265984,2.0,726.625,728.9,718.425,722.05,719.35,724.56,722.6,-0.000761140326598464,False,False,False
HDFCBANK,EQ,2021-12-24,1444.1,1445.5,1452.0,1428.0,1439.45,1438.9,1438.31,2780512,3999233572.85,110788,1333057,47.94,-0.0036008586662972,2.0,722.75,726.0,714.0,719.45,719.725,719.155,722.05,-0.003600858666297224,False,False,False
HDFCBANK,EQ,2021-12-27,1438.9,1428.9,1454.0,1422.15,1453.0,1450.8,1440.89,2352549,3389765991.15,102204,1059977,45.06,0.0082702064076725,2.0,714.45,727.0,711.075,725.4,726.5,720.445,719.45,0.008270206407672509,False,False,False
HDFCBANK,EQ,2021-12-28,1450.8,1460.7,1466.9,1453.4,1460.95,1460.8,1460.32,2725339,3979861736.65,115091,1537103,56.4,0.0068927488282326,2.0,730.35,733.45,726.7,730.4,730.475,730.16,725.4,0.006892748828232653,False,False,False
HDFCBANK,EQ,2021-12-29,1460.8,1456.05,1461.0,1447.4,1451.0,1453.85,1455.12,3834351,5579443240.75,114258,2699942,70.41,-0.0047576670317635,2.0,728.025,730.5,723.7,726.925,725.5,727.56,730.4,-0.004757667031763502,False,False,False
HDFCBANK,EQ,2021-12-30,1453.85,1458.5,1466.85,1445.0,1464.0,1461.5,1459.33,3607959,5265199026.3,97583,2172466,60.21,0.0052618908415587,2.0,729.25,733.425,722.5,730.75,732.0,729.665,726.925,0.005261890841558703,False,False,False
HDFCBANK,EQ,2021-12-31,1461.5,1461.5,1484.8,1461.5,1481.0,1479.4,1478.42,3162868,4676036651.65,123205,2213965,70.0,0.0122476907287034,2.0,730.75,742.4,730.75,739.7,740.5,739.21,730.75,0.012247690728703464,False,False,False
HDFCBANK,EQ,2022-01-03,1479.4,1485.0,1523.0,1480.5,1519.8,1519.65,1507.81,4534592,6837317353.95,149449,2547793,56.19,0.0272069758010005,2.0,742.5,761.5,740.25,759.825,759.9,753.905,739.7,0.02720697580100051,False,False,False
HDFCBANK,EQ,2022-01-04,1519.65,1520.0,1532.9,1507.8,1528.05,1528.55,1521.68,4428676,6739031718.85,134455,2290497,51.72,0.0058566117198037,2.0,760.0,766.45,753.9,764.275,764.025,760.84,759.825,0.005856611719803784,False,False,False
HDFCBANK,EQ,2022-01-05,1528.55,1536.8,1572.0,1528.1,1562.1,1564.85,1554.91,7166319,11142988763.2,208851,4330325,60.43,0.0237479964672402,2.0,768.4,786.0,764.05,782.425,781.05,777.455,764.275,0.02374799646724024,False,False,False
HDFCBANK,EQ,2022-01-06,1564.85,1543.0,1554.75,1530.05,1540.0,1539.75,1540.71,4814465,7417694108.65,143958,2610792,54.23,-0.0160398760264561,2.0,771.5,777.375,765.025,769.875,770.0,770.355,782.425,-0.01603987602645618,False,False,False
HDFCBANK,EQ,2022-01-07,1539.75,1544.0,1566.75,1535.9,1552.75,1550.55,1552.05,5589692,8675465609.4,166966,3318463,59.37,0.0070141256697515,2.0,772.0,783.375,767.95,775.275,776.375,776.025,769.875,0.00701412566975157,False,False,False
HDFCBANK,EQ,2022-01-10,1550.55,1558.0,1572.0,1545.5,1561.0,1559.15,1556.89,4428248,6894310964.25,159643,2724323,61.52,0.0055464190126084,2.0,779.0,786.0,772.75,779.575,780.5,778.445,775.275,0.005546419012608439,False,False,False
HDFCBANK,EQ,2022-01-11,1559.15,1561.55,1568.7,1547.8,1566.0,1565.9,1558.68,4194599,6538055144.4,166520,2692404,64.19,0.0043292819805662,2.0,780.775,784.35,773.9,782.95,783.0,779.34,779.575,0.0043292819805662575,False,False,False
HDFCBANK,EQ,2022-01-12,1565.9,1568.0,1576.65,1552.0,1556.15,1556.65,1564.75,10542765,16496787237.55,239760,8472922,80.37,-0.0059071460501948,2.0,784.0,788.325,776.0,778.325,778.075,782.375,782.95,-0.0059071460501948225,False,False,False
HDFCBANK,EQ,2022-01-13,1556.65,1555.0,1555.0,1520.4,1529.0,1528.0,1532.69,20981948,32158717522.45,259715,13411804,63.92,-0.0184049079754601,2.0,777.5,777.5,760.2,764.0,764.5,766.345,778.325,-0.018404907975460127,False,False,False
HDFCBANK,EQ,2022-01-14,1528.0,1530.0,1548.7,1519.0,1543.8,1545.15,1535.22,5604484,8604102722.25,149071,3241415,57.84,0.0112238219895288,2.0,765.0,774.35,759.5,772.575,771.9,767.61,764.0,0.01122382198952887,False,False,False
HDFCBANK,EQ,2022-01-17,1545.15,1530.0,1556.0,1519.15,1523.5,1521.5,1530.58,11494686,17593533649.05,294100,7079977,61.59,-0.015305957350419,2.0,765.0,778.0,759.575,760.75,761.75,765.29,772.575,-0.015305957350419064,False,False,False
HDFCBANK,EQ,2022-01-18,1521.5,1533.0,1550.9,1523.0,1528.1,1529.25,1536.97,6170576,9483960773.9,202364,2641844,42.81,0.0050936575747617,2.0,766.5,775.45,761.5,764.625,764.05,768.485,760.75,0.005093657574761767,False,False,False
HDFCBANK,EQ,2022-01-19,1529.25,1534.0,1539.75,1513.35,1519.1,1518.45,1525.22,7158813,10918735959.45,227709,4233848,59.14,-0.0070622854340363,2.0,767.0,769.875,756.675,759.225,759.55,762.61,764.625,-0.007062285434036308,False,False,False
HDFCBANK,EQ,2022-01-20,1518.45,1528.45,1528.5,1500.1,1512.0,1509.0,1512.74,7598923,11495222004.6,187879,5245213,69.03,-0.0062234515459844,2.0,764.225,764.25,750.05,754.5,756.0,756.37,759.225,-0.006223451545984471,False,False,False
HDFCBANK,EQ,2022-01-21,1509.0,1500.0,1529.8,1485.6,1527.7,1521.6,1509.69,5768847,8709164177.35,184858,3548919,61.52,0.0083499005964213,2.0,750.0,764.9,742.8,760.8,763.85,754.845,754.5,0.008349900596421378,False,False,False
HDFCBANK,EQ,2022-01-24,1521.6,1509.95,1521.25,1467.55,1484.6,1486.65,1493.6,5934254,8863401561.75,211145,3547344,59.78,-0.022969242902208,2.0,754.975,760.625,733.775,743.325,742.3,746.8,760.8,-0.02296924290220803,False,False,False
HDFCBANK,EQ,2022-01-25,1486.65,1458.65,1495.0,1444.0,1490.25,1488.05,1467.17,6797124,9972548095.6,307977,3519095,51.77,0.0009417145932129,2.0,729.325,747.5,722.0,744.025,745.125,733.585,743.325,0.0009417145932129056,False,False,False
HDFCBANK,EQ,2022-01-27,1488.05,1450.0,1485.0,1435.0,1482.0,1474.95,1454.91,14308919,20818170830.0,398704,9049568,63.24,-0.0088034676254157,2.0,725.0,742.5,717.5,737.475,741.0,727.455,744.025,-0.008803467625415728,False,False,False
HDFCBANK,EQ,2022-01-28,1474.95,1477.5,1486.7,1460.0,1463.25,1463.25,1475.5,12462604,18388622965.7,310264,9179509,73.66,-0.0079324722871961,2.0,738.75,743.35,730.0,731.625,731.625,737.75,737.475,-0.00793247228719618,False,False,False
HDFCBANK,EQ,2022-01-31,1463.25,1472.75,1491.55,1466.8,1484.55,1485.7,1479.18,6421273,9498216296.1,178623,3981352,62.0,0.0153425593712626,2.0,736.375,745.775,733.4,742.85,742.275,739.59,731.625,0.01534255937126261,False,False,False
HDFCBANK,EQ,2022-02-01,1485.7,1508.5,1517.0,1473.45,1500.0,1497.0,1500.43,7369742,11057783148.0,209907,3575266,48.51,0.0076058423638687,2.0,754.25,758.5,736.725,748.5,750.0,750.215,742.85,0.007605842363868742,False,False,False
HDFCBANK,EQ,2022-02-02,1497.0,1511.95,1535.0,1505.6,1535.0,1531.2,1526.26,6984645,10660387041.25,182857,4695614,67.23,0.0228456913827654,2.0,755.975,767.5,752.8,765.6,767.5,763.13,748.5,0.022845691382765487,False,False,False
HDFCBANK,EQ,2022-02-03,1531.2,1528.75,1539.95,1509.0,1510.4,1515.35,1527.81,5282381,8070475923.25,280078,3547783,67.16,-0.0103513584117033,2.0,764.375,769.975,754.5,757.675,755.2,763.905,765.6,-0.010351358411703315,False,False,False
HDFCBANK,EQ,2022-02-04,1515.35,1528.4,1532.85,1514.1,1521.1,1524.0,1523.56,5789979,8821362879.95,168452,3967301,68.52,0.0057082522189593,2.0,764.2,766.425,757.05,762.0,760.55,761.78,757.675,0.00570825221895932,False,False,False
HDFCBANK,EQ,2022-02-07,1524.0,1512.1,1519.0,1460.0,1471.05,1468.15,1478.57,6134021,9069579092.75,263901,3793237,61.84,-0.0366469816272965,2.0,756.05,759.5,730.0,734.075,735.525,739.285,762.0,-0.036646981627296515,False,False,False
HDFCBANK,EQ,2022-02-08,1468.15,1476.4,1478.45,1444.55,1458.0,1461.85,1459.69,6990565,10204065680.95,217552,4197709,60.05,-0.0042911146681198,2.0,738.2,739.225,722.275,730.925,729.0,729.845,734.075,-0.004291114668119822,False,False,False
HDFCBANK,EQ,2022-02-09,1461.85,1474.0,1499.7,1467.0,1498.4,1497.6,1487.26,5654171,8409211754.95,152404,3379878,59.78,0.0244553134726546,2.0,737.0,749.85,733.5,748.8,749.2,743.63,730.925,0.024455313472654616,False,False,False
HDFCBANK,EQ,2022-02-10,1497.6,1514.0,1535.5,1501.65,1523.6,1525.1,1523.34,7157265,10902940455.85,213562,4616913,64.51,0.0183627136752135,2.0,757.0,767.75,750.825,762.55,761.8,761.67,748.8,0.018362713675213582,False,False,False
HDFCBANK,EQ,2022-02-11,1525.1,1500.25,1525.0,1499.5,1516.0,1518.85,1514.35,5355552,8110162062.9,143617,3704108,69.16,-0.0040980919283981,2.0,750.125,762.5,749.75,759.425,758.0,757.175,762.55,-0.004098091928398162,False,False,False
HDFCBANK,EQ,2022-02-14,1518.85,1490.0,1499.45,1469.3,1472.0,1473.7,1479.38,7328310,10841372315.75,228169,5409143,73.81,-0.0297264377654145,2.0,745.0,749.725,734.65,736.85,736.0,739.69,759.425,-0.029726437765414504,False,False,False
HDFCBANK,EQ,2022-02-15,1473.7,1476.0,1524.9,1473.05,1519.45,1517.8,1499.93,6567533,9850825873.15,213639,4145769,63.13,0.0299246793784351,2.0,738.0,762.45,736.525,758.9,759.725,749.965,736.85,0.029924679378435126,False,False,False
HDFCBANK,EQ,2022-02-16,1517.8,1534.35,1534.75,1507.0,1512.5,1515.75,1521.07,5016132,7629865425.35,142489,2924735,58.31,-0.0013506390828831,2.0,767.175,767.375,753.5,757.875,756.25,760.535,758.9,-0.0013506390828831316,False,False,False
HDFCBANK,EQ,2022-02-17,1515.75,1513.1,1522.0,1502.0,1504.45,1506.5,1511.79,3675604,5556743520.45,124317,1787207,48.62,-0.0061025894771564,2.0,756.55,761.0,751.0,753.25,752.225,755.895,757.875,-0.006102589477156473,False,False,False
HDFCBANK,EQ,2022-02-18,1506.5,1498.3,1517.0,1490.45,1511.0,1512.35,1505.99,3898064,5870462943.2,135186,2221655,56.99,0.003883172917358,2.0,749.15,758.5,745.225,756.175,755.5,752.995,753.25,0.0038831729173580687,False,False,False
HDFCBANK,EQ,2022-02-21,1512.35,1504.0,1530.7,1495.55,1523.45,1522.1,1518.53,3734033,5670227018.0,148113,1843676,49.37,0.0064469203557377,2.0,752.0,765.35,747.775,761.05,761.725,759.265,756.175,0.006446920355737795,False,False,False
HDFCBANK,EQ,2022-02-22,1522.1,1489.8,1522.1,1487.95,1508.0,1510.7,1508.83,4768098,7194245650.2,238977,2362526,49.55,-0.0074896524538465,2.0,744.9,761.05,743.975,755.35,754.0,754.415,761.05,-0.007489652453846585,False,False,False
HDFCBANK,EQ,2022-02-23,1510.7,1525.1,1525.7,1495.65,1500.0,1500.9,1511.14,4514781,6822487865.95,182373,2897494,64.18,-0.0064870589792811,2.0,762.55,762.85,747.825,750.45,750.0,755.57,755.35,-0.006487058979281146,False,False,False
HDFCBANK,EQ,2022-02-24,1500.9,1449.9,1474.95,1407.15,1410.2,1419.4,1448.27,11815383,17111812498.0,364952,7159199,60.59,-0.0543007528816044,2.0,724.95,737.475,703.575,709.7,705.1,724.135,750.45,-0.05430075288160441,False,False,False
HDFCBANK,EQ,2022-02-25,1419.4,1439.95,1465.9,1432.85,1456.3,1456.1,1454.62,9159327,13323309790.05,204609,6257959,68.32,0.0258559954910524,2.0,719.975,732.95,716.425,728.05,728.15,727.31,709.7,0.02585599549105244,False,False,False
HDFCBANK,EQ,2022-02-28,1456.1,1426.0,1438.55,1414.05,1428.8,1426.25,1424.95,12440416,17726991025.25,337515,9206870,74.01,-0.0204999656616989,2.0,713.0,719.275,707.025,713.125,714.4,712.475,728.05,-0.020499965661698982,False,False,False
HDFCBANK,EQ,2022-03-02,1426.25,1386.5,1398.4,1354.4,1378.55,1374.25,1372.96,19252780,26433316653.6,590118,13593351,70.6,-0.0364592462751971,2.0,693.25,699.2,677.2,687.125,689.275,686.48,713.125,-0.036459246275197144,False,False,False
HDFCBANK,EQ,2022-03-03,1374.25,1381.0,1392.0,1362.9,1373.35,1371.0,1377.34,8763961,12070939839.35,355777,5607536,63.98,-0.0023649263234492,2.0,690.5,696.0,681.45,685.5,686.675,688.67,687.125,-0.0023649263234492013,False,False,False
HDFCBANK,EQ,2022-03-04,1371.0,1360.0,1386.0,1336.9,1364.95,1366.5,1359.66,10609682,14425584670.8,351310,7005918,66.03,-0.0032822757111596,2.0,680.0,693.0,668.45,683.25,682.475,679.83,685.5,-0.003282275711159688,False,False,False
HDFCBANK,EQ,2022-03-07,1366.5,1318.5,1332.35,1297.05,1326.0,1324.8,1314.7,13527229,17784238071.95,426139,8418793,62.24,-0.0305159165751921,2.0,659.25,666.175,648.525,662.4,663.0,657.35,683.25,-0.030515916575192148,False,False,False
HDFCBANK,EQ,2022-03-08,1324.8,1302.2,1334.0,1292.0,1333.0,1327.8,1305.18,19606246,25589677980.15,527016,11934591,60.87,0.0022644927536232,2.0,651.1,667.0,646.0,663.9,666.5,652.59,662.4,0.0022644927536232817,False,False,False
HDFCBANK,EQ,2022-03-09,1327.8,1330.0,1374.7,1318.85,1371.05,1371.15,1347.62,11567347,15588358448.15,330592,7459892,64.49,0.0326479891549933,2.0,665.0,687.35,659.425,685.575,685.525,673.81,663.9,0.03264798915499334,False,False,False
HDFCBANK,EQ,2022-03-10,1371.15,1427.0,1427.0,1380.25,1388.9,1392.7,1404.82,11136603,15644870615.7,277256,5815424,52.22,0.0157167341282864,2.0,713.5,713.5,690.125,696.35,694.45,702.41,685.575,0.015716734128286447,False,False,False
HDFCBANK,EQ,2022-03-11,1392.7,1388.0,1408.95,1372.7,1396.0,1396.8,1396.47,7575390,10578797843.2,204283,4434451,58.54,0.0029439218783657,2.0,694.0,704.475,686.35,698.4,698.0,698.235,696.35,0.002943921878365785,False,False,False
HDFCBANK,EQ,2022-03-14,1396.8,1415.0,1450.0,1415.0,1442.25,1442.55,1433.68,12509063,17933940554.75,344549,7220428,57.72,0.0327534364261168,2.0,707.5,725.0,707.5,721.275,721.125,716.84,698.4,0.03275343642611683,False,False,False
HDFCBANK,EQ,2022-03-15,1442.55,1443.5,1449.5,1411.75,1422.0,1424.0,1435.02,9433964,13537948637.95,277249,6025245,63.87,-0.0128591729922705,2.0,721.75,724.75,705.875,712.0,711.0,717.51,721.275,-0.012859172992270573,False,False,False
HDFCBANK,EQ,2022-03-16,1424.0,1447.0,1455.0,1436.2,1445.95,1448.15,1446.5,6682054,9665623348.95,223791,4412774,66.04,0.0169592696629214,2.0,723.5,727.5,718.1,724.075,722.975,723.25,712.0,0.016959269662921495,False,False,False
HDFCBANK,EQ,2022-03-17,1448.15,1472.0,1489.8,1470.55,1477.95,1480.05,1482.21,7411977,10986072825.8,237930,4437033,59.86,0.0220281048233952,2.0,736.0,744.9,735.275,740.025,738.975,741.105,724.075,0.022028104823395234,False,False,False
HDFCBANK,EQ,2022-03-21,1480.05,1487.0,1493.65,1472.8,1487.4,1486.5,1484.44,6128938,9098011072.35,204348,4058527,66.22,0.0043579608796999,2.0,743.5,746.825,736.4,743.25,743.7,742.22,740.025,0.004357960879699974,False,False,False
HDFCBANK,EQ,2022-03-22,1486.5,1481.3,1498.0,1457.2,1496.8,1494.15,1478.67,5230907,7734791215.15,217951,2596078,49.63,0.005146316851665,2.0,740.65,749.0,728.6,747.075,748.4,739.335,743.25,0.005146316851665,False,False,False
HDFCBANK,EQ,2022-03-23,1494.15,1507.0,1518.8,1473.6,1479.15,1479.25,1481.7,15594128,23105806046.35,201491,12617083,80.91,-0.0099722250108758,2.0,753.5,759.4,736.8,739.625,739.575,740.85,747.075,-0.009972225010875801,False,False,False
HDFCBANK,EQ,2022-03-24,1479.25,1466.0,1469.65,1434.55,1442.9,1442.65,1449.15,10080022,14607432713.3,247575,5645030,56.0,-0.024742268041237,2.0,733.0,734.825,717.275,721.325,721.45,724.575,739.625,-0.024742268041237025,False,False,False
HDFCBANK,EQ,2022-03-25,1442.65,1451.0,1452.0,1419.0,1436.8,1430.9,1430.95,8183231,11709762372.25,223085,5210224,63.67,-0.0081447336498804,2.0,725.5,726.0,709.5,715.45,718.4,715.475,721.325,-0.008144733649880442,False,False,False
HDFCBANK,EQ,2022-03-28,1430.9,1430.9,1438.0,1401.6,1436.0,1432.8,1417.35,7877443,11165074398.95,263045,4659853,59.15,0.0013278356279264,2.0,715.45,719.0,700.8,716.4,718.0,708.675,715.45,0.001327835627926488,False,False,False
HDFCBANK,EQ,2022-03-29,1432.8,1441.0,1460.25,1430.0,1458.0,1451.8,1442.08,6188724,8924654172.95,203589,3947381,63.78,0.0132607481853712,2.0,720.5,730.125,715.0,725.9,729.0,721.04,716.4,0.013260748185371263,False,False,False
HDFCBANK,EQ,2022-03-30,1451.8,1472.0,1482.75,1454.05,1476.0,1476.95,1468.52,10054871,14765780325.45,225951,7090115,70.51,0.0173233227717317,2.0,736.0,741.375,727.025,738.475,738.0,734.26,725.9,0.017323322771731764,False,False,False
HDFCBANK,EQ,2022-03-31,1476.95,1471.0,1484.7,1465.9,1470.0,1470.35,1473.98,7147857,10535800362.9,175701,3977915,55.65,-0.0044686685398964,2.0,735.5,742.35,732.95,735.175,735.0,736.99,738.475,-0.00446866853989647,False,False,False
HDFCBANK,EQ,2022-04-01,1470.35,1476.4,1510.0,1470.3,1507.5,1506.0,1494.73,7284278,10888017388.8,225554,4798533,65.88,0.0242459278403102,2.0,738.2,755.0,735.15,753.0,753.75,747.365,735.175,0.02424592784031021,False,False,False
HDFCBANK,EQ,2022-04-04,1506.0,1580.0,1722.1,1562.55,1654.1,1656.8,1651.17,48725485,80453972718.55,920761,19554980,40.13,0.100132802124834,2.0,790.0,861.05,781.275,828.4,827.05,825.585,753.0,0.100132802124834,False,False,False
HDFCBANK,EQ,2022-04-05,1656.8,1666.7,1666.7,1602.0,1604.95,1608.25,1619.67,15461291,25042197750.45,440413,6783757,43.88,-0.0293034765813616,2.0,833.35,833.35,801.0,804.125,802.475,809.835,828.4,-0.029303476581361676,False,False,False
HDFCBANK,EQ,2022-04-06,1608.25,1587.7,1589.8,1547.35,1550.5,1550.85,1564.33,13513930,21140225559.2,414144,7882128,58.33,-0.0356909684439609,2.0,793.85,794.9,773.675,775.425,775.25,782.165,804.125,-0.03569096844396091,False,False,False
HDFCBANK,EQ,2022-04-07,1550.85,1541.3,1541.35,1513.7,1521.0,1516.75,1525.08,20390866,31097618185.95,431701,14578431,71.49,-0.0219879420962697,2.0,770.65,770.675,756.85,758.375,760.5,762.54,775.425,-0.021987942096269752,False,False,False
HDFCBANK,EQ,2022-04-08,1516.75,1512.1,1525.75,1497.3,1516.55,1514.65,1510.81,20628161,31165185145.3,371256,13323404,64.59,-0.0013845393110267,2.0,756.05,762.875,748.65,757.325,758.275,755.405,758.375,-0.0013845393110267779,False,False,False
HDFCBANK,EQ,2022-04-11,1514.65,1506.0,1510.0,1493.25,1495.4,1496.15,1501.19,10399533,15611707406.6,385962,6962013,66.95,-0.0122140428481827,2.0,753.0,755.0,746.625,748.075,747.7,750.595,757.325,-0.012214042848182727,False,False,False
HDFCBANK,EQ,2022-04-12,1496.15,1484.0,1506.85,1480.15,1494.9,1493.5,1492.32,13717701,20471205729.1,365154,9237043,67.34,-0.0017712127794673,2.0,742.0,753.425,740.075,746.75,747.45,746.16,748.075,-0.001771212779467346,False,False,False
HDFCBANK,EQ,2022-04-13,1493.5,1490.0,1502.3,1462.65,1464.0,1464.95,1477.78,14446260,21348437343.8,399313,9061541,62.73,-0.0191161700703046,2.0,745.0,751.15,731.325,732.475,732.0,738.89,746.75,-0.01911617007030464,False,False,False
HDFCBANK,EQ,2022-04-18,1464.95,1418.85,1431.65,1390.05,1397.5,1395.45,1408.02,22810188,32117257835.45,650936,16293702,71.43,-0.0474418922147513,2.0,709.425,715.825,695.025,697.725,698.75,704.01,732.475,-0.04744189221475137,False,False,False
HDFCBANK,EQ,2022-04-19,1395.45,1380.9,1389.55,1327.0,1335.0,1342.2,1361.49,37048011,50440428788.55,961819,24520385,66.19,-0.0381597334193271,2.0,690.45,694.775,663.5,671.1,667.5,680.745,697.725,-0.0381597334193271,False,False,False
HDFCBANK,EQ,2022-04-20,1342.2,1354.45,1359.9,1335.35,1356.0,1354.3,1349.57,24662868,33284192237.45,424453,16264587,65.95,0.009015049918045,2.0,677.225,679.95,667.675,677.15,678.0,674.785,671.1,0.009015049918045026,False,False,False
HDFCBANK,EQ,2022-04-21,1354.3,1365.0,1379.8,1353.3,1377.7,1374.35,1363.26,26223135,35748942819.35,288746,20153852,76.86,0.0148046961529941,2.0,682.5,689.9,676.65,687.175,688.85,681.63,677.15,0.014804696152994179,False,False,False
HDFCBANK,EQ,2022-04-22,1374.35,1360.0,1375.35,1349.15,1353.35,1355.6,1360.9,10329574,14057509231.75,317119,5312415,51.43,-0.0136428129661294,2.0,680.0,687.675,674.575,677.8,676.675,680.45,687.175,-0.013642812966129458,False,False,False
HDFCBANK,EQ,2022-04-25,1355.6,1350.0,1370.65,1322.25,1369.95,1365.75,1352.5,10467744,14157639113.95,302713,5026963,48.02,0.0074874594275597,2.0,675.0,685.325,661.125,682.875,684.975,676.25,677.8,0.007487459427559795,False,False,False
HDFCBANK,EQ,2022-04-26,1365.75,1372.0,1381.95,1357.15,1370.45,1372.05,1371.84,8508421,11672225925.5,295807,4436263,52.14,0.0046128500823723,2.0,686.0,690.975,678.575,686.025,685.225,685.92,682.875,0.004612850082372333,False,False,False
HDFCBANK,EQ,2022-04-27,1372.05,1360.0,1379.0,1356.1,1372.0,1372.55,1370.67,9027167,12373229228.55,256736,5474691,60.65,0.0003644182063335,2.0,680.0,689.5,678.05,686.275,686.0,685.335,686.025,0.00036441820633359434,False,False,False
HDFCBANK,EQ,2022-04-28,1372.55,1372.0,1379.0,1362.1,1372.5,1371.35,1369.11,10386861,14220708700.25,182049,7386475,71.11,-0.0008742850897963,2.0,686.0,689.5,681.05,685.675,686.25,684.555,686.275,-0.0008742850897963672,False,False,False
HDFCBANK,EQ,2022-04-29,1371.35,1380.35,1404.75,1371.55,1382.0,1384.6,1390.53,14200738,19746533797.3,262069,8454095,59.53,0.0096620118860977,2.0,690.175,702.375,685.775,692.3,691.0,695.265,685.675,0.009662011886097721,False,False,False
HDFCBANK,EQ,2022-05-02,1384.6,1362.05,1406.45,1362.05,1400.25,1403.7,1390.41,9747158,13552559643.9,221031,6127912,62.87,0.0137945977177524,2.0,681.025,703.225,681.025,701.85,700.125,695.205,692.3,0.013794597717752488,False,False,False
HDFCBANK,EQ,2022-05-04,1403.7,1400.0,1403.6,1350.0,1358.1,1356.0,1376.57,14527958,19998748922.05,323211,9319443,64.15,-0.0339816200042744,2.0,700.0,701.8,675.0,678.0,679.05,688.285,701.85,-0.033981620004274404,False,False,False
HDFCBANK,EQ,2022-05-05,1356.0,1375.0,1375.0,1346.5,1349.0,1352.95,1362.2,8931456,12166464277.3,216825,5345763,59.85,-0.002249262536873,2.0,687.5,687.5,673.25,676.475,674.5,681.1,678.0,-0.0022492625368730756,False,False,False
HDFCBANK,EQ,2022-05-06,1352.95,1330.0,1335.0,1313.0,1321.05,1317.6,1321.98,13365634,17669093791.95,353439,8813715,65.94,-0.0261280904689753,2.0,665.0,667.5,656.5,658.8,660.525,660.99,676.475,-0.02612809046897535,False,False,False
HDFCBANK,EQ,2022-05-09,1317.6,1300.0,1326.5,1295.5,1321.75,1319.85,1305.53,16381217,21386230365.4,315707,11437293,69.82,0.001707650273224,2.0,650.0,663.25,647.75,659.925,660.875,652.765,658.8,0.0017076502732240595,False,False,False
HDFCBANK,EQ,2022-05-10,1319.85,1315.05,1353.0,1315.05,1339.0,1341.05,1334.92,10056906,13425132837.95,204894,5675153,56.43,0.0160624313368944,2.0,657.525,676.5,657.525,670.525,669.5,667.46,659.925,0.016062431336894445,False,False,False
HDFCBANK,EQ,2022-05-11,1341.05,1353.0,1355.0,1328.65,1349.45,1348.6,1343.69,8551462,11490550846.5,325879,4909202,57.41,0.0056299168561948,2.0,676.5,677.5,664.325,674.3,674.725,671.845,670.525,0.00562991685619485,False,False,False
HDFCBANK,EQ,2022-05-12,1348.6,1321.1,1326.8,1293.0,1302.5,1303.05,1307.63,11191145,14633865531.95,411521,6836437,61.09,-0.0337757674625537,2.0,660.55,663.4,646.5,651.525,651.25,653.815,674.3,-0.03377576746255373,False,False,False
HDFCBANK,EQ,2022-05-13,1303.05,1310.05,1318.0,1287.0,1292.5,1291.35,1301.55,8384119,10912331002.7,278869,4443428,53.0,-0.0089789340393692,2.0,655.025,659.0,643.5,645.675,646.25,650.775,651.525,-0.008978934039369224,False,False,False
HDFCBANK,EQ,2022-05-16,1291.35,1299.0,1312.0,1285.3,1308.0,1305.1,1301.12,4902178,6378342592.45,165187,2097397,42.79,0.0106477717117745,2.0,649.5,656.0,642.65,652.55,654.0,650.56,645.675,0.010647771711774556,False,False,False
HDFCBANK,EQ,2022-05-17,1305.1,1312.6,1317.0,1298.2,1316.0,1314.0,1309.07,8320722,10892432064.4,204025,4812774,57.84,0.0068194008121984,2.0,656.3,658.5,649.1,657.0,658.0,654.535,652.55,0.006819400812198451,False,False,False
HDFCBANK,EQ,2022-05-18,1314.0,1324.05,1333.3,1310.0,1315.85,1313.9,1321.44,7866192,10394668975.65,206774,4572201,58.12,-7.610350076092676e-05,2.0,662.025,666.65,655.0,656.95,657.925,660.72,657.0,-7.610350076092676e-05,False,False,False
HDFCBANK,EQ,2022-05-19,1313.9,1286.2,1296.4,1278.3,1290.45,1287.05,1286.32,10268753,13208858469.15,271471,6551034,63.8,-0.0204353451556436,2.0,643.1,648.2,639.15,643.525,645.225,643.16,656.95,-0.020435345155643603,False,False,False
HDFCBANK,EQ,2022-05-20,1287.05,1303.0,1324.2,1292.35,1323.45,1320.95,1311.98,6959675,9130982889.25,168094,4013046,57.66,0.0263393030573793,2.0,651.5,662.1,646.175,660.475,661.725,655.99,643.525,0.026339303057379304,False,False,False
HDFCBANK,EQ,2022-05-23,1320.95,1314.0,1329.95,1299.1,1301.3,1304.0,1319.39,9743160,12855045365.5,189598,6380092,65.48,-0.01283167417389,2.0,657.0,664.975,649.55,652.0,650.65,659.695,660.475,-0.012831674173890084,False,False,False
HDFCBANK,EQ,2022-05-24,1304.0,1300.0,1325.0,1296.9,1320.0,1318.95,1313.26,6435398,8451379583.55,172378,3528928,54.84,0.0114647239263803,2.0,650.0,662.5,648.45,659.475,660.0,656.63,652.0,0.011464723926380316,False,False,False
HDFCBANK,EQ,2022-05-25,1318.95,1330.0,1335.95,1323.2,1327.5,1328.8,1329.41,6443556,8566144702.45,212264,3860760,59.92,0.0074680617157587,2.0,665.0,667.975,661.6,664.4,663.75,664.705,659.475,0.007468061715758756,False,False,False
HDFCBANK,EQ,2022-05-26,1328.8,1342.15,1371.0,1340.0,1369.0,1366.7,1355.58,13496214,18295260027.75,380760,7943634,58.86,0.0285219747140277,2.0,671.075,685.5,670.0,683.35,684.5,677.79,664.4,0.02852197471402773,False,False,False
HDFCBANK,EQ,2022-05-27,1366.7,1371.8,1394.7,1370.75,1393.4,1392.05,1384.2,12015859,16632315263.75,196266,8405082,69.95,0.0185483280895586,2.0,685.9,697.35,685.375,696.025,696.7,692.1,683.35,0.01854832808955864,False,False,False
HDFCBANK,EQ,2022-05-30,1392.05,1410.25,1420.5,1398.45,1401.0,1401.55,1409.32,6312337,8896129502.8,191283,3770222,59.73,0.0068244675119428,2.0,705.125,710.25,699.225,700.775,700.5,704.66,696.025,0.006824467511942878,False,False,False
HDFCBANK,EQ,2022-05-31,1401.55,1395.9,1404.8,1380.0,1384.0,1388.95,1396.23,6742694,9414334821.1,178695,4400633,65.27,-0.008990046733973,2.0,697.95,702.4,690.0,694.475,692.0,698.115,700.775,-0.008990046733973078,False,False,False
HDFCBANK,EQ,2022-06-01,1388.95,1380.0,1400.45,1379.15,1396.1,1394.85,1391.06,6045948,8410276065.05,152770,3461082,57.25,0.0042478130962235,2.0,690.0,700.225,689.575,697.425,698.05,695.53,694.475,0.004247813096223574,False,False,False
HDFCBANK,EQ,2022-06-02,1394.85,1387.25,1388.0,1378.6,1385.2,1385.1,1383.53,5737510,7938005254.7,160429,3458109,60.27,-0.0069899989246156,2.0,693.625,694.0,689.3,692.55,692.6,691.765,697.425,-0.006989998924615604,False,False,False
HDFCBANK,EQ,2022-06-03,1385.1,1398.3,1400.75,1376.3,1379.0,1380.3,1388.75,3478622,4830949975.05,174541,1879231,54.02,-0.0034654537578513,2.0,699.15,700.375,688.15,690.15,689.5,694.375,692.55,-0.0034654537578513445,False,False,False
HDFCBANK,EQ,2022-06-06,1380.3,1376.3,1387.0,1360.65,1377.0,1378.45,1380.25,3086633,4260332744.2,126359,1388767,44.99,-0.0013402883431137,2.0,688.15,693.5,680.325,689.225,688.5,690.125,690.15,-0.001340288343113727,False,False,False
HDFCBANK,EQ,2022-06-07,1378.45,1362.0,1374.3,1354.1,1362.15,1362.6,1362.41,5126983,6985065721.75,133385,3414627,66.6,-0.0114984221408104,2.0,681.0,687.15,677.05,681.3,681.075,681.205,689.225,-0.011498422140810427,False,False,False
HDFCBANK,EQ,2022-06-08,1362.6,1373.3,1381.0,1357.0,1366.0,1367.4,1369.67,2993294,4099830912.8,108646,1245470,41.61,0.0035226772346985,2.0,686.65,690.5,678.5,683.7,683.0,684.835,681.3,0.003522677234698568,False,False,False
HDFCBANK,EQ,2022-06-09,1367.4,1362.25,1382.05,1357.15,1379.6,1377.7,1368.42,3655908,5002826094.5,149498,1966831,53.8,0.0075325435132367,2.0,681.125,691.025,678.575,688.85,689.8,684.21,683.7,0.0075325435132367335,False,False,False
HDFCBANK,EQ,2022-06-10,1377.7,1360.1,1367.95,1343.6,1348.75,1351.1,1351.94,4577715,6188800152.6,159998,2841114,62.06,-0.0193075415547653,2.0,680.05,683.975,671.8,675.55,674.375,675.97,688.85,-0.01930754155476533,False,False,False
HDFCBANK,EQ,2022-06-13,1351.1,1323.6,1330.0,1308.3,1329.0,1326.6,1318.54,5446286,7181145207.65,269494,3534036,64.89,-0.0181333728073421,2.0,661.8,665.0,654.15,663.3,664.5,659.27,675.55,-0.018133372807342174,False,False,False
HDFCBANK,EQ,2022-06-14,1326.6,1311.25,1326.0,1305.0,1314.0,1312.0,1316.04,5935178,7810916645.65,247100,3617141,60.94,-0.0110055781697572,2.0,655.625,663.0,652.5,656.0,657.0,658.02,663.3,-0.011005578169757224,False,False,False
HDFCBANK,EQ,2022-06-15,1312.0,1301.65,1315.8,1298.4,1308.45,1307.45,1307.49,5905235,7721044050.45,239871,3262631,55.25,-0.003467987804878,2.0,650.825,657.9,649.2,653.725,654.225,653.745,656.0,-0.0034679878048780033,False,False,False
HDFCBANK,EQ,2022-06-16,1307.45,1310.0,1320.55,1278.0,1279.45,1281.3,1297.76,6084596,7896314988.4,269747,3065105,50.37,-0.0200007648476041,2.0,655.0,660.275,639.0,640.65,639.725,648.88,653.725,-0.020000764847604158,False,False,False
HDFCBANK,EQ,2022-06-17,1281.3,1275.0,1299.0,1271.6,1296.7,1289.75,1282.59,7361961,9442347329.35,293741,4404126,59.82,0.0065948645906501,2.0,637.5,649.5,635.8,644.875,648.35,641.295,640.65,0.0065948645906501735,False,False,False
HDFCBANK,EQ,2022-06-20,1289.75,1304.7,1325.0,1294.15,1321.95,1322.15,1313.17,7968420,10463910206.85,214315,5178660,64.99,0.0251211475092072,2.0,652.35,662.5,647.075,661.075,660.975,656.585,644.875,0.025121147509207242,False,False,False
HDFCBANK,EQ,2022-06-21,1322.15,1336.9,1354.0,1324.05,1333.7,1336.55,1341.22,6610342,8865941646.1,190833,3837013,58.05,0.0108913512082591,2.0,668.45,677.0,662.025,668.275,666.85,670.61,661.075,0.010891351208259126,False,False,False
HDFCBANK,EQ,2022-06-22,1336.55,1332.25,1336.95,1323.2,1325.9,1330.25,1329.7,4079849,5424972795.2,144197,2278477,55.85,-0.0047136283715536,2.0,666.125,668.475,661.6,665.125,662.95,664.85,668.275,-0.0047136283715536464,False,False,False
HDFCBANK,EQ,2022-06-23,1330.25,1330.5,1348.0,1318.5,1336.6,1335.15,1336.91,7686122,10275634335.15,224102,2899363,37.72,0.0036835181356889,2.0,665.25,674.0,659.25,667.575,668.3,668.455,665.125,0.0036835181356889013,False,False,False
HDFCBANK,EQ,2022-06-24,1335.15,1338.55,1361.65,1338.55,1355.0,1353.8,1354.94,4006716,5428848372.95,265751,2154728,53.78,0.013968467962401,2.0,669.275,680.825,669.275,676.9,677.5,677.47,667.575,0.013968467962401032,False,False,False
HDFCBANK,EQ,2022-06-27,1353.8,1370.0,1376.0,1352.0,1355.9,1356.25,1362.63,4902082,6679721013.6,153532,2820551,57.54,0.0018097207859359,2.0,685.0,688.0,676.0,678.125,677.95,681.315,676.9,0.0018097207859359976,False,False,False
HDFCBANK,EQ,2022-06-28,1356.25,1344.0,1351.0,1338.4,1349.9,1345.9,1344.55,4885287,6568495136.05,170596,2978267,60.96,-0.0076313364055299,2.0,672.0,675.5,669.2,672.95,674.95,672.275,678.125,-0.0076313364055299315,False,False,False
HDFCBANK,EQ,2022-06-29,1345.9,1331.25,1350.75,1331.25,1343.8,1343.95,1343.41,4997023,6713040907.65,155488,3198246,64.0,-0.0014488446392748,2.0,665.625,675.375,665.625,671.975,671.9,671.705,672.95,-0.00144884463927486,False,False,False
HDFCBANK,EQ,2022-06-30,1343.95,1336.0,1354.0,1336.0,1344.0,1348.0,1346.87,6237911,8401664068.5,153516,3385436,54.27,0.0030135049667026,2.0,668.0,677.0,668.0,674.0,672.0,673.435,671.975,0.003013504966702607,False,False,False
HDFCBANK,EQ,2022-07-01,1348.0,1343.95,1360.0,1330.05,1354.95,1353.75,1346.28,5736226,7722538774.5,147092,4059233,70.76,0.0042655786350147,2.0,671.975,680.0,665.025,676.875,677.475,673.14,674.0,0.004265578635014755,False,False,False
HDFCBANK,EQ,2022-07-04,1353.75,1353.7,1360.2,1342.25,1356.55,1355.65,1352.23,4243740,5738508714.75,122056,2687132,63.32,0.0014035087719299,2.0,676.85,680.1,671.125,677.825,678.275,676.115,676.875,0.0014035087719299622,False,False,False
HDFCBANK,EQ,2022-07-05,1355.65,1364.0,1379.35,1348.3,1349.05,1352.6,1366.82,7162859,9790334619.55,175254,4457746,62.23,-0.0022498432486262,2.0,682.0,689.675,674.15,676.3,674.525,683.41,677.825,-0.0022498432486262043,False,False,False
HDFCBANK,EQ,2022-07-06,1352.6,1348.0,1373.4,1347.1,1371.55,1371.25,1365.48,7524539,10274605412.4,175408,5292401,70.34,0.0137882596480851,2.0,674.0,686.7,673.55,685.625,685.775,682.74,676.3,0.013788259648085166,False,False,False
HDFCBANK,EQ,2022-07-07,1371.25,1380.0,1398.0,1374.45,1395.0,1395.8,1387.53,8871571,12309603700.5,177340,6252423,70.48,0.0179033728350044,2.0,690.0,699.0,687.225,697.9,697.5,693.765,685.625,0.017903372835004427,False,False,False
HDFCBANK,EQ,2022-07-08,1395.8,1410.0,1410.0,1394.75,1395.8,1397.1,1402.07,6237015,8744724388.5,122217,4698117,75.33,0.0009313655251468,2.0,705.0,705.0,697.375,698.55,697.9,701.035,697.9,0.0009313655251468322,False,False,False
HDFCBANK,EQ,2022-07-11,1397.1,1394.0,1409.9,1393.25,1403.2,1406.15,1403.07,3731440,5235481481.55,115690,2385267,63.92,0.0064777038150456,2.0,697.0,704.95,696.625,703.075,701.6,701.535,698.55,0.006477703815045643,False,False,False
HDFCBANK,EQ,2022-07-12,1406.15,1405.25,1405.25,1389.4,1391.2,1391.8,1395.12,4938487,6889788254.6,107652,3382902,68.5,-0.0102051701454326,2.0,702.625,702.625,694.7,695.9,695.6,697.56,703.075,-0.010205170145432652,False,False,False
HDFCBANK,EQ,2022-07-13,1391.8,1390.0,1394.2,1354.25,1359.55,1357.85,1371.2,7972805,10932296276.95,185857,5063094,63.5,-0.024392872539158,2.0,695.0,697.1,677.125,678.925,679.775,685.6,695.9,-0.024392872539158006,False,False,False
HDFCBANK,EQ,2022-07-14,1357.85,1362.0,1372.65,1349.25,1352.0,1351.05,1359.74,5186205,7051894375.95,156703,2992747,57.71,-0.0050079169274956,2.0,681.0,686.325,674.625,675.525,676.0,679.87,678.925,-0.0050079169274956925,False,False,False
HDFCBANK,EQ,2022-07-15,1351.05,1353.0,1364.9,1346.8,1364.0,1362.05,1357.6,6797823,9228735489.2,126512,4710365,69.29,0.0081418156248842,2.0,676.5,682.45,673.4,681.025,682.0,678.8,675.525,0.008141815624884252,False,False,False
HDFCBANK,EQ,2022-07-18,1362.05,1348.0,1366.1,1342.05,1348.2,1347.55,1347.82,10166110,13702125272.85,291810,7199900,70.82,-0.0106457178517676,2.0,674.0,683.05,671.025,673.775,674.1,673.91,681.025,-0.0106457178517676,False,False,False
HDFCBANK,EQ,2022-07-19,1347.55,1337.0,1358.55,1337.0,1348.2,1348.05,1349.05,7896269,10652452469.15,141741,5088248,64.44,0.0003710437460575,2.0,668.5,679.275,668.5,674.025,674.1,674.525,673.775,0.0003710437460575644,False,False,False
HDFCBANK,EQ,2022-07-20,1348.05,1359.9,1371.1,1355.25,1363.55,1365.05,1364.16,10173931,13878862594.9,279863,7741686,76.09,0.0126108082044433,2.0,679.95,685.55,677.625,682.525,681.775,682.08,674.025,0.01261080820444338,False,False,False
HDFCBANK,EQ,2022-07-21,1365.05,1360.55,1369.5,1358.1,1363.0,1360.75,1363.06,6320139,8614710412.0,158369,4183622,66.2,-0.0031500677630855,2.0,680.275,684.75,679.05,680.375,681.5,681.53,682.525,-0.0031500677630855733,False,False,False
HDFCBANK,EQ,2022-07-22,1360.75,1366.0,1397.0,1362.4,1394.4,1392.5,1384.48,6364796,8811947079.7,190910,3533143,55.51,0.0233327209259599,2.0,683.0,698.5,681.2,696.25,697.2,692.24,680.375,0.02333272092595995,False,False,False
HDFCBANK,EQ,2022-07-25,1392.5,1395.0,1404.6,1383.3,1394.0,1396.6,1393.4,5071563,7066700506.25,156586,2580137,50.87,0.00294434470377,2.0,697.5,702.3,691.65,698.3,697.0,696.7,696.25,0.00294434470377003,False,False,False
HDFCBANK,EQ,2022-07-26,1396.6,1396.0,1402.0,1386.3,1390.6,1393.75,1395.38,4263982,5949886417.25,115649,2570760,60.29,-0.0020406701990547,2.0,698.0,701.0,693.15,696.875,695.3,697.69,698.3,-0.0020406701990547393,False,False,False
HDFCBANK,EQ,2022-07-27,1393.75,1388.9,1406.0,1384.25,1404.4,1404.4,1399.8,4606389,6448018339.8,131184,2774857,60.24,0.0076412556053813,2.0,694.45,703.0,692.125,702.2,702.2,699.9,696.875,0.007641255605381314,False,False,False
HDFCBANK,EQ,2022-07-28,1404.4,1415.05,1424.0,1411.0,1416.0,1416.85,1419.21,8710203,12361605197.85,213161,5745696,65.97,0.0088649957277127,2.0,707.525,712.0,705.5,708.425,708.0,709.605,702.2,0.00886499572771271,False,False,False
HDFCBANK,EQ,2022-07-29,1416.85,1438.0,1438.6,1415.3,1436.4,1434.2,1428.73,10009868,14301385368.8,241020,6624853,66.18,0.0122454741151145,2.0,719.0,719.3,707.65,717.1,718.2,714.365,708.425,0.012245474115114563,False,False,False
HDFCBANK,EQ,2022-08-01,1434.2,1439.0,1448.45,1430.05,1442.9,1446.15,1440.76,6596518,9504016259.35,146180,4524404,68.59,0.0083321712452935,2.0,719.5,724.225,715.025,723.075,721.45,720.38,717.1,0.008332171245293507,False,False,False
HDFCBANK,EQ,2022-08-02,1446.15,1442.0,1444.6,1423.05,1424.95,1430.25,1431.6,7518255,10763137989.2,165021,5215624,69.37,-0.0109947100923141,2.0,721.0,722.3,711.525,715.125,712.475,715.8,723.075,-0.01099471009231412,False,False,False
HDFCBANK,EQ,2022-08-03,1430.25,1424.95,1435.75,1417.0,1433.25,1433.6,1427.43,5487749,7833355196.55,206821,3365558,61.33,0.0023422478587658,2.0,712.475,717.875,708.5,716.8,716.625,713.715,715.125,0.0023422478587658002,False,False,False
HDFCBANK,EQ,2022-08-04,1433.6,1440.0,1446.7,1412.95,1429.35,1431.9,1431.33,6006103,8596734035.35,228173,3872371,64.47,-0.0011858258928569,2.0,720.0,723.35,706.475,715.95,714.675,715.665,716.8,-0.0011858258928569843,False,False,False
HDFCBANK,EQ,2022-08-05,1431.9,1433.0,1436.95,1421.15,1426.05,1427.05,1429.21,4634491,6623649945.65,121554,2754688,59.44,-0.0033871080382709,2.0,716.5,718.475,710.575,713.525,713.025,714.605,715.95,-0.003387108038270914,False,False,False
HDFCBANK,EQ,2022-08-08,1427.05,1428.0,1464.5,1427.1,1461.35,1462.05,1454.57,7678868,11169457261.65,207907,4139183,53.9,0.0245261203181388,2.0,714.0,732.25,713.55,731.025,730.675,727.285,713.525,0.024526120318138833,False,False,False
HDFCBANK,EQ,2022-08-10,1462.05,1461.35,1471.5,1449.05,1465.0,1466.3,1464.71,8676551,12708637823.2,219403,6312330,72.75,0.0029068773297766,2.0,730.675,735.75,724.525,733.15,732.5,732.355,731.025,0.0029068773297766803,False,False,False
HDFCBANK,EQ,2022-08-11,1466.3,1486.5,1491.0,1474.55,1480.0,1485.7,1483.63,9150883,13576483134.0,236473,6990323,76.39,0.0132305803723657,2.0,743.25,745.5,737.275,742.85,740.0,741.815,733.15,0.013230580372365797,False,False,False
HDFCBANK,EQ,2022-08-12,1485.7,1485.0,1489.3,1475.95,1483.95,1485.15,1484.0,4425185,6566982475.55,175766,3283921,74.21,-0.0003701958672679,2.0,742.5,744.65,737.975,742.575,741.975,742.0,742.85,-0.00037019586726794174,False,False,False
HDFCBANK,EQ,2022-08-16,1485.15,1494.8,1508.5,1488.05,1501.8,1502.15,1501.93,6281878,9434964816.8,172125,4682614,74.54,0.0114466552200114,2.0,747.4,754.25,744.025,751.075,750.9,750.965,742.575,0.011446655220011426,False,False,False
HDFCBANK,EQ,2022-08-17,1502.15,1500.0,1512.75,1485.75,1507.1,1509.9,1503.31,6192175,9308743851.9,190873,4499905,72.67,0.0051592717105481,2.0,750.0,756.375,742.875,754.95,753.55,751.655,751.075,0.005159271710548197,False,False,False
HDFCBANK,EQ,2022-08-18,1509.9,1500.0,1513.9,1499.65,1511.0,1511.7,1507.5,4171069,6287879823.1,126031,2900950,69.55,0.0011921319292667,2.0,750.0,756.95,749.825,755.85,755.5,753.75,754.95,0.0011921319292667043,False,False,False
HDFCBANK,EQ,2022-08-19,1511.7,1510.0,1512.0,1490.0,1492.35,1493.05,1498.24,4031851,6040684835.5,147346,2298218,57.0,-0.012337103922736,2.0,755.0,756.0,745.0,746.525,746.175,749.12,755.85,-0.012337103922736015,False,False,False
HDFCBANK,EQ,2022-08-22,1493.05,1484.8,1488.35,1467.7,1468.7,1470.35,1474.4,4117033,6070140731.7,122931,2591613,62.95,-0.0152037775024279,2.0,742.4,744.175,733.85,735.175,734.35,737.2,746.525,-0.015203777502427962,False,False,False
HDFCBANK,EQ,2022-08-23,1470.35,1453.3,1475.95,1450.4,1471.5,1465.8,1461.68,7483442,10938431495.85,144071,4737698,63.31,-0.003094501309212,2.0,726.65,737.975,725.2,732.9,735.75,730.84,735.175,-0.003094501309212072,False,False,False
HDFCBANK,EQ,2022-08-24,1465.8,1461.9,1475.5,1459.2,1475.0,1472.85,1467.34,6727760,9871897938.5,140656,4689197,69.7,0.0048096602537863,2.0,730.95,737.75,729.6,736.425,737.5,733.67,732.9,0.004809660253786374,False,False,False
HDFCBANK,EQ,2022-08-25,1472.85,1479.9,1486.8,1457.0,1462.95,1464.85,1477.82,5911520,8736166442.2,127054,3693897,62.49,-0.0054316461282547,2.0,739.95,743.4,728.5,732.425,731.475,738.91,736.425,-0.005431646128254752,False,False,False
HDFCBANK,EQ,2022-08-26,1464.85,1472.05,1481.8,1461.2,1466.0,1465.1,1471.45,3853088,5669634958.8,128698,2285799,59.32,0.0001706659384919,2.0,736.025,740.9,730.6,732.55,733.0,735.725,732.425,0.00017066593849190959,False,False,False
HDFCBANK,EQ,2022-08-29,1465.1,1437.0,1446.0,1428.6,1442.0,1439.4,1438.69,4326589,6224608203.95,187389,2493343,57.63,-0.0175414647464335,2.0,718.5,723.0,714.3,719.7,721.0,719.345,732.55,-0.017541464746433588,False,False,False
HDFCBANK,EQ,2022-08-30,1439.4,1446.45,1489.95,1443.1,1483.65,1486.1,1468.87,5067700,7443785303.75,192942,2948334,58.18,0.0324440739196887,2.0,723.225,744.975,721.55,743.05,741.825,734.435,719.7,0.03244407391968873,False,False,False
HDFCBANK,EQ,2022-09-01,1486.1,1464.75,1489.45,1459.0,1471.0,1472.15,1469.61,11201568,16461981807.55,182041,6146956,54.88,-0.0093869860709238,2.0,732.375,744.725,729.5,736.075,735.5,734.805,743.05,-0.009386986070923808,False,False,False
HDFCBANK,EQ,2022-09-02,1472.15,1472.15,1490.5,1465.2,1482.0,1485.5,1477.45,6019043,8892860828.1,119285,3665208,60.89,0.0090683693917059,2.0,736.075,745.25,732.6,742.75,741.0,738.725,736.075,0.009068369391705966,False,False,False
HDFCBANK,EQ,2022-09-05,1485.5,1486.1,1499.0,1484.1,1494.0,1495.05,1493.54,6065966,9059754660.0,128519,4337890,71.51,0.0064288118478625,2.0,743.05,749.5,742.05,747.525,747.0,746.77,742.75,0.006428811847862592,False,False,False
HDFCBANK,EQ,2022-09-06,1495.05,1498.9,1506.65,1486.45,1489.0,1489.35,1497.95,6119348,9166492283.65,115379,4161011,68.0,-0.0038125815190127,2.0,749.45,753.325,743.225,744.675,744.5,748.975,747.525,-0.0038125815190127588,False,False,False
HDFCBANK,EQ,2022-09-07,1489.35,1471.3,1490.0,1471.3,1483.05,1482.3,1483.04,4888103,7249268552.2,89838,3379255,69.13,-0.0047336086212105,2.0,735.65,745.0,735.65,741.15,741.525,741.52,744.675,-0.004733608621210528,False,False,False
HDFCBANK,EQ,2022-09-08,1482.3,1490.1,1500.0,1482.15,1496.65,1497.6,1491.81,5582345,8327793778.2,105543,3067771,54.95,0.010321797207043,2.0,745.05,750.0,741.075,748.8,748.325,745.905,741.15,0.01032179720704307,False,False,False
HDFCBANK,EQ,2022-09-09,1497.6,1496.2,1509.0,1494.05,1498.0,1498.6,1501.98,7564444,11361670171.7,159222,5060078,66.89,0.000667735042735,2.0,748.1,754.5,747.025,749.3,749.0,750.99,748.8,0.0006677350427350959,False,False,False
HDFCBANK,EQ,2022-09-12,1498.6,1500.0,1504.0,1490.0,1491.6,1493.55,1498.08,5540246,8299719758.65,158509,4020172,72.56,-0.0033698118243693,2.0,750.0,752.0,745.0,746.775,745.8,749.04,749.3,-0.003369811824369351,False,False,False
HDFCBANK,EQ,2022-09-13,1493.55,1498.9,1515.9,1498.55,1514.35,1513.1,1509.49,6500983,9813139426.55,178976,4395012,67.61,0.0130896186937163,2.0,749.45,757.95,749.275,756.55,757.175,754.745,746.775,0.013089618693716387,False,False,False
HDFCBANK,EQ,2022-09-14,1513.1,1494.05,1538.9,1492.35,1525.1,1528.65,1519.3,10109880,15359982950.0,266662,6755553,66.82,0.0102769149428327,2.0,747.025,769.45,746.175,764.325,762.55,759.65,756.55,0.010276914942832782,False,False,False
HDFCBANK,EQ,2022-09-15,1528.65,1530.0,1540.95,1512.0,1520.5,1520.7,1525.41,6769686,10326531542.6,209664,4103802,60.62,-0.0052006672554214,2.0,765.0,770.475,756.0,760.35,760.25,762.705,764.325,-0.005200667255421454,False,False,False
HDFCBANK,EQ,2022-09-16,1520.7,1503.1,1514.7,1483.0,1497.5,1492.75,1499.18,10280023,15411585013.35,204150,7353883,71.54,-0.0183796935621753,2.0,751.55,757.35,741.5,746.375,748.75,749.59,760.35,-0.018379693562175392,False,False,False
HDFCBANK,EQ,2022-09-19,1492.75,1489.0,1514.0,1480.0,1504.25,1502.6,1501.17,6038019,9064064674.3,123407,3981527,65.94,0.006598559705242,2.0,744.5,757.0,740.0,751.3,752.125,750.585,746.375,0.006598559705242035,False,False,False
HDFCBANK,EQ,2022-09-20,1502.6,1514.0,1524.0,1509.9,1517.55,1520.7,1518.57,5390834,8186358426.6,125775,3384983,62.79,0.0120457873020098,2.0,757.0,762.0,754.95,760.35,758.775,759.285,751.3,0.012045787302009892,False,False,False
HDFCBANK,EQ,2022-09-21,1520.7,1508.0,1521.5,1505.0,1517.4,1518.35,1515.55,4536152,6874779529.4,129113,2789254,61.49,-0.0015453409613994,2.0,754.0,760.75,752.5,759.175,758.7,757.775,760.35,-0.0015453409613994662,False,False,False
HDFCBANK,EQ,2022-09-22,1518.35,1502.0,1510.15,1482.75,1486.2,1486.0,1494.95,6024072,9005666828.65,130337,3337049,55.4,-0.0213060229854775,2.0,751.0,755.075,741.375,743.0,743.1,747.475,759.175,-0.02130602298547757,False,False,False
HDFCBANK,EQ,2022-09-23,1486.0,1472.35,1475.0,1437.0,1447.0,1446.15,1451.15,7903126,11468624906.55,254765,4730527,59.86,-0.0268169582772542,2.0,736.175,737.5,718.5,723.075,723.5,725.575,743.0,-0.026816958277254277,False,False,False
HDFCBANK,EQ,2022-09-26,1446.15,1425.35,1436.45,1418.0,1429.8,1426.65,1426.27,4461743,6363659216.05,183001,2489197,55.79,-0.0134840784151021,2.0,712.675,718.225,709.0,713.325,714.9,713.135,723.075,-0.01348407841510213,False,False,False
HDFCBANK,EQ,2022-09-27,1426.65,1432.4,1440.0,1407.0,1414.65,1413.85,1423.81,6319850,8998292829.25,181595,3874624,61.31,-0.0089720674306944,2.0,716.2,720.0,703.5,706.925,707.325,711.905,713.325,-0.008972067430694453,False,False,False
HDFCBANK,EQ,2022-09-28,1413.85,1406.0,1410.6,1385.9,1387.0,1389.55,1397.25,5908066,8255059324.45,215474,3384446,57.29,-0.0171871132015418,2.0,703.0,705.3,692.95,694.775,693.5,698.625,706.925,-0.01718711320154187,False,False,False
HDFCBANK,EQ,2022-09-29,1389.55,1396.3,1402.2,1378.8,1381.5,1382.35,1387.85,7205194,9999718372.7,258296,4737741,65.75,-0.0051815335900111,2.0,698.15,701.1,689.4,691.175,690.75,693.925,694.775,-0.005181533590011167,False,False,False
HDFCBANK,EQ,2022-09-30,1382.35,1378.8,1431.45,1365.0,1422.05,1421.35,1407.93,7890878,11109799543.35,181624,4709460,59.68,0.028212825984736,2.0,689.4,715.725,682.5,710.675,711.025,703.965,691.175,0.028212825984736067,False,False,False
HDFCBANK,EQ,2022-10-03,1421.35,1409.95,1417.85,1401.1,1411.0,1413.2,1410.01,5770556,8136520348.45,147339,3823032,66.25,-0.0057339852956694,2.0,704.975,708.925,700.55,706.6,705.5,705.005,710.675,-0.005733985295669486,False,False,False
HDFCBANK,EQ,2022-10-04,1413.2,1429.5,1458.0,1426.15,1456.15,1453.0,1448.36,5769263,8355997412.35,130624,3944499,68.37,0.0281630342485139,2.0,714.75,729.0,713.075,726.5,728.075,724.18,706.6,0.028163034248513963,False,False,False
HDFCBANK,EQ,2022-10-06,1453.0,1459.95,1462.6,1434.2,1436.0,1437.0,1449.04,6274599,9092118877.7,170441,4251575,67.76,-0.0110116999311769,2.0,729.975,731.3,717.1,718.5,718.0,724.52,726.5,-0.0110116999311769,False,False,False
HDFCBANK,EQ,2022-10-07,1437.0,1430.25,1434.95,1420.35,1431.0,1430.8,1427.47,6648997,9491276053.8,160989,4865856,73.18,-0.0043145441892832,2.0,715.125,717.475,710.175,715.4,715.5,713.735,718.5,-0.0043145441892832315,False,False,False
HDFCBANK,EQ,2022-10-10,1430.8,1408.0,1426.0,1398.2,1415.95,1415.0,1409.21,6554651,9236903280.05,215487,4189926,63.92,-0.0110427732736929,2.0,704.0,713.0,699.1,707.5,707.975,704.605,715.4,-0.011042773273692963,False,False,False
HDFCBANK,EQ,2022-10-11,1415.0,1401.1,1417.0,1399.45,1401.75,1400.65,1406.63,7260810,10213263445.8,134054,5147322,70.89,-0.0101413427561837,2.0,700.55,708.5,699.725,700.325,700.875,703.315,707.5,-0.010141342756183724,False,False,False
HDFCBANK,EQ,2022-10-12,1400.65,1403.2,1414.85,1397.3,1410.75,1409.8,1406.74,4612525,6488607643.5,112637,2969793,64.39,0.0065326812551314,2.0,701.6,707.425,698.65,704.9,705.375,703.37,700.325,0.006532681255131401,False,False,False
HDFCBANK,EQ,2022-10-13,1409.8,1402.05,1406.25,1384.0,1396.0,1393.6,1392.46,7357117,10244525589.7,219960,4956624,67.37,-0.0114909916300184,2.0,701.025,703.125,692.0,696.8,698.0,696.23,704.9,-0.011490991630018432,False,False,False
HDFCBANK,EQ,2022-10-14,1393.6,1417.0,1447.0,1415.25,1446.0,1439.0,1434.65,6424960,9217592931.3,149782,3114030,48.47,0.0325774971297359,2.0,708.5,723.5,707.625,719.5,723.0,717.325,696.8,0.0325774971297359,False,False,False
HDFCBANK,EQ,2022-10-17,1439.0,1435.0,1457.6,1427.0,1445.45,1446.55,1443.39,9205250,13286764094.4,185541,4371481,47.49,0.0052466990965949,2.0,717.5,728.8,713.5,723.275,722.725,721.695,719.5,0.00524669909659492,False,False,False
HDFCBANK,EQ,2022-10-18,1446.55,1458.05,1462.9,1440.0,1442.85,1443.85,1449.88,5280554,7656144753.65,144735,3226764,61.11,-0.0018665099720023,2.0,729.025,731.45,720.0,721.925,721.425,724.94,723.275,-0.0018665099720023282,False,False,False
HDFCBANK,EQ,2022-10-19,1443.85,1464.0,1477.4,1453.4,1459.95,1458.65,1464.96,6483520,9498087668.1,186569,3543870,54.66,0.0102503722685876,2.0,732.0,738.7,726.7,729.325,729.975,732.48,721.925,0.010250372268587604,False,False,False
HDFCBANK,EQ,2022-10-20,1458.65,1444.0,1452.9,1442.5,1449.05,1448.8,1447.55,3949039,5716441334.25,149480,2511393,63.6,-0.0067528193877901,2.0,722.0,726.45,721.25,724.4,724.525,723.775,729.325,-0.006752819387790154,False,False,False
HDFCBANK,EQ,2022-10-21,1448.8,1452.0,1457.65,1434.0,1442.3,1438.6,1446.76,5246303,7590143970.3,112584,3357945,64.01,-0.0070403092214246,2.0,726.0,728.825,717.0,719.3,721.15,723.38,724.4,-0.007040309221424623,False,False,False
HDFCBANK,EQ,2022-10-24,1438.6,1454.3,1463.0,1454.3,1458.85,1461.05,1460.44,1083897,1582962572.75,44924,466892,43.08,0.0156054497428055,2.0,727.15,731.5,727.15,730.525,729.425,730.22,719.3,0.015605449742805533,False,False,False
HDFCBANK,EQ,2022-10-25,1461.05,1461.1,1467.8,1445.0,1447.4,1450.9,1456.91,6886697,10033274401.0,174010,5086954,73.87,-0.0069470586222236,2.0,730.55,733.9,722.5,725.45,723.7,728.455,730.525,-0.0069470586222236674,False,False,False
HDFCBANK,EQ,2022-10-27,1450.9,1464.5,1467.35,1451.25,1456.0,1454.4,1457.9,7968638,11617489645.45,167453,6190681,77.69,0.0024122958163899,2.0,732.25,733.675,725.625,727.2,728.0,728.95,725.45,0.002412295816389909,False,False,False
HDFCBANK,EQ,2022-10-28,1454.4,1450.0,1467.0,1447.4,1459.95,1458.7,1459.47,5237139,7643452528.1,142985,3296642,62.95,0.0029565456545654,2.0,725.0,733.5,723.7,729.35,729.975,729.735,727.2,0.00295654565456549,False,False,False
HDFCBANK,EQ,2022-10-31,1458.7,1472.0,1498.0,1467.25,1495.9,1496.7,1487.44,6415264,9542306136.5,197801,3899406,60.78,0.0260505929937615,2.0,736.0,749.0,733.625,748.35,747.95,743.72,729.35,0.026050592993761557,False,False,False
HDFCBANK,EQ,2022-11-01,1496.7,1503.5,1529.0,1498.9,1513.5,1513.25,1519.63,9536878,14492530604.2,209190,6682068,70.07,0.0110576601857419,2.0,751.75,764.5,749.45,756.625,756.75,759.815,748.35,0.011057660185741947,False,False,False
HDFCBANK,EQ,2022-11-02,1513.25,1517.0,1528.25,1511.6,1514.95,1514.2,1520.14,6360203,9668407272.05,134056,4316158,67.86,0.0006277878737817,2.0,758.5,764.125,755.8,757.1,757.475,760.07,756.625,0.0006277878737817044,False,False,False
HDFCBANK,EQ,2022-11-03,1514.2,1497.7,1520.25,1497.0,1507.45,1507.55,1511.46,5166176,7808453715.85,158632,2959149,57.28,-0.0043917580240391,2.0,748.85,760.125,748.5,753.775,753.725,755.73,757.1,-0.004391758024039127,False,False,False
HDFCBANK,EQ,2022-11-04,1507.55,1503.2,1516.1,1489.6,1497.1,1497.15,1497.96,5409030,8102528471.55,150429,3593837,66.44,-0.0068986103280155,2.0,751.6,758.05,744.8,748.575,748.55,748.98,753.775,-0.006898610328015531,False,False,False
HDFCBANK,EQ,2022-11-07,1497.15,1510.0,1512.0,1492.1,1510.25,1508.8,1501.97,4917917,7386587082.6,123611,3104244,63.12,0.0077814514243728,2.0,755.0,756.0,746.05,754.4,755.125,750.985,748.575,0.0077814514243728095,False,False,False
HDFCBANK,EQ,2022-11-09,1508.8,1515.05,1517.95,1504.0,1508.0,1508.35,1511.66,4634895,7006381268.25,99843,2945729,63.56,-0.0002982502651113,2.0,757.525,758.975,752.0,754.175,754.0,755.83,754.4,-0.0002982502651113217,False,False,False
HDFCBANK,EQ,2022-11-10,1508.35,1497.1,1527.0,1495.05,1527.0,1524.75,1511.37,6387091,9653235507.4,139631,4274394,66.92,0.0108728080352704,2.0,748.55,763.5,747.525,762.375,763.5,755.685,754.175,0.010872808035270465,False,False,False
HDFCBANK,EQ,2022-11-11,1524.75,1545.0,1637.0,1538.0,1611.9,1611.15,1599.68,28361169,45368789544.6,611619,15317967,54.01,0.0566650270536153,2.0,772.5,818.5,769.0,805.575,805.95,799.84,762.375,0.05666502705361531,False,False,False
HDFCBANK,EQ,2022-11-14,1611.15,1612.0,1628.0,1598.0,1615.0,1615.05,1613.89,9597695,15489657292.1,254705,6343124,66.09,0.0024206312261427,2.0,806.0,814.0,799.0,807.525,807.5,806.945,805.575,0.0024206312261427776,False,False,False
HDFCBANK,EQ,2022-11-15,1615.05,1623.15,1623.15,1605.25,1622.0,1619.0,1614.94,5515101,8906572969.0,158707,3470935,62.94,0.002445744713786,2.0,811.575,811.575,802.625,809.5,811.0,807.47,807.525,0.0024457447137860022,False,False,False
HDFCBANK,EQ,2022-11-16,1619.0,1618.65,1642.0,1612.0,1630.0,1632.9,1630.44,6789075,11069179609.25,208132,3954055,58.24,0.0085855466337245,2.0,809.325,821.0,806.0,816.45,815.0,815.22,809.5,0.008585546633724572,False,False,False
HDFCBANK,EQ,2022-11-17,1632.9,1618.1,1631.55,1613.9,1617.0,1618.15,1623.76,6050465,9824511118.7,133033,3855491,63.72,-0.0090330087574254,2.0,809.05,815.775,806.95,809.075,808.5,811.88,816.45,-0.00903300875742541,False,False,False
HDFCBANK,EQ,2022-11-18,1618.15,1621.0,1623.0,1605.25,1612.05,1613.9,1611.71,5229616,8428647397.7,155906,3617158,69.17,-0.0026264561381824,2.0,810.5,811.5,802.625,806.95,806.025,805.855,809.075,-0.0026264561381824647,False,False,False
HDFCBANK,EQ,2022-11-21,1613.9,1607.65,1612.0,1590.2,1597.1,1597.35,1597.33,4172408,6664713134.4,156009,2591643,62.11,-0.0102546626185018,2.0,803.825,806.0,795.1,798.675,798.55,798.665,806.95,-0.01025466261850183,False,False,False
HDFCBANK,EQ,2022-11-22,1597.35,1600.0,1604.35,1591.0,1597.0,1595.0,1596.15,4273157,6820613224.25,159221,2871575,67.2,-0.0014711866528938,2.0,800.0,802.175,795.5,797.5,798.5,798.075,798.675,-0.0014711866528938078,False,False,False
HDFCBANK,EQ,2022-11-23,1595.0,1605.0,1605.0,1594.0,1596.8,1599.15,1598.79,5092869,8142453343.3,124888,3738575,73.41,0.002601880877743,2.0,802.5,802.5,797.0,799.575,798.4,799.395,797.5,0.0026018808777430458,False,False,False
HDFCBANK,EQ,2022-11-24,1599.15,1605.95,1632.0,1599.15,1627.6,1625.15,1614.59,8598980,13883849723.65,161678,5965589,69.38,0.0162586374011193,2.0,802.975,816.0,799.575,812.575,813.8,807.295,799.575,0.016258637401119325,False,False,False
HDFCBANK,EQ,2022-11-25,1625.15,1629.7,1631.7,1614.1,1617.0,1617.65,1620.31,4205248,6813792904.55,117799,2666082,63.4,-0.0046149586192043,2.0,814.85,815.85,807.05,808.825,808.5,810.155,812.575,-0.004614958619204357,False,False,False
HDFCBANK,EQ,2022-11-28,1617.65,1602.9,1607.45,1594.05,1600.5,1600.25,1600.57,8052990,12889397052.7,165436,5841703,72.54,-0.0107563440793744,2.0,801.45,803.725,797.025,800.125,800.25,800.285,808.825,-0.010756344079374425,False,False,False
HDFCBANK,EQ,2022-11-29,1600.25,1597.25,1612.35,1592.85,1600.0,1597.85,1602.17,6319118,10124273482.9,186705,4609779,72.95,-0.0014997656616154,2.0,798.625,806.175,796.425,798.925,800.0,801.085,800.125,-0.0014997656616154709,False,False,False
HDFCBANK,EQ,2022-11-30,1597.85,1597.1,1612.9,1597.1,1611.9,1608.45,1603.75,7592403,12176299410.4,137140,6030327,79.43,0.0066339143223708,2.0,798.55,806.45,798.55,804.225,805.95,801.875,798.925,0.006633914322370815,False,False,False
HDFCBANK,EQ,2022-12-01,1608.45,1622.0,1637.0,1615.0,1618.0,1619.5,1625.06,10223183,16613268315.75,223935,7212087,70.55,0.0068699679815971,2.0,811.0,818.5,807.5,809.75,809.0,812.53,804.225,0.006869967981597114,False,False,False
HDFCBANK,EQ,2022-12-02,1619.5,1610.0,1618.6,1605.15,1607.75,1607.1,1609.97,3905539,6287798248.0,157768,2675200,68.5,-0.0076566841617783,2.0,805.0,809.3,802.575,803.55,803.875,804.985,809.75,-0.007656684161778338,False,False,False
HDFCBANK,EQ,2022-12-05,1607.1,1609.95,1614.6,1596.2,1613.0,1612.95,1604.77,5796311,9301737289.5,198169,3767906,65.01,0.0036400970692551,2.0,804.975,807.3,798.1,806.475,806.5,802.385,803.55,0.003640097069255166,False,False,False
HDFCBANK,EQ,2022-12-06,1612.95,1601.0,1613.7,1600.0,1612.95,1611.15,1607.2,6176546,9926951123.55,152759,4767748,77.19,-0.0011159676369385,2.0,800.5,806.85,800.0,805.575,806.475,803.6,806.475,-0.001115967636938553,False,False,False
HDFCBANK,EQ,2022-12-07,1611.15,1614.15,1618.6,1604.45,1611.0,1610.45,1610.02,5837360,9398261261.05,175386,4580110,78.46,-0.0004344722713589,2.0,807.075,809.3,802.225,805.225,805.5,805.01,805.575,-0.0004344722713589544,False,False,False
HDFCBANK,EQ,2022-12-08,1610.45,1610.0,1626.0,1605.0,1620.0,1619.5,1615.97,7401817,11961138033.6,162638,5444038,73.55,0.005619547331491,2.0,805.0,813.0,802.5,809.75,810.0,807.985,805.225,0.005619547331491059,False,False,False
HDFCBANK,EQ,2022-12-09,1619.5,1626.0,1634.85,1620.0,1630.15,1631.05,1626.86,5981692,9731403133.75,142195,4469120,74.71,0.0071318308119789,2.0,813.0,817.425,810.0,815.525,815.075,813.43,809.75,0.00713183081197899,False,False,False
HDFCBANK,EQ,2022-12-12,1631.05,1625.0,1653.6,1621.4,1642.8,1643.75,1643.67,7217404,11863026689.8,191429,4984206,69.06,0.0077863952668526,2.0,812.5,826.8,810.7,821.875,821.4,821.835,815.525,0.007786395266852653,False,False,False
HDFCBANK,EQ,2022-12-13,1643.75,1650.0,1657.0,1645.0,1645.3,1648.3,1651.67,8515851,14065339215.85,165451,5491823,64.49,0.0027680608365019,2.0,825.0,828.5,822.5,824.15,822.65,825.835,821.875,0.00276806083650194,False,False,False
HDFCBANK,EQ,2022-12-14,1648.3,1653.0,1665.5,1650.0,1660.0,1662.25,1658.28,7113820,11796681944.4,183221,4989446,70.14,0.0084632651823091,2.0,826.5,832.75,825.0,831.125,830.0,829.14,824.15,0.00846326518230911,False,False,False
HDFCBANK,EQ,2022-12-15,1662.25,1657.05,1669.4,1627.05,1630.0,1631.8,1659.58,9091324,15087760729.0,145032,5407373,59.48,-0.0183185441419763,2.0,828.525,834.7,813.525,815.9,815.0,829.79,831.125,-0.018318544141976312,False,False,False
HDFCBANK,EQ,2022-12-16,1631.8,1620.05,1645.1,1609.0,1635.2,1639.65,1634.08,7323979,11968001262.3,177618,5236766,71.5,0.004810638558647,2.0,810.025,822.55,804.5,819.825,817.6,817.04,815.9,0.004810638558647051,False,False,False
HDFCBANK,EQ,2022-12-19,1639.65,1644.0,1646.65,1626.2,1645.9,1644.75,1636.95,4802271,7861087915.35,111511,2999960,62.47,0.0031104199066873,2.0,822.0,823.325,813.1,822.375,822.95,818.475,819.825,0.0031104199066873672,False,False,False
HDFCBANK,EQ,2022-12-20,1644.75,1620.2,1636.4,1620.2,1635.0,1633.4,1630.1,3587349,5847749606.55,94981,2013155,56.12,-0.0069007447940415,2.0,810.1,818.2,810.1,816.7,817.5,815.05,822.375,-0.006900744794041569,False,False,False
HDFCBANK,EQ,2022-12-21,1633.4,1641.0,1644.8,1606.55,1620.0,1617.6,1625.86,4634599,7535206897.25,155853,2968950,64.06,-0.009673074568385,2.0,820.5,822.4,803.275,808.8,810.0,812.93,816.7,-0.009673074568385065,False,False,False
HDFCBANK,EQ,2022-12-22,1617.6,1622.2,1627.5,1609.0,1612.85,1612.05,1617.13,4873548,7881152431.2,156615,3242753,66.54,-0.0034310089020771,2.0,811.1,813.75,804.5,806.025,806.425,808.565,808.8,-0.0034310089020771484,False,False,False
HDFCBANK,EQ,2022-12-23,1612.05,1587.0,1604.15,1585.45,1599.0,1597.65,1596.11,5346576,8533738599.5,161132,3205816,59.96,-0.0089327254117427,2.0,793.5,802.075,792.725,798.825,799.5,798.055,806.025,-0.008932725411742726,False,False,False
HDFCBANK,EQ,2022-12-26,1597.65,1599.5,1639.0,1590.0,1628.95,1629.45,1617.09,4953661,8010532444.25,127280,3052548,61.62,0.019904234344193,2.0,799.75,819.5,795.0,814.725,814.475,808.545,798.825,0.019904234344193084,False,False,False
HDFCBANK,EQ,2022-12-27,1629.45,1633.0,1635.95,1613.5,1630.9,1631.1,1622.27,3963386,6429669607.95,101780,2207068,55.69,0.0010126116174167,2.0,816.5,817.975,806.75,815.55,815.45,811.135,814.725,0.0010126116174167255,False,False,False
HDFCBANK,EQ,2022-12-28,1631.1,1623.1,1633.0,1623.1,1628.5,1629.8,1628.46,4345935,7077164442.15,143232,3211265,73.89,-0.0007970081540065,2.0,811.55,816.5,811.55,814.9,814.25,814.23,815.55,-0.0007970081540065177,False,False,False
HDFCBANK,EQ,2022-12-29,1629.8,1620.1,1643.5,1611.0,1639.1,1641.3,1629.83,5506448,8974549942.25,204767,3685001,66.92,0.0070560805006749,2.0,810.05,821.75,805.5,820.65,819.55,814.915,814.9,0.007056080500674966,False,False,False
HDFCBANK,EQ,2022-12-30,1641.3,1645.0,1645.0,1620.0,1630.0,1628.15,1632.15,3561320,5812610084.2,138629,2217017,62.25,-0.0080119417534879,2.0,822.5,822.5,810.0,814.075,815.0,816.075,820.65,-0.008011941753487961,False,False,False
HDFCBANK,EQ,2023-01-02,1628.15,1627.0,1639.75,1618.55,1628.15,1628.7,1629.49,2190689,3569697184.0,89456,1036063,47.29,0.0003378067131405,2.0,813.5,819.875,809.275,814.35,814.075,814.745,814.075,0.00033780671314054267,False,False,False
HDFCBANK,EQ,2023-01-03,1628.7,1622.2,1643.0,1622.2,1640.5,1639.35,1634.63,4189015,6847495805.65,102047,2754739,65.76,0.0065389574507275,2.0,811.1,821.5,811.1,819.675,820.25,817.315,814.35,0.006538957450727523,False,False,False
HDFCBANK,EQ,2023-01-04,1639.35,1635.0,1645.75,1607.0,1610.3,1610.05,1622.71,5175800,8398837748.0,164250,3271719,63.21,-0.0178729374447189,2.0,817.5,822.875,803.5,805.025,805.15,811.355,819.675,-0.01787293744471896,False,False,False
HDFCBANK,EQ,2023-01-05,1610.05,1615.0,1618.05,1589.4,1599.95,1599.7,1602.26,5470718,8765509490.95,193143,3582675,65.49,-0.0064283717896959,2.0,807.5,809.025,794.7,799.85,799.975,801.13,805.025,-0.006428371789695908,False,False,False
HDFCBANK,EQ,2023-01-06,1599.7,1602.0,1609.1,1578.2,1594.05,1594.4,1592.77,4546231,7241079692.35,147775,2919025,64.21,-0.0033131212102268,2.0,801.0,804.55,789.1,797.2,797.025,796.385,799.85,-0.003313121210226866,False,False,False
HDFCBANK,EQ,2023-01-09,1594.4,1596.0,1611.55,1590.0,1597.95,1597.5,1601.83,5364670,8593288222.1,164427,3632471,67.71,0.001944305067737,2.0,798.0,805.775,795.0,798.75,798.975,800.915,797.2,0.0019443050677370177,False,False,False
HDFCBANK,EQ,2023-01-10,1597.5,1600.0,1600.0,1565.0,1570.0,1568.3,1572.13,8185883,12869232604.25,290553,6300941,76.97,-0.0182785602503913,2.0,800.0,800.0,782.5,784.15,785.0,786.065,798.75,-0.018278560250391318,False,False,False
HDFCBANK,EQ,2023-01-11,1568.3,1567.95,1598.0,1560.0,1589.0,1590.9,1585.27,7597899,12044752262.45,263176,5479706,72.12,0.0144105081935854,2.0,783.975,799.0,780.0,795.45,794.5,792.635,784.15,0.01441050819358547,False,False,False
HDFCBANK,EQ,2023-01-12,1590.9,1587.8,1603.9,1584.15,1597.0,1599.4,1593.76,4625035,7371203643.65,160323,2796561,60.47,0.0053428876736438,2.0,793.9,801.95,792.075,799.7,798.5,796.88,795.45,0.005342887673643881,False,False,False
HDFCBANK,EQ,2023-01-13,1599.4,1598.75,1609.9,1586.0,1601.0,1600.65,1598.66,4622273,7389463181.3,149441,3009511,65.11,0.0007815430786544,2.0,799.375,804.95,793.0,800.325,800.5,799.33,799.7,0.000781543078654412,False,False,False
HDFCBANK,EQ,2023-01-16,1600.65,1615.0,1621.3,1580.3,1585.8,1585.3,1600.14,7374047,11799532275.45,216647,3669896,49.77,-0.0095898541217631,2.0,807.5,810.65,790.15,792.65,792.9,800.07,800.325,-0.009589854121763164,False,False,False
HDFCBANK,EQ,2023-01-17,1585.3,1589.8,1611.0,1577.5,1607.45,1608.9,1602.4,5393177,8642051691.35,136682,3202706,59.38,0.0148867722197691,2.0,794.9,805.5,788.75,804.45,803.725,801.2,792.65,0.014886772219769195,False,False,False
HDFCBANK,EQ,2023-01-18,1608.9,1605.0,1641.6,1599.7,1637.15,1637.3,1631.33,9545321,15571575456.3,273645,5789503,60.65,0.0176518117968798,2.0,802.5,820.8,799.85,818.65,818.575,815.665,804.45,0.0176518117968798,False,False,False
HDFCBANK,EQ,2023-01-19,1637.3,1637.0,1650.0,1633.0,1640.1,1644.1,1643.36,5586081,9179947870.95,212074,3694351,66.13,0.0041531790142306,2.0,818.5,825.0,816.5,822.05,820.05,821.68,818.65,0.0041531790142306235,False,False,False
HDFCBANK,EQ,2023-01-20,1644.1,1644.1,1669.0,1643.4,1659.25,1660.95,1661.6,9421702,15655096016.05,183678,6761155,71.76,0.0102487683230947,2.0,822.05,834.5,821.7,830.475,829.625,830.8,822.05,0.010248768323094737,False,False,False
HDFCBANK,EQ,2023-01-23,1660.95,1666.25,1682.6,1661.4,1671.9,1673.1,1674.88,7722200,12933789977.65,302449,5785548,74.92,0.0073150907613113,2.0,833.125,841.3,830.7,836.55,835.95,837.44,830.475,0.007315090761311316,False,False,False
HDFCBANK,EQ,2023-01-24,1673.1,1675.05,1702.4,1675.0,1693.0,1695.5,1692.57,12491970,21143517490.3,229064,8997454,72.03,0.0133883210806289,2.0,837.525,851.2,837.5,847.75,846.5,846.285,836.55,0.013388321080628929,False,False,False
HDFCBANK,EQ,2023-01-25,1695.5,1691.4,1692.95,1645.3,1649.7,1648.65,1657.89,7352071,12188918619.35,190090,4900092,66.65,-0.0276319669713948,2.0,845.7,846.475,822.65,824.325,824.85,828.945,847.75,-0.027631966971394806,False,False,False
HDFCBANK,EQ,2023-01-27,1648.65,1632.0,1637.0,1589.95,1614.8,1615.8,1614.04,17589974,28390935612.35,364306,12593316,71.59,-0.0199253935037758,2.0,816.0,818.5,794.975,807.9,807.4,807.02,824.325,-0.019925393503775868,False,False,False
HDFCBANK,EQ,2023-01-30,1615.8,1595.0,1625.3,1582.0,1617.4,1614.15,1603.35,9256411,14841278614.15,282514,5645620,60.99,-0.0010211659858893,2.0,797.5,812.65,791.0,807.075,808.7,801.675,807.9,-0.0010211659858893052,False,False,False
HDFCBANK,EQ,2023-01-31,1614.15,1619.7,1622.7,1595.0,1605.8,1603.5,1606.73,9298122,14939588504.95,313012,5880193,63.24,-0.0065978998234365,2.0,809.85,811.35,797.5,801.75,802.9,803.365,807.075,-0.006597899823436504,False,False,False
HDFCBANK,EQ,2023-02-01,1603.5,1624.0,1665.0,1606.0,1625.5,1627.55,1633.55,8651395,14132476806.6,230246,4677377,54.07,0.0149984409105081,2.0,812.0,832.5,803.0,813.775,812.75,816.775,801.75,0.01499844091050817,False,False,False
HDFCBANK,EQ,2023-02-02,1627.55,1608.1,1624.5,1588.75,1605.7,1603.35,1601.95,8748553,14014786208.0,272747,5288239,60.45,-0.0148689748394826,2.0,804.05,812.25,794.375,801.675,802.85,800.975,813.775,-0.014868974839482685,False,False,False
HDFCBANK,EQ,2023-02-03,1603.35,1611.0,1660.5,1607.0,1658.25,1658.8,1641.97,7205550,11831279561.5,296046,4461313,61.91,0.0345838400848224,2.0,805.5,830.25,803.5,829.4,829.125,820.985,801.675,0.034583840084822404,False,False,False
HDFCBANK,EQ,2023-02-06,1658.8,1660.0,1669.4,1646.2,1650.0,1651.75,1656.81,5583836,9251344923.6,160975,3912306,70.06,-0.004250060284543,2.0,830.0,834.7,823.1,825.875,825.0,828.405,829.4,-0.004250060284543,False,False,False
HDFCBANK,EQ,2023-02-07,1651.75,1659.4,1664.9,1632.6,1652.0,1654.2,1650.73,5132294,8472010812.25,154701,3367728,65.62,0.0014832753140607,2.0,829.7,832.45,816.3,827.1,826.0,825.365,825.875,0.0014832753140607835,False,False,False
HDFCBANK,EQ,2023-02-08,1654.2,1654.25,1668.2,1650.0,1652.0,1654.0,1658.26,4222413,7001861740.25,122581,2806902,66.48,-0.0001209043646476,2.0,827.125,834.1,825.0,827.0,826.0,829.13,827.1,-0.00012090436464762266,False,False,False
HDFCBANK,EQ,2023-02-09,1654.0,1660.0,1661.65,1635.55,1650.2,1650.55,1646.47,5888668,9695534662.35,156658,3903281,66.28,-0.0020858524788391,2.0,830.0,830.825,817.775,825.275,825.1,823.235,827.0,-0.0020858524788391897,False,False,False
HDFCBANK,EQ,2023-02-10,1650.55,1648.8,1658.5,1642.2,1652.3,1657.1,1652.8,4086058,6753456557.5,112380,2680657,65.6,0.003968374178304,2.0,824.4,829.25,821.1,828.55,826.15,826.4,825.275,0.0039683741783040904,False,False,False
HDFCBANK,EQ,2023-02-13,1657.1,1655.0,1661.75,1644.55,1658.8,1658.35,1653.05,2868472,4741728896.75,128413,1603818,55.91,0.0007543298533583,2.0,827.5,830.875,822.275,829.175,829.4,826.525,828.55,0.0007543298533583265,False,False,False
HDFCBANK,EQ,2023-02-14,1658.35,1665.0,1677.5,1657.95,1672.0,1673.7,1667.58,5454296,9095501854.7,188196,3284370,60.22,0.0092561883800164,2.0,832.5,838.75,828.975,836.85,836.0,833.79,829.175,0.009256188380016406,False,False,False
HDFCBANK,EQ,2023-02-15,1673.7,1678.0,1678.0,1656.75,1670.0,1670.3,1666.6,5719356,9531863377.0,131147,3576018,62.52,-0.0020314273764713,2.0,839.0,839.0,828.375,835.15,835.0,833.3,836.85,-0.0020314273764713286,False,False,False
HDFCBANK,EQ,2023-02-16,1670.3,1673.2,1681.9,1661.0,1663.45,1664.25,1674.01,4031250,6748366478.8,112501,1610834,39.96,-0.0036221038136861,2.0,836.6,840.95,830.5,832.125,831.725,837.005,835.15,-0.003622103813686106,False,False,False
HDFCBANK,EQ,2023-02-17,1664.25,1661.0,1668.15,1642.95,1656.0,1655.9,1654.92,4478135,7410951450.25,116571,2122264,47.39,-0.0050172750488207,2.0,830.5,834.075,821.475,827.95,828.0,827.46,832.125,-0.0050172750488207685,False,False,False
HDFCBANK,EQ,2023-02-20,1655.9,1660.0,1669.45,1634.8,1640.5,1640.35,1653.1,4043353,6684047187.45,161532,1657241,40.99,-0.0093906636874208,2.0,830.0,834.725,817.4,820.175,820.25,826.55,827.95,-0.009390663687420808,False,False,False
HDFCBANK,EQ,2023-02-21,1640.35,1640.0,1662.35,1634.0,1649.95,1646.5,1647.5,6194648,10205667202.4,167166,2741753,44.26,0.0037491998658822,2.0,820.0,831.175,817.0,823.25,824.975,823.75,820.175,0.003749199865882291,False,False,False
HDFCBANK,EQ,2023-02-22,1646.5,1639.0,1641.95,1609.05,1614.2,1614.2,1622.7,5179551,8404852589.05,139134,2838734,54.81,-0.0196173701791678,2.0,819.5,820.975,804.525,807.1,807.1,811.35,823.25,-0.01961737017916787,False,False,False
HDFCBANK,EQ,2023-02-23,1614.2,1613.0,1618.85,1592.1,1604.0,1603.25,1603.0,13941005,22347475793.5,227065,4610082,33.07,-0.0067835460289926,2.0,806.5,809.425,796.05,801.625,802.0,801.5,807.1,-0.006783546028992671,False,False,False
HDFCBANK,EQ,2023-02-24,1603.25,1617.9,1617.9,1585.2,1588.5,1588.95,1594.44,8530870,13601992894.9,179066,4456233,52.24,-0.0089193825042881,2.0,808.95,808.95,792.6,794.475,794.25,797.22,801.625,-0.008919382504288142,False,False,False
HDFCBANK,EQ,2023-02-27,1588.95,1585.9,1599.0,1577.3,1598.65,1592.9,1590.06,7156486,11379244627.25,143487,3381817,47.26,0.0024859183737688,2.0,792.95,799.5,788.65,796.45,799.325,795.03,794.475,0.0024859183737688806,False,False,False
HDFCBANK,EQ,2023-02-28,1592.9,1592.0,1605.3,1588.7,1603.0,1599.6,1597.73,9496996,15173665803.8,128911,2849154,30.0,0.0042061648565507,2.0,796.0,802.65,794.35,799.8,801.5,798.865,796.45,0.004206164856550787,False,False,False
HDFCBANK,EQ,2023-03-01,1599.6,1612.0,1613.0,1595.75,1599.0,1598.05,1601.75,7068628,11322167673.75,170088,3098750,43.84,-0.000968992248062,2.0,806.0,806.5,797.875,799.025,799.5,800.875,799.8,-0.0009689922480620172,False,False,False
HDFCBANK,EQ,2023-03-02,1598.05,1594.0,1605.95,1582.0,1583.9,1584.45,1591.8,8695907,13842164334.75,145929,2665184,30.65,-0.0085103720158943,2.0,797.0,802.975,791.0,792.225,791.95,795.9,799.025,-0.00851037201589433,False,False,False
HDFCBANK,EQ,2023-03-03,1584.45,1596.0,1620.0,1588.0,1615.25,1615.9,1610.57,7493117,12068176740.3,147003,2799132,37.36,0.0198491590141689,2.0,798.0,810.0,794.0,807.95,807.625,805.285,792.225,0.01984915901416895,False,False,False
HDFCBANK,EQ,2023-03-06,1615.9,1620.0,1639.45,1618.05,1628.35,1627.3,1631.52,13502355,22029357861.45,170565,4025512,29.81,0.0070548920106441,2.0,810.0,819.725,809.025,813.65,814.175,815.76,807.95,0.0070548920106441315,False,False,False
HDFCBANK,EQ,2023-03-08,1627.3,1620.0,1639.5,1620.0,1630.0,1630.55,1628.76,10049887,16368828094.5,169090,3031735,30.17,0.0019971732317336,2.0,810.0,819.75,810.0,815.275,815.0,814.38,813.65,0.001997173231733651,False,False,False
HDFCBANK,EQ,2023-03-09,1630.55,1629.95,1645.95,1627.0,1630.0,1630.7,1636.24,10350083,16935218497.4,138340,3412703,32.97,9.199349912614174e-05,2.0,814.975,822.975,813.5,815.35,815.0,818.12,815.275,9.199349912614174e-05,False,False,False
HDFCBANK,EQ,2023-03-10,1630.7,1610.45,1613.75,1585.0,1588.1,1588.65,1594.45,13693500,21833568464.5,216265,3755232,27.42,-0.0257864720672104,2.0,805.225,806.875,792.5,794.325,794.05,797.225,815.35,-0.02578647206721041,False,False,False
HDFCBANK,EQ,2023-03-13,1588.65,1587.9,1603.8,1564.95,1571.5,1568.55,1584.5,13221775,20949879575.0,164259,2648118,20.03,-0.0126522519120008,2.0,793.95,801.9,782.475,784.275,785.75,792.25,794.325,-0.012652251912000811,False,False,False
HDFCBANK,EQ,2023-03-14,1568.55,1570.25,1583.6,1559.3,1568.0,1564.35,1570.59,16592806,26060511633.95,193032,3328303,20.06,-0.0026776322080902,2.0,785.125,791.8,779.65,782.175,784.0,785.295,784.275,-0.0026776322080902526,False,False,False
HDFCBANK,EQ,2023-03-15,1564.35,1578.0,1582.9,1536.6,1542.95,1541.9,1559.54,18632377,29058023463.95,209694,6834871,36.68,-0.014351008406047,2.0,789.0,791.45,768.3,770.95,771.475,779.77,782.175,-0.014351008406047083,False,False,False
HDFCBANK,EQ,2023-03-16,1541.9,1539.0,1559.1,1532.05,1552.1,1551.9,1547.23,10876671,16828724100.65,225162,4621863,42.49,0.0064855048965561,2.0,769.5,779.55,766.025,775.95,776.05,773.615,770.95,0.0064855048965561934,False,False,False
HDFCBANK,EQ,2023-03-17,1551.9,1557.5,1579.2,1540.0,1578.65,1572.65,1555.94,11475438,17855050758.6,177856,5656689,49.29,0.0133707068754429,2.0,778.75,789.6,770.0,786.325,789.325,777.97,775.95,0.01337070687544295,False,False,False
HDFCBANK,EQ,2023-03-20,1572.65,1567.95,1568.1,1545.4,1563.0,1561.75,1554.24,13251557,20596124335.4,194499,3255441,24.57,-0.0069309763774521,2.0,783.975,784.05,772.7,780.875,781.5,777.12,786.325,-0.006930976377452103,False,False,False
HDFCBANK,EQ,2023-03-21,1561.75,1571.95,1582.5,1556.2,1577.3,1579.45,1566.2,16525247,25881767757.5,166646,2246766,13.6,0.0113334400512246,2.0,785.975,791.25,778.1,789.725,788.65,783.1,780.875,0.011333440051224608,False,False,False
HDFCBANK,EQ,2023-03-22,1579.45,1584.0,1586.05,1565.3,1573.7,1575.8,1573.31,7088662,11152657442.95,139019,2151120,30.35,-0.0023109310202918,2.0,792.0,793.025,782.65,787.9,786.85,786.655,789.725,-0.0023109310202918953,False,False,False
HDFCBANK,EQ,2023-03-23,1575.8,1567.75,1590.35,1558.55,1561.0,1563.15,1576.46,14182089,22357556930.9,171995,2216559,15.63,-0.0080276684858483,2.0,783.875,795.175,779.275,781.575,780.5,788.23,787.9,-0.00802766848584835,False,False,False
HDFCBANK,EQ,2023-03-24,1563.15,1560.0,1573.9,1554.95,1559.65,1560.65,1565.66,15738874,24641790955.35,171286,2565670,16.3,-0.0015993346767744,2.0,780.0,786.95,777.475,780.325,779.825,782.83,781.575,-0.001599334676774422,False,False,False
HDFCBANK,EQ,2023-03-27,1560.65,1562.2,1579.45,1558.9,1560.7,1567.45,1569.43,15936003,25010512320.0,171004,2209533,13.87,0.0043571588761093,2.0,781.1,789.725,779.45,783.725,780.35,784.715,780.325,0.004357158876109324,False,False,False
HDFCBANK,EQ,2023-03-28,1567.45,1565.7,1582.9,1564.1,1581.6,1580.2,1574.78,19638151,30925814365.9,195952,4346740,22.13,0.0081342307569618,2.0,782.85,791.45,782.05,790.1,790.8,787.39,783.725,0.008134230756961847,False,False,False
HDFCBANK,EQ,2023-03-29,1580.2,1584.0,1602.0,1581.9,1593.0,1587.8,1591.4,19881806,31639848468.25,208681,4771362,24.0,0.0048095177825591,2.0,792.0,801.0,790.95,793.9,796.5,795.7,790.1,0.004809517782559114,False,False,False
HDFCBANK,EQ,2023-03-31,1587.8,1595.6,1612.95,1592.4,1609.0,1609.55,1601.95,17355614,27802879066.75,213559,4927372,28.39,0.0136981987655875,2.0,797.8,806.475,796.2,804.775,804.5,800.975,793.9,0.013698198765587533,False,False,False
HDFCBANK,EQ,2023-04-03,1609.55,1607.55,1615.7,1602.75,1609.9,1610.55,1608.28,20012699,32185970936.5,165016,2356666,11.78,0.0006212916653722,2.0,803.775,807.85,801.375,805.275,804.95,804.14,804.775,0.0006212916653722811,False,False,False
HDFCBANK,EQ,2023-04-05,1610.55,1618.6,1656.0,1616.0,1654.0,1653.75,1647.03,21682696,35712051912.4,285701,5985667,27.61,0.0268231349538978,2.0,809.3,828.0,808.0,826.875,827.0,823.515,805.275,0.026823134953897876,False,False,False
HDFCBANK,EQ,2023-04-06,1653.75,1648.55,1669.2,1647.1,1666.0,1666.35,1659.15,22318672,37029976857.6,233336,4416527,19.79,0.0076190476190476,2.0,824.275,834.6,823.55,833.175,833.0,829.575,826.875,0.007619047619047636,False,False,False
HDFCBANK,EQ,2023-04-10,1666.35,1663.25,1671.0,1654.0,1655.15,1658.45,1662.14,15906643,26439042028.15,138726,1735856,10.91,-0.0047409007711464,2.0,831.625,835.5,827.0,829.225,827.575,831.07,833.175,-0.004740900771146417,False,False,False
HDFCBANK,EQ,2023-04-11,1658.45,1659.0,1669.4,1651.1,1664.95,1663.3,1662.57,21180771,35214468680.05,200423,6403988,30.23,0.0029244173776719,2.0,829.5,834.7,825.55,831.65,832.475,831.285,829.225,0.0029244173776719062,False,False,False
HDFCBANK,EQ,2023-04-12,1663.3,1668.0,1688.2,1667.8,1685.0,1684.9,1679.14,13477752,22630971070.95,183654,3749528,27.82,0.0129862321890219,2.0,834.0,844.1,833.9,842.45,842.5,839.57,831.65,0.012986232189021951,False,False,False
HDFCBANK,EQ,2023-04-13,1684.9,1688.3,1697.05,1678.15,1695.0,1692.45,1686.7,17665043,29795708472.95,177271,2563024,14.51,0.0044809780995904,2.0,844.15,848.525,839.075,846.225,847.5,843.35,842.45,0.004480978099590471,False,False,False
HDFCBANK,EQ,2023-04-17,1692.45,1720.0,1720.0,1653.3,1665.05,1666.65,1669.13,16202574,27044165347.35,242646,5576536,34.42,-0.0152441726491181,2.0,860.0,860.0,826.65,833.325,832.525,834.565,846.225,-0.015244172649118148,False,False,False
HDFCBANK,EQ,2023-04-18,1666.65,1670.0,1677.25,1656.4,1660.35,1659.6,1666.9,14818613,24701210477.55,198013,4753066,32.07,-0.0042300423004231,2.0,835.0,838.625,828.2,829.8,830.175,833.45,833.325,-0.00423004230042312,False,False,False
HDFCBANK,EQ,2023-04-19,1659.6,1665.0,1670.3,1657.15,1668.7,1665.7,1664.28,12370584,20588090646.2,142796,1894807,15.32,0.0036755844781874,2.0,832.5,835.15,828.575,832.85,834.35,832.14,829.8,0.003675584478187499,False,False,False
HDFCBANK,EQ,2023-04-20,1665.7,1671.7,1677.45,1666.4,1673.0,1671.9,1671.1,16461358,27508541645.25,171106,4249514,25.82,0.0037221588521343,2.0,835.85,838.725,833.2,835.95,836.5,835.55,832.85,0.0037221588521343385,False,False,False
HDFCBANK,EQ,2023-04-21,1671.9,1669.0,1676.95,1663.25,1672.0,1674.6,1670.1,10064309,16808390125.1,159632,3768485,37.44,0.0016149291225551,2.0,834.5,838.475,831.625,837.3,836.0,835.05,835.95,0.0016149291225551199,False,False,False
HDFCBANK,EQ,2023-04-24,1674.6,1687.0,1691.45,1674.1,1689.5,1688.15,1681.2,17837926,29989117787.95,181877,6644555,37.25,0.0080914845336201,2.0,843.5,845.725,837.05,844.075,844.75,840.6,837.3,0.008091484533620186,False,False,False
HDFCBANK,EQ,2023-04-25,1688.15,1687.7,1687.7,1661.9,1663.6,1664.15,1671.96,25176534,42094115747.5,230940,7869001,31.26,-0.0142167461422266,2.0,843.85,843.85,830.95,832.075,831.8,835.98,844.075,-0.014216746142226677,False,False,False
HDFCBANK,EQ,2023-04-26,1664.15,1660.0,1675.0,1655.0,1675.0,1671.8,1666.08,13696375,22819300576.9,184866,4028705,29.41,0.0045969413814859,2.0,830.0,837.5,827.5,835.9,837.5,833.04,832.075,0.0045969413814859195,False,False,False
HDFCBANK,EQ,2023-04-27,1671.8,1670.5,1685.25,1665.85,1680.0,1681.0,1673.65,23895196,39992303899.7,258905,4254912,17.81,0.0055030506041393,2.0,835.25,842.625,832.925,840.5,840.0,836.825,835.9,0.005503050604139359,False,False,False
HDFCBANK,EQ,2023-04-28,1681.0,1684.7,1691.0,1670.0,1687.15,1687.6,1678.51,13958136,23428939295.55,182365,3410418,24.43,0.0039262343842949,2.0,842.35,845.5,835.0,843.8,843.575,839.255,840.5,0.003926234384294958,False,False,False
HDFCBANK,EQ,2023-05-02,1687.6,1688.7,1699.0,1682.0,1682.9,1687.25,1692.45,16110592,27266377374.55,185905,3444446,21.38,-0.0002073951173263,2.0,844.35,849.5,841.0,843.625,841.45,846.225,843.8,-0.00020739511732636995,False,False,False
HDFCBANK,EQ,2023-05-03,1687.25,1684.95,1696.0,1679.65,1693.95,1693.15,1687.29,14703635,24809269719.05,176478,2987497,20.32,0.0034968143428657,2.0,842.475,848.0,839.825,846.575,846.975,843.645,843.625,0.0034968143428657505,False,False,False
HDFCBANK,EQ,2023-05-04,1693.15,1687.1,1734.45,1687.1,1729.0,1727.8,1712.72,28427319,48687968070.25,255713,6563905,23.09,0.0204648141038892,2.0,843.55,867.225,843.55,863.9,864.5,856.36,846.575,0.02046481410388923,False,False,False
HDFCBANK,EQ,2023-05-05,1727.8,1639.0,1660.95,1622.1,1626.95,1625.65,1640.31,31385208,51481396583.7,697018,17089608,54.45,-0.0591214260909827,2.0,819.5,830.475,811.05,812.825,813.475,820.155,863.9,-0.0591214260909827,False,False,False
HDFCBANK,EQ,2023-05-08,1625.65,1635.0,1650.35,1630.0,1646.75,1644.45,1645.52,18622262,30643251208.65,240839,4862261,26.11,0.0115646049272597,2.0,817.5,825.175,815.0,822.225,823.375,822.76,812.825,0.011564604927259747,False,False,False
HDFCBANK,EQ,2023-05-09,1644.45,1649.9,1656.0,1639.95,1642.75,1644.5,1649.29,21844469,36027943472.75,270463,5728006,26.22,3.0405302684721747e-05,2.0,824.95,828.0,819.975,822.25,821.375,824.645,822.225,3.0405302684721747e-05,False,False,False
HDFCBANK,EQ,2023-05-10,1644.5,1644.5,1654.65,1633.1,1652.3,1652.1,1644.49,23170275,38103310084.95,228151,5086170,21.95,0.0046214654910305,2.0,822.25,827.325,816.55,826.05,826.15,822.245,822.25,0.004621465491030596,False,False,False
HDFCBANK,EQ,2023-05-11,1652.1,1665.15,1688.0,1649.25,1655.0,1653.2,1656.04,17867309,29588945347.95,219658,3988602,22.32,0.0006658192603354,2.0,832.575,844.0,824.625,826.6,827.5,828.02,826.05,0.0006658192603354873,False,False,False
HDFCBANK,EQ,2023-05-12,1653.2,1647.0,1672.8,1644.25,1667.95,1667.8,1662.68,11239380,18687507675.25,200542,3011860,26.8,0.0088313573675296,2.0,823.5,836.4,822.125,833.9,833.975,831.34,826.6,0.008831357367529602,False,False,False
HDFCBANK,EQ,2023-05-15,1667.8,1672.0,1680.75,1665.1,1677.0,1675.8,1676.61,9256130,15518920431.5,204219,3246381,35.07,0.0047967382180118,2.0,836.0,840.375,832.55,837.9,838.5,838.305,833.9,0.004796738218011853,False,False,False
HDFCBANK,EQ,2023-05-16,1675.8,1671.8,1671.8,1644.0,1646.0,1647.3,1654.31,16361043,27066315642.35,236552,4693548,28.69,-0.0170068027210884,2.0,835.9,835.9,822.0,823.65,823.0,827.155,837.9,-0.017006802721088454,False,False,False
HDFCBANK,EQ,2023-05-17,1647.3,1650.0,1650.0,1625.35,1640.85,1638.45,1638.82,15233434,24964917751.7,224112,3209871,21.07,-0.0053724276088144,2.0,825.0,825.0,812.675,819.225,820.425,819.41,823.65,-0.005372427608814401,False,False,False
HDFCBANK,EQ,2023-05-18,1638.45,1648.0,1653.95,1640.0,1644.5,1645.0,1646.05,24823471,40860559448.95,278185,4876002,19.64,0.0039976807348407,2.0,824.0,826.975,820.0,822.5,822.25,823.025,819.225,0.003997680734840747,False,False,False
HDFCBANK,EQ,2023-05-19,1645.0,1648.0,1650.0,1631.55,1646.5,1646.9,1641.5,15230166,25000335648.35,197258,3531945,23.19,0.0011550151975685,2.0,824.0,825.0,815.775,823.45,823.25,820.75,822.5,0.001155015197568554,False,False,False
HDFCBANK,EQ,2023-05-22,1646.9,1645.0,1652.9,1632.7,1638.45,1641.05,1641.7,14167016,23257923466.55,204936,2896707,20.45,-0.0035521282409376,2.0,822.5,826.45,816.35,820.525,819.225,820.85,823.45,-0.0035521282409376465,False,False,False
HDFCBANK,EQ,2023-05-23,1641.05,1649.0,1649.6,1633.45,1634.05,1637.2,1641.32,11235037,18440300706.25,198675,2142827,19.07,-0.0023460589256877,2.0,824.5,824.8,816.725,818.6,817.025,820.66,820.525,-0.002346058925687733,False,False,False
HDFCBANK,EQ,2023-05-24,1637.2,1627.55,1634.75,1613.6,1615.0,1615.8,1624.67,16794056,27284871539.45,298545,5875912,34.99,-0.0130710969948693,2.0,813.775,817.375,806.8,807.9,807.5,812.335,818.6,-0.013071096994869302,False,False,False
HDFCBANK,EQ,2023-05-25,1615.8,1615.7,1620.05,1597.35,1613.35,1609.6,1606.52,14888465,23918572885.9,318672,4945842,33.22,-0.0038371085530387,2.0,807.85,810.025,798.675,804.8,806.675,803.26,807.9,-0.0038371085530387594,False,False,False
HDFCBANK,EQ,2023-05-26,1609.6,1619.0,1619.0,1602.25,1617.0,1615.8,1611.17,13317533,21456849112.15,247378,5658462,42.49,0.0038518886679921,2.0,809.5,809.5,801.125,807.9,808.5,805.585,804.8,0.0038518886679921316,False,False,False
HDFCBANK,EQ,2023-05-29,1615.8,1628.5,1641.0,1624.85,1630.0,1635.5,1636.2,10908146,17847915681.45,207071,3151605,28.89,0.0121921029830425,2.0,814.25,820.5,812.425,817.75,815.0,818.1,807.9,0.012192102983042519,False,False,False
HDFCBANK,EQ,2023-05-30,1635.5,1633.6,1642.65,1628.55,1640.8,1636.75,1633.96,18562964,30331162063.85,264829,3453800,18.61,0.0007642922653623,2.0,816.8,821.325,814.275,818.375,820.4,816.98,817.75,0.000764292265362343,False,False,False
HDFCBANK,EQ,2023-05-31,1636.75,1629.9,1634.95,1604.65,1611.2,1610.85,1613.25,21667135,34954511959.6,291055,6642898,30.66,-0.0158240415457462,2.0,814.95,817.475,802.325,805.425,805.6,806.625,818.375,-0.015824041545746237,False,False,False
HDFCBANK,EQ,2023-06-01,1610.85,1619.9,1619.9,1600.0,1601.0,1604.0,1612.23,25183469,40601423757.55,282772,5495345,21.82,-0.004252413322159,2.0,809.95,809.95,800.0,802.0,800.5,806.115,805.425,-0.004252413322159088,False,False,False
HDFCBANK,EQ,2023-06-02,1604.0,1612.45,1614.8,1601.0,1605.5,1606.5,1607.62,8929855,14355801663.75,316938,3288557,36.83,0.0015586034912717,2.0,806.225,807.4,800.5,803.25,802.75,803.81,802.0,0.0015586034912717928,False,False,False
HDFCBANK,EQ,2023-06-05,1606.5,1614.5,1616.5,1602.45,1604.05,1604.4,1610.46,9348621,15055621088.8,153663,2890771,30.92,-0.0013071895424836,2.0,807.25,808.25,801.225,802.2,802.025,805.23,803.25,-0.0013071895424836555,False,False,False
HDFCBANK,EQ,2023-06-06,1604.4,1607.65,1609.85,1592.25,1605.0,1599.4,1598.09,16091426,25715616381.45,233706,5098265,31.68,-0.0031164298180005,2.0,803.825,804.925,796.125,799.7,802.5,799.045,802.2,-0.0031164298180005323,False,False,False
HDFCBANK,EQ,2023-06-07,1599.4,1603.45,1612.55,1596.0,1611.5,1607.7,1602.11,12474513,19985540209.25,176230,3934644,31.54,0.0051894460422658,2.0,801.725,806.275,798.0,803.85,805.75,801.055,799.7,0.0051894460422658995,False,False,False
HDFCBANK,EQ,2023-06-08,1607.7,1603.25,1626.0,1603.25,1608.35,1608.7,1617.05,18697761,30235256021.3,268888,5330369,28.51,0.0006220065932698,2.0,801.625,813.0,801.625,804.35,804.175,808.525,803.85,0.0006220065932698304,False,False,False
HDFCBANK,EQ,2023-06-09,1608.7,1615.9,1618.5,1607.0,1609.5,1610.6,1613.79,9106289,14695639541.25,185235,2948383,32.38,0.0011810778889786,2.0,807.95,809.25,803.5,805.3,804.75,806.895,804.35,0.0011810778889786988,False,False,False
HDFCBANK,EQ,2023-06-12,1610.6,1612.55,1615.8,1599.45,1600.9,1600.8,1604.34,6704146,10755748258.6,156138,3188691,47.56,-0.0060846889358002,2.0,806.275,807.9,799.725,800.4,800.45,802.17,805.3,-0.006084688935800275,False,False,False
HDFCBANK,EQ,2023-06-13,1600.8,1590.1,1609.0,1590.1,1607.95,1603.5,1602.57,13963054,22376805987.05,184386,6179907,44.26,0.0016866566716642,2.0,795.05,804.5,795.05,801.75,803.975,801.285,800.4,0.0016866566716642328,False,False,False
HDFCBANK,EQ,2023-06-14,1603.5,1610.45,1612.0,1600.2,1601.75,1601.75,1606.76,10056984,16159116681.25,174004,4418111,43.93,-0.0010913626442158,2.0,805.225,806.0,800.1,800.875,800.875,803.38,801.75,-0.001091362644215832,False,False,False
HDFCBANK,EQ,2023-06-15,1601.75,1604.0,1605.95,1579.0,1580.55,1582.05,1590.41,17688738,28132406376.2,271848,5965872,33.73,-0.0122990479163415,2.0,802.0,802.975,789.5,791.025,790.275,795.205,800.875,-0.01229904791634151,False,False,False
HDFCBANK,EQ,2023-06-16,1582.05,1587.15,1609.2,1584.0,1602.5,1602.75,1598.25,7889636,12609594950.0,181546,4248458,53.85,0.0130842893713851,2.0,793.575,804.6,792.0,801.375,801.25,799.125,791.025,0.013084289371385172,False,False,False
HDFCBANK,EQ,2023-06-19,1602.75,1611.0,1614.25,1598.35,1604.9,1604.15,1606.0,12414573,19937759557.1,162051,4383742,35.31,0.0008734986741538,2.0,805.5,807.125,799.175,802.075,802.45,803.0,801.375,0.0008734986741538719,False,False,False
HDFCBANK,EQ,2023-06-20,1604.15,1604.15,1611.0,1590.65,1609.4,1607.5,1599.68,10002813,16001291895.2,287119,4273291,42.72,0.0020883333852819,2.0,802.075,805.5,795.325,803.75,804.7,799.84,802.075,0.0020883333852819153,False,False,False
HDFCBANK,EQ,2023-06-21,1607.5,1616.0,1637.25,1611.0,1635.55,1635.6,1628.22,12154473,19790144100.5,276058,5696387,46.87,0.0174805598755831,2.0,808.0,818.625,805.5,817.8,817.775,814.11,803.75,0.017480559875583168,False,False,False
HDFCBANK,EQ,2023-06-22,1635.6,1640.0,1657.55,1639.05,1644.8,1643.6,1646.7,28298070,46598524688.1,367511,10015810,35.39,0.0048911714355588,2.0,820.0,828.775,819.525,821.8,822.4,823.35,817.8,0.004891171435558839,False,False,False
HDFCBANK,EQ,2023-06-23,1643.6,1637.55,1659.9,1634.05,1642.9,1643.5,1649.49,10669609,17599409604.4,248242,4758035,44.59,-6.084205402767662e-05,2.0,818.775,829.95,817.025,821.75,821.45,824.745,821.8,-6.084205402767662e-05,False,False,False
HDFCBANK,EQ,2023-06-26,1643.5,1645.0,1650.75,1628.7,1635.7,1635.55,1637.33,8065157,13205320442.4,199872,4328332,53.67,-0.0048372376026772,2.0,822.5,825.375,814.35,817.775,817.85,818.665,821.75,-0.004837237602677291,False,False,False
HDFCBANK,EQ,2023-06-27,1635.55,1642.95,1672.9,1638.55,1658.25,1658.6,1654.06,16915932,27979920820.4,314003,8517518,50.35,0.014093118522821,2.0,821.475,836.45,819.275,829.3,829.125,827.03,817.775,0.014093118522821024,False,False,False
HDFCBANK,EQ,2023-06-28,1658.6,1670.0,1679.9,1660.5,1673.1,1676.15,1673.3,29781475,49833244547.95,439006,16887785,56.71,0.010581213071265,2.0,835.0,839.95,830.25,838.075,836.55,836.65,829.3,0.010581213071265028,False,False,False
HDFCBANK,EQ,2023-06-30,1676.15,1704.0,1708.8,1683.25,1700.75,1701.4,1698.7,20349508,34567675938.75,326058,14789780,72.68,0.0150642842227723,2.0,852.0,854.4,841.625,850.7,850.375,849.35,838.075,0.015064284222772395,False,False,False
HDFCBANK,EQ,2023-07-03,1701.4,1712.5,1757.5,1710.0,1721.0,1719.8,1733.31,22052058,38223161666.5,540520,11512012,52.2,0.0108146232514398,2.0,856.25,878.75,855.0,859.9,860.5,866.655,850.7,0.010814623251439892,False,False,False
HDFCBANK,EQ,2023-07-04,1719.8,1723.45,1747.0,1713.8,1725.0,1728.2,1731.04,19397594,33577954092.4,379487,7795269,40.19,0.0048842888707989,2.0,861.725,873.5,856.9,864.1,862.5,865.52,859.9,0.004884288870798947,False,False,False
HDFCBANK,EQ,2023-07-05,1728.2,1716.25,1720.0,1668.55,1676.6,1673.3,1681.63,18582877,31249528816.15,477385,9431298,50.75,-0.0317671565790996,2.0,858.125,860.0,834.275,836.65,838.3,840.815,864.1,-0.031767156579099676,False,False,False
HDFCBANK,EQ,2023-07-06,1673.3,1673.0,1687.85,1660.4,1674.8,1675.0,1674.63,26078272,43671547685.5,377109,7930745,30.41,0.0010159564931573,2.0,836.5,843.925,830.2,837.5,837.4,837.315,836.65,0.0010159564931573328,False,False,False
HDFCBANK,EQ,2023-07-07,1675.0,1665.0,1675.0,1656.3,1659.9,1660.4,1663.54,9963168,16574155973.95,320533,3863511,38.78,-0.0087164179104477,2.0,832.5,837.5,828.15,830.2,829.95,831.77,837.5,-0.008716417910447749,False,False,False
HDFCBANK,EQ,2023-07-10,1660.4,1661.0,1676.75,1649.7,1658.0,1656.45,1659.09,19199221,31853162737.15,317755,3919467,20.41,-0.0023789448325705,2.0,830.5,838.375,824.85,828.225,829.0,829.545,830.2,-0.0023789448325705065,False,False,False
HDFCBANK,EQ,2023-07-11,1656.45,1663.0,1676.0,1645.5,1650.0,1648.4,1664.9,25335213,42180475745.65,379237,7417565,29.28,-0.0048597905158621,2.0,831.5,838.0,822.75,824.2,825.0,832.45,828.225,-0.004859790515862161,False,False,False
HDFCBANK,EQ,2023-07-12,1648.4,1655.35,1666.3,1627.15,1636.0,1632.95,1643.87,35479179,58323200837.3,498866,20020165,56.43,-0.0093727250667313,2.0,827.675,833.15,813.575,816.475,818.0,821.935,824.2,-0.009372725066731369,False,False,False
HDFCBANK,EQ,2023-07-13,1632.95,1656.7,1657.45,1638.05,1644.55,1641.1,1648.62,20956773,34549848532.65,432632,5498771,26.24,0.0049909672678281,2.0,828.35,828.725,819.025,820.55,822.275,824.31,816.475,0.004990967267828106,False,False,False
HDFCBANK,EQ,2023-07-14,1641.1,1653.6,1653.6,1635.0,1645.6,1644.5,1642.71,12363607,20309876686.3,462491,6276284,50.76,0.002071781122418,2.0,826.8,826.8,817.5,822.25,822.8,821.355,820.55,0.002071781122418015,False,False,False
HDFCBANK,EQ,2023-07-17,1644.5,1650.0,1682.0,1633.0,1678.35,1678.9,1660.51,24626464,40892507962.1,435163,9984310,40.54,0.0209182122225601,2.0,825.0,841.0,816.5,839.45,839.175,830.255,822.25,0.020918212222560184,False,False,False
HDFCBANK,EQ,2023-07-18,1678.9,1698.0,1704.0,1670.0,1678.0,1677.5,1683.83,40538409,68259872564.3,704526,16599436,40.95,-0.000833879325749,2.0,849.0,852.0,835.0,838.75,839.0,841.915,839.45,-0.0008338793257490762,False,False,False
HDFCBANK,EQ,2023-07-19,1677.5,1681.1,1688.75,1675.0,1684.75,1685.1,1682.45,16467567,27705915264.2,427479,6304659,38.29,0.0045305514157971,2.0,840.55,844.375,837.5,842.55,842.375,841.225,838.75,0.004530551415797168,False,False,False
HDFCBANK,EQ,2023-07-20,1685.1,1681.15,1692.0,1680.0,1688.9,1688.75,1686.08,28105474,47388096303.3,433278,13178804,46.89,0.0021660435582457,2.0,840.575,846.0,840.0,844.375,844.45,843.04,842.55,0.0021660435582457893,False,False,False
HDFCBANK,EQ,2023-07-21,1688.75,1680.0,1689.8,1673.25,1677.75,1675.75,1680.8,21077124,35426465573.7,337174,11344016,53.82,-0.0076980014803849,2.0,840.0,844.9,836.625,837.875,838.875,840.4,844.375,-0.007698001480384908,False,False,False
HDFCBANK,EQ,2023-07-24,1675.75,1678.5,1684.65,1670.1,1679.5,1678.4,1677.75,16089722,26994570123.7,296190,9094607,56.52,0.0015813814709833,2.0,839.25,842.325,835.05,839.2,839.75,838.875,837.875,0.0015813814709833007,False,False,False
HDFCBANK,EQ,2023-07-25,1678.4,1684.65,1699.0,1678.4,1694.55,1696.6,1692.19,27996298,47375021905.75,534396,10139007,36.22,0.0108436606291706,2.0,842.325,849.5,839.2,848.3,847.275,846.095,839.2,0.010843660629170637,False,False,False
HDFCBANK,EQ,2023-07-26,1696.6,1699.6,1699.6,1688.0,1689.3,1690.7,1692.97,12397179,20988022760.35,251108,5793581,46.73,-0.0034775433219379,2.0,849.8,849.8,844.0,845.35,844.65,846.485,848.3,-0.003477543321937948,False,False,False
HDFCBANK,EQ,2023-07-27,1690.7,1699.9,1703.0,1667.45,1676.95,1673.15,1681.08,29870651,50214860523.75,506283,14226217,47.63,-0.0103803158455078,2.0,849.95,851.5,833.725,836.575,838.475,840.54,845.35,-0.010380315845507804,False,False,False
HDFCBANK,EQ,2023-07-28,1673.15,1661.5,1668.9,1641.1,1642.9,1643.5,1649.58,20507842,33829321793.55,422378,13510158,65.88,-0.0177210650569286,2.0,830.75,834.45,820.55,821.75,821.45,824.79,836.575,-0.01772106505692861,False,False,False
HDFCBANK,EQ,2023-07-31,1643.5,1650.05,1656.8,1638.7,1650.0,1651.2,1649.01,17282503,28499054865.3,434555,9457401,54.72,0.0046851232126559,2.0,825.025,828.4,819.35,825.6,825.0,824.505,821.75,0.004685123212655906,False,False,False
HDFCBANK,EQ,2023-08-01,1651.2,1654.45,1667.45,1650.0,1660.0,1662.25,1659.39,17697094,29366453399.3,385496,5758362,32.54,0.0066921027131783,2.0,827.225,833.725,825.0,831.125,830.0,829.695,825.6,0.006692102713178327,False,False,False
HDFCBANK,EQ,2023-08-02,1662.25,1642.0,1651.5,1633.15,1641.9,1640.5,1644.34,14058161,23116346478.45,380609,6588171,46.86,-0.0130846743871259,2.0,821.0,825.75,816.575,820.25,820.95,822.17,831.125,-0.013084674387125905,False,False,False
HDFCBANK,EQ,2023-08-03,1640.5,1640.0,1651.35,1623.0,1632.6,1628.65,1633.08,28836973,47093113412.85,439722,9606761,33.31,-0.0072234074977141,2.0,820.0,825.675,811.5,814.325,816.3,816.54,820.25,-0.007223407497714107,False,False,False
HDFCBANK,EQ,2023-08-04,1628.65,1635.15,1656.5,1629.25,1652.85,1652.2,1641.73,18694152,30690712012.15,310206,5785079,30.95,0.0144598286924753,2.0,817.575,828.25,814.625,826.1,826.425,820.865,814.325,0.014459828692475307,False,False,False
HDFCBANK,EQ,2023-08-07,1652.2,1663.1,1663.1,1647.55,1651.0,1651.25,1653.09,14150459,23391943678.55,256889,5647029,39.91,-0.000574990921196,2.0,831.55,831.55,823.775,825.625,825.5,826.545,826.1,-0.0005749909211960613,False,False,False
HDFCBANK,EQ,2023-08-08,1651.25,1651.7,1655.6,1642.05,1649.0,1649.9,1650.13,21886914,36116274511.3,300979,7401918,33.82,-0.0008175624526872,2.0,825.85,827.8,821.025,824.95,824.5,825.065,825.625,-0.0008175624526872705,False,False,False
HDFCBANK,EQ,2023-08-09,1649.9,1653.0,1654.5,1631.1,1652.7,1650.5,1640.24,16680618,27360230365.0,228397,5546894,33.25,0.0003636584035395,2.0,826.5,827.25,815.55,825.25,826.35,820.12,824.95,0.00036365840353957957,False,False,False
HDFCBANK,EQ,2023-08-10,1650.5,1647.05,1654.25,1631.0,1638.0,1635.85,1638.99,25390559,41614959546.45,332263,6835898,26.92,-0.0088760981520751,2.0,823.525,827.125,815.5,817.925,819.0,819.495,825.25,-0.00887609815207513,False,False,False
HDFCBANK,EQ,2023-08-11,1635.85,1638.4,1638.4,1616.2,1620.9,1618.8,1625.76,14112911,22944247784.1,271050,5968867,42.29,-0.0104227160191948,2.0,819.2,819.2,808.1,809.4,810.45,812.88,817.925,-0.010422716019194866,False,False,False
HDFCBANK,EQ,2023-08-14,1618.8,1611.0,1615.0,1600.25,1608.5,1610.9,1608.96,15652205,25183794816.5,349385,6296942,40.23,-0.0048801581418334,2.0,805.5,807.5,800.125,805.45,804.25,804.48,809.4,-0.004880158141833402,False,False,False
HDFCBANK,EQ,2023-08-16,1610.9,1583.1,1609.65,1581.3,1604.35,1606.2,1596.67,17068771,27253151750.9,300850,7482636,43.84,-0.0029176236886212,2.0,791.55,804.825,790.65,803.1,802.175,798.335,805.45,-0.0029176236886212514,False,False,False
HDFCBANK,EQ,2023-08-17,1606.2,1597.6,1609.9,1594.0,1595.0,1597.3,1600.21,26442020,42312860300.1,400922,9405436,35.57,-0.0055410285145063,2.0,798.8,804.95,797.0,798.65,797.5,800.105,803.1,-0.00554102851450633,False,False,False
HDFCBANK,EQ,2023-08-18,1597.3,1587.55,1596.3,1585.5,1588.7,1590.75,1590.59,12816683,20386133002.3,282239,5830172,45.49,-0.0041006698804232,2.0,793.775,798.15,792.75,795.375,794.35,795.295,798.65,-0.0041006698804232355,False,False,False
HDFCBANK,EQ,2023-08-21,1590.75,1600.5,1600.5,1587.0,1587.8,1589.5,1593.07,10918635,17394109160.45,241780,4967663,45.5,-0.0007857928650008,2.0,800.25,800.25,793.5,794.75,793.9,796.535,795.375,-0.0007857928650008006,False,False,False
HDFCBANK,EQ,2023-08-22,1589.5,1596.35,1598.0,1580.0,1581.45,1582.7,1588.09,16136785,25626713594.35,420291,6803467,42.16,-0.0042780748663101,2.0,798.175,799.0,790.0,791.35,790.725,794.045,794.75,-0.004278074866310155,False,False,False
HDFCBANK,EQ,2023-08-23,1582.7,1580.0,1590.55,1573.25,1588.5,1586.6,1581.99,18249294,28870123207.45,329674,10307529,56.48,0.0024641435521575,2.0,790.0,795.275,786.625,793.3,794.25,790.995,791.35,0.002464143552157516,False,False,False
HDFCBANK,EQ,2023-08-24,1586.6,1593.3,1596.2,1576.15,1579.6,1579.3,1583.6,21572896,34162775004.65,397769,7352169,34.08,-0.0046010336568763,2.0,796.65,798.1,788.075,789.65,789.8,791.8,793.3,-0.004601033656876363,False,False,False
HDFCBANK,EQ,2023-08-25,1579.3,1574.55,1577.5,1558.4,1559.2,1561.5,1564.93,15034878,23528489943.8,350735,8764737,58.3,-0.0112708161843854,2.0,787.275,788.75,779.2,780.75,779.6,782.465,789.65,-0.011270816184385413,False,False,False
HDFCBANK,EQ,2023-08-28,1561.5,1561.5,1582.65,1561.5,1578.0,1577.75,1574.43,14433619,22724692200.7,289068,8043360,55.73,0.010406660262568,2.0,780.75,791.325,780.75,788.875,789.0,787.215,780.75,0.01040666026256809,False,False,False
HDFCBANK,EQ,2023-08-29,1577.75,1589.7,1592.65,1581.45,1591.25,1590.3,1588.37,17769466,28224420149.05,341561,9226802,51.93,0.0079543653937568,2.0,794.85,796.325,790.725,795.15,795.625,794.185,788.875,0.007954365393756824,False,False,False
HDFCBANK,EQ,2023-08-30,1590.3,1603.95,1603.95,1573.7,1579.0,1578.7,1589.56,14042102,22320781696.1,297743,7465190,53.16,-0.0072942212161226,2.0,801.975,801.975,786.85,789.35,789.5,794.78,795.15,-0.007294221216122665,False,False,False
HDFCBANK,EQ,2023-08-31,1578.7,1579.0,1583.15,1563.1,1577.0,1571.45,1570.99,50037886,78608931136.2,419748,27344438,54.65,-0.0045923861404953,2.0,789.5,791.575,781.55,785.725,788.5,785.495,789.35,-0.004592386140495397,False,False,False
HDFCBANK,EQ,2023-09-01,1571.45,1571.0,1579.0,1559.35,1573.75,1574.7,1569.33,21613388,33918508405.3,450304,11712682,54.19,0.0020681536160871,2.0,785.5,789.5,779.675,787.35,786.875,784.665,785.725,0.0020681536160871428,False,False,False
HDFCBANK,EQ,2023-09-04,1574.7,1590.0,1591.45,1574.9,1584.5,1584.55,1582.03,12536819,19833666505.3,236702,6878890,54.87,0.0062551597129612,2.0,795.0,795.725,787.45,792.275,792.25,791.015,787.35,0.0062551597129612,False,False,False
HDFCBANK,EQ,2023-09-05,1584.55,1588.4,1588.4,1570.6,1575.0,1574.9,1576.27,19356041,30510314620.1,407651,7319213,37.81,-0.006090057114007,2.0,794.2,794.2,785.3,787.45,787.5,788.135,792.275,-0.006090057114007008,False,False,False
HDFCBANK,EQ,2023-09-06,1574.9,1576.8,1600.0,1574.9,1599.0,1595.5,1588.41,28160455,44730393184.3,394705,10222093,36.3,0.0130801955679724,2.0,788.4,800.0,787.45,797.75,799.5,794.205,787.45,0.013080195567972464,False,False,False
HDFCBANK,EQ,2023-09-07,1595.5,1595.5,1614.0,1587.15,1611.0,1610.85,1601.67,17104171,27395255131.15,282493,6302758,36.85,0.0096208085239735,2.0,797.75,807.0,793.575,805.425,805.5,800.835,797.75,0.009620808523973512,False,False,False
HDFCBANK,EQ,2023-09-08,1610.85,1608.3,1632.9,1607.6,1623.2,1623.4,1619.68,17251105,27941256455.4,263597,7088173,41.09,0.0077909178384083,2.0,804.15,816.45,803.8,811.7,811.6,809.84,805.425,0.007790917838408351,False,False,False
HDFCBANK,EQ,2023-09-11,1623.4,1628.9,1636.5,1624.0,1633.0,1631.8,1631.32,15786511,25752884037.25,290843,11794625,74.71,0.0051743254897129,2.0,814.45,818.25,812.0,815.9,816.5,815.66,811.7,0.005174325489712972,False,False,False
HDFCBANK,EQ,2023-09-12,1631.8,1640.0,1642.9,1625.05,1636.0,1636.9,1635.47,19516670,31918959857.45,310906,8420128,43.14,0.0031253830126241,2.0,820.0,821.45,812.525,818.45,818.0,817.735,815.9,0.0031253830126241056,False,False,False
HDFCBANK,EQ,2023-09-13,1636.9,1631.3,1651.6,1628.6,1641.6,1643.9,1643.76,23210047,38151741645.9,353522,10913856,47.02,0.0042763760767303,2.0,815.65,825.8,814.3,821.95,820.8,821.88,818.45,0.0042763760767303705,False,False,False
HDFCBANK,EQ,2023-09-14,1643.9,1644.25,1650.0,1635.1,1643.0,1642.9,1642.38,11769424,19329882409.25,269108,4594361,39.04,-0.0006083095078776,2.0,822.125,825.0,817.55,821.45,821.5,821.19,821.95,-0.0006083095078776024,False,False,False
HDFCBANK,EQ,2023-09-15,1642.9,1650.0,1670.0,1650.0,1657.0,1661.75,1660.63,86705601,143986131583.85,485971,62176243,71.71,0.0114736137318156,2.0,825.0,835.0,825.0,830.875,828.5,830.315,821.45,0.011473613731815657,False,False,False
HDFCBANK,EQ,2023-09-18,1661.75,1653.75,1655.0,1626.1,1629.65,1629.05,1636.5,18528144,30321224693.3,292658,7632991,41.2,-0.0196780502482323,2.0,826.875,827.5,813.05,814.525,814.825,818.25,830.875,-0.019678050248232326,False,False,False
HDFCBANK,EQ,2023-09-20,1629.05,1599.0,1599.0,1560.4,1566.0,1563.7,1570.63,57737324,90684080075.6,977717,35268822,61.08,-0.0401154046837113,2.0,799.5,799.5,780.2,781.85,783.0,785.315,814.525,-0.04011540468371133,False,False,False
HDFCBANK,EQ,2023-09-21,1563.7,1553.0,1568.95,1537.05,1554.5,1553.35,1555.34,36420721,56646657569.55,614240,20439570,56.12,-0.0066189166719959,2.0,776.5,784.475,768.525,776.675,777.25,777.67,781.85,-0.006618916671995989,False,False,False
HDFCBANK,EQ,2023-09-22,1553.35,1559.0,1564.4,1523.75,1530.2,1529.65,1544.59,30852125,47653955740.5,548206,20433576,66.23,-0.0152573470241734,2.0,779.5,782.2,761.875,764.825,765.1,772.295,776.675,-0.015257347024173473,False,False,False
HDFCBANK,EQ,2023-09-25,1529.65,1525.0,1540.7,1525.0,1528.9,1531.0,1533.28,20104377,30825720275.3,338863,14295701,71.11,0.0008825548328048,2.0,762.5,770.35,762.5,765.5,764.45,766.64,764.825,0.0008825548328048605,False,False,False
HDFCBANK,EQ,2023-09-26,1531.0,1525.0,1540.0,1525.0,1538.0,1537.65,1535.23,13787654,21167197917.55,303026,7908660,57.36,0.0043435662965383,2.0,762.5,770.0,762.5,768.825,769.0,767.615,765.5,0.004343566296538315,False,False,False
HDFCBANK,EQ,2023-09-27,1537.65,1523.0,1532.5,1515.0,1527.45,1526.85,1524.39,19669269,29983598526.15,384553,13595388,69.12,-0.0070237050043899,2.0,761.5,766.25,757.5,763.425,763.725,762.195,768.825,-0.00702370500438998,False,False,False
HDFCBANK,EQ,2023-09-28,1526.85,1534.0,1537.6,1518.35,1518.4,1523.7,1526.61,27677094,42252070128.65,324684,13638761,49.28,-0.0020630710285881,2.0,767.0,768.8,759.175,761.85,759.2,763.305,763.425,-0.0020630710285881593,False,False,False
HDFCBANK,EQ,2023-09-29,1523.7,1523.7,1535.45,1522.3,1525.85,1526.3,1529.2,16026891,24508375856.5,274764,9339695,58.28,0.0017063726455337,2.0,761.85,767.725,761.15,763.15,762.925,764.6,761.85,0.0017063726455337491,False,False,False
HDFCBANK,EQ,2023-10-03,1526.3,1527.0,1527.0,1506.0,1508.0,1508.05,1511.94,19485847,29461459601.05,466405,12869902,66.05,-0.0119570202450369,2.0,763.5,763.5,753.0,754.025,754.0,755.97,763.15,-0.011957020245036976,False,False,False
HDFCBANK,EQ,2023-10-04,1508.05,1495.0,1535.0,1489.25,1532.0,1529.55,1519.36,27324715,41515975722.85,465424,15548264,56.9,0.0142568217234175,2.0,747.5,767.5,744.625,764.775,766.0,759.68,754.025,0.014256821723417579,False,False,False
HDFCBANK,EQ,2023-10-05,1529.55,1535.05,1551.55,1532.6,1535.85,1535.75,1540.76,24256337,37373176644.2,360029,17451398,71.95,0.0040534797816351,2.0,767.525,775.775,766.3,767.875,767.925,770.38,764.775,0.004053479781635172,False,False,False
HDFCBANK,EQ,2023-10-06,1535.75,1544.0,1545.0,1529.85,1535.0,1534.05,1539.1,8879678,13666672813.35,221516,5938403,66.88,-0.0011069510011395,2.0,772.0,772.5,764.925,767.025,767.5,769.55,767.875,-0.0011069510011395556,False,False,False
HDFCBANK,EQ,2023-10-09,1534.05,1528.0,1530.0,1512.0,1516.0,1516.25,1517.69,8227486,12486790439.8,219643,5637607,68.52,-0.0116032723835598,2.0,764.0,765.0,756.0,758.125,758.0,758.845,767.025,-0.011603272383559848,False,False,False
HDFCBANK,EQ,2023-10-10,1516.25,1520.55,1529.0,1515.2,1526.0,1524.85,1523.15,16633146,25334854412.75,375460,10296948,61.91,0.005671887881286,2.0,760.275,764.5,757.6,762.425,763.0,761.575,758.125,0.005671887881286031,False,False,False
HDFCBANK,EQ,2023-10-11,1524.85,1530.1,1542.15,1528.5,1542.0,1539.6,1534.92,15666680,24047140129.1,282864,9531878,60.84,0.0096730825982882,2.0,765.05,771.075,764.25,769.8,771.0,767.46,762.425,0.009673082598288252,False,False,False
HDFCBANK,EQ,2023-10-12,1539.6,1536.1,1552.0,1531.6,1548.0,1549.85,1541.66,11012668,16977844444.8,239200,7092056,64.4,0.0066575733956872,2.0,768.05,776.0,765.8,774.925,774.0,770.83,769.8,0.0066575733956872885,False,False,False
HDFCBANK,EQ,2023-10-13,1549.85,1540.0,1548.8,1529.95,1533.5,1535.75,1539.45,19872650,30592884042.2,256367,13887161,69.88,-0.0090976546117366,2.0,770.0,774.4,764.975,767.875,766.75,769.725,774.925,-0.009097654611736616,False,False,False
HDFCBANK,EQ,2023-10-16,1535.75,1531.5,1534.45,1520.5,1532.0,1529.6,1529.19,8928042,13652681917.0,223477,5332772,59.73,-0.0040045580335341,2.0,765.75,767.225,760.25,764.8,766.0,764.595,767.875,-0.004004558033534167,False,False,False
HDFCBANK,EQ,2023-10-17,1529.6,1555.75,1555.75,1535.0,1542.5,1541.2,1542.46,16451279,25375468422.15,382090,9911443,60.25,0.0075836820083683,2.0,777.875,777.875,767.5,770.6,771.25,771.23,764.8,0.007583682008368342,False,False,False
HDFCBANK,EQ,2023-10-18,1541.2,1541.2,1541.2,1518.1,1519.0,1519.75,1524.62,15608100,23796358906.9,342915,9049826,57.98,-0.0139177264469244,2.0,770.6,770.6,759.05,759.875,759.5,762.31,770.6,-0.013917726446924461,False,False,False
HDFCBANK,EQ,2023-10-19,1519.75,1505.4,1526.25,1503.2,1514.5,1514.95,1516.62,15126182,22940629736.4,331067,9183556,60.71,-0.0031584142128638,2.0,752.7,763.125,751.6,757.475,757.25,758.31,759.875,-0.0031584142128638915,False,False,False
HDFCBANK,EQ,2023-10-20,1514.95,1505.0,1527.0,1505.0,1523.4,1522.8,1519.35,10547005,16024569217.4,267376,6903339,65.45,0.0051816891646587,2.0,752.5,763.5,752.5,761.4,761.7,759.675,757.475,0.005181689164658776,False,False,False
HDFCBANK,EQ,2023-10-23,1522.8,1523.5,1528.75,1500.1,1507.0,1506.05,1520.08,11188068,17006738603.7,249005,6365030,56.89,-0.0109994746519569,2.0,761.75,764.375,750.05,753.025,753.5,760.04,761.4,-0.010999474651956942,False,False,False
HDFCBANK,EQ,2023-10-25,1506.05,1521.0,1522.8,1491.45,1494.2,1496.5,1505.86,14155998,21316945153.1,372043,10078087,71.19,-0.0063410909332358,2.0,760.5,761.4,745.725,748.25,747.1,752.93,753.025,-0.006341090933235871,False,False,False
HDFCBANK,EQ,2023-10-26,1496.5,1491.25,1492.0,1460.25,1462.45,1463.4,1469.55,27780899,40825480054.7,624140,16371972,58.93,-0.0221182759772802,2.0,745.625,746.0,730.125,731.7,731.225,734.775,748.25,-0.022118275977280222,False,False,False
HDFCBANK,EQ,2023-10-27,1463.4,1469.5,1478.0,1466.9,1472.55,1469.15,1470.94,15970266,23491378766.1,283464,11120498,69.63,0.0039292059587261,2.0,734.75,739.0,733.45,734.575,736.275,735.47,731.7,0.003929205958726145,False,False,False
HDFCBANK,EQ,2023-10-30,1469.15,1463.25,1489.95,1461.9,1487.85,1485.1,1479.49,11655491,17244138134.55,269734,7157538,61.41,0.0108566177721811,2.0,731.625,744.975,730.95,742.55,743.925,739.745,734.575,0.010856617772181165,False,False,False
HDFCBANK,EQ,2023-10-31,1485.1,1504.0,1504.0,1474.0,1475.0,1476.5,1482.03,16317412,24182840370.9,422644,7350202,45.05,-0.0057908558346239,2.0,752.0,752.0,737.0,738.25,737.5,741.015,742.55,-0.005790855834623909,False,False,False
HDFCBANK,EQ,2023-11-01,1476.5,1462.25,1477.45,1462.25,1477.0,1474.5,1469.2,16938733,24886425534.8,340052,7038967,41.56,-0.0013545546901455,2.0,731.125,738.725,731.125,737.25,738.5,734.6,738.25,-0.0013545546901455596,False,False,False
HDFCBANK,EQ,2023-11-02,1474.5,1485.0,1490.5,1467.15,1478.7,1476.75,1472.27,22612577,33291873290.7,260964,15705946,69.46,0.0015259409969481,2.0,742.5,745.25,733.575,738.375,739.35,736.135,737.25,0.0015259409969481386,False,False,False
HDFCBANK,EQ,2023-11-03,1476.75,1488.0,1491.4,1481.65,1484.5,1483.75,1487.25,9047670,13456152900.7,226806,5928328,65.52,0.004740138818351,2.0,744.0,745.7,740.825,741.875,742.25,743.625,738.375,0.004740138818351003,False,False,False
HDFCBANK,EQ,2023-11-06,1483.75,1498.0,1498.0,1483.0,1493.8,1494.5,1488.25,12796865,19044945751.7,386836,9045785,70.69,0.0072451558550967,2.0,749.0,749.0,741.5,747.25,746.9,744.125,741.875,0.007245155855096774,False,False,False
HDFCBANK,EQ,2023-11-07,1494.5,1494.0,1494.0,1477.2,1490.0,1487.25,1484.48,20976424,31139051244.05,585794,9347401,44.56,-0.0048511207761793,2.0,747.0,747.0,738.6,743.625,745.0,742.24,747.25,-0.00485112077617933,False,False,False
HDFCBANK,EQ,2023-11-08,1487.25,1483.95,1493.45,1481.0,1491.8,1491.55,1489.03,15699773,23377406572.3,499216,6062315,38.61,0.002891242225584,2.0,741.975,746.725,740.5,745.775,745.9,744.515,743.625,0.002891242225584012,False,False,False
HDFCBANK,EQ,2023-11-09,1491.55,1486.0,1492.6,1483.5,1486.5,1485.65,1487.69,11058370,16451404289.6,281527,6263802,56.64,-0.0039556166404075,2.0,743.0,746.3,741.75,742.825,743.25,743.845,745.775,-0.0039556166404075555,False,False,False
HDFCBANK,EQ,2023-11-10,1485.65,1480.1,1496.0,1480.05,1495.0,1491.5,1486.67,7007593,10417971067.75,181055,3924576,56.0,0.0039376703799682,2.0,740.05,748.0,740.025,745.75,747.5,743.335,742.825,0.003937670379968283,False,False,False
HDFCBANK,EQ,2023-11-12,1491.5,1500.0,1502.0,1496.15,1499.0,1500.0,1499.5,1975463,2962207492.65,85801,772458,39.1,0.0056989607777404,2.0,750.0,751.0,748.075,750.0,749.5,749.75,745.75,0.005698960777740458,False,False,False
HDFCBANK,EQ,2023-11-13,1500.0,1492.1,1495.95,1485.9,1489.0,1488.8,1490.72,10302957,15358848457.45,318892,5382293,52.24,-0.0074666666666667,2.0,746.05,747.975,742.95,744.4,744.5,745.36,750.0,-0.0074666666666667325,False,False,False
HDFCBANK,EQ,2023-11-15,1488.8,1504.1,1510.95,1500.55,1504.8,1504.4,1505.7,20622730,31051566881.5,331586,11254599,54.57,0.0104782375067169,2.0,752.05,755.475,750.275,752.2,752.4,752.85,744.4,0.010478237506716948,False,False,False
HDFCBANK,EQ,2023-11-16,1504.4,1509.7,1519.0,1503.75,1508.0,1508.35,1511.01,14856919,22449002896.9,270257,9211530,62.0,0.0026256314809889,2.0,754.85,759.5,751.875,754.175,754.0,755.505,752.2,0.0026256314809889325,False,False,False
HDFCBANK,EQ,2023-11-17,1508.35,1490.0,1507.5,1489.0,1505.0,1505.1,1502.48,11850937,17805835559.3,298602,7924052,66.86,-0.0021546723240627,2.0,745.0,753.75,744.5,752.55,752.5,751.24,754.175,-0.0021546723240627452,False,False,False
HDFCBANK,EQ,2023-11-20,1505.1,1513.0,1513.0,1501.55,1505.9,1505.2,1505.46,9665726,14551379677.65,200480,5702845,59.0,6.644076805528698e-05,2.0,756.5,756.5,750.775,752.6,752.95,752.73,752.55,6.644076805528698e-05,False,False,False
HDFCBANK,EQ,2023-11-21,1505.2,1519.0,1522.0,1512.1,1518.25,1517.95,1517.79,12479986,18941939824.75,291918,7556905,60.55,0.008470635131544,2.0,759.5,761.0,756.05,758.975,759.125,758.895,752.6,0.008470635131544002,False,False,False
HDFCBANK,EQ,2023-11-22,1517.95,1520.0,1520.0,1503.55,1512.9,1512.55,1513.24,14561825,22035595098.85,261084,4991663,34.28,-0.0035574294278468,2.0,760.0,760.0,751.775,756.275,756.45,756.62,758.975,-0.00355742942784687,False,False,False
HDFCBANK,EQ,2023-11-23,1512.55,1508.5,1523.85,1508.5,1521.7,1521.3,1519.21,6523110,9909995976.95,170796,3834686,58.79,0.0057849327294965,2.0,754.25,761.925,754.25,760.65,760.85,759.605,756.275,0.005784932729496539,False,False,False
HDFCBANK,EQ,2023-11-24,1521.3,1521.2,1533.15,1519.85,1531.4,1532.1,1529.01,8234596,12590757692.8,191494,5771108,70.08,0.0070991914809701,2.0,760.6,766.575,759.925,766.05,765.7,764.505,760.65,0.007099191480970157,False,False,False
HDFCBANK,EQ,2023-11-28,1532.1,1535.2,1537.25,1525.8,1530.95,1528.65,1531.88,14244669,21821167498.85,254566,10373959,72.83,-0.0022518112394751,2.0,767.6,768.625,762.9,764.325,765.475,765.94,766.05,-0.0022518112394751544,False,False,False
HDFCBANK,EQ,2023-11-29,1528.65,1533.9,1563.0,1533.0,1560.3,1559.15,1547.46,17021244,26339738845.55,314977,12573984,73.87,0.0199522454453275,2.0,766.95,781.5,766.5,779.575,780.15,773.73,764.325,0.019952245445327588,False,False,False
HDFCBANK,EQ,2023-11-30,1559.15,1569.15,1572.45,1542.15,1556.6,1558.8,1555.55,34745720,54048690749.35,352886,24127159,69.44,-0.0002244812878813,2.0,784.575,786.225,771.075,779.4,778.3,777.775,779.575,-0.00022448128788132848,False,False,False
HDFCBANK,EQ,2023-12-01,1558.8,1557.9,1565.75,1552.1,1552.35,1555.4,1559.16,11076768,17270479586.7,299721,7816765,70.57,-0.0021811649987169,2.0,778.95,782.875,776.05,777.7,776.175,779.58,779.4,-0.0021811649987169,False,False,False
HDFCBANK,EQ,2023-12-04,1555.4,1588.0,1612.0,1573.65,1609.15,1609.4,1592.26,25331228,40333820531.2,441679,18992621,74.98,0.0347177574900348,2.0,794.0,806.0,786.825,804.7,804.575,796.13,777.7,0.034717757490034806,False,False,False
HDFCBANK,EQ,2023-12-05,1609.4,1636.5,1639.0,1616.5,1622.0,1623.7,1626.07,26115410,42465536275.85,397106,15152680,58.02,0.0088852988691436,2.0,818.25,819.5,808.25,811.85,811.0,813.035,804.7,0.008885298869143687,False,False,False
HDFCBANK,EQ,2023-12-06,1623.7,1638.45,1638.45,1616.65,1626.3,1627.8,1627.41,19306530,31419573681.05,340998,11206777,58.05,0.0025250970006773,2.0,819.225,819.225,808.325,813.9,813.15,813.705,811.85,0.0025250970006773787,False,False,False
HDFCBANK,EQ,2023-12-07,1627.8,1625.0,1634.0,1616.2,1630.5,1630.45,1628.48,10225193,16651513307.4,219921,6993493,68.39,0.0016279641233567,2.0,812.5,817.0,808.1,815.225,815.25,814.24,813.9,0.001627964123356751,False,False,False
HDFCBANK,EQ,2023-12-08,1630.45,1630.45,1655.0,1630.45,1653.0,1653.2,1648.92,16864019,27807418190.95,372167,12503238,74.14,0.0139532031034377,2.0,815.225,827.5,815.225,826.6,826.5,824.46,815.225,0.013953203103437728,False,False,False
HDFCBANK,EQ,2023-12-11,1653.2,1650.05,1663.7,1647.0,1650.0,1651.0,1653.0,11593810,19164609234.9,376768,8095762,69.83,-0.0013307524800387,2.0,825.025,831.85,823.5,825.5,825.0,826.5,826.6,-0.001330752480038777,False,False,False
HDFCBANK,EQ,2023-12-12,1651.0,1654.2,1656.25,1631.85,1634.45,1634.6,1645.41,18290738,30095821186.8,386854,12547290,68.6,-0.0099333737129013,2.0,827.1,828.125,815.925,817.3,817.225,822.705,825.5,-0.009933373712901372,False,False,False
HDFCBANK,EQ,2023-12-13,1634.6,1632.45,1636.0,1615.1,1633.8,1630.9,1628.14,14673457,23890410498.9,352315,7926681,54.02,-0.0022635507157713,2.0,816.225,818.0,807.55,815.45,816.9,814.07,817.3,-0.002263550715771334,False,False,False
HDFCBANK,EQ,2023-12-14,1630.9,1646.0,1658.95,1645.0,1650.45,1650.15,1651.03,17586183,29035347300.8,345239,12401147,70.52,0.0118032987920779,2.0,823.0,829.475,822.5,825.075,825.225,825.515,815.45,0.011803298792077976,False,False,False
HDFCBANK,EQ,2023-12-15,1650.15,1650.0,1668.0,1646.6,1656.05,1656.55,1655.35,69418565,114912065107.8,420832,49573293,71.41,0.003878435293761,2.0,825.0,834.0,823.3,828.275,828.025,827.675,825.075,0.0038784352937610844,False,False,False
HDFCBANK,EQ,2023-12-18,1656.55,1660.7,1664.7,1650.95,1652.5,1655.7,1657.78,9007377,14932277614.85,258215,5729288,63.61,-0.0005131146056562,2.0,830.35,832.35,825.475,827.85,826.25,828.89,828.275,-0.0005131146056562841,False,False,False
HDFCBANK,EQ,2023-12-19,1655.7,1650.0,1658.65,1644.05,1650.5,1652.9,1651.23,12004223,19821702426.65,257002,6861842,57.16,-0.0016911276197378,2.0,825.0,829.325,822.025,826.45,825.25,825.615,827.85,-0.0016911276197378866,False,False,False
HDFCBANK,EQ,2023-12-20,1652.9,1658.0,1668.95,1644.45,1644.75,1657.0,1662.23,17116260,28451245154.05,415287,11401194,66.61,0.0024804888378002,2.0,829.0,834.475,822.225,828.5,822.375,831.115,826.45,0.0024804888378002765,False,False,False
HDFCBANK,EQ,2023-12-21,1657.0,1657.0,1689.75,1650.25,1685.0,1686.7,1672.87,18294620,30604491502.45,385913,10506095,57.43,0.0179239589619795,2.0,828.5,844.875,825.125,843.35,842.5,836.435,828.5,0.017923958961979514,False,False,False
HDFCBANK,EQ,2023-12-22,1686.7,1683.6,1685.9,1667.1,1668.7,1670.85,1675.74,24289425,40702711527.5,450284,17151697,70.61,-0.0093970474891801,2.0,841.8,842.95,833.55,835.425,834.35,837.87,843.35,-0.009397047489180133,False,False,False
HDFCBANK,EQ,2023-12-26,1670.85,1673.25,1685.95,1668.55,1684.1,1682.45,1678.46,9022928,15144582177.45,243596,5004732,55.47,0.0069425741389113,2.0,836.625,842.975,834.275,841.225,842.05,839.23,835.425,0.006942574138911306,False,False,False
HDFCBANK,EQ,2023-12-27,1682.45,1681.5,1706.5,1678.6,1702.1,1703.3,1695.87,13504539,22901880536.75,321373,9179567,67.97,0.0123926416832593,2.0,840.75,853.25,839.3,851.65,851.05,847.935,841.225,0.012392641683259376,False,False,False
HDFCBANK,EQ,2023-12-28,1703.3,1709.3,1721.4,1702.0,1708.85,1705.25,1711.26,22038235,37713047859.0,423062,15056267,68.32,0.0011448364938648,2.0,854.65,860.7,851.0,852.625,854.425,855.63,851.65,0.0011448364938648758,False,False,False
HDFCBANK,EQ,2023-12-29,1705.25,1697.0,1714.9,1696.0,1708.65,1709.25,1707.51,12505713,21353650105.25,264143,9195603,73.53,0.0023456971118605,2.0,848.5,857.45,848.0,854.625,854.325,853.755,852.625,0.0023456971118605008,False,False,False
HDFCBANK,EQ,2024-01-01,1709.25,1706.0,1709.15,1692.0,1692.9,1698.1,1701.52,7119843,12114568489.3,258349,4416670,62.03,-0.0065233289454439,2.0,853.0,854.575,846.0,849.05,846.45,850.76,854.625,-0.00652332894544394,False,False,False
HDFCBANK,EQ,2024-01-02,1698.1,1698.8,1702.8,1688.7,1697.5,1699.1,1697.43,14621046,24818149211.1,334886,8690628,59.44,0.0005888934691713,2.0,849.4,851.4,844.35,849.55,848.75,848.715,849.05,0.0005888934691713477,False,False,False
HDFCBANK,EQ,2024-01-03,1699.1,1702.0,1704.7,1668.95,1674.6,1672.9,1681.27,14194881,23865412912.55,426015,8613392,60.68,-0.0154199281972807,2.0,851.0,852.35,834.475,836.45,837.3,840.635,849.55,-0.015419928197280774,False,False,False
HDFCBANK,EQ,2024-01-04,1672.9,1678.0,1694.95,1670.7,1690.85,1690.85,1681.98,13367028,22483129792.5,335934,9457028,70.75,0.0107298702851335,2.0,839.0,847.475,835.35,845.425,845.425,840.99,836.45,0.010729870285133503,False,False,False
HDFCBANK,EQ,2024-01-05,1690.85,1687.15,1704.9,1668.1,1679.0,1682.2,1679.44,15944735,26778251761.45,426162,9617611,60.32,-0.005115770174764,2.0,843.575,852.45,834.05,841.1,839.5,839.72,845.425,-0.005115770174764056,False,False,False
HDFCBANK,EQ,2024-01-08,1682.2,1678.5,1682.35,1660.0,1662.9,1663.45,1671.84,8999235,15045304192.3,368430,5643830,62.71,-0.0111461181785756,2.0,839.25,841.175,830.0,831.725,831.45,835.92,841.1,-0.011146118178575692,False,False,False
HDFCBANK,EQ,2024-01-09,1663.45,1667.15,1677.8,1646.75,1650.95,1650.5,1660.84,12663444,21031958360.5,269602,6528474,51.55,-0.00778502509844,2.0,833.575,838.9,823.375,825.25,825.475,830.42,831.725,-0.007785025098440035,False,False,False
HDFCBANK,EQ,2024-01-10,1650.5,1643.0,1659.95,1641.4,1656.0,1655.95,1653.21,8057912,13321422833.2,173498,5376758,66.73,0.0033020296879733,2.0,821.5,829.975,820.7,827.975,828.0,826.605,825.25,0.003302029687973329,False,False,False
HDFCBANK,EQ,2024-01-11,1655.95,1660.0,1662.9,1643.0,1649.3,1649.0,1653.3,9157005,15139271150.7,230772,6716094,73.34,-0.0041969866239922,2.0,830.0,831.45,821.5,824.5,824.65,826.65,827.975,-0.00419698662399226,False,False,False
HDFCBANK,EQ,2024-01-12,1649.0,1652.0,1656.0,1633.6,1643.95,1641.2,1645.1,9886776,16264760030.85,278690,5997002,60.66,-0.0047301394784717,2.0,826.0,828.0,816.8,820.6,821.975,822.55,824.5,-0.004730139478471784,False,False,False
HDFCBANK,EQ,2024-01-15,1641.2,1647.7,1680.9,1643.6,1679.7,1672.8,1666.61,14160178,23599525731.75,414759,9781433,69.08,0.0192542042407992,2.0,823.85,840.45,821.8,836.4,839.85,833.305,820.6,0.019254204240799266,False,False,False
HDFCBANK,EQ,2024-01-16,1672.8,1673.0,1683.65,1658.1,1678.0,1679.15,1672.44,12661250,21175143184.95,347404,7075982,55.89,0.0037960306073649,2.0,836.5,841.825,829.05,839.575,839.0,836.22,836.4,0.0037960306073649974,False,False,False
HDFCBANK,EQ,2024-01-17,1679.15,1570.0,1596.8,1528.4,1542.15,1537.5,1565.65,85072618,133193618859.55,2098772,53380592,62.75,-0.0843581574010661,2.0,785.0,798.4,764.2,768.75,771.075,782.825,839.575,-0.08435815740106611,False,False,False
HDFCBANK,EQ,2024-01-18,1537.5,1494.0,1515.0,1480.05,1490.0,1486.15,1495.03,80535465,120402678844.55,1582497,55933202,69.45,-0.0333983739837397,2.0,747.0,757.5,740.025,743.075,745.0,747.515,768.75,-0.03339837398373979,False,False,False
HDFCBANK,EQ,2024-01-19,1486.15,1505.95,1510.25,1468.4,1474.9,1470.65,1483.88,54800269,81316862185.55,1275220,40988837,74.8,-0.0104296336170641,2.0,752.975,755.125,734.2,735.325,737.45,741.94,743.075,-0.010429633617064171,False,False,False
HDFCBANK,EQ,2024-01-20,1470.65,1483.2,1495.7,1476.0,1480.65,1478.85,1483.92,12920293,19172637247.3,403196,4771146,36.93,0.0055757658178354,2.0,741.6,747.85,738.0,739.425,740.325,741.96,735.325,0.005575765817835476,False,False,False
HDFCBANK,EQ,2024-01-23,1478.85,1465.0,1474.7,1425.0,1430.95,1427.35,1442.66,57734701,83291508720.05,1415782,37949562,65.73,-0.0348243567637015,2.0,732.5,737.35,712.5,713.675,715.475,721.33,739.425,-0.03482435676370155,False,False,False
HDFCBANK,EQ,2024-01-24,1427.35,1380.25,1458.45,1380.25,1456.3,1455.9,1435.74,43002202,61740125439.0,817417,27474718,63.89,0.0200021017970366,2.0,690.125,729.225,690.125,727.95,728.15,717.87,713.675,0.020002101797036653,False,False,False
HDFCBANK,EQ,2024-01-25,1455.9,1452.5,1457.35,1419.4,1440.7,1434.9,1434.16,49470926,70949159079.5,787699,31535782,63.75,-0.0144240675870594,2.0,726.25,728.675,709.7,717.45,720.35,717.08,727.95,-0.014424067587059497,False,False,False
HDFCBANK,EQ,2024-01-29,1434.9,1448.05,1462.8,1445.8,1456.8,1454.65,1454.14,32822749,47728790185.85,694082,23704142,72.22,0.0137640253676214,2.0,724.025,731.4,722.9,727.325,728.4,727.07,717.45,0.013764025367621446,False,False,False
HDFCBANK,EQ,2024-01-30,1454.65,1454.55,1463.2,1440.9,1444.7,1444.3,1447.91,20864384,30209849168.35,451375,11258264,53.96,-0.0071151136012099,2.0,727.275,731.6,720.45,722.15,722.35,723.955,727.325,-0.007115113601209977,False,False,False
HDFCBANK,EQ,2024-01-31,1444.3,1439.5,1474.95,1436.8,1462.65,1462.55,1462.25,32880520,48079551289.5,548526,19899886,60.52,0.0126358789725127,2.0,719.75,737.475,718.4,731.275,731.325,731.125,722.15,0.012635878972512726,False,False,False
HDFCBANK,EQ,2024-02-01,1462.55,1465.05,1473.6,1456.05,1466.5,1466.35,1465.35,16345370,23951731259.2,395148,10441607,63.88,0.0025982017708796,2.0,732.525,736.8,728.025,733.175,733.25,732.675,731.275,0.00259820177087966,False,False,False
HDFCBANK,EQ,2024-02-02,1466.35,1475.0,1480.85,1442.05,1445.9,1446.15,1461.81,22433877,32794141061.4,547098,11894099,53.02,-0.0137757015719301,2.0,737.5,740.425,721.025,723.075,722.95,730.905,733.175,-0.013775701571930199,False,False,False
HDFCBANK,EQ,2024-02-05,1446.15,1446.0,1451.9,1434.05,1443.05,1444.85,1442.08,19302523,27835769812.35,487034,9505231,49.24,-0.0008989385610069,2.0,723.0,725.95,717.025,722.425,721.525,721.04,723.075,-0.0008989385610069789,False,False,False
HDFCBANK,EQ,2024-02-06,1444.85,1445.55,1449.7,1432.6,1443.55,1444.1,1442.11,20537870,29617940997.4,410774,12354485,60.15,-0.0005190850261272,2.0,722.775,724.85,716.3,722.05,721.775,721.055,722.425,-0.0005190850261272972,False,False,False
HDFCBANK,EQ,2024-02-07,1444.1,1453.0,1453.8,1426.65,1430.0,1429.95,1435.86,27418543,39369092511.05,523984,17664287,64.42,-0.0097984904092512,2.0,726.5,726.9,713.325,714.975,715.0,717.93,722.05,-0.009798490409251293,False,False,False
HDFCBANK,EQ,2024-02-08,1429.95,1429.85,1438.95,1400.5,1407.25,1403.05,1415.51,34553062,48910244009.15,797559,22315085,64.58,-0.0188118465680618,2.0,714.925,719.475,700.25,701.525,703.625,707.755,714.975,-0.018811846568061896,False,False,False
HDFCBANK,EQ,2024-02-09,1403.05,1392.15,1414.2,1387.0,1408.0,1403.6,1402.42,28321062,39717943985.6,512854,18921440,66.81,0.0003920031360251,2.0,696.075,707.1,693.5,701.8,704.0,701.21,701.525,0.00039200313602516523,False,False,False
HDFCBANK,EQ,2024-02-12,1403.6,1399.65,1413.65,1383.35,1392.4,1390.0,1394.91,17223906,24025725748.7,486804,11102019,64.46,-0.0096893701909375,2.0,699.825,706.825,691.675,695.0,696.2,697.455,701.8,-0.009689370190937519,False,False,False
HDFCBANK,EQ,2024-02-13,1390.0,1391.95,1404.35,1384.35,1391.95,1394.45,1394.82,28790497,40157678244.65,445958,16199067,56.27,0.0032014388489209,2.0,695.975,702.175,692.175,697.225,695.975,697.41,695.0,0.00320143884892099,False,False,False
HDFCBANK,EQ,2024-02-14,1394.45,1376.0,1391.5,1363.55,1384.95,1384.05,1373.2,45660405,62700916687.85,883690,24952955,54.65,-0.0074581376169816,2.0,688.0,695.75,681.775,692.025,692.475,686.6,697.225,-0.007458137616981664,False,False,False
HDFCBANK,EQ,2024-02-15,1384.05,1385.0,1415.5,1384.35,1414.65,1414.05,1402.53,20792472,29162128685.1,533782,10560634,50.79,0.0216755175029803,2.0,692.5,707.75,692.175,707.025,707.325,701.265,692.025,0.021675517502980357,False,False,False
HDFCBANK,EQ,2024-02-16,1414.05,1423.9,1427.7,1408.45,1417.05,1419.9,1417.97,16087871,22812194900.15,402453,8820734,54.83,0.0041370531452211,2.0,711.95,713.85,704.225,709.95,708.525,708.985,707.025,0.00413705314522117,False,False,False
HDFCBANK,EQ,2024-02-19,1419.9,1429.0,1429.0,1415.2,1419.0,1417.1,1420.94,17225878,24476880448.95,296087,12172296,70.66,-0.0019719698570322,2.0,714.5,714.5,707.6,708.55,709.5,710.47,709.95,-0.0019719698570322963,False,False,False
HDFCBANK,EQ,2024-02-20,1417.1,1415.0,1457.25,1411.8,1453.0,1454.3,1443.09,28066754,40502822506.55,518597,17963922,64.0,0.0262507938748148,2.0,707.5,728.625,705.9,727.15,726.5,721.545,708.55,0.02625079387481488,False,False,False
HDFCBANK,EQ,2024-02-21,1454.3,1464.0,1464.0,1435.0,1436.0,1439.15,1446.29,22946568,33187313941.5,493970,14741892,64.24,-0.0104173829333699,2.0,732.0,732.0,717.5,719.575,718.0,723.145,727.15,-0.010417382933369912,False,False,False
HDFCBANK,EQ,2024-02-22,1439.15,1417.75,1428.8,1412.2,1422.0,1419.55,1419.78,25280441,35892743575.45,477326,14239980,56.33,-0.0136191501928222,2.0,708.875,714.4,706.1,709.775,711.0,709.89,719.575,-0.013619150192822227,False,False,False
HDFCBANK,EQ,2024-02-23,1419.55,1422.55,1433.9,1418.0,1419.45,1420.6,1425.27,14916726,21260419308.0,335851,9640709,64.63,0.0007396710225071,2.0,711.275,716.95,709.0,710.3,709.725,712.635,709.775,0.0007396710225071601,False,False,False
HDFCBANK,EQ,2024-02-26,1420.6,1413.55,1434.85,1413.55,1421.95,1422.3,1426.02,11753435,16760578868.05,381979,7160171,60.92,0.0011966774602281,2.0,706.775,717.425,706.775,711.15,710.975,713.01,710.3,0.0011966774602281127,False,False,False
HDFCBANK,EQ,2024-02-27,1422.3,1413.55,1426.7,1413.05,1421.9,1420.15,1419.95,16043575,22781119940.6,384714,10238487,63.82,-0.0015116360824016,2.0,706.775,713.35,706.525,710.075,710.95,709.975,711.15,-0.0015116360824016795,False,False,False
HDFCBANK,EQ,2024-02-28,1420.15,1420.15,1424.2,1404.0,1406.15,1409.4,1414.58,12660993,17910038294.1,302672,8285620,65.44,-0.0075696229271555,2.0,710.075,712.1,702.0,704.7,703.075,707.29,710.075,-0.007569622927155573,False,False,False
HDFCBANK,EQ,2024-02-29,1409.4,1402.1,1410.4,1397.3,1407.8,1403.4,1403.21,26647850,37392569225.7,567422,16904852,63.44,-0.0042571306939123,2.0,701.05,705.2,698.65,701.7,703.9,701.605,704.7,-0.004257130693912314,False,False,False
HDFCBANK,EQ,2024-03-01,1403.4,1400.0,1432.75,1400.0,1429.3,1430.75,1419.53,17369449,24656507108.45,430030,10939226,62.98,0.0194883853498646,2.0,700.0,716.375,700.0,715.375,714.65,709.765,701.7,0.019488385349864634,False,False,False
HDFCBANK,EQ,2024-03-02,1430.75,1434.55,1436.0,1428.1,1430.95,1430.75,1431.16,895265,1281270465.1,27274,514675,57.49,0.0,2.0,717.275,718.0,714.05,715.375,715.475,715.58,715.375,0.0,False,False,False
HDFCBANK,EQ,2024-03-04,1430.75,1430.95,1437.0,1424.3,1432.0,1432.7,1430.81,17808237,25480270998.65,320401,13514118,75.89,0.0013629215446444,2.0,715.475,718.5,712.15,716.35,716.0,715.405,715.375,0.0013629215446444576,False,False,False
HDFCBANK,EQ,2024-03-05,1432.7,1422.0,1443.0,1421.65,1439.2,1440.85,1432.7,18995836,27215248874.45,345780,13054500,68.72,0.0056885600614224,2.0,711.0,721.5,710.825,720.425,719.6,716.35,716.35,0.005688560061422487,False,False,False
HDFCBANK,EQ,2024-03-06,1440.85,1433.55,1452.85,1433.55,1442.85,1442.6,1444.3,21204765,30625970319.2,429803,11003451,51.89,0.0012145608494986,2.0,716.775,726.425,716.775,721.3,721.425,722.15,720.425,0.0012145608494986693,False,False,False
HDFCBANK,EQ,2024-03-07,1442.6,1445.5,1451.05,1441.4,1446.0,1446.1,1445.23,24674023,35659521740.4,301040,20866170,84.57,0.0024261749618743,2.0,722.75,725.525,720.7,723.05,723.0,722.615,721.3,0.002426174961874361,False,False,False
HDFCBANK,EQ,2024-03-11,1446.1,1430.0,1445.95,1423.0,1427.0,1427.8,1431.56,25265547,36169185792.1,400746,18964859,75.06,-0.0126547265057741,2.0,715.0,722.975,711.5,713.9,713.5,715.78,723.05,-0.01265472650577415,False,False,False
HDFCBANK,EQ,2024-03-12,1427.8,1434.0,1464.0,1429.25,1460.75,1459.55,1455.21,32709227,47598903857.45,563469,16384302,50.09,0.0222370079843114,2.0,717.0,732.0,714.625,729.775,730.375,727.605,713.9,0.022237007984311497,False,False,False
HDFCBANK,EQ,2024-03-13,1459.55,1465.5,1471.6,1450.1,1459.7,1460.4,1461.57,31533727,46088810985.45,555367,17816086,56.5,0.0005823712788188,2.0,732.75,735.8,725.05,730.2,729.85,730.785,729.775,0.0005823712788188828,False,False,False
HDFCBANK,EQ,2024-03-14,1460.4,1462.1,1466.0,1444.3,1457.0,1455.45,1452.98,26216079,38091465327.1,355538,14505354,55.33,-0.0033894823336072,2.0,731.05,733.0,722.15,727.725,728.5,726.49,730.2,-0.003389482333607252,False,False,False
HDFCBANK,EQ,2024-03-15,1455.45,1450.0,1459.3,1442.25,1454.7,1452.65,1452.16,71806902,104275232909.4,423259,50794310,70.74,-0.0019238036346146,2.0,725.0,729.65,721.125,726.325,727.35,726.08,727.725,-0.0019238036346146403,False,False,False
HDFCBANK,EQ,2024-03-18,1452.65,1447.0,1456.0,1435.8,1445.75,1446.05,1447.44,10718928,15514993593.4,298423,5692012,53.1,-0.0045434206450281,2.0,723.5,728.0,717.9,723.025,722.875,723.72,726.325,-0.004543420645028107,False,False,False
HDFCBANK,EQ,2024-03-19,1446.05,1435.5,1452.4,1435.5,1449.95,1449.35,1445.73,18091797,26155872952.15,357501,11320260,62.57,0.0022820787662942,2.0,717.75,726.2,717.75,724.675,724.975,722.865,723.025,0.002282078766294271,False,False,False
HDFCBANK,EQ,2024-03-20,1449.35,1449.05,1451.65,1424.65,1432.0,1431.05,1435.82,21803047,31305142954.85,391871,12357309,56.68,-0.0126263497429881,2.0,724.525,725.825,712.325,715.525,716.0,717.91,724.675,-0.012626349742988152,False,False,False
HDFCBANK,EQ,2024-03-21,1431.05,1442.6,1451.25,1438.3,1445.4,1445.75,1445.43,14461430,20903015204.35,261033,8947572,61.87,0.0102721777715664,2.0,721.3,725.625,719.15,722.875,722.7,722.715,715.525,0.010272177771566415,False,False,False
HDFCBANK,EQ,2024-03-22,1445.75,1441.0,1450.75,1437.75,1442.55,1442.85,1443.79,22990163,33192980386.6,408312,14585298,63.44,-0.0020058793014007,2.0,720.5,725.375,718.875,721.425,721.275,721.895,722.875,-0.002005879301400726,False,False,False
HDFCBANK,EQ,2024-03-26,1442.85,1427.2,1437.95,1422.15,1424.9,1425.4,1430.24,28422145,40650467046.25,519149,20503182,72.14,-0.0120941192778181,2.0,713.6,718.975,711.075,712.7,712.45,715.12,721.425,-0.012094119277818116,False,False,False
HDFCBANK,EQ,2024-03-27,1425.4,1423.55,1447.95,1421.25,1443.65,1440.7,1436.27,31084334,44645417268.5,412302,19782418,63.64,0.0107338291006033,2.0,711.775,723.975,710.625,720.35,721.825,718.135,712.7,0.010733829100603387,False,False,False
HDFCBANK,EQ,2024-03-28,1440.7,1440.7,1460.5,1440.7,1447.0,1447.9,1451.6,27796071,40348658115.25,370836,16828698,60.54,0.0049975706253904,2.0,720.35,730.25,720.35,723.95,723.5,725.8,720.35,0.004997570625390413,False,False,False
HDFCBANK,EQ,2024-04-01,1447.9,1458.0,1473.8,1455.6,1470.0,1470.5,1466.67,12599785,18479761763.45,266085,8431758,66.92,0.0156088127633122,2.0,729.0,736.9,727.8,735.25,735.0,733.335,723.95,0.015608812763312274,False,False,False
HDFCBANK,EQ,2024-04-02,1470.5,1465.15,1494.85,1463.25,1479.55,1480.15,1483.23,20612723,30573359203.2,315849,10960586,53.17,0.0065623937436247,2.0,732.575,747.425,731.625,740.075,739.775,741.615,735.25,0.006562393743624773,False,False,False
HDFCBANK,EQ,2024-04-03,1480.15,1472.1,1495.65,1471.4,1484.5,1482.3,1485.06,22792193,33847785699.15,381267,13684601,60.04,0.0014525554842412,2.0,736.05,747.825,735.7,741.15,742.25,742.53,740.075,0.0014525554842412802,False,False,False
HDFCBANK,EQ,2024-04-04,1482.3,1504.0,1530.0,1504.0,1529.0,1527.6,1520.65,44467533,67619706935.1,638189,25619874,57.61,0.0305606152600688,2.0,752.0,765.0,752.0,763.8,764.5,760.325,741.15,0.030560615260068813,False,False,False
HDFCBANK,EQ,2024-04-05,1527.6,1539.0,1554.5,1530.15,1550.05,1549.55,1545.34,29527951,45630707255.45,446260,21164256,71.68,0.0143689447499346,2.0,769.5,777.25,765.075,774.775,775.025,772.67,763.8,0.014368944749934665,False,False,False
HDFCBANK,EQ,2024-04-08,1549.55,1554.95,1557.25,1541.55,1545.0,1546.6,1546.8,10241470,15841481181.95,282686,7670253,74.89,-0.0019037785163434,2.0,777.475,778.625,770.775,773.3,772.5,773.4,774.775,-0.0019037785163434906,False,False,False
HDFCBANK,EQ,2024-04-09,1546.6,1554.85,1554.85,1540.3,1544.4,1548.55,1547.47,10942247,16932784193.35,286447,6814594,62.28,0.0012608302081986,2.0,777.425,777.425,770.15,774.275,772.2,773.735,773.3,0.001260830208198671,False,False,False
HDFCBANK,EQ,2024-04-10,1548.55,1549.9,1549.9,1532.95,1534.95,1536.35,1539.41,13903700,21403551158.35,264951,7697580,55.36,-0.0078783377998773,2.0,774.95,774.95,766.475,768.175,767.475,769.705,774.275,-0.007878337799877344,False,False,False
HDFCBANK,EQ,2024-04-12,1536.35,1521.0,1529.85,1513.45,1516.25,1518.95,1520.13,20542104,31226729837.45,353957,12801265,62.32,-0.0113255443095647,2.0,760.5,764.925,756.725,759.475,758.125,760.065,768.175,-0.011325544309564783,False,False,False
HDFCBANK,EQ,2024-04-15,1518.95,1497.55,1510.0,1492.05,1493.0,1494.7,1501.19,11707624,17575373460.4,303733,6869481,58.68,-0.0159649758056552,2.0,748.775,755.0,746.025,747.35,746.5,750.595,759.475,-0.015964975805655257,False,False,False
HDFCBANK,EQ,2024-04-16,1494.7,1487.0,1512.9,1482.25,1512.0,1509.25,1499.45,10372443,15552984303.1,254321,5676628,54.73,0.0097343948618451,2.0,743.5,756.45,741.125,754.625,756.0,749.725,747.35,0.00973439486184513,False,False,False
HDFCBANK,EQ,2024-04-18,1509.25,1509.8,1518.85,1491.05,1496.8,1494.7,1503.85,17117442,25741997797.45,400151,9061937,52.94,-0.0096405499420241,2.0,754.9,759.425,745.525,747.35,748.4,751.925,754.625,-0.009640549942024124,False,False,False
HDFCBANK,EQ,2024-04-19,1494.7,1486.55,1534.95,1480.25,1534.2,1531.3,1514.56,17288217,26184017914.35,385294,9542891,55.2,0.0244865190339198,2.0,743.275,767.475,740.125,765.65,767.1,757.28,747.35,0.02448651903391985,False,False,False
HDFCBANK,EQ,2024-04-22,1531.3,1557.4,1557.4,1508.3,1514.35,1512.2,1519.66,21149219,32139720597.85,531868,11996190,56.72,-0.0124730621040944,2.0,778.7,778.7,754.15,756.1,757.175,759.83,765.65,-0.01247306210409449,False,False,False
HDFCBANK,EQ,2024-04-23,1512.2,1526.3,1526.5,1503.25,1507.5,1507.6,1510.64,13413530,20262998928.7,292429,8515775,63.49,-0.0030419256712076,2.0,763.15,763.25,751.625,753.8,753.75,755.32,756.1,-0.003041925671207646,False,False,False
HDFCBANK,EQ,2024-04-24,1507.6,1515.0,1521.75,1509.05,1512.9,1511.7,1514.5,11220790,16993856319.65,270693,6429367,57.3,0.0027195542584241,2.0,757.5,760.875,754.525,755.85,756.45,757.25,753.8,0.002719554258424184,False,False,False
HDFCBANK,EQ,2024-04-25,1511.7,1506.25,1519.7,1506.25,1513.8,1510.75,1512.64,17722602,26807994509.45,412279,9776931,55.17,-0.0006284315671098,2.0,753.125,759.85,753.125,755.375,756.9,756.32,755.85,-0.0006284315671098994,False,False,False
HDFCBANK,EQ,2024-04-26,1510.75,1519.8,1528.0,1505.55,1511.0,1509.8,1515.19,12427347,18829791289.85,307546,6447334,51.88,-0.0006288267416846,2.0,759.9,764.0,752.775,754.9,755.5,757.595,755.375,-0.0006288267416846294,False,False,False
HDFCBANK,EQ,2024-04-29,1509.8,1515.0,1534.45,1506.55,1528.55,1529.5,1521.15,18046675,27451636250.7,346924,8862484,49.11,0.0130480858391839,2.0,757.5,767.225,753.275,764.75,764.275,760.575,754.9,0.013048085839183932,False,False,False
HDFCBANK,EQ,2024-04-30,1529.5,1529.2,1539.5,1514.9,1515.45,1520.1,1528.27,26153691,39969810062.5,396483,10415468,39.82,-0.0061457992808108,2.0,764.6,769.75,757.45,760.05,757.725,764.135,764.75,-0.006145799280810826,False,False,False
HDFCBANK,EQ,2024-05-02,1520.1,1522.0,1537.0,1520.35,1532.9,1532.25,1531.6,16737503,25635147567.95,367994,7761502,46.37,0.0079928952042629,2.0,761.0,768.5,760.175,766.125,766.45,765.8,760.05,0.00799289520426294,False,False,False
HDFCBANK,EQ,2024-05-03,1532.25,1533.25,1540.6,1507.2,1515.65,1519.6,1521.12,15932621,24235495414.8,309946,7382850,46.34,-0.0082558329254365,2.0,766.625,770.3,753.6,759.8,757.825,760.56,766.125,-0.008255832925436524,False,False,False
HDFCBANK,EQ,2024-05-06,1519.6,1522.0,1534.5,1517.15,1523.75,1522.65,1525.73,14396698,21965419859.1,290222,9672086,67.18,0.0020071071334561,2.0,761.0,767.25,758.575,761.325,761.875,762.865,759.8,0.0020071071334561985,False,False,False
HDFCBANK,EQ,2024-05-07,1522.65,1521.95,1524.05,1504.15,1505.1,1506.15,1510.7,14240301,21512820634.1,344750,8356783,58.68,-0.0108363708009062,2.0,760.975,762.025,752.075,753.075,752.55,755.35,761.325,-0.01083637080090627,False,False,False
HDFCBANK,EQ,2024-05-08,1506.15,1495.95,1496.95,1480.35,1483.5,1482.65,1486.59,20843931,30986422880.6,465848,13594981,65.22,-0.0156026956146466,2.0,747.975,748.475,740.175,741.325,741.75,743.295,753.075,-0.015602695614646667,False,False,False
HDFCBANK,EQ,2024-05-09,1482.65,1474.95,1486.75,1445.3,1450.8,1447.5,1461.55,23140639,33821148758.2,669580,17883266,77.28,-0.0237075506694095,2.0,737.475,743.375,722.65,723.75,725.4,730.775,741.325,-0.02370755066940955,False,False,False
HDFCBANK,EQ,2024-05-10,1447.5,1439.0,1451.95,1426.8,1439.85,1437.9,1440.93,13638304,19651868794.15,368755,8290712,60.79,-0.0066321243523315,2.0,719.5,725.975,713.4,718.95,719.925,720.465,723.75,-0.006632124352331514,False,False,False
HDFCBANK,EQ,2024-05-13,1437.9,1432.0,1459.8,1430.3,1456.5,1455.25,1447.14,13523601,19570507197.6,463000,7820181,57.83,0.0120662076639543,2.0,716.0,729.9,715.15,727.625,728.25,723.57,718.95,0.012066207663954387,False,False,False
HDFCBANK,EQ,2024-05-14,1455.25,1452.25,1465.5,1450.3,1461.6,1460.95,1459.59,12832571,18730307625.4,315935,8309204,64.75,0.0039168527744373,2.0,726.125,732.75,725.15,730.475,730.8,729.795,727.625,0.003916852774437318,False,False,False
HDFCBANK,EQ,2024-05-15,1460.95,1459.7,1459.7,1435.8,1440.8,1438.5,1443.04,19465998,28090223298.3,393567,10640101,54.66,-0.015366713439885,2.0,729.85,729.85,717.9,719.25,720.4,721.52,730.475,-0.015366713439885049,False,False,False
HDFCBANK,EQ,2024-05-16,1438.5,1446.05,1462.55,1435.5,1459.75,1460.25,1449.96,17472618,25334516598.7,382855,8839279,50.59,0.0151199165797706,2.0,723.025,731.275,717.75,730.125,729.875,724.98,719.25,0.015119916579770631,False,False,False
HDFCBANK,EQ,2024-05-17,1460.25,1446.2,1468.0,1446.2,1463.0,1464.1,1461.22,10460095,15284549919.5,268477,6040042,57.74,0.0026365348399246,2.0,723.1,734.0,723.1,732.05,731.5,730.61,730.125,0.0026365348399246535,False,False,False
HDFCBANK,EQ,2024-05-18,1464.1,1466.0,1467.1,1463.05,1466.35,1466.05,1465.57,528557,774636045.3,15995,276670,52.34,0.0013318762379619,2.0,733.0,733.55,731.525,733.025,733.175,732.785,732.05,0.0013318762379619375,False,False,False
HDFCBANK,EQ,2024-05-21,1466.05,1450.1,1469.7,1450.1,1457.2,1458.8,1460.08,21884989,31953790444.8,413346,15685407,71.67,-0.0049452610756794,2.0,725.05,734.85,725.05,729.4,728.6,730.04,733.025,-0.004945261075679497,False,False,False
HDFCBANK,EQ,2024-05-22,1458.8,1457.85,1465.6,1448.15,1463.75,1459.2,1456.24,19998139,29122160427.5,394368,11501213,57.51,0.000274197970935,2.0,728.925,732.8,724.075,729.6,731.875,728.12,729.4,0.00027419797093508613,False,False,False
HDFCBANK,EQ,2024-05-23,1459.2,1458.65,1495.65,1457.05,1492.85,1492.6,1477.1,20430960,30178506688.95,337200,11592193,56.74,0.0228892543859648,2.0,729.325,747.825,728.525,746.3,746.425,738.55,729.6,0.022889254385964897,False,False,False
HDFCBANK,EQ,2024-05-24,1492.6,1487.5,1519.9,1486.0,1516.5,1517.2,1507.33,15530103,23408982967.8,325557,8925912,57.47,0.0164813077850731,2.0,743.75,759.95,743.0,758.6,758.25,753.665,746.3,0.016481307785073174,False,False,False
HDFCBANK,EQ,2024-05-27,1517.2,1523.35,1545.0,1519.05,1528.0,1527.7,1533.69,14692720,22534043945.55,360983,8578854,58.39,0.0069206432902715,2.0,761.675,772.5,759.525,763.85,764.0,766.845,758.6,0.006920643290271533,False,False,False
HDFCBANK,EQ,2024-05-28,1527.7,1530.1,1536.05,1524.8,1528.6,1530.5,1531.14,13954452,21366245980.65,287323,8258977,59.19,0.0018328205799567,2.0,765.05,768.025,762.4,765.25,764.3,765.57,763.85,0.0018328205799567066,False,False,False
HDFCBANK,EQ,2024-05-29,1530.5,1518.0,1523.85,1501.25,1506.0,1508.3,1510.22,17573853,26540404866.5,324703,10269574,58.44,-0.0145050637046717,2.0,759.0,761.925,750.625,754.15,753.0,755.11,765.25,-0.01450506370467175,False,False,False
HDFCBANK,EQ,2024-05-30,1508.3,1499.2,1523.6,1497.65,1518.3,1514.85,1513.96,16877675,25552206595.8,409393,10163087,60.22,0.0043426374063515,2.0,749.6,761.8,748.825,757.425,759.15,756.98,754.15,0.004342637406351546,False,False,False
HDFCBANK,EQ,2024-05-31,1514.85,1519.0,1536.0,1514.0,1525.95,1531.55,1528.77,37039794,56625243621.65,474591,24561027,66.31,0.0110241938145692,2.0,759.5,768.0,757.0,765.775,762.975,764.385,757.425,0.011024193814569205,False,False,False
HDFCBANK,EQ,2024-06-03,1531.55,1599.0,1599.0,1550.0,1573.0,1572.2,1567.87,36318628,56942988275.8,584235,20967682,57.73,0.0265417387613855,2.0,799.5,799.5,775.0,786.1,786.5,783.935,765.775,0.026541738761385547,False,False,False
HDFCBANK,EQ,2024-06-04,1572.2,1557.0,1559.0,1454.0,1489.75,1483.15,1504.91,44765620,67368418218.55,786620,15339068,34.27,-0.0566403765424246,2.0,778.5,779.5,727.0,741.575,744.875,752.455,786.1,-0.0566403765424246,False,False,False
HDFCBANK,EQ,2024-06-05,1483.15,1494.05,1559.6,1482.35,1545.85,1551.8,1523.83,40815825,62196352485.4,650501,17226690,42.21,0.0462866196945688,2.0,747.025,779.8,741.175,775.9,772.925,761.915,741.575,0.04628661969456882,False,False,False
HDFCBANK,EQ,2024-06-06,1551.8,1564.9,1565.45,1546.6,1559.5,1559.7,1557.0,23211435,36140249317.55,599204,12528131,53.97,0.0050908622245136,2.0,782.45,782.725,773.3,779.85,779.75,778.5,775.9,0.005090862224513604,False,False,False
HDFCBANK,EQ,2024-06-07,1559.7,1561.05,1584.35,1552.05,1575.0,1573.35,1572.47,18356108,28864483389.9,416517,8558942,46.63,0.0087516830159646,2.0,780.525,792.175,776.025,786.675,787.5,786.235,779.85,0.008751683015964629,False,False,False
HDFCBANK,EQ,2024-06-10,1573.35,1574.0,1580.65,1557.6,1559.55,1561.3,1566.93,11227029,17591912808.65,314062,7535938,67.12,-0.0076588171735468,2.0,787.0,790.325,778.8,780.65,779.775,783.465,786.675,-0.0076588171735468835,False,False,False
HDFCBANK,EQ,2024-06-11,1561.3,1556.0,1571.0,1552.2,1563.05,1564.8,1564.24,14772663,23107928769.2,458802,8360761,56.6,0.0022417216422212,2.0,778.0,785.5,776.1,782.4,781.525,782.12,780.65,0.0022417216422212505,False,False,False
HDFCBANK,EQ,2024-06-12,1564.8,1575.0,1588.3,1566.4,1569.0,1574.15,1576.98,19640218,30972287118.05,341079,9569983,48.73,0.0059752044989775,2.0,787.5,794.15,783.2,787.075,784.5,788.49,782.4,0.005975204498977593,False,False,False
HDFCBANK,EQ,2024-06-13,1574.15,1581.75,1585.7,1574.0,1581.2,1580.75,1581.85,12060096,19077228502.15,281276,7852775,65.11,0.0041927389384746,2.0,790.875,792.85,787.0,790.375,790.6,790.925,787.075,0.004192738938474605,False,False,False
HDFCBANK,EQ,2024-06-14,1580.75,1584.0,1599.0,1577.7,1595.6,1596.9,1592.12,12770277,20331873861.15,320179,7875479,61.67,0.0102166693025462,2.0,792.0,799.5,788.85,798.45,797.8,796.06,790.375,0.010216669302546277,False,False,False
HDFCBANK,EQ,2024-06-18,1596.9,1596.9,1610.5,1589.45,1608.0,1607.8,1604.04,16207857,25998073833.5,353540,9280334,57.26,0.006825724841881,2.0,798.45,805.25,794.725,803.9,804.0,802.02,798.45,0.006825724841881042,False,False,False
HDFCBANK,EQ,2024-06-19,1607.8,1613.4,1669.9,1604.0,1657.0,1657.85,1644.44,45065598,74107587437.4,709705,24850893,55.14,0.0311294937181241,2.0,806.7,834.95,802.0,828.925,828.5,822.22,803.9,0.031129493718124124,False,False,False
HDFCBANK,EQ,2024-06-20,1657.85,1669.8,1681.45,1652.0,1667.25,1669.35,1667.89,20704371,34532604621.85,465827,12930152,62.45,0.0069366951171698,2.0,834.9,840.725,826.0,834.675,833.625,833.945,828.925,0.006936695117169878,False,False,False
HDFCBANK,EQ,2024-06-21,1669.35,1672.85,1672.85,1643.15,1661.65,1665.75,1658.68,25815388,42819437838.9,408577,13592741,52.65,-0.0021565279899361,2.0,836.425,836.425,821.575,832.875,830.825,829.34,834.675,-0.0021565279899361522,False,False,False
HDFCBANK,EQ,2024-06-24,1665.75,1647.0,1675.1,1645.75,1671.0,1672.4,1664.93,14272497,23762644259.6,387580,8066775,56.52,0.0039921957076392,2.0,823.5,837.55,822.875,836.2,835.5,832.465,832.875,0.003992195707639201,False,False,False
HDFCBANK,EQ,2024-06-25,1672.4,1671.1,1716.95,1671.1,1707.0,1711.35,1705.04,37260774,63531128010.5,690683,19231430,51.61,0.0232898828031571,2.0,835.55,858.475,835.55,855.675,853.5,852.52,836.2,0.023289882803157136,False,False,False
HDFCBANK,EQ,2024-06-26,1711.35,1707.95,1710.9,1691.1,1693.5,1701.5,1703.01,23798333,40528870562.05,424591,15083364,63.38,-0.0057556899523767,2.0,853.975,855.45,845.55,850.75,846.75,851.505,855.675,-0.005755689952376741,False,False,False
HDFCBANK,EQ,2024-06-27,1701.5,1696.1,1713.0,1686.6,1696.45,1696.15,1697.92,27537325,46756142645.9,586504,14620093,53.09,-0.0031442844548926,2.0,848.05,856.5,843.3,848.075,848.225,848.96,850.75,-0.0031442844548926763,False,False,False
HDFCBANK,EQ,2024-06-28,1696.15,1697.6,1706.6,1679.0,1685.0,1683.8,1692.59,13238023,22406574604.55,312550,7702121,58.18,-0.0072811956489697,2.0,848.8,853.3,839.5,841.9,842.5,846.295,848.075,-0.007281195648969785,False,False,False
HDFCBANK,EQ,2024-07-01,1683.8,1680.0,1707.3,1680.0,1704.2,1705.2,1699.74,10593512,18006189828.25,355235,6250644,59.0,0.0127093479035516,2.0,840.0,853.65,840.0,852.6,852.1,849.87,841.9,0.012709347903551604,False,False,False
HDFCBANK,EQ,2024-07-02,1705.2,1715.0,1734.9,1702.75,1728.0,1730.6,1722.46,22960845,39549118301.05,486972,10299873,44.86,0.0148956134177808,2.0,857.5,867.45,851.375,865.3,864.0,861.23,852.6,0.014895613417780895,False,False,False
HDFCBANK,EQ,2024-07-03,1730.6,1791.0,1794.0,1764.65,1767.7,1768.65,1776.87,61608901,109470877766.9,846404,38698242,62.81,0.0219865942447707,2.0,895.5,897.0,882.325,884.325,883.85,888.435,865.3,0.021986594244770785,False,False,False
HDFCBANK,EQ,2024-07-04,1768.65,1759.75,1759.75,1724.85,1728.0,1727.15,1735.22,22924329,39778717290.5,405416,15488873,67.57,-0.0234642241257456,2.0,879.875,879.875,862.425,863.575,864.0,867.61,884.325,-0.02346422412574567,False,False,False
HDFCBANK,EQ,2024-07-05,1727.15,1685.0,1685.0,1642.2,1649.4,1648.1,1656.79,41121274,68129239005.75,1117072,26657099,64.83,-0.0457690414845266,2.0,842.5,842.5,821.1,824.05,824.7,828.395,863.575,-0.04576904148452665,False,False,False
HDFCBANK,EQ,2024-07-08,1648.1,1645.3,1654.95,1627.15,1636.35,1635.35,1640.07,19543900,32053306234.35,324769,14297454,73.16,-0.0077361810569747,2.0,822.65,827.475,813.575,817.675,818.175,820.035,824.05,-0.007736181056974711,False,False,False
HDFCBANK,EQ,2024-07-09,1635.35,1625.0,1646.7,1620.35,1638.8,1636.5,1638.53,24275439,39776084749.7,442487,16711437,68.84,0.0007032133793989,2.0,812.5,823.35,810.175,818.25,819.4,819.265,817.675,0.000703213379398937,False,False,False
HDFCBANK,EQ,2024-07-10,1636.5,1629.95,1640.0,1620.75,1628.7,1626.1,1627.6,22753591,37033758498.9,405034,14977914,65.83,-0.0063550259700581,2.0,814.975,820.0,810.375,813.05,814.35,813.8,818.25,-0.0063550259700581035,False,False,False
HDFCBANK,EQ,2024-07-11,1626.1,1623.95,1625.85,1601.0,1623.0,1621.9,1612.69,22088537,35621865220.1,483343,14712286,66.61,-0.0025828669823503,2.0,811.975,812.925,800.5,810.95,811.5,806.345,813.05,-0.002582866982350329,False,False,False
HDFCBANK,EQ,2024-07-12,1621.9,1622.0,1638.4,1611.15,1627.55,1622.7,1624.06,28024980,45514220345.85,332780,16663973,59.46,0.0004932486589801,2.0,811.0,819.2,805.575,811.35,813.775,812.03,810.95,0.0004932486589801499,False,False,False
HDFCBANK,EQ,2024-07-15,1622.7,1623.5,1629.8,1615.2,1623.0,1622.1,1622.0,16687847,27067666840.4,217738,9595558,57.5,-0.0003697541135145,2.0,811.75,814.9,807.6,811.05,811.5,811.0,811.35,-0.00036975411351458654,False,False,False
HDFCBANK,EQ,2024-07-16,1622.1,1620.75,1627.0,1616.8,1621.0,1619.75,1621.84,14475162,23476341772.45,269979,8509090,58.78,-0.0014487392885764,2.0,810.375,813.5,808.4,809.875,810.5,810.92,811.05,-0.0014487392885764727,False,False,False
HDFCBANK,EQ,2024-07-18,1619.75,1608.0,1623.95,1599.15,1615.0,1614.8,1613.29,16858532,27197655556.65,332318,9444621,56.02,-0.0030560271646858,2.0,804.0,811.975,799.575,807.4,807.5,806.645,809.875,-0.0030560271646858927,False,False,False
HDFCBANK,EQ,2024-07-19,1614.8,1616.0,1623.0,1603.5,1605.0,1607.3,1609.91,13001076,20930535372.85,276983,8118699,62.45,-0.0046445380232845,2.0,808.0,811.5,801.75,803.65,802.5,804.955,807.4,-0.004644538023284572,False,False,False
HDFCBANK,EQ,2024-07-22,1607.3,1617.0,1651.0,1612.65,1642.0,1642.55,1637.66,26872411,44007904357.7,548620,16599256,61.77,0.0219311889504136,2.0,808.5,825.5,806.325,821.275,821.0,818.83,803.65,0.021931188950413683,False,False,False
HDFCBANK,EQ,2024-07-23,1642.55,1647.55,1647.8,1605.0,1616.6,1618.4,1623.96,26001076,42224780773.65,449509,10215610,39.29,-0.0147027487747708,2.0,823.775,823.9,802.5,809.2,808.3,811.98,821.275,-0.014702748774770846,False,False,False
HDFCBANK,EQ,2024-07-24,1618.4,1608.15,1621.0,1588.05,1608.35,1604.05,1604.13,30864103,49509947077.3,432932,15418875,49.96,-0.0088667820069204,2.0,804.075,810.5,794.025,802.025,804.175,802.065,809.2,-0.008866782006920482,False,False,False
HDFCBANK,EQ,2024-07-25,1604.05,1593.0,1625.0,1593.0,1616.75,1616.6,1613.59,12767866,20602046896.3,279974,6858515,53.72,0.0078239456376048,2.0,796.5,812.5,796.5,808.3,808.375,806.795,802.025,0.007823945637604801,False,False,False
HDFCBANK,EQ,2024-07-26,1616.6,1605.0,1621.75,1596.45,1616.3,1618.15,1609.37,21905270,35253630971.05,355180,13865974,63.3,0.0009588024248423,2.0,802.5,810.875,798.225,809.075,808.15,804.685,808.3,0.0009588024248423643,False,False,False
HDFCBANK,EQ,2024-07-29,1618.15,1615.0,1631.85,1598.3,1605.0,1605.05,1611.97,25500574,41106152746.35,472326,12491496,48.99,-0.0080956648023978,2.0,807.5,815.925,799.15,802.525,802.5,805.985,809.075,-0.008095664802397873,False,False,False
HDFCBANK,EQ,2024-07-30,1605.05,1602.0,1634.75,1599.0,1614.2,1615.55,1615.74,27297917,44106424811.4,455812,10836941,39.7,0.0065418522787452,2.0,801.0,817.375,799.5,807.775,807.1,807.87,802.525,0.006541852278745264,False,False,False
HDFCBANK,EQ,2024-07-31,1615.55,1614.0,1627.9,1609.2,1617.95,1615.75,1617.31,18910242,30583806061.7,334519,9952915,52.63,0.0001237968493701,2.0,807.0,813.95,804.6,807.875,808.975,808.655,807.775,0.00012379684937013913,False,False,False
HDFCBANK,EQ,2024-08-01,1615.75,1622.9,1650.05,1617.95,1647.65,1638.8,1632.59,13107587,21399347523.9,287915,8608562,65.68,0.0142658208262416,2.0,811.45,825.025,808.975,819.4,823.825,816.295,807.875,0.014265820826241615,False,False,False
HDFCBANK,EQ,2024-08-02,1638.8,1631.0,1670.5,1631.0,1658.05,1659.15,1658.62,22059619,36588623126.1,457935,12383195,56.14,0.0124176226507202,2.0,815.5,835.25,815.5,829.575,829.025,829.31,819.4,0.012417622650720217,False,False,False
HDFCBANK,EQ,2024-08-05,1659.15,1640.1,1646.0,1601.0,1616.05,1615.75,1622.77,20666817,33537431288.7,464696,12112310,58.61,-0.0261579724557755,2.0,820.05,823.0,800.5,807.875,808.025,811.385,829.575,-0.026157972455775558,False,False,False
HDFCBANK,EQ,2024-08-06,1615.75,1630.0,1632.95,1593.3,1602.7,1601.2,1608.02,22558025,36273837922.85,388854,14545393,64.48,-0.0090051059879312,2.0,815.0,816.475,796.65,800.6,801.35,804.01,807.875,-0.00900510598793125,False,False,False
HDFCBANK,EQ,2024-08-07,1601.2,1617.0,1630.0,1602.2,1628.5,1623.5,1617.23,21173132,34241847264.5,337720,12068956,57.0,0.0139270547089682,2.0,808.5,815.0,801.1,811.75,814.25,808.615,800.6,0.013927054708968267,False,False,False
HDFCBANK,EQ,2024-08-08,1623.5,1624.0,1653.3,1619.25,1640.2,1642.7,1638.73,16988475,27839562575.6,327468,9472859,55.76,0.0118263012011088,2.0,812.0,826.65,809.625,821.35,820.1,819.365,811.75,0.011826301201108835,False,False,False
HDFCBANK,EQ,2024-08-09,1642.7,1652.0,1662.55,1645.8,1650.0,1650.2,1655.58,13322309,22056157155.5,291916,9226887,69.26,0.004565654106045,2.0,826.0,831.275,822.9,825.1,825.0,827.79,821.35,0.004565654106045036,False,False,False
HDFCBANK,EQ,2024-08-12,1650.2,1652.0,1675.95,1647.35,1660.0,1660.1,1664.63,19658098,32723506965.0,363538,12628587,64.24,0.0059992728154161,2.0,826.0,837.975,823.675,830.05,830.0,832.315,825.1,0.0059992728154161234,False,False,False
HDFCBANK,EQ,2024-08-13,1660.1,1628.0,1632.4,1601.15,1605.9,1603.2,1613.32,27027521,43604163966.1,601558,15122063,55.95,-0.0342750436720679,2.0,814.0,816.2,800.575,801.6,802.95,806.66,830.05,-0.034275043672067906,False,False,False
HDFCBANK,EQ,2024-08-14,1603.2,1606.5,1613.7,1603.2,1607.8,1607.8,1607.97,16167214,25996412110.4,259067,8419023,52.07,0.0028692614770458,2.0,803.25,806.85,801.6,803.9,803.9,803.985,801.6,0.0028692614770458036,False,False,False
HDFCBANK,EQ,2024-08-16,1607.8,1628.5,1634.15,1611.0,1631.5,1632.1,1624.71,13924623,22623479529.55,302506,7629703,54.79,0.0151138201268814,2.0,814.25,817.075,805.5,816.05,815.75,812.355,803.9,0.01511382012688145,False,False,False
HDFCBANK,EQ,2024-08-19,1632.1,1637.65,1637.65,1623.7,1632.75,1631.55,1628.46,9751082,15879278800.8,166314,5371807,55.09,-0.0003369891550762,2.0,818.825,818.825,811.85,815.775,816.375,814.23,816.05,-0.0003369891550762949,False,False,False
HDFCBANK,EQ,2024-08-20,1631.55,1627.45,1646.0,1627.45,1634.0,1637.7,1639.14,15567247,25516952644.85,240802,7159684,45.99,0.0037694217155466,2.0,813.725,823.0,813.725,818.85,817.0,819.57,815.775,0.003769421715546617,False,False,False
HDFCBANK,EQ,2024-08-21,1637.7,1628.1,1634.55,1617.8,1628.0,1625.8,1624.85,23815452,38696527016.25,323415,14602427,61.31,-0.0072662880869512,2.0,814.05,817.275,808.9,812.9,814.0,812.425,818.85,-0.007266288086951289,False,False,False
HDFCBANK,EQ,2024-08-22,1625.8,1632.0,1638.3,1628.0,1628.95,1631.3,1632.58,10650319,17387521802.75,272441,6904642,64.83,0.003382949932341,2.0,816.0,819.15,814.0,815.65,814.475,816.29,812.9,0.003382949932341006,False,False,False
HDFCBANK,EQ,2024-08-23,1631.3,1634.0,1634.0,1623.0,1625.2,1625.05,1627.63,10166711,16547668751.15,212238,7212100,70.94,-0.0038313001900325,2.0,817.0,817.0,811.5,812.525,812.6,813.815,815.65,-0.003831300190032527,False,False,False
HDFCBANK,EQ,2024-08-26,1625.05,1632.2,1647.95,1632.2,1640.0,1639.95,1642.31,11182133,18364486559.55,275112,7846052,70.17,0.0091689486477339,2.0,816.1,823.975,816.1,819.975,820.0,821.155,812.525,0.009168948647733988,False,False,False
HDFCBANK,EQ,2024-08-27,1639.95,1643.4,1647.4,1632.2,1634.45,1637.75,1639.59,17886622,29326792469.0,292507,11020707,61.61,-0.0013415043141559,2.0,821.7,823.7,816.1,818.875,817.225,819.795,819.975,-0.0013415043141559169,False,False,False
HDFCBANK,EQ,2024-08-28,1637.75,1637.75,1639.75,1630.2,1635.95,1637.1,1636.29,13460594,22025391586.45,275424,8541633,63.46,-0.0003968859716074,2.0,818.875,819.875,815.1,818.55,817.975,818.145,818.875,-0.00039688597160747463,False,False,False
HDFCBANK,EQ,2024-08-29,1637.1,1642.0,1644.4,1631.15,1639.95,1638.55,1637.56,24526302,40163206501.15,432962,18760652,76.49,0.0008857125404679,2.0,821.0,822.2,815.575,819.275,819.975,818.78,818.55,0.0008857125404679866,False,False,False
HDFCBANK,EQ,2024-08-30,1638.55,1656.0,1662.0,1621.15,1625.75,1636.9,1638.34,222671050,364811305104.2,564643,154380134,69.33,-0.0010069878856304,2.0,828.0,831.0,810.575,818.45,812.875,819.17,819.275,-0.0010069878856304726,False,False,False
HDFCBANK,EQ,2024-09-02,1636.9,1646.8,1646.8,1623.2,1626.0,1626.95,1631.94,17024840,27783483803.95,375245,12018518,70.59,-0.0060785631376382,2.0,823.4,823.4,811.6,813.475,813.0,815.97,818.45,-0.006078563137638215,False,False,False
HDFCBANK,EQ,2024-09-03,1626.95,1634.0,1639.95,1624.6,1638.0,1637.35,1632.11,18641430,30424819912.05,292439,12551277,67.33,0.0063923292049539,2.0,817.0,819.975,812.3,818.675,819.0,816.055,813.475,0.006392329204953917,False,False,False
HDFCBANK,EQ,2024-09-04,1637.35,1639.0,1644.8,1632.0,1641.05,1641.8,1639.54,12341372,20234215559.05,294496,6268023,50.79,0.002717806211256,2.0,819.5,822.4,816.0,820.9,820.525,819.77,818.675,0.0027178062112560575,False,False,False
HDFCBANK,EQ,2024-09-05,1641.8,1646.0,1649.9,1642.0,1644.4,1645.45,1645.43,11438159,18820712001.8,245493,8688322,75.96,0.0022231696918018,2.0,823.0,824.95,821.0,822.725,822.2,822.715,820.9,0.0022231696918018073,False,False,False
HDFCBANK,EQ,2024-09-06,1645.45,1638.3,1647.75,1634.1,1638.15,1636.95,1639.77,13014801,21341304566.1,296891,8562105,65.79,-0.0051657601264092,2.0,819.15,823.875,817.05,818.475,819.075,819.885,822.725,-0.005165760126409236,False,False,False
HDFCBANK,EQ,2024-09-09,1636.95,1638.0,1648.5,1630.1,1644.85,1646.5,1640.85,11896457,19520244474.05,258547,7816428,65.7,0.0058340205870672,2.0,819.0,824.25,815.05,823.25,822.425,820.425,818.475,0.005834020587067279,False,False,False
HDFCBANK,EQ,2024-09-10,1646.5,1654.0,1654.0,1638.0,1650.8,1650.35,1648.2,13303323,21926534318.85,306124,6978769,52.46,0.0023382933495292,2.0,827.0,827.0,819.0,825.175,825.4,824.1,823.25,0.0023382933495292857,False,False,False
HDFCBANK,EQ,2024-09-11,1650.35,1650.4,1652.5,1639.2,1650.0,1643.9,1645.85,11113342,18290901279.5,248100,4560477,41.04,-0.0039082618838427,2.0,825.2,826.25,819.6,821.95,825.0,822.925,825.175,-0.003908261883842745,False,False,False
HDFCBANK,EQ,2024-09-12,1643.9,1654.0,1670.0,1647.05,1661.45,1666.6,1659.83,16212023,26909182591.25,266121,9274830,57.21,0.0138086258288216,2.0,827.0,835.0,823.525,833.3,830.725,829.915,821.95,0.013808625828821697,False,False,False
HDFCBANK,EQ,2024-09-13,1666.6,1674.0,1674.0,1657.05,1664.8,1665.95,1663.66,11930266,19847946539.35,275521,7079723,59.34,-0.0003900156006239,2.0,837.0,837.0,828.525,832.975,832.4,831.83,833.3,-0.0003900156006239053,False,False,False
HDFCBANK,EQ,2024-09-16,1665.95,1667.0,1677.8,1664.05,1670.0,1670.95,1670.83,7586410,12675630406.45,214575,5258278,69.31,0.0030012905549385,2.0,833.5,838.9,832.025,835.475,835.0,835.415,832.975,0.003001290554938585,False,False,False
HDFCBANK,EQ,2024-09-17,1670.95,1678.0,1678.0,1664.15,1668.3,1668.8,1668.9,10063561,16795097219.15,273207,5693003,56.57,-0.0012866931984799,2.0,839.0,839.0,832.075,834.4,834.15,834.45,835.475,-0.0012866931984799601,False,False,False
HDFCBANK,EQ,2024-09-18,1668.8,1671.85,1698.9,1671.1,1692.95,1694.8,1691.3,20458671,34601683780.25,447311,12237216,59.81,0.0155800575263662,2.0,835.925,849.45,835.55,847.4,846.475,845.65,834.4,0.015580057526366264,False,False,False
HDFCBANK,EQ,2024-09-19,1694.8,1699.2,1719.0,1699.15,1707.7,1708.5,1710.95,15325888,26221770150.4,347649,9714192,63.38,0.0080835496813782,2.0,849.6,859.5,849.575,854.25,853.85,855.475,847.4,0.008083549681378255,False,False,False
HDFCBANK,EQ,2024-09-20,1708.5,1716.5,1744.95,1707.55,1737.2,1741.2,1734.6,30311693,52578627456.0,519608,17465531,57.62,0.0191395961369622,2.0,858.25,872.475,853.775,870.6,868.6,867.3,854.25,0.019139596136962256,False,False,False
HDFCBANK,EQ,2024-09-23,1741.2,1749.0,1766.35,1740.25,1757.0,1759.8,1756.93,13482675,23688096929.7,449232,8794661,65.23,0.0106822880771881,2.0,874.5,883.175,870.125,879.9,878.5,878.465,870.6,0.010682288077188185,False,False,False
HDFCBANK,EQ,2024-09-24,1759.8,1765.0,1781.65,1754.25,1766.7,1768.05,1768.8,16519518,29219757725.3,404809,9425560,57.06,0.0046880327309921,2.0,882.5,890.825,877.125,884.025,883.35,884.4,879.9,0.004688032730992164,False,False,False
HDFCBANK,EQ,2024-09-25,1768.05,1760.15,1788.0,1760.15,1779.85,1779.1,1778.97,15982656,28432592068.7,498237,9863354,61.71,0.0062498232516048,2.0,880.075,894.0,880.075,889.55,889.925,889.485,884.025,0.006249823251604836,False,False,False
HDFCBANK,EQ,2024-09-26,1779.1,1773.05,1788.0,1768.05,1778.0,1783.45,1778.51,15949822,28366959862.95,343553,10985707,68.88,0.0024450564892362,2.0,886.525,894.0,884.025,891.725,889.0,889.255,889.55,0.002445056489236208,False,False,False
HDFCBANK,EQ,2024-09-27,1783.45,1777.0,1778.2,1750.0,1753.0,1752.65,1759.73,17806751,31335062628.8,339917,13002178,73.02,-0.0172698982309568,2.0,888.5,889.1,875.0,876.325,876.5,879.865,891.725,-0.017269898230956815,False,False,False
HDFCBANK,EQ,2024-09-30,1752.65,1748.8,1751.45,1724.4,1732.0,1732.05,1734.57,13191767,22882063615.1,343613,9541132,72.33,-0.0117536302170998,2.0,874.4,875.725,862.2,866.025,866.0,867.285,876.325,-0.011753630217099853,False,False,False
HDFCBANK,EQ,2024-10-01,1732.05,1724.0,1742.0,1720.1,1728.3,1726.2,1725.83,12286142,21203853820.45,237679,6953201,56.59,-0.0033775006495192,2.0,862.0,871.0,860.05,863.1,864.15,862.915,866.025,-0.0033775006495192494,False,False,False
HDFCBANK,EQ,2024-10-03,1726.2,1715.65,1726.15,1673.35,1681.0,1682.0,1694.79,24236699,41076220098.05,520129,17610464,72.66,-0.0256053759703395,2.0,857.825,863.075,836.675,841.0,840.5,847.395,863.1,-0.025605375970339517,False,False,False
HDFCBANK,EQ,2024-10-04,1682.0,1674.5,1690.65,1653.0,1661.25,1657.65,1673.77,24341616,40742181439.25,419392,13673903,56.18,-0.0144768133174791,2.0,837.25,845.325,826.5,828.825,830.625,836.885,841.0,-0.014476813317479187,False,False,False
HDFCBANK,EQ,2024-10-07,1657.65,1652.2,1659.0,1613.0,1623.05,1617.8,1631.55,47229148,77056814750.1,535347,28014374,59.32,-0.0240400567067837,2.0,826.1,829.5,806.5,808.9,811.525,815.775,828.825,-0.024040056706783774,False,False,False
HDFCBANK,EQ,2024-10-08,1617.8,1630.0,1656.8,1622.0,1651.25,1651.05,1645.56,14867203,24464906859.05,357296,9503807,63.92,0.0205526022994189,2.0,815.0,828.4,811.0,825.525,825.625,822.78,808.9,0.02055260229941891,False,False,False
HDFCBANK,EQ,2024-10-09,1651.05,1649.5,1656.75,1628.7,1638.0,1633.15,1640.12,20562821,33725505661.6,442682,9564097,46.51,-0.0108415856576117,2.0,824.75,828.375,814.35,816.575,819.0,820.06,825.525,-0.01084158565761173,False,False,False
HDFCBANK,EQ,2024-10-10,1633.15,1639.0,1665.45,1632.5,1661.0,1662.4,1649.38,10877383,17940924970.4,244906,5165604,47.49,0.0179101735909132,2.0,819.5,832.725,816.25,831.2,830.5,824.69,816.575,0.017910173590913292,False,False,False
HDFCBANK,EQ,2024-10-11,1662.4,1664.45,1664.45,1643.25,1651.5,1651.0,1651.51,11836297,19547719278.0,186378,8529644,72.06,-0.0068575553416747,2.0,832.225,832.225,821.625,825.5,825.75,825.755,831.2,-0.006857555341674759,False,False,False
HDFCBANK,EQ,2024-10-14,1651.0,1656.05,1692.05,1654.0,1689.0,1688.1,1682.72,9263754,15588285093.55,261742,6120592,66.07,0.0224712295578437,2.0,828.025,846.025,827.0,844.05,844.5,841.36,825.5,0.022471229557843753,False,False,False
HDFCBANK,EQ,2024-10-15,1688.1,1694.0,1698.0,1675.5,1686.0,1684.1,1684.09,9825565,16547093800.1,195771,5937555,60.43,-0.0023695278715716,2.0,847.0,849.0,837.75,842.05,843.0,842.045,844.05,-0.0023695278715716306,False,False,False
HDFCBANK,EQ,2024-10-16,1684.1,1680.1,1707.95,1680.1,1700.45,1699.8,1698.75,10235341,17387334812.9,244836,6262690,61.19,0.0093224867881955,2.0,840.05,853.975,840.05,849.9,850.225,849.375,842.05,0.009322486788195583,False,False,False
HDFCBANK,EQ,2024-10-17,1699.8,1694.95,1697.65,1665.2,1672.7,1673.15,1676.22,7347866,12316627212.9,199044,4717214,64.2,-0.0156783150958935,2.0,847.475,848.825,832.6,836.575,836.35,838.11,849.9,-0.01567831509589357,False,False,False
HDFCBANK,EQ,2024-10-18,1673.15,1663.1,1691.0,1654.1,1684.8,1681.85,1674.9,12404862,20776848848.9,232916,8255525,66.55,0.0051997728834831,2.0,831.55,845.5,827.05,840.925,842.4,837.45,836.575,0.005199772883483167,False,False,False
HDFCBANK,EQ,2024-10-21,1681.85,1715.0,1748.15,1711.05,1725.0,1728.7,1732.82,23274177,40330032735.8,574448,12767823,54.86,0.0278562297470048,2.0,857.5,874.075,855.525,864.35,862.5,866.41,840.925,0.027856229747004857,False,False,False
HDFCBANK,EQ,2024-10-22,1728.7,1730.05,1740.0,1710.7,1714.8,1714.55,1721.78,19437640,33467338354.45,411821,10390546,53.46,-0.008185341586163,2.0,865.025,870.0,855.35,857.275,857.4,860.89,864.35,-0.00818534158616302,False,False,False
HDFCBANK,EQ,2024-10-23,1714.55,1705.05,1746.5,1705.05,1736.2,1735.8,1736.32,19018045,33021503108.55,386048,12309362,64.72,0.0123939226035985,2.0,852.525,873.25,852.525,867.9,868.1,868.16,857.275,0.012393922603598506,False,False,False
HDFCBANK,EQ,2024-10-24,1735.8,1738.1,1768.65,1738.1,1750.5,1749.65,1755.99,15416129,27070510755.6,342755,10527020,68.29,0.0079790298421478,2.0,869.05,884.325,869.05,874.825,875.25,877.995,867.9,0.007979029842147822,False,False,False
HDFCBANK,EQ,2024-10-25,1749.65,1755.0,1757.85,1728.7,1745.8,1743.4,1740.64,13065239,22741861620.4,337950,7865650,60.2,-0.0035721430000286,2.0,877.5,878.925,864.35,871.7,872.9,870.32,874.825,-0.003572143000028616,False,False,False
HDFCBANK,EQ,2024-10-28,1743.4,1742.0,1751.0,1728.9,1737.0,1734.2,1738.17,11006071,19130422535.5,334425,6998364,63.59,-0.0052770448548813,2.0,871.0,875.5,864.45,867.1,868.5,869.085,871.7,-0.005277044854881341,False,False,False
HDFCBANK,EQ,2024-10-29,1734.2,1726.15,1764.0,1725.1,1749.75,1751.85,1744.14,17897463,31215711397.75,381375,10658618,59.55,0.0101776035059393,2.0,863.075,882.0,862.55,875.925,874.875,872.07,867.1,0.010177603505939326,False,False,False
HDFCBANK,EQ,2024-10-30,1751.85,1742.0,1754.75,1724.2,1737.0,1734.6,1736.38,16357862,28403432611.95,350916,9806297,59.95,-0.0098467334532066,2.0,871.0,877.375,862.1,867.3,868.5,868.19,875.925,-0.009846733453206635,False,False,False
HDFCBANK,EQ,2024-10-31,1734.6,1728.0,1738.9,1719.4,1734.3,1735.7,1731.49,11447956,19822046508.9,277300,8152758,71.22,0.0006341519658712,2.0,864.0,869.45,859.7,867.85,867.15,865.745,867.3,0.0006341519658712436,False,False,False
HDFCBANK,EQ,2024-11-01,1735.7,1733.0,1744.1,1726.1,1737.0,1737.3,1738.79,879846,1529870165.6,69860,311374,35.39,0.0009218182865702,2.0,866.5,872.05,863.05,868.65,868.5,869.395,867.85,0.0009218182865702307,False,False,False
HDFCBANK,EQ,2024-11-04,1737.3,1745.0,1745.0,1710.9,1716.8,1714.1,1723.47,14044624,24205513156.95,342162,9628154,68.55,-0.0133540551430381,2.0,872.5,872.5,855.45,857.05,858.4,861.735,868.65,-0.013354055143038113,False,False,False
HDFCBANK,EQ,2024-11-05,1714.1,1703.0,1762.7,1697.9,1753.5,1757.85,1736.4,22116203,38402543188.05,362395,12508130,56.56,0.0255235983898256,2.0,851.5,881.35,848.95,878.925,876.75,868.2,857.05,0.025523598389825652,False,False,False
HDFCBANK,EQ,2024-11-06,1757.85,1771.5,1771.5,1745.35,1756.0,1755.25,1753.58,13893955,24364201740.05,249677,8170849,58.81,-0.0014790795574138,2.0,885.75,885.75,872.675,877.625,878.0,876.79,878.925,-0.001479079557413887,False,False,False
HDFCBANK,EQ,2024-11-07,1755.25,1744.3,1760.95,1738.0,1743.5,1746.55,1746.6,9447728,16501384112.8,315964,5681231,60.13,-0.0049565588947443,2.0,872.15,880.475,869.0,873.275,871.75,873.3,877.625,-0.004956558894744334,False,False,False
HDFCBANK,EQ,2024-11-08,1746.55,1752.0,1761.8,1745.85,1751.9,1754.45,1754.62,9951493,17461070459.45,253333,6688588,67.21,0.0045232028856889,2.0,876.0,880.9,872.925,877.225,875.95,877.31,873.275,0.0045232028856889706,False,False,False
HDFCBANK,EQ,2024-11-11,1754.45,1754.55,1782.8,1751.2,1763.9,1766.3,1768.85,12282681,21726235735.65,366875,7456943,60.71,0.0067542534697482,2.0,877.275,891.4,875.6,883.15,881.95,884.425,877.225,0.006754253469748228,False,False,False
HDFCBANK,EQ,2024-11-12,1766.3,1772.0,1775.0,1708.65,1719.0,1718.2,1731.71,15697703,27183831491.15,410691,7410508,47.21,-0.0272320670327803,2.0,886.0,887.5,854.325,859.1,859.5,865.855,883.15,-0.02723206703278036,False,False,False
HDFCBANK,EQ,2024-11-13,1718.2,1716.75,1729.4,1673.0,1688.15,1681.35,1699.7,17864250,30363947641.3,384592,9878595,55.3,-0.0214468629961588,2.0,858.375,864.7,836.5,840.675,844.075,849.85,859.1,-0.021446862996158833,False,False,False
HDFCBANK,EQ,2024-11-14,1681.35,1673.1,1704.85,1672.1,1692.4,1692.75,1692.96,13573235,22978907908.45,331159,7307878,53.84,0.0067802658577929,2.0,836.55,852.425,836.05,846.375,846.2,846.48,840.675,0.0067802658577929,False,False,False
HDFCBANK,EQ,2024-11-18,1692.75,1700.0,1718.9,1695.0,1708.3,1705.1,1707.94,13540984,23127123855.1,291631,9562272,70.62,0.0072958204105744,2.0,850.0,859.45,847.5,852.55,854.15,853.97,846.375,0.007295820410574416,False,False,False
HDFCBANK,EQ,2024-11-19,1705.1,1714.0,1753.75,1702.7,1736.0,1742.25,1739.1,25490636,44330862947.85,458303,19018449,74.61,0.0217875784411472,2.0,857.0,876.875,851.35,871.125,868.0,869.55,852.55,0.021787578441147204,False,False,False
HDFCBANK,EQ,2024-11-21,1742.25,1749.4,1759.0,1734.2,1739.95,1741.2,1743.63,17858256,31138162734.4,368837,11902796,66.65,-0.0006026689625483,2.0,874.7,879.5,867.1,870.6,869.975,871.815,871.125,-0.0006026689625483472,False,False,False
HDFCBANK,EQ,2024-11-22,1741.2,1743.55,1754.3,1729.55,1742.1,1745.6,1743.57,12386806,21597223792.5,260956,8137880,65.7,0.0025269928784745,2.0,871.775,877.15,864.775,872.8,871.05,871.785,870.6,0.0025269928784745765,False,False,False
HDFCBANK,EQ,2024-11-25,1745.6,1785.05,1803.55,1764.9,1778.95,1785.6,1784.46,213868637,381639143690.1,600228,174212666,81.46,0.0229147571035746,2.0,892.525,901.775,882.45,892.8,889.475,892.23,872.8,0.0229147571035746,False,False,False
HDFCBANK,EQ,2024-11-26,1785.6,1810.0,1810.0,1769.8,1786.4,1785.55,1784.75,15467783,27606061237.4,261322,9010084,58.25,-2.800179211470688e-05,2.0,905.0,905.0,884.9,892.775,893.2,892.375,892.8,-2.800179211470688e-05,False,False,False
HDFCBANK,EQ,2024-11-27,1785.55,1789.9,1817.35,1785.15,1809.5,1812.3,1801.57,16357488,29469224217.6,330771,8740131,53.43,0.0149813782868024,2.0,894.95,908.675,892.575,906.15,904.75,900.785,892.775,0.01498137828680246,False,False,False
HDFCBANK,EQ,2024-11-28,1812.3,1819.0,1836.1,1788.0,1793.0,1793.15,1808.45,17861196,32301109888.9,379898,10098151,56.54,-0.0105666832202173,2.0,909.5,918.05,894.0,896.575,896.5,904.225,906.15,-0.010566683220217366,False,False,False
HDFCBANK,EQ,2024-11-29,1793.15,1801.3,1804.6,1782.9,1795.5,1796.05,1793.91,13834768,24818389358.55,377555,9143382,66.09,0.0016172657056017,2.0,900.65,902.3,891.45,898.025,897.75,896.955,896.575,0.0016172657056017226,False,False,False
HDFCBANK,EQ,2024-12-02,1796.05,1803.5,1808.15,1775.0,1805.95,1804.7,1791.81,7555438,13537940498.05,219254,4945801,65.46,0.0048161242727096,2.0,901.75,904.075,887.5,902.35,902.975,895.905,898.025,0.00481612427270961,False,False,False
HDFCBANK,EQ,2024-12-03,1804.7,1822.7,1837.4,1816.1,1825.3,1826.3,1827.25,21705121,39660723545.25,304635,15804923,72.82,0.0119687482684101,2.0,911.35,918.7,908.05,913.15,912.65,913.625,902.35,0.011968748268410101,False,False,False
HDFCBANK,EQ,2024-12-04,1826.3,1838.0,1865.0,1831.15,1856.8,1860.1,1854.85,22334542,41427249107.9,436235,15776554,70.64,0.0185073646169851,2.0,919.0,932.5,915.575,930.05,928.4,927.425,913.15,0.0185073646169851,False,False,False
HDFCBANK,EQ,2024-12-05,1860.1,1860.0,1879.95,1835.2,1864.85,1865.75,1862.43,19841357,36953040114.3,436462,11728370,59.11,0.0030374711037042,2.0,930.0,939.975,917.6,932.875,932.425,931.215,930.05,0.0030374711037042257,False,False,False
HDFCBANK,EQ,2024-12-06,1865.75,1857.0,1864.2,1844.0,1855.45,1855.85,1856.73,8891578,16509303748.1,306905,5545799,62.37,-0.0053061771405601,2.0,928.5,932.1,922.0,927.925,927.725,928.365,932.875,-0.005306177140560142,False,False,False
HDFCBANK,EQ,2024-12-09,1855.85,1853.65,1880.0,1849.0,1867.55,1870.0,1871.09,13473956,25211039597.45,234236,10115077,75.07,0.0076245386211171,2.0,926.825,940.0,924.5,935.0,933.775,935.545,927.925,0.007624538621117116,False,False,False
HDFCBANK,EQ,2024-12-10,1870.0,1877.7,1877.7,1858.55,1867.65,1868.1,1867.3,6662740,12441343169.15,231195,4095005,61.46,-0.0010160427807487,2.0,938.85,938.85,929.275,934.05,933.825,933.65,935.0,-0.0010160427807487382,False,False,False
HDFCBANK,EQ,2024-12-11,1868.1,1861.7,1871.9,1856.75,1862.5,1863.1,1864.0,7022713,13090328471.35,233801,4031962,57.41,-0.0026765162464535,2.0,930.85,935.95,928.375,931.55,931.25,932.0,934.05,-0.0026765162464535974,False,False,False
HDFCBANK,EQ,2024-12-12,1863.1,1851.0,1868.65,1848.7,1858.0,1859.25,1858.38,8646895,16069241440.6,201479,4630670,53.55,-0.0020664483924641,2.0,925.5,934.325,924.35,929.625,929.0,929.19,931.55,-0.0020664483924641708,False,False,False
HDFCBANK,EQ,2024-12-13,1859.25,1862.5,1875.0,1829.25,1873.3,1871.75,1858.29,9504501,17662074120.8,218405,4985509,52.45,0.0067231410514991,2.0,931.25,937.5,914.625,935.875,936.65,929.145,929.625,0.006723141051499182,False,False,False
HDFCBANK,EQ,2024-12-16,1871.75,1865.1,1869.95,1855.25,1862.0,1865.2,1863.37,6553541,12211702096.0,177602,3729437,56.91,-0.0034993989581941,2.0,932.55,934.975,927.625,932.6,931.0,931.685,935.875,-0.0034993989581941776,False,False,False
HDFCBANK,EQ,2024-12-17,1865.2,1856.35,1862.35,1826.5,1829.9,1833.25,1840.34,10539766,19396785094.9,273231,5930094,56.26,-0.0171295303452713,2.0,928.175,931.175,913.25,916.625,914.95,920.17,932.6,-0.017129530345271315,False,False,False
HDFCBANK,EQ,2024-12-18,1833.25,1829.85,1836.0,1807.15,1812.0,1810.7,1817.52,11711156,21285273596.85,235785,7999429,68.31,-0.0123005591163234,2.0,914.925,918.0,903.575,905.35,906.0,908.76,916.625,-0.01230055911632344,False,False,False
HDFCBANK,EQ,2024-12-19,1810.7,1799.6,1801.1,1779.0,1794.0,1793.5,1791.37,12690385,22733148296.1,226833,8648980,68.15,-0.0094990887502071,2.0,899.8,900.55,889.5,896.75,897.0,895.685,905.35,-0.009499088750207108,False,False,False
HDFCBANK,EQ,2024-12-20,1793.5,1782.2,1797.55,1767.05,1777.1,1771.5,1778.49,12846174,22846837948.65,248859,7700019,59.94,-0.0122665179816002,2.0,891.1,898.775,883.525,885.75,888.55,889.245,896.75,-0.012266517981600278,False,False,False
HDFCBANK,EQ,2024-12-23,1771.5,1782.0,1806.0,1781.3,1802.0,1801.0,1798.41,5522296,9931339240.15,196041,2993179,54.2,0.0166525543324866,2.0,891.0,903.0,890.65,900.5,901.0,899.205,885.75,0.01665255433248669,False,False,False
HDFCBANK,EQ,2024-12-24,1801.0,1802.05,1808.7,1789.55,1799.65,1798.1,1798.76,7242917,13028270259.6,186401,3268593,45.13,-0.0016102165463631,2.0,901.025,904.35,894.775,899.05,899.825,899.38,900.5,-0.0016102165463631746,False,False,False
HDFCBANK,EQ,2024-12-26,1798.1,1798.55,1812.0,1780.75,1792.5,1790.75,1793.76,5240839,9400810018.35,206346,2716334,51.83,-0.0040876480729659,2.0,899.275,906.0,890.375,895.375,896.25,896.88,899.05,-0.00408764807296591,False,False,False
HDFCBANK,EQ,2024-12-27,1790.75,1794.8,1805.95,1789.1,1801.0,1798.25,1796.11,3629665,6519260348.4,118374,1901649,52.39,0.0041881893061566,2.0,897.4,902.975,894.55,899.125,900.5,898.055,895.375,0.004188189306156609,False,False,False
HDFCBANK,EQ,2024-12-30,1798.25,1792.2,1815.0,1771.0,1784.0,1777.9,1785.2,11111109,19835603545.9,242576,6185214,55.67,-0.0113165577644932,2.0,896.1,907.5,885.5,888.95,892.0,892.6,899.125,-0.011316557764493251,False,False,False
HDFCBANK,EQ,2024-12-31,1777.9,1770.3,1781.8,1765.6,1772.0,1772.85,1773.08,7058618,12515466451.75,178863,4299418,60.91,-0.0028404297204568,2.0,885.15,890.9,882.8,886.425,886.0,886.54,888.95,-0.0028404297204568385,False,False,False
HDFCBANK,EQ,2025-01-01,1772.85,1773.45,1794.0,1761.1,1784.95,1782.75,1781.22,3656903,6513766065.7,137050,1646509,45.02,0.0055842287841612,2.0,886.725,897.0,880.55,891.375,892.475,890.61,886.425,0.005584228784161205,False,False,False
HDFCBANK,EQ,2025-01-02,1782.75,1777.1,1803.45,1773.0,1792.35,1793.75,1792.0,9279288,16628452536.95,207825,5804214,62.55,0.0061702426027205,2.0,888.55,901.725,886.5,896.875,896.175,896.0,891.375,0.006170242602720588,False,False,False
HDFCBANK,EQ,2025-01-03,1793.75,1791.0,1795.25,1746.3,1748.4,1749.2,1758.6,12213097,21477958569.15,331392,7452366,61.02,-0.0248362369337978,2.0,895.5,897.625,873.15,874.6,874.2,879.3,896.875,-0.024836236933797884,False,False,False
HDFCBANK,EQ,2025-01-06,1749.2,1740.1,1757.2,1705.8,1711.0,1710.5,1725.21,9408174,16231088938.6,286152,5639127,59.94,-0.0221243997255888,2.0,870.05,878.6,852.9,855.25,855.5,862.605,874.6,-0.022124399725588884,False,False,False
HDFCBANK,EQ,2025-01-07,1710.5,1715.0,1721.0,1700.0,1712.95,1713.4,1712.76,6763953,11585014112.5,183035,4379489,64.75,0.0016954106986262,2.0,857.5,860.5,850.0,856.7,856.475,856.38,855.25,0.0016954106986262207,False,False,False
HDFCBANK,EQ,2025-01-08,1713.4,1708.25,1711.65,1683.35,1694.2,1694.3,1694.07,9869095,16718930725.7,333259,7359145,74.57,-0.011147426170188,2.0,854.125,855.825,841.675,847.15,847.1,847.035,856.7,-0.011147426170188046,False,False,False
HDFCBANK,EQ,2025-01-09,1694.3,1684.15,1689.0,1658.1,1668.8,1667.8,1668.1,20210111,33712559507.35,484900,15902698,78.69,-0.0156406775659564,2.0,842.075,844.5,829.05,833.9,834.4,834.05,847.15,-0.01564067756595644,False,False,False
HDFCBANK,EQ,2025-01-10,1667.8,1671.0,1674.9,1654.0,1657.0,1656.75,1664.65,8726640,14526837756.8,215325,6098530,69.88,-0.0066254946636287,2.0,835.5,837.45,827.0,828.375,828.5,832.325,833.9,-0.006625494663628717,False,False,False
HDFCBANK,EQ,2025-01-13,1656.75,1640.0,1646.75,1624.3,1632.1,1630.85,1634.5,10834533,17709048137.7,275849,7359117,67.92,-0.0156330164478648,2.0,820.0,823.375,812.15,815.425,816.05,817.25,828.375,-0.015633016447864856,False,False,False
HDFCBANK,EQ,2025-01-14,1630.85,1639.9,1656.2,1637.0,1650.75,1646.6,1646.85,13330716,21953639202.1,315905,9362523,70.23,0.0096575405463408,2.0,819.95,828.1,818.5,823.3,825.375,823.425,815.425,0.009657540546340826,False,False,False
HDFCBANK,EQ,2025-01-15,1646.6,1656.5,1662.7,1636.3,1645.7,1643.05,1648.56,7011446,11558819066.05,207907,4547576,64.86,-0.0021559577310822,2.0,828.25,831.35,818.15,821.525,822.85,824.28,823.3,-0.0021559577310822364,False,False,False
HDFCBANK,EQ,2025-01-16,1643.05,1652.85,1660.55,1642.85,1654.85,1652.05,1650.92,10606227,17510025478.45,215124,6779516,63.92,0.0054776178448616,2.0,826.425,830.275,821.425,826.025,827.425,825.46,821.525,0.005477617844861671,False,False,False
HDFCBANK,EQ,2025-01-17,1652.05,1643.5,1650.5,1628.5,1636.7,1636.75,1636.01,11556038,18905738551.0,214237,8358047,72.33,-0.0092612209073574,2.0,821.75,825.25,814.25,818.375,818.35,818.005,826.025,-0.009261220907357481,False,False,False
HDFCBANK,EQ,2025-01-20,1636.75,1626.0,1660.95,1626.0,1652.85,1651.25,1646.81,8778809,14457009775.1,226533,5964056,67.94,0.0088590193981976,2.0,813.0,830.475,813.0,825.625,826.425,823.405,818.375,0.008859019398197665,False,False,False
HDFCBANK,EQ,2025-01-21,1651.25,1658.25,1661.05,1633.05,1645.75,1642.4,1645.24,15579072,25631380761.95,270722,7211191,46.29,-0.0053595760787281,2.0,829.125,830.525,816.525,821.2,822.875,822.62,825.625,-0.005359576078728168,False,False,False
HDFCBANK,EQ,2025-01-22,1642.4,1642.4,1671.9,1625.45,1671.9,1666.05,1653.85,15309653,25319845164.8,367130,7697124,50.28,0.0143996590355577,2.0,821.2,835.95,812.725,833.025,835.95,826.925,821.2,0.014399659035557733,False,False,False
HDFCBANK,EQ,2025-01-23,1666.05,1687.0,1687.0,1651.25,1665.0,1664.9,1665.84,17454579,29076566202.7,445411,11872698,68.02,-0.0006902553944958,2.0,843.5,843.5,825.625,832.45,832.5,832.92,833.025,-0.0006902553944958534,False,False,False
HDFCBANK,EQ,2025-01-24,1664.9,1660.0,1670.3,1644.5,1645.0,1649.8,1658.68,12118100,20100037678.05,271994,9052586,74.7,-0.0090696137906181,2.0,830.0,835.15,822.25,824.9,822.5,829.34,832.45,-0.009069613790618103,False,False,False
HDFCBANK,EQ,2025-01-27,1649.8,1641.1,1643.6,1626.0,1629.5,1629.8,1632.37,11402083,18612439467.95,277125,8546424,74.95,-0.012122681537156,2.0,820.55,821.8,813.0,814.9,814.75,816.185,824.9,-0.01212268153715601,False,False,False
HDFCBANK,EQ,2025-01-28,1629.8,1647.0,1684.3,1647.0,1673.3,1670.4,1670.57,15089656,25208271808.85,350835,8576705,56.84,0.0249110320284697,2.0,823.5,842.15,823.5,835.2,836.65,835.285,814.9,0.02491103202846978,False,False,False
HDFCBANK,EQ,2025-01-29,1670.4,1675.0,1681.15,1668.85,1676.0,1677.3,1675.45,6309945,10571994646.45,196187,4346810,68.89,0.0041307471264366,2.0,837.5,840.575,834.425,838.65,838.0,837.725,835.2,0.004130747126436685,False,False,False
HDFCBANK,EQ,2025-01-30,1677.3,1681.0,1697.9,1672.55,1693.1,1691.5,1685.73,12872423,21699404205.05,263161,7227795,56.15,0.0084659870029213,2.0,840.5,848.95,836.275,845.75,846.55,842.865,838.65,0.008465987002921338,False,False,False
HDFCBANK,EQ,2025-01-31,1691.5,1687.25,1704.7,1683.95,1699.5,1698.75,1696.52,7910843,13420873179.4,215938,5543535,70.08,0.0042861365651787,2.0,843.625,852.35,841.975,849.375,849.75,848.26,845.75,0.004286136565178733,False,False,False
HDFCBANK,EQ,2025-02-01,1698.75,1697.5,1713.0,1676.05,1692.0,1690.95,1694.22,2793764,4733238897.95,88839,1039250,37.2,-0.0045916114790286,2.0,848.75,856.5,838.025,845.475,846.0,847.11,849.375,-0.0045916114790286455,False,False,False
HDFCBANK,EQ,2025-02-03,1690.95,1670.0,1686.8,1663.45,1679.6,1678.0,1679.49,10138270,17027093333.7,230780,7893988,77.86,-0.0076584168662586,2.0,835.0,843.4,831.725,839.0,839.8,839.745,845.475,-0.007658416866258677,False,False,False
HDFCBANK,EQ,2025-02-04,1678.0,1688.7,1725.8,1680.05,1716.3,1720.9,1710.93,14308251,24480395914.25,342091,10300349,71.99,0.0255661501787842,2.0,844.35,862.9,840.025,860.45,858.15,855.465,839.0,0.025566150178784275,False,False,False
HDFCBANK,EQ,2025-02-05,1720.9,1733.0,1744.2,1718.9,1734.8,1737.8,1733.84,11837753,20524785237.35,275185,9425082,79.62,0.0098204427915624,2.0,866.5,872.1,859.45,868.9,867.4,866.92,860.45,0.009820442791562467,False,False,False
HDFCBANK,EQ,2025-02-06,1737.8,1735.5,1749.0,1724.0,1746.5,1743.85,1735.75,13380358,23225008521.55,225108,8694892,64.98,0.00348141328116,2.0,867.75,874.5,862.0,871.925,873.25,867.875,868.9,0.0034814132811600285,False,False,False
HDFCBANK,EQ,2025-02-07,1743.85,1750.0,1767.0,1725.0,1732.0,1732.75,1744.99,11754800,20512007682.55,326327,7964834,67.76,-0.0063652263669466,2.0,875.0,883.5,862.5,866.375,866.0,872.495,871.925,-0.006365226366946697,False,False,False
HDFCBANK,EQ,2025-02-10,1732.75,1717.3,1723.45,1708.5,1716.6,1715.75,1715.57,8597975,14750390095.15,175150,6364813,74.03,-0.0098109940845476,2.0,858.65,861.725,854.25,857.875,858.3,857.785,866.375,-0.009810994084547664,False,False,False
HDFCBANK,EQ,2025-02-11,1715.75,1703.0,1711.0,1688.7,1700.95,1701.4,1700.06,11362352,19316630388.15,182730,7806510,68.71,-0.0083636893486812,2.0,851.5,855.5,844.35,850.7,850.475,850.03,857.875,-0.008363689348681258,False,False,False
HDFCBANK,EQ,2025-02-12,1701.4,1693.0,1712.0,1681.2,1710.65,1706.8,1696.59,11404785,19349271431.55,286053,8133575,71.32,0.003173856823792,2.0,846.5,856.0,840.6,853.4,855.325,848.295,850.7,0.0031738568237920095,False,False,False
HDFCBANK,EQ,2025-02-13,1706.8,1699.0,1714.25,1693.55,1698.95,1697.7,1702.88,6301217,10730216799.15,200278,3580241,56.82,-0.0053316147176001,2.0,849.5,857.125,846.775,848.85,849.475,851.44,853.4,-0.0053316147176001305,False,False,False
HDFCBANK,EQ,2025-02-14,1697.7,1701.9,1701.9,1680.0,1694.4,1694.85,1690.46,9979946,16870660139.45,309031,7805589,78.21,-0.0016787418271779,2.0,850.95,850.95,840.0,847.425,847.2,845.23,848.85,-0.0016787418271779764,False,False,False
HDFCBANK,EQ,2025-02-17,1694.85,1685.2,1720.0,1681.25,1719.0,1717.35,1702.14,6469473,11011975039.0,262946,4202038,64.95,0.0132755111071776,2.0,842.6,860.0,840.625,858.675,859.5,851.07,847.425,0.013275511107177618,False,False,False
HDFCBANK,EQ,2025-02-18,1717.35,1713.05,1731.55,1706.15,1723.0,1723.05,1721.09,8175455,14070671116.4,322226,5895356,72.11,0.0033190671674381,2.0,856.525,865.775,853.075,861.525,861.5,860.545,858.675,0.003319067167438128,False,False,False
HDFCBANK,EQ,2025-02-19,1723.05,1717.0,1737.9,1712.45,1725.05,1727.2,1727.42,5942056,10264454339.75,300603,4027432,67.78,0.0024085197759786,2.0,858.5,868.95,856.225,863.6,862.525,863.71,861.525,0.002408519775978668,False,False,False
HDFCBANK,EQ,2025-02-20,1727.2,1711.0,1714.7,1685.3,1685.95,1687.1,1695.04,13195255,22366435828.3,246655,9394627,71.2,-0.0232167670217694,2.0,855.5,857.35,842.65,843.55,842.975,847.52,863.6,-0.023216767021769447,False,False,False
HDFCBANK,EQ,2025-02-21,1687.1,1680.9,1694.95,1677.25,1690.0,1692.5,1686.23,7840470,13220829593.15,292907,5281578,67.36,0.0032007586983582,2.0,840.45,847.475,838.625,846.25,845.0,843.115,843.55,0.0032007586983582303,False,False,False
HDFCBANK,EQ,2025-02-24,1692.5,1681.1,1684.2,1661.1,1677.0,1677.1,1672.34,10346823,17303402535.1,245559,7739708,74.8,-0.0090989660265879,2.0,840.55,842.1,830.55,838.55,838.5,836.17,846.25,-0.009098966026587996,False,False,False
HDFCBANK,EQ,2025-02-25,1677.1,1671.1,1688.0,1671.1,1680.85,1682.35,1681.8,12069354,20298255600.95,222521,7140142,59.16,0.0031304036730068,2.0,835.55,844.0,835.55,841.175,840.425,840.9,838.55,0.0031304036730068763,False,False,False
HDFCBANK,EQ,2025-02-27,1682.35,1682.55,1710.75,1682.55,1698.25,1700.7,1701.04,17893400,30437323745.0,333728,13247979,74.04,0.010907361726157,2.0,841.275,855.375,841.275,850.35,849.125,850.52,841.175,0.010907361726157028,False,False,False
HDFCBANK,EQ,2025-02-28,1700.7,1685.0,1737.25,1685.0,1730.15,1732.4,1721.14,27258364,46915554649.05,439035,19548687,71.72,0.0186393837831482,2.0,842.5,868.625,842.5,866.2,865.075,860.57,850.35,0.018639383783148222,False,False,False
HDFCBANK,EQ,2025-03-03,1732.4,1739.8,1743.05,1694.1,1703.55,1701.55,1709.27,10602682,18122815702.35,298350,7174359,67.67,-0.017807665666128,2.0,869.9,871.525,847.05,850.775,851.775,854.635,866.2,-0.017807665666128014,False,False,False
HDFCBANK,EQ,2025-03-04,1701.55,1698.0,1714.3,1693.25,1711.3,1710.0,1706.3,9960479,16995592810.65,323741,7276857,73.06,0.0049660603567336,2.0,849.0,857.15,846.625,855.0,855.65,853.15,850.775,0.004966060356733637,False,False,False
HDFCBANK,EQ,2025-03-05,1710.0,1701.95,1710.8,1688.25,1692.1,1690.0,1695.97,10791936,18302795483.0,361183,7758409,71.89,-0.0116959064327485,2.0,850.975,855.4,844.125,845.0,846.05,847.985,855.0,-0.011695906432748537,False,False,False
HDFCBANK,EQ,2025-03-06,1690.0,1687.0,1699.9,1672.25,1692.4,1691.2,1686.14,16483044,27792685275.85,399697,10038498,60.9,0.0007100591715976,2.0,843.5,849.95,836.125,845.6,846.2,843.07,845.0,0.0007100591715976101,False,False,False
HDFCBANK,EQ,2025-03-07,1691.2,1682.0,1701.15,1677.6,1688.0,1689.25,1690.66,6686457,11304555576.9,191461,4333273,64.81,-0.00115302743614,2.0,841.0,850.575,838.8,844.625,844.0,845.33,845.6,-0.0011530274361400972,False,False,False
HDFCBANK,EQ,2025-03-10,1689.25,1689.0,1699.9,1683.05,1688.7,1687.5,1689.67,7802025,13182846005.05,284969,5764864,73.89,-0.0010359627053425,2.0,844.5,849.95,841.525,843.75,844.35,844.835,844.625,-0.0010359627053425635,False,False,False
HDFCBANK,EQ,2025-03-11,1687.5,1682.4,1694.0,1670.05,1687.9,1685.5,1685.65,9949215,16770918814.65,272484,7071075,71.07,-0.0011851851851851,2.0,841.2,847.0,835.025,842.75,843.95,842.825,843.75,-0.001185185185185178,False,False,False
HDFCBANK,EQ,2025-03-12,1685.5,1691.55,1718.5,1691.55,1711.8,1711.15,1710.44,9392053,16064564334.1,277146,6780880,72.2,0.0152180361910412,2.0,845.775,859.25,845.775,855.575,855.9,855.22,842.75,0.015218036191041229,False,False,False
HDFCBANK,EQ,2025-03-13,1711.15,1716.05,1720.8,1700.05,1705.0,1706.6,1711.11,7868132,13463215400.7,185351,5238428,66.58,-0.0026590304765802,2.0,858.025,860.4,850.025,853.3,852.5,855.555,855.575,-0.0026590304765802264,False,False,False
HDFCBANK,EQ,2025-03-17,1706.6,1705.0,1724.0,1705.0,1710.5,1710.4,1711.13,9475957,16214635449.55,365060,7111163,75.04,0.0022266494784952,2.0,852.5,862.0,852.5,855.2,855.25,855.565,853.3,0.0022266494784952684,False,False,False
HDFCBANK,EQ,2025-03-18,1710.4,1728.0,1737.4,1715.05,1735.6,1732.2,1729.28,10953589,18941785563.7,248631,6834573,62.4,0.0127455565949485,2.0,864.0,868.7,857.525,866.1,867.8,864.64,855.2,0.012745556594948582,False,False,False
HDFCBANK,EQ,2025-03-19,1732.2,1735.0,1751.0,1732.2,1743.95,1744.1,1743.72,7610703,13270934759.25,201878,5811993,76.37,0.0068698764576837,2.0,867.5,875.5,866.1,872.05,871.975,871.86,866.1,0.006869876457683777,False,False,False
HDFCBANK,EQ,2025-03-20,1744.1,1754.0,1774.0,1749.3,1766.6,1768.75,1760.62,8916989,15699398473.15,218030,5904489,66.22,0.0141333639126197,2.0,877.0,887.0,874.65,884.375,883.3,880.31,872.05,0.014133363912619767,False,False,False
HDFCBANK,EQ,2025-03-21,1768.75,1755.55,1774.1,1755.55,1772.5,1770.35,1766.98,16754132,29604196148.95,210244,12849014,76.69,0.0009045936395759,2.0,877.775,887.05,877.775,885.175,886.25,883.49,884.375,0.0009045936395759568,False,False,False
HDFCBANK,EQ,2025-03-24,1770.35,1779.0,1804.4,1773.65,1802.8,1800.0,1794.28,8696868,15604655158.8,286856,5767323,66.31,0.016748100658062,2.0,889.5,902.2,886.825,900.0,901.4,897.14,885.175,0.016748100658062093,False,False,False
HDFCBANK,EQ,2025-03-25,1800.0,1804.9,1843.7,1801.5,1816.0,1821.45,1825.84,19550708,35696516139.2,407401,11974103,61.25,0.0119166666666667,2.0,902.45,921.85,900.75,910.725,908.0,912.92,900.0,0.011916666666666798,False,False,False
HDFCBANK,EQ,2025-03-26,1821.45,1825.0,1827.5,1802.0,1803.0,1806.55,1814.11,12239221,22203311052.1,265431,8782277,71.76,-0.0081802959180873,2.0,912.5,913.75,901.0,903.275,901.5,907.055,910.725,-0.008180295918087332,False,False,False
HDFCBANK,EQ,2025-03-27,1806.55,1800.0,1841.0,1798.1,1821.2,1825.35,1827.55,20829050,38066130418.3,416415,14816314,71.13,0.0104065760704104,2.0,900.0,920.5,899.05,912.675,910.6,913.775,903.275,0.0104065760704104,False,False,False
HDFCBANK,EQ,2025-03-28,1825.35,1829.0,1836.0,1805.85,1825.5,1828.2,1821.88,14386824,26211031845.9,276619,10330293,71.8,0.0015613443997042,2.0,914.5,918.0,902.925,914.1,912.75,910.94,912.675,0.0015613443997042342,False,False,False
HDFCBANK,EQ,2025-04-01,1828.2,1802.0,1809.9,1765.35,1769.9,1767.85,1781.74,14255503,25399632617.35,409481,9301658,65.25,-0.0330106115304672,2.0,901.0,904.95,882.675,883.925,884.95,890.87,914.1,-0.03301061153046725,False,False,False
HDFCBANK,EQ,2025-04-02,1767.85,1770.7,1799.2,1770.7,1798.9,1796.9,1791.24,5786782,10365535361.9,144509,3778623,65.3,0.0164323896258167,2.0,885.35,899.6,885.35,898.45,899.45,895.62,883.925,0.016432389625816723,False,False,False
HDFCBANK,EQ,2025-04-03,1796.9,1781.1,1804.0,1777.0,1792.8,1794.85,1794.09,5625019,10091817304.1,147618,3722325,66.17,-0.0011408536924704,2.0,890.55,902.0,888.5,897.425,896.4,897.045,898.45,-0.0011408536924704116,False,False,False
HDFCBANK,EQ,2025-04-04,1794.85,1813.0,1841.95,1811.1,1816.8,1817.3,1824.22,16770227,30592639918.2,316416,11518395,68.68,0.0125080090258238,2.0,906.5,920.975,905.55,908.65,908.4,912.11,897.425,0.01250800902582383,False,False,False
HDFCBANK,EQ,2025-04-07,1817.3,1762.8,1779.85,1738.2,1760.05,1757.7,1759.15,18997725,33419875202.0,374557,12250901,64.49,-0.0327959060144169,2.0,881.4,889.925,869.1,878.85,880.025,879.575,908.65,-0.03279590601441695,False,False,False
HDFCBANK,EQ,2025-04-08,1757.7,1765.0,1782.0,1750.3,1770.15,1769.15,1769.16,17781936,31459003790.15,355184,10250737,57.65,0.0065141946862377,2.0,882.5,891.0,875.15,884.575,885.075,884.58,878.85,0.0065141946862377065,False,False,False
HDFCBANK,EQ,2025-04-09,1769.15,1765.0,1775.0,1753.5,1765.3,1765.0,1761.66,11227304,19778728957.55,207950,7675538,68.36,-0.0023457592629229,2.0,882.5,887.5,876.75,882.5,882.65,880.83,884.575,-0.0023457592629229085,False,False,False
HDFCBANK,EQ,2025-04-11,1765.0,1774.75,1819.4,1774.75,1805.2,1806.75,1803.31,16387883,29552499474.85,395826,11367066,69.36,0.0236543909348441,2.0,887.375,909.7,887.375,903.375,902.6,901.655,882.5,0.023654390934844116,False,False,False
HDFCBANK,EQ,2025-04-15,1806.75,1865.0,1876.8,1855.0,1865.6,1864.9,1866.76,24649172,46014108976.0,360194,17986230,72.97,0.0321848623218485,2.0,932.5,938.4,927.5,932.45,932.8,933.38,903.375,0.032184862321848584,False,False,False
HDFCBANK,EQ,2025-04-16,1864.9,1883.8,1883.8,1860.5,1875.9,1878.0,1874.15,9568410,17932665363.9,252887,6023703,62.95,0.0070245053354067,2.0,941.9,941.9,930.25,939.0,937.95,937.075,932.45,0.007024505335406772,False,False,False
HDFCBANK,EQ,2025-04-17,1878.0,1882.0,1919.7,1876.7,1905.8,1906.7,1901.41,17851542,33943168763.2,394807,11300117,63.3,0.0152822151224707,2.0,941.0,959.85,938.35,953.35,952.9,950.705,939.0,0.015282215122470744,False,False,False
HDFCBANK,EQ,2025-04-21,1906.7,1924.0,1950.7,1910.0,1925.2,1927.1,1930.83,17123649,33062832499.3,411337,11600626,67.75,0.0106991136518592,2.0,962.0,975.35,955.0,963.55,962.6,965.415,953.35,0.010699113651859271,False,False,False
HDFCBANK,EQ,2025-04-22,1927.1,1935.0,1970.6,1935.0,1960.0,1961.7,1957.16,22980875,44977215852.4,512026,16513580,71.86,0.0179544393129573,2.0,967.5,985.3,967.5,980.85,980.0,978.58,963.55,0.01795443931295737,False,False,False
HDFCBANK,EQ,2025-04-23,1961.7,1978.9,1978.9,1920.5,1920.7,1923.9,1939.04,15285321,29638923676.1,247823,11159514,73.01,-0.0192690013763572,2.0,989.45,989.45,960.25,961.95,960.35,969.52,980.85,-0.01926900137635723,False,False,False
HDFCBANK,EQ,2025-04-24,1923.9,1910.0,1923.9,1905.1,1914.9,1916.8,1916.73,12965877,24852091752.8,227034,7662734,59.1,-0.0036904205000261,2.0,955.0,961.95,952.55,958.4,957.45,958.365,961.95,-0.0036904205000261037,False,False,False
HDFCBANK,EQ,2025-04-25,1916.8,1924.8,1933.0,1891.8,1908.0,1911.2,1911.37,9250439,17681017343.8,201781,5999133,64.85,-0.0029215358931552,2.0,962.4,966.5,945.9,955.6,954.0,955.685,958.4,-0.002921535893155247,False,False,False
HDFCBANK,EQ,2025-04-28,1911.2,1911.2,1929.7,1908.4,1921.0,1920.2,1922.17,6960246,13378745824.7,155527,4859663,69.82,0.0047090832984513,2.0,955.6,964.85,954.2,960.1,960.5,961.085,955.6,0.004709083298451322,False,False,False
HDFCBANK,EQ,2025-04-29,1920.2,1918.8,1928.8,1900.2,1906.0,1908.8,1909.52,9459154,18062438512.3,186299,6019766,63.64,-0.0059368815748359,2.0,959.4,964.4,950.1,954.4,953.0,954.76,960.1,-0.005936881574835962,False,False,False
HDFCBANK,EQ,2025-04-30,1908.8,1913.0,1936.9,1910.3,1920.1,1925.0,1925.02,15968435,30739492241.2,275126,11378694,71.26,0.0084870075440066,2.0,956.5,968.45,955.15,962.5,960.05,962.51,954.4,0.008487007544006664,False,False,False
HDFCBANK,EQ,2025-05-02,1925.0,1929.8,1941.9,1920.0,1923.5,1925.0,1930.63,11406024,22020820771.5,236285,8647253,75.81,0.0,2.0,964.9,970.95,960.0,962.5,961.75,965.315,962.5,0.0,False,False,False
HDFCBANK,EQ,2025-05-05,1925.0,1939.0,1952.0,1932.3,1935.8,1936.8,1940.79,7534012,14621940034.0,160044,4772438,63.35,0.0061298701298702,2.0,969.5,976.0,966.15,968.4,967.9,970.395,962.5,0.006129870129870207,False,False,False
HDFCBANK,EQ,2025-05-06,1936.8,1930.0,1940.1,1924.3,1928.6,1931.7,1931.89,8745078,16894488689.1,140830,6377477,72.93,-0.002633209417596,2.0,965.0,970.05,962.15,965.85,964.3,965.945,968.4,-0.0026332094175960385,False,False,False
HDFCBANK,EQ,2025-05-07,1931.7,1934.0,1948.7,1922.4,1945.0,1945.6,1939.91,10710389,20777145511.0,178998,7816814,72.98,0.0071957343272763,2.0,967.0,974.35,961.2,972.8,972.5,969.955,965.85,0.007195734327276382,False,False,False
HDFCBANK,EQ,2025-05-08,1945.6,1954.8,1954.8,1919.1,1921.5,1928.5,1933.8,17401715,33651432174.3,280256,11992864,68.92,-0.0087890625,2.0,977.4,977.4,959.55,964.25,960.75,966.9,972.8,-0.0087890625,False,False,False
HDFCBANK,EQ,2025-05-09,1928.5,1910.1,1919.0,1886.8,1893.3,1889.7,1894.97,8594398,16286144558.6,292155,6418433,74.68,-0.0201192636764324,2.0,955.05,959.5,943.4,944.85,946.65,947.485,964.25,-0.020119263676432464,False,False,False
HDFCBANK,EQ,2025-05-12,1889.7,1917.6,1959.9,1912.3,1956.4,1957.2,1948.86,9309486,18142865391.2,207249,6484427,69.65,0.0357199555484997,2.0,958.8,979.95,956.15,978.6,978.2,974.43,944.85,0.035719955548499716,False,False,False
HDFCBANK,EQ,2025-05-13,1957.2,1950.0,1961.7,1920.0,1924.9,1922.6,1930.6,12121051,23400936924.4,234495,8111085,66.92,-0.0176783159615778,2.0,975.0,980.85,960.0,961.3,962.45,965.3,978.6,-0.017678315961577873,False,False,False
HDFCBANK,EQ,2025-05-14,1922.6,1922.1,1930.2,1903.0,1913.5,1910.6,1914.76,7722654,14787000374.5,189542,5324638,68.95,-0.0062415479038802,2.0,961.05,965.1,951.5,955.3,956.75,957.38,961.3,-0.006241547903880207,False,False,False
HDFCBANK,EQ,2025-05-15,1910.6,1913.5,1944.8,1897.0,1933.8,1933.8,1923.01,16120729,31000329957.9,224596,8875200,55.05,0.0121427823720297,2.0,956.75,972.4,948.5,966.9,966.9,961.505,955.3,0.012142782372029703,False,False,False
HDFCBANK,EQ,2025-05-16,1933.8,1933.8,1943.8,1928.4,1934.5,1934.7,1933.5,7934005,15340426257.0,175140,5821408,73.37,0.0004654049022649,2.0,966.9,971.9,964.2,967.35,967.25,966.75,966.9,0.00046540490226498754,False,False,False
HDFCBANK,EQ,2025-05-19,1934.7,1937.0,1945.0,1931.0,1937.1,1938.7,1938.13,5101482,9887338159.2,156815,3240362,63.52,0.0020675040057889,2.0,968.5,972.5,965.5,969.35,968.55,969.065,967.35,0.0020675040057889227,False,False,False
HDFCBANK,EQ,2025-05-20,1938.7,1928.1,1934.6,1913.0,1917.1,1914.9,1918.55,11939545,22906655882.1,176524,8268352,69.25,-0.0122762676020012,2.0,964.05,967.3,956.5,957.45,958.55,959.275,969.35,-0.01227626760200129,False,False,False
HDFCBANK,EQ,2025-05-21,1914.9,1927.0,1946.9,1921.1,1925.2,1926.8,1930.42,7566020,14605582585.7,205548,4481751,59.24,0.0062144237296986,2.0,963.5,973.45,960.55,963.4,962.6,965.21,957.45,0.006214423729698604,False,False,False
HDFCBANK,EQ,2025-05-22,1926.8,1915.2,1924.2,1905.2,1924.0,1919.9,1914.84,10653335,20399411133.4,255429,6993511,65.65,-0.003581067054183,2.0,957.6,962.1,952.6,959.95,962.0,957.42,963.4,-0.0035810670541830403,False,False,False
HDFCBANK,EQ,2025-05-23,1919.9,1920.1,1937.0,1914.5,1933.5,1933.6,1929.98,4783036,9231150800.4,116301,3324907,69.51,0.0071357883223084,2.0,960.05,968.5,957.25,966.8,966.75,964.99,959.95,0.007135788322308434,False,False,False
HDFCBANK,EQ,2025-05-26,1933.6,1935.0,1949.9,1926.9,1940.3,1940.2,1939.47,5401430,10475911940.9,201842,3386064,62.69,0.0034133223003725,2.0,967.5,974.95,963.45,970.1,970.15,969.735,966.8,0.003413322300372501,False,False,False
HDFCBANK,EQ,2025-05-27,1940.2,1931.6,1948.0,1916.3,1926.8,1926.3,1927.12,13081074,25208751300.7,202672,7560818,57.8,-0.0071642098752706,2.0,965.8,974.0,958.15,963.15,963.4,963.56,970.1,-0.007164209875270666,False,False,False
HDFCBANK,EQ,2025-05-28,1926.3,1920.2,1934.5,1917.7,1928.4,1923.5,1922.92,9078797,17457806722.1,179687,6653105,73.28,-0.0014535638270258,2.0,960.1,967.25,958.85,961.75,964.2,961.46,963.15,-0.0014535638270258833,False,False,False
HDFCBANK,EQ,2025-05-29,1923.5,1928.0,1940.8,1907.3,1937.6,1927.5,1921.28,14458897,27779560938.6,215462,8083688,55.91,0.0020795425006499,2.0,964.0,970.4,953.65,963.75,968.8,960.64,961.75,0.0020795425006499,False,False,False
HDFCBANK,EQ,2025-05-30,1927.5,1931.9,1948.8,1925.4,1941.5,1944.9,1939.36,14374039,27876395261.1,152055,10680728,74.31,0.0090272373540856,2.0,965.95,974.4,962.7,972.45,970.75,969.68,963.75,0.009027237354085615,False,False,False
HDFCBANK,EQ,2025-06-02,1944.9,1930.1,1936.0,1908.0,1931.0,1932.1,1924.65,7334411,14116152681.3,202297,4806505,65.53,-0.0065813152347165,2.0,965.05,968.0,954.0,966.05,965.5,962.325,972.45,-0.0065813152347165005,False,False,False
HDFCBANK,EQ,2025-06-03,1932.1,1938.0,1952.0,1920.0,1923.5,1924.6,1933.85,12188792,23571332796.7,202204,8884330,72.89,-0.0038817866570053,2.0,969.0,976.0,960.0,962.3,961.75,966.925,966.05,-0.003881786657005337,False,False,False
HDFCBANK,EQ,2025-06-04,1924.6,1921.0,1943.3,1920.9,1939.5,1941.2,1935.52,6480771,12543693178.6,205372,4648807,71.73,0.0086251688662579,2.0,960.5,971.65,960.45,970.6,969.75,967.76,962.3,0.00862516886625797,False,False,False
HDFCBANK,EQ,2025-06-05,1941.2,1948.0,1958.9,1940.2,1952.0,1949.6,1950.15,11127709,21700698216.2,216860,6248672,56.15,0.0043272202761177,2.0,974.0,979.45,970.1,974.8,976.0,975.075,970.6,0.00432722027611776,False,False,False
HDFCBANK,EQ,2025-06-06,1949.6,1944.0,1996.3,1942.7,1978.0,1978.7,1976.03,15063504,29765991590.3,354572,9208623,61.13,0.0149261386951169,2.0,972.0,998.15,971.35,989.35,989.0,988.015,974.8,0.014926138695116942,False,False,False
HDFCBANK,EQ,2025-06-09,1978.7,1995.0,1995.0,1975.9,1980.1,1978.9,1982.15,6601294,13084780209.8,203285,4310858,65.3,0.0001010764643452,2.0,997.5,997.5,987.95,989.45,990.05,991.075,989.35,0.00010107646434520667,False,False,False
HDFCBANK,EQ,2025-06-10,1978.9,1982.8,1982.8,1961.1,1962.8,1965.3,1967.94,7766563,15284154944.5,281306,5433094,69.95,-0.0068725049269796,2.0,991.4,991.4,980.55,982.65,981.4,983.97,989.45,-0.006872504926979661,False,False,False
HDFCBANK,EQ,2025-06-11,1965.3,1967.6,1967.6,1947.0,1947.9,1950.4,1956.28,5548197,10853832767.0,181762,4381595,78.97,-0.0075815397140385,2.0,983.8,983.8,973.5,975.2,973.95,978.14,982.65,-0.007581539714038521,False,False,False
HDFCBANK,EQ,2025-06-12,1950.4,1950.0,1961.0,1935.3,1940.0,1943.4,1945.18,8174565,15901014848.9,179174,4709228,57.61,-0.0035890073831008,2.0,975.0,980.5,967.65,971.7,970.0,972.59,975.2,-0.0035890073831008618,False,False,False
HDFCBANK,EQ,2025-06-13,1943.4,1920.0,1933.0,1913.0,1919.5,1917.6,1920.08,6058881,11633522704.6,187789,4157664,68.62,-0.013275702377277,2.0,960.0,966.5,956.5,958.8,959.75,960.04,971.7,-0.013275702377277043,False,False,False
HDFCBANK,EQ,2025-06-16,1917.6,1924.0,1938.9,1920.1,1936.9,1935.4,1933.31,8256873,15963122374.7,199177,6755556,81.82,0.0092824363788068,2.0,962.0,969.45,960.05,967.7,968.45,966.655,958.8,0.00928243637880688,False,False,False
HDFCBANK,EQ,2025-06-17,1935.4,1937.0,1941.6,1919.1,1926.0,1929.6,1927.55,8489368,16363691276.8,219738,5836894,68.76,-0.0029967965278496,2.0,968.5,970.8,959.55,964.8,963.0,963.775,967.7,-0.0029967965278496767,False,False,False
HDFCBANK,EQ,2025-06-18,1929.6,1917.0,1936.3,1917.0,1932.5,1933.9,1928.12,9216908,17771302525.4,251910,7313289,79.35,0.0022284411276949,2.0,958.5,968.15,958.5,966.95,966.25,964.06,964.8,0.0022284411276949356,False,False,False
HDFCBANK,EQ,2025-06-19,1933.9,1933.9,1946.8,1925.6,1933.1,1935.3,1937.61,8438110,16349732658.7,202215,5083169,60.24,0.0007239257459019,2.0,966.95,973.4,962.8,967.65,966.55,968.805,966.95,0.0007239257459019655,False,False,False
HDFCBANK,EQ,2025-06-20,1935.3,1931.6,1969.9,1931.6,1963.1,1964.7,1960.39,16450204,32248839586.4,261970,13234979,80.45,0.0151914431871027,2.0,965.8,984.95,965.8,982.35,981.55,980.195,967.65,0.015191443187102749,False,False,False
HDFCBANK,EQ,2025-06-23,1964.7,1948.4,1957.9,1941.8,1948.1,1948.4,1948.19,5869759,11435395881.1,176324,4136205,70.47,-0.0082964320252455,2.0,974.2,978.95,970.9,974.2,974.05,974.095,982.35,-0.008296432025245548,False,False,False
HDFCBANK,EQ,2025-06-24,1948.4,1965.0,1979.0,1955.6,1963.7,1960.9,1964.12,11312661,22219442191.5,231814,5590603,49.42,0.006415520427017,2.0,982.5,989.5,977.8,980.45,981.85,982.06,974.2,0.006415520427017096,False,False,False
HDFCBANK,EQ,2025-06-25,1960.9,1966.0,1982.0,1963.9,1980.0,1980.2,1977.13,9202966,18195446515.7,206190,6856865,74.51,0.0098424192972614,2.0,983.0,991.0,981.95,990.1,990.0,988.565,980.45,0.009842419297261484,False,False,False
HDFCBANK,EQ,2025-06-26,1980.2,1981.4,2027.1,1980.0,2017.7,2021.8,2011.21,25042415,50365656414.5,343662,17082370,68.21,0.021007978992021,2.0,990.7,1013.55,990.0,1010.9,1008.85,1005.605,990.1,0.021007978992021004,False,False,False
HDFCBANK,EQ,2025-06-27,2021.8,2013.0,2019.8,1993.4,2011.5,2014.9,2011.75,14106692,28379071385.7,226961,11790269,83.58,-0.0034128004748243,2.0,1006.5,1009.9,996.7,1007.45,1005.75,1005.875,1010.9,-0.0034128004748243956,False,False,False
HDFCBANK,EQ,2025-06-30,2014.9,2011.5,2013.8,1995.5,2000.0,2001.5,2001.16,6824510,13656939181.0,199780,5025817,73.64,-0.0066504541168296,2.0,1005.75,1006.9,997.75,1000.75,1000.0,1000.58,1007.45,-0.006650454116829629,False,False,False
HDFCBANK,EQ,2025-07-01,2001.5,2005.0,2016.0,2004.0,2011.1,2012.1,2010.15,7194693,14462421818.6,169976,4895516,68.04,0.0052960279790157,2.0,1002.5,1008.0,1002.0,1006.05,1005.55,1005.075,1000.75,0.005296027979015738,False,False,False
HDFCBANK,EQ,2025-07-02,2012.1,2019.9,2019.9,1977.9,1985.5,1986.0,1990.25,9439125,18786219250.6,268429,6516626,69.04,-0.0129715222901445,2.0,1009.95,1009.95,988.95,993.0,992.75,995.125,1006.05,-0.012971522290144533,False,False,False
HDFCBANK,EQ,2025-07-03,1986.0,1994.9,2008.0,1984.3,1985.9,1987.1,1993.22,8430253,16803371805.6,182242,4021259,47.7,0.0005538771399797,2.0,997.45,1004.0,992.15,993.55,992.95,996.61,993.0,0.0005538771399797859,False,False,False
HDFCBANK,EQ,2025-07-04,1987.1,1987.1,2003.5,1980.0,1992.7,1989.3,1987.51,3931972,7814832915.6,150676,2386234,60.69,0.001107141059836,2.0,993.55,1001.75,990.0,994.65,996.35,993.755,993.55,0.0011071410598360032,False,False,False
HDFCBANK,EQ,2025-07-07,1989.3,1989.0,1998.4,1983.8,1985.5,1987.4,1989.37,5674713,11289078543.0,163393,3580127,63.09,-0.0009551098376312,2.0,994.5,999.2,991.9,993.7,992.75,994.685,994.65,-0.0009551098376312517,False,False,False
HDFCBANK,EQ,2025-07-08,1987.4,1977.0,2005.0,1977.0,1999.4,2001.4,1992.88,7612158,15170095365.5,199823,4719470,62.0,0.0070443795914258,2.0,988.5,1002.5,988.5,1000.7,999.7,996.44,993.7,0.007044379591425898,False,False,False
HDFCBANK,EQ,2025-07-09,2001.4,2007.0,2013.8,1998.1,2008.5,2011.2,2007.1,6930714,13910645549.4,151284,4775873,68.91,0.0048965723993203,2.0,1003.5,1006.9,999.05,1005.6,1004.25,1003.55,1000.7,0.004896572399320398,False,False,False
HDFCBANK,EQ,2025-07-10,2011.2,2016.0,2017.0,2000.0,2002.8,2006.2,2008.54,8515155,17103052403.8,184619,4603926,54.07,-0.0024860779634049,2.0,1008.0,1008.5,1000.0,1003.1,1001.4,1004.27,1005.6,-0.0024860779634049424,False,False,False
HDFCBANK,EQ,2025-07-11,2006.2,1998.0,2004.8,1980.9,1983.0,1983.7,1987.41,6258461,12438153798.2,125871,4958892,79.24,-0.0112152327783869,2.0,999.0,1002.4,990.45,991.85,991.5,993.705,1003.1,-0.011215232778386985,False,False,False
HDFCBANK,EQ,2025-07-14,1983.7,1983.0,1988.7,1970.6,1982.9,1983.0,1978.8,6544425,12950097345.9,132854,4932484,75.37,-0.000352875938902,2.0,991.5,994.35,985.3,991.5,991.45,989.4,991.85,-0.00035287593890209745,False,False,False
HDFCBANK,EQ,2025-07-15,1983.0,1973.0,2003.6,1973.0,1998.0,1995.5,1993.02,7249084,14447599382.1,157806,4070577,56.15,0.0063035804336863,2.0,986.5,1001.8,986.5,997.75,999.0,996.51,991.5,0.006303580433686395,False,False,False
HDFCBANK,EQ,2025-07-16,1995.5,2018.0,2022.7,1992.6,1996.0,1996.3,2005.54,8997306,18044432313.4,216845,5265661,58.52,0.0004009020295665,2.0,1009.0,1011.35,996.3,998.15,998.0,1002.77,997.75,0.0004009020295665522,False,False,False
HDFCBANK,EQ,2025-07-17,1996.3,2004.0,2004.8,1982.7,1986.0,1986.9,1991.85,11264579,22437406105.6,256020,6366220,56.52,-0.0047087111155637,2.0,1002.0,1002.4,991.35,993.45,993.0,995.925,998.15,-0.004708711115563702,False,False,False
HDFCBANK,EQ,2025-07-18,1986.9,1986.9,1997.0,1953.0,1956.0,1957.4,1968.8,8064723,15877808287.5,221823,5524936,68.51,-0.0148472494841209,2.0,993.45,998.5,976.5,978.7,978.0,984.4,993.45,-0.014847249484120972,False,False,False
HDFCBANK,EQ,2025-07-21,1957.4,1978.2,2002.0,1976.5,2001.5,2000.5,1993.45,11154539,22236041336.4,275691,6536125,58.6,0.0220190048022888,2.0,989.1,1001.0,988.25,1000.25,1000.75,996.725,978.7,0.0220190048022888,False,False,False
HDFCBANK,EQ,2025-07-22,2000.5,2013.1,2018.0,2003.0,2005.0,2007.1,2009.05,7418407,14903939836.3,226727,5286787,71.27,0.0032991752061983,2.0,1006.55,1009.0,1001.5,1003.55,1002.5,1004.525,1000.25,0.0032991752061983792,False,False,False
HDFCBANK,EQ,2025-07-23,2007.1,2011.0,2029.8,2003.0,2024.5,2024.3,2019.97,6817458,13771089884.7,191989,4887186,71.69,0.0085695779981067,2.0,1005.5,1014.9,1001.5,1012.15,1012.25,1009.985,1003.55,0.008569577998106759,False,False,False
HDFCBANK,EQ,2025-07-24,2024.3,2037.7,2037.7,2008.4,2011.7,2014.2,2019.12,9553588,19289876404.2,183573,5946175,62.24,-0.0049893790446079,2.0,1018.85,1018.85,1004.2,1007.1,1005.85,1009.56,1012.15,-0.0049893790446079445,False,False,False
HDFCBANK,EQ,2025-07-25,2014.2,2015.0,2015.0,1999.0,2005.0,2004.6,2005.63,4653299,9332802398.8,163735,2670096,57.38,-0.0047661602621388,2.0,1007.5,1007.5,999.5,1002.3,1002.5,1002.815,1007.1,-0.00476616026213883,False,False,False
HDFCBANK,EQ,2025-07-28,2004.6,2003.0,2021.4,2000.5,2009.9,2008.5,2011.08,6029790,12126412272.8,219624,4269112,70.8,0.0019455252918287,2.0,1001.5,1010.7,1000.25,1004.25,1004.95,1005.54,1002.3,0.0019455252918287869,False,False,False
HDFCBANK,EQ,2025-07-29,2008.5,1999.9,2026.5,1996.3,2023.0,2021.6,2015.07,9947848,20045635384.9,234546,6912288,69.49,0.0065222803086879,2.0,999.95,1013.25,998.15,1010.8,1011.5,1007.535,1004.25,0.0065222803086879555,False,False,False
HDFCBANK,EQ,2025-07-30,2021.6,2028.0,2032.6,2017.0,2025.9,2025.8,2023.94,7577018,15335457713.7,152763,5292067,69.84,0.0020775623268698,2.0,1014.0,1016.3,1008.5,1012.9,1012.95,1011.97,1010.8,0.0020775623268698418,False,False,False
HDFCBANK,EQ,2025-07-31,2025.8,2014.6,2031.4,2008.0,2018.0,2018.2,2020.81,11091516,22413795872.2,199191,4663953,42.05,-0.0037516043044723,2.0,1007.3,1015.7,1004.0,1009.1,1009.0,1010.405,1012.9,-0.0037516043044723,False,False,False
HDFCBANK,EQ,2025-08-01,2018.2,2014.0,2028.3,2009.3,2016.9,2012.2,2015.24,5658629,11403473962.3,138595,3877981,68.53,-0.0029729461896739,2.0,1007.0,1014.15,1004.65,1006.1,1008.45,1007.62,1009.1,-0.0029729461896739195,False,False,False
HDFCBANK,EQ,2025-08-04,2012.2,2010.1,2018.5,1988.1,1994.4,1992.0,1997.96,6966973,13919756957.2,248150,5392274,77.4,-0.0100387635423914,2.0,1005.05,1009.25,994.05,996.0,997.2,998.98,1006.1,-0.010038763542391416,False,False,False
HDFCBANK,EQ,2025-08-05,1992.0,1986.5,1994.4,1965.5,1981.0,1977.6,1975.61,11989029,23685633703.6,194332,8686084,72.45,-0.0072289156626506,2.0,993.25,997.2,982.75,988.8,990.5,987.805,996.0,-0.0072289156626506035,False,False,False
HDFCBANK,EQ,2025-08-06,1977.6,1971.1,1988.0,1970.0,1987.0,1985.3,1978.39,7040102,13928074705.9,211058,5193296,73.77,0.0038936084142395,2.0,985.55,994.0,985.0,992.65,993.5,989.195,988.8,0.00389360841423958,False,False,False
HDFCBANK,EQ,2025-08-07,1985.3,1980.1,2001.6,1976.8,1998.0,1995.4,1986.09,6540593,12990237207.7,223527,3957541,60.51,0.0050873923336525,2.0,990.05,1000.8,988.4,997.7,999.0,993.045,992.65,0.005087392333652518,False,False,False
HDFCBANK,EQ,2025-08-08,1995.4,1987.1,1992.8,1970.0,1972.0,1973.9,1978.99,6947632,13749288126.4,178320,4921047,70.83,-0.0107747819985968,2.0,993.55,996.4,985.0,986.95,986.0,989.495,997.7,-0.010774781998596827,False,False,False
HDFCBANK,EQ,2025-08-11,1973.9,1975.9,1997.6,1973.1,1992.0,1995.6,1986.89,4552927,9046155578.7,165998,2893629,63.56,0.0109934647145244,2.0,987.95,998.8,986.55,997.8,996.0,993.445,986.95,0.010993464714524448,False,False,False
HDFCBANK,EQ,2025-08-12,1995.6,1991.9,1996.0,1967.5,1969.7,1969.9,1978.54,6468901,12798999218.2,237925,3763379,58.18,-0.0128783323311283,2.0,995.95,998.0,983.75,984.95,984.85,989.27,997.8,-0.01287833233112834,False,False,False
HDFCBANK,EQ,2025-08-13,1969.9,1994.0,1994.0,1969.1,1979.9,1980.3,1977.14,6788698,13422176534.1,177703,4659295,68.63,0.0052794558099396,2.0,997.0,997.0,984.55,990.15,989.95,988.57,984.95,0.005279455809939604,False,False,False
HDFCBANK,EQ,2025-08-14,1980.3,1978.0,1996.0,1971.2,1989.5,1991.1,1990.18,8755858,17425742818.7,174342,5399734,61.67,0.0054537191334647,2.0,989.0,998.0,985.6,995.55,994.75,995.09,990.15,0.005453719133464707,False,False,False
HDFCBANK,EQ,2025-08-18,1991.1,2010.0,2026.6,1995.6,2005.0,2003.6,2008.73,9642398,19368989917.9,220027,5890386,61.09,0.0062779368188439,2.0,1005.0,1013.3,997.8,1001.8,1002.5,1004.365,995.55,0.006277936818843921,False,False,False
HDFCBANK,EQ,2025-08-19,2003.6,1998.3,2006.1,1986.7,1990.0,1991.1,1995.49,6176219,12324574114.9,170899,3356794,54.35,-0.0062387702136155,2.0,999.15,1003.05,993.35,995.55,995.0,997.745,1001.8,-0.006238770213615519,False,False,False
HDFCBANK,EQ,2025-08-20,1991.1,1987.0,1992.0,1979.0,1988.3,1988.2,1985.13,4975114,9876263155.3,173424,3262221,65.57,-0.0014564813419717,2.0,993.5,996.0,989.5,994.1,994.15,992.565,995.55,-0.0014564813419717382,False,False,False
HDFCBANK,EQ,2025-08-21,1988.2,1997.5,1997.5,1983.2,1990.5,1991.2,1991.62,6219925,12387722464.0,160599,3938606,63.32,0.0015089025248968,2.0,998.75,998.75,991.6,995.6,995.25,995.81,994.1,0.0015089025248968824,False,False,False
HDFCBANK,EQ,2025-08-22,1991.2,1989.9,1996.0,1957.1,1965.5,1964.6,1968.66,9916751,19522714269.1,253318,7296028,73.57,-0.0133587786259542,2.0,994.95,998.0,978.55,982.3,982.75,984.33,995.6,-0.013358778625954248,False,False,False
HDFCBANK,EQ,2025-08-25,1964.6,1960.2,1977.4,1957.0,1969.2,1964.1,1967.27,8759022,17231388424.4,217503,6285996,71.77,-0.000254504733788,2.0,980.1,988.7,978.5,982.05,984.6,983.635,982.3,-0.0002545047337880746,False,False,False
HDFCBANK,EQ,2025-08-26,1964.1,979.5,985.7,968.0,972.3,973.4,973.26,16917731,16465410030.9,296302,11117324,65.71,-0.5044040527468052,1.0,979.5,985.7,968.0,973.4,972.3,973.26,1964.1,-0.00880810549361033,True,True,False
HDFCBANK,EQ,2025-08-28,973.4,967.0,972.2,955.0,961.8,957.8,962.09,25438255,24473886027.8,377835,14779593,58.1,-0.0160262995685227,1.0,967.0,972.2,955.0,957.8,961.8,962.09,973.4,-0.01602629956852275,False,False,False
HDFCBANK,EQ,2025-08-29,957.8,954.0,963.3,950.1,953.4,951.6,955.24,14823813,14160314228.1,260839,10921593,73.68,-0.0064731676759238,1.0,954.0,963.3,950.1,951.6,953.4,955.24,957.8,-0.006473167675923874,False,False,False
HDFCBANK,EQ,2025-09-01,951.6,949.6,957.45,946.35,950.8,950.6,950.62,20178344,19181919082.15,410933,15470566,76.67,-0.0010508617065994,1.0,949.6,957.45,946.35,950.6,950.8,950.62,951.6,-0.0010508617065994041,False,False,False
HDFCBANK,EQ,2025-09-02,950.6,951.0,954.8,944.0,944.7,944.5,948.8,14196320,13469417784.7,343637,8559801,60.3,-0.0064169997896066,1.0,951.0,954.8,944.0,944.5,944.7,948.8,950.6,-0.006416999789606637,False,False,False
HDFCBANK,EQ,2025-09-03,944.5,945.0,956.3,940.0,953.95,954.45,947.66,16083481,15241746460.65,288240,11088091,68.94,0.0105346744309158,1.0,945.0,956.3,940.0,954.45,953.95,947.66,944.5,0.010534674430915825,False,False,False
HDFCBANK,EQ,2025-09-04,954.45,960.2,965.7,956.25,960.95,961.25,961.34,17597657,16917300954.6,212281,9825135,55.83,0.0071245219760069,1.0,960.2,965.7,956.25,961.25,960.95,961.34,954.45,0.007124521976006992,False,False,False
HDFCBANK,EQ,2025-09-05,961.25,967.5,967.5,954.05,962.6,963.4,960.7,11602111,11146202039.65,210037,8025866,69.18,0.0022366710013004,1.0,967.5,967.5,954.05,963.4,962.6,960.7,961.25,0.0022366710013004276,False,False,False
HDFCBANK,EQ,2025-09-08,963.4,969.0,973.15,960.45,967.35,966.0,967.58,11711307,11331677355.7,193535,7723748,65.95,0.0026987751712683,1.0,969.0,973.15,960.45,966.0,967.35,967.58,963.4,0.002698775171268375,False,False,False
HDFCBANK,EQ,2025-09-09,966.0,974.0,974.4,962.7,966.45,965.15,967.81,13985539,13535396477.2,181800,8674252,62.02,-0.000879917184265,1.0,974.0,974.4,962.7,965.15,966.45,967.81,966.0,-0.0008799171842650555,False,False,False
HDFCBANK,EQ,2025-09-10,965.15,973.9,973.9,961.7,965.5,965.9,966.21,18091100,17479779505.3,218336,13233607,73.15,0.0007770812827021,1.0,973.9,973.9,961.7,965.9,965.5,966.21,965.15,0.0007770812827021523,False,False,False
HDFCBANK,EQ,2025-09-11,965.9,960.3,969.25,959.9,966.5,967.8,965.95,15113633,14598945433.15,220801,7824117,51.77,0.0019670773371984,1.0,960.3,969.25,959.9,967.8,966.5,965.95,965.9,0.001967077337198475,False,False,False
HDFCBANK,EQ,2025-09-12,967.8,969.9,970.75,962.25,966.9,967.3,966.65,14363519,13884430847.5,265851,10837642,75.45,-0.0005166356685265,1.0,969.9,970.75,962.25,967.3,966.9,966.65,967.8,-0.000516635668526555,False,False,False
HDFCBANK,EQ,2025-09-15,967.3,969.6,972.35,965.0,966.1,967.05,968.58,14486377,14031209535.6,198502,9376182,64.72,-0.0002584513594541,1.0,969.6,972.35,965.0,967.05,966.1,968.58,967.3,-0.000258451359454126,False,False,False
HDFCBANK,EQ,2025-09-16,967.05,961.2,969.35,961.2,966.3,966.85,966.32,18661794,18033279292.75,201920,13372765,71.66,-0.000206814539062,1.0,961.2,969.35,961.2,966.85,966.3,966.32,967.05,-0.00020681453906201686,False,False,False
HDFCBANK,EQ,2025-09-17,966.85,965.15,974.4,964.35,967.0,966.5,968.39,17361476,16812655777.9,269236,12477258,71.87,-0.0003620003102859,1.0,965.15,974.4,964.35,966.5,967.0,968.39,966.85,-0.00036200031028599255,False,False,False
HDFCBANK,EQ,2025-09-18,966.5,973.3,979.65,969.25,976.0,976.9,974.66,17791598,17340847521.6,267040,9572957,53.81,0.0107604759441282,1.0,973.3,979.65,969.25,976.9,976.0,974.66,966.5,0.010760475944128212,False,False,False
HDFCBANK,EQ,2025-09-19,976.9,974.9,976.7,962.1,967.0,966.9,967.22,31243267,30219230008.15,220137,23282508,74.52,-0.0102364622786365,1.0,974.9,976.7,962.1,966.9,967.0,967.22,976.9,-0.010236462278636504,False,False,False
HDFCBANK,EQ,2025-09-22,966.9,964.0,971.2,961.95,965.4,964.2,966.4,10854415,10489724995.75,139126,6152391,56.68,-0.0027924294135897,1.0,964.0,971.2,961.95,964.2,965.4,966.4,966.9,-0.002792429413589703,False,False,False
HDFCBANK,EQ,2025-09-23,964.2,967.0,968.2,955.5,958.45,957.2,960.1,21022298,20183427172.9,190721,11319285,53.84,-0.0072599045841111,1.0,967.0,968.2,955.5,957.2,958.45,960.1,964.2,-0.0072599045841111876,False,False,False
HDFCBANK,EQ,2025-09-24,957.2,952.2,956.45,943.0,951.0,951.05,949.21,15117220,14349411269.75,248417,9795696,64.8,-0.0064249895528626,1.0,952.2,956.45,943.0,951.05,951.0,949.21,957.2,-0.006424989552862637,False,False,False
HDFCBANK,EQ,2025-09-25,951.05,952.5,958.0,947.4,951.2,949.85,952.03,31413279,29906381362.7,256060,20833726,66.32,-0.0012617633142315,1.0,952.5,958.0,947.4,949.85,951.2,952.03,951.05,-0.0012617633142315565,False,False,False
HDFCBANK,EQ,2025-09-26,949.85,945.1,951.45,941.3,944.25,945.05,945.96,14874656,14070786048.15,209563,9035935,60.75,-0.0050534294888667,1.0,945.1,951.45,941.3,945.05,944.25,945.96,949.85,-0.0050534294888667786,False,False,False
HDFCBANK,EQ,2025-09-29,945.05,946.05,956.8,939.1,953.4,950.3,950.17,32398179,30783888581.8,296694,22819747,70.44,0.0055552616263689,1.0,946.05,956.8,939.1,950.3,953.4,950.17,945.05,0.00555526162636899,False,False,False
HDFCBANK,EQ,2025-09-30,950.3,958.05,960.0,946.3,952.5,951.0,951.48,28296687,26923671201.95,254597,16506431,58.33,0.0007366094917395,1.0,958.05,960.0,946.3,951.0,952.5,951.48,950.3,0.0007366094917395927,False,False,False
HDFCBANK,EQ,2025-10-01,951.0,952.7,969.6,946.0,965.8,965.25,961.75,25350832,24381070597.7,284713,16742115,66.04,0.0149842271293374,1.0,952.7,969.6,946.0,965.25,965.8,961.75,951.0,0.014984227129337446,False,False,False
HDFCBANK,EQ,2025-10-03,965.25,952.0,966.75,952.0,963.7,965.15,960.81,26658296,25613477189.5,262320,18018739,67.59,-0.0001036001036001,1.0,952.0,966.75,952.0,965.15,963.7,960.81,965.25,-0.00010360010360010996,False,False,False
HDFCBANK,EQ,2025-10-06,965.15,971.9,977.4,962.0,973.9,973.45,973.33,18542683,18048185820.2,242243,11419980,61.59,0.0085996995285708,1.0,971.9,977.4,962.0,973.45,973.9,973.33,965.15,0.00859969952857087,False,False,False
HDFCBANK,EQ,2025-10-07,973.45,974.0,989.85,971.0,981.8,982.5,983.54,25535736,25115433186.6,246182,15458605,60.54,0.0092968308593146,1.0,974.0,989.85,971.0,982.5,981.8,983.54,973.45,0.009296830859314653,False,False,False
HDFCBANK,EQ,2025-10-08,982.5,976.0,985.9,974.55,977.2,978.7,979.57,15939710,15613997664.15,209764,9771789,61.3,-0.0038676844783714,1.0,976.0,985.9,974.55,978.7,977.2,979.57,982.5,-0.0038676844783714914,False,False,False
HDFCBANK,EQ,2025-10-09,978.7,974.5,979.0,970.15,975.0,977.1,976.0,15370950,15001996973.25,213008,8147055,53.0,-0.0016348217022581,1.0,974.5,979.0,970.15,977.1,975.0,976.0,978.7,-0.001634821702258149,False,False,False
HDFCBANK,EQ,2025-10-10,977.1,979.0,986.2,978.1,981.45,980.9,982.56,13757080,13517176056.05,237034,8499509,61.78,0.0038890594616722,1.0,979.0,986.2,978.1,980.9,981.45,982.56,977.1,0.003889059461672284,False,False,False
HDFCBANK,EQ,2025-10-13,980.9,974.3,981.0,972.0,977.1,977.0,977.15,18634254,18208400781.7,280003,11986144,64.32,-0.0039759404628402,1.0,974.3,981.0,972.0,977.0,977.1,977.15,980.9,-0.003975940462840222,False,False,False
HDFCBANK,EQ,2025-10-14,977.0,970.0,980.45,967.0,976.25,977.15,975.43,22934382,22370980681.75,217173,12964881,56.53,0.0001535312180143,1.0,970.0,980.45,967.0,977.15,976.25,975.43,977.0,0.00015353121801431335,False,False,False
HDFCBANK,EQ,2025-10-15,977.15,975.0,984.9,973.35,978.5,978.25,979.29,23310447,22827742875.95,251500,15931470,68.34,0.0011257227651844,1.0,975.0,984.9,973.35,978.25,978.5,979.29,977.15,0.0011257227651844115,False,False,False
HDFCBANK,EQ,2025-10-16,978.25,982.65,996.6,981.5,993.6,994.35,989.28,22936566,22690615843.35,362882,14825575,64.64,0.0164579606440071,1.0,982.65,996.6,981.5,994.35,993.6,989.28,978.25,0.016457960644007175,False,False,False
HDFCBANK,EQ,2025-10-17,994.35,993.95,1009.0,986.0,1000.6,1002.55,1001.76,25210511,25254761309.8,371430,14088788,55.88,0.0082465932518729,1.0,993.95,1009.0,986.0,1002.55,1000.6,1001.76,994.35,0.008246593251872936,False,False,False
HDFCBANK,EQ,2025-10-20,1002.55,997.0,1020.0,997.0,1003.6,1002.95,1005.08,22195202,22307932790.7,416206,11949161,53.84,0.0003989825943844,1.0,997.0,1020.0,997.0,1002.95,1003.6,1005.08,1002.55,0.00039898259438442274,False,False,False
HDFCBANK,EQ,2025-10-21,1002.95,1006.0,1010.0,1004.0,1004.0,1007.7,1008.15,3471600,3499906215.35,88749,2208820,63.63,0.0047360287152899,1.0,1006.0,1010.0,1004.0,1007.7,1004.0,1008.15,1002.95,0.004736028715289997,False,False,False
HDFCBANK,EQ,2025-10-23,1007.7,1016.0,1020.5,1006.0,1006.6,1008.8,1013.19,43526526,44100430667.15,518216,29430278,67.61,0.0010915947206509,1.0,1016.0,1020.5,1006.0,1008.8,1006.6,1013.19,1007.7,0.0010915947206509014,False,False,False
HDFCBANK,EQ,2025-10-24,1008.8,1011.0,1011.95,991.3,995.9,994.75,999.4,17707768,17697089817.3,362016,10325814,58.31,-0.0139274385408405,1.0,1011.0,1011.95,991.3,994.75,995.9,999.4,1008.8,-0.013927438540840553,False,False,False
HDFCBANK,EQ,2025-10-27,994.75,996.5,1009.05,996.2,1003.5,1002.95,1003.92,15700796,15762265430.25,297938,10876558,69.27,0.008243277205328,1.0,996.5,1009.05,996.2,1002.95,1003.5,1003.92,994.75,0.008243277205328026,False,False,False
HDFCBANK,EQ,2025-10-28,1002.95,997.65,1008.0,995.0,1004.9,1003.55,1001.18,33904289,33944177651.4,423621,17802447,52.51,0.0005982352061417,1.0,997.65,1008.0,995.0,1003.55,1004.9,1001.18,1002.95,0.0005982352061417728,False,False,False
HDFCBANK,EQ,2025-10-29,1003.55,1004.9,1012.5,1000.0,1008.5,1007.85,1007.89,17769445,17909676109.65,281715,10183404,57.31,0.0042847889990533,1.0,1004.9,1012.5,1000.0,1007.85,1008.5,1007.89,1003.55,0.004284788999053379,False,False,False
HDFCBANK,EQ,2025-10-30,1007.85,1000.0,1009.5,997.1,999.95,998.15,1001.53,19962917,19993506579.25,365104,11016753,55.19,-0.009624448082552,1.0,1000.0,1009.5,997.1,998.15,999.95,1001.53,1007.85,-0.009624448082552028,False,False,False
HDFCBANK,EQ,2025-10-31,998.15,994.0,1004.45,981.15,987.95,987.3,989.37,23221330,22974558984.15,454775,14530695,62.57,-0.0108701097029504,1.0,994.0,1004.45,981.15,987.3,987.95,989.37,998.15,-0.010870109702950437,False,False,False
HDFCBANK,EQ,2025-11-03,987.3,985.0,994.55,983.3,993.4,992.65,991.15,16607180,16460236700.55,288032,9995580,60.19,0.0054188190013166,1.0,985.0,994.55,983.3,992.65,993.4,991.15,987.3,0.005418819001316688,False,False,False
HDFCBANK,EQ,2025-11-04,992.65,987.0,997.0,983.7,985.7,985.25,990.21,20024544,19828527608.75,302828,10792510,53.9,-0.00745479272654,1.0,987.0,997.0,983.7,985.25,985.7,990.21,992.65,-0.007454792726540038,False,False,False
HDFCBANK,EQ,2025-11-06,985.25,981.0,991.05,974.0,987.5,984.65,984.48,22279516,21933818395.9,278532,11400343,51.17,-0.0006089824917533,1.0,981.0,991.05,974.0,984.65,987.5,984.48,985.25,-0.0006089824917533404,False,False,False
HDFCBANK,EQ,2025-11-07,984.65,980.0,984.9,974.75,984.3,982.3,979.96,15004568,14703832279.8,315369,10669610,71.11,-0.0023866348448687,1.0,980.0,984.9,974.75,982.3,984.3,979.96,984.65,-0.0023866348448687846,False,False,False
HDFCBANK,EQ,2025-11-10,982.3,982.3,990.95,980.2,984.6,984.5,986.19,15988262,15767386584.0,373004,11329554,70.86,0.0022396416573349,1.0,982.3,990.95,980.2,984.5,984.6,986.19,982.3,0.002239641657334923,False,False,False
HDFCBANK,EQ,2025-11-11,984.5,983.5,993.5,978.0,992.0,991.7,987.26,10200530,10070524484.25,229810,5178183,50.76,0.0073133570340275,1.0,983.5,993.5,978.0,991.7,992.0,987.26,984.5,0.007313357034027579,False,False,False
HDFCBANK,EQ,2025-11-12,991.7,998.8,999.0,987.7,990.25,989.5,992.14,13137263,13034039694.95,166500,9064648,69.0,-0.0022184128264596,1.0,998.8,999.0,987.7,989.5,990.25,992.14,991.7,-0.002218412826459626,False,False,False
HDFCBANK,EQ,2025-11-13,989.5,984.0,990.1,982.6,985.75,986.65,986.34,14124839,13931855903.95,289471,8400766,59.48,-0.0028802425467407,1.0,984.0,990.1,982.6,986.65,985.75,986.34,989.5,-0.0028802425467407966,False,False,False
HDFCBANK,EQ,2025-11-14,986.65,976.05,991.65,976.05,989.0,989.6,984.95,21386965,21065033481.45,301431,15669091,73.26,0.0029899153701922,1.0,976.05,991.65,976.05,989.6,989.0,984.95,986.65,0.00298991537019222,False,False,False
HDFCBANK,EQ,2025-11-17,989.6,991.25,997.95,985.6,996.45,996.55,993.87,18396408,18283667280.45,197155,12483495,67.86,0.0070230396119643,1.0,991.25,997.95,985.6,996.55,996.45,993.87,989.6,0.007023039611964377,False,False,False
HDFCBANK,EQ,2025-11-18,996.55,997.65,999.0,990.0,990.85,992.45,994.68,20002640,19896287879.55,217914,13276284,66.37,-0.0041141939691936,1.0,997.65,999.0,990.0,992.45,990.85,994.68,996.55,-0.004114193969193658,False,False,False
HDFCBANK,EQ,2025-11-19,992.45,990.0,996.55,984.0,994.8,994.6,989.67,19813847,19609199278.35,201324,14380578,72.58,0.0021663559877072,1.0,990.0,996.55,984.0,994.6,994.8,989.67,992.45,0.0021663559877072025,False,False,False
HDFCBANK,EQ,2025-11-20,994.6,995.3,1011.6,992.45,1008.6,1008.85,1003.81,19850865,19926417239.25,254686,12310443,62.01,0.0143273677860447,1.0,995.3,1011.6,992.45,1008.85,1008.6,1003.81,994.6,0.014327367786044709,False,False,False
HDFCBANK,EQ,2025-11-21,1008.85,1003.1,1008.3,996.55,998.0,998.05,1001.07,17499897,17518694760.0,271649,11781873,67.33,-0.010705258462606,1.0,1003.1,1008.3,996.55,998.05,998.0,1001.07,1008.85,-0.01070525846260606,False,False,False
HDFCBANK,EQ,2025-11-24,998.05,1000.0,1011.45,993.6,997.85,999.15,1001.79,32204053,32261618761.75,280226,23158827,71.91,0.0011021491909222,1.0,1000.0,1011.45,993.6,999.15,997.85,1001.79,998.05,0.0011021491909222192,False,False,False
HDFCBANK,EQ,2025-11-25,999.15,1004.0,1006.1,988.4,989.45,989.8,995.08,24989383,24866505641.8,275451,14345733,57.41,-0.0093579542611219,1.0,1004.0,1006.1,988.4,989.8,989.45,995.08,999.15,-0.009357954261121959,False,False,False
HDFCBANK,EQ,2025-11-26,989.8,981.3,1006.95,981.3,1005.0,1003.9,999.58,19494356,19486197443.7,207998,10553283,54.14,0.0142453020812285,1.0,981.3,1006.95,981.3,1003.9,1005.0,999.58,989.8,0.01424530208122854,False,False,False
HDFCBANK,EQ,2025-11-27,1003.9,1002.1,1016.8,1001.0,1009.05,1009.5,1010.95,25536848,25816356116.1,313073,16830504,65.91,0.005578244845104,1.0,1002.1,1016.8,1001.0,1009.5,1009.05,1010.95,1003.9,0.005578244845104052,False,False,False
HDFCBANK,EQ,2025-11-28,1009.5,1007.0,1012.05,1004.2,1006.7,1007.6,1008.93,15988807,16131518093.4,178196,11179507,69.92,-0.0018821198613174,1.0,1007.0,1012.05,1004.2,1007.6,1006.7,1008.93,1009.5,-0.0018821198613174772,False,False,False
HDFCBANK,EQ,2025-12-01,1007.6,1017.5,1017.5,999.3,1002.9,1002.1,1005.66,16746566,16841329243.2,282719,10412743,62.18,-0.0054585152838427,1.0,1017.5,1017.5,999.3,1002.1,1002.9,1005.66,1007.6,-0.00545851528384278,False,False,False
HDFCBANK,EQ,2025-12-02,1002.1,988.0,994.4,985.0,991.4,989.8,990.24,27316662,27050186723.2,363303,18025565,65.99,-0.0122742241293284,1.0,988.0,994.4,985.0,989.8,991.4,990.24,1002.1,-0.012274224129328437,False,False,False
HDFCBANK,EQ,2025-12-03,989.8,986.0,1002.3,986.0,1000.1,1000.5,993.84,15448777,15353618863.9,222651,10662697,69.02,0.0108102646999395,1.0,986.0,1002.3,986.0,1000.5,1000.1,993.84,989.8,0.010810264699939509,False,False,False
HDFCBANK,EQ,2025-12-04,1000.5,1000.0,1004.7,993.0,998.5,997.2,998.28,14528169,14503248744.0,241847,10117111,69.64,-0.0032983508245876,1.0,1000.0,1004.7,993.0,997.2,998.5,998.28,1000.5,-0.003298350824587626,False,False,False
HDFCBANK,EQ,2025-12-05,997.2,992.0,1008.0,990.2,1001.2,1003.3,1000.86,12843366,12854350197.3,192024,7782512,60.6,0.006117127958283,1.0,992.0,1008.0,990.2,1003.3,1001.2,1000.86,997.2,0.0061171279582830085,False,False,False
HDFCBANK,EQ,2025-12-08,1003.3,1000.0,1006.5,997.5,1001.8,1003.1,1002.21,12901022,12929480947.9,219872,8540982,66.2,-0.0001993421708361,1.0,1000.0,1006.5,997.5,1003.1,1001.8,1002.21,1003.3,-0.00019934217083616979,False,False,False
HDFCBANK,EQ,2025-12-09,1003.1,994.9,1002.8,994.0,997.0,997.1,998.68,15294322,15274186067.4,206598,8851628,57.88,-0.0059814574818064,1.0,994.9,1002.8,994.0,997.1,997.0,998.68,1003.1,-0.005981457481806451,False,False,False
HDFCBANK,EQ,2025-12-10,997.1,997.5,998.5,985.3,990.4,989.8,990.9,15322830,15183409188.4,275347,10399067,67.87,-0.0073212315715576,1.0,997.5,998.5,985.3,989.8,990.4,990.9,997.1,-0.007321231571557618,False,False,False
HDFCBANK,EQ,2025-12-11,989.8,990.0,1002.7,988.5,999.9,1000.3,996.96,11844809,11808832354.3,177935,7553960,63.77,0.0106082036775105,1.0,990.0,1002.7,988.5,1000.3,999.9,996.96,989.8,0.010608203677510586,False,False,False
HDFCBANK,EQ,2025-12-12,1000.3,1003.0,1004.7,998.2,1002.9,1001.5,1001.52,11988618,12006883854.1,153825,8974647,74.86,0.0011996401079676,1.0,1003.0,1004.7,998.2,1001.5,1002.9,1001.52,1000.3,0.0011996401079676922,False,False,False
HDFCBANK,EQ,2025-12-15,1001.5,992.0,1001.8,992.0,995.0,996.1,995.95,9790060,9750388373.6,182612,5689455,58.11,-0.0053919121318022,1.0,992.0,1001.8,992.0,996.1,995.0,995.95,1001.5,-0.0053919121318022345,False,False,False
HDFCBANK,EQ,2025-12-16,996.1,990.1,998.7,990.1,994.2,994.3,994.74,20049088,19943698733.6,307140,10578543,52.76,-0.0018070474851923,1.0,990.1,998.7,990.1,994.3,994.2,994.74,996.1,-0.0018070474851923368,False,False,False
HDFCBANK,EQ,2025-12-17,994.3,996.0,996.0,980.8,985.2,984.0,985.22,19080922,18798880243.8,288605,13749573,72.06,-0.0103590465654228,1.0,996.0,996.0,980.8,984.0,985.2,985.22,994.3,-0.010359046565422858,False,False,False
HDFCBANK,EQ,2025-12-18,984.0,973.3,987.4,973.3,980.0,979.7,981.48,14912404,14636196743.0,412559,9559809,64.11,-0.0043699186991869,1.0,973.3,987.4,973.3,979.7,980.0,981.48,984.0,-0.004369918699186903,False,False,False
HDFCBANK,EQ,2025-12-19,979.7,987.0,988.0,978.7,985.2,985.5,984.91,25952384,25560667946.0,246675,19002918,73.22,0.0059201796468306,1.0,987.0,988.0,978.7,985.5,985.2,984.91,979.7,0.00592017964683067,False,False,False
HDFCBANK,EQ,2025-12-22,985.5,988.0,992.9,983.9,987.2,987.7,987.63,13540411,13372875582.7,253393,8188244,60.47,0.0022323693556571,1.0,988.0,992.9,983.9,987.7,987.2,987.63,985.5,0.002232369355657182,False,False,False
HDFCBANK,EQ,2025-12-23,987.7,990.5,998.9,987.7,997.0,996.6,994.81,17927849,17834864449.3,227121,9434296,52.62,0.0090108332489622,1.0,990.5,998.9,987.7,996.6,997.0,994.81,987.7,0.009010833248962236,False,False,False
HDFCBANK,EQ,2025-12-24,996.6,993.0,999.4,993.0,995.3,997.2,996.34,13699996,13649827358.4,203107,6062889,44.25,0.0006020469596628,1.0,993.0,999.4,993.0,997.2,995.3,996.34,996.6,0.0006020469596628164,False,False,False
HDFCBANK,EQ,2025-12-26,997.2,996.0,997.2,987.7,992.0,992.1,992.32,9360853,9288952052.7,196688,7031168,75.11,-0.0051143200962695,1.0,996.0,997.2,987.7,992.1,992.0,992.32,997.2,-0.005114320096269553,False,False,False
HDFCBANK,EQ,2025-12-29,992.1,993.1,997.4,987.2,992.8,991.7,991.31,13545749,13427999756.0,190711,8436541,62.28,-0.000403185162786,1.0,993.1,997.4,987.2,991.7,992.8,991.31,992.1,-0.000403185162786035,False,False,False
HDFCBANK,EQ,2025-12-30,991.7,990.2,995.0,982.2,995.0,990.9,989.16,33155849,32796279701.4,393869,22177609,66.89,-0.000806695573258,1.0,990.2,995.0,982.2,990.9,995.0,989.16,991.7,-0.0008066955732580761,False,False,False
HDFCBANK,EQ,2025-12-31,990.9,991.0,997.6,987.6,992.9,991.2,992.61,10963454,10882483821.4,193549,7039332,64.21,0.0003027550711474,1.0,991.0,997.6,987.6,991.2,992.9,992.61,990.9,0.0003027550711474092,False,False,False
HDFCBANK,EQ,2026-01-01,991.2,993.5,997.55,989.5,991.15,991.15,991.88,7132074,7074147525.95,126886,2485813,34.85,-5.044390637620744e-05,1.0,993.5,997.55,989.5,991.15,991.15,991.88,991.2,-5.044390637620744e-05,False,False,False
HDFCBANK,EQ,2026-01-02,991.15,991.15,1003.2,988.8,1000.25,1001.6,998.46,11751459,11733333129.85,178613,7814202,66.5,0.0105433082782626,1.0,991.15,1003.2,988.8,1001.6,1000.25,998.46,991.15,0.010543308278262664,False,False,False
HDFCBANK,EQ,2026-01-05,1001.6,1005.75,1006.4,976.3,978.5,977.5,984.33,27647379,27214119283.5,382990,20956352,75.8,-0.0240615015974441,1.0,1005.75,1006.4,976.3,977.5,978.5,984.33,1001.6,-0.024061501597444135,False,False,False
HDFCBANK,EQ,2026-01-06,977.5,962.7,966.7,956.0,962.95,962.2,962.45,31988783,30787569132.7,459604,22650555,70.81,-0.0156521739130434,1.0,962.7,966.7,956.0,962.2,962.95,962.45,977.5,-0.01565217391304341,False,False,False
HDFCBANK,EQ,2026-01-07,962.2,956.0,956.45,946.0,950.25,949.05,950.1,52884712,50245738779.65,414168,43998886,83.2,-0.0136665973810019,1.0,956.0,956.45,946.0,949.05,950.25,950.1,962.2,-0.013666597381001955,False,False,False
HDFCBANK,EQ,2026-01-08,949.05,944.7,953.0,941.4,948.0,946.7,947.59,21928849,20779638865.45,316595,14341808,65.4,-0.0024761603708971,1.0,944.7,953.0,941.4,946.7,948.0,947.59,949.05,-0.0024761603708971514,False,False,False
HDFCBANK,EQ,2026-01-09,946.7,945.0,950.6,933.3,939.0,939.0,940.91,38183839,35927536459.55,324301,30938163,81.02,-0.0081335164254779,1.0,945.0,950.6,933.3,939.0,939.0,940.91,946.7,-0.008133516425477993,False,False,False
HDFCBANK,EQ,2026-01-12,939.0,937.5,942.0,929.6,936.4,936.95,936.87,21071666,19741346998.05,282222,15911209,75.51,-0.0021831735889243,1.0,937.5,942.0,929.6,936.95,936.4,936.87,939.0,-0.002183173588924392,False,False,False
HDFCBANK,EQ,2026-01-13,936.95,947.7,947.7,932.6,934.75,937.35,940.27,32042827,30129021006.45,348726,19682550,61.43,0.000426917124713,1.0,947.7,947.7,932.6,937.35,934.75,940.27,936.95,0.00042691712471309984,False,False,False
HDFCBANK,EQ,2026-01-14,937.35,930.0,940.05,920.2,925.0,925.45,929.85,36688248,34114424012.75,306076,27700155,75.5,-0.0126953645916679,1.0,930.0,940.05,920.2,925.45,925.0,929.85,937.35,-0.01269536459166798,False,False,False
HDFCBANK,EQ,2026-01-16,925.45,922.0,935.95,919.2,930.55,931.1,929.18,37780235,35104452366.25,361119,27960990,74.01,0.0061051380409529,1.0,922.0,935.95,919.2,931.1,930.55,929.18,925.45,0.006105138040952918,False,False,False
HDFCBANK,EQ,2026-01-19,931.1,935.9,936.15,919.5,925.95,927.9,927.58,38191942,35426072965.65,432335,25589700,67.0,-0.0034367951884868,1.0,935.9,936.15,919.5,927.9,925.95,927.58,931.1,-0.0034367951884868297,False,False,False
HDFCBANK,EQ,2026-01-20,927.9,929.3,934.5,919.6,930.5,931.2,930.12,36022727,33505544795.3,357134,25387797,70.48,0.0035564177174265,1.0,929.3,934.5,919.6,931.2,930.5,930.12,927.9,0.003556417717426541,False,False,False
HDFCBANK,EQ,2026-01-21,931.2,925.0,932.15,915.5,921.0,920.35,924.64,32766854,30297528335.75,351406,18490570,56.43,-0.0116516323024055,1.0,925.0,932.15,915.5,920.35,921.0,924.64,931.2,-0.011651632302405512,False,False,False
HDFCBANK,EQ,2026-01-22,920.35,928.0,928.3,913.2,921.0,918.7,918.56,44444755,40825301054.65,572341,27990021,62.98,-0.0017927962188297,1.0,928.0,928.3,913.2,918.7,921.0,918.56,920.35,-0.001792796218829773,False,False,False
HDFCBANK,EQ,2026-01-23,918.7,920.0,926.1,909.25,915.8,916.1,916.45,30985247,28396480018.55,335766,20036841,64.67,-0.0028300859910743,1.0,920.0,926.1,909.25,916.1,915.8,916.45,918.7,-0.0028300859910743714,False,False,False
HDFCBANK,EQ,2026-01-27,916.1,906.0,931.2,905.0,928.0,926.4,917.11,44753093,41043445636.3,483204,24863244,55.56,0.0112433140486845,1.0,906.0,931.2,905.0,926.4,928.0,917.11,916.1,0.011243314048684505,False,False,False
HDFCBANK,EQ,2026-01-28,926.4,932.5,941.45,928.4,932.4,932.7,934.95,35347138,33047787224.5,272519,25768276,72.9,0.006800518134715,1.0,932.5,941.45,928.4,932.7,932.4,934.95,926.4,0.00680051813471505,False,False,False
HDFCBANK,EQ,2026-01-29,932.7,930.1,939.3,924.35,935.0,935.5,933.24,37175628,34693741736.2,420812,23337389,62.78,0.0030020370966012,1.0,930.1,939.3,924.35,935.5,935.0,933.24,932.7,0.0030020370966012955,False,False,False
HDFCBANK,EQ,2026-01-30,935.5,930.0,938.9,927.75,929.0,929.25,931.84,29691233,27667370875.05,251637,21792184,73.4,-0.0066809192944948,1.0,930.0,938.9,927.75,929.25,929.0,931.84,935.5,-0.00668091929449488,False,False,False
HDFCBANK,EQ,2026-02-01,929.25,932.0,939.65,912.65,918.05,922.1,929.2,9856486,9158689990.9,146417,4558330,46.25,-0.0076943771859026,1.0,932.0,939.65,912.65,922.1,918.05,929.2,929.25,-0.007694377185902601,False,False,False
HDFCBANK,EQ,2026-02-02,922.1,915.0,929.8,909.3,928.1,928.1,924.14,28032106,25905516822.8,387552,17929669,63.96,0.0065068864548314,1.0,915.0,929.8,909.3,928.1,928.1,924.14,922.1,0.00650688645483144,False,False,False
HDFCBANK,EQ,2026-02-03,928.1,983.75,994.0,945.0,947.65,948.7,954.45,50336968,48043934757.85,490165,33991872,67.53,0.0221958840642173,1.0,983.75,994.0,945.0,948.7,947.65,954.45,928.1,0.022195884064217353,False,False,False
HDFCBANK,EQ,2026-02-04,948.7,952.5,957.2,947.95,949.0,953.1,952.91,24366770,23219430282.65,251099,18291924,75.07,0.0046379255823758,1.0,952.5,957.2,947.95,953.1,949.0,952.91,948.7,0.004637925582375857,False,False,False
HDFCBANK,EQ,2026-02-05,953.1,956.0,956.05,946.7,949.7,949.7,950.22,28103169,26704314508.9,372775,19789477,70.42,-0.0035673066834539,1.0,956.0,956.05,946.7,949.7,949.7,950.22,953.1,-0.0035673066834539524,False,False,False
HDFCBANK,EQ,2026-02-06,949.7,945.0,948.1,937.6,941.0,941.1,941.73,18120272,17064339108.7,423858,11328454,62.52,-0.0090554912077498,1.0,945.0,948.1,937.6,941.1,941.0,941.73,949.7,-0.009055491207749844,False,False,False
HDFCBANK,EQ,2026-02-09,941.1,945.0,950.0,935.35,938.8,937.25,938.27,23947829,22469573398.45,274371,17666012,73.77,-0.0040909573902879,1.0,945.0,950.0,935.35,937.25,938.8,938.27,941.1,-0.004090957390287975,False,False,False
HDFCBANK,EQ,2026-02-10,937.25,930.0,940.9,929.95,932.6,932.4,933.93,31525385,29442615462.9,408707,18244866,57.87,-0.0051747132568684,1.0,930.0,940.9,929.95,932.4,932.6,933.93,937.25,-0.005174713256868468,False,False,False
HDFCBANK,EQ,2026-02-11,932.4,931.25,936.0,925.3,926.8,927.1,928.91,24869804,23101739084.15,368828,16876206,67.86,-0.0056842556842556,1.0,931.25,936.0,925.3,927.1,926.8,928.91,932.4,-0.005684255684255679,False,False,False
HDFCBANK,EQ,2026-02-12,927.1,927.0,928.6,918.5,919.75,920.6,922.37,33872203,31242614792.65,425115,20680584,61.05,-0.0070111099126307,1.0,927.0,928.6,918.5,920.6,919.75,922.37,927.1,-0.007011109912630764,False,False,False
HDFCBANK,EQ,2026-02-13,920.6,913.0,928.2,901.0,903.9,903.9,912.26,50188359,45784829506.25,361977,39907545,79.52,-0.0181403432543993,1.0,913.0,928.2,901.0,903.9,903.9,912.26,920.6,-0.018140343254399394,False,False,False
HDFCBANK,EQ,2026-02-16,903.9,903.9,929.5,902.1,925.5,925.8,922.18,18806989,17343514574.6,309517,10541147,56.05,0.0242283438433454,1.0,903.9,929.5,902.1,925.8,925.5,922.18,903.9,0.02422834384334549,False,False,False
HDFCBANK,EQ,2026-02-17,925.8,923.0,928.1,918.6,926.45,925.7,925.32,22599629,20911878079.6,337196,8883355,39.31,-0.0001080146899977,1.0,923.0,928.1,918.6,925.7,926.45,925.32,925.8,-0.00010801468999777075,False,False,False
HDFCBANK,EQ,2026-02-18,925.7,923.2,925.5,919.55,923.7,924.7,922.79,12738702,11755117113.45,217327,7177757,56.35,-0.0010802635843145,1.0,923.2,925.5,919.55,924.7,923.7,922.79,925.7,-0.001080263584314567,False,False,False
HDFCBANK,EQ,2026-02-19,924.7,929.0,929.2,912.45,914.3,915.6,918.86,21209234,19488260011.45,297364,8557551,40.35,-0.0098410295230886,1.0,929.0,929.2,912.45,915.6,914.3,918.86,924.7,-0.009841029523088629,False,False,False
HDFCBANK,EQ,2026-02-20,915.6,911.0,917.85,908.4,913.15,911.85,913.52,22654907,20695810498.85,295931,12808207,56.54,-0.0040956749672346,1.0,911.0,917.85,908.4,911.85,913.15,913.52,915.6,-0.004095674967234619,False,False,False
HDFCBANK,EQ,2026-02-23,911.85,916.5,925.65,915.25,924.1,923.6,921.17,23270122,21435660334.0,228672,14988411,64.41,0.0128858913198441,1.0,916.5,925.65,915.25,923.6,924.1,921.17,911.85,0.01288589131984419,False,False,False
HDFCBANK,EQ,2026-02-24,923.6,927.95,927.95,909.15,911.5,910.5,915.33,31313985,28662510212.4,298283,16994295,54.27,-0.0141836292767432,1.0,927.95,927.95,909.15,910.5,911.5,915.33,923.6,-0.014183629276743215,False,False,False
HDFCBANK,EQ,2026-02-25,910.5,910.55,916.0,903.1,907.4,907.6,909.0,27884303,25346943106.45,323744,20213660,72.49,-0.0031850631521141,1.0,910.55,916.0,903.1,907.6,907.4,909.0,910.5,-0.003185063152114198,False,False,False
HDFCBANK,EQ,2026-02-26,907.6,912.0,912.0,895.0,896.0,898.6,901.32,41165937,37103636109.45,502649,24028758,58.37,-0.00991626267078,1.0,912.0,912.0,895.0,898.6,896.0,901.32,907.6,-0.009916262670780052,False,False,False
HDFCBANK,EQ,2026-02-27,898.6,898.6,898.95,885.0,887.45,887.75,889.69,34620755,30801652275.45,411801,26765937,77.31,-0.0120743378588916,1.0,898.6,898.95,885.0,887.75,887.45,889.69,898.6,-0.01207433785889167,False,False,False
HDFCBANK,EQ,2026-03-02,887.75,876.2,887.75,871.55,882.1,879.4,879.38,38378924,33749754117.7,401981,19491777,50.79,-0.0094058011827654,1.0,876.2,887.75,871.55,879.4,882.1,879.38,887.75,-0.00940580118276546,False,False,False
HDFCBANK,EQ,2026-03-04,879.4,848.0,879.3,848.0,869.0,868.65,866.0,39862322,34520891227.9,456224,22363360,56.1,-0.0122242438025926,1.0,848.0,879.3,848.0,868.65,869.0,866.0,879.4,-0.012224243802592683,False,False,False
HDFCBANK,EQ,2026-03-05,868.65,873.85,881.4,863.5,875.1,877.75,873.44,31324582,27360019475.0,281674,13520710,43.16,0.0104760260173832,1.0,873.85,881.4,863.5,877.75,875.1,873.44,868.65,0.010476026017383289,False,False,False
HDFCBANK,EQ,2026-03-06,877.75,868.05,871.7,855.1,857.2,857.05,862.5,34439647,29704205809.35,706964,21629001,62.8,-0.0235830247792652,1.0,868.05,871.7,855.1,857.05,857.2,862.5,877.75,-0.023583024779265216,False,False,False
HDFCBANK,EQ,2026-03-09,857.05,825.0,842.45,821.5,839.1,840.7,833.63,35592613,29670987891.55,420429,18686662,52.5,-0.0190770666822237,1.0,825.0,842.45,821.5,840.7,839.1,833.63,857.05,-0.019077066682223753,False,False,False
HDFCBANK,EQ,2026-03-10,840.7,850.05,856.8,840.6,849.0,849.45,849.47,52866024,44907944293.6,475796,29796626,56.36,0.0104079933388843,1.0,850.05,856.8,840.6,849.45,849.0,849.47,840.7,0.010407993338884314,False,False,False
HDFCBANK,EQ,2026-03-11,849.45,845.0,848.85,827.6,834.4,833.95,834.32,42261076,35259318337.5,580385,26728940,63.25,-0.0182471010653952,1.0,845.0,848.85,827.6,833.95,834.4,834.32,849.45,-0.018247101065395288,False,False,False
HDFCBANK,EQ,2026-03-12,833.95,820.1,836.4,820.1,833.3,832.75,831.86,46107561,38354969893.0,683178,27587429,59.83,-0.001438935187961,1.0,820.1,836.4,820.1,832.75,833.3,831.86,833.95,-0.0014389351879610102,False,False,False
HDFCBANK,EQ,2026-03-13,832.75,820.0,823.8,812.0,816.7,817.0,817.73,41700464,34099871018.1,542628,22692726,54.42,-0.0189132392674872,1.0,820.0,823.8,812.0,817.0,816.7,817.73,832.75,-0.018913239267487225,False,False,False
HDFCBANK,EQ,2026-03-16,817.0,817.0,844.5,815.65,838.8,840.6,832.0,52182605,43415902026.8,497371,28889106,55.36,0.0288861689106487,1.0,817.0,844.5,815.65,840.6,838.8,832.0,817.0,0.02888616891064877,False,False,False
HDFCBANK,EQ,2026-03-17,840.6,847.7,848.9,835.1,842.8,845.35,843.42,38826979,32747578708.05,457590,20071710,51.7,0.0056507256721389,1.0,847.7,848.9,835.1,845.35,842.8,843.42,840.6,0.005650725672138979,False,False,False
HDFCBANK,EQ,2026-03-18,845.35,845.35,846.8,831.6,842.0,843.05,840.38,23507063,19754916389.35,294181,13548006,57.63,-0.0027207665464009,1.0,845.35,846.8,831.6,843.05,842.0,840.38,845.35,-0.0027207665464009656,False,False,False
HDFCBANK,EQ,2026-03-19,843.05,770.0,815.65,770.0,800.0,798.2,801.78,171637393,137615084047.35,1439390,99628149,58.05,-0.0531996915959906,1.0,770.0,815.65,770.0,798.2,800.0,801.78,843.05,-0.053199691595990695,False,False,False
HDFCBANK,EQ,2026-03-20,798.2,785.0,793.75,778.2,781.0,780.45,784.12,103129469,80865860514.3,963682,66111622,64.11,-0.0222375344525181,1.0,785.0,793.75,778.2,780.45,781.0,784.12,798.2,-0.022237534452518193,False,False,False
HDFCBANK,EQ,2026-03-23,780.45,763.15,768.7,741.05,742.3,744.15,752.37,72341738,54427519734.6,872248,44105103,60.97,-0.0465116279069768,1.0,763.15,768.7,741.05,744.15,742.3,752.37,780.45,-0.04651162790697683,False,False,False
HDFCBANK,EQ,2026-03-24,744.15,755.0,772.75,747.7,766.5,764.9,761.63,61269986,46665356241.25,626314,34473827,56.27,0.0278841631391519,1.0,755.0,772.75,747.7,764.9,766.5,761.63,744.15,0.027884163139151985,False,False,False
HDFCBANK,EQ,2026-03-25,764.9,768.2,794.8,768.2,780.1,782.3,785.22,59230640,46508923123.65,628380,35852906,60.53,0.0227480716433521,1.0,768.2,794.8,768.2,782.3,780.1,785.22,764.9,0.02274807164335213,False,False,False
HDFCBANK,EQ,2026-03-27,782.3,773.2,774.9,754.55,757.95,756.2,761.3,65485199,49853660404.55,699107,41929255,64.03,-0.0333631599130767,1.0,773.2,774.9,754.55,756.2,757.95,761.3,782.3,-0.0333631599130767,False,False,False
HDFCBANK,EQ,2026-03-30,756.2,745.2,751.0,726.65,735.0,731.55,737.88,103500135,76370180749.45,787374,62423108,60.31,-0.0325971965088601,1.0,745.2,751.0,726.65,731.55,735.0,737.88,756.2,-0.03259719650886017,False,False,False
HDFCBANK,EQ,2026-04-01,731.55,743.0,755.9,739.1,744.0,742.25,745.52,78862761,58794104725.5,617196,50017843,63.42,0.0146264780261089,1.0,743.0,755.9,739.1,742.25,744.0,745.52,731.55,0.014626478026108947,False,False,False
HDFCBANK,EQ,2026-04-02,742.25,730.0,755.0,726.65,751.0,750.9,740.56,49310300,36517173048.1,618264,23804482,48.27,0.0116537554732232,1.0,730.0,755.0,726.65,750.9,751.0,740.56,742.25,0.011653755473223226,False,False,False
HDFCBANK,EQ,2026-04-06,750.9,759.0,772.75,745.0,770.9,771.0,759.21,42976659,32628140429.95,626168,24018015,55.89,0.026767878545745,1.0,759.0,772.75,745.0,771.0,770.9,759.21,750.9,0.026767878545745027,False,False,False
HDFCBANK,EQ,2026-04-07,771.0,766.0,774.0,761.0,772.4,772.0,768.18,51309793,39415068155.95,777553,27329359,53.26,0.0012970168612191,1.0,766.0,774.0,761.0,772.0,772.4,768.18,771.0,0.0012970168612191912,False,False,False
HDFCBANK,EQ,2026-04-08,772.0,800.0,817.8,796.0,817.5,816.1,809.87,70269512,56909358152.4,561769,41791230,59.47,0.0571243523316062,1.0,800.0,817.8,796.0,816.1,817.5,809.87,772.0,0.05712435233160629,False,False,False
HDFCBANK,EQ,2026-04-09,816.1,815.0,819.0,793.1,798.0,797.7,800.68,48879392,39136741055.4,532333,21426068,43.83,-0.0225462565862026,1.0,815.0,819.0,793.1,797.7,798.0,800.68,816.1,-0.022546256586202684,False,False,False
HDFCBANK,EQ,2026-04-10,797.7,804.0,812.25,801.0,810.1,810.3,809.15,38156026,30873943034.35,384976,20635660,54.08,0.0157954118089507,1.0,804.0,812.25,801.0,810.3,810.1,809.15,797.7,0.01579541180895072,False,False,False
HDFCBANK,EQ,2026-04-13,810.3,791.5,798.5,787.35,793.0,794.7,792.47,47549328,37681570377.55,428978,18934176,39.82,-0.0192521288411697,1.0,791.5,798.5,787.35,794.7,793.0,792.47,810.3,-0.01925212884116978,False,False,False
HDFCBANK,EQ,2026-04-15,794.7,804.95,814.8,804.0,810.0,809.9,809.73,39769515,32202517376.6,468104,18963852,47.68,0.0191267144834528,1.0,804.95,814.8,804.0,809.9,810.0,809.73,794.7,0.019126714483452822,False,False,False
HDFCBANK,EQ,2026-04-16,809.9,818.0,820.05,792.2,794.0,795.45,802.59,62861293,50452084027.0,512745,26540350,42.22,-0.0178417088529446,1.0,818.0,820.05,792.2,795.45,794.0,802.59,809.9,-0.01784170885294467,False,False,False
HDFCBANK,EQ,2026-04-17,795.45,790.1,803.95,788.2,800.0,799.9,799.4,37282544,29803842840.25,329801,23296927,62.49,0.0055943176818151,1.0,790.1,803.95,788.2,799.9,800.0,799.4,795.45,0.005594317681815175,False,False,False
HDFCBANK,EQ,2026-04-20,799.9,797.1,809.95,790.0,795.2,795.45,796.95,52148044,41559315742.55,550200,27375949,52.5,-0.0055631953994248,1.0,797.1,809.95,790.0,795.45,795.2,796.95,799.9,-0.005563195399424847,False,False,False
HDFCBANK,EQ,2026-04-21,795.45,795.2,814.9,795.2,812.0,811.75,808.97,49135752,39749281377.25,386140,23901902,48.64,0.0204915456659751,1.0,795.2,814.9,795.2,811.75,812.0,808.97,795.45,0.02049154566597511,False,False,False
HDFCBANK,EQ,2026-04-22,811.75,810.0,813.05,798.0,799.4,799.9,804.11,23876412,19199237337.7,278743,15059392,63.07,-0.0145980905451186,1.0,810.0,813.05,798.0,799.9,799.4,804.11,811.75,-0.014598090545118625,False,False,False
HDFCBANK,EQ,2026-04-23,799.9,792.0,796.65,782.5,783.9,784.35,788.13,37677616,29694861381.85,490484,21701707,57.6,-0.0194399299912488,1.0,792.0,796.65,782.5,784.35,783.9,788.13,799.9,-0.019439929991248883,False,False,False
HDFCBANK,EQ,2026-04-24,784.35,777.3,787.6,777.0,785.15,784.85,782.99,27720358,21704772419.3,363338,16602584,59.89,0.0006374705169884,1.0,777.3,787.6,777.0,784.85,785.15,782.99,784.35,0.0006374705169884809,False,False,False
HDFCBANK,EQ,2026-04-27,784.85,787.5,793.0,785.0,790.0,789.8,789.16,18115375,14295937140.45,278374,10324992,57.0,0.0063069376313944,1.0,787.5,793.0,785.0,789.8,790.0,789.16,784.85,0.006306937631394449,False,False,False
HDFCBANK,EQ,2026-04-28,789.8,785.0,794.5,778.3,782.35,782.55,786.39,35366803,27812242540.6,333592,18808136,53.18,-0.0091795391238288,1.0,785.0,794.5,778.3,782.55,782.35,786.39,789.8,-0.00917953912382885,False,False,False
HDFCBANK,EQ,2026-04-29,782.55,785.5,790.0,777.35,778.3,779.0,783.9,25799963,20224713818.45,468032,15285775,59.25,-0.0045364513449619,1.0,785.5,790.0,777.35,779.0,778.3,783.9,782.55,-0.004536451344961945,False,False,False
HDFCBANK,EQ,2026-04-30,779.0,770.0,778.8,762.25,774.75,771.7,770.36,47998755,36976352716.85,568313,22915732,47.74,-0.0093709884467265,1.0,770.0,778.8,762.25,771.7,774.75,770.36,779.0,-0.00937098844672657,False,False,False
HDFCBANK,EQ,2026-05-04,771.7,772.6,786.6,772.6,779.5,779.4,779.72,29028060,22633711388.45,382758,17025706,58.65,0.0099779707140079,1.0,772.6,786.6,772.6,779.4,779.5,779.72,771.7,0.009977970714007967,False,False,False
HDFCBANK,EQ,2026-05-05,779.4,774.4,776.9,763.7,773.2,772.3,771.31,38887657,29994377836.65,491093,17920543,46.08,-0.0091095714652297,1.0,774.4,776.9,763.7,772.3,773.2,771.31,779.4,-0.009109571465229727,False,False,False
HDFCBANK,EQ,2026-05-06,772.3,775.15,798.95,773.5,796.0,796.55,785.36,35530831,27904417066.5,402081,17953925,50.53,0.031399715136605,1.0,775.15,798.95,773.5,796.55,796.0,785.36,772.3,0.031399715136605,False,False,False
HDFCBANK,EQ,2026-05-07,796.55,794.0,801.55,788.55,795.55,796.05,795.15,46137553,36686370164.65,369255,19762031,42.83,-0.0006277069863787,1.0,794.0,801.55,788.55,796.05,795.55,795.15,796.55,-0.0006277069863787066,False,False,False
HDFCBANK,EQ,2026-05-08,796.05,784.0,788.75,777.2,781.0,780.85,781.63,38016841,29715255302.0,386448,25403985,66.82,-0.019094277997613,1.0,784.0,788.75,777.2,780.85,781.0,781.63,796.05,-0.019094277997613096,False,False,False
HDFCBANK,EQ,2026-05-11,780.85,771.95,774.85,761.9,766.25,763.65,769.2,41123422,31632311080.15,446831,26175868,63.65,-0.0220272779663187,1.0,771.95,774.85,761.9,763.65,766.25,769.2,780.85,-0.02202727796631876,False,False,False
HDFCBANK,EQ,2026-05-12,763.65,756.6,759.7,747.8,755.0,750.45,753.71,43937132,33115812661.0,782428,19036053,43.33,-0.0172854056177567,1.0,756.6,759.7,747.8,750.45,755.0,753.71,763.65,-0.01728540561775671,False,False,False
HDFCBANK,EQ,2026-05-13,750.45,752.0,759.95,747.35,749.15,749.6,752.96,28960919,21806358980.45,395816,15486806,53.47,-0.0011326537410887,1.0,752.0,759.95,747.35,749.6,749.15,752.96,750.45,-0.0011326537410887294,False,False,False
HDFCBANK,EQ,2026-05-14,749.6,751.0,778.3,747.0,770.1,769.55,767.26,50992358,39124647345.1,521121,26923055,52.8,0.0266141942369262,1.0,751.0,778.3,747.0,769.55,770.1,767.26,749.6,0.026614194236926236,False,False,False
HDFCBANK,EQ,2026-05-15,769.55,773.0,781.9,765.4,770.0,767.5,774.13,24347873,18848426198.2,268604,15434589,63.39,-0.0026638944837891,1.0,773.0,781.9,765.4,767.5,770.0,774.13,769.55,-0.00266389448378912,False,False,False
HDFCBANK,EQ,2026-05-18,767.5,759.0,774.1,751.35,768.8,768.65,765.63,29812079,22825015390.55,396597,17324667,58.11,0.0014983713355047,1.0,759.0,774.1,751.35,768.65,768.8,765.63,767.5,0.001498371335504789,False,False,False
HDFCBANK,EQ,2026-05-19,768.65,766.7,770.8,760.25,762.8,762.45,765.85,40307830,30869653333.95,414780,20036484,49.71,-0.0080660898978728,1.0,766.7,770.8,760.25,762.45,762.8,765.85,768.65,-0.00806608989787283,False,False,False
HDFCBANK,EQ,2026-05-20,762.45,759.6,762.25,755.15,760.1,759.5,759.21,24013451,18231201059.0,334493,15200147,63.3,-0.0038691061708965,1.0,759.6,762.25,755.15,759.5,760.1,759.21,762.45,-0.00386910617089653,False,False,False
HDFCBANK,EQ,2026-05-21,759.5,767.0,768.25,755.15,758.8,759.15,760.54,34664725,26363966148.4,300382,16778236,48.4,-0.0004608294930875,1.0,767.0,768.25,755.15,759.15,758.8,760.54,759.5,-0.0004608294930875667,False,False,False
HDFCBANK,EQ,2026-05-22,759.15,759.15,775.0,759.15,769.0,766.8,768.46,25604071,19675629937.4,254373,15356926,59.98,0.0100770598695909,1.0,759.15,775.0,759.15,766.8,769.0,768.46,759.15,0.010077059869590954,False,False,False
HDFCBANK,EQ,2026-05-25,766.8,776.0,787.85,775.2,787.45,786.85,783.84,26043952,20414323481.9,340237,17199873,66.04,0.0261476264997393,1.0,776.0,787.85,775.2,786.85,787.45,783.84,766.8,0.02614762649973934,False,False,False
HDFCBANK,EQ,2026-05-26,786.85,784.05,790.85,776.75,780.25,778.9,783.86,31528062,24713457734.45,268365,12977242,41.16,-0.010103577556078,1.0,784.05,790.85,776.75,778.9,780.25,783.86,786.85,-0.010103577556078047,False,False,False
HDFCBANK,EQ,2026-05-27,778.9,769.5,773.9,756.9,759.15,758.65,762.18,63680153,48535704652.8,603423,36818001,57.82,-0.0259982025934009,1.0,769.5,773.9,756.9,758.65,759.15,762.18,778.9,-0.02599820259340091,False,False,False
HDFCBANK,EQ,2026-05-29,758.65,746.05,760.5,737.75,747.25,744.55,747.79,101299431,75750325248.25,582913,69804226,68.91,-0.0185856455546036,1.0,746.05,760.5,737.75,744.55,747.25,747.79,758.65,-0.018585645554603625,False,False,False
HDFCBANK,EQ,2026-06-01,744.55,749.0,752.35,739.2,742.5,742.7,743.7,47996441,35695084062.85,364744,19302413,40.22,-0.0024847223154924,1.0,749.0,752.35,739.2,742.7,742.5,743.7,744.55,-0.0024847223154924603,False,False,False
HDFCBANK,EQ,2026-06-02,742.7,737.0,753.6,733.15,749.15,748.25,745.07,47314447,35252489656.4,423085,19891849,42.04,0.007472734616938,1.0,737.0,753.6,733.15,748.25,749.15,745.07,742.7,0.007472734616938093,False,False,False
HDFCBANK,EQ,2026-06-03,748.25,744.45,756.9,742.6,753.0,753.65,748.83,36109480,27039736378.55,555057,19128489,52.97,0.0072168392916804,1.0,744.45,756.9,742.6,753.65,753.0,748.83,748.25,0.007216839291680488,False,False,False
HDFCBANK,EQ,2026-06-04,753.65,749.15,757.3,745.0,753.25,754.2,751.95,42673538,32088355961.35,385239,19985833,46.83,0.0007297817289193,1.0,749.15,757.3,745.0,754.2,753.25,751.95,753.65,0.0007297817289193542,False,False,False
HDFCBANK,EQ,2026-06-05,754.2,753.95,758.7,744.65,748.2,747.05,750.42,22116568,16596636748.9,214858,12516185,56.59,-0.0094802439671175,1.0,753.95,758.7,744.65,747.05,748.2,750.42,754.2,-0.009480243967117552,False,False,False
HDFCBANK,EQ,2026-06-08,747.05,738.0,741.5,734.5,738.0,738.65,738.38,21550700,15912698807.25,307762,9097681,42.22,-0.011244227294023,1.0,738.0,741.5,734.5,738.65,738.0,738.38,747.05,-0.01124422729402308,False,False,False
HDFCBANK,EQ,2026-06-09,738.65,739.45,743.95,732.3,739.7,738.35,738.36,38539563,28456251128.8,346855,15214315,39.48,-0.0004061463480673,1.0,739.45,743.95,732.3,738.35,739.7,738.36,738.65,-0.00040614634806734884,False,False,False
HDFCBANK,EQ,2026-06-10,738.35,736.5,755.95,736.4,747.8,746.85,744.98,44458159,33120648229.85,323114,23670967,53.24,0.0115121554818176,1.0,736.5,755.95,736.4,746.85,747.8,744.98,738.35,0.01151215548181761,False,False,False
HDFCBANK,EQ,2026-06-11,746.85,743.0,756.0,740.1,745.3,744.6,746.84,32632007,24370845118.65,262963,16955815,51.96,-0.0030126531432014,1.0,743.0,756.0,740.1,744.6,745.3,746.84,746.85,-0.003012653143201427,False,False,False
HDFCBANK,EQ,2026-06-12,744.6,754.7,774.45,753.1,771.95,772.45,764.47,36088159,27588217228.1,424418,22190749,61.49,0.0374026322857909,1.0,754.7,774.45,753.1,772.45,771.95,764.47,744.6,0.03740263228579099,False,False,False
HDFCBANK,EQ,2026-06-15,772.45,790.0,793.5,775.6,777.45,777.35,783.75,39990334,31342600344.4,410968,25553938,63.9,0.0063434526506569,1.0,790.0,793.5,775.6,777.35,777.45,783.75,772.45,0.006343452650656944,False,False,False
HDFCBANK,EQ,2026-06-16,777.35,780.5,787.7,779.45,784.75,784.9,784.34,27820970,21821164302.2,334802,12995866,46.71,0.0097124847237408,1.0,780.5,787.7,779.45,784.9,784.75,784.34,777.35,0.009712484723740866,False,False,False
HDFCBANK,EQ,2026-06-17,784.9,787.65,794.3,783.1,787.0,787.1,788.39,32405604,25548397540.45,466023,21508982,66.37,0.0028029048286406,1.0,787.65,794.3,783.1,787.1,787.0,788.39,784.9,0.002802904828640651,False,False,False
HDFCBANK,EQ,2026-06-18,787.1,786.5,802.95,786.2,800.8,799.0,797.21,41492071,33077950871.0,386510,20063205,48.35,0.0151187904967602,1.0,786.5,802.95,786.2,799.0,800.8,797.21,787.1,0.015118790496760237,False,False,False
HDFCBANK,EQ,2026-06-19,799.0,788.7,789.05,776.2,781.0,779.8,780.8,33798761,26389948086.3,342920,21270632,62.93,-0.0240300375469336,1.0,788.7,789.05,776.2,779.8,781.0,780.8,799.0,-0.02403003754693367,False,False,False
HDFCBANK,EQ,2026-06-22,779.8,789.9,789.9,783.1,785.6,786.4,786.71,25194765,19820893965.3,257091,17480801,69.38,0.0084637086432419,1.0,789.9,789.9,783.1,786.4,785.6,786.71,779.8,0.008463708643241974,False,False,False
HDFCBANK,EQ,2026-06-23,786.4,783.05,790.9,772.55,772.6,774.65,781.94,28289062,22120296631.6,273325,15568384,55.03,-0.0149415055951169,1.0,783.05,790.9,772.55,774.65,772.6,781.94,786.4,-0.014941505595116977,False,False,False
HDFCBANK,EQ,2026-06-24,774.65,773.0,794.9,772.65,792.8,793.2,788.6,34701292,27365290725.1,320163,21486006,61.92,0.0239462983282774,1.0,773.0,794.9,772.65,793.2,792.8,788.6,774.65,0.023946298328277438,False,False,False
HDFCBANK,EQ,2026-06-25,793.2,798.5,804.45,794.75,796.0,796.3,799.35,46707966,37336168879.3,467329,30031159,64.3,0.0039082198688853,1.0,798.5,804.45,794.75,796.3,796.0,799.35,793.2,0.003908219868885343,False,False,False
HDFCBANK,EQ,2026-06-29,796.3,800.0,805.9,793.3,797.05,798.9,799.29,46695977,37323637057.7,421982,30919361,66.21,0.003265101092553,1.0,800.0,805.9,793.3,798.9,797.05,799.29,796.3,0.003265101092553069,False,False,False
HDFCBANK,EQ,2026-06-30,798.9,806.1,806.1,792.75,800.45,797.95,798.65,45778356,36561096124.85,507833,27708562,60.53,-0.0011891350607083,1.0,806.1,806.1,792.75,797.95,800.45,798.65,798.9,-0.0011891350607083906,False,False,False
HDFCBANK,EQ,2026-07-01,797.95,793.5,802.25,793.5,796.0,796.15,797.89,26094378,20820485429.5,265057,17813540,68.27,-0.0022557804373708,1.0,793.5,802.25,793.5,796.15,796.0,797.89,797.95,-0.0022557804373708468,False,False,False
HDFCBANK,EQ,2026-07-02,796.15,795.0,805.45,794.0,794.95,795.9,798.17,34143823,27252482310.7,367026,20198744,59.16,-0.0003140111787979,1.0,795.0,805.45,794.0,795.9,794.95,798.17,796.15,-0.00031401117879792384,False,False,False
HDFCBANK,EQ,2026-07-03,795.9,803.0,807.0,798.55,801.5,801.05,802.89,25871958,20772233463.35,225856,18315362,70.79,0.0064706621434853,1.0,803.0,807.0,798.55,801.05,801.5,802.89,795.9,0.006470662143485351,False,False,False
HDFCBANK,EQ,2026-07-06,801.05,805.0,831.5,805.0,828.0,829.85,824.42,63203327,52105954194.0,731245,43310150,68.53,0.0359528119343361,1.0,805.0,831.5,805.0,829.85,828.0,824.42,801.05,0.03595281193433619,False,False,False
HDFCBANK,EQ,2026-07-07,829.85,843.0,843.0,826.1,827.5,829.3,834.07,57611729,48052350466.8,500541,38196928,66.3,-0.0006627703801892,1.0,843.0,843.0,826.1,829.3,827.5,834.07,829.85,-0.0006627703801892482,False,False,False
HDFCBANK,EQ,2026-07-08,829.3,825.9,834.35,806.95,809.3,810.3,821.95,38754632,31854245392.45,392366,22453892,57.94,-0.0229108887013144,1.0,825.9,834.35,806.95,810.3,809.3,821.95,829.3,-0.022910888701314414,False,False,False
HDFCBANK,EQ,2026-07-09,810.3,813.0,822.85,812.3,817.0,817.55,818.64,39891798,32656870500.6,336701,21911701,54.93,0.0089473034678513,1.0,813.0,822.85,812.3,817.55,817.0,818.64,810.3,0.00894730346785133,False,False,False
HDFCBANK,EQ,2026-07-10,817.55,824.0,827.7,820.3,824.5,824.95,824.61,23595785,19457353746.75,296453,16977137,71.95,0.0090514341630483,1.0,824.0,827.7,820.3,824.95,824.5,824.61,817.55,0.009051434163048322,False,False,False
HDFCBANK,EQ,2026-07-13,824.95,817.0,821.95,811.0,817.5,817.95,817.72,21741736,17778697986.0,242082,11894060,54.71,-0.0084853627492574,1.0,817.0,821.95,811.0,817.95,817.5,817.72,824.95,-0.008485362749257486,False,False,False
HDFCBANK,EQ,2026-07-14,817.95,811.4,818.4,807.0,809.0,809.4,811.9,25605395,20789113493.0,292714,12189945,47.61,-0.010452961672474,1.0,811.4,818.4,807.0,809.4,809.0,811.9,817.95,-0.010452961672474004,False,False,False
HDFCBANK,EQ,2026-07-15,809.4,811.0,819.7,809.7,815.0,815.45,815.46,21488739,17523229835.8,250860,13642307,63.49,0.0074746725969854,1.0,811.0,819.7,809.7,815.45,815.0,815.46,809.4,0.007474672596985421,False,False,False
HDFCBANK,EQ,2026-07-16,815.45,814.5,818.0,806.5,808.35,808.3,810.8,18698186,15160491649.4,181496,10473082,56.01,-0.0087681648169722,1.0,814.5,818.0,806.5,808.3,808.35,810.8,815.45,-0.00876816481697229,False,False,False
HDFCBANK,EQ,2026-07-17,808.3,810.0,823.7,808.5,820.8,819.6,817.91,17415322,14244131598.8,252225,10883338,62.49,0.0139799579364099,1.0,810.0,823.7,808.5,819.6,820.8,817.91,808.3,0.013979957936409937,False,False,False
HDFCBANK,EQ,2026-07-20,819.6,790.0,790.0,774.55,777.95,777.6,780.64,56061789,43763898766.6,979171,34725639,61.94,-0.0512445095168374,1.0,790.0,790.0,774.55,777.6,777.95,780.64,819.6,-0.051244509516837455,False,False,False
HDFCBANK,EQ,2026-07-21,777.6,769.15,772.5,760.1,761.5,761.45,765.46,42246009,32337826325.5,644512,26485261,62.69,-0.0207690329218106,1.0,769.15,772.5,760.1,761.45,761.5,765.46,777.6,-0.02076903292181065,False,False,False
HDFCBANK,EQ,2026-07-22,761.45,760.25,761.35,750.35,753.9,753.15,753.56,23385446,17622236888.0,396951,15379763,65.77,-0.010900256090354,1.0,760.25,761.35,750.35,753.15,753.9,753.56,761.45,-0.010900256090354055,False,False,False
HDFCBANK,EQ,2026-07-23,753.15,749.4,751.0,743.25,745.85,747.25,746.39,32532090,24281738985.55,415811,21273440,65.39,-0.0078337648542786,1.0,749.4,751.0,743.25,747.25,745.85,746.39,753.15,-0.007833764854278669,False,False,False
HDFCBANK,EQ,2026-07-24,747.25,738.5,748.25,737.25,743.5,742.8,742.56,23837859,17701080022.35,385478,15523990,65.12,-0.0059551689528271,1.0,738.5,748.25,737.25,742.8,743.5,742.56,747.25,-0.005955168952827106,False,False,False
HDFCBANK,EQ,2026-07-27,742.8,746.1,747.95,738.1,740.25,739.55,740.88,29678752,21988422477.7,333807,20696690,69.74,-0.004375336564351,1.0,746.1,747.95,738.1,739.55,740.25,740.88,742.8,-0.004375336564351073,False,False,False
HDFCBANK,EQ,2026-07-28,739.55,732.0,740.25,732.0,736.75,735.4,736.47,33886037,24956102852.9,438835,22542741,66.53,-0.0056115205192346,1.0,732.0,740.25,732.0,735.4,736.75,736.47,739.55,-0.005611520519234636,False,False,False
HDFCBANK,EQ,2026-07-29,735.4,743.0,751.25,740.8,748.3,748.2,747.8,20460659,15300401444.85,256480,13846743,67.67,0.0174054936089205,1.0,743.0,751.25,740.8,748.2,748.3,747.8,735.4,0.01740549360892052,False,False,False
HDFCBANK,EQ,2026-07-30,748.2,752.8,757.9,745.5,753.4,753.95,750.92,35844392,26916353128.7,356030,20668475,57.66,0.0076851109329056,1.0,752.8,757.9,745.5,753.95,753.4,750.92,748.2,0.007685110932905692,False,False,False
HDFCBANK,EQ,2026-07-31,753.95,753.95,757.55,747.2,748.0,748.15,749.63,25522483,19132330689.35,296777,19081002,74.76,-0.0076928178261158,1.0,753.95,757.55,747.2,748.15,748.0,749.63,753.95,-0.007692817826115861,False,False,False
HDFCBANK,EQ,2026-08-03,748.15,753.05,756.85,750.05,753.0,753.0,752.96,14827841,11164788358.5,392396,9318631,62.85,0.0064826572211456,1.0,753.05,756.85,750.05,753.0,753.0,752.96,748.15,0.006482657221145605,False,False,False
HDFCBANK,EQ,2026-08-04,753.0,753.2,753.2,738.0,742.0,742.0,742.63,31559802,23437341270.35,423043,19491117,61.76,-0.0146082337317396,1.0,753.2,753.2,738.0,742.0,742.0,742.63,753.0,-0.014608233731739695,False,False,False
HDFCBANK,EQ,2026-08-05,742.0,733.8,741.95,732.6,735.0,735.0,736.21,60050538,44210001665.45,453005,42940980,71.51,-0.0094339622641509,1.0,733.8,741.95,732.6,735.0,735.0,736.21,742.0,-0.009433962264150941,False,False,False
HDFCBANK,EQ,2026-08-06,735.0,739.0,740.5,733.55,734.3,734.3,735.7,44772122,32938832886.35,392473,29490980,65.87,-0.000952380952381,1.0,739.0,740.5,733.55,734.3,734.3,735.7,735.0,-0.0009523809523810378,False,False,False
HDFCBANK,EQ,2026-08-07,734.3,733.0,736.0,728.2,731.0,731.0,732.24,19382042,14192225193.55,314352,13185891,68.03,-0.0044940759907393,1.0,733.0,736.0,728.2,731.0,731.0,732.24,734.3,-0.004494075990739366,False,False,False
HDFCBANK,EQ,2026-08-10,731.0,731.5,737.55,728.5,731.0,731.0,732.79,23660590,17338317737.15,375251,15810637,66.82,0.0,1.0,731.5,737.55,728.5,731.0,731.0,732.79,731.0,0.0,False,False,False
HDFCBANK,EQ,2026-08-11,731.0,730.5,730.85,726.55,729.0,729.0,728.77,29154365,21246816101.75,386461,16648262,57.1,-0.002735978112175,1.0,730.5,730.85,726.55,729.0,729.0,728.77,731.0,-0.002735978112175075,False,False,False
HDFCBANK,EQ,2026-08-12,729.0,729.0,730.65,722.0,729.0,729.0,725.18,26993177,19574777188.0,525619,17623358,65.29,0.0,1.0,729.0,730.65,722.0,729.0,729.0,725.18,729.0,0.0,False,False,False
HDFCBANK,EQ,2026-08-13,729.0,726.9,729.0,724.5,725.0,725.0,726.89,22129893,16086058551.35,290871,13265986,59.95,-0.0054869684499314,1.0,726.9,729.0,724.5,725.0,725.0,726.89,729.0,-0.005486968449931462,False,False,False
HDFCBANK,EQ,2026-08-14,725.0,725.0,729.6,723.5,727.0,727.0,726.97,20364131,14804079006.05,242796,14796227,72.66,0.0027586206896552,1.0,725.0,729.6,723.5,727.0,727.0,726.97,725.0,0.0027586206896552667,False,False,False
HDFCBANK,EQ,2026-08-17,727.0,727.05,732.1,724.5,729.0,729.0,727.62,14823722,10785963097.5,215237,9931639,67.0,0.0027510316368637,1.0,727.05,732.1,724.5,729.0,729.0,727.62,727.0,0.0027510316368637433,False,False,False
HDFCBANK,EQ,2026-08-18,729.0,726.3,729.0,723.0,723.0,723.0,724.7,17916507,12984034098.1,256567,10569314,58.99,-0.008230452674897,1.0,726.3,729.0,723.0,723.0,723.0,724.7,729.0,-0.008230452674897082,False,False,False
HDFCBANK,EQ,2026-08-19,723.0,724.0,725.4,715.1,720.0,720.0,718.98,21342651,15345027068.05,291728,13254077,62.1,-0.0041493775933609,1.0,724.0,725.4,715.1,720.0,720.0,718.98,723.0,-0.004149377593360981,False,False,False
HDFCBANK,EQ,2026-08-20,720.0,725.5,728.3,724.3,725.05,725.05,726.11,17603805,12782234279.05,210154,12270042,69.7,0.0070138888888888,1.0,725.5,728.3,724.3,725.05,725.05,726.11,720.0,0.007013888888888875,False,False,False
HDFCBANK,EQ,2026-08-21,725.05,728.3,732.8,726.6,726.95,726.95,730.4,26029811,19012184361.2,205927,17199226,66.08,0.0026205089304187,1.0,728.3,732.8,726.6,726.95,726.95,730.4,725.05,0.0026205089304187634,False,False,False
HDFCBANK,EQ,2026-08-24,726.95,732.5,734.4,724.1,729.0,729.0,727.99,11408345,8305209859.5,191412,6724175,58.94,0.0028200013756103,1.0,732.5,734.4,724.1,729.0,729.0,727.99,726.95,0.002820001375610337,False,False,False
HDFCBANK,EQ,2026-08-25,729.0,726.6,728.7,722.0,727.5,727.5,725.08,17511874,12697554251.3,193712,7685248,43.89,-0.0020576131687243,1.0,726.6,728.7,722.0,727.5,727.5,725.08,729.0,-0.002057613168724326,False,False,False
HDFCBANK,EQ,2026-08-26,727.5,728.0,731.0,724.15,727.2,727.2,727.5,21156463,15391307909.1,214223,14135347,66.81,-0.0004123711340205,1.0,728.0,731.0,724.15,727.2,727.2,727.5,727.5,-0.0004123711340205949,False,False,False
HDFCBANK,EQ,2026-08-27,727.2,728.15,728.15,710.0,711.0,711.0,715.81,46515020,33295843038.85,640207,26654212,57.3,-0.0222772277227722,1.0,728.15,728.15,710.0,711.0,711.0,715.81,727.2,-0.022277227722772297,False,False,False
HDFCBANK,EQ,2026-08-28,711.0,710.85,720.3,707.0,720.3,720.3,715.16,16494301,11796010616.7,221663,8735071,52.96,0.0130801687763713,1.0,710.85,720.3,707.0,720.3,720.3,715.16,711.0,0.013080168776371304,False,False,False
HDFCBANK,EQ,2026-08-31,720.3,723.05,739.75,704.15,709.0,709.0,720.91,78157067,56344122962.2,763649,41701133,53.36,-0.0156879078161876,1.0,723.05,739.75,704.15,709.0,709.0,720.91,720.3,-0.015687907816187674,False,False,False
HDFCBANK,EQ,2026-09-01,709.0,705.05,715.45,698.5,711.9,711.9,707.88,44417092,31442010162.85,509180,18568849,41.81,0.0040902679830747,1.0,705.05,715.45,698.5,711.9,711.9,707.88,709.0,0.004090267983074769,False,False,False
HDFCBANK,EQ,2026-09-02,711.9,702.3,705.65,700.0,700.8,700.8,702.22,36950338,25947121981.35,475283,22751679,61.57,-0.0155920775389801,1.0,702.3,705.65,700.0,700.8,700.8,702.22,711.9,-0.015592077538980176,False,False,False
HDFCBANK,EQ,2026-09-03,700.8,705.0,712.6,705.0,706.65,706.65,708.33,27770641,19670639968.7,293146,16590339,59.74,0.008347602739726,1.0,705.0,712.6,705.0,706.65,706.65,708.33,700.8,0.008347602739726012,False,False,False
HDFCBANK,EQ,2026-09-04,706.65,708.35,716.5,708.35,712.1,712.1,713.56,14488024,10338145691.25,202544,8371615,57.78,0.0077124460482558,1.0,708.35,716.5,708.35,712.1,712.1,713.56,706.65,0.007712446048255828,False,False,False
HDFCBANK,EQ,2026-09-07,712.1,712.1,713.0,707.05,710.5,710.5,710.44,12180390,8653415620.75,190729,7666610,62.94,-0.0022468754388429,1.0,712.1,713.0,707.05,710.5,710.5,710.44,712.1,-0.0022468754388429435,False,False,False
HDFCBANK,EQ,2026-09-08,710.5,707.1,708.9,703.0,703.0,703.0,704.77,19883515,14013351184.5,248573,13264353,66.71,-0.0105559465165376,1.0,707.1,708.9,703.0,703.0,703.0,704.77,710.5,-0.010555946516537684,False,False,False
HDFCBANK,EQ,2026-09-09,703.0,698.0,700.0,687.1,687.1,687.1,693.47,39173990,27166163430.35,525234,26163697,66.79,-0.0226173541963015,1.0,698.0,700.0,687.1,687.1,687.1,693.47,703.0,-0.02261735419630151,False,False,False
HDFCBANK,EQ,2026-09-10,687.1,687.1,694.5,686.2,693.8,693.8,690.29,27108053,18712539671.55,435920,17074185,62.99,0.0097511279289768,1.0,687.1,694.5,686.2,693.8,693.8,690.29,687.1,0.00975112792897681,False,False,False
HDFCBANK,EQ,2026-09-11,693.8,683.9,709.0,681.9,708.25,708.25,693.3,31411934,21777965303.5,414216,13408691,47.31,0.0208273277601616,1.0,683.9,709.0,681.9,708.25,708.25,693.3,693.8,0.020827327760161607,False,False,False
