symbol,series,trade_date,prev_close,open_price,high_price,low_price,last_price,close_price,average_price,total_traded_quantity,turnover_inr,no_of_trades,deliverable_qty,deliverable_pct,daily_return,adjustment_factor_applied,adjusted_open_price,adjusted_high_price,adjusted_low_price,adjusted_close_price,adjusted_last_price,adjusted_average_price,adjusted_prev_close,adjusted_daily_return,corporate_action_date,raw_extreme_return,adjusted_extreme_return
SBIN,EQ,2021-09-13,432.3,430.1,433.8,428.8,432.95,432.85,431.52,9567921,4128785656.45,124293,3430248,35.85,,1.0,430.1,433.8,428.8,432.85,432.95,431.52,432.3,,False,False,False
SBIN,EQ,2021-09-14,432.85,435.0,436.75,432.25,432.95,433.0,434.37,9981562,4335668388.45,119218,4167481,41.75,0.0003465403719533,1.0,435.0,436.75,432.25,433.0,432.95,434.37,432.85,0.0003465403719533633,False,False,False
SBIN,EQ,2021-09-15,433.0,433.0,445.0,431.45,444.2,443.85,439.44,22181568,9747550178.0,227051,8683362,39.15,0.0250577367205542,1.0,433.0,445.0,431.45,443.85,444.2,439.44,433.0,0.025057736720554225,False,False,False
SBIN,EQ,2021-09-16,443.85,444.85,466.1,442.75,465.0,463.7,455.79,42637448,19433511482.4,389525,14981767,35.14,0.0447223160977807,1.0,444.85,466.1,442.75,463.7,465.0,455.79,443.85,0.04472231609778077,False,False,False
SBIN,EQ,2021-09-17,463.7,468.0,471.9,450.35,453.25,454.1,459.32,41529478,19075457112.55,365811,14905679,35.89,-0.0207030407591114,1.0,468.0,471.9,450.35,454.1,453.25,459.32,463.7,-0.020703040759111446,False,False,False
SBIN,EQ,2021-09-20,454.1,449.4,453.5,435.65,436.9,437.45,444.85,18376916,8174909143.45,224634,5361436,29.17,-0.0366659326139617,1.0,449.4,453.5,435.65,437.45,436.9,444.85,454.1,-0.03666593261396178,False,False,False
SBIN,EQ,2021-09-21,437.45,440.15,441.35,432.65,439.55,438.8,436.88,17279588,7549077506.2,187042,5134035,29.71,0.0030860669790833,1.0,440.15,441.35,432.65,438.8,439.55,436.88,437.45,0.003086066979083313,False,False,False
SBIN,EQ,2021-09-22,438.8,438.9,442.8,436.1,439.9,438.85,439.41,14321143,6292868435.2,163766,5430263,37.92,0.0001139471285322,1.0,438.9,442.8,436.1,438.85,439.9,439.41,438.8,0.00011394712853229905,False,False,False
SBIN,EQ,2021-09-23,438.85,442.4,451.15,442.05,450.0,449.8,448.38,20516770,9199216292.7,205927,8211883,40.03,0.024951577987923,1.0,442.4,451.15,442.05,449.8,450.0,448.38,438.85,0.024951577987923024,False,False,False
SBIN,EQ,2021-09-24,449.8,451.1,451.9,440.0,440.65,440.75,443.93,10731274,4763973709.0,131592,2970394,27.68,-0.0201200533570475,1.0,451.1,451.9,440.0,440.75,440.65,443.93,449.8,-0.020120053357047585,False,False,False
SBIN,EQ,2021-09-27,440.75,444.9,450.55,442.25,446.0,446.6,447.06,11746892,5251571390.7,153034,3999470,34.05,0.0132728304027227,1.0,444.9,450.55,442.25,446.6,446.0,447.06,440.75,0.013272830402722757,False,False,False
SBIN,EQ,2021-09-28,446.6,449.2,455.8,439.6,444.65,444.9,448.31,19241170,8626038318.15,199169,5139742,26.71,-0.003806538289297,1.0,449.2,455.8,439.6,444.9,444.65,448.31,446.6,-0.0038065382892970012,False,False,False
SBIN,EQ,2021-09-29,444.9,441.85,462.3,439.1,459.7,460.0,455.43,38635938,17595781811.2,276232,17529709,45.37,0.0339402112834346,1.0,441.85,462.3,439.1,460.0,459.7,455.43,444.9,0.03394021128343461,False,False,False
SBIN,EQ,2021-09-30,460.0,459.95,464.9,451.4,453.0,453.0,456.78,26530369,12118427234.5,263399,9267354,34.93,-0.0152173913043478,1.0,459.95,464.9,451.4,453.0,453.0,456.78,460.0,-0.01521739130434785,False,False,False
SBIN,EQ,2021-10-01,453.0,448.5,455.55,443.8,452.0,451.65,451.04,14777309,6665106556.2,155872,4497093,30.43,-0.0029801324503311,1.0,448.5,455.55,443.8,451.65,452.0,451.04,453.0,-0.00298013245033113,False,False,False
SBIN,EQ,2021-10-04,451.65,453.8,464.4,451.6,462.5,463.15,459.53,16246765,7465819749.15,165717,6123342,37.69,0.0254621941769068,1.0,453.8,464.4,451.6,463.15,462.5,459.53,451.65,0.02546219417690687,False,False,False
SBIN,EQ,2021-10-05,463.15,462.0,469.0,458.7,463.7,464.7,462.56,16487568,7626535668.6,173621,6198603,37.6,0.0033466479542265,1.0,462.0,469.0,458.7,464.7,463.7,462.56,463.15,0.003346647954226567,False,False,False
SBIN,EQ,2021-10-06,464.7,465.0,471.0,453.65,456.85,457.2,462.34,19056690,8810609278.2,212608,5674001,29.77,-0.0161394448030988,1.0,465.0,471.0,453.65,457.2,456.85,462.34,464.7,-0.016139444803098812,False,False,False
SBIN,EQ,2021-10-07,457.2,462.1,464.0,457.1,458.8,457.9,460.4,9984651,4596945034.65,125318,2461134,24.65,0.0015310586176726,1.0,462.1,464.0,457.1,457.9,458.8,460.4,457.2,0.0015310586176726648,False,False,False
SBIN,EQ,2021-10-08,457.9,461.9,464.0,454.25,460.05,458.0,458.23,16521128,7570506024.8,203056,5292617,32.04,0.0002183882943873,1.0,461.9,464.0,454.25,458.0,460.05,458.23,457.9,0.00021838829438736163,False,False,False
SBIN,EQ,2021-10-11,458.0,460.0,474.95,458.65,470.0,469.25,467.63,20686981,9673941458.6,216624,5870213,28.38,0.0245633187772926,1.0,460.0,474.95,458.65,469.25,470.0,467.63,458.0,0.024563318777292675,False,False,False
SBIN,EQ,2021-10-12,469.25,470.0,484.4,468.1,483.0,483.0,477.21,33763609,16112473783.15,358816,10524930,31.17,0.0293020777836974,1.0,470.0,484.4,468.1,483.0,483.0,477.21,469.25,0.029302077783697422,False,False,False
SBIN,EQ,2021-10-13,483.0,486.15,486.15,478.0,480.3,481.7,482.03,17638983,8502569064.6,193982,6171965,34.99,-0.0026915113871636,1.0,486.15,486.15,478.0,481.7,480.3,482.03,483.0,-0.0026915113871636143,False,False,False
SBIN,EQ,2021-10-14,481.7,482.0,493.9,482.0,489.0,490.6,489.36,23431826,11466700420.4,285093,9203608,39.28,0.0184762300186838,1.0,482.0,493.9,482.0,490.6,489.0,489.36,481.7,0.018476230018683815,False,False,False
SBIN,EQ,2021-10-18,490.6,494.0,501.0,491.7,496.95,497.95,496.52,20084248,9972248131.0,242361,6957051,34.64,0.0149816551161841,1.0,494.0,501.0,491.7,497.95,496.95,496.52,490.6,0.0149816551161841,False,False,False
SBIN,EQ,2021-10-19,497.95,500.35,504.2,483.25,488.7,488.2,496.47,20645100,10249603940.75,222035,6902634,33.43,-0.0195802791444924,1.0,500.35,504.2,483.25,488.2,488.7,496.47,497.95,-0.019580279144492452,False,False,False
SBIN,EQ,2021-10-20,488.2,488.8,507.5,483.1,501.2,499.9,499.79,34080545,17033273637.45,330756,9918562,29.1,0.023965587873822,1.0,488.8,507.5,483.1,499.9,501.2,499.79,488.2,0.02396558787382208,False,False,False
SBIN,EQ,2021-10-21,499.9,504.9,506.5,491.75,504.45,502.95,500.34,20808243,10411257991.5,237992,5557708,26.71,0.0061012202440489,1.0,504.9,506.5,491.75,502.95,504.45,500.34,499.9,0.0061012202440489105,False,False,False
SBIN,EQ,2021-10-22,502.95,504.6,508.7,500.0,502.5,502.95,504.16,24080485,12140356949.25,226890,9118838,37.87,0.0,1.0,504.6,508.7,500.0,502.95,502.5,504.16,502.95,0.0,False,False,False
SBIN,EQ,2021-10-25,502.95,506.5,515.45,497.85,507.1,506.5,508.7,35619415,18119425930.15,383621,14744285,41.39,0.0070583557013619,1.0,506.5,515.45,497.85,506.5,507.1,508.7,502.95,0.007058355701361929,False,False,False
SBIN,EQ,2021-10-26,506.5,507.6,518.2,507.6,512.75,512.55,513.42,21107457,10837079011.1,233424,6845791,32.43,0.011944718657453,1.0,507.6,518.2,507.6,512.55,512.75,513.42,506.5,0.011944718657453057,False,False,False
SBIN,EQ,2021-10-27,512.55,513.7,526.85,512.75,518.0,519.15,521.13,29463032,15353990567.3,301253,10494169,35.62,0.0128767925080479,1.0,513.7,526.85,512.75,519.15,518.0,521.13,512.55,0.012876792508047963,False,False,False
SBIN,EQ,2021-10-28,519.15,519.6,520.55,497.6,503.7,501.35,508.7,28140401,14314957500.35,260970,11285902,40.11,-0.0342868149860348,1.0,519.6,520.55,497.6,501.35,503.7,508.7,519.15,-0.03428681498603481,False,False,False
SBIN,EQ,2021-10-29,501.35,501.5,512.65,488.4,504.0,502.15,502.7,31355893,15762555971.95,374125,10689375,34.09,0.0015956916325918,1.0,501.5,512.65,488.4,502.15,504.0,502.7,501.35,0.001595691632591878,False,False,False
SBIN,EQ,2021-11-01,502.15,508.5,516.95,501.0,515.3,515.7,509.46,20679604,10535440179.85,232409,7903086,38.22,0.0269839689335857,1.0,508.5,516.95,501.0,515.7,515.3,509.46,502.15,0.02698396893358579,False,False,False
SBIN,EQ,2021-11-02,515.7,514.8,525.0,512.05,522.0,521.7,519.23,26797820,13914285754.45,292700,8002712,29.86,0.011634671320535,1.0,514.8,525.0,512.05,521.7,522.0,519.23,515.7,0.011634671320535084,False,False,False
SBIN,EQ,2021-11-03,521.7,524.0,542.3,515.2,530.9,527.65,529.74,80775924,42789906386.3,664904,11296532,13.99,0.0114050220433197,1.0,524.0,542.3,515.2,527.65,530.9,529.74,521.7,0.011405022043319724,False,False,False
SBIN,EQ,2021-11-04,527.65,531.5,535.9,528.05,530.8,530.45,532.2,9796046,5213460589.8,154034,3458640,35.31,0.0053065479010709,1.0,531.5,535.9,528.05,530.45,530.8,532.2,527.65,0.00530654790107099,False,False,False
SBIN,EQ,2021-11-08,530.45,534.45,534.45,516.45,523.6,523.25,524.29,36802110,19294923063.55,434185,13809608,37.52,-0.0135733810915261,1.0,534.45,534.45,516.45,523.25,523.6,524.29,530.45,-0.013573381091526171,False,False,False
SBIN,EQ,2021-11-09,523.25,526.25,532.0,522.2,529.0,529.15,528.31,25451967,13446603285.85,263483,10868864,42.7,0.0112756808408982,1.0,526.25,532.0,522.2,529.15,529.0,528.31,523.25,0.01127568084089825,False,False,False
SBIN,EQ,2021-11-10,529.15,525.55,528.5,521.5,523.7,524.4,524.92,15805538,8296660439.05,233636,6661421,42.15,-0.0089766606822262,1.0,525.55,528.5,521.5,524.4,523.7,524.92,529.15,-0.008976660682226245,False,False,False
SBIN,EQ,2021-11-11,524.4,522.85,522.85,507.1,509.9,509.6,513.93,23086898,11864947886.35,404691,8852924,38.35,-0.0282227307398931,1.0,522.85,522.85,507.1,509.6,509.9,513.93,524.4,-0.02822273073989312,False,False,False
SBIN,EQ,2021-11-12,509.6,512.0,513.0,502.7,510.95,511.35,509.0,19836221,10096685240.65,259734,8187869,41.28,0.0034340659340659,1.0,512.0,513.0,502.7,511.35,510.95,509.0,509.6,0.003434065934065922,False,False,False
SBIN,EQ,2021-11-15,511.35,512.4,515.9,505.5,507.4,506.55,509.14,13328183,6785900980.1,186098,4698458,35.25,-0.0093869169844529,1.0,512.4,515.9,505.5,506.55,507.4,509.14,511.35,-0.009386916984452931,False,False,False
SBIN,EQ,2021-11-16,506.55,507.4,507.4,493.5,494.25,495.1,499.96,19553216,9775879787.0,292914,7277609,37.22,-0.0226038890534003,1.0,507.4,507.4,493.5,495.1,494.25,499.96,506.55,-0.022603889053400383,False,False,False
SBIN,EQ,2021-11-17,495.1,493.85,505.4,491.0,497.6,498.15,500.32,20488483,10250837191.3,275972,6509080,31.77,0.0061603716420923,1.0,493.85,505.4,491.0,498.15,497.6,500.32,495.1,0.006160371642092377,False,False,False
SBIN,EQ,2021-11-18,498.15,499.1,506.2,492.3,503.35,503.8,500.73,22471070,11251912236.4,276780,5423193,24.13,0.0113419652715045,1.0,499.1,506.2,492.3,503.8,503.35,500.73,498.15,0.01134196527150455,False,False,False
SBIN,EQ,2021-11-22,503.8,506.0,506.0,477.5,487.0,486.4,489.05,28800269,14084766587.35,383770,10288095,35.72,-0.0345375148868599,1.0,506.0,506.0,477.5,486.4,487.0,489.05,503.8,-0.034537514886859966,False,False,False
SBIN,EQ,2021-11-23,486.4,485.25,495.4,480.0,492.8,493.05,490.18,20000371,9803758522.3,232054,5953569,29.77,0.013671875,1.0,485.25,495.4,480.0,493.05,492.8,490.18,486.4,0.013671875,False,False,False
SBIN,EQ,2021-11-24,493.05,495.8,500.0,489.05,490.0,493.15,496.27,13963769,6929791180.6,194560,4485951,32.13,0.0002028191866949,1.0,495.8,500.0,489.05,493.15,490.0,496.27,493.05,0.00020281918669495802,False,False,False
SBIN,EQ,2021-11-25,493.15,490.0,495.45,486.3,492.0,490.55,491.77,12894211,6340926155.95,160207,3660492,28.39,-0.0052722295447631,1.0,490.0,495.45,486.3,490.55,492.0,491.77,493.15,-0.005272229544763141,False,False,False
SBIN,EQ,2021-11-26,490.55,486.25,487.9,467.1,470.0,470.5,475.02,26305817,12495659021.25,379366,11254640,42.78,-0.040872490062175,1.0,486.25,487.9,467.1,470.5,470.0,475.02,490.55,-0.04087249006217508,False,False,False
SBIN,EQ,2021-11-29,470.5,470.0,477.75,454.3,466.2,465.1,467.79,22407465,10481942195.9,310952,5587894,24.94,-0.0114771519659935,1.0,470.0,477.75,454.3,465.1,466.2,467.79,470.5,-0.011477151965993526,False,False,False
SBIN,EQ,2021-11-30,465.1,468.0,477.25,458.0,459.1,460.55,467.26,23026652,10759512051.1,283930,7607689,33.04,-0.009782842399484,1.0,468.0,477.25,458.0,460.55,459.1,467.26,465.1,-0.009782842399484015,False,False,False
SBIN,EQ,2021-12-01,460.55,464.45,477.25,464.0,475.9,475.3,470.57,17156956,8073474431.45,192988,4405161,25.68,0.0320269243296058,1.0,464.45,477.25,464.0,475.3,475.9,470.57,460.55,0.032026924329605855,False,False,False
SBIN,EQ,2021-12-02,475.3,474.5,478.15,470.95,477.6,477.0,474.72,12962679,6153583482.7,189218,3824707,29.51,0.0035766884073216,1.0,474.5,478.15,470.95,477.0,477.6,474.72,475.3,0.0035766884073216154,False,False,False
SBIN,EQ,2021-12-03,477.0,475.75,481.5,470.05,471.95,473.15,475.9,16653993,7925628412.65,198060,5089665,30.56,-0.0080712788259958,1.0,475.75,481.5,470.05,473.15,471.95,475.9,477.0,-0.008071278825995898,False,False,False
SBIN,EQ,2021-12-06,473.15,473.15,477.0,463.8,464.95,465.3,470.81,14353300,6757642219.95,187905,5142334,35.83,-0.0165909331078938,1.0,473.15,477.0,463.8,465.3,464.95,470.81,473.15,-0.016590933107893835,False,False,False
SBIN,EQ,2021-12-07,465.3,469.2,479.7,469.2,476.85,476.7,475.06,13644942,6482189411.35,179255,3479596,25.5,0.0245003223726627,1.0,469.2,479.7,469.2,476.7,476.85,475.06,465.3,0.024500322372662753,False,False,False
SBIN,EQ,2021-12-08,476.7,480.9,492.4,480.25,490.6,491.55,487.45,20397660,9942865186.3,237922,7479972,36.67,0.0311516677155443,1.0,480.9,492.4,480.25,491.55,490.6,487.45,476.7,0.03115166771554434,False,False,False
SBIN,EQ,2021-12-09,491.55,492.3,493.5,486.1,487.8,488.65,489.02,12560970,6142560356.1,159836,3304118,26.3,-0.0058997050147493,1.0,492.3,493.5,486.1,488.65,487.8,489.02,491.55,-0.005899705014749346,False,False,False
SBIN,EQ,2021-12-10,488.65,488.5,495.95,484.4,494.8,494.7,489.64,13261408,6493375283.0,148459,4228388,31.88,0.0123810498311676,1.0,488.5,495.95,484.4,494.7,494.8,489.64,488.65,0.012381049831167612,False,False,False
SBIN,EQ,2021-12-13,494.7,497.75,500.45,486.35,488.5,487.8,493.46,14047645,6931947610.0,207621,5508506,39.21,-0.0139478471801091,1.0,497.75,500.45,486.35,487.8,488.5,493.46,494.7,-0.013947847180109108,False,False,False
SBIN,EQ,2021-12-14,487.8,486.0,490.35,481.8,488.25,488.55,486.65,11642447,5665850327.65,152297,3010173,25.86,0.0015375153751537,1.0,486.0,490.35,481.8,488.55,488.25,486.65,487.8,0.0015375153751537862,False,False,False
SBIN,EQ,2021-12-15,488.55,490.0,491.0,483.5,484.35,484.8,487.35,8639835,4210628131.15,127451,2759744,31.94,-0.0076757752533005,1.0,490.0,491.0,483.5,484.8,484.35,487.35,488.55,-0.007675775253300543,False,False,False
SBIN,EQ,2021-12-16,484.8,488.35,490.55,478.25,482.0,481.15,482.82,11107781,5363030502.9,138481,3605289,32.46,-0.0075288778877888,1.0,488.35,490.55,478.25,481.15,482.0,482.82,484.8,-0.007528877887788887,False,False,False
SBIN,EQ,2021-12-17,481.15,480.05,481.4,466.5,468.3,467.8,471.1,12648603,5958794559.65,182619,4161837,32.9,-0.0277460251480826,1.0,480.05,481.4,466.5,467.8,468.3,471.1,481.15,-0.027746025148082665,False,False,False
SBIN,EQ,2021-12-20,467.8,459.0,464.0,443.0,450.9,449.2,449.66,22336114,10043653287.2,401072,9198460,41.18,-0.039760581445062,1.0,459.0,464.0,443.0,449.2,450.9,449.66,467.8,-0.039760581445062004,False,False,False
SBIN,EQ,2021-12-21,449.2,457.05,458.25,444.5,447.3,446.0,452.06,16617447,7512089959.0,276029,6591707,39.67,-0.0071237756010685,1.0,457.05,458.25,444.5,446.0,447.3,452.06,449.2,-0.007123775601068583,False,False,False
SBIN,EQ,2021-12-22,446.0,450.0,457.3,449.0,456.15,455.85,453.67,13102553,5944255120.25,170711,4026674,30.73,0.022085201793722,1.0,450.0,457.3,449.0,455.85,456.15,453.67,446.0,0.022085201793722087,False,False,False
SBIN,EQ,2021-12-23,455.85,461.0,465.0,457.75,460.7,461.8,461.46,14471377,6678004894.25,196406,5413589,37.41,0.0130525392124603,1.0,461.0,465.0,457.75,461.8,460.7,461.46,455.85,0.013052539212460301,False,False,False
SBIN,EQ,2021-12-24,461.8,462.6,463.6,452.2,457.25,456.95,456.35,13221159,6033444238.0,139530,3808688,28.81,-0.0105023819835426,1.0,462.6,463.6,452.2,456.95,457.25,456.35,461.8,-0.010502381983542697,False,False,False
SBIN,EQ,2021-12-27,456.95,453.7,460.5,450.55,459.4,458.05,456.62,8856482,4044023092.9,133445,1179518,13.32,0.0024072655651603,1.0,453.7,460.5,450.55,458.05,459.4,456.62,456.95,0.0024072655651603547,False,False,False
SBIN,EQ,2021-12-28,458.05,461.2,462.9,459.05,460.55,461.2,461.1,8832210,4072492143.05,111561,2870018,32.49,0.0068769784957973,1.0,461.2,462.9,459.05,461.2,460.55,461.1,458.05,0.006876978495797381,False,False,False
SBIN,EQ,2021-12-29,461.2,461.0,462.15,451.4,453.2,454.4,457.66,11757303,5380869113.55,148597,4989343,42.44,-0.0147441457068516,1.0,461.0,462.15,451.4,454.4,453.2,457.66,461.2,-0.014744145706851675,False,False,False
SBIN,EQ,2021-12-30,454.4,452.75,454.9,448.5,453.05,451.7,451.71,28879190,13045096929.05,198099,14825094,51.33,-0.0059419014084506,1.0,452.75,454.9,448.5,451.7,453.05,451.71,454.4,-0.005941901408450634,False,False,False
SBIN,EQ,2021-12-31,451.7,454.25,461.4,453.1,460.2,460.45,459.07,10005842,4593371921.95,128788,3150588,31.49,0.0193712641133496,1.0,454.25,461.4,453.1,460.45,460.2,459.07,451.7,0.019371264113349662,False,False,False
SBIN,EQ,2022-01-03,460.45,462.0,472.0,460.1,471.5,470.8,467.17,13124509,6131388321.75,168001,4183151,31.87,0.0224780106417634,1.0,462.0,472.0,460.1,470.8,471.5,467.17,460.45,0.02247801064176347,False,False,False
SBIN,EQ,2022-01-04,470.8,472.5,484.7,471.05,483.75,483.5,479.89,23296671,11179852628.4,246431,7667089,32.91,0.0269753610875105,1.0,472.5,484.7,471.05,483.5,483.75,479.89,470.8,0.02697536108751053,False,False,False
SBIN,EQ,2022-01-05,483.5,481.9,495.0,479.15,491.7,492.4,489.5,24694169,12087915535.95,240463,8282621,33.54,0.0184074457083762,1.0,481.9,495.0,479.15,492.4,491.7,489.5,483.5,0.01840744570837627,False,False,False
SBIN,EQ,2022-01-06,492.4,487.7,494.4,485.4,491.35,491.7,490.44,18190843,8921514100.8,195393,5957550,32.75,-0.0014216084484158,1.0,487.7,494.4,485.4,491.7,491.35,490.44,492.4,-0.0014216084484158786,False,False,False
SBIN,EQ,2022-01-07,491.7,493.45,501.95,489.45,491.25,491.25,495.38,22746330,11268085856.65,254165,6908394,30.37,-0.0009151921903599,1.0,493.45,501.95,489.45,491.25,491.25,495.38,491.7,-0.0009151921903599591,False,False,False
SBIN,EQ,2022-01-10,491.25,493.35,504.95,492.5,504.75,503.65,499.62,15832274,7910180279.85,178755,4821092,30.45,0.0252417302798981,1.0,493.35,504.95,492.5,503.65,504.75,499.62,491.25,0.025241730279898178,False,False,False
SBIN,EQ,2022-01-11,503.65,503.0,507.8,499.25,505.75,505.95,504.2,16107950,8121696006.4,214059,4937902,30.66,0.0045666633574903,1.0,503.0,507.8,499.25,505.95,505.75,504.2,503.65,0.0045666633574903415,False,False,False
SBIN,EQ,2022-01-12,505.95,509.9,513.5,508.5,509.95,510.25,511.05,14489616,7404903048.5,178769,6119939,42.24,0.0084988635240637,1.0,509.9,513.5,508.5,510.25,509.95,511.05,505.95,0.008498863524063704,False,False,False
SBIN,EQ,2022-01-13,510.25,510.0,512.85,507.0,511.5,511.35,510.36,10450974,5333762558.5,160127,3008087,28.78,0.002155805977462,1.0,510.0,512.85,507.0,511.35,511.5,510.36,510.25,0.002155805977462011,False,False,False
SBIN,EQ,2022-01-14,511.35,509.0,510.35,505.15,507.75,508.35,507.82,8724574,4430518916.8,151240,3423049,39.23,-0.005866823115283,1.0,509.0,510.35,505.15,508.35,507.75,507.82,511.35,-0.005866823115283082,False,False,False
SBIN,EQ,2022-01-17,508.35,508.0,518.9,507.55,514.2,514.0,515.37,17422211,8978884449.1,230852,7648078,43.9,0.0111143896921412,1.0,508.0,518.9,507.55,514.0,514.2,515.37,508.35,0.011114389692141291,False,False,False
SBIN,EQ,2022-01-18,514.0,514.0,517.45,505.0,507.4,506.8,512.7,12592506,6456195519.55,144399,3657202,29.04,-0.0140077821011672,1.0,514.0,517.45,505.0,506.8,507.4,512.7,514.0,-0.014007782101167265,False,False,False
SBIN,EQ,2022-01-19,506.8,505.0,517.65,500.3,515.05,515.8,508.61,16079457,8178248303.4,190208,3368811,20.95,0.0177584846093132,1.0,505.0,517.65,500.3,515.8,515.05,508.61,506.8,0.017758484609313285,False,False,False
SBIN,EQ,2022-01-20,515.8,516.0,519.15,508.0,511.0,511.4,513.81,17724642,9107052842.4,193420,6303752,35.56,-0.0085304381543233,1.0,516.0,519.15,508.0,511.4,511.0,513.81,515.8,-0.008530438154323305,False,False,False
SBIN,EQ,2022-01-21,511.4,505.3,507.5,498.0,504.05,502.7,503.16,16947941,8527531247.25,215520,6856629,40.46,-0.017012123582323,1.0,505.3,507.5,498.0,502.7,504.05,503.16,511.4,-0.01701212358232307,False,False,False
SBIN,EQ,2022-01-24,502.7,502.4,506.8,488.0,493.7,494.15,497.31,20233933,10062560914.35,255220,7011152,34.65,-0.0170081559578277,1.0,502.4,506.8,488.0,494.15,493.7,497.31,502.7,-0.017008155957827786,False,False,False
SBIN,EQ,2022-01-25,494.15,490.0,517.5,489.0,513.35,514.65,507.46,21791739,11058388452.7,290929,6493271,29.8,0.0414853789335221,1.0,490.0,517.5,489.0,514.65,513.35,507.46,494.15,0.04148537893352211,False,False,False
SBIN,EQ,2022-01-27,514.65,503.55,530.85,503.2,529.0,528.95,520.47,35409230,18429506726.9,391838,13030691,36.8,0.0277858738948801,1.0,503.55,530.85,503.2,528.95,529.0,520.47,514.65,0.027785873894880186,False,False,False
SBIN,EQ,2022-01-28,528.95,534.0,536.4,521.4,523.3,523.45,529.78,24715250,13093592191.65,310048,8285505,33.52,-0.0103979582191133,1.0,534.0,536.4,521.4,523.45,523.3,529.78,528.95,-0.010397958219113379,False,False,False
SBIN,EQ,2022-01-31,523.45,529.0,540.9,527.05,537.95,538.3,535.63,28674232,15358865480.55,315416,12500126,43.59,0.0283694717738081,1.0,529.0,540.9,527.05,538.3,537.95,535.63,523.45,0.028369471773808108,False,False,False
SBIN,EQ,2022-02-01,538.3,543.95,543.95,520.0,532.6,532.3,533.59,32245356,17205650890.2,330437,9701888,30.09,-0.0111462010031581,1.0,543.95,543.95,520.0,532.3,532.6,533.59,538.3,-0.011146201003158107,False,False,False
SBIN,EQ,2022-02-02,532.3,536.65,544.25,531.35,539.65,539.8,536.94,21661864,11631191094.5,222610,7685559,35.48,0.0140897989855344,1.0,536.65,544.25,531.35,539.8,539.65,536.94,532.3,0.014089798985534419,False,False,False
SBIN,EQ,2022-02-03,539.8,537.15,544.7,537.15,540.0,540.1,540.99,22717677,12290016550.35,323435,10843133,47.73,0.0005557613931086,1.0,537.15,544.7,537.15,540.1,540.0,540.99,539.8,0.0005557613931086447,False,False,False
SBIN,EQ,2022-02-04,540.1,542.15,546.4,527.3,529.45,530.3,535.9,25332894,13575988476.0,325989,7851720,30.99,-0.0181447880022219,1.0,542.15,546.4,527.3,530.3,529.45,535.9,540.1,-0.018144788002221968,False,False,False
SBIN,EQ,2022-02-07,530.3,531.9,549.0,525.25,533.9,533.25,538.29,52289545,28146960844.85,564783,14452562,27.64,0.0055628889307939,1.0,531.9,549.0,525.25,533.25,533.9,538.29,530.3,0.00556288893079393,False,False,False
SBIN,EQ,2022-02-08,533.25,535.5,537.65,519.0,530.4,531.35,528.4,26567546,14038348935.45,305464,5243345,19.74,-0.0035630567276137,1.0,535.5,537.65,519.0,531.35,530.4,528.4,533.25,-0.0035630567276137004,False,False,False
SBIN,EQ,2022-02-09,531.35,534.95,536.5,527.75,536.3,535.25,532.72,14856155,7914232904.95,191210,5270035,35.47,0.0073397948621436,1.0,534.95,536.5,527.75,535.25,536.3,532.72,531.35,0.007339794862143645,False,False,False
SBIN,EQ,2022-02-10,535.25,537.1,543.95,534.4,540.3,540.55,540.35,18659370,10082567002.45,228387,6678600,35.79,0.0099019149929937,1.0,537.1,543.95,534.4,540.55,540.3,540.35,535.25,0.009901914992993754,False,False,False
SBIN,EQ,2022-02-11,540.55,536.25,537.7,527.1,528.25,529.6,532.27,14607095,7774921814.25,177760,5300325,36.29,-0.0202571454999536,1.0,536.25,537.7,527.1,529.6,528.25,532.27,540.55,-0.02025714549995361,False,False,False
SBIN,EQ,2022-02-14,529.6,515.0,515.6,499.7,500.25,501.4,508.66,26153332,13303247218.75,364555,7939518,30.36,-0.0532477341389728,1.0,515.0,515.6,499.7,501.4,500.25,508.66,529.6,-0.05324773413897288,False,False,False
SBIN,EQ,2022-02-15,501.4,502.0,526.85,497.1,524.0,524.8,510.42,23842951,12170005170.25,270915,4270297,17.91,0.0466693258875148,1.0,502.0,526.85,497.1,524.8,524.0,510.42,501.4,0.04666932588751482,False,False,False
SBIN,EQ,2022-02-16,524.8,526.5,528.0,514.0,515.0,516.7,519.94,19773807,10281277420.45,223564,4403240,22.27,-0.015434451219512,1.0,526.5,528.0,514.0,516.7,515.0,519.94,524.8,-0.015434451219512035,False,False,False
SBIN,EQ,2022-02-17,516.7,520.0,520.0,511.15,511.6,512.95,515.23,16408356,8454056421.8,183638,3775450,23.01,-0.0072575962841107,1.0,520.0,520.0,511.15,512.95,511.6,515.23,516.7,-0.007257596284110712,False,False,False
SBIN,EQ,2022-02-18,512.95,510.1,520.9,510.1,515.0,515.3,515.84,15111223,7794991046.45,167187,3302927,21.86,0.004581343210839,1.0,510.1,520.9,510.1,515.3,515.0,515.84,512.95,0.004581343210839028,False,False,False
SBIN,EQ,2022-02-21,515.3,511.55,517.5,504.65,511.5,511.85,511.82,16866932,8632877138.25,186884,2866305,16.99,-0.006695129051038,1.0,511.55,517.5,504.65,511.85,511.5,511.82,515.3,-0.0066951290510380845,False,False,False
SBIN,EQ,2022-02-22,511.85,500.9,505.3,495.5,497.9,498.4,500.1,27108772,13557096740.05,285946,10603657,39.12,-0.0262772296571262,1.0,500.9,505.3,495.5,498.4,497.9,500.1,511.85,-0.0262772296571262,False,False,False
SBIN,EQ,2022-02-23,498.4,503.0,505.35,497.25,498.15,498.7,501.32,13899433,6968058858.15,174252,3804564,27.37,0.000601926163724,1.0,503.0,505.35,497.25,498.7,498.15,501.32,498.4,0.0006019261637240092,False,False,False
SBIN,EQ,2022-02-24,498.7,480.0,487.95,468.0,470.85,472.65,479.75,32356037,15522908575.3,430597,12979939,40.12,-0.0522358131140966,1.0,480.0,487.95,468.0,472.65,470.85,479.75,498.7,-0.05223581311409664,False,False,False
SBIN,EQ,2022-02-25,472.65,480.0,491.9,479.3,483.75,482.95,485.29,21792287,10575686869.05,245306,5880588,26.98,0.021792023696181,1.0,480.0,491.9,479.3,482.95,483.75,485.29,472.65,0.02179202369618105,False,False,False
SBIN,EQ,2022-02-28,482.95,476.9,485.3,473.1,483.7,483.2,479.74,18069367,8668636657.3,240076,5841695,32.33,0.0005176519308416,1.0,476.9,485.3,473.1,483.2,483.7,479.74,482.95,0.0005176519308416339,False,False,False
SBIN,EQ,2022-03-02,483.2,478.0,479.8,467.0,475.0,474.25,473.1,22003848,10409916776.85,319620,8155846,37.07,-0.0185223509933775,1.0,478.0,479.8,467.0,474.25,475.0,473.1,483.2,-0.018522350993377512,False,False,False
SBIN,EQ,2022-03-03,474.25,480.0,483.4,464.6,466.65,467.4,470.45,20358590,9577747166.6,255355,6883546,33.81,-0.0144438587243015,1.0,480.0,483.4,464.6,467.4,466.65,470.45,474.25,-0.01444385872430154,False,False,False
SBIN,EQ,2022-03-04,467.4,460.3,470.9,457.65,462.45,461.95,464.01,20684268,9597616194.8,271479,5928253,28.66,-0.0116602481814291,1.0,460.3,470.9,457.65,461.95,462.45,464.01,467.4,-0.01166024818142919,False,False,False
SBIN,EQ,2022-03-07,461.95,447.5,453.95,433.45,441.15,440.3,439.85,33720472,14832043226.3,474609,15640955,46.38,-0.0468665439982681,1.0,447.5,453.95,433.45,440.3,441.15,439.85,461.95,-0.04686654399826817,False,False,False
SBIN,EQ,2022-03-08,440.3,438.0,442.1,425.0,440.0,440.3,434.44,42510207,18468217945.75,431966,18240018,42.91,0.0,1.0,438.0,442.1,425.0,440.3,440.0,434.44,440.3,0.0,False,False,False
SBIN,EQ,2022-03-09,440.3,442.0,454.3,438.55,452.3,451.7,445.45,32331325,14402086959.4,347913,12891220,39.87,0.0258914376561434,1.0,442.0,454.3,438.55,451.7,452.3,445.45,440.3,0.025891437656143435,False,False,False
SBIN,EQ,2022-03-10,451.7,469.9,476.65,461.65,467.4,468.7,469.95,34553299,16238198015.45,328612,10431536,30.19,0.0376355988487935,1.0,469.9,476.65,461.65,468.7,467.4,469.95,451.7,0.03763559884879353,False,False,False
SBIN,EQ,2022-03-11,468.7,466.4,474.8,462.0,470.85,470.35,470.21,22091309,10387624187.45,219456,6521011,29.52,0.0035203755067207,1.0,466.4,474.8,462.0,470.35,470.85,470.21,468.7,0.0035203755067207965,False,False,False
SBIN,EQ,2022-03-14,470.35,471.0,486.0,470.55,485.5,485.15,480.43,27750689,13332216131.55,275270,8940086,32.22,0.0314659296268735,1.0,471.0,486.0,470.55,485.15,485.5,480.43,470.35,0.03146592962687356,False,False,False
SBIN,EQ,2022-03-15,485.15,489.0,490.5,480.65,485.0,485.85,485.62,27204899,13211211846.75,300344,9077046,33.37,0.0014428527259611,1.0,489.0,490.5,480.65,485.85,485.0,485.62,485.15,0.001442852725961119,False,False,False
SBIN,EQ,2022-03-16,485.85,493.0,494.3,489.4,491.95,492.75,492.21,16211288,7979296625.65,172261,6409633,39.54,0.0142019141710403,1.0,493.0,494.3,489.4,492.75,491.95,492.21,485.85,0.01420191417104033,False,False,False
SBIN,EQ,2022-03-17,492.75,499.0,503.5,498.3,501.0,501.9,501.29,22947673,11503533276.5,221065,11450769,49.9,0.0185692541856925,1.0,499.0,503.5,498.3,501.9,501.0,501.29,492.75,0.018569254185692552,False,False,False
SBIN,EQ,2022-03-21,501.9,502.0,502.0,489.0,490.25,490.6,493.32,19064060,9404735444.25,224101,7861269,41.24,-0.0225144451085872,1.0,502.0,502.0,489.0,490.6,490.25,493.32,501.9,-0.022514445108587244,False,False,False
SBIN,EQ,2022-03-22,490.6,490.6,495.8,477.25,495.1,493.7,486.29,26157969,12720246447.95,264129,10188906,38.95,0.0063187933143089,1.0,490.6,495.8,477.25,493.7,495.1,486.29,490.6,0.006318793314308957,False,False,False
SBIN,EQ,2022-03-23,493.7,498.5,502.4,489.2,489.95,490.65,495.13,15800195,7823206413.75,168550,3730665,23.61,-0.0061778407940045,1.0,498.5,502.4,489.2,490.65,489.95,495.13,493.7,-0.006177840794004519,False,False,False
SBIN,EQ,2022-03-24,490.65,485.0,494.8,483.5,486.9,487.1,489.44,18174877,8895507386.05,191083,6309523,34.72,-0.007235300112096,1.0,485.0,494.8,483.5,487.1,486.9,489.44,490.65,-0.007235300112096055,False,False,False
SBIN,EQ,2022-03-25,487.1,491.75,493.3,486.6,491.8,490.7,490.04,11541196,5655597136.55,145141,2318257,20.09,0.0073906795319236,1.0,491.75,493.3,486.6,490.7,491.8,490.04,487.1,0.007390679531923627,False,False,False
SBIN,EQ,2022-03-28,490.7,490.95,498.6,481.95,497.75,497.5,491.67,16738684,8229888608.85,201945,4551326,27.19,0.0138577542286528,1.0,490.95,498.6,481.95,497.5,497.75,491.67,490.7,0.013857754228652874,False,False,False
SBIN,EQ,2022-03-29,497.5,500.0,501.4,491.7,495.5,495.0,496.03,14301429,7093976888.55,149505,4400398,30.77,-0.0050251256281407,1.0,500.0,501.4,491.7,495.0,495.5,496.03,497.5,-0.005025125628140725,False,False,False
SBIN,EQ,2022-03-30,495.0,499.3,500.4,492.3,493.0,494.3,496.58,16461225,8174331159.8,196570,7485867,45.48,-0.0014141414141414,1.0,499.3,500.4,492.3,494.3,493.0,496.58,495.0,-0.0014141414141414232,False,False,False
SBIN,EQ,2022-03-31,494.3,494.3,497.55,492.2,493.3,493.55,494.45,10240982,5063610021.25,124653,3296644,32.19,-0.0015172971879425,1.0,494.3,497.55,492.2,493.55,493.3,494.45,494.3,-0.001517297187942579,False,False,False
SBIN,EQ,2022-04-01,493.55,491.0,509.75,491.0,508.0,508.2,503.37,18527226,9326126941.05,197319,6092596,32.88,0.0296829095329753,1.0,491.0,509.75,491.0,508.2,508.0,503.37,493.55,0.029682909532975366,False,False,False
SBIN,EQ,2022-04-04,508.2,509.3,514.9,506.0,512.2,512.4,511.42,16257176,8314232026.45,198168,3713095,22.84,0.0082644628099173,1.0,509.3,514.9,506.0,512.4,512.2,511.42,508.2,0.008264462809917328,False,False,False
SBIN,EQ,2022-04-05,512.4,514.4,516.4,507.7,508.0,509.4,512.46,13602384,6970682174.05,152569,3550320,26.1,-0.0058548009367681,1.0,514.4,516.4,507.7,509.4,508.0,512.46,512.4,-0.005854800936768156,False,False,False
SBIN,EQ,2022-04-06,509.4,507.0,515.2,506.0,512.75,513.95,510.73,13738275,7016507642.0,156632,3543860,25.8,0.0089320769532785,1.0,507.0,515.2,506.0,513.95,512.75,510.73,509.4,0.008932076953278578,False,False,False
SBIN,EQ,2022-04-07,513.95,510.05,519.9,510.05,516.55,514.95,515.08,19620958,10106455922.15,193008,6494062,33.1,0.0019457145636734,1.0,510.05,519.9,510.05,514.95,516.55,515.08,513.95,0.0019457145636734285,False,False,False
SBIN,EQ,2022-04-08,514.95,519.5,519.5,512.35,516.1,516.1,516.11,13572638,7004926248.3,142230,3039317,22.39,0.0022332265268472,1.0,519.5,519.5,512.35,516.1,516.1,516.11,514.95,0.0022332265268472096,False,False,False
SBIN,EQ,2022-04-11,516.1,513.5,522.0,513.2,515.0,514.9,518.25,12370288,6410859873.85,181292,3825098,30.92,-0.0023251307886069,1.0,513.5,522.0,513.2,514.9,515.0,518.25,516.1,-0.002325130788606966,False,False,False
SBIN,EQ,2022-04-12,514.9,512.75,516.7,504.35,512.5,512.85,510.3,14460680,7379318523.1,179734,3786899,26.19,-0.0039813556030295,1.0,512.75,516.7,504.35,512.85,512.5,510.3,514.9,-0.0039813556030295905,False,False,False
SBIN,EQ,2022-04-13,512.85,514.3,520.9,513.75,517.7,517.7,517.08,15440525,7983987949.4,150224,6556852,42.47,0.009456956225017,1.0,514.3,520.9,513.75,517.7,517.7,517.08,512.85,0.009456956225017077,False,False,False
SBIN,EQ,2022-04-18,517.7,512.0,515.0,504.0,510.1,509.5,509.48,14492183,7383507123.1,206832,5254385,36.26,-0.0158392891636083,1.0,512.0,515.0,504.0,509.5,510.1,509.48,517.7,-0.015839289163608328,False,False,False
SBIN,EQ,2022-04-19,509.5,513.25,520.95,505.1,506.6,511.8,515.99,20362934,10507079159.65,240810,9570530,47.0,0.0045142296368989,1.0,513.25,520.95,505.1,511.8,506.6,515.99,509.5,0.004514229636898959,False,False,False
SBIN,EQ,2022-04-20,511.8,512.0,513.7,507.0,509.2,509.3,510.2,11881305,6061830257.65,153556,3387079,28.51,-0.004884720593982,1.0,512.0,513.7,507.0,509.3,509.2,510.2,511.8,-0.004884720593982039,False,False,False
SBIN,EQ,2022-04-21,509.3,513.4,518.0,512.2,516.9,516.3,515.24,10035638,5170807462.7,108987,3642087,36.29,0.0137443549970546,1.0,513.4,518.0,512.2,516.3,516.9,515.24,509.3,0.01374435499705462,False,False,False
SBIN,EQ,2022-04-22,516.3,512.9,513.5,499.0,499.5,500.6,505.07,16760456,8465127370.95,208796,6463154,38.56,-0.0304086771257019,1.0,512.9,513.5,499.0,500.6,499.5,505.07,516.3,-0.030408677125701944,False,False,False
SBIN,EQ,2022-04-25,500.6,495.0,499.2,490.05,495.0,494.75,495.06,14057444,6959299074.05,186190,4213339,29.97,-0.0116859768278066,1.0,495.0,499.2,490.05,494.75,495.0,495.06,500.6,-0.011685976827806699,False,False,False
SBIN,EQ,2022-04-26,494.75,499.0,507.9,498.45,505.5,505.5,504.31,12137213,6120898078.0,158992,4814676,39.67,0.0217281455280444,1.0,499.0,507.9,498.45,505.5,505.5,504.31,494.75,0.021728145528044474,False,False,False
SBIN,EQ,2022-04-27,505.5,500.0,502.8,491.85,497.85,497.25,496.78,12367342,6143829183.05,142885,4836551,39.11,-0.016320474777448,1.0,500.0,502.8,491.85,497.25,497.85,496.78,505.5,-0.016320474777448024,False,False,False
SBIN,EQ,2022-04-28,497.25,499.15,510.0,496.5,507.7,507.5,503.04,12154792,6114331932.3,134713,4344540,35.74,0.0206133735545499,1.0,499.15,510.0,496.5,507.5,507.7,503.04,497.25,0.020613373554549952,False,False,False
SBIN,EQ,2022-04-29,507.5,508.1,512.5,494.0,495.9,496.3,503.59,12894773,6493703529.65,143518,4513960,35.01,-0.0220689655172413,1.0,508.1,512.5,494.0,496.3,495.9,503.59,507.5,-0.022068965517241357,False,False,False
SBIN,EQ,2022-05-02,496.3,492.65,495.0,481.3,490.9,491.0,487.35,18590895,9060263031.45,232328,8272742,44.5,-0.0106790247833971,1.0,492.65,495.0,481.3,491.0,490.9,487.35,496.3,-0.010679024783397106,False,False,False
SBIN,EQ,2022-05-04,491.0,492.0,496.45,477.5,478.5,479.65,487.2,14645323,7135245642.5,221907,4678363,31.94,-0.0231160896130346,1.0,492.0,496.45,477.5,479.65,478.5,487.2,491.0,-0.023116089613034685,False,False,False
SBIN,EQ,2022-05-05,479.65,485.0,494.0,478.65,480.0,480.0,487.16,14130385,6883760406.35,185153,4737190,33.52,0.0007296987386635,1.0,485.0,494.0,478.65,480.0,480.0,487.16,479.65,0.0007296987386635756,False,False,False
SBIN,EQ,2022-05-06,480.0,471.0,486.1,471.0,485.5,483.95,478.71,16710020,7999171104.8,216166,5518027,33.02,0.0082291666666667,1.0,471.0,486.1,471.0,483.95,485.5,478.71,480.0,0.008229166666666732,False,False,False
SBIN,EQ,2022-05-09,483.95,477.1,483.7,473.8,476.45,475.9,477.81,13544947,6471855072.45,170758,5364082,39.6,-0.0166339497882013,1.0,477.1,483.7,473.8,475.9,476.45,477.81,483.95,-0.01663394978820132,False,False,False
SBIN,EQ,2022-05-10,475.9,477.0,482.55,473.5,474.0,475.2,477.99,10884328,5202612034.7,183663,3973819,36.51,-0.0014708972473208,1.0,477.0,482.55,473.5,475.2,474.0,477.99,475.9,-0.001470897247320857,False,False,False
SBIN,EQ,2022-05-11,475.2,475.25,479.0,463.65,478.4,476.55,471.45,14771351,6963938211.0,241751,4964332,33.61,0.0028409090909091,1.0,475.25,479.0,463.65,476.55,478.4,471.45,475.2,0.0028409090909091717,False,False,False
SBIN,EQ,2022-05-12,476.55,473.0,473.0,456.35,462.7,462.65,462.77,18947096,8768075747.5,314035,6321015,33.36,-0.0291679781764768,1.0,473.0,473.0,456.35,462.65,462.7,462.77,476.55,-0.029167978176476872,False,False,False
SBIN,EQ,2022-05-13,462.65,469.45,477.0,439.75,440.5,444.65,461.88,61403008,28360528047.6,595336,21063112,34.3,-0.0389063006592456,1.0,469.45,477.0,439.75,444.65,440.5,461.88,462.65,-0.03890630065924561,False,False,False
SBIN,EQ,2022-05-16,444.65,445.0,461.5,438.85,456.0,455.0,454.93,27940958,12711054077.2,283950,8746208,31.3,0.0232767345102891,1.0,445.0,461.5,438.85,455.0,456.0,454.93,444.65,0.02327673451028911,False,False,False
SBIN,EQ,2022-05-17,455.0,458.3,469.65,456.15,467.45,467.3,462.65,16880698,7809801121.7,206674,6120436,36.26,0.0270329670329669,1.0,458.3,469.65,456.15,467.3,467.45,462.65,455.0,0.02703296703296698,False,False,False
SBIN,EQ,2022-05-18,467.3,467.9,468.6,457.1,458.25,458.0,463.11,15644497,7245121118.3,205591,6429531,41.1,-0.0199015621656323,1.0,467.9,468.6,457.1,458.0,458.25,463.11,467.3,-0.019901562165632325,False,False,False
SBIN,EQ,2022-05-19,458.0,449.05,450.0,444.45,449.0,447.5,447.36,14201420,6353183667.3,223399,5706783,40.18,-0.0229257641921397,1.0,449.05,450.0,444.45,447.5,449.0,447.36,458.0,-0.022925764192139764,False,False,False
SBIN,EQ,2022-05-20,447.5,454.85,464.0,454.15,462.5,462.4,460.64,13596860,6263239735.25,151413,5179315,38.09,0.0332960893854747,1.0,454.85,464.0,454.15,462.4,462.5,460.64,447.5,0.03329608938547479,False,False,False
SBIN,EQ,2022-05-23,462.4,463.1,471.4,459.5,461.0,460.9,465.61,13499415,6285493530.75,170499,5048653,37.4,-0.0032439446366782,1.0,463.1,471.4,459.5,460.9,461.0,465.61,462.4,-0.0032439446366782088,False,False,False
SBIN,EQ,2022-05-24,460.9,462.4,466.8,460.2,463.0,462.05,463.29,17175179,7957058574.6,139005,8555677,49.81,0.0024951182469084,1.0,462.4,466.8,460.2,462.05,463.0,463.29,460.9,0.002495118246908401,False,False,False
SBIN,EQ,2022-05-25,462.05,461.0,464.45,452.05,453.45,454.1,458.77,12728644,5839499480.45,154093,4570376,35.91,-0.0172059300941456,1.0,461.0,464.45,452.05,454.1,453.45,458.77,462.05,-0.017205930094145616,False,False,False
SBIN,EQ,2022-05-26,454.1,456.85,470.1,452.5,469.6,468.9,460.09,17055257,7846911655.75,208123,6310397,37.0,0.032591940101299,1.0,456.85,470.1,452.5,468.9,469.6,460.09,454.1,0.032591940101299066,False,False,False
SBIN,EQ,2022-05-27,468.9,471.4,475.0,467.5,468.0,468.95,470.69,10977001,5166782867.5,160651,2866709,26.12,0.0001066325442524,1.0,471.4,475.0,467.5,468.95,468.0,470.69,468.9,0.00010663254425247182,False,False,False
SBIN,EQ,2022-05-30,468.95,473.0,476.9,471.1,474.8,474.6,474.04,9365470,4439626587.15,151679,3413721,36.45,0.0120481927710844,1.0,473.0,476.9,471.1,474.6,474.8,474.04,468.95,0.012048192771084487,False,False,False
SBIN,EQ,2022-05-31,474.6,474.0,476.4,465.0,467.6,468.1,471.12,15441579,7274761527.75,149463,8086708,52.37,-0.0136957437842393,1.0,474.0,476.4,465.0,468.1,467.6,471.12,474.6,-0.013695743784239323,False,False,False
SBIN,EQ,2022-06-01,468.1,468.0,472.0,464.7,469.25,468.3,468.69,9424008,4416955450.55,119346,3343041,35.47,0.0004272591326639,1.0,468.0,472.0,464.7,468.3,469.25,468.69,468.1,0.00042725913266394855,False,False,False
SBIN,EQ,2022-06-02,468.3,466.9,472.35,466.15,470.0,469.85,469.68,9370989,4401383675.1,114087,2829770,30.2,0.0033098441170189,1.0,466.9,472.35,466.15,469.85,470.0,469.68,468.3,0.0033098441170189563,False,False,False
SBIN,EQ,2022-06-03,469.85,473.25,475.5,463.5,465.0,464.5,470.15,11306291,5315646218.95,114757,4956294,43.84,-0.0113866127487496,1.0,473.25,475.5,463.5,464.5,465.0,470.15,469.85,-0.011386612748749636,False,False,False
SBIN,EQ,2022-06-06,464.5,464.2,465.6,456.5,463.6,463.7,461.88,10661432,4924334007.85,137662,3701362,34.72,-0.0017222820236814,1.0,464.2,465.6,456.5,463.7,463.6,461.88,464.5,-0.0017222820236814096,False,False,False
SBIN,EQ,2022-06-07,463.7,461.85,465.95,460.5,463.95,463.4,462.95,7672515,3551990864.45,108268,2930211,38.19,-0.0006469700237222,1.0,461.85,465.95,460.5,463.4,463.95,462.95,463.7,-0.0006469700237222709,False,False,False
SBIN,EQ,2022-06-08,463.4,466.6,475.55,463.2,471.0,471.3,470.58,17168871,8079264816.6,192002,6597993,38.43,0.0170479067760034,1.0,466.6,475.55,463.2,471.3,471.0,470.58,463.4,0.01704790677600343,False,False,False
SBIN,EQ,2022-06-09,471.3,468.95,470.9,462.45,467.2,466.95,465.94,12635601,5887439316.6,158259,5413414,42.84,-0.0092297899427117,1.0,468.95,470.9,462.45,466.95,467.2,465.94,471.3,-0.00922978994271173,False,False,False
SBIN,EQ,2022-06-10,466.95,462.0,464.15,458.6,462.1,461.85,461.6,8621104,3979479308.5,127828,3062201,35.52,-0.010921940250562,1.0,462.0,464.15,458.6,461.85,462.1,461.6,466.95,-0.010921940250562034,False,False,False
SBIN,EQ,2022-06-13,461.85,454.0,454.05,442.1,446.1,445.85,446.07,13426836,5989284598.4,203861,5856727,43.62,-0.0346432824510122,1.0,454.0,454.05,442.1,445.85,446.1,446.07,461.85,-0.034643282451012225,False,False,False
SBIN,EQ,2022-06-14,445.85,445.0,449.25,443.35,448.0,448.1,446.47,11351101,5067902738.85,136687,4257354,37.51,0.0050465403162498,1.0,445.0,449.25,443.35,448.1,448.0,446.47,445.85,0.005046540316249848,False,False,False
SBIN,EQ,2022-06-15,448.1,448.95,455.45,448.6,450.25,451.35,452.6,9920926,4490231934.55,119413,3821460,38.52,0.0072528453470208,1.0,448.95,455.45,448.6,451.35,450.25,452.6,448.1,0.007252845347020864,False,False,False
SBIN,EQ,2022-06-16,451.35,455.15,457.75,440.15,441.15,441.6,448.44,10780703,4834445595.35,139788,3802794,35.27,-0.0216018610834164,1.0,455.15,457.75,440.15,441.6,441.15,448.44,451.35,-0.02160186108341644,False,False,False
SBIN,EQ,2022-06-17,441.6,440.0,447.55,437.25,442.5,441.0,443.05,14326050,6347137199.65,167655,6062938,42.32,-0.0013586956521739,1.0,440.0,447.55,437.25,441.0,442.5,443.05,441.6,-0.0013586956521739468,False,False,False
SBIN,EQ,2022-06-20,441.0,441.5,443.45,430.7,434.65,434.7,436.85,12368534,5403153186.35,172757,4715450,38.12,-0.0142857142857143,1.0,441.5,443.45,430.7,434.7,434.65,436.85,441.0,-0.014285714285714346,False,False,False
SBIN,EQ,2022-06-21,434.7,439.5,454.95,437.6,451.0,450.75,447.76,13801891,6179936791.15,178846,4775043,34.6,0.0369220151828848,1.0,439.5,454.95,437.6,450.75,451.0,447.76,434.7,0.03692201518288485,False,False,False
SBIN,EQ,2022-06-22,450.75,448.75,451.2,444.65,447.05,447.65,447.71,11066447,4954585919.8,111722,4316772,39.01,-0.00687742651137,1.0,448.75,451.2,444.65,447.65,447.05,447.71,450.75,-0.006877426511370022,False,False,False
SBIN,EQ,2022-06-23,447.65,449.0,456.45,446.0,451.25,451.4,451.63,12229833,5523391671.25,157832,3432786,28.07,0.0083770803082765,1.0,449.0,456.45,446.0,451.4,451.25,451.63,447.65,0.008377080308276552,False,False,False
SBIN,EQ,2022-06-24,451.4,455.8,460.35,453.2,454.55,454.25,455.97,10833364,4939643608.55,127154,4266938,39.39,0.0063136907399203,1.0,455.8,460.35,453.2,454.25,454.55,455.97,451.4,0.006313690739920386,False,False,False
SBIN,EQ,2022-06-27,454.25,459.95,464.85,458.05,461.55,461.2,461.18,9509175,4385421054.0,103487,3248514,34.16,0.0152999449642268,1.0,459.95,464.85,458.05,461.2,461.55,461.18,454.25,0.01529994496422682,False,False,False
SBIN,EQ,2022-06-28,461.2,458.9,465.75,458.0,464.75,464.25,462.78,13261290,6137031012.35,168906,6701665,50.54,0.0066131830008673,1.0,458.9,465.75,458.0,464.25,464.75,462.78,461.2,0.006613183000867329,False,False,False
SBIN,EQ,2022-06-29,464.25,460.0,462.7,458.0,458.95,459.1,460.55,11800876,5434914241.85,107588,5699030,48.29,-0.0110931610123855,1.0,460.0,462.7,458.0,459.1,458.95,460.55,464.25,-0.011093161012385555,False,False,False
SBIN,EQ,2022-06-30,459.1,459.0,469.3,458.6,465.6,465.9,465.57,16926328,7880439985.75,186175,7966400,47.07,0.0148115878893486,1.0,459.0,469.3,458.6,465.9,465.6,465.57,459.1,0.014811587889348665,False,False,False
SBIN,EQ,2022-07-01,465.9,463.35,468.8,460.55,468.5,466.85,465.07,9405495,4374195289.05,116790,3705513,39.4,0.0020390641768621,1.0,463.35,468.8,460.55,466.85,468.5,465.07,465.9,0.002039064176862171,False,False,False
SBIN,EQ,2022-07-04,466.85,466.85,474.15,466.85,473.95,473.45,470.57,9186358,4322793774.1,115285,3597397,39.16,0.0141373032023133,1.0,466.85,474.15,466.85,473.45,473.95,470.57,466.85,0.014137303202313323,False,False,False
SBIN,EQ,2022-07-05,473.45,475.15,480.0,471.0,472.55,472.15,475.99,12003244,5713384767.95,143727,5860719,48.83,-0.0027458020910339,1.0,475.15,480.0,471.0,472.15,472.55,475.99,473.45,-0.002745802091033922,False,False,False
SBIN,EQ,2022-07-06,472.15,475.15,481.0,473.9,480.55,479.95,478.18,12059857,5766832535.75,179395,6050389,50.17,0.0165201736736206,1.0,475.15,481.0,473.9,479.95,480.55,478.18,472.15,0.016520173673620686,False,False,False
SBIN,EQ,2022-07-07,479.95,484.0,488.25,481.6,486.9,486.75,485.27,11497832,5579593687.8,173806,4532216,39.42,0.0141681425148452,1.0,484.0,488.25,481.6,486.75,486.9,485.27,479.95,0.014168142514845217,False,False,False
SBIN,EQ,2022-07-08,486.75,489.0,489.9,485.15,488.45,488.55,487.44,9057231,4414856472.4,162363,4119292,45.48,0.0036979969183359,1.0,489.0,489.9,485.15,488.55,488.45,487.44,486.75,0.003697996918335944,False,False,False
SBIN,EQ,2022-07-11,488.55,485.0,491.3,485.0,488.05,488.2,488.75,7704792,3765716046.15,94857,2892361,37.54,-0.000716405690308,1.0,485.0,491.3,485.0,488.2,488.05,488.75,488.55,-0.000716405690308064,False,False,False
SBIN,EQ,2022-07-12,488.2,485.0,491.35,483.1,483.4,484.95,488.66,7364457,3598704148.85,108367,2291145,31.11,-0.0066571077427284,1.0,485.0,491.35,483.1,484.95,483.4,488.66,488.2,-0.00665710774272843,False,False,False
SBIN,EQ,2022-07-13,484.95,487.75,492.45,484.55,486.2,486.5,488.27,8208853,4008106035.85,129820,3515328,42.82,0.0031962057944117,1.0,487.75,492.45,484.55,486.5,486.2,488.27,484.95,0.0031962057944117106,False,False,False
SBIN,EQ,2022-07-14,486.5,486.6,488.9,476.8,480.3,479.35,482.03,9385630,4524120598.85,151617,4003660,42.66,-0.0146968139773894,1.0,486.6,488.9,476.8,479.35,480.3,482.03,486.5,-0.014696813977389422,False,False,False
SBIN,EQ,2022-07-15,479.35,482.55,484.4,474.7,478.7,479.1,478.3,6945602,3322054772.0,120161,2526701,36.38,-0.0005215395848544,1.0,482.55,484.4,474.7,479.1,478.7,478.3,479.35,-0.000521539584854458,False,False,False
SBIN,EQ,2022-07-18,479.1,484.55,491.5,482.1,489.6,490.3,487.33,9934786,4841501119.4,178323,4916706,49.49,0.0233771655186807,1.0,484.55,491.5,482.1,490.3,489.6,487.33,479.1,0.023377165518680743,False,False,False
SBIN,EQ,2022-07-19,490.3,488.0,498.55,488.0,497.9,497.95,494.57,11724183,5798451759.05,130777,4129670,35.22,0.0156026922292473,1.0,488.0,498.55,488.0,497.95,497.9,494.57,490.3,0.015602692229247372,False,False,False
SBIN,EQ,2022-07-20,497.95,501.0,510.6,500.4,507.4,508.6,507.48,19280117,9784217298.85,254529,9705808,50.34,0.021387689527061,1.0,501.0,510.6,500.4,508.6,507.4,507.48,497.95,0.02138768952706105,False,False,False
SBIN,EQ,2022-07-21,508.6,509.8,513.4,506.75,511.1,512.05,511.48,13814893,7066028812.7,196106,6776664,49.05,0.0067833267793941,1.0,509.8,513.4,506.75,512.05,511.1,511.48,508.6,0.006783326779394194,False,False,False
SBIN,EQ,2022-07-22,512.05,513.45,520.2,511.2,511.9,513.7,516.23,14699129,7588186570.15,244781,7370555,50.14,0.0032223415682064,1.0,513.45,520.2,511.2,513.7,511.9,516.23,512.05,0.003222341568206444,False,False,False
SBIN,EQ,2022-07-25,513.7,513.4,519.0,509.15,516.25,517.8,514.4,10229778,5262242658.25,153553,3764768,36.8,0.0079813120498344,1.0,513.4,519.0,509.15,517.8,516.25,514.4,513.7,0.007981312049834433,False,False,False
SBIN,EQ,2022-07-26,517.8,517.7,520.8,513.1,513.7,514.2,516.44,8862656,4577000715.15,168343,3588725,40.49,-0.0069524913093856,1.0,517.7,520.8,513.1,514.2,513.7,516.44,517.8,-0.006952491309385689,False,False,False
SBIN,EQ,2022-07-27,514.2,515.3,529.95,512.25,528.35,528.2,522.16,15101546,7885450134.35,333000,6647299,44.02,0.0272267600155582,1.0,515.3,529.95,512.25,528.2,528.35,522.16,514.2,0.027226760015558238,False,False,False
SBIN,EQ,2022-07-28,528.2,533.2,537.5,529.55,532.15,532.45,532.51,12160734,6475654215.2,215225,5268494,43.32,0.0080461946232488,1.0,533.2,537.5,529.55,532.45,532.15,532.51,528.2,0.008046194623248848,False,False,False
SBIN,EQ,2022-07-29,532.45,535.05,537.0,526.75,527.65,528.35,529.82,11921058,6315998165.4,144306,5302505,44.48,-0.0077002535449338,1.0,535.05,537.0,526.75,528.35,527.65,529.82,532.45,-0.007700253544933866,False,False,False
SBIN,EQ,2022-08-01,528.35,529.05,535.0,526.4,533.35,533.75,532.31,8295631,4415816994.75,124805,3402591,41.02,0.0102204977760953,1.0,529.05,535.0,526.4,533.75,533.35,532.31,528.35,0.01022049777609535,False,False,False
SBIN,EQ,2022-08-02,533.75,531.9,544.9,531.1,540.0,542.1,541.38,16845027,9119556236.75,230932,6340949,37.64,0.0156440281030445,1.0,531.9,544.9,531.1,542.1,540.0,541.38,533.75,0.01564402810304455,False,False,False
SBIN,EQ,2022-08-03,542.1,541.9,546.4,534.65,540.5,540.85,542.04,24262125,13151082595.4,253745,12530803,51.65,-0.0023058476295886,1.0,541.9,546.4,534.65,540.85,540.5,542.04,542.1,-0.002305847629588631,False,False,False
SBIN,EQ,2022-08-04,540.85,543.65,544.0,524.2,532.3,533.25,532.95,18072293,9631594662.25,201817,7049054,39.0,-0.0140519552556162,1.0,543.65,544.0,524.2,533.25,532.3,532.95,540.85,-0.0140519552556162,False,False,False
SBIN,EQ,2022-08-05,533.25,535.55,542.9,529.0,532.35,531.05,537.29,21110734,11342675873.75,205564,8610671,40.79,-0.0041256446319738,1.0,535.55,542.9,529.0,531.05,532.35,537.29,533.25,-0.004125644631973846,False,False,False
SBIN,EQ,2022-08-08,531.05,524.0,524.0,513.85,520.1,520.4,518.01,32566317,16869712451.35,416603,13376188,41.07,-0.0200546087938988,1.0,524.0,524.0,513.85,520.4,520.1,518.01,531.05,-0.020054608793898865,False,False,False
SBIN,EQ,2022-08-10,520.4,521.55,523.5,513.4,513.9,514.7,516.46,16904151,8730379353.15,247601,9702561,57.4,-0.0109531129900075,1.0,521.55,523.5,513.4,514.7,513.9,516.46,520.4,-0.010953112990007563,False,False,False
SBIN,EQ,2022-08-11,514.7,520.0,526.0,517.2,524.5,524.75,521.76,13862195,7232693557.9,192485,6522359,47.05,0.0195259374392848,1.0,520.0,526.0,517.2,524.75,524.5,521.76,514.7,0.01952593743928488,False,False,False
SBIN,EQ,2022-08-12,524.75,525.7,531.8,525.15,531.0,530.7,529.76,12154012,6438750910.6,160036,5679718,46.73,0.0113387327298715,1.0,525.7,531.8,525.15,530.7,531.0,529.76,524.75,0.011338732729871515,False,False,False
SBIN,EQ,2022-08-16,530.7,533.3,533.85,525.0,526.6,525.95,527.74,10721167,5657979793.75,145707,5025077,46.87,-0.0089504428113812,1.0,533.3,533.85,525.0,525.95,526.6,527.74,530.7,-0.008950442811381243,False,False,False
SBIN,EQ,2022-08-17,525.95,528.85,530.55,524.35,527.8,528.15,526.89,12054183,6351246080.75,159055,5203847,43.17,0.0041829071204486,1.0,528.85,530.55,524.35,528.15,527.8,526.89,525.95,0.0041829071204486645,False,False,False
SBIN,EQ,2022-08-18,528.15,526.85,534.8,526.2,532.0,532.35,531.57,9013662,4791385825.2,120443,2772894,30.76,0.0079522862823062,1.0,526.85,534.8,526.2,532.35,532.0,531.57,528.15,0.007952286282306265,False,False,False
SBIN,EQ,2022-08-19,532.35,532.0,533.65,518.5,520.05,520.35,523.18,11087222,5800622525.65,146387,4095463,36.94,-0.0225415610030994,1.0,532.0,533.65,518.5,520.35,520.05,523.18,532.35,-0.022541561003099453,False,False,False
SBIN,EQ,2022-08-22,520.35,519.0,519.9,510.0,511.1,511.3,513.09,9676954,4965152207.8,165588,4280662,44.24,-0.0173921399058326,1.0,519.0,519.9,510.0,511.3,511.1,513.09,520.35,-0.01739213990583266,False,False,False
SBIN,EQ,2022-08-23,511.3,508.25,524.0,508.25,523.0,521.9,517.45,8597965,4448995522.9,130274,2200718,25.6,0.0207314688050068,1.0,508.25,524.0,508.25,521.9,523.0,517.45,511.3,0.02073146880500687,False,False,False
SBIN,EQ,2022-08-24,521.9,519.0,523.0,512.3,520.4,519.3,517.9,11930650,6178850761.4,143063,5135639,43.05,-0.0049817972791722,1.0,519.0,523.0,512.3,519.3,520.4,517.9,521.9,-0.004981797279172251,False,False,False
SBIN,EQ,2022-08-25,519.3,521.95,528.3,518.5,520.15,520.4,523.9,15473450,8106540162.8,167210,6815830,44.05,0.0021182360870402,1.0,521.95,528.3,518.5,520.4,520.15,523.9,519.3,0.002118236087040204,False,False,False
SBIN,EQ,2022-08-26,520.4,523.8,529.5,522.2,524.3,523.8,525.17,12855886,6751514077.25,128630,5307516,41.28,0.0065334358186011,1.0,523.8,529.5,522.2,523.8,524.3,525.17,520.4,0.006533435818601108,False,False,False
SBIN,EQ,2022-08-29,523.8,511.3,517.0,508.75,515.0,514.85,513.62,9421339,4838957049.45,143380,4080606,43.31,-0.017086674303169,1.0,511.3,517.0,508.75,514.85,515.0,513.62,523.8,-0.017086674303169014,False,False,False
SBIN,EQ,2022-08-30,514.85,518.2,532.5,517.95,531.0,531.25,528.36,14835308,7838353166.55,166014,6947862,46.83,0.0318539380402058,1.0,518.2,532.5,517.95,531.25,531.0,528.36,514.85,0.031853938040205865,False,False,False
SBIN,EQ,2022-09-01,531.25,522.25,540.9,522.25,534.25,533.3,535.06,16670228,8919650119.4,218023,5384878,32.3,0.0038588235294116,1.0,522.25,540.9,522.25,533.3,534.25,535.06,531.25,0.0038588235294116924,False,False,False
SBIN,EQ,2022-09-02,533.3,537.0,537.85,531.25,535.0,536.7,535.36,10017930,5363164755.2,124824,3990475,39.83,0.0063753984624039,1.0,537.0,537.85,531.25,536.7,535.0,535.36,533.3,0.0063753984624039806,False,False,False
SBIN,EQ,2022-09-05,536.7,537.0,540.8,536.3,538.75,538.9,539.17,7819994,4216330099.55,106157,3346038,42.79,0.004099124277995,1.0,537.0,540.8,536.3,538.9,538.75,539.17,536.7,0.004099124277995081,False,False,False
SBIN,EQ,2022-09-06,538.9,538.0,542.7,534.1,537.3,537.8,539.43,8657868,4670346677.0,108579,2539671,29.33,-0.0020411950269066,1.0,538.0,542.7,534.1,537.8,537.3,539.43,538.9,-0.0020411950269066947,False,False,False
SBIN,EQ,2022-09-07,537.8,534.4,537.45,531.55,532.1,532.85,534.25,8445359,4511895645.9,106610,4354695,51.56,-0.0092041651171438,1.0,534.4,537.45,531.55,532.85,532.1,534.25,537.8,-0.009204165117143837,False,False,False
SBIN,EQ,2022-09-08,532.85,536.0,546.3,535.5,545.25,544.65,541.55,12240707,6628912370.75,141256,4816335,39.35,0.0221450689687527,1.0,536.0,546.3,535.5,544.65,545.25,541.55,532.85,0.02214506896875279,False,False,False
SBIN,EQ,2022-09-09,544.65,549.65,557.0,548.0,551.95,553.35,553.57,18587927,10289692790.2,267586,7957943,42.81,0.0159735610024787,1.0,549.65,557.0,548.0,553.35,551.95,553.57,544.65,0.01597356100247871,False,False,False
SBIN,EQ,2022-09-12,553.35,554.9,558.6,551.25,554.95,554.9,555.63,9677415,5377080074.6,127479,4384107,45.3,0.0028011204481792,1.0,554.9,558.6,551.25,554.9,554.95,555.63,553.35,0.0028011204481792618,False,False,False
SBIN,EQ,2022-09-13,554.9,560.0,560.0,553.75,557.1,558.0,557.73,16707275,9318085634.25,148044,11220044,67.16,0.0055865921787709,1.0,560.0,560.0,553.75,558.0,557.1,557.73,554.9,0.005586592178770999,False,False,False
SBIN,EQ,2022-09-14,558.0,550.0,574.85,549.25,572.3,571.75,567.79,21632641,12282852152.3,301335,8300762,38.37,0.0246415770609318,1.0,550.0,574.85,549.25,571.75,572.3,567.79,558.0,0.02464157706093184,False,False,False
SBIN,EQ,2022-09-15,571.75,572.55,578.5,567.9,571.5,572.15,573.5,12749947,7312060768.8,224387,3656992,28.68,0.0006996064713598,1.0,572.55,578.5,567.9,572.15,571.5,573.5,571.75,0.0006996064713598038,False,False,False
SBIN,EQ,2022-09-16,572.15,569.1,574.0,560.3,562.5,561.8,564.61,14739280,8321982741.65,231709,7373673,50.03,-0.018089661801975,1.0,569.1,574.0,560.3,561.8,562.5,564.61,572.15,-0.01808966180197502,False,False,False
SBIN,EQ,2022-09-19,561.8,560.7,574.4,559.55,572.5,572.25,569.54,11194003,6375398054.4,163866,4756130,42.49,0.0186009255962977,1.0,560.7,574.4,559.55,572.25,572.5,569.54,561.8,0.01860092559629778,False,False,False
SBIN,EQ,2022-09-20,572.25,577.95,577.95,572.85,573.6,574.05,575.5,8484017,4882536374.35,176912,3767069,44.4,0.0031454783748361,1.0,577.95,577.95,572.85,574.05,573.6,575.5,572.25,0.0031454783748361415,False,False,False
SBIN,EQ,2022-09-21,574.05,575.0,577.3,565.4,569.0,569.7,570.45,9392526,5357998661.95,174676,3467830,36.92,-0.0075777371309118,1.0,575.0,577.3,565.4,569.7,569.0,570.45,574.05,-0.00757773713091181,False,False,False
SBIN,EQ,2022-09-22,569.7,566.75,574.0,562.0,567.5,567.3,567.39,11869435,6734594427.3,181550,5206546,43.87,-0.0042127435492366,1.0,566.75,574.0,562.0,567.3,567.5,567.39,569.7,-0.004212743549236619,False,False,False
SBIN,EQ,2022-09-23,567.3,564.8,568.0,549.5,550.9,550.6,555.53,12563239,6979215908.2,282839,5642445,44.91,-0.0294376872906749,1.0,564.8,568.0,549.5,550.6,550.9,555.53,567.3,-0.029437687290674974,False,False,False
SBIN,EQ,2022-09-26,550.6,545.8,549.0,533.0,545.3,543.3,541.37,16158750,8747941723.25,274214,7654966,47.37,-0.0132582637123139,1.0,545.8,549.0,533.0,543.3,545.3,541.37,550.6,-0.013258263712313978,False,False,False
SBIN,EQ,2022-09-27,543.3,544.55,550.9,533.2,538.0,536.5,542.4,11066799,6002626270.3,154979,3862856,34.9,-0.0125161052825325,1.0,544.55,550.9,533.2,536.5,538.0,542.4,543.3,-0.012516105282532553,False,False,False
SBIN,EQ,2022-09-28,536.5,532.9,539.8,520.35,523.5,524.85,532.17,12233485,6510284800.4,183919,5224334,42.71,-0.0217148182665423,1.0,532.9,539.8,520.35,524.85,523.5,532.17,536.5,-0.021714818266542313,False,False,False
SBIN,EQ,2022-09-29,524.85,529.0,535.7,519.55,524.0,521.75,525.18,17310168,9090986645.6,215284,8111849,46.86,-0.005906449461751,1.0,529.0,535.7,519.55,521.75,524.0,525.18,524.85,-0.005906449461751007,False,False,False
SBIN,EQ,2022-09-30,521.75,524.0,536.9,516.15,531.55,530.6,528.17,17466950,9225477677.2,199404,5533983,31.68,0.0169621466219453,1.0,524.0,536.9,516.15,530.6,531.55,528.17,521.75,0.016962146621945395,False,False,False
SBIN,EQ,2022-10-03,530.6,527.6,531.65,518.5,518.95,519.75,525.01,9351162,4909456239.05,141130,3430661,36.69,-0.020448548812665,1.0,527.6,531.65,518.5,519.75,518.95,525.01,530.6,-0.020448548812665,False,False,False
SBIN,EQ,2022-10-04,519.75,533.0,535.8,527.8,532.95,532.7,532.39,8745887,4656244525.45,128142,3456189,39.52,0.024915824915825,1.0,533.0,535.8,527.8,532.7,532.95,532.39,519.75,0.024915824915825002,False,False,False
SBIN,EQ,2022-10-06,532.7,534.6,541.8,534.6,537.35,537.3,538.44,9507322,5119102137.6,183101,4430981,46.61,0.0086352543645578,1.0,534.6,541.8,534.6,537.3,537.35,538.44,532.7,0.00863525436455781,False,False,False
SBIN,EQ,2022-10-07,537.3,535.5,535.6,526.55,531.0,530.2,529.64,11065307,5860624159.5,185698,5018194,45.35,-0.0132142192443698,1.0,535.5,535.6,526.55,530.2,531.0,529.64,537.3,-0.01321421924436983,False,False,False
SBIN,EQ,2022-10-10,530.2,525.7,533.9,522.2,531.4,530.75,528.13,9649292,5096052558.9,191653,3588945,37.19,0.0010373443983402,1.0,525.7,533.9,522.2,530.75,531.4,528.13,530.2,0.0010373443983402453,False,False,False
SBIN,EQ,2022-10-11,530.75,530.75,533.7,525.5,527.0,527.4,529.35,10825440,5730463472.65,159970,4518524,41.74,-0.0063118228921338,1.0,530.75,533.7,525.5,527.4,527.0,529.35,530.75,-0.006311822892133834,False,False,False
SBIN,EQ,2022-10-12,527.4,530.0,535.0,526.0,535.0,533.8,530.03,8522604,4517236010.0,121592,3016240,35.39,0.0121350018960939,1.0,530.0,535.0,526.0,533.8,535.0,530.03,527.4,0.012135001896093955,False,False,False
SBIN,EQ,2022-10-13,533.8,533.0,533.8,520.2,521.9,521.45,525.44,12972765,6816438201.85,166849,6496472,50.08,-0.0231360059947544,1.0,533.0,533.8,520.2,521.45,521.9,525.44,533.8,-0.023136005994754405,False,False,False
SBIN,EQ,2022-10-14,521.45,530.2,534.85,526.0,527.8,527.2,530.03,8545479,4529375083.5,144578,2924078,34.22,0.0110269440981878,1.0,530.2,534.85,526.0,527.2,527.8,530.03,521.45,0.01102694409818783,False,False,False
SBIN,EQ,2022-10-17,527.2,526.4,544.7,524.2,543.2,543.65,538.7,13485349,7264515862.55,208408,3700920,27.44,0.0312025796661608,1.0,526.4,544.7,524.2,543.65,543.2,538.7,527.2,0.0312025796661608,False,False,False
SBIN,EQ,2022-10-18,543.65,547.1,563.5,546.75,562.4,562.45,558.19,20440781,11409791394.1,245391,9747060,47.68,0.0345810723811277,1.0,547.1,563.5,546.75,562.45,562.4,558.19,543.65,0.03458107238112773,False,False,False
SBIN,EQ,2022-10-19,562.45,563.0,563.45,551.55,553.75,553.4,555.4,9540583,5298845388.7,137573,3398721,35.62,-0.0160903191394792,1.0,563.0,563.45,551.55,553.4,553.75,555.4,562.45,-0.016090319139479226,False,False,False
SBIN,EQ,2022-10-20,553.4,552.0,556.8,545.3,555.5,555.4,551.98,11225588,6196328573.95,134915,4079003,36.34,0.0036140224069389,1.0,552.0,556.8,545.3,555.4,555.5,551.98,553.4,0.003614022406938977,False,False,False
SBIN,EQ,2022-10-21,555.4,557.25,565.8,557.25,561.65,560.85,562.7,11767639,6621648120.8,198859,4401295,37.4,0.0098127475693194,1.0,557.25,565.8,557.25,560.85,561.65,562.7,555.4,0.009812747569319491,False,False,False
SBIN,EQ,2022-10-24,560.85,567.0,572.5,565.9,572.15,570.5,569.46,3692065,2102464996.35,63147,1510943,40.92,0.0172060265668181,1.0,567.0,572.5,565.9,570.5,572.15,569.46,560.85,0.017206026566818133,False,False,False
SBIN,EQ,2022-10-25,570.5,572.5,586.2,568.0,577.0,578.55,578.28,19899324,11507427412.85,215376,8833736,44.39,0.0141104294478526,1.0,572.5,586.2,568.0,578.55,577.0,578.28,570.5,0.01411042944785268,False,False,False
SBIN,EQ,2022-10-27,578.55,583.95,585.0,577.6,579.1,579.65,580.71,13613533,7905525313.35,209377,5998675,44.06,0.0019013049866045,1.0,583.95,585.0,577.6,579.65,579.1,580.71,578.55,0.0019013049866045684,False,False,False
SBIN,EQ,2022-10-28,579.65,579.95,582.65,567.0,571.8,570.75,572.65,10043644,5751515569.95,144061,3798576,37.82,-0.0153540929871474,1.0,579.95,582.65,567.0,570.75,571.8,572.65,579.65,-0.015354092987147405,False,False,False
SBIN,EQ,2022-10-31,570.75,574.95,577.45,568.4,573.5,573.8,572.79,9894639,5667560387.8,139535,3759140,37.99,0.0053438458169075,1.0,574.95,577.45,568.4,573.8,573.5,572.79,570.75,0.0053438458169075,False,False,False
SBIN,EQ,2022-11-01,573.8,576.35,585.75,574.6,576.0,576.9,579.85,12069579,6998554295.3,163499,5057539,41.9,0.005402579295922,1.0,576.35,585.75,574.6,576.9,576.0,579.85,573.8,0.005402579295922028,False,False,False
SBIN,EQ,2022-11-02,576.9,575.9,578.95,569.9,573.0,573.85,574.79,10241440,5886694998.95,142730,3773099,36.84,-0.0052868781417922,1.0,575.9,578.95,569.9,573.85,573.0,574.79,576.9,-0.005286878141792295,False,False,False
SBIN,EQ,2022-11-03,573.85,569.0,587.95,568.0,584.15,584.9,581.58,17557998,10211388603.8,244825,5121059,29.17,0.0192559031105687,1.0,569.0,587.95,568.0,584.9,584.15,581.58,573.85,0.019255903110568795,False,False,False
SBIN,EQ,2022-11-04,584.9,586.0,596.95,580.4,595.7,593.95,587.64,25759031,15137053924.2,302456,10018968,38.89,0.0154727303812618,1.0,586.0,596.95,580.4,593.95,595.7,587.64,584.9,0.015472730381261846,False,False,False
SBIN,EQ,2022-11-07,593.95,613.0,622.7,607.7,613.8,614.15,615.56,44265903,27248449289.6,470162,16413804,37.08,0.0340095967674045,1.0,613.0,622.7,607.7,614.15,613.8,615.56,593.95,0.03400959676740456,False,False,False
SBIN,EQ,2022-11-09,614.15,621.0,621.0,610.55,614.6,615.55,615.08,18939854,11649523009.9,302328,9373877,49.49,0.0022795733941218,1.0,621.0,621.0,610.55,615.55,614.6,615.08,614.15,0.002279573394121881,False,False,False
SBIN,EQ,2022-11-10,615.55,613.1,615.1,602.2,605.05,605.75,607.23,11618405,7055030835.7,232699,4437252,38.19,-0.0159207213061488,1.0,613.1,615.1,602.2,605.75,605.05,607.23,615.55,-0.015920721306148855,False,False,False
SBIN,EQ,2022-11-11,605.75,617.25,619.55,598.5,600.0,601.3,605.28,15525267,9397103693.35,220631,5651310,36.4,-0.0073462649607924,1.0,617.25,619.55,598.5,601.3,600.0,605.28,605.75,-0.007346264960792492,False,False,False
SBIN,EQ,2022-11-14,601.3,603.95,603.95,591.65,592.5,592.55,596.08,12957268,7723573323.3,227415,6081635,46.94,-0.0145518044237485,1.0,603.95,603.95,591.65,592.55,592.5,596.08,601.3,-0.014551804423748593,False,False,False
SBIN,EQ,2022-11-15,592.55,594.3,602.1,592.65,601.5,600.85,597.7,10286417,6148169628.95,153811,3348965,32.56,0.0140072567715805,1.0,594.3,602.1,592.65,600.85,601.5,597.7,592.55,0.014007256771580545,False,False,False
SBIN,EQ,2022-11-16,600.85,599.95,603.5,596.0,599.0,599.75,600.52,11555749,6939489693.9,168811,4656034,40.29,-0.0018307397853042,1.0,599.95,603.5,596.0,599.75,599.0,600.52,600.85,-0.0018307397853042362,False,False,False
SBIN,EQ,2022-11-17,599.75,599.1,602.75,596.15,598.45,599.05,599.41,8167131,4895433201.45,114824,2948861,36.11,-0.0011671529804085,1.0,599.1,602.75,596.15,599.05,598.45,599.41,599.75,-0.0011671529804085923,False,False,False
SBIN,EQ,2022-11-18,599.05,601.0,605.75,597.15,602.05,602.7,601.12,12933675,7774746404.45,155935,5077955,39.26,0.0060929805525415,1.0,601.0,605.75,597.15,602.7,602.05,601.12,599.05,0.006092980552541594,False,False,False
SBIN,EQ,2022-11-21,602.7,602.1,602.1,595.35,598.0,598.1,598.39,7412419,4435509514.55,135865,2865902,38.66,-0.0076323212211714,1.0,602.1,602.1,595.35,598.1,598.0,598.39,602.7,-0.007632321221171412,False,False,False
SBIN,EQ,2022-11-22,598.1,598.15,600.7,596.15,599.0,599.1,598.56,8048595,4817532263.45,126028,3902083,48.48,0.0016719612104998,1.0,598.15,600.7,596.15,599.1,599.0,598.56,598.1,0.0016719612104998394,False,False,False
SBIN,EQ,2022-11-23,599.1,601.55,609.6,601.0,607.1,607.65,606.5,12435924,7542386457.5,171897,5217318,41.95,0.0142714071106659,1.0,601.55,609.6,601.0,607.65,607.1,606.5,599.1,0.01427140711066599,False,False,False
SBIN,EQ,2022-11-24,607.65,609.75,611.3,605.8,609.6,609.35,608.75,8960032,5454395604.45,128229,3420469,38.17,0.0027976631284456,1.0,609.75,611.3,605.8,609.35,609.6,608.75,607.65,0.002797663128445649,False,False,False
SBIN,EQ,2022-11-25,609.35,610.55,613.7,606.25,607.2,607.4,609.3,9994513,6089640965.5,136359,4441339,44.44,-0.0032001312874374,1.0,610.55,613.7,606.25,607.4,607.2,609.3,609.35,-0.0032001312874374577,False,False,False
SBIN,EQ,2022-11-28,607.4,605.6,610.9,602.35,608.0,608.6,606.01,7934274,4808229149.85,121851,3625579,45.7,0.0019756338491934,1.0,605.6,610.9,602.35,608.6,608.0,606.01,607.4,0.0019756338491934144,False,False,False
SBIN,EQ,2022-11-29,608.6,607.1,611.8,607.1,608.1,608.55,609.32,6942919,4230494096.3,121735,3138453,45.2,-8.2155767334946e-05,1.0,607.1,611.8,607.1,608.55,608.1,609.32,608.6,-8.2155767334946e-05,False,False,False
SBIN,EQ,2022-11-30,608.55,608.5,611.4,598.4,602.95,602.45,603.09,15606230,9412010412.2,174362,8449322,54.14,-0.0100238271300631,1.0,608.5,611.4,598.4,602.45,602.95,603.09,608.55,-0.010023827130063112,False,False,False
SBIN,EQ,2022-12-01,602.45,607.85,609.8,601.55,608.0,608.1,605.68,14209313,8606271146.8,172004,6862086,48.29,0.0093783716490993,1.0,607.85,609.8,601.55,608.1,608.0,605.68,602.45,0.009378371649099382,False,False,False
SBIN,EQ,2022-12-02,608.1,607.5,609.6,604.25,607.6,607.55,607.29,7533838,4575252955.95,142901,3982578,52.86,-0.0009044565038646,1.0,607.5,609.6,604.25,607.55,607.6,607.29,608.1,-0.0009044565038646146,False,False,False
SBIN,EQ,2022-12-05,607.55,608.5,618.0,607.55,616.7,617.3,614.05,11585602,7114164816.2,210728,5730406,49.46,0.0160480618879104,1.0,608.5,618.0,607.55,617.3,616.7,614.05,607.55,0.016048061887910414,False,False,False
SBIN,EQ,2022-12-06,617.3,614.75,619.8,607.8,609.3,608.95,613.29,12996244,7970503352.0,190699,7387969,56.85,-0.0135266483071438,1.0,614.75,619.8,607.8,608.95,609.3,613.29,617.3,-0.013526648307143896,False,False,False
SBIN,EQ,2022-12-07,608.95,610.85,612.9,604.5,606.95,607.05,607.96,7613892,4628904222.25,113416,3419765,44.91,-0.0031201248049923,1.0,610.85,612.9,604.5,607.05,606.95,607.96,608.95,-0.0031201248049923525,False,False,False
SBIN,EQ,2022-12-08,607.05,609.75,613.8,607.15,612.25,611.65,611.14,10020015,6123608626.5,146277,4572184,45.63,0.0075776295198088,1.0,609.75,613.8,607.15,611.65,612.25,611.14,607.05,0.007577629519808893,False,False,False
SBIN,EQ,2022-12-09,611.65,614.4,618.0,609.1,617.0,616.5,613.84,11202267,6876434227.3,169991,5448182,48.63,0.007929371372517,1.0,614.4,618.0,609.1,616.5,617.0,613.84,611.65,0.007929371372517036,False,False,False
SBIN,EQ,2022-12-12,616.5,614.8,618.7,611.0,612.35,613.05,613.74,9285187,5698647281.15,135955,3783456,40.75,-0.0055961070559611,1.0,614.8,618.7,611.0,613.05,612.35,613.74,616.5,-0.0055961070559611414,False,False,False
SBIN,EQ,2022-12-13,613.05,613.5,617.4,612.5,616.8,616.75,615.45,7455415,4588404579.4,162670,3363135,45.11,0.0060353967865591,1.0,613.5,617.4,612.5,616.75,616.8,615.45,613.05,0.006035396786559177,False,False,False
SBIN,EQ,2022-12-14,616.75,618.5,626.75,617.5,625.3,625.5,623.52,14010673,8735884073.65,187174,5862456,41.84,0.0141872719902715,1.0,618.5,626.75,617.5,625.5,625.3,623.52,616.75,0.014187271990271588,False,False,False
SBIN,EQ,2022-12-15,625.5,625.55,629.55,614.3,614.7,615.95,621.92,10622271,6606176441.8,148853,4096192,38.56,-0.0152677857713827,1.0,625.55,629.55,614.3,615.95,614.7,621.92,625.5,-0.01526778577138277,False,False,False
SBIN,EQ,2022-12-16,615.95,612.0,615.6,602.1,604.35,603.35,607.83,9435071,5734914585.6,160875,3497337,37.07,-0.0204562058608653,1.0,612.0,615.6,602.1,603.35,604.35,607.83,615.95,-0.020456205860865384,False,False,False
SBIN,EQ,2022-12-19,603.35,604.0,609.5,603.0,605.5,604.45,605.78,8322012,5041268364.25,149442,3777196,45.39,0.0018231540565178,1.0,604.0,609.5,603.0,604.45,605.5,605.78,603.35,0.001823154056517895,False,False,False
SBIN,EQ,2022-12-20,604.45,603.0,606.5,599.55,605.3,604.45,602.65,6753785,4070154751.5,128701,2274446,33.68,0.0,1.0,603.0,606.5,599.55,604.45,605.3,602.65,604.45,0.0,False,False,False
SBIN,EQ,2022-12-21,604.45,605.9,609.15,589.6,594.3,593.4,599.66,9217253,5527195688.5,145768,3522227,38.21,-0.0182810819753496,1.0,605.9,609.15,589.6,593.4,594.3,599.66,604.45,-0.01828108197534961,False,False,False
SBIN,EQ,2022-12-22,593.4,597.0,599.0,587.55,592.0,593.4,592.49,8740149,5178437456.55,136417,2637879,30.18,0.0,1.0,597.0,599.0,587.55,593.4,592.0,592.49,593.4,0.0,False,False,False
SBIN,EQ,2022-12-23,593.4,590.0,590.7,571.5,573.1,574.0,579.55,13047046,7561431125.75,226901,5930199,45.45,-0.0326929558476575,1.0,590.0,590.7,571.5,574.0,573.1,579.55,593.4,-0.03269295584765752,False,False,False
SBIN,EQ,2022-12-26,574.0,574.0,601.7,570.7,597.1,597.1,589.64,13201587,7784134332.2,210003,4497406,34.07,0.0402439024390244,1.0,574.0,601.7,570.7,597.1,597.1,589.64,574.0,0.040243902439024426,False,False,False
SBIN,EQ,2022-12-27,597.1,600.4,603.1,593.3,602.0,601.9,598.21,9638618,5765912745.95,206219,2569120,26.65,0.0080388544632388,1.0,600.4,603.1,593.3,601.9,602.0,598.21,597.1,0.00803885446323882,False,False,False
SBIN,EQ,2022-12-28,601.9,600.9,607.0,598.55,601.0,601.05,602.94,7988631,4816651444.45,143945,2562261,32.07,-0.0014121947167303,1.0,600.9,607.0,598.55,601.05,601.0,602.94,601.9,-0.001412194716730375,False,False,False
SBIN,EQ,2022-12-29,601.05,600.0,618.0,597.15,614.05,611.8,608.16,20130392,12242524564.7,168187,11439937,56.83,0.0178853672739371,1.0,600.0,618.0,597.15,611.8,614.05,608.16,601.05,0.01788536727393719,False,False,False
SBIN,EQ,2022-12-30,611.8,615.25,620.55,611.35,614.25,613.7,615.43,13052895,8033100347.05,158347,6160516,47.2,0.0031055900621119,1.0,615.25,620.55,611.35,613.7,614.25,615.43,611.8,0.0031055900621119736,False,False,False
SBIN,EQ,2023-01-02,613.7,614.95,619.2,611.2,612.6,612.2,614.42,6726084,4132615299.65,125418,2430000,36.13,-0.002444190972788,1.0,614.95,619.2,611.2,612.2,612.6,614.42,613.7,-0.0024441909727880295,False,False,False
SBIN,EQ,2023-01-03,612.2,614.5,616.6,610.0,612.95,612.4,613.26,6818062,4181258078.2,122799,2451217,35.95,0.0003266906239789,1.0,614.5,616.6,610.0,612.4,612.95,613.26,612.2,0.00032669062397894244,False,False,False
SBIN,EQ,2023-01-04,612.4,611.85,614.95,604.0,605.6,605.2,607.74,7011191,4260969479.35,113548,2922723,41.69,-0.0117570215545393,1.0,611.85,614.95,604.0,605.2,605.6,607.74,612.4,-0.011757021554539393,False,False,False
SBIN,EQ,2023-01-05,605.2,607.0,611.6,601.95,605.75,605.1,605.84,8241475,4992982082.0,146571,4011597,48.68,-0.0001652346331791,1.0,607.0,611.6,601.95,605.1,605.75,605.84,605.2,-0.00016523463317918985,False,False,False
SBIN,EQ,2023-01-06,605.1,607.4,607.45,597.0,601.0,600.65,601.57,7972036,4795747048.6,154179,4150827,52.07,-0.0073541563377954,1.0,607.4,607.45,597.0,600.65,601.0,601.57,605.1,-0.007354156337795459,False,False,False
SBIN,EQ,2023-01-09,600.65,605.0,609.0,600.1,608.45,607.7,606.07,8878905,5381251510.2,160223,5216863,58.76,0.011737284608341,1.0,605.0,609.0,600.1,607.7,608.45,606.07,600.65,0.011737284608341003,False,False,False
SBIN,EQ,2023-01-10,607.7,608.45,609.0,590.6,595.5,595.15,596.1,10622660,6332208142.65,187602,4795085,45.14,-0.0206516373210466,1.0,608.45,609.0,590.6,595.15,595.5,596.1,607.7,-0.02065163732104669,False,False,False
SBIN,EQ,2023-01-11,595.15,596.45,599.5,592.25,597.0,596.7,596.73,7419630,4427502701.85,120446,2744770,36.99,0.0026043854490465,1.0,596.45,599.5,592.25,596.7,597.0,596.73,595.15,0.002604385449046509,False,False,False
SBIN,EQ,2023-01-12,596.7,597.9,597.9,590.1,594.95,594.9,593.57,8183715,4857601333.75,195861,4061846,49.63,-0.0030165912518854,1.0,597.9,597.9,590.1,594.9,594.95,593.57,596.7,-0.00301659125188547,False,False,False
SBIN,EQ,2023-01-13,594.9,597.9,602.9,593.65,600.7,600.1,598.73,7877610,4716567188.3,122377,3570587,45.33,0.0087409648680452,1.0,597.9,602.9,593.65,600.1,600.7,598.73,594.9,0.008740964868045209,False,False,False
SBIN,EQ,2023-01-16,600.1,603.0,606.1,600.6,603.2,603.0,603.22,5483191,3307558082.15,114056,1786991,32.59,0.0048325279120147,1.0,603.0,606.1,600.6,603.0,603.2,603.22,600.1,0.004832527912014717,False,False,False
SBIN,EQ,2023-01-17,603.0,603.0,606.0,586.05,593.4,592.95,593.93,13461999,7995508779.4,179000,6202110,46.07,-0.0166666666666666,1.0,603.0,606.0,586.05,592.95,593.4,593.93,603.0,-0.016666666666666607,False,False,False
SBIN,EQ,2023-01-18,592.95,595.9,597.15,587.6,591.0,591.45,591.61,11538075,6826073685.45,187691,5228386,45.31,-0.0025297242600555,1.0,595.9,597.15,587.6,591.45,591.0,591.61,592.95,-0.002529724260055599,False,False,False
SBIN,EQ,2023-01-19,591.45,591.0,591.75,587.55,589.7,589.85,589.57,7475688,4407407361.6,159313,3600314,48.16,-0.0027052159945896,1.0,591.0,591.75,587.55,589.85,589.7,589.57,591.45,-0.002705215994589616,False,False,False
SBIN,EQ,2023-01-20,589.85,593.8,596.6,590.8,592.95,592.2,593.93,6750607,4009374692.95,114106,2836387,42.02,0.0039840637450199,1.0,593.8,596.6,590.8,592.2,592.95,593.93,589.85,0.003984063745019917,False,False,False
SBIN,EQ,2023-01-23,592.2,598.5,601.75,592.95,601.0,600.45,599.43,6604469,3958919244.8,122483,3055907,46.27,0.0139311043566363,1.0,598.5,601.75,592.95,600.45,601.0,599.43,592.2,0.013931104356636359,False,False,False
SBIN,EQ,2023-01-24,600.45,603.5,604.6,593.05,593.95,594.35,597.94,7609623,4550101925.85,143693,4278719,56.23,-0.0101590473811308,1.0,603.5,604.6,593.05,594.35,593.95,597.94,600.45,-0.010159047381130826,False,False,False
SBIN,EQ,2023-01-25,594.35,595.85,595.85,567.4,568.5,568.7,574.28,25686294,14751042028.8,441882,14755095,57.44,-0.0431563893328845,1.0,595.85,595.85,567.4,568.7,568.5,574.28,594.35,-0.04315638933288457,False,False,False
SBIN,EQ,2023-01-27,568.7,568.0,568.55,532.25,542.0,539.95,548.08,40163464,22012948569.6,501251,24614678,61.29,-0.0505538948478987,1.0,568.0,568.55,532.25,539.95,542.0,548.08,568.7,-0.05055389484789874,False,False,False
SBIN,EQ,2023-01-30,539.95,536.0,554.35,525.2,541.25,538.2,536.97,40797825,21907160847.25,590951,23132765,56.7,-0.0032410408371145,1.0,536.0,554.35,525.2,538.2,541.25,536.97,539.95,-0.003241040837114517,False,False,False
SBIN,EQ,2023-01-31,538.2,545.0,557.0,537.85,556.95,553.5,550.83,21911943,12069723500.85,284762,10014509,45.7,0.0284280936454848,1.0,545.0,557.0,537.85,553.5,556.95,550.83,538.2,0.02842809364548482,False,False,False
SBIN,EQ,2023-02-01,553.5,561.4,565.0,499.35,527.0,527.35,541.41,38218810,20692138679.1,498247,12477291,32.65,-0.0472448057813911,1.0,561.4,565.0,499.35,527.35,527.0,541.41,553.5,-0.04724480578139112,False,False,False
SBIN,EQ,2023-02-02,527.35,520.2,532.65,502.5,532.1,528.1,521.91,39287056,20504207140.65,471242,15900344,40.47,0.0014222053664549,1.0,520.2,532.65,502.5,528.1,532.1,521.91,527.35,0.0014222053664549872,False,False,False
SBIN,EQ,2023-02-03,528.1,536.0,545.95,519.15,545.7,544.2,535.23,32317232,17297009476.05,444091,10466617,32.39,0.0304866502556333,1.0,536.0,545.95,519.15,544.2,545.7,535.23,528.1,0.030486650255633352,False,False,False
SBIN,EQ,2023-02-06,544.2,558.8,558.8,536.55,543.9,545.4,545.24,25338586,13815625569.5,266976,9116230,35.98,0.0022050716648289,1.0,558.8,558.8,536.55,545.4,543.9,545.24,544.2,0.0022050716648289725,False,False,False
SBIN,EQ,2023-02-07,545.4,548.0,551.4,541.05,546.2,547.1,546.83,16195947,8856378573.7,343935,5172352,31.94,0.0031169783645033,1.0,548.0,551.4,541.05,547.1,546.2,546.83,545.4,0.003116978364503309,False,False,False
SBIN,EQ,2023-02-08,547.1,550.0,554.5,545.5,550.75,549.75,549.76,15502847,8522903102.05,244248,7475340,48.22,0.0048437214403216,1.0,550.0,554.5,545.5,549.75,550.75,549.76,547.1,0.0048437214403216355,False,False,False
SBIN,EQ,2023-02-09,549.75,552.0,552.0,542.8,551.0,550.8,548.33,15061047,8258388340.35,147809,8079673,53.65,0.0019099590723055,1.0,552.0,552.0,542.8,550.8,551.0,548.33,549.75,0.0019099590723055115,False,False,False
SBIN,EQ,2023-02-10,550.8,546.5,557.25,546.5,552.9,553.05,553.81,13824475,7656154646.75,179516,6996559,50.61,0.0040849673202614,1.0,546.5,557.25,546.5,553.05,552.9,553.81,550.8,0.004084967320261423,False,False,False
SBIN,EQ,2023-02-13,553.05,554.0,556.9,533.3,537.1,537.5,539.69,18488732,9978135518.8,248043,9084653,49.14,-0.0281168067986619,1.0,554.0,556.9,533.3,537.5,537.1,539.69,553.05,-0.02811680679866191,False,False,False
SBIN,EQ,2023-02-14,537.5,539.95,544.6,530.75,541.0,540.85,536.92,18559909,9965143466.4,221342,9504632,51.21,0.0062325581395348,1.0,539.95,544.6,530.75,540.85,541.0,536.92,537.5,0.006232558139534827,False,False,False
SBIN,EQ,2023-02-15,540.85,540.0,544.65,536.8,542.8,542.25,541.31,12796579,6926957648.5,207687,6943042,54.26,0.0025885180734028,1.0,540.0,544.65,536.8,542.25,542.8,541.31,540.85,0.002588518073402879,False,False,False
SBIN,EQ,2023-02-16,542.25,546.85,546.85,538.5,539.3,540.1,542.25,12767016,6922854433.1,219926,7304544,57.21,-0.0039649608114338,1.0,546.85,546.85,538.5,540.1,539.3,542.25,542.25,-0.003964960811433826,False,False,False
SBIN,EQ,2023-02-17,540.1,538.5,539.65,527.75,530.65,531.0,532.32,14192008,7554622361.75,220159,5686809,40.07,-0.0168487317163488,1.0,538.5,539.65,527.75,531.0,530.65,532.32,540.1,-0.01684873171634882,False,False,False
SBIN,EQ,2023-02-20,531.0,532.0,533.95,522.15,525.45,525.15,526.99,12570032,6624234423.9,207013,5049722,40.17,-0.0110169491525423,1.0,532.0,533.95,522.15,525.15,525.45,526.99,531.0,-0.011016949152542366,False,False,False
SBIN,EQ,2023-02-21,525.15,527.1,528.95,522.4,523.8,523.45,525.46,10223218,5371849834.55,201064,3279783,32.08,-0.0032371703322858,1.0,527.1,528.95,522.4,523.45,523.8,525.46,525.15,-0.003237170332285877,False,False,False
SBIN,EQ,2023-02-22,523.45,520.75,521.9,512.5,516.75,516.35,516.6,14763050,7626522439.5,279932,7254757,49.14,-0.0135638551915178,1.0,520.75,521.9,512.5,516.35,516.75,516.6,523.45,-0.013563855191517815,False,False,False
SBIN,EQ,2023-02-23,516.35,516.95,524.0,511.35,522.85,521.0,518.82,15535085,8059838424.75,209593,5846231,37.63,0.0090055195119589,1.0,516.95,524.0,511.35,521.0,522.85,518.82,516.35,0.009005519511958937,False,False,False
SBIN,EQ,2023-02-24,521.0,524.2,527.5,517.6,521.5,521.05,522.25,12253035,6399175579.85,174036,5266229,42.98,9.596928982724684e-05,1.0,524.2,527.5,517.6,521.05,521.5,522.25,521.0,9.596928982724684e-05,False,False,False
SBIN,EQ,2023-02-27,521.05,521.1,529.8,519.0,527.5,527.7,525.49,11048799,5805988068.6,175532,3956168,35.81,0.0127626907206603,1.0,521.1,529.8,519.0,527.7,527.5,525.49,521.05,0.012762690720660386,False,False,False
SBIN,EQ,2023-02-28,527.7,527.25,528.45,521.05,522.45,522.8,523.97,15768010,8262022278.8,138340,9013032,57.16,-0.0092855789274211,1.0,527.25,528.45,521.05,522.8,522.45,523.97,527.7,-0.009285578927421101,False,False,False
SBIN,EQ,2023-03-01,522.8,523.25,537.4,523.1,536.25,536.7,532.39,13510198,7192717063.95,247974,6356190,47.05,0.0265876052027544,1.0,523.25,537.4,523.1,536.7,536.25,532.39,522.8,0.026587605202754494,False,False,False
SBIN,EQ,2023-03-02,536.7,535.95,539.9,532.5,534.5,533.75,535.45,10376913,5556284341.95,150813,4282815,41.27,-0.0054965530091299,1.0,535.95,539.9,532.5,533.75,534.5,535.45,536.7,-0.00549655300912999,False,False,False
SBIN,EQ,2023-03-03,533.75,542.0,564.3,541.75,561.0,561.2,557.8,27656538,15426880804.45,301105,11581862,41.88,0.0514285714285716,1.0,542.0,564.3,541.75,561.2,561.0,557.8,533.75,0.0514285714285716,False,False,False
SBIN,EQ,2023-03-06,561.2,564.9,567.9,559.0,561.8,561.7,563.48,16162268,9107045455.25,199841,8548401,52.89,0.0008909479686385,1.0,564.9,567.9,559.0,561.7,561.8,563.48,561.2,0.0008909479686385335,False,False,False
SBIN,EQ,2023-03-08,561.7,560.0,565.5,556.45,564.0,564.8,561.23,12637578,7092600028.6,163357,6989670,55.31,0.0055189602990919,1.0,560.0,565.5,556.45,564.8,564.0,561.23,561.7,0.005518960299091935,False,False,False
SBIN,EQ,2023-03-09,564.8,564.75,565.75,558.0,558.7,558.9,561.63,8993423,5050951266.7,129019,4779228,53.14,-0.0104461756373936,1.0,564.75,565.75,558.0,558.9,558.7,561.63,564.8,-0.010446175637393695,False,False,False
SBIN,EQ,2023-03-10,558.9,553.1,554.95,545.0,547.65,547.35,548.4,11522371,6318923508.05,223557,5603181,48.63,-0.0206655931293611,1.0,553.1,554.95,545.0,547.35,547.65,548.4,558.9,-0.020665593129361115,False,False,False
SBIN,EQ,2023-03-13,547.35,547.0,553.15,528.45,529.95,530.0,537.53,14373729,7726310525.7,211599,6433717,44.76,-0.0316981821503609,1.0,547.0,553.15,528.45,530.0,529.95,537.53,547.35,-0.03169818215036091,False,False,False
SBIN,EQ,2023-03-14,530.0,527.65,532.8,520.0,526.0,525.4,524.87,14750800,7742294996.9,262481,5039617,34.17,-0.0086792452830188,1.0,527.65,532.8,520.0,525.4,526.0,524.87,530.0,-0.008679245283018888,False,False,False
SBIN,EQ,2023-03-15,525.4,529.8,532.0,515.55,517.8,517.55,524.47,11282329,5917258639.8,252252,4713550,41.78,-0.0149409973353635,1.0,529.8,532.0,515.55,517.55,517.8,524.47,525.4,-0.014940997335363582,False,False,False
SBIN,EQ,2023-03-16,517.55,518.4,529.35,514.3,525.65,524.5,521.02,20040008,10441335063.95,290873,7264230,36.25,0.0134286542363057,1.0,518.4,529.35,514.3,524.5,525.65,521.02,517.55,0.013428654236305793,False,False,False
SBIN,EQ,2023-03-17,524.5,528.65,531.6,520.1,531.0,529.8,526.55,18787379,9892576528.7,185372,8216481,43.73,0.0101048617731172,1.0,528.65,531.6,520.1,529.8,531.0,526.55,524.5,0.010104861773117202,False,False,False
SBIN,EQ,2023-03-20,529.8,526.6,526.6,515.0,520.0,519.2,518.98,14275315,7408542782.55,251690,5600274,39.23,-0.0200075500188748,1.0,526.6,526.6,515.0,519.2,520.0,518.98,529.8,-0.020007550018874887,False,False,False
SBIN,EQ,2023-03-21,519.2,522.0,523.45,516.45,521.75,521.85,520.33,29485180,15341948084.5,295453,19906339,67.51,0.005104006163328,1.0,522.0,523.45,516.45,521.85,521.75,520.33,519.2,0.0051040061633280676,False,False,False
SBIN,EQ,2023-03-22,521.85,522.2,527.0,520.1,521.55,521.55,523.63,11619538,6084288023.15,155900,5268693,45.34,-0.0005748778384594,1.0,522.2,527.0,520.1,521.55,521.55,523.63,521.85,-0.0005748778384594422,False,False,False
SBIN,EQ,2023-03-23,521.55,519.4,521.0,511.5,512.0,512.75,517.21,22097792,11429112837.45,261069,11342410,51.33,-0.0168727830505224,1.0,519.4,521.0,511.5,512.75,512.0,517.21,521.55,-0.016872783050522422,False,False,False
SBIN,EQ,2023-03-24,512.75,514.5,514.95,503.45,505.5,505.35,510.24,14416984,7356153435.65,194898,5424799,37.63,-0.0144319843978546,1.0,514.5,514.95,503.45,505.35,505.5,510.24,512.75,-0.014431984397854647,False,False,False
SBIN,EQ,2023-03-27,505.35,507.0,514.15,501.55,509.0,510.15,509.28,15674218,7982618562.65,224703,3952164,25.21,0.0094983674680912,1.0,507.0,514.15,501.55,510.15,509.0,509.28,505.35,0.009498367468091296,False,False,False
SBIN,EQ,2023-03-28,510.15,511.45,511.75,503.85,509.0,508.1,507.96,15833599,8042852927.3,199721,4623581,29.2,-0.0040184259531509,1.0,511.45,511.75,503.85,508.1,509.0,507.96,510.15,-0.004018425953150939,False,False,False
SBIN,EQ,2023-03-29,508.1,509.0,518.0,506.3,517.0,516.5,512.21,24203789,12397477065.0,216794,8619929,35.61,0.0165321787049792,1.0,509.0,518.0,506.3,516.5,517.0,512.21,508.1,0.01653217870497925,False,False,False
SBIN,EQ,2023-03-31,516.5,520.65,524.9,519.35,523.0,523.75,522.06,17356345,9061133003.0,210617,6388153,36.81,0.0140367860600194,1.0,520.65,524.9,519.35,523.75,523.0,522.06,516.5,0.014036786060019457,False,False,False
SBIN,EQ,2023-04-03,523.75,524.75,528.5,522.1,525.6,526.75,525.94,14210949,7474113454.4,137769,2438251,17.16,0.005727923627685,1.0,524.75,528.5,522.1,526.75,525.6,525.94,523.75,0.005727923627685039,False,False,False
SBIN,EQ,2023-04-05,526.75,527.0,527.6,519.05,523.5,523.0,522.57,13574801,7093806223.3,174172,4634585,34.14,-0.0071191267204556,1.0,527.0,527.6,519.05,523.0,523.5,522.57,526.75,-0.007119126720455671,False,False,False
SBIN,EQ,2023-04-06,523.0,524.0,533.7,521.65,527.7,527.65,528.66,25125879,13282981142.75,232693,5759507,22.92,0.0088910133843211,1.0,524.0,533.7,521.65,527.65,527.7,528.66,523.0,0.00889101338432119,False,False,False
SBIN,EQ,2023-04-10,527.65,529.25,530.4,524.4,525.7,526.3,527.28,17335453,9140693489.7,138261,2861438,16.51,-0.0025585141665877,1.0,529.25,530.4,524.4,526.3,525.7,527.28,527.65,-0.0025585141665877,False,False,False
SBIN,EQ,2023-04-11,526.3,530.85,535.7,527.15,532.5,532.1,533.07,26414406,14080836565.45,176416,4516279,17.1,0.0110203306099183,1.0,530.85,535.7,527.15,532.1,532.5,533.07,526.3,0.01102033060991836,False,False,False
SBIN,EQ,2023-04-12,532.1,533.2,534.0,526.0,529.15,528.2,529.65,21292441,11277564811.0,170950,6208271,29.16,-0.0073294493516256,1.0,533.2,534.0,526.0,528.2,529.15,529.65,532.1,-0.007329449351625605,False,False,False
SBIN,EQ,2023-04-13,528.2,529.3,534.25,527.15,533.4,532.95,530.4,28597560,15168246670.05,168188,4576910,16.0,0.0089928057553956,1.0,529.3,534.25,527.15,532.95,533.4,530.4,528.2,0.008992805755395628,False,False,False
SBIN,EQ,2023-04-17,532.95,528.0,545.0,528.0,544.4,544.0,539.11,32476990,17508792556.85,229953,7832609,24.12,0.0207336523125996,1.0,528.0,545.0,528.0,544.0,544.4,539.11,532.95,0.020733652312599604,False,False,False
SBIN,EQ,2023-04-18,544.0,545.35,548.5,540.5,545.25,545.85,545.32,22283456,12151654395.5,218269,5857265,26.29,0.0034007352941176,1.0,545.35,548.5,540.5,545.85,545.25,545.32,544.0,0.0034007352941176627,False,False,False
SBIN,EQ,2023-04-19,545.85,544.0,547.5,538.25,539.4,540.3,543.32,21156372,11494763710.95,142208,2876163,13.59,-0.0101676284693598,1.0,544.0,547.5,538.25,540.3,539.4,543.32,545.85,-0.010167628469359813,False,False,False
SBIN,EQ,2023-04-20,540.3,541.2,545.45,536.65,544.35,544.8,541.56,25588577,13857634831.9,146793,3937602,15.39,0.008328706274292,1.0,541.2,545.45,536.65,544.8,544.35,541.56,540.3,0.008328706274292053,False,False,False
SBIN,EQ,2023-04-21,544.8,545.0,546.4,539.7,542.3,543.15,542.35,22599418,12256795887.05,188920,5038165,22.29,-0.0030286343612334,1.0,545.0,546.4,539.7,543.15,542.3,542.35,544.8,-0.003028634361233462,False,False,False
SBIN,EQ,2023-04-24,543.15,543.8,555.55,543.5,553.8,554.6,550.47,23335611,12845592513.85,210456,7618595,32.65,0.0210807327625885,1.0,543.8,555.55,543.5,554.6,553.8,550.47,543.15,0.021080732762588594,False,False,False
SBIN,EQ,2023-04-25,554.6,555.0,567.9,555.0,561.35,561.8,562.34,38142390,21448999021.65,250488,10487670,27.5,0.0129823296069238,1.0,555.0,567.9,555.0,561.8,561.35,562.34,554.6,0.012982329606923804,False,False,False
SBIN,EQ,2023-04-26,561.8,562.0,567.0,556.45,567.0,566.35,562.67,23143882,13022469078.5,195651,7644016,33.03,0.0080989676041296,1.0,562.0,567.0,556.45,566.35,567.0,562.67,561.8,0.008098967604129648,False,False,False
SBIN,EQ,2023-04-27,566.35,565.0,567.4,561.1,564.45,564.75,564.04,17845169,10065343831.2,213129,3716055,20.82,-0.0028251081486713,1.0,565.0,567.4,561.1,564.75,564.45,564.04,566.35,-0.002825108148671318,False,False,False
SBIN,EQ,2023-04-28,564.75,567.8,580.45,565.5,576.1,578.3,572.14,16183423,9259124491.9,172070,6323241,39.07,0.0239929172200088,1.0,567.8,580.45,565.5,578.3,576.1,572.14,564.75,0.023992917220008847,False,False,False
SBIN,EQ,2023-05-02,578.3,580.0,580.85,573.15,574.4,575.3,577.47,13667511,7892586303.3,272846,6820342,49.9,-0.0051876188829327,1.0,580.0,580.85,573.15,575.3,574.4,577.47,578.3,-0.005187618882932732,False,False,False
SBIN,EQ,2023-05-03,575.3,570.65,575.0,569.0,569.9,570.5,572.27,9699527,5550786227.05,151234,2988248,30.81,-0.0083434729706239,1.0,570.65,575.0,569.0,570.5,569.9,572.27,575.3,-0.008343472970623989,False,False,False
SBIN,EQ,2023-05-04,570.5,570.2,580.8,568.5,579.45,580.0,576.93,12533761,7231105959.65,155082,3912583,31.22,0.0166520595968449,1.0,570.2,580.8,568.5,580.0,579.45,576.93,570.5,0.016652059596844904,False,False,False
SBIN,EQ,2023-05-05,580.0,580.2,588.25,575.05,576.45,576.5,582.81,18163461,10585937155.0,182941,5272072,29.03,-0.0060344827586207,1.0,580.2,588.25,575.05,576.5,576.45,582.81,580.0,-0.0060344827586207295,False,False,False
SBIN,EQ,2023-05-08,576.5,577.65,587.6,577.35,584.6,583.6,582.04,12990869,7561157898.55,159186,3690834,28.41,0.0123156981786642,1.0,577.65,587.6,577.35,583.6,584.6,582.04,576.5,0.012315698178664292,False,False,False
SBIN,EQ,2023-05-09,583.6,585.0,586.45,572.1,573.7,573.5,576.83,18959065,10936167606.4,247801,7337137,38.7,-0.017306374228924,1.0,585.0,586.45,572.1,573.5,573.7,576.83,583.6,-0.017306374228924004,False,False,False
SBIN,EQ,2023-05-10,573.5,575.0,575.0,563.25,572.15,572.2,568.87,18561315,10559052709.1,223302,5454128,29.38,-0.0022667829119441,1.0,575.0,575.0,563.25,572.2,572.15,568.87,573.5,-0.002266782911944154,False,False,False
SBIN,EQ,2023-05-11,572.2,572.2,580.0,572.0,573.7,573.45,574.59,16016715,9203123584.55,183896,3139645,19.6,0.0021845508563438,1.0,572.2,580.0,572.0,573.45,573.7,574.59,572.2,0.0021845508563438365,False,False,False
SBIN,EQ,2023-05-12,573.45,574.7,580.75,571.55,578.1,578.15,576.81,11319335,6529101795.5,148890,2974058,26.27,0.0081960066265585,1.0,574.7,580.75,571.55,578.15,578.1,576.81,573.45,0.008196006626558505,False,False,False
SBIN,EQ,2023-05-15,578.15,578.75,584.0,574.65,582.05,581.9,581.35,11410243,6633367008.5,176477,4008677,35.13,0.0064862060019026,1.0,578.75,584.0,574.65,581.9,582.05,581.35,578.15,0.006486206001902639,False,False,False
SBIN,EQ,2023-05-16,581.9,584.0,590.4,582.0,585.95,586.3,586.03,22178229,12997134028.5,233142,5679408,25.61,0.0075614366729679,1.0,584.0,590.4,582.0,586.3,585.95,586.03,581.9,0.007561436672967936,False,False,False
SBIN,EQ,2023-05-17,586.3,586.0,590.5,579.5,587.2,586.3,584.82,23739774,13883395488.5,251054,5507063,23.2,0.0,1.0,586.0,590.5,579.5,586.3,587.2,584.82,586.3,0.0,False,False,False
SBIN,EQ,2023-05-18,586.3,590.3,593.9,571.4,576.35,574.2,583.0,45656620,26617635078.25,403645,9558160,20.93,-0.0206378986866789,1.0,590.3,593.9,571.4,574.2,576.35,583.0,586.3,-0.02063789868667898,False,False,False
SBIN,EQ,2023-05-19,574.2,579.0,586.25,569.9,575.65,575.15,576.07,42293962,24364273546.75,351340,14209037,33.6,0.0016544757924066,1.0,579.0,586.25,569.9,575.15,575.65,576.07,574.2,0.001654475792406629,False,False,False
SBIN,EQ,2023-05-22,575.15,577.5,580.3,573.45,576.55,577.15,577.12,21484049,12398869154.95,205172,5841775,27.19,0.0034773537338086,1.0,577.5,580.3,573.45,577.15,576.55,577.12,575.15,0.0034773537338086413,False,False,False
SBIN,EQ,2023-05-23,577.15,578.9,583.7,576.8,580.3,581.6,580.66,16120548,9360557915.4,154666,4260949,26.43,0.0077103006150913,1.0,578.9,583.7,576.8,581.6,580.3,580.66,577.15,0.00771030061509137,False,False,False
SBIN,EQ,2023-05-24,581.6,579.8,585.25,578.25,582.0,582.7,583.06,17616658,10271655251.5,158808,5394675,30.62,0.0018913342503439,1.0,579.8,585.25,578.25,582.7,582.0,583.06,581.6,0.0018913342503439345,False,False,False
SBIN,EQ,2023-05-25,582.7,582.0,582.9,577.0,580.7,581.25,580.06,16479436,9559118791.75,151117,6035545,36.62,-0.0024884159945084,1.0,582.0,582.9,577.0,581.25,580.7,580.06,582.7,-0.0024884159945084416,False,False,False
SBIN,EQ,2023-05-26,581.25,581.25,587.75,580.55,585.75,586.0,585.13,9788076,5727306518.3,117540,3614841,36.93,0.0081720430107525,1.0,581.25,587.75,580.55,586.0,585.75,585.13,581.25,0.008172043010752583,False,False,False
SBIN,EQ,2023-05-29,586.0,590.0,596.4,588.05,594.6,595.0,593.5,18432231,10939616927.3,323484,8670091,47.04,0.0153583617747439,1.0,590.0,596.4,588.05,595.0,594.6,593.5,586.0,0.015358361774743923,False,False,False
SBIN,EQ,2023-05-30,595.0,595.0,595.5,591.5,592.95,592.8,593.57,15031640,8922277742.6,156739,4892995,32.55,-0.0036974789915966,1.0,595.0,595.5,591.5,592.8,592.95,593.57,595.0,-0.00369747899159667,False,False,False
SBIN,EQ,2023-05-31,592.8,583.8,584.8,577.5,581.0,579.85,581.09,28797643,16733958686.45,209733,16050197,55.73,-0.021845479082321,1.0,583.8,584.8,577.5,579.85,581.0,581.09,592.8,-0.02184547908232104,False,False,False
SBIN,EQ,2023-06-01,579.85,581.8,586.4,581.0,583.05,582.75,584.03,17820226,10407510474.15,170662,6447653,36.18,0.0050012934379579,1.0,581.8,586.4,581.0,582.75,583.05,584.03,579.85,0.0050012934379579654,False,False,False
SBIN,EQ,2023-06-02,582.75,584.7,588.9,583.0,586.6,587.2,586.45,11323908,6640901519.45,157397,4019066,35.49,0.0076362076362077,1.0,584.7,588.9,583.0,587.2,586.6,586.45,582.75,0.007636207636207759,False,False,False
SBIN,EQ,2023-06-05,587.2,588.5,589.8,586.0,587.0,587.2,587.86,12920507,7595473740.25,143514,6913408,53.51,0.0,1.0,588.5,589.8,586.0,587.2,587.0,587.86,587.2,0.0,False,False,False
SBIN,EQ,2023-06-06,587.2,588.0,588.9,583.0,586.0,585.35,585.23,11199940,6554543425.95,140444,4430081,39.55,-0.0031505449591281,1.0,588.0,588.9,583.0,585.35,586.0,585.23,587.2,-0.003150544959128143,False,False,False
SBIN,EQ,2023-06-07,585.35,588.0,590.6,586.0,588.8,589.2,588.49,11113781,6540371617.5,170307,4372718,39.35,0.0065772614674981,1.0,588.0,590.6,586.0,589.2,588.8,588.49,585.35,0.006577261467498152,False,False,False
SBIN,EQ,2023-06-08,589.2,589.95,593.95,586.35,588.0,588.5,591.21,15971917,9442724430.85,140988,4590648,28.74,-0.0011880515953835,1.0,589.95,593.95,586.35,588.5,588.0,591.21,589.2,-0.001188051595383599,False,False,False
SBIN,EQ,2023-06-09,588.5,588.0,589.1,576.75,578.8,578.7,580.81,18870272,10960050604.8,253490,8773204,46.49,-0.0166525063721324,1.0,588.0,589.1,576.75,578.7,578.8,580.81,588.5,-0.016652506372132447,False,False,False
SBIN,EQ,2023-06-12,578.7,580.0,581.5,577.7,578.55,578.65,579.37,8786066,5090356083.85,129364,3644909,41.49,-8.640055296360583e-05,1.0,580.0,581.5,577.7,578.65,578.55,579.37,578.7,-8.640055296360583e-05,False,False,False
SBIN,EQ,2023-06-13,578.65,579.45,581.4,574.25,576.35,576.4,576.44,12612098,7270079551.55,198530,4638747,36.78,-0.0038883608398859,1.0,579.45,581.4,574.25,576.4,576.35,576.44,578.65,-0.0038883608398859737,False,False,False
SBIN,EQ,2023-06-14,576.4,577.0,578.55,575.25,576.35,576.55,576.96,8948696,5163047228.7,122388,2357142,26.34,0.0002602359472587,1.0,577.0,578.55,575.25,576.55,576.35,576.96,576.4,0.000260235947258769,False,False,False
SBIN,EQ,2023-06-15,576.55,576.0,576.7,565.25,566.75,566.5,571.49,17934877,10249589135.9,232221,6302464,35.14,-0.0174312722227039,1.0,576.0,576.7,565.25,566.5,566.75,571.49,576.55,-0.01743127222270391,False,False,False
SBIN,EQ,2023-06-16,566.5,568.75,574.7,567.05,570.0,571.25,570.69,12660226,7225083719.5,178755,7274348,57.46,0.0083848190644306,1.0,568.75,574.7,567.05,571.25,570.0,570.69,566.5,0.00838481906443067,False,False,False
SBIN,EQ,2023-06-19,571.25,571.25,572.75,565.9,569.2,568.85,568.29,17903691,10174491934.45,213062,7136026,39.86,-0.0042013129102844,1.0,571.25,572.75,565.9,568.85,569.2,568.29,571.25,-0.0042013129102844715,False,False,False
SBIN,EQ,2023-06-20,568.85,568.85,569.45,562.55,568.0,567.4,565.75,14549152,8231166324.45,216416,5173041,35.56,-0.0025490023732092,1.0,568.85,569.45,562.55,567.4,568.0,565.75,568.85,-0.002549002373209208,False,False,False
SBIN,EQ,2023-06-21,567.4,567.4,569.5,565.65,566.3,566.35,567.46,14946871,8481784144.45,219147,8298303,55.52,-0.0018505463517799,1.0,567.4,569.5,565.65,566.35,566.3,567.46,567.4,-0.001850546351779947,False,False,False
SBIN,EQ,2023-06-22,566.35,566.35,569.0,561.05,562.9,562.95,564.62,14979063,8457457302.25,199200,5317404,35.5,-0.0060033548159265,1.0,566.35,569.0,561.05,562.95,562.9,564.62,566.35,-0.006003354815926509,False,False,False
SBIN,EQ,2023-06-23,562.95,562.0,562.1,553.8,555.45,554.6,556.89,12215712,6802803838.55,218058,6183151,50.62,-0.0148325783817391,1.0,562.0,562.1,553.8,554.6,555.45,556.89,562.95,-0.014832578381739125,False,False,False
SBIN,EQ,2023-06-26,554.6,556.0,558.5,554.5,557.35,557.05,556.75,8360264,4654618050.3,164198,4103221,49.08,0.0044175982690226,1.0,556.0,558.5,554.5,557.05,557.35,556.75,554.6,0.00441759826902266,False,False,False
SBIN,EQ,2023-06-27,557.05,558.25,567.95,555.65,567.3,566.1,560.63,10694768,5995785528.2,211284,4662341,43.59,0.0162462974598331,1.0,558.25,567.95,555.65,566.1,567.3,560.63,557.05,0.016246297459833192,False,False,False
SBIN,EQ,2023-06-28,566.1,572.25,574.0,568.55,571.0,569.8,571.17,18028934,10297658917.65,243601,7386647,40.97,0.0065359477124182,1.0,572.25,574.0,568.55,569.8,571.0,571.17,566.1,0.006535947712418277,False,False,False
SBIN,EQ,2023-06-30,569.8,574.0,574.0,570.2,572.35,572.85,572.3,8718232,4989442645.4,155913,4334652,49.72,0.0053527553527554,1.0,574.0,574.0,570.2,572.85,572.35,572.3,569.8,0.005352755352755478,False,False,False
SBIN,EQ,2023-07-03,572.85,574.5,586.35,573.9,585.4,585.45,581.26,15421985,8964144325.9,211446,6459497,41.88,0.0219952867242734,1.0,574.5,586.35,573.9,585.45,585.4,581.26,572.85,0.021995286724273422,False,False,False
SBIN,EQ,2023-07-04,585.45,588.2,595.95,582.25,588.9,589.25,590.37,24799250,14640854129.2,350400,7827869,31.56,0.0064907336237081,1.0,588.2,595.95,582.25,589.25,588.9,590.37,585.45,0.0064907336237081115,False,False,False
SBIN,EQ,2023-07-05,589.25,589.8,593.7,588.2,591.25,590.6,590.5,13598114,8029706202.95,271617,5577248,41.01,0.0022910479422995,1.0,589.8,593.7,588.2,590.6,591.25,590.5,589.25,0.0022910479422995067,False,False,False
SBIN,EQ,2023-07-06,590.6,590.4,593.5,589.1,592.25,592.5,591.75,11323509,6700679504.1,188528,4194399,37.04,0.0032170673890958,1.0,590.4,593.5,589.1,592.5,592.25,591.75,590.6,0.0032170673890958845,False,False,False
SBIN,EQ,2023-07-07,592.5,590.0,595.5,585.5,592.5,593.6,590.44,11707209,6912413770.85,220036,5138043,43.89,0.0018565400843881,1.0,590.0,595.5,585.5,593.6,592.5,590.44,592.5,0.0018565400843881807,False,False,False
SBIN,EQ,2023-07-10,593.6,594.65,599.8,590.25,591.6,592.6,595.13,11417363,6794859601.0,175959,3405853,29.83,-0.0016846361185983,1.0,594.65,599.8,590.25,592.6,591.6,595.13,593.6,-0.0016846361185983705,False,False,False
SBIN,EQ,2023-07-11,592.6,595.0,595.95,587.35,589.35,588.55,591.37,13221177,7818663062.75,224137,4809659,36.38,-0.0068342895713804,1.0,595.0,595.95,587.35,588.55,589.35,591.37,592.6,-0.006834289571380436,False,False,False
SBIN,EQ,2023-07-12,588.55,589.0,594.5,588.2,589.6,589.25,590.82,16029716,9470654030.5,227576,8352944,52.11,0.0011893636904256,1.0,589.0,594.5,588.2,589.25,589.6,590.82,588.55,0.00118936369042566,False,False,False
SBIN,EQ,2023-07-13,589.25,594.9,598.0,583.35,586.0,585.65,591.82,20024503,11850804940.95,292405,6273309,31.33,-0.0061094611794654,1.0,594.9,598.0,583.35,585.65,586.0,591.82,589.25,-0.006109461179465425,False,False,False
SBIN,EQ,2023-07-14,585.65,586.75,591.3,580.7,584.85,584.4,584.92,12190152,7130226704.3,191652,5866794,48.13,-0.002134380602749,1.0,586.75,591.3,580.7,584.4,584.85,584.92,585.65,-0.002134380602749064,False,False,False
SBIN,EQ,2023-07-17,584.4,587.0,602.85,584.2,602.0,601.1,594.72,19378986,11525151182.85,255411,8699928,44.89,0.0285763175906914,1.0,587.0,602.85,584.2,601.1,602.0,594.72,584.4,0.028576317590691458,False,False,False
SBIN,EQ,2023-07-18,601.1,603.05,604.05,588.75,592.5,592.35,597.04,25757209,15378020448.05,356474,6882008,26.72,-0.0145566461487273,1.0,603.05,604.05,588.75,592.35,592.5,597.04,601.1,-0.014556646148727315,False,False,False
SBIN,EQ,2023-07-19,592.35,594.65,602.4,592.0,600.85,601.45,598.2,17556585,10502435041.0,229380,5115653,29.14,0.0153625390394191,1.0,594.65,602.4,592.0,601.45,600.85,598.2,592.35,0.015362539039419199,False,False,False
SBIN,EQ,2023-07-20,601.45,601.4,610.8,598.75,610.0,610.05,607.09,34038351,20664179322.85,418329,16350741,48.04,0.0142987779532794,1.0,601.4,610.8,598.75,610.05,610.0,607.09,601.45,0.014298777953279496,False,False,False
SBIN,EQ,2023-07-21,610.05,610.0,619.5,609.0,615.35,615.1,616.02,21040281,12961208006.4,278392,8054181,38.28,0.0082780099991806,1.0,610.0,619.5,609.0,615.1,615.35,616.02,610.05,0.008278009999180602,False,False,False
SBIN,EQ,2023-07-24,615.1,615.05,621.9,614.3,617.9,617.65,618.22,11756364,7268033560.6,202347,3294221,28.02,0.004145667371159,1.0,615.05,621.9,614.3,617.65,617.9,618.22,615.1,0.0041456673711590675,False,False,False
SBIN,EQ,2023-07-25,617.65,621.8,621.8,604.2,609.9,609.6,610.43,18503305,11294899424.1,282970,4191258,22.65,-0.0130332712701367,1.0,621.8,621.8,604.2,609.6,609.9,610.43,617.65,-0.01303327127013676,False,False,False
SBIN,EQ,2023-07-26,609.6,612.0,616.35,609.15,614.4,615.15,613.49,9999125,6134401476.75,172572,3039203,30.39,0.0091043307086613,1.0,612.0,616.35,609.15,615.15,614.4,613.49,609.6,0.009104330708661346,False,False,False
SBIN,EQ,2023-07-27,615.15,616.4,621.25,613.1,617.0,616.55,616.65,17444742,10757320781.55,226610,5774328,33.1,0.0022758676745509,1.0,616.4,621.25,613.1,616.55,617.0,616.65,615.15,0.002275867674550902,False,False,False
SBIN,EQ,2023-07-28,616.55,616.4,619.9,613.6,616.0,616.05,616.59,11930586,7356236982.1,161432,4824810,40.44,-0.0008109642364771,1.0,616.4,619.9,613.6,616.05,616.0,616.59,616.55,-0.0008109642364771963,False,False,False
SBIN,EQ,2023-07-31,616.05,616.65,621.0,614.5,619.0,620.2,618.92,8605483,5326128162.15,124305,3768229,43.79,0.0067364661959257,1.0,616.65,621.0,614.5,620.2,619.0,618.92,616.05,0.006736466195925717,False,False,False
SBIN,EQ,2023-08-01,620.2,620.2,620.85,610.6,612.4,611.85,614.09,13493453,8286225481.95,199918,4468411,33.12,-0.0134633989035795,1.0,620.2,620.85,610.6,611.85,612.4,614.09,620.2,-0.013463398903579504,False,False,False
SBIN,EQ,2023-08-02,611.85,609.85,610.5,594.1,598.8,598.45,601.63,14977497,9010947970.4,273820,5349044,35.71,-0.0219007926779438,1.0,609.85,610.5,594.1,598.45,598.8,601.63,611.85,-0.02190079267794387,False,False,False
SBIN,EQ,2023-08-03,598.45,598.7,600.85,585.0,591.25,590.5,590.78,27774877,16408864220.8,320867,7688103,27.68,-0.0132843178210377,1.0,598.7,600.85,585.0,590.5,591.25,590.78,598.45,-0.013284317821037783,False,False,False
SBIN,EQ,2023-08-04,590.5,594.8,598.7,571.4,573.2,573.3,582.94,52725616,30735973949.65,568761,19887839,37.72,-0.0291278577476715,1.0,594.8,598.7,571.4,573.3,573.2,582.94,590.5,-0.02912785774767157,False,False,False
SBIN,EQ,2023-08-07,573.3,577.0,577.0,566.65,568.35,567.9,569.52,32736325,18643967967.55,424649,14228827,43.46,-0.009419152276295,1.0,577.0,577.0,566.65,567.9,568.35,569.52,573.3,-0.009419152276295084,False,False,False
SBIN,EQ,2023-08-08,567.9,571.0,574.25,568.45,573.7,573.1,571.54,25038671,14310553091.45,353947,10867206,43.4,0.0091565416446557,1.0,571.0,574.25,568.45,573.1,573.7,571.54,567.9,0.009156541644655736,False,False,False
SBIN,EQ,2023-08-09,573.1,575.0,575.0,568.35,573.65,573.75,571.15,15769111,9006504554.1,247711,7073585,44.86,0.0011341825161401,1.0,575.0,575.0,568.35,573.75,573.65,571.15,573.1,0.0011341825161401697,False,False,False
SBIN,EQ,2023-08-10,573.75,573.75,577.6,570.1,574.0,573.65,573.33,27325801,15666566522.25,421225,9800370,35.86,-0.0001742919389978,1.0,573.75,577.6,570.1,573.65,574.0,573.33,573.75,-0.00017429193899787254,False,False,False
SBIN,EQ,2023-08-11,573.65,575.45,579.0,572.0,574.5,574.15,575.36,18221179,10483783178.0,263372,8060217,44.24,0.0008716116098665,1.0,575.45,579.0,572.0,574.15,574.5,575.36,573.65,0.000871611609866596,False,False,False
SBIN,EQ,2023-08-14,574.15,572.95,573.0,558.6,561.0,560.8,561.45,28084093,15767694753.0,478707,13809180,49.17,-0.0232517634764435,1.0,572.95,573.0,558.6,560.8,561.0,561.45,574.15,-0.023251763476443532,False,False,False
SBIN,EQ,2023-08-16,560.8,558.8,566.4,554.0,565.05,565.35,563.54,15725767,8862034153.75,190829,5994932,38.12,0.0081134094151213,1.0,558.8,566.4,554.0,565.35,565.05,563.54,560.8,0.008113409415121398,False,False,False
SBIN,EQ,2023-08-17,565.35,565.75,573.15,564.0,571.75,572.15,568.81,27910162,15875489835.2,338178,12719935,45.57,0.0120279472892896,1.0,565.75,573.15,564.0,572.15,571.75,568.81,565.35,0.012027947289289687,False,False,False
SBIN,EQ,2023-08-18,572.15,570.0,575.25,567.4,571.15,572.95,571.79,18253227,10437030633.7,296911,8582405,47.02,0.0013982347286551,1.0,570.0,575.25,567.4,572.95,571.15,571.79,572.15,0.00139823472865519,False,False,False
SBIN,EQ,2023-08-21,572.95,572.95,575.55,570.75,571.3,571.7,572.74,9380810,5372733325.4,154325,2689028,28.67,-0.0021816912470546,1.0,572.95,575.55,570.75,571.7,571.3,572.74,572.95,-0.0021816912470546956,False,False,False
SBIN,EQ,2023-08-22,571.7,572.5,574.45,567.5,568.2,568.5,570.63,14073413,8030760756.35,194890,4698558,33.39,-0.0055973412629002,1.0,572.5,574.45,567.5,568.5,568.2,570.63,571.7,-0.005597341262900235,False,False,False
SBIN,EQ,2023-08-23,568.5,571.0,577.95,566.0,576.3,576.9,572.66,18579297,10639620981.45,260827,7487329,40.3,0.0147757255936675,1.0,571.0,577.95,566.0,576.9,576.3,572.66,568.5,0.014775725593667577,False,False,False
SBIN,EQ,2023-08-24,576.9,578.15,582.0,575.55,577.0,576.95,578.0,24131644,13948078521.65,321952,7910389,32.78,8.667013347207764e-05,1.0,578.15,582.0,575.55,576.95,577.0,578.0,576.9,8.667013347207764e-05,False,False,False
SBIN,EQ,2023-08-25,576.95,573.8,575.3,567.2,569.7,569.95,571.2,12271885,7009692537.0,198589,3434185,27.98,-0.0121327671375335,1.0,573.8,575.3,567.2,569.95,569.7,571.2,576.95,-0.012132767137533529,False,False,False
SBIN,EQ,2023-08-28,569.95,572.8,574.8,569.2,573.1,572.85,571.84,9711932,5553705392.9,181649,2807235,28.91,0.0050881656285639,1.0,572.8,574.8,569.2,572.85,573.1,571.84,569.95,0.0050881656285639565,False,False,False
SBIN,EQ,2023-08-29,572.85,573.65,576.3,571.85,575.25,574.85,574.01,13144855,7545323890.4,232951,4270158,32.49,0.0034913153530593,1.0,573.65,576.3,571.85,574.85,575.25,574.01,572.85,0.0034913153530593544,False,False,False
SBIN,EQ,2023-08-30,574.85,576.7,577.7,566.1,567.5,567.4,571.91,15281416,8739616795.9,245036,6748751,44.16,-0.0129599025832827,1.0,576.7,577.7,566.1,567.4,567.5,571.91,574.85,-0.012959902583282723,False,False,False
SBIN,EQ,2023-08-31,567.4,569.3,570.3,559.4,562.15,561.35,564.43,27898476,15746686711.25,326854,10448308,37.45,-0.0106626718364468,1.0,569.3,570.3,559.4,561.35,562.15,564.43,567.4,-0.010662671836446869,False,False,False
SBIN,EQ,2023-09-01,561.35,562.7,571.2,562.1,569.5,569.55,567.55,18121168,10284701912.55,260408,7828067,43.2,0.0146076422909058,1.0,562.7,571.2,562.1,569.55,569.5,567.55,561.35,0.014607642290905831,False,False,False
SBIN,EQ,2023-09-04,569.55,572.0,576.35,568.45,575.6,575.55,572.87,12108655,6936698350.4,195524,4850266,40.06,0.010534632604688,1.0,572.0,576.35,568.45,575.55,575.6,572.87,569.55,0.01053463260468801,False,False,False
SBIN,EQ,2023-09-05,575.55,575.6,578.25,571.35,572.95,573.0,574.05,14444729,8292019922.2,247672,3489469,24.16,-0.0044305446963772,1.0,575.6,578.25,571.35,573.0,572.95,574.05,575.55,-0.00443054469637727,False,False,False
SBIN,EQ,2023-09-06,573.0,574.25,574.25,568.0,570.95,570.5,570.55,20609936,11759100652.1,337013,5686645,27.59,-0.0043630017452006,1.0,574.25,574.25,568.0,570.5,570.95,570.55,573.0,-0.004363001745200656,False,False,False
SBIN,EQ,2023-09-07,570.5,568.0,581.0,568.0,580.6,579.05,575.6,12390597,7132078107.95,180550,4828758,38.97,0.0149868536371602,1.0,568.0,581.0,568.0,579.05,580.6,575.6,570.5,0.014986853637160236,False,False,False
SBIN,EQ,2023-09-08,579.05,581.0,588.5,579.7,583.4,583.45,584.57,14032068,8202779359.95,205241,5866967,41.81,0.0075986529660652,1.0,581.0,588.5,579.7,583.45,583.4,584.57,579.05,0.007598652966065211,False,False,False
SBIN,EQ,2023-09-11,583.45,587.0,592.3,585.35,591.25,591.7,590.12,10946134,6459550843.3,271751,5229717,47.78,0.0141400291370297,1.0,587.0,592.3,585.35,591.7,591.25,590.12,583.45,0.01414002913702972,False,False,False
SBIN,EQ,2023-09-12,591.7,593.65,594.25,584.65,587.6,588.35,588.44,16093060,9469853287.9,254109,6092579,37.86,-0.0056616528646273,1.0,593.65,594.25,584.65,588.35,587.6,588.44,591.7,-0.005661652864627387,False,False,False
SBIN,EQ,2023-09-13,588.35,588.4,598.0,583.45,596.35,596.45,592.24,19377172,11475963581.8,279643,5923422,30.57,0.0137673153735022,1.0,588.4,598.0,583.45,596.45,596.35,592.24,588.35,0.013767315373502287,False,False,False
SBIN,EQ,2023-09-14,596.45,598.45,603.7,595.2,596.6,597.3,598.77,13178911,7891138917.75,260528,5030891,38.17,0.001425098499455,1.0,598.45,603.7,595.2,597.3,596.6,598.77,596.45,0.0014250984994550464,False,False,False
SBIN,EQ,2023-09-15,597.3,599.35,600.7,595.2,598.05,598.8,598.23,11756389,7033062065.15,182595,5551889,47.22,0.0025113008538422,1.0,599.35,600.7,595.2,598.8,598.05,598.23,597.3,0.0025113008538422132,False,False,False
SBIN,EQ,2023-09-18,598.8,598.8,608.4,597.05,603.0,603.95,605.18,19305055,11683085228.8,336027,6299800,32.63,0.0086005344021378,1.0,598.8,608.4,597.05,603.95,603.0,605.18,598.8,0.008600534402137816,False,False,False
SBIN,EQ,2023-09-20,603.95,600.85,606.8,599.4,601.0,601.1,602.78,21314600,12848060287.55,351772,8003748,37.55,-0.0047189336865635,1.0,600.85,606.8,599.4,601.1,601.0,602.78,603.95,-0.004718933686563509,False,False,False
SBIN,EQ,2023-09-21,601.1,600.0,606.6,584.65,587.9,588.15,593.29,23453425,13914625160.45,425490,8308765,35.43,-0.0215438363001165,1.0,600.0,606.6,584.65,588.15,587.9,593.29,601.1,-0.02154383630011658,False,False,False
SBIN,EQ,2023-09-22,588.15,593.5,602.0,591.4,598.7,598.15,598.12,18784139,11235213845.05,295166,6536792,34.8,0.0170024653574767,1.0,593.5,602.0,591.4,598.15,598.7,598.12,588.15,0.017002465357476737,False,False,False
SBIN,EQ,2023-09-25,598.15,601.5,601.5,590.45,593.95,594.05,594.79,9712784,5777109828.2,262285,3497893,36.01,-0.0068544679428237,1.0,601.5,601.5,590.45,594.05,593.95,594.79,598.15,-0.006854467942823739,False,False,False
SBIN,EQ,2023-09-26,594.05,594.0,595.0,591.25,594.45,594.4,593.8,8327427,4944809375.45,185873,2888462,34.69,0.0005891759952867,1.0,594.0,595.0,591.25,594.4,594.45,593.8,594.05,0.0005891759952867393,False,False,False
SBIN,EQ,2023-09-27,594.4,593.45,594.3,588.2,590.0,589.75,590.74,9865347,5827826886.25,232626,5284601,53.57,-0.0078230148048451,1.0,593.45,594.3,588.2,589.75,590.0,590.74,594.4,-0.007823014804845152,False,False,False
SBIN,EQ,2023-09-28,589.75,591.25,595.2,588.85,590.5,589.95,591.37,21960816,12986961371.85,287488,9746149,44.38,0.0003391267486223,1.0,591.25,595.2,588.85,589.95,590.5,591.37,589.75,0.0003391267486223537,False,False,False
SBIN,EQ,2023-09-29,589.95,592.85,600.0,591.3,598.3,598.55,597.22,12189735,7279947317.4,224164,4867517,39.93,0.0145775065683531,1.0,592.85,600.0,591.3,598.55,598.3,597.22,589.95,0.014577506568353105,False,False,False
SBIN,EQ,2023-10-03,598.55,596.6,604.9,589.6,603.1,602.95,597.63,15322196,9156985818.05,245784,8312801,54.25,0.0073510984880127,1.0,596.6,604.9,589.6,602.95,603.1,597.63,598.55,0.007351098488012742,False,False,False
SBIN,EQ,2023-10-04,602.95,600.0,600.45,584.45,585.2,586.25,590.41,24914612,14709773963.6,308578,12145737,48.75,-0.0276971556513807,1.0,600.0,600.45,584.45,586.25,585.2,590.41,602.95,-0.027697155651380756,False,False,False
SBIN,EQ,2023-10-05,586.25,590.0,594.35,587.1,592.0,592.15,591.18,13248028,7832000311.45,209600,5218527,39.39,0.0100639658848613,1.0,590.0,594.35,587.1,592.15,592.0,591.18,586.25,0.010063965884861359,False,False,False
SBIN,EQ,2023-10-06,592.15,593.4,598.95,592.2,594.0,594.25,595.04,8216780,4889295417.95,187684,2438547,29.68,0.0035463987165413,1.0,593.4,598.95,592.2,594.25,594.0,595.04,592.15,0.003546398716541388,False,False,False
SBIN,EQ,2023-10-09,594.25,588.0,589.0,581.55,584.55,585.1,584.53,9189597,5371608921.2,235554,3891031,42.34,-0.0153975599495161,1.0,588.0,589.0,581.55,585.1,584.55,584.53,594.25,-0.015397559949516193,False,False,False
SBIN,EQ,2023-10-10,585.1,587.0,595.0,585.75,591.2,591.65,590.68,10373508,6127406833.2,250192,3731487,35.97,0.0111946675781917,1.0,587.0,595.0,585.75,591.65,591.2,590.68,585.1,0.011194667578191764,False,False,False
SBIN,EQ,2023-10-11,591.65,596.9,597.0,587.6,588.9,588.35,591.39,14220119,8409571970.95,209131,7181314,50.5,-0.0055776219048423,1.0,596.9,597.0,587.6,588.35,588.9,591.39,591.65,-0.005577621904842345,False,False,False
SBIN,EQ,2023-10-12,588.35,590.8,593.0,585.0,585.6,586.05,588.33,11983797,7050377951.75,171954,7022541,58.6,-0.0039092376986489,1.0,590.8,593.0,585.0,586.05,585.6,588.33,588.35,-0.003909237698648926,False,False,False
SBIN,EQ,2023-10-13,586.05,577.75,581.3,574.8,576.2,576.15,577.07,19064577,11001625403.05,465129,10307019,54.06,-0.0168927565907345,1.0,577.75,581.3,574.8,576.15,576.2,577.07,586.05,-0.016892756590734526,False,False,False
SBIN,EQ,2023-10-16,576.15,576.0,578.75,571.5,575.5,575.65,576.02,11290293,6503388837.6,485503,6332284,56.09,-0.0008678295582748,1.0,576.0,578.75,571.5,575.65,575.5,576.02,576.15,-0.0008678295582748019,False,False,False
SBIN,EQ,2023-10-17,575.65,577.7,579.95,575.3,576.7,576.45,577.46,10765224,6216466935.7,269728,5859053,54.43,0.0013897333449146,1.0,577.7,579.95,575.3,576.45,576.7,577.46,575.65,0.0013897333449146565,False,False,False
SBIN,EQ,2023-10-18,576.45,577.75,579.25,569.35,572.75,572.65,573.26,11777454,6751531244.1,270057,5608793,47.62,-0.0065920721658427,1.0,577.75,579.25,569.35,572.65,572.75,573.26,576.45,-0.006592072165842788,False,False,False
SBIN,EQ,2023-10-19,572.65,569.8,574.0,567.0,571.3,571.2,570.92,11441499,6532150778.6,239777,5051411,44.15,-0.002532087662621,1.0,569.8,574.0,567.0,571.2,571.3,570.92,572.65,-0.00253208766262103,False,False,False
SBIN,EQ,2023-10-20,571.2,569.9,570.0,562.1,562.8,563.1,565.15,11110988,6279375187.5,282726,5578493,50.21,-0.0141806722689076,1.0,569.9,570.0,562.1,563.1,562.8,565.15,571.2,-0.014180672268907624,False,False,False
SBIN,EQ,2023-10-23,563.1,563.1,566.0,551.0,552.4,552.95,559.35,11875035,6642319960.75,263251,4962537,41.79,-0.0180252175457289,1.0,563.1,566.0,551.0,552.95,552.4,559.35,563.1,-0.018025217545728944,False,False,False
SBIN,EQ,2023-10-25,552.95,558.6,560.8,553.6,556.6,556.2,557.67,12134624,6767161161.25,262171,6042264,49.79,0.0058775657835248,1.0,558.6,560.8,553.6,556.2,556.6,557.67,552.95,0.00587756578352483,False,False,False
SBIN,EQ,2023-10-26,556.2,551.45,552.9,543.2,547.0,547.0,547.27,19424825,10630651336.6,317445,8700995,44.79,-0.0165408126573175,1.0,551.45,552.9,543.2,547.0,547.0,547.27,556.2,-0.01654081265731755,False,False,False
SBIN,EQ,2023-10-27,547.0,550.0,562.5,550.0,561.7,561.15,558.49,10415296,5816877868.95,210599,3890100,37.35,0.0258683729433271,1.0,550.0,562.5,550.0,561.15,561.7,558.49,547.0,0.02586837294332711,False,False,False
SBIN,EQ,2023-10-30,561.15,563.0,566.7,556.5,566.2,565.2,562.29,8593704,4832188898.35,191150,3958500,46.06,0.0072173215717723,1.0,563.0,566.7,556.5,565.2,566.2,562.29,561.15,0.0072173215717723505,False,False,False
SBIN,EQ,2023-10-31,565.2,567.0,569.5,563.15,565.95,565.55,566.37,13039696,7385312631.25,236664,3714133,28.48,0.0006192498230712,1.0,567.0,569.5,563.15,565.55,565.95,566.37,565.2,0.0006192498230712662,False,False,False
SBIN,EQ,2023-11-01,565.55,566.25,569.65,563.85,567.3,566.4,567.16,13575575,7699515897.65,240220,3388690,24.96,0.001502961718681,1.0,566.25,569.65,563.85,566.4,567.3,567.16,565.55,0.0015029617186810285,False,False,False
SBIN,EQ,2023-11-02,566.4,571.1,575.45,567.6,572.0,572.1,571.18,11148516,6367849377.0,212716,3440074,30.86,0.0100635593220339,1.0,571.1,575.45,567.6,572.1,572.0,571.18,566.4,0.010063559322033955,False,False,False
SBIN,EQ,2023-11-03,572.1,576.0,579.5,573.45,579.15,578.15,577.35,11371371,6565279355.45,205720,6589318,57.95,0.0105750742877117,1.0,576.0,579.5,573.45,578.15,579.15,577.35,572.1,0.010575074287711761,False,False,False
SBIN,EQ,2023-11-06,578.15,582.0,582.5,573.25,573.95,574.35,575.7,16499138,9498482029.95,330138,8523583,51.66,-0.0065726887485946,1.0,582.0,582.5,573.25,574.35,573.95,575.7,578.15,-0.006572688748594624,False,False,False
SBIN,EQ,2023-11-07,574.35,574.8,581.2,572.6,580.35,579.75,577.36,17923281,10348172706.1,466280,6244715,34.84,0.0094019326194827,1.0,574.8,581.2,572.6,579.75,580.35,577.36,574.35,0.009401932619482745,False,False,False
SBIN,EQ,2023-11-08,579.75,581.9,582.6,579.0,580.4,580.3,580.52,15434808,8960148835.65,391419,5169837,33.49,0.0009486847779214,1.0,581.9,582.6,579.0,580.3,580.4,580.52,579.75,0.0009486847779214269,False,False,False
SBIN,EQ,2023-11-09,580.3,581.0,581.85,576.5,577.6,578.35,578.27,12434363,7190409015.15,167584,6402370,51.49,-0.0033603308633464,1.0,581.0,581.85,576.5,578.35,577.6,578.27,580.3,-0.003360330863346417,False,False,False
SBIN,EQ,2023-11-10,578.35,577.8,581.0,575.4,580.25,579.5,578.7,6773038,3919567928.9,119792,2840557,41.94,0.0019884153194431,1.0,577.8,581.0,575.4,579.5,580.25,578.7,578.35,0.0019884153194431597,False,False,False
SBIN,EQ,2023-11-12,579.5,584.75,584.75,580.1,580.85,581.3,581.85,1947722,1133273076.55,53935,1009020,51.81,0.0031061259706643,1.0,584.75,584.75,580.1,581.3,580.85,581.85,579.5,0.0031061259706643973,False,False,False
SBIN,EQ,2023-11-13,581.3,581.0,582.5,575.2,581.3,581.35,578.71,11282362,6529178380.05,177978,5161793,45.75,8.601410631348116e-05,1.0,581.0,582.5,575.2,581.35,581.3,578.71,581.3,8.601410631348116e-05,False,False,False
SBIN,EQ,2023-11-15,581.35,587.25,588.0,582.6,584.0,584.7,584.93,11397676,6666856921.25,221182,4665661,40.94,0.0057624494710588,1.0,587.25,588.0,582.6,584.7,584.0,584.93,581.35,0.005762449471058861,False,False,False
SBIN,EQ,2023-11-16,584.7,584.7,588.0,582.9,584.1,584.65,585.4,8622660,5047671165.75,179964,4086521,47.39,-8.551393877209712e-05,1.0,584.7,588.0,582.9,584.65,584.1,585.4,584.7,-8.551393877209712e-05,False,False,False
SBIN,EQ,2023-11-17,584.65,574.5,574.5,562.1,562.9,563.05,566.16,37173221,21045979976.3,682644,23418513,63.0,-0.0369451808774481,1.0,574.5,574.5,562.1,563.05,562.9,566.16,584.65,-0.036945180877448136,False,False,False
SBIN,EQ,2023-11-20,563.05,564.0,566.8,560.6,563.5,563.75,564.68,12714585,7179613743.45,264832,7596353,59.75,0.0012432288429091,1.0,564.0,566.8,560.6,563.75,563.5,564.68,563.05,0.001243228842909172,False,False,False
SBIN,EQ,2023-11-21,563.75,566.0,566.65,561.0,561.4,561.5,563.11,14280013,8041232058.75,223495,9209902,64.5,-0.0039911308203991,1.0,566.0,566.65,561.0,561.5,561.4,563.11,563.75,-0.003991130820399147,False,False,False
SBIN,EQ,2023-11-22,561.5,562.95,564.5,555.15,559.5,558.95,559.0,14909071,8334245035.5,247815,7609977,51.04,-0.0045414069456811,1.0,562.95,564.5,555.15,558.95,559.5,559.0,561.5,-0.00454140694568117,False,False,False
SBIN,EQ,2023-11-23,558.95,561.75,563.5,558.3,560.5,559.95,560.72,6376210,3575282774.35,198344,2254110,35.35,0.0017890687896948,1.0,561.75,563.5,558.3,559.95,560.5,560.72,558.95,0.0017890687896948698,False,False,False
SBIN,EQ,2023-11-24,559.95,561.95,562.45,559.25,560.7,560.35,560.63,6529851,3660804948.55,155259,3323702,50.9,0.0007143494954906,1.0,561.95,562.45,559.25,560.35,560.7,560.63,559.95,0.0007143494954906515,False,False,False
SBIN,EQ,2023-11-28,560.35,563.6,565.2,561.1,564.8,564.45,563.42,8153314,4593727819.7,186090,4067321,49.89,0.0073168555367182,1.0,563.6,565.2,561.1,564.45,564.8,563.42,560.35,0.007316855536718236,False,False,False
SBIN,EQ,2023-11-29,564.45,568.0,569.0,565.1,568.35,568.6,567.58,10299034,5845506569.15,206929,6381892,61.97,0.0073522898396669,1.0,568.0,569.0,565.1,568.6,568.35,567.58,564.45,0.007352289839666959,False,False,False
SBIN,EQ,2023-11-30,568.6,569.75,570.2,563.65,565.15,564.75,566.22,19758998,11187929536.5,314822,10808653,54.7,-0.0067710165318326,1.0,569.75,570.2,563.65,564.75,565.15,566.22,568.6,-0.006771016531832652,False,False,False
SBIN,EQ,2023-12-01,564.75,567.0,574.2,566.55,571.85,571.75,571.83,10614230,6069542121.05,189868,5320016,50.12,0.0123948649845064,1.0,567.0,574.2,566.55,571.75,571.85,571.83,564.75,0.012394864984506482,False,False,False
SBIN,EQ,2023-12-04,571.75,588.0,596.0,584.55,595.9,594.7,590.28,26077882,15393175008.05,386859,13863658,53.16,0.0401399212942721,1.0,588.0,596.0,584.55,594.7,595.9,590.28,571.75,0.04013992129427213,False,False,False
SBIN,EQ,2023-12-05,594.7,595.05,611.3,595.05,608.25,608.25,606.37,36430152,22090196336.45,432396,14588724,40.05,0.0227845972759372,1.0,595.05,611.3,595.05,608.25,608.25,606.37,594.7,0.02278459727593729,False,False,False
SBIN,EQ,2023-12-06,608.25,614.0,614.0,604.55,607.7,608.45,609.96,21439069,13076949822.2,273409,9232102,43.06,0.0003288121660502,1.0,614.0,614.0,604.55,608.45,607.7,609.96,608.25,0.0003288121660502963,False,False,False
SBIN,EQ,2023-12-07,608.45,610.0,612.55,605.0,611.5,611.7,609.73,10725706,6539746289.5,248309,4815801,44.9,0.0053414413674088,1.0,610.0,612.55,605.0,611.7,611.5,609.73,608.45,0.005341441367408883,False,False,False
SBIN,EQ,2023-12-08,611.7,610.0,616.8,605.35,614.5,614.15,610.67,17722136,10822316306.2,294891,7790149,43.96,0.0040052313225436,1.0,610.0,616.8,605.35,614.15,614.5,610.67,611.7,0.004005231322543601,False,False,False
SBIN,EQ,2023-12-11,614.15,615.0,619.9,613.1,614.2,614.25,615.99,11706255,7210878840.8,285158,5244532,44.8,0.0001628266710087,1.0,615.0,619.9,613.1,614.25,614.2,615.99,614.15,0.00016282667100875337,False,False,False
SBIN,EQ,2023-12-12,614.25,617.0,617.95,610.8,612.05,612.4,613.75,14494836,8896194867.15,282774,7674743,52.95,-0.003011803011803,1.0,617.0,617.95,610.8,612.4,612.05,613.75,614.25,-0.003011803011803038,False,False,False
SBIN,EQ,2023-12-13,612.4,614.45,620.5,611.65,619.0,619.85,616.9,13977914,8622977354.1,279821,5930859,42.43,0.0121652514696277,1.0,614.45,620.5,611.65,619.85,619.0,616.9,612.4,0.01216525146962777,False,False,False
SBIN,EQ,2023-12-14,619.85,626.0,627.75,622.4,623.65,623.65,624.37,15813797,9873663687.1,336921,7862531,49.72,0.0061305154472854,1.0,626.0,627.75,622.4,623.65,623.65,624.37,619.85,0.0061305154472854895,False,False,False
SBIN,EQ,2023-12-15,623.65,628.0,650.0,619.85,648.3,648.25,638.08,29813572,19023430389.9,433979,12398365,41.59,0.0394452016355328,1.0,628.0,650.0,619.85,648.25,648.3,638.08,623.65,0.03944520163553289,False,False,False
SBIN,EQ,2023-12-18,648.25,646.65,655.65,642.4,647.6,648.5,650.04,16221796,10544832650.95,347590,6466062,39.86,0.0003856536829927,1.0,646.65,655.65,642.4,648.5,647.6,650.04,648.25,0.00038565368299270375,False,False,False
SBIN,EQ,2023-12-19,648.5,648.5,659.6,640.25,656.0,655.4,652.88,19964008,13034125974.85,384049,7263113,36.38,0.0106399383191981,1.0,648.5,659.6,640.25,655.4,656.0,652.88,648.5,0.010639938319198183,False,False,False
SBIN,EQ,2023-12-20,655.4,658.7,660.4,633.95,634.55,636.45,647.91,22542056,14605196613.65,419233,9802178,43.48,-0.0289136405248702,1.0,658.7,660.4,633.95,636.45,634.55,647.91,655.4,-0.02891364052487022,False,False,False
SBIN,EQ,2023-12-21,636.45,632.15,648.95,627.5,644.0,643.75,639.02,19915516,12726451072.85,347188,8072018,40.53,0.01146987194595,1.0,632.15,648.95,627.5,643.75,644.0,639.02,636.45,0.011469871945950061,False,False,False
SBIN,EQ,2023-12-22,643.75,644.75,649.4,635.15,637.2,636.75,642.31,14998068,9633365890.05,307210,5532417,36.89,-0.010873786407767,1.0,644.75,649.4,635.15,636.75,637.2,642.31,643.75,-0.010873786407767039,False,False,False
SBIN,EQ,2023-12-26,636.75,638.85,641.3,635.65,638.5,638.05,639.19,10153089,6489768989.95,298625,3985685,39.26,0.0020416175893207,1.0,638.85,641.3,635.65,638.05,638.5,639.19,636.75,0.0020416175893207544,False,False,False
SBIN,EQ,2023-12-27,638.05,640.75,649.45,639.0,648.65,648.55,645.18,14417646,9301972173.2,295473,6351229,44.05,0.0164563905650028,1.0,640.75,649.45,639.0,648.55,648.65,645.18,638.05,0.01645639056500281,False,False,False
SBIN,EQ,2023-12-28,648.55,650.25,653.3,646.5,649.3,651.4,650.46,16982092,11046112701.5,301058,7677028,45.21,0.0043944183177859,1.0,650.25,653.3,646.5,651.4,649.3,650.46,648.55,0.004394418317785975,False,False,False
SBIN,EQ,2023-12-29,651.4,645.5,649.6,639.55,641.7,642.05,642.49,13221898,8494932618.15,332467,6311045,47.73,-0.0143536997236721,1.0,645.5,649.6,639.55,642.05,641.7,642.49,651.4,-0.014353699723672175,False,False,False
SBIN,EQ,2024-01-01,642.05,642.2,646.9,638.0,638.1,641.35,643.93,8295548,5341716373.3,257804,3822880,46.08,-0.0010902577680864,1.0,642.2,646.9,638.0,641.35,638.1,643.93,642.05,-0.0010902577680864667,False,False,False
SBIN,EQ,2024-01-02,641.35,641.35,648.0,633.85,639.2,639.45,640.47,15164482,9712346967.95,249803,5763498,38.01,-0.0029625009745068,1.0,641.35,648.0,633.85,639.45,639.2,640.47,641.35,-0.0029625009745068986,False,False,False
SBIN,EQ,2024-01-03,639.45,639.35,648.0,635.8,644.5,643.45,643.21,14571772,9372732858.9,252225,5571546,38.24,0.0062553757135037,1.0,639.35,648.0,635.8,643.45,644.5,643.21,639.45,0.0062553757135037635,False,False,False
SBIN,EQ,2024-01-04,643.45,642.5,646.4,638.65,643.6,642.75,642.95,13883388,8926355539.75,271568,6890470,49.63,-0.0010878856165981,1.0,642.5,646.4,638.65,642.75,643.6,642.95,643.45,-0.0010878856165981166,False,False,False
SBIN,EQ,2024-01-05,642.75,645.0,651.75,637.75,641.45,641.95,645.02,15984585,10310453920.0,272662,6017286,37.64,-0.0012446518864254,1.0,645.0,651.75,637.75,641.95,641.45,645.02,642.75,-0.0012446518864254186,False,False,False
SBIN,EQ,2024-01-08,641.95,640.0,645.0,625.05,627.9,627.0,633.49,14739531,9337325175.95,336839,6836375,46.38,-0.0232884181010982,1.0,640.0,645.0,625.05,627.0,627.9,633.49,641.95,-0.023288418101098274,False,False,False
SBIN,EQ,2024-01-09,627.0,632.0,634.35,624.5,625.95,625.4,629.7,13400235,8438088899.05,236123,5499185,41.04,-0.0025518341307815,1.0,632.0,634.35,624.5,625.4,625.95,629.7,627.0,-0.0025518341307815273,False,False,False
SBIN,EQ,2024-01-10,625.4,624.8,625.3,618.2,622.0,621.75,622.15,12742464,7927674893.1,213657,7178612,56.34,-0.005836264790534,1.0,624.8,625.3,618.2,621.75,622.0,622.15,625.4,-0.005836264790534007,False,False,False
SBIN,EQ,2024-01-11,621.75,626.0,627.15,618.5,621.25,620.2,621.85,15533860,9659792551.1,284550,9949858,64.05,-0.0024929634097304,1.0,626.0,627.15,618.5,620.2,621.25,621.85,621.75,-0.0024929634097304865,False,False,False
SBIN,EQ,2024-01-12,620.2,623.8,636.5,621.1,635.25,633.6,630.54,16620797,10480104627.65,302558,8021953,48.26,0.0216059335698162,1.0,623.8,636.5,621.1,633.6,635.25,630.54,620.2,0.021605933569816216,False,False,False
SBIN,EQ,2024-01-15,633.6,638.9,645.5,636.1,640.8,640.1,640.23,16844018,10784099571.95,300031,7373550,43.78,0.0102588383838384,1.0,638.9,645.5,636.1,640.1,640.8,640.23,633.6,0.010258838383838453,False,False,False
SBIN,EQ,2024-01-16,640.1,640.0,644.9,633.45,637.55,636.9,639.72,15025543,9612187789.45,253396,6376490,42.44,-0.0049992188720513,1.0,640.0,644.9,633.45,636.9,637.55,639.72,640.1,-0.0049992188720513475,False,False,False
SBIN,EQ,2024-01-17,636.9,624.0,636.8,623.0,626.45,626.0,628.6,30016308,18868396654.85,428458,9347325,31.14,-0.0171141466478254,1.0,624.0,636.8,623.0,626.0,626.45,628.6,636.9,-0.0171141466478254,False,False,False
SBIN,EQ,2024-01-18,626.0,625.8,633.45,619.05,628.5,628.3,627.46,14695436,9220794332.4,239183,5674908,38.62,0.0036741214057507,1.0,625.8,633.45,619.05,628.3,628.5,627.46,626.0,0.003674121405750741,False,False,False
SBIN,EQ,2024-01-19,628.3,633.0,635.5,624.7,628.7,627.75,629.47,11675202,7349140974.3,208754,5357034,45.88,-0.000875378004138,1.0,633.0,635.5,624.7,627.75,628.7,629.47,628.3,-0.000875378004138061,False,False,False
SBIN,EQ,2024-01-20,627.75,629.0,633.8,624.1,631.0,631.4,628.99,9886760,6218702860.5,133765,2267972,22.94,0.0058144165671047,1.0,629.0,633.8,624.1,631.4,631.0,628.99,627.75,0.0058144165671047965,False,False,False
SBIN,EQ,2024-01-23,631.4,627.0,634.9,600.65,606.0,605.1,613.88,30954343,19002405937.25,409569,14265326,46.09,-0.0416534684827366,1.0,627.0,634.9,600.65,605.1,606.0,613.88,631.4,-0.041653468482736655,False,False,False
SBIN,EQ,2024-01-24,605.1,609.95,622.35,603.1,618.0,618.3,615.78,19221835,11836460488.35,274606,8117404,42.23,0.0218145761031234,1.0,609.95,622.35,603.1,618.3,618.0,615.78,605.1,0.02181457610312343,False,False,False
SBIN,EQ,2024-01-25,618.3,618.5,623.8,606.25,615.0,612.75,612.47,22684904,13893936068.05,295756,10132801,44.67,-0.0089762251334303,1.0,618.5,623.8,606.25,612.75,615.0,612.47,618.3,-0.008976225133430327,False,False,False
SBIN,EQ,2024-01-29,612.75,619.0,629.5,615.6,624.2,622.95,622.28,19572140,12179266716.9,375931,10633301,54.33,0.0166462668298654,1.0,619.0,629.5,615.6,622.95,624.2,622.28,612.75,0.016646266829865475,False,False,False
SBIN,EQ,2024-01-30,622.95,625.45,633.5,624.2,625.5,626.75,628.36,16966577,10661120748.15,340803,6629436,39.07,0.0061000080263262,1.0,625.45,633.5,624.2,626.75,625.5,628.36,622.95,0.006100008026326265,False,False,False
SBIN,EQ,2024-01-31,626.75,626.4,643.2,622.0,641.55,640.5,634.65,23270745,14768784599.55,331696,8773593,37.7,0.0219385719984044,1.0,626.4,643.2,622.0,640.5,641.55,634.65,626.75,0.021938571998404433,False,False,False
SBIN,EQ,2024-02-01,640.5,642.75,652.95,633.25,648.5,647.65,644.85,26587707,17145097528.6,341287,8870846,33.36,0.0111631537861045,1.0,642.75,652.95,633.25,647.65,648.5,644.85,640.5,0.011163153786104552,False,False,False
SBIN,EQ,2024-02-02,647.65,652.0,660.55,646.7,648.0,649.65,653.81,27471811,17961231828.75,362306,9752154,35.5,0.0030880877016907,1.0,652.0,660.55,646.7,649.65,648.0,653.81,647.65,0.003088087701690778,False,False,False
SBIN,EQ,2024-02-05,649.65,647.1,654.8,638.75,643.0,642.95,646.89,28339525,18332581475.65,348687,9895120,34.92,-0.0103132455937812,1.0,647.1,654.8,638.75,642.95,643.0,646.89,649.65,-0.010313245593781217,False,False,False
SBIN,EQ,2024-02-06,642.95,644.45,655.0,637.7,654.8,650.25,644.26,14079390,9070737392.7,230842,4525485,32.14,0.0113539155455322,1.0,644.45,655.0,637.7,650.25,654.8,644.26,642.95,0.011353915545532223,False,False,False
SBIN,EQ,2024-02-07,650.25,655.05,677.95,655.0,677.5,675.25,669.94,41696232,27934060703.15,797692,16405107,39.34,0.0384467512495194,1.0,655.05,677.95,655.0,675.25,677.5,669.94,650.25,0.03844675124951946,False,False,False
SBIN,EQ,2024-02-08,675.25,680.4,718.9,678.5,699.8,699.55,700.87,74222434,52020633464.1,978644,31713090,42.73,0.0359866716031098,1.0,680.4,718.9,678.5,699.55,699.8,700.87,675.25,0.035986671603109865,False,False,False
SBIN,EQ,2024-02-09,699.55,703.65,728.35,694.2,725.45,725.25,711.47,43235061,30760244551.05,757763,16793764,38.84,0.0367379029376027,1.0,703.65,728.35,694.2,725.25,725.45,711.47,699.55,0.03673790293760271,False,False,False
SBIN,EQ,2024-02-12,725.25,726.0,726.0,704.5,707.0,707.9,713.27,22873137,16314827822.6,573623,8670324,37.91,-0.0239227852464667,1.0,726.0,726.0,704.5,707.9,707.0,713.27,725.25,-0.023922785246466738,False,False,False
SBIN,EQ,2024-02-13,707.9,708.55,718.0,702.15,711.35,713.45,711.68,23351472,16618687259.4,364739,6698293,28.68,0.0078400904082498,1.0,708.55,718.0,702.15,713.45,711.35,711.68,707.9,0.007840090408249845,False,False,False
SBIN,EQ,2024-02-14,713.45,705.55,748.5,705.55,743.0,743.4,730.54,36782182,26870928805.05,493455,12156464,33.05,0.0419791155652111,1.0,705.55,748.5,705.55,743.4,743.0,730.54,713.45,0.04197911556521117,False,False,False
SBIN,EQ,2024-02-15,743.4,747.7,764.0,741.65,760.4,761.7,754.14,33941282,25596507159.35,863114,15061490,44.38,0.0246166263115417,1.0,747.7,764.0,741.65,761.7,760.4,754.14,743.4,0.02461662631154171,False,False,False
SBIN,EQ,2024-02-16,761.7,763.45,774.6,753.35,757.35,754.7,763.14,27365121,20883378535.9,519358,11524648,42.11,-0.0091899698043849,1.0,763.45,774.6,753.35,754.7,757.35,763.14,761.7,-0.009189969804384912,False,False,False
SBIN,EQ,2024-02-19,754.7,758.7,765.0,750.0,759.65,759.25,758.61,13979584,10605031489.65,253774,4458749,31.89,0.006028885649927,1.0,758.7,765.0,750.0,759.25,759.65,758.61,754.7,0.006028885649927096,False,False,False
SBIN,EQ,2024-02-20,759.25,759.05,763.5,754.0,760.65,760.1,759.33,12528399,9513187763.75,260985,4318800,34.47,0.0011195258478762,1.0,759.05,763.5,754.0,760.1,760.65,759.33,759.25,0.0011195258478762238,False,False,False
SBIN,EQ,2024-02-21,760.1,760.65,777.5,759.6,772.05,771.5,770.65,21465311,16542228829.4,441746,6158114,28.69,0.0149980265754505,1.0,760.65,777.5,759.6,771.5,772.05,770.65,760.1,0.014998026575450574,False,False,False
SBIN,EQ,2024-02-22,771.5,773.0,773.0,757.0,766.95,765.9,764.01,18799244,14362848260.8,372278,6831114,36.34,-0.0072585871678548,1.0,773.0,773.0,757.0,765.9,766.95,764.01,771.5,-0.00725858716785488,False,False,False
SBIN,EQ,2024-02-23,765.9,765.9,770.5,755.0,760.35,759.05,761.81,14143636,10774810691.75,479997,5426016,38.36,-0.0089437263350307,1.0,765.9,770.5,755.0,759.05,760.35,761.81,765.9,-0.00894372633503071,False,False,False
SBIN,EQ,2024-02-26,759.05,755.0,766.35,752.7,758.4,758.9,759.32,11355186,8622214664.7,280156,3888203,34.24,-0.000197615440353,1.0,755.0,766.35,752.7,758.9,758.4,759.32,759.05,-0.00019761544035301615,False,False,False
SBIN,EQ,2024-02-27,758.9,758.9,762.35,742.2,749.5,749.85,751.69,13969393,10500629239.15,315352,4847382,34.7,-0.0119251548293581,1.0,758.9,762.35,742.2,749.85,749.5,751.69,758.9,-0.011925154829358187,False,False,False
SBIN,EQ,2024-02-28,749.85,749.85,756.75,741.0,743.0,742.5,747.76,11263318,8422254972.85,283338,3255416,28.9,-0.0098019603920784,1.0,749.85,756.75,741.0,742.5,743.0,747.76,749.85,-0.00980196039207848,False,False,False
SBIN,EQ,2024-02-29,742.5,743.9,753.9,737.15,753.0,748.1,745.74,19217113,14330898842.35,389495,7258306,37.77,0.0075420875420875,1.0,743.9,753.9,737.15,748.1,753.0,745.74,742.5,0.007542087542087517,False,False,False
SBIN,EQ,2024-03-01,748.1,752.0,772.0,751.95,770.0,769.15,763.2,17348526,13240413220.45,309262,7566668,43.62,0.0281379494719957,1.0,752.0,772.0,751.95,769.15,770.0,763.2,748.1,0.02813794947199577,False,False,False
SBIN,EQ,2024-03-02,769.15,771.95,777.0,768.9,773.7,773.3,774.03,1158960,897065444.75,27382,503601,43.45,0.005395566534486,1.0,771.95,777.0,768.9,773.3,773.7,774.03,769.15,0.005395566534486029,False,False,False
SBIN,EQ,2024-03-04,773.3,774.4,777.0,769.0,771.35,772.05,772.72,9789141,7564284699.6,197362,3652799,37.31,-0.00161644898487,1.0,774.4,777.0,769.0,772.05,771.35,772.72,773.3,-0.0016164489848700114,False,False,False
SBIN,EQ,2024-03-05,772.05,769.5,786.95,769.1,784.6,783.95,782.2,18088847,14149113322.65,404509,7056745,39.01,0.0154135094877276,1.0,769.5,786.95,769.1,783.95,784.6,782.2,772.05,0.015413509487727683,False,False,False
SBIN,EQ,2024-03-06,783.95,783.65,790.3,772.9,783.7,783.9,783.81,26710525,20936092585.05,503262,9791491,36.66,-6.377957777925491e-05,1.0,783.65,790.3,772.9,783.9,783.7,783.81,783.95,-6.377957777925491e-05,False,False,False
SBIN,EQ,2024-03-07,783.9,790.0,793.4,783.0,786.0,788.05,788.54,15497868,12220705592.6,219629,9123241,58.87,0.0052940426074754,1.0,790.0,793.4,783.0,788.05,786.0,788.54,783.9,0.005294042607475458,False,False,False
SBIN,EQ,2024-03-11,788.05,790.0,792.8,770.55,773.95,773.7,778.59,16778340,13063454668.35,387291,8547195,50.94,-0.0182095044730663,1.0,790.0,792.8,770.55,773.7,773.95,778.59,788.05,-0.01820950447306635,False,False,False
SBIN,EQ,2024-03-12,773.7,770.0,777.75,757.35,759.0,759.7,764.67,21529705,16463045923.05,390497,8212224,38.14,-0.0180948688122011,1.0,770.0,777.75,757.35,759.7,759.0,764.67,773.7,-0.018094868812201126,False,False,False
SBIN,EQ,2024-03-13,759.7,758.65,763.7,743.0,747.4,747.25,751.85,27950252,21014317799.65,462302,12098367,43.29,-0.0163880479136502,1.0,758.65,763.7,743.0,747.25,747.4,751.85,759.7,-0.016388047913650228,False,False,False
SBIN,EQ,2024-03-14,747.25,749.9,750.8,734.05,741.0,741.05,743.03,19730882,14660690669.7,304735,8874679,44.98,-0.0082970893275343,1.0,749.9,750.8,734.05,741.05,741.0,743.03,747.25,-0.008297089327534368,False,False,False
SBIN,EQ,2024-03-15,741.05,739.25,746.55,723.0,732.65,731.9,731.27,29792241,21786099985.35,382516,16467856,55.28,-0.0123473449834693,1.0,739.25,746.55,723.0,731.9,732.65,731.27,741.05,-0.012347344983469344,False,False,False
SBIN,EQ,2024-03-18,731.9,727.1,737.9,722.1,732.45,730.95,729.81,18145126,13242520782.95,266091,8284860,45.66,-0.0012979915288973,1.0,727.1,737.9,722.1,730.95,732.45,729.81,731.9,-0.0012979915288973132,False,False,False
SBIN,EQ,2024-03-19,730.95,730.0,734.35,721.15,722.55,723.8,727.47,15205043,11061261059.95,203852,6887268,45.3,-0.0097817908201656,1.0,730.0,734.35,721.15,723.8,722.55,727.47,730.95,-0.009781790820165615,False,False,False
SBIN,EQ,2024-03-20,723.8,725.15,738.95,719.8,736.6,736.25,731.17,25405455,18575665608.1,411626,7984760,31.43,0.0172008842221609,1.0,725.15,738.95,719.8,736.25,736.6,731.17,723.8,0.017200884222160928,False,False,False
SBIN,EQ,2024-03-21,736.25,742.0,750.6,740.55,742.8,744.3,745.38,15161161,11300817864.0,297397,5586102,36.84,0.0109337860780984,1.0,742.0,750.6,740.55,744.3,742.8,745.38,736.25,0.010933786078098473,False,False,False
SBIN,EQ,2024-03-22,744.3,743.85,748.8,741.4,746.5,746.7,746.09,15535921,11591196217.5,261750,7143052,45.98,0.0032245062474809,1.0,743.85,748.8,741.4,746.7,746.5,746.09,744.3,0.0032245062474809405,False,False,False
SBIN,EQ,2024-03-26,746.7,743.05,747.85,738.5,741.8,740.05,741.15,14678342,10878801267.1,471853,7937403,54.08,-0.0089058524173029,1.0,743.05,747.85,738.5,740.05,741.8,741.15,746.7,-0.008905852417302906,False,False,False
SBIN,EQ,2024-03-27,740.05,743.0,745.85,730.2,736.5,733.3,735.91,30088789,22142632347.65,303834,15397825,51.17,-0.0091210053374771,1.0,743.0,745.85,730.2,733.3,736.5,735.91,740.05,-0.009121005337477173,False,False,False
SBIN,EQ,2024-03-28,733.3,737.75,759.55,736.9,752.95,752.35,750.83,21705116,16296764834.75,250615,8996115,41.45,0.0259784535660712,1.0,737.75,759.55,736.9,752.35,752.95,750.83,733.3,0.025978453566071202,False,False,False
SBIN,EQ,2024-04-01,752.35,759.05,761.5,752.1,758.0,758.3,757.16,9949971,7533678627.05,155072,3587578,36.06,0.0079085531999734,1.0,759.05,761.5,752.1,758.3,758.0,757.16,752.35,0.007908553199973412,False,False,False
SBIN,EQ,2024-04-02,758.3,758.2,768.75,753.35,765.95,766.4,761.63,15713063,11967515949.7,199522,7122583,45.33,0.0106817882104708,1.0,758.2,768.75,753.35,766.4,765.95,761.63,758.3,0.010681788210470833,False,False,False
SBIN,EQ,2024-04-03,766.4,764.9,772.6,760.15,771.0,771.05,767.84,19136981,14694203509.3,277412,10392587,54.31,0.0060673277661795,1.0,764.9,772.6,760.15,771.05,771.0,767.84,766.4,0.0060673277661795755,False,False,False
SBIN,EQ,2024-04-04,771.05,775.0,775.3,758.1,760.8,759.3,763.24,15889530,12127483574.7,263762,5252262,33.05,-0.0152389598599312,1.0,775.0,775.3,758.1,759.3,760.8,763.24,771.05,-0.01523895985993129,False,False,False
SBIN,EQ,2024-04-05,759.3,757.95,767.7,752.6,765.9,764.75,760.39,9939620,7557966836.05,159848,3284683,33.05,0.0071776636375608,1.0,757.95,767.7,752.6,764.75,765.9,760.39,759.3,0.007177663637560894,False,False,False
SBIN,EQ,2024-04-08,764.75,766.05,770.0,761.8,767.6,768.3,766.03,9797174,7504931342.05,193392,4573077,46.68,0.0046420398823143,1.0,766.05,770.0,761.8,768.3,767.6,766.03,764.75,0.004642039882314375,False,False,False
SBIN,EQ,2024-04-09,768.3,768.45,772.45,761.1,765.05,764.2,766.79,7465892,5724766013.05,127868,2270132,30.41,-0.0053364571131067,1.0,768.45,772.45,761.1,764.2,765.05,766.79,768.3,-0.005336457113106707,False,False,False
SBIN,EQ,2024-04-10,764.2,766.5,780.7,763.65,777.4,779.05,772.9,14530669,11230749541.1,201570,6083772,41.87,0.0194320858414025,1.0,766.5,780.7,763.65,779.05,777.4,772.9,764.2,0.019432085841402547,False,False,False
SBIN,EQ,2024-04-12,779.05,777.25,779.5,764.8,766.55,766.3,772.32,14408722,11128157762.8,245294,7525415,52.23,-0.0163660869007123,1.0,777.25,779.5,764.8,766.3,766.55,772.32,779.05,-0.016366086900712395,False,False,False
SBIN,EQ,2024-04-15,766.3,759.8,763.3,748.75,758.9,757.5,756.89,11356572,8595700637.0,203154,3394129,29.89,-0.0114837530993082,1.0,759.8,763.3,748.75,757.5,758.9,756.89,766.3,-0.01148375309930827,False,False,False
SBIN,EQ,2024-04-16,757.5,751.25,754.9,744.4,752.8,751.7,750.07,13338991,10005242780.0,202899,5769212,43.25,-0.0076567656765675,1.0,751.25,754.9,744.4,751.7,752.8,750.07,757.5,-0.0076567656765675896,False,False,False
SBIN,EQ,2024-04-18,751.7,752.05,759.95,742.0,746.1,744.8,750.48,14589648,10949256502.45,271371,5820263,39.89,-0.0091791938273249,1.0,752.05,759.95,742.0,744.8,746.1,750.48,751.7,-0.009179193827324905,False,False,False
SBIN,EQ,2024-04-19,744.8,734.5,752.0,732.05,750.0,750.45,743.33,10886554,8092349855.55,191080,3483310,32.0,0.0075859291084856,1.0,734.5,752.0,732.05,750.45,750.0,743.33,744.8,0.007585929108485656,False,False,False
SBIN,EQ,2024-04-22,750.45,754.15,769.0,750.45,768.15,766.1,760.71,17452186,13276083461.55,320047,9911278,56.79,0.020854154174162,1.0,754.15,769.0,750.45,766.1,768.15,760.71,750.45,0.020854154174162032,False,False,False
SBIN,EQ,2024-04-23,766.1,770.35,777.7,765.55,773.0,773.0,772.87,12292429,9500456626.7,390560,5472804,44.52,0.009006657094374,1.0,770.35,777.7,765.55,773.0,773.0,772.87,766.1,0.009006657094374093,False,False,False
SBIN,EQ,2024-04-24,773.0,778.5,778.5,770.2,772.5,773.1,772.96,7842615,6062053959.3,163729,3398638,43.34,0.0001293661060801,1.0,778.5,778.5,770.2,773.1,772.5,772.96,773.0,0.0001293661060801643,False,False,False
SBIN,EQ,2024-04-25,773.1,770.65,814.4,769.65,812.0,812.7,798.71,36732974,29339161191.35,490497,16475930,44.85,0.0512223515715948,1.0,770.65,814.4,769.65,812.7,812.0,798.71,773.1,0.051222351571594826,False,False,False
SBIN,EQ,2024-04-26,812.7,815.9,816.9,798.9,803.2,801.3,804.98,14964358,12046026651.85,320781,6491614,43.38,-0.0140273163528978,1.0,815.9,816.9,798.9,801.3,803.2,804.98,812.7,-0.01402731635289789,False,False,False
SBIN,EQ,2024-04-29,801.3,807.0,831.25,798.7,825.0,826.5,817.53,27302732,22320752043.65,371639,7646173,28.01,0.0314488955447398,1.0,807.0,831.25,798.7,826.5,825.0,817.53,801.3,0.03144889554473984,False,False,False
SBIN,EQ,2024-04-30,826.5,826.5,834.85,819.9,821.0,826.25,827.56,27449073,22715742484.05,376985,9419363,34.32,-0.0003024803387779,1.0,826.5,834.85,819.9,826.25,821.0,827.56,826.5,-0.0003024803387779995,False,False,False
SBIN,EQ,2024-05-02,826.25,826.9,833.9,825.0,830.45,830.05,830.43,19943724,16561798987.1,425940,10287198,51.58,0.0045990922844174,1.0,826.9,833.9,825.0,830.05,830.45,830.43,826.25,0.004599092284417461,False,False,False
SBIN,EQ,2024-05-03,830.05,834.8,836.2,820.0,831.0,831.45,828.02,22667634,18769316179.15,299662,12118380,53.46,0.0016866453828083,1.0,834.8,836.2,820.0,831.45,831.0,828.02,830.05,0.0016866453828083827,False,False,False
SBIN,EQ,2024-05-06,831.45,835.0,836.0,803.0,809.5,807.8,809.69,35283557,28568603442.05,420532,20178148,57.19,-0.0284442840820254,1.0,835.0,836.0,803.0,807.8,809.5,809.69,831.45,-0.028444284082025484,False,False,False
SBIN,EQ,2024-05-07,807.8,812.0,814.65,793.2,803.65,801.9,802.82,16725013,13427169707.45,333003,7851037,46.94,-0.007303788066353,1.0,812.0,814.65,793.2,801.9,803.65,802.82,807.8,-0.007303788066353012,False,False,False
SBIN,EQ,2024-05-08,801.9,802.6,822.0,799.5,811.4,810.8,811.87,27908322,22657896599.95,416012,15409013,55.21,0.0110986407282702,1.0,802.6,822.0,799.5,810.8,811.4,811.87,801.9,0.01109864072827027,False,False,False
SBIN,EQ,2024-05-09,810.8,811.9,839.65,803.55,820.0,819.8,820.7,49290254,40452525638.0,710585,16859500,34.2,0.0111001480019734,1.0,811.9,839.65,803.55,819.8,820.0,820.7,810.8,0.011100148001973453,False,False,False
SBIN,EQ,2024-05-10,819.8,827.0,832.05,815.6,816.85,817.35,822.63,20543142,16899481306.25,337836,6922409,33.7,-0.0029885337887288,1.0,827.0,832.05,815.6,817.35,816.85,822.63,819.8,-0.0029885337887288754,False,False,False
SBIN,EQ,2024-05-13,817.35,819.85,819.85,798.6,808.95,808.8,807.3,15398505,12431253183.15,300588,5305042,34.45,-0.0104606349788952,1.0,819.85,819.85,798.6,808.8,808.95,807.3,817.35,-0.010460634978895267,False,False,False
SBIN,EQ,2024-05-14,808.8,813.0,822.4,807.9,817.9,818.2,815.81,10912462,8902478688.1,215574,3908344,35.82,0.01162215628091,1.0,813.0,822.4,807.9,818.2,817.9,815.81,808.8,0.011622156280910012,False,False,False
SBIN,EQ,2024-05-15,818.2,821.0,825.3,818.05,820.7,820.3,821.25,9755062,8011323408.05,184595,2671170,27.38,0.0025666096308969,1.0,821.0,825.3,818.05,820.3,820.7,821.25,818.2,0.0025666096308969433,False,False,False
SBIN,EQ,2024-05-16,820.3,825.3,826.15,797.35,812.3,811.95,810.77,20536990,16650876495.95,398702,7333149,35.71,-0.0101792027307081,1.0,825.3,826.15,797.35,811.95,812.3,810.77,820.3,-0.010179202730708159,False,False,False
SBIN,EQ,2024-05-17,811.95,814.5,822.45,811.2,817.35,817.85,817.69,12492509,10214979481.6,238755,5274836,42.22,0.0072664572941683,1.0,814.5,822.45,811.2,817.85,817.35,817.69,811.95,0.007266457294168305,False,False,False
SBIN,EQ,2024-05-18,817.85,822.0,823.0,819.2,821.5,821.0,820.96,960453,788496867.55,18745,609834,63.49,0.0038515620223757,1.0,822.0,823.0,819.2,821.0,821.5,820.96,817.85,0.0038515620223757985,False,False,False
SBIN,EQ,2024-05-21,821.0,821.0,836.3,819.6,830.0,830.65,830.06,14037801,11652154522.45,299301,5533304,39.42,0.0117539585870889,1.0,821.0,836.3,819.6,830.65,830.0,830.06,821.0,0.011753958587088942,False,False,False
SBIN,EQ,2024-05-22,830.65,826.55,826.65,813.55,818.75,818.75,819.27,19239277,15762179196.85,303784,9383288,48.77,-0.0143261301390477,1.0,826.55,826.65,813.55,818.75,818.75,819.27,830.65,-0.01432613013904771,False,False,False
SBIN,EQ,2024-05-23,818.75,824.7,835.5,822.0,829.85,832.1,830.11,17497488,14524811082.6,297207,5422183,30.99,0.0163053435114504,1.0,824.7,835.5,822.0,832.1,829.85,830.11,818.75,0.01630534351145041,False,False,False
SBIN,EQ,2024-05-24,832.1,830.0,841.25,827.0,828.0,828.6,835.17,12252075,10232581868.55,236666,4694848,38.32,-0.0042062252133157,1.0,830.0,841.25,827.0,828.6,828.0,835.17,832.1,-0.004206225213315706,False,False,False
SBIN,EQ,2024-05-27,828.6,832.6,839.4,823.0,833.35,833.7,833.52,12295193,10248301213.7,219095,4203176,34.19,0.0061549601737871,1.0,832.6,839.4,823.0,833.7,833.35,833.52,828.6,0.0061549601737871384,False,False,False
SBIN,EQ,2024-05-28,833.7,835.7,840.7,823.3,830.8,831.15,832.45,13818893,11503519499.1,206371,6878029,49.77,-0.0030586541921555,1.0,835.7,840.7,823.3,831.15,830.8,832.45,833.7,-0.0030586541921555632,False,False,False
SBIN,EQ,2024-05-29,831.15,828.4,834.45,819.3,825.0,822.65,825.29,14518232,11981797386.95,243373,6230239,42.91,-0.010226794200806,1.0,828.4,834.45,819.3,822.65,825.0,825.29,831.15,-0.010226794200806077,False,False,False
SBIN,EQ,2024-05-30,822.65,821.4,836.0,819.3,828.9,825.85,828.27,17818705,14758626273.6,438243,8308344,46.63,0.0038898681091594,1.0,821.4,836.0,819.3,825.85,828.9,828.27,822.65,0.0038898681091594778,False,False,False
SBIN,EQ,2024-05-31,825.85,830.7,835.0,817.1,832.25,830.35,827.92,22267336,18435562035.65,313614,10255254,46.06,0.005448931404008,1.0,830.7,835.0,817.1,830.35,832.25,827.92,825.85,0.0054489314040080394,False,False,False
SBIN,EQ,2024-06-03,830.35,863.55,912.0,856.75,909.05,905.65,890.2,64269020,57212326883.5,1242769,28051367,43.65,0.0906846510507617,1.0,863.55,912.0,856.75,905.65,909.05,890.2,830.35,0.09068465105076173,False,False,False
SBIN,EQ,2024-06-04,905.65,897.0,897.0,731.95,784.6,775.2,803.85,122381193,98375760977.65,1904773,50909322,41.6,-0.1440401921272014,1.0,897.0,897.0,731.95,775.2,784.6,803.85,905.65,-0.14404019212720143,False,False,False
SBIN,EQ,2024-06-05,775.2,790.75,795.0,744.05,787.55,789.75,771.2,74256082,57266540264.65,1147451,29224251,39.36,0.0187693498452012,1.0,790.75,795.0,744.05,789.75,787.55,771.2,775.2,0.01876934984520129,False,False,False
SBIN,EQ,2024-06-06,789.75,800.0,833.35,796.0,817.0,816.95,818.98,40555649,33214156708.95,611412,13380701,32.99,0.0344412788857233,1.0,800.0,833.35,796.0,816.95,817.0,818.98,789.75,0.03444127888572335,False,False,False
SBIN,EQ,2024-06-07,816.95,819.9,831.5,810.5,829.25,829.95,823.33,25061284,20633808796.0,346989,8075639,32.22,0.0159128465634372,1.0,819.9,831.5,810.5,829.95,829.25,823.33,816.95,0.015912846563437277,False,False,False
SBIN,EQ,2024-06-10,829.95,834.15,845.45,829.2,830.8,831.8,837.18,16725508,14002292421.2,283108,6425667,38.42,0.0022290499427675,1.0,834.15,845.45,829.2,831.8,830.8,837.18,829.95,0.0022290499427675137,False,False,False
SBIN,EQ,2024-06-11,831.8,836.0,839.6,829.05,835.5,835.55,835.28,14754408,12324005252.55,223238,5608419,38.01,0.0045082952632844,1.0,836.0,839.6,829.05,835.55,835.5,835.28,831.8,0.004508295263284445,False,False,False
SBIN,EQ,2024-06-12,835.55,837.0,845.55,833.0,838.85,839.1,840.25,15071442,12663819955.65,247749,4764091,31.61,0.0042486984620908,1.0,837.0,845.55,833.0,839.1,838.85,840.25,835.55,0.004248698462090861,False,False,False
SBIN,EQ,2024-06-13,839.1,845.0,845.9,836.1,844.95,843.9,842.29,12523972,10548843617.45,185661,6430720,51.35,0.0057204147300677,1.0,845.0,845.9,836.1,843.9,844.95,842.29,839.1,0.005720414730067791,False,False,False
SBIN,EQ,2024-06-14,843.9,845.0,849.9,835.1,839.2,839.2,841.9,12903496,10863438124.7,206549,4397179,34.08,-0.0055693802583243,1.0,845.0,849.9,835.1,839.2,839.2,841.9,843.9,-0.005569380258324319,False,False,False
SBIN,EQ,2024-06-18,839.2,841.55,851.5,840.25,845.3,844.9,847.17,14929083,12647506030.85,241973,6429345,43.07,0.0067921830314583,1.0,841.55,851.5,840.25,844.9,845.3,847.17,839.2,0.006792183031458343,False,False,False
SBIN,EQ,2024-06-19,844.9,846.8,860.6,841.0,854.3,852.6,850.68,32925140,28008646934.95,394742,10517183,31.94,0.0091135045567523,1.0,846.8,860.6,841.0,852.6,854.3,850.68,844.9,0.009113504556752305,False,False,False
SBIN,EQ,2024-06-20,852.6,853.0,853.1,842.35,844.9,843.75,846.89,13985352,11844105365.7,214049,5753476,41.14,-0.0103800140745954,1.0,853.0,853.1,842.35,843.75,844.9,846.89,852.6,-0.010380014074595434,False,False,False
SBIN,EQ,2024-06-21,843.75,844.9,848.05,828.6,834.45,836.3,837.22,18990090,15898875069.3,305592,6976007,36.73,-0.0088296296296296,1.0,844.9,848.05,828.6,836.3,834.45,837.22,843.75,-0.008829629629629632,False,False,False
SBIN,EQ,2024-06-24,836.3,831.5,836.0,821.05,833.5,832.7,829.99,12715254,10553568351.95,229601,3292589,25.89,-0.0043046753557335,1.0,831.5,836.0,821.05,832.7,833.5,829.99,836.3,-0.004304675355733534,False,False,False
SBIN,EQ,2024-06-25,832.7,837.0,845.85,834.3,841.95,842.25,841.3,20917530,17597895341.85,278788,7556039,36.12,0.0114687162243305,1.0,837.0,845.85,834.3,842.25,841.95,841.3,832.7,0.011468716224330544,False,False,False
SBIN,EQ,2024-06-26,842.25,839.85,848.8,836.0,844.25,845.35,843.76,16281760,13737868669.05,236219,5908154,36.29,0.0036806173938854,1.0,839.85,848.8,836.0,845.35,844.25,843.76,842.25,0.003680617393885477,False,False,False
SBIN,EQ,2024-06-27,845.35,843.9,847.4,838.25,845.0,844.0,843.39,20378887,17187412738.55,320327,8752271,42.95,-0.0015969716685396,1.0,843.9,847.4,838.25,844.0,845.0,843.39,845.35,-0.0015969716685396707,False,False,False
SBIN,EQ,2024-06-28,844.0,846.9,864.0,844.0,848.8,848.95,855.04,23636388,20210123469.85,323370,10913744,46.17,0.0058649289099526,1.0,846.9,864.0,844.0,848.95,848.8,855.04,844.0,0.005864928909952605,False,False,False
SBIN,EQ,2024-07-01,848.95,849.35,850.5,839.95,842.8,841.95,843.77,10967797,9254244639.05,200173,5295644,48.28,-0.0082454797102302,1.0,849.35,850.5,839.95,841.95,842.8,843.77,848.95,-0.008245479710230263,False,False,False
SBIN,EQ,2024-07-02,841.95,844.0,846.3,823.15,827.6,826.15,832.38,21142840,17598899832.2,406548,9402717,44.47,-0.0187659599738703,1.0,844.0,846.3,823.15,826.15,827.6,832.38,841.95,-0.018765959973870316,False,False,False
SBIN,EQ,2024-07-03,826.15,829.0,843.85,825.0,841.05,839.95,834.97,23598009,19703518122.6,263776,7203496,30.53,0.0167039883798343,1.0,829.0,843.85,825.0,839.95,841.05,834.97,826.15,0.016703988379834334,False,False,False
SBIN,EQ,2024-07-04,839.95,843.0,844.9,834.3,838.5,839.3,839.96,13372587,11232413805.95,190968,6253980,46.77,-0.0007738555866422,1.0,843.0,844.9,834.3,839.3,838.5,839.96,839.95,-0.0007738555866422248,False,False,False
SBIN,EQ,2024-07-05,839.3,838.0,861.25,837.0,859.6,859.75,850.91,24873722,21165231702.9,279716,11585088,46.58,0.0243655427141666,1.0,838.0,861.25,837.0,859.75,859.6,850.91,839.3,0.024365542714166688,False,False,False
SBIN,EQ,2024-07-08,859.75,859.75,865.0,853.5,856.75,856.25,858.53,10359800,8894248888.25,158034,3338756,32.23,-0.0040709508578075,1.0,859.75,865.0,853.5,856.25,856.75,858.53,859.75,-0.004070950857807509,False,False,False
SBIN,EQ,2024-07-09,856.25,859.9,869.95,856.0,856.5,861.3,863.76,13585081,11734273121.9,243152,5007077,36.86,0.0058978102189779,1.0,859.9,869.95,856.0,861.3,856.5,863.76,856.25,0.00589781021897795,False,False,False
SBIN,EQ,2024-07-10,861.3,860.1,860.25,843.5,850.05,849.0,850.31,17343236,14747173777.1,269867,6292509,36.28,-0.0142807384186693,1.0,860.1,860.25,843.5,849.0,850.05,850.31,861.3,-0.014280738418669392,False,False,False
SBIN,EQ,2024-07-11,849.0,854.4,858.3,849.75,856.15,856.7,854.92,8501366,7267981108.4,177916,2637273,31.02,0.0090694935217903,1.0,854.4,858.3,849.75,856.7,856.15,854.92,849.0,0.009069493521790317,False,False,False
SBIN,EQ,2024-07-12,856.7,856.7,863.0,855.3,861.0,859.7,859.68,11446064,9840000639.3,192216,4536220,39.63,0.0035018092681218,1.0,856.7,863.0,855.3,859.7,861.0,859.68,856.7,0.003501809268121825,False,False,False
SBIN,EQ,2024-07-15,859.7,859.7,887.35,859.7,883.0,881.35,876.59,25392820,22259153852.55,325154,8363708,32.94,0.0251832034430614,1.0,859.7,887.35,859.7,881.35,883.0,876.59,859.7,0.025183203443061464,False,False,False
SBIN,EQ,2024-07-16,881.35,882.3,888.1,874.3,882.0,880.7,880.47,11893692,10472020266.75,196244,4878106,41.01,-0.0007375049639757,1.0,882.3,888.1,874.3,880.7,882.0,880.47,881.35,-0.0007375049639757325,False,False,False
SBIN,EQ,2024-07-18,880.7,880.65,894.9,877.5,892.5,893.55,889.57,19435183,17288990051.0,380546,9783181,50.34,0.0145906665152717,1.0,880.65,894.9,877.5,893.55,892.5,889.57,880.7,0.014590666515271744,False,False,False
SBIN,EQ,2024-07-19,893.55,895.0,899.0,883.3,889.5,889.35,890.65,14562742,12970254056.15,316170,6176654,42.41,-0.0047003525264394,1.0,895.0,899.0,883.3,889.35,889.5,890.65,893.55,-0.004700352526439411,False,False,False
SBIN,EQ,2024-07-22,889.35,881.45,895.0,868.0,878.0,876.8,881.14,14614111,12877104621.3,283608,6001817,41.07,-0.0141114296958453,1.0,881.45,895.0,868.0,876.8,878.0,881.14,889.35,-0.014111429695845334,False,False,False
SBIN,EQ,2024-07-23,876.8,883.0,884.5,849.1,864.2,863.9,868.8,18279212,15881066151.4,382383,5195965,28.43,-0.0147125912408758,1.0,883.0,884.5,849.1,863.9,864.2,868.8,876.8,-0.014712591240875872,False,False,False
SBIN,EQ,2024-07-24,863.9,864.2,868.0,847.2,853.95,852.0,854.85,19624845,16776315258.25,322758,5523383,28.14,-0.0137747424470424,1.0,864.2,868.0,847.2,852.0,853.95,854.85,863.9,-0.013774742447042465,False,False,False
SBIN,EQ,2024-07-25,852.0,847.5,850.75,841.2,848.95,848.5,846.52,9522375,8060916692.5,180539,2890970,30.36,-0.0041079812206572,1.0,847.5,850.75,841.2,848.5,848.95,846.52,852.0,-0.004107981220657253,False,False,False
SBIN,EQ,2024-07-26,848.5,844.65,864.25,844.0,859.95,862.45,857.5,12081506,10359863504.15,199144,4191872,34.7,0.0164407778432529,1.0,844.65,864.25,844.0,862.45,859.95,857.5,848.5,0.01644077784325293,False,False,False
SBIN,EQ,2024-07-29,862.45,866.05,889.1,863.2,871.0,871.6,877.2,26582781,23318520569.7,380412,7977605,30.01,0.0106093106846774,1.0,866.05,889.1,863.2,871.6,871.0,877.2,862.45,0.010609310684677409,False,False,False
SBIN,EQ,2024-07-30,871.6,874.7,880.55,869.0,871.65,872.8,874.1,13528447,11825152187.65,232883,3628977,26.82,0.0013767783386873,1.0,874.7,880.55,869.0,872.8,871.65,874.1,871.6,0.0013767783386873234,False,False,False
SBIN,EQ,2024-07-31,872.8,873.85,874.95,868.0,874.4,872.4,871.25,11636874,10138573730.25,185998,4319188,37.12,-0.0004582951420715,1.0,873.85,874.95,868.0,872.4,874.4,871.25,872.8,-0.00045829514207151867,False,False,False
SBIN,EQ,2024-08-01,872.4,877.8,881.4,859.45,861.9,862.65,870.65,11787203,10262515137.0,172670,5470508,46.41,-0.0111760660247592,1.0,877.8,881.4,859.45,862.65,861.9,870.65,872.4,-0.01117606602475929,False,False,False
SBIN,EQ,2024-08-02,862.65,856.7,858.3,846.15,847.75,847.85,850.62,12609331,10725742695.2,253151,5063625,40.16,-0.0171564365617573,1.0,856.7,858.3,846.15,847.85,847.75,850.62,862.65,-0.01715643656175736,False,False,False
SBIN,EQ,2024-08-05,847.85,830.0,831.35,800.0,810.0,811.65,815.37,27676951,22567000834.0,539085,12248505,44.26,-0.0426962316447485,1.0,830.0,831.35,800.0,811.65,810.0,815.37,847.85,-0.04269623164474856,False,False,False
SBIN,EQ,2024-08-06,811.65,822.65,826.55,795.65,799.75,797.7,810.02,17900930,14500066261.55,330145,6896556,38.53,-0.0171872112363702,1.0,822.65,826.55,795.65,797.7,799.75,810.02,811.65,-0.017187211236370237,False,False,False
SBIN,EQ,2024-08-07,797.7,809.0,810.7,800.55,809.95,808.65,805.9,17692355,14258183262.4,281837,6659048,37.64,0.0137269650244451,1.0,809.0,810.7,800.55,808.65,809.95,805.9,797.7,0.013726965024445148,False,False,False
SBIN,EQ,2024-08-08,808.65,812.0,817.8,802.8,808.15,808.05,809.92,14769069,11961721510.05,240989,4873913,33.0,-0.0007419773696902,1.0,812.0,817.8,802.8,808.05,808.15,809.92,808.65,-0.0007419773696902832,False,False,False
SBIN,EQ,2024-08-09,808.05,816.0,829.95,809.55,825.0,824.3,819.02,15320885,12548131438.55,212970,6212277,40.55,0.0201101416991522,1.0,816.0,829.95,809.55,824.3,825.0,819.02,808.05,0.020110141699152262,False,False,False
SBIN,EQ,2024-08-12,824.3,820.6,823.0,811.2,813.0,812.6,815.34,16120449,13143624493.8,250757,7779273,48.26,-0.0141938614582068,1.0,820.6,823.0,811.2,812.6,813.0,815.34,824.3,-0.014193861458206891,False,False,False
SBIN,EQ,2024-08-13,812.6,813.5,820.0,795.05,797.0,797.55,807.01,17585172,14191444287.0,322018,9731151,55.34,-0.018520797440315,1.0,813.5,820.0,795.05,797.55,797.0,807.01,812.6,-0.018520797440315095,False,False,False
SBIN,EQ,2024-08-14,797.55,800.95,809.15,800.4,803.2,803.0,803.92,11788665,9477100413.75,236789,4392805,37.26,0.0068334273713246,1.0,800.95,809.15,800.4,803.0,803.2,803.92,797.55,0.006833427371324641,False,False,False
SBIN,EQ,2024-08-16,803.0,803.0,814.9,803.0,811.4,812.1,810.05,11427335,9256764911.3,251297,3733766,32.67,0.0113325031133251,1.0,803.0,814.9,803.0,812.1,811.4,810.05,803.0,0.01133250311332512,False,False,False
SBIN,EQ,2024-08-19,812.1,815.0,825.4,812.6,814.6,813.7,817.66,10151482,8300440391.9,174502,2595511,25.57,0.0019702007141977,1.0,815.0,825.4,812.6,813.7,814.6,817.66,812.1,0.001970200714197734,False,False,False
SBIN,EQ,2024-08-20,813.7,817.95,823.0,813.35,819.0,820.3,819.61,10347493,8480942023.0,172376,3528916,34.1,0.0081110974560647,1.0,817.95,823.0,813.35,820.3,819.0,819.61,813.7,0.008111097456064753,False,False,False
SBIN,EQ,2024-08-21,820.3,820.3,821.0,811.2,816.6,815.55,815.09,14607257,11906194827.25,207262,6839709,46.82,-0.0057905644276484,1.0,820.3,821.0,811.2,815.55,816.6,815.09,820.3,-0.00579056442764847,False,False,False
SBIN,EQ,2024-08-22,815.55,819.0,823.9,817.1,820.0,820.3,820.73,7832917,6428745634.45,170021,2954022,37.71,0.0058242903562013,1.0,819.0,823.9,817.1,820.3,820.0,820.73,815.55,0.005824290356201356,False,False,False
SBIN,EQ,2024-08-23,820.3,821.5,822.0,814.5,815.8,815.35,817.21,5537747,4525482307.75,137876,2303827,41.6,-0.0060343776667072,1.0,821.5,822.0,814.5,815.35,815.8,817.21,820.3,-0.006034377666707225,False,False,False
SBIN,EQ,2024-08-26,815.35,818.0,823.45,813.8,815.4,815.05,818.73,8523795,6978712521.45,153882,3845255,45.11,-0.0003679401484025,1.0,818.0,823.45,813.8,815.05,815.4,818.73,815.35,-0.00036794014840257905,False,False,False
SBIN,EQ,2024-08-27,815.05,817.8,819.45,811.05,814.8,815.9,816.19,12833290,10474372291.35,188750,5496803,42.83,0.0010428808048585,1.0,817.8,819.45,811.05,815.9,814.8,816.19,815.05,0.0010428808048585925,False,False,False
SBIN,EQ,2024-08-28,815.9,814.75,817.2,806.5,807.95,809.4,812.23,10371300,8423916166.65,189651,4967658,47.9,-0.0079666625811987,1.0,814.75,817.2,806.5,809.4,807.95,812.23,815.9,-0.007966662581198714,False,False,False
SBIN,EQ,2024-08-29,809.4,809.55,816.0,806.95,815.7,814.5,812.98,18247268,14834679544.7,307266,10875917,59.6,0.0063009636767976,1.0,809.55,816.0,806.95,814.5,815.7,812.98,809.4,0.006300963676797666,False,False,False
SBIN,EQ,2024-08-30,814.5,817.15,820.7,814.35,816.25,815.6,816.37,8911426,7275003120.65,161440,5041096,56.57,0.0013505217925107,1.0,817.15,820.7,814.35,815.6,816.25,816.37,814.5,0.0013505217925107171,False,False,False
SBIN,EQ,2024-09-02,815.6,817.3,825.4,813.05,821.9,822.15,819.67,11813750,9683369620.85,279222,5400250,45.71,0.0080308974987739,1.0,817.3,825.4,813.05,822.15,821.9,819.67,815.6,0.008030897498773948,False,False,False
SBIN,EQ,2024-09-03,822.15,822.15,825.95,816.4,823.4,824.8,821.71,10548350,8667721196.75,197793,4940537,46.84,0.0032232560968192,1.0,822.15,825.95,816.4,824.8,823.4,821.71,822.15,0.0032232560968192825,False,False,False
SBIN,EQ,2024-09-04,824.8,815.45,818.65,813.65,816.25,816.5,816.16,10789570,8806044759.65,177040,5591452,51.82,-0.0100630455868088,1.0,815.45,818.65,813.65,816.5,816.25,816.16,824.8,-0.010063045586808816,False,False,False
SBIN,EQ,2024-09-05,816.5,818.35,822.15,814.4,818.0,818.75,819.29,8395074,6878027979.75,146739,3868041,46.08,0.0027556644213104,1.0,818.35,822.15,814.4,818.75,818.0,819.29,816.5,0.0027556644213104775,False,False,False
SBIN,EQ,2024-09-06,818.75,811.5,812.9,777.0,783.9,782.5,790.89,40220096,31809557552.9,753751,25389094,63.13,-0.0442748091603053,1.0,811.5,812.9,777.0,782.5,783.9,790.89,818.75,-0.04427480916030535,False,False,False
SBIN,EQ,2024-09-09,782.5,785.0,788.2,771.0,785.7,784.25,779.38,21322103,16618114365.0,416430,9042662,42.41,0.0022364217252395,1.0,785.0,788.2,771.0,784.25,785.7,779.38,782.5,0.0022364217252395235,False,False,False
SBIN,EQ,2024-09-10,784.25,788.0,788.8,777.5,782.5,782.65,782.41,12824701,10034164045.55,241486,4574940,35.67,-0.0020401657634683,1.0,788.0,788.8,777.5,782.65,782.5,782.41,784.25,-0.002040165763468327,False,False,False
SBIN,EQ,2024-09-11,782.65,780.05,788.0,765.4,771.0,768.6,775.71,20060665,15561242684.15,307051,8239030,41.07,-0.0179518303200664,1.0,780.05,788.0,765.4,768.6,771.0,775.71,782.65,-0.01795183032006642,False,False,False
SBIN,EQ,2024-09-12,768.6,775.0,789.9,772.75,786.5,787.75,780.47,17578964,13719861669.35,308964,8438868,48.01,0.0249154306531356,1.0,775.0,789.9,772.75,787.75,786.5,780.47,768.6,0.024915430653135617,False,False,False
SBIN,EQ,2024-09-13,787.75,791.0,795.0,785.1,789.7,790.85,790.44,12950936,10236936227.1,337655,6187541,47.78,0.0039352586480483,1.0,791.0,795.0,785.1,790.85,789.7,790.44,787.75,0.003935258648048334,False,False,False
SBIN,EQ,2024-09-16,790.85,790.85,795.0,784.4,786.55,785.55,788.19,9553736,7530168486.3,235580,5327116,55.76,-0.0067016501232851,1.0,790.85,795.0,784.4,785.55,786.55,788.19,790.85,-0.006701650123285163,False,False,False
SBIN,EQ,2024-09-17,785.55,785.6,787.5,780.55,782.75,782.9,784.12,10665630,8363182377.75,223966,5162399,48.4,-0.0033734326268219,1.0,785.6,787.5,780.55,782.9,782.75,784.12,785.55,-0.0033734326268219927,False,False,False
SBIN,EQ,2024-09-18,782.9,783.8,794.75,782.0,790.75,792.75,791.27,18324412,14499592000.2,255355,8687589,47.41,0.0125814280240132,1.0,783.8,794.75,782.0,792.75,790.75,791.27,782.9,0.012581428024013297,False,False,False
SBIN,EQ,2024-09-19,792.75,795.05,801.35,784.05,791.5,789.95,791.39,10645478,8424736778.3,218449,3657423,34.36,-0.003532008830022,1.0,795.05,801.35,784.05,789.95,791.5,791.39,792.75,-0.0035320088300220265,False,False,False
SBIN,EQ,2024-09-20,789.95,794.85,794.85,779.5,784.5,781.7,785.43,21372244,16786388691.7,265805,12419457,58.11,-0.0104436989682891,1.0,794.85,794.85,779.5,781.7,784.5,785.43,789.95,-0.010443698968289117,False,False,False
SBIN,EQ,2024-09-23,781.7,786.0,805.0,784.5,800.6,801.85,799.91,17309545,13846048008.9,323087,7488359,43.26,0.0257771523602403,1.0,786.0,805.0,784.5,801.85,800.6,799.91,781.7,0.025777152360240363,False,False,False
SBIN,EQ,2024-09-24,801.85,799.25,804.25,796.5,797.9,798.25,801.04,15180653,12160361927.75,241147,8566945,56.43,-0.0044896177589325,1.0,799.25,804.25,796.5,798.25,797.9,801.04,801.85,-0.004489617758932529,False,False,False
SBIN,EQ,2024-09-25,798.25,797.9,798.0,788.7,793.15,793.1,792.31,18465571,14630427178.9,222586,10244009,55.48,-0.0064516129032258,1.0,797.9,798.0,788.7,793.1,793.15,792.31,798.25,-0.006451612903225823,False,False,False
SBIN,EQ,2024-09-26,793.1,796.0,803.0,791.6,802.0,801.85,796.93,23198842,18487842395.85,240672,14651334,63.16,0.0110326566637246,1.0,796.0,803.0,791.6,801.85,802.0,796.93,793.1,0.01103265666372466,False,False,False
SBIN,EQ,2024-09-27,801.85,801.85,808.0,798.45,802.3,802.65,803.39,15193681,12206436482.05,231524,8426718,55.46,0.0009976928353183,1.0,801.85,808.0,798.45,802.65,802.3,803.39,801.85,0.0009976928353183645,False,False,False
SBIN,EQ,2024-09-30,802.65,801.9,802.6,786.45,788.0,787.9,791.89,15484573,12262130516.9,257965,9353248,60.4,-0.0183766274216656,1.0,801.9,802.6,786.45,787.9,788.0,791.89,802.65,-0.01837662742166568,False,False,False
SBIN,EQ,2024-10-01,787.9,788.0,800.35,788.0,795.5,796.95,796.12,13280535,10572965170.25,219272,5661416,42.63,0.0114862292169057,1.0,788.0,800.35,788.0,796.95,795.5,796.12,787.9,0.011486229216905786,False,False,False
SBIN,EQ,2024-10-03,796.95,789.9,804.0,784.3,793.0,794.1,793.84,15944135,12657016578.3,259077,6921704,43.41,-0.0035761340109166,1.0,789.9,804.0,784.3,794.1,793.0,793.84,796.95,-0.0035761340109166095,False,False,False
SBIN,EQ,2024-10-04,794.1,792.0,809.85,785.25,797.25,796.65,798.23,20097454,16042468814.1,287081,8048243,40.05,0.0032111824707214,1.0,792.0,809.85,785.25,796.65,797.25,798.23,794.1,0.0032111824707214964,False,False,False
SBIN,EQ,2024-10-07,796.65,800.0,804.0,765.4,774.0,770.65,779.47,24267990,18916063402.3,429825,9416159,38.8,-0.0326366660390384,1.0,800.0,804.0,765.4,770.65,774.0,779.47,796.65,-0.032636666039038476,False,False,False
SBIN,EQ,2024-10-08,770.65,772.25,784.4,772.25,781.0,781.45,779.95,8560960,6677095737.45,216893,3127574,36.53,0.0140141439044962,1.0,772.25,784.4,772.25,781.45,781.0,779.95,770.65,0.01401414390449629,False,False,False
SBIN,EQ,2024-10-09,781.45,786.7,804.35,782.05,795.8,797.4,796.77,18758697,14946296986.35,313365,5293233,28.22,0.0204107748416404,1.0,786.7,804.35,782.05,797.4,795.8,796.77,781.45,0.020410774841640444,False,False,False
SBIN,EQ,2024-10-10,797.4,799.0,804.45,795.0,797.0,797.1,799.19,10241015,8184502967.7,208285,4626396,45.18,-0.0003762227238525,1.0,799.0,804.45,795.0,797.1,797.0,799.19,797.4,-0.0003762227238525151,False,False,False
SBIN,EQ,2024-10-11,797.1,797.2,802.7,793.0,799.0,799.75,796.96,14322720,11414620098.5,188510,9963814,69.57,0.0033245514991844,1.0,797.2,802.7,793.0,799.75,799.0,796.96,797.1,0.003324551499184425,False,False,False
SBIN,EQ,2024-10-14,799.75,802.0,809.25,800.8,804.35,805.15,804.89,8967564,7217924843.8,187072,4139928,46.17,0.0067521100343856,1.0,802.0,809.25,800.8,805.15,804.35,804.89,799.75,0.006752110034385694,False,False,False
SBIN,EQ,2024-10-15,805.15,805.5,807.5,801.6,805.0,804.65,804.8,6252104,5031718258.1,116721,2476744,39.61,-0.0006210022977084,1.0,805.5,807.5,801.6,804.65,805.0,804.8,805.15,-0.0006210022977084506,False,False,False
SBIN,EQ,2024-10-16,804.65,802.8,809.0,802.05,805.9,805.45,805.74,6494240,5232680725.8,134895,3162341,48.69,0.0009942210899149,1.0,802.8,809.0,802.05,805.45,805.9,805.74,804.65,0.0009942210899149817,False,False,False
SBIN,EQ,2024-10-17,805.45,809.5,819.5,806.0,811.3,811.05,812.93,18580553,15104684368.5,252352,8848789,47.62,0.0069526351728845,1.0,809.5,819.5,806.0,811.05,811.3,812.93,805.45,0.00695263517288458,False,False,False
SBIN,EQ,2024-10-18,811.05,811.1,822.6,802.9,819.95,820.4,815.6,11704698,9546386592.9,228379,5177944,44.24,0.0115282658282473,1.0,811.1,822.6,802.9,820.4,819.95,815.6,811.05,0.011528265828247397,False,False,False
SBIN,EQ,2024-10-21,820.4,824.7,826.45,809.0,813.0,813.95,815.24,10359618,8445528708.75,222340,4827080,46.6,-0.0078620185275474,1.0,824.7,826.45,809.0,813.95,813.0,815.24,820.4,-0.00786201852754742,False,False,False
SBIN,EQ,2024-10-22,813.95,814.0,816.85,787.5,789.75,790.4,799.45,16645356,13307144297.6,344400,6987304,41.98,-0.0289329811413477,1.0,814.0,816.85,787.5,790.4,789.75,799.45,813.95,-0.02893298114134779,False,False,False
SBIN,EQ,2024-10-23,790.4,790.0,792.6,779.8,785.2,786.0,786.04,13866198,10899424425.0,250789,6046135,43.6,-0.0055668016194331,1.0,790.0,792.6,779.8,786.0,785.2,786.04,790.4,-0.005566801619433126,False,False,False
SBIN,EQ,2024-10-24,786.0,786.05,797.0,784.65,795.0,794.55,792.63,5607500,4444663312.5,133769,1617454,28.84,0.0108778625954197,1.0,786.05,797.0,784.65,794.55,795.0,792.63,786.0,0.010877862595419785,False,False,False
SBIN,EQ,2024-10-25,794.55,798.0,800.75,772.0,782.85,780.95,782.04,9717125,7599189822.9,260505,2942126,30.28,-0.0171166068843998,1.0,798.0,800.75,772.0,780.95,782.85,782.04,794.55,-0.017116606884399865,False,False,False
SBIN,EQ,2024-10-28,780.95,783.8,803.95,783.55,793.05,792.05,795.07,13757251,10937925921.65,301023,5834489,42.41,0.0142134579678594,1.0,783.8,803.95,783.55,792.05,793.05,795.07,780.95,0.014213457967859444,False,False,False
SBIN,EQ,2024-10-29,792.05,796.0,834.85,790.5,832.05,832.7,815.53,28274791,23058840172.45,530275,13842511,48.96,0.0513225175178335,1.0,796.0,834.85,790.5,832.7,832.05,815.53,792.05,0.051322517517833566,False,False,False
SBIN,EQ,2024-10-30,832.7,828.0,833.0,821.05,823.55,822.45,826.52,15977682,13205942901.5,216063,8712802,54.53,-0.0123093551098835,1.0,828.0,833.0,821.05,822.45,823.55,826.52,832.7,-0.012309355109883513,False,False,False
SBIN,EQ,2024-10-31,822.45,820.0,828.0,813.55,821.1,820.2,819.5,13402324,10983182912.9,201887,6675153,49.81,-0.0027357286157213,1.0,820.0,828.0,813.55,820.2,821.1,819.5,822.45,-0.0027357286157213556,False,False,False
SBIN,EQ,2024-11-01,820.2,822.4,825.6,818.9,821.95,821.2,822.73,1637141,1346929440.8,49950,685668,41.88,0.0012192148256522,1.0,822.4,825.6,818.9,821.2,821.95,822.73,820.2,0.0012192148256522373,False,False,False
SBIN,EQ,2024-11-04,821.2,822.7,837.5,807.1,830.25,829.85,821.64,14498161,11912319813.75,251372,5053368,34.86,0.0105333658061372,1.0,822.7,837.5,807.1,829.85,830.25,821.64,821.2,0.010533365806137285,False,False,False
SBIN,EQ,2024-11-05,829.85,829.85,851.4,826.25,847.85,849.2,840.67,26254561,22071434410.8,425258,12439000,47.38,0.0233174670121105,1.0,829.85,851.4,826.25,849.2,847.85,840.67,829.85,0.02331746701211057,False,False,False
SBIN,EQ,2024-11-06,849.2,849.2,861.4,846.2,855.85,854.8,855.57,15002433,12835557918.45,254740,7187073,47.91,0.0065944418276022,1.0,849.2,861.4,846.2,854.8,855.85,855.57,849.2,0.006594441827602271,False,False,False
SBIN,EQ,2024-11-07,854.8,861.0,862.4,846.7,858.35,859.6,855.61,15283847,13077081939.55,222825,7061658,46.2,0.0056153486195602,1.0,861.0,862.4,846.7,859.6,858.35,855.61,854.8,0.0056153486195602564,False,False,False
SBIN,EQ,2024-11-08,859.6,859.6,863.5,834.2,841.1,843.15,847.86,26139105,22162407955.75,449937,5747213,21.99,-0.0191368078175896,1.0,859.6,863.5,834.2,843.15,841.1,847.86,859.6,-0.01913680781758964,False,False,False
SBIN,EQ,2024-11-11,843.15,846.0,854.0,842.0,845.95,847.65,848.56,12621337,10709937374.2,263092,4214314,33.39,0.0053371286247998,1.0,846.0,854.0,842.0,847.65,845.95,848.56,843.15,0.005337128624799847,False,False,False
SBIN,EQ,2024-11-12,847.65,852.5,853.4,824.3,826.05,826.7,835.44,11350729,9482816605.05,250017,4096588,36.09,-0.0247153896065592,1.0,852.5,853.4,824.3,826.7,826.05,835.44,847.65,-0.02471538960655928,False,False,False
SBIN,EQ,2024-11-13,826.7,823.35,831.75,804.65,812.3,808.65,816.0,13756706,11225533633.65,281743,4553129,33.1,-0.0218337970243136,1.0,823.35,831.75,804.65,808.65,812.3,816.0,826.7,-0.02183379702431365,False,False,False
SBIN,EQ,2024-11-14,808.65,808.65,818.0,801.05,805.95,804.25,807.42,9461484,7639390395.6,223899,3099231,32.76,-0.0054411673777282,1.0,808.65,818.0,801.05,804.25,805.95,807.42,808.65,-0.005441167377728262,False,False,False
SBIN,EQ,2024-11-18,804.25,811.0,816.7,799.25,814.15,814.3,809.14,9322451,7543133216.15,224651,3084329,33.08,0.0124961143922908,1.0,811.0,816.7,799.25,814.3,814.15,809.14,804.25,0.012496114392290814,False,False,False
SBIN,EQ,2024-11-19,814.3,819.0,820.3,800.1,802.4,803.0,809.12,13677029,11066381236.25,249377,6209187,45.4,-0.0138769495272011,1.0,819.0,820.3,800.1,803.0,802.4,809.12,814.3,-0.013876949527201199,False,False,False
SBIN,EQ,2024-11-21,803.0,798.5,798.5,761.55,780.9,780.75,774.76,29486577,22844878143.8,546871,13737681,46.59,-0.0277085927770859,1.0,798.5,798.5,761.55,780.75,780.9,774.76,803.0,-0.027708592777085927,False,False,False
SBIN,EQ,2024-11-22,780.75,786.0,819.95,784.05,814.55,816.05,807.63,20665405,16689934313.4,351754,7006605,33.9,0.0452129362792186,1.0,786.0,819.95,784.05,816.05,814.55,807.63,780.75,0.04521293627921863,False,False,False
SBIN,EQ,2024-11-25,816.05,827.0,849.6,825.65,845.45,844.45,843.72,23434605,19772251993.95,300921,11815984,50.42,0.0348017891060596,1.0,827.0,849.6,825.65,844.45,845.45,843.72,816.05,0.03480178910605969,False,False,False
SBIN,EQ,2024-11-26,844.45,844.0,846.7,835.55,838.3,839.4,840.11,8893744,7471704211.5,155469,3491598,39.26,-0.005980223814317,1.0,844.0,846.7,835.55,839.4,838.3,840.11,844.45,-0.005980223814317065,False,False,False
SBIN,EQ,2024-11-27,839.4,838.5,842.5,832.1,834.85,834.1,836.67,8375108,7007242077.95,151032,2513440,30.01,-0.0063140338336906,1.0,838.5,842.5,832.1,834.1,834.85,836.67,839.4,-0.006314033833690669,False,False,False
SBIN,EQ,2024-11-28,834.1,834.1,845.8,830.5,840.55,838.85,838.8,13505677,11328615478.85,254541,6315265,46.76,0.0056947608200454,1.0,834.1,845.8,830.5,838.85,840.55,838.8,834.1,0.005694760820045497,False,False,False
SBIN,EQ,2024-11-29,838.85,841.1,844.05,831.55,838.7,838.95,838.26,10822949,9072392177.65,181367,4844086,44.76,0.0001192108243428,1.0,841.1,844.05,831.55,838.95,838.7,838.26,838.85,0.00011921082434285246,False,False,False
SBIN,EQ,2024-12-02,838.95,838.95,842.0,832.7,837.05,836.4,836.12,6651119,5561136354.1,181197,2781548,41.82,-0.0030395136778116,1.0,838.95,842.0,832.7,836.4,837.05,836.12,838.95,-0.003039513677811634,False,False,False
SBIN,EQ,2024-12-03,836.4,838.0,856.6,836.9,853.5,853.95,851.99,12186182,10382522739.05,235478,5822458,47.78,0.0209827833572453,1.0,838.0,856.6,836.9,853.95,853.5,851.99,836.4,0.02098278335724535,False,False,False
SBIN,EQ,2024-12-04,853.95,853.95,864.0,850.3,858.55,859.7,858.15,10749716,9224875560.05,237875,4781386,44.48,0.0067334153053457,1.0,853.95,864.0,850.3,859.7,858.55,858.15,853.95,0.006733415305345769,False,False,False
SBIN,EQ,2024-12-05,859.7,860.0,871.45,855.6,864.25,865.45,864.78,14716036,12726161186.9,242317,6030572,40.98,0.0066883796673258,1.0,860.0,871.45,855.6,865.45,864.25,864.78,859.7,0.006688379667325828,False,False,False
SBIN,EQ,2024-12-06,865.45,865.25,875.45,857.0,862.95,863.65,866.72,14520568,12585197103.0,451441,6793005,46.78,-0.0020798428563175,1.0,865.25,875.45,857.0,863.65,862.95,866.72,865.45,-0.002079842856317571,False,False,False
SBIN,EQ,2024-12-09,863.65,859.0,866.85,856.95,858.2,858.05,861.15,9630346,8293212615.95,186481,5245726,54.47,-0.0064841081456609,1.0,859.0,866.85,856.95,858.05,858.2,861.15,863.65,-0.006484108145660916,False,False,False
SBIN,EQ,2024-12-10,858.05,861.8,868.95,858.05,868.3,867.5,863.66,7379849,6373714111.45,158185,3723326,50.45,0.0110133442107103,1.0,861.8,868.95,858.05,867.5,868.3,863.66,858.05,0.011013344210710319,False,False,False
SBIN,EQ,2024-12-11,867.5,867.5,869.85,860.95,861.8,861.6,864.62,7006973,6058337344.15,167495,3163485,45.15,-0.0068011527377521,1.0,867.5,869.85,860.95,861.6,861.8,864.62,867.5,-0.00680115273775217,False,False,False
SBIN,EQ,2024-12-12,861.6,861.5,864.3,851.15,853.4,853.7,854.33,8845103,7556672637.1,168059,4718551,53.35,-0.0091689879294335,1.0,861.5,864.3,851.15,853.7,853.4,854.33,861.6,-0.009168987929433547,False,False,False
SBIN,EQ,2024-12-13,853.7,852.6,862.9,835.0,861.9,861.55,851.16,9379370,7983345804.15,228551,2989178,31.87,0.0091952676584279,1.0,852.6,862.9,835.0,861.55,861.9,851.16,853.7,0.00919526765842793,False,False,False
SBIN,EQ,2024-12-16,861.55,859.8,866.4,857.8,860.65,860.95,861.45,6432713,5541482948.45,151330,2975734,46.26,-0.000696419244385,1.0,859.8,866.4,857.8,860.95,860.65,861.45,861.55,-0.0006964192443850159,False,False,False
SBIN,EQ,2024-12-17,860.95,858.55,862.6,847.05,849.8,850.55,852.67,8791216,7496029790.2,193366,4808746,54.7,-0.0120796794238923,1.0,858.55,862.6,847.05,850.55,849.8,852.67,860.95,-0.01207967942389232,False,False,False
SBIN,EQ,2024-12-18,850.55,851.0,852.0,837.0,840.8,838.15,840.95,8295338,6975924558.0,186668,3935001,47.44,-0.0145788019516782,1.0,851.0,852.0,837.0,838.15,840.8,840.95,850.55,-0.014578801951678266,False,False,False
SBIN,EQ,2024-12-19,838.15,824.6,838.0,820.2,832.25,832.8,829.17,9453398,7838454819.8,192047,4066393,43.02,-0.0063831056493468,1.0,824.6,838.0,820.2,832.8,832.25,829.17,838.15,-0.006383105649346854,False,False,False
SBIN,EQ,2024-12-20,832.8,834.9,836.0,810.0,814.0,812.0,819.2,10244198,8392039433.55,183839,4363103,42.59,-0.0249759846301632,1.0,834.9,836.0,810.0,812.0,814.0,819.2,832.8,-0.02497598463016326,False,False,False
SBIN,EQ,2024-12-23,812.0,817.3,824.0,812.2,820.5,821.15,820.11,4933200,4045777516.7,127438,1203536,24.4,0.0112684729064038,1.0,817.3,824.0,812.2,821.15,820.5,820.11,812.0,0.01126847290640387,False,False,False
SBIN,EQ,2024-12-24,821.15,824.25,826.2,809.2,813.0,812.05,814.35,10602771,8634365124.3,155822,4886055,46.08,-0.0110820191195275,1.0,824.25,826.2,809.2,812.05,813.0,814.35,821.15,-0.011082019119527553,False,False,False
SBIN,EQ,2024-12-26,812.05,813.0,822.85,808.0,814.0,812.45,813.7,8318714,6768903488.3,145477,3585920,43.11,0.0004925805061266,1.0,813.0,822.85,808.0,812.45,814.0,813.7,812.05,0.0004925805061266608,False,False,False
SBIN,EQ,2024-12-27,812.45,816.3,818.3,797.2,800.85,799.65,806.26,10649800,8586560656.85,179691,6042312,56.74,-0.015754815680965,1.0,816.3,818.3,797.2,799.65,800.85,806.26,812.45,-0.01575481568096504,False,False,False
SBIN,EQ,2024-12-30,799.65,802.0,807.95,785.0,793.3,788.3,793.36,21515438,17069591751.15,317867,10754166,49.98,-0.0141937097480148,1.0,802.0,807.95,785.0,788.3,793.3,793.36,799.65,-0.014193709748014816,False,False,False
SBIN,EQ,2024-12-31,788.3,786.95,799.2,786.0,796.0,794.95,794.69,9086044,7220600207.7,162712,3771662,41.51,0.008435874667005,1.0,786.95,799.2,786.0,794.95,796.0,794.69,788.3,0.008435874667005017,False,False,False
SBIN,EQ,2025-01-01,794.95,795.55,798.65,789.5,794.3,793.2,793.85,7273098,5773733671.35,125843,3460010,47.57,-0.0022013963142335,1.0,795.55,798.65,789.5,793.2,794.3,793.85,794.95,-0.00220139631423355,False,False,False
SBIN,EQ,2025-01-02,793.2,795.0,802.4,787.0,802.25,801.2,795.88,11398319,9071709128.05,206144,5725585,50.23,0.0100857286938982,1.0,795.0,802.4,787.0,801.2,802.25,795.88,793.2,0.010085728693898233,False,False,False
SBIN,EQ,2025-01-03,801.2,801.2,809.5,792.15,793.3,793.4,798.97,13336514,10655490014.65,208457,6978565,52.33,-0.009735396904643,1.0,801.2,809.5,792.15,793.4,793.3,798.97,801.2,-0.00973539690464309,False,False,False
SBIN,EQ,2025-01-06,793.4,797.4,797.6,773.15,778.4,776.4,781.47,11419367,8923876463.45,289818,4985801,43.66,-0.0214267708595916,1.0,797.4,797.6,773.15,776.4,778.4,781.47,793.4,-0.02142677085959166,False,False,False
SBIN,EQ,2025-01-07,776.4,779.85,783.85,774.85,778.4,778.75,778.73,9669152,7529620598.7,188005,4636630,47.95,0.0030267903142711,1.0,779.85,783.85,774.85,778.75,778.4,778.73,776.4,0.0030267903142711106,False,False,False
SBIN,EQ,2025-01-08,778.75,780.9,783.95,760.1,771.35,771.15,767.67,15641490,12007486384.75,277739,8959386,57.28,-0.0097592295345104,1.0,780.9,783.95,760.1,771.15,771.35,767.67,778.75,-0.009759229534510472,False,False,False
SBIN,EQ,2025-01-09,771.15,771.15,771.35,726.25,762.0,760.45,760.13,15351029,11668746480.15,258299,5749049,37.45,-0.013875380924593,1.0,771.15,771.35,726.25,760.45,762.0,760.13,771.15,-0.013875380924593061,False,False,False
SBIN,EQ,2025-01-10,760.45,760.35,763.4,742.05,744.8,743.25,748.01,11779296,8811043804.5,275478,5262715,44.68,-0.0226181866000395,1.0,760.35,763.4,742.05,743.25,744.8,748.01,760.45,-0.022618186600039558,False,False,False
SBIN,EQ,2025-01-13,743.25,741.5,743.95,722.5,728.95,729.5,733.81,10414733,7642474249.65,254856,4211911,40.44,-0.0184998318197107,1.0,741.5,743.95,722.5,729.5,728.95,733.81,743.25,-0.01849983181971071,False,False,False
SBIN,EQ,2025-01-14,729.5,732.95,757.0,732.95,750.5,748.15,748.73,11960975,8955585470.3,242233,5383740,45.01,0.025565455791638,1.0,732.95,757.0,732.95,748.15,750.5,748.73,729.5,0.025565455791638048,False,False,False
SBIN,EQ,2025-01-15,748.15,753.15,758.9,750.0,754.95,753.7,754.48,7792299,5879131387.45,225171,3640939,46.72,0.0074182984695583,1.0,753.15,758.9,750.0,753.7,754.95,754.48,748.15,0.0074182984695583265,False,False,False
SBIN,EQ,2025-01-16,753.7,760.4,776.7,760.4,767.0,766.3,768.15,11816079,9076538069.2,204032,4992233,42.25,0.0167175268674537,1.0,760.4,776.7,760.4,766.3,767.0,768.15,753.7,0.016717526867453758,False,False,False
SBIN,EQ,2025-01-17,766.3,766.3,767.95,759.4,763.8,764.1,763.55,5766573,4403052207.15,147029,2234513,38.75,-0.0028709382748269,1.0,766.3,767.95,759.4,764.1,763.8,763.55,766.3,-0.002870938274826984,False,False,False
SBIN,EQ,2025-01-20,764.1,769.0,785.0,767.85,778.5,779.25,778.03,9198929,7157000810.05,211086,3654610,39.73,0.0198272477424421,1.0,769.0,785.0,767.85,779.25,778.5,778.03,764.1,0.019827247742442156,False,False,False
SBIN,EQ,2025-01-21,779.25,784.8,784.9,756.05,759.8,759.05,765.52,13751780,10527321816.95,278817,5552139,40.37,-0.0259223612447867,1.0,784.8,784.9,756.05,759.05,759.8,765.52,779.25,-0.02592236124478675,False,False,False
SBIN,EQ,2025-01-22,759.05,762.0,763.0,738.0,753.45,753.45,749.23,9908339,7423585184.0,233659,3473841,35.06,-0.0073776431065145,1.0,762.0,763.0,738.0,753.45,753.45,749.23,759.05,-0.007377643106514564,False,False,False
SBIN,EQ,2025-01-23,753.45,750.0,755.65,743.1,746.25,745.9,748.15,10986405,8219465974.0,220737,4797148,43.66,-0.0100205720353043,1.0,750.0,755.65,743.1,745.9,746.25,748.15,753.45,-0.010020572035304376,False,False,False
SBIN,EQ,2025-01-24,745.9,749.9,753.7,739.0,744.5,744.15,746.32,10579213,7895435197.0,174627,4635075,43.81,-0.0023461590025473,1.0,749.9,753.7,739.0,744.15,744.5,746.32,745.9,-0.00234615900254731,False,False,False
SBIN,EQ,2025-01-27,744.15,740.0,755.35,735.9,747.5,749.2,748.97,11433353,8563257255.5,227844,5009216,43.81,0.0067862662097695,1.0,740.0,755.35,735.9,749.2,747.5,748.97,744.15,0.00678626620976952,False,False,False
SBIN,EQ,2025-01-28,749.2,757.0,759.75,745.4,752.15,752.4,752.61,14140860,10642622577.4,282284,6076473,42.97,0.0042712226374799,1.0,757.0,759.75,745.4,752.4,752.15,752.61,749.2,0.004271222637479921,False,False,False
SBIN,EQ,2025-01-29,752.4,753.0,760.8,749.8,758.5,758.45,757.35,9251973,7006956312.6,267695,5101878,55.14,0.0080409356725146,1.0,753.0,760.8,749.8,758.45,758.5,757.35,752.4,0.008040935672514626,False,False,False
SBIN,EQ,2025-01-30,758.45,758.55,765.0,754.75,764.5,762.6,760.64,11085824,8432370364.65,236993,4847228,43.72,0.0054716856747312,1.0,758.55,765.0,754.75,762.6,764.5,760.64,758.45,0.005471685674731219,False,False,False
SBIN,EQ,2025-01-31,762.6,764.9,777.55,759.5,773.1,772.9,770.25,10083763,7766979527.6,213867,4603516,45.65,0.0135064253868344,1.0,764.9,777.55,759.5,772.9,773.1,770.25,762.6,0.013506425386834442,False,False,False
SBIN,EQ,2025-02-01,772.9,774.8,778.75,752.15,766.4,766.0,765.95,9363077,7171656657.15,146411,3289431,35.13,-0.0089274162246085,1.0,774.8,778.75,752.15,766.0,766.4,765.95,772.9,-0.008927416224608575,False,False,False
SBIN,EQ,2025-02-03,766.0,762.8,762.8,753.15,761.05,760.95,758.76,7862190,5965488760.55,182478,3312798,42.14,-0.006592689295039,1.0,762.8,762.8,753.15,760.95,761.05,758.76,766.0,-0.006592689295039089,False,False,False
SBIN,EQ,2025-02-04,760.95,767.0,781.25,765.65,778.5,779.2,776.12,12020807,9329536078.75,237155,5976288,49.72,0.0239831789210855,1.0,767.0,781.25,765.65,779.2,778.5,776.12,760.95,0.02398317892108559,False,False,False
SBIN,EQ,2025-02-05,779.2,780.0,782.0,765.0,765.5,766.05,771.76,13419162,10356328683.05,283249,6622567,49.35,-0.0168762833675565,1.0,780.0,782.0,765.0,766.05,765.5,771.76,779.2,-0.016876283367556533,False,False,False
SBIN,EQ,2025-02-06,766.05,769.0,770.85,750.05,753.95,752.25,758.86,32745391,24849300016.65,439301,13265813,40.51,-0.0180144899158017,1.0,769.0,770.85,750.05,752.25,753.95,758.86,766.05,-0.01801448991580179,False,False,False
SBIN,EQ,2025-02-07,752.25,759.8,759.9,731.75,736.4,737.2,740.52,37240692,27577411008.65,578986,17254403,46.33,-0.0200066467264871,1.0,759.8,759.9,731.75,737.2,736.4,740.52,752.25,-0.02000664672648711,False,False,False
SBIN,EQ,2025-02-10,737.2,740.0,743.9,733.4,736.5,736.8,737.43,12667049,9341009055.85,270972,6164871,48.67,-0.0005425935973957,1.0,740.0,743.9,733.4,736.8,736.5,737.43,737.2,-0.0005425935973957241,False,False,False
SBIN,EQ,2025-02-11,736.8,737.45,740.15,726.55,731.0,731.1,731.28,13017060,9519145846.95,236472,5476658,42.07,-0.0077361563517914,1.0,737.45,740.15,726.55,731.1,731.0,731.28,736.8,-0.007736156351791479,False,False,False
SBIN,EQ,2025-02-12,731.1,733.15,738.7,717.15,732.95,733.15,729.15,12697743,9258558059.35,242862,4679157,36.85,0.0028039939816713,1.0,733.15,738.7,717.15,733.15,732.95,729.15,731.1,0.0028039939816713044,False,False,False
SBIN,EQ,2025-02-13,733.15,734.4,737.5,726.15,726.8,727.65,731.83,12370571,9053189302.1,213728,6250040,50.52,-0.0075018754688672,1.0,734.4,737.5,726.15,727.65,726.8,731.83,733.15,-0.0075018754688672695,False,False,False
SBIN,EQ,2025-02-14,727.65,730.95,732.9,716.2,720.8,722.15,724.57,10417539,7548247748.35,221611,4300329,41.28,-0.0075585789871503,1.0,730.95,732.9,716.2,722.15,720.8,724.57,727.65,-0.0075585789871503994,False,False,False
SBIN,EQ,2025-02-17,722.15,719.05,728.75,711.55,727.9,727.7,721.67,9093600,6562543848.9,219084,3406046,37.46,0.0076853839230077,1.0,719.05,728.75,711.55,727.7,727.9,721.67,722.15,0.007685383923007771,False,False,False
SBIN,EQ,2025-02-18,727.7,727.7,728.25,717.35,725.5,725.8,723.76,8562003,6196817709.85,196786,4150815,48.48,-0.0026109660574413,1.0,727.7,728.25,717.35,725.8,725.5,723.76,727.7,-0.0026109660574413773,False,False,False
SBIN,EQ,2025-02-19,725.8,722.05,734.85,722.05,726.0,727.3,728.86,6766606,4931883943.6,141913,2425057,35.84,0.0020666850372004,1.0,722.05,734.85,722.05,727.3,726.0,728.86,725.8,0.002066685037200422,False,False,False
SBIN,EQ,2025-02-20,727.3,724.9,731.5,723.35,728.85,729.7,729.14,7423268,5412595518.05,149827,4098018,55.21,0.0032998762546405,1.0,724.9,731.5,723.35,729.7,728.85,729.14,727.3,0.0032998762546405658,False,False,False
SBIN,EQ,2025-02-21,729.7,727.3,731.7,720.0,720.35,722.0,724.72,6571602,4762573887.35,173223,2763973,42.06,-0.0105522817596273,1.0,727.3,731.7,720.0,722.0,720.35,724.72,729.7,-0.010552281759627302,False,False,False
SBIN,EQ,2025-02-24,722.0,710.5,719.75,710.5,716.2,716.4,715.85,6912148,4948071432.7,193311,3131540,45.3,-0.0077562326869806,1.0,710.5,719.75,710.5,716.4,716.2,715.85,722.0,-0.007756232686980669,False,False,False
SBIN,EQ,2025-02-25,716.4,718.95,718.95,710.0,710.05,710.9,713.58,8599635,6136527160.15,185705,4008662,46.61,-0.007677275265215,1.0,718.95,718.95,710.0,710.9,710.05,713.58,716.4,-0.007677275265215,False,False,False
SBIN,EQ,2025-02-27,710.9,716.0,717.7,701.1,702.3,703.9,707.28,12033139,8510789065.15,205060,6636325,55.15,-0.0098466732311154,1.0,716.0,717.7,701.1,703.9,702.3,707.28,710.9,-0.009846673231115433,False,False,False
SBIN,EQ,2025-02-28,703.9,700.9,701.35,682.6,689.8,688.8,690.06,15780609,10889517995.15,252397,9346941,59.23,-0.0214519107827816,1.0,700.9,701.35,682.6,688.8,689.8,690.06,703.9,-0.021451910782781636,False,False,False
SBIN,EQ,2025-03-03,688.8,690.15,697.4,680.0,696.15,695.3,689.59,10598479,7308557453.6,187766,4901081,46.24,0.0094367015098721,1.0,690.15,697.4,680.0,695.3,696.15,689.59,688.8,0.009436701509872192,False,False,False
SBIN,EQ,2025-03-04,695.3,693.0,718.45,692.1,716.4,716.05,712.88,14386214,10255688811.35,220118,6324959,43.97,0.0298432331367755,1.0,693.0,718.45,692.1,716.05,716.4,712.88,695.3,0.029843233136775504,False,False,False
SBIN,EQ,2025-03-05,716.05,717.55,731.3,717.0,730.0,730.35,725.61,10409805,7553494263.1,189027,5812211,55.83,0.0199706724390755,1.0,717.55,731.3,717.0,730.35,730.0,725.61,716.05,0.019970672439075576,False,False,False
SBIN,EQ,2025-03-06,730.35,736.0,736.75,727.0,730.25,732.05,731.45,10928847,7993892337.1,211006,6331838,57.94,0.0023276511261722,1.0,736.0,736.75,727.0,732.05,730.25,731.45,730.35,0.002327651126172281,False,False,False
SBIN,EQ,2025-03-07,732.05,732.05,734.85,728.0,731.95,732.75,731.74,7246729,5302755367.95,169004,3837316,52.95,0.0009562188375111,1.0,732.05,734.85,728.0,732.75,731.95,731.74,732.05,0.0009562188375111802,False,False,False
SBIN,EQ,2025-03-10,732.75,732.75,738.5,726.6,727.7,728.9,732.3,7400109,5419125663.5,140264,4107288,55.5,-0.0052541794609348,1.0,732.75,738.5,726.6,728.9,727.7,732.3,732.75,-0.005254179460934871,False,False,False
SBIN,EQ,2025-03-11,728.9,724.9,734.05,722.7,729.9,729.85,729.33,5538789,4039629878.35,106128,2695190,48.66,0.0013033337906434,1.0,724.9,734.05,722.7,729.85,729.9,729.33,728.9,0.0013033337906434017,False,False,False
SBIN,EQ,2025-03-12,729.85,730.6,737.0,719.05,722.75,723.05,726.43,5547762,4030071050.6,109147,2232288,40.24,-0.0093169829417004,1.0,730.6,737.0,719.05,723.05,722.75,726.43,729.85,-0.009316982941700469,False,False,False
SBIN,EQ,2025-03-13,723.05,725.9,731.45,724.5,728.0,727.85,728.41,5908337,4303676476.6,154692,2681024,45.38,0.0066385450522095,1.0,725.9,731.45,724.5,727.85,728.0,728.41,723.05,0.00663854505220951,False,False,False
SBIN,EQ,2025-03-17,727.85,728.9,731.25,722.3,723.3,723.15,724.77,5149565,3732235269.5,100779,2676234,51.97,-0.0064573744590231,1.0,728.9,731.25,722.3,723.15,723.3,724.77,727.85,-0.0064573744590231685,False,False,False
SBIN,EQ,2025-03-18,723.15,726.6,738.45,722.6,737.65,736.7,731.34,8087710,5914829898.9,164100,4090532,50.58,0.018737468021849,1.0,726.6,738.45,722.6,736.7,737.65,731.34,723.15,0.018737468021849057,False,False,False
SBIN,EQ,2025-03-19,736.7,739.6,749.3,739.1,745.05,745.1,745.26,7604850,5667568731.1,143607,3719924,48.92,0.0114021989955206,1.0,739.6,749.3,739.1,745.1,745.05,745.26,736.7,0.01140219899552064,False,False,False
SBIN,EQ,2025-03-20,745.1,748.0,752.7,744.2,748.5,749.55,748.29,6963197,5210523085.7,230012,3579165,51.4,0.0059723527043349,1.0,748.0,752.7,744.2,749.55,748.5,748.29,745.1,0.005972352704334938,False,False,False
SBIN,EQ,2025-03-21,749.55,749.95,755.6,747.0,754.5,753.2,752.25,9577327,7204591918.55,151097,6089164,63.58,0.0048695884197185,1.0,749.95,755.6,747.0,753.2,754.5,752.25,749.55,0.004869588419718518,False,False,False
SBIN,EQ,2025-03-24,753.2,758.0,782.95,755.1,781.0,780.8,772.33,12095064,9341333502.05,215047,5966447,49.33,0.0366436537440253,1.0,758.0,782.95,755.1,780.8,781.0,772.33,753.2,0.03664365374402534,False,False,False
SBIN,EQ,2025-03-25,780.8,783.9,786.0,769.2,770.35,772.85,777.02,15190143,11803003386.5,227394,8257689,54.36,-0.0101818647540983,1.0,783.9,786.0,769.2,772.85,770.35,777.02,780.8,-0.010181864754098324,False,False,False
SBIN,EQ,2025-03-26,772.85,772.0,776.05,761.45,762.7,764.0,767.9,7711852,5921902187.95,195361,4188367,54.31,-0.0114511224687844,1.0,772.0,776.05,761.45,764.0,762.7,767.9,772.85,-0.011451122468784436,False,False,False
SBIN,EQ,2025-03-27,764.0,763.8,775.8,760.5,772.05,772.3,770.57,15648616,12058372899.4,175954,10429907,66.65,0.0108638743455495,1.0,763.8,775.8,760.5,772.3,772.05,770.57,764.0,0.010863874345549585,False,False,False
SBIN,EQ,2025-03-28,772.3,772.1,778.6,767.0,771.2,771.5,773.3,7628185,5898886414.55,119920,3881056,50.88,-0.0010358668911044,1.0,772.1,778.6,767.0,771.5,771.2,773.3,772.3,-0.0010358668911044644,False,False,False
SBIN,EQ,2025-04-01,771.5,766.8,782.75,763.2,771.25,771.7,772.17,7011125,5413777287.45,214639,2859726,40.79,0.0002592352559949,1.0,766.8,782.75,763.2,771.7,771.25,772.17,771.5,0.00025923525599491626,False,False,False
SBIN,EQ,2025-04-02,771.7,772.3,777.0,764.3,776.6,775.95,772.51,5458436,4216703463.55,119114,2595030,47.54,0.0055073214979914,1.0,772.3,777.0,764.3,775.95,776.6,772.51,771.7,0.005507321497991491,False,False,False
SBIN,EQ,2025-04-03,775.95,770.0,784.7,769.95,779.9,779.2,778.44,7956680,6193805584.15,140239,4032321,50.68,0.0041884142019459,1.0,770.0,784.7,769.95,779.2,779.9,778.44,775.95,0.004188414201945934,False,False,False
SBIN,EQ,2025-04-04,779.2,779.1,782.9,765.0,769.0,767.45,773.82,8231194,6369455086.45,147204,3640339,44.23,-0.015079568788501,1.0,779.1,782.9,765.0,767.45,769.0,773.82,779.2,-0.01507956878850103,False,False,False
SBIN,EQ,2025-04-07,767.45,730.0,753.7,730.0,749.0,746.9,742.21,14923235,11076177328.65,291536,8619013,57.76,-0.0267769887289075,1.0,730.0,753.7,730.0,746.9,749.0,742.21,767.45,-0.026776988728907547,False,False,False
SBIN,EQ,2025-04-08,746.9,760.0,774.0,758.15,770.0,768.6,767.45,12911288,9908728355.8,212013,6723264,52.07,0.0290534208059982,1.0,760.0,774.0,758.15,768.6,770.0,767.45,746.9,0.029053420805998265,False,False,False
SBIN,EQ,2025-04-09,768.6,767.0,767.95,741.0,742.45,742.2,751.33,11319387,8504647288.25,208433,4807462,42.47,-0.0343481654957064,1.0,767.0,767.95,741.0,742.2,742.45,751.33,768.6,-0.034348165495706406,False,False,False
SBIN,EQ,2025-04-11,742.2,759.0,759.7,746.0,753.85,753.85,752.58,9360327,7044429057.55,200062,4571016,48.83,0.0156965777418485,1.0,759.0,759.7,746.0,753.85,753.85,752.58,742.2,0.015696577741848516,False,False,False
SBIN,EQ,2025-04-15,753.85,770.0,770.7,757.1,764.5,763.5,765.37,7859090,6015134839.8,167851,4177413,53.15,0.0128009550971679,1.0,770.0,770.7,757.1,763.5,764.5,765.37,753.85,0.012800955097167943,False,False,False
SBIN,EQ,2025-04-16,763.5,763.5,774.75,760.5,772.15,771.75,769.27,12536694,9644113410.45,204698,7507493,59.88,0.0108055009823182,1.0,763.5,774.75,760.5,771.75,772.15,769.27,763.5,0.01080550098231825,False,False,False
SBIN,EQ,2025-04-17,771.75,772.0,801.0,767.15,793.85,797.45,787.54,27034818,21290993764.1,335841,14120137,52.23,0.0333009394233885,1.0,772.0,801.0,767.15,797.45,793.85,787.54,771.75,0.03330093942338852,False,False,False
SBIN,EQ,2025-04-21,797.45,803.0,824.35,801.4,817.2,816.7,817.02,16398507,13397975541.0,359684,7176294,43.76,0.0241394444792777,1.0,803.0,824.35,801.4,816.7,817.2,817.02,797.45,0.02413944447927774,False,False,False
SBIN,EQ,2025-04-22,816.7,821.15,835.5,814.0,821.3,822.4,827.32,25117557,20780349179.95,323370,15434003,61.45,0.0069793069670625,1.0,821.15,835.5,814.0,822.4,821.3,827.32,816.7,0.006979306967062504,False,False,False
SBIN,EQ,2025-04-23,822.4,826.0,831.0,810.1,813.5,813.45,817.36,12104382,9893605141.3,174170,5768691,47.66,-0.0108827821011672,1.0,826.0,831.0,810.1,813.45,813.5,817.36,822.4,-0.010882782101167221,False,False,False
SBIN,EQ,2025-04-24,813.45,812.75,819.0,811.15,812.0,813.4,814.85,12713521,10359638546.25,141306,6568504,51.67,-6.146659290684475e-05,1.0,812.75,819.0,811.15,813.4,812.0,814.85,813.45,-6.146659290684475e-05,False,False,False
SBIN,EQ,2025-04-25,813.4,815.0,819.0,787.0,797.4,798.65,799.45,13131038,10497610552.7,223526,6101067,46.46,-0.0181337595279075,1.0,815.0,819.0,787.0,798.65,797.4,799.45,813.4,-0.018133759527907523,False,False,False
SBIN,EQ,2025-04-28,798.65,798.65,822.8,797.4,816.55,817.35,814.04,11317611,9212982723.4,199250,5060921,44.72,0.0234145119889814,1.0,798.65,822.8,797.4,817.35,816.55,814.04,798.65,0.02341451198898148,False,False,False
SBIN,EQ,2025-04-29,817.35,820.0,829.0,809.0,810.75,812.55,819.0,11283059,9240843611.6,231689,5082312,45.04,-0.0058726371811342,1.0,820.0,829.0,809.0,812.55,810.75,819.0,817.35,-0.005872637181134288,False,False,False
SBIN,EQ,2025-04-30,812.55,811.5,811.5,784.5,787.6,788.65,791.14,25635764,20281571431.1,476377,17570656,68.54,-0.0294135745492585,1.0,811.5,811.5,784.5,788.65,787.6,791.14,812.55,-0.029413574549258525,False,False,False
SBIN,EQ,2025-05-02,788.65,790.35,803.4,789.0,799.8,800.0,795.71,17199386,13685736797.75,281692,9682514,56.3,0.0143916819882077,1.0,790.35,803.4,789.0,800.0,799.8,795.71,788.65,0.014391681988207727,False,False,False
SBIN,EQ,2025-05-05,800.0,782.0,799.0,782.0,790.6,790.0,789.65,23986447,18940919612.0,422162,13158702,54.86,-0.0124999999999999,1.0,782.0,799.0,782.0,790.0,790.6,789.65,800.0,-0.012499999999999956,False,False,False
SBIN,EQ,2025-05-06,790.0,793.95,799.15,771.1,772.8,774.1,777.79,18869468,14676463740.85,344651,11877896,62.95,-0.0201265822784809,1.0,793.95,799.15,771.1,774.1,772.8,777.79,790.0,-0.020126582278480964,False,False,False
SBIN,EQ,2025-05-07,774.1,765.3,782.4,764.55,777.8,776.1,775.68,15586266,12089945664.9,254691,8929587,57.29,0.0025836455238341,1.0,765.3,782.4,764.55,776.1,777.8,775.68,774.1,0.002583645523834166,False,False,False
SBIN,EQ,2025-05-08,776.1,779.0,786.5,764.0,765.45,769.0,775.8,14491673,11242592363.7,202239,8463408,58.4,-0.0091483056307176,1.0,779.0,786.5,764.0,769.0,765.45,775.8,776.1,-0.009148305630717668,False,False,False
SBIN,EQ,2025-05-09,769.0,756.5,781.7,755.5,780.5,779.25,772.28,13578216,10486227680.4,246098,6367464,46.89,0.0133289986996099,1.0,756.5,781.7,755.5,779.25,780.5,772.28,769.0,0.013328998699609906,False,False,False
SBIN,EQ,2025-05-12,779.25,799.0,803.9,793.0,800.95,801.65,799.87,15096824,12075421793.8,173252,7170835,47.5,0.0287455887070902,1.0,799.0,803.9,793.0,801.65,800.95,799.87,779.25,0.02874558870709021,False,False,False
SBIN,EQ,2025-05-13,801.65,798.6,807.65,797.2,801.95,801.75,802.32,13909596,11159932476.1,201551,6430668,46.23,0.0001247427181438,1.0,798.6,807.65,797.2,801.75,801.95,802.32,801.65,0.0001247427181438887,False,False,False
SBIN,EQ,2025-05-14,801.75,805.75,807.5,796.3,802.4,800.7,801.49,9281719,7439187440.95,146698,4880805,52.59,-0.0013096351730589,1.0,805.75,807.5,796.3,800.7,802.4,801.49,801.75,-0.0013096351730589317,False,False,False
SBIN,EQ,2025-05-15,800.7,804.45,809.45,794.5,808.0,807.75,802.04,17058854,13681951074.05,200305,7580614,44.44,0.0088047958036716,1.0,804.45,809.45,794.5,807.75,808.0,802.04,800.7,0.008804795803671661,False,False,False
SBIN,EQ,2025-05-16,807.75,804.0,804.0,791.0,792.5,792.1,794.09,14733924,11700004865.75,241785,7926803,53.8,-0.019374806561436,1.0,804.0,804.0,791.0,792.1,792.5,794.09,807.75,-0.019374806561436086,False,False,False
SBIN,EQ,2025-05-19,792.1,792.1,801.4,792.1,794.45,795.0,796.74,10666184,8498149477.5,194011,4652671,43.62,0.0036611538947102,1.0,792.1,801.4,792.1,795.0,794.45,796.74,792.1,0.003661153894710223,False,False,False
SBIN,EQ,2025-05-20,795.0,798.15,799.4,783.8,786.7,785.65,788.84,11324667,8933354461.85,169563,6042885,53.36,-0.0117610062893082,1.0,798.15,799.4,783.8,785.65,786.7,788.84,795.0,-0.011761006289308207,False,False,False
SBIN,EQ,2025-05-21,785.65,787.0,791.0,779.1,787.2,787.1,786.0,8206040,6449939895.55,130051,3107771,37.87,0.001845605549545,1.0,787.0,791.0,779.1,787.1,787.2,786.0,785.65,0.0018456055495450485,False,False,False
SBIN,EQ,2025-05-22,787.1,788.0,788.2,780.3,785.8,785.25,784.47,7355826,5770452205.0,160443,3056122,41.55,-0.0023504002032779,1.0,788.0,788.2,780.3,785.25,785.8,784.47,787.1,-0.0023504002032779248,False,False,False
SBIN,EQ,2025-05-23,785.25,787.9,794.95,786.2,790.25,790.5,790.74,5534158,4376097515.6,106313,2097387,37.9,0.0066857688634192,1.0,787.9,794.95,786.2,790.5,790.25,790.74,785.25,0.006685768863419206,False,False,False
SBIN,EQ,2025-05-26,790.5,792.0,797.55,789.2,794.15,794.4,794.09,4965466,3943015064.15,98636,2019564,40.67,0.0049335863377608,1.0,792.0,797.55,789.2,794.4,794.15,794.09,790.5,0.004933586337760865,False,False,False
SBIN,EQ,2025-05-27,794.4,794.4,801.35,790.05,794.25,793.7,795.55,11995043,9542679873.15,178381,5896957,49.16,-0.0008811681772405,1.0,794.4,801.35,790.05,793.7,794.25,795.55,794.4,-0.0008811681772405988,False,False,False
SBIN,EQ,2025-05-28,793.7,794.5,798.9,792.65,796.0,796.55,796.29,6873519,5473317160.35,113841,3302311,48.04,0.0035907773718029,1.0,794.5,798.9,792.65,796.55,796.0,796.29,793.7,0.0035907773718029112,False,False,False
SBIN,EQ,2025-05-29,796.55,799.0,800.4,791.35,798.1,797.35,794.95,14034127,11156361147.65,281565,7075872,50.42,0.0010043311782061,1.0,799.0,800.4,791.35,797.35,798.1,794.95,796.55,0.001004331178206197,False,False,False
SBIN,EQ,2025-05-30,797.35,798.0,814.5,792.6,814.0,812.3,807.33,22037314,17791279933.65,217715,14641733,66.44,0.0187496080767541,1.0,798.0,814.5,792.6,812.3,814.0,807.33,797.35,0.018749608076754187,False,False,False
SBIN,EQ,2025-06-02,812.3,812.85,822.55,809.2,813.5,813.65,814.73,26891575,21909310086.45,218771,15831348,58.87,0.0016619475563215,1.0,812.85,822.55,809.2,813.65,813.5,814.73,812.3,0.0016619475563215413,False,False,False
SBIN,EQ,2025-06-03,813.65,816.2,818.4,805.15,808.2,809.8,811.05,14247597,11555479376.75,175051,8650476,60.72,-0.0047317642721071,1.0,816.2,818.4,805.15,809.8,808.2,811.05,813.65,-0.004731764272107197,False,False,False
SBIN,EQ,2025-06-04,809.8,817.0,817.0,805.25,805.5,806.5,808.79,9607927,7770821872.9,136010,5777557,60.13,-0.0040750802667324,1.0,817.0,817.0,805.25,806.5,805.5,808.79,809.8,-0.004075080266732423,False,False,False
SBIN,EQ,2025-06-05,806.5,808.7,811.7,802.85,806.8,806.0,806.79,13595507,10968653855.65,176672,8216020,60.43,-0.0006199628022318,1.0,808.7,811.7,802.85,806.0,806.8,806.79,806.5,-0.000619962802231866,False,False,False
SBIN,EQ,2025-06-06,806.0,806.65,816.45,803.1,812.65,813.05,811.87,17163935,13934918691.45,202699,7421034,43.24,0.0087468982630272,1.0,806.65,816.45,803.1,813.05,812.65,811.87,806.0,0.008746898263027214,False,False,False
SBIN,EQ,2025-06-09,813.05,817.4,824.5,815.7,820.0,820.05,820.86,12793040,10501357386.3,195288,8199107,64.09,0.0086095566078348,1.0,817.4,824.5,815.7,820.05,820.0,820.86,813.05,0.0086095566078348,False,False,False
SBIN,EQ,2025-06-10,820.05,821.0,822.05,814.6,817.0,817.05,818.07,6560513,5366931400.75,173698,3670247,55.94,-0.0036583135174684,1.0,821.0,822.05,814.6,817.05,817.0,818.07,820.05,-0.003658313517468481,False,False,False
SBIN,EQ,2025-06-11,817.05,817.0,820.6,813.05,814.4,815.05,817.21,7197825,5882109303.9,109100,3844818,53.42,-0.0024478306101217,1.0,817.0,820.6,813.05,815.05,814.4,817.21,817.05,-0.0024478306101217706,False,False,False
SBIN,EQ,2025-06-12,815.05,816.0,816.5,801.2,804.0,805.95,809.23,13448521,10882909973.85,154034,8213610,61.07,-0.0111649592049566,1.0,816.0,816.5,801.2,805.95,804.0,809.23,815.05,-0.011164959204956637,False,False,False
SBIN,EQ,2025-06-13,805.95,786.25,796.3,786.25,793.3,792.35,792.35,11377117,9014634064.3,196572,6183251,54.35,-0.0168744959364725,1.0,786.25,796.3,786.25,792.35,793.3,792.35,805.95,-0.0168744959364725,False,False,False
SBIN,EQ,2025-06-16,792.35,792.5,795.4,786.15,793.0,792.5,791.28,8085001,6397493172.15,157361,4160675,51.46,0.000189310279548,1.0,792.5,795.4,786.15,792.5,793.0,791.28,792.35,0.00018931027954804946,False,False,False
SBIN,EQ,2025-06-17,792.5,794.0,798.85,790.55,792.05,792.3,794.06,7753156,6156466697.6,115931,4352316,56.14,-0.0002523659305994,1.0,794.0,798.85,790.55,792.3,792.05,794.06,792.5,-0.0002523659305994075,False,False,False
SBIN,EQ,2025-06-18,792.3,792.5,795.5,788.35,790.4,791.9,791.48,5710169,4519500759.9,136624,2843182,49.79,-0.0005048592704782,1.0,792.5,795.5,788.35,791.9,790.4,791.48,792.3,-0.0005048592704782751,False,False,False
SBIN,EQ,2025-06-19,791.9,792.35,793.25,781.7,782.6,785.1,786.26,11824333,9297045726.7,289212,6593944,55.77,-0.0085869427958075,1.0,792.35,793.25,781.7,785.1,782.6,786.26,791.9,-0.008586942795807517,False,False,False
SBIN,EQ,2025-06-20,785.1,787.5,799.45,786.1,795.25,796.15,794.39,11367669,9030330594.45,169215,6915523,60.84,0.0140746401732263,1.0,787.5,799.45,786.1,796.15,795.25,794.39,785.1,0.01407464017322635,False,False,False
SBIN,EQ,2025-06-23,796.15,790.0,794.95,788.5,790.0,790.2,791.21,5549253,4390604870.65,131841,2972352,53.56,-0.0074734660553914,1.0,790.0,794.95,788.5,790.2,790.0,791.21,796.15,-0.007473466055391453,False,False,False
SBIN,EQ,2025-06-24,790.2,799.0,806.65,793.65,795.75,795.4,799.6,11402190,9117165780.85,184002,5318397,46.64,0.0065806125031637,1.0,799.0,806.65,793.65,795.4,795.75,799.6,790.2,0.006580612503163774,False,False,False
SBIN,EQ,2025-06-25,795.4,799.5,803.8,796.1,800.0,800.05,799.91,6528324,5222095310.0,131096,3347834,51.28,0.0058461151621824,1.0,799.5,803.8,796.1,800.05,800.0,799.91,795.4,0.005846115162182475,False,False,False
SBIN,EQ,2025-06-26,800.05,802.0,803.35,791.4,796.05,797.05,795.08,24704402,19641948457.0,208543,16405235,66.41,-0.0037497656396475,1.0,802.0,803.35,791.4,797.05,796.05,795.08,800.05,-0.003749765639647573,False,False,False
SBIN,EQ,2025-06-27,797.05,805.0,809.45,802.65,804.55,805.4,805.86,19375990,15614254535.75,262127,11060747,57.08,0.0104761307320746,1.0,805.0,809.45,802.65,805.4,804.55,805.86,797.05,0.010476130732074651,False,False,False
SBIN,EQ,2025-06-30,805.4,809.0,821.0,807.05,819.85,820.35,816.64,19652607,16049137157.55,249562,11255428,57.27,0.0185622051154705,1.0,809.0,821.0,807.05,820.35,819.85,816.64,805.4,0.018562205115470576,False,False,False
SBIN,EQ,2025-07-01,820.35,820.0,824.9,813.25,820.2,820.3,819.76,11456405,9391484331.05,157197,6222800,54.32,-6.094959468527783e-05,1.0,820.0,824.9,813.25,820.3,820.2,819.76,820.35,-6.094959468527783e-05,False,False,False
SBIN,EQ,2025-07-02,820.3,821.0,824.05,809.0,812.7,812.9,814.81,6661200,5427583829.55,121545,2892137,43.42,-0.0090210898451785,1.0,821.0,824.05,809.0,812.9,812.7,814.81,820.3,-0.009021089845178576,False,False,False
SBIN,EQ,2025-07-03,812.9,813.5,814.5,805.8,807.0,807.1,809.78,7020403,5684973436.05,137793,3060963,43.6,-0.00713494894821,1.0,813.5,814.5,805.8,807.1,807.0,809.78,812.9,-0.007134948948210096,False,False,False
SBIN,EQ,2025-07-04,807.1,808.75,813.85,804.1,811.25,811.85,808.47,4319538,3492204634.35,96453,1715122,39.71,0.0058852682443315,1.0,808.75,813.85,804.1,811.85,811.25,808.47,807.1,0.005885268244331554,False,False,False
SBIN,EQ,2025-07-07,811.85,811.2,812.65,805.15,807.0,806.85,807.71,4461783,3603840471.15,110862,2513816,56.34,-0.0061587731723841,1.0,811.2,812.65,805.15,806.85,807.0,807.71,811.85,-0.006158773172384113,False,False,False
SBIN,EQ,2025-07-08,806.85,807.9,813.55,805.35,812.25,812.65,809.46,5935770,4804795680.55,152435,3347019,56.39,0.0071884489062401,1.0,807.9,813.55,805.35,812.65,812.25,809.46,806.85,0.007188448906240152,False,False,False
SBIN,EQ,2025-07-09,812.65,810.0,812.45,809.0,811.0,810.95,810.91,4099112,3323995623.6,171040,2320543,56.61,-0.0020919214914169,1.0,810.0,812.45,809.0,810.95,811.0,810.91,812.65,-0.0020919214914169038,False,False,False
SBIN,EQ,2025-07-10,810.95,811.3,815.5,806.9,807.55,808.0,810.53,12178137,9870766879.95,171580,7633181,62.68,-0.003637708859979,1.0,811.3,815.5,806.9,808.0,807.55,810.53,810.95,-0.0036377088599790497,False,False,False
SBIN,EQ,2025-07-11,808.0,807.55,812.55,804.55,808.6,808.65,808.72,6202372,5015955117.9,143253,3729014,60.12,0.0008044554455444,1.0,807.55,812.55,804.55,808.65,808.6,808.72,808.0,0.0008044554455444164,False,False,False
SBIN,EQ,2025-07-14,808.65,809.8,815.5,808.0,809.1,808.85,810.6,6938635,5624460859.0,112079,4338060,62.52,0.0002473257898967,1.0,809.8,815.5,808.0,808.85,809.1,810.6,808.65,0.00024732578989672405,False,False,False
SBIN,EQ,2025-07-15,808.85,811.0,821.0,810.5,816.4,816.45,816.69,9297645,7593279897.1,163000,4658533,50.1,0.0093960561290722,1.0,811.0,821.0,810.5,816.45,816.4,816.69,808.85,0.009396056129072239,False,False,False
SBIN,EQ,2025-07-16,816.45,816.0,834.2,815.3,830.5,831.7,827.89,16458920,13626244060.15,287903,8506197,51.68,0.0186784248882356,1.0,816.0,834.2,815.3,831.7,830.5,827.89,816.45,0.01867842488823568,False,False,False
SBIN,EQ,2025-07-17,831.7,838.4,842.5,826.35,828.75,829.0,834.43,23073718,19253323758.6,267805,12283837,53.24,-0.0032463628712277,1.0,838.4,842.5,826.35,829.0,828.75,834.43,831.7,-0.0032463628712277037,False,False,False
SBIN,EQ,2025-07-18,829.0,832.0,832.65,820.25,823.0,823.35,823.4,15387801,12670269957.1,177062,10967785,71.28,-0.0068154402895054,1.0,832.0,832.65,820.25,823.35,823.0,823.4,829.0,-0.006815440289505426,False,False,False
SBIN,EQ,2025-07-21,823.35,823.0,827.35,817.95,824.6,824.2,823.65,8852594,7291470527.5,146624,5675757,64.11,0.0010323677658348,1.0,823.0,827.35,817.95,824.2,824.6,823.65,823.35,0.0010323677658348185,False,False,False
SBIN,EQ,2025-07-22,824.2,827.5,828.05,814.0,814.65,815.0,819.53,7851163,6434296996.25,146969,4602820,58.63,-0.0111623392380491,1.0,827.5,828.05,814.0,815.0,814.65,819.53,824.2,-0.011162339238049102,False,False,False
SBIN,EQ,2025-07-23,815.0,812.5,825.2,811.5,820.05,820.65,817.03,15470390,12639761432.95,221637,11063066,71.51,0.0069325153374233,1.0,812.5,825.2,811.5,820.65,820.05,817.03,815.0,0.0069325153374233395,False,False,False
SBIN,EQ,2025-07-24,820.65,820.0,821.95,810.65,816.5,815.7,815.53,10118309,8251755595.7,197128,6565718,64.89,-0.006031804057759,1.0,820.0,821.95,810.65,815.7,816.5,815.53,820.65,-0.006031804057759049,False,False,False
SBIN,EQ,2025-07-25,815.7,815.0,819.2,805.5,805.9,806.55,810.72,6734439,5459744200.85,155026,3770871,55.99,-0.0112173593232807,1.0,815.0,819.2,805.5,806.55,805.9,810.72,815.7,-0.011217359323280718,False,False,False
SBIN,EQ,2025-07-28,806.55,806.55,808.95,796.0,796.55,797.15,801.77,7734158,6201051607.25,243443,4874326,63.02,-0.0116545781414667,1.0,806.55,808.95,796.0,797.15,796.55,801.77,806.55,-0.011654578141466754,False,False,False
SBIN,EQ,2025-07-29,797.15,796.2,800.0,793.1,798.85,799.2,797.21,7833759,6245123153.4,133563,4698526,59.98,0.0025716615442514,1.0,796.2,800.0,793.1,799.2,798.85,797.21,797.15,0.00257166154425148,False,False,False
SBIN,EQ,2025-07-30,799.2,798.95,803.4,796.2,800.0,801.65,800.75,8743723,7001526821.2,119582,5438858,62.2,0.0030655655655655,1.0,798.95,803.4,796.2,801.65,800.0,800.75,799.2,0.0030655655655655867,False,False,False
SBIN,EQ,2025-07-31,801.65,795.1,803.8,792.55,796.0,796.55,798.31,11359112,9068069397.05,185101,5989053,52.72,-0.0063618786253353,1.0,795.1,803.8,792.55,796.55,796.0,798.31,801.65,-0.0063618786253353266,False,False,False
SBIN,EQ,2025-08-01,796.55,795.7,801.0,792.0,792.95,794.0,795.49,15468391,12304983591.85,180563,11445640,73.99,-0.0032013056305315,1.0,795.7,801.0,792.0,794.0,792.95,795.49,796.55,-0.003201305630531559,False,False,False
SBIN,EQ,2025-08-04,794.0,794.5,797.2,786.55,796.8,795.7,792.44,8820724,6989858237.1,169176,5373632,60.92,0.0021410579345089,1.0,794.5,797.2,786.55,795.7,796.8,792.44,794.0,0.0021410579345089165,False,False,False
SBIN,EQ,2025-08-05,795.7,798.0,804.05,796.3,800.5,800.6,800.2,7381537,5906692588.8,174330,4350062,58.93,0.0061580997863515,1.0,798.0,804.05,796.3,800.6,800.5,800.2,795.7,0.006158099786351512,False,False,False
SBIN,EQ,2025-08-06,800.6,800.95,810.2,799.0,804.8,805.15,804.39,7409396,5960018370.35,120510,3360473,45.35,0.0056832375718209,1.0,800.95,810.2,799.0,805.15,804.8,804.39,800.6,0.005683237571820987,False,False,False
SBIN,EQ,2025-08-07,805.15,801.1,806.65,793.4,805.6,805.15,799.81,7091392,5671767724.35,134092,3593816,50.68,0.0,1.0,801.1,806.65,793.4,805.15,805.6,799.81,805.15,0.0,False,False,False
SBIN,EQ,2025-08-08,805.15,805.0,807.8,790.0,802.5,804.3,801.59,15708181,12591558509.55,277397,5962539,37.96,-0.0010557039061044,1.0,805.0,807.8,790.0,804.3,802.5,801.59,805.15,-0.0010557039061044327,False,False,False
SBIN,EQ,2025-08-11,804.3,808.0,825.0,808.0,820.8,823.45,820.82,15236297,12506219350.05,287439,8393166,55.09,0.0238095238095239,1.0,808.0,825.0,808.0,823.45,820.8,820.82,804.3,0.023809523809523947,False,False,False
SBIN,EQ,2025-08-12,823.45,824.95,825.5,820.0,821.1,820.6,823.09,7986728,6573758560.4,224361,4676263,58.55,-0.0034610480296314,1.0,824.95,825.5,820.0,820.6,821.1,823.09,823.45,-0.0034610480296314305,False,False,False
SBIN,EQ,2025-08-13,820.6,822.65,824.95,820.65,821.55,821.85,822.38,4447508,3657529878.05,85625,2461882,55.35,0.001523275651962,1.0,822.65,824.95,820.65,821.85,821.55,822.38,820.6,0.001523275651962086,False,False,False
SBIN,EQ,2025-08-14,821.85,822.0,828.0,819.1,825.5,826.55,826.02,7087573,5854478307.95,152716,3593064,50.7,0.0057188051347569,1.0,822.0,828.0,819.1,826.55,825.5,826.02,821.85,0.005718805134756977,False,False,False
SBIN,EQ,2025-08-18,826.55,836.0,838.0,825.15,826.2,827.65,829.82,6138124,5093538559.75,136179,3683472,60.01,0.0013308329804608,1.0,836.0,838.0,825.15,827.65,826.2,829.82,826.55,0.0013308329804608832,False,False,False
SBIN,EQ,2025-08-19,827.65,827.5,831.0,825.8,829.15,830.4,829.06,5076681,4208857802.1,110280,3142693,61.9,0.0033226605449163,1.0,827.5,831.0,825.8,830.4,829.15,829.06,827.65,0.003322660544916367,False,False,False
SBIN,EQ,2025-08-20,830.4,828.7,831.9,827.4,828.9,828.95,829.56,4493888,3727970038.65,89785,2715546,60.43,-0.0017461464354526,1.0,828.7,831.9,827.4,828.95,828.9,829.56,830.4,-0.001746146435452678,False,False,False
SBIN,EQ,2025-08-21,828.95,828.95,833.25,824.05,824.05,825.7,828.67,4402511,3648216255.5,108762,1567457,35.6,-0.0039206224742143,1.0,828.95,833.25,824.05,825.7,824.05,828.67,828.95,-0.003920622474214319,False,False,False
SBIN,EQ,2025-08-22,825.7,824.0,826.0,815.7,816.8,816.25,819.33,5097647,4176641494.85,141389,3376839,66.24,-0.0114448346857212,1.0,824.0,826.0,815.7,816.25,816.8,819.33,825.7,-0.011444834685721217,False,False,False
SBIN,EQ,2025-08-25,816.25,817.45,820.5,814.2,816.5,816.45,817.57,5672898,4637981705.05,176881,3605671,63.56,0.0002450229709036,1.0,817.45,820.5,814.2,816.45,816.5,817.57,816.25,0.0002450229709036744,False,False,False
SBIN,EQ,2025-08-26,816.45,814.85,815.85,806.75,808.4,807.85,810.3,6997817,5670332537.1,127200,4310579,61.6,-0.0105334068222181,1.0,814.85,815.85,806.75,807.85,808.4,810.3,816.45,-0.01053340682221815,False,False,False
SBIN,EQ,2025-08-28,807.85,807.25,811.0,800.65,802.9,801.95,806.19,7898436,6367629468.0,163534,3880080,49.12,-0.0073033360153493,1.0,807.25,811.0,800.65,801.95,802.9,806.19,807.85,-0.007303336015349382,False,False,False
SBIN,EQ,2025-08-29,801.95,800.7,806.7,798.5,802.4,802.5,803.0,6861440,5509712391.7,127449,4361938,63.57,0.0006858282935344,1.0,800.7,806.7,798.5,802.5,802.4,803.0,801.95,0.0006858282935344739,False,False,False
SBIN,EQ,2025-09-01,802.5,803.1,808.3,802.65,805.5,806.05,805.3,5619805,4525656654.45,128697,3147651,56.01,0.0044236760124609,1.0,803.1,808.3,802.65,806.05,805.5,805.3,802.5,0.004423676012460964,False,False,False
SBIN,EQ,2025-09-02,806.05,806.3,810.5,802.65,803.75,803.9,806.45,5075460,4093129116.75,106989,2301086,45.34,-0.0026673283295081,1.0,806.3,810.5,802.65,803.9,803.75,806.45,806.05,-0.002667328329508112,False,False,False
SBIN,EQ,2025-09-03,803.9,804.3,813.3,803.0,813.0,812.15,810.4,4261589,3453582134.4,87672,2190190,51.39,0.0102624704565243,1.0,804.3,813.3,803.0,812.15,813.0,810.4,803.9,0.010262470456524397,False,False,False
SBIN,EQ,2025-09-04,812.15,814.65,816.75,808.0,809.85,809.4,811.23,4471950,3627764983.4,96652,2279579,50.98,-0.0033860740011081,1.0,814.65,816.75,808.0,809.4,809.85,811.23,812.15,-0.0033860740011081303,False,False,False
SBIN,EQ,2025-09-05,809.4,811.5,812.5,803.65,806.95,806.6,807.29,5194842,4193721391.0,102729,2419904,46.58,-0.0034593526068692,1.0,811.5,812.5,803.65,806.6,806.95,807.29,809.4,-0.003459352606869248,False,False,False
SBIN,EQ,2025-09-08,806.6,808.0,813.85,806.8,808.0,808.8,810.2,4614227,3738454020.95,121620,2805764,60.81,0.002727498140342,1.0,808.0,813.85,806.8,808.8,808.0,810.2,806.6,0.0027274981403420107,False,False,False
SBIN,EQ,2025-09-09,808.8,812.0,812.35,805.6,808.0,808.85,808.44,4567272,3692346687.1,104998,1624783,35.57,6.181998021759227e-05,1.0,812.0,812.35,805.6,808.85,808.0,808.44,808.8,6.181998021759227e-05,False,False,False
SBIN,EQ,2025-09-10,808.85,812.0,824.6,810.4,818.45,818.2,818.64,7285853,5964483743.85,106322,4313967,59.21,0.0115596216851086,1.0,812.0,824.6,810.4,818.2,818.45,818.64,808.85,0.011559621685108601,False,False,False
SBIN,EQ,2025-09-11,818.2,819.1,825.7,819.0,824.6,823.65,823.2,7425055,6112287855.0,127782,3655874,49.24,0.0066609630897089,1.0,819.1,825.7,819.0,823.65,824.6,823.2,818.2,0.006660963089708982,False,False,False
SBIN,EQ,2025-09-12,823.65,824.1,825.8,819.8,823.2,823.55,822.85,5078018,4178428627.05,97209,3322711,65.43,-0.0001214107934195,1.0,824.1,825.8,819.8,823.55,823.2,822.85,823.65,-0.00012141079341954075,False,False,False
SBIN,EQ,2025-09-15,823.55,823.55,827.8,821.1,824.0,824.75,824.82,3852494,3177618594.55,112933,1678632,43.57,0.0014571064294821,1.0,823.55,827.8,821.1,824.75,824.0,824.82,823.55,0.0014571064294821578,False,False,False
SBIN,EQ,2025-09-16,824.75,825.1,833.0,821.65,832.65,831.55,829.33,9467531,7851753614.45,176946,4527713,47.82,0.0082449227038496,1.0,825.1,833.0,821.65,831.55,832.65,829.33,824.75,0.008244922703849689,False,False,False
SBIN,EQ,2025-09-17,831.55,834.3,858.15,831.0,856.9,857.15,847.27,17243938,14610349915.4,240034,8296103,48.11,0.0307858817870243,1.0,834.3,858.15,831.0,857.15,856.9,847.27,831.55,0.03078588178702435,False,False,False
SBIN,EQ,2025-09-18,857.15,858.65,860.8,851.1,854.1,854.35,855.42,10400847,8897051776.0,261925,5852962,56.27,-0.0032666394446712,1.0,858.65,860.8,851.1,854.35,854.1,855.42,857.15,-0.0032666394446712044,False,False,False
SBIN,EQ,2025-09-19,854.35,852.0,864.45,849.3,862.55,862.35,861.0,15206426,13092718216.85,246465,10288458,67.66,0.0093638438579035,1.0,852.0,864.45,849.3,862.35,862.55,861.0,854.35,0.009363843857903564,False,False,False
SBIN,EQ,2025-09-22,862.35,862.0,868.2,854.0,854.7,855.25,860.89,6594034,5676737180.15,158066,3301087,50.06,-0.0082333159390038,1.0,862.0,868.2,854.0,855.25,854.7,860.89,862.35,-0.008233315939003893,False,False,False
SBIN,EQ,2025-09-23,855.25,854.6,874.25,851.2,869.6,870.6,866.65,14357863,12443185268.45,218373,7216250,50.26,0.0179479684302836,1.0,854.6,874.25,851.2,870.6,869.6,866.65,855.25,0.01794796843028368,False,False,False
SBIN,EQ,2025-09-24,870.6,876.0,880.5,864.45,866.15,866.2,872.28,12840160,11200249246.85,219731,6855311,53.39,-0.0050539857569491,1.0,876.0,880.5,864.45,866.2,866.15,872.28,870.6,-0.005053985756949153,False,False,False
SBIN,EQ,2025-09-25,866.2,866.55,870.15,859.95,861.45,861.15,864.66,8678821,7504197402.95,190936,4780326,55.08,-0.0058300623412607,1.0,866.55,870.15,859.95,861.15,861.45,864.66,866.2,-0.005830062341260711,False,False,False
SBIN,EQ,2025-09-26,861.15,862.0,864.35,853.0,857.0,856.95,857.34,6959545,5966677885.8,158616,3708594,53.29,-0.0048771990942343,1.0,862.0,864.35,853.0,856.95,857.0,857.34,861.15,-0.004877199094234341,False,False,False
SBIN,EQ,2025-09-29,856.95,858.05,873.5,856.0,870.25,870.75,868.13,22641712,19655996220.15,192001,16060485,70.93,0.0161036233152458,1.0,858.05,873.5,856.0,870.75,870.25,868.13,856.95,0.01610362331524584,False,False,False
SBIN,EQ,2025-09-30,870.75,869.95,877.6,867.6,873.7,872.45,873.54,12831593,11208895455.7,205386,6278457,48.93,0.0019523399368361,1.0,869.95,877.6,867.6,872.45,873.7,873.54,870.75,0.0019523399368361893,False,False,False
SBIN,EQ,2025-10-01,872.45,872.3,876.45,862.8,865.15,864.1,866.79,10832384,9389446664.65,218205,4693297,43.33,-0.0095707490400596,1.0,872.3,876.45,862.8,864.1,865.15,866.79,872.45,-0.009570749040059612,False,False,False
SBIN,EQ,2025-10-03,864.1,865.15,873.0,863.8,867.7,867.3,867.43,8019442,6956290461.7,154834,3306577,41.23,0.0037032750839023,1.0,865.15,873.0,863.8,867.3,867.7,867.43,864.1,0.0037032750839023354,False,False,False
SBIN,EQ,2025-10-06,867.3,868.0,875.3,862.8,873.8,874.05,868.71,7820352,6793631063.5,164571,3154409,40.34,0.0077827741265998,1.0,868.0,875.3,862.8,874.05,873.8,868.71,867.3,0.0077827741265998895,False,False,False
SBIN,EQ,2025-10-07,874.05,874.15,877.0,863.0,864.15,864.7,868.32,9242580,8025523526.1,167126,3836557,41.51,-0.0106973285281161,1.0,874.15,877.0,863.0,864.7,864.15,868.32,874.05,-0.010697328528116112,False,False,False
SBIN,EQ,2025-10-08,864.7,866.8,867.8,857.25,857.3,858.25,860.69,7156112,6159218647.3,129510,3196676,44.67,-0.0074592344165607,1.0,866.8,867.8,857.25,858.25,857.3,860.69,864.7,-0.007459234416560712,False,False,False
SBIN,EQ,2025-10-09,858.25,861.6,865.8,858.1,861.4,862.1,861.48,7020501,6048014878.9,121377,2984085,42.51,0.0044858724147975,1.0,861.6,865.8,858.1,862.1,861.4,861.48,858.25,0.004485872414797587,False,False,False
SBIN,EQ,2025-10-10,862.1,862.1,883.75,861.3,881.25,880.65,879.53,13713015,12061033018.65,191535,7296399,53.21,0.0215172253798863,1.0,862.1,883.75,861.3,880.65,881.25,879.53,862.1,0.021517225379886318,False,False,False
SBIN,EQ,2025-10-13,880.65,879.0,888.1,876.0,884.0,882.95,884.03,11923143,10540393655.95,198375,6528484,54.75,0.0026117072616818,1.0,879.0,888.1,876.0,882.95,884.0,884.03,880.65,0.002611707261681806,False,False,False
SBIN,EQ,2025-10-14,882.95,883.0,884.15,872.1,876.0,876.95,876.97,7681973,6736896799.3,134593,3064779,39.9,-0.00679540177813,1.0,883.0,884.15,872.1,876.95,876.0,876.97,882.95,-0.006795401778130095,False,False,False
SBIN,EQ,2025-10-15,876.95,878.1,887.5,877.05,886.9,886.1,884.42,8269225,7313505128.55,246174,4861701,58.79,0.010433890187582,1.0,878.1,887.5,877.05,886.1,886.9,884.42,876.95,0.010433890187582007,False,False,False
SBIN,EQ,2025-10-16,886.1,888.3,891.85,882.45,886.2,886.95,887.32,8493686,7536587997.5,269552,4879105,57.44,0.0009592596772374,1.0,888.3,891.85,882.45,886.95,886.2,887.32,886.1,0.0009592596772374229,False,False,False
SBIN,EQ,2025-10-17,886.95,887.5,894.75,883.0,888.0,889.15,888.75,8511854,7564950031.25,231474,3838989,45.1,0.0024804103951743,1.0,887.5,894.75,883.0,889.15,888.0,888.75,886.95,0.002480410395174326,False,False,False
SBIN,EQ,2025-10-20,889.15,894.6,913.65,891.05,907.0,907.5,905.33,13546463,12264027405.35,241758,6192509,45.71,0.0206376876792442,1.0,894.6,913.65,891.05,907.5,907.0,905.33,889.15,0.020637687679244232,False,False,False
SBIN,EQ,2025-10-21,907.5,908.0,910.0,906.4,907.05,907.85,907.99,1783576,1619477226.4,51138,1097286,61.54,0.0003856749311295,1.0,908.0,910.0,906.4,907.85,907.05,907.99,907.5,0.00038567493112950935,False,False,False
SBIN,EQ,2025-10-23,907.85,912.0,918.0,904.8,909.1,911.55,913.11,13382769,12219945497.55,338233,8433759,63.02,0.004075563143691,1.0,912.0,918.0,904.8,911.55,909.1,913.11,907.85,0.004075563143691063,False,False,False
SBIN,EQ,2025-10-24,911.55,910.95,914.1,900.95,904.0,904.5,905.66,5313227,4811992307.85,173275,2123446,39.97,-0.0077340793154516,1.0,910.95,914.1,900.95,904.5,904.0,905.66,911.55,-0.00773407931545167,False,False,False
SBIN,EQ,2025-10-27,904.5,906.95,928.0,906.0,926.9,922.75,918.09,9150761,8401263077.15,179901,5428432,59.32,0.0201768933112216,1.0,906.95,928.0,906.0,922.75,926.9,918.09,904.5,0.020176893311221633,False,False,False
SBIN,EQ,2025-10-28,922.75,927.1,935.85,917.7,930.5,930.25,927.38,22066289,20463762333.0,333815,10943585,49.59,0.0081278786236791,1.0,927.1,935.85,917.7,930.25,930.5,927.38,922.75,0.008127878623679141,False,False,False
SBIN,EQ,2025-10-29,930.25,933.9,942.05,930.25,939.0,939.75,937.9,12314222,11549498004.3,238682,6258775,50.83,0.0102123085192151,1.0,933.9,942.05,930.25,939.75,939.0,937.9,930.25,0.010212308519215174,False,False,False
SBIN,EQ,2025-10-30,939.75,939.45,944.9,933.05,934.5,934.35,938.89,13044473,12247265996.75,248310,5713901,43.8,-0.0057462090981643,1.0,939.45,944.9,933.05,934.35,934.5,938.89,939.75,-0.005746209098164368,False,False,False
SBIN,EQ,2025-10-31,934.35,934.9,946.7,930.25,937.5,937.0,939.16,12078252,11343369670.65,261943,6609718,54.72,0.0028361962861882,1.0,934.9,946.7,930.25,937.0,937.5,939.16,934.35,0.002836196286188253,False,False,False
SBIN,EQ,2025-11-03,937.0,938.75,953.4,937.5,948.6,949.7,948.05,11744735,11134610778.15,257905,4440992,37.81,0.0135538954108858,1.0,938.75,953.4,937.5,949.7,948.6,948.05,937.0,0.013553895410885808,False,False,False
SBIN,EQ,2025-11-04,949.7,951.0,959.3,941.5,954.6,957.6,951.24,19154518,18220510218.85,274272,4714905,24.62,0.0083184163420026,1.0,951.0,959.3,941.5,957.6,954.6,951.24,949.7,0.008318416342002699,False,False,False
SBIN,EQ,2025-11-06,957.6,969.65,971.4,955.3,959.85,960.75,962.26,23088096,22216670805.6,295608,13397703,58.03,0.0032894736842103,1.0,969.65,971.4,955.3,960.75,959.85,962.26,957.6,0.0032894736842103978,False,False,False
SBIN,EQ,2025-11-07,960.75,958.75,964.85,944.0,954.8,955.85,955.55,13371323,12777009240.45,213279,7959780,59.53,-0.0051001821493624,1.0,958.75,964.85,944.0,955.85,954.8,955.55,960.75,-0.0051001821493624755,False,False,False
SBIN,EQ,2025-11-10,955.85,956.0,963.2,949.1,950.55,951.15,952.71,7343249,6995981463.75,152876,3897836,53.08,-0.0049170895014908,1.0,956.0,963.2,949.1,951.15,950.55,952.71,955.85,-0.0049170895014908345,False,False,False
SBIN,EQ,2025-11-11,951.15,953.6,954.95,945.05,954.0,953.3,951.16,8648917,8226498757.95,194994,4657015,53.85,0.0022604215949113,1.0,953.6,954.95,945.05,953.3,954.0,951.16,951.15,0.002260421594911355,False,False,False
SBIN,EQ,2025-11-12,953.3,957.7,961.55,951.4,953.7,957.15,958.12,7043323,6748339960.1,135063,4074618,57.85,0.0040386027483478,1.0,957.7,961.55,951.4,957.15,953.7,958.12,953.3,0.004038602748347886,False,False,False
SBIN,EQ,2025-11-13,957.15,954.25,963.95,952.45,954.9,954.0,957.93,8894441,8520261380.7,164831,5037758,56.64,-0.003291020216267,1.0,954.25,963.95,952.45,954.0,954.9,957.93,957.15,-0.0032910202162670377,False,False,False
SBIN,EQ,2025-11-14,954.0,952.95,969.05,952.0,967.95,967.85,962.38,11032927,10617844264.95,191862,7101035,64.36,0.014517819706499,1.0,952.95,969.05,952.0,967.85,967.95,962.38,954.0,0.014517819706499013,False,False,False
SBIN,EQ,2025-11-17,967.85,971.0,976.0,968.5,973.0,973.35,973.09,7415026,7215488915.05,117287,4733813,63.84,0.0056826987653044,1.0,971.0,976.0,968.5,973.35,973.0,973.09,967.85,0.0056826987653044725,False,False,False
SBIN,EQ,2025-11-18,973.35,975.6,976.7,968.85,971.3,972.45,972.74,6594686,6414942374.65,107945,3596058,54.53,-0.0009246417013406,1.0,975.6,976.7,968.85,972.45,971.3,972.74,973.35,-0.000924641701340656,False,False,False
SBIN,EQ,2025-11-19,972.45,972.45,984.45,968.8,980.5,982.75,979.31,8291226,8119687856.8,142097,4914972,59.28,0.0105918042058716,1.0,972.45,984.45,968.8,982.75,980.5,979.31,972.45,0.010591804205871691,False,False,False
SBIN,EQ,2025-11-20,982.75,986.0,986.6,979.35,981.05,981.55,982.12,6440857,6325685464.1,139178,3856730,59.88,-0.0012210633426609,1.0,986.0,986.6,979.35,981.55,981.05,982.12,982.75,-0.0012210633426609219,False,False,False
SBIN,EQ,2025-11-21,981.55,979.7,980.6,971.05,972.45,972.6,975.11,5377241,5243409986.15,113553,3526428,65.58,-0.0091182313687534,1.0,979.7,980.6,971.05,972.6,972.45,975.11,981.55,-0.009118231368753449,False,False,False
SBIN,EQ,2025-11-24,972.6,975.55,977.7,968.05,969.7,970.6,972.3,9901946,9627696202.4,112062,6465112,65.29,-0.0020563438206868,1.0,975.55,977.7,968.05,970.6,969.7,972.3,972.6,-0.002056343820686868,False,False,False
SBIN,EQ,2025-11-25,970.6,975.55,988.95,971.35,983.5,983.6,983.32,9140201,8987762034.9,207975,4782863,52.33,0.0133937770451266,1.0,975.55,988.95,971.35,983.6,983.5,983.32,970.6,0.013393777045126676,False,False,False
SBIN,EQ,2025-11-26,983.6,986.6,999.0,982.15,983.05,983.9,989.4,13943490,13795695016.85,178538,8480096,60.82,0.0003050020333468,1.0,986.6,999.0,982.15,983.9,983.05,989.4,983.6,0.00030500203334682396,False,False,False
SBIN,EQ,2025-11-27,983.9,986.7,988.55,968.9,973.0,972.85,975.62,11909168,11618805034.2,174267,6251102,52.49,-0.0112308161398515,1.0,986.7,988.55,968.9,972.85,973.0,975.62,983.9,-0.011230816139851552,False,False,False
SBIN,EQ,2025-11-28,972.85,976.8,983.0,973.05,976.35,979.0,978.89,8117842,7946440355.0,150394,4945604,60.92,0.0063216323174177,1.0,976.8,983.0,973.05,979.0,976.35,978.89,972.85,0.00632163231741778,False,False,False
SBIN,EQ,2025-12-01,979.0,985.45,991.2,969.85,972.6,973.1,979.16,8808306,8624752864.45,237856,4672529,53.05,-0.0060265577119509,1.0,985.45,991.2,969.85,973.1,972.6,979.16,979.0,-0.006026557711950931,False,False,False
SBIN,EQ,2025-12-02,973.1,976.0,980.45,964.9,969.9,967.3,973.23,13444314,13084353756.45,177697,8460301,62.93,-0.0059603329565307,1.0,976.0,980.45,964.9,967.3,969.9,973.23,973.1,-0.005960332956530756,False,False,False
SBIN,EQ,2025-12-03,967.3,970.45,972.55,947.55,950.8,951.05,952.61,14051968,13385990295.85,233255,9786367,69.64,-0.0167993383645197,1.0,970.45,972.55,947.55,951.05,950.8,952.61,967.3,-0.016799338364519745,False,False,False
SBIN,EQ,2025-12-04,951.05,951.05,952.55,944.45,948.8,948.1,947.46,13622724,12907004315.15,272677,10093237,74.09,-0.0031018348141527,1.0,951.05,952.55,944.45,948.1,948.8,947.46,951.05,-0.0031018348141527152,False,False,False
SBIN,EQ,2025-12-05,948.1,948.85,973.3,946.7,971.7,971.5,961.57,17347847,16681238338.6,190193,8919256,51.41,0.0246809408290265,1.0,948.85,973.3,946.7,971.5,971.7,961.57,948.1,0.0246809408290265,False,False,False
SBIN,EQ,2025-12-08,971.5,970.85,972.5,951.7,955.4,956.4,957.71,15386438,14735761731.15,201129,9560791,62.14,-0.015542974781266,1.0,970.85,972.5,951.7,956.4,955.4,957.71,971.5,-0.015542974781266095,False,False,False
SBIN,EQ,2025-12-09,956.4,954.8,964.0,950.45,960.5,959.35,959.08,9580294,9188300245.95,196017,4733387,49.41,0.0030844834797156,1.0,954.8,964.0,950.45,959.35,960.5,959.08,956.4,0.003084483479715683,False,False,False
SBIN,EQ,2025-12-10,959.35,960.1,963.95,955.25,958.0,959.75,958.76,6989178,6700963054.35,130262,4697040,67.2,0.0004169489758689,1.0,960.1,963.95,955.25,959.75,958.0,958.76,959.35,0.0004169489758689693,False,False,False
SBIN,EQ,2025-12-11,959.75,962.1,966.5,958.45,962.6,963.25,962.82,5979035,5756726765.5,154525,3460867,57.88,0.0036467830164104,1.0,962.1,966.5,958.45,963.25,962.6,962.82,959.75,0.0036467830164104154,False,False,False
SBIN,EQ,2025-12-12,963.25,966.0,967.0,958.0,962.6,963.15,961.54,5681930,5463420185.1,129140,3781173,66.55,-0.0001038152089281,1.0,966.0,967.0,958.0,963.15,962.6,961.54,963.25,-0.00010381520892810414,False,False,False
SBIN,EQ,2025-12-15,963.15,957.25,968.85,957.25,966.1,967.25,964.79,4416952,4261435766.6,136982,2393856,54.2,0.0042568654934329,1.0,957.25,968.85,957.25,967.25,966.1,964.79,963.15,0.00425686549343296,False,False,False
SBIN,EQ,2025-12-16,967.25,966.05,969.0,958.05,960.0,961.15,963.41,4764786,4590446166.5,161741,2564613,53.82,-0.006306539157405,1.0,966.05,969.0,958.05,961.15,960.0,963.41,967.25,-0.006306539157405089,False,False,False
SBIN,EQ,2025-12-17,961.15,965.55,978.5,964.3,976.35,975.85,974.78,8013382,7811301076.05,157698,4403763,54.96,0.0152941788482547,1.0,965.55,978.5,964.3,975.85,976.35,974.78,961.15,0.015294178848254791,False,False,False
SBIN,EQ,2025-12-18,975.85,977.9,981.45,973.5,976.5,977.55,977.85,4926879,4817742809.15,123255,2866960,58.19,0.0017420710150124,1.0,977.9,981.45,973.5,977.55,976.5,977.85,975.85,0.0017420710150124474,False,False,False
SBIN,EQ,2025-12-19,977.55,979.95,982.0,977.05,980.0,980.3,979.9,5376584,5268518860.0,105980,3858700,71.77,0.0028131553373229,1.0,979.95,982.0,977.05,980.3,980.0,979.9,977.55,0.002813155337322959,False,False,False
SBIN,EQ,2025-12-22,980.3,981.1,983.0,972.55,974.5,974.3,975.83,5959037,5815017507.75,172900,3825938,64.2,-0.0061205753340813,1.0,981.1,983.0,972.55,974.3,974.5,975.83,980.3,-0.006120575334081391,False,False,False
SBIN,EQ,2025-12-23,974.3,976.3,977.55,970.7,971.25,971.9,973.41,5123287,4987059431.55,142849,3076142,60.04,-0.0024633069896335,1.0,976.3,977.55,970.7,971.9,971.25,973.41,974.3,-0.0024633069896335957,False,False,False
SBIN,EQ,2025-12-24,971.9,973.2,977.3,967.5,968.85,968.95,972.14,4105643,3991279807.9,127471,2078323,50.62,-0.0030352916966764,1.0,973.2,977.3,967.5,968.95,968.85,972.14,971.9,-0.00303529169667649,False,False,False
SBIN,EQ,2025-12-26,968.95,968.95,971.0,964.75,966.5,966.3,967.5,3286321,3179513466.2,101940,1928614,58.69,-0.002734919242479,1.0,968.95,971.0,964.75,966.3,966.5,967.5,968.95,-0.002734919242479039,False,False,False
SBIN,EQ,2025-12-29,966.3,966.9,968.9,961.45,965.7,965.05,965.03,5267233,5083023420.7,143589,3621874,68.76,-0.0012935941219083,1.0,966.9,968.9,961.45,965.05,965.7,965.03,966.3,-0.0012935941219083258,False,False,False
SBIN,EQ,2025-12-30,965.05,963.0,976.2,959.5,973.1,973.45,971.99,15030644,14609677358.8,221265,11034482,73.41,0.0087042122169835,1.0,963.0,976.2,959.5,973.45,973.1,971.99,965.05,0.008704212216983587,False,False,False
SBIN,EQ,2025-12-31,973.45,975.25,985.65,973.5,982.4,982.2,982.0,5807630,5703085644.85,109225,3834684,66.03,0.0089886486208845,1.0,975.25,985.65,973.5,982.2,982.4,982.0,973.45,0.008988648620884554,False,False,False
SBIN,EQ,2026-01-01,982.2,983.2,987.65,980.35,984.6,984.75,984.57,4328348,4261571218.05,95120,2382544,55.05,0.0025962125839951,1.0,983.2,987.65,980.35,984.75,984.6,984.57,982.2,0.0025962125839951167,False,False,False
SBIN,EQ,2026-01-02,984.75,984.5,1009.5,983.95,1005.65,998.95,993.34,7357435,7308398803.4,117850,4418601,60.06,0.0144199035288143,1.0,984.5,1009.5,983.95,998.95,1005.65,993.34,984.75,0.014419903528814393,False,False,False
SBIN,EQ,2026-01-05,998.95,1000.0,1015.5,1000.0,1005.4,1005.55,1007.59,11259060,11344553289.35,183843,6742218,59.88,0.0066069372841481,1.0,1000.0,1015.5,1000.0,1005.55,1005.4,1007.59,998.95,0.006606937284148184,False,False,False
SBIN,EQ,2026-01-06,1005.55,1007.95,1024.0,1004.95,1018.05,1018.9,1018.15,9575742,9749519544.45,223012,5659882,59.11,0.0132763164437372,1.0,1007.95,1024.0,1004.95,1018.9,1018.05,1018.15,1005.55,0.01327631644373728,False,False,False
SBIN,EQ,2026-01-07,1018.9,1022.7,1022.7,1004.0,1006.9,1007.15,1009.83,7896720,7974367341.7,140422,4907366,62.14,-0.0115320443615664,1.0,1022.7,1022.7,1004.0,1007.15,1006.9,1009.83,1018.9,-0.011532044361566407,False,False,False
SBIN,EQ,2026-01-08,1007.15,1006.6,1011.6,995.85,997.6,998.0,1001.81,6854268,6866684538.7,184563,3817691,55.7,-0.0090850419500571,1.0,1006.6,1011.6,995.85,998.0,997.6,1001.81,1007.15,-0.009085041950057104,False,False,False
SBIN,EQ,2026-01-09,998.0,996.0,1008.0,994.0,1000.05,1000.5,1001.78,7809460,7823367726.7,127785,4272745,54.71,0.0025050100200401,1.0,996.0,1008.0,994.0,1000.5,1000.05,1001.78,998.0,0.0025050100200401104,False,False,False
SBIN,EQ,2026-01-12,1000.5,1008.0,1017.25,996.0,1014.5,1015.15,1006.21,7617922,7665202773.25,161160,4160641,54.62,0.0146426786606697,1.0,1008.0,1017.25,996.0,1015.15,1014.5,1006.21,1000.5,0.014642678660669706,False,False,False
SBIN,EQ,2026-01-13,1015.15,1022.8,1029.5,1016.0,1028.5,1028.45,1025.2,11016895,11294465857.4,165775,6911009,62.73,0.0131015120918092,1.0,1022.8,1029.5,1016.0,1028.45,1028.5,1025.2,1015.15,0.013101512091809209,False,False,False
SBIN,EQ,2026-01-14,1028.45,1030.0,1030.4,1020.5,1030.0,1028.35,1026.09,7370514,7562777097.55,131534,3757925,50.99,-9.723370120096052e-05,1.0,1030.0,1030.4,1020.5,1028.35,1030.0,1026.09,1028.45,-9.723370120096053e-05,False,False,False
SBIN,EQ,2026-01-16,1028.35,1032.0,1047.45,1028.4,1040.6,1042.3,1039.49,11051580,11487965930.15,247268,7305291,66.1,0.013565420333544,1.0,1032.0,1047.45,1028.4,1042.3,1040.6,1039.49,1028.35,0.01356542033354402,False,False,False
SBIN,EQ,2026-01-19,1042.3,1035.0,1043.6,1034.0,1038.5,1038.4,1039.62,5460164,5676488821.3,150416,3287159,60.2,-0.0037417250311808,1.0,1035.0,1043.6,1034.0,1038.4,1038.5,1039.62,1042.3,-0.0037417250311808647,False,False,False
SBIN,EQ,2026-01-20,1038.4,1039.75,1052.0,1033.05,1034.25,1036.4,1040.41,8905718,9265615104.2,194593,5445587,61.15,-0.0019260400616333,1.0,1039.75,1052.0,1033.05,1036.4,1034.25,1040.41,1038.4,-0.0019260400616333273,False,False,False
SBIN,EQ,2026-01-21,1036.4,1032.0,1040.6,1022.0,1029.45,1028.65,1029.89,7408949,7630393371.1,154792,4318078,58.28,-0.0074778077962176,1.0,1032.0,1040.6,1022.0,1028.65,1029.45,1029.89,1036.4,-0.00747780779621765,False,False,False
SBIN,EQ,2026-01-22,1028.65,1035.0,1055.5,1034.05,1050.2,1048.35,1046.47,12001641,12559374596.45,230274,7166872,59.72,0.019151314830117,1.0,1035.0,1055.5,1034.05,1048.35,1050.2,1046.47,1028.65,0.019151314830117006,False,False,False
SBIN,EQ,2026-01-23,1048.35,1051.9,1053.0,1025.6,1028.4,1029.5,1038.67,10917698,11339854282.0,206940,6860438,62.84,-0.0179806362378975,1.0,1051.9,1053.0,1025.6,1029.5,1028.4,1038.67,1048.35,-0.017980636237897585,False,False,False
SBIN,EQ,2026-01-27,1029.5,1034.1,1055.0,1030.25,1053.0,1053.15,1044.18,14420630,15057719793.4,225915,7273214,50.44,0.0229723166585722,1.0,1034.1,1055.0,1030.25,1053.15,1053.0,1044.18,1029.5,0.022972316658572245,False,False,False
SBIN,EQ,2026-01-28,1053.15,1059.4,1065.6,1044.15,1062.65,1063.5,1058.02,12171257,12877393890.4,185549,7496477,61.59,0.0098276598775102,1.0,1059.4,1065.6,1044.15,1063.5,1062.65,1058.02,1053.15,0.00982765987751022,False,False,False
SBIN,EQ,2026-01-29,1063.5,1063.0,1075.0,1060.3,1067.25,1066.2,1069.34,14800724,15826962918.1,240283,10056175,67.94,0.0025387870239774,1.0,1063.0,1075.0,1060.3,1066.2,1067.25,1069.34,1063.5,0.0025387870239774735,False,False,False
SBIN,EQ,2026-01-30,1066.2,1064.0,1082.5,1060.4,1077.0,1077.15,1074.86,9480769,10190475730.05,167283,5649219,59.59,0.0102701181767024,1.0,1064.0,1082.5,1060.4,1077.15,1077.0,1074.86,1066.2,0.010270118176702425,False,False,False
SBIN,EQ,2026-02-01,1077.15,1076.0,1083.6,988.3,1020.0,1018.2,1037.87,12051593,12507954389.6,287388,4310120,35.76,-0.0547277537947361,1.0,1076.0,1083.6,988.3,1018.2,1020.0,1037.87,1077.15,-0.054727753794736156,False,False,False
SBIN,EQ,2026-02-02,1018.2,1019.9,1031.3,990.0,1026.5,1028.7,1012.48,14434549,14614679105.5,304031,7093883,49.15,0.0103123158515026,1.0,1019.9,1031.3,990.0,1028.7,1026.5,1012.48,1018.2,0.010312315851502607,False,False,False
SBIN,EQ,2026-02-03,1028.7,1087.0,1089.8,1040.3,1062.1,1064.2,1060.86,16129381,17111094374.7,243054,9649437,59.83,0.0345095751919899,1.0,1087.0,1089.8,1040.3,1064.2,1062.1,1060.86,1028.7,0.03450957519198994,False,False,False
SBIN,EQ,2026-02-04,1064.2,1064.2,1073.9,1056.3,1067.3,1068.2,1068.3,7312276,7811736404.2,270312,5107562,69.85,0.0037586919751926,1.0,1064.2,1073.9,1056.3,1068.2,1067.3,1068.3,1064.2,0.0037586919751926295,False,False,False
SBIN,EQ,2026-02-05,1068.2,1068.2,1081.0,1067.5,1072.9,1073.5,1073.99,9551567,10258274381.4,307940,6309756,66.06,0.0049616176745928,1.0,1068.2,1081.0,1067.5,1073.5,1072.9,1073.99,1068.2,0.0049616176745928,False,False,False
SBIN,EQ,2026-02-06,1073.5,1070.0,1073.6,1051.0,1066.0,1066.4,1061.27,7041557,7473000431.6,149134,3904344,55.45,-0.006613879832324,1.0,1070.0,1073.6,1051.0,1066.4,1066.0,1061.27,1073.5,-0.006613879832324088,False,False,False
SBIN,EQ,2026-02-09,1066.4,1120.0,1150.0,1100.5,1147.8,1146.0,1134.48,40852966,46346694652.1,670729,21865606,53.52,0.0746436609152287,1.0,1120.0,1150.0,1100.5,1146.0,1147.8,1134.48,1066.4,0.07464366091522878,False,False,False
SBIN,EQ,2026-02-10,1146.0,1151.0,1154.0,1138.1,1142.2,1144.1,1143.87,17280036,19766173365.4,250192,10516689,60.86,-0.0016579406631763,1.0,1151.0,1154.0,1138.1,1144.1,1142.2,1143.87,1146.0,-0.0016579406631763716,False,False,False
SBIN,EQ,2026-02-11,1144.1,1144.7,1187.5,1142.8,1181.1,1182.9,1173.34,29491859,34603903117.4,401532,17701261,60.02,0.0339131194825628,1.0,1144.7,1187.5,1142.8,1182.9,1181.1,1173.34,1144.1,0.033913119482562815,False,False,False
SBIN,EQ,2026-02-12,1182.9,1183.0,1203.7,1174.8,1192.0,1192.4,1193.67,33214985,39647577372.2,376330,19957777,60.09,0.0080311099839378,1.0,1183.0,1203.7,1174.8,1192.4,1192.0,1193.67,1182.9,0.008031109983937856,False,False,False
SBIN,EQ,2026-02-13,1192.4,1189.0,1201.0,1184.5,1196.3,1198.6,1194.68,18141390,21673130087.9,226098,11464332,63.19,0.0051995974505198,1.0,1189.0,1201.0,1184.5,1198.6,1196.3,1194.68,1192.4,0.005199597450519899,False,False,False
SBIN,EQ,2026-02-16,1198.6,1194.0,1212.3,1185.3,1210.7,1208.1,1194.69,14972739,17887842649.0,271610,8908625,59.5,0.0079259135658267,1.0,1194.0,1212.3,1185.3,1208.1,1210.7,1194.69,1198.6,0.007925913565826725,False,False,False
SBIN,EQ,2026-02-17,1208.1,1206.1,1225.5,1204.1,1213.6,1213.4,1217.0,20107196,24470427537.5,267679,11513885,57.26,0.0043870540518171,1.0,1206.1,1225.5,1204.1,1213.4,1213.6,1217.0,1208.1,0.004387054051817163,False,False,False
SBIN,EQ,2026-02-18,1213.4,1218.8,1224.1,1214.0,1219.2,1218.9,1218.94,10417264,12698007439.7,255363,6248563,59.98,0.0045327179825285,1.0,1218.8,1224.1,1214.0,1218.9,1219.2,1218.94,1213.4,0.004532717982528522,False,False,False
SBIN,EQ,2026-02-19,1218.9,1222.9,1224.9,1199.2,1203.0,1205.7,1211.52,9630899,11668064853.6,177689,4684664,48.64,-0.0108294363770613,1.0,1222.9,1224.9,1199.2,1205.7,1203.0,1211.52,1218.9,-0.010829436377061352,False,False,False
SBIN,EQ,2026-02-20,1205.7,1206.2,1218.0,1201.8,1216.2,1216.1,1210.22,9958162,12051577245.8,199855,5395542,54.18,0.0086256946172347,1.0,1206.2,1218.0,1201.8,1216.1,1216.2,1210.22,1205.7,0.008625694617234725,False,False,False
SBIN,EQ,2026-02-23,1216.1,1222.0,1231.1,1217.1,1228.9,1227.8,1225.65,9733835,11930312522.8,201974,5906884,60.68,0.0096209193322918,1.0,1222.0,1231.1,1217.1,1227.8,1228.9,1225.65,1216.1,0.00962091933229181,False,False,False
SBIN,EQ,2026-02-24,1227.8,1232.0,1234.7,1219.7,1227.0,1223.3,1225.16,15788449,19343395463.9,254767,9799064,62.06,-0.0036650920345333,1.0,1232.0,1234.7,1219.7,1223.3,1227.0,1225.16,1227.8,-0.003665092034533357,False,False,False
SBIN,EQ,2026-02-25,1223.3,1228.1,1228.1,1197.5,1199.3,1200.1,1205.52,19581100,23605463052.3,257788,13787323,70.41,-0.0189650944167416,1.0,1228.1,1228.1,1197.5,1200.1,1199.3,1205.52,1223.3,-0.018965094416741657,False,False,False
SBIN,EQ,2026-02-26,1200.1,1201.0,1215.4,1188.9,1210.5,1209.5,1200.9,16196052,19449808133.2,324026,9811625,60.58,0.0078326806099493,1.0,1201.0,1215.4,1188.9,1209.5,1210.5,1200.9,1200.1,0.00783268060994935,False,False,False
SBIN,EQ,2026-02-27,1209.5,1207.0,1211.8,1198.6,1201.8,1201.7,1202.73,10700355,12869617331.0,177264,6985916,65.29,-0.0064489458453905,1.0,1207.0,1211.8,1198.6,1201.7,1201.8,1202.73,1209.5,-0.006448945845390575,False,False,False
SBIN,EQ,2026-03-02,1201.7,1185.0,1197.3,1179.4,1189.5,1189.9,1187.73,16270835,19325397511.4,295263,9008139,55.36,-0.0098194224848131,1.0,1185.0,1197.3,1179.4,1189.9,1189.5,1187.73,1201.7,-0.009819422484813156,False,False,False
SBIN,EQ,2026-03-04,1189.9,1172.1,1182.7,1157.6,1173.3,1174.5,1167.0,13855065,16168908771.7,278411,8436616,60.89,-0.0129422640558031,1.0,1172.1,1182.7,1157.6,1174.5,1173.3,1167.0,1189.9,-0.012942264055803121,False,False,False
SBIN,EQ,2026-03-05,1174.5,1181.0,1183.2,1150.6,1168.5,1169.5,1165.03,22100665,25747850416.0,281615,14295949,64.69,-0.0042571306939123,1.0,1181.0,1183.2,1150.6,1169.5,1168.5,1165.03,1174.5,-0.004257130693912314,False,False,False
SBIN,EQ,2026-03-06,1169.5,1168.5,1169.3,1138.0,1139.8,1143.0,1153.49,20333328,23454347093.1,265693,13855646,68.14,-0.0226592560923472,1.0,1168.5,1169.3,1138.0,1143.0,1139.8,1153.49,1169.5,-0.022659256092347202,False,False,False
SBIN,EQ,2026-03-09,1143.0,1115.0,1115.0,1064.3,1101.6,1098.5,1082.98,24631198,26675040947.8,501841,13024138,52.88,-0.0389326334208224,1.0,1115.0,1115.0,1064.3,1098.5,1101.6,1082.98,1143.0,-0.03893263342082243,False,False,False
SBIN,EQ,2026-03-10,1098.5,1111.1,1119.9,1104.5,1114.0,1112.2,1111.52,17491459,19442147785.6,251051,9566402,54.69,0.0124715521165226,1.0,1111.1,1119.9,1104.5,1112.2,1114.0,1111.52,1098.5,0.012471552116522622,False,False,False
SBIN,EQ,2026-03-11,1112.2,1113.4,1115.9,1088.0,1090.8,1091.1,1101.7,8364878,9215595730.7,195732,4673445,55.87,-0.0189714080201404,1.0,1113.4,1115.9,1088.0,1091.1,1090.8,1101.7,1112.2,-0.018971408020140412,False,False,False
SBIN,EQ,2026-03-12,1091.1,1075.1,1098.0,1070.5,1085.0,1085.2,1080.46,14614140,15790003178.6,290778,7482048,51.2,-0.005407387040601,1.0,1075.1,1098.0,1070.5,1085.2,1085.0,1080.46,1091.1,-0.005407387040601064,False,False,False
SBIN,EQ,2026-03-13,1085.2,1077.5,1081.3,1042.3,1046.0,1047.0,1056.49,15978675,16881334704.9,326824,10423369,65.23,-0.0352008846295613,1.0,1077.5,1081.3,1042.3,1047.0,1046.0,1056.49,1085.2,-0.03520088462956139,False,False,False
SBIN,EQ,2026-03-16,1047.0,1048.7,1073.0,1036.1,1063.9,1066.7,1055.71,15322269,16175924213.1,257314,8360612,54.57,0.0188156638013372,1.0,1048.7,1073.0,1036.1,1066.7,1063.9,1055.71,1047.0,0.018815663801337257,False,False,False
SBIN,EQ,2026-03-17,1066.7,1073.9,1073.9,1047.0,1063.2,1064.7,1059.34,16427877,17402702221.1,320717,5338861,32.5,-0.0018749414080809,1.0,1073.9,1073.9,1047.0,1064.7,1063.2,1059.34,1066.7,-0.0018749414080809768,False,False,False
SBIN,EQ,2026-03-18,1064.7,1067.5,1075.4,1061.3,1069.0,1069.8,1067.78,10749915,11478533827.7,240312,5325014,49.54,0.0047900817131585,1.0,1067.5,1075.4,1061.3,1069.8,1069.0,1067.78,1064.7,0.004790081713158534,False,False,False
SBIN,EQ,2026-03-19,1069.8,1049.5,1059.7,1041.0,1052.6,1048.9,1049.88,13431191,14101119020.2,376097,6379272,47.5,-0.0195363619368105,1.0,1049.5,1059.7,1041.0,1048.9,1052.6,1049.88,1069.8,-0.01953636193681052,False,False,False
SBIN,EQ,2026-03-20,1048.9,1058.4,1085.0,1054.0,1058.3,1058.0,1068.9,17748625,18971444649.6,497694,9830264,55.39,0.0086757555534369,1.0,1058.4,1085.0,1054.0,1058.0,1058.3,1068.9,1048.9,0.008675755553436915,False,False,False
SBIN,EQ,2026-03-23,1058.0,1039.0,1045.6,1014.2,1030.1,1031.9,1031.01,16039603,16536923041.3,335720,8461504,52.75,-0.0246691871455575,1.0,1039.0,1045.6,1014.2,1031.9,1030.1,1031.01,1058.0,-0.024669187145557547,False,False,False
SBIN,EQ,2026-03-24,1031.9,1055.2,1059.0,1020.0,1038.0,1030.8,1035.19,30416734,31486965633.0,310955,15712404,51.66,-0.0010659947669349,1.0,1055.2,1059.0,1020.0,1030.8,1038.0,1035.19,1031.9,-0.001065994766934919,False,False,False
SBIN,EQ,2026-03-25,1030.8,1043.0,1065.5,1043.0,1062.6,1060.6,1057.61,16205333,17138877668.2,251103,7537854,46.51,0.0289095847885136,1.0,1043.0,1065.5,1043.0,1060.6,1062.6,1057.61,1030.8,0.028909584788513687,False,False,False
SBIN,EQ,2026-03-27,1060.6,1051.3,1055.3,1013.0,1019.2,1019.5,1032.18,20445349,21103178751.6,444041,12703916,62.14,-0.0387516500094285,1.0,1051.3,1055.3,1013.0,1019.5,1019.2,1032.18,1060.6,-0.038751650009428595,False,False,False
SBIN,EQ,2026-03-30,1019.5,1005.0,1009.4,975.8,980.8,979.4,988.29,21438137,21187026528.4,314799,9371295,43.71,-0.0393330063756743,1.0,1005.0,1009.4,975.8,979.4,980.8,988.29,1019.5,-0.039333006375674384,False,False,False
SBIN,EQ,2026-04-01,979.4,1008.0,1031.0,998.45,1018.0,1017.8,1014.18,17424479,17671492961.35,250727,7917435,45.44,0.0392076781703083,1.0,1008.0,1031.0,998.45,1017.8,1018.0,1014.18,979.4,0.03920767817030835,False,False,False
SBIN,EQ,2026-04-02,1017.8,1000.0,1026.0,977.9,1018.0,1018.4,1000.77,20777629,20793642441.6,388413,8523263,41.02,0.000589506779328,1.0,1000.0,1026.0,977.9,1018.4,1018.0,1000.77,1017.8,0.0005895067793280084,False,False,False
SBIN,EQ,2026-04-06,1018.4,1020.0,1035.7,1005.05,1033.4,1032.75,1020.29,23576634,24055071594.35,332091,11150138,47.29,0.0140907305577375,1.0,1020.0,1035.7,1005.05,1032.75,1033.4,1020.29,1018.4,0.014090730557737574,False,False,False
SBIN,EQ,2026-04-07,1032.75,1025.0,1033.7,1012.0,1028.0,1030.4,1024.42,15021291,15388104655.3,218422,5350752,35.62,-0.0022754780924714,1.0,1025.0,1033.7,1012.0,1030.4,1028.0,1024.42,1032.75,-0.002275478092471417,False,False,False
SBIN,EQ,2026-04-08,1030.4,1074.0,1077.8,1059.45,1065.0,1061.45,1068.54,28533742,30489501233.8,315463,14682235,51.46,0.0301339285714286,1.0,1074.0,1077.8,1059.45,1061.45,1065.0,1068.54,1030.4,0.030133928571428603,False,False,False
SBIN,EQ,2026-04-09,1061.45,1060.1,1064.35,1038.3,1040.45,1040.95,1047.89,24772948,25959268796.15,300821,10826945,43.7,-0.0193132036365348,1.0,1060.1,1064.35,1038.3,1040.95,1040.45,1047.89,1061.45,-0.01931320363653488,False,False,False
SBIN,EQ,2026-04-10,1040.95,1049.0,1069.45,1046.15,1066.0,1066.7,1060.04,17861336,18933789461.05,250442,9154450,51.25,0.0247370190691196,1.0,1049.0,1069.45,1046.15,1066.7,1066.0,1060.04,1040.95,0.024737019069119626,False,False,False
SBIN,EQ,2026-04-13,1066.7,1042.0,1067.25,1030.0,1062.0,1063.55,1052.98,17763348,18704499526.45,243852,7009975,39.46,-0.0029530327177276,1.0,1042.0,1067.25,1030.0,1063.55,1062.0,1052.98,1066.7,-0.0029530327177276217,False,False,False
SBIN,EQ,2026-04-15,1063.55,1076.0,1088.0,1068.2,1070.9,1071.5,1074.29,16195810,17399074468.45,252841,7707583,47.59,0.007474965916036,1.0,1076.0,1088.0,1068.2,1071.5,1070.9,1074.29,1063.55,0.007474965916036025,False,False,False
SBIN,EQ,2026-04-16,1071.5,1078.0,1084.15,1062.0,1066.7,1067.15,1070.72,20313165,21749645347.5,274626,8716041,42.91,-0.0040597293513764,1.0,1078.0,1084.15,1062.0,1067.15,1066.7,1070.72,1071.5,-0.00405972935137644,False,False,False
SBIN,EQ,2026-04-17,1067.15,1067.0,1082.15,1060.0,1080.3,1080.25,1073.16,16823879,18054641934.6,174866,10692540,63.56,0.0122756875790657,1.0,1067.0,1082.15,1060.0,1080.25,1080.3,1073.16,1067.15,0.01227568757906572,False,False,False
SBIN,EQ,2026-04-20,1080.25,1080.3,1120.95,1075.85,1104.0,1107.85,1109.38,31179584,34590140615.2,409719,18283825,58.64,0.025549641286739,1.0,1080.3,1120.95,1075.85,1107.85,1104.0,1109.38,1080.25,0.02554964128673909,False,False,False
SBIN,EQ,2026-04-21,1107.85,1113.4,1114.75,1105.95,1111.7,1111.85,1111.12,16963734,18848812927.2,221554,8669708,51.11,0.0036105971024957,1.0,1113.4,1114.75,1105.95,1111.85,1111.7,1111.12,1107.85,0.003610597102495783,False,False,False
SBIN,EQ,2026-04-22,1111.85,1110.0,1117.85,1100.1,1103.2,1103.3,1105.72,12412659,13724965676.75,173846,7407492,59.68,-0.0076898862256599,1.0,1110.0,1117.85,1100.1,1103.3,1103.2,1105.72,1111.85,-0.007689886225659914,False,False,False
SBIN,EQ,2026-04-23,1103.3,1095.0,1101.9,1082.2,1095.0,1094.25,1094.33,13669001,14958431258.25,167995,6338319,46.37,-0.0082026647330735,1.0,1095.0,1101.9,1082.2,1094.25,1095.0,1094.33,1103.3,-0.008202664733073517,False,False,False
SBIN,EQ,2026-04-24,1094.25,1091.35,1106.0,1090.05,1100.95,1101.1,1097.12,13774745,15112601707.6,194209,8580511,62.29,0.0062599954306601,1.0,1091.35,1106.0,1090.05,1101.1,1100.95,1097.12,1094.25,0.006259995430660137,False,False,False
SBIN,EQ,2026-04-27,1101.1,1110.95,1114.8,1103.4,1112.0,1111.85,1109.38,11624385,12895862719.15,189849,6727510,57.87,0.0097629643084189,1.0,1110.95,1114.8,1103.4,1111.85,1112.0,1109.38,1101.1,0.009762964308418942,False,False,False
SBIN,EQ,2026-04-28,1111.85,1102.3,1110.5,1089.15,1093.4,1091.3,1097.54,10727835,11774270966.6,177701,4493353,41.88,-0.0184827089985158,1.0,1102.3,1110.5,1089.15,1091.3,1093.4,1097.54,1111.85,-0.018482708998515895,False,False,False
SBIN,EQ,2026-04-29,1091.3,1094.0,1105.0,1084.25,1088.4,1086.9,1095.45,10611104,11623909330.2,170982,5916997,55.76,-0.004031888573261,1.0,1094.0,1105.0,1084.25,1086.9,1088.4,1095.45,1091.3,-0.004031888573261089,False,False,False
SBIN,EQ,2026-04-30,1086.9,1075.0,1077.7,1063.0,1071.95,1068.45,1069.56,14269539,15262134052.95,229719,6670067,46.74,-0.0169748826939001,1.0,1075.0,1077.7,1063.0,1068.45,1071.95,1069.56,1086.9,-0.01697488269390013,False,False,False
SBIN,EQ,2026-05-04,1068.45,1063.6,1089.1,1063.6,1067.5,1068.4,1076.63,11693211,12589290717.1,162818,6887314,58.9,-4.679676166408076e-05,1.0,1063.6,1089.1,1063.6,1068.4,1067.5,1076.63,1068.45,-4.6796761664080755e-05,False,False,False
SBIN,EQ,2026-05-05,1068.4,1060.6,1068.5,1049.4,1060.0,1059.9,1060.29,12194631,12929832753.6,222176,4566629,37.45,-0.0079558217895918,1.0,1060.6,1068.5,1049.4,1059.9,1060.0,1060.29,1068.4,-0.007955821789591866,False,False,False
SBIN,EQ,2026-05-06,1059.9,1072.0,1101.1,1061.2,1099.0,1096.0,1078.83,14384779,15518691513.0,196273,7370433,51.24,0.0340598169638644,1.0,1072.0,1101.1,1061.2,1096.0,1099.0,1078.83,1059.9,0.0340598169638644,False,False,False
SBIN,EQ,2026-05-07,1096.0,1106.0,1108.0,1086.1,1092.9,1092.0,1094.08,16105163,17620307945.5,261618,7178302,44.57,-0.0036496350364964,1.0,1106.0,1108.0,1086.1,1092.0,1092.9,1094.08,1096.0,-0.0036496350364964014,False,False,False
SBIN,EQ,2026-05-08,1092.0,1090.0,1095.0,1010.9,1018.4,1019.3,1037.45,48065909,49865887970.4,592384,21794655,45.34,-0.0665750915750916,1.0,1090.0,1095.0,1010.9,1019.3,1018.4,1037.45,1092.0,-0.06657509157509167,False,False,False
SBIN,EQ,2026-05-11,1019.3,1007.0,1007.0,971.1,974.9,973.6,980.59,46927396,46016755311.2,1016193,28316556,60.34,-0.0448346904738545,1.0,1007.0,1007.0,971.1,973.6,974.9,980.59,1019.3,-0.04483469047385458,False,False,False
SBIN,EQ,2026-05-12,973.6,976.9,981.4,962.4,976.1,974.6,972.2,25787092,25070126165.5,443183,11136191,43.19,0.0010271158586687,1.0,976.9,981.4,962.4,974.6,976.1,972.2,973.6,0.00102711585866877,False,False,False
SBIN,EQ,2026-05-13,974.6,978.0,981.2,961.2,971.0,970.1,972.53,17584580,17101594137.4,313800,6724500,38.24,-0.0046172788836446,1.0,978.0,981.2,961.2,970.1,971.0,972.53,974.6,-0.004617278883644604,False,False,False
SBIN,EQ,2026-05-14,970.1,973.5,987.0,963.6,982.3,979.9,977.65,16487142,16118577818.2,260699,5898688,35.78,0.0101020513349139,1.0,973.5,987.0,963.6,979.9,982.3,977.65,970.1,0.01010205133491393,False,False,False
SBIN,EQ,2026-05-15,979.9,971.2,972.5,957.0,961.6,963.2,966.7,26972493,26074390324.8,298397,16782316,62.22,-0.017042555362792,1.0,971.2,972.5,957.0,963.2,961.6,966.7,979.9,-0.01704255536279209,False,False,False
SBIN,EQ,2026-05-18,963.2,952.0,954.9,933.9,938.8,939.4,939.86,16554877,15559279361.8,608579,9199675,55.57,-0.0247093023255814,1.0,952.0,954.9,933.9,939.4,938.8,939.86,963.2,-0.02470930232558144,False,False,False
SBIN,EQ,2026-05-19,939.4,942.0,956.6,939.5,946.9,948.8,947.88,17280869,16380227268.5,749834,8694335,50.31,0.0100063870555673,1.0,942.0,956.6,939.5,948.8,946.9,947.88,939.4,0.010006387055567334,False,False,False
SBIN,EQ,2026-05-20,948.8,941.1,955.0,935.0,950.0,950.9,946.2,11928460,11286767833.5,191643,5643465,47.31,0.0022133220910625,1.0,941.1,955.0,935.0,950.9,950.0,946.2,948.8,0.0022133220910625084,False,False,False
SBIN,EQ,2026-05-21,950.9,957.0,960.9,946.5,950.0,950.9,952.38,11756520,11196637968.6,175233,4725570,40.2,0.0,1.0,957.0,960.9,946.5,950.9,950.0,952.38,950.9,0.0,False,False,False
SBIN,EQ,2026-05-22,950.9,950.9,958.6,947.7,949.6,949.2,952.41,7807192,7435661813.4,142000,4300251,55.08,-0.0017877799978966,1.0,950.9,958.6,947.7,949.2,949.6,952.41,950.9,-0.001787779997896699,False,False,False
SBIN,EQ,2026-05-25,949.2,959.9,972.5,957.5,972.3,969.6,963.32,10934747,10533628661.4,182636,6186621,56.58,0.0214917825537295,1.0,959.9,972.5,957.5,969.6,972.3,963.32,949.2,0.02149178255372952,False,False,False
SBIN,EQ,2026-05-26,969.6,969.9,978.8,962.1,969.8,968.5,970.57,16269800,15790948718.1,171204,8470161,52.06,-0.0011344884488448,1.0,969.9,978.8,962.1,968.5,969.8,970.57,969.6,-0.0011344884488448947,False,False,False
SBIN,EQ,2026-05-27,968.5,969.8,975.9,966.6,967.3,967.8,969.93,8111259,7867378301.3,187071,3174652,39.14,-0.0007227671657202,1.0,969.8,975.9,966.6,967.8,967.3,969.93,968.5,-0.0007227671657202839,False,False,False
SBIN,EQ,2026-05-29,967.8,967.8,973.7,960.3,965.3,964.4,965.5,22292535,21523352057.1,258939,15418901,69.17,-0.0035131225459805,1.0,967.8,973.7,960.3,964.4,965.3,965.5,967.8,-0.0035131225459805737,False,False,False
SBIN,EQ,2026-06-01,964.4,966.25,970.25,950.1,954.5,954.1,959.25,11118975,10665883396.95,170313,5101558,45.88,-0.0106802156781418,1.0,966.25,970.25,950.1,954.1,954.5,959.25,964.4,-0.010680215678141813,False,False,False
SBIN,EQ,2026-06-02,954.1,950.95,961.3,939.9,960.0,956.65,951.21,15911760,15135370050.05,254830,6762630,42.5,0.0026726758201445,1.0,950.95,961.3,939.9,956.65,960.0,951.21,954.1,0.002672675820144521,False,False,False
SBIN,EQ,2026-06-03,956.65,953.75,974.0,937.2,971.5,970.45,948.57,27947005,26509598648.7,251452,14338937,51.31,0.0144253384205299,1.0,953.75,974.0,937.2,970.45,971.5,948.57,956.65,0.014425338420529954,False,False,False
SBIN,EQ,2026-06-04,970.45,969.9,985.8,961.1,979.25,979.25,977.95,18875883,18459645864.0,341904,9702135,51.4,0.0090679581637385,1.0,969.9,985.8,961.1,979.25,979.25,977.95,970.45,0.00906795816373851,False,False,False
SBIN,EQ,2026-06-05,979.25,980.0,992.6,970.6,977.0,977.7,981.76,20955539,20573351918.85,288991,9146984,43.65,-0.0015828440132754,1.0,980.0,992.6,970.6,977.7,977.0,981.76,979.25,-0.001582844013275464,False,False,False
SBIN,EQ,2026-06-08,977.7,966.0,988.65,965.15,980.0,981.95,981.33,12895416,12654605651.45,452384,6656604,51.62,0.0043469366881456,1.0,966.0,988.65,965.15,981.95,980.0,981.33,977.7,0.004346936688145675,False,False,False
SBIN,EQ,2026-06-09,981.95,985.0,1009.0,983.0,1004.1,1002.7,998.02,22142480,22098642356.05,270891,12680438,57.27,0.0211314221701715,1.0,985.0,1009.0,983.0,1002.7,1004.1,998.02,981.95,0.0211314221701715,False,False,False
SBIN,EQ,2026-06-10,1002.7,1002.7,1012.4,999.5,1000.85,1003.25,1006.59,19122317,19248343087.6,215158,13087660,68.44,0.0005485189987035,1.0,1002.7,1012.4,999.5,1003.25,1000.85,1006.59,1002.7,0.0005485189987035621,False,False,False
SBIN,EQ,2026-06-11,1003.25,998.1,1009.4,993.0,1001.1,1000.7,1003.38,13773978,13820494684.5,195579,8102967,58.83,-0.0025417393471217,1.0,998.1,1009.4,993.0,1000.7,1001.1,1003.38,1003.25,-0.002541739347121763,False,False,False
SBIN,EQ,2026-06-12,1000.7,1018.0,1018.7,1004.35,1016.4,1017.15,1012.08,11081119,11215018376.1,193711,5804492,52.38,0.0164384930548615,1.0,1018.0,1018.7,1004.35,1017.15,1016.4,1012.08,1000.7,0.016438493054861558,False,False,False
SBIN,EQ,2026-06-15,1017.15,1034.0,1034.0,1018.5,1021.0,1020.85,1025.74,12463437,12784190020.0,230802,7322784,58.75,0.0036376149043897,1.0,1034.0,1034.0,1018.5,1020.85,1021.0,1025.74,1017.15,0.003637614904389741,False,False,False
SBIN,EQ,2026-06-16,1020.85,1023.8,1026.55,1007.4,1016.05,1015.3,1014.02,9693677,9829555551.65,190586,4962421,51.19,-0.0054366459323114,1.0,1023.8,1026.55,1007.4,1015.3,1016.05,1014.02,1020.85,-0.0054366459323114125,False,False,False
SBIN,EQ,2026-06-17,1015.3,1017.0,1028.1,1013.45,1026.5,1026.5,1021.04,8190062,8362376221.65,149867,4627035,56.5,0.011031222298828,1.0,1017.0,1028.1,1013.45,1026.5,1026.5,1021.04,1015.3,0.011031222298828025,False,False,False
SBIN,EQ,2026-06-18,1026.5,1027.9,1045.7,1024.45,1042.5,1042.7,1038.39,11048009,11472186219.45,181508,4757877,43.07,0.015781782756941,1.0,1027.9,1045.7,1024.45,1042.7,1042.5,1038.39,1026.5,0.015781782756941087,False,False,False
SBIN,EQ,2026-06-19,1042.7,1042.0,1042.0,1029.3,1036.0,1035.1,1034.62,9099878,9414899536.85,116893,5638770,61.97,-0.0072887695406158,1.0,1042.0,1042.0,1029.3,1035.1,1036.0,1034.62,1042.7,-0.007288769540615858,False,False,False
SBIN,EQ,2026-06-22,1035.1,1038.0,1043.0,1033.6,1041.0,1040.75,1038.0,6209440,6445380948.95,139617,3514102,56.59,0.0054584098154768,1.0,1038.0,1043.0,1033.6,1040.75,1041.0,1038.0,1035.1,0.00545840981547685,False,False,False
SBIN,EQ,2026-06-23,1040.75,1041.0,1045.5,1022.35,1023.6,1024.2,1030.97,10411004,10733439766.0,162889,4751867,45.64,-0.0159019937545039,1.0,1041.0,1045.5,1022.35,1024.2,1023.6,1030.97,1040.75,-0.015901993754503962,False,False,False
SBIN,EQ,2026-06-24,1024.2,1024.0,1044.5,1020.5,1034.5,1034.6,1035.57,11724076,12141107967.1,161067,6130453,52.29,0.0101542667447762,1.0,1024.0,1044.5,1020.5,1034.6,1034.5,1035.57,1024.2,0.010154266744776264,False,False,False
SBIN,EQ,2026-06-25,1034.6,1040.0,1055.4,1038.55,1045.2,1045.4,1048.87,16002360,16784421896.9,268790,8608658,53.8,0.0104388169340809,1.0,1040.0,1055.4,1038.55,1045.4,1045.2,1048.87,1034.6,0.010438816934080997,False,False,False
SBIN,EQ,2026-06-29,1045.4,1044.45,1046.4,1030.85,1038.95,1036.1,1037.33,16818246,17446074513.35,261264,11810287,70.22,-0.0088961163191124,1.0,1044.45,1046.4,1030.85,1036.1,1038.95,1037.33,1045.4,-0.008896116319112468,False,False,False
SBIN,EQ,2026-06-30,1036.1,1040.0,1044.0,1025.05,1029.9,1026.9,1034.09,11161643,11542198969.75,180911,4018462,36.0,-0.0088794517903675,1.0,1040.0,1044.0,1025.05,1026.9,1029.9,1034.09,1036.1,-0.008879451790367532,False,False,False
SBIN,EQ,2026-07-01,1026.9,1031.0,1049.9,1025.5,1043.5,1047.4,1039.96,6295315,6546852930.3,163396,3111030,49.42,0.0199629954231181,1.0,1031.0,1049.9,1025.5,1047.4,1043.5,1039.96,1026.9,0.01996299542311819,False,False,False
SBIN,EQ,2026-07-02,1047.4,1050.9,1059.8,1045.0,1049.0,1051.6,1051.29,14682790,15435854156.2,199908,8183860,55.74,0.0040099293488635,1.0,1050.9,1059.8,1045.0,1051.6,1049.0,1051.29,1047.4,0.004009929348863572,False,False,False
SBIN,EQ,2026-07-03,1051.6,1055.0,1057.0,1034.5,1041.0,1040.0,1042.78,10441493,10888132141.2,275606,6053165,57.97,-0.0110308101939899,1.0,1055.0,1057.0,1034.5,1040.0,1041.0,1042.78,1051.6,-0.011030810193989993,False,False,False
SBIN,EQ,2026-07-06,1040.0,1041.9,1048.4,1036.5,1038.5,1037.7,1042.41,8761017,9132609153.1,191771,5178312,59.11,-0.0022115384615384,1.0,1041.9,1048.4,1036.5,1037.7,1038.5,1042.41,1040.0,-0.0022115384615384315,False,False,False
SBIN,EQ,2026-07-07,1037.7,1039.3,1049.6,1035.5,1036.2,1038.1,1041.85,11053574,11516139461.1,203070,6037126,54.62,0.0003854678616168,1.0,1039.3,1049.6,1035.5,1038.1,1036.2,1041.85,1037.7,0.00038546786161686164,False,False,False
SBIN,EQ,2026-07-08,1038.1,1029.6,1038.3,1011.7,1019.8,1016.9,1026.16,14141694,14511572175.9,205996,7873275,55.67,-0.0204219246700702,1.0,1029.6,1038.3,1011.7,1016.9,1019.8,1026.16,1038.1,-0.020421924670070202,False,False,False
SBIN,EQ,2026-07-09,1016.9,1019.8,1031.7,1019.3,1022.5,1022.1,1025.11,7661699,7854071089.5,169565,2014082,26.29,0.0051135804897237,1.0,1019.8,1031.7,1019.3,1022.1,1022.5,1025.11,1016.9,0.005113580489723768,False,False,False
SBIN,EQ,2026-07-10,1022.1,1029.5,1047.8,1023.5,1036.4,1036.0,1033.75,8792150,9088887774.1,154813,4249961,48.34,0.0135994521084041,1.0,1029.5,1047.8,1023.5,1036.0,1036.4,1033.75,1022.1,0.013599452108404186,False,False,False
SBIN,EQ,2026-07-13,1036.0,1023.5,1042.9,1022.1,1036.7,1037.0,1036.54,8381510,8687789541.5,196329,3572985,42.63,0.0009652509652509,1.0,1023.5,1042.9,1022.1,1037.0,1036.7,1036.54,1036.0,0.0009652509652509078,False,False,False
SBIN,EQ,2026-07-14,1037.0,1033.3,1033.7,1011.4,1012.7,1015.4,1019.22,11562326,11784550655.3,203315,5845603,50.56,-0.0208293153326905,1.0,1033.3,1033.7,1011.4,1015.4,1012.7,1019.22,1037.0,-0.0208293153326905,False,False,False
SBIN,EQ,2026-07-15,1015.4,1015.5,1036.0,1013.7,1030.8,1030.1,1028.13,14275394,14676967357.4,164713,7105463,49.77,0.0144770533779789,1.0,1015.5,1036.0,1013.7,1030.1,1030.8,1028.13,1015.4,0.014477053377978999,False,False,False
SBIN,EQ,2026-07-16,1030.1,1030.1,1036.0,1027.3,1030.8,1031.2,1030.76,7708316,7945431192.0,133865,3457065,44.85,0.0010678574895641,1.0,1030.1,1036.0,1027.3,1031.2,1030.8,1030.76,1030.1,0.0010678574895641724,False,False,False
SBIN,EQ,2026-07-17,1031.2,1030.6,1048.0,1028.3,1043.2,1044.3,1041.53,8452780,8803794314.6,203653,4484419,53.05,0.0127036462373932,1.0,1030.6,1048.0,1028.3,1044.3,1043.2,1041.53,1031.2,0.012703646237393285,False,False,False
SBIN,EQ,2026-07-20,1044.3,1041.6,1065.0,1038.3,1060.6,1060.0,1050.85,16540411,17381554607.9,236033,8633636,52.2,0.0150339940630086,1.0,1041.6,1065.0,1038.3,1060.0,1060.6,1050.85,1044.3,0.015033994063008649,False,False,False
SBIN,EQ,2026-07-21,1060.0,1056.2,1067.0,1042.8,1044.3,1044.4,1052.38,10514887,11065617404.9,239098,5576852,53.04,-0.0147169811320754,1.0,1056.2,1067.0,1042.8,1044.4,1044.3,1052.38,1060.0,-0.014716981132075424,False,False,False
SBIN,EQ,2026-07-22,1044.4,1044.4,1044.4,1019.2,1025.0,1025.0,1025.14,11227214,11509446587.7,175482,6584040,58.64,-0.0185752585216393,1.0,1044.4,1044.4,1019.2,1025.0,1025.0,1025.14,1044.4,-0.018575258521639326,False,False,False
SBIN,EQ,2026-07-23,1025.0,1022.0,1023.1,1006.5,1013.5,1012.6,1014.42,8910230,9038728469.5,174030,4395700,49.33,-0.0120975609756097,1.0,1022.0,1023.1,1006.5,1012.6,1013.5,1014.42,1025.0,-0.012097560975609767,False,False,False
SBIN,EQ,2026-07-24,1012.6,1006.0,1017.8,1000.8,1012.0,1015.0,1009.14,13797053,13923168257.4,251434,8399248,60.88,0.0023701362828363,1.0,1006.0,1017.8,1000.8,1015.0,1012.0,1009.14,1012.6,0.0023701362828363326,False,False,False
SBIN,EQ,2026-07-27,1015.0,1020.3,1023.7,1015.9,1019.8,1020.6,1020.06,6093002,6215243572.2,162737,3410763,55.98,0.0055172413793103,1.0,1020.3,1023.7,1015.9,1020.6,1019.8,1020.06,1015.0,0.0055172413793103114,False,False,False
SBIN,EQ,2026-07-28,1020.6,1018.0,1022.0,1008.3,1014.4,1013.2,1014.13,9873370,10012879318.8,181378,4386852,44.43,-0.0072506368802665,1.0,1018.0,1022.0,1008.3,1013.2,1014.4,1014.13,1020.6,-0.007250636880266503,False,False,False
SBIN,EQ,2026-07-29,1013.2,1020.0,1020.2,1012.0,1014.0,1013.7,1014.99,4792964,4864818265.2,98762,2593665,54.11,0.000493485984998,1.0,1020.0,1020.2,1012.0,1013.7,1014.0,1014.99,1013.2,0.0004934859849980988,False,False,False
SBIN,EQ,2026-07-30,1013.7,1013.5,1028.3,1007.6,1024.0,1025.3,1020.37,6847458,6986967139.0,137559,2773301,40.5,0.0114432277794218,1.0,1013.5,1028.3,1007.6,1025.3,1024.0,1020.37,1013.7,0.01144322777942186,False,False,False
SBIN,EQ,2026-07-31,1025.3,1028.1,1034.3,1023.5,1027.6,1027.4,1027.66,10921417,11223453912.2,168921,6811175,62.37,0.0020481810201893,1.0,1028.1,1034.3,1023.5,1027.4,1027.6,1027.66,1025.3,0.0020481810201893325,False,False,False
SBIN,EQ,2026-08-03,1027.4,1035.0,1051.5,1031.6,1045.0,1045.0,1041.98,10507450,10948508376.1,167075,6160621,58.63,0.0171306209850106,1.0,1035.0,1051.5,1031.6,1045.0,1045.0,1041.98,1027.4,0.017130620985010614,False,False,False
SBIN,EQ,2026-08-04,1045.0,1047.6,1047.6,1030.9,1042.7,1042.7,1036.36,8544184,8854850319.7,163836,4533215,53.06,-0.0022009569377989,1.0,1047.6,1047.6,1030.9,1042.7,1042.7,1036.36,1045.0,-0.0022009569377989813,False,False,False
SBIN,EQ,2026-08-05,1042.7,1043.0,1055.0,1040.3,1055.0,1055.0,1050.19,8707119,9144162668.1,148072,4538901,52.13,0.0117962980723123,1.0,1043.0,1055.0,1040.3,1055.0,1055.0,1050.19,1042.7,0.011796298072312306,False,False,False
SBIN,EQ,2026-08-06,1055.0,1052.5,1088.1,1052.5,1085.0,1085.0,1073.4,13822265,14836847203.7,221340,5839404,42.25,0.028436018957346,1.0,1052.5,1088.1,1052.5,1085.0,1085.0,1073.4,1055.0,0.028436018957346043,False,False,False
SBIN,EQ,2026-08-07,1085.0,1080.1,1124.5,1075.7,1097.2,1097.2,1103.71,29410622,32460736548.4,439578,9937122,33.79,0.0112442396313363,1.0,1080.1,1124.5,1075.7,1097.2,1097.2,1103.71,1085.0,0.011244239631336361,False,False,False
SBIN,EQ,2026-08-10,1097.2,1108.0,1113.3,1068.6,1071.0,1071.0,1083.95,16623448,18018988458.9,299377,7568799,45.53,-0.0238789646372584,1.0,1108.0,1113.3,1068.6,1071.0,1071.0,1083.95,1097.2,-0.02387896463725847,False,False,False
SBIN,EQ,2026-08-11,1071.0,1071.0,1071.0,1060.4,1066.0,1066.0,1066.31,9456913,10083985653.9,247374,4388088,46.4,-0.0046685340802987,1.0,1071.0,1071.0,1060.4,1066.0,1066.0,1066.31,1071.0,-0.00466853408029877,False,False,False
SBIN,EQ,2026-08-12,1066.0,1066.0,1085.5,1066.0,1082.0,1082.0,1079.4,17673922,19077229834.6,202405,9745081,55.14,0.0150093808630393,1.0,1066.0,1085.5,1066.0,1082.0,1082.0,1079.4,1066.0,0.015009380863039379,False,False,False
SBIN,EQ,2026-08-13,1082.0,1083.0,1086.8,1073.0,1083.0,1083.0,1080.83,9502483,10270583290.8,135454,4868392,51.23,0.0009242144177448,1.0,1083.0,1086.8,1073.0,1083.0,1083.0,1080.83,1082.0,0.0009242144177448175,False,False,False
SBIN,EQ,2026-08-14,1083.0,1082.0,1082.0,1065.1,1067.7,1067.7,1069.62,6273501,6710266828.1,121961,3309195,52.75,-0.0141274238227145,1.0,1082.0,1082.0,1065.1,1067.7,1067.7,1069.62,1083.0,-0.014127423822714591,False,False,False
SBIN,EQ,2026-08-17,1067.7,1064.2,1068.8,1052.4,1061.2,1061.2,1061.0,7039473,7468887651.4,144314,3473616,49.34,-0.0060878523929942,1.0,1064.2,1068.8,1052.4,1061.2,1061.2,1061.0,1067.7,-0.006087852392994253,False,False,False
SBIN,EQ,2026-08-18,1061.2,1059.6,1067.7,1053.0,1053.0,1053.0,1056.82,5583771,5901048527.5,152004,2755769,49.35,-0.0077271013946476,1.0,1059.6,1067.7,1053.0,1053.0,1053.0,1056.82,1061.2,-0.007727101394647606,False,False,False
SBIN,EQ,2026-08-19,1053.0,1053.2,1054.8,1041.4,1048.6,1048.6,1047.08,7182636,7520829741.8,108438,4140321,57.64,-0.0041785375118709,1.0,1053.2,1054.8,1041.4,1048.6,1048.6,1047.08,1053.0,-0.004178537511870917,False,False,False
SBIN,EQ,2026-08-20,1048.6,1052.9,1052.9,1045.7,1048.0,1048.0,1048.6,5879949,6165712413.3,118558,3344975,56.89,-0.0005721914934196,1.0,1052.9,1052.9,1045.7,1048.0,1048.0,1048.6,1048.6,-0.0005721914934196937,False,False,False
SBIN,EQ,2026-08-21,1048.0,1052.7,1054.7,1040.1,1048.7,1048.7,1046.9,6534213,6840651659.9,94752,3778476,57.83,0.0006679389312977,1.0,1052.7,1054.7,1040.1,1048.7,1048.7,1046.9,1048.0,0.0006679389312977957,False,False,False
SBIN,EQ,2026-08-24,1048.7,1047.9,1047.9,1032.1,1039.5,1039.5,1036.32,8868193,9190247836.4,140325,5664401,63.87,-0.0087727662820635,1.0,1047.9,1047.9,1032.1,1039.5,1039.5,1036.32,1048.7,-0.008772766282063582,False,False,False
SBIN,EQ,2026-08-25,1039.5,1036.0,1048.0,1031.3,1048.0,1048.0,1040.56,9982723,10387663669.9,111951,5170787,51.8,0.0081770081770082,1.0,1036.0,1048.0,1031.3,1048.0,1048.0,1040.56,1039.5,0.008177008177008283,False,False,False
SBIN,EQ,2026-08-26,1048.0,1051.4,1062.3,1051.2,1052.0,1052.0,1056.72,5858099,6190341093.4,146788,3284133,56.06,0.0038167938931297,1.0,1051.4,1062.3,1051.2,1052.0,1052.0,1056.72,1048.0,0.003816793893129722,False,False,False
SBIN,EQ,2026-08-27,1052.0,1052.0,1054.4,1042.9,1042.9,1042.9,1046.66,4788716,5012177442.2,137557,2693387,56.24,-0.0086501901140683,1.0,1052.0,1054.4,1042.9,1042.9,1042.9,1046.66,1052.0,-0.008650190114068312,False,False,False
SBIN,EQ,2026-08-28,1042.9,1046.0,1051.2,1040.5,1047.5,1047.5,1046.79,4969272,5201768412.6,90209,2705841,54.45,0.0044107776392749,1.0,1046.0,1051.2,1040.5,1047.5,1047.5,1046.79,1042.9,0.004410777639274999,False,False,False
SBIN,EQ,2026-08-31,1047.5,1041.2,1060.0,1034.5,1060.0,1060.0,1046.67,5138732,5378557512.5,82284,3432496,66.8,0.0119331742243435,1.0,1041.2,1060.0,1034.5,1060.0,1060.0,1046.67,1047.5,0.01193317422434359,False,False,False
SBIN,EQ,2026-09-01,1060.0,1051.3,1051.3,1027.1,1034.5,1034.5,1036.99,7605132,7886482037.8,137427,3384666,44.51,-0.0240566037735848,1.0,1051.3,1051.3,1027.1,1034.5,1034.5,1036.99,1060.0,-0.024056603773584873,False,False,False
SBIN,EQ,2026-09-02,1034.5,1026.0,1035.3,1017.3,1020.9,1020.9,1022.54,13843678,14155674464.2,316338,10289485,74.33,-0.0131464475592073,1.0,1026.0,1035.3,1017.3,1020.9,1020.9,1022.54,1034.5,-0.013146447559207353,False,False,False
SBIN,EQ,2026-09-03,1020.9,1028.9,1036.0,1021.1,1023.4,1023.4,1028.73,7371804,7583591860.8,174387,3554490,48.22,0.0024488196689196,1.0,1028.9,1036.0,1021.1,1023.4,1023.4,1028.73,1020.9,0.002448819668919633,False,False,False
SBIN,EQ,2026-09-04,1023.4,1026.0,1029.2,1016.1,1016.1,1016.1,1021.57,6724566,6869612159.9,146219,4178795,62.14,-0.0071330857924565,1.0,1026.0,1029.2,1016.1,1016.1,1016.1,1021.57,1023.4,-0.007133085792456528,False,False,False
SBIN,EQ,2026-09-07,1016.1,1020.8,1021.7,1000.6,1005.9,1005.9,1006.17,10220001,10283099267.5,261914,6640215,64.97,-0.0100383820490109,1.0,1020.8,1021.7,1000.6,1005.9,1005.9,1006.17,1016.1,-0.010038382049010974,False,False,False
SBIN,EQ,2026-09-08,1005.9,1004.9,1011.2,1002.1,1008.0,1008.0,1007.67,7084768,7139094537.3,148960,4307989,60.81,0.0020876826722338,1.0,1004.9,1011.2,1002.1,1008.0,1008.0,1007.67,1005.9,0.0020876826722338038,False,False,False
SBIN,EQ,2026-09-09,1008.0,999.0,1012.2,992.4,1000.5,1000.5,1004.94,7091386,7126396235.0,168692,3766503,53.11,-0.0074404761904761,1.0,999.0,1012.2,992.4,1000.5,1000.5,1004.94,1008.0,-0.007440476190476164,False,False,False
SBIN,EQ,2026-09-10,1000.5,1002.0,1011.9,1001.0,1009.7,1009.7,1006.66,5504031,5540663392.5,84121,2251291,40.9,0.0091954022988505,1.0,1002.0,1011.9,1001.0,1009.7,1009.7,1006.66,1000.5,0.009195402298850519,False,False,False
SBIN,EQ,2026-09-11,1009.7,1000.0,1001.9,993.0,995.7,995.7,996.57,7771109,7744470376.4,168958,3903299,53.86,-0.0138655046053283,1.0,1000.0,1001.9,993.0,995.7,995.7,996.57,1009.7,-0.013865504605328316,False,False,False
